37300,1060345244496307
37350,1060345244496307
37400,1060345244496307
37450,1060345244496307
37500,1060345244496307
37550,1060345244496307
37600,1060345244496307
37650,1060345244496307
37700,1060345244496307
37750,1060345244496307
37800,1060345244496307
37850,1060345244496307
37900,1060345244496307
37950,1060345244496307
38000,1060345244496307
38050,1060345244496307
38100,1060345244496307
38150,1060345244496307
38200,1060345244496307
38250,1060345244496307
38300,1060345244496307
38350,1060345244496307
38400,1060345244496307
38450,1060345244496307
38500,1060345244496307
38550,1060345244496307
38600,1060345244496307
38650,1060345244496307
38700,1060345244496307
38750,1060345244496307
38800,1060345244496307
38850,1060345244496307
38900,1060345244496307
38950,1060345244496307
39000,1060345244496307
39050,1060345244496307
39100,1060345244496307
39150,1060345244496307
39200,1060345244496307
39250,1060345244496307
39300,1060345244496307
39350,1060345244496307
39400,1060345244496307
39450,1060345244496307
39500,1060345244496307
39550,1060345244496307
39600,1060345244496307
39650,1060345244496307
39700,1060345244496307
39750,1060345244496307
39800,1060345244496307
39850,1060345244496307
39900,1060345244496307
39950,1060345244496307
40000,1060345244496307
40050,1060345244496307
40100,1060345244496307
40150,1060345244496307
40200,1060345244496307
40250,1060345244496307
40300,1060345244496307
40350,1060345244496307
40400,1060345244496307
40450,1060345244496307
40500,1060345244496307
40550,1060345244496307
40600,1060345244496307
40650,1060345244496307
40700,1060345244496307
40750,1060345244496307
40800,1060345244496307
40850,1060345244496307
40900,1060345244496307
40950,1060345244496307
41000,1060345244496307
41050,1060345244496307
41100,1060345244496307
41150,1060345244496307
41200,1060345244496307
41250,1060345244496307
41300,1060345244496307
41350,1060345244496307
41400,1060345244496307
41450,1060345244496307
37300,106292454876896
37350,106292454876896
37400,106292454876896
37450,106292454876896
37500,106292454876896
37550,106292454876896
37600,106292454876896
37650,106292454876896
37700,106292454876896
37750,106292454876896
37800,106292454876896
37850,106292454876896
37900,106292454876896
37950,106292454876896
38000,106292454876896
38050,106292454876896
38100,106292454876896
38150,106292454876896
38200,106292454876896
38250,106292454876896
38300,106292454876896
38350,106292454876896
38400,106292454876896
38450,106292454876896
38500,106292454876896
38550,106292454876896
38600,106292454876896
38650,106292454876896
38700,106292454876896
38750,106292454876896
38800,106292454876896
38850,106292454876896
38900,106292454876896
38950,106292454876896
39000,106292454876896
39050,106292454876896
39100,106292454876896
39150,106292454876896
39200,106292454876896
39250,106292454876896
39300,106292454876896
39350,106292454876896
39400,106292454876896
39450,106292454876896
39500,106292454876896
39550,106292454876896
39600,106292454876896
39650,106292454876896
39700,106292454876896
39750,106292454876896
39800,106292454876896
39850,106292454876896
39900,106292454876896
39950,106292454876896
40000,106292454876896
40050,106292454876896
40100,106292454876896
40150,106292454876896
40200,106292454876896
40250,106292454876896
40300,106292454876896
40350,106292454876896
40400,106292454876896
40450,106292454876896
40500,106292454876896
40550,106292454876896
40600,106292454876896
40650,106292454876896
40700,106292454876896
40750,106292454876896
40800,106292454876896
40850,106292454876896
40900,106292454876896
40950,106292454876896
41000,106292454876896
41050,106292454876896
41100,106292454876896
41150,106292454876896
41200,106292454876896
41250,106292454876896
41300,106292454876896
41350,106292454876896
41400,106292454876896
41450,106292454876896
37300,108462314638861
37350,108462314638861
37400,108462314638861
37450,108462314638861
37500,108462314638861
37550,108462314638861
37600,108462314638861
37650,108462314638861
37700,108462314638861
37750,108462314638861
37800,108462314638861
37850,108462314638861
37900,108462314638861
37950,108462314638861
38000,108462314638861
38050,108462314638861
38100,108462314638861
38150,108462314638861
38200,108462314638861
38250,108462314638861
38300,108462314638861
38350,108462314638861
38400,108462314638861
38450,108462314638861
38500,108462314638861
38550,108462314638861
38600,108462314638861
38650,108462314638861
38700,108462314638861
38750,108462314638861
38800,108462314638861
38850,108462314638861
38900,108462314638861
38950,108462314638861
39000,108462314638861
39050,108462314638861
39100,108462314638861
39150,108462314638861
39200,108462314638861
39250,108462314638861
39300,108462314638861
39350,108462314638861
39400,108462314638861
39450,108462314638861
39500,108462314638861
39550,108462314638861
39600,108462314638861
39650,108462314638861
39700,108462314638861
39750,108462314638861
39800,108462314638861
39850,108462314638861
39900,108462314638861
39950,108462314638861
40000,108462314638861
40050,108462314638861
40100,108462314638861
40150,108462314638861
40200,108462314638861
40250,108462314638861
40300,108462314638861
40350,108462314638861
40400,108462314638861
40450,108462314638861
40500,108462314638861
40550,108462314638861
40600,108462314638861
40650,108462314638861
40700,108462314638861
40750,108462314638861
40800,108462314638861
40850,108462314638861
40900,108462314638861
40950,108462314638861
41000,108462314638861
41050,108462314638861
41100,108462314638861
41150,108462314638861
41200,108462314638861
41250,108462314638861
41300,108462314638861
41350,108462314638861
41400,108462314638861
41450,108462314638861
37300,108796431284045
37350,108796431284045
37400,108796431284045
37450,108796431284045
37500,108796431284045
37550,108796431284045
37600,108796431284045
37650,108796431284045
37700,108796431284045
37750,108796431284045
37800,108796431284045
37850,108796431284045
37900,108796431284045
37950,108796431284045
38000,108796431284045
38050,108796431284045
38100,108796431284045
38150,108796431284045
38200,108796431284045
38250,108796431284045
38300,108796431284045
38350,108796431284045
38400,108796431284045
38450,108796431284045
38500,108796431284045
38550,108796431284045
38600,108796431284045
38650,108796431284045
38700,108796431284045
38750,108796431284045
38800,108796431284045
38850,108796431284045
38900,108796431284045
38950,108796431284045
39000,108796431284045
39050,108796431284045
39100,108796431284045
39150,108796431284045
39200,108796431284045
39250,108796431284045
39300,108796431284045
39350,108796431284045
39400,108796431284045
39450,108796431284045
39500,108796431284045
39550,108796431284045
39600,108796431284045
39650,108796431284045
39700,108796431284045
39750,108796431284045
39800,108796431284045
39850,108796431284045
39900,108796431284045
39950,108796431284045
40000,108796431284045
40050,108796431284045
40100,108796431284045
40150,108796431284045
40200,108796431284045
40250,108796431284045
40300,108796431284045
40350,108796431284045
40400,108796431284045
40450,108796431284045
40500,108796431284045
40550,108796431284045
40600,108796431284045
40650,108796431284045
40700,108796431284045
40750,108796431284045
40800,108796431284045
40850,108796431284045
40900,108796431284045
40950,108796431284045
41000,108796431284045
41050,108796431284045
41100,108796431284045
41150,108796431284045
41200,108796431284045
41250,108796431284045
41300,108796431284045
41350,108796431284045
41400,108796431284045
41450,108796431284045
37300,1124747658033783
37350,1124747658033783
37400,1124747658033783
37450,1124747658033783
37500,1124747658033783
37550,1124747658033783
37600,1124747658033783
37650,1124747658033783
37700,1124747658033783
37750,1124747658033783
37800,1124747658033783
37850,1124747658033783
37900,1124747658033783
37950,1124747658033783
38000,1124747658033783
38050,1124747658033783
38100,1124747658033783
38150,1124747658033783
38200,1124747658033783
38250,1124747658033783
38300,1124747658033783
38350,1124747658033783
38400,1124747658033783
38450,1124747658033783
38500,1124747658033783
38550,1124747658033783
38600,1124747658033783
38650,1124747658033783
38700,1124747658033783
38750,1124747658033783
38800,1124747658033783
38850,1124747658033783
38900,1124747658033783
38950,1124747658033783
39000,1124747658033783
39050,1124747658033783
39100,1124747658033783
39150,1124747658033783
39200,1124747658033783
39250,1124747658033783
39300,1124747658033783
39350,1124747658033783
39400,1124747658033783
39450,1124747658033783
39500,1124747658033783
39550,1124747658033783
39600,1124747658033783
39650,1124747658033783
39700,1124747658033783
39750,1124747658033783
39800,1124747658033783
39850,1124747658033783
39900,1124747658033783
39950,1124747658033783
40000,1124747658033783
40050,1124747658033783
40100,1124747658033783
40150,1124747658033783
40200,1124747658033783
40250,1124747658033783
40300,1124747658033783
40350,1124747658033783
40400,1124747658033783
40450,1124747658033783
40500,1124747658033783
40550,1124747658033783
40600,1124747658033783
40650,1124747658033783
40700,1124747658033783
40750,1124747658033783
40800,1124747658033783
40850,1124747658033783
40900,1124747658033783
40950,1124747658033783
41000,1124747658033783
41050,1124747658033783
41100,1124747658033783
41150,1124747658033783
41200,1124747658033783
41250,1124747658033783
41300,1124747658033783
41350,1124747658033783
41400,1124747658033783
41450,1124747658033783
37300,113811547432984
37350,113811547432984
37400,113811547432984
37450,113811547432984
37500,113811547432984
37550,113811547432984
37600,113811547432984
37650,113811547432984
37700,113811547432984
37750,113811547432984
37800,113811547432984
37850,113811547432984
37900,113811547432984
37950,113811547432984
38000,113811547432984
38050,113811547432984
38100,113811547432984
38150,113811547432984
38200,113811547432984
38250,113811547432984
38300,113811547432984
38350,113811547432984
38400,113811547432984
38450,113811547432984
38500,113811547432984
38550,113811547432984
38600,113811547432984
38650,113811547432984
38700,113811547432984
38750,113811547432984
38800,113811547432984
38850,113811547432984
38900,113811547432984
38950,113811547432984
39000,113811547432984
39050,113811547432984
39100,113811547432984
39150,113811547432984
39200,113811547432984
39250,113811547432984
39300,113811547432984
39350,113811547432984
39400,113811547432984
39450,113811547432984
39500,113811547432984
39550,113811547432984
39600,113811547432984
39650,113811547432984
39700,113811547432984
39750,113811547432984
39800,113811547432984
39850,113811547432984
39900,113811547432984
39950,113811547432984
40000,113811547432984
40050,113811547432984
40100,113811547432984
40150,113811547432984
40200,113811547432984
40250,113811547432984
40300,113811547432984
40350,113811547432984
40400,113811547432984
40450,113811547432984
40500,113811547432984
40550,113811547432984
40600,113811547432984
40650,113811547432984
40700,113811547432984
40750,113811547432984
40800,113811547432984
40850,113811547432984
40900,113811547432984
40950,113811547432984
41000,113811547432984
41050,113811547432984
41100,113811547432984
41150,113811547432984
41200,113811547432984
41250,113811547432984
41300,113811547432984
41350,113811547432984
41400,113811547432984
41450,113811547432984
37300,1141189789728712
37350,1141189789728712
37400,1141189789728712
37450,1141189789728712
37500,1141189789728712
37550,1141189789728712
37600,1141189789728712
37650,1141189789728712
37700,1141189789728712
37750,1141189789728712
37800,1141189789728712
37850,1141189789728712
37900,1141189789728712
37950,1141189789728712
38000,1141189789728712
38050,1141189789728712
38100,1141189789728712
38150,1141189789728712
38200,1141189789728712
38250,1141189789728712
38300,1141189789728712
38350,1141189789728712
38400,1141189789728712
38450,1141189789728712
38500,1141189789728712
38550,1141189789728712
38600,1141189789728712
38650,1141189789728712
38700,1141189789728712
38750,1141189789728712
38800,1141189789728712
38850,1141189789728712
38900,1141189789728712
38950,1141189789728712
39000,1141189789728712
39050,1141189789728712
39100,1141189789728712
39150,1141189789728712
39200,1141189789728712
39250,1141189789728712
39300,1141189789728712
39350,1141189789728712
39400,1141189789728712
39450,1141189789728712
39500,1141189789728712
39550,1141189789728712
39600,1141189789728712
39650,1141189789728712
39700,1141189789728712
39750,1141189789728712
39800,1141189789728712
39850,1141189789728712
39900,1141189789728712
39950,1141189789728712
40000,1141189789728712
40050,1141189789728712
40100,1141189789728712
40150,1141189789728712
40200,1141189789728712
40250,1141189789728712
40300,1141189789728712
40350,1141189789728712
40400,1141189789728712
40450,1141189789728712
40500,1141189789728712
40550,1141189789728712
40600,1141189789728712
40650,1141189789728712
40700,1141189789728712
40750,1141189789728712
40800,1141189789728712
40850,1141189789728712
40900,1141189789728712
40950,1141189789728712
41000,1141189789728712
41050,1141189789728712
41100,1141189789728712
41150,1141189789728712
41200,1141189789728712
41250,1141189789728712
41300,1141189789728712
41350,1141189789728712
41400,1141189789728712
41450,1141189789728712
37300,1187290888379768
37350,1187290888379768
37400,1187290888379768
37450,1187290888379768
37500,1187290888379768
37550,1187290888379768
37600,1187290888379768
37650,1187290888379768
37700,1187290888379768
37750,1187290888379768
37800,1187290888379768
37850,1187290888379768
37900,1187290888379768
37950,1187290888379768
38000,1187290888379768
38050,1187290888379768
38100,1187290888379768
38150,1187290888379768
38200,1187290888379768
38250,1187290888379768
38300,1187290888379768
38350,1187290888379768
38400,1187290888379768
38450,1187290888379768
38500,1187290888379768
38550,1187290888379768
38600,1187290888379768
38650,1187290888379768
38700,1187290888379768
38750,1187290888379768
38800,1187290888379768
38850,1187290888379768
38900,1187290888379768
38950,1187290888379768
39000,1187290888379768
39050,1187290888379768
39100,1187290888379768
39150,1187290888379768
39200,1187290888379768
39250,1187290888379768
39300,1187290888379768
39350,1187290888379768
39400,1187290888379768
39450,1187290888379768
39500,1187290888379768
39550,1187290888379768
39600,1187290888379768
39650,1187290888379768
39700,1187290888379768
39750,1187290888379768
39800,1187290888379768
39850,1187290888379768
39900,1187290888379768
39950,1187290888379768
40000,1187290888379768
40050,1187290888379768
40100,1187290888379768
40150,1187290888379768
40200,1187290888379768
40250,1187290888379768
40300,1187290888379768
40350,1187290888379768
40400,1187290888379768
40450,1187290888379768
40500,1187290888379768
40550,1187290888379768
40600,1187290888379768
40650,1187290888379768
40700,1187290888379768
40750,1187290888379768
40800,1187290888379768
40850,1187290888379768
40900,1187290888379768
40950,1187290888379768
41000,1187290888379768
41050,1187290888379768
41100,1187290888379768
41150,1187290888379768
41200,1187290888379768
41250,1187290888379768
41300,1187290888379768
41350,1187290888379768
41400,1187290888379768
41450,1187290888379768
37300,1251671701896502
37350,1251671701896502
37400,1251671701896502
37450,1251671701896502
37500,1251671701896502
37550,1251671701896502
37600,1251671701896502
37650,1251671701896502
37700,1251671701896502
37750,1251671701896502
37800,1251671701896502
37850,1251671701896502
37900,1251671701896502
37950,1251671701896502
38000,1251671701896502
38050,1251671701896502
38100,1251671701896502
38150,1251671701896502
38200,1251671701896502
38250,1251671701896502
38300,1251671701896502
38350,1251671701896502
38400,1251671701896502
38450,1251671701896502
38500,1251671701896502
38550,1251671701896502
38600,1251671701896502
38650,1251671701896502
38700,1251671701896502
38750,1251671701896502
38800,1251671701896502
38850,1251671701896502
38900,1251671701896502
38950,1251671701896502
39000,1251671701896502
39050,1251671701896502
39100,1251671701896502
39150,1251671701896502
39200,1251671701896502
39250,1251671701896502
39300,1251671701896502
39350,1251671701896502
39400,1251671701896502
39450,1251671701896502
39500,1251671701896502
39550,1251671701896502
39600,1251671701896502
39650,1251671701896502
39700,1251671701896502
39750,1251671701896502
39800,1251671701896502
39850,1251671701896502
39900,1251671701896502
39950,1251671701896502
40000,1251671701896502
40050,1251671701896502
40100,1251671701896502
40150,1251671701896502
40200,1251671701896502
40250,1251671701896502
40300,1251671701896502
40350,1251671701896502
40400,1251671701896502
40450,1251671701896502
40500,1251671701896502
40550,1251671701896502
40600,1251671701896502
40650,1251671701896502
40700,1251671701896502
40750,1251671701896502
40800,1251671701896502
40850,1251671701896502
40900,1251671701896502
40950,1251671701896502
41000,1251671701896502
41050,1251671701896502
41100,1251671701896502
41150,1251671701896502
41200,1251671701896502
41250,1251671701896502
41300,1251671701896502
41350,1251671701896502
41400,1251671701896502
41450,1251671701896502
37300,1289426271474196
37350,1289426271474196
37400,1289426271474196
37450,1289426271474196
37500,1289426271474196
37550,1289426271474196
37600,1289426271474196
37650,1289426271474196
37700,1289426271474196
37750,1289426271474196
37800,1289426271474196
37850,1289426271474196
37900,1289426271474196
37950,1289426271474196
38000,1289426271474196
38050,1289426271474196
38100,1289426271474196
38150,1289426271474196
38200,1289426271474196
38250,1289426271474196
38300,1289426271474196
38350,1289426271474196
38400,1289426271474196
38450,1289426271474196
38500,1289426271474196
38550,1289426271474196
38600,1289426271474196
38650,1289426271474196
38700,1289426271474196
38750,1289426271474196
38800,1289426271474196
38850,1289426271474196
38900,1289426271474196
38950,1289426271474196
39000,1289426271474196
39050,1289426271474196
39100,1289426271474196
39150,1289426271474196
39200,1289426271474196
39250,1289426271474196
39300,1289426271474196
39350,1289426271474196
39400,1289426271474196
39450,1289426271474196
39500,1289426271474196
39550,1289426271474196
39600,1289426271474196
39650,1289426271474196
39700,1289426271474196
39750,1289426271474196
39800,1289426271474196
39850,1289426271474196
39900,1289426271474196
39950,1289426271474196
40000,1289426271474196
40050,1289426271474196
40100,1289426271474196
40150,1289426271474196
40200,1289426271474196
40250,1289426271474196
40300,1289426271474196
40350,1289426271474196
40400,1289426271474196
40450,1289426271474196
40500,1289426271474196
40550,1289426271474196
40600,1289426271474196
40650,1289426271474196
40700,1289426271474196
40750,1289426271474196
40800,1289426271474196
40850,1289426271474196
40900,1289426271474196
40950,1289426271474196
41000,1289426271474196
41050,1289426271474196
41100,1289426271474196
41150,1289426271474196
41200,1289426271474196
41250,1289426271474196
41300,1289426271474196
41350,1289426271474196
41400,1289426271474196
41450,1289426271474196
7781,1368405473535383
7786,1368405473535383
7791,1368405473535383
7796,1368405473535383
7801,1368405473535383
7806,1368405473535383
7811,1368405473535383
7816,1368405473535383
7821,1368405473535383
23861,1368405473535383
23866,1368405473535383
23871,1368405473535383
23876,1368405473535383
23881,1368405473535383
2531,1368405473535383
2536,1368405473535383
2541,1368405473535383
2546,1368405473535383
2551,1368405473535383
2556,1368405473535383
2561,1368405473535383
2566,1368405473535383
2571,1368405473535383
2576,1368405473535383
2581,1368405473535383
2586,1368405473535383
2591,1368405473535383
2596,1368405473535383
37300,1383499185356967
37350,1383499185356967
37400,1383499185356967
37450,1383499185356967
37500,1383499185356967
37550,1383499185356967
37600,1383499185356967
37650,1383499185356967
37700,1383499185356967
37750,1383499185356967
37800,1383499185356967
37850,1383499185356967
37900,1383499185356967
37950,1383499185356967
38000,1383499185356967
38050,1383499185356967
38100,1383499185356967
38150,1383499185356967
38200,1383499185356967
38250,1383499185356967
38300,1383499185356967
38350,1383499185356967
38400,1383499185356967
38450,1383499185356967
38500,1383499185356967
38550,1383499185356967
38600,1383499185356967
38650,1383499185356967
38700,1383499185356967
38750,1383499185356967
38800,1383499185356967
38850,1383499185356967
38900,1383499185356967
38950,1383499185356967
39000,1383499185356967
39050,1383499185356967
39100,1383499185356967
39150,1383499185356967
39200,1383499185356967
39250,1383499185356967
39300,1383499185356967
39350,1383499185356967
39400,1383499185356967
39450,1383499185356967
39500,1383499185356967
39550,1383499185356967
39600,1383499185356967
39650,1383499185356967
39700,1383499185356967
39750,1383499185356967
39800,1383499185356967
39850,1383499185356967
39900,1383499185356967
39950,1383499185356967
40000,1383499185356967
40050,1383499185356967
40100,1383499185356967
40150,1383499185356967
40200,1383499185356967
40250,1383499185356967
40300,1383499185356967
40350,1383499185356967
40400,1383499185356967
40450,1383499185356967
40500,1383499185356967
40550,1383499185356967
40600,1383499185356967
40650,1383499185356967
40700,1383499185356967
40750,1383499185356967
40800,1383499185356967
40850,1383499185356967
40900,1383499185356967
40950,1383499185356967
41000,1383499185356967
41050,1383499185356967
41100,1383499185356967
41150,1383499185356967
41200,1383499185356967
41250,1383499185356967
41300,1383499185356967
41350,1383499185356967
41400,1383499185356967
41450,1383499185356967
37300,1385441325146397
37350,1385441325146397
37400,1385441325146397
37450,1385441325146397
37500,1385441325146397
37550,1385441325146397
37600,1385441325146397
37650,1385441325146397
37700,1385441325146397
37750,1385441325146397
37800,1385441325146397
37850,1385441325146397
37900,1385441325146397
37950,1385441325146397
38000,1385441325146397
38050,1385441325146397
38100,1385441325146397
38150,1385441325146397
38200,1385441325146397
38250,1385441325146397
38300,1385441325146397
38350,1385441325146397
38400,1385441325146397
38450,1385441325146397
38500,1385441325146397
38550,1385441325146397
38600,1385441325146397
38650,1385441325146397
38700,1385441325146397
38750,1385441325146397
38800,1385441325146397
38850,1385441325146397
38900,1385441325146397
38950,1385441325146397
39000,1385441325146397
39050,1385441325146397
39100,1385441325146397
39150,1385441325146397
39200,1385441325146397
39250,1385441325146397
39300,1385441325146397
39350,1385441325146397
39400,1385441325146397
39450,1385441325146397
39500,1385441325146397
39550,1385441325146397
39600,1385441325146397
39650,1385441325146397
39700,1385441325146397
39750,1385441325146397
39800,1385441325146397
39850,1385441325146397
39900,1385441325146397
39950,1385441325146397
40000,1385441325146397
40050,1385441325146397
40100,1385441325146397
40150,1385441325146397
40200,1385441325146397
40250,1385441325146397
40300,1385441325146397
40350,1385441325146397
40400,1385441325146397
40450,1385441325146397
40500,1385441325146397
40550,1385441325146397
40600,1385441325146397
40650,1385441325146397
40700,1385441325146397
40750,1385441325146397
40800,1385441325146397
40850,1385441325146397
40900,1385441325146397
40950,1385441325146397
41000,1385441325146397
41050,1385441325146397
41100,1385441325146397
41150,1385441325146397
41200,1385441325146397
41250,1385441325146397
41300,1385441325146397
41350,1385441325146397
41400,1385441325146397
41450,1385441325146397
37300,138940178222730
37350,138940178222730
37400,138940178222730
37450,138940178222730
37500,138940178222730
37550,138940178222730
37600,138940178222730
37650,138940178222730
37700,138940178222730
37750,138940178222730
37800,138940178222730
37850,138940178222730
37900,138940178222730
37950,138940178222730
38000,138940178222730
38050,138940178222730
38100,138940178222730
38150,138940178222730
38200,138940178222730
38250,138940178222730
38300,138940178222730
38350,138940178222730
38400,138940178222730
38450,138940178222730
38500,138940178222730
38550,138940178222730
38600,138940178222730
38650,138940178222730
38700,138940178222730
38750,138940178222730
38800,138940178222730
38850,138940178222730
38900,138940178222730
38950,138940178222730
39000,138940178222730
39050,138940178222730
39100,138940178222730
39150,138940178222730
39200,138940178222730
39250,138940178222730
39300,138940178222730
39350,138940178222730
39400,138940178222730
39450,138940178222730
39500,138940178222730
39550,138940178222730
39600,138940178222730
39650,138940178222730
39700,138940178222730
39750,138940178222730
39800,138940178222730
39850,138940178222730
39900,138940178222730
39950,138940178222730
40000,138940178222730
40050,138940178222730
40100,138940178222730
40150,138940178222730
40200,138940178222730
40250,138940178222730
40300,138940178222730
40350,138940178222730
40400,138940178222730
40450,138940178222730
40500,138940178222730
40550,138940178222730
40600,138940178222730
40650,138940178222730
40700,138940178222730
40750,138940178222730
40800,138940178222730
40850,138940178222730
40900,138940178222730
40950,138940178222730
41000,138940178222730
41050,138940178222730
41100,138940178222730
41150,138940178222730
41200,138940178222730
41250,138940178222730
41300,138940178222730
41350,138940178222730
41400,138940178222730
41450,138940178222730
37300,1403555106665615
37350,1403555106665615
37400,1403555106665615
37450,1403555106665615
37500,1403555106665615
37550,1403555106665615
37600,1403555106665615
37650,1403555106665615
37700,1403555106665615
37750,1403555106665615
37800,1403555106665615
37850,1403555106665615
37900,1403555106665615
37950,1403555106665615
38000,1403555106665615
38050,1403555106665615
38100,1403555106665615
38150,1403555106665615
38200,1403555106665615
38250,1403555106665615
38300,1403555106665615
38350,1403555106665615
38400,1403555106665615
38450,1403555106665615
38500,1403555106665615
38550,1403555106665615
38600,1403555106665615
38650,1403555106665615
38700,1403555106665615
38750,1403555106665615
38800,1403555106665615
38850,1403555106665615
38900,1403555106665615
38950,1403555106665615
39000,1403555106665615
39050,1403555106665615
39100,1403555106665615
39150,1403555106665615
39200,1403555106665615
39250,1403555106665615
39300,1403555106665615
39350,1403555106665615
39400,1403555106665615
39450,1403555106665615
39500,1403555106665615
39550,1403555106665615
39600,1403555106665615
39650,1403555106665615
39700,1403555106665615
39750,1403555106665615
39800,1403555106665615
39850,1403555106665615
39900,1403555106665615
39950,1403555106665615
40000,1403555106665615
40050,1403555106665615
40100,1403555106665615
40150,1403555106665615
40200,1403555106665615
40250,1403555106665615
40300,1403555106665615
40350,1403555106665615
40400,1403555106665615
40450,1403555106665615
40500,1403555106665615
40550,1403555106665615
40600,1403555106665615
40650,1403555106665615
40700,1403555106665615
40750,1403555106665615
40800,1403555106665615
40850,1403555106665615
40900,1403555106665615
40950,1403555106665615
41000,1403555106665615
41050,1403555106665615
41100,1403555106665615
41150,1403555106665615
41200,1403555106665615
41250,1403555106665615
41300,1403555106665615
41350,1403555106665615
41400,1403555106665615
41450,1403555106665615
37300,1414497498903528
37350,1414497498903528
37400,1414497498903528
37450,1414497498903528
37500,1414497498903528
37550,1414497498903528
37600,1414497498903528
37650,1414497498903528
37700,1414497498903528
37750,1414497498903528
37800,1414497498903528
37850,1414497498903528
37900,1414497498903528
37950,1414497498903528
38000,1414497498903528
38050,1414497498903528
38100,1414497498903528
38150,1414497498903528
38200,1414497498903528
38250,1414497498903528
38300,1414497498903528
38350,1414497498903528
38400,1414497498903528
38450,1414497498903528
38500,1414497498903528
38550,1414497498903528
38600,1414497498903528
38650,1414497498903528
38700,1414497498903528
38750,1414497498903528
38800,1414497498903528
38850,1414497498903528
38900,1414497498903528
38950,1414497498903528
39000,1414497498903528
39050,1414497498903528
39100,1414497498903528
39150,1414497498903528
39200,1414497498903528
39250,1414497498903528
39300,1414497498903528
39350,1414497498903528
39400,1414497498903528
39450,1414497498903528
39500,1414497498903528
39550,1414497498903528
39600,1414497498903528
39650,1414497498903528
39700,1414497498903528
39750,1414497498903528
39800,1414497498903528
39850,1414497498903528
39900,1414497498903528
39950,1414497498903528
40000,1414497498903528
40050,1414497498903528
40100,1414497498903528
40150,1414497498903528
40200,1414497498903528
40250,1414497498903528
40300,1414497498903528
40350,1414497498903528
40400,1414497498903528
40450,1414497498903528
40500,1414497498903528
40550,1414497498903528
40600,1414497498903528
40650,1414497498903528
40700,1414497498903528
40750,1414497498903528
40800,1414497498903528
40850,1414497498903528
40900,1414497498903528
40950,1414497498903528
41000,1414497498903528
41050,1414497498903528
41100,1414497498903528
41150,1414497498903528
41200,1414497498903528
41250,1414497498903528
41300,1414497498903528
41350,1414497498903528
41400,1414497498903528
41450,1414497498903528
37300,1420318224985387
37350,1420318224985387
37400,1420318224985387
37450,1420318224985387
37500,1420318224985387
37550,1420318224985387
37600,1420318224985387
37650,1420318224985387
37700,1420318224985387
37750,1420318224985387
37800,1420318224985387
37850,1420318224985387
37900,1420318224985387
37950,1420318224985387
38000,1420318224985387
38050,1420318224985387
38100,1420318224985387
38150,1420318224985387
38200,1420318224985387
38250,1420318224985387
38300,1420318224985387
38350,1420318224985387
38400,1420318224985387
38450,1420318224985387
38500,1420318224985387
38550,1420318224985387
38600,1420318224985387
38650,1420318224985387
38700,1420318224985387
38750,1420318224985387
38800,1420318224985387
38850,1420318224985387
38900,1420318224985387
38950,1420318224985387
39000,1420318224985387
39050,1420318224985387
39100,1420318224985387
39150,1420318224985387
39200,1420318224985387
39250,1420318224985387
39300,1420318224985387
39350,1420318224985387
39400,1420318224985387
39450,1420318224985387
39500,1420318224985387
39550,1420318224985387
39600,1420318224985387
39650,1420318224985387
39700,1420318224985387
39750,1420318224985387
39800,1420318224985387
39850,1420318224985387
39900,1420318224985387
39950,1420318224985387
40000,1420318224985387
40050,1420318224985387
40100,1420318224985387
40150,1420318224985387
40200,1420318224985387
40250,1420318224985387
40300,1420318224985387
40350,1420318224985387
40400,1420318224985387
40450,1420318224985387
40500,1420318224985387
40550,1420318224985387
40600,1420318224985387
40650,1420318224985387
40700,1420318224985387
40750,1420318224985387
40800,1420318224985387
40850,1420318224985387
40900,1420318224985387
40950,1420318224985387
41000,1420318224985387
41050,1420318224985387
41100,1420318224985387
41150,1420318224985387
41200,1420318224985387
41250,1420318224985387
41300,1420318224985387
41350,1420318224985387
41400,1420318224985387
41450,1420318224985387
37300,1458347411197214
37350,1458347411197214
37400,1458347411197214
37450,1458347411197214
37500,1458347411197214
37550,1458347411197214
37600,1458347411197214
37650,1458347411197214
37700,1458347411197214
37750,1458347411197214
37800,1458347411197214
37850,1458347411197214
37900,1458347411197214
37950,1458347411197214
38000,1458347411197214
38050,1458347411197214
38100,1458347411197214
38150,1458347411197214
38200,1458347411197214
38250,1458347411197214
38300,1458347411197214
38350,1458347411197214
38400,1458347411197214
38450,1458347411197214
38500,1458347411197214
38550,1458347411197214
38600,1458347411197214
38650,1458347411197214
38700,1458347411197214
38750,1458347411197214
38800,1458347411197214
38850,1458347411197214
38900,1458347411197214
38950,1458347411197214
39000,1458347411197214
39050,1458347411197214
39100,1458347411197214
39150,1458347411197214
39200,1458347411197214
39250,1458347411197214
39300,1458347411197214
39350,1458347411197214
39400,1458347411197214
39450,1458347411197214
39500,1458347411197214
39550,1458347411197214
39600,1458347411197214
39650,1458347411197214
39700,1458347411197214
39750,1458347411197214
39800,1458347411197214
39850,1458347411197214
39900,1458347411197214
39950,1458347411197214
40000,1458347411197214
40050,1458347411197214
40100,1458347411197214
40150,1458347411197214
40200,1458347411197214
40250,1458347411197214
40300,1458347411197214
40350,1458347411197214
40400,1458347411197214
40450,1458347411197214
40500,1458347411197214
40550,1458347411197214
40600,1458347411197214
40650,1458347411197214
40700,1458347411197214
40750,1458347411197214
40800,1458347411197214
40850,1458347411197214
40900,1458347411197214
40950,1458347411197214
41000,1458347411197214
41050,1458347411197214
41100,1458347411197214
41150,1458347411197214
41200,1458347411197214
41250,1458347411197214
41300,1458347411197214
41350,1458347411197214
41400,1458347411197214
41450,1458347411197214
37300,147385083955519
37350,147385083955519
37400,147385083955519
37450,147385083955519
37500,147385083955519
37550,147385083955519
37600,147385083955519
37650,147385083955519
37700,147385083955519
37750,147385083955519
37800,147385083955519
37850,147385083955519
37900,147385083955519
37950,147385083955519
38000,147385083955519
38050,147385083955519
38100,147385083955519
38150,147385083955519
38200,147385083955519
38250,147385083955519
38300,147385083955519
38350,147385083955519
38400,147385083955519
38450,147385083955519
38500,147385083955519
38550,147385083955519
38600,147385083955519
38650,147385083955519
38700,147385083955519
38750,147385083955519
38800,147385083955519
38850,147385083955519
38900,147385083955519
38950,147385083955519
39000,147385083955519
39050,147385083955519
39100,147385083955519
39150,147385083955519
39200,147385083955519
39250,147385083955519
39300,147385083955519
39350,147385083955519
39400,147385083955519
39450,147385083955519
39500,147385083955519
39550,147385083955519
39600,147385083955519
39650,147385083955519
39700,147385083955519
39750,147385083955519
39800,147385083955519
39850,147385083955519
39900,147385083955519
39950,147385083955519
40000,147385083955519
40050,147385083955519
40100,147385083955519
40150,147385083955519
40200,147385083955519
40250,147385083955519
40300,147385083955519
40350,147385083955519
40400,147385083955519
40450,147385083955519
40500,147385083955519
40550,147385083955519
40600,147385083955519
40650,147385083955519
40700,147385083955519
40750,147385083955519
40800,147385083955519
40850,147385083955519
40900,147385083955519
40950,147385083955519
41000,147385083955519
41050,147385083955519
41100,147385083955519
41150,147385083955519
41200,147385083955519
41250,147385083955519
41300,147385083955519
41350,147385083955519
41400,147385083955519
41450,147385083955519
37300,149050590566545
37350,149050590566545
37400,149050590566545
37450,149050590566545
37500,149050590566545
37550,149050590566545
37600,149050590566545
37650,149050590566545
37700,149050590566545
37750,149050590566545
37800,149050590566545
37850,149050590566545
37900,149050590566545
37950,149050590566545
38000,149050590566545
38050,149050590566545
38100,149050590566545
38150,149050590566545
38200,149050590566545
38250,149050590566545
38300,149050590566545
38350,149050590566545
38400,149050590566545
38450,149050590566545
38500,149050590566545
38550,149050590566545
38600,149050590566545
38650,149050590566545
38700,149050590566545
38750,149050590566545
38800,149050590566545
38850,149050590566545
38900,149050590566545
38950,149050590566545
39000,149050590566545
39050,149050590566545
39100,149050590566545
39150,149050590566545
39200,149050590566545
39250,149050590566545
39300,149050590566545
39350,149050590566545
39400,149050590566545
39450,149050590566545
39500,149050590566545
39550,149050590566545
39600,149050590566545
39650,149050590566545
39700,149050590566545
39750,149050590566545
39800,149050590566545
39850,149050590566545
39900,149050590566545
39950,149050590566545
40000,149050590566545
40050,149050590566545
40100,149050590566545
40150,149050590566545
40200,149050590566545
40250,149050590566545
40300,149050590566545
40350,149050590566545
40400,149050590566545
40450,149050590566545
40500,149050590566545
40550,149050590566545
40600,149050590566545
40650,149050590566545
40700,149050590566545
40750,149050590566545
40800,149050590566545
40850,149050590566545
40900,149050590566545
40950,149050590566545
41000,149050590566545
41050,149050590566545
41100,149050590566545
41150,149050590566545
41200,149050590566545
41250,149050590566545
41300,149050590566545
41350,149050590566545
41400,149050590566545
41450,149050590566545
37300,153171543365412
37350,153171543365412
37400,153171543365412
37450,153171543365412
37500,153171543365412
37550,153171543365412
37600,153171543365412
37650,153171543365412
37700,153171543365412
37750,153171543365412
37800,153171543365412
37850,153171543365412
37900,153171543365412
37950,153171543365412
38000,153171543365412
38050,153171543365412
38100,153171543365412
38150,153171543365412
38200,153171543365412
38250,153171543365412
38300,153171543365412
38350,153171543365412
38400,153171543365412
38450,153171543365412
38500,153171543365412
38550,153171543365412
38600,153171543365412
38650,153171543365412
38700,153171543365412
38750,153171543365412
38800,153171543365412
38850,153171543365412
38900,153171543365412
38950,153171543365412
39000,153171543365412
39050,153171543365412
39100,153171543365412
39150,153171543365412
39200,153171543365412
39250,153171543365412
39300,153171543365412
39350,153171543365412
39400,153171543365412
39450,153171543365412
39500,153171543365412
39550,153171543365412
39600,153171543365412
39650,153171543365412
39700,153171543365412
39750,153171543365412
39800,153171543365412
39850,153171543365412
39900,153171543365412
39950,153171543365412
40000,153171543365412
40050,153171543365412
40100,153171543365412
40150,153171543365412
40200,153171543365412
40250,153171543365412
40300,153171543365412
40350,153171543365412
40400,153171543365412
40450,153171543365412
40500,153171543365412
40550,153171543365412
40600,153171543365412
40650,153171543365412
40700,153171543365412
40750,153171543365412
40800,153171543365412
40850,153171543365412
40900,153171543365412
40950,153171543365412
41000,153171543365412
41050,153171543365412
41100,153171543365412
41150,153171543365412
41200,153171543365412
41250,153171543365412
41300,153171543365412
41350,153171543365412
41400,153171543365412
41450,153171543365412
37300,155802506495884
37350,155802506495884
37400,155802506495884
37450,155802506495884
37500,155802506495884
37550,155802506495884
37600,155802506495884
37650,155802506495884
37700,155802506495884
37750,155802506495884
37800,155802506495884
37850,155802506495884
37900,155802506495884
37950,155802506495884
38000,155802506495884
38050,155802506495884
38100,155802506495884
38150,155802506495884
38200,155802506495884
38250,155802506495884
38300,155802506495884
38350,155802506495884
38400,155802506495884
38450,155802506495884
38500,155802506495884
38550,155802506495884
38600,155802506495884
38650,155802506495884
38700,155802506495884
38750,155802506495884
38800,155802506495884
38850,155802506495884
38900,155802506495884
38950,155802506495884
39000,155802506495884
39050,155802506495884
39100,155802506495884
39150,155802506495884
39200,155802506495884
39250,155802506495884
39300,155802506495884
39350,155802506495884
39400,155802506495884
39450,155802506495884
39500,155802506495884
39550,155802506495884
39600,155802506495884
39650,155802506495884
39700,155802506495884
39750,155802506495884
39800,155802506495884
39850,155802506495884
39900,155802506495884
39950,155802506495884
40000,155802506495884
40050,155802506495884
40100,155802506495884
40150,155802506495884
40200,155802506495884
40250,155802506495884
40300,155802506495884
40350,155802506495884
40400,155802506495884
40450,155802506495884
40500,155802506495884
40550,155802506495884
40600,155802506495884
40650,155802506495884
40700,155802506495884
40750,155802506495884
40800,155802506495884
40850,155802506495884
40900,155802506495884
40950,155802506495884
41000,155802506495884
41050,155802506495884
41100,155802506495884
41150,155802506495884
41200,155802506495884
41250,155802506495884
41300,155802506495884
41350,155802506495884
41400,155802506495884
41450,155802506495884
37300,158936582835036
37350,158936582835036
37400,158936582835036
37450,158936582835036
37500,158936582835036
37550,158936582835036
37600,158936582835036
37650,158936582835036
37700,158936582835036
37750,158936582835036
37800,158936582835036
37850,158936582835036
37900,158936582835036
37950,158936582835036
38000,158936582835036
38050,158936582835036
38100,158936582835036
38150,158936582835036
38200,158936582835036
38250,158936582835036
38300,158936582835036
38350,158936582835036
38400,158936582835036
38450,158936582835036
38500,158936582835036
38550,158936582835036
38600,158936582835036
38650,158936582835036
38700,158936582835036
38750,158936582835036
38800,158936582835036
38850,158936582835036
38900,158936582835036
38950,158936582835036
39000,158936582835036
39050,158936582835036
39100,158936582835036
39150,158936582835036
39200,158936582835036
39250,158936582835036
39300,158936582835036
39350,158936582835036
39400,158936582835036
39450,158936582835036
39500,158936582835036
39550,158936582835036
39600,158936582835036
39650,158936582835036
39700,158936582835036
39750,158936582835036
39800,158936582835036
39850,158936582835036
39900,158936582835036
39950,158936582835036
40000,158936582835036
40050,158936582835036
40100,158936582835036
40150,158936582835036
40200,158936582835036
40250,158936582835036
40300,158936582835036
40350,158936582835036
40400,158936582835036
40450,158936582835036
40500,158936582835036
40550,158936582835036
40600,158936582835036
40650,158936582835036
40700,158936582835036
40750,158936582835036
40800,158936582835036
40850,158936582835036
40900,158936582835036
40950,158936582835036
41000,158936582835036
41050,158936582835036
41100,158936582835036
41150,158936582835036
41200,158936582835036
41250,158936582835036
41300,158936582835036
41350,158936582835036
41400,158936582835036
41450,158936582835036
37300,1637329949801221
37350,1637329949801221
37400,1637329949801221
37450,1637329949801221
37500,1637329949801221
37550,1637329949801221
37600,1637329949801221
37650,1637329949801221
37700,1637329949801221
37750,1637329949801221
37800,1637329949801221
37850,1637329949801221
37900,1637329949801221
37950,1637329949801221
38000,1637329949801221
38050,1637329949801221
38100,1637329949801221
38150,1637329949801221
38200,1637329949801221
38250,1637329949801221
38300,1637329949801221
38350,1637329949801221
38400,1637329949801221
38450,1637329949801221
38500,1637329949801221
38550,1637329949801221
38600,1637329949801221
38650,1637329949801221
38700,1637329949801221
38750,1637329949801221
38800,1637329949801221
38850,1637329949801221
38900,1637329949801221
38950,1637329949801221
39000,1637329949801221
39050,1637329949801221
39100,1637329949801221
39150,1637329949801221
39200,1637329949801221
39250,1637329949801221
39300,1637329949801221
39350,1637329949801221
39400,1637329949801221
39450,1637329949801221
39500,1637329949801221
39550,1637329949801221
39600,1637329949801221
39650,1637329949801221
39700,1637329949801221
39750,1637329949801221
39800,1637329949801221
39850,1637329949801221
39900,1637329949801221
39950,1637329949801221
40000,1637329949801221
40050,1637329949801221
40100,1637329949801221
40150,1637329949801221
40200,1637329949801221
40250,1637329949801221
40300,1637329949801221
40350,1637329949801221
40400,1637329949801221
40450,1637329949801221
40500,1637329949801221
40550,1637329949801221
40600,1637329949801221
40650,1637329949801221
40700,1637329949801221
40750,1637329949801221
40800,1637329949801221
40850,1637329949801221
40900,1637329949801221
40950,1637329949801221
41000,1637329949801221
41050,1637329949801221
41100,1637329949801221
41150,1637329949801221
41200,1637329949801221
41250,1637329949801221
41300,1637329949801221
41350,1637329949801221
41400,1637329949801221
41450,1637329949801221
37300,164839588899374
37350,164839588899374
37400,164839588899374
37450,164839588899374
37500,164839588899374
37550,164839588899374
37600,164839588899374
37650,164839588899374
37700,164839588899374
37750,164839588899374
37800,164839588899374
37850,164839588899374
37900,164839588899374
37950,164839588899374
38000,164839588899374
38050,164839588899374
38100,164839588899374
38150,164839588899374
38200,164839588899374
38250,164839588899374
38300,164839588899374
38350,164839588899374
38400,164839588899374
38450,164839588899374
38500,164839588899374
38550,164839588899374
38600,164839588899374
38650,164839588899374
38700,164839588899374
38750,164839588899374
38800,164839588899374
38850,164839588899374
38900,164839588899374
38950,164839588899374
39000,164839588899374
39050,164839588899374
39100,164839588899374
39150,164839588899374
39200,164839588899374
39250,164839588899374
39300,164839588899374
39350,164839588899374
39400,164839588899374
39450,164839588899374
39500,164839588899374
39550,164839588899374
39600,164839588899374
39650,164839588899374
39700,164839588899374
39750,164839588899374
39800,164839588899374
39850,164839588899374
39900,164839588899374
39950,164839588899374
40000,164839588899374
40050,164839588899374
40100,164839588899374
40150,164839588899374
40200,164839588899374
40250,164839588899374
40300,164839588899374
40350,164839588899374
40400,164839588899374
40450,164839588899374
40500,164839588899374
40550,164839588899374
40600,164839588899374
40650,164839588899374
40700,164839588899374
40750,164839588899374
40800,164839588899374
40850,164839588899374
40900,164839588899374
40950,164839588899374
41000,164839588899374
41050,164839588899374
41100,164839588899374
41150,164839588899374
41200,164839588899374
41250,164839588899374
41300,164839588899374
41350,164839588899374
41400,164839588899374
41450,164839588899374
7781,166334535399167
7786,166334535399167
7791,166334535399167
7796,166334535399167
7801,166334535399167
7806,166334535399167
7811,166334535399167
7816,166334535399167
7821,166334535399167
23861,166334535399167
23866,166334535399167
23871,166334535399167
23876,166334535399167
23881,166334535399167
2531,166334535399167
2536,166334535399167
2541,166334535399167
2546,166334535399167
2551,166334535399167
2556,166334535399167
2561,166334535399167
2566,166334535399167
2571,166334535399167
2576,166334535399167
2581,166334535399167
2586,166334535399167
2591,166334535399167
2596,166334535399167
37300,169284061674489
37350,169284061674489
37400,169284061674489
37450,169284061674489
37500,169284061674489
37550,169284061674489
37600,169284061674489
37650,169284061674489
37700,169284061674489
37750,169284061674489
37800,169284061674489
37850,169284061674489
37900,169284061674489
37950,169284061674489
38000,169284061674489
38050,169284061674489
38100,169284061674489
38150,169284061674489
38200,169284061674489
38250,169284061674489
38300,169284061674489
38350,169284061674489
38400,169284061674489
38450,169284061674489
38500,169284061674489
38550,169284061674489
38600,169284061674489
38650,169284061674489
38700,169284061674489
38750,169284061674489
38800,169284061674489
38850,169284061674489
38900,169284061674489
38950,169284061674489
39000,169284061674489
39050,169284061674489
39100,169284061674489
39150,169284061674489
39200,169284061674489
39250,169284061674489
39300,169284061674489
39350,169284061674489
39400,169284061674489
39450,169284061674489
39500,169284061674489
39550,169284061674489
39600,169284061674489
39650,169284061674489
39700,169284061674489
39750,169284061674489
39800,169284061674489
39850,169284061674489
39900,169284061674489
39950,169284061674489
40000,169284061674489
40050,169284061674489
40100,169284061674489
40150,169284061674489
40200,169284061674489
40250,169284061674489
40300,169284061674489
40350,169284061674489
40400,169284061674489
40450,169284061674489
40500,169284061674489
40550,169284061674489
40600,169284061674489
40650,169284061674489
40700,169284061674489
40750,169284061674489
40800,169284061674489
40850,169284061674489
40900,169284061674489
40950,169284061674489
41000,169284061674489
41050,169284061674489
41100,169284061674489
41150,169284061674489
41200,169284061674489
41250,169284061674489
41300,169284061674489
41350,169284061674489
41400,169284061674489
41450,169284061674489
37300,173547701231029
37350,173547701231029
37400,173547701231029
37450,173547701231029
37500,173547701231029
37550,173547701231029
37600,173547701231029
37650,173547701231029
37700,173547701231029
37750,173547701231029
37800,173547701231029
37850,173547701231029
37900,173547701231029
37950,173547701231029
38000,173547701231029
38050,173547701231029
38100,173547701231029
38150,173547701231029
38200,173547701231029
38250,173547701231029
38300,173547701231029
38350,173547701231029
38400,173547701231029
38450,173547701231029
38500,173547701231029
38550,173547701231029
38600,173547701231029
38650,173547701231029
38700,173547701231029
38750,173547701231029
38800,173547701231029
38850,173547701231029
38900,173547701231029
38950,173547701231029
39000,173547701231029
39050,173547701231029
39100,173547701231029
39150,173547701231029
39200,173547701231029
39250,173547701231029
39300,173547701231029
39350,173547701231029
39400,173547701231029
39450,173547701231029
39500,173547701231029
39550,173547701231029
39600,173547701231029
39650,173547701231029
39700,173547701231029
39750,173547701231029
39800,173547701231029
39850,173547701231029
39900,173547701231029
39950,173547701231029
40000,173547701231029
40050,173547701231029
40100,173547701231029
40150,173547701231029
40200,173547701231029
40250,173547701231029
40300,173547701231029
40350,173547701231029
40400,173547701231029
40450,173547701231029
40500,173547701231029
40550,173547701231029
40600,173547701231029
40650,173547701231029
40700,173547701231029
40750,173547701231029
40800,173547701231029
40850,173547701231029
40900,173547701231029
40950,173547701231029
41000,173547701231029
41050,173547701231029
41100,173547701231029
41150,173547701231029
41200,173547701231029
41250,173547701231029
41300,173547701231029
41350,173547701231029
41400,173547701231029
41450,173547701231029
37300,174480551218092
37350,174480551218092
37400,174480551218092
37450,174480551218092
37500,174480551218092
37550,174480551218092
37600,174480551218092
37650,174480551218092
37700,174480551218092
37750,174480551218092
37800,174480551218092
37850,174480551218092
37900,174480551218092
37950,174480551218092
38000,174480551218092
38050,174480551218092
38100,174480551218092
38150,174480551218092
38200,174480551218092
38250,174480551218092
38300,174480551218092
38350,174480551218092
38400,174480551218092
38450,174480551218092
38500,174480551218092
38550,174480551218092
38600,174480551218092
38650,174480551218092
38700,174480551218092
38750,174480551218092
38800,174480551218092
38850,174480551218092
38900,174480551218092
38950,174480551218092
39000,174480551218092
39050,174480551218092
39100,174480551218092
39150,174480551218092
39200,174480551218092
39250,174480551218092
39300,174480551218092
39350,174480551218092
39400,174480551218092
39450,174480551218092
39500,174480551218092
39550,174480551218092
39600,174480551218092
39650,174480551218092
39700,174480551218092
39750,174480551218092
39800,174480551218092
39850,174480551218092
39900,174480551218092
39950,174480551218092
40000,174480551218092
40050,174480551218092
40100,174480551218092
40150,174480551218092
40200,174480551218092
40250,174480551218092
40300,174480551218092
40350,174480551218092
40400,174480551218092
40450,174480551218092
40500,174480551218092
40550,174480551218092
40600,174480551218092
40650,174480551218092
40700,174480551218092
40750,174480551218092
40800,174480551218092
40850,174480551218092
40900,174480551218092
40950,174480551218092
41000,174480551218092
41050,174480551218092
41100,174480551218092
41150,174480551218092
41200,174480551218092
41250,174480551218092
41300,174480551218092
41350,174480551218092
41400,174480551218092
41450,174480551218092
37300,1755934427900869
37350,1755934427900869
37400,1755934427900869
37450,1755934427900869
37500,1755934427900869
37550,1755934427900869
37600,1755934427900869
37650,1755934427900869
37700,1755934427900869
37750,1755934427900869
37800,1755934427900869
37850,1755934427900869
37900,1755934427900869
37950,1755934427900869
38000,1755934427900869
38050,1755934427900869
38100,1755934427900869
38150,1755934427900869
38200,1755934427900869
38250,1755934427900869
38300,1755934427900869
38350,1755934427900869
38400,1755934427900869
38450,1755934427900869
38500,1755934427900869
38550,1755934427900869
38600,1755934427900869
38650,1755934427900869
38700,1755934427900869
38750,1755934427900869
38800,1755934427900869
38850,1755934427900869
38900,1755934427900869
38950,1755934427900869
39000,1755934427900869
39050,1755934427900869
39100,1755934427900869
39150,1755934427900869
39200,1755934427900869
39250,1755934427900869
39300,1755934427900869
39350,1755934427900869
39400,1755934427900869
39450,1755934427900869
39500,1755934427900869
39550,1755934427900869
39600,1755934427900869
39650,1755934427900869
39700,1755934427900869
39750,1755934427900869
39800,1755934427900869
39850,1755934427900869
39900,1755934427900869
39950,1755934427900869
40000,1755934427900869
40050,1755934427900869
40100,1755934427900869
40150,1755934427900869
40200,1755934427900869
40250,1755934427900869
40300,1755934427900869
40350,1755934427900869
40400,1755934427900869
40450,1755934427900869
40500,1755934427900869
40550,1755934427900869
40600,1755934427900869
40650,1755934427900869
40700,1755934427900869
40750,1755934427900869
40800,1755934427900869
40850,1755934427900869
40900,1755934427900869
40950,1755934427900869
41000,1755934427900869
41050,1755934427900869
41100,1755934427900869
41150,1755934427900869
41200,1755934427900869
41250,1755934427900869
41300,1755934427900869
41350,1755934427900869
41400,1755934427900869
41450,1755934427900869
37300,176958570975681
37350,176958570975681
37400,176958570975681
37450,176958570975681
37500,176958570975681
37550,176958570975681
37600,176958570975681
37650,176958570975681
37700,176958570975681
37750,176958570975681
37800,176958570975681
37850,176958570975681
37900,176958570975681
37950,176958570975681
38000,176958570975681
38050,176958570975681
38100,176958570975681
38150,176958570975681
38200,176958570975681
38250,176958570975681
38300,176958570975681
38350,176958570975681
38400,176958570975681
38450,176958570975681
38500,176958570975681
38550,176958570975681
38600,176958570975681
38650,176958570975681
38700,176958570975681
38750,176958570975681
38800,176958570975681
38850,176958570975681
38900,176958570975681
38950,176958570975681
39000,176958570975681
39050,176958570975681
39100,176958570975681
39150,176958570975681
39200,176958570975681
39250,176958570975681
39300,176958570975681
39350,176958570975681
39400,176958570975681
39450,176958570975681
39500,176958570975681
39550,176958570975681
39600,176958570975681
39650,176958570975681
39700,176958570975681
39750,176958570975681
39800,176958570975681
39850,176958570975681
39900,176958570975681
39950,176958570975681
40000,176958570975681
40050,176958570975681
40100,176958570975681
40150,176958570975681
40200,176958570975681
40250,176958570975681
40300,176958570975681
40350,176958570975681
40400,176958570975681
40450,176958570975681
40500,176958570975681
40550,176958570975681
40600,176958570975681
40650,176958570975681
40700,176958570975681
40750,176958570975681
40800,176958570975681
40850,176958570975681
40900,176958570975681
40950,176958570975681
41000,176958570975681
41050,176958570975681
41100,176958570975681
41150,176958570975681
41200,176958570975681
41250,176958570975681
41300,176958570975681
41350,176958570975681
41400,176958570975681
41450,176958570975681
37300,177630180901961
37350,177630180901961
37400,177630180901961
37450,177630180901961
37500,177630180901961
37550,177630180901961
37600,177630180901961
37650,177630180901961
37700,177630180901961
37750,177630180901961
37800,177630180901961
37850,177630180901961
37900,177630180901961
37950,177630180901961
38000,177630180901961
38050,177630180901961
38100,177630180901961
38150,177630180901961
38200,177630180901961
38250,177630180901961
38300,177630180901961
38350,177630180901961
38400,177630180901961
38450,177630180901961
38500,177630180901961
38550,177630180901961
38600,177630180901961
38650,177630180901961
38700,177630180901961
38750,177630180901961
38800,177630180901961
38850,177630180901961
38900,177630180901961
38950,177630180901961
39000,177630180901961
39050,177630180901961
39100,177630180901961
39150,177630180901961
39200,177630180901961
39250,177630180901961
39300,177630180901961
39350,177630180901961
39400,177630180901961
39450,177630180901961
39500,177630180901961
39550,177630180901961
39600,177630180901961
39650,177630180901961
39700,177630180901961
39750,177630180901961
39800,177630180901961
39850,177630180901961
39900,177630180901961
39950,177630180901961
40000,177630180901961
40050,177630180901961
40100,177630180901961
40150,177630180901961
40200,177630180901961
40250,177630180901961
40300,177630180901961
40350,177630180901961
40400,177630180901961
40450,177630180901961
40500,177630180901961
40550,177630180901961
40600,177630180901961
40650,177630180901961
40700,177630180901961
40750,177630180901961
40800,177630180901961
40850,177630180901961
40900,177630180901961
40950,177630180901961
41000,177630180901961
41050,177630180901961
41100,177630180901961
41150,177630180901961
41200,177630180901961
41250,177630180901961
41300,177630180901961
41350,177630180901961
41400,177630180901961
41450,177630180901961
7781,180258693949912
7786,180258693949912
7791,180258693949912
7796,180258693949912
7801,180258693949912
7806,180258693949912
7811,180258693949912
7816,180258693949912
7821,180258693949912
23861,180258693949912
23866,180258693949912
23871,180258693949912
23876,180258693949912
23881,180258693949912
2531,180258693949912
2536,180258693949912
2541,180258693949912
2546,180258693949912
2551,180258693949912
2556,180258693949912
2561,180258693949912
2566,180258693949912
2571,180258693949912
2576,180258693949912
2581,180258693949912
2586,180258693949912
2591,180258693949912
2596,180258693949912
37300,180704613907188
37350,180704613907188
37400,180704613907188
37450,180704613907188
37500,180704613907188
37550,180704613907188
37600,180704613907188
37650,180704613907188
37700,180704613907188
37750,180704613907188
37800,180704613907188
37850,180704613907188
37900,180704613907188
37950,180704613907188
38000,180704613907188
38050,180704613907188
38100,180704613907188
38150,180704613907188
38200,180704613907188
38250,180704613907188
38300,180704613907188
38350,180704613907188
38400,180704613907188
38450,180704613907188
38500,180704613907188
38550,180704613907188
38600,180704613907188
38650,180704613907188
38700,180704613907188
38750,180704613907188
38800,180704613907188
38850,180704613907188
38900,180704613907188
38950,180704613907188
39000,180704613907188
39050,180704613907188
39100,180704613907188
39150,180704613907188
39200,180704613907188
39250,180704613907188
39300,180704613907188
39350,180704613907188
39400,180704613907188
39450,180704613907188
39500,180704613907188
39550,180704613907188
39600,180704613907188
39650,180704613907188
39700,180704613907188
39750,180704613907188
39800,180704613907188
39850,180704613907188
39900,180704613907188
39950,180704613907188
40000,180704613907188
40050,180704613907188
40100,180704613907188
40150,180704613907188
40200,180704613907188
40250,180704613907188
40300,180704613907188
40350,180704613907188
40400,180704613907188
40450,180704613907188
40500,180704613907188
40550,180704613907188
40600,180704613907188
40650,180704613907188
40700,180704613907188
40750,180704613907188
40800,180704613907188
40850,180704613907188
40900,180704613907188
40950,180704613907188
41000,180704613907188
41050,180704613907188
41100,180704613907188
41150,180704613907188
41200,180704613907188
41250,180704613907188
41300,180704613907188
41350,180704613907188
41400,180704613907188
41450,180704613907188
37300,1873006279565335
37350,1873006279565335
37400,1873006279565335
37450,1873006279565335
37500,1873006279565335
37550,1873006279565335
37600,1873006279565335
37650,1873006279565335
37700,1873006279565335
37750,1873006279565335
37800,1873006279565335
37850,1873006279565335
37900,1873006279565335
37950,1873006279565335
38000,1873006279565335
38050,1873006279565335
38100,1873006279565335
38150,1873006279565335
38200,1873006279565335
38250,1873006279565335
38300,1873006279565335
38350,1873006279565335
38400,1873006279565335
38450,1873006279565335
38500,1873006279565335
38550,1873006279565335
38600,1873006279565335
38650,1873006279565335
38700,1873006279565335
38750,1873006279565335
38800,1873006279565335
38850,1873006279565335
38900,1873006279565335
38950,1873006279565335
39000,1873006279565335
39050,1873006279565335
39100,1873006279565335
39150,1873006279565335
39200,1873006279565335
39250,1873006279565335
39300,1873006279565335
39350,1873006279565335
39400,1873006279565335
39450,1873006279565335
39500,1873006279565335
39550,1873006279565335
39600,1873006279565335
39650,1873006279565335
39700,1873006279565335
39750,1873006279565335
39800,1873006279565335
39850,1873006279565335
39900,1873006279565335
39950,1873006279565335
40000,1873006279565335
40050,1873006279565335
40100,1873006279565335
40150,1873006279565335
40200,1873006279565335
40250,1873006279565335
40300,1873006279565335
40350,1873006279565335
40400,1873006279565335
40450,1873006279565335
40500,1873006279565335
40550,1873006279565335
40600,1873006279565335
40650,1873006279565335
40700,1873006279565335
40750,1873006279565335
40800,1873006279565335
40850,1873006279565335
40900,1873006279565335
40950,1873006279565335
41000,1873006279565335
41050,1873006279565335
41100,1873006279565335
41150,1873006279565335
41200,1873006279565335
41250,1873006279565335
41300,1873006279565335
41350,1873006279565335
41400,1873006279565335
41450,1873006279565335
7781,190384509592565
7786,190384509592565
7791,190384509592565
7796,190384509592565
7801,190384509592565
7806,190384509592565
7811,190384509592565
7816,190384509592565
7821,190384509592565
23861,190384509592565
23866,190384509592565
23871,190384509592565
23876,190384509592565
23881,190384509592565
2531,190384509592565
2536,190384509592565
2541,190384509592565
2546,190384509592565
2551,190384509592565
2556,190384509592565
2561,190384509592565
2566,190384509592565
2571,190384509592565
2576,190384509592565
2581,190384509592565
2586,190384509592565
2591,190384509592565
2596,190384509592565
37300,191106976197355
37350,191106976197355
37400,191106976197355
37450,191106976197355
37500,191106976197355
37550,191106976197355
37600,191106976197355
37650,191106976197355
37700,191106976197355
37750,191106976197355
37800,191106976197355
37850,191106976197355
37900,191106976197355
37950,191106976197355
38000,191106976197355
38050,191106976197355
38100,191106976197355
38150,191106976197355
38200,191106976197355
38250,191106976197355
38300,191106976197355
38350,191106976197355
38400,191106976197355
38450,191106976197355
38500,191106976197355
38550,191106976197355
38600,191106976197355
38650,191106976197355
38700,191106976197355
38750,191106976197355
38800,191106976197355
38850,191106976197355
38900,191106976197355
38950,191106976197355
39000,191106976197355
39050,191106976197355
39100,191106976197355
39150,191106976197355
39200,191106976197355
39250,191106976197355
39300,191106976197355
39350,191106976197355
39400,191106976197355
39450,191106976197355
39500,191106976197355
39550,191106976197355
39600,191106976197355
39650,191106976197355
39700,191106976197355
39750,191106976197355
39800,191106976197355
39850,191106976197355
39900,191106976197355
39950,191106976197355
40000,191106976197355
40050,191106976197355
40100,191106976197355
40150,191106976197355
40200,191106976197355
40250,191106976197355
40300,191106976197355
40350,191106976197355
40400,191106976197355
40450,191106976197355
40500,191106976197355
40550,191106976197355
40600,191106976197355
40650,191106976197355
40700,191106976197355
40750,191106976197355
40800,191106976197355
40850,191106976197355
40900,191106976197355
40950,191106976197355
41000,191106976197355
41050,191106976197355
41100,191106976197355
41150,191106976197355
41200,191106976197355
41250,191106976197355
41300,191106976197355
41350,191106976197355
41400,191106976197355
41450,191106976197355
37300,191727876117281
37350,191727876117281
37400,191727876117281
37450,191727876117281
37500,191727876117281
37550,191727876117281
37600,191727876117281
37650,191727876117281
37700,191727876117281
37750,191727876117281
37800,191727876117281
37850,191727876117281
37900,191727876117281
37950,191727876117281
38000,191727876117281
38050,191727876117281
38100,191727876117281
38150,191727876117281
38200,191727876117281
38250,191727876117281
38300,191727876117281
38350,191727876117281
38400,191727876117281
38450,191727876117281
38500,191727876117281
38550,191727876117281
38600,191727876117281
38650,191727876117281
38700,191727876117281
38750,191727876117281
38800,191727876117281
38850,191727876117281
38900,191727876117281
38950,191727876117281
39000,191727876117281
39050,191727876117281
39100,191727876117281
39150,191727876117281
39200,191727876117281
39250,191727876117281
39300,191727876117281
39350,191727876117281
39400,191727876117281
39450,191727876117281
39500,191727876117281
39550,191727876117281
39600,191727876117281
39650,191727876117281
39700,191727876117281
39750,191727876117281
39800,191727876117281
39850,191727876117281
39900,191727876117281
39950,191727876117281
40000,191727876117281
40050,191727876117281
40100,191727876117281
40150,191727876117281
40200,191727876117281
40250,191727876117281
40300,191727876117281
40350,191727876117281
40400,191727876117281
40450,191727876117281
40500,191727876117281
40550,191727876117281
40600,191727876117281
40650,191727876117281
40700,191727876117281
40750,191727876117281
40800,191727876117281
40850,191727876117281
40900,191727876117281
40950,191727876117281
41000,191727876117281
41050,191727876117281
41100,191727876117281
41150,191727876117281
41200,191727876117281
41250,191727876117281
41300,191727876117281
41350,191727876117281
41400,191727876117281
41450,191727876117281
37300,192692372670283
37350,192692372670283
37400,192692372670283
37450,192692372670283
37500,192692372670283
37550,192692372670283
37600,192692372670283
37650,192692372670283
37700,192692372670283
37750,192692372670283
37800,192692372670283
37850,192692372670283
37900,192692372670283
37950,192692372670283
38000,192692372670283
38050,192692372670283
38100,192692372670283
38150,192692372670283
38200,192692372670283
38250,192692372670283
38300,192692372670283
38350,192692372670283
38400,192692372670283
38450,192692372670283
38500,192692372670283
38550,192692372670283
38600,192692372670283
38650,192692372670283
38700,192692372670283
38750,192692372670283
38800,192692372670283
38850,192692372670283
38900,192692372670283
38950,192692372670283
39000,192692372670283
39050,192692372670283
39100,192692372670283
39150,192692372670283
39200,192692372670283
39250,192692372670283
39300,192692372670283
39350,192692372670283
39400,192692372670283
39450,192692372670283
39500,192692372670283
39550,192692372670283
39600,192692372670283
39650,192692372670283
39700,192692372670283
39750,192692372670283
39800,192692372670283
39850,192692372670283
39900,192692372670283
39950,192692372670283
40000,192692372670283
40050,192692372670283
40100,192692372670283
40150,192692372670283
40200,192692372670283
40250,192692372670283
40300,192692372670283
40350,192692372670283
40400,192692372670283
40450,192692372670283
40500,192692372670283
40550,192692372670283
40600,192692372670283
40650,192692372670283
40700,192692372670283
40750,192692372670283
40800,192692372670283
40850,192692372670283
40900,192692372670283
40950,192692372670283
41000,192692372670283
41050,192692372670283
41100,192692372670283
41150,192692372670283
41200,192692372670283
41250,192692372670283
41300,192692372670283
41350,192692372670283
41400,192692372670283
41450,192692372670283
7781,1951146195035728
7786,1951146195035728
7791,1951146195035728
7796,1951146195035728
7801,1951146195035728
7806,1951146195035728
7811,1951146195035728
7816,1951146195035728
7821,1951146195035728
23861,1951146195035728
23866,1951146195035728
23871,1951146195035728
23876,1951146195035728
23881,1951146195035728
2531,1951146195035728
2536,1951146195035728
2541,1951146195035728
2546,1951146195035728
2551,1951146195035728
2556,1951146195035728
2561,1951146195035728
2566,1951146195035728
2571,1951146195035728
2576,1951146195035728
2581,1951146195035728
2586,1951146195035728
2591,1951146195035728
2596,1951146195035728
37300,1954770098513826
37350,1954770098513826
37400,1954770098513826
37450,1954770098513826
37500,1954770098513826
37550,1954770098513826
37600,1954770098513826
37650,1954770098513826
37700,1954770098513826
37750,1954770098513826
37800,1954770098513826
37850,1954770098513826
37900,1954770098513826
37950,1954770098513826
38000,1954770098513826
38050,1954770098513826
38100,1954770098513826
38150,1954770098513826
38200,1954770098513826
38250,1954770098513826
38300,1954770098513826
38350,1954770098513826
38400,1954770098513826
38450,1954770098513826
38500,1954770098513826
38550,1954770098513826
38600,1954770098513826
38650,1954770098513826
38700,1954770098513826
38750,1954770098513826
38800,1954770098513826
38850,1954770098513826
38900,1954770098513826
38950,1954770098513826
39000,1954770098513826
39050,1954770098513826
39100,1954770098513826
39150,1954770098513826
39200,1954770098513826
39250,1954770098513826
39300,1954770098513826
39350,1954770098513826
39400,1954770098513826
39450,1954770098513826
39500,1954770098513826
39550,1954770098513826
39600,1954770098513826
39650,1954770098513826
39700,1954770098513826
39750,1954770098513826
39800,1954770098513826
39850,1954770098513826
39900,1954770098513826
39950,1954770098513826
40000,1954770098513826
40050,1954770098513826
40100,1954770098513826
40150,1954770098513826
40200,1954770098513826
40250,1954770098513826
40300,1954770098513826
40350,1954770098513826
40400,1954770098513826
40450,1954770098513826
40500,1954770098513826
40550,1954770098513826
40600,1954770098513826
40650,1954770098513826
40700,1954770098513826
40750,1954770098513826
40800,1954770098513826
40850,1954770098513826
40900,1954770098513826
40950,1954770098513826
41000,1954770098513826
41050,1954770098513826
41100,1954770098513826
41150,1954770098513826
41200,1954770098513826
41250,1954770098513826
41300,1954770098513826
41350,1954770098513826
41400,1954770098513826
41450,1954770098513826
37300,199197855374442
37350,199197855374442
37400,199197855374442
37450,199197855374442
37500,199197855374442
37550,199197855374442
37600,199197855374442
37650,199197855374442
37700,199197855374442
37750,199197855374442
37800,199197855374442
37850,199197855374442
37900,199197855374442
37950,199197855374442
38000,199197855374442
38050,199197855374442
38100,199197855374442
38150,199197855374442
38200,199197855374442
38250,199197855374442
38300,199197855374442
38350,199197855374442
38400,199197855374442
38450,199197855374442
38500,199197855374442
38550,199197855374442
38600,199197855374442
38650,199197855374442
38700,199197855374442
38750,199197855374442
38800,199197855374442
38850,199197855374442
38900,199197855374442
38950,199197855374442
39000,199197855374442
39050,199197855374442
39100,199197855374442
39150,199197855374442
39200,199197855374442
39250,199197855374442
39300,199197855374442
39350,199197855374442
39400,199197855374442
39450,199197855374442
39500,199197855374442
39550,199197855374442
39600,199197855374442
39650,199197855374442
39700,199197855374442
39750,199197855374442
39800,199197855374442
39850,199197855374442
39900,199197855374442
39950,199197855374442
40000,199197855374442
40050,199197855374442
40100,199197855374442
40150,199197855374442
40200,199197855374442
40250,199197855374442
40300,199197855374442
40350,199197855374442
40400,199197855374442
40450,199197855374442
40500,199197855374442
40550,199197855374442
40600,199197855374442
40650,199197855374442
40700,199197855374442
40750,199197855374442
40800,199197855374442
40850,199197855374442
40900,199197855374442
40950,199197855374442
41000,199197855374442
41050,199197855374442
41100,199197855374442
41150,199197855374442
41200,199197855374442
41250,199197855374442
41300,199197855374442
41350,199197855374442
41400,199197855374442
41450,199197855374442
37300,203794024725488
37350,203794024725488
37400,203794024725488
37450,203794024725488
37500,203794024725488
37550,203794024725488
37600,203794024725488
37650,203794024725488
37700,203794024725488
37750,203794024725488
37800,203794024725488
37850,203794024725488
37900,203794024725488
37950,203794024725488
38000,203794024725488
38050,203794024725488
38100,203794024725488
38150,203794024725488
38200,203794024725488
38250,203794024725488
38300,203794024725488
38350,203794024725488
38400,203794024725488
38450,203794024725488
38500,203794024725488
38550,203794024725488
38600,203794024725488
38650,203794024725488
38700,203794024725488
38750,203794024725488
38800,203794024725488
38850,203794024725488
38900,203794024725488
38950,203794024725488
39000,203794024725488
39050,203794024725488
39100,203794024725488
39150,203794024725488
39200,203794024725488
39250,203794024725488
39300,203794024725488
39350,203794024725488
39400,203794024725488
39450,203794024725488
39500,203794024725488
39550,203794024725488
39600,203794024725488
39650,203794024725488
39700,203794024725488
39750,203794024725488
39800,203794024725488
39850,203794024725488
39900,203794024725488
39950,203794024725488
40000,203794024725488
40050,203794024725488
40100,203794024725488
40150,203794024725488
40200,203794024725488
40250,203794024725488
40300,203794024725488
40350,203794024725488
40400,203794024725488
40450,203794024725488
40500,203794024725488
40550,203794024725488
40600,203794024725488
40650,203794024725488
40700,203794024725488
40750,203794024725488
40800,203794024725488
40850,203794024725488
40900,203794024725488
40950,203794024725488
41000,203794024725488
41050,203794024725488
41100,203794024725488
41150,203794024725488
41200,203794024725488
41250,203794024725488
41300,203794024725488
41350,203794024725488
41400,203794024725488
41450,203794024725488
37300,214786096833734
37350,214786096833734
37400,214786096833734
37450,214786096833734
37500,214786096833734
37550,214786096833734
37600,214786096833734
37650,214786096833734
37700,214786096833734
37750,214786096833734
37800,214786096833734
37850,214786096833734
37900,214786096833734
37950,214786096833734
38000,214786096833734
38050,214786096833734
38100,214786096833734
38150,214786096833734
38200,214786096833734
38250,214786096833734
38300,214786096833734
38350,214786096833734
38400,214786096833734
38450,214786096833734
38500,214786096833734
38550,214786096833734
38600,214786096833734
38650,214786096833734
38700,214786096833734
38750,214786096833734
38800,214786096833734
38850,214786096833734
38900,214786096833734
38950,214786096833734
39000,214786096833734
39050,214786096833734
39100,214786096833734
39150,214786096833734
39200,214786096833734
39250,214786096833734
39300,214786096833734
39350,214786096833734
39400,214786096833734
39450,214786096833734
39500,214786096833734
39550,214786096833734
39600,214786096833734
39650,214786096833734
39700,214786096833734
39750,214786096833734
39800,214786096833734
39850,214786096833734
39900,214786096833734
39950,214786096833734
40000,214786096833734
40050,214786096833734
40100,214786096833734
40150,214786096833734
40200,214786096833734
40250,214786096833734
40300,214786096833734
40350,214786096833734
40400,214786096833734
40450,214786096833734
40500,214786096833734
40550,214786096833734
40600,214786096833734
40650,214786096833734
40700,214786096833734
40750,214786096833734
40800,214786096833734
40850,214786096833734
40900,214786096833734
40950,214786096833734
41000,214786096833734
41050,214786096833734
41100,214786096833734
41150,214786096833734
41200,214786096833734
41250,214786096833734
41300,214786096833734
41350,214786096833734
41400,214786096833734
41450,214786096833734
37300,215700066730957
37350,215700066730957
37400,215700066730957
37450,215700066730957
37500,215700066730957
37550,215700066730957
37600,215700066730957
37650,215700066730957
37700,215700066730957
37750,215700066730957
37800,215700066730957
37850,215700066730957
37900,215700066730957
37950,215700066730957
38000,215700066730957
38050,215700066730957
38100,215700066730957
38150,215700066730957
38200,215700066730957
38250,215700066730957
38300,215700066730957
38350,215700066730957
38400,215700066730957
38450,215700066730957
38500,215700066730957
38550,215700066730957
38600,215700066730957
38650,215700066730957
38700,215700066730957
38750,215700066730957
38800,215700066730957
38850,215700066730957
38900,215700066730957
38950,215700066730957
39000,215700066730957
39050,215700066730957
39100,215700066730957
39150,215700066730957
39200,215700066730957
39250,215700066730957
39300,215700066730957
39350,215700066730957
39400,215700066730957
39450,215700066730957
39500,215700066730957
39550,215700066730957
39600,215700066730957
39650,215700066730957
39700,215700066730957
39750,215700066730957
39800,215700066730957
39850,215700066730957
39900,215700066730957
39950,215700066730957
40000,215700066730957
40050,215700066730957
40100,215700066730957
40150,215700066730957
40200,215700066730957
40250,215700066730957
40300,215700066730957
40350,215700066730957
40400,215700066730957
40450,215700066730957
40500,215700066730957
40550,215700066730957
40600,215700066730957
40650,215700066730957
40700,215700066730957
40750,215700066730957
40800,215700066730957
40850,215700066730957
40900,215700066730957
40950,215700066730957
41000,215700066730957
41050,215700066730957
41100,215700066730957
41150,215700066730957
41200,215700066730957
41250,215700066730957
41300,215700066730957
41350,215700066730957
41400,215700066730957
41450,215700066730957
37300,218801276362390
37350,218801276362390
37400,218801276362390
37450,218801276362390
37500,218801276362390
37550,218801276362390
37600,218801276362390
37650,218801276362390
37700,218801276362390
37750,218801276362390
37800,218801276362390
37850,218801276362390
37900,218801276362390
37950,218801276362390
38000,218801276362390
38050,218801276362390
38100,218801276362390
38150,218801276362390
38200,218801276362390
38250,218801276362390
38300,218801276362390
38350,218801276362390
38400,218801276362390
38450,218801276362390
38500,218801276362390
38550,218801276362390
38600,218801276362390
38650,218801276362390
38700,218801276362390
38750,218801276362390
38800,218801276362390
38850,218801276362390
38900,218801276362390
38950,218801276362390
39000,218801276362390
39050,218801276362390
39100,218801276362390
39150,218801276362390
39200,218801276362390
39250,218801276362390
39300,218801276362390
39350,218801276362390
39400,218801276362390
39450,218801276362390
39500,218801276362390
39550,218801276362390
39600,218801276362390
39650,218801276362390
39700,218801276362390
39750,218801276362390
39800,218801276362390
39850,218801276362390
39900,218801276362390
39950,218801276362390
40000,218801276362390
40050,218801276362390
40100,218801276362390
40150,218801276362390
40200,218801276362390
40250,218801276362390
40300,218801276362390
40350,218801276362390
40400,218801276362390
40450,218801276362390
40500,218801276362390
40550,218801276362390
40600,218801276362390
40650,218801276362390
40700,218801276362390
40750,218801276362390
40800,218801276362390
40850,218801276362390
40900,218801276362390
40950,218801276362390
41000,218801276362390
41050,218801276362390
41100,218801276362390
41150,218801276362390
41200,218801276362390
41250,218801276362390
41300,218801276362390
41350,218801276362390
41400,218801276362390
41450,218801276362390
37300,2236085356525798
37350,2236085356525798
37400,2236085356525798
37450,2236085356525798
37500,2236085356525798
37550,2236085356525798
37600,2236085356525798
37650,2236085356525798
37700,2236085356525798
37750,2236085356525798
37800,2236085356525798
37850,2236085356525798
37900,2236085356525798
37950,2236085356525798
38000,2236085356525798
38050,2236085356525798
38100,2236085356525798
38150,2236085356525798
38200,2236085356525798
38250,2236085356525798
38300,2236085356525798
38350,2236085356525798
38400,2236085356525798
38450,2236085356525798
38500,2236085356525798
38550,2236085356525798
38600,2236085356525798
38650,2236085356525798
38700,2236085356525798
38750,2236085356525798
38800,2236085356525798
38850,2236085356525798
38900,2236085356525798
38950,2236085356525798
39000,2236085356525798
39050,2236085356525798
39100,2236085356525798
39150,2236085356525798
39200,2236085356525798
39250,2236085356525798
39300,2236085356525798
39350,2236085356525798
39400,2236085356525798
39450,2236085356525798
39500,2236085356525798
39550,2236085356525798
39600,2236085356525798
39650,2236085356525798
39700,2236085356525798
39750,2236085356525798
39800,2236085356525798
39850,2236085356525798
39900,2236085356525798
39950,2236085356525798
40000,2236085356525798
40050,2236085356525798
40100,2236085356525798
40150,2236085356525798
40200,2236085356525798
40250,2236085356525798
40300,2236085356525798
40350,2236085356525798
40400,2236085356525798
40450,2236085356525798
40500,2236085356525798
40550,2236085356525798
40600,2236085356525798
40650,2236085356525798
40700,2236085356525798
40750,2236085356525798
40800,2236085356525798
40850,2236085356525798
40900,2236085356525798
40950,2236085356525798
41000,2236085356525798
41050,2236085356525798
41100,2236085356525798
41150,2236085356525798
41200,2236085356525798
41250,2236085356525798
41300,2236085356525798
41350,2236085356525798
41400,2236085356525798
41450,2236085356525798
37300,234149291803603
37350,234149291803603
37400,234149291803603
37450,234149291803603
37500,234149291803603
37550,234149291803603
37600,234149291803603
37650,234149291803603
37700,234149291803603
37750,234149291803603
37800,234149291803603
37850,234149291803603
37900,234149291803603
37950,234149291803603
38000,234149291803603
38050,234149291803603
38100,234149291803603
38150,234149291803603
38200,234149291803603
38250,234149291803603
38300,234149291803603
38350,234149291803603
38400,234149291803603
38450,234149291803603
38500,234149291803603
38550,234149291803603
38600,234149291803603
38650,234149291803603
38700,234149291803603
38750,234149291803603
38800,234149291803603
38850,234149291803603
38900,234149291803603
38950,234149291803603
39000,234149291803603
39050,234149291803603
39100,234149291803603
39150,234149291803603
39200,234149291803603
39250,234149291803603
39300,234149291803603
39350,234149291803603
39400,234149291803603
39450,234149291803603
39500,234149291803603
39550,234149291803603
39600,234149291803603
39650,234149291803603
39700,234149291803603
39750,234149291803603
39800,234149291803603
39850,234149291803603
39900,234149291803603
39950,234149291803603
40000,234149291803603
40050,234149291803603
40100,234149291803603
40150,234149291803603
40200,234149291803603
40250,234149291803603
40300,234149291803603
40350,234149291803603
40400,234149291803603
40450,234149291803603
40500,234149291803603
40550,234149291803603
40600,234149291803603
40650,234149291803603
40700,234149291803603
40750,234149291803603
40800,234149291803603
40850,234149291803603
40900,234149291803603
40950,234149291803603
41000,234149291803603
41050,234149291803603
41100,234149291803603
41150,234149291803603
41200,234149291803603
41250,234149291803603
41300,234149291803603
41350,234149291803603
41400,234149291803603
41450,234149291803603
37300,234846741741899
37350,234846741741899
37400,234846741741899
37450,234846741741899
37500,234846741741899
37550,234846741741899
37600,234846741741899
37650,234846741741899
37700,234846741741899
37750,234846741741899
37800,234846741741899
37850,234846741741899
37900,234846741741899
37950,234846741741899
38000,234846741741899
38050,234846741741899
38100,234846741741899
38150,234846741741899
38200,234846741741899
38250,234846741741899
38300,234846741741899
38350,234846741741899
38400,234846741741899
38450,234846741741899
38500,234846741741899
38550,234846741741899
38600,234846741741899
38650,234846741741899
38700,234846741741899
38750,234846741741899
38800,234846741741899
38850,234846741741899
38900,234846741741899
38950,234846741741899
39000,234846741741899
39050,234846741741899
39100,234846741741899
39150,234846741741899
39200,234846741741899
39250,234846741741899
39300,234846741741899
39350,234846741741899
39400,234846741741899
39450,234846741741899
39500,234846741741899
39550,234846741741899
39600,234846741741899
39650,234846741741899
39700,234846741741899
39750,234846741741899
39800,234846741741899
39850,234846741741899
39900,234846741741899
39950,234846741741899
40000,234846741741899
40050,234846741741899
40100,234846741741899
40150,234846741741899
40200,234846741741899
40250,234846741741899
40300,234846741741899
40350,234846741741899
40400,234846741741899
40450,234846741741899
40500,234846741741899
40550,234846741741899
40600,234846741741899
40650,234846741741899
40700,234846741741899
40750,234846741741899
40800,234846741741899
40850,234846741741899
40900,234846741741899
40950,234846741741899
41000,234846741741899
41050,234846741741899
41100,234846741741899
41150,234846741741899
41200,234846741741899
41250,234846741741899
41300,234846741741899
41350,234846741741899
41400,234846741741899
41450,234846741741899
37300,235343141691258
37350,235343141691258
37400,235343141691258
37450,235343141691258
37500,235343141691258
37550,235343141691258
37600,235343141691258
37650,235343141691258
37700,235343141691258
37750,235343141691258
37800,235343141691258
37850,235343141691258
37900,235343141691258
37950,235343141691258
38000,235343141691258
38050,235343141691258
38100,235343141691258
38150,235343141691258
38200,235343141691258
38250,235343141691258
38300,235343141691258
38350,235343141691258
38400,235343141691258
38450,235343141691258
38500,235343141691258
38550,235343141691258
38600,235343141691258
38650,235343141691258
38700,235343141691258
38750,235343141691258
38800,235343141691258
38850,235343141691258
38900,235343141691258
38950,235343141691258
39000,235343141691258
39050,235343141691258
39100,235343141691258
39150,235343141691258
39200,235343141691258
39250,235343141691258
39300,235343141691258
39350,235343141691258
39400,235343141691258
39450,235343141691258
39500,235343141691258
39550,235343141691258
39600,235343141691258
39650,235343141691258
39700,235343141691258
39750,235343141691258
39800,235343141691258
39850,235343141691258
39900,235343141691258
39950,235343141691258
40000,235343141691258
40050,235343141691258
40100,235343141691258
40150,235343141691258
40200,235343141691258
40250,235343141691258
40300,235343141691258
40350,235343141691258
40400,235343141691258
40450,235343141691258
40500,235343141691258
40550,235343141691258
40600,235343141691258
40650,235343141691258
40700,235343141691258
40750,235343141691258
40800,235343141691258
40850,235343141691258
40900,235343141691258
40950,235343141691258
41000,235343141691258
41050,235343141691258
41100,235343141691258
41150,235343141691258
41200,235343141691258
41250,235343141691258
41300,235343141691258
41350,235343141691258
41400,235343141691258
41450,235343141691258
37300,235987994946611
37350,235987994946611
37400,235987994946611
37450,235987994946611
37500,235987994946611
37550,235987994946611
37600,235987994946611
37650,235987994946611
37700,235987994946611
37750,235987994946611
37800,235987994946611
37850,235987994946611
37900,235987994946611
37950,235987994946611
38000,235987994946611
38050,235987994946611
38100,235987994946611
38150,235987994946611
38200,235987994946611
38250,235987994946611
38300,235987994946611
38350,235987994946611
38400,235987994946611
38450,235987994946611
38500,235987994946611
38550,235987994946611
38600,235987994946611
38650,235987994946611
38700,235987994946611
38750,235987994946611
38800,235987994946611
38850,235987994946611
38900,235987994946611
38950,235987994946611
39000,235987994946611
39050,235987994946611
39100,235987994946611
39150,235987994946611
39200,235987994946611
39250,235987994946611
39300,235987994946611
39350,235987994946611
39400,235987994946611
39450,235987994946611
39500,235987994946611
39550,235987994946611
39600,235987994946611
39650,235987994946611
39700,235987994946611
39750,235987994946611
39800,235987994946611
39850,235987994946611
39900,235987994946611
39950,235987994946611
40000,235987994946611
40050,235987994946611
40100,235987994946611
40150,235987994946611
40200,235987994946611
40250,235987994946611
40300,235987994946611
40350,235987994946611
40400,235987994946611
40450,235987994946611
40500,235987994946611
40550,235987994946611
40600,235987994946611
40650,235987994946611
40700,235987994946611
40750,235987994946611
40800,235987994946611
40850,235987994946611
40900,235987994946611
40950,235987994946611
41000,235987994946611
41050,235987994946611
41100,235987994946611
41150,235987994946611
41200,235987994946611
41250,235987994946611
41300,235987994946611
41350,235987994946611
41400,235987994946611
41450,235987994946611
37300,247353410505415
37350,247353410505415
37400,247353410505415
37450,247353410505415
37500,247353410505415
37550,247353410505415
37600,247353410505415
37650,247353410505415
37700,247353410505415
37750,247353410505415
37800,247353410505415
37850,247353410505415
37900,247353410505415
37950,247353410505415
38000,247353410505415
38050,247353410505415
38100,247353410505415
38150,247353410505415
38200,247353410505415
38250,247353410505415
38300,247353410505415
38350,247353410505415
38400,247353410505415
38450,247353410505415
38500,247353410505415
38550,247353410505415
38600,247353410505415
38650,247353410505415
38700,247353410505415
38750,247353410505415
38800,247353410505415
38850,247353410505415
38900,247353410505415
38950,247353410505415
39000,247353410505415
39050,247353410505415
39100,247353410505415
39150,247353410505415
39200,247353410505415
39250,247353410505415
39300,247353410505415
39350,247353410505415
39400,247353410505415
39450,247353410505415
39500,247353410505415
39550,247353410505415
39600,247353410505415
39650,247353410505415
39700,247353410505415
39750,247353410505415
39800,247353410505415
39850,247353410505415
39900,247353410505415
39950,247353410505415
40000,247353410505415
40050,247353410505415
40100,247353410505415
40150,247353410505415
40200,247353410505415
40250,247353410505415
40300,247353410505415
40350,247353410505415
40400,247353410505415
40450,247353410505415
40500,247353410505415
40550,247353410505415
40600,247353410505415
40650,247353410505415
40700,247353410505415
40750,247353410505415
40800,247353410505415
40850,247353410505415
40900,247353410505415
40950,247353410505415
41000,247353410505415
41050,247353410505415
41100,247353410505415
41150,247353410505415
41200,247353410505415
41250,247353410505415
41300,247353410505415
41350,247353410505415
41400,247353410505415
41450,247353410505415
37300,248634643711726
37350,248634643711726
37400,248634643711726
37450,248634643711726
37500,248634643711726
37550,248634643711726
37600,248634643711726
37650,248634643711726
37700,248634643711726
37750,248634643711726
37800,248634643711726
37850,248634643711726
37900,248634643711726
37950,248634643711726
38000,248634643711726
38050,248634643711726
38100,248634643711726
38150,248634643711726
38200,248634643711726
38250,248634643711726
38300,248634643711726
38350,248634643711726
38400,248634643711726
38450,248634643711726
38500,248634643711726
38550,248634643711726
38600,248634643711726
38650,248634643711726
38700,248634643711726
38750,248634643711726
38800,248634643711726
38850,248634643711726
38900,248634643711726
38950,248634643711726
39000,248634643711726
39050,248634643711726
39100,248634643711726
39150,248634643711726
39200,248634643711726
39250,248634643711726
39300,248634643711726
39350,248634643711726
39400,248634643711726
39450,248634643711726
39500,248634643711726
39550,248634643711726
39600,248634643711726
39650,248634643711726
39700,248634643711726
39750,248634643711726
39800,248634643711726
39850,248634643711726
39900,248634643711726
39950,248634643711726
40000,248634643711726
40050,248634643711726
40100,248634643711726
40150,248634643711726
40200,248634643711726
40250,248634643711726
40300,248634643711726
40350,248634643711726
40400,248634643711726
40450,248634643711726
40500,248634643711726
40550,248634643711726
40600,248634643711726
40650,248634643711726
40700,248634643711726
40750,248634643711726
40800,248634643711726
40850,248634643711726
40900,248634643711726
40950,248634643711726
41000,248634643711726
41050,248634643711726
41100,248634643711726
41150,248634643711726
41200,248634643711726
41250,248634643711726
41300,248634643711726
41350,248634643711726
41400,248634643711726
41450,248634643711726
37300,260933419102289
37350,260933419102289
37400,260933419102289
37450,260933419102289
37500,260933419102289
37550,260933419102289
37600,260933419102289
37650,260933419102289
37700,260933419102289
37750,260933419102289
37800,260933419102289
37850,260933419102289
37900,260933419102289
37950,260933419102289
38000,260933419102289
38050,260933419102289
38100,260933419102289
38150,260933419102289
38200,260933419102289
38250,260933419102289
38300,260933419102289
38350,260933419102289
38400,260933419102289
38450,260933419102289
38500,260933419102289
38550,260933419102289
38600,260933419102289
38650,260933419102289
38700,260933419102289
38750,260933419102289
38800,260933419102289
38850,260933419102289
38900,260933419102289
38950,260933419102289
39000,260933419102289
39050,260933419102289
39100,260933419102289
39150,260933419102289
39200,260933419102289
39250,260933419102289
39300,260933419102289
39350,260933419102289
39400,260933419102289
39450,260933419102289
39500,260933419102289
39550,260933419102289
39600,260933419102289
39650,260933419102289
39700,260933419102289
39750,260933419102289
39800,260933419102289
39850,260933419102289
39900,260933419102289
39950,260933419102289
40000,260933419102289
40050,260933419102289
40100,260933419102289
40150,260933419102289
40200,260933419102289
40250,260933419102289
40300,260933419102289
40350,260933419102289
40400,260933419102289
40450,260933419102289
40500,260933419102289
40550,260933419102289
40600,260933419102289
40650,260933419102289
40700,260933419102289
40750,260933419102289
40800,260933419102289
40850,260933419102289
40900,260933419102289
40950,260933419102289
41000,260933419102289
41050,260933419102289
41100,260933419102289
41150,260933419102289
41200,260933419102289
41250,260933419102289
41300,260933419102289
41350,260933419102289
41400,260933419102289
41450,260933419102289
37300,269668874856680
37350,269668874856680
37400,269668874856680
37450,269668874856680
37500,269668874856680
37550,269668874856680
37600,269668874856680
37650,269668874856680
37700,269668874856680
37750,269668874856680
37800,269668874856680
37850,269668874856680
37900,269668874856680
37950,269668874856680
38000,269668874856680
38050,269668874856680
38100,269668874856680
38150,269668874856680
38200,269668874856680
38250,269668874856680
38300,269668874856680
38350,269668874856680
38400,269668874856680
38450,269668874856680
38500,269668874856680
38550,269668874856680
38600,269668874856680
38650,269668874856680
38700,269668874856680
38750,269668874856680
38800,269668874856680
38850,269668874856680
38900,269668874856680
38950,269668874856680
39000,269668874856680
39050,269668874856680
39100,269668874856680
39150,269668874856680
39200,269668874856680
39250,269668874856680
39300,269668874856680
39350,269668874856680
39400,269668874856680
39450,269668874856680
39500,269668874856680
39550,269668874856680
39600,269668874856680
39650,269668874856680
39700,269668874856680
39750,269668874856680
39800,269668874856680
39850,269668874856680
39900,269668874856680
39950,269668874856680
40000,269668874856680
40050,269668874856680
40100,269668874856680
40150,269668874856680
40200,269668874856680
40250,269668874856680
40300,269668874856680
40350,269668874856680
40400,269668874856680
40450,269668874856680
40500,269668874856680
40550,269668874856680
40600,269668874856680
40650,269668874856680
40700,269668874856680
40750,269668874856680
40800,269668874856680
40850,269668874856680
40900,269668874856680
40950,269668874856680
41000,269668874856680
41050,269668874856680
41100,269668874856680
41150,269668874856680
41200,269668874856680
41250,269668874856680
41300,269668874856680
41350,269668874856680
41400,269668874856680
41450,269668874856680
7781,2747790412198843
7786,2747790412198843
7791,2747790412198843
7796,2747790412198843
7801,2747790412198843
7806,2747790412198843
7811,2747790412198843
7816,2747790412198843
7821,2747790412198843
23861,2747790412198843
23866,2747790412198843
23871,2747790412198843
23876,2747790412198843
23881,2747790412198843
2531,2747790412198843
2536,2747790412198843
2541,2747790412198843
2546,2747790412198843
2551,2747790412198843
2556,2747790412198843
2561,2747790412198843
2566,2747790412198843
2571,2747790412198843
2576,2747790412198843
2581,2747790412198843
2586,2747790412198843
2591,2747790412198843
2596,2747790412198843
37300,276043394252216
37350,276043394252216
37400,276043394252216
37450,276043394252216
37500,276043394252216
37550,276043394252216
37600,276043394252216
37650,276043394252216
37700,276043394252216
37750,276043394252216
37800,276043394252216
37850,276043394252216
37900,276043394252216
37950,276043394252216
38000,276043394252216
38050,276043394252216
38100,276043394252216
38150,276043394252216
38200,276043394252216
38250,276043394252216
38300,276043394252216
38350,276043394252216
38400,276043394252216
38450,276043394252216
38500,276043394252216
38550,276043394252216
38600,276043394252216
38650,276043394252216
38700,276043394252216
38750,276043394252216
38800,276043394252216
38850,276043394252216
38900,276043394252216
38950,276043394252216
39000,276043394252216
39050,276043394252216
39100,276043394252216
39150,276043394252216
39200,276043394252216
39250,276043394252216
39300,276043394252216
39350,276043394252216
39400,276043394252216
39450,276043394252216
39500,276043394252216
39550,276043394252216
39600,276043394252216
39650,276043394252216
39700,276043394252216
39750,276043394252216
39800,276043394252216
39850,276043394252216
39900,276043394252216
39950,276043394252216
40000,276043394252216
40050,276043394252216
40100,276043394252216
40150,276043394252216
40200,276043394252216
40250,276043394252216
40300,276043394252216
40350,276043394252216
40400,276043394252216
40450,276043394252216
40500,276043394252216
40550,276043394252216
40600,276043394252216
40650,276043394252216
40700,276043394252216
40750,276043394252216
40800,276043394252216
40850,276043394252216
40900,276043394252216
40950,276043394252216
41000,276043394252216
41050,276043394252216
41100,276043394252216
41150,276043394252216
41200,276043394252216
41250,276043394252216
41300,276043394252216
41350,276043394252216
41400,276043394252216
41450,276043394252216
7781,278233050668896
7786,278233050668896
7791,278233050668896
7796,278233050668896
7801,278233050668896
7806,278233050668896
7811,278233050668896
7816,278233050668896
7821,278233050668896
23861,278233050668896
23866,278233050668896
23871,278233050668896
23876,278233050668896
23881,278233050668896
2531,278233050668896
2536,278233050668896
2541,278233050668896
2546,278233050668896
2551,278233050668896
2556,278233050668896
2561,278233050668896
2566,278233050668896
2571,278233050668896
2576,278233050668896
2581,278233050668896
2586,278233050668896
2591,278233050668896
2596,278233050668896
37300,2801041916827602
37350,2801041916827602
37400,2801041916827602
37450,2801041916827602
37500,2801041916827602
37550,2801041916827602
37600,2801041916827602
37650,2801041916827602
37700,2801041916827602
37750,2801041916827602
37800,2801041916827602
37850,2801041916827602
37900,2801041916827602
37950,2801041916827602
38000,2801041916827602
38050,2801041916827602
38100,2801041916827602
38150,2801041916827602
38200,2801041916827602
38250,2801041916827602
38300,2801041916827602
38350,2801041916827602
38400,2801041916827602
38450,2801041916827602
38500,2801041916827602
38550,2801041916827602
38600,2801041916827602
38650,2801041916827602
38700,2801041916827602
38750,2801041916827602
38800,2801041916827602
38850,2801041916827602
38900,2801041916827602
38950,2801041916827602
39000,2801041916827602
39050,2801041916827602
39100,2801041916827602
39150,2801041916827602
39200,2801041916827602
39250,2801041916827602
39300,2801041916827602
39350,2801041916827602
39400,2801041916827602
39450,2801041916827602
39500,2801041916827602
39550,2801041916827602
39600,2801041916827602
39650,2801041916827602
39700,2801041916827602
39750,2801041916827602
39800,2801041916827602
39850,2801041916827602
39900,2801041916827602
39950,2801041916827602
40000,2801041916827602
40050,2801041916827602
40100,2801041916827602
40150,2801041916827602
40200,2801041916827602
40250,2801041916827602
40300,2801041916827602
40350,2801041916827602
40400,2801041916827602
40450,2801041916827602
40500,2801041916827602
40550,2801041916827602
40600,2801041916827602
40650,2801041916827602
40700,2801041916827602
40750,2801041916827602
40800,2801041916827602
40850,2801041916827602
40900,2801041916827602
40950,2801041916827602
41000,2801041916827602
41050,2801041916827602
41100,2801041916827602
41150,2801041916827602
41200,2801041916827602
41250,2801041916827602
41300,2801041916827602
41350,2801041916827602
41400,2801041916827602
41450,2801041916827602
7781,287299236272756
7786,287299236272756
7791,287299236272756
7796,287299236272756
7801,287299236272756
7806,287299236272756
7811,287299236272756
7816,287299236272756
7821,287299236272756
23861,287299236272756
23866,287299236272756
23871,287299236272756
23876,287299236272756
23881,287299236272756
2531,287299236272756
2536,287299236272756
2541,287299236272756
2546,287299236272756
2551,287299236272756
2556,287299236272756
2561,287299236272756
2566,287299236272756
2571,287299236272756
2576,287299236272756
2581,287299236272756
2586,287299236272756
2591,287299236272756
2596,287299236272756
37300,289120099577066
37350,289120099577066
37400,289120099577066
37450,289120099577066
37500,289120099577066
37550,289120099577066
37600,289120099577066
37650,289120099577066
37700,289120099577066
37750,289120099577066
37800,289120099577066
37850,289120099577066
37900,289120099577066
37950,289120099577066
38000,289120099577066
38050,289120099577066
38100,289120099577066
38150,289120099577066
38200,289120099577066
38250,289120099577066
38300,289120099577066
38350,289120099577066
38400,289120099577066
38450,289120099577066
38500,289120099577066
38550,289120099577066
38600,289120099577066
38650,289120099577066
38700,289120099577066
38750,289120099577066
38800,289120099577066
38850,289120099577066
38900,289120099577066
38950,289120099577066
39000,289120099577066
39050,289120099577066
39100,289120099577066
39150,289120099577066
39200,289120099577066
39250,289120099577066
39300,289120099577066
39350,289120099577066
39400,289120099577066
39450,289120099577066
39500,289120099577066
39550,289120099577066
39600,289120099577066
39650,289120099577066
39700,289120099577066
39750,289120099577066
39800,289120099577066
39850,289120099577066
39900,289120099577066
39950,289120099577066
40000,289120099577066
40050,289120099577066
40100,289120099577066
40150,289120099577066
40200,289120099577066
40250,289120099577066
40300,289120099577066
40350,289120099577066
40400,289120099577066
40450,289120099577066
40500,289120099577066
40550,289120099577066
40600,289120099577066
40650,289120099577066
40700,289120099577066
40750,289120099577066
40800,289120099577066
40850,289120099577066
40900,289120099577066
40950,289120099577066
41000,289120099577066
41050,289120099577066
41100,289120099577066
41150,289120099577066
41200,289120099577066
41250,289120099577066
41300,289120099577066
41350,289120099577066
41400,289120099577066
41450,289120099577066
37300,2922357204752654
37350,2922357204752654
37400,2922357204752654
37450,2922357204752654
37500,2922357204752654
37550,2922357204752654
37600,2922357204752654
37650,2922357204752654
37700,2922357204752654
37750,2922357204752654
37800,2922357204752654
37850,2922357204752654
37900,2922357204752654
37950,2922357204752654
38000,2922357204752654
38050,2922357204752654
38100,2922357204752654
38150,2922357204752654
38200,2922357204752654
38250,2922357204752654
38300,2922357204752654
38350,2922357204752654
38400,2922357204752654
38450,2922357204752654
38500,2922357204752654
38550,2922357204752654
38600,2922357204752654
38650,2922357204752654
38700,2922357204752654
38750,2922357204752654
38800,2922357204752654
38850,2922357204752654
38900,2922357204752654
38950,2922357204752654
39000,2922357204752654
39050,2922357204752654
39100,2922357204752654
39150,2922357204752654
39200,2922357204752654
39250,2922357204752654
39300,2922357204752654
39350,2922357204752654
39400,2922357204752654
39450,2922357204752654
39500,2922357204752654
39550,2922357204752654
39600,2922357204752654
39650,2922357204752654
39700,2922357204752654
39750,2922357204752654
39800,2922357204752654
39850,2922357204752654
39900,2922357204752654
39950,2922357204752654
40000,2922357204752654
40050,2922357204752654
40100,2922357204752654
40150,2922357204752654
40200,2922357204752654
40250,2922357204752654
40300,2922357204752654
40350,2922357204752654
40400,2922357204752654
40450,2922357204752654
40500,2922357204752654
40550,2922357204752654
40600,2922357204752654
40650,2922357204752654
40700,2922357204752654
40750,2922357204752654
40800,2922357204752654
40850,2922357204752654
40900,2922357204752654
40950,2922357204752654
41000,2922357204752654
41050,2922357204752654
41100,2922357204752654
41150,2922357204752654
41200,2922357204752654
41250,2922357204752654
41300,2922357204752654
41350,2922357204752654
41400,2922357204752654
41450,2922357204752654
37300,2973179696271735
37350,2973179696271735
37400,2973179696271735
37450,2973179696271735
37500,2973179696271735
37550,2973179696271735
37600,2973179696271735
37650,2973179696271735
37700,2973179696271735
37750,2973179696271735
37800,2973179696271735
37850,2973179696271735
37900,2973179696271735
37950,2973179696271735
38000,2973179696271735
38050,2973179696271735
38100,2973179696271735
38150,2973179696271735
38200,2973179696271735
38250,2973179696271735
38300,2973179696271735
38350,2973179696271735
38400,2973179696271735
38450,2973179696271735
38500,2973179696271735
38550,2973179696271735
38600,2973179696271735
38650,2973179696271735
38700,2973179696271735
38750,2973179696271735
38800,2973179696271735
38850,2973179696271735
38900,2973179696271735
38950,2973179696271735
39000,2973179696271735
39050,2973179696271735
39100,2973179696271735
39150,2973179696271735
39200,2973179696271735
39250,2973179696271735
39300,2973179696271735
39350,2973179696271735
39400,2973179696271735
39450,2973179696271735
39500,2973179696271735
39550,2973179696271735
39600,2973179696271735
39650,2973179696271735
39700,2973179696271735
39750,2973179696271735
39800,2973179696271735
39850,2973179696271735
39900,2973179696271735
39950,2973179696271735
40000,2973179696271735
40050,2973179696271735
40100,2973179696271735
40150,2973179696271735
40200,2973179696271735
40250,2973179696271735
40300,2973179696271735
40350,2973179696271735
40400,2973179696271735
40450,2973179696271735
40500,2973179696271735
40550,2973179696271735
40600,2973179696271735
40650,2973179696271735
40700,2973179696271735
40750,2973179696271735
40800,2973179696271735
40850,2973179696271735
40900,2973179696271735
40950,2973179696271735
41000,2973179696271735
41050,2973179696271735
41100,2973179696271735
41150,2973179696271735
41200,2973179696271735
41250,2973179696271735
41300,2973179696271735
41350,2973179696271735
41400,2973179696271735
41450,2973179696271735
37300,298094378497363
37350,298094378497363
37400,298094378497363
37450,298094378497363
37500,298094378497363
37550,298094378497363
37600,298094378497363
37650,298094378497363
37700,298094378497363
37750,298094378497363
37800,298094378497363
37850,298094378497363
37900,298094378497363
37950,298094378497363
38000,298094378497363
38050,298094378497363
38100,298094378497363
38150,298094378497363
38200,298094378497363
38250,298094378497363
38300,298094378497363
38350,298094378497363
38400,298094378497363
38450,298094378497363
38500,298094378497363
38550,298094378497363
38600,298094378497363
38650,298094378497363
38700,298094378497363
38750,298094378497363
38800,298094378497363
38850,298094378497363
38900,298094378497363
38950,298094378497363
39000,298094378497363
39050,298094378497363
39100,298094378497363
39150,298094378497363
39200,298094378497363
39250,298094378497363
39300,298094378497363
39350,298094378497363
39400,298094378497363
39450,298094378497363
39500,298094378497363
39550,298094378497363
39600,298094378497363
39650,298094378497363
39700,298094378497363
39750,298094378497363
39800,298094378497363
39850,298094378497363
39900,298094378497363
39950,298094378497363
40000,298094378497363
40050,298094378497363
40100,298094378497363
40150,298094378497363
40200,298094378497363
40250,298094378497363
40300,298094378497363
40350,298094378497363
40400,298094378497363
40450,298094378497363
40500,298094378497363
40550,298094378497363
40600,298094378497363
40650,298094378497363
40700,298094378497363
40750,298094378497363
40800,298094378497363
40850,298094378497363
40900,298094378497363
40950,298094378497363
41000,298094378497363
41050,298094378497363
41100,298094378497363
41150,298094378497363
41200,298094378497363
41250,298094378497363
41300,298094378497363
41350,298094378497363
41400,298094378497363
41450,298094378497363
37300,300044561683907
37350,300044561683907
37400,300044561683907
37450,300044561683907
37500,300044561683907
37550,300044561683907
37600,300044561683907
37650,300044561683907
37700,300044561683907
37750,300044561683907
37800,300044561683907
37850,300044561683907
37900,300044561683907
37950,300044561683907
38000,300044561683907
38050,300044561683907
38100,300044561683907
38150,300044561683907
38200,300044561683907
38250,300044561683907
38300,300044561683907
38350,300044561683907
38400,300044561683907
38450,300044561683907
38500,300044561683907
38550,300044561683907
38600,300044561683907
38650,300044561683907
38700,300044561683907
38750,300044561683907
38800,300044561683907
38850,300044561683907
38900,300044561683907
38950,300044561683907
39000,300044561683907
39050,300044561683907
39100,300044561683907
39150,300044561683907
39200,300044561683907
39250,300044561683907
39300,300044561683907
39350,300044561683907
39400,300044561683907
39450,300044561683907
39500,300044561683907
39550,300044561683907
39600,300044561683907
39650,300044561683907
39700,300044561683907
39750,300044561683907
39800,300044561683907
39850,300044561683907
39900,300044561683907
39950,300044561683907
40000,300044561683907
40050,300044561683907
40100,300044561683907
40150,300044561683907
40200,300044561683907
40250,300044561683907
40300,300044561683907
40350,300044561683907
40400,300044561683907
40450,300044561683907
40500,300044561683907
40550,300044561683907
40600,300044561683907
40650,300044561683907
40700,300044561683907
40750,300044561683907
40800,300044561683907
40850,300044561683907
40900,300044561683907
40950,300044561683907
41000,300044561683907
41050,300044561683907
41100,300044561683907
41150,300044561683907
41200,300044561683907
41250,300044561683907
41300,300044561683907
41350,300044561683907
41400,300044561683907
41450,300044561683907
37300,301251801503991
37350,301251801503991
37400,301251801503991
37450,301251801503991
37500,301251801503991
37550,301251801503991
37600,301251801503991
37650,301251801503991
37700,301251801503991
37750,301251801503991
37800,301251801503991
37850,301251801503991
37900,301251801503991
37950,301251801503991
38000,301251801503991
38050,301251801503991
38100,301251801503991
38150,301251801503991
38200,301251801503991
38250,301251801503991
38300,301251801503991
38350,301251801503991
38400,301251801503991
38450,301251801503991
38500,301251801503991
38550,301251801503991
38600,301251801503991
38650,301251801503991
38700,301251801503991
38750,301251801503991
38800,301251801503991
38850,301251801503991
38900,301251801503991
38950,301251801503991
39000,301251801503991
39050,301251801503991
39100,301251801503991
39150,301251801503991
39200,301251801503991
39250,301251801503991
39300,301251801503991
39350,301251801503991
39400,301251801503991
39450,301251801503991
39500,301251801503991
39550,301251801503991
39600,301251801503991
39650,301251801503991
39700,301251801503991
39750,301251801503991
39800,301251801503991
39850,301251801503991
39900,301251801503991
39950,301251801503991
40000,301251801503991
40050,301251801503991
40100,301251801503991
40150,301251801503991
40200,301251801503991
40250,301251801503991
40300,301251801503991
40350,301251801503991
40400,301251801503991
40450,301251801503991
40500,301251801503991
40550,301251801503991
40600,301251801503991
40650,301251801503991
40700,301251801503991
40750,301251801503991
40800,301251801503991
40850,301251801503991
40900,301251801503991
40950,301251801503991
41000,301251801503991
41050,301251801503991
41100,301251801503991
41150,301251801503991
41200,301251801503991
41250,301251801503991
41300,301251801503991
41350,301251801503991
41400,301251801503991
41450,301251801503991
37300,301849714850693
37350,301849714850693
37400,301849714850693
37450,301849714850693
37500,301849714850693
37550,301849714850693
37600,301849714850693
37650,301849714850693
37700,301849714850693
37750,301849714850693
37800,301849714850693
37850,301849714850693
37900,301849714850693
37950,301849714850693
38000,301849714850693
38050,301849714850693
38100,301849714850693
38150,301849714850693
38200,301849714850693
38250,301849714850693
38300,301849714850693
38350,301849714850693
38400,301849714850693
38450,301849714850693
38500,301849714850693
38550,301849714850693
38600,301849714850693
38650,301849714850693
38700,301849714850693
38750,301849714850693
38800,301849714850693
38850,301849714850693
38900,301849714850693
38950,301849714850693
39000,301849714850693
39050,301849714850693
39100,301849714850693
39150,301849714850693
39200,301849714850693
39250,301849714850693
39300,301849714850693
39350,301849714850693
39400,301849714850693
39450,301849714850693
39500,301849714850693
39550,301849714850693
39600,301849714850693
39650,301849714850693
39700,301849714850693
39750,301849714850693
39800,301849714850693
39850,301849714850693
39900,301849714850693
39950,301849714850693
40000,301849714850693
40050,301849714850693
40100,301849714850693
40150,301849714850693
40200,301849714850693
40250,301849714850693
40300,301849714850693
40350,301849714850693
40400,301849714850693
40450,301849714850693
40500,301849714850693
40550,301849714850693
40600,301849714850693
40650,301849714850693
40700,301849714850693
40750,301849714850693
40800,301849714850693
40850,301849714850693
40900,301849714850693
40950,301849714850693
41000,301849714850693
41050,301849714850693
41100,301849714850693
41150,301849714850693
41200,301849714850693
41250,301849714850693
41300,301849714850693
41350,301849714850693
41400,301849714850693
41450,301849714850693
37300,303564577924793
37350,303564577924793
37400,303564577924793
37450,303564577924793
37500,303564577924793
37550,303564577924793
37600,303564577924793
37650,303564577924793
37700,303564577924793
37750,303564577924793
37800,303564577924793
37850,303564577924793
37900,303564577924793
37950,303564577924793
38000,303564577924793
38050,303564577924793
38100,303564577924793
38150,303564577924793
38200,303564577924793
38250,303564577924793
38300,303564577924793
38350,303564577924793
38400,303564577924793
38450,303564577924793
38500,303564577924793
38550,303564577924793
38600,303564577924793
38650,303564577924793
38700,303564577924793
38750,303564577924793
38800,303564577924793
38850,303564577924793
38900,303564577924793
38950,303564577924793
39000,303564577924793
39050,303564577924793
39100,303564577924793
39150,303564577924793
39200,303564577924793
39250,303564577924793
39300,303564577924793
39350,303564577924793
39400,303564577924793
39450,303564577924793
39500,303564577924793
39550,303564577924793
39600,303564577924793
39650,303564577924793
39700,303564577924793
39750,303564577924793
39800,303564577924793
39850,303564577924793
39900,303564577924793
39950,303564577924793
40000,303564577924793
40050,303564577924793
40100,303564577924793
40150,303564577924793
40200,303564577924793
40250,303564577924793
40300,303564577924793
40350,303564577924793
40400,303564577924793
40450,303564577924793
40500,303564577924793
40550,303564577924793
40600,303564577924793
40650,303564577924793
40700,303564577924793
40750,303564577924793
40800,303564577924793
40850,303564577924793
40900,303564577924793
40950,303564577924793
41000,303564577924793
41050,303564577924793
41100,303564577924793
41150,303564577924793
41200,303564577924793
41250,303564577924793
41300,303564577924793
41350,303564577924793
41400,303564577924793
41450,303564577924793
37300,303730374594771
37350,303730374594771
37400,303730374594771
37450,303730374594771
37500,303730374594771
37550,303730374594771
37600,303730374594771
37650,303730374594771
37700,303730374594771
37750,303730374594771
37800,303730374594771
37850,303730374594771
37900,303730374594771
37950,303730374594771
38000,303730374594771
38050,303730374594771
38100,303730374594771
38150,303730374594771
38200,303730374594771
38250,303730374594771
38300,303730374594771
38350,303730374594771
38400,303730374594771
38450,303730374594771
38500,303730374594771
38550,303730374594771
38600,303730374594771
38650,303730374594771
38700,303730374594771
38750,303730374594771
38800,303730374594771
38850,303730374594771
38900,303730374594771
38950,303730374594771
39000,303730374594771
39050,303730374594771
39100,303730374594771
39150,303730374594771
39200,303730374594771
39250,303730374594771
39300,303730374594771
39350,303730374594771
39400,303730374594771
39450,303730374594771
39500,303730374594771
39550,303730374594771
39600,303730374594771
39650,303730374594771
39700,303730374594771
39750,303730374594771
39800,303730374594771
39850,303730374594771
39900,303730374594771
39950,303730374594771
40000,303730374594771
40050,303730374594771
40100,303730374594771
40150,303730374594771
40200,303730374594771
40250,303730374594771
40300,303730374594771
40350,303730374594771
40400,303730374594771
40450,303730374594771
40500,303730374594771
40550,303730374594771
40600,303730374594771
40650,303730374594771
40700,303730374594771
40750,303730374594771
40800,303730374594771
40850,303730374594771
40900,303730374594771
40950,303730374594771
41000,303730374594771
41050,303730374594771
41100,303730374594771
41150,303730374594771
41200,303730374594771
41250,303730374594771
41300,303730374594771
41350,303730374594771
41400,303730374594771
41450,303730374594771
37300,304899161162720
37350,304899161162720
37400,304899161162720
37450,304899161162720
37500,304899161162720
37550,304899161162720
37600,304899161162720
37650,304899161162720
37700,304899161162720
37750,304899161162720
37800,304899161162720
37850,304899161162720
37900,304899161162720
37950,304899161162720
38000,304899161162720
38050,304899161162720
38100,304899161162720
38150,304899161162720
38200,304899161162720
38250,304899161162720
38300,304899161162720
38350,304899161162720
38400,304899161162720
38450,304899161162720
38500,304899161162720
38550,304899161162720
38600,304899161162720
38650,304899161162720
38700,304899161162720
38750,304899161162720
38800,304899161162720
38850,304899161162720
38900,304899161162720
38950,304899161162720
39000,304899161162720
39050,304899161162720
39100,304899161162720
39150,304899161162720
39200,304899161162720
39250,304899161162720
39300,304899161162720
39350,304899161162720
39400,304899161162720
39450,304899161162720
39500,304899161162720
39550,304899161162720
39600,304899161162720
39650,304899161162720
39700,304899161162720
39750,304899161162720
39800,304899161162720
39850,304899161162720
39900,304899161162720
39950,304899161162720
40000,304899161162720
40050,304899161162720
40100,304899161162720
40150,304899161162720
40200,304899161162720
40250,304899161162720
40300,304899161162720
40350,304899161162720
40400,304899161162720
40450,304899161162720
40500,304899161162720
40550,304899161162720
40600,304899161162720
40650,304899161162720
40700,304899161162720
40750,304899161162720
40800,304899161162720
40850,304899161162720
40900,304899161162720
40950,304899161162720
41000,304899161162720
41050,304899161162720
41100,304899161162720
41150,304899161162720
41200,304899161162720
41250,304899161162720
41300,304899161162720
41350,304899161162720
41400,304899161162720
41450,304899161162720
37300,305571307816990
37350,305571307816990
37400,305571307816990
37450,305571307816990
37500,305571307816990
37550,305571307816990
37600,305571307816990
37650,305571307816990
37700,305571307816990
37750,305571307816990
37800,305571307816990
37850,305571307816990
37900,305571307816990
37950,305571307816990
38000,305571307816990
38050,305571307816990
38100,305571307816990
38150,305571307816990
38200,305571307816990
38250,305571307816990
38300,305571307816990
38350,305571307816990
38400,305571307816990
38450,305571307816990
38500,305571307816990
38550,305571307816990
38600,305571307816990
38650,305571307816990
38700,305571307816990
38750,305571307816990
38800,305571307816990
38850,305571307816990
38900,305571307816990
38950,305571307816990
39000,305571307816990
39050,305571307816990
39100,305571307816990
39150,305571307816990
39200,305571307816990
39250,305571307816990
39300,305571307816990
39350,305571307816990
39400,305571307816990
39450,305571307816990
39500,305571307816990
39550,305571307816990
39600,305571307816990
39650,305571307816990
39700,305571307816990
39750,305571307816990
39800,305571307816990
39850,305571307816990
39900,305571307816990
39950,305571307816990
40000,305571307816990
40050,305571307816990
40100,305571307816990
40150,305571307816990
40200,305571307816990
40250,305571307816990
40300,305571307816990
40350,305571307816990
40400,305571307816990
40450,305571307816990
40500,305571307816990
40550,305571307816990
40600,305571307816990
40650,305571307816990
40700,305571307816990
40750,305571307816990
40800,305571307816990
40850,305571307816990
40900,305571307816990
40950,305571307816990
41000,305571307816990
41050,305571307816990
41100,305571307816990
41150,305571307816990
41200,305571307816990
41250,305571307816990
41300,305571307816990
41350,305571307816990
41400,305571307816990
41450,305571307816990
7781,305791817730395
7786,305791817730395
7791,305791817730395
7796,305791817730395
7801,305791817730395
7806,305791817730395
7811,305791817730395
7816,305791817730395
7821,305791817730395
23861,305791817730395
23866,305791817730395
23871,305791817730395
23876,305791817730395
23881,305791817730395
2531,305791817730395
2536,305791817730395
2541,305791817730395
2546,305791817730395
2551,305791817730395
2556,305791817730395
2561,305791817730395
2566,305791817730395
2571,305791817730395
2576,305791817730395
2581,305791817730395
2586,305791817730395
2591,305791817730395
2596,305791817730395
7781,306713820894516
7786,306713820894516
7791,306713820894516
7796,306713820894516
7801,306713820894516
7806,306713820894516
7811,306713820894516
7816,306713820894516
7821,306713820894516
23861,306713820894516
23866,306713820894516
23871,306713820894516
23876,306713820894516
23881,306713820894516
2531,306713820894516
2536,306713820894516
2541,306713820894516
2546,306713820894516
2551,306713820894516
2556,306713820894516
2561,306713820894516
2566,306713820894516
2571,306713820894516
2576,306713820894516
2581,306713820894516
2586,306713820894516
2591,306713820894516
2596,306713820894516
37300,306775687692935
37350,306775687692935
37400,306775687692935
37450,306775687692935
37500,306775687692935
37550,306775687692935
37600,306775687692935
37650,306775687692935
37700,306775687692935
37750,306775687692935
37800,306775687692935
37850,306775687692935
37900,306775687692935
37950,306775687692935
38000,306775687692935
38050,306775687692935
38100,306775687692935
38150,306775687692935
38200,306775687692935
38250,306775687692935
38300,306775687692935
38350,306775687692935
38400,306775687692935
38450,306775687692935
38500,306775687692935
38550,306775687692935
38600,306775687692935
38650,306775687692935
38700,306775687692935
38750,306775687692935
38800,306775687692935
38850,306775687692935
38900,306775687692935
38950,306775687692935
39000,306775687692935
39050,306775687692935
39100,306775687692935
39150,306775687692935
39200,306775687692935
39250,306775687692935
39300,306775687692935
39350,306775687692935
39400,306775687692935
39450,306775687692935
39500,306775687692935
39550,306775687692935
39600,306775687692935
39650,306775687692935
39700,306775687692935
39750,306775687692935
39800,306775687692935
39850,306775687692935
39900,306775687692935
39950,306775687692935
40000,306775687692935
40050,306775687692935
40100,306775687692935
40150,306775687692935
40200,306775687692935
40250,306775687692935
40300,306775687692935
40350,306775687692935
40400,306775687692935
40450,306775687692935
40500,306775687692935
40550,306775687692935
40600,306775687692935
40650,306775687692935
40700,306775687692935
40750,306775687692935
40800,306775687692935
40850,306775687692935
40900,306775687692935
40950,306775687692935
41000,306775687692935
41050,306775687692935
41100,306775687692935
41150,306775687692935
41200,306775687692935
41250,306775687692935
41300,306775687692935
41350,306775687692935
41400,306775687692935
41450,306775687692935
37300,308314457488847
37350,308314457488847
37400,308314457488847
37450,308314457488847
37500,308314457488847
37550,308314457488847
37600,308314457488847
37650,308314457488847
37700,308314457488847
37750,308314457488847
37800,308314457488847
37850,308314457488847
37900,308314457488847
37950,308314457488847
38000,308314457488847
38050,308314457488847
38100,308314457488847
38150,308314457488847
38200,308314457488847
38250,308314457488847
38300,308314457488847
38350,308314457488847
38400,308314457488847
38450,308314457488847
38500,308314457488847
38550,308314457488847
38600,308314457488847
38650,308314457488847
38700,308314457488847
38750,308314457488847
38800,308314457488847
38850,308314457488847
38900,308314457488847
38950,308314457488847
39000,308314457488847
39050,308314457488847
39100,308314457488847
39150,308314457488847
39200,308314457488847
39250,308314457488847
39300,308314457488847
39350,308314457488847
39400,308314457488847
39450,308314457488847
39500,308314457488847
39550,308314457488847
39600,308314457488847
39650,308314457488847
39700,308314457488847
39750,308314457488847
39800,308314457488847
39850,308314457488847
39900,308314457488847
39950,308314457488847
40000,308314457488847
40050,308314457488847
40100,308314457488847
40150,308314457488847
40200,308314457488847
40250,308314457488847
40300,308314457488847
40350,308314457488847
40400,308314457488847
40450,308314457488847
40500,308314457488847
40550,308314457488847
40600,308314457488847
40650,308314457488847
40700,308314457488847
40750,308314457488847
40800,308314457488847
40850,308314457488847
40900,308314457488847
40950,308314457488847
41000,308314457488847
41050,308314457488847
41100,308314457488847
41150,308314457488847
41200,308314457488847
41250,308314457488847
41300,308314457488847
41350,308314457488847
41400,308314457488847
41450,308314457488847
37300,309957857169063
37350,309957857169063
37400,309957857169063
37450,309957857169063
37500,309957857169063
37550,309957857169063
37600,309957857169063
37650,309957857169063
37700,309957857169063
37750,309957857169063
37800,309957857169063
37850,309957857169063
37900,309957857169063
37950,309957857169063
38000,309957857169063
38050,309957857169063
38100,309957857169063
38150,309957857169063
38200,309957857169063
38250,309957857169063
38300,309957857169063
38350,309957857169063
38400,309957857169063
38450,309957857169063
38500,309957857169063
38550,309957857169063
38600,309957857169063
38650,309957857169063
38700,309957857169063
38750,309957857169063
38800,309957857169063
38850,309957857169063
38900,309957857169063
38950,309957857169063
39000,309957857169063
39050,309957857169063
39100,309957857169063
39150,309957857169063
39200,309957857169063
39250,309957857169063
39300,309957857169063
39350,309957857169063
39400,309957857169063
39450,309957857169063
39500,309957857169063
39550,309957857169063
39600,309957857169063
39650,309957857169063
39700,309957857169063
39750,309957857169063
39800,309957857169063
39850,309957857169063
39900,309957857169063
39950,309957857169063
40000,309957857169063
40050,309957857169063
40100,309957857169063
40150,309957857169063
40200,309957857169063
40250,309957857169063
40300,309957857169063
40350,309957857169063
40400,309957857169063
40450,309957857169063
40500,309957857169063
40550,309957857169063
40600,309957857169063
40650,309957857169063
40700,309957857169063
40750,309957857169063
40800,309957857169063
40850,309957857169063
40900,309957857169063
40950,309957857169063
41000,309957857169063
41050,309957857169063
41100,309957857169063
41150,309957857169063
41200,309957857169063
41250,309957857169063
41300,309957857169063
41350,309957857169063
41400,309957857169063
41450,309957857169063
37300,310769060409655
37350,310769060409655
37400,310769060409655
37450,310769060409655
37500,310769060409655
37550,310769060409655
37600,310769060409655
37650,310769060409655
37700,310769060409655
37750,310769060409655
37800,310769060409655
37850,310769060409655
37900,310769060409655
37950,310769060409655
38000,310769060409655
38050,310769060409655
38100,310769060409655
38150,310769060409655
38200,310769060409655
38250,310769060409655
38300,310769060409655
38350,310769060409655
38400,310769060409655
38450,310769060409655
38500,310769060409655
38550,310769060409655
38600,310769060409655
38650,310769060409655
38700,310769060409655
38750,310769060409655
38800,310769060409655
38850,310769060409655
38900,310769060409655
38950,310769060409655
39000,310769060409655
39050,310769060409655
39100,310769060409655
39150,310769060409655
39200,310769060409655
39250,310769060409655
39300,310769060409655
39350,310769060409655
39400,310769060409655
39450,310769060409655
39500,310769060409655
39550,310769060409655
39600,310769060409655
39650,310769060409655
39700,310769060409655
39750,310769060409655
39800,310769060409655
39850,310769060409655
39900,310769060409655
39950,310769060409655
40000,310769060409655
40050,310769060409655
40100,310769060409655
40150,310769060409655
40200,310769060409655
40250,310769060409655
40300,310769060409655
40350,310769060409655
40400,310769060409655
40450,310769060409655
40500,310769060409655
40550,310769060409655
40600,310769060409655
40650,310769060409655
40700,310769060409655
40750,310769060409655
40800,310769060409655
40850,310769060409655
40900,310769060409655
40950,310769060409655
41000,310769060409655
41050,310769060409655
41100,310769060409655
41150,310769060409655
41200,310769060409655
41250,310769060409655
41300,310769060409655
41350,310769060409655
41400,310769060409655
41450,310769060409655
37300,310982717201776
37350,310982717201776
37400,310982717201776
37450,310982717201776
37500,310982717201776
37550,310982717201776
37600,310982717201776
37650,310982717201776
37700,310982717201776
37750,310982717201776
37800,310982717201776
37850,310982717201776
37900,310982717201776
37950,310982717201776
38000,310982717201776
38050,310982717201776
38100,310982717201776
38150,310982717201776
38200,310982717201776
38250,310982717201776
38300,310982717201776
38350,310982717201776
38400,310982717201776
38450,310982717201776
38500,310982717201776
38550,310982717201776
38600,310982717201776
38650,310982717201776
38700,310982717201776
38750,310982717201776
38800,310982717201776
38850,310982717201776
38900,310982717201776
38950,310982717201776
39000,310982717201776
39050,310982717201776
39100,310982717201776
39150,310982717201776
39200,310982717201776
39250,310982717201776
39300,310982717201776
39350,310982717201776
39400,310982717201776
39450,310982717201776
39500,310982717201776
39550,310982717201776
39600,310982717201776
39650,310982717201776
39700,310982717201776
39750,310982717201776
39800,310982717201776
39850,310982717201776
39900,310982717201776
39950,310982717201776
40000,310982717201776
40050,310982717201776
40100,310982717201776
40150,310982717201776
40200,310982717201776
40250,310982717201776
40300,310982717201776
40350,310982717201776
40400,310982717201776
40450,310982717201776
40500,310982717201776
40550,310982717201776
40600,310982717201776
40650,310982717201776
40700,310982717201776
40750,310982717201776
40800,310982717201776
40850,310982717201776
40900,310982717201776
40950,310982717201776
41000,310982717201776
41050,310982717201776
41100,310982717201776
41150,310982717201776
41200,310982717201776
41250,310982717201776
41300,310982717201776
41350,310982717201776
41400,310982717201776
41450,310982717201776
37300,312192647016031
37350,312192647016031
37400,312192647016031
37450,312192647016031
37500,312192647016031
37550,312192647016031
37600,312192647016031
37650,312192647016031
37700,312192647016031
37750,312192647016031
37800,312192647016031
37850,312192647016031
37900,312192647016031
37950,312192647016031
38000,312192647016031
38050,312192647016031
38100,312192647016031
38150,312192647016031
38200,312192647016031
38250,312192647016031
38300,312192647016031
38350,312192647016031
38400,312192647016031
38450,312192647016031
38500,312192647016031
38550,312192647016031
38600,312192647016031
38650,312192647016031
38700,312192647016031
38750,312192647016031
38800,312192647016031
38850,312192647016031
38900,312192647016031
38950,312192647016031
39000,312192647016031
39050,312192647016031
39100,312192647016031
39150,312192647016031
39200,312192647016031
39250,312192647016031
39300,312192647016031
39350,312192647016031
39400,312192647016031
39450,312192647016031
39500,312192647016031
39550,312192647016031
39600,312192647016031
39650,312192647016031
39700,312192647016031
39750,312192647016031
39800,312192647016031
39850,312192647016031
39900,312192647016031
39950,312192647016031
40000,312192647016031
40050,312192647016031
40100,312192647016031
40150,312192647016031
40200,312192647016031
40250,312192647016031
40300,312192647016031
40350,312192647016031
40400,312192647016031
40450,312192647016031
40500,312192647016031
40550,312192647016031
40600,312192647016031
40650,312192647016031
40700,312192647016031
40750,312192647016031
40800,312192647016031
40850,312192647016031
40900,312192647016031
40950,312192647016031
41000,312192647016031
41050,312192647016031
41100,312192647016031
41150,312192647016031
41200,312192647016031
41250,312192647016031
41300,312192647016031
41350,312192647016031
41400,312192647016031
41450,312192647016031
37300,313127766999687
37350,313127766999687
37400,313127766999687
37450,313127766999687
37500,313127766999687
37550,313127766999687
37600,313127766999687
37650,313127766999687
37700,313127766999687
37750,313127766999687
37800,313127766999687
37850,313127766999687
37900,313127766999687
37950,313127766999687
38000,313127766999687
38050,313127766999687
38100,313127766999687
38150,313127766999687
38200,313127766999687
38250,313127766999687
38300,313127766999687
38350,313127766999687
38400,313127766999687
38450,313127766999687
38500,313127766999687
38550,313127766999687
38600,313127766999687
38650,313127766999687
38700,313127766999687
38750,313127766999687
38800,313127766999687
38850,313127766999687
38900,313127766999687
38950,313127766999687
39000,313127766999687
39050,313127766999687
39100,313127766999687
39150,313127766999687
39200,313127766999687
39250,313127766999687
39300,313127766999687
39350,313127766999687
39400,313127766999687
39450,313127766999687
39500,313127766999687
39550,313127766999687
39600,313127766999687
39650,313127766999687
39700,313127766999687
39750,313127766999687
39800,313127766999687
39850,313127766999687
39900,313127766999687
39950,313127766999687
40000,313127766999687
40050,313127766999687
40100,313127766999687
40150,313127766999687
40200,313127766999687
40250,313127766999687
40300,313127766999687
40350,313127766999687
40400,313127766999687
40450,313127766999687
40500,313127766999687
40550,313127766999687
40600,313127766999687
40650,313127766999687
40700,313127766999687
40750,313127766999687
40800,313127766999687
40850,313127766999687
40900,313127766999687
40950,313127766999687
41000,313127766999687
41050,313127766999687
41100,313127766999687
41150,313127766999687
41200,313127766999687
41250,313127766999687
41300,313127766999687
41350,313127766999687
41400,313127766999687
41450,313127766999687
37300,316147433229878
37350,316147433229878
37400,316147433229878
37450,316147433229878
37500,316147433229878
37550,316147433229878
37600,316147433229878
37650,316147433229878
37700,316147433229878
37750,316147433229878
37800,316147433229878
37850,316147433229878
37900,316147433229878
37950,316147433229878
38000,316147433229878
38050,316147433229878
38100,316147433229878
38150,316147433229878
38200,316147433229878
38250,316147433229878
38300,316147433229878
38350,316147433229878
38400,316147433229878
38450,316147433229878
38500,316147433229878
38550,316147433229878
38600,316147433229878
38650,316147433229878
38700,316147433229878
38750,316147433229878
38800,316147433229878
38850,316147433229878
38900,316147433229878
38950,316147433229878
39000,316147433229878
39050,316147433229878
39100,316147433229878
39150,316147433229878
39200,316147433229878
39250,316147433229878
39300,316147433229878
39350,316147433229878
39400,316147433229878
39450,316147433229878
39500,316147433229878
39550,316147433229878
39600,316147433229878
39650,316147433229878
39700,316147433229878
39750,316147433229878
39800,316147433229878
39850,316147433229878
39900,316147433229878
39950,316147433229878
40000,316147433229878
40050,316147433229878
40100,316147433229878
40150,316147433229878
40200,316147433229878
40250,316147433229878
40300,316147433229878
40350,316147433229878
40400,316147433229878
40450,316147433229878
40500,316147433229878
40550,316147433229878
40600,316147433229878
40650,316147433229878
40700,316147433229878
40750,316147433229878
40800,316147433229878
40850,316147433229878
40900,316147433229878
40950,316147433229878
41000,316147433229878
41050,316147433229878
41100,316147433229878
41150,316147433229878
41200,316147433229878
41250,316147433229878
41300,316147433229878
41350,316147433229878
41400,316147433229878
41450,316147433229878
37300,317123973111603
37350,317123973111603
37400,317123973111603
37450,317123973111603
37500,317123973111603
37550,317123973111603
37600,317123973111603
37650,317123973111603
37700,317123973111603
37750,317123973111603
37800,317123973111603
37850,317123973111603
37900,317123973111603
37950,317123973111603
38000,317123973111603
38050,317123973111603
38100,317123973111603
38150,317123973111603
38200,317123973111603
38250,317123973111603
38300,317123973111603
38350,317123973111603
38400,317123973111603
38450,317123973111603
38500,317123973111603
38550,317123973111603
38600,317123973111603
38650,317123973111603
38700,317123973111603
38750,317123973111603
38800,317123973111603
38850,317123973111603
38900,317123973111603
38950,317123973111603
39000,317123973111603
39050,317123973111603
39100,317123973111603
39150,317123973111603
39200,317123973111603
39250,317123973111603
39300,317123973111603
39350,317123973111603
39400,317123973111603
39450,317123973111603
39500,317123973111603
39550,317123973111603
39600,317123973111603
39650,317123973111603
39700,317123973111603
39750,317123973111603
39800,317123973111603
39850,317123973111603
39900,317123973111603
39950,317123973111603
40000,317123973111603
40050,317123973111603
40100,317123973111603
40150,317123973111603
40200,317123973111603
40250,317123973111603
40300,317123973111603
40350,317123973111603
40400,317123973111603
40450,317123973111603
40500,317123973111603
40550,317123973111603
40600,317123973111603
40650,317123973111603
40700,317123973111603
40750,317123973111603
40800,317123973111603
40850,317123973111603
40900,317123973111603
40950,317123973111603
41000,317123973111603
41050,317123973111603
41100,317123973111603
41150,317123973111603
41200,317123973111603
41250,317123973111603
41300,317123973111603
41350,317123973111603
41400,317123973111603
41450,317123973111603
37300,318220739671203
37350,318220739671203
37400,318220739671203
37450,318220739671203
37500,318220739671203
37550,318220739671203
37600,318220739671203
37650,318220739671203
37700,318220739671203
37750,318220739671203
37800,318220739671203
37850,318220739671203
37900,318220739671203
37950,318220739671203
38000,318220739671203
38050,318220739671203
38100,318220739671203
38150,318220739671203
38200,318220739671203
38250,318220739671203
38300,318220739671203
38350,318220739671203
38400,318220739671203
38450,318220739671203
38500,318220739671203
38550,318220739671203
38600,318220739671203
38650,318220739671203
38700,318220739671203
38750,318220739671203
38800,318220739671203
38850,318220739671203
38900,318220739671203
38950,318220739671203
39000,318220739671203
39050,318220739671203
39100,318220739671203
39150,318220739671203
39200,318220739671203
39250,318220739671203
39300,318220739671203
39350,318220739671203
39400,318220739671203
39450,318220739671203
39500,318220739671203
39550,318220739671203
39600,318220739671203
39650,318220739671203
39700,318220739671203
39750,318220739671203
39800,318220739671203
39850,318220739671203
39900,318220739671203
39950,318220739671203
40000,318220739671203
40050,318220739671203
40100,318220739671203
40150,318220739671203
40200,318220739671203
40250,318220739671203
40300,318220739671203
40350,318220739671203
40400,318220739671203
40450,318220739671203
40500,318220739671203
40550,318220739671203
40600,318220739671203
40650,318220739671203
40700,318220739671203
40750,318220739671203
40800,318220739671203
40850,318220739671203
40900,318220739671203
40950,318220739671203
41000,318220739671203
41050,318220739671203
41100,318220739671203
41150,318220739671203
41200,318220739671203
41250,318220739671203
41300,318220739671203
41350,318220739671203
41400,318220739671203
41450,318220739671203
37300,323113055830126
37350,323113055830126
37400,323113055830126
37450,323113055830126
37500,323113055830126
37550,323113055830126
37600,323113055830126
37650,323113055830126
37700,323113055830126
37750,323113055830126
37800,323113055830126
37850,323113055830126
37900,323113055830126
37950,323113055830126
38000,323113055830126
38050,323113055830126
38100,323113055830126
38150,323113055830126
38200,323113055830126
38250,323113055830126
38300,323113055830126
38350,323113055830126
38400,323113055830126
38450,323113055830126
38500,323113055830126
38550,323113055830126
38600,323113055830126
38650,323113055830126
38700,323113055830126
38750,323113055830126
38800,323113055830126
38850,323113055830126
38900,323113055830126
38950,323113055830126
39000,323113055830126
39050,323113055830126
39100,323113055830126
39150,323113055830126
39200,323113055830126
39250,323113055830126
39300,323113055830126
39350,323113055830126
39400,323113055830126
39450,323113055830126
39500,323113055830126
39550,323113055830126
39600,323113055830126
39650,323113055830126
39700,323113055830126
39750,323113055830126
39800,323113055830126
39850,323113055830126
39900,323113055830126
39950,323113055830126
40000,323113055830126
40050,323113055830126
40100,323113055830126
40150,323113055830126
40200,323113055830126
40250,323113055830126
40300,323113055830126
40350,323113055830126
40400,323113055830126
40450,323113055830126
40500,323113055830126
40550,323113055830126
40600,323113055830126
40650,323113055830126
40700,323113055830126
40750,323113055830126
40800,323113055830126
40850,323113055830126
40900,323113055830126
40950,323113055830126
41000,323113055830126
41050,323113055830126
41100,323113055830126
41150,323113055830126
41200,323113055830126
41250,323113055830126
41300,323113055830126
41350,323113055830126
41400,323113055830126
41450,323113055830126
37300,324466852430700
37350,324466852430700
37400,324466852430700
37450,324466852430700
37500,324466852430700
37550,324466852430700
37600,324466852430700
37650,324466852430700
37700,324466852430700
37750,324466852430700
37800,324466852430700
37850,324466852430700
37900,324466852430700
37950,324466852430700
38000,324466852430700
38050,324466852430700
38100,324466852430700
38150,324466852430700
38200,324466852430700
38250,324466852430700
38300,324466852430700
38350,324466852430700
38400,324466852430700
38450,324466852430700
38500,324466852430700
38550,324466852430700
38600,324466852430700
38650,324466852430700
38700,324466852430700
38750,324466852430700
38800,324466852430700
38850,324466852430700
38900,324466852430700
38950,324466852430700
39000,324466852430700
39050,324466852430700
39100,324466852430700
39150,324466852430700
39200,324466852430700
39250,324466852430700
39300,324466852430700
39350,324466852430700
39400,324466852430700
39450,324466852430700
39500,324466852430700
39550,324466852430700
39600,324466852430700
39650,324466852430700
39700,324466852430700
39750,324466852430700
39800,324466852430700
39850,324466852430700
39900,324466852430700
39950,324466852430700
40000,324466852430700
40050,324466852430700
40100,324466852430700
40150,324466852430700
40200,324466852430700
40250,324466852430700
40300,324466852430700
40350,324466852430700
40400,324466852430700
40450,324466852430700
40500,324466852430700
40550,324466852430700
40600,324466852430700
40650,324466852430700
40700,324466852430700
40750,324466852430700
40800,324466852430700
40850,324466852430700
40900,324466852430700
40950,324466852430700
41000,324466852430700
41050,324466852430700
41100,324466852430700
41150,324466852430700
41200,324466852430700
41250,324466852430700
41300,324466852430700
41350,324466852430700
41400,324466852430700
41450,324466852430700
37300,335844591210293
37350,335844591210293
37400,335844591210293
37450,335844591210293
37500,335844591210293
37550,335844591210293
37600,335844591210293
37650,335844591210293
37700,335844591210293
37750,335844591210293
37800,335844591210293
37850,335844591210293
37900,335844591210293
37950,335844591210293
38000,335844591210293
38050,335844591210293
38100,335844591210293
38150,335844591210293
38200,335844591210293
38250,335844591210293
38300,335844591210293
38350,335844591210293
38400,335844591210293
38450,335844591210293
38500,335844591210293
38550,335844591210293
38600,335844591210293
38650,335844591210293
38700,335844591210293
38750,335844591210293
38800,335844591210293
38850,335844591210293
38900,335844591210293
38950,335844591210293
39000,335844591210293
39050,335844591210293
39100,335844591210293
39150,335844591210293
39200,335844591210293
39250,335844591210293
39300,335844591210293
39350,335844591210293
39400,335844591210293
39450,335844591210293
39500,335844591210293
39550,335844591210293
39600,335844591210293
39650,335844591210293
39700,335844591210293
39750,335844591210293
39800,335844591210293
39850,335844591210293
39900,335844591210293
39950,335844591210293
40000,335844591210293
40050,335844591210293
40100,335844591210293
40150,335844591210293
40200,335844591210293
40250,335844591210293
40300,335844591210293
40350,335844591210293
40400,335844591210293
40450,335844591210293
40500,335844591210293
40550,335844591210293
40600,335844591210293
40650,335844591210293
40700,335844591210293
40750,335844591210293
40800,335844591210293
40850,335844591210293
40900,335844591210293
40950,335844591210293
41000,335844591210293
41050,335844591210293
41100,335844591210293
41150,335844591210293
41200,335844591210293
41250,335844591210293
41300,335844591210293
41350,335844591210293
41400,335844591210293
41450,335844591210293
7781,339973640889465
7786,339973640889465
7791,339973640889465
7796,339973640889465
7801,339973640889465
7806,339973640889465
7811,339973640889465
7816,339973640889465
7821,339973640889465
23861,339973640889465
23866,339973640889465
23871,339973640889465
23876,339973640889465
23881,339973640889465
2531,339973640889465
2536,339973640889465
2541,339973640889465
2546,339973640889465
2551,339973640889465
2556,339973640889465
2561,339973640889465
2566,339973640889465
2571,339973640889465
2576,339973640889465
2581,339973640889465
2586,339973640889465
2591,339973640889465
2596,339973640889465
37300,351643666384375
37350,351643666384375
37400,351643666384375
37450,351643666384375
37500,351643666384375
37550,351643666384375
37600,351643666384375
37650,351643666384375
37700,351643666384375
37750,351643666384375
37800,351643666384375
37850,351643666384375
37900,351643666384375
37950,351643666384375
38000,351643666384375
38050,351643666384375
38100,351643666384375
38150,351643666384375
38200,351643666384375
38250,351643666384375
38300,351643666384375
38350,351643666384375
38400,351643666384375
38450,351643666384375
38500,351643666384375
38550,351643666384375
38600,351643666384375
38650,351643666384375
38700,351643666384375
38750,351643666384375
38800,351643666384375
38850,351643666384375
38900,351643666384375
38950,351643666384375
39000,351643666384375
39050,351643666384375
39100,351643666384375
39150,351643666384375
39200,351643666384375
39250,351643666384375
39300,351643666384375
39350,351643666384375
39400,351643666384375
39450,351643666384375
39500,351643666384375
39550,351643666384375
39600,351643666384375
39650,351643666384375
39700,351643666384375
39750,351643666384375
39800,351643666384375
39850,351643666384375
39900,351643666384375
39950,351643666384375
40000,351643666384375
40050,351643666384375
40100,351643666384375
40150,351643666384375
40200,351643666384375
40250,351643666384375
40300,351643666384375
40350,351643666384375
40400,351643666384375
40450,351643666384375
40500,351643666384375
40550,351643666384375
40600,351643666384375
40650,351643666384375
40700,351643666384375
40750,351643666384375
40800,351643666384375
40850,351643666384375
40900,351643666384375
40950,351643666384375
41000,351643666384375
41050,351643666384375
41100,351643666384375
41150,351643666384375
41200,351643666384375
41250,351643666384375
41300,351643666384375
41350,351643666384375
41400,351643666384375
41450,351643666384375
7781,367029038020395
7786,367029038020395
7791,367029038020395
7796,367029038020395
7801,367029038020395
7806,367029038020395
7811,367029038020395
7816,367029038020395
7821,367029038020395
23861,367029038020395
23866,367029038020395
23871,367029038020395
23876,367029038020395
23881,367029038020395
2531,367029038020395
2536,367029038020395
2541,367029038020395
2546,367029038020395
2551,367029038020395
2556,367029038020395
2561,367029038020395
2566,367029038020395
2571,367029038020395
2576,367029038020395
2581,367029038020395
2586,367029038020395
2591,367029038020395
2596,367029038020395
37300,372682857469137
37350,372682857469137
37400,372682857469137
37450,372682857469137
37500,372682857469137
37550,372682857469137
37600,372682857469137
37650,372682857469137
37700,372682857469137
37750,372682857469137
37800,372682857469137
37850,372682857469137
37900,372682857469137
37950,372682857469137
38000,372682857469137
38050,372682857469137
38100,372682857469137
38150,372682857469137
38200,372682857469137
38250,372682857469137
38300,372682857469137
38350,372682857469137
38400,372682857469137
38450,372682857469137
38500,372682857469137
38550,372682857469137
38600,372682857469137
38650,372682857469137
38700,372682857469137
38750,372682857469137
38800,372682857469137
38850,372682857469137
38900,372682857469137
38950,372682857469137
39000,372682857469137
39050,372682857469137
39100,372682857469137
39150,372682857469137
39200,372682857469137
39250,372682857469137
39300,372682857469137
39350,372682857469137
39400,372682857469137
39450,372682857469137
39500,372682857469137
39550,372682857469137
39600,372682857469137
39650,372682857469137
39700,372682857469137
39750,372682857469137
39800,372682857469137
39850,372682857469137
39900,372682857469137
39950,372682857469137
40000,372682857469137
40050,372682857469137
40100,372682857469137
40150,372682857469137
40200,372682857469137
40250,372682857469137
40300,372682857469137
40350,372682857469137
40400,372682857469137
40450,372682857469137
40500,372682857469137
40550,372682857469137
40600,372682857469137
40650,372682857469137
40700,372682857469137
40750,372682857469137
40800,372682857469137
40850,372682857469137
40900,372682857469137
40950,372682857469137
41000,372682857469137
41050,372682857469137
41100,372682857469137
41150,372682857469137
41200,372682857469137
41250,372682857469137
41300,372682857469137
41350,372682857469137
41400,372682857469137
41450,372682857469137
37300,3736317583146995
37350,3736317583146995
37400,3736317583146995
37450,3736317583146995
37500,3736317583146995
37550,3736317583146995
37600,3736317583146995
37650,3736317583146995
37700,3736317583146995
37750,3736317583146995
37800,3736317583146995
37850,3736317583146995
37900,3736317583146995
37950,3736317583146995
38000,3736317583146995
38050,3736317583146995
38100,3736317583146995
38150,3736317583146995
38200,3736317583146995
38250,3736317583146995
38300,3736317583146995
38350,3736317583146995
38400,3736317583146995
38450,3736317583146995
38500,3736317583146995
38550,3736317583146995
38600,3736317583146995
38650,3736317583146995
38700,3736317583146995
38750,3736317583146995
38800,3736317583146995
38850,3736317583146995
38900,3736317583146995
38950,3736317583146995
39000,3736317583146995
39050,3736317583146995
39100,3736317583146995
39150,3736317583146995
39200,3736317583146995
39250,3736317583146995
39300,3736317583146995
39350,3736317583146995
39400,3736317583146995
39450,3736317583146995
39500,3736317583146995
39550,3736317583146995
39600,3736317583146995
39650,3736317583146995
39700,3736317583146995
39750,3736317583146995
39800,3736317583146995
39850,3736317583146995
39900,3736317583146995
39950,3736317583146995
40000,3736317583146995
40050,3736317583146995
40100,3736317583146995
40150,3736317583146995
40200,3736317583146995
40250,3736317583146995
40300,3736317583146995
40350,3736317583146995
40400,3736317583146995
40450,3736317583146995
40500,3736317583146995
40550,3736317583146995
40600,3736317583146995
40650,3736317583146995
40700,3736317583146995
40750,3736317583146995
40800,3736317583146995
40850,3736317583146995
40900,3736317583146995
40950,3736317583146995
41000,3736317583146995
41050,3736317583146995
41100,3736317583146995
41150,3736317583146995
41200,3736317583146995
41250,3736317583146995
41300,3736317583146995
41350,3736317583146995
41400,3736317583146995
41450,3736317583146995
7781,3901194019972102
7786,3901194019972102
7791,3901194019972102
7796,3901194019972102
7801,3901194019972102
7806,3901194019972102
7811,3901194019972102
7816,3901194019972102
7821,3901194019972102
23861,3901194019972102
23866,3901194019972102
23871,3901194019972102
23876,3901194019972102
23881,3901194019972102
2531,3901194019972102
2536,3901194019972102
2541,3901194019972102
2546,3901194019972102
2551,3901194019972102
2556,3901194019972102
2561,3901194019972102
2566,3901194019972102
2571,3901194019972102
2576,3901194019972102
2581,3901194019972102
2586,3901194019972102
2591,3901194019972102
2596,3901194019972102
37300,3912439145518104
37350,3912439145518104
37400,3912439145518104
37450,3912439145518104
37500,3912439145518104
37550,3912439145518104
37600,3912439145518104
37650,3912439145518104
37700,3912439145518104
37750,3912439145518104
37800,3912439145518104
37850,3912439145518104
37900,3912439145518104
37950,3912439145518104
38000,3912439145518104
38050,3912439145518104
38100,3912439145518104
38150,3912439145518104
38200,3912439145518104
38250,3912439145518104
38300,3912439145518104
38350,3912439145518104
38400,3912439145518104
38450,3912439145518104
38500,3912439145518104
38550,3912439145518104
38600,3912439145518104
38650,3912439145518104
38700,3912439145518104
38750,3912439145518104
38800,3912439145518104
38850,3912439145518104
38900,3912439145518104
38950,3912439145518104
39000,3912439145518104
39050,3912439145518104
39100,3912439145518104
39150,3912439145518104
39200,3912439145518104
39250,3912439145518104
39300,3912439145518104
39350,3912439145518104
39400,3912439145518104
39450,3912439145518104
39500,3912439145518104
39550,3912439145518104
39600,3912439145518104
39650,3912439145518104
39700,3912439145518104
39750,3912439145518104
39800,3912439145518104
39850,3912439145518104
39900,3912439145518104
39950,3912439145518104
40000,3912439145518104
40050,3912439145518104
40100,3912439145518104
40150,3912439145518104
40200,3912439145518104
40250,3912439145518104
40300,3912439145518104
40350,3912439145518104
40400,3912439145518104
40450,3912439145518104
40500,3912439145518104
40550,3912439145518104
40600,3912439145518104
40650,3912439145518104
40700,3912439145518104
40750,3912439145518104
40800,3912439145518104
40850,3912439145518104
40900,3912439145518104
40950,3912439145518104
41000,3912439145518104
41050,3912439145518104
41100,3912439145518104
41150,3912439145518104
41200,3912439145518104
41250,3912439145518104
41300,3912439145518104
41350,3912439145518104
41400,3912439145518104
41450,3912439145518104
37300,3957841700967474
37350,3957841700967474
37400,3957841700967474
37450,3957841700967474
37500,3957841700967474
37550,3957841700967474
37600,3957841700967474
37650,3957841700967474
37700,3957841700967474
37750,3957841700967474
37800,3957841700967474
37850,3957841700967474
37900,3957841700967474
37950,3957841700967474
38000,3957841700967474
38050,3957841700967474
38100,3957841700967474
38150,3957841700967474
38200,3957841700967474
38250,3957841700967474
38300,3957841700967474
38350,3957841700967474
38400,3957841700967474
38450,3957841700967474
38500,3957841700967474
38550,3957841700967474
38600,3957841700967474
38650,3957841700967474
38700,3957841700967474
38750,3957841700967474
38800,3957841700967474
38850,3957841700967474
38900,3957841700967474
38950,3957841700967474
39000,3957841700967474
39050,3957841700967474
39100,3957841700967474
39150,3957841700967474
39200,3957841700967474
39250,3957841700967474
39300,3957841700967474
39350,3957841700967474
39400,3957841700967474
39450,3957841700967474
39500,3957841700967474
39550,3957841700967474
39600,3957841700967474
39650,3957841700967474
39700,3957841700967474
39750,3957841700967474
39800,3957841700967474
39850,3957841700967474
39900,3957841700967474
39950,3957841700967474
40000,3957841700967474
40050,3957841700967474
40100,3957841700967474
40150,3957841700967474
40200,3957841700967474
40250,3957841700967474
40300,3957841700967474
40350,3957841700967474
40400,3957841700967474
40450,3957841700967474
40500,3957841700967474
40550,3957841700967474
40600,3957841700967474
40650,3957841700967474
40700,3957841700967474
40750,3957841700967474
40800,3957841700967474
40850,3957841700967474
40900,3957841700967474
40950,3957841700967474
41000,3957841700967474
41050,3957841700967474
41100,3957841700967474
41150,3957841700967474
41200,3957841700967474
41250,3957841700967474
41300,3957841700967474
41350,3957841700967474
41400,3957841700967474
41450,3957841700967474
37300,3973885756058652
37350,3973885756058652
37400,3973885756058652
37450,3973885756058652
37500,3973885756058652
37550,3973885756058652
37600,3973885756058652
37650,3973885756058652
37700,3973885756058652
37750,3973885756058652
37800,3973885756058652
37850,3973885756058652
37900,3973885756058652
37950,3973885756058652
38000,3973885756058652
38050,3973885756058652
38100,3973885756058652
38150,3973885756058652
38200,3973885756058652
38250,3973885756058652
38300,3973885756058652
38350,3973885756058652
38400,3973885756058652
38450,3973885756058652
38500,3973885756058652
38550,3973885756058652
38600,3973885756058652
38650,3973885756058652
38700,3973885756058652
38750,3973885756058652
38800,3973885756058652
38850,3973885756058652
38900,3973885756058652
38950,3973885756058652
39000,3973885756058652
39050,3973885756058652
39100,3973885756058652
39150,3973885756058652
39200,3973885756058652
39250,3973885756058652
39300,3973885756058652
39350,3973885756058652
39400,3973885756058652
39450,3973885756058652
39500,3973885756058652
39550,3973885756058652
39600,3973885756058652
39650,3973885756058652
39700,3973885756058652
39750,3973885756058652
39800,3973885756058652
39850,3973885756058652
39900,3973885756058652
39950,3973885756058652
40000,3973885756058652
40050,3973885756058652
40100,3973885756058652
40150,3973885756058652
40200,3973885756058652
40250,3973885756058652
40300,3973885756058652
40350,3973885756058652
40400,3973885756058652
40450,3973885756058652
40500,3973885756058652
40550,3973885756058652
40600,3973885756058652
40650,3973885756058652
40700,3973885756058652
40750,3973885756058652
40800,3973885756058652
40850,3973885756058652
40900,3973885756058652
40950,3973885756058652
41000,3973885756058652
41050,3973885756058652
41100,3973885756058652
41150,3973885756058652
41200,3973885756058652
41250,3973885756058652
41300,3973885756058652
41350,3973885756058652
41400,3973885756058652
41450,3973885756058652
37300,4040014482748741
37350,4040014482748741
37400,4040014482748741
37450,4040014482748741
37500,4040014482748741
37550,4040014482748741
37600,4040014482748741
37650,4040014482748741
37700,4040014482748741
37750,4040014482748741
37800,4040014482748741
37850,4040014482748741
37900,4040014482748741
37950,4040014482748741
38000,4040014482748741
38050,4040014482748741
38100,4040014482748741
38150,4040014482748741
38200,4040014482748741
38250,4040014482748741
38300,4040014482748741
38350,4040014482748741
38400,4040014482748741
38450,4040014482748741
38500,4040014482748741
38550,4040014482748741
38600,4040014482748741
38650,4040014482748741
38700,4040014482748741
38750,4040014482748741
38800,4040014482748741
38850,4040014482748741
38900,4040014482748741
38950,4040014482748741
39000,4040014482748741
39050,4040014482748741
39100,4040014482748741
39150,4040014482748741
39200,4040014482748741
39250,4040014482748741
39300,4040014482748741
39350,4040014482748741
39400,4040014482748741
39450,4040014482748741
39500,4040014482748741
39550,4040014482748741
39600,4040014482748741
39650,4040014482748741
39700,4040014482748741
39750,4040014482748741
39800,4040014482748741
39850,4040014482748741
39900,4040014482748741
39950,4040014482748741
40000,4040014482748741
40050,4040014482748741
40100,4040014482748741
40150,4040014482748741
40200,4040014482748741
40250,4040014482748741
40300,4040014482748741
40350,4040014482748741
40400,4040014482748741
40450,4040014482748741
40500,4040014482748741
40550,4040014482748741
40600,4040014482748741
40650,4040014482748741
40700,4040014482748741
40750,4040014482748741
40800,4040014482748741
40850,4040014482748741
40900,4040014482748741
40950,4040014482748741
41000,4040014482748741
41050,4040014482748741
41100,4040014482748741
41150,4040014482748741
41200,4040014482748741
41250,4040014482748741
41300,4040014482748741
41350,4040014482748741
41400,4040014482748741
41450,4040014482748741
37300,4061209447235223
37350,4061209447235223
37400,4061209447235223
37450,4061209447235223
37500,4061209447235223
37550,4061209447235223
37600,4061209447235223
37650,4061209447235223
37700,4061209447235223
37750,4061209447235223
37800,4061209447235223
37850,4061209447235223
37900,4061209447235223
37950,4061209447235223
38000,4061209447235223
38050,4061209447235223
38100,4061209447235223
38150,4061209447235223
38200,4061209447235223
38250,4061209447235223
38300,4061209447235223
38350,4061209447235223
38400,4061209447235223
38450,4061209447235223
38500,4061209447235223
38550,4061209447235223
38600,4061209447235223
38650,4061209447235223
38700,4061209447235223
38750,4061209447235223
38800,4061209447235223
38850,4061209447235223
38900,4061209447235223
38950,4061209447235223
39000,4061209447235223
39050,4061209447235223
39100,4061209447235223
39150,4061209447235223
39200,4061209447235223
39250,4061209447235223
39300,4061209447235223
39350,4061209447235223
39400,4061209447235223
39450,4061209447235223
39500,4061209447235223
39550,4061209447235223
39600,4061209447235223
39650,4061209447235223
39700,4061209447235223
39750,4061209447235223
39800,4061209447235223
39850,4061209447235223
39900,4061209447235223
39950,4061209447235223
40000,4061209447235223
40050,4061209447235223
40100,4061209447235223
40150,4061209447235223
40200,4061209447235223
40250,4061209447235223
40300,4061209447235223
40350,4061209447235223
40400,4061209447235223
40450,4061209447235223
40500,4061209447235223
40550,4061209447235223
40600,4061209447235223
40650,4061209447235223
40700,4061209447235223
40750,4061209447235223
40800,4061209447235223
40850,4061209447235223
40900,4061209447235223
40950,4061209447235223
41000,4061209447235223
41050,4061209447235223
41100,4061209447235223
41150,4061209447235223
41200,4061209447235223
41250,4061209447235223
41300,4061209447235223
41350,4061209447235223
41400,4061209447235223
41450,4061209447235223
37300,4062903437100039
37350,4062903437100039
37400,4062903437100039
37450,4062903437100039
37500,4062903437100039
37550,4062903437100039
37600,4062903437100039
37650,4062903437100039
37700,4062903437100039
37750,4062903437100039
37800,4062903437100039
37850,4062903437100039
37900,4062903437100039
37950,4062903437100039
38000,4062903437100039
38050,4062903437100039
38100,4062903437100039
38150,4062903437100039
38200,4062903437100039
38250,4062903437100039
38300,4062903437100039
38350,4062903437100039
38400,4062903437100039
38450,4062903437100039
38500,4062903437100039
38550,4062903437100039
38600,4062903437100039
38650,4062903437100039
38700,4062903437100039
38750,4062903437100039
38800,4062903437100039
38850,4062903437100039
38900,4062903437100039
38950,4062903437100039
39000,4062903437100039
39050,4062903437100039
39100,4062903437100039
39150,4062903437100039
39200,4062903437100039
39250,4062903437100039
39300,4062903437100039
39350,4062903437100039
39400,4062903437100039
39450,4062903437100039
39500,4062903437100039
39550,4062903437100039
39600,4062903437100039
39650,4062903437100039
39700,4062903437100039
39750,4062903437100039
39800,4062903437100039
39850,4062903437100039
39900,4062903437100039
39950,4062903437100039
40000,4062903437100039
40050,4062903437100039
40100,4062903437100039
40150,4062903437100039
40200,4062903437100039
40250,4062903437100039
40300,4062903437100039
40350,4062903437100039
40400,4062903437100039
40450,4062903437100039
40500,4062903437100039
40550,4062903437100039
40600,4062903437100039
40650,4062903437100039
40700,4062903437100039
40750,4062903437100039
40800,4062903437100039
40850,4062903437100039
40900,4062903437100039
40950,4062903437100039
41000,4062903437100039
41050,4062903437100039
41100,4062903437100039
41150,4062903437100039
41200,4062903437100039
41250,4062903437100039
41300,4062903437100039
41350,4062903437100039
41400,4062903437100039
41450,4062903437100039
37300,4090156661051179
37350,4090156661051179
37400,4090156661051179
37450,4090156661051179
37500,4090156661051179
37550,4090156661051179
37600,4090156661051179
37650,4090156661051179
37700,4090156661051179
37750,4090156661051179
37800,4090156661051179
37850,4090156661051179
37900,4090156661051179
37950,4090156661051179
38000,4090156661051179
38050,4090156661051179
38100,4090156661051179
38150,4090156661051179
38200,4090156661051179
38250,4090156661051179
38300,4090156661051179
38350,4090156661051179
38400,4090156661051179
38450,4090156661051179
38500,4090156661051179
38550,4090156661051179
38600,4090156661051179
38650,4090156661051179
38700,4090156661051179
38750,4090156661051179
38800,4090156661051179
38850,4090156661051179
38900,4090156661051179
38950,4090156661051179
39000,4090156661051179
39050,4090156661051179
39100,4090156661051179
39150,4090156661051179
39200,4090156661051179
39250,4090156661051179
39300,4090156661051179
39350,4090156661051179
39400,4090156661051179
39450,4090156661051179
39500,4090156661051179
39550,4090156661051179
39600,4090156661051179
39650,4090156661051179
39700,4090156661051179
39750,4090156661051179
39800,4090156661051179
39850,4090156661051179
39900,4090156661051179
39950,4090156661051179
40000,4090156661051179
40050,4090156661051179
40100,4090156661051179
40150,4090156661051179
40200,4090156661051179
40250,4090156661051179
40300,4090156661051179
40350,4090156661051179
40400,4090156661051179
40450,4090156661051179
40500,4090156661051179
40550,4090156661051179
40600,4090156661051179
40650,4090156661051179
40700,4090156661051179
40750,4090156661051179
40800,4090156661051179
40850,4090156661051179
40900,4090156661051179
40950,4090156661051179
41000,4090156661051179
41050,4090156661051179
41100,4090156661051179
41150,4090156661051179
41200,4090156661051179
41250,4090156661051179
41300,4090156661051179
41350,4090156661051179
41400,4090156661051179
41450,4090156661051179
7781,4232333256798703
7786,4232333256798703
7791,4232333256798703
7796,4232333256798703
7801,4232333256798703
7806,4232333256798703
7811,4232333256798703
7816,4232333256798703
7821,4232333256798703
23861,4232333256798703
23866,4232333256798703
23871,4232333256798703
23876,4232333256798703
23881,4232333256798703
2531,4232333256798703
2536,4232333256798703
2541,4232333256798703
2546,4232333256798703
2551,4232333256798703
2556,4232333256798703
2561,4232333256798703
2566,4232333256798703
2571,4232333256798703
2576,4232333256798703
2581,4232333256798703
2586,4232333256798703
2591,4232333256798703
2596,4232333256798703
37300,428293974906309
37350,428293974906309
37400,428293974906309
37450,428293974906309
37500,428293974906309
37550,428293974906309
37600,428293974906309
37650,428293974906309
37700,428293974906309
37750,428293974906309
37800,428293974906309
37850,428293974906309
37900,428293974906309
37950,428293974906309
38000,428293974906309
38050,428293974906309
38100,428293974906309
38150,428293974906309
38200,428293974906309
38250,428293974906309
38300,428293974906309
38350,428293974906309
38400,428293974906309
38450,428293974906309
38500,428293974906309
38550,428293974906309
38600,428293974906309
38650,428293974906309
38700,428293974906309
38750,428293974906309
38800,428293974906309
38850,428293974906309
38900,428293974906309
38950,428293974906309
39000,428293974906309
39050,428293974906309
39100,428293974906309
39150,428293974906309
39200,428293974906309
39250,428293974906309
39300,428293974906309
39350,428293974906309
39400,428293974906309
39450,428293974906309
39500,428293974906309
39550,428293974906309
39600,428293974906309
39650,428293974906309
39700,428293974906309
39750,428293974906309
39800,428293974906309
39850,428293974906309
39900,428293974906309
39950,428293974906309
40000,428293974906309
40050,428293974906309
40100,428293974906309
40150,428293974906309
40200,428293974906309
40250,428293974906309
40300,428293974906309
40350,428293974906309
40400,428293974906309
40450,428293974906309
40500,428293974906309
40550,428293974906309
40600,428293974906309
40650,428293974906309
40700,428293974906309
40750,428293974906309
40800,428293974906309
40850,428293974906309
40900,428293974906309
40950,428293974906309
41000,428293974906309
41050,428293974906309
41100,428293974906309
41150,428293974906309
41200,428293974906309
41250,428293974906309
41300,428293974906309
41350,428293974906309
41400,428293974906309
41450,428293974906309
37300,4383884718289873
37350,4383884718289873
37400,4383884718289873
37450,4383884718289873
37500,4383884718289873
37550,4383884718289873
37600,4383884718289873
37650,4383884718289873
37700,4383884718289873
37750,4383884718289873
37800,4383884718289873
37850,4383884718289873
37900,4383884718289873
37950,4383884718289873
38000,4383884718289873
38050,4383884718289873
38100,4383884718289873
38150,4383884718289873
38200,4383884718289873
38250,4383884718289873
38300,4383884718289873
38350,4383884718289873
38400,4383884718289873
38450,4383884718289873
38500,4383884718289873
38550,4383884718289873
38600,4383884718289873
38650,4383884718289873
38700,4383884718289873
38750,4383884718289873
38800,4383884718289873
38850,4383884718289873
38900,4383884718289873
38950,4383884718289873
39000,4383884718289873
39050,4383884718289873
39100,4383884718289873
39150,4383884718289873
39200,4383884718289873
39250,4383884718289873
39300,4383884718289873
39350,4383884718289873
39400,4383884718289873
39450,4383884718289873
39500,4383884718289873
39550,4383884718289873
39600,4383884718289873
39650,4383884718289873
39700,4383884718289873
39750,4383884718289873
39800,4383884718289873
39850,4383884718289873
39900,4383884718289873
39950,4383884718289873
40000,4383884718289873
40050,4383884718289873
40100,4383884718289873
40150,4383884718289873
40200,4383884718289873
40250,4383884718289873
40300,4383884718289873
40350,4383884718289873
40400,4383884718289873
40450,4383884718289873
40500,4383884718289873
40550,4383884718289873
40600,4383884718289873
40650,4383884718289873
40700,4383884718289873
40750,4383884718289873
40800,4383884718289873
40850,4383884718289873
40900,4383884718289873
40950,4383884718289873
41000,4383884718289873
41050,4383884718289873
41100,4383884718289873
41150,4383884718289873
41200,4383884718289873
41250,4383884718289873
41300,4383884718289873
41350,4383884718289873
41400,4383884718289873
41450,4383884718289873
37300,458265088597722
37350,458265088597722
37400,458265088597722
37450,458265088597722
37500,458265088597722
37550,458265088597722
37600,458265088597722
37650,458265088597722
37700,458265088597722
37750,458265088597722
37800,458265088597722
37850,458265088597722
37900,458265088597722
37950,458265088597722
38000,458265088597722
38050,458265088597722
38100,458265088597722
38150,458265088597722
38200,458265088597722
38250,458265088597722
38300,458265088597722
38350,458265088597722
38400,458265088597722
38450,458265088597722
38500,458265088597722
38550,458265088597722
38600,458265088597722
38650,458265088597722
38700,458265088597722
38750,458265088597722
38800,458265088597722
38850,458265088597722
38900,458265088597722
38950,458265088597722
39000,458265088597722
39050,458265088597722
39100,458265088597722
39150,458265088597722
39200,458265088597722
39250,458265088597722
39300,458265088597722
39350,458265088597722
39400,458265088597722
39450,458265088597722
39500,458265088597722
39550,458265088597722
39600,458265088597722
39650,458265088597722
39700,458265088597722
39750,458265088597722
39800,458265088597722
39850,458265088597722
39900,458265088597722
39950,458265088597722
40000,458265088597722
40050,458265088597722
40100,458265088597722
40150,458265088597722
40200,458265088597722
40250,458265088597722
40300,458265088597722
40350,458265088597722
40400,458265088597722
40450,458265088597722
40500,458265088597722
40550,458265088597722
40600,458265088597722
40650,458265088597722
40700,458265088597722
40750,458265088597722
40800,458265088597722
40850,458265088597722
40900,458265088597722
40950,458265088597722
41000,458265088597722
41050,458265088597722
41100,458265088597722
41150,458265088597722
41200,458265088597722
41250,458265088597722
41300,458265088597722
41350,458265088597722
41400,458265088597722
41450,458265088597722
37300,461374908452669
37350,461374908452669
37400,461374908452669
37450,461374908452669
37500,461374908452669
37550,461374908452669
37600,461374908452669
37650,461374908452669
37700,461374908452669
37750,461374908452669
37800,461374908452669
37850,461374908452669
37900,461374908452669
37950,461374908452669
38000,461374908452669
38050,461374908452669
38100,461374908452669
38150,461374908452669
38200,461374908452669
38250,461374908452669
38300,461374908452669
38350,461374908452669
38400,461374908452669
38450,461374908452669
38500,461374908452669
38550,461374908452669
38600,461374908452669
38650,461374908452669
38700,461374908452669
38750,461374908452669
38800,461374908452669
38850,461374908452669
38900,461374908452669
38950,461374908452669
39000,461374908452669
39050,461374908452669
39100,461374908452669
39150,461374908452669
39200,461374908452669
39250,461374908452669
39300,461374908452669
39350,461374908452669
39400,461374908452669
39450,461374908452669
39500,461374908452669
39550,461374908452669
39600,461374908452669
39650,461374908452669
39700,461374908452669
39750,461374908452669
39800,461374908452669
39850,461374908452669
39900,461374908452669
39950,461374908452669
40000,461374908452669
40050,461374908452669
40100,461374908452669
40150,461374908452669
40200,461374908452669
40250,461374908452669
40300,461374908452669
40350,461374908452669
40400,461374908452669
40450,461374908452669
40500,461374908452669
40550,461374908452669
40600,461374908452669
40650,461374908452669
40700,461374908452669
40750,461374908452669
40800,461374908452669
40850,461374908452669
40900,461374908452669
40950,461374908452669
41000,461374908452669
41050,461374908452669
41100,461374908452669
41150,461374908452669
41200,461374908452669
41250,461374908452669
41300,461374908452669
41350,461374908452669
41400,461374908452669
41450,461374908452669
37300,461832931565159
37350,461832931565159
37400,461832931565159
37450,461832931565159
37500,461832931565159
37550,461832931565159
37600,461832931565159
37650,461832931565159
37700,461832931565159
37750,461832931565159
37800,461832931565159
37850,461832931565159
37900,461832931565159
37950,461832931565159
38000,461832931565159
38050,461832931565159
38100,461832931565159
38150,461832931565159
38200,461832931565159
38250,461832931565159
38300,461832931565159
38350,461832931565159
38400,461832931565159
38450,461832931565159
38500,461832931565159
38550,461832931565159
38600,461832931565159
38650,461832931565159
38700,461832931565159
38750,461832931565159
38800,461832931565159
38850,461832931565159
38900,461832931565159
38950,461832931565159
39000,461832931565159
39050,461832931565159
39100,461832931565159
39150,461832931565159
39200,461832931565159
39250,461832931565159
39300,461832931565159
39350,461832931565159
39400,461832931565159
39450,461832931565159
39500,461832931565159
39550,461832931565159
39600,461832931565159
39650,461832931565159
39700,461832931565159
39750,461832931565159
39800,461832931565159
39850,461832931565159
39900,461832931565159
39950,461832931565159
40000,461832931565159
40050,461832931565159
40100,461832931565159
40150,461832931565159
40200,461832931565159
40250,461832931565159
40300,461832931565159
40350,461832931565159
40400,461832931565159
40450,461832931565159
40500,461832931565159
40550,461832931565159
40600,461832931565159
40650,461832931565159
40700,461832931565159
40750,461832931565159
40800,461832931565159
40850,461832931565159
40900,461832931565159
40950,461832931565159
41000,461832931565159
41050,461832931565159
41100,461832931565159
41150,461832931565159
41200,461832931565159
41250,461832931565159
41300,461832931565159
41350,461832931565159
41400,461832931565159
41450,461832931565159
37300,464839121485956
37350,464839121485956
37400,464839121485956
37450,464839121485956
37500,464839121485956
37550,464839121485956
37600,464839121485956
37650,464839121485956
37700,464839121485956
37750,464839121485956
37800,464839121485956
37850,464839121485956
37900,464839121485956
37950,464839121485956
38000,464839121485956
38050,464839121485956
38100,464839121485956
38150,464839121485956
38200,464839121485956
38250,464839121485956
38300,464839121485956
38350,464839121485956
38400,464839121485956
38450,464839121485956
38500,464839121485956
38550,464839121485956
38600,464839121485956
38650,464839121485956
38700,464839121485956
38750,464839121485956
38800,464839121485956
38850,464839121485956
38900,464839121485956
38950,464839121485956
39000,464839121485956
39050,464839121485956
39100,464839121485956
39150,464839121485956
39200,464839121485956
39250,464839121485956
39300,464839121485956
39350,464839121485956
39400,464839121485956
39450,464839121485956
39500,464839121485956
39550,464839121485956
39600,464839121485956
39650,464839121485956
39700,464839121485956
39750,464839121485956
39800,464839121485956
39850,464839121485956
39900,464839121485956
39950,464839121485956
40000,464839121485956
40050,464839121485956
40100,464839121485956
40150,464839121485956
40200,464839121485956
40250,464839121485956
40300,464839121485956
40350,464839121485956
40400,464839121485956
40450,464839121485956
40500,464839121485956
40550,464839121485956
40600,464839121485956
40650,464839121485956
40700,464839121485956
40750,464839121485956
40800,464839121485956
40850,464839121485956
40900,464839121485956
40950,464839121485956
41000,464839121485956
41050,464839121485956
41100,464839121485956
41150,464839121485956
41200,464839121485956
41250,464839121485956
41300,464839121485956
41350,464839121485956
41400,464839121485956
41450,464839121485956
37300,468472451123328
37350,468472451123328
37400,468472451123328
37450,468472451123328
37500,468472451123328
37550,468472451123328
37600,468472451123328
37650,468472451123328
37700,468472451123328
37750,468472451123328
37800,468472451123328
37850,468472451123328
37900,468472451123328
37950,468472451123328
38000,468472451123328
38050,468472451123328
38100,468472451123328
38150,468472451123328
38200,468472451123328
38250,468472451123328
38300,468472451123328
38350,468472451123328
38400,468472451123328
38450,468472451123328
38500,468472451123328
38550,468472451123328
38600,468472451123328
38650,468472451123328
38700,468472451123328
38750,468472451123328
38800,468472451123328
38850,468472451123328
38900,468472451123328
38950,468472451123328
39000,468472451123328
39050,468472451123328
39100,468472451123328
39150,468472451123328
39200,468472451123328
39250,468472451123328
39300,468472451123328
39350,468472451123328
39400,468472451123328
39450,468472451123328
39500,468472451123328
39550,468472451123328
39600,468472451123328
39650,468472451123328
39700,468472451123328
39750,468472451123328
39800,468472451123328
39850,468472451123328
39900,468472451123328
39950,468472451123328
40000,468472451123328
40050,468472451123328
40100,468472451123328
40150,468472451123328
40200,468472451123328
40250,468472451123328
40300,468472451123328
40350,468472451123328
40400,468472451123328
40450,468472451123328
40500,468472451123328
40550,468472451123328
40600,468472451123328
40650,468472451123328
40700,468472451123328
40750,468472451123328
40800,468472451123328
40850,468472451123328
40900,468472451123328
40950,468472451123328
41000,468472451123328
41050,468472451123328
41100,468472451123328
41150,468472451123328
41200,468472451123328
41250,468472451123328
41300,468472451123328
41350,468472451123328
41400,468472451123328
41450,468472451123328
37300,468758624198354
37350,468758624198354
37400,468758624198354
37450,468758624198354
37500,468758624198354
37550,468758624198354
37600,468758624198354
37650,468758624198354
37700,468758624198354
37750,468758624198354
37800,468758624198354
37850,468758624198354
37900,468758624198354
37950,468758624198354
38000,468758624198354
38050,468758624198354
38100,468758624198354
38150,468758624198354
38200,468758624198354
38250,468758624198354
38300,468758624198354
38350,468758624198354
38400,468758624198354
38450,468758624198354
38500,468758624198354
38550,468758624198354
38600,468758624198354
38650,468758624198354
38700,468758624198354
38750,468758624198354
38800,468758624198354
38850,468758624198354
38900,468758624198354
38950,468758624198354
39000,468758624198354
39050,468758624198354
39100,468758624198354
39150,468758624198354
39200,468758624198354
39250,468758624198354
39300,468758624198354
39350,468758624198354
39400,468758624198354
39450,468758624198354
39500,468758624198354
39550,468758624198354
39600,468758624198354
39650,468758624198354
39700,468758624198354
39750,468758624198354
39800,468758624198354
39850,468758624198354
39900,468758624198354
39950,468758624198354
40000,468758624198354
40050,468758624198354
40100,468758624198354
40150,468758624198354
40200,468758624198354
40250,468758624198354
40300,468758624198354
40350,468758624198354
40400,468758624198354
40450,468758624198354
40500,468758624198354
40550,468758624198354
40600,468758624198354
40650,468758624198354
40700,468758624198354
40750,468758624198354
40800,468758624198354
40850,468758624198354
40900,468758624198354
40950,468758624198354
41000,468758624198354
41050,468758624198354
41100,468758624198354
41150,468758624198354
41200,468758624198354
41250,468758624198354
41300,468758624198354
41350,468758624198354
41400,468758624198354
41450,468758624198354
37300,472831740495485
37350,472831740495485
37400,472831740495485
37450,472831740495485
37500,472831740495485
37550,472831740495485
37600,472831740495485
37650,472831740495485
37700,472831740495485
37750,472831740495485
37800,472831740495485
37850,472831740495485
37900,472831740495485
37950,472831740495485
38000,472831740495485
38050,472831740495485
38100,472831740495485
38150,472831740495485
38200,472831740495485
38250,472831740495485
38300,472831740495485
38350,472831740495485
38400,472831740495485
38450,472831740495485
38500,472831740495485
38550,472831740495485
38600,472831740495485
38650,472831740495485
38700,472831740495485
38750,472831740495485
38800,472831740495485
38850,472831740495485
38900,472831740495485
38950,472831740495485
39000,472831740495485
39050,472831740495485
39100,472831740495485
39150,472831740495485
39200,472831740495485
39250,472831740495485
39300,472831740495485
39350,472831740495485
39400,472831740495485
39450,472831740495485
39500,472831740495485
39550,472831740495485
39600,472831740495485
39650,472831740495485
39700,472831740495485
39750,472831740495485
39800,472831740495485
39850,472831740495485
39900,472831740495485
39950,472831740495485
40000,472831740495485
40050,472831740495485
40100,472831740495485
40150,472831740495485
40200,472831740495485
40250,472831740495485
40300,472831740495485
40350,472831740495485
40400,472831740495485
40450,472831740495485
40500,472831740495485
40550,472831740495485
40600,472831740495485
40650,472831740495485
40700,472831740495485
40750,472831740495485
40800,472831740495485
40850,472831740495485
40900,472831740495485
40950,472831740495485
41000,472831740495485
41050,472831740495485
41100,472831740495485
41150,472831740495485
41200,472831740495485
41250,472831740495485
41300,472831740495485
41350,472831740495485
41400,472831740495485
41450,472831740495485
37300,474642130420803
37350,474642130420803
37400,474642130420803
37450,474642130420803
37500,474642130420803
37550,474642130420803
37600,474642130420803
37650,474642130420803
37700,474642130420803
37750,474642130420803
37800,474642130420803
37850,474642130420803
37900,474642130420803
37950,474642130420803
38000,474642130420803
38050,474642130420803
38100,474642130420803
38150,474642130420803
38200,474642130420803
38250,474642130420803
38300,474642130420803
38350,474642130420803
38400,474642130420803
38450,474642130420803
38500,474642130420803
38550,474642130420803
38600,474642130420803
38650,474642130420803
38700,474642130420803
38750,474642130420803
38800,474642130420803
38850,474642130420803
38900,474642130420803
38950,474642130420803
39000,474642130420803
39050,474642130420803
39100,474642130420803
39150,474642130420803
39200,474642130420803
39250,474642130420803
39300,474642130420803
39350,474642130420803
39400,474642130420803
39450,474642130420803
39500,474642130420803
39550,474642130420803
39600,474642130420803
39650,474642130420803
39700,474642130420803
39750,474642130420803
39800,474642130420803
39850,474642130420803
39900,474642130420803
39950,474642130420803
40000,474642130420803
40050,474642130420803
40100,474642130420803
40150,474642130420803
40200,474642130420803
40250,474642130420803
40300,474642130420803
40350,474642130420803
40400,474642130420803
40450,474642130420803
40500,474642130420803
40550,474642130420803
40600,474642130420803
40650,474642130420803
40700,474642130420803
40750,474642130420803
40800,474642130420803
40850,474642130420803
40900,474642130420803
40950,474642130420803
41000,474642130420803
41050,474642130420803
41100,474642130420803
41150,474642130420803
41200,474642130420803
41250,474642130420803
41300,474642130420803
41350,474642130420803
41400,474642130420803
41450,474642130420803
37300,485093559281755
37350,485093559281755
37400,485093559281755
37450,485093559281755
37500,485093559281755
37550,485093559281755
37600,485093559281755
37650,485093559281755
37700,485093559281755
37750,485093559281755
37800,485093559281755
37850,485093559281755
37900,485093559281755
37950,485093559281755
38000,485093559281755
38050,485093559281755
38100,485093559281755
38150,485093559281755
38200,485093559281755
38250,485093559281755
38300,485093559281755
38350,485093559281755
38400,485093559281755
38450,485093559281755
38500,485093559281755
38550,485093559281755
38600,485093559281755
38650,485093559281755
38700,485093559281755
38750,485093559281755
38800,485093559281755
38850,485093559281755
38900,485093559281755
38950,485093559281755
39000,485093559281755
39050,485093559281755
39100,485093559281755
39150,485093559281755
39200,485093559281755
39250,485093559281755
39300,485093559281755
39350,485093559281755
39400,485093559281755
39450,485093559281755
39500,485093559281755
39550,485093559281755
39600,485093559281755
39650,485093559281755
39700,485093559281755
39750,485093559281755
39800,485093559281755
39850,485093559281755
39900,485093559281755
39950,485093559281755
40000,485093559281755
40050,485093559281755
40100,485093559281755
40150,485093559281755
40200,485093559281755
40250,485093559281755
40300,485093559281755
40350,485093559281755
40400,485093559281755
40450,485093559281755
40500,485093559281755
40550,485093559281755
40600,485093559281755
40650,485093559281755
40700,485093559281755
40750,485093559281755
40800,485093559281755
40850,485093559281755
40900,485093559281755
40950,485093559281755
41000,485093559281755
41050,485093559281755
41100,485093559281755
41150,485093559281755
41200,485093559281755
41250,485093559281755
41300,485093559281755
41350,485093559281755
41400,485093559281755
41450,485093559281755
37300,487620915775365
37350,487620915775365
37400,487620915775365
37450,487620915775365
37500,487620915775365
37550,487620915775365
37600,487620915775365
37650,487620915775365
37700,487620915775365
37750,487620915775365
37800,487620915775365
37850,487620915775365
37900,487620915775365
37950,487620915775365
38000,487620915775365
38050,487620915775365
38100,487620915775365
38150,487620915775365
38200,487620915775365
38250,487620915775365
38300,487620915775365
38350,487620915775365
38400,487620915775365
38450,487620915775365
38500,487620915775365
38550,487620915775365
38600,487620915775365
38650,487620915775365
38700,487620915775365
38750,487620915775365
38800,487620915775365
38850,487620915775365
38900,487620915775365
38950,487620915775365
39000,487620915775365
39050,487620915775365
39100,487620915775365
39150,487620915775365
39200,487620915775365
39250,487620915775365
39300,487620915775365
39350,487620915775365
39400,487620915775365
39450,487620915775365
39500,487620915775365
39550,487620915775365
39600,487620915775365
39650,487620915775365
39700,487620915775365
39750,487620915775365
39800,487620915775365
39850,487620915775365
39900,487620915775365
39950,487620915775365
40000,487620915775365
40050,487620915775365
40100,487620915775365
40150,487620915775365
40200,487620915775365
40250,487620915775365
40300,487620915775365
40350,487620915775365
40400,487620915775365
40450,487620915775365
40500,487620915775365
40550,487620915775365
40600,487620915775365
40650,487620915775365
40700,487620915775365
40750,487620915775365
40800,487620915775365
40850,487620915775365
40900,487620915775365
40950,487620915775365
41000,487620915775365
41050,487620915775365
41100,487620915775365
41150,487620915775365
41200,487620915775365
41250,487620915775365
41300,487620915775365
41350,487620915775365
41400,487620915775365
41450,487620915775365
37300,488294055921976
37350,488294055921976
37400,488294055921976
37450,488294055921976
37500,488294055921976
37550,488294055921976
37600,488294055921976
37650,488294055921976
37700,488294055921976
37750,488294055921976
37800,488294055921976
37850,488294055921976
37900,488294055921976
37950,488294055921976
38000,488294055921976
38050,488294055921976
38100,488294055921976
38150,488294055921976
38200,488294055921976
38250,488294055921976
38300,488294055921976
38350,488294055921976
38400,488294055921976
38450,488294055921976
38500,488294055921976
38550,488294055921976
38600,488294055921976
38650,488294055921976
38700,488294055921976
38750,488294055921976
38800,488294055921976
38850,488294055921976
38900,488294055921976
38950,488294055921976
39000,488294055921976
39050,488294055921976
39100,488294055921976
39150,488294055921976
39200,488294055921976
39250,488294055921976
39300,488294055921976
39350,488294055921976
39400,488294055921976
39450,488294055921976
39500,488294055921976
39550,488294055921976
39600,488294055921976
39650,488294055921976
39700,488294055921976
39750,488294055921976
39800,488294055921976
39850,488294055921976
39900,488294055921976
39950,488294055921976
40000,488294055921976
40050,488294055921976
40100,488294055921976
40150,488294055921976
40200,488294055921976
40250,488294055921976
40300,488294055921976
40350,488294055921976
40400,488294055921976
40450,488294055921976
40500,488294055921976
40550,488294055921976
40600,488294055921976
40650,488294055921976
40700,488294055921976
40750,488294055921976
40800,488294055921976
40850,488294055921976
40900,488294055921976
40950,488294055921976
41000,488294055921976
41050,488294055921976
41100,488294055921976
41150,488294055921976
41200,488294055921976
41250,488294055921976
41300,488294055921976
41350,488294055921976
41400,488294055921976
41450,488294055921976
37300,494060038453033
37350,494060038453033
37400,494060038453033
37450,494060038453033
37500,494060038453033
37550,494060038453033
37600,494060038453033
37650,494060038453033
37700,494060038453033
37750,494060038453033
37800,494060038453033
37850,494060038453033
37900,494060038453033
37950,494060038453033
38000,494060038453033
38050,494060038453033
38100,494060038453033
38150,494060038453033
38200,494060038453033
38250,494060038453033
38300,494060038453033
38350,494060038453033
38400,494060038453033
38450,494060038453033
38500,494060038453033
38550,494060038453033
38600,494060038453033
38650,494060038453033
38700,494060038453033
38750,494060038453033
38800,494060038453033
38850,494060038453033
38900,494060038453033
38950,494060038453033
39000,494060038453033
39050,494060038453033
39100,494060038453033
39150,494060038453033
39200,494060038453033
39250,494060038453033
39300,494060038453033
39350,494060038453033
39400,494060038453033
39450,494060038453033
39500,494060038453033
39550,494060038453033
39600,494060038453033
39650,494060038453033
39700,494060038453033
39750,494060038453033
39800,494060038453033
39850,494060038453033
39900,494060038453033
39950,494060038453033
40000,494060038453033
40050,494060038453033
40100,494060038453033
40150,494060038453033
40200,494060038453033
40250,494060038453033
40300,494060038453033
40350,494060038453033
40400,494060038453033
40450,494060038453033
40500,494060038453033
40550,494060038453033
40600,494060038453033
40650,494060038453033
40700,494060038453033
40750,494060038453033
40800,494060038453033
40850,494060038453033
40900,494060038453033
40950,494060038453033
41000,494060038453033
41050,494060038453033
41100,494060038453033
41150,494060038453033
41200,494060038453033
41250,494060038453033
41300,494060038453033
41350,494060038453033
41400,494060038453033
41450,494060038453033
37300,498635101554825
37350,498635101554825
37400,498635101554825
37450,498635101554825
37500,498635101554825
37550,498635101554825
37600,498635101554825
37650,498635101554825
37700,498635101554825
37750,498635101554825
37800,498635101554825
37850,498635101554825
37900,498635101554825
37950,498635101554825
38000,498635101554825
38050,498635101554825
38100,498635101554825
38150,498635101554825
38200,498635101554825
38250,498635101554825
38300,498635101554825
38350,498635101554825
38400,498635101554825
38450,498635101554825
38500,498635101554825
38550,498635101554825
38600,498635101554825
38650,498635101554825
38700,498635101554825
38750,498635101554825
38800,498635101554825
38850,498635101554825
38900,498635101554825
38950,498635101554825
39000,498635101554825
39050,498635101554825
39100,498635101554825
39150,498635101554825
39200,498635101554825
39250,498635101554825
39300,498635101554825
39350,498635101554825
39400,498635101554825
39450,498635101554825
39500,498635101554825
39550,498635101554825
39600,498635101554825
39650,498635101554825
39700,498635101554825
39750,498635101554825
39800,498635101554825
39850,498635101554825
39900,498635101554825
39950,498635101554825
40000,498635101554825
40050,498635101554825
40100,498635101554825
40150,498635101554825
40200,498635101554825
40250,498635101554825
40300,498635101554825
40350,498635101554825
40400,498635101554825
40450,498635101554825
40500,498635101554825
40550,498635101554825
40600,498635101554825
40650,498635101554825
40700,498635101554825
40750,498635101554825
40800,498635101554825
40850,498635101554825
40900,498635101554825
40950,498635101554825
41000,498635101554825
41050,498635101554825
41100,498635101554825
41150,498635101554825
41200,498635101554825
41250,498635101554825
41300,498635101554825
41350,498635101554825
41400,498635101554825
41450,498635101554825
37300,500262417832956
37350,500262417832956
37400,500262417832956
37450,500262417832956
37500,500262417832956
37550,500262417832956
37600,500262417832956
37650,500262417832956
37700,500262417832956
37750,500262417832956
37800,500262417832956
37850,500262417832956
37900,500262417832956
37950,500262417832956
38000,500262417832956
38050,500262417832956
38100,500262417832956
38150,500262417832956
38200,500262417832956
38250,500262417832956
38300,500262417832956
38350,500262417832956
38400,500262417832956
38450,500262417832956
38500,500262417832956
38550,500262417832956
38600,500262417832956
38650,500262417832956
38700,500262417832956
38750,500262417832956
38800,500262417832956
38850,500262417832956
38900,500262417832956
38950,500262417832956
39000,500262417832956
39050,500262417832956
39100,500262417832956
39150,500262417832956
39200,500262417832956
39250,500262417832956
39300,500262417832956
39350,500262417832956
39400,500262417832956
39450,500262417832956
39500,500262417832956
39550,500262417832956
39600,500262417832956
39650,500262417832956
39700,500262417832956
39750,500262417832956
39800,500262417832956
39850,500262417832956
39900,500262417832956
39950,500262417832956
40000,500262417832956
40050,500262417832956
40100,500262417832956
40150,500262417832956
40200,500262417832956
40250,500262417832956
40300,500262417832956
40350,500262417832956
40400,500262417832956
40450,500262417832956
40500,500262417832956
40550,500262417832956
40600,500262417832956
40650,500262417832956
40700,500262417832956
40750,500262417832956
40800,500262417832956
40850,500262417832956
40900,500262417832956
40950,500262417832956
41000,500262417832956
41050,500262417832956
41100,500262417832956
41150,500262417832956
41200,500262417832956
41250,500262417832956
41300,500262417832956
41350,500262417832956
41400,500262417832956
41450,500262417832956
37300,503656994410870
37350,503656994410870
37400,503656994410870
37450,503656994410870
37500,503656994410870
37550,503656994410870
37600,503656994410870
37650,503656994410870
37700,503656994410870
37750,503656994410870
37800,503656994410870
37850,503656994410870
37900,503656994410870
37950,503656994410870
38000,503656994410870
38050,503656994410870
38100,503656994410870
38150,503656994410870
38200,503656994410870
38250,503656994410870
38300,503656994410870
38350,503656994410870
38400,503656994410870
38450,503656994410870
38500,503656994410870
38550,503656994410870
38600,503656994410870
38650,503656994410870
38700,503656994410870
38750,503656994410870
38800,503656994410870
38850,503656994410870
38900,503656994410870
38950,503656994410870
39000,503656994410870
39050,503656994410870
39100,503656994410870
39150,503656994410870
39200,503656994410870
39250,503656994410870
39300,503656994410870
39350,503656994410870
39400,503656994410870
39450,503656994410870
39500,503656994410870
39550,503656994410870
39600,503656994410870
39650,503656994410870
39700,503656994410870
39750,503656994410870
39800,503656994410870
39850,503656994410870
39900,503656994410870
39950,503656994410870
40000,503656994410870
40050,503656994410870
40100,503656994410870
40150,503656994410870
40200,503656994410870
40250,503656994410870
40300,503656994410870
40350,503656994410870
40400,503656994410870
40450,503656994410870
40500,503656994410870
40550,503656994410870
40600,503656994410870
40650,503656994410870
40700,503656994410870
40750,503656994410870
40800,503656994410870
40850,503656994410870
40900,503656994410870
40950,503656994410870
41000,503656994410870
41050,503656994410870
41100,503656994410870
41150,503656994410870
41200,503656994410870
41250,503656994410870
41300,503656994410870
41350,503656994410870
41400,503656994410870
41450,503656994410870
37300,504474467404712
37350,504474467404712
37400,504474467404712
37450,504474467404712
37500,504474467404712
37550,504474467404712
37600,504474467404712
37650,504474467404712
37700,504474467404712
37750,504474467404712
37800,504474467404712
37850,504474467404712
37900,504474467404712
37950,504474467404712
38000,504474467404712
38050,504474467404712
38100,504474467404712
38150,504474467404712
38200,504474467404712
38250,504474467404712
38300,504474467404712
38350,504474467404712
38400,504474467404712
38450,504474467404712
38500,504474467404712
38550,504474467404712
38600,504474467404712
38650,504474467404712
38700,504474467404712
38750,504474467404712
38800,504474467404712
38850,504474467404712
38900,504474467404712
38950,504474467404712
39000,504474467404712
39050,504474467404712
39100,504474467404712
39150,504474467404712
39200,504474467404712
39250,504474467404712
39300,504474467404712
39350,504474467404712
39400,504474467404712
39450,504474467404712
39500,504474467404712
39550,504474467404712
39600,504474467404712
39650,504474467404712
39700,504474467404712
39750,504474467404712
39800,504474467404712
39850,504474467404712
39900,504474467404712
39950,504474467404712
40000,504474467404712
40050,504474467404712
40100,504474467404712
40150,504474467404712
40200,504474467404712
40250,504474467404712
40300,504474467404712
40350,504474467404712
40400,504474467404712
40450,504474467404712
40500,504474467404712
40550,504474467404712
40600,504474467404712
40650,504474467404712
40700,504474467404712
40750,504474467404712
40800,504474467404712
40850,504474467404712
40900,504474467404712
40950,504474467404712
41000,504474467404712
41050,504474467404712
41100,504474467404712
41150,504474467404712
41200,504474467404712
41250,504474467404712
41300,504474467404712
41350,504474467404712
41400,504474467404712
41450,504474467404712
37300,505232827589496
37350,505232827589496
37400,505232827589496
37450,505232827589496
37500,505232827589496
37550,505232827589496
37600,505232827589496
37650,505232827589496
37700,505232827589496
37750,505232827589496
37800,505232827589496
37850,505232827589496
37900,505232827589496
37950,505232827589496
38000,505232827589496
38050,505232827589496
38100,505232827589496
38150,505232827589496
38200,505232827589496
38250,505232827589496
38300,505232827589496
38350,505232827589496
38400,505232827589496
38450,505232827589496
38500,505232827589496
38550,505232827589496
38600,505232827589496
38650,505232827589496
38700,505232827589496
38750,505232827589496
38800,505232827589496
38850,505232827589496
38900,505232827589496
38950,505232827589496
39000,505232827589496
39050,505232827589496
39100,505232827589496
39150,505232827589496
39200,505232827589496
39250,505232827589496
39300,505232827589496
39350,505232827589496
39400,505232827589496
39450,505232827589496
39500,505232827589496
39550,505232827589496
39600,505232827589496
39650,505232827589496
39700,505232827589496
39750,505232827589496
39800,505232827589496
39850,505232827589496
39900,505232827589496
39950,505232827589496
40000,505232827589496
40050,505232827589496
40100,505232827589496
40150,505232827589496
40200,505232827589496
40250,505232827589496
40300,505232827589496
40350,505232827589496
40400,505232827589496
40450,505232827589496
40500,505232827589496
40550,505232827589496
40600,505232827589496
40650,505232827589496
40700,505232827589496
40750,505232827589496
40800,505232827589496
40850,505232827589496
40900,505232827589496
40950,505232827589496
41000,505232827589496
41050,505232827589496
41100,505232827589496
41150,505232827589496
41200,505232827589496
41250,505232827589496
41300,505232827589496
41350,505232827589496
41400,505232827589496
41450,505232827589496
37300,516232789557074
37350,516232789557074
37400,516232789557074
37450,516232789557074
37500,516232789557074
37550,516232789557074
37600,516232789557074
37650,516232789557074
37700,516232789557074
37750,516232789557074
37800,516232789557074
37850,516232789557074
37900,516232789557074
37950,516232789557074
38000,516232789557074
38050,516232789557074
38100,516232789557074
38150,516232789557074
38200,516232789557074
38250,516232789557074
38300,516232789557074
38350,516232789557074
38400,516232789557074
38450,516232789557074
38500,516232789557074
38550,516232789557074
38600,516232789557074
38650,516232789557074
38700,516232789557074
38750,516232789557074
38800,516232789557074
38850,516232789557074
38900,516232789557074
38950,516232789557074
39000,516232789557074
39050,516232789557074
39100,516232789557074
39150,516232789557074
39200,516232789557074
39250,516232789557074
39300,516232789557074
39350,516232789557074
39400,516232789557074
39450,516232789557074
39500,516232789557074
39550,516232789557074
39600,516232789557074
39650,516232789557074
39700,516232789557074
39750,516232789557074
39800,516232789557074
39850,516232789557074
39900,516232789557074
39950,516232789557074
40000,516232789557074
40050,516232789557074
40100,516232789557074
40150,516232789557074
40200,516232789557074
40250,516232789557074
40300,516232789557074
40350,516232789557074
40400,516232789557074
40450,516232789557074
40500,516232789557074
40550,516232789557074
40600,516232789557074
40650,516232789557074
40700,516232789557074
40750,516232789557074
40800,516232789557074
40850,516232789557074
40900,516232789557074
40950,516232789557074
41000,516232789557074
41050,516232789557074
41100,516232789557074
41150,516232789557074
41200,516232789557074
41250,516232789557074
41300,516232789557074
41350,516232789557074
41400,516232789557074
41450,516232789557074
37300,517162169314766
37350,517162169314766
37400,517162169314766
37450,517162169314766
37500,517162169314766
37550,517162169314766
37600,517162169314766
37650,517162169314766
37700,517162169314766
37750,517162169314766
37800,517162169314766
37850,517162169314766
37900,517162169314766
37950,517162169314766
38000,517162169314766
38050,517162169314766
38100,517162169314766
38150,517162169314766
38200,517162169314766
38250,517162169314766
38300,517162169314766
38350,517162169314766
38400,517162169314766
38450,517162169314766
38500,517162169314766
38550,517162169314766
38600,517162169314766
38650,517162169314766
38700,517162169314766
38750,517162169314766
38800,517162169314766
38850,517162169314766
38900,517162169314766
38950,517162169314766
39000,517162169314766
39050,517162169314766
39100,517162169314766
39150,517162169314766
39200,517162169314766
39250,517162169314766
39300,517162169314766
39350,517162169314766
39400,517162169314766
39450,517162169314766
39500,517162169314766
39550,517162169314766
39600,517162169314766
39650,517162169314766
39700,517162169314766
39750,517162169314766
39800,517162169314766
39850,517162169314766
39900,517162169314766
39950,517162169314766
40000,517162169314766
40050,517162169314766
40100,517162169314766
40150,517162169314766
40200,517162169314766
40250,517162169314766
40300,517162169314766
40350,517162169314766
40400,517162169314766
40450,517162169314766
40500,517162169314766
40550,517162169314766
40600,517162169314766
40650,517162169314766
40700,517162169314766
40750,517162169314766
40800,517162169314766
40850,517162169314766
40900,517162169314766
40950,517162169314766
41000,517162169314766
41050,517162169314766
41100,517162169314766
41150,517162169314766
41200,517162169314766
41250,517162169314766
41300,517162169314766
41350,517162169314766
41400,517162169314766
41450,517162169314766
37300,520354202466339
37350,520354202466339
37400,520354202466339
37450,520354202466339
37500,520354202466339
37550,520354202466339
37600,520354202466339
37650,520354202466339
37700,520354202466339
37750,520354202466339
37800,520354202466339
37850,520354202466339
37900,520354202466339
37950,520354202466339
38000,520354202466339
38050,520354202466339
38100,520354202466339
38150,520354202466339
38200,520354202466339
38250,520354202466339
38300,520354202466339
38350,520354202466339
38400,520354202466339
38450,520354202466339
38500,520354202466339
38550,520354202466339
38600,520354202466339
38650,520354202466339
38700,520354202466339
38750,520354202466339
38800,520354202466339
38850,520354202466339
38900,520354202466339
38950,520354202466339
39000,520354202466339
39050,520354202466339
39100,520354202466339
39150,520354202466339
39200,520354202466339
39250,520354202466339
39300,520354202466339
39350,520354202466339
39400,520354202466339
39450,520354202466339
39500,520354202466339
39550,520354202466339
39600,520354202466339
39650,520354202466339
39700,520354202466339
39750,520354202466339
39800,520354202466339
39850,520354202466339
39900,520354202466339
39950,520354202466339
40000,520354202466339
40050,520354202466339
40100,520354202466339
40150,520354202466339
40200,520354202466339
40250,520354202466339
40300,520354202466339
40350,520354202466339
40400,520354202466339
40450,520354202466339
40500,520354202466339
40550,520354202466339
40600,520354202466339
40650,520354202466339
40700,520354202466339
40750,520354202466339
40800,520354202466339
40850,520354202466339
40900,520354202466339
40950,520354202466339
41000,520354202466339
41050,520354202466339
41100,520354202466339
41150,520354202466339
41200,520354202466339
41250,520354202466339
41300,520354202466339
41350,520354202466339
41400,520354202466339
41450,520354202466339
37300,521008155734204
37350,521008155734204
37400,521008155734204
37450,521008155734204
37500,521008155734204
37550,521008155734204
37600,521008155734204
37650,521008155734204
37700,521008155734204
37750,521008155734204
37800,521008155734204
37850,521008155734204
37900,521008155734204
37950,521008155734204
38000,521008155734204
38050,521008155734204
38100,521008155734204
38150,521008155734204
38200,521008155734204
38250,521008155734204
38300,521008155734204
38350,521008155734204
38400,521008155734204
38450,521008155734204
38500,521008155734204
38550,521008155734204
38600,521008155734204
38650,521008155734204
38700,521008155734204
38750,521008155734204
38800,521008155734204
38850,521008155734204
38900,521008155734204
38950,521008155734204
39000,521008155734204
39050,521008155734204
39100,521008155734204
39150,521008155734204
39200,521008155734204
39250,521008155734204
39300,521008155734204
39350,521008155734204
39400,521008155734204
39450,521008155734204
39500,521008155734204
39550,521008155734204
39600,521008155734204
39650,521008155734204
39700,521008155734204
39750,521008155734204
39800,521008155734204
39850,521008155734204
39900,521008155734204
39950,521008155734204
40000,521008155734204
40050,521008155734204
40100,521008155734204
40150,521008155734204
40200,521008155734204
40250,521008155734204
40300,521008155734204
40350,521008155734204
40400,521008155734204
40450,521008155734204
40500,521008155734204
40550,521008155734204
40600,521008155734204
40650,521008155734204
40700,521008155734204
40750,521008155734204
40800,521008155734204
40850,521008155734204
40900,521008155734204
40950,521008155734204
41000,521008155734204
41050,521008155734204
41100,521008155734204
41150,521008155734204
41200,521008155734204
41250,521008155734204
41300,521008155734204
41350,521008155734204
41400,521008155734204
41450,521008155734204
37300,522708595754983
37350,522708595754983
37400,522708595754983
37450,522708595754983
37500,522708595754983
37550,522708595754983
37600,522708595754983
37650,522708595754983
37700,522708595754983
37750,522708595754983
37800,522708595754983
37850,522708595754983
37900,522708595754983
37950,522708595754983
38000,522708595754983
38050,522708595754983
38100,522708595754983
38150,522708595754983
38200,522708595754983
38250,522708595754983
38300,522708595754983
38350,522708595754983
38400,522708595754983
38450,522708595754983
38500,522708595754983
38550,522708595754983
38600,522708595754983
38650,522708595754983
38700,522708595754983
38750,522708595754983
38800,522708595754983
38850,522708595754983
38900,522708595754983
38950,522708595754983
39000,522708595754983
39050,522708595754983
39100,522708595754983
39150,522708595754983
39200,522708595754983
39250,522708595754983
39300,522708595754983
39350,522708595754983
39400,522708595754983
39450,522708595754983
39500,522708595754983
39550,522708595754983
39600,522708595754983
39650,522708595754983
39700,522708595754983
39750,522708595754983
39800,522708595754983
39850,522708595754983
39900,522708595754983
39950,522708595754983
40000,522708595754983
40050,522708595754983
40100,522708595754983
40150,522708595754983
40200,522708595754983
40250,522708595754983
40300,522708595754983
40350,522708595754983
40400,522708595754983
40450,522708595754983
40500,522708595754983
40550,522708595754983
40600,522708595754983
40650,522708595754983
40700,522708595754983
40750,522708595754983
40800,522708595754983
40850,522708595754983
40900,522708595754983
40950,522708595754983
41000,522708595754983
41050,522708595754983
41100,522708595754983
41150,522708595754983
41200,522708595754983
41250,522708595754983
41300,522708595754983
41350,522708595754983
41400,522708595754983
41450,522708595754983
37300,523924315641818
37350,523924315641818
37400,523924315641818
37450,523924315641818
37500,523924315641818
37550,523924315641818
37600,523924315641818
37650,523924315641818
37700,523924315641818
37750,523924315641818
37800,523924315641818
37850,523924315641818
37900,523924315641818
37950,523924315641818
38000,523924315641818
38050,523924315641818
38100,523924315641818
38150,523924315641818
38200,523924315641818
38250,523924315641818
38300,523924315641818
38350,523924315641818
38400,523924315641818
38450,523924315641818
38500,523924315641818
38550,523924315641818
38600,523924315641818
38650,523924315641818
38700,523924315641818
38750,523924315641818
38800,523924315641818
38850,523924315641818
38900,523924315641818
38950,523924315641818
39000,523924315641818
39050,523924315641818
39100,523924315641818
39150,523924315641818
39200,523924315641818
39250,523924315641818
39300,523924315641818
39350,523924315641818
39400,523924315641818
39450,523924315641818
39500,523924315641818
39550,523924315641818
39600,523924315641818
39650,523924315641818
39700,523924315641818
39750,523924315641818
39800,523924315641818
39850,523924315641818
39900,523924315641818
39950,523924315641818
40000,523924315641818
40050,523924315641818
40100,523924315641818
40150,523924315641818
40200,523924315641818
40250,523924315641818
40300,523924315641818
40350,523924315641818
40400,523924315641818
40450,523924315641818
40500,523924315641818
40550,523924315641818
40600,523924315641818
40650,523924315641818
40700,523924315641818
40750,523924315641818
40800,523924315641818
40850,523924315641818
40900,523924315641818
40950,523924315641818
41000,523924315641818
41050,523924315641818
41100,523924315641818
41150,523924315641818
41200,523924315641818
41250,523924315641818
41300,523924315641818
41350,523924315641818
41400,523924315641818
41450,523924315641818
37300,525587638606825
37350,525587638606825
37400,525587638606825
37450,525587638606825
37500,525587638606825
37550,525587638606825
37600,525587638606825
37650,525587638606825
37700,525587638606825
37750,525587638606825
37800,525587638606825
37850,525587638606825
37900,525587638606825
37950,525587638606825
38000,525587638606825
38050,525587638606825
38100,525587638606825
38150,525587638606825
38200,525587638606825
38250,525587638606825
38300,525587638606825
38350,525587638606825
38400,525587638606825
38450,525587638606825
38500,525587638606825
38550,525587638606825
38600,525587638606825
38650,525587638606825
38700,525587638606825
38750,525587638606825
38800,525587638606825
38850,525587638606825
38900,525587638606825
38950,525587638606825
39000,525587638606825
39050,525587638606825
39100,525587638606825
39150,525587638606825
39200,525587638606825
39250,525587638606825
39300,525587638606825
39350,525587638606825
39400,525587638606825
39450,525587638606825
39500,525587638606825
39550,525587638606825
39600,525587638606825
39650,525587638606825
39700,525587638606825
39750,525587638606825
39800,525587638606825
39850,525587638606825
39900,525587638606825
39950,525587638606825
40000,525587638606825
40050,525587638606825
40100,525587638606825
40150,525587638606825
40200,525587638606825
40250,525587638606825
40300,525587638606825
40350,525587638606825
40400,525587638606825
40450,525587638606825
40500,525587638606825
40550,525587638606825
40600,525587638606825
40650,525587638606825
40700,525587638606825
40750,525587638606825
40800,525587638606825
40850,525587638606825
40900,525587638606825
40950,525587638606825
41000,525587638606825
41050,525587638606825
41100,525587638606825
41150,525587638606825
41200,525587638606825
41250,525587638606825
41300,525587638606825
41350,525587638606825
41400,525587638606825
41450,525587638606825
37300,527875755263689
37350,527875755263689
37400,527875755263689
37450,527875755263689
37500,527875755263689
37550,527875755263689
37600,527875755263689
37650,527875755263689
37700,527875755263689
37750,527875755263689
37800,527875755263689
37850,527875755263689
37900,527875755263689
37950,527875755263689
38000,527875755263689
38050,527875755263689
38100,527875755263689
38150,527875755263689
38200,527875755263689
38250,527875755263689
38300,527875755263689
38350,527875755263689
38400,527875755263689
38450,527875755263689
38500,527875755263689
38550,527875755263689
38600,527875755263689
38650,527875755263689
38700,527875755263689
38750,527875755263689
38800,527875755263689
38850,527875755263689
38900,527875755263689
38950,527875755263689
39000,527875755263689
39050,527875755263689
39100,527875755263689
39150,527875755263689
39200,527875755263689
39250,527875755263689
39300,527875755263689
39350,527875755263689
39400,527875755263689
39450,527875755263689
39500,527875755263689
39550,527875755263689
39600,527875755263689
39650,527875755263689
39700,527875755263689
39750,527875755263689
39800,527875755263689
39850,527875755263689
39900,527875755263689
39950,527875755263689
40000,527875755263689
40050,527875755263689
40100,527875755263689
40150,527875755263689
40200,527875755263689
40250,527875755263689
40300,527875755263689
40350,527875755263689
40400,527875755263689
40450,527875755263689
40500,527875755263689
40550,527875755263689
40600,527875755263689
40650,527875755263689
40700,527875755263689
40750,527875755263689
40800,527875755263689
40850,527875755263689
40900,527875755263689
40950,527875755263689
41000,527875755263689
41050,527875755263689
41100,527875755263689
41150,527875755263689
41200,527875755263689
41250,527875755263689
41300,527875755263689
41350,527875755263689
41400,527875755263689
41450,527875755263689
37300,567165644289649
37350,567165644289649
37400,567165644289649
37450,567165644289649
37500,567165644289649
37550,567165644289649
37600,567165644289649
37650,567165644289649
37700,567165644289649
37750,567165644289649
37800,567165644289649
37850,567165644289649
37900,567165644289649
37950,567165644289649
38000,567165644289649
38050,567165644289649
38100,567165644289649
38150,567165644289649
38200,567165644289649
38250,567165644289649
38300,567165644289649
38350,567165644289649
38400,567165644289649
38450,567165644289649
38500,567165644289649
38550,567165644289649
38600,567165644289649
38650,567165644289649
38700,567165644289649
38750,567165644289649
38800,567165644289649
38850,567165644289649
38900,567165644289649
38950,567165644289649
39000,567165644289649
39050,567165644289649
39100,567165644289649
39150,567165644289649
39200,567165644289649
39250,567165644289649
39300,567165644289649
39350,567165644289649
39400,567165644289649
39450,567165644289649
39500,567165644289649
39550,567165644289649
39600,567165644289649
39650,567165644289649
39700,567165644289649
39750,567165644289649
39800,567165644289649
39850,567165644289649
39900,567165644289649
39950,567165644289649
40000,567165644289649
40050,567165644289649
40100,567165644289649
40150,567165644289649
40200,567165644289649
40250,567165644289649
40300,567165644289649
40350,567165644289649
40400,567165644289649
40450,567165644289649
40500,567165644289649
40550,567165644289649
40600,567165644289649
40650,567165644289649
40700,567165644289649
40750,567165644289649
40800,567165644289649
40850,567165644289649
40900,567165644289649
40950,567165644289649
41000,567165644289649
41050,567165644289649
41100,567165644289649
41150,567165644289649
41200,567165644289649
41250,567165644289649
41300,567165644289649
41350,567165644289649
41400,567165644289649
41450,567165644289649
37300,581387889500547
37350,581387889500547
37400,581387889500547
37450,581387889500547
37500,581387889500547
37550,581387889500547
37600,581387889500547
37650,581387889500547
37700,581387889500547
37750,581387889500547
37800,581387889500547
37850,581387889500547
37900,581387889500547
37950,581387889500547
38000,581387889500547
38050,581387889500547
38100,581387889500547
38150,581387889500547
38200,581387889500547
38250,581387889500547
38300,581387889500547
38350,581387889500547
38400,581387889500547
38450,581387889500547
38500,581387889500547
38550,581387889500547
38600,581387889500547
38650,581387889500547
38700,581387889500547
38750,581387889500547
38800,581387889500547
38850,581387889500547
38900,581387889500547
38950,581387889500547
39000,581387889500547
39050,581387889500547
39100,581387889500547
39150,581387889500547
39200,581387889500547
39250,581387889500547
39300,581387889500547
39350,581387889500547
39400,581387889500547
39450,581387889500547
39500,581387889500547
39550,581387889500547
39600,581387889500547
39650,581387889500547
39700,581387889500547
39750,581387889500547
39800,581387889500547
39850,581387889500547
39900,581387889500547
39950,581387889500547
40000,581387889500547
40050,581387889500547
40100,581387889500547
40150,581387889500547
40200,581387889500547
40250,581387889500547
40300,581387889500547
40350,581387889500547
40400,581387889500547
40450,581387889500547
40500,581387889500547
40550,581387889500547
40600,581387889500547
40650,581387889500547
40700,581387889500547
40750,581387889500547
40800,581387889500547
40850,581387889500547
40900,581387889500547
40950,581387889500547
41000,581387889500547
41050,581387889500547
41100,581387889500547
41150,581387889500547
41200,581387889500547
41250,581387889500547
41300,581387889500547
41350,581387889500547
41400,581387889500547
41450,581387889500547
37300,581576559484203
37350,581576559484203
37400,581576559484203
37450,581576559484203
37500,581576559484203
37550,581576559484203
37600,581576559484203
37650,581576559484203
37700,581576559484203
37750,581576559484203
37800,581576559484203
37850,581576559484203
37900,581576559484203
37950,581576559484203
38000,581576559484203
38050,581576559484203
38100,581576559484203
38150,581576559484203
38200,581576559484203
38250,581576559484203
38300,581576559484203
38350,581576559484203
38400,581576559484203
38450,581576559484203
38500,581576559484203
38550,581576559484203
38600,581576559484203
38650,581576559484203
38700,581576559484203
38750,581576559484203
38800,581576559484203
38850,581576559484203
38900,581576559484203
38950,581576559484203
39000,581576559484203
39050,581576559484203
39100,581576559484203
39150,581576559484203
39200,581576559484203
39250,581576559484203
39300,581576559484203
39350,581576559484203
39400,581576559484203
39450,581576559484203
39500,581576559484203
39550,581576559484203
39600,581576559484203
39650,581576559484203
39700,581576559484203
39750,581576559484203
39800,581576559484203
39850,581576559484203
39900,581576559484203
39950,581576559484203
40000,581576559484203
40050,581576559484203
40100,581576559484203
40150,581576559484203
40200,581576559484203
40250,581576559484203
40300,581576559484203
40350,581576559484203
40400,581576559484203
40450,581576559484203
40500,581576559484203
40550,581576559484203
40600,581576559484203
40650,581576559484203
40700,581576559484203
40750,581576559484203
40800,581576559484203
40850,581576559484203
40900,581576559484203
40950,581576559484203
41000,581576559484203
41050,581576559484203
41100,581576559484203
41150,581576559484203
41200,581576559484203
41250,581576559484203
41300,581576559484203
41350,581576559484203
41400,581576559484203
41450,581576559484203
37300,612515993051592
37350,612515993051592
37400,612515993051592
37450,612515993051592
37500,612515993051592
37550,612515993051592
37600,612515993051592
37650,612515993051592
37700,612515993051592
37750,612515993051592
37800,612515993051592
37850,612515993051592
37900,612515993051592
37950,612515993051592
38000,612515993051592
38050,612515993051592
38100,612515993051592
38150,612515993051592
38200,612515993051592
38250,612515993051592
38300,612515993051592
38350,612515993051592
38400,612515993051592
38450,612515993051592
38500,612515993051592
38550,612515993051592
38600,612515993051592
38650,612515993051592
38700,612515993051592
38750,612515993051592
38800,612515993051592
38850,612515993051592
38900,612515993051592
38950,612515993051592
39000,612515993051592
39050,612515993051592
39100,612515993051592
39150,612515993051592
39200,612515993051592
39250,612515993051592
39300,612515993051592
39350,612515993051592
39400,612515993051592
39450,612515993051592
39500,612515993051592
39550,612515993051592
39600,612515993051592
39650,612515993051592
39700,612515993051592
39750,612515993051592
39800,612515993051592
39850,612515993051592
39900,612515993051592
39950,612515993051592
40000,612515993051592
40050,612515993051592
40100,612515993051592
40150,612515993051592
40200,612515993051592
40250,612515993051592
40300,612515993051592
40350,612515993051592
40400,612515993051592
40450,612515993051592
40500,612515993051592
40550,612515993051592
40600,612515993051592
40650,612515993051592
40700,612515993051592
40750,612515993051592
40800,612515993051592
40850,612515993051592
40900,612515993051592
40950,612515993051592
41000,612515993051592
41050,612515993051592
41100,612515993051592
41150,612515993051592
41200,612515993051592
41250,612515993051592
41300,612515993051592
41350,612515993051592
41400,612515993051592
41450,612515993051592
37300,618885832842047
37350,618885832842047
37400,618885832842047
37450,618885832842047
37500,618885832842047
37550,618885832842047
37600,618885832842047
37650,618885832842047
37700,618885832842047
37750,618885832842047
37800,618885832842047
37850,618885832842047
37900,618885832842047
37950,618885832842047
38000,618885832842047
38050,618885832842047
38100,618885832842047
38150,618885832842047
38200,618885832842047
38250,618885832842047
38300,618885832842047
38350,618885832842047
38400,618885832842047
38450,618885832842047
38500,618885832842047
38550,618885832842047
38600,618885832842047
38650,618885832842047
38700,618885832842047
38750,618885832842047
38800,618885832842047
38850,618885832842047
38900,618885832842047
38950,618885832842047
39000,618885832842047
39050,618885832842047
39100,618885832842047
39150,618885832842047
39200,618885832842047
39250,618885832842047
39300,618885832842047
39350,618885832842047
39400,618885832842047
39450,618885832842047
39500,618885832842047
39550,618885832842047
39600,618885832842047
39650,618885832842047
39700,618885832842047
39750,618885832842047
39800,618885832842047
39850,618885832842047
39900,618885832842047
39950,618885832842047
40000,618885832842047
40050,618885832842047
40100,618885832842047
40150,618885832842047
40200,618885832842047
40250,618885832842047
40300,618885832842047
40350,618885832842047
40400,618885832842047
40450,618885832842047
40500,618885832842047
40550,618885832842047
40600,618885832842047
40650,618885832842047
40700,618885832842047
40750,618885832842047
40800,618885832842047
40850,618885832842047
40900,618885832842047
40950,618885832842047
41000,618885832842047
41050,618885832842047
41100,618885832842047
41150,618885832842047
41200,618885832842047
41250,618885832842047
41300,618885832842047
41350,618885832842047
41400,618885832842047
41450,618885832842047
37300,736782263685550
37350,736782263685550
37400,736782263685550
37450,736782263685550
37500,736782263685550
37550,736782263685550
37600,736782263685550
37650,736782263685550
37700,736782263685550
37750,736782263685550
37800,736782263685550
37850,736782263685550
37900,736782263685550
37950,736782263685550
38000,736782263685550
38050,736782263685550
38100,736782263685550
38150,736782263685550
38200,736782263685550
38250,736782263685550
38300,736782263685550
38350,736782263685550
38400,736782263685550
38450,736782263685550
38500,736782263685550
38550,736782263685550
38600,736782263685550
38650,736782263685550
38700,736782263685550
38750,736782263685550
38800,736782263685550
38850,736782263685550
38900,736782263685550
38950,736782263685550
39000,736782263685550
39050,736782263685550
39100,736782263685550
39150,736782263685550
39200,736782263685550
39250,736782263685550
39300,736782263685550
39350,736782263685550
39400,736782263685550
39450,736782263685550
39500,736782263685550
39550,736782263685550
39600,736782263685550
39650,736782263685550
39700,736782263685550
39750,736782263685550
39800,736782263685550
39850,736782263685550
39900,736782263685550
39950,736782263685550
40000,736782263685550
40050,736782263685550
40100,736782263685550
40150,736782263685550
40200,736782263685550
40250,736782263685550
40300,736782263685550
40350,736782263685550
40400,736782263685550
40450,736782263685550
40500,736782263685550
40550,736782263685550
40600,736782263685550
40650,736782263685550
40700,736782263685550
40750,736782263685550
40800,736782263685550
40850,736782263685550
40900,736782263685550
40950,736782263685550
41000,736782263685550
41050,736782263685550
41100,736782263685550
41150,736782263685550
41200,736782263685550
41250,736782263685550
41300,736782263685550
41350,736782263685550
41400,736782263685550
41450,736782263685550
37300,752638762079654
37350,752638762079654
37400,752638762079654
37450,752638762079654
37500,752638762079654
37550,752638762079654
37600,752638762079654
37650,752638762079654
37700,752638762079654
37750,752638762079654
37800,752638762079654
37850,752638762079654
37900,752638762079654
37950,752638762079654
38000,752638762079654
38050,752638762079654
38100,752638762079654
38150,752638762079654
38200,752638762079654
38250,752638762079654
38300,752638762079654
38350,752638762079654
38400,752638762079654
38450,752638762079654
38500,752638762079654
38550,752638762079654
38600,752638762079654
38650,752638762079654
38700,752638762079654
38750,752638762079654
38800,752638762079654
38850,752638762079654
38900,752638762079654
38950,752638762079654
39000,752638762079654
39050,752638762079654
39100,752638762079654
39150,752638762079654
39200,752638762079654
39250,752638762079654
39300,752638762079654
39350,752638762079654
39400,752638762079654
39450,752638762079654
39500,752638762079654
39550,752638762079654
39600,752638762079654
39650,752638762079654
39700,752638762079654
39750,752638762079654
39800,752638762079654
39850,752638762079654
39900,752638762079654
39950,752638762079654
40000,752638762079654
40050,752638762079654
40100,752638762079654
40150,752638762079654
40200,752638762079654
40250,752638762079654
40300,752638762079654
40350,752638762079654
40400,752638762079654
40450,752638762079654
40500,752638762079654
40550,752638762079654
40600,752638762079654
40650,752638762079654
40700,752638762079654
40750,752638762079654
40800,752638762079654
40850,752638762079654
40900,752638762079654
40950,752638762079654
41000,752638762079654
41050,752638762079654
41100,752638762079654
41150,752638762079654
41200,752638762079654
41250,752638762079654
41300,752638762079654
41350,752638762079654
41400,752638762079654
41450,752638762079654
37300,752710185440008
37350,752710185440008
37400,752710185440008
37450,752710185440008
37500,752710185440008
37550,752710185440008
37600,752710185440008
37650,752710185440008
37700,752710185440008
37750,752710185440008
37800,752710185440008
37850,752710185440008
37900,752710185440008
37950,752710185440008
38000,752710185440008
38050,752710185440008
38100,752710185440008
38150,752710185440008
38200,752710185440008
38250,752710185440008
38300,752710185440008
38350,752710185440008
38400,752710185440008
38450,752710185440008
38500,752710185440008
38550,752710185440008
38600,752710185440008
38650,752710185440008
38700,752710185440008
38750,752710185440008
38800,752710185440008
38850,752710185440008
38900,752710185440008
38950,752710185440008
39000,752710185440008
39050,752710185440008
39100,752710185440008
39150,752710185440008
39200,752710185440008
39250,752710185440008
39300,752710185440008
39350,752710185440008
39400,752710185440008
39450,752710185440008
39500,752710185440008
39550,752710185440008
39600,752710185440008
39650,752710185440008
39700,752710185440008
39750,752710185440008
39800,752710185440008
39850,752710185440008
39900,752710185440008
39950,752710185440008
40000,752710185440008
40050,752710185440008
40100,752710185440008
40150,752710185440008
40200,752710185440008
40250,752710185440008
40300,752710185440008
40350,752710185440008
40400,752710185440008
40450,752710185440008
40500,752710185440008
40550,752710185440008
40600,752710185440008
40650,752710185440008
40700,752710185440008
40750,752710185440008
40800,752710185440008
40850,752710185440008
40900,752710185440008
40950,752710185440008
41000,752710185440008
41050,752710185440008
41100,752710185440008
41150,752710185440008
41200,752710185440008
41250,752710185440008
41300,752710185440008
41350,752710185440008
41400,752710185440008
41450,752710185440008
37300,752749511990487
37350,752749511990487
37400,752749511990487
37450,752749511990487
37500,752749511990487
37550,752749511990487
37600,752749511990487
37650,752749511990487
37700,752749511990487
37750,752749511990487
37800,752749511990487
37850,752749511990487
37900,752749511990487
37950,752749511990487
38000,752749511990487
38050,752749511990487
38100,752749511990487
38150,752749511990487
38200,752749511990487
38250,752749511990487
38300,752749511990487
38350,752749511990487
38400,752749511990487
38450,752749511990487
38500,752749511990487
38550,752749511990487
38600,752749511990487
38650,752749511990487
38700,752749511990487
38750,752749511990487
38800,752749511990487
38850,752749511990487
38900,752749511990487
38950,752749511990487
39000,752749511990487
39050,752749511990487
39100,752749511990487
39150,752749511990487
39200,752749511990487
39250,752749511990487
39300,752749511990487
39350,752749511990487
39400,752749511990487
39450,752749511990487
39500,752749511990487
39550,752749511990487
39600,752749511990487
39650,752749511990487
39700,752749511990487
39750,752749511990487
39800,752749511990487
39850,752749511990487
39900,752749511990487
39950,752749511990487
40000,752749511990487
40050,752749511990487
40100,752749511990487
40150,752749511990487
40200,752749511990487
40250,752749511990487
40300,752749511990487
40350,752749511990487
40400,752749511990487
40450,752749511990487
40500,752749511990487
40550,752749511990487
40600,752749511990487
40650,752749511990487
40700,752749511990487
40750,752749511990487
40800,752749511990487
40850,752749511990487
40900,752749511990487
40950,752749511990487
41000,752749511990487
41050,752749511990487
41100,752749511990487
41150,752749511990487
41200,752749511990487
41250,752749511990487
41300,752749511990487
41350,752749511990487
41400,752749511990487
41450,752749511990487
37300,755524828457070
37350,755524828457070
37400,755524828457070
37450,755524828457070
37500,755524828457070
37550,755524828457070
37600,755524828457070
37650,755524828457070
37700,755524828457070
37750,755524828457070
37800,755524828457070
37850,755524828457070
37900,755524828457070
37950,755524828457070
38000,755524828457070
38050,755524828457070
38100,755524828457070
38150,755524828457070
38200,755524828457070
38250,755524828457070
38300,755524828457070
38350,755524828457070
38400,755524828457070
38450,755524828457070
38500,755524828457070
38550,755524828457070
38600,755524828457070
38650,755524828457070
38700,755524828457070
38750,755524828457070
38800,755524828457070
38850,755524828457070
38900,755524828457070
38950,755524828457070
39000,755524828457070
39050,755524828457070
39100,755524828457070
39150,755524828457070
39200,755524828457070
39250,755524828457070
39300,755524828457070
39350,755524828457070
39400,755524828457070
39450,755524828457070
39500,755524828457070
39550,755524828457070
39600,755524828457070
39650,755524828457070
39700,755524828457070
39750,755524828457070
39800,755524828457070
39850,755524828457070
39900,755524828457070
39950,755524828457070
40000,755524828457070
40050,755524828457070
40100,755524828457070
40150,755524828457070
40200,755524828457070
40250,755524828457070
40300,755524828457070
40350,755524828457070
40400,755524828457070
40450,755524828457070
40500,755524828457070
40550,755524828457070
40600,755524828457070
40650,755524828457070
40700,755524828457070
40750,755524828457070
40800,755524828457070
40850,755524828457070
40900,755524828457070
40950,755524828457070
41000,755524828457070
41050,755524828457070
41100,755524828457070
41150,755524828457070
41200,755524828457070
41250,755524828457070
41300,755524828457070
41350,755524828457070
41400,755524828457070
41450,755524828457070
37300,756237591623326
37350,756237591623326
37400,756237591623326
37450,756237591623326
37500,756237591623326
37550,756237591623326
37600,756237591623326
37650,756237591623326
37700,756237591623326
37750,756237591623326
37800,756237591623326
37850,756237591623326
37900,756237591623326
37950,756237591623326
38000,756237591623326
38050,756237591623326
38100,756237591623326
38150,756237591623326
38200,756237591623326
38250,756237591623326
38300,756237591623326
38350,756237591623326
38400,756237591623326
38450,756237591623326
38500,756237591623326
38550,756237591623326
38600,756237591623326
38650,756237591623326
38700,756237591623326
38750,756237591623326
38800,756237591623326
38850,756237591623326
38900,756237591623326
38950,756237591623326
39000,756237591623326
39050,756237591623326
39100,756237591623326
39150,756237591623326
39200,756237591623326
39250,756237591623326
39300,756237591623326
39350,756237591623326
39400,756237591623326
39450,756237591623326
39500,756237591623326
39550,756237591623326
39600,756237591623326
39650,756237591623326
39700,756237591623326
39750,756237591623326
39800,756237591623326
39850,756237591623326
39900,756237591623326
39950,756237591623326
40000,756237591623326
40050,756237591623326
40100,756237591623326
40150,756237591623326
40200,756237591623326
40250,756237591623326
40300,756237591623326
40350,756237591623326
40400,756237591623326
40450,756237591623326
40500,756237591623326
40550,756237591623326
40600,756237591623326
40650,756237591623326
40700,756237591623326
40750,756237591623326
40800,756237591623326
40850,756237591623326
40900,756237591623326
40950,756237591623326
41000,756237591623326
41050,756237591623326
41100,756237591623326
41150,756237591623326
41200,756237591623326
41250,756237591623326
41300,756237591623326
41350,756237591623326
41400,756237591623326
41450,756237591623326
37300,756502351714651
37350,756502351714651
37400,756502351714651
37450,756502351714651
37500,756502351714651
37550,756502351714651
37600,756502351714651
37650,756502351714651
37700,756502351714651
37750,756502351714651
37800,756502351714651
37850,756502351714651
37900,756502351714651
37950,756502351714651
38000,756502351714651
38050,756502351714651
38100,756502351714651
38150,756502351714651
38200,756502351714651
38250,756502351714651
38300,756502351714651
38350,756502351714651
38400,756502351714651
38450,756502351714651
38500,756502351714651
38550,756502351714651
38600,756502351714651
38650,756502351714651
38700,756502351714651
38750,756502351714651
38800,756502351714651
38850,756502351714651
38900,756502351714651
38950,756502351714651
39000,756502351714651
39050,756502351714651
39100,756502351714651
39150,756502351714651
39200,756502351714651
39250,756502351714651
39300,756502351714651
39350,756502351714651
39400,756502351714651
39450,756502351714651
39500,756502351714651
39550,756502351714651
39600,756502351714651
39650,756502351714651
39700,756502351714651
39750,756502351714651
39800,756502351714651
39850,756502351714651
39900,756502351714651
39950,756502351714651
40000,756502351714651
40050,756502351714651
40100,756502351714651
40150,756502351714651
40200,756502351714651
40250,756502351714651
40300,756502351714651
40350,756502351714651
40400,756502351714651
40450,756502351714651
40500,756502351714651
40550,756502351714651
40600,756502351714651
40650,756502351714651
40700,756502351714651
40750,756502351714651
40800,756502351714651
40850,756502351714651
40900,756502351714651
40950,756502351714651
41000,756502351714651
41050,756502351714651
41100,756502351714651
41150,756502351714651
41200,756502351714651
41250,756502351714651
41300,756502351714651
41350,756502351714651
41400,756502351714651
41450,756502351714651
37300,757602924918718
37350,757602924918718
37400,757602924918718
37450,757602924918718
37500,757602924918718
37550,757602924918718
37600,757602924918718
37650,757602924918718
37700,757602924918718
37750,757602924918718
37800,757602924918718
37850,757602924918718
37900,757602924918718
37950,757602924918718
38000,757602924918718
38050,757602924918718
38100,757602924918718
38150,757602924918718
38200,757602924918718
38250,757602924918718
38300,757602924918718
38350,757602924918718
38400,757602924918718
38450,757602924918718
38500,757602924918718
38550,757602924918718
38600,757602924918718
38650,757602924918718
38700,757602924918718
38750,757602924918718
38800,757602924918718
38850,757602924918718
38900,757602924918718
38950,757602924918718
39000,757602924918718
39050,757602924918718
39100,757602924918718
39150,757602924918718
39200,757602924918718
39250,757602924918718
39300,757602924918718
39350,757602924918718
39400,757602924918718
39450,757602924918718
39500,757602924918718
39550,757602924918718
39600,757602924918718
39650,757602924918718
39700,757602924918718
39750,757602924918718
39800,757602924918718
39850,757602924918718
39900,757602924918718
39950,757602924918718
40000,757602924918718
40050,757602924918718
40100,757602924918718
40150,757602924918718
40200,757602924918718
40250,757602924918718
40300,757602924918718
40350,757602924918718
40400,757602924918718
40450,757602924918718
40500,757602924918718
40550,757602924918718
40600,757602924918718
40650,757602924918718
40700,757602924918718
40750,757602924918718
40800,757602924918718
40850,757602924918718
40900,757602924918718
40950,757602924918718
41000,757602924918718
41050,757602924918718
41100,757602924918718
41150,757602924918718
41200,757602924918718
41250,757602924918718
41300,757602924918718
41350,757602924918718
41400,757602924918718
41450,757602924918718
37300,762142218000244
37350,762142218000244
37400,762142218000244
37450,762142218000244
37500,762142218000244
37550,762142218000244
37600,762142218000244
37650,762142218000244
37700,762142218000244
37750,762142218000244
37800,762142218000244
37850,762142218000244
37900,762142218000244
37950,762142218000244
38000,762142218000244
38050,762142218000244
38100,762142218000244
38150,762142218000244
38200,762142218000244
38250,762142218000244
38300,762142218000244
38350,762142218000244
38400,762142218000244
38450,762142218000244
38500,762142218000244
38550,762142218000244
38600,762142218000244
38650,762142218000244
38700,762142218000244
38750,762142218000244
38800,762142218000244
38850,762142218000244
38900,762142218000244
38950,762142218000244
39000,762142218000244
39050,762142218000244
39100,762142218000244
39150,762142218000244
39200,762142218000244
39250,762142218000244
39300,762142218000244
39350,762142218000244
39400,762142218000244
39450,762142218000244
39500,762142218000244
39550,762142218000244
39600,762142218000244
39650,762142218000244
39700,762142218000244
39750,762142218000244
39800,762142218000244
39850,762142218000244
39900,762142218000244
39950,762142218000244
40000,762142218000244
40050,762142218000244
40100,762142218000244
40150,762142218000244
40200,762142218000244
40250,762142218000244
40300,762142218000244
40350,762142218000244
40400,762142218000244
40450,762142218000244
40500,762142218000244
40550,762142218000244
40600,762142218000244
40650,762142218000244
40700,762142218000244
40750,762142218000244
40800,762142218000244
40850,762142218000244
40900,762142218000244
40950,762142218000244
41000,762142218000244
41050,762142218000244
41100,762142218000244
41150,762142218000244
41200,762142218000244
41250,762142218000244
41300,762142218000244
41350,762142218000244
41400,762142218000244
41450,762142218000244
37300,768038204084010
37350,768038204084010
37400,768038204084010
37450,768038204084010
37500,768038204084010
37550,768038204084010
37600,768038204084010
37650,768038204084010
37700,768038204084010
37750,768038204084010
37800,768038204084010
37850,768038204084010
37900,768038204084010
37950,768038204084010
38000,768038204084010
38050,768038204084010
38100,768038204084010
38150,768038204084010
38200,768038204084010
38250,768038204084010
38300,768038204084010
38350,768038204084010
38400,768038204084010
38450,768038204084010
38500,768038204084010
38550,768038204084010
38600,768038204084010
38650,768038204084010
38700,768038204084010
38750,768038204084010
38800,768038204084010
38850,768038204084010
38900,768038204084010
38950,768038204084010
39000,768038204084010
39050,768038204084010
39100,768038204084010
39150,768038204084010
39200,768038204084010
39250,768038204084010
39300,768038204084010
39350,768038204084010
39400,768038204084010
39450,768038204084010
39500,768038204084010
39550,768038204084010
39600,768038204084010
39650,768038204084010
39700,768038204084010
39750,768038204084010
39800,768038204084010
39850,768038204084010
39900,768038204084010
39950,768038204084010
40000,768038204084010
40050,768038204084010
40100,768038204084010
40150,768038204084010
40200,768038204084010
40250,768038204084010
40300,768038204084010
40350,768038204084010
40400,768038204084010
40450,768038204084010
40500,768038204084010
40550,768038204084010
40600,768038204084010
40650,768038204084010
40700,768038204084010
40750,768038204084010
40800,768038204084010
40850,768038204084010
40900,768038204084010
40950,768038204084010
41000,768038204084010
41050,768038204084010
41100,768038204084010
41150,768038204084010
41200,768038204084010
41250,768038204084010
41300,768038204084010
41350,768038204084010
41400,768038204084010
41450,768038204084010
7781,788402008462473
7786,788402008462473
7791,788402008462473
7796,788402008462473
7801,788402008462473
7806,788402008462473
7811,788402008462473
7816,788402008462473
7821,788402008462473
23861,788402008462473
23866,788402008462473
23871,788402008462473
23876,788402008462473
23881,788402008462473
2531,788402008462473
2536,788402008462473
2541,788402008462473
2546,788402008462473
2551,788402008462473
2556,788402008462473
2561,788402008462473
2566,788402008462473
2571,788402008462473
2576,788402008462473
2581,788402008462473
2586,788402008462473
2591,788402008462473
2596,788402008462473
37300,788758438700923
37350,788758438700923
37400,788758438700923
37450,788758438700923
37500,788758438700923
37550,788758438700923
37600,788758438700923
37650,788758438700923
37700,788758438700923
37750,788758438700923
37800,788758438700923
37850,788758438700923
37900,788758438700923
37950,788758438700923
38000,788758438700923
38050,788758438700923
38100,788758438700923
38150,788758438700923
38200,788758438700923
38250,788758438700923
38300,788758438700923
38350,788758438700923
38400,788758438700923
38450,788758438700923
38500,788758438700923
38550,788758438700923
38600,788758438700923
38650,788758438700923
38700,788758438700923
38750,788758438700923
38800,788758438700923
38850,788758438700923
38900,788758438700923
38950,788758438700923
39000,788758438700923
39050,788758438700923
39100,788758438700923
39150,788758438700923
39200,788758438700923
39250,788758438700923
39300,788758438700923
39350,788758438700923
39400,788758438700923
39450,788758438700923
39500,788758438700923
39550,788758438700923
39600,788758438700923
39650,788758438700923
39700,788758438700923
39750,788758438700923
39800,788758438700923
39850,788758438700923
39900,788758438700923
39950,788758438700923
40000,788758438700923
40050,788758438700923
40100,788758438700923
40150,788758438700923
40200,788758438700923
40250,788758438700923
40300,788758438700923
40350,788758438700923
40400,788758438700923
40450,788758438700923
40500,788758438700923
40550,788758438700923
40600,788758438700923
40650,788758438700923
40700,788758438700923
40750,788758438700923
40800,788758438700923
40850,788758438700923
40900,788758438700923
40950,788758438700923
41000,788758438700923
41050,788758438700923
41100,788758438700923
41150,788758438700923
41200,788758438700923
41250,788758438700923
41300,788758438700923
41350,788758438700923
41400,788758438700923
41450,788758438700923
37300,798828541070427
37350,798828541070427
37400,798828541070427
37450,798828541070427
37500,798828541070427
37550,798828541070427
37600,798828541070427
37650,798828541070427
37700,798828541070427
37750,798828541070427
37800,798828541070427
37850,798828541070427
37900,798828541070427
37950,798828541070427
38000,798828541070427
38050,798828541070427
38100,798828541070427
38150,798828541070427
38200,798828541070427
38250,798828541070427
38300,798828541070427
38350,798828541070427
38400,798828541070427
38450,798828541070427
38500,798828541070427
38550,798828541070427
38600,798828541070427
38650,798828541070427
38700,798828541070427
38750,798828541070427
38800,798828541070427
38850,798828541070427
38900,798828541070427
38950,798828541070427
39000,798828541070427
39050,798828541070427
39100,798828541070427
39150,798828541070427
39200,798828541070427
39250,798828541070427
39300,798828541070427
39350,798828541070427
39400,798828541070427
39450,798828541070427
39500,798828541070427
39550,798828541070427
39600,798828541070427
39650,798828541070427
39700,798828541070427
39750,798828541070427
39800,798828541070427
39850,798828541070427
39900,798828541070427
39950,798828541070427
40000,798828541070427
40050,798828541070427
40100,798828541070427
40150,798828541070427
40200,798828541070427
40250,798828541070427
40300,798828541070427
40350,798828541070427
40400,798828541070427
40450,798828541070427
40500,798828541070427
40550,798828541070427
40600,798828541070427
40650,798828541070427
40700,798828541070427
40750,798828541070427
40800,798828541070427
40850,798828541070427
40900,798828541070427
40950,798828541070427
41000,798828541070427
41050,798828541070427
41100,798828541070427
41150,798828541070427
41200,798828541070427
41250,798828541070427
41300,798828541070427
41350,798828541070427
41400,798828541070427
41450,798828541070427
37300,814777059445023
37350,814777059445023
37400,814777059445023
37450,814777059445023
37500,814777059445023
37550,814777059445023
37600,814777059445023
37650,814777059445023
37700,814777059445023
37750,814777059445023
37800,814777059445023
37850,814777059445023
37900,814777059445023
37950,814777059445023
38000,814777059445023
38050,814777059445023
38100,814777059445023
38150,814777059445023
38200,814777059445023
38250,814777059445023
38300,814777059445023
38350,814777059445023
38400,814777059445023
38450,814777059445023
38500,814777059445023
38550,814777059445023
38600,814777059445023
38650,814777059445023
38700,814777059445023
38750,814777059445023
38800,814777059445023
38850,814777059445023
38900,814777059445023
38950,814777059445023
39000,814777059445023
39050,814777059445023
39100,814777059445023
39150,814777059445023
39200,814777059445023
39250,814777059445023
39300,814777059445023
39350,814777059445023
39400,814777059445023
39450,814777059445023
39500,814777059445023
39550,814777059445023
39600,814777059445023
39650,814777059445023
39700,814777059445023
39750,814777059445023
39800,814777059445023
39850,814777059445023
39900,814777059445023
39950,814777059445023
40000,814777059445023
40050,814777059445023
40100,814777059445023
40150,814777059445023
40200,814777059445023
40250,814777059445023
40300,814777059445023
40350,814777059445023
40400,814777059445023
40450,814777059445023
40500,814777059445023
40550,814777059445023
40600,814777059445023
40650,814777059445023
40700,814777059445023
40750,814777059445023
40800,814777059445023
40850,814777059445023
40900,814777059445023
40950,814777059445023
41000,814777059445023
41050,814777059445023
41100,814777059445023
41150,814777059445023
41200,814777059445023
41250,814777059445023
41300,814777059445023
41350,814777059445023
41400,814777059445023
41450,814777059445023
37300,820128915279935
37350,820128915279935
37400,820128915279935
37450,820128915279935
37500,820128915279935
37550,820128915279935
37600,820128915279935
37650,820128915279935
37700,820128915279935
37750,820128915279935
37800,820128915279935
37850,820128915279935
37900,820128915279935
37950,820128915279935
38000,820128915279935
38050,820128915279935
38100,820128915279935
38150,820128915279935
38200,820128915279935
38250,820128915279935
38300,820128915279935
38350,820128915279935
38400,820128915279935
38450,820128915279935
38500,820128915279935
38550,820128915279935
38600,820128915279935
38650,820128915279935
38700,820128915279935
38750,820128915279935
38800,820128915279935
38850,820128915279935
38900,820128915279935
38950,820128915279935
39000,820128915279935
39050,820128915279935
39100,820128915279935
39150,820128915279935
39200,820128915279935
39250,820128915279935
39300,820128915279935
39350,820128915279935
39400,820128915279935
39450,820128915279935
39500,820128915279935
39550,820128915279935
39600,820128915279935
39650,820128915279935
39700,820128915279935
39750,820128915279935
39800,820128915279935
39850,820128915279935
39900,820128915279935
39950,820128915279935
40000,820128915279935
40050,820128915279935
40100,820128915279935
40150,820128915279935
40200,820128915279935
40250,820128915279935
40300,820128915279935
40350,820128915279935
40400,820128915279935
40450,820128915279935
40500,820128915279935
40550,820128915279935
40600,820128915279935
40650,820128915279935
40700,820128915279935
40750,820128915279935
40800,820128915279935
40850,820128915279935
40900,820128915279935
40950,820128915279935
41000,820128915279935
41050,820128915279935
41100,820128915279935
41150,820128915279935
41200,820128915279935
41250,820128915279935
41300,820128915279935
41350,820128915279935
41400,820128915279935
41450,820128915279935
37300,821647072096938
37350,821647072096938
37400,821647072096938
37450,821647072096938
37500,821647072096938
37550,821647072096938
37600,821647072096938
37650,821647072096938
37700,821647072096938
37750,821647072096938
37800,821647072096938
37850,821647072096938
37900,821647072096938
37950,821647072096938
38000,821647072096938
38050,821647072096938
38100,821647072096938
38150,821647072096938
38200,821647072096938
38250,821647072096938
38300,821647072096938
38350,821647072096938
38400,821647072096938
38450,821647072096938
38500,821647072096938
38550,821647072096938
38600,821647072096938
38650,821647072096938
38700,821647072096938
38750,821647072096938
38800,821647072096938
38850,821647072096938
38900,821647072096938
38950,821647072096938
39000,821647072096938
39050,821647072096938
39100,821647072096938
39150,821647072096938
39200,821647072096938
39250,821647072096938
39300,821647072096938
39350,821647072096938
39400,821647072096938
39450,821647072096938
39500,821647072096938
39550,821647072096938
39600,821647072096938
39650,821647072096938
39700,821647072096938
39750,821647072096938
39800,821647072096938
39850,821647072096938
39900,821647072096938
39950,821647072096938
40000,821647072096938
40050,821647072096938
40100,821647072096938
40150,821647072096938
40200,821647072096938
40250,821647072096938
40300,821647072096938
40350,821647072096938
40400,821647072096938
40450,821647072096938
40500,821647072096938
40550,821647072096938
40600,821647072096938
40650,821647072096938
40700,821647072096938
40750,821647072096938
40800,821647072096938
40850,821647072096938
40900,821647072096938
40950,821647072096938
41000,821647072096938
41050,821647072096938
41100,821647072096938
41150,821647072096938
41200,821647072096938
41250,821647072096938
41300,821647072096938
41350,821647072096938
41400,821647072096938
41450,821647072096938
37300,824477145168302
37350,824477145168302
37400,824477145168302
37450,824477145168302
37500,824477145168302
37550,824477145168302
37600,824477145168302
37650,824477145168302
37700,824477145168302
37750,824477145168302
37800,824477145168302
37850,824477145168302
37900,824477145168302
37950,824477145168302
38000,824477145168302
38050,824477145168302
38100,824477145168302
38150,824477145168302
38200,824477145168302
38250,824477145168302
38300,824477145168302
38350,824477145168302
38400,824477145168302
38450,824477145168302
38500,824477145168302
38550,824477145168302
38600,824477145168302
38650,824477145168302
38700,824477145168302
38750,824477145168302
38800,824477145168302
38850,824477145168302
38900,824477145168302
38950,824477145168302
39000,824477145168302
39050,824477145168302
39100,824477145168302
39150,824477145168302
39200,824477145168302
39250,824477145168302
39300,824477145168302
39350,824477145168302
39400,824477145168302
39450,824477145168302
39500,824477145168302
39550,824477145168302
39600,824477145168302
39650,824477145168302
39700,824477145168302
39750,824477145168302
39800,824477145168302
39850,824477145168302
39900,824477145168302
39950,824477145168302
40000,824477145168302
40050,824477145168302
40100,824477145168302
40150,824477145168302
40200,824477145168302
40250,824477145168302
40300,824477145168302
40350,824477145168302
40400,824477145168302
40450,824477145168302
40500,824477145168302
40550,824477145168302
40600,824477145168302
40650,824477145168302
40700,824477145168302
40750,824477145168302
40800,824477145168302
40850,824477145168302
40900,824477145168302
40950,824477145168302
41000,824477145168302
41050,824477145168302
41100,824477145168302
41150,824477145168302
41200,824477145168302
41250,824477145168302
41300,824477145168302
41350,824477145168302
41400,824477145168302
41450,824477145168302
37300,845880612806772
37350,845880612806772
37400,845880612806772
37450,845880612806772
37500,845880612806772
37550,845880612806772
37600,845880612806772
37650,845880612806772
37700,845880612806772
37750,845880612806772
37800,845880612806772
37850,845880612806772
37900,845880612806772
37950,845880612806772
38000,845880612806772
38050,845880612806772
38100,845880612806772
38150,845880612806772
38200,845880612806772
38250,845880612806772
38300,845880612806772
38350,845880612806772
38400,845880612806772
38450,845880612806772
38500,845880612806772
38550,845880612806772
38600,845880612806772
38650,845880612806772
38700,845880612806772
38750,845880612806772
38800,845880612806772
38850,845880612806772
38900,845880612806772
38950,845880612806772
39000,845880612806772
39050,845880612806772
39100,845880612806772
39150,845880612806772
39200,845880612806772
39250,845880612806772
39300,845880612806772
39350,845880612806772
39400,845880612806772
39450,845880612806772
39500,845880612806772
39550,845880612806772
39600,845880612806772
39650,845880612806772
39700,845880612806772
39750,845880612806772
39800,845880612806772
39850,845880612806772
39900,845880612806772
39950,845880612806772
40000,845880612806772
40050,845880612806772
40100,845880612806772
40150,845880612806772
40200,845880612806772
40250,845880612806772
40300,845880612806772
40350,845880612806772
40400,845880612806772
40450,845880612806772
40500,845880612806772
40550,845880612806772
40600,845880612806772
40650,845880612806772
40700,845880612806772
40750,845880612806772
40800,845880612806772
40850,845880612806772
40900,845880612806772
40950,845880612806772
41000,845880612806772
41050,845880612806772
41100,845880612806772
41150,845880612806772
41200,845880612806772
41250,845880612806772
41300,845880612806772
41350,845880612806772
41400,845880612806772
41450,845880612806772
37300,874933963097007
37350,874933963097007
37400,874933963097007
37450,874933963097007
37500,874933963097007
37550,874933963097007
37600,874933963097007
37650,874933963097007
37700,874933963097007
37750,874933963097007
37800,874933963097007
37850,874933963097007
37900,874933963097007
37950,874933963097007
38000,874933963097007
38050,874933963097007
38100,874933963097007
38150,874933963097007
38200,874933963097007
38250,874933963097007
38300,874933963097007
38350,874933963097007
38400,874933963097007
38450,874933963097007
38500,874933963097007
38550,874933963097007
38600,874933963097007
38650,874933963097007
38700,874933963097007
38750,874933963097007
38800,874933963097007
38850,874933963097007
38900,874933963097007
38950,874933963097007
39000,874933963097007
39050,874933963097007
39100,874933963097007
39150,874933963097007
39200,874933963097007
39250,874933963097007
39300,874933963097007
39350,874933963097007
39400,874933963097007
39450,874933963097007
39500,874933963097007
39550,874933963097007
39600,874933963097007
39650,874933963097007
39700,874933963097007
39750,874933963097007
39800,874933963097007
39850,874933963097007
39900,874933963097007
39950,874933963097007
40000,874933963097007
40050,874933963097007
40100,874933963097007
40150,874933963097007
40200,874933963097007
40250,874933963097007
40300,874933963097007
40350,874933963097007
40400,874933963097007
40450,874933963097007
40500,874933963097007
40550,874933963097007
40600,874933963097007
40650,874933963097007
40700,874933963097007
40750,874933963097007
40800,874933963097007
40850,874933963097007
40900,874933963097007
40950,874933963097007
41000,874933963097007
41050,874933963097007
41100,874933963097007
41150,874933963097007
41200,874933963097007
41250,874933963097007
41300,874933963097007
41350,874933963097007
41400,874933963097007
41450,874933963097007
37300,888322191749612
37350,888322191749612
37400,888322191749612
37450,888322191749612
37500,888322191749612
37550,888322191749612
37600,888322191749612
37650,888322191749612
37700,888322191749612
37750,888322191749612
37800,888322191749612
37850,888322191749612
37900,888322191749612
37950,888322191749612
38000,888322191749612
38050,888322191749612
38100,888322191749612
38150,888322191749612
38200,888322191749612
38250,888322191749612
38300,888322191749612
38350,888322191749612
38400,888322191749612
38450,888322191749612
38500,888322191749612
38550,888322191749612
38600,888322191749612
38650,888322191749612
38700,888322191749612
38750,888322191749612
38800,888322191749612
38850,888322191749612
38900,888322191749612
38950,888322191749612
39000,888322191749612
39050,888322191749612
39100,888322191749612
39150,888322191749612
39200,888322191749612
39250,888322191749612
39300,888322191749612
39350,888322191749612
39400,888322191749612
39450,888322191749612
39500,888322191749612
39550,888322191749612
39600,888322191749612
39650,888322191749612
39700,888322191749612
39750,888322191749612
39800,888322191749612
39850,888322191749612
39900,888322191749612
39950,888322191749612
40000,888322191749612
40050,888322191749612
40100,888322191749612
40150,888322191749612
40200,888322191749612
40250,888322191749612
40300,888322191749612
40350,888322191749612
40400,888322191749612
40450,888322191749612
40500,888322191749612
40550,888322191749612
40600,888322191749612
40650,888322191749612
40700,888322191749612
40750,888322191749612
40800,888322191749612
40850,888322191749612
40900,888322191749612
40950,888322191749612
41000,888322191749612
41050,888322191749612
41100,888322191749612
41150,888322191749612
41200,888322191749612
41250,888322191749612
41300,888322191749612
41350,888322191749612
41400,888322191749612
41450,888322191749612
37300,895003237714718
37350,895003237714718
37400,895003237714718
37450,895003237714718
37500,895003237714718
37550,895003237714718
37600,895003237714718
37650,895003237714718
37700,895003237714718
37750,895003237714718
37800,895003237714718
37850,895003237714718
37900,895003237714718
37950,895003237714718
38000,895003237714718
38050,895003237714718
38100,895003237714718
38150,895003237714718
38200,895003237714718
38250,895003237714718
38300,895003237714718
38350,895003237714718
38400,895003237714718
38450,895003237714718
38500,895003237714718
38550,895003237714718
38600,895003237714718
38650,895003237714718
38700,895003237714718
38750,895003237714718
38800,895003237714718
38850,895003237714718
38900,895003237714718
38950,895003237714718
39000,895003237714718
39050,895003237714718
39100,895003237714718
39150,895003237714718
39200,895003237714718
39250,895003237714718
39300,895003237714718
39350,895003237714718
39400,895003237714718
39450,895003237714718
39500,895003237714718
39550,895003237714718
39600,895003237714718
39650,895003237714718
39700,895003237714718
39750,895003237714718
39800,895003237714718
39850,895003237714718
39900,895003237714718
39950,895003237714718
40000,895003237714718
40050,895003237714718
40100,895003237714718
40150,895003237714718
40200,895003237714718
40250,895003237714718
40300,895003237714718
40350,895003237714718
40400,895003237714718
40450,895003237714718
40500,895003237714718
40550,895003237714718
40600,895003237714718
40650,895003237714718
40700,895003237714718
40750,895003237714718
40800,895003237714718
40850,895003237714718
40900,895003237714718
40950,895003237714718
41000,895003237714718
41050,895003237714718
41100,895003237714718
41150,895003237714718
41200,895003237714718
41250,895003237714718
41300,895003237714718
41350,895003237714718
41400,895003237714718
41450,895003237714718
37300,900588070502827
37350,900588070502827
37400,900588070502827
37450,900588070502827
37500,900588070502827
37550,900588070502827
37600,900588070502827
37650,900588070502827
37700,900588070502827
37750,900588070502827
37800,900588070502827
37850,900588070502827
37900,900588070502827
37950,900588070502827
38000,900588070502827
38050,900588070502827
38100,900588070502827
38150,900588070502827
38200,900588070502827
38250,900588070502827
38300,900588070502827
38350,900588070502827
38400,900588070502827
38450,900588070502827
38500,900588070502827
38550,900588070502827
38600,900588070502827
38650,900588070502827
38700,900588070502827
38750,900588070502827
38800,900588070502827
38850,900588070502827
38900,900588070502827
38950,900588070502827
39000,900588070502827
39050,900588070502827
39100,900588070502827
39150,900588070502827
39200,900588070502827
39250,900588070502827
39300,900588070502827
39350,900588070502827
39400,900588070502827
39450,900588070502827
39500,900588070502827
39550,900588070502827
39600,900588070502827
39650,900588070502827
39700,900588070502827
39750,900588070502827
39800,900588070502827
39850,900588070502827
39900,900588070502827
39950,900588070502827
40000,900588070502827
40050,900588070502827
40100,900588070502827
40150,900588070502827
40200,900588070502827
40250,900588070502827
40300,900588070502827
40350,900588070502827
40400,900588070502827
40450,900588070502827
40500,900588070502827
40550,900588070502827
40600,900588070502827
40650,900588070502827
40700,900588070502827
40750,900588070502827
40800,900588070502827
40850,900588070502827
40900,900588070502827
40950,900588070502827
41000,900588070502827
41050,900588070502827
41100,900588070502827
41150,900588070502827
41200,900588070502827
41250,900588070502827
41300,900588070502827
41350,900588070502827
41400,900588070502827
41450,900588070502827
37300,903300047191846
37350,903300047191846
37400,903300047191846
37450,903300047191846
37500,903300047191846
37550,903300047191846
37600,903300047191846
37650,903300047191846
37700,903300047191846
37750,903300047191846
37800,903300047191846
37850,903300047191846
37900,903300047191846
37950,903300047191846
38000,903300047191846
38050,903300047191846
38100,903300047191846
38150,903300047191846
38200,903300047191846
38250,903300047191846
38300,903300047191846
38350,903300047191846
38400,903300047191846
38450,903300047191846
38500,903300047191846
38550,903300047191846
38600,903300047191846
38650,903300047191846
38700,903300047191846
38750,903300047191846
38800,903300047191846
38850,903300047191846
38900,903300047191846
38950,903300047191846
39000,903300047191846
39050,903300047191846
39100,903300047191846
39150,903300047191846
39200,903300047191846
39250,903300047191846
39300,903300047191846
39350,903300047191846
39400,903300047191846
39450,903300047191846
39500,903300047191846
39550,903300047191846
39600,903300047191846
39650,903300047191846
39700,903300047191846
39750,903300047191846
39800,903300047191846
39850,903300047191846
39900,903300047191846
39950,903300047191846
40000,903300047191846
40050,903300047191846
40100,903300047191846
40150,903300047191846
40200,903300047191846
40250,903300047191846
40300,903300047191846
40350,903300047191846
40400,903300047191846
40450,903300047191846
40500,903300047191846
40550,903300047191846
40600,903300047191846
40650,903300047191846
40700,903300047191846
40750,903300047191846
40800,903300047191846
40850,903300047191846
40900,903300047191846
40950,903300047191846
41000,903300047191846
41050,903300047191846
41100,903300047191846
41150,903300047191846
41200,903300047191846
41250,903300047191846
41300,903300047191846
41350,903300047191846
41400,903300047191846
41450,903300047191846
37300,929911347773219
37350,929911347773219
37400,929911347773219
37450,929911347773219
37500,929911347773219
37550,929911347773219
37600,929911347773219
37650,929911347773219
37700,929911347773219
37750,929911347773219
37800,929911347773219
37850,929911347773219
37900,929911347773219
37950,929911347773219
38000,929911347773219
38050,929911347773219
38100,929911347773219
38150,929911347773219
38200,929911347773219
38250,929911347773219
38300,929911347773219
38350,929911347773219
38400,929911347773219
38450,929911347773219
38500,929911347773219
38550,929911347773219
38600,929911347773219
38650,929911347773219
38700,929911347773219
38750,929911347773219
38800,929911347773219
38850,929911347773219
38900,929911347773219
38950,929911347773219
39000,929911347773219
39050,929911347773219
39100,929911347773219
39150,929911347773219
39200,929911347773219
39250,929911347773219
39300,929911347773219
39350,929911347773219
39400,929911347773219
39450,929911347773219
39500,929911347773219
39550,929911347773219
39600,929911347773219
39650,929911347773219
39700,929911347773219
39750,929911347773219
39800,929911347773219
39850,929911347773219
39900,929911347773219
39950,929911347773219
40000,929911347773219
40050,929911347773219
40100,929911347773219
40150,929911347773219
40200,929911347773219
40250,929911347773219
40300,929911347773219
40350,929911347773219
40400,929911347773219
40450,929911347773219
40500,929911347773219
40550,929911347773219
40600,929911347773219
40650,929911347773219
40700,929911347773219
40750,929911347773219
40800,929911347773219
40850,929911347773219
40900,929911347773219
40950,929911347773219
41000,929911347773219
41050,929911347773219
41100,929911347773219
41150,929911347773219
41200,929911347773219
41250,929911347773219
41300,929911347773219
41350,929911347773219
41400,929911347773219
41450,929911347773219
37300,930951020780788
37350,930951020780788
37400,930951020780788
37450,930951020780788
37500,930951020780788
37550,930951020780788
37600,930951020780788
37650,930951020780788
37700,930951020780788
37750,930951020780788
37800,930951020780788
37850,930951020780788
37900,930951020780788
37950,930951020780788
38000,930951020780788
38050,930951020780788
38100,930951020780788
38150,930951020780788
38200,930951020780788
38250,930951020780788
38300,930951020780788
38350,930951020780788
38400,930951020780788
38450,930951020780788
38500,930951020780788
38550,930951020780788
38600,930951020780788
38650,930951020780788
38700,930951020780788
38750,930951020780788
38800,930951020780788
38850,930951020780788
38900,930951020780788
38950,930951020780788
39000,930951020780788
39050,930951020780788
39100,930951020780788
39150,930951020780788
39200,930951020780788
39250,930951020780788
39300,930951020780788
39350,930951020780788
39400,930951020780788
39450,930951020780788
39500,930951020780788
39550,930951020780788
39600,930951020780788
39650,930951020780788
39700,930951020780788
39750,930951020780788
39800,930951020780788
39850,930951020780788
39900,930951020780788
39950,930951020780788
40000,930951020780788
40050,930951020780788
40100,930951020780788
40150,930951020780788
40200,930951020780788
40250,930951020780788
40300,930951020780788
40350,930951020780788
40400,930951020780788
40450,930951020780788
40500,930951020780788
40550,930951020780788
40600,930951020780788
40650,930951020780788
40700,930951020780788
40750,930951020780788
40800,930951020780788
40850,930951020780788
40900,930951020780788
40950,930951020780788
41000,930951020780788
41050,930951020780788
41100,930951020780788
41150,930951020780788
41200,930951020780788
41250,930951020780788
41300,930951020780788
41350,930951020780788
41400,930951020780788
41450,930951020780788
37300,942084006546748
37350,942084006546748
37400,942084006546748
37450,942084006546748
37500,942084006546748
37550,942084006546748
37600,942084006546748
37650,942084006546748
37700,942084006546748
37750,942084006546748
37800,942084006546748
37850,942084006546748
37900,942084006546748
37950,942084006546748
38000,942084006546748
38050,942084006546748
38100,942084006546748
38150,942084006546748
38200,942084006546748
38250,942084006546748
38300,942084006546748
38350,942084006546748
38400,942084006546748
38450,942084006546748
38500,942084006546748
38550,942084006546748
38600,942084006546748
38650,942084006546748
38700,942084006546748
38750,942084006546748
38800,942084006546748
38850,942084006546748
38900,942084006546748
38950,942084006546748
39000,942084006546748
39050,942084006546748
39100,942084006546748
39150,942084006546748
39200,942084006546748
39250,942084006546748
39300,942084006546748
39350,942084006546748
39400,942084006546748
39450,942084006546748
39500,942084006546748
39550,942084006546748
39600,942084006546748
39650,942084006546748
39700,942084006546748
39750,942084006546748
39800,942084006546748
39850,942084006546748
39900,942084006546748
39950,942084006546748
40000,942084006546748
40050,942084006546748
40100,942084006546748
40150,942084006546748
40200,942084006546748
40250,942084006546748
40300,942084006546748
40350,942084006546748
40400,942084006546748
40450,942084006546748
40500,942084006546748
40550,942084006546748
40600,942084006546748
40650,942084006546748
40700,942084006546748
40750,942084006546748
40800,942084006546748
40850,942084006546748
40900,942084006546748
40950,942084006546748
41000,942084006546748
41050,942084006546748
41100,942084006546748
41150,942084006546748
41200,942084006546748
41250,942084006546748
41300,942084006546748
41350,942084006546748
41400,942084006546748
41450,942084006546748
