0,6000
0,6050
0,6100
0,6150
0,6200
0,6250
0,6300
0,6350
0,6400
0,6450
0,6500
0,6550
0,6600
0,6650
0,6700
0,6750
0,6800
0,6850
0,6900
0,6950
0,7000
0,7050
0,7100
0,7150
50,6000
50,6050
50,6100
50,6150
50,6200
50,6250
50,6300
50,6350
50,6400
50,6450
50,6500
50,6550
50,6600
50,6650
50,6700
50,6750
50,6800
50,6850
50,6900
50,6950
50,7000
50,7050
50,7100
50,7150
100,6000
100,6050
100,6100
100,6150
100,6200
100,6250
100,6300
100,6350
100,6400
100,6450
100,6500
100,6550
100,6600
100,6650
100,6700
100,6750
100,6800
100,6850
100,6900
100,6950
100,7000
100,7050
100,7100
100,7150
150,6000
150,6050
150,6100
150,6150
150,6200
150,6250
150,6300
150,6350
150,6400
150,6450
150,6500
150,6550
150,6600
150,6650
150,6700
150,6750
150,6800
150,6850
150,6900
150,6950
150,7000
150,7050
150,7100
150,7150
200,6000
200,6050
200,6100
200,6150
200,6200
200,6250
200,6300
200,6350
200,6400
200,6450
200,6500
200,6550
200,6600
200,6650
200,6700
200,6750
200,6800
200,6850
200,6900
200,6950
200,7000
200,7050
200,7100
200,7150
250,6000
250,6050
250,6100
250,6150
250,6200
250,6250
250,6300
250,6350
250,6400
250,6450
250,6500
250,6550
250,6600
250,6650
250,6700
250,6750
250,6800
250,6850
250,6900
250,6950
250,7000
250,7050
250,7100
250,7150
300,6000
300,6050
300,6100
300,6150
300,6200
300,6250
300,6300
300,6350
300,6400
300,6450
300,6500
300,6550
300,6600
300,6650
300,6700
300,6750
300,6800
300,6850
300,6900
300,6950
300,7000
300,7050
300,7100
300,7150
350,6000
350,6050
350,6100
350,6150
350,6200
350,6250
350,6300
350,6350
350,6400
350,6450
350,6500
350,6550
350,6600
350,6650
350,6700
350,6750
350,6800
350,6850
350,6900
350,6950
350,7000
350,7050
350,7100
350,7150
400,6000
400,6050
400,6100
400,6150
400,6200
400,6250
400,6300
400,6350
400,6400
400,6450
400,6500
400,6550
400,6600
400,6650
400,6700
400,6750
400,6800
400,6850
400,6900
400,6950
400,7000
400,7050
400,7100
400,7150
450,6000
450,6050
450,6100
450,6150
450,6200
450,6250
450,6300
450,6350
450,6400
450,6450
450,6500
450,6550
450,6600
450,6650
450,6700
450,6750
450,6800
450,6850
450,6900
450,6950
450,7000
450,7050
450,7100
450,7150
500,6000
500,6050
500,6100
500,6150
500,6200
500,6250
500,6300
500,6350
500,6400
500,6450
500,6500
500,6550
500,6600
500,6650
500,6700
500,6750
500,6800
500,6850
500,6900
500,6950
500,7000
500,7050
500,7100
500,7150
550,6000
550,6050
550,6100
550,6150
550,6200
550,6250
550,6300
550,6350
550,6400
550,6450
550,6500
550,6550
550,6600
550,6650
550,6700
550,6750
550,6800
550,6850
550,6900
550,6950
550,7000
550,7050
550,7100
550,7150
600,6000
600,6050
600,6100
600,6150
600,6200
600,6250
600,6300
600,6350
600,6400
600,6450
600,6500
600,6550
600,6600
600,6650
600,6700
600,6750
600,6800
600,6850
600,6900
600,6950
600,7000
600,7050
600,7100
600,7150
650,6000
650,6050
650,6100
650,6150
650,6200
650,6250
650,6300
650,6350
650,6400
650,6450
650,6500
650,6550
650,6600
650,6650
650,6700
650,6750
650,6800
650,6850
650,6900
650,6950
650,7000
650,7050
650,7100
650,7150
700,6000
700,6050
700,6100
700,6150
700,6200
700,6250
700,6300
700,6350
700,6400
700,6450
700,6500
700,6550
700,6600
700,6650
700,6700
700,6750
700,6800
700,6850
700,6900
700,6950
700,7000
700,7050
700,7100
700,7150
750,6000
750,6050
750,6100
750,6150
750,6200
750,6250
750,6300
750,6350
750,6400
750,6450
750,6500
750,6550
750,6600
750,6650
750,6700
750,6750
750,6800
750,6850
750,6900
750,6950
750,7000
750,7050
750,7100
750,7150
800,6000
800,6050
800,6100
800,6150
800,6200
800,6250
800,6300
800,6350
800,6400
800,6450
800,6500
800,6550
800,6600
800,6650
800,6700
800,6750
800,6800
800,6850
800,6900
800,6950
800,7000
800,7050
800,7100
800,7150
850,6000
850,6050
850,6100
850,6150
850,6200
850,6250
850,6300
850,6350
850,6400
850,6450
850,6500
850,6550
850,6600
850,6650
850,6700
850,6750
850,6800
850,6850
850,6900
850,6950
850,7000
850,7050
850,7100
850,7150
900,6000
900,6050
900,6100
900,6150
900,6200
900,6250
900,6300
900,6350
900,6400
900,6450
900,6500
900,6550
900,6600
900,6650
900,6700
900,6750
900,6800
900,6850
900,6900
900,6950
900,7000
900,7050
900,7100
900,7150
950,6000
950,6050
950,6100
950,6150
950,6200
950,6250
950,6300
950,6350
950,6400
950,6450
950,6500
950,6550
950,6600
950,6650
950,6700
950,6750
950,6800
950,6850
950,6900
950,6950
950,7000
950,7050
950,7100
950,7150
1000,6000
1000,6050
1000,6100
1000,6150
1000,6200
1000,6250
1000,6300
1000,6350
1000,6400
1000,6450
1000,6500
1000,6550
1000,6600
1000,6650
1000,6700
1000,6750
1000,6800
1000,6850
1000,6900
1000,6950
1000,7000
1000,7050
1000,7100
1000,7150
1050,6000
1050,6050
1050,6100
1050,6150
1050,6200
1050,6250
1050,6300
1050,6350
1050,6400
1050,6450
1050,6500
1050,6550
1050,6600
1050,6650
1050,6700
1050,6750
1050,6800
1050,6850
1050,6900
1050,6950
1050,7000
1050,7050
1050,7100
1050,7150
1100,6000
1100,6050
1100,6100
1100,6150
1100,6200
1100,6250
1100,6300
1100,6350
1100,6400
1100,6450
1100,6500
1100,6550
1100,6600
1100,6650
1100,6700
1100,6750
1100,6800
1100,6850
1100,6900
1100,6950
1100,7000
1100,7050
1100,7100
1100,7150
1150,6000
1150,6050
1150,6100
1150,6150
1150,6200
1150,6250
1150,6300
1150,6350
1150,6400
1150,6450
1150,6500
1150,6550
1150,6600
1150,6650
1150,6700
1150,6750
1150,6800
1150,6850
1150,6900
1150,6950
1150,7000
1150,7050
1150,7100
1150,7150
1200,6000
1200,6050
1200,6100
1200,6150
1200,6200
1200,6250
1200,6300
1200,6350
1200,6400
1200,6450
1200,6500
1200,6550
1200,6600
1200,6650
1200,6700
1200,6750
1200,6800
1200,6850
1200,6900
1200,6950
1200,7000
1200,7050
1200,7100
1200,7150
1250,6000
1250,6050
1250,6100
1250,6150
1250,6200
1250,6250
1250,6300
1250,6350
1250,6400
1250,6450
1250,6500
1250,6550
1250,6600
1250,6650
1250,6700
1250,6750
1250,6800
1250,6850
1250,6900
1250,6950
1250,7000
1250,7050
1250,7100
1250,7150
1300,6000
1300,6050
1300,6100
1300,6150
1300,6200
1300,6250
1300,6300
1300,6350
1300,6400
1300,6450
1300,6500
1300,6550
1300,6600
1300,6650
1300,6700
1300,6750
1300,6800
1300,6850
1300,6900
1300,6950
1300,7000
1300,7050
1300,7100
1300,7150
1350,6000
1350,6050
1350,6100
1350,6150
1350,6200
1350,6250
1350,6300
1350,6350
1350,6400
1350,6450
1350,6500
1350,6550
1350,6600
1350,6650
1350,6700
1350,6750
1350,6800
1350,6850
1350,6900
1350,6950
1350,7000
1350,7050
1350,7100
1350,7150
1400,6000
1400,6050
1400,6100
1400,6150
1400,6200
1400,6250
1400,6300
1400,6350
1400,6400
1400,6450
1400,6500
1400,6550
1400,6600
1400,6650
1400,6700
1400,6750
1400,6800
1400,6850
1400,6900
1400,6950
1400,7000
1400,7050
1400,7100
1400,7150
1450,6000
1450,6050
1450,6100
1450,6150
1450,6200
1450,6250
1450,6300
1450,6350
1450,6400
1450,6450
1450,6500
1450,6550
1450,6600
1450,6650
1450,6700
1450,6750
1450,6800
1450,6850
1450,6900
1450,6950
1450,7000
1450,7050
1450,7100
1450,7150
1500,6000
1500,6050
1500,6100
1500,6150
1500,6200
1500,6250
1500,6300
1500,6350
1500,6400
1500,6450
1500,6500
1500,6550
1500,6600
1500,6650
1500,6700
1500,6750
1500,6800
1500,6850
1500,6900
1500,6950
1500,7000
1500,7050
1500,7100
1500,7150
1550,6000
1550,6050
1550,6100
1550,6150
1550,6200
1550,6250
1550,6300
1550,6350
1550,6400
1550,6450
1550,6500
1550,6550
1550,6600
1550,6650
1550,6700
1550,6750
1550,6800
1550,6850
1550,6900
1550,6950
1550,7000
1550,7050
1550,7100
1550,7150
1600,6000
1600,6050
1600,6100
1600,6150
1600,6200
1600,6250
1600,6300
1600,6350
1600,6400
1600,6450
1600,6500
1600,6550
1600,6600
1600,6650
1600,6700
1600,6750
1600,6800
1600,6850
1600,6900
1600,6950
1600,7000
1600,7050
1600,7100
1600,7150
1650,6000
1650,6050
1650,6100
1650,6150
1650,6200
1650,6250
1650,6300
1650,6350
1650,6400
1650,6450
1650,6500
1650,6550
1650,6600
1650,6650
1650,6700
1650,6750
1650,6800
1650,6850
1650,6900
1650,6950
1650,7000
1650,7050
1650,7100
1650,7150
1700,6000
1700,6050
1700,6100
1700,6150
1700,6200
1700,6250
1700,6300
1700,6350
1700,6400
1700,6450
1700,6500
1700,6550
1700,6600
1700,6650
1700,6700
1700,6750
1700,6800
1700,6850
1700,6900
1700,6950
1700,7000
1700,7050
1700,7100
1700,7150
1750,6000
1750,6050
1750,6100
1750,6150
1750,6200
1750,6250
1750,6300
1750,6350
1750,6400
1750,6450
1750,6500
1750,6550
1750,6600
1750,6650
1750,6700
1750,6750
1750,6800
1750,6850
1750,6900
1750,6950
1750,7000
1750,7050
1750,7100
1750,7150
1800,6000
1800,6050
1800,6100
1800,6150
1800,6200
1800,6250
1800,6300
1800,6350
1800,6400
1800,6450
1800,6500
1800,6550
1800,6600
1800,6650
1800,6700
1800,6750
1800,6800
1800,6850
1800,6900
1800,6950
1800,7000
1800,7050
1800,7100
1800,7150
1850,6000
1850,6050
1850,6100
1850,6150
1850,6200
1850,6250
1850,6300
1850,6350
1850,6400
1850,6450
1850,6500
1850,6550
1850,6600
1850,6650
1850,6700
1850,6750
1850,6800
1850,6850
1850,6900
1850,6950
1850,7000
1850,7050
1850,7100
1850,7150
1900,6000
1900,6050
1900,6100
1900,6150
1900,6200
1900,6250
1900,6300
1900,6350
1900,6400
1900,6450
1900,6500
1900,6550
1900,6600
1900,6650
1900,6700
1900,6750
1900,6800
1900,6850
1900,6900
1900,6950
1900,7000
1900,7050
1900,7100
1900,7150
1950,6000
1950,6050
1950,6100
1950,6150
1950,6200
1950,6250
1950,6300
1950,6350
1950,6400
1950,6450
1950,6500
1950,6550
1950,6600
1950,6650
1950,6700
1950,6750
1950,6800
1950,6850
1950,6900
1950,6950
1950,7000
1950,7050
1950,7100
1950,7150
0,20000
0,20050
0,20100
0,20150
0,20200
0,20250
0,20300
0,20350
0,20400
0,20450
0,20500
0,20550
0,20600
0,20650
0,20700
0,20750
0,20800
0,20850
0,20900
0,20950
0,21000
0,21050
0,21100
0,21150
0,21200
0,21250
50,20000
50,20050
50,20100
50,20150
50,20200
50,20250
50,20300
50,20350
50,20400
50,20450
50,20500
50,20550
50,20600
50,20650
50,20700
50,20750
50,20800
50,20850
50,20900
50,20950
50,21000
50,21050
50,21100
50,21150
50,21200
50,21250
100,20000
100,20050
100,20100
100,20150
100,20200
100,20250
100,20300
100,20350
100,20400
100,20450
100,20500
100,20550
100,20600
100,20650
100,20700
100,20750
100,20800
100,20850
100,20900
100,20950
100,21000
100,21050
100,21100
100,21150
100,21200
100,21250
150,20000
150,20050
150,20100
150,20150
150,20200
150,20250
150,20300
150,20350
150,20400
150,20450
150,20500
150,20550
150,20600
150,20650
150,20700
150,20750
150,20800
150,20850
150,20900
150,20950
150,21000
150,21050
150,21100
150,21150
150,21200
150,21250
200,20000
200,20050
200,20100
200,20150
200,20200
200,20250
200,20300
200,20350
200,20400
200,20450
200,20500
200,20550
200,20600
200,20650
200,20700
200,20750
200,20800
200,20850
200,20900
200,20950
200,21000
200,21050
200,21100
200,21150
200,21200
200,21250
250,20000
250,20050
250,20100
250,20150
250,20200
250,20250
250,20300
250,20350
250,20400
250,20450
250,20500
250,20550
250,20600
250,20650
250,20700
250,20750
250,20800
250,20850
250,20900
250,20950
250,21000
250,21050
250,21100
250,21150
250,21200
250,21250
300,20000
300,20050
300,20100
300,20150
300,20200
300,20250
300,20300
300,20350
300,20400
300,20450
300,20500
300,20550
300,20600
300,20650
300,20700
300,20750
300,20800
300,20850
300,20900
300,20950
300,21000
300,21050
300,21100
300,21150
300,21200
300,21250
350,20000
350,20050
350,20100
350,20150
350,20200
350,20250
350,20300
350,20350
350,20400
350,20450
350,20500
350,20550
350,20600
350,20650
350,20700
350,20750
350,20800
350,20850
350,20900
350,20950
350,21000
350,21050
350,21100
350,21150
350,21200
350,21250
400,20000
400,20050
400,20100
400,20150
400,20200
400,20250
400,20300
400,20350
400,20400
400,20450
400,20500
400,20550
400,20600
400,20650
400,20700
400,20750
400,20800
400,20850
400,20900
400,20950
400,21000
400,21050
400,21100
400,21150
400,21200
400,21250
450,20000
450,20050
450,20100
450,20150
450,20200
450,20250
450,20300
450,20350
450,20400
450,20450
450,20500
450,20550
450,20600
450,20650
450,20700
450,20750
450,20800
450,20850
450,20900
450,20950
450,21000
450,21050
450,21100
450,21150
450,21200
450,21250
500,20000
500,20050
500,20100
500,20150
500,20200
500,20250
500,20300
500,20350
500,20400
500,20450
500,20500
500,20550
500,20600
500,20650
500,20700
500,20750
500,20800
500,20850
500,20900
500,20950
500,21000
500,21050
500,21100
500,21150
500,21200
500,21250
550,20000
550,20050
550,20100
550,20150
550,20200
550,20250
550,20300
550,20350
550,20400
550,20450
550,20500
550,20550
550,20600
550,20650
550,20700
550,20750
550,20800
550,20850
550,20900
550,20950
550,21000
550,21050
550,21100
550,21150
550,21200
550,21250
600,20000
600,20050
600,20100
600,20150
600,20200
600,20250
600,20300
600,20350
600,20400
600,20450
600,20500
600,20550
600,20600
600,20650
600,20700
600,20750
600,20800
600,20850
600,20900
600,20950
600,21000
600,21050
600,21100
600,21150
600,21200
600,21250
650,20000
650,20050
650,20100
650,20150
650,20200
650,20250
650,20300
650,20350
650,20400
650,20450
650,20500
650,20550
650,20600
650,20650
650,20700
650,20750
650,20800
650,20850
650,20900
650,20950
650,21000
650,21050
650,21100
650,21150
650,21200
650,21250
700,20000
700,20050
700,20100
700,20150
700,20200
700,20250
700,20300
700,20350
700,20400
700,20450
700,20500
700,20550
700,20600
700,20650
700,20700
700,20750
700,20800
700,20850
700,20900
700,20950
700,21000
700,21050
700,21100
700,21150
700,21200
700,21250
750,20000
750,20050
750,20100
750,20150
750,20200
750,20250
750,20300
750,20350
750,20400
750,20450
750,20500
750,20550
750,20600
750,20650
750,20700
750,20750
750,20800
750,20850
750,20900
750,20950
750,21000
750,21050
750,21100
750,21150
750,21200
750,21250
800,20000
800,20050
800,20100
800,20150
800,20200
800,20250
800,20300
800,20350
800,20400
800,20450
800,20500
800,20550
800,20600
800,20650
800,20700
800,20750
800,20800
800,20850
800,20900
800,20950
800,21000
800,21050
800,21100
800,21150
800,21200
800,21250
850,20000
850,20050
850,20100
850,20150
850,20200
850,20250
850,20300
850,20350
850,20400
850,20450
850,20500
850,20550
850,20600
850,20650
850,20700
850,20750
850,20800
850,20850
850,20900
850,20950
850,21000
850,21050
850,21100
850,21150
850,21200
850,21250
900,20000
900,20050
900,20100
900,20150
900,20200
900,20250
900,20300
900,20350
900,20400
900,20450
900,20500
900,20550
900,20600
900,20650
900,20700
900,20750
900,20800
900,20850
900,20900
900,20950
900,21000
900,21050
900,21100
900,21150
900,21200
900,21250
950,20000
950,20050
950,20100
950,20150
950,20200
950,20250
950,20300
950,20350
950,20400
950,20450
950,20500
950,20550
950,20600
950,20650
950,20700
950,20750
950,20800
950,20850
950,20900
950,20950
950,21000
950,21050
950,21100
950,21150
950,21200
950,21250
1000,20000
1000,20050
1000,20100
1000,20150
1000,20200
1000,20250
1000,20300
1000,20350
1000,20400
1000,20450
1000,20500
1000,20550
1000,20600
1000,20650
1000,20700
1000,20750
1000,20800
1000,20850
1000,20900
1000,20950
1000,21000
1000,21050
1000,21100
1000,21150
1000,21200
1000,21250
1050,20000
1050,20050
1050,20100
1050,20150
1050,20200
1050,20250
1050,20300
1050,20350
1050,20400
1050,20450
1050,20500
1050,20550
1050,20600
1050,20650
1050,20700
1050,20750
1050,20800
1050,20850
1050,20900
1050,20950
1050,21000
1050,21050
1050,21100
1050,21150
1050,21200
1050,21250
1100,20000
1100,20050
1100,20100
1100,20150
1100,20200
1100,20250
1100,20300
1100,20350
1100,20400
1100,20450
1100,20500
1100,20550
1100,20600
1100,20650
1100,20700
1100,20750
1100,20800
1100,20850
1100,20900
1100,20950
1100,21000
1100,21050
1100,21100
1100,21150
1100,21200
1100,21250
1150,20000
1150,20050
1150,20100
1150,20150
1150,20200
1150,20250
1150,20300
1150,20350
1150,20400
1150,20450
1150,20500
1150,20550
1150,20600
1150,20650
1150,20700
1150,20750
1150,20800
1150,20850
1150,20900
1150,20950
1150,21000
1150,21050
1150,21100
1150,21150
1150,21200
1150,21250
1200,20000
1200,20050
1200,20100
1200,20150
1200,20200
1200,20250
1200,20300
1200,20350
1200,20400
1200,20450
1200,20500
1200,20550
1200,20600
1200,20650
1200,20700
1200,20750
1200,20800
1200,20850
1200,20900
1200,20950
1200,21000
1200,21050
1200,21100
1200,21150
1200,21200
1200,21250
1250,20000
1250,20050
1250,20100
1250,20150
1250,20200
1250,20250
1250,20300
1250,20350
1250,20400
1250,20450
1250,20500
1250,20550
1250,20600
1250,20650
1250,20700
1250,20750
1250,20800
1250,20850
1250,20900
1250,20950
1250,21000
1250,21050
1250,21100
1250,21150
1250,21200
1250,21250
1300,20000
1300,20050
1300,20100
1300,20150
1300,20200
1300,20250
1300,20300
1300,20350
1300,20400
1300,20450
1300,20500
1300,20550
1300,20600
1300,20650
1300,20700
1300,20750
1300,20800
1300,20850
1300,20900
1300,20950
1300,21000
1300,21050
1300,21100
1300,21150
1300,21200
1300,21250
1350,20000
1350,20050
1350,20100
1350,20150
1350,20200
1350,20250
1350,20300
1350,20350
1350,20400
1350,20450
1350,20500
1350,20550
1350,20600
1350,20650
1350,20700
1350,20750
1350,20800
1350,20850
1350,20900
1350,20950
1350,21000
1350,21050
1350,21100
1350,21150
1350,21200
1350,21250
1400,20000
1400,20050
1400,20100
1400,20150
1400,20200
1400,20250
1400,20300
1400,20350
1400,20400
1400,20450
1400,20500
1400,20550
1400,20600
1400,20650
1400,20700
1400,20750
1400,20800
1400,20850
1400,20900
1400,20950
1400,21000
1400,21050
1400,21100
1400,21150
1400,21200
1400,21250
1450,20000
1450,20050
1450,20100
1450,20150
1450,20200
1450,20250
1450,20300
1450,20350
1450,20400
1450,20450
1450,20500
1450,20550
1450,20600
1450,20650
1450,20700
1450,20750
1450,20800
1450,20850
1450,20900
1450,20950
1450,21000
1450,21050
1450,21100
1450,21150
1450,21200
1450,21250
1500,20000
1500,20050
1500,20100
1500,20150
1500,20200
1500,20250
1500,20300
1500,20350
1500,20400
1500,20450
1500,20500
1500,20550
1500,20600
1500,20650
1500,20700
1500,20750
1500,20800
1500,20850
1500,20900
1500,20950
1500,21000
1500,21050
1500,21100
1500,21150
1500,21200
1500,21250
1550,20000
1550,20050
1550,20100
1550,20150
1550,20200
1550,20250
1550,20300
1550,20350
1550,20400
1550,20450
1550,20500
1550,20550
1550,20600
1550,20650
1550,20700
1550,20750
1550,20800
1550,20850
1550,20900
1550,20950
1550,21000
1550,21050
1550,21100
1550,21150
1550,21200
1550,21250
1600,20000
1600,20050
1600,20100
1600,20150
1600,20200
1600,20250
1600,20300
1600,20350
1600,20400
1600,20450
1600,20500
1600,20550
1600,20600
1600,20650
1600,20700
1600,20750
1600,20800
1600,20850
1600,20900
1600,20950
1600,21000
1600,21050
1600,21100
1600,21150
1600,21200
1600,21250
1650,20000
1650,20050
1650,20100
1650,20150
1650,20200
1650,20250
1650,20300
1650,20350
1650,20400
1650,20450
1650,20500
1650,20550
1650,20600
1650,20650
1650,20700
1650,20750
1650,20800
1650,20850
1650,20900
1650,20950
1650,21000
1650,21050
1650,21100
1650,21150
1650,21200
1650,21250
1700,20000
1700,20050
1700,20100
1700,20150
1700,20200
1700,20250
1700,20300
1700,20350
1700,20400
1700,20450
1700,20500
1700,20550
1700,20600
1700,20650
1700,20700
1700,20750
1700,20800
1700,20850
1700,20900
1700,20950
1700,21000
1700,21050
1700,21100
1700,21150
1700,21200
1700,21250
1750,20000
1750,20050
1750,20100
1750,20150
1750,20200
1750,20250
1750,20300
1750,20350
1750,20400
1750,20450
1750,20500
1750,20550
1750,20600
1750,20650
1750,20700
1750,20750
1750,20800
1750,20850
1750,20900
1750,20950
1750,21000
1750,21050
1750,21100
1750,21150
1750,21200
1750,21250
1800,20000
1800,20050
1800,20100
1800,20150
1800,20200
1800,20250
1800,20300
1800,20350
1800,20400
1800,20450
1800,20500
1800,20550
1800,20600
1800,20650
1800,20700
1800,20750
1800,20800
1800,20850
1800,20900
1800,20950
1800,21000
1800,21050
1800,21100
1800,21150
1800,21200
1800,21250
1850,20000
1850,20050
1850,20100
1850,20150
1850,20200
1850,20250
1850,20300
1850,20350
1850,20400
1850,20450
1850,20500
1850,20550
1850,20600
1850,20650
1850,20700
1850,20750
1850,20800
1850,20850
1850,20900
1850,20950
1850,21000
1850,21050
1850,21100
1850,21150
1850,21200
1850,21250
1900,20000
1900,20050
1900,20100
1900,20150
1900,20200
1900,20250
1900,20300
1900,20350
1900,20400
1900,20450
1900,20500
1900,20550
1900,20600
1900,20650
1900,20700
1900,20750
1900,20800
1900,20850
1900,20900
1900,20950
1900,21000
1900,21050
1900,21100
1900,21150
1900,21200
1900,21250
1950,20000
1950,20050
1950,20100
1950,20150
1950,20200
1950,20250
1950,20300
1950,20350
1950,20400
1950,20450
1950,20500
1950,20550
1950,20600
1950,20650
1950,20700
1950,20750
1950,20800
1950,20850
1950,20900
1950,20950
1950,21000
1950,21050
1950,21100
1950,21150
1950,21200
1950,21250
8000,21400
8000,21450
8000,21500
8000,21550
8000,21600
8000,21650
8000,21700
8000,21750
8000,21800
8000,21850
8000,21900
8000,21950
8000,22000
8000,22050
8000,22100
8000,22150
8000,22200
8000,22250
8000,22300
8000,22350
8000,22400
8000,22450
8000,22500
8000,22550
8000,22600
8000,22650
8000,22700
8000,22750
8000,22800
8000,22850
8000,22900
8000,22950
8000,23000
8000,23050
8000,23100
8000,23150
8000,23200
8000,23250
8000,23300
8000,23350
8000,23400
8000,23450
8000,23500
8000,23550
8000,23600
8000,23650
8000,23700
8000,23750
8000,23800
8000,23850
8000,23900
8000,23950
8050,21400
8050,21450
8050,21500
8050,21550
8050,21600
8050,21650
8050,21700
8050,21750
8050,21800
8050,21850
8050,21900
8050,21950
8050,22000
8050,22050
8050,22100
8050,22150
8050,22200
8050,22250
8050,22300
8050,22350
8050,22400
8050,22450
8050,22500
8050,22550
8050,22600
8050,22650
8050,22700
8050,22750
8050,22800
8050,22850
8050,22900
8050,22950
8050,23000
8050,23050
8050,23100
8050,23150
8050,23200
8050,23250
8050,23300
8050,23350
8050,23400
8050,23450
8050,23500
8050,23550
8050,23600
8050,23650
8050,23700
8050,23750
8050,23800
8050,23850
8050,23900
8050,23950
8100,21400
8100,21450
8100,21500
8100,21550
8100,21600
8100,21650
8100,21700
8100,21750
8100,21800
8100,21850
8100,21900
8100,21950
8100,22000
8100,22050
8100,22100
8100,22150
8100,22200
8100,22250
8100,22300
8100,22350
8100,22400
8100,22450
8100,22500
8100,22550
8100,22600
8100,22650
8100,22700
8100,22750
8100,22800
8100,22850
8100,22900
8100,22950
8100,23000
8100,23050
8100,23100
8100,23150
8100,23200
8100,23250
8100,23300
8100,23350
8100,23400
8100,23450
8100,23500
8100,23550
8100,23600
8100,23650
8100,23700
8100,23750
8100,23800
8100,23850
8100,23900
8100,23950
8150,21400
8150,21450
8150,21500
8150,21550
8150,21600
8150,21650
8150,21700
8150,21750
8150,21800
8150,21850
8150,21900
8150,21950
8150,22000
8150,22050
8150,22100
8150,22150
8150,22200
8150,22250
8150,22300
8150,22350
8150,22400
8150,22450
8150,22500
8150,22550
8150,22600
8150,22650
8150,22700
8150,22750
8150,22800
8150,22850
8150,22900
8150,22950
8150,23000
8150,23050
8150,23100
8150,23150
8150,23200
8150,23250
8150,23300
8150,23350
8150,23400
8150,23450
8150,23500
8150,23550
8150,23600
8150,23650
8150,23700
8150,23750
8150,23800
8150,23850
8150,23900
8150,23950
8200,21400
8200,21450
8200,21500
8200,21550
8200,21600
8200,21650
8200,21700
8200,21750
8200,21800
8200,21850
8200,21900
8200,21950
8200,22000
8200,22050
8200,22100
8200,22150
8200,22200
8200,22250
8200,22300
8200,22350
8200,22400
8200,22450
8200,22500
8200,22550
8200,22600
8200,22650
8200,22700
8200,22750
8200,22800
8200,22850
8200,22900
8200,22950
8200,23000
8200,23050
8200,23100
8200,23150
8200,23200
8200,23250
8200,23300
8200,23350
8200,23400
8200,23450
8200,23500
8200,23550
8200,23600
8200,23650
8200,23700
8200,23750
8200,23800
8200,23850
8200,23900
8200,23950
8250,21400
8250,21450
8250,21500
8250,21550
8250,21600
8250,21650
8250,21700
8250,21750
8250,21800
8250,21850
8250,21900
8250,21950
8250,22000
8250,22050
8250,22100
8250,22150
8250,22200
8250,22250
8250,22300
8250,22350
8250,22400
8250,22450
8250,22500
8250,22550
8250,22600
8250,22650
8250,22700
8250,22750
8250,22800
8250,22850
8250,22900
8250,22950
8250,23000
8250,23050
8250,23100
8250,23150
8250,23200
8250,23250
8250,23300
8250,23350
8250,23400
8250,23450
8250,23500
8250,23550
8250,23600
8250,23650
8250,23700
8250,23750
8250,23800
8250,23850
8250,23900
8250,23950
8300,21400
8300,21450
8300,21500
8300,21550
8300,21600
8300,21650
8300,21700
8300,21750
8300,21800
8300,21850
8300,21900
8300,21950
8300,22000
8300,22050
8300,22100
8300,22150
8300,22200
8300,22250
8300,22300
8300,22350
8300,22400
8300,22450
8300,22500
8300,22550
8300,22600
8300,22650
8300,22700
8300,22750
8300,22800
8300,22850
8300,22900
8300,22950
8300,23000
8300,23050
8300,23100
8300,23150
8300,23200
8300,23250
8300,23300
8300,23350
8300,23400
8300,23450
8300,23500
8300,23550
8300,23600
8300,23650
8300,23700
8300,23750
8300,23800
8300,23850
8300,23900
8300,23950
8350,21400
8350,21450
8350,21500
8350,21550
8350,21600
8350,21650
8350,21700
8350,21750
8350,21800
8350,21850
8350,21900
8350,21950
8350,22000
8350,22050
8350,22100
8350,22150
8350,22200
8350,22250
8350,22300
8350,22350
8350,22400
8350,22450
8350,22500
8350,22550
8350,22600
8350,22650
8350,22700
8350,22750
8350,22800
8350,22850
8350,22900
8350,22950
8350,23000
8350,23050
8350,23100
8350,23150
8350,23200
8350,23250
8350,23300
8350,23350
8350,23400
8350,23450
8350,23500
8350,23550
8350,23600
8350,23650
8350,23700
8350,23750
8350,23800
8350,23850
8350,23900
8350,23950
8400,21400
8400,21450
8400,21500
8400,21550
8400,21600
8400,21650
8400,21700
8400,21750
8400,21800
8400,21850
8400,21900
8400,21950
8400,22000
8400,22050
8400,22100
8400,22150
8400,22200
8400,22250
8400,22300
8400,22350
8400,22400
8400,22450
8400,22500
8400,22550
8400,22600
8400,22650
8400,22700
8400,22750
8400,22800
8400,22850
8400,22900
8400,22950
8400,23000
8400,23050
8400,23100
8400,23150
8400,23200
8400,23250
8400,23300
8400,23350
8400,23400
8400,23450
8400,23500
8400,23550
8400,23600
8400,23650
8400,23700
8400,23750
8400,23800
8400,23850
8400,23900
8400,23950
8450,21400
8450,21450
8450,21500
8450,21550
8450,21600
8450,21650
8450,21700
8450,21750
8450,21800
8450,21850
8450,21900
8450,21950
8450,22000
8450,22050
8450,22100
8450,22150
8450,22200
8450,22250
8450,22300
8450,22350
8450,22400
8450,22450
8450,22500
8450,22550
8450,22600
8450,22650
8450,22700
8450,22750
8450,22800
8450,22850
8450,22900
8450,22950
8450,23000
8450,23050
8450,23100
8450,23150
8450,23200
8450,23250
8450,23300
8450,23350
8450,23400
8450,23450
8450,23500
8450,23550
8450,23600
8450,23650
8450,23700
8450,23750
8450,23800
8450,23850
8450,23900
8450,23950
8500,21400
8500,21450
8500,21500
8500,21550
8500,21600
8500,21650
8500,21700
8500,21750
8500,21800
8500,21850
8500,21900
8500,21950
8500,22000
8500,22050
8500,22100
8500,22150
8500,22200
8500,22250
8500,22300
8500,22350
8500,22400
8500,22450
8500,22500
8500,22550
8500,22600
8500,22650
8500,22700
8500,22750
8500,22800
8500,22850
8500,22900
8500,22950
8500,23000
8500,23050
8500,23100
8500,23150
8500,23200
8500,23250
8500,23300
8500,23350
8500,23400
8500,23450
8500,23500
8500,23550
8500,23600
8500,23650
8500,23700
8500,23750
8500,23800
8500,23850
8500,23900
8500,23950
8550,21400
8550,21450
8550,21500
8550,21550
8550,21600
8550,21650
8550,21700
8550,21750
8550,21800
8550,21850
8550,21900
8550,21950
8550,22000
8550,22050
8550,22100
8550,22150
8550,22200
8550,22250
8550,22300
8550,22350
8550,22400
8550,22450
8550,22500
8550,22550
8550,22600
8550,22650
8550,22700
8550,22750
8550,22800
8550,22850
8550,22900
8550,22950
8550,23000
8550,23050
8550,23100
8550,23150
8550,23200
8550,23250
8550,23300
8550,23350
8550,23400
8550,23450
8550,23500
8550,23550
8550,23600
8550,23650
8550,23700
8550,23750
8550,23800
8550,23850
8550,23900
8550,23950
8600,21400
8600,21450
8600,21500
8600,21550
8600,21600
8600,21650
8600,21700
8600,21750
8600,21800
8600,21850
8600,21900
8600,21950
8600,22000
8600,22050
8600,22100
8600,22150
8600,22200
8600,22250
8600,22300
8600,22350
8600,22400
8600,22450
8600,22500
8600,22550
8600,22600
8600,22650
8600,22700
8600,22750
8600,22800
8600,22850
8600,22900
8600,22950
8600,23000
8600,23050
8600,23100
8600,23150
8600,23200
8600,23250
8600,23300
8600,23350
8600,23400
8600,23450
8600,23500
8600,23550
8600,23600
8600,23650
8600,23700
8600,23750
8600,23800
8600,23850
8600,23900
8600,23950
8650,21400
8650,21450
8650,21500
8650,21550
8650,21600
8650,21650
8650,21700
8650,21750
8650,21800
8650,21850
8650,21900
8650,21950
8650,22000
8650,22050
8650,22100
8650,22150
8650,22200
8650,22250
8650,22300
8650,22350
8650,22400
8650,22450
8650,22500
8650,22550
8650,22600
8650,22650
8650,22700
8650,22750
8650,22800
8650,22850
8650,22900
8650,22950
8650,23000
8650,23050
8650,23100
8650,23150
8650,23200
8650,23250
8650,23300
8650,23350
8650,23400
8650,23450
8650,23500
8650,23550
8650,23600
8650,23650
8650,23700
8650,23750
8650,23800
8650,23850
8650,23900
8650,23950
8700,21400
8700,21450
8700,21500
8700,21550
8700,21600
8700,21650
8700,21700
8700,21750
8700,21800
8700,21850
8700,21900
8700,21950
8700,22000
8700,22050
8700,22100
8700,22150
8700,22200
8700,22250
8700,22300
8700,22350
8700,22400
8700,22450
8700,22500
8700,22550
8700,22600
8700,22650
8700,22700
8700,22750
8700,22800
8700,22850
8700,22900
8700,22950
8700,23000
8700,23050
8700,23100
8700,23150
8700,23200
8700,23250
8700,23300
8700,23350
8700,23400
8700,23450
8700,23500
8700,23550
8700,23600
8700,23650
8700,23700
8700,23750
8700,23800
8700,23850
8700,23900
8700,23950
8750,21400
8750,21450
8750,21500
8750,21550
8750,21600
8750,21650
8750,21700
8750,21750
8750,21800
8750,21850
8750,21900
8750,21950
8750,22000
8750,22050
8750,22100
8750,22150
8750,22200
8750,22250
8750,22300
8750,22350
8750,22400
8750,22450
8750,22500
8750,22550
8750,22600
8750,22650
8750,22700
8750,22750
8750,22800
8750,22850
8750,22900
8750,22950
8750,23000
8750,23050
8750,23100
8750,23150
8750,23200
8750,23250
8750,23300
8750,23350
8750,23400
8750,23450
8750,23500
8750,23550
8750,23600
8750,23650
8750,23700
8750,23750
8750,23800
8750,23850
8750,23900
8750,23950
8800,21400
8800,21450
8800,21500
8800,21550
8800,21600
8800,21650
8800,21700
8800,21750
8800,21800
8800,21850
8800,21900
8800,21950
8800,22000
8800,22050
8800,22100
8800,22150
8800,22200
8800,22250
8800,22300
8800,22350
8800,22400
8800,22450
8800,22500
8800,22550
8800,22600
8800,22650
8800,22700
8800,22750
8800,22800
8800,22850
8800,22900
8800,22950
8800,23000
8800,23050
8800,23100
8800,23150
8800,23200
8800,23250
8800,23300
8800,23350
8800,23400
8800,23450
8800,23500
8800,23550
8800,23600
8800,23650
8800,23700
8800,23750
8800,23800
8800,23850
8800,23900
8800,23950
8850,21400
8850,21450
8850,21500
8850,21550
8850,21600
8850,21650
8850,21700
8850,21750
8850,21800
8850,21850
8850,21900
8850,21950
8850,22000
8850,22050
8850,22100
8850,22150
8850,22200
8850,22250
8850,22300
8850,22350
8850,22400
8850,22450
8850,22500
8850,22550
8850,22600
8850,22650
8850,22700
8850,22750
8850,22800
8850,22850
8850,22900
8850,22950
8850,23000
8850,23050
8850,23100
8850,23150
8850,23200
8850,23250
8850,23300
8850,23350
8850,23400
8850,23450
8850,23500
8850,23550
8850,23600
8850,23650
8850,23700
8850,23750
8850,23800
8850,23850
8850,23900
8850,23950
8900,21400
8900,21450
8900,21500
8900,21550
8900,21600
8900,21650
8900,21700
8900,21750
8900,21800
8900,21850
8900,21900
8900,21950
8900,22000
8900,22050
8900,22100
8900,22150
8900,22200
8900,22250
8900,22300
8900,22350
8900,22400
8900,22450
8900,22500
8900,22550
8900,22600
8900,22650
8900,22700
8900,22750
8900,22800
8900,22850
8900,22900
8900,22950
8900,23000
8900,23050
8900,23100
8900,23150
8900,23200
8900,23250
8900,23300
8900,23350
8900,23400
8900,23450
8900,23500
8900,23550
8900,23600
8900,23650
8900,23700
8900,23750
8900,23800
8900,23850
8900,23900
8900,23950
8950,21400
8950,21450
8950,21500
8950,21550
8950,21600
8950,21650
8950,21700
8950,21750
8950,21800
8950,21850
8950,21900
8950,21950
8950,22000
8950,22050
8950,22100
8950,22150
8950,22200
8950,22250
8950,22300
8950,22350
8950,22400
8950,22450
8950,22500
8950,22550
8950,22600
8950,22650
8950,22700
8950,22750
8950,22800
8950,22850
8950,22900
8950,22950
8950,23000
8950,23050
8950,23100
8950,23150
8950,23200
8950,23250
8950,23300
8950,23350
8950,23400
8950,23450
8950,23500
8950,23550
8950,23600
8950,23650
8950,23700
8950,23750
8950,23800
8950,23850
8950,23900
8950,23950
9000,21400
9000,21450
9000,21500
9000,21550
9000,21600
9000,21650
9000,21700
9000,21750
9000,21800
9000,21850
9000,21900
9000,21950
9000,22000
9000,22050
9000,22100
9000,22150
9000,22200
9000,22250
9000,22300
9000,22350
9000,22400
9000,22450
9000,22500
9000,22550
9000,22600
9000,22650
9000,22700
9000,22750
9000,22800
9000,22850
9000,22900
9000,22950
9000,23000
9000,23050
9000,23100
9000,23150
9000,23200
9000,23250
9000,23300
9000,23350
9000,23400
9000,23450
9000,23500
9000,23550
9000,23600
9000,23650
9000,23700
9000,23750
9000,23800
9000,23850
9000,23900
9000,23950
9050,21400
9050,21450
9050,21500
9050,21550
9050,21600
9050,21650
9050,21700
9050,21750
9050,21800
9050,21850
9050,21900
9050,21950
9050,22000
9050,22050
9050,22100
9050,22150
9050,22200
9050,22250
9050,22300
9050,22350
9050,22400
9050,22450
9050,22500
9050,22550
9050,22600
9050,22650
9050,22700
9050,22750
9050,22800
9050,22850
9050,22900
9050,22950
9050,23000
9050,23050
9050,23100
9050,23150
9050,23200
9050,23250
9050,23300
9050,23350
9050,23400
9050,23450
9050,23500
9050,23550
9050,23600
9050,23650
9050,23700
9050,23750
9050,23800
9050,23850
9050,23900
9050,23950
9100,21400
9100,21450
9100,21500
9100,21550
9100,21600
9100,21650
9100,21700
9100,21750
9100,21800
9100,21850
9100,21900
9100,21950
9100,22000
9100,22050
9100,22100
9100,22150
9100,22200
9100,22250
9100,22300
9100,22350
9100,22400
9100,22450
9100,22500
9100,22550
9100,22600
9100,22650
9100,22700
9100,22750
9100,22800
9100,22850
9100,22900
9100,22950
9100,23000
9100,23050
9100,23100
9100,23150
9100,23200
9100,23250
9100,23300
9100,23350
9100,23400
9100,23450
9100,23500
9100,23550
9100,23600
9100,23650
9100,23700
9100,23750
9100,23800
9100,23850
9100,23900
9100,23950
9150,21400
9150,21450
9150,21500
9150,21550
9150,21600
9150,21650
9150,21700
9150,21750
9150,21800
9150,21850
9150,21900
9150,21950
9150,22000
9150,22050
9150,22100
9150,22150
9150,22200
9150,22250
9150,22300
9150,22350
9150,22400
9150,22450
9150,22500
9150,22550
9150,22600
9150,22650
9150,22700
9150,22750
9150,22800
9150,22850
9150,22900
9150,22950
9150,23000
9150,23050
9150,23100
9150,23150
9150,23200
9150,23250
9150,23300
9150,23350
9150,23400
9150,23450
9150,23500
9150,23550
9150,23600
9150,23650
9150,23700
9150,23750
9150,23800
9150,23850
9150,23900
9150,23950
9200,21400
9200,21450
9200,21500
9200,21550
9200,21600
9200,21650
9200,21700
9200,21750
9200,21800
9200,21850
9200,21900
9200,21950
9200,22000
9200,22050
9200,22100
9200,22150
9200,22200
9200,22250
9200,22300
9200,22350
9200,22400
9200,22450
9200,22500
9200,22550
9200,22600
9200,22650
9200,22700
9200,22750
9200,22800
9200,22850
9200,22900
9200,22950
9200,23000
9200,23050
9200,23100
9200,23150
9200,23200
9200,23250
9200,23300
9200,23350
9200,23400
9200,23450
9200,23500
9200,23550
9200,23600
9200,23650
9200,23700
9200,23750
9200,23800
9200,23850
9200,23900
9200,23950
9250,21400
9250,21450
9250,21500
9250,21550
9250,21600
9250,21650
9250,21700
9250,21750
9250,21800
9250,21850
9250,21900
9250,21950
9250,22000
9250,22050
9250,22100
9250,22150
9250,22200
9250,22250
9250,22300
9250,22350
9250,22400
9250,22450
9250,22500
9250,22550
9250,22600
9250,22650
9250,22700
9250,22750
9250,22800
9250,22850
9250,22900
9250,22950
9250,23000
9250,23050
9250,23100
9250,23150
9250,23200
9250,23250
9250,23300
9250,23350
9250,23400
9250,23450
9250,23500
9250,23550
9250,23600
9250,23650
9250,23700
9250,23750
9250,23800
9250,23850
9250,23900
9250,23950
9300,21400
9300,21450
9300,21500
9300,21550
9300,21600
9300,21650
9300,21700
9300,21750
9300,21800
9300,21850
9300,21900
9300,21950
9300,22000
9300,22050
9300,22100
9300,22150
9300,22200
9300,22250
9300,22300
9300,22350
9300,22400
9300,22450
9300,22500
9300,22550
9300,22600
9300,22650
9300,22700
9300,22750
9300,22800
9300,22850
9300,22900
9300,22950
9300,23000
9300,23050
9300,23100
9300,23150
9300,23200
9300,23250
9300,23300
9300,23350
9300,23400
9300,23450
9300,23500
9300,23550
9300,23600
9300,23650
9300,23700
9300,23750
9300,23800
9300,23850
9300,23900
9300,23950
9350,21400
9350,21450
9350,21500
9350,21550
9350,21600
9350,21650
9350,21700
9350,21750
9350,21800
9350,21850
9350,21900
9350,21950
9350,22000
9350,22050
9350,22100
9350,22150
9350,22200
9350,22250
9350,22300
9350,22350
9350,22400
9350,22450
9350,22500
9350,22550
9350,22600
9350,22650
9350,22700
9350,22750
9350,22800
9350,22850
9350,22900
9350,22950
9350,23000
9350,23050
9350,23100
9350,23150
9350,23200
9350,23250
9350,23300
9350,23350
9350,23400
9350,23450
9350,23500
9350,23550
9350,23600
9350,23650
9350,23700
9350,23750
9350,23800
9350,23850
9350,23900
9350,23950
9400,21400
9400,21450
9400,21500
9400,21550
9400,21600
9400,21650
9400,21700
9400,21750
9400,21800
9400,21850
9400,21900
9400,21950
9400,22000
9400,22050
9400,22100
9400,22150
9400,22200
9400,22250
9400,22300
9400,22350
9400,22400
9400,22450
9400,22500
9400,22550
9400,22600
9400,22650
9400,22700
9400,22750
9400,22800
9400,22850
9400,22900
9400,22950
9400,23000
9400,23050
9400,23100
9400,23150
9400,23200
9400,23250
9400,23300
9400,23350
9400,23400
9400,23450
9400,23500
9400,23550
9400,23600
9400,23650
9400,23700
9400,23750
9400,23800
9400,23850
9400,23900
9400,23950
9450,21400
9450,21450
9450,21500
9450,21550
9450,21600
9450,21650
9450,21700
9450,21750
9450,21800
9450,21850
9450,21900
9450,21950
9450,22000
9450,22050
9450,22100
9450,22150
9450,22200
9450,22250
9450,22300
9450,22350
9450,22400
9450,22450
9450,22500
9450,22550
9450,22600
9450,22650
9450,22700
9450,22750
9450,22800
9450,22850
9450,22900
9450,22950
9450,23000
9450,23050
9450,23100
9450,23150
9450,23200
9450,23250
9450,23300
9450,23350
9450,23400
9450,23450
9450,23500
9450,23550
9450,23600
9450,23650
9450,23700
9450,23750
9450,23800
9450,23850
9450,23900
9450,23950
9500,21400
9500,21450
9500,21500
9500,21550
9500,21600
9500,21650
9500,21700
9500,21750
9500,21800
9500,21850
9500,21900
9500,21950
9500,22000
9500,22050
9500,22100
9500,22150
9500,22200
9500,22250
9500,22300
9500,22350
9500,22400
9500,22450
9500,22500
9500,22550
9500,22600
9500,22650
9500,22700
9500,22750
9500,22800
9500,22850
9500,22900
9500,22950
9500,23000
9500,23050
9500,23100
9500,23150
9500,23200
9500,23250
9500,23300
9500,23350
9500,23400
9500,23450
9500,23500
9500,23550
9500,23600
9500,23650
9500,23700
9500,23750
9500,23800
9500,23850
9500,23900
9500,23950
9550,21400
9550,21450
9550,21500
9550,21550
9550,21600
9550,21650
9550,21700
9550,21750
9550,21800
9550,21850
9550,21900
9550,21950
9550,22000
9550,22050
9550,22100
9550,22150
9550,22200
9550,22250
9550,22300
9550,22350
9550,22400
9550,22450
9550,22500
9550,22550
9550,22600
9550,22650
9550,22700
9550,22750
9550,22800
9550,22850
9550,22900
9550,22950
9550,23000
9550,23050
9550,23100
9550,23150
9550,23200
9550,23250
9550,23300
9550,23350
9550,23400
9550,23450
9550,23500
9550,23550
9550,23600
9550,23650
9550,23700
9550,23750
9550,23800
9550,23850
9550,23900
9550,23950
9600,21400
9600,21450
9600,21500
9600,21550
9600,21600
9600,21650
9600,21700
9600,21750
9600,21800
9600,21850
9600,21900
9600,21950
9600,22000
9600,22050
9600,22100
9600,22150
9600,22200
9600,22250
9600,22300
9600,22350
9600,22400
9600,22450
9600,22500
9600,22550
9600,22600
9600,22650
9600,22700
9600,22750
9600,22800
9600,22850
9600,22900
9600,22950
9600,23000
9600,23050
9600,23100
9600,23150
9600,23200
9600,23250
9600,23300
9600,23350
9600,23400
9600,23450
9600,23500
9600,23550
9600,23600
9600,23650
9600,23700
9600,23750
9600,23800
9600,23850
9600,23900
9600,23950
9650,21400
9650,21450
9650,21500
9650,21550
9650,21600
9650,21650
9650,21700
9650,21750
9650,21800
9650,21850
9650,21900
9650,21950
9650,22000
9650,22050
9650,22100
9650,22150
9650,22200
9650,22250
9650,22300
9650,22350
9650,22400
9650,22450
9650,22500
9650,22550
9650,22600
9650,22650
9650,22700
9650,22750
9650,22800
9650,22850
9650,22900
9650,22950
9650,23000
9650,23050
9650,23100
9650,23150
9650,23200
9650,23250
9650,23300
9650,23350
9650,23400
9650,23450
9650,23500
9650,23550
9650,23600
9650,23650
9650,23700
9650,23750
9650,23800
9650,23850
9650,23900
9650,23950
9700,21400
9700,21450
9700,21500
9700,21550
9700,21600
9700,21650
9700,21700
9700,21750
9700,21800
9700,21850
9700,21900
9700,21950
9700,22000
9700,22050
9700,22100
9700,22150
9700,22200
9700,22250
9700,22300
9700,22350
9700,22400
9700,22450
9700,22500
9700,22550
9700,22600
9700,22650
9700,22700
9700,22750
9700,22800
9700,22850
9700,22900
9700,22950
9700,23000
9700,23050
9700,23100
9700,23150
9700,23200
9700,23250
9700,23300
9700,23350
9700,23400
9700,23450
9700,23500
9700,23550
9700,23600
9700,23650
9700,23700
9700,23750
9700,23800
9700,23850
9700,23900
9700,23950
9750,21400
9750,21450
9750,21500
9750,21550
9750,21600
9750,21650
9750,21700
9750,21750
9750,21800
9750,21850
9750,21900
9750,21950
9750,22000
9750,22050
9750,22100
9750,22150
9750,22200
9750,22250
9750,22300
9750,22350
9750,22400
9750,22450
9750,22500
9750,22550
9750,22600
9750,22650
9750,22700
9750,22750
9750,22800
9750,22850
9750,22900
9750,22950
9750,23000
9750,23050
9750,23100
9750,23150
9750,23200
9750,23250
9750,23300
9750,23350
9750,23400
9750,23450
9750,23500
9750,23550
9750,23600
9750,23650
9750,23700
9750,23750
9750,23800
9750,23850
9750,23900
9750,23950
9800,21400
9800,21450
9800,21500
9800,21550
9800,21600
9800,21650
9800,21700
9800,21750
9800,21800
9800,21850
9800,21900
9800,21950
9800,22000
9800,22050
9800,22100
9800,22150
9800,22200
9800,22250
9800,22300
9800,22350
9800,22400
9800,22450
9800,22500
9800,22550
9800,22600
9800,22650
9800,22700
9800,22750
9800,22800
9800,22850
9800,22900
9800,22950
9800,23000
9800,23050
9800,23100
9800,23150
9800,23200
9800,23250
9800,23300
9800,23350
9800,23400
9800,23450
9800,23500
9800,23550
9800,23600
9800,23650
9800,23700
9800,23750
9800,23800
9800,23850
9800,23900
9800,23950
9850,21400
9850,21450
9850,21500
9850,21550
9850,21600
9850,21650
9850,21700
9850,21750
9850,21800
9850,21850
9850,21900
9850,21950
9850,22000
9850,22050
9850,22100
9850,22150
9850,22200
9850,22250
9850,22300
9850,22350
9850,22400
9850,22450
9850,22500
9850,22550
9850,22600
9850,22650
9850,22700
9850,22750
9850,22800
9850,22850
9850,22900
9850,22950
9850,23000
9850,23050
9850,23100
9850,23150
9850,23200
9850,23250
9850,23300
9850,23350
9850,23400
9850,23450
9850,23500
9850,23550
9850,23600
9850,23650
9850,23700
9850,23750
9850,23800
9850,23850
9850,23900
9850,23950
9900,21400
9900,21450
9900,21500
9900,21550
9900,21600
9900,21650
9900,21700
9900,21750
9900,21800
9900,21850
9900,21900
9900,21950
9900,22000
9900,22050
9900,22100
9900,22150
9900,22200
9900,22250
9900,22300
9900,22350
9900,22400
9900,22450
9900,22500
9900,22550
9900,22600
9900,22650
9900,22700
9900,22750
9900,22800
9900,22850
9900,22900
9900,22950
9900,23000
9900,23050
9900,23100
9900,23150
9900,23200
9900,23250
9900,23300
9900,23350
9900,23400
9900,23450
9900,23500
9900,23550
9900,23600
9900,23650
9900,23700
9900,23750
9900,23800
9900,23850
9900,23900
9900,23950
9950,21400
9950,21450
9950,21500
9950,21550
9950,21600
9950,21650
9950,21700
9950,21750
9950,21800
9950,21850
9950,21900
9950,21950
9950,22000
9950,22050
9950,22100
9950,22150
9950,22200
9950,22250
9950,22300
9950,22350
9950,22400
9950,22450
9950,22500
9950,22550
9950,22600
9950,22650
9950,22700
9950,22750
9950,22800
9950,22850
9950,22900
9950,22950
9950,23000
9950,23050
9950,23100
9950,23150
9950,23200
9950,23250
9950,23300
9950,23350
9950,23400
9950,23450
9950,23500
9950,23550
9950,23600
9950,23650
9950,23700
9950,23750
9950,23800
9950,23850
9950,23900
9950,23950
8000,7400
8000,7450
8000,7500
8000,7550
8000,7600
8000,7650
8000,7700
8000,7750
8000,7800
8000,7850
8000,7900
8000,7950
8050,7400
8050,7450
8050,7500
8050,7550
8050,7600
8050,7650
8050,7700
8050,7750
8050,7800
8050,7850
8050,7900
8050,7950
8100,7400
8100,7450
8100,7500
8100,7550
8100,7600
8100,7650
8100,7700
8100,7750
8100,7800
8100,7850
8100,7900
8100,7950
8150,7400
8150,7450
8150,7500
8150,7550
8150,7600
8150,7650
8150,7700
8150,7750
8150,7800
8150,7850
8150,7900
8150,7950
8200,7400
8200,7450
8200,7500
8200,7550
8200,7600
8200,7650
8200,7700
8200,7750
8200,7800
8200,7850
8200,7900
8200,7950
8250,7400
8250,7450
8250,7500
8250,7550
8250,7600
8250,7650
8250,7700
8250,7750
8250,7800
8250,7850
8250,7900
8250,7950
8300,7400
8300,7450
8300,7500
8300,7550
8300,7600
8300,7650
8300,7700
8300,7750
8300,7800
8300,7850
8300,7900
8300,7950
8350,7400
8350,7450
8350,7500
8350,7550
8350,7600
8350,7650
8350,7700
8350,7750
8350,7800
8350,7850
8350,7900
8350,7950
8400,7400
8400,7450
8400,7500
8400,7550
8400,7600
8400,7650
8400,7700
8400,7750
8400,7800
8400,7850
8400,7900
8400,7950
8450,7400
8450,7450
8450,7500
8450,7550
8450,7600
8450,7650
8450,7700
8450,7750
8450,7800
8450,7850
8450,7900
8450,7950
8500,7400
8500,7450
8500,7500
8500,7550
8500,7600
8500,7650
8500,7700
8500,7750
8500,7800
8500,7850
8500,7900
8500,7950
8550,7400
8550,7450
8550,7500
8550,7550
8550,7600
8550,7650
8550,7700
8550,7750
8550,7800
8550,7850
8550,7900
8550,7950
8600,7400
8600,7450
8600,7500
8600,7550
8600,7600
8600,7650
8600,7700
8600,7750
8600,7800
8600,7850
8600,7900
8600,7950
8650,7400
8650,7450
8650,7500
8650,7550
8650,7600
8650,7650
8650,7700
8650,7750
8650,7800
8650,7850
8650,7900
8650,7950
8700,7400
8700,7450
8700,7500
8700,7550
8700,7600
8700,7650
8700,7700
8700,7750
8700,7800
8700,7850
8700,7900
8700,7950
8750,7400
8750,7450
8750,7500
8750,7550
8750,7600
8750,7650
8750,7700
8750,7750
8750,7800
8750,7850
8750,7900
8750,7950
8800,7400
8800,7450
8800,7500
8800,7550
8800,7600
8800,7650
8800,7700
8800,7750
8800,7800
8800,7850
8800,7900
8800,7950
8850,7400
8850,7450
8850,7500
8850,7550
8850,7600
8850,7650
8850,7700
8850,7750
8850,7800
8850,7850
8850,7900
8850,7950
8900,7400
8900,7450
8900,7500
8900,7550
8900,7600
8900,7650
8900,7700
8900,7750
8900,7800
8900,7850
8900,7900
8900,7950
8950,7400
8950,7450
8950,7500
8950,7550
8950,7600
8950,7650
8950,7700
8950,7750
8950,7800
8950,7850
8950,7900
8950,7950
9000,7400
9000,7450
9000,7500
9000,7550
9000,7600
9000,7650
9000,7700
9000,7750
9000,7800
9000,7850
9000,7900
9000,7950
9050,7400
9050,7450
9050,7500
9050,7550
9050,7600
9050,7650
9050,7700
9050,7750
9050,7800
9050,7850
9050,7900
9050,7950
9100,7400
9100,7450
9100,7500
9100,7550
9100,7600
9100,7650
9100,7700
9100,7750
9100,7800
9100,7850
9100,7900
9100,7950
9150,7400
9150,7450
9150,7500
9150,7550
9150,7600
9150,7650
9150,7700
9150,7750
9150,7800
9150,7850
9150,7900
9150,7950
9200,7400
9200,7450
9200,7500
9200,7550
9200,7600
9200,7650
9200,7700
9200,7750
9200,7800
9200,7850
9200,7900
9200,7950
9250,7400
9250,7450
9250,7500
9250,7550
9250,7600
9250,7650
9250,7700
9250,7750
9250,7800
9250,7850
9250,7900
9250,7950
9300,7400
9300,7450
9300,7500
9300,7550
9300,7600
9300,7650
9300,7700
9300,7750
9300,7800
9300,7850
9300,7900
9300,7950
9350,7400
9350,7450
9350,7500
9350,7550
9350,7600
9350,7650
9350,7700
9350,7750
9350,7800
9350,7850
9350,7900
9350,7950
9400,7400
9400,7450
9400,7500
9400,7550
9400,7600
9400,7650
9400,7700
9400,7750
9400,7800
9400,7850
9400,7900
9400,7950
9450,7400
9450,7450
9450,7500
9450,7550
9450,7600
9450,7650
9450,7700
9450,7750
9450,7800
9450,7850
9450,7900
9450,7950
9500,7400
9500,7450
9500,7500
9500,7550
9500,7600
9500,7650
9500,7700
9500,7750
9500,7800
9500,7850
9500,7900
9500,7950
9550,7400
9550,7450
9550,7500
9550,7550
9550,7600
9550,7650
9550,7700
9550,7750
9550,7800
9550,7850
9550,7900
9550,7950
9600,7400
9600,7450
9600,7500
9600,7550
9600,7600
9600,7650
9600,7700
9600,7750
9600,7800
9600,7850
9600,7900
9600,7950
9650,7400
9650,7450
9650,7500
9650,7550
9650,7600
9650,7650
9650,7700
9650,7750
9650,7800
9650,7850
9650,7900
9650,7950
9700,7400
9700,7450
9700,7500
9700,7550
9700,7600
9700,7650
9700,7700
9700,7750
9700,7800
9700,7850
9700,7900
9700,7950
9750,7400
9750,7450
9750,7500
9750,7550
9750,7600
9750,7650
9750,7700
9750,7750
9750,7800
9750,7850
9750,7900
9750,7950
9800,7400
9800,7450
9800,7500
9800,7550
9800,7600
9800,7650
9800,7700
9800,7750
9800,7800
9800,7850
9800,7900
9800,7950
9850,7400
9850,7450
9850,7500
9850,7550
9850,7600
9850,7650
9850,7700
9850,7750
9850,7800
9850,7850
9850,7900
9850,7950
9900,7400
9900,7450
9900,7500
9900,7550
9900,7600
9900,7650
9900,7700
9900,7750
9900,7800
9900,7850
9900,7900
9900,7950
9950,7400
9950,7450
9950,7500
9950,7550
9950,7600
9950,7650
9950,7700
9950,7750
9950,7800
9950,7850
9950,7900
9950,7950
8000,10000
8000,10050
8000,10100
8000,10150
8000,10200
8000,10250
8000,10300
8000,10350
8000,10400
8000,10450
8000,10500
8000,10550
8000,10600
8000,10650
8000,10700
8000,10750
8000,10800
8000,10850
8000,10900
8000,10950
8050,10000
8050,10050
8050,10100
8050,10150
8050,10200
8050,10250
8050,10300
8050,10350
8050,10400
8050,10450
8050,10500
8050,10550
8050,10600
8050,10650
8050,10700
8050,10750
8050,10800
8050,10850
8050,10900
8050,10950
8100,10000
8100,10050
8100,10100
8100,10150
8100,10200
8100,10250
8100,10300
8100,10350
8100,10400
8100,10450
8100,10500
8100,10550
8100,10600
8100,10650
8100,10700
8100,10750
8100,10800
8100,10850
8100,10900
8100,10950
8150,10000
8150,10050
8150,10100
8150,10150
8150,10200
8150,10250
8150,10300
8150,10350
8150,10400
8150,10450
8150,10500
8150,10550
8150,10600
8150,10650
8150,10700
8150,10750
8150,10800
8150,10850
8150,10900
8150,10950
8200,10000
8200,10050
8200,10100
8200,10150
8200,10200
8200,10250
8200,10300
8200,10350
8200,10400
8200,10450
8200,10500
8200,10550
8200,10600
8200,10650
8200,10700
8200,10750
8200,10800
8200,10850
8200,10900
8200,10950
8250,10000
8250,10050
8250,10100
8250,10150
8250,10200
8250,10250
8250,10300
8250,10350
8250,10400
8250,10450
8250,10500
8250,10550
8250,10600
8250,10650
8250,10700
8250,10750
8250,10800
8250,10850
8250,10900
8250,10950
8300,10000
8300,10050
8300,10100
8300,10150
8300,10200
8300,10250
8300,10300
8300,10350
8300,10400
8300,10450
8300,10500
8300,10550
8300,10600
8300,10650
8300,10700
8300,10750
8300,10800
8300,10850
8300,10900
8300,10950
8350,10000
8350,10050
8350,10100
8350,10150
8350,10200
8350,10250
8350,10300
8350,10350
8350,10400
8350,10450
8350,10500
8350,10550
8350,10600
8350,10650
8350,10700
8350,10750
8350,10800
8350,10850
8350,10900
8350,10950
8400,10000
8400,10050
8400,10100
8400,10150
8400,10200
8400,10250
8400,10300
8400,10350
8400,10400
8400,10450
8400,10500
8400,10550
8400,10600
8400,10650
8400,10700
8400,10750
8400,10800
8400,10850
8400,10900
8400,10950
8450,10000
8450,10050
8450,10100
8450,10150
8450,10200
8450,10250
8450,10300
8450,10350
8450,10400
8450,10450
8450,10500
8450,10550
8450,10600
8450,10650
8450,10700
8450,10750
8450,10800
8450,10850
8450,10900
8450,10950
8500,10000
8500,10050
8500,10100
8500,10150
8500,10200
8500,10250
8500,10300
8500,10350
8500,10400
8500,10450
8500,10500
8500,10550
8500,10600
8500,10650
8500,10700
8500,10750
8500,10800
8500,10850
8500,10900
8500,10950
8550,10000
8550,10050
8550,10100
8550,10150
8550,10200
8550,10250
8550,10300
8550,10350
8550,10400
8550,10450
8550,10500
8550,10550
8550,10600
8550,10650
8550,10700
8550,10750
8550,10800
8550,10850
8550,10900
8550,10950
8600,10000
8600,10050
8600,10100
8600,10150
8600,10200
8600,10250
8600,10300
8600,10350
8600,10400
8600,10450
8600,10500
8600,10550
8600,10600
8600,10650
8600,10700
8600,10750
8600,10800
8600,10850
8600,10900
8600,10950
8650,10000
8650,10050
8650,10100
8650,10150
8650,10200
8650,10250
8650,10300
8650,10350
8650,10400
8650,10450
8650,10500
8650,10550
8650,10600
8650,10650
8650,10700
8650,10750
8650,10800
8650,10850
8650,10900
8650,10950
8700,10000
8700,10050
8700,10100
8700,10150
8700,10200
8700,10250
8700,10300
8700,10350
8700,10400
8700,10450
8700,10500
8700,10550
8700,10600
8700,10650
8700,10700
8700,10750
8700,10800
8700,10850
8700,10900
8700,10950
8750,10000
8750,10050
8750,10100
8750,10150
8750,10200
8750,10250
8750,10300
8750,10350
8750,10400
8750,10450
8750,10500
8750,10550
8750,10600
8750,10650
8750,10700
8750,10750
8750,10800
8750,10850
8750,10900
8750,10950
8800,10000
8800,10050
8800,10100
8800,10150
8800,10200
8800,10250
8800,10300
8800,10350
8800,10400
8800,10450
8800,10500
8800,10550
8800,10600
8800,10650
8800,10700
8800,10750
8800,10800
8800,10850
8800,10900
8800,10950
8850,10000
8850,10050
8850,10100
8850,10150
8850,10200
8850,10250
8850,10300
8850,10350
8850,10400
8850,10450
8850,10500
8850,10550
8850,10600
8850,10650
8850,10700
8850,10750
8850,10800
8850,10850
8850,10900
8850,10950
8900,10000
8900,10050
8900,10100
8900,10150
8900,10200
8900,10250
8900,10300
8900,10350
8900,10400
8900,10450
8900,10500
8900,10550
8900,10600
8900,10650
8900,10700
8900,10750
8900,10800
8900,10850
8900,10900
8900,10950
8950,10000
8950,10050
8950,10100
8950,10150
8950,10200
8950,10250
8950,10300
8950,10350
8950,10400
8950,10450
8950,10500
8950,10550
8950,10600
8950,10650
8950,10700
8950,10750
8950,10800
8950,10850
8950,10900
8950,10950
9000,10000
9000,10050
9000,10100
9000,10150
9000,10200
9000,10250
9000,10300
9000,10350
9000,10400
9000,10450
9000,10500
9000,10550
9000,10600
9000,10650
9000,10700
9000,10750
9000,10800
9000,10850
9000,10900
9000,10950
9050,10000
9050,10050
9050,10100
9050,10150
9050,10200
9050,10250
9050,10300
9050,10350
9050,10400
9050,10450
9050,10500
9050,10550
9050,10600
9050,10650
9050,10700
9050,10750
9050,10800
9050,10850
9050,10900
9050,10950
9100,10000
9100,10050
9100,10100
9100,10150
9100,10200
9100,10250
9100,10300
9100,10350
9100,10400
9100,10450
9100,10500
9100,10550
9100,10600
9100,10650
9100,10700
9100,10750
9100,10800
9100,10850
9100,10900
9100,10950
9150,10000
9150,10050
9150,10100
9150,10150
9150,10200
9150,10250
9150,10300
9150,10350
9150,10400
9150,10450
9150,10500
9150,10550
9150,10600
9150,10650
9150,10700
9150,10750
9150,10800
9150,10850
9150,10900
9150,10950
9200,10000
9200,10050
9200,10100
9200,10150
9200,10200
9200,10250
9200,10300
9200,10350
9200,10400
9200,10450
9200,10500
9200,10550
9200,10600
9200,10650
9200,10700
9200,10750
9200,10800
9200,10850
9200,10900
9200,10950
9250,10000
9250,10050
9250,10100
9250,10150
9250,10200
9250,10250
9250,10300
9250,10350
9250,10400
9250,10450
9250,10500
9250,10550
9250,10600
9250,10650
9250,10700
9250,10750
9250,10800
9250,10850
9250,10900
9250,10950
9300,10000
9300,10050
9300,10100
9300,10150
9300,10200
9300,10250
9300,10300
9300,10350
9300,10400
9300,10450
9300,10500
9300,10550
9300,10600
9300,10650
9300,10700
9300,10750
9300,10800
9300,10850
9300,10900
9300,10950
9350,10000
9350,10050
9350,10100
9350,10150
9350,10200
9350,10250
9350,10300
9350,10350
9350,10400
9350,10450
9350,10500
9350,10550
9350,10600
9350,10650
9350,10700
9350,10750
9350,10800
9350,10850
9350,10900
9350,10950
9400,10000
9400,10050
9400,10100
9400,10150
9400,10200
9400,10250
9400,10300
9400,10350
9400,10400
9400,10450
9400,10500
9400,10550
9400,10600
9400,10650
9400,10700
9400,10750
9400,10800
9400,10850
9400,10900
9400,10950
9450,10000
9450,10050
9450,10100
9450,10150
9450,10200
9450,10250
9450,10300
9450,10350
9450,10400
9450,10450
9450,10500
9450,10550
9450,10600
9450,10650
9450,10700
9450,10750
9450,10800
9450,10850
9450,10900
9450,10950
9500,10000
9500,10050
9500,10100
9500,10150
9500,10200
9500,10250
9500,10300
9500,10350
9500,10400
9500,10450
9500,10500
9500,10550
9500,10600
9500,10650
9500,10700
9500,10750
9500,10800
9500,10850
9500,10900
9500,10950
9550,10000
9550,10050
9550,10100
9550,10150
9550,10200
9550,10250
9550,10300
9550,10350
9550,10400
9550,10450
9550,10500
9550,10550
9550,10600
9550,10650
9550,10700
9550,10750
9550,10800
9550,10850
9550,10900
9550,10950
9600,10000
9600,10050
9600,10100
9600,10150
9600,10200
9600,10250
9600,10300
9600,10350
9600,10400
9600,10450
9600,10500
9600,10550
9600,10600
9600,10650
9600,10700
9600,10750
9600,10800
9600,10850
9600,10900
9600,10950
9650,10000
9650,10050
9650,10100
9650,10150
9650,10200
9650,10250
9650,10300
9650,10350
9650,10400
9650,10450
9650,10500
9650,10550
9650,10600
9650,10650
9650,10700
9650,10750
9650,10800
9650,10850
9650,10900
9650,10950
9700,10000
9700,10050
9700,10100
9700,10150
9700,10200
9700,10250
9700,10300
9700,10350
9700,10400
9700,10450
9700,10500
9700,10550
9700,10600
9700,10650
9700,10700
9700,10750
9700,10800
9700,10850
9700,10900
9700,10950
9750,10000
9750,10050
9750,10100
9750,10150
9750,10200
9750,10250
9750,10300
9750,10350
9750,10400
9750,10450
9750,10500
9750,10550
9750,10600
9750,10650
9750,10700
9750,10750
9750,10800
9750,10850
9750,10900
9750,10950
9800,10000
9800,10050
9800,10100
9800,10150
9800,10200
9800,10250
9800,10300
9800,10350
9800,10400
9800,10450
9800,10500
9800,10550
9800,10600
9800,10650
9800,10700
9800,10750
9800,10800
9800,10850
9800,10900
9800,10950
9850,10000
9850,10050
9850,10100
9850,10150
9850,10200
9850,10250
9850,10300
9850,10350
9850,10400
9850,10450
9850,10500
9850,10550
9850,10600
9850,10650
9850,10700
9850,10750
9850,10800
9850,10850
9850,10900
9850,10950
9900,10000
9900,10050
9900,10100
9900,10150
9900,10200
9900,10250
9900,10300
9900,10350
9900,10400
9900,10450
9900,10500
9900,10550
9900,10600
9900,10650
9900,10700
9900,10750
9900,10800
9900,10850
9900,10900
9900,10950
9950,10000
9950,10050
9950,10100
9950,10150
9950,10200
9950,10250
9950,10300
9950,10350
9950,10400
9950,10450
9950,10500
9950,10550
9950,10600
9950,10650
9950,10700
9950,10750
9950,10800
9950,10850
9950,10900
9950,10950
8000,38700
8000,38750
8000,38800
8000,38850
8000,38900
8000,38950
8000,39000
8000,39050
8000,39100
8000,39150
8050,38700
8050,38750
8050,38800
8050,38850
8050,38900
8050,38950
8050,39000
8050,39050
8050,39100
8050,39150
8100,38700
8100,38750
8100,38800
8100,38850
8100,38900
8100,38950
8100,39000
8100,39050
8100,39100
8100,39150
8150,38700
8150,38750
8150,38800
8150,38850
8150,38900
8150,38950
8150,39000
8150,39050
8150,39100
8150,39150
8200,38700
8200,38750
8200,38800
8200,38850
8200,38900
8200,38950
8200,39000
8200,39050
8200,39100
8200,39150
8250,38700
8250,38750
8250,38800
8250,38850
8250,38900
8250,38950
8250,39000
8250,39050
8250,39100
8250,39150
8300,38700
8300,38750
8300,38800
8300,38850
8300,38900
8300,38950
8300,39000
8300,39050
8300,39100
8300,39150
8350,38700
8350,38750
8350,38800
8350,38850
8350,38900
8350,38950
8350,39000
8350,39050
8350,39100
8350,39150
8400,38700
8400,38750
8400,38800
8400,38850
8400,38900
8400,38950
8400,39000
8400,39050
8400,39100
8400,39150
8450,38700
8450,38750
8450,38800
8450,38850
8450,38900
8450,38950
8450,39000
8450,39050
8450,39100
8450,39150
8500,38700
8500,38750
8500,38800
8500,38850
8500,38900
8500,38950
8500,39000
8500,39050
8500,39100
8500,39150
8550,38700
8550,38750
8550,38800
8550,38850
8550,38900
8550,38950
8550,39000
8550,39050
8550,39100
8550,39150
8600,38700
8600,38750
8600,38800
8600,38850
8600,38900
8600,38950
8600,39000
8600,39050
8600,39100
8600,39150
8650,38700
8650,38750
8650,38800
8650,38850
8650,38900
8650,38950
8650,39000
8650,39050
8650,39100
8650,39150
8700,38700
8700,38750
8700,38800
8700,38850
8700,38900
8700,38950
8700,39000
8700,39050
8700,39100
8700,39150
8750,38700
8750,38750
8750,38800
8750,38850
8750,38900
8750,38950
8750,39000
8750,39050
8750,39100
8750,39150
8800,38700
8800,38750
8800,38800
8800,38850
8800,38900
8800,38950
8800,39000
8800,39050
8800,39100
8800,39150
8850,38700
8850,38750
8850,38800
8850,38850
8850,38900
8850,38950
8850,39000
8850,39050
8850,39100
8850,39150
8900,38700
8900,38750
8900,38800
8900,38850
8900,38900
8900,38950
8900,39000
8900,39050
8900,39100
8900,39150
8950,38700
8950,38750
8950,38800
8950,38850
8950,38900
8950,38950
8950,39000
8950,39050
8950,39100
8950,39150
9000,38700
9000,38750
9000,38800
9000,38850
9000,38900
9000,38950
9000,39000
9000,39050
9000,39100
9000,39150
9050,38700
9050,38750
9050,38800
9050,38850
9050,38900
9050,38950
9050,39000
9050,39050
9050,39100
9050,39150
9100,38700
9100,38750
9100,38800
9100,38850
9100,38900
9100,38950
9100,39000
9100,39050
9100,39100
9100,39150
9150,38700
9150,38750
9150,38800
9150,38850
9150,38900
9150,38950
9150,39000
9150,39050
9150,39100
9150,39150
9200,38700
9200,38750
9200,38800
9200,38850
9200,38900
9200,38950
9200,39000
9200,39050
9200,39100
9200,39150
9250,38700
9250,38750
9250,38800
9250,38850
9250,38900
9250,38950
9250,39000
9250,39050
9250,39100
9250,39150
9300,38700
9300,38750
9300,38800
9300,38850
9300,38900
9300,38950
9300,39000
9300,39050
9300,39100
9300,39150
9350,38700
9350,38750
9350,38800
9350,38850
9350,38900
9350,38950
9350,39000
9350,39050
9350,39100
9350,39150
9400,38700
9400,38750
9400,38800
9400,38850
9400,38900
9400,38950
9400,39000
9400,39050
9400,39100
9400,39150
9450,38700
9450,38750
9450,38800
9450,38850
9450,38900
9450,38950
9450,39000
9450,39050
9450,39100
9450,39150
9500,38700
9500,38750
9500,38800
9500,38850
9500,38900
9500,38950
9500,39000
9500,39050
9500,39100
9500,39150
9550,38700
9550,38750
9550,38800
9550,38850
9550,38900
9550,38950
9550,39000
9550,39050
9550,39100
9550,39150
9600,38700
9600,38750
9600,38800
9600,38850
9600,38900
9600,38950
9600,39000
9600,39050
9600,39100
9600,39150
9650,38700
9650,38750
9650,38800
9650,38850
9650,38900
9650,38950
9650,39000
9650,39050
9650,39100
9650,39150
9700,38700
9700,38750
9700,38800
9700,38850
9700,38900
9700,38950
9700,39000
9700,39050
9700,39100
9700,39150
9750,38700
9750,38750
9750,38800
9750,38850
9750,38900
9750,38950
9750,39000
9750,39050
9750,39100
9750,39150
9800,38700
9800,38750
9800,38800
9800,38850
9800,38900
9800,38950
9800,39000
9800,39050
9800,39100
9800,39150
9850,38700
9850,38750
9850,38800
9850,38850
9850,38900
9850,38950
9850,39000
9850,39050
9850,39100
9850,39150
9900,38700
9900,38750
9900,38800
9900,38850
9900,38900
9900,38950
9900,39000
9900,39050
9900,39100
9900,39150
9950,38700
9950,38750
9950,38800
9950,38850
9950,38900
9950,38950
9950,39000
9950,39050
9950,39100
9950,39150
8000,2000
8000,2050
8000,2100
8000,2150
8000,2200
8000,2250
8000,2300
8000,2350
8050,2000
8050,2050
8050,2100
8050,2150
8050,2200
8050,2250
8050,2300
8050,2350
8100,2000
8100,2050
8100,2100
8100,2150
8100,2200
8100,2250
8100,2300
8100,2350
8150,2000
8150,2050
8150,2100
8150,2150
8150,2200
8150,2250
8150,2300
8150,2350
8200,2000
8200,2050
8200,2100
8200,2150
8200,2200
8200,2250
8200,2300
8200,2350
8250,2000
8250,2050
8250,2100
8250,2150
8250,2200
8250,2250
8250,2300
8250,2350
8300,2000
8300,2050
8300,2100
8300,2150
8300,2200
8300,2250
8300,2300
8300,2350
8350,2000
8350,2050
8350,2100
8350,2150
8350,2200
8350,2250
8350,2300
8350,2350
8400,2000
8400,2050
8400,2100
8400,2150
8400,2200
8400,2250
8400,2300
8400,2350
8450,2000
8450,2050
8450,2100
8450,2150
8450,2200
8450,2250
8450,2300
8450,2350
8500,2000
8500,2050
8500,2100
8500,2150
8500,2200
8500,2250
8500,2300
8500,2350
8550,2000
8550,2050
8550,2100
8550,2150
8550,2200
8550,2250
8550,2300
8550,2350
8600,2000
8600,2050
8600,2100
8600,2150
8600,2200
8600,2250
8600,2300
8600,2350
8650,2000
8650,2050
8650,2100
8650,2150
8650,2200
8650,2250
8650,2300
8650,2350
8700,2000
8700,2050
8700,2100
8700,2150
8700,2200
8700,2250
8700,2300
8700,2350
8750,2000
8750,2050
8750,2100
8750,2150
8750,2200
8750,2250
8750,2300
8750,2350
8800,2000
8800,2050
8800,2100
8800,2150
8800,2200
8800,2250
8800,2300
8800,2350
8850,2000
8850,2050
8850,2100
8850,2150
8850,2200
8850,2250
8850,2300
8850,2350
8900,2000
8900,2050
8900,2100
8900,2150
8900,2200
8900,2250
8900,2300
8900,2350
8950,2000
8950,2050
8950,2100
8950,2150
8950,2200
8950,2250
8950,2300
8950,2350
9000,2000
9000,2050
9000,2100
9000,2150
9000,2200
9000,2250
9000,2300
9000,2350
9050,2000
9050,2050
9050,2100
9050,2150
9050,2200
9050,2250
9050,2300
9050,2350
9100,2000
9100,2050
9100,2100
9100,2150
9100,2200
9100,2250
9100,2300
9100,2350
9150,2000
9150,2050
9150,2100
9150,2150
9150,2200
9150,2250
9150,2300
9150,2350
9200,2000
9200,2050
9200,2100
9200,2150
9200,2200
9200,2250
9200,2300
9200,2350
9250,2000
9250,2050
9250,2100
9250,2150
9250,2200
9250,2250
9250,2300
9250,2350
9300,2000
9300,2050
9300,2100
9300,2150
9300,2200
9300,2250
9300,2300
9300,2350
9350,2000
9350,2050
9350,2100
9350,2150
9350,2200
9350,2250
9350,2300
9350,2350
9400,2000
9400,2050
9400,2100
9400,2150
9400,2200
9400,2250
9400,2300
9400,2350
9450,2000
9450,2050
9450,2100
9450,2150
9450,2200
9450,2250
9450,2300
9450,2350
9500,2000
9500,2050
9500,2100
9500,2150
9500,2200
9500,2250
9500,2300
9500,2350
9550,2000
9550,2050
9550,2100
9550,2150
9550,2200
9550,2250
9550,2300
9550,2350
9600,2000
9600,2050
9600,2100
9600,2150
9600,2200
9600,2250
9600,2300
9600,2350
9650,2000
9650,2050
9650,2100
9650,2150
9650,2200
9650,2250
9650,2300
9650,2350
9700,2000
9700,2050
9700,2100
9700,2150
9700,2200
9700,2250
9700,2300
9700,2350
9750,2000
9750,2050
9750,2100
9750,2150
9750,2200
9750,2250
9750,2300
9750,2350
9800,2000
9800,2050
9800,2100
9800,2150
9800,2200
9800,2250
9800,2300
9800,2350
9850,2000
9850,2050
9850,2100
9850,2150
9850,2200
9850,2250
9850,2300
9850,2350
9900,2000
9900,2050
9900,2100
9900,2150
9900,2200
9900,2250
9900,2300
9900,2350
9950,2000
9950,2050
9950,2100
9950,2150
9950,2200
9950,2250
9950,2300
9950,2350
39300,2500
39300,2550
39300,2600
39300,2650
39300,2700
39300,2750
39300,2800
39300,2850
39300,2900
39300,2950
39300,3000
39300,3050
39300,3100
39300,3150
39300,3200
39300,3250
39300,3300
39300,3350
39300,3400
39300,3450
39300,3500
39300,3550
39300,3600
39300,3650
39300,3700
39300,3750
39300,3800
39300,3850
39300,3900
39300,3950
39300,4000
39300,4050
39300,4100
39300,4150
39300,4200
39300,4250
39300,4300
39300,4350
39300,4400
39300,4450
39300,4500
39300,4550
39300,4600
39300,4650
39300,4700
39300,4750
39300,4800
39300,4850
39300,4900
39300,4950
39300,5000
39300,5050
39300,5100
39300,5150
39300,5200
39300,5250
39300,5300
39300,5350
39300,5400
39300,5450
39300,5500
39300,5550
39300,5600
39300,5650
39300,5700
39300,5750
39300,5800
39300,5850
39300,5900
39300,5950
39350,2500
39350,2550
39350,2600
39350,2650
39350,2700
39350,2750
39350,2800
39350,2850
39350,2900
39350,2950
39350,3000
39350,3050
39350,3100
39350,3150
39350,3200
39350,3250
39350,3300
39350,3350
39350,3400
39350,3450
39350,3500
39350,3550
39350,3600
39350,3650
39350,3700
39350,3750
39350,3800
39350,3850
39350,3900
39350,3950
39350,4000
39350,4050
39350,4100
39350,4150
39350,4200
39350,4250
39350,4300
39350,4350
39350,4400
39350,4450
39350,4500
39350,4550
39350,4600
39350,4650
39350,4700
39350,4750
39350,4800
39350,4850
39350,4900
39350,4950
39350,5000
39350,5050
39350,5100
39350,5150
39350,5200
39350,5250
39350,5300
39350,5350
39350,5400
39350,5450
39350,5500
39350,5550
39350,5600
39350,5650
39350,5700
39350,5750
39350,5800
39350,5850
39350,5900
39350,5950
39400,2500
39400,2550
39400,2600
39400,2650
39400,2700
39400,2750
39400,2800
39400,2850
39400,2900
39400,2950
39400,3000
39400,3050
39400,3100
39400,3150
39400,3200
39400,3250
39400,3300
39400,3350
39400,3400
39400,3450
39400,3500
39400,3550
39400,3600
39400,3650
39400,3700
39400,3750
39400,3800
39400,3850
39400,3900
39400,3950
39400,4000
39400,4050
39400,4100
39400,4150
39400,4200
39400,4250
39400,4300
39400,4350
39400,4400
39400,4450
39400,4500
39400,4550
39400,4600
39400,4650
39400,4700
39400,4750
39400,4800
39400,4850
39400,4900
39400,4950
39400,5000
39400,5050
39400,5100
39400,5150
39400,5200
39400,5250
39400,5300
39400,5350
39400,5400
39400,5450
39400,5500
39400,5550
39400,5600
39400,5650
39400,5700
39400,5750
39400,5800
39400,5850
39400,5900
39400,5950
39450,2500
39450,2550
39450,2600
39450,2650
39450,2700
39450,2750
39450,2800
39450,2850
39450,2900
39450,2950
39450,3000
39450,3050
39450,3100
39450,3150
39450,3200
39450,3250
39450,3300
39450,3350
39450,3400
39450,3450
39450,3500
39450,3550
39450,3600
39450,3650
39450,3700
39450,3750
39450,3800
39450,3850
39450,3900
39450,3950
39450,4000
39450,4050
39450,4100
39450,4150
39450,4200
39450,4250
39450,4300
39450,4350
39450,4400
39450,4450
39450,4500
39450,4550
39450,4600
39450,4650
39450,4700
39450,4750
39450,4800
39450,4850
39450,4900
39450,4950
39450,5000
39450,5050
39450,5100
39450,5150
39450,5200
39450,5250
39450,5300
39450,5350
39450,5400
39450,5450
39450,5500
39450,5550
39450,5600
39450,5650
39450,5700
39450,5750
39450,5800
39450,5850
39450,5900
39450,5950
39500,2500
39500,2550
39500,2600
39500,2650
39500,2700
39500,2750
39500,2800
39500,2850
39500,2900
39500,2950
39500,3000
39500,3050
39500,3100
39500,3150
39500,3200
39500,3250
39500,3300
39500,3350
39500,3400
39500,3450
39500,3500
39500,3550
39500,3600
39500,3650
39500,3700
39500,3750
39500,3800
39500,3850
39500,3900
39500,3950
39500,4000
39500,4050
39500,4100
39500,4150
39500,4200
39500,4250
39500,4300
39500,4350
39500,4400
39500,4450
39500,4500
39500,4550
39500,4600
39500,4650
39500,4700
39500,4750
39500,4800
39500,4850
39500,4900
39500,4950
39500,5000
39500,5050
39500,5100
39500,5150
39500,5200
39500,5250
39500,5300
39500,5350
39500,5400
39500,5450
39500,5500
39500,5550
39500,5600
39500,5650
39500,5700
39500,5750
39500,5800
39500,5850
39500,5900
39500,5950
39550,2500
39550,2550
39550,2600
39550,2650
39550,2700
39550,2750
39550,2800
39550,2850
39550,2900
39550,2950
39550,3000
39550,3050
39550,3100
39550,3150
39550,3200
39550,3250
39550,3300
39550,3350
39550,3400
39550,3450
39550,3500
39550,3550
39550,3600
39550,3650
39550,3700
39550,3750
39550,3800
39550,3850
39550,3900
39550,3950
39550,4000
39550,4050
39550,4100
39550,4150
39550,4200
39550,4250
39550,4300
39550,4350
39550,4400
39550,4450
39550,4500
39550,4550
39550,4600
39550,4650
39550,4700
39550,4750
39550,4800
39550,4850
39550,4900
39550,4950
39550,5000
39550,5050
39550,5100
39550,5150
39550,5200
39550,5250
39550,5300
39550,5350
39550,5400
39550,5450
39550,5500
39550,5550
39550,5600
39550,5650
39550,5700
39550,5750
39550,5800
39550,5850
39550,5900
39550,5950
39600,2500
39600,2550
39600,2600
39600,2650
39600,2700
39600,2750
39600,2800
39600,2850
39600,2900
39600,2950
39600,3000
39600,3050
39600,3100
39600,3150
39600,3200
39600,3250
39600,3300
39600,3350
39600,3400
39600,3450
39600,3500
39600,3550
39600,3600
39600,3650
39600,3700
39600,3750
39600,3800
39600,3850
39600,3900
39600,3950
39600,4000
39600,4050
39600,4100
39600,4150
39600,4200
39600,4250
39600,4300
39600,4350
39600,4400
39600,4450
39600,4500
39600,4550
39600,4600
39600,4650
39600,4700
39600,4750
39600,4800
39600,4850
39600,4900
39600,4950
39600,5000
39600,5050
39600,5100
39600,5150
39600,5200
39600,5250
39600,5300
39600,5350
39600,5400
39600,5450
39600,5500
39600,5550
39600,5600
39600,5650
39600,5700
39600,5750
39600,5800
39600,5850
39600,5900
39600,5950
39650,2500
39650,2550
39650,2600
39650,2650
39650,2700
39650,2750
39650,2800
39650,2850
39650,2900
39650,2950
39650,3000
39650,3050
39650,3100
39650,3150
39650,3200
39650,3250
39650,3300
39650,3350
39650,3400
39650,3450
39650,3500
39650,3550
39650,3600
39650,3650
39650,3700
39650,3750
39650,3800
39650,3850
39650,3900
39650,3950
39650,4000
39650,4050
39650,4100
39650,4150
39650,4200
39650,4250
39650,4300
39650,4350
39650,4400
39650,4450
39650,4500
39650,4550
39650,4600
39650,4650
39650,4700
39650,4750
39650,4800
39650,4850
39650,4900
39650,4950
39650,5000
39650,5050
39650,5100
39650,5150
39650,5200
39650,5250
39650,5300
39650,5350
39650,5400
39650,5450
39650,5500
39650,5550
39650,5600
39650,5650
39650,5700
39650,5750
39650,5800
39650,5850
39650,5900
39650,5950
39700,2500
39700,2550
39700,2600
39700,2650
39700,2700
39700,2750
39700,2800
39700,2850
39700,2900
39700,2950
39700,3000
39700,3050
39700,3100
39700,3150
39700,3200
39700,3250
39700,3300
39700,3350
39700,3400
39700,3450
39700,3500
39700,3550
39700,3600
39700,3650
39700,3700
39700,3750
39700,3800
39700,3850
39700,3900
39700,3950
39700,4000
39700,4050
39700,4100
39700,4150
39700,4200
39700,4250
39700,4300
39700,4350
39700,4400
39700,4450
39700,4500
39700,4550
39700,4600
39700,4650
39700,4700
39700,4750
39700,4800
39700,4850
39700,4900
39700,4950
39700,5000
39700,5050
39700,5100
39700,5150
39700,5200
39700,5250
39700,5300
39700,5350
39700,5400
39700,5450
39700,5500
39700,5550
39700,5600
39700,5650
39700,5700
39700,5750
39700,5800
39700,5850
39700,5900
39700,5950
39750,2500
39750,2550
39750,2600
39750,2650
39750,2700
39750,2750
39750,2800
39750,2850
39750,2900
39750,2950
39750,3000
39750,3050
39750,3100
39750,3150
39750,3200
39750,3250
39750,3300
39750,3350
39750,3400
39750,3450
39750,3500
39750,3550
39750,3600
39750,3650
39750,3700
39750,3750
39750,3800
39750,3850
39750,3900
39750,3950
39750,4000
39750,4050
39750,4100
39750,4150
39750,4200
39750,4250
39750,4300
39750,4350
39750,4400
39750,4450
39750,4500
39750,4550
39750,4600
39750,4650
39750,4700
39750,4750
39750,4800
39750,4850
39750,4900
39750,4950
39750,5000
39750,5050
39750,5100
39750,5150
39750,5200
39750,5250
39750,5300
39750,5350
39750,5400
39750,5450
39750,5500
39750,5550
39750,5600
39750,5650
39750,5700
39750,5750
39750,5800
39750,5850
39750,5900
39750,5950
39800,2500
39800,2550
39800,2600
39800,2650
39800,2700
39800,2750
39800,2800
39800,2850
39800,2900
39800,2950
39800,3000
39800,3050
39800,3100
39800,3150
39800,3200
39800,3250
39800,3300
39800,3350
39800,3400
39800,3450
39800,3500
39800,3550
39800,3600
39800,3650
39800,3700
39800,3750
39800,3800
39800,3850
39800,3900
39800,3950
39800,4000
39800,4050
39800,4100
39800,4150
39800,4200
39800,4250
39800,4300
39800,4350
39800,4400
39800,4450
39800,4500
39800,4550
39800,4600
39800,4650
39800,4700
39800,4750
39800,4800
39800,4850
39800,4900
39800,4950
39800,5000
39800,5050
39800,5100
39800,5150
39800,5200
39800,5250
39800,5300
39800,5350
39800,5400
39800,5450
39800,5500
39800,5550
39800,5600
39800,5650
39800,5700
39800,5750
39800,5800
39800,5850
39800,5900
39800,5950
39850,2500
39850,2550
39850,2600
39850,2650
39850,2700
39850,2750
39850,2800
39850,2850
39850,2900
39850,2950
39850,3000
39850,3050
39850,3100
39850,3150
39850,3200
39850,3250
39850,3300
39850,3350
39850,3400
39850,3450
39850,3500
39850,3550
39850,3600
39850,3650
39850,3700
39850,3750
39850,3800
39850,3850
39850,3900
39850,3950
39850,4000
39850,4050
39850,4100
39850,4150
39850,4200
39850,4250
39850,4300
39850,4350
39850,4400
39850,4450
39850,4500
39850,4550
39850,4600
39850,4650
39850,4700
39850,4750
39850,4800
39850,4850
39850,4900
39850,4950
39850,5000
39850,5050
39850,5100
39850,5150
39850,5200
39850,5250
39850,5300
39850,5350
39850,5400
39850,5450
39850,5500
39850,5550
39850,5600
39850,5650
39850,5700
39850,5750
39850,5800
39850,5850
39850,5900
39850,5950
39900,2500
39900,2550
39900,2600
39900,2650
39900,2700
39900,2750
39900,2800
39900,2850
39900,2900
39900,2950
39900,3000
39900,3050
39900,3100
39900,3150
39900,3200
39900,3250
39900,3300
39900,3350
39900,3400
39900,3450
39900,3500
39900,3550
39900,3600
39900,3650
39900,3700
39900,3750
39900,3800
39900,3850
39900,3900
39900,3950
39900,4000
39900,4050
39900,4100
39900,4150
39900,4200
39900,4250
39900,4300
39900,4350
39900,4400
39900,4450
39900,4500
39900,4550
39900,4600
39900,4650
39900,4700
39900,4750
39900,4800
39900,4850
39900,4900
39900,4950
39900,5000
39900,5050
39900,5100
39900,5150
39900,5200
39900,5250
39900,5300
39900,5350
39900,5400
39900,5450
39900,5500
39900,5550
39900,5600
39900,5650
39900,5700
39900,5750
39900,5800
39900,5850
39900,5900
39900,5950
39950,2500
39950,2550
39950,2600
39950,2650
39950,2700
39950,2750
39950,2800
39950,2850
39950,2900
39950,2950
39950,3000
39950,3050
39950,3100
39950,3150
39950,3200
39950,3250
39950,3300
39950,3350
39950,3400
39950,3450
39950,3500
39950,3550
39950,3600
39950,3650
39950,3700
39950,3750
39950,3800
39950,3850
39950,3900
39950,3950
39950,4000
39950,4050
39950,4100
39950,4150
39950,4200
39950,4250
39950,4300
39950,4350
39950,4400
39950,4450
39950,4500
39950,4550
39950,4600
39950,4650
39950,4700
39950,4750
39950,4800
39950,4850
39950,4900
39950,4950
39950,5000
39950,5050
39950,5100
39950,5150
39950,5200
39950,5250
39950,5300
39950,5350
39950,5400
39950,5450
39950,5500
39950,5550
39950,5600
39950,5650
39950,5700
39950,5750
39950,5800
39950,5850
39950,5900
39950,5950
40000,2500
40000,2550
40000,2600
40000,2650
40000,2700
40000,2750
40000,2800
40000,2850
40000,2900
40000,2950
40000,3000
40000,3050
40000,3100
40000,3150
40000,3200
40000,3250
40000,3300
40000,3350
40000,3400
40000,3450
40000,3500
40000,3550
40000,3600
40000,3650
40000,3700
40000,3750
40000,3800
40000,3850
40000,3900
40000,3950
40000,4000
40000,4050
40000,4100
40000,4150
40000,4200
40000,4250
40000,4300
40000,4350
40000,4400
40000,4450
40000,4500
40000,4550
40000,4600
40000,4650
40000,4700
40000,4750
40000,4800
40000,4850
40000,4900
40000,4950
40000,5000
40000,5050
40000,5100
40000,5150
40000,5200
40000,5250
40000,5300
40000,5350
40000,5400
40000,5450
40000,5500
40000,5550
40000,5600
40000,5650
40000,5700
40000,5750
40000,5800
40000,5850
40000,5900
40000,5950
40050,2500
40050,2550
40050,2600
40050,2650
40050,2700
40050,2750
40050,2800
40050,2850
40050,2900
40050,2950
40050,3000
40050,3050
40050,3100
40050,3150
40050,3200
40050,3250
40050,3300
40050,3350
40050,3400
40050,3450
40050,3500
40050,3550
40050,3600
40050,3650
40050,3700
40050,3750
40050,3800
40050,3850
40050,3900
40050,3950
40050,4000
40050,4050
40050,4100
40050,4150
40050,4200
40050,4250
40050,4300
40050,4350
40050,4400
40050,4450
40050,4500
40050,4550
40050,4600
40050,4650
40050,4700
40050,4750
40050,4800
40050,4850
40050,4900
40050,4950
40050,5000
40050,5050
40050,5100
40050,5150
40050,5200
40050,5250
40050,5300
40050,5350
40050,5400
40050,5450
40050,5500
40050,5550
40050,5600
40050,5650
40050,5700
40050,5750
40050,5800
40050,5850
40050,5900
40050,5950
40100,2500
40100,2550
40100,2600
40100,2650
40100,2700
40100,2750
40100,2800
40100,2850
40100,2900
40100,2950
40100,3000
40100,3050
40100,3100
40100,3150
40100,3200
40100,3250
40100,3300
40100,3350
40100,3400
40100,3450
40100,3500
40100,3550
40100,3600
40100,3650
40100,3700
40100,3750
40100,3800
40100,3850
40100,3900
40100,3950
40100,4000
40100,4050
40100,4100
40100,4150
40100,4200
40100,4250
40100,4300
40100,4350
40100,4400
40100,4450
40100,4500
40100,4550
40100,4600
40100,4650
40100,4700
40100,4750
40100,4800
40100,4850
40100,4900
40100,4950
40100,5000
40100,5050
40100,5100
40100,5150
40100,5200
40100,5250
40100,5300
40100,5350
40100,5400
40100,5450
40100,5500
40100,5550
40100,5600
40100,5650
40100,5700
40100,5750
40100,5800
40100,5850
40100,5900
40100,5950
40150,2500
40150,2550
40150,2600
40150,2650
40150,2700
40150,2750
40150,2800
40150,2850
40150,2900
40150,2950
40150,3000
40150,3050
40150,3100
40150,3150
40150,3200
40150,3250
40150,3300
40150,3350
40150,3400
40150,3450
40150,3500
40150,3550
40150,3600
40150,3650
40150,3700
40150,3750
40150,3800
40150,3850
40150,3900
40150,3950
40150,4000
40150,4050
40150,4100
40150,4150
40150,4200
40150,4250
40150,4300
40150,4350
40150,4400
40150,4450
40150,4500
40150,4550
40150,4600
40150,4650
40150,4700
40150,4750
40150,4800
40150,4850
40150,4900
40150,4950
40150,5000
40150,5050
40150,5100
40150,5150
40150,5200
40150,5250
40150,5300
40150,5350
40150,5400
40150,5450
40150,5500
40150,5550
40150,5600
40150,5650
40150,5700
40150,5750
40150,5800
40150,5850
40150,5900
40150,5950
40200,2500
40200,2550
40200,2600
40200,2650
40200,2700
40200,2750
40200,2800
40200,2850
40200,2900
40200,2950
40200,3000
40200,3050
40200,3100
40200,3150
40200,3200
40200,3250
40200,3300
40200,3350
40200,3400
40200,3450
40200,3500
40200,3550
40200,3600
40200,3650
40200,3700
40200,3750
40200,3800
40200,3850
40200,3900
40200,3950
40200,4000
40200,4050
40200,4100
40200,4150
40200,4200
40200,4250
40200,4300
40200,4350
40200,4400
40200,4450
40200,4500
40200,4550
40200,4600
40200,4650
40200,4700
40200,4750
40200,4800
40200,4850
40200,4900
40200,4950
40200,5000
40200,5050
40200,5100
40200,5150
40200,5200
40200,5250
40200,5300
40200,5350
40200,5400
40200,5450
40200,5500
40200,5550
40200,5600
40200,5650
40200,5700
40200,5750
40200,5800
40200,5850
40200,5900
40200,5950
40250,2500
40250,2550
40250,2600
40250,2650
40250,2700
40250,2750
40250,2800
40250,2850
40250,2900
40250,2950
40250,3000
40250,3050
40250,3100
40250,3150
40250,3200
40250,3250
40250,3300
40250,3350
40250,3400
40250,3450
40250,3500
40250,3550
40250,3600
40250,3650
40250,3700
40250,3750
40250,3800
40250,3850
40250,3900
40250,3950
40250,4000
40250,4050
40250,4100
40250,4150
40250,4200
40250,4250
40250,4300
40250,4350
40250,4400
40250,4450
40250,4500
40250,4550
40250,4600
40250,4650
40250,4700
40250,4750
40250,4800
40250,4850
40250,4900
40250,4950
40250,5000
40250,5050
40250,5100
40250,5150
40250,5200
40250,5250
40250,5300
40250,5350
40250,5400
40250,5450
40250,5500
40250,5550
40250,5600
40250,5650
40250,5700
40250,5750
40250,5800
40250,5850
40250,5900
40250,5950
40300,2500
40300,2550
40300,2600
40300,2650
40300,2700
40300,2750
40300,2800
40300,2850
40300,2900
40300,2950
40300,3000
40300,3050
40300,3100
40300,3150
40300,3200
40300,3250
40300,3300
40300,3350
40300,3400
40300,3450
40300,3500
40300,3550
40300,3600
40300,3650
40300,3700
40300,3750
40300,3800
40300,3850
40300,3900
40300,3950
40300,4000
40300,4050
40300,4100
40300,4150
40300,4200
40300,4250
40300,4300
40300,4350
40300,4400
40300,4450
40300,4500
40300,4550
40300,4600
40300,4650
40300,4700
40300,4750
40300,4800
40300,4850
40300,4900
40300,4950
40300,5000
40300,5050
40300,5100
40300,5150
40300,5200
40300,5250
40300,5300
40300,5350
40300,5400
40300,5450
40300,5500
40300,5550
40300,5600
40300,5650
40300,5700
40300,5750
40300,5800
40300,5850
40300,5900
40300,5950
40350,2500
40350,2550
40350,2600
40350,2650
40350,2700
40350,2750
40350,2800
40350,2850
40350,2900
40350,2950
40350,3000
40350,3050
40350,3100
40350,3150
40350,3200
40350,3250
40350,3300
40350,3350
40350,3400
40350,3450
40350,3500
40350,3550
40350,3600
40350,3650
40350,3700
40350,3750
40350,3800
40350,3850
40350,3900
40350,3950
40350,4000
40350,4050
40350,4100
40350,4150
40350,4200
40350,4250
40350,4300
40350,4350
40350,4400
40350,4450
40350,4500
40350,4550
40350,4600
40350,4650
40350,4700
40350,4750
40350,4800
40350,4850
40350,4900
40350,4950
40350,5000
40350,5050
40350,5100
40350,5150
40350,5200
40350,5250
40350,5300
40350,5350
40350,5400
40350,5450
40350,5500
40350,5550
40350,5600
40350,5650
40350,5700
40350,5750
40350,5800
40350,5850
40350,5900
40350,5950
40400,2500
40400,2550
40400,2600
40400,2650
40400,2700
40400,2750
40400,2800
40400,2850
40400,2900
40400,2950
40400,3000
40400,3050
40400,3100
40400,3150
40400,3200
40400,3250
40400,3300
40400,3350
40400,3400
40400,3450
40400,3500
40400,3550
40400,3600
40400,3650
40400,3700
40400,3750
40400,3800
40400,3850
40400,3900
40400,3950
40400,4000
40400,4050
40400,4100
40400,4150
40400,4200
40400,4250
40400,4300
40400,4350
40400,4400
40400,4450
40400,4500
40400,4550
40400,4600
40400,4650
40400,4700
40400,4750
40400,4800
40400,4850
40400,4900
40400,4950
40400,5000
40400,5050
40400,5100
40400,5150
40400,5200
40400,5250
40400,5300
40400,5350
40400,5400
40400,5450
40400,5500
40400,5550
40400,5600
40400,5650
40400,5700
40400,5750
40400,5800
40400,5850
40400,5900
40400,5950
40450,2500
40450,2550
40450,2600
40450,2650
40450,2700
40450,2750
40450,2800
40450,2850
40450,2900
40450,2950
40450,3000
40450,3050
40450,3100
40450,3150
40450,3200
40450,3250
40450,3300
40450,3350
40450,3400
40450,3450
40450,3500
40450,3550
40450,3600
40450,3650
40450,3700
40450,3750
40450,3800
40450,3850
40450,3900
40450,3950
40450,4000
40450,4050
40450,4100
40450,4150
40450,4200
40450,4250
40450,4300
40450,4350
40450,4400
40450,4450
40450,4500
40450,4550
40450,4600
40450,4650
40450,4700
40450,4750
40450,4800
40450,4850
40450,4900
40450,4950
40450,5000
40450,5050
40450,5100
40450,5150
40450,5200
40450,5250
40450,5300
40450,5350
40450,5400
40450,5450
40450,5500
40450,5550
40450,5600
40450,5650
40450,5700
40450,5750
40450,5800
40450,5850
40450,5900
40450,5950
40500,2500
40500,2550
40500,2600
40500,2650
40500,2700
40500,2750
40500,2800
40500,2850
40500,2900
40500,2950
40500,3000
40500,3050
40500,3100
40500,3150
40500,3200
40500,3250
40500,3300
40500,3350
40500,3400
40500,3450
40500,3500
40500,3550
40500,3600
40500,3650
40500,3700
40500,3750
40500,3800
40500,3850
40500,3900
40500,3950
40500,4000
40500,4050
40500,4100
40500,4150
40500,4200
40500,4250
40500,4300
40500,4350
40500,4400
40500,4450
40500,4500
40500,4550
40500,4600
40500,4650
40500,4700
40500,4750
40500,4800
40500,4850
40500,4900
40500,4950
40500,5000
40500,5050
40500,5100
40500,5150
40500,5200
40500,5250
40500,5300
40500,5350
40500,5400
40500,5450
40500,5500
40500,5550
40500,5600
40500,5650
40500,5700
40500,5750
40500,5800
40500,5850
40500,5900
40500,5950
40550,2500
40550,2550
40550,2600
40550,2650
40550,2700
40550,2750
40550,2800
40550,2850
40550,2900
40550,2950
40550,3000
40550,3050
40550,3100
40550,3150
40550,3200
40550,3250
40550,3300
40550,3350
40550,3400
40550,3450
40550,3500
40550,3550
40550,3600
40550,3650
40550,3700
40550,3750
40550,3800
40550,3850
40550,3900
40550,3950
40550,4000
40550,4050
40550,4100
40550,4150
40550,4200
40550,4250
40550,4300
40550,4350
40550,4400
40550,4450
40550,4500
40550,4550
40550,4600
40550,4650
40550,4700
40550,4750
40550,4800
40550,4850
40550,4900
40550,4950
40550,5000
40550,5050
40550,5100
40550,5150
40550,5200
40550,5250
40550,5300
40550,5350
40550,5400
40550,5450
40550,5500
40550,5550
40550,5600
40550,5650
40550,5700
40550,5750
40550,5800
40550,5850
40550,5900
40550,5950
40600,2500
40600,2550
40600,2600
40600,2650
40600,2700
40600,2750
40600,2800
40600,2850
40600,2900
40600,2950
40600,3000
40600,3050
40600,3100
40600,3150
40600,3200
40600,3250
40600,3300
40600,3350
40600,3400
40600,3450
40600,3500
40600,3550
40600,3600
40600,3650
40600,3700
40600,3750
40600,3800
40600,3850
40600,3900
40600,3950
40600,4000
40600,4050
40600,4100
40600,4150
40600,4200
40600,4250
40600,4300
40600,4350
40600,4400
40600,4450
40600,4500
40600,4550
40600,4600
40600,4650
40600,4700
40600,4750
40600,4800
40600,4850
40600,4900
40600,4950
40600,5000
40600,5050
40600,5100
40600,5150
40600,5200
40600,5250
40600,5300
40600,5350
40600,5400
40600,5450
40600,5500
40600,5550
40600,5600
40600,5650
40600,5700
40600,5750
40600,5800
40600,5850
40600,5900
40600,5950
40650,2500
40650,2550
40650,2600
40650,2650
40650,2700
40650,2750
40650,2800
40650,2850
40650,2900
40650,2950
40650,3000
40650,3050
40650,3100
40650,3150
40650,3200
40650,3250
40650,3300
40650,3350
40650,3400
40650,3450
40650,3500
40650,3550
40650,3600
40650,3650
40650,3700
40650,3750
40650,3800
40650,3850
40650,3900
40650,3950
40650,4000
40650,4050
40650,4100
40650,4150
40650,4200
40650,4250
40650,4300
40650,4350
40650,4400
40650,4450
40650,4500
40650,4550
40650,4600
40650,4650
40650,4700
40650,4750
40650,4800
40650,4850
40650,4900
40650,4950
40650,5000
40650,5050
40650,5100
40650,5150
40650,5200
40650,5250
40650,5300
40650,5350
40650,5400
40650,5450
40650,5500
40650,5550
40650,5600
40650,5650
40650,5700
40650,5750
40650,5800
40650,5850
40650,5900
40650,5950
40700,2500
40700,2550
40700,2600
40700,2650
40700,2700
40700,2750
40700,2800
40700,2850
40700,2900
40700,2950
40700,3000
40700,3050
40700,3100
40700,3150
40700,3200
40700,3250
40700,3300
40700,3350
40700,3400
40700,3450
40700,3500
40700,3550
40700,3600
40700,3650
40700,3700
40700,3750
40700,3800
40700,3850
40700,3900
40700,3950
40700,4000
40700,4050
40700,4100
40700,4150
40700,4200
40700,4250
40700,4300
40700,4350
40700,4400
40700,4450
40700,4500
40700,4550
40700,4600
40700,4650
40700,4700
40700,4750
40700,4800
40700,4850
40700,4900
40700,4950
40700,5000
40700,5050
40700,5100
40700,5150
40700,5200
40700,5250
40700,5300
40700,5350
40700,5400
40700,5450
40700,5500
40700,5550
40700,5600
40700,5650
40700,5700
40700,5750
40700,5800
40700,5850
40700,5900
40700,5950
40750,2500
40750,2550
40750,2600
40750,2650
40750,2700
40750,2750
40750,2800
40750,2850
40750,2900
40750,2950
40750,3000
40750,3050
40750,3100
40750,3150
40750,3200
40750,3250
40750,3300
40750,3350
40750,3400
40750,3450
40750,3500
40750,3550
40750,3600
40750,3650
40750,3700
40750,3750
40750,3800
40750,3850
40750,3900
40750,3950
40750,4000
40750,4050
40750,4100
40750,4150
40750,4200
40750,4250
40750,4300
40750,4350
40750,4400
40750,4450
40750,4500
40750,4550
40750,4600
40750,4650
40750,4700
40750,4750
40750,4800
40750,4850
40750,4900
40750,4950
40750,5000
40750,5050
40750,5100
40750,5150
40750,5200
40750,5250
40750,5300
40750,5350
40750,5400
40750,5450
40750,5500
40750,5550
40750,5600
40750,5650
40750,5700
40750,5750
40750,5800
40750,5850
40750,5900
40750,5950
40800,2500
40800,2550
40800,2600
40800,2650
40800,2700
40800,2750
40800,2800
40800,2850
40800,2900
40800,2950
40800,3000
40800,3050
40800,3100
40800,3150
40800,3200
40800,3250
40800,3300
40800,3350
40800,3400
40800,3450
40800,3500
40800,3550
40800,3600
40800,3650
40800,3700
40800,3750
40800,3800
40800,3850
40800,3900
40800,3950
40800,4000
40800,4050
40800,4100
40800,4150
40800,4200
40800,4250
40800,4300
40800,4350
40800,4400
40800,4450
40800,4500
40800,4550
40800,4600
40800,4650
40800,4700
40800,4750
40800,4800
40800,4850
40800,4900
40800,4950
40800,5000
40800,5050
40800,5100
40800,5150
40800,5200
40800,5250
40800,5300
40800,5350
40800,5400
40800,5450
40800,5500
40800,5550
40800,5600
40800,5650
40800,5700
40800,5750
40800,5800
40800,5850
40800,5900
40800,5950
40850,2500
40850,2550
40850,2600
40850,2650
40850,2700
40850,2750
40850,2800
40850,2850
40850,2900
40850,2950
40850,3000
40850,3050
40850,3100
40850,3150
40850,3200
40850,3250
40850,3300
40850,3350
40850,3400
40850,3450
40850,3500
40850,3550
40850,3600
40850,3650
40850,3700
40850,3750
40850,3800
40850,3850
40850,3900
40850,3950
40850,4000
40850,4050
40850,4100
40850,4150
40850,4200
40850,4250
40850,4300
40850,4350
40850,4400
40850,4450
40850,4500
40850,4550
40850,4600
40850,4650
40850,4700
40850,4750
40850,4800
40850,4850
40850,4900
40850,4950
40850,5000
40850,5050
40850,5100
40850,5150
40850,5200
40850,5250
40850,5300
40850,5350
40850,5400
40850,5450
40850,5500
40850,5550
40850,5600
40850,5650
40850,5700
40850,5750
40850,5800
40850,5850
40850,5900
40850,5950
40900,2500
40900,2550
40900,2600
40900,2650
40900,2700
40900,2750
40900,2800
40900,2850
40900,2900
40900,2950
40900,3000
40900,3050
40900,3100
40900,3150
40900,3200
40900,3250
40900,3300
40900,3350
40900,3400
40900,3450
40900,3500
40900,3550
40900,3600
40900,3650
40900,3700
40900,3750
40900,3800
40900,3850
40900,3900
40900,3950
40900,4000
40900,4050
40900,4100
40900,4150
40900,4200
40900,4250
40900,4300
40900,4350
40900,4400
40900,4450
40900,4500
40900,4550
40900,4600
40900,4650
40900,4700
40900,4750
40900,4800
40900,4850
40900,4900
40900,4950
40900,5000
40900,5050
40900,5100
40900,5150
40900,5200
40900,5250
40900,5300
40900,5350
40900,5400
40900,5450
40900,5500
40900,5550
40900,5600
40900,5650
40900,5700
40900,5750
40900,5800
40900,5850
40900,5900
40900,5950
40950,2500
40950,2550
40950,2600
40950,2650
40950,2700
40950,2750
40950,2800
40950,2850
40950,2900
40950,2950
40950,3000
40950,3050
40950,3100
40950,3150
40950,3200
40950,3250
40950,3300
40950,3350
40950,3400
40950,3450
40950,3500
40950,3550
40950,3600
40950,3650
40950,3700
40950,3750
40950,3800
40950,3850
40950,3900
40950,3950
40950,4000
40950,4050
40950,4100
40950,4150
40950,4200
40950,4250
40950,4300
40950,4350
40950,4400
40950,4450
40950,4500
40950,4550
40950,4600
40950,4650
40950,4700
40950,4750
40950,4800
40950,4850
40950,4900
40950,4950
40950,5000
40950,5050
40950,5100
40950,5150
40950,5200
40950,5250
40950,5300
40950,5350
40950,5400
40950,5450
40950,5500
40950,5550
40950,5600
40950,5650
40950,5700
40950,5750
40950,5800
40950,5850
40950,5900
40950,5950
41000,2500
41000,2550
41000,2600
41000,2650
41000,2700
41000,2750
41000,2800
41000,2850
41000,2900
41000,2950
41000,3000
41000,3050
41000,3100
41000,3150
41000,3200
41000,3250
41000,3300
41000,3350
41000,3400
41000,3450
41000,3500
41000,3550
41000,3600
41000,3650
41000,3700
41000,3750
41000,3800
41000,3850
41000,3900
41000,3950
41000,4000
41000,4050
41000,4100
41000,4150
41000,4200
41000,4250
41000,4300
41000,4350
41000,4400
41000,4450
41000,4500
41000,4550
41000,4600
41000,4650
41000,4700
41000,4750
41000,4800
41000,4850
41000,4900
41000,4950
41000,5000
41000,5050
41000,5100
41000,5150
41000,5200
41000,5250
41000,5300
41000,5350
41000,5400
41000,5450
41000,5500
41000,5550
41000,5600
41000,5650
41000,5700
41000,5750
41000,5800
41000,5850
41000,5900
41000,5950
41050,2500
41050,2550
41050,2600
41050,2650
41050,2700
41050,2750
41050,2800
41050,2850
41050,2900
41050,2950
41050,3000
41050,3050
41050,3100
41050,3150
41050,3200
41050,3250
41050,3300
41050,3350
41050,3400
41050,3450
41050,3500
41050,3550
41050,3600
41050,3650
41050,3700
41050,3750
41050,3800
41050,3850
41050,3900
41050,3950
41050,4000
41050,4050
41050,4100
41050,4150
41050,4200
41050,4250
41050,4300
41050,4350
41050,4400
41050,4450
41050,4500
41050,4550
41050,4600
41050,4650
41050,4700
41050,4750
41050,4800
41050,4850
41050,4900
41050,4950
41050,5000
41050,5050
41050,5100
41050,5150
41050,5200
41050,5250
41050,5300
41050,5350
41050,5400
41050,5450
41050,5500
41050,5550
41050,5600
41050,5650
41050,5700
41050,5750
41050,5800
41050,5850
41050,5900
41050,5950
41100,2500
41100,2550
41100,2600
41100,2650
41100,2700
41100,2750
41100,2800
41100,2850
41100,2900
41100,2950
41100,3000
41100,3050
41100,3100
41100,3150
41100,3200
41100,3250
41100,3300
41100,3350
41100,3400
41100,3450
41100,3500
41100,3550
41100,3600
41100,3650
41100,3700
41100,3750
41100,3800
41100,3850
41100,3900
41100,3950
41100,4000
41100,4050
41100,4100
41100,4150
41100,4200
41100,4250
41100,4300
41100,4350
41100,4400
41100,4450
41100,4500
41100,4550
41100,4600
41100,4650
41100,4700
41100,4750
41100,4800
41100,4850
41100,4900
41100,4950
41100,5000
41100,5050
41100,5100
41100,5150
41100,5200
41100,5250
41100,5300
41100,5350
41100,5400
41100,5450
41100,5500
41100,5550
41100,5600
41100,5650
41100,5700
41100,5750
41100,5800
41100,5850
41100,5900
41100,5950
41150,2500
41150,2550
41150,2600
41150,2650
41150,2700
41150,2750
41150,2800
41150,2850
41150,2900
41150,2950
41150,3000
41150,3050
41150,3100
41150,3150
41150,3200
41150,3250
41150,3300
41150,3350
41150,3400
41150,3450
41150,3500
41150,3550
41150,3600
41150,3650
41150,3700
41150,3750
41150,3800
41150,3850
41150,3900
41150,3950
41150,4000
41150,4050
41150,4100
41150,4150
41150,4200
41150,4250
41150,4300
41150,4350
41150,4400
41150,4450
41150,4500
41150,4550
41150,4600
41150,4650
41150,4700
41150,4750
41150,4800
41150,4850
41150,4900
41150,4950
41150,5000
41150,5050
41150,5100
41150,5150
41150,5200
41150,5250
41150,5300
41150,5350
41150,5400
41150,5450
41150,5500
41150,5550
41150,5600
41150,5650
41150,5700
41150,5750
41150,5800
41150,5850
41150,5900
41150,5950
41200,2500
41200,2550
41200,2600
41200,2650
41200,2700
41200,2750
41200,2800
41200,2850
41200,2900
41200,2950
41200,3000
41200,3050
41200,3100
41200,3150
41200,3200
41200,3250
41200,3300
41200,3350
41200,3400
41200,3450
41200,3500
41200,3550
41200,3600
41200,3650
41200,3700
41200,3750
41200,3800
41200,3850
41200,3900
41200,3950
41200,4000
41200,4050
41200,4100
41200,4150
41200,4200
41200,4250
41200,4300
41200,4350
41200,4400
41200,4450
41200,4500
41200,4550
41200,4600
41200,4650
41200,4700
41200,4750
41200,4800
41200,4850
41200,4900
41200,4950
41200,5000
41200,5050
41200,5100
41200,5150
41200,5200
41200,5250
41200,5300
41200,5350
41200,5400
41200,5450
41200,5500
41200,5550
41200,5600
41200,5650
41200,5700
41200,5750
41200,5800
41200,5850
41200,5900
41200,5950
41250,2500
41250,2550
41250,2600
41250,2650
41250,2700
41250,2750
41250,2800
41250,2850
41250,2900
41250,2950
41250,3000
41250,3050
41250,3100
41250,3150
41250,3200
41250,3250
41250,3300
41250,3350
41250,3400
41250,3450
41250,3500
41250,3550
41250,3600
41250,3650
41250,3700
41250,3750
41250,3800
41250,3850
41250,3900
41250,3950
41250,4000
41250,4050
41250,4100
41250,4150
41250,4200
41250,4250
41250,4300
41250,4350
41250,4400
41250,4450
41250,4500
41250,4550
41250,4600
41250,4650
41250,4700
41250,4750
41250,4800
41250,4850
41250,4900
41250,4950
41250,5000
41250,5050
41250,5100
41250,5150
41250,5200
41250,5250
41250,5300
41250,5350
41250,5400
41250,5450
41250,5500
41250,5550
41250,5600
41250,5650
41250,5700
41250,5750
41250,5800
41250,5850
41250,5900
41250,5950
41300,2500
41300,2550
41300,2600
41300,2650
41300,2700
41300,2750
41300,2800
41300,2850
41300,2900
41300,2950
41300,3000
41300,3050
41300,3100
41300,3150
41300,3200
41300,3250
41300,3300
41300,3350
41300,3400
41300,3450
41300,3500
41300,3550
41300,3600
41300,3650
41300,3700
41300,3750
41300,3800
41300,3850
41300,3900
41300,3950
41300,4000
41300,4050
41300,4100
41300,4150
41300,4200
41300,4250
41300,4300
41300,4350
41300,4400
41300,4450
41300,4500
41300,4550
41300,4600
41300,4650
41300,4700
41300,4750
41300,4800
41300,4850
41300,4900
41300,4950
41300,5000
41300,5050
41300,5100
41300,5150
41300,5200
41300,5250
41300,5300
41300,5350
41300,5400
41300,5450
41300,5500
41300,5550
41300,5600
41300,5650
41300,5700
41300,5750
41300,5800
41300,5850
41300,5900
41300,5950
41350,2500
41350,2550
41350,2600
41350,2650
41350,2700
41350,2750
41350,2800
41350,2850
41350,2900
41350,2950
41350,3000
41350,3050
41350,3100
41350,3150
41350,3200
41350,3250
41350,3300
41350,3350
41350,3400
41350,3450
41350,3500
41350,3550
41350,3600
41350,3650
41350,3700
41350,3750
41350,3800
41350,3850
41350,3900
41350,3950
41350,4000
41350,4050
41350,4100
41350,4150
41350,4200
41350,4250
41350,4300
41350,4350
41350,4400
41350,4450
41350,4500
41350,4550
41350,4600
41350,4650
41350,4700
41350,4750
41350,4800
41350,4850
41350,4900
41350,4950
41350,5000
41350,5050
41350,5100
41350,5150
41350,5200
41350,5250
41350,5300
41350,5350
41350,5400
41350,5450
41350,5500
41350,5550
41350,5600
41350,5650
41350,5700
41350,5750
41350,5800
41350,5850
41350,5900
41350,5950
41400,2500
41400,2550
41400,2600
41400,2650
41400,2700
41400,2750
41400,2800
41400,2850
41400,2900
41400,2950
41400,3000
41400,3050
41400,3100
41400,3150
41400,3200
41400,3250
41400,3300
41400,3350
41400,3400
41400,3450
41400,3500
41400,3550
41400,3600
41400,3650
41400,3700
41400,3750
41400,3800
41400,3850
41400,3900
41400,3950
41400,4000
41400,4050
41400,4100
41400,4150
41400,4200
41400,4250
41400,4300
41400,4350
41400,4400
41400,4450
41400,4500
41400,4550
41400,4600
41400,4650
41400,4700
41400,4750
41400,4800
41400,4850
41400,4900
41400,4950
41400,5000
41400,5050
41400,5100
41400,5150
41400,5200
41400,5250
41400,5300
41400,5350
41400,5400
41400,5450
41400,5500
41400,5550
41400,5600
41400,5650
41400,5700
41400,5750
41400,5800
41400,5850
41400,5900
41400,5950
41450,2500
41450,2550
41450,2600
41450,2650
41450,2700
41450,2750
41450,2800
41450,2850
41450,2900
41450,2950
41450,3000
41450,3050
41450,3100
41450,3150
41450,3200
41450,3250
41450,3300
41450,3350
41450,3400
41450,3450
41450,3500
41450,3550
41450,3600
41450,3650
41450,3700
41450,3750
41450,3800
41450,3850
41450,3900
41450,3950
41450,4000
41450,4050
41450,4100
41450,4150
41450,4200
41450,4250
41450,4300
41450,4350
41450,4400
41450,4450
41450,4500
41450,4550
41450,4600
41450,4650
41450,4700
41450,4750
41450,4800
41450,4850
41450,4900
41450,4950
41450,5000
41450,5050
41450,5100
41450,5150
41450,5200
41450,5250
41450,5300
41450,5350
41450,5400
41450,5450
41450,5500
41450,5550
41450,5600
41450,5650
41450,5700
41450,5750
41450,5800
41450,5850
41450,5900
41450,5950
41500,2500
41500,2550
41500,2600
41500,2650
41500,2700
41500,2750
41500,2800
41500,2850
41500,2900
41500,2950
41500,3000
41500,3050
41500,3100
41500,3150
41500,3200
41500,3250
41500,3300
41500,3350
41500,3400
41500,3450
41500,3500
41500,3550
41500,3600
41500,3650
41500,3700
41500,3750
41500,3800
41500,3850
41500,3900
41500,3950
41500,4000
41500,4050
41500,4100
41500,4150
41500,4200
41500,4250
41500,4300
41500,4350
41500,4400
41500,4450
41500,4500
41500,4550
41500,4600
41500,4650
41500,4700
41500,4750
41500,4800
41500,4850
41500,4900
41500,4950
41500,5000
41500,5050
41500,5100
41500,5150
41500,5200
41500,5250
41500,5300
41500,5350
41500,5400
41500,5450
41500,5500
41500,5550
41500,5600
41500,5650
41500,5700
41500,5750
41500,5800
41500,5850
41500,5900
41500,5950
41550,2500
41550,2550
41550,2600
41550,2650
41550,2700
41550,2750
41550,2800
41550,2850
41550,2900
41550,2950
41550,3000
41550,3050
41550,3100
41550,3150
41550,3200
41550,3250
41550,3300
41550,3350
41550,3400
41550,3450
41550,3500
41550,3550
41550,3600
41550,3650
41550,3700
41550,3750
41550,3800
41550,3850
41550,3900
41550,3950
41550,4000
41550,4050
41550,4100
41550,4150
41550,4200
41550,4250
41550,4300
41550,4350
41550,4400
41550,4450
41550,4500
41550,4550
41550,4600
41550,4650
41550,4700
41550,4750
41550,4800
41550,4850
41550,4900
41550,4950
41550,5000
41550,5050
41550,5100
41550,5150
41550,5200
41550,5250
41550,5300
41550,5350
41550,5400
41550,5450
41550,5500
41550,5550
41550,5600
41550,5650
41550,5700
41550,5750
41550,5800
41550,5850
41550,5900
41550,5950
41600,2500
41600,2550
41600,2600
41600,2650
41600,2700
41600,2750
41600,2800
41600,2850
41600,2900
41600,2950
41600,3000
41600,3050
41600,3100
41600,3150
41600,3200
41600,3250
41600,3300
41600,3350
41600,3400
41600,3450
41600,3500
41600,3550
41600,3600
41600,3650
41600,3700
41600,3750
41600,3800
41600,3850
41600,3900
41600,3950
41600,4000
41600,4050
41600,4100
41600,4150
41600,4200
41600,4250
41600,4300
41600,4350
41600,4400
41600,4450
41600,4500
41600,4550
41600,4600
41600,4650
41600,4700
41600,4750
41600,4800
41600,4850
41600,4900
41600,4950
41600,5000
41600,5050
41600,5100
41600,5150
41600,5200
41600,5250
41600,5300
41600,5350
41600,5400
41600,5450
41600,5500
41600,5550
41600,5600
41600,5650
41600,5700
41600,5750
41600,5800
41600,5850
41600,5900
41600,5950
41650,2500
41650,2550
41650,2600
41650,2650
41650,2700
41650,2750
41650,2800
41650,2850
41650,2900
41650,2950
41650,3000
41650,3050
41650,3100
41650,3150
41650,3200
41650,3250
41650,3300
41650,3350
41650,3400
41650,3450
41650,3500
41650,3550
41650,3600
41650,3650
41650,3700
41650,3750
41650,3800
41650,3850
41650,3900
41650,3950
41650,4000
41650,4050
41650,4100
41650,4150
41650,4200
41650,4250
41650,4300
41650,4350
41650,4400
41650,4450
41650,4500
41650,4550
41650,4600
41650,4650
41650,4700
41650,4750
41650,4800
41650,4850
41650,4900
41650,4950
41650,5000
41650,5050
41650,5100
41650,5150
41650,5200
41650,5250
41650,5300
41650,5350
41650,5400
41650,5450
41650,5500
41650,5550
41650,5600
41650,5650
41650,5700
41650,5750
41650,5800
41650,5850
41650,5900
41650,5950
41700,2500
41700,2550
41700,2600
41700,2650
41700,2700
41700,2750
41700,2800
41700,2850
41700,2900
41700,2950
41700,3000
41700,3050
41700,3100
41700,3150
41700,3200
41700,3250
41700,3300
41700,3350
41700,3400
41700,3450
41700,3500
41700,3550
41700,3600
41700,3650
41700,3700
41700,3750
41700,3800
41700,3850
41700,3900
41700,3950
41700,4000
41700,4050
41700,4100
41700,4150
41700,4200
41700,4250
41700,4300
41700,4350
41700,4400
41700,4450
41700,4500
41700,4550
41700,4600
41700,4650
41700,4700
41700,4750
41700,4800
41700,4850
41700,4900
41700,4950
41700,5000
41700,5050
41700,5100
41700,5150
41700,5200
41700,5250
41700,5300
41700,5350
41700,5400
41700,5450
41700,5500
41700,5550
41700,5600
41700,5650
41700,5700
41700,5750
41700,5800
41700,5850
41700,5900
41700,5950
41750,2500
41750,2550
41750,2600
41750,2650
41750,2700
41750,2750
41750,2800
41750,2850
41750,2900
41750,2950
41750,3000
41750,3050
41750,3100
41750,3150
41750,3200
41750,3250
41750,3300
41750,3350
41750,3400
41750,3450
41750,3500
41750,3550
41750,3600
41750,3650
41750,3700
41750,3750
41750,3800
41750,3850
41750,3900
41750,3950
41750,4000
41750,4050
41750,4100
41750,4150
41750,4200
41750,4250
41750,4300
41750,4350
41750,4400
41750,4450
41750,4500
41750,4550
41750,4600
41750,4650
41750,4700
41750,4750
41750,4800
41750,4850
41750,4900
41750,4950
41750,5000
41750,5050
41750,5100
41750,5150
41750,5200
41750,5250
41750,5300
41750,5350
41750,5400
41750,5450
41750,5500
41750,5550
41750,5600
41750,5650
41750,5700
41750,5750
41750,5800
41750,5850
41750,5900
41750,5950
41800,2500
41800,2550
41800,2600
41800,2650
41800,2700
41800,2750
41800,2800
41800,2850
41800,2900
41800,2950
41800,3000
41800,3050
41800,3100
41800,3150
41800,3200
41800,3250
41800,3300
41800,3350
41800,3400
41800,3450
41800,3500
41800,3550
41800,3600
41800,3650
41800,3700
41800,3750
41800,3800
41800,3850
41800,3900
41800,3950
41800,4000
41800,4050
41800,4100
41800,4150
41800,4200
41800,4250
41800,4300
41800,4350
41800,4400
41800,4450
41800,4500
41800,4550
41800,4600
41800,4650
41800,4700
41800,4750
41800,4800
41800,4850
41800,4900
41800,4950
41800,5000
41800,5050
41800,5100
41800,5150
41800,5200
41800,5250
41800,5300
41800,5350
41800,5400
41800,5450
41800,5500
41800,5550
41800,5600
41800,5650
41800,5700
41800,5750
41800,5800
41800,5850
41800,5900
41800,5950
41850,2500
41850,2550
41850,2600
41850,2650
41850,2700
41850,2750
41850,2800
41850,2850
41850,2900
41850,2950
41850,3000
41850,3050
41850,3100
41850,3150
41850,3200
41850,3250
41850,3300
41850,3350
41850,3400
41850,3450
41850,3500
41850,3550
41850,3600
41850,3650
41850,3700
41850,3750
41850,3800
41850,3850
41850,3900
41850,3950
41850,4000
41850,4050
41850,4100
41850,4150
41850,4200
41850,4250
41850,4300
41850,4350
41850,4400
41850,4450
41850,4500
41850,4550
41850,4600
41850,4650
41850,4700
41850,4750
41850,4800
41850,4850
41850,4900
41850,4950
41850,5000
41850,5050
41850,5100
41850,5150
41850,5200
41850,5250
41850,5300
41850,5350
41850,5400
41850,5450
41850,5500
41850,5550
41850,5600
41850,5650
41850,5700
41850,5750
41850,5800
41850,5850
41850,5900
41850,5950
41900,2500
41900,2550
41900,2600
41900,2650
41900,2700
41900,2750
41900,2800
41900,2850
41900,2900
41900,2950
41900,3000
41900,3050
41900,3100
41900,3150
41900,3200
41900,3250
41900,3300
41900,3350
41900,3400
41900,3450
41900,3500
41900,3550
41900,3600
41900,3650
41900,3700
41900,3750
41900,3800
41900,3850
41900,3900
41900,3950
41900,4000
41900,4050
41900,4100
41900,4150
41900,4200
41900,4250
41900,4300
41900,4350
41900,4400
41900,4450
41900,4500
41900,4550
41900,4600
41900,4650
41900,4700
41900,4750
41900,4800
41900,4850
41900,4900
41900,4950
41900,5000
41900,5050
41900,5100
41900,5150
41900,5200
41900,5250
41900,5300
41900,5350
41900,5400
41900,5450
41900,5500
41900,5550
41900,5600
41900,5650
41900,5700
41900,5750
41900,5800
41900,5850
41900,5900
41900,5950
41950,2500
41950,2550
41950,2600
41950,2650
41950,2700
41950,2750
41950,2800
41950,2850
41950,2900
41950,2950
41950,3000
41950,3050
41950,3100
41950,3150
41950,3200
41950,3250
41950,3300
41950,3350
41950,3400
41950,3450
41950,3500
41950,3550
41950,3600
41950,3650
41950,3700
41950,3750
41950,3800
41950,3850
41950,3900
41950,3950
41950,4000
41950,4050
41950,4100
41950,4150
41950,4200
41950,4250
41950,4300
41950,4350
41950,4400
41950,4450
41950,4500
41950,4550
41950,4600
41950,4650
41950,4700
41950,4750
41950,4800
41950,4850
41950,4900
41950,4950
41950,5000
41950,5050
41950,5100
41950,5150
41950,5200
41950,5250
41950,5300
41950,5350
41950,5400
41950,5450
41950,5500
41950,5550
41950,5600
41950,5650
41950,5700
41950,5750
41950,5800
41950,5850
41950,5900
41950,5950
42000,2500
42000,2550
42000,2600
42000,2650
42000,2700
42000,2750
42000,2800
42000,2850
42000,2900
42000,2950
42000,3000
42000,3050
42000,3100
42000,3150
42000,3200
42000,3250
42000,3300
42000,3350
42000,3400
42000,3450
42000,3500
42000,3550
42000,3600
42000,3650
42000,3700
42000,3750
42000,3800
42000,3850
42000,3900
42000,3950
42000,4000
42000,4050
42000,4100
42000,4150
42000,4200
42000,4250
42000,4300
42000,4350
42000,4400
42000,4450
42000,4500
42000,4550
42000,4600
42000,4650
42000,4700
42000,4750
42000,4800
42000,4850
42000,4900
42000,4950
42000,5000
42000,5050
42000,5100
42000,5150
42000,5200
42000,5250
42000,5300
42000,5350
42000,5400
42000,5450
42000,5500
42000,5550
42000,5600
42000,5650
42000,5700
42000,5750
42000,5800
42000,5850
42000,5900
42000,5950
42050,2500
42050,2550
42050,2600
42050,2650
42050,2700
42050,2750
42050,2800
42050,2850
42050,2900
42050,2950
42050,3000
42050,3050
42050,3100
42050,3150
42050,3200
42050,3250
42050,3300
42050,3350
42050,3400
42050,3450
42050,3500
42050,3550
42050,3600
42050,3650
42050,3700
42050,3750
42050,3800
42050,3850
42050,3900
42050,3950
42050,4000
42050,4050
42050,4100
42050,4150
42050,4200
42050,4250
42050,4300
42050,4350
42050,4400
42050,4450
42050,4500
42050,4550
42050,4600
42050,4650
42050,4700
42050,4750
42050,4800
42050,4850
42050,4900
42050,4950
42050,5000
42050,5050
42050,5100
42050,5150
42050,5200
42050,5250
42050,5300
42050,5350
42050,5400
42050,5450
42050,5500
42050,5550
42050,5600
42050,5650
42050,5700
42050,5750
42050,5800
42050,5850
42050,5900
42050,5950
42100,2500
42100,2550
42100,2600
42100,2650
42100,2700
42100,2750
42100,2800
42100,2850
42100,2900
42100,2950
42100,3000
42100,3050
42100,3100
42100,3150
42100,3200
42100,3250
42100,3300
42100,3350
42100,3400
42100,3450
42100,3500
42100,3550
42100,3600
42100,3650
42100,3700
42100,3750
42100,3800
42100,3850
42100,3900
42100,3950
42100,4000
42100,4050
42100,4100
42100,4150
42100,4200
42100,4250
42100,4300
42100,4350
42100,4400
42100,4450
42100,4500
42100,4550
42100,4600
42100,4650
42100,4700
42100,4750
42100,4800
42100,4850
42100,4900
42100,4950
42100,5000
42100,5050
42100,5100
42100,5150
42100,5200
42100,5250
42100,5300
42100,5350
42100,5400
42100,5450
42100,5500
42100,5550
42100,5600
42100,5650
42100,5700
42100,5750
42100,5800
42100,5850
42100,5900
42100,5950
42150,2500
42150,2550
42150,2600
42150,2650
42150,2700
42150,2750
42150,2800
42150,2850
42150,2900
42150,2950
42150,3000
42150,3050
42150,3100
42150,3150
42150,3200
42150,3250
42150,3300
42150,3350
42150,3400
42150,3450
42150,3500
42150,3550
42150,3600
42150,3650
42150,3700
42150,3750
42150,3800
42150,3850
42150,3900
42150,3950
42150,4000
42150,4050
42150,4100
42150,4150
42150,4200
42150,4250
42150,4300
42150,4350
42150,4400
42150,4450
42150,4500
42150,4550
42150,4600
42150,4650
42150,4700
42150,4750
42150,4800
42150,4850
42150,4900
42150,4950
42150,5000
42150,5050
42150,5100
42150,5150
42150,5200
42150,5250
42150,5300
42150,5350
42150,5400
42150,5450
42150,5500
42150,5550
42150,5600
42150,5650
42150,5700
42150,5750
42150,5800
42150,5850
42150,5900
42150,5950
42200,2500
42200,2550
42200,2600
42200,2650
42200,2700
42200,2750
42200,2800
42200,2850
42200,2900
42200,2950
42200,3000
42200,3050
42200,3100
42200,3150
42200,3200
42200,3250
42200,3300
42200,3350
42200,3400
42200,3450
42200,3500
42200,3550
42200,3600
42200,3650
42200,3700
42200,3750
42200,3800
42200,3850
42200,3900
42200,3950
42200,4000
42200,4050
42200,4100
42200,4150
42200,4200
42200,4250
42200,4300
42200,4350
42200,4400
42200,4450
42200,4500
42200,4550
42200,4600
42200,4650
42200,4700
42200,4750
42200,4800
42200,4850
42200,4900
42200,4950
42200,5000
42200,5050
42200,5100
42200,5150
42200,5200
42200,5250
42200,5300
42200,5350
42200,5400
42200,5450
42200,5500
42200,5550
42200,5600
42200,5650
42200,5700
42200,5750
42200,5800
42200,5850
42200,5900
42200,5950
42250,2500
42250,2550
42250,2600
42250,2650
42250,2700
42250,2750
42250,2800
42250,2850
42250,2900
42250,2950
42250,3000
42250,3050
42250,3100
42250,3150
42250,3200
42250,3250
42250,3300
42250,3350
42250,3400
42250,3450
42250,3500
42250,3550
42250,3600
42250,3650
42250,3700
42250,3750
42250,3800
42250,3850
42250,3900
42250,3950
42250,4000
42250,4050
42250,4100
42250,4150
42250,4200
42250,4250
42250,4300
42250,4350
42250,4400
42250,4450
42250,4500
42250,4550
42250,4600
42250,4650
42250,4700
42250,4750
42250,4800
42250,4850
42250,4900
42250,4950
42250,5000
42250,5050
42250,5100
42250,5150
42250,5200
42250,5250
42250,5300
42250,5350
42250,5400
42250,5450
42250,5500
42250,5550
42250,5600
42250,5650
42250,5700
42250,5750
42250,5800
42250,5850
42250,5900
42250,5950
42300,2500
42300,2550
42300,2600
42300,2650
42300,2700
42300,2750
42300,2800
42300,2850
42300,2900
42300,2950
42300,3000
42300,3050
42300,3100
42300,3150
42300,3200
42300,3250
42300,3300
42300,3350
42300,3400
42300,3450
42300,3500
42300,3550
42300,3600
42300,3650
42300,3700
42300,3750
42300,3800
42300,3850
42300,3900
42300,3950
42300,4000
42300,4050
42300,4100
42300,4150
42300,4200
42300,4250
42300,4300
42300,4350
42300,4400
42300,4450
42300,4500
42300,4550
42300,4600
42300,4650
42300,4700
42300,4750
42300,4800
42300,4850
42300,4900
42300,4950
42300,5000
42300,5050
42300,5100
42300,5150
42300,5200
42300,5250
42300,5300
42300,5350
42300,5400
42300,5450
42300,5500
42300,5550
42300,5600
42300,5650
42300,5700
42300,5750
42300,5800
42300,5850
42300,5900
42300,5950
42350,2500
42350,2550
42350,2600
42350,2650
42350,2700
42350,2750
42350,2800
42350,2850
42350,2900
42350,2950
42350,3000
42350,3050
42350,3100
42350,3150
42350,3200
42350,3250
42350,3300
42350,3350
42350,3400
42350,3450
42350,3500
42350,3550
42350,3600
42350,3650
42350,3700
42350,3750
42350,3800
42350,3850
42350,3900
42350,3950
42350,4000
42350,4050
42350,4100
42350,4150
42350,4200
42350,4250
42350,4300
42350,4350
42350,4400
42350,4450
42350,4500
42350,4550
42350,4600
42350,4650
42350,4700
42350,4750
42350,4800
42350,4850
42350,4900
42350,4950
42350,5000
42350,5050
42350,5100
42350,5150
42350,5200
42350,5250
42350,5300
42350,5350
42350,5400
42350,5450
42350,5500
42350,5550
42350,5600
42350,5650
42350,5700
42350,5750
42350,5800
42350,5850
42350,5900
42350,5950
42400,2500
42400,2550
42400,2600
42400,2650
42400,2700
42400,2750
42400,2800
42400,2850
42400,2900
42400,2950
42400,3000
42400,3050
42400,3100
42400,3150
42400,3200
42400,3250
42400,3300
42400,3350
42400,3400
42400,3450
42400,3500
42400,3550
42400,3600
42400,3650
42400,3700
42400,3750
42400,3800
42400,3850
42400,3900
42400,3950
42400,4000
42400,4050
42400,4100
42400,4150
42400,4200
42400,4250
42400,4300
42400,4350
42400,4400
42400,4450
42400,4500
42400,4550
42400,4600
42400,4650
42400,4700
42400,4750
42400,4800
42400,4850
42400,4900
42400,4950
42400,5000
42400,5050
42400,5100
42400,5150
42400,5200
42400,5250
42400,5300
42400,5350
42400,5400
42400,5450
42400,5500
42400,5550
42400,5600
42400,5650
42400,5700
42400,5750
42400,5800
42400,5850
42400,5900
42400,5950
27000,14000
27000,14050
27000,14100
27000,14150
27000,14200
27000,14250
27000,14300
27000,14350
27000,14400
27000,14450
27000,14500
27000,14550
27000,14600
27000,14650
27000,14700
27000,14750
27000,14800
27000,14850
27000,14900
27000,14950
27050,14000
27050,14050
27050,14100
27050,14150
27050,14200
27050,14250
27050,14300
27050,14350
27050,14400
27050,14450
27050,14500
27050,14550
27050,14600
27050,14650
27050,14700
27050,14750
27050,14800
27050,14850
27050,14900
27050,14950
27100,14000
27100,14050
27100,14100
27100,14150
27100,14200
27100,14250
27100,14300
27100,14350
27100,14400
27100,14450
27100,14500
27100,14550
27100,14600
27100,14650
27100,14700
27100,14750
27100,14800
27100,14850
27100,14900
27100,14950
27150,14000
27150,14050
27150,14100
27150,14150
27150,14200
27150,14250
27150,14300
27150,14350
27150,14400
27150,14450
27150,14500
27150,14550
27150,14600
27150,14650
27150,14700
27150,14750
27150,14800
27150,14850
27150,14900
27150,14950
27200,14000
27200,14050
27200,14100
27200,14150
27200,14200
27200,14250
27200,14300
27200,14350
27200,14400
27200,14450
27200,14500
27200,14550
27200,14600
27200,14650
27200,14700
27200,14750
27200,14800
27200,14850
27200,14900
27200,14950
27250,14000
27250,14050
27250,14100
27250,14150
27250,14200
27250,14250
27250,14300
27250,14350
27250,14400
27250,14450
27250,14500
27250,14550
27250,14600
27250,14650
27250,14700
27250,14750
27250,14800
27250,14850
27250,14900
27250,14950
27300,14000
27300,14050
27300,14100
27300,14150
27300,14200
27300,14250
27300,14300
27300,14350
27300,14400
27300,14450
27300,14500
27300,14550
27300,14600
27300,14650
27300,14700
27300,14750
27300,14800
27300,14850
27300,14900
27300,14950
27350,14000
27350,14050
27350,14100
27350,14150
27350,14200
27350,14250
27350,14300
27350,14350
27350,14400
27350,14450
27350,14500
27350,14550
27350,14600
27350,14650
27350,14700
27350,14750
27350,14800
27350,14850
27350,14900
27350,14950
27400,14000
27400,14050
27400,14100
27400,14150
27400,14200
27400,14250
27400,14300
27400,14350
27400,14400
27400,14450
27400,14500
27400,14550
27400,14600
27400,14650
27400,14700
27400,14750
27400,14800
27400,14850
27400,14900
27400,14950
27450,14000
27450,14050
27450,14100
27450,14150
27450,14200
27450,14250
27450,14300
27450,14350
27450,14400
27450,14450
27450,14500
27450,14550
27450,14600
27450,14650
27450,14700
27450,14750
27450,14800
27450,14850
27450,14900
27450,14950
27500,14000
27500,14050
27500,14100
27500,14150
27500,14200
27500,14250
27500,14300
27500,14350
27500,14400
27500,14450
27500,14500
27500,14550
27500,14600
27500,14650
27500,14700
27500,14750
27500,14800
27500,14850
27500,14900
27500,14950
27550,14000
27550,14050
27550,14100
27550,14150
27550,14200
27550,14250
27550,14300
27550,14350
27550,14400
27550,14450
27550,14500
27550,14550
27550,14600
27550,14650
27550,14700
27550,14750
27550,14800
27550,14850
27550,14900
27550,14950
27600,14000
27600,14050
27600,14100
27600,14150
27600,14200
27600,14250
27600,14300
27600,14350
27600,14400
27600,14450
27600,14500
27600,14550
27600,14600
27600,14650
27600,14700
27600,14750
27600,14800
27600,14850
27600,14900
27600,14950
27650,14000
27650,14050
27650,14100
27650,14150
27650,14200
27650,14250
27650,14300
27650,14350
27650,14400
27650,14450
27650,14500
27650,14550
27650,14600
27650,14650
27650,14700
27650,14750
27650,14800
27650,14850
27650,14900
27650,14950
27700,14000
27700,14050
27700,14100
27700,14150
27700,14200
27700,14250
27700,14300
27700,14350
27700,14400
27700,14450
27700,14500
27700,14550
27700,14600
27700,14650
27700,14700
27700,14750
27700,14800
27700,14850
27700,14900
27700,14950
27750,14000
27750,14050
27750,14100
27750,14150
27750,14200
27750,14250
27750,14300
27750,14350
27750,14400
27750,14450
27750,14500
27750,14550
27750,14600
27750,14650
27750,14700
27750,14750
27750,14800
27750,14850
27750,14900
27750,14950
27800,14000
27800,14050
27800,14100
27800,14150
27800,14200
27800,14250
27800,14300
27800,14350
27800,14400
27800,14450
27800,14500
27800,14550
27800,14600
27800,14650
27800,14700
27800,14750
27800,14800
27800,14850
27800,14900
27800,14950
27850,14000
27850,14050
27850,14100
27850,14150
27850,14200
27850,14250
27850,14300
27850,14350
27850,14400
27850,14450
27850,14500
27850,14550
27850,14600
27850,14650
27850,14700
27850,14750
27850,14800
27850,14850
27850,14900
27850,14950
27900,14000
27900,14050
27900,14100
27900,14150
27900,14200
27900,14250
27900,14300
27900,14350
27900,14400
27900,14450
27900,14500
27900,14550
27900,14600
27900,14650
27900,14700
27900,14750
27900,14800
27900,14850
27900,14900
27900,14950
27950,14000
27950,14050
27950,14100
27950,14150
27950,14200
27950,14250
27950,14300
27950,14350
27950,14400
27950,14450
27950,14500
27950,14550
27950,14600
27950,14650
27950,14700
27950,14750
27950,14800
27950,14850
27950,14900
27950,14950
28000,14000
28000,14050
28000,14100
28000,14150
28000,14200
28000,14250
28000,14300
28000,14350
28000,14400
28000,14450
28000,14500
28000,14550
28000,14600
28000,14650
28000,14700
28000,14750
28000,14800
28000,14850
28000,14900
28000,14950
28050,14000
28050,14050
28050,14100
28050,14150
28050,14200
28050,14250
28050,14300
28050,14350
28050,14400
28050,14450
28050,14500
28050,14550
28050,14600
28050,14650
28050,14700
28050,14750
28050,14800
28050,14850
28050,14900
28050,14950
28100,14000
28100,14050
28100,14100
28100,14150
28100,14200
28100,14250
28100,14300
28100,14350
28100,14400
28100,14450
28100,14500
28100,14550
28100,14600
28100,14650
28100,14700
28100,14750
28100,14800
28100,14850
28100,14900
28100,14950
28150,14000
28150,14050
28150,14100
28150,14150
28150,14200
28150,14250
28150,14300
28150,14350
28150,14400
28150,14450
28150,14500
28150,14550
28150,14600
28150,14650
28150,14700
28150,14750
28150,14800
28150,14850
28150,14900
28150,14950
28200,14000
28200,14050
28200,14100
28200,14150
28200,14200
28200,14250
28200,14300
28200,14350
28200,14400
28200,14450
28200,14500
28200,14550
28200,14600
28200,14650
28200,14700
28200,14750
28200,14800
28200,14850
28200,14900
28200,14950
28250,14000
28250,14050
28250,14100
28250,14150
28250,14200
28250,14250
28250,14300
28250,14350
28250,14400
28250,14450
28250,14500
28250,14550
28250,14600
28250,14650
28250,14700
28250,14750
28250,14800
28250,14850
28250,14900
28250,14950
28300,14000
28300,14050
28300,14100
28300,14150
28300,14200
28300,14250
28300,14300
28300,14350
28300,14400
28300,14450
28300,14500
28300,14550
28300,14600
28300,14650
28300,14700
28300,14750
28300,14800
28300,14850
28300,14900
28300,14950
28350,14000
28350,14050
28350,14100
28350,14150
28350,14200
28350,14250
28350,14300
28350,14350
28350,14400
28350,14450
28350,14500
28350,14550
28350,14600
28350,14650
28350,14700
28350,14750
28350,14800
28350,14850
28350,14900
28350,14950
28400,14000
28400,14050
28400,14100
28400,14150
28400,14200
28400,14250
28400,14300
28400,14350
28400,14400
28400,14450
28400,14500
28400,14550
28400,14600
28400,14650
28400,14700
28400,14750
28400,14800
28400,14850
28400,14900
28400,14950
28450,14000
28450,14050
28450,14100
28450,14150
28450,14200
28450,14250
28450,14300
28450,14350
28450,14400
28450,14450
28450,14500
28450,14550
28450,14600
28450,14650
28450,14700
28450,14750
28450,14800
28450,14850
28450,14900
28450,14950
28500,14000
28500,14050
28500,14100
28500,14150
28500,14200
28500,14250
28500,14300
28500,14350
28500,14400
28500,14450
28500,14500
28500,14550
28500,14600
28500,14650
28500,14700
28500,14750
28500,14800
28500,14850
28500,14900
28500,14950
28550,14000
28550,14050
28550,14100
28550,14150
28550,14200
28550,14250
28550,14300
28550,14350
28550,14400
28550,14450
28550,14500
28550,14550
28550,14600
28550,14650
28550,14700
28550,14750
28550,14800
28550,14850
28550,14900
28550,14950
28600,14000
28600,14050
28600,14100
28600,14150
28600,14200
28600,14250
28600,14300
28600,14350
28600,14400
28600,14450
28600,14500
28600,14550
28600,14600
28600,14650
28600,14700
28600,14750
28600,14800
28600,14850
28600,14900
28600,14950
28650,14000
28650,14050
28650,14100
28650,14150
28650,14200
28650,14250
28650,14300
28650,14350
28650,14400
28650,14450
28650,14500
28650,14550
28650,14600
28650,14650
28650,14700
28650,14750
28650,14800
28650,14850
28650,14900
28650,14950
28700,14000
28700,14050
28700,14100
28700,14150
28700,14200
28700,14250
28700,14300
28700,14350
28700,14400
28700,14450
28700,14500
28700,14550
28700,14600
28700,14650
28700,14700
28700,14750
28700,14800
28700,14850
28700,14900
28700,14950
28750,14000
28750,14050
28750,14100
28750,14150
28750,14200
28750,14250
28750,14300
28750,14350
28750,14400
28750,14450
28750,14500
28750,14550
28750,14600
28750,14650
28750,14700
28750,14750
28750,14800
28750,14850
28750,14900
28750,14950
28800,14000
28800,14050
28800,14100
28800,14150
28800,14200
28800,14250
28800,14300
28800,14350
28800,14400
28800,14450
28800,14500
28800,14550
28800,14600
28800,14650
28800,14700
28800,14750
28800,14800
28800,14850
28800,14900
28800,14950
28850,14000
28850,14050
28850,14100
28850,14150
28850,14200
28850,14250
28850,14300
28850,14350
28850,14400
28850,14450
28850,14500
28850,14550
28850,14600
28850,14650
28850,14700
28850,14750
28850,14800
28850,14850
28850,14900
28850,14950
28900,14000
28900,14050
28900,14100
28900,14150
28900,14200
28900,14250
28900,14300
28900,14350
28900,14400
28900,14450
28900,14500
28900,14550
28900,14600
28900,14650
28900,14700
28900,14750
28900,14800
28900,14850
28900,14900
28900,14950
28950,14000
28950,14050
28950,14100
28950,14150
28950,14200
28950,14250
28950,14300
28950,14350
28950,14400
28950,14450
28950,14500
28950,14550
28950,14600
28950,14650
28950,14700
28950,14750
28950,14800
28950,14850
28950,14900
28950,14950
29000,14000
29000,14050
29000,14100
29000,14150
29000,14200
29000,14250
29000,14300
29000,14350
29000,14400
29000,14450
29000,14500
29000,14550
29000,14600
29000,14650
29000,14700
29000,14750
29000,14800
29000,14850
29000,14900
29000,14950
29050,14000
29050,14050
29050,14100
29050,14150
29050,14200
29050,14250
29050,14300
29050,14350
29050,14400
29050,14450
29050,14500
29050,14550
29050,14600
29050,14650
29050,14700
29050,14750
29050,14800
29050,14850
29050,14900
29050,14950
29100,14000
29100,14050
29100,14100
29100,14150
29100,14200
29100,14250
29100,14300
29100,14350
29100,14400
29100,14450
29100,14500
29100,14550
29100,14600
29100,14650
29100,14700
29100,14750
29100,14800
29100,14850
29100,14900
29100,14950
29150,14000
29150,14050
29150,14100
29150,14150
29150,14200
29150,14250
29150,14300
29150,14350
29150,14400
29150,14450
29150,14500
29150,14550
29150,14600
29150,14650
29150,14700
29150,14750
29150,14800
29150,14850
29150,14900
29150,14950
29200,14000
29200,14050
29200,14100
29200,14150
29200,14200
29200,14250
29200,14300
29200,14350
29200,14400
29200,14450
29200,14500
29200,14550
29200,14600
29200,14650
29200,14700
29200,14750
29200,14800
29200,14850
29200,14900
29200,14950
29250,14000
29250,14050
29250,14100
29250,14150
29250,14200
29250,14250
29250,14300
29250,14350
29250,14400
29250,14450
29250,14500
29250,14550
29250,14600
29250,14650
29250,14700
29250,14750
29250,14800
29250,14850
29250,14900
29250,14950
29300,14000
29300,14050
29300,14100
29300,14150
29300,14200
29300,14250
29300,14300
29300,14350
29300,14400
29300,14450
29300,14500
29300,14550
29300,14600
29300,14650
29300,14700
29300,14750
29300,14800
29300,14850
29300,14900
29300,14950
29350,14000
29350,14050
29350,14100
29350,14150
29350,14200
29350,14250
29350,14300
29350,14350
29350,14400
29350,14450
29350,14500
29350,14550
29350,14600
29350,14650
29350,14700
29350,14750
29350,14800
29350,14850
29350,14900
29350,14950
29400,14000
29400,14050
29400,14100
29400,14150
29400,14200
29400,14250
29400,14300
29400,14350
29400,14400
29400,14450
29400,14500
29400,14550
29400,14600
29400,14650
29400,14700
29400,14750
29400,14800
29400,14850
29400,14900
29400,14950
29450,14000
29450,14050
29450,14100
29450,14150
29450,14200
29450,14250
29450,14300
29450,14350
29450,14400
29450,14450
29450,14500
29450,14550
29450,14600
29450,14650
29450,14700
29450,14750
29450,14800
29450,14850
29450,14900
29450,14950
29500,14000
29500,14050
29500,14100
29500,14150
29500,14200
29500,14250
29500,14300
29500,14350
29500,14400
29500,14450
29500,14500
29500,14550
29500,14600
29500,14650
29500,14700
29500,14750
29500,14800
29500,14850
29500,14900
29500,14950
29550,14000
29550,14050
29550,14100
29550,14150
29550,14200
29550,14250
29550,14300
29550,14350
29550,14400
29550,14450
29550,14500
29550,14550
29550,14600
29550,14650
29550,14700
29550,14750
29550,14800
29550,14850
29550,14900
29550,14950
29600,14000
29600,14050
29600,14100
29600,14150
29600,14200
29600,14250
29600,14300
29600,14350
29600,14400
29600,14450
29600,14500
29600,14550
29600,14600
29600,14650
29600,14700
29600,14750
29600,14800
29600,14850
29600,14900
29600,14950
29650,14000
29650,14050
29650,14100
29650,14150
29650,14200
29650,14250
29650,14300
29650,14350
29650,14400
29650,14450
29650,14500
29650,14550
29650,14600
29650,14650
29650,14700
29650,14750
29650,14800
29650,14850
29650,14900
29650,14950
29700,14000
29700,14050
29700,14100
29700,14150
29700,14200
29700,14250
29700,14300
29700,14350
29700,14400
29700,14450
29700,14500
29700,14550
29700,14600
29700,14650
29700,14700
29700,14750
29700,14800
29700,14850
29700,14900
29700,14950
29750,14000
29750,14050
29750,14100
29750,14150
29750,14200
29750,14250
29750,14300
29750,14350
29750,14400
29750,14450
29750,14500
29750,14550
29750,14600
29750,14650
29750,14700
29750,14750
29750,14800
29750,14850
29750,14900
29750,14950
29800,14000
29800,14050
29800,14100
29800,14150
29800,14200
29800,14250
29800,14300
29800,14350
29800,14400
29800,14450
29800,14500
29800,14550
29800,14600
29800,14650
29800,14700
29800,14750
29800,14800
29800,14850
29800,14900
29800,14950
29850,14000
29850,14050
29850,14100
29850,14150
29850,14200
29850,14250
29850,14300
29850,14350
29850,14400
29850,14450
29850,14500
29850,14550
29850,14600
29850,14650
29850,14700
29850,14750
29850,14800
29850,14850
29850,14900
29850,14950
29900,14000
29900,14050
29900,14100
29900,14150
29900,14200
29900,14250
29900,14300
29900,14350
29900,14400
29900,14450
29900,14500
29900,14550
29900,14600
29900,14650
29900,14700
29900,14750
29900,14800
29900,14850
29900,14900
29900,14950
29950,14000
29950,14050
29950,14100
29950,14150
29950,14200
29950,14250
29950,14300
29950,14350
29950,14400
29950,14450
29950,14500
29950,14550
29950,14600
29950,14650
29950,14700
29950,14750
29950,14800
29950,14850
29950,14900
29950,14950
30000,14000
30000,14050
30000,14100
30000,14150
30000,14200
30000,14250
30000,14300
30000,14350
30000,14400
30000,14450
30000,14500
30000,14550
30000,14600
30000,14650
30000,14700
30000,14750
30000,14800
30000,14850
30000,14900
30000,14950
30050,14000
30050,14050
30050,14100
30050,14150
30050,14200
30050,14250
30050,14300
30050,14350
30050,14400
30050,14450
30050,14500
30050,14550
30050,14600
30050,14650
30050,14700
30050,14750
30050,14800
30050,14850
30050,14900
30050,14950
30100,14000
30100,14050
30100,14100
30100,14150
30100,14200
30100,14250
30100,14300
30100,14350
30100,14400
30100,14450
30100,14500
30100,14550
30100,14600
30100,14650
30100,14700
30100,14750
30100,14800
30100,14850
30100,14900
30100,14950
30150,14000
30150,14050
30150,14100
30150,14150
30150,14200
30150,14250
30150,14300
30150,14350
30150,14400
30150,14450
30150,14500
30150,14550
30150,14600
30150,14650
30150,14700
30150,14750
30150,14800
30150,14850
30150,14900
30150,14950
27000,30200
27000,30250
27000,30300
27000,30350
27000,30400
27000,30450
27000,30500
27000,30550
27000,30600
27000,30650
27000,30700
27000,30750
27000,30800
27000,30850
27000,30900
27000,30950
27050,30200
27050,30250
27050,30300
27050,30350
27050,30400
27050,30450
27050,30500
27050,30550
27050,30600
27050,30650
27050,30700
27050,30750
27050,30800
27050,30850
27050,30900
27050,30950
27100,30200
27100,30250
27100,30300
27100,30350
27100,30400
27100,30450
27100,30500
27100,30550
27100,30600
27100,30650
27100,30700
27100,30750
27100,30800
27100,30850
27100,30900
27100,30950
27150,30200
27150,30250
27150,30300
27150,30350
27150,30400
27150,30450
27150,30500
27150,30550
27150,30600
27150,30650
27150,30700
27150,30750
27150,30800
27150,30850
27150,30900
27150,30950
27200,30200
27200,30250
27200,30300
27200,30350
27200,30400
27200,30450
27200,30500
27200,30550
27200,30600
27200,30650
27200,30700
27200,30750
27200,30800
27200,30850
27200,30900
27200,30950
27250,30200
27250,30250
27250,30300
27250,30350
27250,30400
27250,30450
27250,30500
27250,30550
27250,30600
27250,30650
27250,30700
27250,30750
27250,30800
27250,30850
27250,30900
27250,30950
27300,30200
27300,30250
27300,30300
27300,30350
27300,30400
27300,30450
27300,30500
27300,30550
27300,30600
27300,30650
27300,30700
27300,30750
27300,30800
27300,30850
27300,30900
27300,30950
27350,30200
27350,30250
27350,30300
27350,30350
27350,30400
27350,30450
27350,30500
27350,30550
27350,30600
27350,30650
27350,30700
27350,30750
27350,30800
27350,30850
27350,30900
27350,30950
27400,30200
27400,30250
27400,30300
27400,30350
27400,30400
27400,30450
27400,30500
27400,30550
27400,30600
27400,30650
27400,30700
27400,30750
27400,30800
27400,30850
27400,30900
27400,30950
27450,30200
27450,30250
27450,30300
27450,30350
27450,30400
27450,30450
27450,30500
27450,30550
27450,30600
27450,30650
27450,30700
27450,30750
27450,30800
27450,30850
27450,30900
27450,30950
27500,30200
27500,30250
27500,30300
27500,30350
27500,30400
27500,30450
27500,30500
27500,30550
27500,30600
27500,30650
27500,30700
27500,30750
27500,30800
27500,30850
27500,30900
27500,30950
27550,30200
27550,30250
27550,30300
27550,30350
27550,30400
27550,30450
27550,30500
27550,30550
27550,30600
27550,30650
27550,30700
27550,30750
27550,30800
27550,30850
27550,30900
27550,30950
27600,30200
27600,30250
27600,30300
27600,30350
27600,30400
27600,30450
27600,30500
27600,30550
27600,30600
27600,30650
27600,30700
27600,30750
27600,30800
27600,30850
27600,30900
27600,30950
27650,30200
27650,30250
27650,30300
27650,30350
27650,30400
27650,30450
27650,30500
27650,30550
27650,30600
27650,30650
27650,30700
27650,30750
27650,30800
27650,30850
27650,30900
27650,30950
27700,30200
27700,30250
27700,30300
27700,30350
27700,30400
27700,30450
27700,30500
27700,30550
27700,30600
27700,30650
27700,30700
27700,30750
27700,30800
27700,30850
27700,30900
27700,30950
27750,30200
27750,30250
27750,30300
27750,30350
27750,30400
27750,30450
27750,30500
27750,30550
27750,30600
27750,30650
27750,30700
27750,30750
27750,30800
27750,30850
27750,30900
27750,30950
27800,30200
27800,30250
27800,30300
27800,30350
27800,30400
27800,30450
27800,30500
27800,30550
27800,30600
27800,30650
27800,30700
27800,30750
27800,30800
27800,30850
27800,30900
27800,30950
27850,30200
27850,30250
27850,30300
27850,30350
27850,30400
27850,30450
27850,30500
27850,30550
27850,30600
27850,30650
27850,30700
27850,30750
27850,30800
27850,30850
27850,30900
27850,30950
27900,30200
27900,30250
27900,30300
27900,30350
27900,30400
27900,30450
27900,30500
27900,30550
27900,30600
27900,30650
27900,30700
27900,30750
27900,30800
27900,30850
27900,30900
27900,30950
27950,30200
27950,30250
27950,30300
27950,30350
27950,30400
27950,30450
27950,30500
27950,30550
27950,30600
27950,30650
27950,30700
27950,30750
27950,30800
27950,30850
27950,30900
27950,30950
28000,30200
28000,30250
28000,30300
28000,30350
28000,30400
28000,30450
28000,30500
28000,30550
28000,30600
28000,30650
28000,30700
28000,30750
28000,30800
28000,30850
28000,30900
28000,30950
28050,30200
28050,30250
28050,30300
28050,30350
28050,30400
28050,30450
28050,30500
28050,30550
28050,30600
28050,30650
28050,30700
28050,30750
28050,30800
28050,30850
28050,30900
28050,30950
28100,30200
28100,30250
28100,30300
28100,30350
28100,30400
28100,30450
28100,30500
28100,30550
28100,30600
28100,30650
28100,30700
28100,30750
28100,30800
28100,30850
28100,30900
28100,30950
28150,30200
28150,30250
28150,30300
28150,30350
28150,30400
28150,30450
28150,30500
28150,30550
28150,30600
28150,30650
28150,30700
28150,30750
28150,30800
28150,30850
28150,30900
28150,30950
28200,30200
28200,30250
28200,30300
28200,30350
28200,30400
28200,30450
28200,30500
28200,30550
28200,30600
28200,30650
28200,30700
28200,30750
28200,30800
28200,30850
28200,30900
28200,30950
28250,30200
28250,30250
28250,30300
28250,30350
28250,30400
28250,30450
28250,30500
28250,30550
28250,30600
28250,30650
28250,30700
28250,30750
28250,30800
28250,30850
28250,30900
28250,30950
28300,30200
28300,30250
28300,30300
28300,30350
28300,30400
28300,30450
28300,30500
28300,30550
28300,30600
28300,30650
28300,30700
28300,30750
28300,30800
28300,30850
28300,30900
28300,30950
28350,30200
28350,30250
28350,30300
28350,30350
28350,30400
28350,30450
28350,30500
28350,30550
28350,30600
28350,30650
28350,30700
28350,30750
28350,30800
28350,30850
28350,30900
28350,30950
28400,30200
28400,30250
28400,30300
28400,30350
28400,30400
28400,30450
28400,30500
28400,30550
28400,30600
28400,30650
28400,30700
28400,30750
28400,30800
28400,30850
28400,30900
28400,30950
28450,30200
28450,30250
28450,30300
28450,30350
28450,30400
28450,30450
28450,30500
28450,30550
28450,30600
28450,30650
28450,30700
28450,30750
28450,30800
28450,30850
28450,30900
28450,30950
28500,30200
28500,30250
28500,30300
28500,30350
28500,30400
28500,30450
28500,30500
28500,30550
28500,30600
28500,30650
28500,30700
28500,30750
28500,30800
28500,30850
28500,30900
28500,30950
28550,30200
28550,30250
28550,30300
28550,30350
28550,30400
28550,30450
28550,30500
28550,30550
28550,30600
28550,30650
28550,30700
28550,30750
28550,30800
28550,30850
28550,30900
28550,30950
28600,30200
28600,30250
28600,30300
28600,30350
28600,30400
28600,30450
28600,30500
28600,30550
28600,30600
28600,30650
28600,30700
28600,30750
28600,30800
28600,30850
28600,30900
28600,30950
28650,30200
28650,30250
28650,30300
28650,30350
28650,30400
28650,30450
28650,30500
28650,30550
28650,30600
28650,30650
28650,30700
28650,30750
28650,30800
28650,30850
28650,30900
28650,30950
28700,30200
28700,30250
28700,30300
28700,30350
28700,30400
28700,30450
28700,30500
28700,30550
28700,30600
28700,30650
28700,30700
28700,30750
28700,30800
28700,30850
28700,30900
28700,30950
28750,30200
28750,30250
28750,30300
28750,30350
28750,30400
28750,30450
28750,30500
28750,30550
28750,30600
28750,30650
28750,30700
28750,30750
28750,30800
28750,30850
28750,30900
28750,30950
28800,30200
28800,30250
28800,30300
28800,30350
28800,30400
28800,30450
28800,30500
28800,30550
28800,30600
28800,30650
28800,30700
28800,30750
28800,30800
28800,30850
28800,30900
28800,30950
28850,30200
28850,30250
28850,30300
28850,30350
28850,30400
28850,30450
28850,30500
28850,30550
28850,30600
28850,30650
28850,30700
28850,30750
28850,30800
28850,30850
28850,30900
28850,30950
28900,30200
28900,30250
28900,30300
28900,30350
28900,30400
28900,30450
28900,30500
28900,30550
28900,30600
28900,30650
28900,30700
28900,30750
28900,30800
28900,30850
28900,30900
28900,30950
28950,30200
28950,30250
28950,30300
28950,30350
28950,30400
28950,30450
28950,30500
28950,30550
28950,30600
28950,30650
28950,30700
28950,30750
28950,30800
28950,30850
28950,30900
28950,30950
29000,30200
29000,30250
29000,30300
29000,30350
29000,30400
29000,30450
29000,30500
29000,30550
29000,30600
29000,30650
29000,30700
29000,30750
29000,30800
29000,30850
29000,30900
29000,30950
29050,30200
29050,30250
29050,30300
29050,30350
29050,30400
29050,30450
29050,30500
29050,30550
29050,30600
29050,30650
29050,30700
29050,30750
29050,30800
29050,30850
29050,30900
29050,30950
29100,30200
29100,30250
29100,30300
29100,30350
29100,30400
29100,30450
29100,30500
29100,30550
29100,30600
29100,30650
29100,30700
29100,30750
29100,30800
29100,30850
29100,30900
29100,30950
29150,30200
29150,30250
29150,30300
29150,30350
29150,30400
29150,30450
29150,30500
29150,30550
29150,30600
29150,30650
29150,30700
29150,30750
29150,30800
29150,30850
29150,30900
29150,30950
29200,30200
29200,30250
29200,30300
29200,30350
29200,30400
29200,30450
29200,30500
29200,30550
29200,30600
29200,30650
29200,30700
29200,30750
29200,30800
29200,30850
29200,30900
29200,30950
29250,30200
29250,30250
29250,30300
29250,30350
29250,30400
29250,30450
29250,30500
29250,30550
29250,30600
29250,30650
29250,30700
29250,30750
29250,30800
29250,30850
29250,30900
29250,30950
29300,30200
29300,30250
29300,30300
29300,30350
29300,30400
29300,30450
29300,30500
29300,30550
29300,30600
29300,30650
29300,30700
29300,30750
29300,30800
29300,30850
29300,30900
29300,30950
29350,30200
29350,30250
29350,30300
29350,30350
29350,30400
29350,30450
29350,30500
29350,30550
29350,30600
29350,30650
29350,30700
29350,30750
29350,30800
29350,30850
29350,30900
29350,30950
29400,30200
29400,30250
29400,30300
29400,30350
29400,30400
29400,30450
29400,30500
29400,30550
29400,30600
29400,30650
29400,30700
29400,30750
29400,30800
29400,30850
29400,30900
29400,30950
29450,30200
29450,30250
29450,30300
29450,30350
29450,30400
29450,30450
29450,30500
29450,30550
29450,30600
29450,30650
29450,30700
29450,30750
29450,30800
29450,30850
29450,30900
29450,30950
29500,30200
29500,30250
29500,30300
29500,30350
29500,30400
29500,30450
29500,30500
29500,30550
29500,30600
29500,30650
29500,30700
29500,30750
29500,30800
29500,30850
29500,30900
29500,30950
29550,30200
29550,30250
29550,30300
29550,30350
29550,30400
29550,30450
29550,30500
29550,30550
29550,30600
29550,30650
29550,30700
29550,30750
29550,30800
29550,30850
29550,30900
29550,30950
29600,30200
29600,30250
29600,30300
29600,30350
29600,30400
29600,30450
29600,30500
29600,30550
29600,30600
29600,30650
29600,30700
29600,30750
29600,30800
29600,30850
29600,30900
29600,30950
29650,30200
29650,30250
29650,30300
29650,30350
29650,30400
29650,30450
29650,30500
29650,30550
29650,30600
29650,30650
29650,30700
29650,30750
29650,30800
29650,30850
29650,30900
29650,30950
29700,30200
29700,30250
29700,30300
29700,30350
29700,30400
29700,30450
29700,30500
29700,30550
29700,30600
29700,30650
29700,30700
29700,30750
29700,30800
29700,30850
29700,30900
29700,30950
29750,30200
29750,30250
29750,30300
29750,30350
29750,30400
29750,30450
29750,30500
29750,30550
29750,30600
29750,30650
29750,30700
29750,30750
29750,30800
29750,30850
29750,30900
29750,30950
29800,30200
29800,30250
29800,30300
29800,30350
29800,30400
29800,30450
29800,30500
29800,30550
29800,30600
29800,30650
29800,30700
29800,30750
29800,30800
29800,30850
29800,30900
29800,30950
29850,30200
29850,30250
29850,30300
29850,30350
29850,30400
29850,30450
29850,30500
29850,30550
29850,30600
29850,30650
29850,30700
29850,30750
29850,30800
29850,30850
29850,30900
29850,30950
29900,30200
29900,30250
29900,30300
29900,30350
29900,30400
29900,30450
29900,30500
29900,30550
29900,30600
29900,30650
29900,30700
29900,30750
29900,30800
29900,30850
29900,30900
29900,30950
29950,30200
29950,30250
29950,30300
29950,30350
29950,30400
29950,30450
29950,30500
29950,30550
29950,30600
29950,30650
29950,30700
29950,30750
29950,30800
29950,30850
29950,30900
29950,30950
30000,30200
30000,30250
30000,30300
30000,30350
30000,30400
30000,30450
30000,30500
30000,30550
30000,30600
30000,30650
30000,30700
30000,30750
30000,30800
30000,30850
30000,30900
30000,30950
30050,30200
30050,30250
30050,30300
30050,30350
30050,30400
30050,30450
30050,30500
30050,30550
30050,30600
30050,30650
30050,30700
30050,30750
30050,30800
30050,30850
30050,30900
30050,30950
30100,30200
30100,30250
30100,30300
30100,30350
30100,30400
30100,30450
30100,30500
30100,30550
30100,30600
30100,30650
30100,30700
30100,30750
30100,30800
30100,30850
30100,30900
30100,30950
30150,30200
30150,30250
30150,30300
30150,30350
30150,30400
30150,30450
30150,30500
30150,30550
30150,30600
30150,30650
30150,30700
30150,30750
30150,30800
30150,30850
30150,30900
30150,30950
