query_idx,anchor_idx,status,n_matches,n_inliers,n_overlapping,median_depth,x_error,y_error,z_error,pos_error,rot_error,distance_anchor_query,pointmap_error,pointmap_error_x,pointmap_error_y,pointmap_error_z,scale_x,scale_y,scale_z,pose_x,pose_y,pose_z,pose_qx,pose_qy,pose_qz,pose_qw
22000,9900,OK,809,809,,4.156006,3.8252813068476232,0.1419146697530677,1.264146621689712,4.031250864327163,0.056737326987605835,7.84890936142661,3.9769832201531874,0.9237326935993324,0.4867585125056718,3.8177723961153127,0.6794238,0.59361273,0.49516603,-37.931442209931106,-63.25131570929139,-3.3885470363859245,-0.47058989754830766,0.5483933251928803,-0.5459947164876702,0.42390998900346494
6800,1550,OK,1516,1516,,8.395536,0.11598837127724443,0.16150943887170094,0.5345572725367989,0.57034207168872,0.019411327193090164,3.5523591403180856,0.6112295396252547,0.16113032874951821,0.1284184698043524,0.5632974831577342,1.3473548,1.2919679,0.9741041,-5.07341937858782,-36.661945560487936,0.022663850618418746,0.12957321897154794,0.7246680563530074,-0.670286089944805,-0.0937205775345568
10150,8200,OK,796,796,,13.695269,3.992821040266068,0.27059683844251203,0.17436242098733387,4.0057764244175,0.02878519293299328,7.174663758235856,3.1334181267140897,0.5402619134401849,0.24797724448812997,3.0275795126438494,1.1143858,1.1055541,0.77188164,-38.803589040976114,-61.30346037906989,-3.901799471981115,0.5199973828755722,-0.46360463535199786,0.5038829539774881,-0.5106617594588585
10200,8300,OK,823,823,,16.084827,0.676655375391837,0.16558027685645466,1.0899865631380226,1.293580315617073,0.0643317487620662,5.433974934143628,0.7797570054934246,0.13952947637665603,0.1248991879841439,0.7478825957770838,1.2611756,1.2032259,0.8377791,-40.09618415564487,-54.462338920366975,-4.007481559364572,-0.45581988254890776,0.5428928777786778,-0.5292586764872862,0.4662411514369056
20400,900,OK,1152,1152,,10.46237,0.6585741404700827,0.26441707518433055,5.834955727338605,5.877954119261781,0.034935598213153486,3.2210567130001126,5.109888627094478,1.094578447832414,0.38858050097740415,4.818193514100059,1.5653803,1.5650309,0.8972113,1.7972579448030386,-12.772011864303028,0.42243799991668535,0.15334766200865246,0.7137343784538546,-0.6779854231130936,-0.08604357974729768
23700,8300,OK,938,938,,12.666805,0.12459799461984877,0.13936554012287294,0.193916303458179,0.2693528295450273,0.04348405772998929,1.2367474430169643,0.963178509588905,0.17772081280728344,0.17099716738190096,0.9145142968060997,1.1983572,1.2002869,0.83704257,-38.14418934663414,-61.091190593239034,-3.8478265026077034,0.484640842546375,-0.509204836625275,0.5340641533671732,-0.4696905025456352
20500,950,OK,887,887,,28.438917,0.5164657163974726,0.010203945728616007,1.5085146895432406,1.5945085529059189,0.04230375129129231,5.4381008425355155,1.6679236233784676,0.3492229199805661,0.22843468227566366,1.569177716578774,1.6801429,1.5496502,1.3743527,-1.216371400852594,-20.85211745547376,0.22797516959011915,0.16364514048065196,0.6985279997281015,-0.6894647747821973,-0.09958526963089984
3450,40400,OK,1850,1850,,7.48971,0.2538300971518638,0.5199243455276685,0.44869121130156797,0.7321713231148618,0.0677702623839829,1.7885084891675627,3.3089853405562852,0.9720067829576031,0.20640710271993007,3.14907203672253,0.84418076,1.1314734,0.60605836,-35.99416627620126,1.1633413435283668,-5.353570600681426,0.7138277200184917,0.005907069946541656,0.08845502994333182,-0.6946875559095419
21100,1800,OK,1527,1527,,8.72909,0.27060646926857407,0.08068117966784316,1.9766635279849858,1.996731333161437,0.042606388496295056,3.772103186693073,2.6944762146184273,0.7054771642503368,0.2687236914530711,2.544905234530512,0.6651739,0.79596704,0.5310253,-12.947464749571584,-45.39857758834673,-1.186265910176161,0.35818882994710843,0.6757744047635597,-0.5758650423018423,-0.2888064559913356
5450,41950,OK,1237,1237,,19.319933,0.872332216631072,0.19183693217808773,4.1732526293102,4.267763162684227,0.05324995272935118,2.4175948587658436,1.0806929223883817,0.1925417959940885,0.116521571443096,1.0366270561824287,1.6256182,1.3545347,1.0872022,-0.5261175018837856,16.810887602753755,-0.5228442615014576,0.1307248371793126,0.7250264930251328,-0.6721533038719886,-0.07387514771619372
21150,1850,OK,1352,1352,,19.218319,0.23491865484059804,0.17188650050298004,0.21521552613191997,0.3620075498322046,0.017705277296523048,3.511124217711808,1.8265074499025151,0.30268223776480774,0.27345138799223045,1.7783230060451434,1.4489375,1.4247745,1.2506119,-13.42304904539223,-45.2590514563219,-1.030185721073063,0.3276749641399332,0.7090471607107275,-0.5747340069453188,-0.24405340199334935
6000,650,OK,1662,1662,,13.520916,0.6036805603228321,0.0719505256485215,0.07535935783037728,0.612606015205037,0.05749511037245795,1.7341385553919626,2.24472060812629,0.5606442092594275,0.3005954162293425,2.150650902314031,1.8454244,1.5935891,1.2221787,4.139697506450606,-5.495876301472741,0.5533406734400326,0.15041187507739345,0.7096952025059459,-0.6800154747735853,-0.10624472431232757
23450,8500,OK,895,895,,4.283212,0.8801051981946557,0.22239569130602546,0.009653839551995058,0.9078205769968176,0.05905976799910083,2.960041055897731,3.6633738081067873,0.7282507738377051,0.3541812867869175,3.4959735738399385,0.82637125,0.83567834,0.6286517,-36.575067690607305,-52.111460998758105,-3.7220011181490316,-0.2786994899961212,0.7060911817634442,-0.5879944285819559,0.2793284612573228
20150,750,OK,1438,1438,,6.2164173,0.25780002616754116,0.14115008673118612,0.2123565455597738,0.36260102443082887,0.049891991443970364,1.7643260257869327,2.1394111691871527,0.6359468810667648,0.17366641658605264,1.9828667304084533,1.2369044,1.2773637,0.84078556,2.342191292869922,-8.428207222117303,0.2375056153052656,0.13819917130678225,0.7117342365189526,-0.6871898777340285,-0.045885047202691945
7850,9650,OK,1036,1036,,17.806774,0.10185218659529333,0.03750645250587037,0.0010579070916762814,0.10854363666854072,0.013720814219896118,0.3272058021959067,1.3003496817520939,0.31476662184630533,0.19004918749628735,1.2252797376553852,1.3470623,1.264248,0.976861,-28.140983588274324,-69.00793643066547,-2.088521819651939,0.6911440663127242,0.2212882334364131,-0.13140281033937473,-0.6753404317662453
3100,40150,OK,1563,1563,,14.88137,0.9766719463774308,0.1269924319019492,0.7066111117991118,1.212152808815385,0.10192875020421528,5.194691217858292,3.6852562083383935,0.991153957059453,0.4635248929983593,3.4895640737045515,2.6121573,1.8434559,1.5615971,-39.09471363435173,-14.664799169535954,-4.5231080215532575,0.7365395150662203,-0.04397640623894947,0.12364981962161149,-0.6635407602761619
21750,8500,OK,754,754,,5.924811,1.5446280781463035,0.2576309129685337,0.6767177091218589,1.7059297889872491,0.036829753062421436,4.371787021822162,3.772054701836987,0.7103205911887358,0.3101023661549174,3.637748158353574,0.883575,0.9002544,0.67103237,-35.98284184420403,-51.72296798818269,-3.6268193418852714,-0.1349313714287103,0.6949269590470913,-0.6763345721025842,0.20357208348087408
22400,9800,OK,1119,1119,,7.6416845,0.042564185937095544,0.2209167818596705,0.8297792553036356,0.859738068811645,0.017823662178548052,3.6346168203056495,0.6465696876845878,0.09901797755313568,0.07678665995386014,0.6200616678134399,1.1302856,1.1844478,0.93858653,-30.802157887850115,-70.05029735264675,-2.534595351662997,0.749342103281349,0.0740625899366738,0.05421745290748426,-0.655790830083786
21500,8900,OK,1421,1421,,7.833978,0.2812450122214515,0.2829582109459474,0.15391171122059805,0.4276130504229594,0.027094395715981594,0.9977504511017453,3.3514010054050534,0.5852275506171005,0.2160991560353398,3.2138972766017497,0.99781984,1.124156,0.7735587,-25.97959661365117,-47.50913799521997,-2.4640180415382376,0.2287094519075171,0.7100346411667088,-0.6420009311646171,-0.17713723305728454
22350,9850,OK,1184,1184,,4.8369265,1.6514919672116997,0.2405216248226963,0.5053341860938904,1.7437428163027064,0.037775760454416094,3.7187063662024085,2.7358564474909572,0.5676093008080029,0.36910664867793175,2.5644018230938013,0.6864193,0.6280626,0.5425408,-34.27103979651241,-69.66528253015676,-2.663305468688912,0.7686315807192862,-0.04596301424219944,0.16420163528722223,-0.6165474170019244
3150,40200,OK,1666,1666,,8.720794,1.4436832102811425,0.10930651660227098,3.586957118003962,3.8681301028557296,0.011006640148646222,5.428336326348858,3.572619478096718,1.293469683638674,0.3326879581208584,3.107034387359742,1.6986995,1.7412391,0.964195,-36.12941064952481,-15.993336593835497,-4.514777520219643,0.7074509283787621,0.03195688102906829,0.08125700604576462,-0.7013481593754989
20400,1050,OK,1890,1890,,7.2732863,0.2024319621812798,0.19891389341378996,0.7684955903551183,0.8192257983613904,0.047454749206781804,2.9880718351013122,1.882898044536564,0.4485889377704185,0.07793337797894395,1.7872931253513311,1.0758208,1.1001784,0.7723608,-0.6406286545439087,-18.872792664470328,-0.125318514005869,0.15652549821489462,0.7091064716873968,-0.6820640712177257,-0.08635035016449771
22600,9250,OK,870,870,,14.552481,9.740901006723515,1.3367124408625428,0.3914448705425164,9.839978742813317,0.3772518350608984,10.185739382677205,6.450375907351614,1.569701998257783,0.4413498409828408,5.831730388301428,1.110077,1.3126714,0.8888912,-18.906227696343805,-57.98538889772676,-1.5070696820322098,0.5761477441300487,0.5061681235851564,-0.3754618893694026,-0.5204574691858078
4100,40900,OK,715,715,,28.591276,0.39789724056000986,0.00398747697754423,0.40277365198576165,0.5661843593317147,0.04489429976485098,3.8978985429055304,1.3753588872779572,0.2368802204743306,0.3110389732247348,1.2987656054456016,1.2525327,1.2270688,0.9863263,-34.10032246217078,28.16423230447439,-5.271285668839571,0.7045565413760442,0.0008330884520511555,0.11216677540562645,-0.7007267659101951
23550,8400,OK,980,980,,7.5208035,0.6038569297493321,0.2647225434195614,0.18641791883314884,0.6851808936791027,0.056427639857306776,2.4922385435210965,2.9460261899300253,0.6044063183505951,0.2559293753265519,2.8088714232327616,0.84244657,0.855667,0.64139205,-37.55954273315746,-55.73597721575052,-3.8548604342557176,-0.36062803671798177,0.6176714997530158,-0.5993497521636175,0.35945682926772216
20450,1100,OK,1961,1961,,9.291218,0.10310588343714366,0.07610345261421825,0.08600440052850988,0.15433507575864525,0.0349617583903055,2.886041503147274,0.7075703074606644,0.16066433188935164,0.1352580249516424,0.652191276845679,1.4225302,1.2590184,1.0009815,-1.242755630696868,-20.279204268024856,0.1721376073397501,0.16624699060737333,0.7110378095504449,-0.6756430879850673,-0.10145732680146653
6950,1650,OK,1251,1251,,13.4558,0.22678635376327483,0.242386480815661,0.4747768201522584,0.579306728158177,0.034216810408420895,1.7131817103716986,2.46937331479703,0.4902781105585521,0.19783288536960592,2.399116872513004,0.9413171,1.037256,0.69400537,-7.623990743129291,-42.10634950537304,-0.359723847943295,0.29405598433907854,0.6670793982681192,-0.6322290596030478,-0.2623405623880257
22200,8000,OK,905,905,,7.783056,0.798238490556229,0.05655680041036859,1.8329905418685437,2.0000594206317177,0.06869319822625695,4.256529503827385,1.0257073104105596,0.20330041381938369,0.08689545126029868,0.992943857128481,1.428696,1.4516381,1.204063,-35.431944244230905,-66.61057075107472,-3.2120635170377465,0.6674593631061361,-0.2947907956852384,0.30915737533808985,-0.6099328673348229
10200,8350,OK,1142,1142,,8.06281,1.3120010615137052,0.35175278445924374,0.7704655308400494,1.561631819924453,0.052877405816158414,3.4746022580301266,3.698361647173318,0.7189775333754225,0.2317745373783051,3.467354555358005,1.109678,1.2431866,0.7719843,-38.71298672257475,-56.671719993890406,-4.311040627927581,0.459516209275214,-0.5272691895531001,0.5299818703475524,-0.4795323474639274
2500,39550,OK,1360,1360,,13.642091,0.2107609433201465,0.05443499463748053,0.040076727690826264,0.2213356906890192,0.03630024488819021,3.858599158883259,2.8084268204771914,0.5656489026944396,0.3951998665826233,2.6993544765522444,2.0208132,1.7589095,1.5145483,-38.74682469557709,-40.22429310331715,-4.297103741009807,0.7397125820078501,0.07932094953195892,0.015426828073679127,-0.6680535127968515
23150,9000,OK,1170,1170,,5.0053825,1.4195013912743395,0.2757146722468692,0.005334228688627762,1.446039845342336,0.0475312300676817,2.8684853426699055,3.184046905875082,0.6571737984482835,0.2318332921497842,3.0243457495781274,0.65091634,0.7379512,0.52875197,-24.9959727232851,-49.28479400785543,-2.373388745729354,0.1750301436727852,0.7470697394771219,-0.6329447898484108,-0.10311229881648777
5500,42000,OK,1048,1048,,10.003283,0.4082155012381625,0.21219595003903957,1.7215279685476206,1.7819443210032664,0.05015846036243387,2.373051914526074,2.92293135335123,0.6984107039944476,0.3259410530406912,2.719084864756524,0.85471535,0.8983859,0.63148457,-2.449521035106133,12.807061513851204,-0.8833727554490896,-0.030544833154940037,-0.7010699048483072,0.7124345122464008,-0.0022510983441712336
22250,8250,OK,967,967,,6.037153,2.483220833988753,0.27576821948323293,2.4464618597164858,3.4967998873656176,0.06694933954322801,6.744530016655353,3.4406929981431738,0.6578968852180349,0.2836302839292051,3.297083711971423,0.88988703,0.950748,0.686648,-36.47810230721263,-65.1670278038986,-3.6077942914650682,0.7069624867540769,-0.1760644369474887,0.28378399492190953,-0.6234356427018083
23750,9900,OK,1097,1097,,3.8787038,2.0624624697433567,0.16378630774668135,0.017660257265520563,2.069030999862458,0.05803543118466833,4.079802628149885,3.911686038716823,0.8753794152686354,0.4308348870817019,3.749437108277438,0.76760507,0.67920655,0.5303796,-37.82575809458384,-65.03100308166294,-3.287412465952912,0.5241995271707709,-0.4765924597651895,0.5004624194928047,-0.49760611901815927
21450,9100,OK,1379,1379,,12.086651,4.0735930739797706,0.7812698652151759,1.3933124556027838,4.375598557181309,0.15557640475509898,4.696198015368951,4.29698347071896,0.8521493352772535,0.2356366269505114,4.075087127789516,0.8119171,1.140858,0.7236402,-21.615797441506608,-51.61430012275582,-1.1049397777604466,0.33335022818384685,0.6757240339761179,-0.6187984089261327,-0.22217827163632825
22400,9700,OK,1331,1331,,6.223836,0.2201468658398471,0.18537549650540647,0.4440174673488543,0.5291315796232772,0.04684865984927183,1.331407041526455,4.39702269873286,1.0459180752476174,0.3538153098107744,4.220513172218157,0.6163811,0.6815184,0.5215284,-30.659050704666555,-70.40236881649498,-2.423522008036929,0.748979012337797,0.05372467801577385,0.06018069286796781,-0.6576643385919073
21450,8900,OK,1282,1282,,7.806775,0.7927872539023095,0.01902437805858684,0.9801913495078804,1.2608126897206264,0.05681805300552024,2.948768492254746,3.4337847457330612,0.6384565420947663,0.23445848777336392,3.2673341895924075,1.1309751,1.2645787,0.8313228,-23.902880271339374,-46.74550527949548,-1.6858547285027543,0.2887238691687291,0.6981664688815843,-0.6271782991906578,-0.18933961583876768
30650,27550,OK,1188,1188,,11.513561,0.08837022699569819,0.0389363365417887,0.3713849027797982,0.3837343890444624,0.016565021944760287,1.6015212530643168,3.5677345344880034,0.8191879832425148,0.44813732372856796,3.3923906496587826,2.7033412,2.5383282,1.6978737,37.67790415425514,-100.17727086440702,24.359315126227376,0.11352613373562732,-0.5980502453200122,0.7795906883825212,-0.14726194219478578
23300,8600,OK,810,810,,9.406395,0.4797542793255616,0.16015048244313967,1.8916416176489654,1.958090997675939,0.026356141986577618,5.141427865281707,1.5108877619850398,0.341092515124808,0.14878710089166924,1.4318144185038646,1.6469469,1.7071761,1.2940615,-31.61359326410939,-49.836776454581255,-3.420108835865366,-0.09219147681530739,0.742412346515514,-0.649999438082883,0.1335116842672483
30400,27150,OK,953,953,,9.916132,0.09087551195373572,0.0005016711345690039,0.19457207051857117,0.21474845976785178,0.029763973949237656,1.9796154533441783,0.9225651525835078,0.25115923973772936,0.1572668682122249,0.8851598125632165,1.2336721,1.1760162,0.99440783,37.458836720622806,-94.08078145412573,22.609019196735503,0.001933685549112571,-0.6482513186244838,0.7588545805967516,-0.06249971415249249
21400,8900,OK,1038,1038,,10.929787,1.3103715257987627,0.11053101236972032,1.371867109139283,1.9003447070091852,0.0850598127259687,4.995967667610563,3.3902963963051915,0.6201258589336099,0.2252496082519242,3.221021630480374,1.038996,1.1838392,0.82718265,-21.970492963231884,-46.64718433156332,-1.0922646712061805,0.34086722312360646,0.6859893230684662,-0.6113718423743345,-0.19862692462977172
21050,1650,OK,1562,1562,,9.376914,0.07591649993642155,0.31401381732681977,0.5736993875419492,0.6584063940308946,0.04539836657281512,0.311415988550882,2.683329557471265,0.5528694689384565,0.24296085757768798,2.6100777948053335,0.7998715,0.89343506,0.6230736,-9.362232878583875,-42.89936908950611,-0.5173528807981086,0.3936366499336828,0.6433366226492776,-0.5636450539413326,-0.33685669201409746
6400,1050,OK,1463,1463,,8.980582,0.2619388295899967,0.2225234711535456,0.08929938708866718,0.35510987904536223,0.03598664694580456,0.821263534828566,1.8326332578991387,0.46638815902814146,0.110984649650547,1.7533087794738593,0.9341136,0.9757759,0.7262631,-1.2960588190854527,-21.068948468688678,-0.08223924013917071,0.11386887601837924,0.708361689635322,-0.6943176588666418,-0.05639666938080908
6950,1550,OK,1014,1014,,23.428541,0.1231178829931519,0.05634353002304113,0.06119877678006125,0.14858632766021423,0.02746650871700141,2.1881376522238045,0.7054296408494443,0.19856315385651224,0.1663527150689883,0.6455390140507404,1.4653531,1.3677733,0.98174256,-8.18716314894494,-42.12356019955063,-0.2078543312237523,0.31600038111908124,0.6695326274973461,-0.6263181121916929,-0.2441217773770487
22550,9350,OK,1037,1037,,22.13474,3.49758725213799,0.009972541287680547,0.4302494306886262,3.5239651829304153,0.08766577622023594,8.328991535974344,1.4697248364133486,0.33737870145937704,0.14759970543227352,1.355853105003297,1.4788228,1.5148333,1.1891886,-22.879337508316663,-65.90832276378033,-1.031136979874164,0.6937090240837653,0.3735023516406412,-0.23402242391765843,-0.5696466346142707
22600,9650,OK,929,929,,8.948134,0.9904451807720442,0.05234732706424666,0.24767688488806905,1.0222845680500106,0.0359216159873897,4.249782082380931,1.3679270528804353,0.22905469168381554,0.12433304406593149,1.3097251283219253,1.1610312,1.1328878,0.92336684,-25.86088019505542,-67.32252890539382,-1.7201558873867717,0.6619425611100543,0.4002997395107104,-0.23938279326111286,-0.5867606348667459
7800,9350,OK,957,957,,21.625113,2.888952989797348,0.26388550786722753,0.9090537345576049,3.040076254115102,0.06488237571795503,8.57592459220519,2.238914081304689,0.4437341879211161,0.24513055365225572,2.0939125423464136,1.8490709,1.8808116,1.3880036,-23.60396591442212,-66.57763773255009,-1.6673800821616516,0.663568617422846,0.35138683481745947,-0.25413960796846136,-0.6096040042110425
22700,9550,OK,928,928,,12.336708,1.8594854066509297,0.0766866424109657,0.41009195869976645,1.9057130511339453,0.034256862321116716,4.184423956738538,3.105306120921641,0.5682626278076318,0.327873242680213,2.975788424643067,0.6180717,0.6275047,0.52105737,-25.462318945790244,-64.88669758791238,-1.8352174849911491,0.6549441739956082,0.41540836328274633,-0.2763915295571277,-0.5675312705508232
10250,8500,OK,1461,1461,,6.7715387,0.21001796283868474,0.0719811548798848,0.48796655670180666,0.5360971850627185,0.02778732843907421,0.7553753551306402,3.6108801217752715,0.7135683265137551,0.30953835743489455,3.4041797697289624,0.8983616,0.9147039,0.655825,-38.5643302754562,-53.35844663838737,-4.081246613671934,-0.3719330102455027,0.5930778044949598,-0.5916884415813165,0.39978662034168944
21500,8850,OK,919,919,,8.750662,1.374447459608226,0.24721597309415544,0.09342263917801447,1.3996247161605075,0.05759467358323596,2.752467205554831,4.372596317428917,0.8527919661437184,0.4250976711398151,4.090706321872608,0.9420431,0.9118107,0.70323795,-26.945599791248647,-47.03472218994121,-2.4695583888195554,0.2508605990276744,0.7055908682398379,-0.6381603163808677,-0.1787789056591947
23650,8250,OK,1005,1005,,5.9530044,1.9963811164048548,0.35284940538850107,1.2253216063663932,2.368850629281895,0.053644990268709496,3.7686413584079252,3.2636128573045613,0.6422450137362938,0.27636292784406935,3.1046696301896803,0.91309696,0.9795381,0.6900994,-37.54677948849645,-61.118664982243516,-3.9691519914433457,0.47319807732779195,-0.5350824070283122,0.5424373724334157,-0.4421901110264687
22450,9600,OK,1336,1336,,5.460916,1.1948607723044535,0.018172894405416945,0.4952613997366321,1.2935634400183678,0.01757603267765557,2.9522830993074094,3.2657139183155035,0.7043783822294187,0.31106337068844225,3.1204969500412383,0.7122613,0.72075397,0.5948917,-27.960736902008676,-69.67744664051351,-1.9093666790664934,0.7550374179545978,0.1664852524489768,-0.04018768660386344,-0.6329187215202946
21650,8750,OK,899,899,,19.681633,1.1325706390170596,0.4600803230031957,2.88247211549999,3.1309799827870544,0.0713566345196717,1.645812128711878,8.10282113612819,1.266837686235481,0.6509015653107282,7.812272411213662,1.8069316,2.1292849,1.5721778,-32.39351281035987,-51.140755408537245,-3.584886207337249,-0.008391059843607702,0.7198901946336774,-0.6906756621719639,0.06822629601778439
3750,40550,OK,914,914,,18.000694,1.0249421568092476,0.6740484215575878,5.380111244919366,5.518192159314215,0.055895029321887314,4.714213270856267,3.2345535550221842,0.9335554068500884,0.28545306960544,3.0150865875752073,0.8731133,0.99484026,0.64289963,-34.553450041179744,8.10539645692577,-5.072039639879641,0.7207567595431273,0.05766265556457825,0.10307486276169511,-0.683052182774339
3700,40600,OK,1726,1726,,15.992643,0.11987879842099824,0.1389052612715546,0.6908865999680884,0.7148355698587239,0.012790325696642856,0.833910938835191,2.1655065671018505,0.4663884563509847,0.3013018804473328,2.062192528096181,1.5345372,1.4022893,1.2321471,-35.51434666967322,12.08514348110469,-5.192690126708763,0.7245079249275507,0.039881242127587306,0.08972056549105058,-0.6822374757894067
7050,1650,OK,1304,1304,,15.619677,0.36581667934035633,0.18097635492904818,1.7186634188669185,1.7664592356684417,0.04975864386725543,1.9648587501732149,2.570286275082341,0.5277034603590444,0.21749962797018618,2.5058708608544196,0.8291777,0.9239057,0.64643496,-9.694491461757021,-43.38258077516507,-0.5615929649278346,0.33571863821970777,0.6631511561529935,-0.5769590222149028,-0.33858798964180087
22050,8250,OK,1189,1189,,6.338948,0.3200235787332979,0.2952386643631827,0.312137140683516,0.5357336600161543,0.052101044859911246,1.5115568576613965,3.2355675126213885,0.6400264773407338,0.26508337868305265,3.094338096266169,0.9257043,0.97883433,0.6674947,-38.352493114134276,-61.64861557150322,-3.887852093909171,0.5248360986159174,-0.4977834841475591,0.5250358547374282,-0.44843731305465423
7800,9500,OK,1212,1212,,21.89585,0.5415399518548014,0.16567389534696186,0.7956399940180787,0.9766045049739557,0.01503356000816992,3.1479246227254185,1.0357841991091115,0.2554527842166403,0.14485880294380027,0.9595455288325021,1.3569593,1.3431858,1.0764983,-25.661656869149738,-68.10928658954141,-1.5399395324837464,0.6722593498497242,0.3370358248917612,-0.23540888258659456,-0.6156759515187248
2950,40050,OK,1484,1484,,6.3181067,0.47843223471866203,0.6837235284996774,2.1411034589077538,2.2979772166818124,0.10680763973780119,7.142521520044556,2.1442926199607157,0.7315495505945253,0.24224900686010375,1.9529550871334855,1.4100168,1.4330585,0.80276346,-37.33777126172576,-18.76159416314396,-5.754407607148076,0.7077432637498814,-0.031795322788596,0.07729166721362611,-0.7015087513672035
2600,39500,OK,1102,1102,,9.230705,0.4986593463765672,0.3910265261751022,1.5480931031110474,1.6727687060084742,0.01367212540669261,2.6483444420915676,2.830553247936283,0.8033061279226381,0.20931336856681249,2.6862551852907903,0.74236244,1.0598648,0.56138134,-38.318620755520314,-37.626465095387445,-4.552837469876742,0.7458580967858377,0.02733252311334205,0.06249933963371343,-0.66260279593782
10200,8400,OK,1619,1619,,7.1214843,0.561100283012739,0.10058013446492017,0.3988805736752749,0.6957410460088391,0.023944818294152053,1.408864605809413,2.9875556438741886,0.6174270320382502,0.2634188107480108,2.8753250470801466,0.8562901,0.853055,0.5966216,-39.05816094057364,-55.87819591385545,-4.132999197294689,-0.4724216840619385,0.5259604828269929,-0.5238870403311982,0.4751059796566405
3800,40800,OK,1487,1487,,13.1989975,0.3847480392357461,0.26087791401169425,1.478410880142385,1.549770005593806,0.04287537080312963,4.932502728542524,2.381907052560087,0.6492594588210259,0.18514330025421755,2.2037442206233715,0.9231863,1.000874,0.66889274,-34.533740400664826,17.14098939850268,-5.499743457334264,0.7164517712354156,0.01741897690522369,0.08917235394614065,-0.691694824347353
10050,8300,OK,1243,1243,,11.05986,0.10163230806166146,0.11339183999686239,0.012740179341417357,0.1528042787014355,0.016861321405845266,1.0280555914023077,0.8908642253731917,0.17370886292811766,0.14144745611088783,0.84723267076946,1.2338371,1.2098247,0.8287371,-38.80789894562641,-61.49180060541503,-3.8994847252606935,0.5556683842772218,-0.4336948040305156,0.46467606793402616,-0.5359268751994498
30650,27600,OK,1156,1156,,8.795982,0.6053197780947155,0.25440158966556836,0.7564236636390507,1.0016531143515341,0.047801476020000046,3.1841749058004325,4.188857715953324,1.0440275910798742,0.4290025869259365,3.8816280734879123,2.2253807,1.8732188,1.3330761,38.14454548971172,-99.54566165848773,24.66246799444935,0.10210027727366142,-0.6131199248465216,0.7716765632764377,-0.13481384508537503
30250,27050,OK,1024,1024,,8.741751,0.21147129244510005,0.094717904607212,0.5272046854469468,0.5758787800733728,0.04144360885627309,0.8194233658974052,1.2572971756309976,0.18865375746755106,0.18385955646227115,1.2366708316305628,1.4438387,1.3892388,1.0645702,37.69790198042024,-91.03248317683122,21.44168697763518,-0.014097003208707404,-0.6450853262726706,0.7639596445889584,0.005644268573357696
22100,8400,OK,941,941,,13.3276005,3.7874291661785726,0.06634358727782308,0.02888991006180408,3.7881203501600087,0.05526256623200866,6.551577198630469,3.0508157258241955,0.6084345841577973,0.25718315002998005,2.922514050544691,0.8612362,0.84923327,0.6516444,-39.49783359911251,-59.61078604853315,-4.336373439409454,0.5705480598382654,-0.4129234411869688,0.4963545992214059,-0.5075443379300577
22150,8150,OK,1236,1236,,12.516157,0.06928496209429202,0.3288715425484217,1.7920035973065316,1.8232481428017788,0.04505821445717191,1.008270131553112,2.077861268047204,0.36236207535407106,0.19376952610939385,1.9599395760784781,2.2699873,2.5284088,1.6832954,-36.35675071151902,-64.43117133557011,-3.7260945790050326,0.6112199018458043,-0.3651347705748363,0.41755159148519744,-0.5645684186642447
6400,900,OK,791,791,,12.018692,0.301564011829655,0.2894183551383388,3.6543639034910766,3.678189687422376,0.028190927552154445,6.21465758397886,5.037355295330315,1.135317561751389,0.3894745075963496,4.767147554059324,1.414888,1.4497443,0.8288302,-0.4404823547011454,-17.436131095960544,0.12339994086346734,0.1097863973784288,0.7089842740444504,-0.6952833229887944,-0.04323594432863744
21800,8650,OK,701,701,,12.465563,1.5519460128119318,0.33870128009271405,0.4080232400584234,1.6400420568531375,0.01661950982229716,3.8584049947345056,5.46016391418949,1.007613498785969,0.5172735680975098,5.169508264864986,1.4072062,1.5343883,1.0619298,-35.26648010372987,-50.68537604796682,-3.782006752750467,-0.22263420243610185,0.6745197389027129,-0.6645190439980226,0.23210250731134033
7800,9600,OK,1001,1001,,13.220028,0.20377812140741658,0.22099791857881773,0.17989053768843288,0.3503230057109282,0.02129390384489007,0.5856500610338028,3.169821625680697,0.7370203063866383,0.3158664716394072,3.0690629705825945,0.81990063,0.86634606,0.6601777,-26.83621457388974,-67.97504847861418,-2.1151518914989644,0.6663405183728595,0.33133754471644444,-0.22785860702389057,-0.6279221291219155
21900,8350,OK,921,921,,5.779911,0.8593945122208058,0.22792084932048173,0.0675129982772573,0.8916640881669461,0.06378714021323,3.7536378030995707,3.759135284061561,0.7404736261247034,0.2683941828255335,3.5864183373750826,1.0164789,1.1576203,0.802406,-38.0824827622834,-56.309964441358495,-3.8137272821212598,-0.35323407795188877,0.6292574788351797,-0.5994708422477487,0.3462591815363847
4550,41200,OK,919,919,,23.944078,1.7460888993610704,0.5071910115263956,0.2470833941519579,1.8349712178426052,0.11872446283117187,6.704104004201203,1.32503088212508,0.2071494048278637,0.19575806399648366,1.275660573488163,1.3175964,1.170082,1.0076444,-19.583149311841282,40.019453269890434,-3.970045635252192,0.36631824595741536,-0.5722838041044711,0.6016041207514585,-0.4199698466952864
22100,8300,OK,1151,1151,,12.155311,0.14691123419983487,0.4943479002712873,3.2760124300699127,3.316356464436434,0.020812456689164486,2.6943058157376742,0.9811760998530832,0.1488925128511367,0.11869159120455164,0.9492680931308888,1.1483052,1.0918578,0.81660974,-41.75705065355504,-63.89447690770883,-4.126088033853666,0.5843844192772918,-0.40152162795360163,0.481398439670619,-0.5152967834890155
6350,1100,OK,1789,1789,,10.018337,0.011627709474791748,0.03461355324670934,0.22323944195315093,0.22620599050322956,0.01284136199167257,4.068888846669636,0.5977411163379126,0.13825668054657236,0.11199792927401753,0.5555741732442128,1.3057253,1.1718235,0.96087307,-0.9937381220757758,-18.707853232382547,0.1451367092014974,0.09847774329921519,0.728292824708357,-0.6755280546044914,-0.05961160118037184
4100,40850,OK,896,896,,17.966648,0.8031677710057111,0.25508352357256225,3.1696173342943754,3.279728665338012,0.05447151398873161,5.87238711229571,2.5787095048299293,0.7167424600112899,0.20282411456786464,2.4420170801643257,0.78701115,0.942233,0.6803572,-33.431124804031015,25.21000872303697,-4.773467654085184,-0.6973120790541965,-0.025930018014646464,-0.10816181445934014,0.7080851082064483
23750,8200,OK,1109,1109,,9.430103,0.4406403553762053,0.24453709378127525,0.3441968562251724,0.6102735360937361,0.047698818278815655,1.5135528375169844,2.9700644612084495,0.5198398029962465,0.2336360729638267,2.8753667255440316,1.0894234,1.0843363,0.7674693,-37.6808135536097,-63.44679220750618,-3.7446864972686553,-0.5109023746885897,0.4671161813909733,-0.4914387172185725,0.5284592925087408
6500,1150,OK,1215,1215,,7.120348,0.21994858845648635,0.018842174323125557,0.35090655696557993,0.41456944028553483,0.01811939873998053,0.5762452058743475,2.043218823739874,0.46060129800044547,0.20049607979903283,1.9457581673806068,0.8723432,0.77201015,0.5763155,-2.121448076789069,-24.665506620288696,0.131267757394153,0.0862805791746183,0.7117630985617027,-0.6958614691379831,-0.04154237538061345
21800,8500,OK,881,881,,6.122195,0.640089451075385,0.43331852083826183,0.8999391900209761,1.1863262585035608,0.05244762321712745,2.467684661186059,3.746320065785966,0.7332805797961823,0.319403779371521,3.6011733397342534,0.84902567,0.861407,0.6234944,-36.175773765287325,-53.06914180250393,-3.900719156775937,-0.20505438007066323,0.6846066670462684,-0.6530678972013781,0.25053689208299407
10150,8550,OK,900,900,,8.276986,2.995922350869997,0.7283339366562697,1.152703045030492,3.291617439155133,0.10814566158841599,6.3628342895323735,5.176470236986176,0.9474988586458754,0.19513929130840119,4.955586666408575,1.7234447,1.9003484,1.0189427,-40.3170387099314,-54.783002596733404,-4.968180660025881,0.5461115992843829,-0.4154483281352837,0.49652025036644026,-0.5316318733415997
23600,8400,OK,852,852,,6.855843,0.0057130586248269055,0.1559464992257858,0.011212292454442663,0.15645339613352172,0.04256311506573873,1.429559760363607,2.758741463957209,0.5510174598630956,0.23044817524431777,2.6026783276214562,0.85237026,0.863998,0.66093636,-37.97919749686822,-57.04790577353133,-3.886313249410888,-0.4040927633426037,0.6144923604807621,-0.5422270884119881,0.40632248536990645
5000,41650,OK,1735,1735,,10.896621,0.23852623400961348,0.20397526670456173,0.012213941307867238,0.3140857432298989,0.026360067590064977,2.914247467095286,0.9538959561116158,0.14438322513632273,0.17436987703766116,0.9046880615182351,1.31833,1.2617037,1.0014126,-4.120601940321171,29.741143685507982,-1.5750244960859028,0.33103250365455816,-0.60506099372132,0.6286333487391573,-0.3593588572084409
2650,39650,OK,1744,1744,,4.964651,0.6393639622763272,0.28873614638294953,0.8836197684064218,1.1282458657599324,0.044275863078680755,2.343255684691806,2.684280080639419,0.8156214184905476,0.1979263038691983,2.5530436969926757,0.9234739,1.036925,0.5415842,-38.02843862168082,-33.040872018258334,-4.75399687283841,0.7292100130008314,-0.04277626845531313,0.06761921004537418,-0.6795959021574556
23550,8350,OK,938,938,,6.8856573,1.1338336901817163,0.48843902709031944,0.42593100019092606,1.3059742482528776,0.060300112231147486,4.282731329029286,3.7385281742543133,0.727270744602805,0.2598691198251367,3.5675749684226403,1.0776465,1.2077883,0.8177053,-37.53190295155485,-56.36485871251386,-3.9865867798179586,-0.3524052144975773,0.6186836029720792,-0.6075973769035709,0.3519468593243915
22000,8350,OK,909,909,,8.76624,0.15326011946793772,0.3047423979754761,0.19166849266383124,0.3912715226325513,0.0062673263213307556,1.0214768189980528,3.5269476484334095,0.7007338447250353,0.22728116977186874,3.340192753828667,1.1303144,1.2467864,0.83002913,-38.539610098776244,-59.2196386494241,-4.047585688004338,0.47139912555439056,-0.5288672315003929,0.5465312041146387,-0.44652654881951737
21100,1700,OK,1150,1150,,15.7807045,0.0740995602260258,0.14087311327015334,0.5223381255043535,0.5460522834157162,0.013781988191099371,0.328526592263856,3.8547018935210486,0.7691523402889437,0.3805202890585444,3.527536349793853,1.5982702,1.5578967,1.2496551,-11.0760492381328,-43.777558996680504,-0.6526652836672909,0.3618354101489864,0.6850964388894681,-0.5649145180154366,-0.2838830616973667
2850,39750,OK,1110,1110,,9.113876,0.1388537174667268,0.6656829260282611,0.6560883839194718,0.9449159118005903,0.10338782272174776,2.459678616588268,4.510035441696386,1.3165713166634445,0.27643449919040153,4.242531104470017,1.0175575,1.5531803,0.6608128,-37.92161575194042,-25.81678296487038,-5.0610690612407065,0.7285143418112847,-0.031446959610855786,0.13360059606471617,-0.6711399431099719
21550,9050,OK,930,930,,13.983586,4.0511572261536095,0.3269391099903487,2.5042715209696,4.773901957874426,0.07924408017375946,6.182382323564931,3.5664001146373754,0.4536911504988832,0.23330322081070864,3.477051904265221,1.2773836,1.3598034,1.000984,-22.901935953828186,-46.57315395049723,-1.658138539279407,0.1679435106128535,0.7327433982169129,-0.6499203700878934,-0.11173899121334754
3350,40400,OK,1595,1595,,7.588671,0.14659733230412236,0.26616927832317827,2.0320319259381554,2.0546266353266462,0.030841774052969888,5.74386197980422,3.271270728544427,0.8958581285833618,0.18383434478066946,3.1297146042737114,0.9184306,1.2085246,0.6133293,-36.04408770899872,-1.6535538805714167,-5.198491940548119,0.7379346242057835,-0.03732206627017678,0.10990028094200946,-0.6648168785586456
6500,1250,OK,1464,1464,,10.120964,0.13894027121018532,0.03912636972124306,0.03866466378299949,0.1494330217755622,0.020055860856126012,3.897776133901835,0.4358615182109423,0.07994620694093313,0.08904019786192752,0.408494487470886,1.3354923,1.2539839,1.0033472,-2.2364402098230767,-24.971302740117185,0.0041573062519267845,0.07930878122966635,0.7089131711646806,-0.6996518343516641,-0.0404912787826286
21150,1700,OK,813,813,,19.560509,0.157242547727924,0.14411547795179358,0.05170742937741046,0.21947243119367466,0.02245052023965655,2.3540250818720305,4.540766002523657,0.8275002729972774,0.3838166690209833,4.204891207612736,1.6043453,1.5957167,1.2614238,-13.199108271782269,-45.14640129200873,-0.8631284833251602,0.32952908451555823,0.704577903563337,-0.581408139332299,-0.23863179961351538
30800,27500,OK,749,749,,20.158478,0.9912486153214074,0.2621625976554529,4.324920512768524,4.444799262818515,0.01031052323690726,4.36313173817931,4.441662778968799,1.0293826335687104,0.5232249450931667,4.191368242750453,2.6094465,2.3483696,1.6957169,37.59233112677571,-100.67331292524796,24.37109522146013,0.16693424098883256,-0.5846437048439905,0.7573875713382314,-0.23809402418824047
10050,9900,OK,1089,1089,,5.7915483,3.104285964481089,0.2336863595889083,0.20532222202607275,3.119832988925838,0.04973424308086315,5.8628558984216,3.9341208467689857,0.9045652020835595,0.4660124453264184,3.7718454464121614,0.6962734,0.6137133,0.49030071,-38.29238582109911,-64.40030846964632,-3.3876779403597332,0.5648737363682361,-0.4490686771984678,0.45772488864822775,-0.5193677997648432
2900,39850,OK,1427,1427,,16.424192,1.3239132385274959,0.37070839892292107,0.2687727221099485,1.4008603628951564,0.07509793603148998,1.2667392385268734,5.765092589631604,1.477839290471815,0.8196355432928595,5.519033041985001,3.3588111,2.408284,1.8506366,-39.39035352689966,-22.313508322842985,-4.450473987299504,0.7288275226176032,-0.018728705538480783,0.15127334846899865,-0.667514832724275
2750,39800,OK,1709,1709,,7.533303,0.14151511332322075,0.7863525024475482,3.450870234264772,3.5421578393881616,0.12153996957591943,4.534003720013772,2.846407832527223,1.0426104007128516,0.42152334690009885,2.525145962116422,1.4422753,1.6996214,0.81466705,-39.62801065788643,-32.645534727196065,-5.746889505562228,-0.6812524929297135,0.07208134781373397,-0.08697215767273202,0.723280833400247
3450,40500,OK,1706,1706,,8.239702,0.4422108283471343,0.8417985076859251,2.105118213177796,2.3099129498105735,0.1231769148292413,6.13216712309324,2.870247075609301,0.8797938690505722,0.25237419851163334,2.746684461822949,0.9252,1.1380571,0.7418338,-35.72491451345546,2.8664595507811432,-6.061771968298895,-0.6857835314471044,-0.00550909443390481,-0.05854047584627834,0.7254265025225836
23350,8550,OK,763,763,,5.663207,1.4124800115780176,0.47382082105707074,0.8336727322626443,1.7072247005279932,0.11823041529721705,4.957674074708424,5.081064722224353,0.934437185645921,0.24381859734741146,4.874410712708673,1.4651349,1.649432,0.94248664,-34.2207205747943,-50.324526234314185,-3.82827677479784,-0.12156126220291115,0.7338850232074907,-0.6516766206810499,0.14816617124398865
23300,8700,OK,817,817,,6.29676,0.7546187263823693,0.27105706511973204,0.12644861765897653,0.8117330889314157,0.02548574668558626,2.136056980105066,4.25916734544913,0.6219613589794909,0.3778002063860072,4.093472278247568,0.853737,0.99071485,0.77545816,-32.40686630085792,-48.327513706142774,-3.36121055215538,-0.08568637404508377,0.7400487612726253,-0.6554115863910969,0.12418264237068162
20550,950,OK,730,730,,34.2399,0.6407592467829859,0.14646808960470786,1.9620262740775933,2.069196079104432,0.03703115651278613,7.496356718435378,1.4688314126718174,0.30392101842904584,0.20356560749585717,1.3766553432050945,1.6233578,1.5141532,1.3437269,-1.4888954661920966,-22.4546138572037,0.12274515419215148,0.17798503944266003,0.7053935076217821,-0.6797816673328978,-0.09294197059315672
23550,8300,OK,739,739,,9.814798,1.1295066373492784,0.13638680308552892,1.3178965129425522,1.741045037527204,0.1047395591959734,6.046592901627772,0.9334902659627946,0.14091984426143944,0.12744844647850562,0.9049456626513941,1.2182322,1.1992003,0.85071754,-37.460994656067506,-53.649210245693,-3.405635112776901,-0.3376814324145587,0.6357151712627759,-0.6080475939245126,0.3348366687676282
22850,9250,OK,1025,1025,,9.876782,0.1556656126142939,0.394509921523853,0.4955951180500826,0.65229163889047,0.04058437392596533,1.7127793042744313,6.490576684626075,1.6404013524496972,0.4142073922154559,5.977154779369084,0.9758013,1.1525061,0.81592506,-21.773797739193082,-58.082127284206706,-1.7308759230594806,0.6235845692991064,0.5100108592395984,-0.33918471899512753,-0.4857828061901026
6700,1300,OK,1052,1052,,8.340496,0.053181949606101814,0.21745031542094798,0.6663326791630195,0.7029311479520189,0.04323654697418358,2.525785290478754,2.3858605820787107,0.6045053867617435,0.23271005159994113,2.2729144893144557,0.827883,0.8243679,0.6320859,-4.099892033698079,-32.535722915388945,0.04874497476958167,0.14138817772035703,0.7126168143694336,-0.6851400590242754,-0.05262849607474412
21400,9050,OK,1863,1863,,13.5588875,0.14927346230419503,0.25774353094015867,0.24238174558049397,0.38400938124013295,0.02256177003052985,2.0201259602904624,3.790226830847574,0.44783701319315794,0.23164390273254876,3.682180026799678,1.2050604,1.2727125,0.97261477,-21.90102230594448,-48.693166217844194,-1.937288498534885,0.3012350062841943,0.6855826043767426,-0.6231774815745463,-0.22557435586380428
20600,1300,OK,1818,1818,,6.5381193,0.43206265341481254,0.0120247008138048,1.2663605173487178,1.3380925565166344,0.030362384514771627,4.681969117482876,2.533885383917575,0.7138769829214127,0.2670215092952482,2.3993068068218815,0.9170444,0.91184044,0.70075375,-3.305715993335389,-27.481857632362697,-0.0919442104833618,0.16237038159082162,0.701507435604014,-0.6840037036781543,-0.11688503038840709
6600,1250,OK,1166,1166,,10.6645775,0.1754608633362378,0.01876128231435001,0.0886219192089327,0.19746479392806013,0.021760473146816856,0.5109639950059377,0.4670066078966754,0.11472034689448507,0.05114818563673351,0.4394499735877959,1.3586243,1.2908585,0.9789009,-2.9146148871476285,-29.346100622268835,0.23130246827055237,0.11057576640774379,0.7431555769185756,-0.6591173667629339,-0.03251284684021882
21000,1600,OK,1496,1496,,7.3668985,0.09262711389773368,0.4400750368320753,0.15118578751078487,0.4744501687395973,0.07023678670887837,0.3443292799357899,3.2490337988720324,0.8428858950933745,0.34168092362793795,3.0231656793984816,0.46874544,0.63518345,0.43520707,-8.337723061111562,-42.32112363680459,-0.5360327757307211,0.372250714644118,0.6342177638321769,-0.6091015287470944,-0.29697232390343875
2600,39550,OK,1367,1367,,18.138887,0.30605108391441593,0.14098201239868255,0.24115276387981574,0.4143643919451155,0.03708412653186584,1.036432335919145,2.7953923666989424,0.6023292669309319,0.41817929022456024,2.6677388195576697,2.0002956,1.7090862,1.4846953,-39.083226118477356,-35.74528635919617,-4.416713439837215,0.7479983200743723,0.04001202555119433,0.08115386277999583,-0.6575040695943206
23350,8500,OK,737,737,,4.887371,2.3585630419922827,0.11115943266499095,0.6369460113680564,2.445583011046644,0.05900293484633922,6.6501089390965005,3.7703524171432865,0.7169240899587925,0.3450826003303803,3.609025443832504,0.87924105,0.880702,0.6792277,-35.21846179719885,-50.34594694220982,-3.3529607271292634,-0.15121873705807126,0.7382476151824412,-0.6310887102345382,0.18398476038657974
30300,27200,OK,1676,1676,,7.1841216,0.03898256424658671,0.14258749345437705,0.33766319390018995,0.36860177172623376,0.011658697416700198,1.7220739833604504,1.2486706550471083,0.15263555689463237,0.1424229017560696,1.2221696738004515,1.4472723,1.3934118,1.1386261,37.45610802018182,-92.01937398603364,21.611123080019937,0.02507070734453391,-0.629624753848922,0.7732709076592102,-0.0706840317315741
20700,1400,OK,1701,1701,,6.782851,0.07352493207014077,0.06011891635632438,0.7673816294834097,0.7732365517798487,0.011187711866815267,4.40291177210198,0.8502404377450867,0.3145073693174446,0.11413335956973691,0.7547258221471953,0.9302989,0.927956,0.8292398,-4.770263166593355,-30.905621449443288,-0.19804286613665295,0.1382233125925248,0.7268199978878083,-0.6673122019204717,-0.08556536503964096
21950,8350,OK,1049,1049,,7.512565,0.4558383907166397,0.45609357198776435,0.4670004758084829,0.796178013552901,0.04656948791106771,1.8310200118713742,3.797204797300274,0.7484097973223052,0.24960630752088375,3.5919090980658144,1.0697622,1.1970067,0.7861656,-38.141220773471694,-57.94259836361429,-4.1100322395515425,-0.4082837768718032,0.5760820155384235,-0.5735388855819559,0.4153155615214668
21100,1750,OK,1642,1642,,4.980299,0.15366952909097414,0.02991731464060543,1.0446303143437476,1.0562962953320738,0.03331195460650002,1.8663240689373002,2.6422431041601815,0.6247844268467314,0.3227470145950173,2.5205971632196134,0.55655235,0.6732103,0.47006708,-12.281804770769677,-44.770052328082635,-0.8878843898712745,0.3653337820271773,0.6784511796138224,-0.5677989026308062,-0.2895507395286426
22250,9900,OK,1662,1662,,4.216961,1.0085275159516482,0.04776503043510947,0.2608811126344924,1.0428174353612811,0.038588647604429295,1.890064925123222,3.790835405252535,0.8904185511693106,0.4701428956737198,3.647809046585678,0.6063574,0.53264415,0.44225174,-36.69481585354349,-67.72949871526137,-3.0923251307011195,0.7156993361879489,-0.2062276468067062,0.27169491462052453,-0.6094476936063042
10350,8350,OK,950,950,,7.043298,3.038556089358484,0.26143893836443055,4.880723420429183,5.755226714335117,0.060566123924997155,9.113252109712958,3.756905526062878,0.7427595636336882,0.2469160936764937,3.5811325769256257,1.2525496,1.3700832,0.9406355,-36.585114595604864,-55.399066603968464,-3.987227510592315,-0.1710662171873128,0.6660487804804479,-0.6372794781976483,0.3478365104842567
22350,9700,OK,874,874,,4.2400413,1.3161979932349044,0.14082839674548558,0.8842811927843708,1.5919054691273735,0.0496515785031967,2.5822972800817667,4.34165077773552,1.0408128020011298,0.36585607980658347,4.15308829257012,0.6499719,0.73311555,0.5516875,-31.226374842439128,-70.0749305468018,-2.4945043014668107,0.7651483484415924,-0.021667773871549587,0.13357212190805748,-0.6294735901541332
23200,9000,OK,835,835,,4.8771343,2.631686382016471,0.08039011947280561,0.35938628757221036,2.6573284118254428,0.0616286100781625,4.651673536734223,3.1801347788034864,0.6880151147291381,0.2456530715261649,3.022511598609305,0.6961104,0.7913328,0.56389475,-25.52400234393532,-48.878392486051894,-2.3661594369922354,0.0841661993698555,0.7677396120464387,-0.6332467725825113,-0.04990454881321931
30700,27600,OK,1261,1261,,9.10771,0.10737811109111411,0.22101012753412436,0.9188412695872894,0.9511281795378199,0.04237695122162553,1.7146060105796916,3.900691443908208,0.9905662344871398,0.40992203411603345,3.691372269664922,2.1563153,1.8106006,1.3085608,37.74476821300211,-100.98847333369586,25.01559425518831,0.1316241142920756,-0.6219112436542129,0.7586287606627099,-0.14277219984527012
20500,1200,OK,1717,1717,,8.08462,0.40407049724261956,0.08442055542107704,0.8742070017493591,0.9667666103186977,0.03891009543750872,4.766539956813377,2.3738506433001167,0.5231223919055359,0.2381637532615768,2.293353211236699,1.1380329,1.0283649,0.7356328,-1.8249127207415288,-23.136256850595093,0.04568561114982045,-0.15256025944041668,-0.6903089077882587,0.6996745306908301,0.10322078361561145
21700,8600,OK,724,724,,14.678858,0.08661124881848847,0.1582507863460491,0.7873567344353645,0.8077595230399713,0.029148760980370496,3.08367808759327,1.74899817734042,0.3024313866587922,0.16470667115072918,1.6749210952174183,1.8636956,1.8771555,1.3910533,-33.24057756620289,-49.87187575305511,-3.3180945137159057,-0.043375712494461566,0.7193362841030371,-0.6810924016077867,0.12956464954056715
4750,41350,OK,1240,1240,,20.798931,1.019808484740766,0.09663918603290328,0.2315854923773165,1.050228698001537,0.03840665523661586,4.110705860901388,1.479775178998505,0.21932159743419888,0.21156372893472875,1.4344253505984534,1.4765702,1.3219224,1.1023159,-12.884772855500588,35.485823990953975,-2.4227884483572737,0.3483321504503532,-0.5856317552963676,0.6248103936125552,-0.38119828460376326
22300,9900,OK,1184,1184,,5.1070147,1.9865005614222118,0.09972246766714529,0.6919939106442639,2.1059403181137704,0.03876558283429917,3.768437017569247,3.7840818860904237,0.884883908946406,0.47601421918298314,3.614326115451888,0.6098761,0.5432779,0.45912364,-36.02986661733811,-68.27022671171717,-3.0019140568628995,0.7347081994033571,-0.11979057974717909,0.21251102584736414,-0.633003272208456
21900,8500,OK,724,724,,10.568832,0.9016827262943845,0.2328194339060982,0.6374318803640047,1.1285193971777447,0.02269805583463495,2.674064681353318,3.4472379378039526,0.6555303247412845,0.28933822046317714,3.2687843306408144,0.81735414,0.8480873,0.6237785,-37.9117358200846,-54.401212080175306,-3.9100305510853754,-0.37123870457908625,0.6093633224438433,-0.5988334764094594,0.36367105055806154
6900,1550,OK,1587,1587,,12.128899,0.13485308587499628,0.0795362806511879,0.3500239579445623,0.3834424935306602,0.021404834631664697,0.3741084483289445,0.7424865967857857,0.2017018486535851,0.14972779402973718,0.6822307207525258,1.5223973,1.4325995,0.98588645,-6.570818832781444,-40.570508154469096,-0.037725358157762096,0.22205426025398453,0.7032912761140699,-0.6563320351130683,-0.15906459734723188
2900,39950,OK,1562,1562,,6.16692,0.2177190740038759,0.777208081898848,2.0633042317664914,2.2155537345276692,0.15742522645364188,4.823735481617876,2.570414259581627,0.8650892927846696,0.1693268767624887,2.410046146788047,1.2070669,1.4034293,0.6762311,-37.68472014625159,-20.88049961632709,-5.625547622945132,-0.6936908161754344,0.06359907658365091,-0.1158047606594981,0.7080518811642004
4750,41450,OK,1600,1600,,10.817089,0.45377417763046823,0.12411730448795477,1.2938522112708584,1.376724247686534,0.04196333055753703,5.081908075564923,2.1213773184071654,0.5352176328662359,0.14555637382872988,1.9599932252800452,0.98485935,0.990767,0.79416394,-12.184952947398697,33.59793858661678,-2.6730267523612343,0.34687622394116846,-0.5784061289619308,0.6295552043851513,-0.38572461663103785
10050,8400,OK,1084,1084,,11.791221,1.6459120300462753,0.10459101675891266,0.5312579814074287,1.7326859883564623,0.03298326210385727,4.7186539328458705,2.8919709426172333,0.578059298877726,0.21791273119709176,2.7985338969329625,0.98875153,0.97758764,0.6952578,-39.55969880365824,-59.88949034269127,-3.9840768452239836,0.5678980988446951,-0.4233715616319086,0.4489663046102478,-0.5446811245623976
2650,39600,OK,1326,1326,,7.282199,0.12267080911161088,0.3972039215734059,0.07960255540563302,0.42326782248181416,0.11843058400053268,1.1749752013962305,3.3312042293587547,1.1514234630516946,0.3819687108650214,3.0263422431527216,1.3867656,1.709242,0.80332375,-38.80834600345992,-33.60867461163887,-4.898698892581996,0.7338429390862433,-0.057462805573134344,0.1306595748820906,-0.6641540801806157
22000,8300,OK,1206,1206,,10.498518,0.3927746219685093,0.14609454641215366,0.323708397464917,0.5295305909418104,0.05176328057684466,1.6240634953712847,0.8063022463405455,0.15766998330805648,0.14090673538777365,0.7653557074670638,1.1648446,1.1357634,0.7932298,-38.302566220736054,-59.049642268259866,-3.8418670571255125,0.4532792494735166,-0.5449416868007918,0.5485073664449889,-0.443526942743072
6400,1200,OK,1453,1453,,8.106585,0.2863450144723385,0.013276843366732183,1.0023913313234845,1.0425728382206283,0.041826723369432495,5.990021221679941,2.503145618586032,0.5568120679211717,0.2758593893161527,2.422987001430079,0.98908275,0.9196474,0.6573178,-1.4610340138210298,-21.992522545220343,-0.0692083247666202,0.10073684553534874,0.7083198623451735,-0.6962320479372783,-0.058275174679834826
20400,1000,OK,1679,1679,,8.47958,0.05777673146203838,0.25922197753333076,0.0073852997052733516,0.2656853909917966,0.03916978804682012,0.9663838572634003,2.223313035637171,0.5632712005986329,0.08887388864431589,2.1201222528127093,1.226705,1.3255305,0.82380927,-0.7147522076567183,-18.065128848781587,-0.10708107406505338,0.14953462884764687,0.7113162087753258,-0.6830120899293777,-0.07185492967916281
22150,9800,OK,913,913,,6.913074,0.5352973116979349,0.10347256830185361,0.4617423259484852,0.7144618673339641,0.03638234503275554,5.59095011128352,0.8061270932918483,0.10946342791679697,0.0856850495611362,0.7875588159207094,1.3049761,1.3467122,1.041995,-37.66991503754868,-64.3796035095527,-3.5243651837245524,0.6153603868316713,-0.3664656907271131,0.4199712009635204,-0.5573676364837971
22450,9750,OK,954,954,,3.4916477,1.9327516335917785,0.16926219339351406,1.4024215474080124,2.3939433501857046,0.05915198023307528,3.466401580419559,4.308488344420672,0.8884209855312519,0.39643541808876603,4.142880319500766,0.47606006,0.47012728,0.4278055,-31.19892817590833,-69.86783371534209,-2.3303263492791513,0.7611801666006122,0.15757863542655695,-0.020560361763239478,-0.6287694324274465
5350,41800,OK,894,894,,22.676273,0.006626074490185235,0.12520222354072985,0.9778036533490999,0.9858090515640131,0.010810495981278097,4.683362181230829,0.6677001996575477,0.21371820754728943,0.09778119058966389,0.6276719135880424,0.9237335,0.9381697,0.8315419,-0.9334662547232109,17.910598646797048,-0.8197917873166484,0.09342917721734141,0.7166021513357772,-0.6882529905819119,-0.06371943581421023
3200,40050,OK,831,831,,11.846315,2.862370376092901,1.0949979879296086,8.271586455563671,8.821072908403403,0.06506702184703524,3.9089228638922875,2.188958208876044,0.7064128762730459,0.23571369850618684,1.9907564705738636,1.3171217,1.39408,0.7091201,-35.3371716071044,-18.789385894480755,-4.35704519940705,0.7517986123516065,-0.0029116361550770545,0.06999691180993341,-0.655660583822279
22500,9450,OK,1019,1019,,15.496998,2.308919136583315,0.04220854515200964,0.3154822162364894,2.330754849684105,0.02880822919981971,6.603524802990721,3.3702743680949783,0.7572189252900965,0.30194264866912945,3.2718705537099835,0.7996225,0.8350058,0.61337924,-25.351522866560423,-68.40059459135932,-1.3954137896096654,0.7273246640375441,0.25728661385436047,-0.131734316257521,-0.6224536138012168
2850,39800,OK,1708,1708,,6.832647,0.04461006464540107,0.7191662762505037,0.3099025103184646,0.7843658308884756,0.11045354765949829,1.0849656485068253,2.5785513556338087,0.9382673100473271,0.3398944332971542,2.3760900428511267,1.3519089,1.6906366,0.76554865,-38.10998262898675,-24.785706914710204,-5.192847147354538,0.7163331713066422,-0.043943429738490795,0.12071727061863324,-0.6858302291697083
20650,1150,OK,811,811,,13.532105,0.4698932137313455,0.0906151194904615,2.252177983263392,2.3024587728094943,0.04396487877379011,3.829466063515603,2.1278333150393505,0.48072280478854934,0.2120810821642688,2.035171422876509,0.82574934,0.7382796,0.59760565,-2.78283191437919,-26.152262558559467,0.07968336854055463,0.18289979285309624,0.7165295566853476,-0.6629986072521915,-0.1164727734376062
30500,27250,OK,873,873,,16.199867,0.07879420545776289,0.07051853697431093,1.4537990420189795,1.4576395457883338,0.01184105238934228,2.568501391837482,1.7540624598444239,0.3058515807258245,0.22282992238722382,1.6965930309599506,1.5614493,1.4785304,1.1243024,37.27889413276726,-95.59340177169982,22.85372451381743,0.04904729511314958,-0.6077441805194451,0.7870217327204451,-0.09401152116916252
6150,950,OK,1814,1814,,12.663475,0.21769195478627418,0.23735738790890626,0.1801831155359057,0.3690450811185996,0.03701736316346691,6.243479640267895,1.2385800878785536,0.36473089674116377,0.22580392851199638,1.1545689573192215,1.9009137,1.7253562,1.2963405,1.8285187466547514,-11.266502065825595,0.12573245926539967,0.16261964155407516,0.7167724681973844,-0.67248064622567,-0.0869589642702747
5100,41600,OK,934,934,,18.120811,0.13871695288133123,0.1273315978211374,1.096045437259868,1.112102211740693,0.03641804322724376,3.4560981699437425,0.7994599648720054,0.3507662597964616,0.10232277051752814,0.6476210692310627,1.1425804,1.2108771,0.9148077,-1.7937737157967306,27.79707832807688,-0.8359870913035299,0.2242498590755311,-0.6498078369705026,0.6748239720135242,-0.2684667251489677
22200,9850,OK,1511,1511,,4.473862,0.5416699206201132,0.14421019050812514,0.05170780537263281,0.5629179150528464,0.04292153910522905,1.97608928987785,2.690402198677038,0.5667603220247067,0.3465916200897532,2.519579742096017,0.7581394,0.6881531,0.5546944,-36.90702714736425,-67.35772900707211,-3.0019823329407873,0.6580052834550573,-0.321800643623619,0.3398161778826241,-0.5899138563874381
20550,1250,OK,1620,1620,,11.650735,0.0691289659139731,0.13944251095891985,0.02713053343727978,0.15798447276696242,0.009045742011314495,4.7493628095421405,0.5126599478742713,0.08805550414057017,0.09857082007453588,0.4801604326136175,1.4469694,1.3401009,1.086597,-2.5198042058275165,-24.17026036309761,-0.033222496041871497,0.15945283333141286,0.7053319248689981,-0.6855550288714294,-0.08423759310588226
5300,41950,OK,1647,1647,,15.039469,0.011411897127150183,0.060338957332764634,0.1839191481731013,0.19390016563367096,0.019169715897683105,3.7695738097089513,0.5149594257909343,0.08934774230544801,0.04906866757790279,0.5018693622318708,1.2325606,1.1158329,0.9997412,-0.5954746775420872,18.70694198045842,-0.677942699949498,0.09825104498525296,0.7069593217827277,-0.6978288727330515,-0.059917559061848855
20750,1400,OK,1603,1603,,7.3574576,0.14971375301180478,0.06277413656890474,0.5137147702423503,0.5387556637549178,0.020275678262579696,2.378418574645148,0.6873137173218273,0.25023105329006334,0.09161403144659397,0.627278307105243,0.9680754,0.962762,0.83093244,-5.170675886227988,-32.73780587746983,-0.19280586290885682,0.12338807976270398,0.7141837862185564,-0.6843120239506614,-0.08021193895891919
6750,1450,OK,1759,1759,,4.365086,0.03153238990340684,0.006750780415211377,0.16732573815791096,0.17040471618862155,0.03177941329178716,1.4587672265864224,1.9751435132559885,0.38270708704769363,0.22290012744726567,1.8960923178104006,0.83677626,0.7699016,0.57995474,-4.798322695215329,-35.01892985832313,0.11098712378806704,0.10065628884307332,0.7346192604888091,-0.6663493039844038,-0.07862225330474565
3100,39950,OK,960,960,,11.101551,3.3354266649691313,0.7200528148169625,9.130550624783202,9.747333061163031,0.09392357491647331,4.180027637850394,2.777621489647373,0.9157074074866549,0.16915972383254285,2.632609681306758,1.125615,1.347734,0.6495601,-35.03713887193969,-23.825403966315335,-4.164137895870041,0.7363497096510833,0.021559248834658307,0.062448464821742565,-0.6733680220561846
2700,39700,OK,1852,1852,,13.5224085,0.23139922244882083,0.05418816202328347,0.6716542419729612,0.7124614921619649,0.02382021332944889,2.359589534041973,4.2093727527850735,1.1272637685484777,0.5974987204287829,3.948439913615074,2.5076485,1.8829893,1.5539415,-38.80154623607824,-30.930373294098715,-4.560232313368759,0.723784431994202,-0.0015202035931620077,0.09894328147650723,-0.6828938512203243
30800,27750,OK,1227,1227,,13.511218,0.1730536389368336,0.20799069343387733,0.7767140846404135,0.8224916168467497,0.04090767341026541,2.2402296357307034,6.370412439542372,1.9118417274898973,0.6192226852832926,5.830741720168602,2.3500056,2.3894925,1.5611911,39.364926346200406,-105.44990267188918,25.635626053889215,0.15261091504666463,-0.5780128894070444,0.7649380484365235,-0.23975151791399024
20400,850,OK,825,825,,12.217987,0.6292537825062878,0.7994358788187217,8.533277681349439,8.593712005539723,0.03701982417082536,5.077340405066432,1.794478104112407,0.4998493438393512,0.14116037040114493,1.6579019630284781,1.419657,1.2844899,0.75321877,2.641465375590641,-10.17920727878169,0.041273851264037875,0.14360007003317227,0.7118064613415865,-0.6813222542498285,-0.09225273623458781
22200,8050,OK,1105,1105,,5.4371896,1.3066661914176558,0.21494938280503997,0.36490792952167894,1.3735856616862263,0.05520480297698241,2.551208828236201,5.268340015699033,1.1801235580647442,0.45760378527290446,4.986556224865524,0.83740735,1.093956,0.714433,-36.714676295690246,-68.18913362559125,-3.371578987531027,0.6474614424899288,-0.29902831498289634,0.3631247234487941,-0.5995966832359791
10000,8150,OK,1241,1241,,12.259346,0.06698060175848664,0.2601259578916073,1.5283548938075109,1.5517798156975502,0.04722421109164844,2.817472792870819,2.523588438357402,0.4047211839321909,0.2388700525665674,2.4158000047264645,2.4578612,2.6425683,1.8021134,-36.840837482228615,-62.98153051403334,-3.7630840220351995,0.5655054010145751,-0.4112878361799179,0.4425970988002123,-0.561385576379925
23800,8550,OK,787,787,,10.967671,7.158504571962581,0.9877583925467166,4.314640443962906,8.416411141902234,0.23860477072816652,13.848228920684445,4.618260985309388,0.892969979918258,0.21120960626397367,4.353258131908613,2.0856676,1.9395268,1.1402202,-39.74221974482186,-58.462416189432844,-4.684862272710878,-0.5394500962431934,0.38586667900381544,-0.5163684668015772,0.541723274551467
23750,8350,OK,971,971,,12.291986,2.520339454689766,0.6924922841889973,1.098206294572965,2.8350861708186024,0.0421146877109671,4.540269791031876,3.4475124843932923,0.7102030785870608,0.2296794287029873,3.265227580205444,1.2803476,1.3803123,0.90585434,-39.38094667378254,-60.647089991667094,-4.4711749931162235,-0.5112528259118505,0.4527714326942879,-0.5053256893847635,0.5275078439046403
23000,9300,OK,856,856,,7.3046665,2.4973888597447482,0.3050972721162527,0.3972402962155943,2.5471229485769635,0.06970069200311635,6.422594440155686,5.214023501964129,1.1920892634203504,0.326440759071282,4.915347145453156,1.0291848,1.2004508,0.7826469,-21.87984927337407,-55.19826380193404,-2.0736398046080082,0.4079383395576606,0.671601474707943,-0.5291118898213759,-0.32027859488062427
3150,40150,OK,1845,1845,,16.92297,0.29368737780462384,0.16640598109962926,0.07927061892288911,0.3467377358348871,0.07155349384466954,3.2494388223345503,4.206977869584797,1.256271448778487,0.45983067197583627,3.926691175648062,2.6457837,1.8743753,1.6537373,-37.011268599012304,-12.273044737349181,-4.453737147643598,0.7109075688344655,0.058589347710598885,0.09379736691519341,-0.6945356512580855
20050,600,OK,1642,1642,,4.7680254,1.0022624671981797,0.1656352025215082,0.3819555309220452,1.0852903303127992,0.045348027252450115,2.1049121857914765,3.2971338628394964,0.826136682758868,0.3876825083209742,3.091211679824083,0.61788976,0.6225686,0.45408517,3.303623347981319,-4.5328692017417165,0.26737831195773926,0.1706060996753759,0.732992899295131,-0.6496604860943308,-0.10749986578666748
5450,41900,OK,909,909,,15.981486,0.20834104721299507,0.3701214943242057,4.3101912803710105,4.331067395677523,0.009060184323775505,4.462489610530047,1.609807817814253,0.4411034324030151,0.23832908514407825,1.4957132172772827,0.779426,0.70815784,0.5655452,-1.1749497111867993,17.170213042194295,-0.7729811912408286,0.12829780851614966,0.7185405312480906,-0.681371921907509,-0.05451129534080895
23700,8550,OK,755,755,,10.018407,5.7038892870227595,0.5718658325860101,1.6848263664724659,5.974949657884416,0.05946223356781145,9.76261877899989,5.0196802079702625,0.9047061596890853,0.1969956725060164,4.772007385519673,1.7299825,1.8502909,1.0246303,-39.41324502656483,-55.236246652125914,-4.760579271496506,0.4982700027384557,-0.4749789984073849,0.5494226120134833,-0.47355754544851064
23800,8250,OK,757,757,,12.792939,1.4791831074584842,0.3102240603444944,1.2443002010515123,1.9576783758687217,0.03286755016524166,2.9151878394487163,3.065481986096608,0.5565879003868497,0.24959931498265236,2.903048357796294,1.4911748,1.4554439,1.0134138,-38.569664102774986,-63.47949134075007,-3.9438254801729715,0.4680016258704736,-0.47954012004776725,0.5424158117294469,-0.5067552058272824
5500,42100,OK,1788,1788,,12.138545,0.0206707610095217,0.04810618742215334,0.0671503714828996,0.08515079576433518,0.019175849275327592,1.7419726406908442,0.7337152537366867,0.10582019609411142,0.08638411944459268,0.7122196452183696,1.4136573,1.3218311,1.0778526,-2.8602413589596525,11.148670344692782,-0.8018387527071121,0.027308156802636332,0.7117691790450908,-0.7017782987072879,0.0120880021932839
3150,39850,OK,713,713,,36.18622,1.4423813765919515,1.054513791161726,10.833914672835812,10.980262770515862,0.03322107120675184,10.590321644436804,6.564154327397185,1.5572557227752464,0.8608731392622802,6.205486838194096,3.2069032,2.2211552,2.0323968,-36.581006995581944,-23.217499214532015,-5.445952977525561,-0.7008350485507695,-0.021468543845189484,-0.09336345779840192,0.7068610903819319
3850,40800,OK,1471,1471,,9.996948,0.5219768764263547,0.3414964016552635,1.1625524828430756,1.3193210099259036,0.03710132409136596,2.9237448100970465,2.442913550549272,0.6807096947593654,0.20208226612881242,2.26637987868018,0.840784,0.92020524,0.61553,-34.296252743574136,18.945299642391582,-5.50396990899864,0.7151316796533153,0.03981478850935828,0.0733580747688404,-0.6939885130449872
20950,1500,OK,979,979,,10.680006,0.09613545985290764,0.3172629315988707,0.15514325129285478,0.3660153314132587,0.05382678966888937,2.3374846989432423,1.9774695952911083,0.6057773294282067,0.18847937937047055,1.8353654016752126,0.7816171,0.8616919,0.65956396,-6.941916325502994,-40.41188264036522,-0.21586682710572397,0.2497947525112746,0.7074454513696473,-0.6468492608677181,-0.13678285224805747
6700,1250,OK,766,766,,16.113941,0.014642942418210458,0.041030619387143474,0.4021664222737371,0.4045191697489916,0.016719242347878416,4.537110736669769,0.4488299888433276,0.11011144589252542,0.10432079679544948,0.3950901462766181,1.2976749,1.2086151,0.9812357,-4.381228491287014,-33.56984557124564,0.1065585032214002,0.13231966731761363,0.7231018584720528,-0.6749101651936004,-0.06412079875957949
22350,8050,OK,894,894,,5.4201684,1.579612566741338,0.25454038147543556,0.21034510582528898,1.613757023332035,0.043301658842028426,3.18618015020255,5.331559500737173,1.1647745734040043,0.4459095548211635,5.002694886471754,0.75820255,1.0003735,0.66744953,-34.16949555627011,-70.02307261463314,-3.1025604015940087,0.7553650210149255,-0.03103463777500345,0.15951186546652177,-0.634835806378851
22650,9400,OK,1217,1217,,13.896093,1.7205963861304376,0.3296053589059468,1.6971470724288222,2.4391391518399197,0.03804409150199243,3.4065401245875804,5.080693551995918,1.2072013062809628,0.3468975682842391,4.796893884017027,0.8262188,0.9564081,0.6492299,-22.702561249753515,-64.16454570874686,-1.445271916669541,0.6514992262806446,0.41393176080750627,-0.3006897158567311,-0.5601740357500666
20500,1100,OK,1566,1566,,12.488644,0.012620199930642118,0.05659645965585805,0.37926249110339477,0.3836697353842483,0.02781746493653175,1.186644739752061,0.8833512831303008,0.18813915525735403,0.14049962191440668,0.8326994492765678,1.4060289,1.2585446,1.0161649,-2.157846347318656,-22.47827940671072,0.13811151831935617,0.15319923114698614,0.7016396143871539,-0.6887838085265827,-0.0990389428973979
2800,39900,OK,1434,1434,,8.505026,0.04868135666675211,0.3379286852646397,1.4781278425564404,1.5170456782022619,0.08218553991686078,6.899585001482378,1.8788700197430233,0.5843243477041703,0.20846383377261968,1.7069529351932067,1.1123173,1.2137319,0.7122257,-39.05730776404744,-28.651923212200366,-4.99633527743073,0.7131023170428724,-0.013996441897282412,0.1192906218334518,-0.6906945291406982
20650,1350,OK,1575,1575,,5.7532954,0.58736085381675,0.04201899720498825,1.3622432217365308,1.4840704039531203,0.017352711641532556,4.56347039096766,2.983639750749283,0.9156556666879117,0.31317813551077256,2.798909483442591,0.84371424,0.8706583,0.6352353,-3.9784077464594847,-29.587108157364252,-0.18207363912898444,0.16211144569237276,0.7116958307716277,-0.6750879834663088,-0.10707538567385197
21400,9100,OK,1550,1550,,11.603411,1.7239971116786144,0.8709535519811604,3.0805189491913536,3.63597622752292,0.14238902756437555,3.634077276577072,4.327607604952567,0.870608616843642,0.2464009257569688,4.12326479871331,0.7255812,1.0051942,0.6668316,-22.730173682610175,-51.716539284204764,-2.6671347032589305,0.28703241904635524,0.6666478374446586,-0.6270024083615922,-0.28295058076547747
6550,1250,OK,1275,1275,,10.445639,0.12598227821446492,0.02917242179114443,0.1693565053704944,0.2130825908622607,0.01783284880858983,1.7243615120502147,0.4227113796304463,0.08184724103659669,0.0796465700744351,0.39732732956447947,1.2831776,1.2233249,0.9564212,-2.6495693797135633,-26.951075133259614,0.05811169003656652,0.07435077594179375,0.7234485525338479,-0.6853005610027353,-0.03817453395746952
6500,1200,OK,1269,1269,,8.194738,0.23933583610706938,0.06105677486273259,0.13261131492833234,0.2803485920220213,0.03315468739169664,1.8746669088323293,2.59369428960494,0.5497211302251634,0.2680758618751451,2.4981189443806215,1.0182726,0.94518316,0.644613,-2.141656904377445,-24.89504053175694,0.1177568590902244,0.07530377597229339,0.7059575963954098,-0.7028768289280252,-0.04378786101208858
5050,41650,OK,1837,1837,,11.062595,0.06563611112134182,0.16042986884081115,0.3671874356946875,0.4060448926306712,0.02049609467136186,1.1737041046949852,1.0488059355400625,0.1431415406125911,0.17111990763520557,1.0021683623285647,1.255887,1.2115002,1.0099137,-2.3017661634378914,28.20261261198425,-1.2778211160826805,0.33127463735013707,-0.6076775996724838,0.6406386814674495,-0.33251635946592384
7150,1750,OK,1095,1095,,12.665622,0.14880539624295297,0.3656076370735523,0.22824683903103038,0.4559699658587018,0.051229791121272135,1.5500252784912993,1.7080864864006053,0.515516461417453,0.18238924575344528,1.5811953913328192,0.7630051,0.93501985,0.5878189,-13.918590895509944,-46.16788109343102,-1.1304401178510393,0.20803573284671992,0.6918098855903733,-0.6642622860725972,-0.19203080836149758
6250,750,OK,742,742,,13.50111,0.5752599699010097,0.6628828161690838,7.323322187073089,7.375729490472094,0.0585894947527949,5.574541898137206,1.9856549738714409,0.6397051573871342,0.14442133896851894,1.8332095500442733,1.1528615,1.1601804,0.7351094,2.6815050459615764,-8.027536176718993,0.1353403551015187,0.1387827779912303,0.7203676639280002,-0.6746741698790791,-0.0813912390735524
21100,1650,OK,1113,1113,,8.914424,0.29845449282014763,0.37158870442442804,1.2766696388513237,1.3627320412704493,0.06849907465265652,2.2359024015663516,2.627602494751409,0.5438072462680998,0.2246890263684332,2.5562457658565214,0.81643593,0.90208274,0.62474346,-10.349117705529038,-43.476015119912965,-0.6819407152250745,0.3438749851920559,0.6842441503203993,-0.5641812248893799,-0.30864134977963836
4750,41500,OK,1497,1497,,23.322435,0.2622962179160653,0.13973167508903428,0.4668727458492814,0.553438711849024,0.03908148239566679,6.7647464997674,1.6621114992600385,0.2743633270248884,0.22743003303750542,1.5876310407823508,1.4041587,1.3265253,1.141258,-12.520100500842517,34.70866650749575,-2.764519324795931,0.34953658402694127,-0.5831997826720017,0.6291452726235607,-0.3766675136689285
20250,700,OK,788,788,,14.872555,0.012849652691517832,0.28131106843413384,4.454490872749904,4.463383242139313,0.043224871129445314,4.4616145489680195,1.9582365473873962,0.5414180380065008,0.14199020329562695,1.840626374062281,1.019056,1.0663406,0.78644323,2.5334078595276344,-7.832726275611315,0.24401032044403934,0.13658184539604046,0.7065226914855934,-0.6902601622809305,-0.07557773674878554
7650,9050,OK,740,740,,18.61901,4.791335721868095,0.37840182612627293,1.632668800038684,5.075991858965567,0.05762026870183357,13.049737266094645,4.061790391558644,0.5042381432193332,0.35094284289970534,3.91580947012179,1.3736978,1.4294741,1.0633016,-22.210731060886246,-58.45695065459085,-1.6067652647613173,0.4477791312859278,0.591568168059062,-0.5557539086351372,-0.37507138675301904
10300,8550,OK,1077,1077,,7.7611394,0.23874532229287404,0.36343030185443725,0.03386473248445093,0.43615104416816325,0.018324368081514233,0.9610316110660932,5.301471051412673,0.925533208530628,0.20559763223106248,5.073605454916934,1.598714,1.7577192,0.98678416,-38.31604391040209,-51.3735793334281,-4.072499784887132,-0.29752036852774205,0.638619647217277,-0.6160356848985379,0.35234444997869135
3650,40400,OK,745,745,,17.073046,2.563803207113973,0.5411712849766097,10.45925799396022,10.78248723758632,0.13480698934398508,7.319488238054593,3.0050459612464375,0.9377751099022555,0.19430765733440936,2.819187071949686,0.85232335,1.0820702,0.6350238,-33.11139110906015,-1.0969596067161076,-4.200085592994668,0.7209571645519556,0.11396825975716636,0.061345570870691264,-0.6807853726275825
6600,1300,OK,1388,1388,,6.306606,0.03815457056686272,0.02589704100117063,0.15135444472925985,0.15822324711325006,0.015704805020749685,1.60187145494857,2.2441154190343413,0.593481344671944,0.22954162425942076,2.1263509621916112,0.90489995,0.9215047,0.6684338,-3.031590413458757,-29.37897093798382,0.1478999963864585,0.1046356023189366,0.7384359168007456,-0.6655103639817147,-0.029321373414648935
10300,8400,OK,1277,1277,,6.1164927,1.5846718661954822,0.10301314214760726,1.9519232552543313,2.516307021285213,0.030365772248603772,5.176221357981047,3.028406070419542,0.6082256973516358,0.23908600723017037,2.8693086617814667,1.0422517,1.0410538,0.7495348,-37.76065666107755,-54.00340997154681,-3.9199810171002083,-0.2809362591108255,0.6474535279700314,-0.6091971871003546,0.3616041131748786
7800,9700,OK,860,860,,8.426287,2.230677306041902,0.07591521940881113,0.05196803313329457,2.232573636119532,0.05677060072984515,4.1575620709778125,4.230539784339452,1.0473811752072644,0.33949664525933193,4.016174956878976,0.81522024,0.92047787,0.6426251,-28.169864575449147,-69.49551432309276,-1.9313664508911998,0.6623184290532625,0.35717339530107167,-0.22330929548566888,-0.6195921422800783
20600,1150,OK,1071,1071,,10.438856,0.5330536589014538,0.06897602118923377,1.6685553127504382,1.7529919356560195,0.05059083234213366,1.8813532760445777,1.9688774329324539,0.44916261457461826,0.19122646543874577,1.8960287469608565,0.8773023,0.78099215,0.61899817,-2.211033223310542,-24.75151089926004,0.078372977660741,0.16985444401631913,0.7076884732807942,-0.6739286115904342,-0.12706974113924774
14650,28750,OK,717,717,,16.324083,3.6831101138023303,0.17953633243047884,1.4939304793107515,3.9786130349745314,0.04217523167311,9.456924684609799,3.2766817910015287,0.7626654420375374,0.4569065010653728,3.1736328734134425,1.0787266,1.1165836,0.8597253,56.15929127826473,-70.61541029622582,27.28548019620912,-0.5159765445975221,0.343419121775234,-0.4847112548472144,0.6171600373069916
23450,9550,OK,1045,1045,,5.087218,4.397943673391742,4.488889360690959,18.383296530838763,19.427754054125746,3.1343662832382657,18.824231212063392,3.107262436406787,0.5387216843876803,0.32463517492559657,2.9679163307284986,0.61259055,0.64419913,0.5832452,-25.431278241111887,-66.80524210468482,-1.9117354625218845,0.7414678705340536,0.34427694844324036,-0.19223932520886017,-0.5429022210118029
22900,9300,OK,929,929,,6.5828476,0.9038756456602488,0.4414150719125818,0.8510193178149617,1.3176009744317754,0.042044756708172516,2.8216790664391422,5.194877476901504,1.2037494760674932,0.31787153724427375,4.915809603869244,0.9972929,1.1382068,0.74814045,-21.09414725574852,-57.26095712052284,-1.7289494541676118,0.5524371430545648,0.5918311727848915,-0.4022807589201995,-0.42745673102240245
6100,600,OK,857,857,,11.717048,0.8069597080980319,0.42353529405193546,3.65055433450132,3.7625939277242897,0.03057820353175669,4.943625877380224,3.204357772121722,0.8136194391590335,0.3712363721442885,2.9726066715720223,0.5719745,0.5748911,0.45733568,2.4764966539132054,-5.2987794239696795,0.19284388159204485,0.1276629429947319,0.7274352433249601,-0.6687422965631525,-0.08557967365046454
23750,8150,OK,1076,1076,,12.114674,0.08847960660359,0.48648418179311315,2.631564007417026,2.6776154737102185,0.05017103974950492,3.0790800419357525,2.4772219218755467,0.38096882083322914,0.22749372567969067,2.38663573569899,2.4789627,2.678577,1.8762945,-35.47273906957982,-62.84819673591989,-3.82116378623075,-0.5155359985391503,0.46254762069766325,-0.4848651930213681,0.5340206713166853
3700,40450,OK,802,802,,36.04905,0.20720965916502743,0.14992417674015143,4.0354387684476904,4.043535477217074,0.015406889015016464,7.1784490808621335,2.9938060088423057,0.7061009917775052,0.37602309181000226,2.859862414767557,1.7101595,1.5363594,1.4684976,-35.51533358262715,7.365271179242633,-4.821259914044196,0.7261316994431088,0.035809579000341644,0.09472943604719464,-0.6800564410854891
6550,1100,OK,742,742,,16.983978,0.17891431343382513,0.027702535974599332,0.3263318013444718,0.3731892370093875,0.03086455864819853,4.402736414909416,0.45036198926431636,0.1490802070963395,0.12787303783910253,0.39320517914128494,1.2305259,1.1129465,0.90866315,-2.6792197689179758,-26.764948879836354,0.06062049881220527,0.07160124139202179,0.7273995236027522,-0.6810370961941591,-0.044177696873403546
22500,9350,OK,771,771,,21.742228,6.4732659777001444,0.6447347363334939,0.5968061370106694,6.532613019570256,0.1942511386730656,10.242965643450566,1.7780169966719708,0.3748966255310777,0.16392507730620443,1.6773199236560545,1.617483,1.6547449,1.250894,-20.498494825672612,-66.24698640908099,-1.3017477200939331,0.7053155121720668,0.3251894970940843,-0.21073519820009015,-0.593609716487795
21150,1800,OK,1490,1490,,5.4898987,0.16014418795251686,0.07129009358620148,0.967255632124052,0.9830116460419986,0.033358507926907456,1.7150540678758603,2.5799921808541644,0.6888580932520123,0.2498630291624635,2.4393928037422947,0.6526889,0.795129,0.55105674,-13.717086719431228,-46.068841653148084,-1.0804453303213888,0.33654501016735777,0.6998435582428478,-0.580614197625781,-0.2446295232240243
20100,800,OK,1668,1668,,10.748117,0.009449653404521141,0.04533507904865591,0.11124760786067789,0.12050143400199277,0.05021837009150508,5.466125292313811,2.2347564841701764,0.6057160102667991,0.2908478252193286,2.1086864178516285,2.2793665,1.7895489,1.3041033,3.5155315054514427,-6.6122502336865105,0.5562394281231215,0.1842436551360407,0.7248661278531755,-0.6530255276261743,-0.11908414042941366
22050,8150,OK,769,769,,10.320688,0.4750950171061863,0.12826586362139625,0.882866816329758,1.010752799860536,0.06222803226907377,4.969139302189423,2.0824346811976495,0.3284233530723245,0.17790730328023074,1.9822170697943804,2.301374,2.5554426,1.7894665,-37.59897818343612,-60.81739830520324,-3.6710265246539646,0.528773636726861,-0.5088549166482734,0.5144354795987187,-0.44364541272909025
10200,8500,OK,1258,1258,,7.2908397,0.8723827682392551,0.037699467866642966,0.2955011007035364,0.9218426355486145,0.02860979382874543,2.5250716125709864,3.660607387712817,0.7475831343380437,0.31889168332320006,3.452150668282277,0.90886235,0.93536013,0.61825943,-38.996212813793456,-54.44968874249549,-4.118930954085715,0.4792989195873559,-0.517150023354713,0.5226171899197185,-0.4792699362854195
3350,40250,OK,1320,1320,,8.156239,0.3523870468442789,0.5107758595553213,0.90790595034851,1.0997098818171729,0.08094589960871552,1.7114820159961623,3.9445880542069376,1.2586156292752548,0.22206860836419573,3.7122141597866225,1.0069128,1.3718009,0.6122951,-36.23848378510232,-4.550600166170811,-5.091583571303993,0.738385978772686,-0.05935843372724026,0.121987717011585,-0.6605919463599694
23000,9100,OK,1211,1211,,7.805952,0.06057209337910571,0.5151038234376333,0.10510728931534352,0.5291960597771065,0.06379189561299671,1.2689818133939619,4.38325435951165,0.8518986958930329,0.2627568127731224,4.188486917933278,0.6062586,0.84348613,0.5551093,-22.33141946291811,-52.723162409091714,-2.1295152021368464,0.44177859822999477,0.6561577319169472,-0.51492666611388,-0.3303622701162972
6000,600,OK,1317,1317,,7.1382465,0.836358426590303,0.14204055632397786,0.6896208073807159,1.0932738885301627,0.04373669292554357,1.6091606524520445,3.113604963540141,0.7831056315022361,0.3426757990097389,2.924327406598259,0.6305736,0.6280679,0.47200796,2.9874288591039386,-4.229939321512137,0.3014703300000635,0.1445492545246178,0.7145606182663949,-0.6769056111410503,-0.10152551130078535
30500,27300,OK,1316,1316,,9.504443,0.4622800285203426,0.4004666775646458,1.7234791103694085,1.8287855611000876,0.04737191573467078,1.011300866070436,2.347134108341522,0.33410185096052175,0.27168144656528465,2.288513963941524,1.5699348,1.3876772,1.1010374,36.63369302843798,-95.39481929699319,23.075200273037872,0.046474036585743304,-0.6182605826282654,0.7764011979915346,-0.11311585056434346
3450,40450,OK,1688,1688,,16.793453,0.5267401059805263,0.12633451838811843,0.44176974486195864,0.6989821580413437,0.038446209382611,3.8407513000407367,2.877021826365562,0.8285017432824169,0.35135154560588994,2.723551068849547,1.767332,1.603277,1.4934444,-36.879692801173164,1.2179388064362389,-5.079952738847967,0.7222487064290484,0.021494256250835078,0.08776402216101216,-0.6857056798830757
2750,39650,OK,1254,1254,,10.205423,2.265223625636741,1.0546394991198782,7.750981900718157,8.14378431520059,0.0744822267336601,2.5296194313774434,2.2826333690253215,0.755086134259417,0.16054706961401938,2.130220604430042,1.0784712,1.143044,0.6128186,-37.25936901566343,-37.4450081554324,-5.531214262111234,-0.6884416517398452,0.025047451536558483,-0.07837272819733913,0.7206097645717434
3400,40200,OK,871,871,,15.97759,2.3881391206784146,0.4363747654928507,9.732218093030788,10.030438694593046,0.08748778694236865,5.819939223359666,3.5373788521302343,1.184626932658127,0.25148689913963773,3.252316457088055,1.2187368,1.4144351,0.78157014,-34.12629693398523,-11.200531542398085,-4.251391618093056,0.7213344653137316,0.09682884718088376,0.07027579236324773,-0.6821745205677883
6650,1400,OK,1656,1656,,7.02461,0.011061437281489894,0.010782680513076237,0.5424340316550302,0.5426539415606504,0.010194831731312172,3.547935961455878,0.7068501675054724,0.23188718219431237,0.08163987595287919,0.651082925053184,0.97081625,0.9531596,0.8123701,-3.64077359336547,-31.79271303453313,0.1212198582114066,0.12348124085745475,0.7302880726997485,-0.6693469059858788,-0.058364659477471256
20550,1000,OK,802,802,,20.130386,0.178813828586177,0.45550571830096376,4.0455635998282915,4.075051494761038,0.031459703708796194,5.456418903577591,2.2610702211808293,0.5512550568549459,0.10026359216194519,2.185276887348902,1.123346,1.2244503,0.85494196,-1.017132496921228,-20.376898929129577,-0.06712813859760054,0.16475540032950395,0.6994524727290173,-0.6888322355815656,-0.09556174799170697
30900,27750,OK,1062,1062,,12.852276,0.1651820252108514,0.33183621535274854,1.3856157106452476,1.4343400129883181,0.035157200138245644,0.5613079844479234,6.370699778316457,2.0352701094347596,0.5927719399022253,5.811863808139641,2.3460994,2.4247458,1.5410563,39.419879654207875,-105.62789635276683,26.046299616502615,0.24754706754612116,-0.5654643778508187,0.7304061639438716,-0.29236504990149054
23850,8550,OK,795,795,,10.177931,9.397946001992189,0.28301176864498656,3.162405028404547,9.919792854754121,0.13133337048015584,15.46833894980031,4.353619624630709,1.0996114523893843,0.2401671497824763,4.093400218616026,2.2848806,1.858435,1.2091241,-37.45883687881354,-56.95022214926073,-4.065446134881816,0.477531698941069,-0.4182199207489154,0.5729021013460003,-0.5184966312991478
6900,1500,OK,963,963,,12.647929,0.1208304040876057,0.2531403622678112,0.3536081037642207,0.4513521026967534,0.049979802079496545,2.4294110813533933,2.0036296659885826,0.6344364889965144,0.16912122525951345,1.8441446357186573,0.86083084,0.9294055,0.6815102,-6.778181091388175,-40.431807822357484,-0.17927882920699814,0.2299368180926664,0.6929156346781382,-0.6686866835027637,-0.14090813393870363
5300,42050,OK,1643,1643,,10.801464,0.39538854417343816,0.1977601820476909,3.4490220867301833,3.477239500698759,0.01986360307550713,7.870204417370382,2.6546351353244533,0.6432249228688166,0.3267143535467566,2.507124763844821,0.78830767,0.7522228,0.6456515,-1.6266716740324558,15.585018442557871,-0.854840579665254,0.09985440569958638,0.7056520997319242,-0.6988016623263981,-0.06132249616716186
22800,9550,OK,704,704,,10.178977,4.103325977971075,0.2346075937379269,0.17002547738706664,4.113542690612616,0.05796226273230363,7.646679569428027,3.103697369528612,0.5786198328598602,0.33468594766001614,2.960957748165103,0.60285896,0.6131283,0.51707286,-24.12007612354759,-63.9354444380912,-1.5847433551424284,0.6512178117105688,0.4873233750831094,-0.28886120482956174,-0.5049658346392548
10000,8100,OK,1232,1232,,6.262309,2.5096207585521353,0.36890061671971625,1.5868326495399572,2.992043093676624,0.04248510739291027,4.560071267388819,3.779846332244138,0.7409854114445731,0.2944049639695444,3.6759782708495994,1.1207438,1.2121161,0.8444066,-36.115471611937096,-65.27928938572873,-3.73512695792609,-0.5668817817746803,0.3922391322920132,-0.4497729635523553,0.5678888886464535
4900,41600,OK,1581,1581,,11.100899,0.22439205053928135,0.24812935374856815,1.46516265092523,1.5028711063172229,0.018994748808099593,4.7291337049518125,0.9457803593302891,0.37088509787745494,0.06487361838117511,0.8096823967498743,1.0417912,1.10815,0.93892807,-6.594778265343895,30.66802896954492,-2.1140712310278698,0.35806197196536976,-0.5890184888530337,0.6180652360368782,-0.3779473614463229
22900,9200,OK,1105,1105,,10.141931,0.10556760968977141,0.3586291060404533,0.3072478657707636,0.4839014434114407,0.034768679981702924,1.4613504227274228,4.884373673559067,1.0713863183248904,0.29151637092402816,4.522709964095752,1.1251292,1.2736111,0.93217635,-22.18527568685743,-56.42339042809152,-1.950874897910351,0.5680913546446414,0.5797204119567628,-0.38972782189219746,-0.4350961750944966
23750,8100,OK,1047,1047,,5.776861,1.9882885131770256,0.38400995619515793,1.5202312009980177,2.5321646397058366,0.04552531525633794,4.7566298952286425,3.8272555647190702,0.7988134070153636,0.30736375438831276,3.7007735051747224,1.1295512,1.2448118,0.865858,-36.33864785482264,-64.86878335658304,-3.7034190583813045,-0.5099583706252174,0.464353417567655,-0.4949455420040475,0.5285331345079815
3000,39900,OK,1106,1106,,8.101761,1.24689270464351,0.14910075867537997,6.376160071936955,6.498645221589947,0.06898440264183466,2.375784421899985,1.762199844550229,0.587029131506121,0.2583685509609291,1.6003107921390245,1.3492743,1.4061531,0.7231237,-38.03800747120482,-25.0875367584695,-3.9991055408209832,0.736672549389744,-0.058037910597994805,0.10035374103887451,-0.6662389080266453
21850,8550,OK,812,812,,9.797058,1.0092464355165007,0.5809414198849308,0.8982208657140696,1.4706706036855481,0.0588395808642269,2.4991318364239414,5.417842451201601,0.954231469607224,0.21590494572348484,5.133803401986416,1.3611064,1.5608197,0.8624998,-37.26465002519553,-52.30203244959648,-4.139808623377735,0.301539073935068,-0.6343386838930173,0.6510540701661199,-0.28777980945053333
10100,9900,OK,818,818,,9.843258,4.259535204305076,0.2847919348802281,0.9265195956201171,4.368430514951013,0.04274197418978832,7.812665610177324,3.8860577636481852,0.9116887441164636,0.46850228822599205,3.752967606223512,0.6906371,0.6146561,0.48895124,-39.347658754237656,-63.76527327606658,-3.299658828916641,0.5649225691798333,-0.45857420811976396,0.4593047103101185,-0.5095207253542552
2900,39750,OK,860,860,,15.295708,1.327874826175514,4.22177152335334,6.492372443113142,7.857321826772958,0.30247763212161366,4.529489376661878,4.633874864940333,1.2867011971041284,0.3200886559648062,4.360601187097681,1.1029935,1.6181813,0.7097212,-37.419018703908826,-28.87047554896063,-8.539705787249572,-0.6256926988502581,0.024117549147978434,-0.10564204195717451,0.772506795698066
3600,40600,OK,1721,1721,,14.026921,0.3205745578730659,0.31759042475095767,0.47768516248323944,0.6571261975493324,0.03678062458980296,4.29044350437808,2.7759523842894183,0.657878327878414,0.37564952422768005,2.6415487331776175,1.6809787,1.48508,1.3001693,-36.00936473207583,7.628001726798781,-5.297312050346057,-0.6989924616250979,-0.026025276828985075,-0.07938356398345599,0.7102326895648674
21400,9000,OK,1726,1726,,6.5045304,0.29300062248702263,0.21386451422221966,1.1297668642754017,1.1865751399873345,0.03389213059529569,1.8542387495782318,3.2222135133268255,0.6473127758005606,0.24006713779652933,3.0163948368740288,0.65688556,0.7472286,0.55720055,-22.831303506439365,-49.03950640651905,-2.043770063855028,0.30545802674892936,0.6820555727531615,-0.6225734604786314,-0.23215916066067524
5250,41950,OK,1382,1382,,14.842973,0.0799808681915829,0.04049126339918667,0.15310200006392272,0.17741675262475937,0.01701216639102542,5.867285258403094,0.5081729598861149,0.0862799258735561,0.05337057652898852,0.49295240100260695,1.2571025,1.1456538,0.9920107,-0.1290721627704241,21.158915517045404,-0.637747521435522,0.05101758185839757,0.7142080172200467,-0.6976546906586595,-0.024125651947692645
5300,41850,OK,1369,1369,,12.960521,0.04693690917941874,0.1813561038707111,0.12762628297373269,0.22667504926694612,0.020456259187545775,0.5450587927537056,2.1715196541846193,0.5590134083785745,0.2828688023028557,2.08513763726196,0.5918493,0.64407253,0.51858217,-0.6004372808727083,19.031366208810933,-0.8464275840810526,-0.10529941986597621,-0.6996814128369515,0.7043156947673201,0.05742259843305028
5400,42100,OK,1448,1448,,10.58593,0.7176721472006751,0.01072293126004098,0.6028098602548644,0.9373089243909524,0.08019585195900879,5.785022317665625,1.8696854176090205,0.2844371133288828,0.24239976396733753,1.7915186461393215,2.111455,1.8430669,1.3706255,-0.5450824031770085,15.050769982211895,-0.55857387053263,-0.1635971091587136,-0.6793470809733828,0.7057247858890321,0.11694467080519638
21250,1750,OK,791,791,,9.54262,0.13943493230821213,0.3684126600375399,1.6560780544219496,1.7022821478126713,0.03719001788902225,4.303401234499928,2.3437753895242954,0.5968945800704049,0.29100759405480314,2.2190317631356056,0.59484446,0.7338725,0.5019325,-14.824094716126202,-47.04369219506439,-1.0603288632196326,0.378422120770004,0.6772621625295493,-0.5759075971436566,-0.2577655936504144
21700,8650,OK,792,792,,11.792664,0.16530092487136416,0.3426483896805672,0.20604444519114762,0.4326506998817199,0.036956777231610755,1.8678857643752502,5.5359635192048,1.0491419473388615,0.5163879434399974,5.291865484119504,1.3976939,1.4910454,1.0000927,-33.64571929395923,-49.35504021361879,-3.5596768343987764,-0.04302448832306988,0.7156494185353304,-0.687098438843946,0.11785812866660429
3800,40700,OK,1934,1934,,8.679426,0.17823133325449347,0.2514065907852109,0.23975696839389346,0.39045497299605136,0.03387219809157232,0.7697497322219425,2.1433958199174663,0.6428035059006495,0.22983556342643213,2.010232878664217,0.9873339,1.070824,0.73922765,-34.87794585635088,15.928712448877503,-5.312557415235309,0.721634070129985,0.01176766997460962,0.09152670068751538,-0.6860966796540108
4600,41300,OK,1418,1418,,14.241018,1.686623550925709,0.33012098897214615,2.241286252738413,2.8243659353227217,0.04237329064546231,6.317046812290288,1.6523627390928055,0.47974192810855176,0.16593330792136862,1.5801200669133308,0.9658526,0.9509232,0.747834,-17.404852943268594,35.23986745742086,-3.5352849203012098,0.390698607060516,-0.5614091773444149,0.6017610184944717,-0.4123809048136634
21000,1750,OK,1392,1392,,11.112738,0.10919918785453758,0.12882332237437533,2.9566661715871656,2.9614852289389475,0.05501815822027123,5.673898284142551,2.637599549253294,0.6290157968253557,0.33726430342089087,2.511918495597086,0.5354259,0.6338831,0.46234468,-10.628755029782019,-43.903173061267466,-0.7990686669080976,0.3630422704921685,0.6488138960620087,-0.5985663430305669,-0.2982602405681016
3000,39950,OK,1574,1574,,5.662382,0.4861332502583873,0.36461169003255145,0.1843911983639686,0.635033334203235,0.06602314449861066,1.4368890393945803,2.427407064503976,0.8347890508356555,0.18481239169491415,2.283497051452459,1.2673647,1.4663428,0.6610573,-37.410854318916435,-18.56380509975467,-4.905938213868277,0.7349747945291091,-0.05089359293588346,0.11235463773996954,-0.6667820700823401
6800,1450,OK,1453,1453,,5.780781,0.0509593512001027,0.04363207113969508,0.5534442506701248,0.5574954275207024,0.017319182684085076,0.6429976872600291,1.9789223146823463,0.41976836768832715,0.2093711890447268,1.891884897069605,0.8133015,0.76758754,0.58283174,-5.282234631764824,-36.58279217589279,0.07245716941218025,0.12375680753310286,0.7195855556148568,-0.6763039633328777,-0.09743628646410021
23550,8450,OK,757,757,,11.835139,0.022672577358749446,0.1157044917870404,0.2868138939937568,0.3101028619210854,0.023584347282750315,1.6828474749551772,1.6057725886798466,0.22255583389958028,0.15984139184851032,1.5258826826355123,1.1851166,1.0294662,0.8542699,-37.1630062724864,-55.22341595553094,-3.6248887568058885,-0.37689899994304227,0.6131372118208086,-0.6036896474281502,0.34288294345244896
2650,39550,OK,1102,1102,,26.037128,0.5479137423103536,0.7817050453642759,7.317016086104516,7.379024098840764,0.02927807628291848,2.691081688752,3.8097901105393475,0.8479833140400101,0.5611958015014817,3.660190234629005,2.460298,1.9740684,1.6403793,-39.43582355505645,-41.12551423866543,-4.574309402316032,0.7359091679267488,-0.029010443565526914,0.0946856543076283,-0.6697990128343188
6000,800,OK,1481,1481,,12.813115,0.03865543344482264,0.017888830072221,0.5130448324115982,0.5148099191356017,0.027538222039126717,6.732714931716979,1.913688764303558,0.47046008604191325,0.247785820819995,1.8078832599602839,2.026778,1.6524526,1.3300693,3.5155962970340724,-5.65463547515959,0.5101672821941435,0.14440940328105176,0.7143413887288386,-0.6788750797873717,-0.08939200544038874
4800,41300,OK,712,712,,20.8648,2.1937037032341236,0.6864546507001986,3.54479368970265,4.2248216799773655,0.03072189503116041,6.401345362496986,1.3645645786562954,0.41057447658878443,0.08177518660716887,1.2814470546353274,1.0122182,0.9757218,0.753723,-15.551343154271887,32.96473972737113,-3.2219765101636786,0.3542085663506932,-0.5753222776684246,0.6182852717517062,-0.4015767561464701
10050,8350,OK,1107,1107,,10.263317,0.9316235611611037,0.46771055983034937,0.1338219995168649,1.0509918910448393,0.03161814427480834,2.753512025541525,3.510608044973221,0.7147419354139415,0.22982359637257155,3.2878913573335424,1.2245669,1.3585024,0.8375232,-39.09043233348237,-60.50676984875973,-4.2980615709763965,0.5574803134524465,-0.4205723950397195,0.46227681126807135,-0.5464748030855037
22950,9100,OK,1058,1058,,5.788768,0.6170809184258439,0.3768764703639417,0.16121933168364722,0.7408214405022224,0.05511056076538605,2.5659884287623487,3.5881366891283855,0.7859954507428979,0.26740846413617586,3.4304094451536855,0.6665845,0.845704,0.5739646,-22.009298575740445,-53.87556785784011,-1.8741341716741609,0.5204362843605299,0.6130313238914903,-0.4426444281545037,-0.39674246063740737
22850,9450,OK,830,830,,12.174525,2.4313071169327825,0.09086487015129158,0.40885955659162226,2.467119141527605,0.04400711919643635,6.15565916552209,3.3392808732235535,0.7378676696647759,0.32963001716100016,3.2254618327649505,0.7370751,0.77034545,0.5891525,-22.425003519545808,-60.61896494085669,-1.5451825991856727,0.6166911154408609,0.517534453971207,-0.3353737353409274,-0.4892592510443772
3050,39950,OK,1195,1195,,7.342849,0.1491719888922427,0.45655456279611073,0.7719741914986341,0.9091966252796944,0.1419054846460427,2.2648618605920103,2.688997739790356,0.9108203421120467,0.16899923852497079,2.578137200152886,1.1099905,1.3430905,0.6158821,-37.44519890399669,-17.23275264353974,-4.960510509563174,0.7338623885827341,-0.04961643435795886,0.13891870300957798,-0.6630880771205158
22300,9950,OK,918,918,,5.299691,0.9245098887755976,0.23659809720322156,1.590669492391769,1.8549734844654628,0.05934121313368511,5.616885187311314,0.9227167492438058,0.2848428077621167,0.09567113597403587,0.8142225810252244,0.8943221,0.9511628,0.7409675,-34.76596139573433,-68.10718416947736,-3.2352123940301265,0.7250520093734628,-0.12293005845633785,0.22411354318309193,-0.639500511487947
10600,8550,OK,750,750,,10.336402,6.594326860414824,0.474841659513659,2.847638500736412,7.198587804178986,0.01867491775235574,10.006534987377021,4.40683987059087,1.1124794737981718,0.23653698166809473,4.0803019001270755,2.1820347,1.7383351,1.1265453,-35.82106057643189,-48.76626141390619,-3.790336279293566,0.2675902509767064,-0.5966204791284687,0.6745573637737502,-0.3426540886161262
23600,8300,OK,802,802,,10.471954,0.8743546039177854,0.17852350180751136,0.8188276647754469,1.2111339144336828,0.0952683655771184,3.971529351777645,0.8768759258011835,0.14153064732416704,0.11262154193095206,0.8504212653187295,1.1783471,1.1751028,0.8343041,-38.05141900810116,-56.06736103691986,-3.5888378374327163,-0.37516598125069583,0.633847352792613,-0.5567471889265774,0.3840840890903365
3450,40250,OK,831,831,,15.401909,3.4120856444398715,8.671888512282964,7.861326947376503,12.19198261924638,0.5485291954922079,5.688056716943775,4.079976772901391,1.272967505694588,0.21366991195394203,3.853915408949396,0.88110805,1.2081878,0.6237575,-30.795713366308924,-3.038619406652587,-12.210552373562798,-0.5206744473769681,-0.13965371160205356,-0.0599946301169315,0.8401164235042615
5300,42000,OK,1744,1744,,8.295607,0.4333586335150548,0.28043404278128176,3.2619208254496326,3.3025097167297934,0.024341125862242442,5.859068393746649,3.4566852634020644,0.8239105289156536,0.43873493637450034,3.247619670719992,0.62061965,0.6690505,0.5485203,-1.6732668548524874,15.792172996619996,-1.0363425397123118,-0.09947383405350438,-0.6938083547152601,0.7113393691644967,0.05226112458276614
21050,1800,OK,1303,1303,,10.450257,0.47486011711017984,0.2074753203837636,2.910355068708101,2.9561300318736277,0.053100882399271646,5.662713779430059,2.6202518361080473,0.6984489508934296,0.2529222120777984,2.4809281152767353,0.6807564,0.8197914,0.52972746,-12.161526358715992,-44.942618567712955,-1.117074596567698,0.4079625129279856,0.6350821397914095,-0.5736014794341348,-0.3181487176689852
5350,41850,OK,1224,1224,,14.300516,0.007499376027972949,0.23925322655382508,1.3731753259569095,1.3938826431497342,0.01657415508362817,2.5764742163491188,2.0572456278743636,0.5431075460715578,0.271670419013724,1.9572482704584315,0.6185555,0.66129625,0.52063525,-0.8215808702638667,18.290926743145135,-0.8700637927311756,0.098305843381358,0.7089049559775821,-0.695799261593169,-0.06044098041811644
3350,40300,OK,1557,1557,,12.97169,0.1527874735318241,0.3175296794080602,0.9326751673388347,0.9970216031479693,0.025454634748612183,1.4865692436591804,1.61587052395631,0.3967145806365939,0.34263449112505817,1.5152936213519728,1.5776054,1.577984,1.1887385,-36.430508414486496,-2.682830798008932,-5.155194938201223,0.7362956221183449,-0.0340268910916861,0.10857727978534497,-0.6670246635967886
21950,8250,OK,1025,1025,,6.3076634,2.143684076375861,0.3257683197309765,1.398787604859567,2.5803319904532707,0.04124470278219907,5.324753801388201,3.4003952370934516,0.6788381080325643,0.2909631616978977,3.2496620069093964,0.91996396,0.9772932,0.6964019,-37.78632148863196,-59.826518406653264,-3.89899956799682,-0.4115970758637471,0.574026709123707,-0.5731273871121345,0.41545900218317294
22200,8100,OK,1507,1507,,5.8421764,0.3596218334886757,0.24432652934601842,0.6020113401164294,0.7425907147903257,0.04693894978325759,0.7808523961658955,3.8287032424551604,0.7867665814106028,0.32360626979629314,3.7093364988095345,0.97816867,1.0622511,0.75359887,-36.50087638024728,-66.91017553977652,-3.449810848161597,0.6447545097751302,-0.3143356609859454,0.3406183504753373,-0.6078353836990905
2650,39500,OK,858,858,,18.226673,2.1690607861012343,1.7542571588835818,7.0173164579968965,7.551488141086532,0.14906699972994092,4.768712281542981,2.2821049831018927,0.6875398020846882,0.20420390500120925,2.163457580336982,0.89997345,1.1927371,0.64607847,-37.536471176230364,-40.99415148531688,-5.803390749852008,-0.687874216271773,0.024252045613041503,-0.05391044820041335,0.72341866470731
23250,8900,OK,975,975,,5.5174713,1.3298883723234622,0.2242222953712345,0.4358789994261747,1.4173458373747234,0.025114067957320324,3.3221083070243225,3.3353221736215914,0.5955212188861908,0.22551757037218106,3.196853453404212,0.88779217,1.03144,0.7462051,-28.52719702162507,-47.28943345785429,-2.8114771734884147,0.014322388367459547,0.7721947926490029,-0.633606851933352,0.04530373693551567
6700,1400,OK,1684,1684,,6.9897027,0.06366869743388637,0.056284037393564634,0.24306616091265343,0.25749321249124973,0.017989604791763557,1.505122005284545,0.546901606322513,0.17169244104391868,0.05343586512760423,0.5112169812684519,0.9755582,0.9732268,0.82986116,-4.202629508952168,-33.455869665823165,0.07286906499884985,0.13501993828451442,0.721882018852444,-0.6758523690237099,-0.0622859728045146
20150,650,OK,1071,1071,,17.443468,0.6261629139930758,0.31702428210388794,0.1156759978441424,0.7113123974605136,0.07770863330603717,2.5275081430102055,2.5735009518603658,0.6253845447445041,0.3413328174864563,2.425270102651769,1.9103187,1.5910419,1.2614102,3.0452751653578236,-8.60208456520275,0.5983775213043713,0.1135290784496964,0.7211467911389813,-0.6773568411916051,-0.090808389850519
23150,8950,OK,1106,1106,,5.8667355,0.5816886904962062,0.313690984656531,1.2742150292321437,1.4354050672987915,0.047424906114149,1.6758697667752045,2.6260816301961087,0.6689465927698413,0.22757451884579905,2.488856759745052,0.7915463,0.85919094,0.6144196,-25.2874250243859,-47.80980421404504,-2.291661828795438,0.18330751667827655,0.7473290973260212,-0.629881092895532,-0.10558116987345822
10000,9850,OK,1042,1042,,5.8975816,2.2858578496968764,0.20835376509306303,0.3793306053541634,2.326467087368235,0.02898218852129434,5.629834652785645,2.844255445331242,0.5528355352942322,0.32056954544091165,2.657419471372124,0.8457476,0.7589175,0.6178411,-37.33750748638106,-65.36617483743755,-3.2456679082024675,0.5861562167603167,-0.4050361834623682,0.44141835710809485,-0.545450651890216
6200,700,OK,726,726,,13.828001,0.05923506970365611,0.6620686769249927,5.052014031118485,5.095555857516043,0.03772774768816469,5.344095638245954,2.154826275390977,0.5816609801817398,0.18413224046316834,2.0239792056739887,0.9207124,0.9771915,0.6917454,1.816671765853788,-7.886538346495023,0.08934432726969897,0.09814740758082127,0.7337652666282193,-0.6688003566786648,-0.0682766635218288
22600,9550,OK,1354,1354,,7.0607247,0.408334993337294,0.08983172610407589,0.3019344770567469,0.5157243781654469,0.035772095063881,0.6892572284434013,3.0430085951508294,0.5477460870460247,0.3132618106953945,2.920756337126674,0.6115583,0.62373286,0.49833676,-25.602447519688365,-66.71669572823811,-1.794518499059585,0.6599615882740792,0.4013014609761037,-0.24021514073327296,-0.5879664323613156
23550,8500,OK,804,804,,9.9606495,0.7776945152041417,0.2433546200566617,0.4980024100925917,0.955006089268313,0.039978283566770356,2.3914341187102615,3.5413745498745177,0.6932709664265402,0.2879108137126245,3.3583750081701913,0.856129,0.8736975,0.6140009,-37.509921191026734,-54.17921332622796,-3.971718030625479,0.36316313623898105,-0.6066790010231038,0.6092482311990456,-0.3589842879228982
23350,8650,OK,790,790,,7.0795746,0.412401382908962,0.23755907370739515,0.18167308970966212,0.5094254858667702,0.01758440788479481,1.8439102397092924,5.600759971909196,1.0598222549041285,0.49844442466372346,5.311709508998621,1.2747835,1.4172122,0.9641331,-33.78357672535163,-48.93924114501266,-3.5625515348501295,-0.16541792374470926,0.7224935558141721,-0.6488564573020948,0.17211992949207877
2850,39850,OK,1467,1467,,15.89128,0.7989615399601673,0.3203551549673552,1.1096353974079722,1.4043709206724655,0.0447125399987322,2.6066361743301685,5.499417201653846,1.3889034613908091,0.7718918528985248,5.28299421520485,3.109872,2.2964475,1.8802894,-39.33272619817007,-26.02714531422902,-4.193793649236725,0.7344856605366841,-0.015999419209674577,0.10902355183564197,-0.6696183227750604
2750,39700,OK,1590,1590,,14.4554615,0.4923581444360492,0.0979089515020524,0.9661409329504913,1.0887750031568444,0.038285525713957685,1.024662454549014,4.329645895692386,1.1922171387679499,0.6437131673233754,4.068997145922498,2.7166357,1.9689045,1.5323621,-38.73081008268962,-28.420498548845384,-4.592214444811603,0.7121414054757853,-0.03132876621958255,0.09611228979225335,-0.6947197670752013
20100,600,OK,1059,1059,,8.027068,1.2422930518213997,0.2684004493888514,1.578198764701485,2.0263371310670784,0.048085622476443345,2.5707422854819093,2.980836589329531,0.7333436210060194,0.3077158971135223,2.7784669376959346,0.7200558,0.7209847,0.5154694,2.894562182112265,-4.509391308341119,0.2449837743024767,0.17914536203795361,0.7250023180331283,-0.6522048748814074,-0.1300283787786665
22200,8200,OK,1214,1214,,7.200843,1.054041801759222,0.12879668257328536,0.3811915922886452,1.1282285829251373,0.025510823481638023,2.9117496246217662,3.269199359977538,0.573194107359912,0.2723207607628465,3.157817395708194,0.96614456,0.94590825,0.6970175,-37.533806506540174,-65.89813287453802,-3.5006749637542964,0.6519495823280756,-0.3046659488368521,0.340659647234977,-0.6050548788889561
21600,8900,OK,1229,1229,,11.872093,1.4348287917200488,0.19503211199160136,0.23103445548986368,1.4663383326777684,0.035157825304021596,3.1696898350417757,3.512209070193986,0.5443714599849783,0.2310611624855337,3.3715900944931434,0.94763446,1.0732733,0.7251532,-28.35100714739423,-47.6556668903133,-2.8415799496741685,0.0566611289807679,0.7387768619515397,-0.6692001859510739,-0.05629720979505555
4850,41350,OK,735,735,,29.402716,1.6336878427066668,0.6226141880703224,3.046151861643824,3.5122109217400603,0.02489145089810656,5.86651000626149,1.3736173215300724,0.22254908011272742,0.20793922874174164,1.3229964807296648,1.39967,1.2741954,1.1272868,-13.11214082983293,32.167302557923605,-2.757522799489344,0.39202589433739865,-0.5633262728024884,0.6121834463259054,-0.39269662155913254
21550,9100,OK,893,893,,13.680654,7.946807509744605,0.7767526651424012,0.3573541417983601,7.99267141088632,0.2672172028328072,7.651399315737027,4.307751223687449,0.8542884577345237,0.2348681767989776,4.113767187839457,0.75179625,1.0483339,0.6860208,-19.71352172126846,-50.364477532769804,-1.2962820034115912,0.24289913379781553,0.7090496282131006,-0.6417204064346693,-0.1626147456304546
20700,1300,OK,1602,1602,,6.337908,0.35738853701220064,0.002373393260157619,0.08510838898621803,0.3673903064305288,0.020378504573091493,1.202853562764287,2.4632514821470486,0.647487325927999,0.26702533750150437,2.344720931185775,0.8332791,0.8340395,0.65588945,-4.27155206317293,-30.177230916129396,-0.042500075952161515,0.14275942729303226,0.724464567961639,-0.6685806248255671,-0.0881520492953819
3400,40500,OK,1644,1644,,10.77367,0.2998154096563803,0.6657767223893678,2.758271090859526,2.8532801009740263,0.0767685940159109,8.271269813709207,2.865600353512911,0.8837580784080967,0.2486383619960335,2.709043264304972,0.90015906,1.1135347,0.746315,-35.999974158336435,1.3404958412888002,-5.925721433884362,-0.695183595355084,-0.04490001092339904,-0.09785340565701336,0.7107239047404986
4750,41300,OK,815,815,,19.207155,1.7058462602725486,0.53453045231845,3.343455966996178,3.791349637185148,0.05403061062819141,5.277537732289285,1.3341891845626979,0.39738463483558095,0.09288549550930159,1.2495831022310284,1.0364352,0.99312365,0.7712864,-16.859604891514977,34.43602664755303,-3.2432907003645632,0.3405426157371395,-0.5864296103657334,0.6262773835325712,-0.3845876724867784
22450,9550,OK,1108,1108,,5.77672,2.1550333223656932,0.03692251451333024,1.5376284674589649,2.6476089583857942,0.022441373829670642,4.827629277832717,3.125077137933954,0.5653276863140531,0.3248913377843189,2.973951469173378,0.6441633,0.6667105,0.54659605,-27.342208198023094,-68.42110193907153,-1.9421296785881799,0.7566524254282191,0.16480874515018532,-0.05558740527432623,-0.6302580622177572
21750,8750,OK,927,927,,24.730577,0.5283152137423963,0.6713215957013252,3.036904875094402,3.1547711280374675,0.08696127905640036,4.943676821668566,8.042931348807551,1.3245921851197533,0.6841031031879456,7.617274347286305,1.616622,2.043032,1.5968634,-32.96985290422753,-52.78972686290068,-3.8107758317444875,0.12758472576892937,-0.6661181466935858,0.7008821860141426,-0.2208459049292207
7750,9650,OK,909,909,,6.222879,1.0218281059502985,0.17787613283020604,1.491455383292525,1.8166484957450784,0.07662164494469732,4.206735749251108,1.3749320087413195,0.23691438995085867,0.12345820693860654,1.318182416453884,1.2135904,1.1917812,0.9576466,-26.859544827085763,-67.12352373220882,-2.0928675270823702,0.6522323106590246,0.43448378050495645,-0.33191263798473764,-0.5250246262381634
3750,40700,OK,1900,1900,,8.293406,0.25285850030632345,0.2718741761164571,1.023381718701625,1.0886519788200713,0.04533074323678261,2.4607854566605725,2.162052946806575,0.6856370615876142,0.24021818116828975,2.0391392724170174,0.9340154,1.0329144,0.71914625,-34.907798129369255,14.553823256464407,-5.372196508599827,0.7239930536797478,0.030205174741435956,0.08179141886109671,-0.684274703202597
3050,40100,OK,1618,1618,,6.841467,0.06378241384345817,0.8672056046927383,1.7747957417703524,1.9763637524839326,0.14664631478272872,5.0708641625460285,1.8537218518236442,0.6138070042151216,0.26181904096617425,1.697081044196982,1.1984645,1.3848155,0.76803637,-37.68436314565973,-14.633438470239744,-6.0148265216390016,-0.6980268592064276,0.040396436681891114,-0.10512855946548193,0.7071595419101186
21600,9000,OK,809,809,,11.184141,5.779900584012887,0.5304391810338012,1.433411037962201,5.9785686990784175,0.09711084167647238,6.420538670156338,3.0250493769546156,0.6576545903751165,0.23982048246595325,2.829111802276904,0.7657545,0.8777162,0.5892418,-23.702201362366,-47.20872753639345,-1.9945047512271936,0.1005465151667656,0.7414364705222568,-0.6591893964899729,-0.07504464019837306
5800,42350,OK,938,938,,10.58808,1.5531759474599252,0.05813249957379238,0.9486756211883353,1.8209119543546874,0.018634755437463374,6.018344705988462,3.1266077994941215,0.5622223886425939,0.2594055979632466,3.011051790916021,0.9674865,1.0612589,0.8688169,2.9306590555986696,3.1948186859844667,0.2304729341018402,0.11678520764304973,-0.6887194474797539,0.6921414804552006,-0.18156791834527222
2750,39450,OK,737,737,,15.152606,2.726287351961746,0.24318888685524576,14.948354175324486,15.19687718286548,0.05937974769854526,11.245038156789889,2.57065041645307,0.8683811809653152,0.22857453316751541,2.4003579608864074,1.1475906,1.2597992,0.66198725,-37.84562275136279,-44.6519031860707,-3.719213331454465,0.7093522486351715,-0.022191561856293184,0.05044241450463204,-0.7026965808637088
23100,8900,OK,948,948,,6.6675014,1.2968039933689222,0.27728791530084385,0.9664052454732961,1.6408925265439456,0.009586765256020627,3.254546414357912,3.3427625980268063,0.5858706368025284,0.21599550903023118,3.1720171685459357,0.98193014,1.1179174,0.7633333,-25.267763150536958,-48.34644175952952,-2.2154264738833693,0.25697217100738146,0.7424345772127328,-0.5955306485262168,-0.16762890130477887
23150,8850,OK,940,940,,7.0997553,1.093383533816783,0.24098482181998743,1.4602073598133254,1.8400453173827784,0.05120233180710765,2.9285803293544297,4.3164261118265035,0.8966267014448991,0.407430001554423,4.040961409575063,0.9344002,0.9195731,0.70490384,-26.786614561696325,-47.094287209349524,-2.377090700976157,0.1981779830341388,0.7470578801066072,-0.6261833121890232,-0.1025888412407834
2750,39600,OK,1011,1011,,16.529587,2.1044733602478676,1.8336489888565624,8.167860478050038,8.631629135176015,0.1269793418239736,4.671263949028111,3.3260406988709703,1.2477028528278056,0.4572871247343222,2.994120794761926,1.4890878,1.7110312,0.9038947,-37.44769242556708,-37.697521928911556,-6.375673401171822,-0.6698996419455083,0.03176834764118042,-0.06691383978186777,0.7387474398297942
21950,8300,OK,924,924,,10.346407,0.2351838827281587,0.15704980162707918,0.828767021015965,0.8756887997513011,0.06893642571311222,3.5649152717671777,0.8915971992922462,0.1405646176207847,0.123975086902888,0.8556277672895594,1.2106485,1.1641129,0.820873,-39.01668101974677,-56.89675455790867,-3.6625297320806363,-0.3995619097578257,0.5922848451569296,-0.5693223992798824,0.40671974152518
20050,750,OK,1552,1552,,7.729273,0.07927962426029422,0.26499302920522516,1.9984343583326227,2.0174851793543707,0.07657171186022255,5.832247386263302,2.1847500424970345,0.6645351687356271,0.18720864462126752,2.030909575638929,1.2528307,1.2903535,0.7503206,3.8585934158595396,-6.505661111623742,0.06192329057173951,0.1869235788336953,0.7181468356415321,-0.6598698534576095,-0.11788330938640203
22550,9700,OK,927,927,,6.463708,2.53971396476787,0.001570709242447288,0.9820313994830625,2.7229644065861605,0.047208053851378516,4.683670212718131,4.441267172337268,1.0887137864303271,0.3760027715822845,4.292995868573406,0.66223276,0.7456175,0.5461463,-28.36123225937734,-69.27743559049807,-2.149050889477116,0.6927243380318321,0.34752757636640597,-0.19116866266999916,-0.6023388727088897
22050,9900,OK,902,902,,3.1571627,2.638461720248568,0.15280723376297553,0.7254815963976442,2.740648435428922,0.11035918109346818,5.990323042496628,3.923448872331881,0.9027857830728985,0.4880845192890212,3.7665401515340022,0.6837398,0.5996455,0.49507788,-37.64812535116275,-63.82822172009996,-3.4714442054376558,0.5194139491189104,-0.5165059962398789,0.540125857566806,-0.4143606681342603
23000,9200,OK,887,887,,12.143696,0.8156287680897747,0.3072843819690988,0.33986040265360024,0.9355100598227909,0.04144756908942771,3.2470046207384327,5.037152902542648,1.1756149224535717,0.31029337964443315,4.614125292801559,1.2004979,1.3668193,0.9864277,-21.815833478621375,-53.34588431868584,-1.84541952167497,0.42418102745732394,0.6699919150306374,-0.5152687671412406,-0.3250836620742019
30900,27700,OK,1141,1141,,13.602781,1.3189908607696874,0.33946166993156535,1.214013134283976,1.8244996591834954,0.10753444817613032,1.622914576416387,4.516712150295252,1.376767708941457,0.45604096004159733,4.118843981927571,2.3947046,2.2088532,1.5500666,40.30658129636355,-104.90569851957747,26.688895066422734,0.24088117315197274,-0.5894530944606206,0.7272853167995021,-0.256080803301567
20400,950,OK,1375,1375,,16.737875,0.4124349795144805,0.042361701688887116,0.060781283191680524,0.4190363832455548,0.04120972816978961,1.2106781520567493,1.017910943205469,0.21332516013465042,0.16716136989352148,0.9623722360637563,1.6555703,1.5486127,1.2411274,-0.3281247957225919,-18.13953922516001,0.19104524864152062,0.15425139392408288,0.717264662378403,-0.6728983147068204,-0.0945820788542617
5100,41700,OK,1491,1491,,9.161491,0.18949423630105044,0.059417951759296636,0.37671525028526764,0.42585553698417533,0.018737407589828337,1.2895870545220032,0.8052571693683639,0.3442727691517364,0.09950599695988416,0.7350071394658944,1.0215479,0.9970441,0.7947429,-1.0038895185229961,26.586709310923563,-0.9243466876083014,0.226220243225097,-0.643814857359744,0.6719490363068792,-0.28776956684869726
10050,8100,OK,917,917,,8.606226,2.9917189985124977,0.12008759484951889,1.2277413555189747,3.2360705234201763,0.040788077331349495,6.54003458225744,3.842072931462559,0.7525193198320834,0.30568502093347005,3.7268523251232586,1.0675547,1.1717677,0.81582654,-36.86739642431147,-64.03557954212432,-3.692896567955068,0.546509139526876,-0.4461719639565206,0.4628697684513898,-0.5366655536239787
3650,40650,OK,1659,1659,,9.195028,0.28239711776525556,0.4804878370977719,1.575766947974813,1.6714239940993056,0.09856757881818923,4.417266161736301,2.191708354485167,0.6721019945006779,0.22182241458050067,2.0430256786562575,0.89132404,0.9886059,0.6867521,-35.25225901354158,10.85043561919642,-5.686367766917067,-0.7001914568283789,-0.025096673023697284,-0.06911026738596995,0.7101590327029107
7000,1600,OK,1144,1144,,10.906761,1.9366658019527718,2.6347616538091443,1.4267615676282017,3.567673187344569,0.25293541172337464,2.1181439703722624,3.3104513235224315,0.8735587028367849,0.34947996744686277,3.0766249422468324,0.49504885,0.67919564,0.44772744,-8.005053797707829,-44.32744133557071,-2.590461147052663,-0.371600550237444,-0.5679111670791158,0.6148799357157795,0.4016374011770123
10100,8450,OK,1064,1064,,9.826182,0.06984989007496711,0.3522071321720122,2.099887835608007,2.1303656477775825,0.05050782613910585,4.730877680822991,2.2508057427392565,0.25283908010457423,0.1727574654102354,2.197214442821707,1.3751899,1.1202394,0.9070447,-41.130985982031774,-59.79411714113883,-3.362387859018008,0.5796293024948795,-0.4393104680353844,0.4533062469097606,-0.5153150792247575
6350,950,OK,1209,1209,,15.244791,0.30367763736239445,0.05193170348413648,0.1343953955376196,0.3361236849769493,0.03431820398992572,2.159571295831529,0.9184677025639265,0.2436276108787041,0.17270745963531275,0.8518274031554971,1.574386,1.4771097,1.1890146,-0.7961998364808902,-18.84248192420278,0.1054402778644952,0.11199510297991419,0.722899443314039,-0.6788155530918428,-0.06389786103921156
5850,42200,OK,802,802,,13.709486,3.6481675864893726,1.0778367714350003,3.4171242261290353,5.113472090641258,0.08940862250483544,10.14543489881642,2.2326623316177847,0.5929853763868771,0.24641505063030378,2.1226840305519605,0.79725206,0.88111,0.67981213,1.327363428132414,4.09917834358084,-0.5293730909929408,-0.014301465607557533,-0.680418912392171,0.7281208558127777,-0.08164307117569267
3700,40650,OK,1953,1953,,7.516607,0.3742570792372635,0.3905353327511656,0.9642181412179192,1.1055780530292785,0.06974690561301876,2.338543211579732,2.150829892171696,0.6542942768630855,0.2139744805466659,2.0202875266651112,0.9122945,1.0094213,0.70994717,-34.97329309961677,12.332845524925993,-5.433706088495415,0.7100280483358263,0.02788923056943012,0.07260287910236166,-0.6998651179625333
7900,8000,OK,996,996,,12.746404,0.22248398084795262,0.10664335141443598,1.0898174987543707,1.1173961279358757,0.02311280000296383,3.7336292815261776,1.3853963350784688,0.25744971135521,0.14055116140083518,1.3347912871358036,1.507571,1.5165391,1.2859702,-30.31126794036112,-68.57168241813444,-2.502554969155145,0.7284923487841071,0.10067426494820692,0.025810791640920025,-0.6771243557685858
10200,8600,OK,827,827,,13.787753,0.39391305391935205,0.28219494514232746,0.3997897485136539,0.6281984751084344,0.05801414162756763,6.3340891654077955,1.7156813648070208,0.2874940736363216,0.1671025731617879,1.6584016272351652,1.8648087,1.9019573,1.3694744,-39.577396103064515,-55.79018777130121,-4.155772659830614,0.4971620513671006,-0.5020205357784014,0.5248118392540752,-0.4747397283943889
23650,9950,OK,844,844,,7.8163643,1.3024153760331245,0.021139259452398432,0.43792203229846915,1.3742301067834755,0.033153349740464945,6.366731034575059,0.8515880222347627,0.2555819825005512,0.08527225042732761,0.764922332991125,0.9726152,1.0308226,0.77297723,-38.18324474723039,-60.33050533747108,-3.5739542764846615,-0.4801563419915793,0.5521342731749993,-0.5353174782000237,0.42193936669188375
3600,40350,OK,861,861,,16.35618,1.0567690701902301,0.6856478138248846,9.227482623891937,9.313071961847026,0.09182768386651897,7.395169645700656,2.4470792859909443,0.7292597371119292,0.18478065284092743,2.281113159305294,0.9220225,1.040676,0.6307723,-34.820211337507246,-2.092039668418181,-5.618179157308315,-0.6715162354224433,-0.0594748810857801,-0.07881879740085539,0.7343815638073882
7950,9650,OK,843,843,,9.544328,0.11022059594203437,0.08955749902007937,0.687782664484892,0.7022920467771839,0.04025328427893597,3.4193688725744007,1.4959443354021547,0.31436862467821947,0.17782321167614495,1.45021820887768,1.4996961,1.4424449,1.0732052,-31.574155321665376,-68.73669206907708,-2.6900475597875975,0.7146001992056445,-0.03175489730525028,0.13416419095583912,-0.6858120381398616
21250,1800,OK,1104,1104,,11.29173,0.014527278768664068,0.316921151347037,0.6673584449058796,0.7389298694644492,0.026188240420995424,2.406899935615583,2.1105798510212206,0.5970070318778674,0.19512706197554341,1.9822871162003035,0.7434053,0.8821113,0.5858787,-15.502423923115131,-47.75592718138758,-1.2313436077830855,0.3732623711273542,0.680004464581949,-0.5747575805395476,-0.2606201336453646
23000,9250,OK,786,786,,8.489286,1.3792514867423806,0.5314300525719228,0.7942058962207905,1.6779498115407188,0.07742790248953245,4.854780829491122,6.517118598613604,1.599147263154379,0.41919694113711925,6.002203869231097,1.053974,1.2415338,0.850478,-22.582218958198123,-54.32880524868823,-2.3076958995552523,0.4105842577312553,0.6660396681854204,-0.5266259607052431,-0.33238054277891904
10450,8600,OK,1231,1231,,22.152618,1.4718348118254652,0.19084664159607406,1.9196202049559017,2.4264504703753467,0.0406742838341845,2.9505424615589635,3.7604928238887565,0.6607217895908615,0.43437553376379384,3.6151655529174116,3.044268,2.5098217,1.8563186,-37.49538311076553,-46.830228470179335,-3.484948122928543,0.22778618600320202,-0.6428279837664964,0.6491308873812099,-0.3369194678265099
3200,40150,OK,1470,1470,,12.361162,0.4792277235361053,0.27711191104146304,0.09899663275493265,0.5623615878982707,0.04467666923729016,1.4025273364229651,3.5937694647059386,0.9529734403265331,0.4419591348959131,3.4026219786936225,2.6132586,1.9224284,1.4920491,-37.67683661716534,-10.050541417617998,-4.402420516167522,0.7543037241116857,-0.04667454721781814,0.09817057040412312,-0.6474642210499224
4000,40850,OK,1213,1213,,17.844936,0.5883073743509054,0.48758215773650804,0.664208418848723,1.0124301215037836,0.06161959254591657,2.067704824089984,2.6735225482139087,0.7381947785264711,0.21905565756797163,2.5535293740618457,0.763889,0.91653776,0.6476144,-33.772375930219134,23.482521117174063,-5.515024520878292,-0.6979844182883435,-0.038888553226199815,-0.09083971585083969,0.7092627004705623
3450,40350,OK,1651,1651,,8.807967,1.3712324305621824,0.9104959095623584,3.4444206553643606,3.817501123910235,0.10477700595541053,1.525386056218516,2.8744330202475856,0.8066628147531514,0.21763967066415568,2.7103299230710696,0.864829,1.0372247,0.5986035,-34.98983619208083,-2.778954156675527,-5.651146899232184,-0.6858091712283282,-0.027908642084620343,-0.06494929572712736,0.7243400288128886
22200,9950,OK,1541,1541,,6.668566,0.3128789604654203,0.31365255682071125,1.1342626083946383,1.2177121314597716,0.03544582290700509,1.82849764636366,0.977328336798007,0.2984815009265519,0.0721136535173984,0.8749090384549978,0.95408314,1.0195715,0.74774635,-36.49379584670963,-66.09497240157472,-3.631637631343852,0.6483732583719007,-0.3082818539263871,0.34782137638444427,-0.6029881478917682
22800,9450,OK,932,932,,11.339709,1.8112562384757482,0.12674251078003684,0.6349938493433086,1.923520214128247,0.03857097881372565,4.298597399593449,3.343345511922959,0.7343563919793121,0.32146494754438004,3.224625976457278,0.71257776,0.73640186,0.5611913,-22.989740289901842,-61.86459658387883,-1.6162361799450924,0.6413891071359038,0.4894011627953507,-0.3044094631360465,-0.5064004283718476
22850,9400,OK,893,893,,11.56465,1.67658392453296,0.3431448382007879,0.9707390278215641,1.9674898465105588,0.04181538809916217,4.48629301662427,5.012778432431415,1.1856430817510892,0.3577101352385629,4.767228870561485,0.83104175,0.9601391,0.6499748,-21.728756070628204,-60.0013234108869,-1.6494494889149633,0.6138012877536151,0.5151218534810798,-0.35020782451925714,-0.48502776710587403
3650,40450,OK,896,896,,35.211037,0.00883843535157769,0.06762707425943651,3.564778138053401,3.5654305087402602,0.018703933914990235,5.0582405227749,2.8665977744389037,0.6233760546240931,0.3404914497298992,2.7589465853868953,1.6749356,1.5262207,1.4332165,-35.71951307083376,5.699301874599271,-4.760950299227661,0.7263062809278965,0.046111504737104896,0.08394745592998715,-0.6806656595263569
10350,8550,OK,1176,1176,,8.78899,0.0011403466525418127,0.4711031253158115,0.9331841363970045,1.0453573970158896,0.05589409274143355,1.3610718424311772,5.326630262616275,0.8994803997583386,0.20497408037129378,5.012710443188816,1.5429333,1.6976235,0.9549781,-36.9317413490269,-50.52375886191157,-3.981132703787216,-0.1675490987760445,0.6708799874951203,-0.6540448293729383,0.30671273701691343
30800,27700,OK,1275,1275,,14.54844,0.10805460640164971,0.16679888904367435,0.605029712080327,0.6368348450350553,0.034840577623753186,1.0983808777824113,4.628777433434413,1.4421797784927444,0.45027135901691356,4.324585383073766,2.4898505,2.250229,1.6474708,38.814575841141654,-104.07213204503766,25.708517595685997,0.15551423267625536,-0.5941781635033658,0.7564964689077001,-0.22467916232054969
6000,700,OK,1807,1807,,7.3229966,0.0036318347187294098,0.30303198729365904,0.8800369660172831,0.9307559492710605,0.08104484636007499,3.1679492766453943,2.111633499509032,0.5667080894218703,0.16246426086536203,1.9789472449742878,1.0632035,1.1194627,0.74511856,3.4500700317795436,-6.078446170379111,0.05706167389112407,0.15930158113623716,0.6969428930273908,-0.690756040740897,-0.10839604368271996
38900,9700,OK,796,796,,13.836409,5.8820290538805775,0.15051744080607066,6.231034667654696,8.570105852333256,0.06831517309697346,10.200237073807743,4.073784936064671,0.9817411826253224,0.3182961692477379,3.8333259947415885,0.9302783,0.9732798,0.6787005,-32.725792876139,-70.15349155357863,-3.0196823471284677,-0.6821448113778869,-0.08283876710626868,0.0005312161558525298,0.726509403093956
20550,1100,OK,1166,1166,,15.309414,0.26430105424102446,0.0335409700572238,0.21961650454600568,0.34527011601686913,0.03219920443216363,1.7064089024472553,0.6538703198622962,0.1593064821419472,0.13172359038320103,0.5989879344252165,1.318611,1.1910625,0.96479,-2.2801603911037183,-23.984557539222155,0.1927082445168793,0.16470821738000255,0.7114976158351689,-0.6762314634569698,-0.09671273762652459
30850,27550,OK,708,708,,17.254076,1.243912039993553,0.09826188317129213,2.4202007252061613,2.7229293254166036,0.016984101397882524,4.251183949733035,4.820134968850201,1.3241534105511419,0.573731755045161,4.479963309539945,2.3006155,2.0542977,1.4969633,39.162288651518246,-103.13740928539144,25.43036890601193,0.20185643825649283,-0.5788669152383291,0.757281464264268,-0.22514852133343002
6150,900,OK,1396,1396,,8.976345,0.06837397552014436,0.11138246537467428,0.9273596917680305,0.9365239196291072,0.011491542726404349,4.213360640453732,4.935656602684383,1.153493397124405,0.4007780725113447,4.597116955091723,1.6222084,1.5905287,1.0335469,1.2386876854083555,-11.870042736751707,0.11746640709797962,0.14386523271620397,0.7152983824741946,-0.6788997413744763,-0.08213501084788673
21750,8600,OK,911,911,,23.217373,0.32864852123559674,0.11069897884163218,0.4960218756772272,0.6052287299668442,0.030595552777210735,1.7234513346701326,1.5955508865620391,0.2880628864458692,0.1630831149106266,1.5362386930332872,1.7242473,1.7147701,1.2879572,-34.473890654574056,-50.68278806829132,-3.4082762328755014,-0.13504321007016654,0.6900939776321625,-0.6827628587506619,0.198414999837182
5400,41900,OK,1060,1060,,14.180513,0.214871993905324,0.10864129986961443,3.5498991668729207,3.5580552273351893,0.03100898669225871,2.3705356845032943,1.2290285171226876,0.4125305316995582,0.1658509937016125,1.145212109391697,0.97111344,0.82305557,0.6261362,-0.49430269778223956,18.229158731693165,-0.6531312146857977,-0.15909639631479366,-0.6782596800805655,0.7121994941785921,0.0861627735649959
22050,8200,OK,1058,1058,,5.27669,0.7432179762502504,0.2233987832327264,0.4973888795983076,0.9217785385435269,0.08242393070126103,3.2573543446929687,3.062119452933027,0.548176444497317,0.2825527086899622,2.964332838756734,0.9418761,0.9323677,0.69213283,-38.04464271997772,-62.06843038154947,-3.7002929360988337,0.5174717064124575,-0.5130486734726304,0.5244149259254461,-0.4404464521109941
21950,8550,OK,844,844,,10.122398,3.8064589448695907,0.7381239020133727,2.3613685286194057,4.539825758953238,0.040047267193651315,6.223492026841394,5.1608060997037395,0.8970715780973145,0.1987323669161184,4.9279112628526285,1.6414456,1.7837696,0.9820661,-39.50113425641953,-52.99492463170487,-4.594733174550892,0.41446171247998626,-0.5640519983538658,0.5875186412394046,-0.40606486949423704
3250,40300,OK,1317,1317,,11.355921,0.12848570561373918,0.1599009532550797,1.0537022671939198,1.073482817416539,0.020347148684781196,5.453115212867979,1.5287011772688386,0.36495884291254643,0.3113926815541972,1.4359057569706222,1.4691188,1.5122503,1.2057668,-36.91588616455302,-6.876730239491373,-5.017421339690373,0.7552612688580976,-0.027993546075511484,0.10678783343176752,-0.6460596998512783
30650,27400,OK,880,880,,13.724271,0.371350734306247,0.37094890775428024,1.520326355522134,1.6083832526264057,0.06150550941650699,2.2523925743365285,2.013412163418649,0.41636956748628506,0.22491746105975985,1.8868812635590384,1.930327,1.8080649,1.295518,36.80922271933288,-99.25955261242878,24.46668598887829,0.12009395681623733,-0.6023431554139508,0.7679204953337506,-0.1818193540538291
20800,1400,OK,1303,1303,,6.871901,0.051401607844650865,0.08401621496941034,0.07339137175879865,0.12282973221268388,0.027543167371500126,0.7205970363901959,0.39082191543697675,0.1612844894656873,0.06190663939316976,0.34074891561060827,1.1153405,1.0966725,0.86193573,-5.5275172309869856,-34.40355960246831,-0.13162220144425976,0.07189186762243119,0.7411992874827776,-0.666985649960276,-0.024193353464321506
23350,8600,OK,918,918,,9.662195,0.1089180546596249,0.06747987692498486,0.9225961094097531,0.9314506200108846,0.010596187242681672,3.2939857715068173,1.4587758004002986,0.3129712619838714,0.14391404034111105,1.3872534354744395,1.6586196,1.7050824,1.2876459,-33.150773925173425,-49.4466109302828,-3.4343741015177414,-0.167300718017526,0.7208132198603191,-0.6482380760664063,0.1795164854912881
6300,950,OK,1744,1744,,11.2623625,0.043957941561657304,0.08155743300257673,0.13200267358690163,0.1612718863856871,0.011710197578283975,0.3116227759500358,0.5236183314245528,0.1381809461691496,0.10556573561924987,0.47651853525794596,1.4368163,1.374395,1.1346297,-0.37794746435588905,-17.024039234738794,0.07783866891938171,0.09131160801102906,0.7204404725721987,-0.6864286856090475,-0.037991779313720865
21200,1750,OK,1205,1205,,10.408205,0.1681255060916746,0.3355643214922259,0.6284041848285093,0.7319572522812402,0.058836710268486615,2.216887958000081,2.369184498851541,0.6119710088187272,0.29306682280376634,2.2438547265733817,0.57080877,0.7209936,0.48679692,-14.091094464038694,-46.28076437210644,-1.0635969478495804,0.3426128022947923,0.6760978025495038,-0.6143145827386539,-0.2193759843877071
22950,9150,OK,1253,1253,,6.3665724,0.279289047574416,0.3419943318232069,0.06082982111223734,0.44571601074088973,0.042614959335660424,1.2968093197254298,3.5057241818388345,0.7367373000151323,0.2751477983182835,3.2952258377625334,0.6677435,0.8025215,0.55638283,-22.10211075795838,-54.245700304026094,-1.9258202339459431,0.5095687000132069,0.6189590472746485,-0.4475953969086918,-0.3960906442089495
20200,850,OK,1481,1481,,8.02914,0.38021063221543827,0.21822858208118212,0.2682286107107763,0.5139362085810453,0.03640497380690803,3.2846410699420687,1.6278012487884708,0.5936487050813422,0.15278891717745635,1.4153114160621527,1.7137228,1.4851576,0.9551466,1.5728617925279,-10.362090146254051,0.09721731412785473,-0.15998410809312746,-0.6944273645228484,0.6979836246607579,0.07067234441369383
21800,9500,OK,896,896,,10.76955,1.4707452377235142,2.1116070734881363,18.235050355825198,18.415727991762154,3.126716406525482,18.15989897124419,1.1151043923846544,0.23061302753217205,0.11324129876493855,1.0626503077440632,1.228352,1.2491972,1.0854579,-24.907016248440648,-65.89840966910577,-1.8918982728028344,0.7247268868730072,0.28770131119129616,-0.17598529836618937,-0.6008561140082803
14700,28850,OK,781,781,,24.485111,4.001508985867435,0.1406844125879107,4.362676516872828,5.921554919005368,0.11032806443691785,7.054005331537911,0.8898573002898282,0.21307708914906498,0.15285292058132027,0.7732644340237584,1.5382196,1.4690363,1.315525,62.253096733125815,-67.80076301631324,28.77305475612285,-0.5661227092114313,0.2867125501982961,-0.43479106823699537,0.63895048216214
23750,9950,OK,1257,1257,,7.435601,0.16939128380356872,0.13864897909050766,0.4795273969151804,0.5271275659873141,0.019974678962605227,2.2770942741015188,1.04531642801165,0.25630893921269,0.1036048397511472,0.9670601096665927,1.1048298,1.1665106,0.8320747,-37.548086579298925,-63.16139376591047,-3.6875921283393107,0.5224250175341595,-0.4634007041671639,0.49850964126017455,-0.5136341363290234
3900,40850,OK,1459,1459,,15.099485,0.5582954429824759,0.3302495661284125,1.4589176361335117,1.5966211969670194,0.027017127179276068,3.1641639563452744,2.6915746828526133,0.7263231262972631,0.19844201031844377,2.5883647921889903,0.8545669,1.017429,0.67693007,-34.08632718229842,21.32094168351418,-5.566526700985195,0.7278657143958732,0.009138344299090639,0.09674692869137456,-0.6787989571730666
20900,1400,OK,749,749,,11.592304,0.026345366659985596,0.11801664910040988,0.1445907729126148,0.18849005125153342,0.032039346429269026,4.284515120750499,0.7867852584863022,0.29972877269278275,0.08186917699991669,0.6926644222837779,0.98218435,0.9746263,0.8426256,-6.188099511454457,-38.48260293368907,0.035125233130976125,0.15171458548892783,0.716865399886032,-0.6761559910998506,-0.07680988670699118
21650,8700,OK,752,752,,8.846498,2.161896509143499,0.12982782416718344,0.054160910015700114,2.166468366800808,0.09753565993236336,2.1956574887632963,4.252919850692528,0.6295189788565523,0.40774489941330516,4.064148242175001,1.0317714,1.1764709,0.86406887,-33.73057187634394,-48.374783825740934,-3.226640405774734,-0.04157792239579288,0.7259800497072577,-0.6834511941187554,0.0641771692577997
7950,9800,OK,941,941,,11.484436,0.07959642075677298,0.14517323694593426,0.37096531784492404,0.4062340778005153,0.009996310285585775,2.238438601196492,1.1655695693520378,0.14646677245069517,0.1707946712753864,1.1287464547296397,1.473597,1.4674948,1.0910327,-31.836948454909077,-69.14411905471627,-2.733902819677653,0.7107982622083654,-0.02281433669734022,0.12266250693535477,-0.6922421872978864
7900,9600,OK,1166,1166,,6.1324987,1.6503272047327306,0.110782788666038,0.8462311343039162,1.857945058824632,0.02765541262384886,3.423094261263562,3.3482567566688344,0.758558661534392,0.33217312832781365,3.2115915306090903,0.78690106,0.87709653,0.68461293,-28.45992344740803,-68.55691025034749,-2.2166204879596867,0.7265320062264461,0.08720450468227216,0.006024598358730467,-0.681549941314876
5850,42350,OK,869,869,,11.291484,1.7735440664317697,0.19181719072164904,1.5108278731695344,2.3377025586198217,0.03987393775186764,6.295144920834773,2.734461943471306,0.5187862091676081,0.2664957244498871,2.6413410144028795,0.9913865,1.0728155,0.8431248,3.2158465089482284,2.245515425781106,0.39024758283518257,-0.008635891467957946,0.7159415245066153,-0.6964371687632087,0.04825375457705963
10450,8700,OK,805,805,,11.528022,0.6278627103043173,0.2705015671347262,1.5955454525235675,1.735842150623628,0.05740079597088892,1.50171405923612,5.3824387459183844,0.8430249185800487,0.5256278683950076,5.122743059237639,1.3906094,1.3714738,1.0209185,-33.47648261326925,-47.69129124480118,-3.3247586386115144,0.21395629238762667,-0.6340307806294584,0.6719470013014452,-0.31735611165398375
6650,1200,OK,741,741,,10.954695,0.08720353991936824,0.17125092563875965,1.9435225578138735,1.953000581064425,0.028935485852583213,4.551773397772795,2.5320010946632165,0.5484127886661248,0.27532753003253996,2.4381432222722745,0.9711359,0.8857233,0.61558735,-3.068861396553769,-29.366555739126067,0.2537887403485241,0.11435908463506352,0.7259748088018146,-0.6756444659938078,-0.05819907489420396
4700,41300,OK,1064,1064,,16.08398,1.0984828947450134,0.2520730934423589,0.1990591577494698,1.1444780743941374,0.03889742849917836,4.816849751876165,1.4450830819975415,0.44159954256818224,0.10757231439620718,1.3804968075947315,0.99589676,0.96855533,0.7486157,-15.266674868797374,34.4812228029152,-3.025007995353419,0.3522085819502695,-0.5955576380538862,0.6068869257267163,-0.391086274290254
3400,40450,OK,1728,1728,,20.711246,0.17548059767576918,0.13898374920934647,0.8777668314827798,0.905861210758166,0.021482142219209806,5.946010649961773,2.9474251071172692,0.8162517772460314,0.36282386294899277,2.78716622345319,1.7002966,1.5499516,1.5225698,-36.6165433535776,-0.5702140035890961,-5.061302158006619,0.7191423437162572,0.050755480786723914,0.09457296500571678,-0.6865232151460172
20350,950,OK,1975,1975,,11.191911,0.3475423985347815,0.03200980053408342,0.022396404990587926,0.34973124691117197,0.04049944989852539,0.9682441367505914,1.2557503794426559,0.32016667363698104,0.2139406975724667,1.1807600378251735,1.8699148,1.7003307,1.3155453,0.38346940396318097,-16.158324422251674,0.2606245053604335,0.15306611796561792,0.708829654975845,-0.6845504683745401,-0.07430975713833111
20300,1000,OK,1606,1606,,9.1650715,0.1029241991011538,0.23042277026501656,0.3538192746549216,0.4345988068719856,0.042694695950665044,5.106905165674815,2.3034058757842955,0.5454577102198557,0.17072862205331907,2.1571468832390064,1.5307587,1.5932113,0.89808804,0.6048431377534969,-14.418397129366296,-0.09755637226607966,0.15724626158234942,0.701395543929086,-0.6896376784111934,-0.08785087757339968
21900,8550,OK,781,781,,9.933754,2.406823378148619,0.7605732351786564,2.2201801412580924,3.361617211895141,0.04469197289426655,4.327999684669429,5.216528965429218,0.9220600489232063,0.2086128838740482,4.958325090563743,1.3399856,1.533811,0.8725194,-38.64897660726121,-52.31611075779773,-4.4401807778673215,0.36111164199121015,-0.607281998968486,0.6104425023599848,-0.3580040601162672
23450,8600,OK,710,710,,10.221447,0.2985023874457996,0.12799386755923792,0.3754200660386102,0.4964134682178239,0.019854988106629584,2.0499010861392795,1.6749026112332317,0.3136809212015579,0.16849049862391502,1.6097030663411531,1.6013509,1.6090442,1.2612993,-35.476700202909015,-51.56141968221747,-3.5322620513762444,-0.2946141274663223,0.7000789009483319,-0.6006446694946384,0.24963579341094078
5200,41850,OK,1652,1652,,7.2773404,0.2821089917473619,0.11582088836212814,1.3306371882723562,1.3651356299720068,0.019485343786791745,3.5927544177376247,2.218598487841417,0.569045009814765,0.28005801772199634,2.123230547068503,0.66687673,0.7047618,0.5103845,-0.2648180988742566,21.718518850714414,-0.828528827641993,-0.025221217756184255,-0.7023596689122481,0.7103179915636434,-0.038770304633367274
23500,8600,OK,872,872,,13.358406,0.5241203110299626,0.045278092026415154,0.1502739352373348,0.5471146695743151,0.022152404424977238,3.6368327101210896,1.601034001194023,0.28077910044266874,0.17126167450138552,1.5211129098179503,1.6255376,1.6574928,1.2699366,-36.421285124547055,-52.89029606428028,-3.7152795493084696,-0.33553614682536853,0.6404246895356692,-0.6148988681947214,0.31491442186660373
22950,9200,OK,1276,1276,,10.03924,0.37766134854204736,0.20928004884159224,0.13839050256965668,0.45340728294461613,0.03617085545139915,1.6061229192142692,4.681065926999054,1.090377471530829,0.27576585096785206,4.283688737301988,1.0634943,1.2114345,0.89636564,-21.808575323820488,-54.86978620952502,-1.7674970868856363,0.5059772983818179,0.6238381899626312,-0.44410766154066517,-0.39696507557626154
6400,950,OK,975,975,,20.786419,0.3233959624811693,0.19064329677325076,0.4008835731547302,0.5492153078520295,0.028187812804908854,4.191182881562334,0.8292899281898518,0.23296930123805942,0.1648572127978487,0.7616872778665322,1.4840338,1.414775,1.1600236,-1.2249480176936949,-20.58518079099156,0.013451560070751545,0.11702422989789231,0.71373946175344,-0.6883263874626109,-0.05557062781170116
22550,9300,OK,883,883,,13.327761,7.672250163783948,0.9789253640145623,0.633182874409222,7.760324606383356,0.21166122246583152,10.123402959469301,5.429085726012456,1.2893437128080425,0.355478592279562,4.9878762853228675,0.9892577,1.1611362,0.76443183,-19.34344719043135,-62.642354855781974,-1.5815136590591519,0.6605598607989202,0.40595387841368996,-0.27900029864276366,-0.5665871091539614
6950,1750,OK,1401,1401,,12.097233,0.5109662825883308,0.3731028745195894,2.9549635791115647,3.0219368045663604,0.027051370396609518,5.746977675817921,2.4180555710702683,0.6384448666608974,0.29935865907988185,2.28723737219185,0.62023,0.76658535,0.51737636,-10.579812693578408,-43.94563523677906,-0.7938740410205958,0.29608310067925486,0.6658118972586717,-0.6339755252467546,-0.2590450701114924
21800,8350,OK,809,809,,5.193127,2.349345552816832,0.2698403705500545,1.7640401538071058,2.950267109324614,0.052903334426702905,7.619185047528281,3.7661806210949584,0.7396405460642776,0.2747504221425888,3.5842990786267634,1.079976,1.1938535,0.8582372,-36.7877200457585,-54.93444506029352,-3.8860779962012697,-0.2063165086837553,0.6847727673481592,-0.6642595570495129,0.2174373385857976
23050,9350,OK,791,791,,9.80983,1.2279453217135892,0.20420956129983292,0.008416861566699296,1.2448381828989634,0.22337369801377235,9.72123364436558,1.4415617468645188,0.3639518886992015,0.12630622789770612,1.3456701295468325,1.5854795,1.6402591,1.2570149,-20.848618087679938,-52.20308386441766,-0.8852649222981444,0.3874972512685093,0.7026457834011082,-0.49910405070594266,-0.3271542906594875
2800,39850,OK,1635,1635,,16.749853,1.6455869388278852,0.40076413694248336,1.0762866826389903,2.006729002612517,0.13163768018297764,4.654572462915483,5.476266010499706,1.4262011462640567,0.7611058083353521,5.258605175952935,3.0920026,2.2793167,1.9500914,-40.714083710113485,-27.778046155319192,-4.314330519083855,0.7269146951999815,-0.01766620693068229,0.1463748609267682,-0.6707140457181956
3250,40250,OK,1080,1080,,6.5518146,0.4609622456413156,0.26687681247185413,1.2299099706933128,1.3402939830323224,0.06515976678465454,3.306914875274234,4.097255157393001,1.265319653307892,0.21070919246390551,3.854318704656256,0.94405097,1.3229411,0.62138814,-36.32453472745644,-6.811176903909874,-4.9949689225047,0.7613357362894366,-0.05102807718088052,0.10005447547413143,-0.6385555057514107
5350,41900,OK,1512,1512,,9.842278,0.0024936800154935906,0.10528341159672097,0.16667684564535606,0.1971597983153515,0.01924101418556321,0.3472530296562067,1.8850743205138012,0.4785700838090562,0.26537252128918976,1.7961586721177718,0.7094476,0.675744,0.53001374,-1.1699267395966477,16.787323124700194,-0.8046633716325299,0.09768292703884951,0.713741518736578,-0.6900453273603229,-0.06977489795700782
20250,800,OK,1235,1235,,13.785063,0.39691367765298124,0.10100615247526507,0.3344585405491631,0.5287771039787439,0.057926821159201274,0.8057083897529752,2.059565691886558,0.497815593889825,0.2531050101903056,1.9417216092842402,2.0580125,1.7140253,1.1968971,1.8329152545695515,-11.913676711127627,0.44854901463681657,0.12015049825859793,0.7154672848997198,-0.6831336818794128,-0.08365879922824157
5450,42150,OK,1264,1264,,4.6535025,0.2145985886246042,0.08022605783377229,2.205956094555382,2.217821242954728,0.036762277070672505,5.659016800347779,2.203658130302654,0.6040079024013044,0.23566649094077485,2.0504954223265153,0.87631416,0.87439543,0.6885569,-2.6813669655412866,10.809654162479966,-0.8711120065803204,0.1399224532262959,0.7177140385803487,-0.6792833793736248,-0.06230855811659432
20700,1350,OK,1655,1655,,5.6144047,0.4701705650805942,0.04614139853322613,0.44620844805728455,0.64983949406334,0.015937414270070262,2.525244846944807,2.77399717949515,0.8450360671225643,0.30738032730247244,2.6046171426884523,0.81231195,0.8329027,0.6322477,-4.3188368053040715,-30.72322133449647,-0.13665866026817405,0.13577480018942611,0.7248844871384227,-0.6697058655927797,-0.08718794372052295
22100,8200,OK,1501,1501,,6.0694013,0.1873891943241165,0.09928500975516602,0.22668112309192,0.31041352238222336,0.04135100922372389,1.2714110446832168,3.2383846814139226,0.5823381038841906,0.2865791412202525,3.13367049194309,0.8757147,0.85273,0.65012395,-38.24920302466355,-63.415915858648795,-3.658440726638562,0.5774867854013834,-0.4184131640261941,0.4830117262376794,-0.5080739209733786
20200,700,OK,1008,1008,,12.653133,0.48274755513581313,0.2576200174480301,3.4860513004161207,3.5287344678386408,0.0642873494776349,2.587458942376229,1.4027567753681731,0.4152280441808185,0.19866603976253527,1.3023052431659785,1.3627466,1.3190987,0.88080984,2.8629389805019567,-6.883890051385781,0.24173542481845783,0.18598223767792893,0.6966783992053509,-0.6851200336354332,-0.10324899447628054
30800,27550,OK,803,803,,16.965128,0.7768858763158738,0.0033844691220784595,3.1543431483766713,3.2486064423320307,0.014757001378666704,2.982830666935518,4.331566007154254,1.1905074706563648,0.5304052497748049,4.022857044211099,2.4757705,2.2537847,1.6178032,37.995365622829596,-101.688022210259,24.907125721534673,0.16786517072401014,-0.5873937446577779,0.7573701548551751,-0.23060858988632726
20400,800,OK,756,756,,23.373745,0.14066686006504794,0.615906000322466,9.324819130273356,9.34619597371389,0.02428264479571716,6.956167098548796,2.0370826693406814,0.5156760855519189,0.2686364255947078,1.925354111523677,1.9207392,1.508295,1.126543,2.1072129179053736,-9.166080196742953,0.3596009831961901,0.15225995537096795,0.7220435250914018,-0.6702097660887046,-0.07930273200424463
3550,40350,OK,993,993,,16.315666,0.9025366355361536,1.6917574758297689,6.584735469684421,6.858232785581935,0.1486087298967178,5.331035463374434,2.778799762770041,0.7667551756590805,0.18758813889507825,2.6224578239278284,0.90164644,1.0516502,0.6164262,-35.50369176399924,-1.5001027544936218,-6.376145974070526,-0.6682931136136312,0.005601359749081553,-0.0895358245141509,0.7384688721903793
21400,9200,OK,841,841,,17.841896,7.2499465283874045,0.27561625658475647,0.2946353631758436,7.261163748505066,0.27854041569627547,7.165249102787856,5.037066364743956,1.1369455961613044,0.3243981311174116,4.670355575325276,1.3641534,1.5610226,1.1249013,-16.053669413880993,-54.54360693531019,-0.7470300162184866,0.4015347135856224,0.6431077608626234,-0.5796864728247892,-0.2985730646390089
22300,9750,OK,1586,1586,,4.43783,1.3477649413332498,0.05175838187818014,1.3781062433542106,1.9282961611623668,0.04064483149717007,2.3170552086525706,4.200579969983216,0.8547650032610725,0.38816376749489834,4.068437173198054,0.4585546,0.43828967,0.41058573,-32.698498163099764,-69.03741335965232,-2.699923117095467,0.7387137223459079,-0.10167921839225347,0.18166006783327782,-0.6410639536893353
20450,1150,OK,1534,1534,,7.0270123,0.3464106943536662,0.05613526927258225,1.199093007861908,1.2493900828493125,0.023981089036164308,4.821298493229485,1.9438799478383095,0.43717234034358504,0.17126215070294937,1.854525271557515,0.96275574,0.83680713,0.64979494,-1.4068170793535417,-21.418412351984145,0.1519342844577834,0.1641783393996036,0.7090199918657124,-0.6787800472062698,-0.09794779998237822
23750,8400,OK,888,888,,14.4168625,3.7161275629774897,0.4524886057603487,0.7671919384083826,3.821378478117912,0.03994905316347354,6.461051378581671,2.8893131908378846,0.5656145228043523,0.19790136336398034,2.779527356576582,1.063572,1.0206684,0.72502357,-39.23239783626942,-59.42042911335639,-4.302127844723159,-0.5107029489521864,0.4600605539997534,-0.5066103101710849,0.5204543959016368
21450,9000,OK,1580,1580,,6.456588,0.5194837429525395,0.2895429926579385,0.6144530658125532,0.8551321967250098,0.036640834751947404,1.1797901990855506,3.4130674395706135,0.6911349480624289,0.23739817541898395,3.1881938115731105,0.73284566,0.8603659,0.6158493,-23.825061378896454,-48.747146943701956,-2.214674857391212,0.2546875472526291,0.6939340025799187,-0.6404914676491582,-0.2082319216798435
21550,8800,OK,1011,1011,,7.206964,1.1050832909259474,0.3473447741439694,0.23127667315099615,1.1812478027715607,0.043137885899943475,2.6791236152218008,4.69310196777394,1.0093445429514645,0.5487709631030864,4.528472767999322,1.0266107,1.1651105,0.81016946,-28.759142450618135,-47.10944389465099,-2.820708819424844,0.14699926168810384,0.7343739746827389,-0.653746466100122,-0.10817412090435626
2600,39650,OK,1711,1711,,5.0628448,0.4193481327793753,0.2026338882440022,1.72074856624126,1.7826634503887109,0.09682461457240485,4.328969223927838,3.227389864905622,0.8960148707364912,0.27406914329967735,3.049946559388502,0.72426546,0.8531858,0.48862427,-38.43786774704447,-34.260623529448665,-4.9304883265544,0.7286267560580787,0.001160799871671892,0.08828476330044595,-0.6791962186797887
10300,8600,OK,1182,1182,,21.692398,0.11583373311173917,0.13613525404562207,0.5812745097767074,0.6081367583338629,0.02324425848284784,2.7857846184230537,1.9644117039063729,0.32520834698939477,0.221118370913701,1.896183477708132,2.087362,2.0329652,1.4815257,-38.05438952481212,-52.01376170979466,-3.844087500769372,-0.30122170839257034,0.6344413458271143,-0.6149125303443764,0.35865337182803353
10100,8150,OK,877,877,,16.83555,2.699064142330662,0.2963253321265628,2.9879609092842427,4.037408369521937,0.04390381106802379,6.775398219225136,2.509794161416841,0.39369404672287317,0.24412327220322416,2.4072565817726193,2.4031022,2.5836792,1.7411749,-35.95427610427927,-61.56256356968947,-4.031968365093048,0.5577555297739765,-0.4306956611142632,0.46115671247276063,-0.539207291350195
23100,9000,OK,1189,1189,,4.7351904,0.29096634503397856,0.3054937461824966,0.7942101482961665,0.8993095143251109,0.022282370653753297,1.5344445039259582,3.339592112190569,0.7442713735619428,0.24222573707099765,3.163424711796531,0.68072957,0.7730797,0.5404624,-24.056732179842175,-49.37361446824799,-2.177465787468544,0.2508893304765601,0.7400943564588159,-0.5990540410733258,-0.17449682880944548
30450,27250,OK,1299,1299,,8.6239195,0.12103143510604908,0.06036798417508271,0.23274687157277307,0.26919139663835046,0.03731261781976799,1.0209017421198605,1.390389843634297,0.31960726592073296,0.1814278499207702,1.3563831589350759,1.4110534,1.3517699,1.0111234,37.33913072924864,-95.75806758449903,22.8078305538815,0.05205018535384311,-0.5941576209065192,0.798672366996552,-0.07993716231803939
21950,8450,OK,837,837,,13.913906,0.2548991876269935,0.4316466319353953,0.7204200062675249,0.8776658795604239,0.037519470768255625,2.6780114878010846,1.8140521479606058,0.21488754680842415,0.17271762861819884,1.7333522149778977,1.2900178,1.063504,0.89033514,-39.043769763641826,-56.878162601479254,-3.326076483255992,-0.4285721060099858,0.5852654135407308,-0.5666345033930333,0.39078854285622733
5000,41600,OK,1557,1557,,13.179263,0.158090275673045,0.2320451954545959,0.8407607074601129,0.8864062698361123,0.02003723968648531,1.1961434958426087,0.8865089697548235,0.3697690879525457,0.06501505396707896,0.756166281496693,1.0420488,1.1042913,0.924219,-3.6565105299731826,28.936260400318258,-1.5447992336775296,0.33543564280142674,-0.6016939287685806,0.6281111620954674,-0.3618338205205611
7750,9550,OK,1070,1070,,5.1654167,0.34752257389194263,0.017426802450882573,0.12196964623264739,0.3687170017916993,0.04533962517274142,0.7638334051970799,3.0479750253343925,0.54538516121083,0.30294031289381335,2.9238718913787327,0.64965487,0.6516948,0.50543964,-25.520926384442944,-66.83406539539065,-1.7745385363000454,0.6506266087934252,0.43905829055858725,-0.344477849078367,-0.5150221790525922
22200,9900,OK,1719,1719,,4.963047,0.020569847494476573,0.023929079089111224,0.017110933191897493,0.03589573075863679,0.04119914889829328,0.11655848885251831,3.8159624924558324,0.8841359903751778,0.47016216827278534,3.6718643935498223,0.6382241,0.54810315,0.45158657,-37.23780142736457,-66.93082074748517,-3.2093901157663525,0.6565675969210866,-0.3180052525262984,0.348057562946148,-0.5887678514617988
23400,8650,OK,750,750,,7.6202526,0.4895180888904616,0.18152546097353905,0.0937153429049935,0.5304356867975856,0.022651365156565656,1.7772102536392387,5.4264960055849,0.9939800469447037,0.5085785656324484,5.136091754367528,1.3140534,1.4432747,1.03182,-34.54440158608737,-49.53321870392222,-3.595361317175422,-0.21439986508812203,0.7100965889288312,-0.6351559861310533,0.21534253068941764
2800,39650,OK,921,921,,15.913564,1.2117182168475271,0.3527075904707083,7.553348717884157,7.658050700757865,0.053746586457255,4.593595609812129,2.6630448732735257,0.8023566235918049,0.20350892973296758,2.520034829442695,0.8977832,0.993062,0.57408714,-38.081221135327574,-34.94426530767024,-3.5962772525440365,0.7178687113333663,-0.017264271854935814,0.08265702383206674,-0.691038547851794
3500,40350,OK,1122,1122,,13.7800255,1.5537773133345087,0.8177122041653427,5.748870466344998,6.011022278039544,0.07190215884628368,3.319189754894932,3.0025302370990317,0.8387800525017752,0.2257926196991773,2.84524373381805,0.82763517,1.0020002,0.5815404,-34.70062017160816,-2.990228402520893,-5.203151346667498,0.712255881897712,0.054452404210733316,0.07472757346674844,-0.6958033372595701
21700,8800,OK,954,954,,11.585587,2.7240557619101793,0.4561408182588119,1.636819890114926,3.210564372934096,0.034525277620113363,4.4261396832822575,4.728761193881402,1.127572111206607,0.560593746756215,4.585720268378861,1.0970372,1.22578,0.84712845,-31.314271055049723,-46.738560688476106,-3.313230603565827,-0.04729094466147185,0.7106195301438885,-0.6918239803285628,0.11900852983483516
21850,8300,OK,748,748,,9.820202,0.1121634942363352,0.16040749116899705,1.4252181863764157,1.4385958749560337,0.056478043910591864,7.5079036456559605,0.8740356997502114,0.13262724976847412,0.11645694231467563,0.849329877383304,1.2483633,1.1972218,0.8826645,-37.79938782768295,-52.749906498189276,-3.2604354340090795,-0.2881506519139393,0.6592626698205274,-0.629318065563596,0.29376981863012364
22600,9700,OK,835,835,,6.1565113,3.304596301684629,0.35134927688416834,0.9662864357173544,3.4608543031058248,0.03412609895743116,6.037547600198274,4.382573228209642,1.0887053613310056,0.37956939935828005,4.200651810845943,0.69094485,0.7849577,0.5763354,-27.814142710115384,-68.7896679033763,-1.9242164773302315,0.6530850014682719,0.4090674179394359,-0.24368009253962933,-0.5888665731194359
6650,1250,OK,1026,1026,,12.9351425,0.044350054906791614,0.048479099925997984,0.25154137819817013,0.25998118286850147,0.014479141804660213,2.5216963180068763,0.4520331235554192,0.12421626499339888,0.0823800445866254,0.4105693437921403,1.3275534,1.2346698,0.97197974,-3.554380853181449,-31.51621814936231,0.13286829825808585,0.12757250402052378,0.7291040879388373,-0.6696750478649276,-0.06056249198899089
4850,41400,OK,1096,1096,,17.41381,1.5570730589857338,0.46962133702122405,2.5390356047783906,3.015248333643045,0.026979509569122307,3.9649056410586745,1.6342050867499145,0.4976056249645784,0.10397372619257284,1.553637378271552,0.88744944,0.9118013,0.73007,-12.59377075171727,32.01475928820358,-2.597166718086909,0.38155923025457605,-0.5694388578952607,0.6131558213240829,-0.39267273868052766
7900,9800,OK,845,845,,8.176761,0.22015798756836125,0.22551890025284616,0.42370498290510217,0.5280664980852475,0.0260320409003937,4.091752285992661,1.0587816502838043,0.1184424358228926,0.1235330031778924,1.0348983300909183,1.3784077,1.4258795,1.1040314,-30.21849500544186,-69.1921628596492,-2.588477946349827,0.7182897003826227,0.10323495658628534,0.019519002004516083,-0.6877655549848491
5150,41700,OK,1112,1112,,13.082447,0.005539740386437453,0.10250304730580599,0.4284714444583686,0.44059657527807256,0.018240322536260702,0.8805200907287556,0.8693659299364977,0.33136506373901886,0.09380370024151541,0.7864240054289109,1.0067705,0.99586666,0.7730151,-0.0704886086558304,24.767444927324295,-0.8353800085887677,0.1257011923130904,-0.6828507523724863,0.7019363841325137,-0.15874310336631678
5400,41850,OK,884,884,,16.515507,0.35372795759359155,0.2203725342639355,4.135393365466181,4.15634043468325,0.003049133134874363,4.618450160834236,1.5909823480974148,0.5161179609506434,0.19262286333591794,1.4701648083866692,0.7934617,0.79201365,0.5830635,-0.8766214905756349,18.987007531978872,-0.6284021003944033,-0.14500940471479581,-0.6802054445782566,0.7136646662851792,0.0835198767145916
21500,9200,OK,761,761,,16.383423,10.724129447600204,0.956384376833796,1.3604119486527466,10.85229672259171,0.45530429770758357,9.234427903954472,5.039600363895408,1.1370097511101531,0.3333088350215565,4.691147036420602,1.3331432,1.5416254,1.113112,-17.63951756466856,-56.31802408967119,-0.8365375227047184,0.378019150162669,0.6646176233372467,-0.5648662802902741,-0.31034017182903106
3600,40400,OK,1118,1118,,16.317184,0.9941086565618881,1.681656287442253,7.1283488616016015,7.391182407628849,0.18739039088700316,5.127019593968749,2.866022669250645,0.9077839107626823,0.1921679159444465,2.661875403777493,0.9028276,1.1284624,0.64202255,-34.64406421112592,0.2945693443831039,-6.797448565802316,-0.6369215958274135,-0.0466329808208363,-0.0493008263119325,0.767935983265132
22150,8250,OK,1366,1366,,7.886134,0.9170218196825879,0.2711341965503945,0.4250855722285236,1.046489614869562,0.05075728861429318,2.8121866271223923,3.3617232798747203,0.6663107385940938,0.2558503741044782,3.2247021167422325,1.0082332,1.0620534,0.72875017,-37.966207498130565,-64.17105266548636,-3.7956727751449857,0.6143786945793618,-0.34725991545779306,0.41761952707947636,-0.5723139884408909
21900,8400,OK,1038,1038,,6.9142065,0.6248855420404742,0.35405812111263285,0.6028727965739882,0.9377071518475085,0.04177260038164039,1.975497355490745,2.974110321099446,0.6019015301898881,0.2657073214779879,2.84479048424992,0.79101515,0.81337863,0.62446797,-37.52731880262281,-56.31552413391559,-3.987335695290402,-0.3665558475068139,0.6136131135978601,-0.5923525292480815,0.37179865326908035
6650,1350,OK,1335,1335,,6.312159,0.027826217512607165,0.07361680069908805,0.02011833458352319,0.08123102309242916,0.00858063761811734,1.5021941726993657,2.601619456276483,0.7375241209759298,0.27400403841879406,2.4677147774936365,0.836503,0.8578132,0.61073565,-3.4779861280746274,-31.290647794161366,0.11054546024705797,0.12389783252323221,0.7280167178771775,-0.6720485141862477,-0.05469716781922384
3200,40100,OK,1183,1183,,7.4464116,0.01648939453196907,0.36220708429293924,0.12883445759834156,0.384791098530985,0.08683786741661507,1.8483093052275688,1.8907412056489243,0.6404716009951608,0.24228038575991073,1.7343391169917384,1.2135823,1.4255738,0.7332272,-37.00445938947827,-10.25008161819241,-4.969827384610706,0.7437440766193987,-0.05690254770840609,0.11546239364624891,-0.6559537210896279
22300,8150,OK,839,839,,11.285183,4.98815179445809,0.321301423979405,1.6917721139747215,5.277024333393693,0.11922304719123732,4.965422421805431,1.87857373683113,0.3260607072904059,0.15523952290988596,1.805465292787495,1.9728397,2.138908,1.5836749,-40.02754721436667,-68.88633023123568,-3.0721301751675,0.7176902581961241,-0.16081056996861662,0.22098400109327002,-0.6404894418626734
30600,27500,OK,1425,1425,,13.090358,0.16846976690523596,0.19231816858142814,0.20686993895662353,0.32888221595509887,0.02264026186830525,1.4901850941229104,2.46739799972322,0.4160099121851979,0.3162679727965756,2.350785807822774,2.4362764,2.303924,1.6427064,37.703021175833165,-99.16518176220106,23.78985037162372,0.098822579483568,-0.602359813115573,0.7825053949135787,-0.12280903980867984
21450,9200,OK,923,923,,16.109919,8.695571319399033,0.7548702436695003,0.10297700210637206,8.728882741708443,0.3290779890253879,8.15084120409872,5.18334965549604,1.1817287859447876,0.3513552863647997,4.82166003386817,1.5030783,1.7308402,1.2151015,-16.632432602651157,-54.71135143522029,-0.5824588063422061,0.38235495288454163,0.6554140545912017,-0.5810618241387466,-0.29428602341520277
23050,9100,OK,1326,1326,,8.05563,0.5404062293395067,0.922247260583685,1.3555633918088295,1.726305596230086,0.10919448622894416,2.049381711486842,4.416892547090608,0.8726684020093582,0.267743727206405,4.228185897165946,0.63369346,0.88453233,0.5846448,-23.998115929400342,-52.3853240977683,-2.8616151838332087,0.3160893849680618,0.6856433952626909,-0.592923993886304,-0.2800388771529336
6200,750,OK,952,952,,9.282828,0.8045333461558344,0.6612631749403841,4.945490585765772,5.053950932241707,0.060912166993372985,3.4795491561623333,2.2466798136546307,0.6819951589027533,0.17793194320834116,2.085874255619462,1.0788009,1.1140401,0.6980543,2.6135627469576947,-8.212587720833845,0.10414894165328378,0.11250259410165817,0.731241562897314,-0.668822537031737,-0.0728378814238991
4000,40800,OK,1056,1056,,16.417294,0.5418512829057185,0.15988735976527274,2.95774772271968,3.0112187519097207,0.035463723433003316,3.865846436002508,2.68775568405969,0.7287101488334555,0.23434624382526448,2.516092785225254,0.7118094,0.7889665,0.5801431,-34.030524317820834,21.180246190825564,-5.140860983679217,0.7076475674609557,0.04321736916824918,0.09219293171977082,-0.6991907054657414
4850,41450,OK,1493,1493,,12.496985,0.7076387217415703,0.2139105717950301,0.5364625820917802,0.9134015520122025,0.03593501693552148,2.5806325915948034,2.0948997396210536,0.5693072651990159,0.1861120014119333,1.989431188353469,0.9094237,0.9175945,0.7706965,-9.458651264898847,31.607339250011552,-2.2205812853468707,0.3824139684398755,-0.5657523621342238,0.6117530092949842,-0.3993019873481009
30850,27600,OK,857,857,,12.83905,2.0561205283231057,0.27559735082432796,1.6224633395593462,2.633623514283532,0.10201628063486265,2.754948658431247,4.379048245655718,1.210458812428504,0.418280990328062,4.131488662453464,1.9347391,1.5289365,1.1604177,40.31036954804431,-103.38467190750912,25.898259913654247,0.18641725369347192,-0.5963513065580546,0.7577306761764317,-0.1883028121752108
20300,700,OK,753,753,,15.663765,0.3944197238263183,0.555111679666465,6.195264713233272,6.232577377175409,0.04760323179593573,6.504372307626068,1.6634414731219958,0.4930677564211247,0.12091504767513184,1.5612423426206696,1.1197268,1.1483667,0.8447872,2.2809538920798884,-8.099172156272608,0.14214263925199055,0.1648328367364917,0.7067734640846729,-0.6815347375637184,-0.09387123038027198
10100,8300,OK,1217,1217,,11.731416,0.03447971412717532,0.17706385353422738,0.10777162327638479,0.21013134392162694,0.03306530770992783,1.308718075075744,0.8152491958827336,0.16708955439818768,0.14497071993671706,0.7751294943946829,1.216908,1.1946398,0.834154,-39.325057149658406,-59.53244042139271,-4.0833801978601745,0.5499306408188094,-0.4382259200354659,0.4691575438354642,-0.5342523115157836
20700,1200,OK,870,870,,11.790127,0.3806316939433736,0.15968020677572764,1.8710174775080033,1.9160074780674925,0.03181510790902505,3.9109550341044947,2.5627252385070536,0.5408432284023494,0.2770693292549917,2.4901943150258363,0.9895924,0.908964,0.64828414,-3.7437981661294204,-28.47317136182321,0.014147050764694524,0.1348430181022183,0.722364261516677,-0.6716338175855059,-0.09442059747782842
3900,40800,OK,1578,1578,,10.910154,0.5088109251658616,0.2228291124728452,0.5376072604234334,0.7730219514305952,0.018822114529327638,1.3816178938415853,2.5820466338112578,0.7133175731077612,0.2191237410037027,2.406662356334471,0.8196628,0.9022217,0.609548,-34.25880608735818,20.41641217498515,-5.347362839810682,0.7316886792540498,0.0049782530935982465,0.09424929586980048,-0.675073302594353
6250,900,OK,1373,1373,,7.627454,0.08730790650115634,0.07030252236689666,0.7299571268622113,0.7385137251572899,0.01624386068928814,0.18923933975350277,4.984664178923554,1.1029993959722448,0.3878648847282522,4.680971609712701,1.6520178,1.6300617,0.9638642,0.42352555863383745,-14.224953237746664,0.21971251996063001,0.11103014266013318,0.7252555986752207,-0.6764894958783327,-0.06354987000298826
5300,41900,OK,1744,1744,,5.6480427,0.07838353180759725,0.0177896370934285,0.5500357357392083,0.5558774683657547,0.015491292692885834,1.7239635025654283,2.0164493494253164,0.5041776900953362,0.3022529916074056,1.9330108970571893,0.6339161,0.589787,0.5166886,-0.7767030085282096,18.376497465136282,-0.6743979640846904,0.09499015731530741,0.7074317990829601,-0.6981340629368933,-0.05591019430019224
21900,8450,OK,775,775,,11.031489,0.05074161395328536,0.23894188263061555,0.1342039309904841,0.2787088619957136,0.024800118766019633,1.5280376945788259,1.5477887280685083,0.21779284473914987,0.14120958599477418,1.4686554227410928,1.1861455,1.0243672,0.9022047,-37.599426750300914,-55.5261854148015,-3.4905849175174444,-0.3824252563290248,0.6181940033210468,-0.5929382415084856,0.3464265280494583
30750,27600,OK,1284,1284,,11.667746,0.4445245655431198,0.278622587672572,1.4497876229475477,1.5417901242985572,0.049918343297331295,0.3243731066560638,4.071099841667907,1.0383505065676975,0.4213783291812251,3.8597683255114283,2.2144396,1.8172743,1.2741363,38.2768050544302,-102.0298147980407,25.075129236486998,0.15995504146418635,-0.5982506709333657,0.7664989458782306,-0.17026416359742136
23750,8450,OK,886,886,,19.445187,2.8205383962494865,0.11655573816095258,4.172568415412552,5.037792102311714,0.052562428837582865,8.361710985777323,2.6562448523540665,0.2865761045323264,0.21369232536162586,2.602398666437847,1.4823829,1.1268947,0.8998959,-42.653394021933074,-60.50014777559841,-3.6710723572188515,0.5275626996123634,-0.47704354536822346,0.4905117281752418,-0.503493096598919
10200,8450,OK,1288,1288,,8.032043,0.0027317646911684257,0.13217700610446703,0.2304661680116592,0.2656932029221797,0.029631868606322293,0.622251159241423,1.524625678708762,0.22492253437045184,0.14247647955273063,1.4546990708360732,1.296542,1.0953057,0.839754,-39.6376867370434,-55.24496913064447,-3.89269257609925,-0.48715478247231064,0.5291243837549533,-0.52506710300564,0.4549858698592315
5400,42000,OK,1778,1778,,7.454666,0.016900213356526833,0.2175306612476951,0.7693578369323145,0.7996978723515059,0.044968698513875825,1.7733933919213236,2.350534076801191,0.6677866180884595,0.21889347657692515,2.1896649522570346,1.1317042,1.1074148,0.7375171,-2.0243829787735166,14.174989997738185,-0.8758910024897358,-0.15566398746501953,-0.6692067726232617,0.7198844413473822,0.09847542631344948
3900,40700,OK,919,919,,19.088861,0.7273597439524373,0.4724720658063188,3.8513682574056847,3.9478246546980715,0.04277068923053135,4.1284504695116855,2.266527016257008,0.6913907654369726,0.2509971089439514,2.131043004507863,0.94150525,1.0310154,0.6835916,-34.53369338302899,16.025339581712654,-5.182735404819685,0.7229269381441261,0.013096094361357509,0.10081883650828409,-0.6834037581277654
23050,9200,OK,894,894,,10.680828,1.0448439374923906,0.15394692894617845,0.3536330896082961,1.113757097715867,0.035580045727728375,5.014573868687816,4.911782364107399,1.133658260351634,0.3179422051071768,4.519897068663369,1.2392341,1.4143192,1.0320086,-22.447005703008514,-51.75739210445483,-1.9166113768150106,0.3224265942199182,0.7091374019784118,-0.5683270041638053,-0.2648955507237651
6950,1600,OK,1611,1611,,8.792856,0.028753348192262246,0.3878882956078238,0.02782004036994018,0.38994620083800413,0.05051234450252094,0.34454353010273736,3.204955025342112,0.859307469572183,0.32067392058087607,2.9663684419665994,0.535048,0.7351792,0.475561,-8.16110648103172,-42.28301590262872,-0.48824316211728847,0.30850325221636854,0.6488055625925363,-0.6467506827860113,-0.25610669580613166
5500,41950,OK,809,809,,19.612282,1.0516769652121858,0.35565648566226504,3.415198102050243,3.591113205010269,0.030115406990263074,4.4365160202388045,0.7896170988319824,0.1432071879546447,0.08777036842793917,0.7614827562580757,1.5274354,1.3450377,1.0545756,-1.7923005408790178,14.501979566312356,-0.9734151838712632,0.023451046547283076,0.7112861847254757,-0.7025110394277265,-0.000501314959835122
23500,8450,OK,746,746,,10.634943,0.11108235704373515,0.11017912788439255,0.24616270477984492,0.29167586031806997,0.020884502351281992,2.767408452399023,1.858593602474164,0.24672712471683933,0.1779851408596701,1.7695152992653007,1.1466869,0.99779874,0.8375024,-36.62189244239134,-53.511498166759196,-3.5587947592361093,-0.34029397368679665,0.6483065042007495,-0.6065379599436237,0.3098554360195743
30900,27650,OK,975,975,,15.520552,1.5701900452497894,0.33893730000258976,0.465131998522752,1.6723405895882426,0.07716003834236565,2.812328429014681,6.119207138967536,2.0113299755870657,0.6251640979190053,5.628059644634998,2.6190715,2.3114645,1.7481784,40.94910309907618,-105.38925379205912,26.25423020718373,0.23296616210187646,-0.5711811980438497,0.7363100351058423,-0.27807613798948727
20600,1200,OK,1734,1734,,7.6482906,0.20776798236442406,0.0234702570639998,0.23718173360552464,0.3161859614507828,0.022770192309323176,1.0223947528037662,2.518160328082287,0.5215860549395757,0.2537272086884571,2.442777533214188,1.0639368,0.9737162,0.6899978,-3.0428528681218032,-25.985751445138103,0.01946494404971455,0.152637815846461,0.7044445372449224,-0.6835146067880626,-0.11518408495434183
20600,1050,OK,774,774,,19.41761,0.310544253052364,0.3005007707582229,2.229338549401172,2.2708343872189927,0.04935784239688847,5.648203579067238,1.792440651490277,0.41435702464718105,0.0825273990380807,1.7164058181441586,0.9768748,1.0021713,0.7632159,-2.3281529845044324,-24.108078832319972,-0.08819851085294544,0.17623570591260554,0.6986965739914994,-0.6837785115660295,-0.11493920381911524
30400,27250,OK,1323,1323,,8.224092,0.007248060813226816,0.036775376398319654,0.4243766797662446,0.4260287889617462,0.028036132184032978,0.5599955435019393,1.4345911420327107,0.24036313619250926,0.1731935929563848,1.4026712744672647,1.359218,1.3087989,1.0341877,37.460261113322154,-94.31881297147395,22.65943931799281,0.014537553381615352,-0.6469350923889493,0.7603096568292218,-0.056505499817356794
22000,8450,OK,762,762,,13.279386,0.41805392691586274,0.3240738736155192,0.5038258211329669,0.7305021693398654,0.03793637678670387,4.593476760557465,2.3291131401219474,0.25212951646797555,0.19591269191681449,2.2461950278928184,1.2646053,1.0440224,0.8949132,-39.18565815392061,-58.82862297648116,-3.4912213577606765,-0.4775262383572057,0.5427077026617498,-0.5347449982917696,0.43758979416110494
6850,1400,OK,809,809,,12.053248,0.05993151544831177,0.11905288123157301,0.48070104882360987,0.49883752205862464,0.008911403462285921,4.564061765506079,0.9639401235054884,0.34419881615239434,0.10635972334991245,0.856548042904417,0.93095267,0.9318507,0.8372867,-5.928653764894972,-38.511539542904146,-0.0071271915554773635,0.1472739706605126,0.719091098975882,-0.6703697788024503,-0.1087323714810758
6450,1100,OK,1512,1512,,8.9730015,0.08830311085534981,0.022068988590818128,0.0679508028864776,0.11358605221183977,0.02990415010828957,0.7671320827882198,0.41324887330796234,0.11332039377017256,0.11731028118113807,0.3643203441279601,1.2381945,1.1164331,0.9101295,-1.9281793376393994,-23.011161534790126,0.10191318820928744,0.10090828237807342,0.7278434532326892,-0.6762244861609881,-0.05274343987766436
21750,8550,OK,840,840,,7.58043,0.2748626672162717,0.10027636740331036,3.2839277376889657,3.29693588382483,0.2642453694093039,2.820339150770554,5.2444969145390665,0.9415250005240052,0.21514839447490902,4.997565808984901,1.4075956,1.5985446,0.9004055,-35.768275058351755,-47.79307930298241,-2.488340874813555,-0.03796765595727447,0.7434471131239289,-0.6420552441121508,0.18333005917441023
20150,600,OK,892,892,,11.86303,0.5504056273587739,0.3678780211795396,3.7409237303718346,3.799051322311177,0.034889115922765064,4.154341132840361,3.0119157910215772,0.7638266384215411,0.3330832012030659,2.795721493062451,0.63572556,0.64040977,0.50117695,2.9679413316946324,-4.509004720798482,0.1429488759527848,0.123586603696731,0.7180110829776994,-0.6816446306437929,-0.0674316959773776
20650,1250,OK,1750,1750,,11.020392,0.01562819361866641,0.08815437612253474,0.10099526845865658,0.1349647313796162,0.012647197050706795,1.1056876609989486,0.41900690542954583,0.10862903552329628,0.08534966561709112,0.36403124855282876,1.3919827,1.2892165,1.0297945,-4.021080700894971,-28.188096776501347,-0.1163451097115331,0.16730545394028218,0.7168710516547012,-0.667800723121308,-0.1102133139869091
23400,8450,OK,715,715,,7.2848415,0.11441076527317318,0.23201337862640592,0.1245519033865401,0.2871118383300193,0.06360825572548487,6.428231222367956,1.9311549678100166,0.24879865974154208,0.1795263882397189,1.8446953553019583,1.2062552,1.0658684,0.9636065,-34.40085512934612,-50.223756949153774,-3.328699356042109,-0.20381142635467586,0.7185105617451187,-0.6346302517576603,0.1986150012008034
20850,1500,OK,1741,1741,,4.940846,0.02741418795226158,0.11965209292414997,0.8607285102551734,0.8694375937399426,0.03681622476877813,1.9236121788568883,2.0894615192551442,0.6498348647456802,0.19937059598841123,1.9492764750337397,0.7860073,0.83433455,0.62937534,-6.01386322406802,-37.38638395748895,-0.1162369588085016,0.13630599740164928,0.7120512824760116,-0.6878868138130966,-0.03486226582818294
22500,9750,OK,723,723,,2.6932905,2.6806577077823897,0.20994763267169886,2.1718538378871903,3.456436437706168,0.05931876767535453,4.949213097769865,4.403517227642559,0.9027440235565514,0.4081751573254676,4.239510308094829,0.47873607,0.46510106,0.44218186,-30.66966753260575,-69.28410614060368,-2.3530822390064565,0.7331671431185373,0.24978183575650487,-0.11698077230002052,-0.6216031480692515
2750,39900,OK,1547,1547,,8.1147785,0.008459669178928375,0.8093474119781502,2.1329816577929694,2.2813867606698324,0.12362806775278001,9.040581479653472,1.7636553959044337,0.6261930246582037,0.2737508147167849,1.5874387859516053,1.3140526,1.3264633,0.77421224,-38.67497509043404,-27.146619076512856,-5.7970771026703884,-0.6829179778785969,0.0706373500459225,-0.10228828799456506,0.7198406118078078
3300,40150,OK,820,820,,19.555225,2.2179002462285604,1.996237460928067,8.538650051036972,9.045031243545095,0.04922266809193561,3.842345761462886,3.3114994312223747,0.8079943568721409,0.4079360989420533,3.1560551126272722,2.46812,1.868903,1.4712876,-35.36804133500807,-14.711599814252097,-5.014914141792174,0.7578434988275855,0.015308972778539936,0.09500312200050923,-0.6453009169739229
21500,9100,OK,988,988,,13.334095,5.72504930073169,0.24763788209109094,0.5998388998763832,5.761711613944234,0.2131701485788547,6.061470897099412,4.358565294280481,0.8620618138298155,0.23985215384609904,4.160907531145227,0.74480236,1.0354201,0.6800166,-21.206776420056055,-51.438309729277066,-2.2279667116970283,0.28776144643173185,0.6785337349697103,-0.6300083802602705,-0.24469319822464028
20350,900,OK,1239,1239,,9.7636,0.17229921207339527,0.0031217076787826703,1.205896096234942,1.2181470184073093,0.01916549480383656,1.083880717074831,4.981161650500337,1.0979457852882053,0.384403658706157,4.663743063780315,1.6880009,1.6463664,0.9518241,0.5063319393050366,-14.956808633223588,0.3294920096118472,0.13990844608445918,0.7104720405067152,-0.6861483479193726,-0.0696817839895901
4050,40750,OK,737,737,,31.986694,0.5419060031884848,0.240083405660925,3.9785081895641223,4.0224158875474645,0.018175686291281128,8.101211567522252,2.0869491427451656,0.3999335151245587,0.2835162202266965,1.9925465839910799,1.306143,1.2088037,1.0771484,-34.0614115253355,22.250155974587255,-5.316025547802508,0.7091615602118145,0.021762021999207154,0.09341067430873413,-0.6984917621859534
23050,8950,OK,838,838,,5.042112,1.8947734795507958,0.48481181686860036,0.15030745834336057,1.9615813438698135,0.0773072967564523,3.647255685531813,2.6442378156313335,0.6858271974839573,0.22393747395931168,2.4954169588616093,0.93597937,1.0113316,0.70002973,-24.782235628232726,-49.815671046794925,-2.3723076513496357,0.3401939126725929,0.6967080648779557,-0.563537086209161,-0.2851173908785908
5800,42400,OK,1041,1041,,11.599364,0.7778705244069375,0.09087433379677094,0.42182550089969206,0.8895377735056601,0.03952379301409177,5.71279187319811,1.0532466106734304,0.13782383230569462,0.09231017743770664,1.0131354508924222,1.0715044,1.0776,0.9696664,3.7963778873736462,3.1366622103812944,0.17970794484380473,0.12275434473715656,-0.682638950763311,0.6943271706677766,-0.19195107142549933
20850,1550,OK,1310,1310,,8.147836,0.03475774047424478,0.10554441360308026,0.6701905611608163,0.6793402034582842,0.008976028697460213,3.939124543216313,0.6546785121222193,0.17750076231318968,0.1402206692574966,0.5969312211681723,1.4257647,1.3537146,0.9885906,-5.682985569477196,-35.89564318679925,0.048015402162648324,0.11999668857238174,0.7218229071509076,-0.6801207320452248,-0.04481378455500648
30800,27600,OK,906,906,,12.223164,1.3302259113795087,0.425203653094761,1.4303647278240885,1.9990603734039283,0.08225184758054127,1.4719977726523796,4.147398021471287,1.0807488514699375,0.41902811068532386,3.8800932366838286,2.1331952,1.7093445,1.2510362,39.38788194393026,-102.76430188587389,25.723534488625326,0.16520674369450236,-0.6001873448441408,0.7572308086570204,-0.19769518291408755
5850,42400,OK,891,891,,11.932308,0.16877956555524598,0.19666007720315826,0.8065129844042762,0.8471274530596101,0.07456394738635508,5.683138839080917,0.9422564034556619,0.1178562032750744,0.09960959723236495,0.9146062540861148,1.1026316,1.0881711,0.9345482,5.237924741488854,1.2620681207487132,0.5719397035406116,0.02124360820652433,0.7146996319472696,-0.6986547891344327,0.025191880126872464
22750,9350,OK,1219,1219,,12.199647,0.21416750647424365,0.1309936341464485,0.0025639181112204756,0.25106498499864505,0.025315102437554055,2.497125714095999,1.3367397823114393,0.3260492241301919,0.1257783157694643,1.2207164182523038,1.303174,1.3511043,1.1211421,-24.234483445829866,-61.65641129570464,-1.818328760828322,0.6673774655279263,0.45912315811822907,-0.2846580657809028,-0.5126236726595252
30350,27200,OK,1598,1598,,7.8093147,0.04895586054674702,0.101359408474687,0.5126182166560578,0.524831250990114,0.016971044074249448,0.5330252119560948,1.367845366468449,0.1713844727683086,0.13364136614715377,1.34296433781183,1.4562782,1.4086298,1.1313461,37.516130019117504,-93.28975061640601,22.098117879344276,0.011029497263300145,-0.6445080644121001,0.7631570378994319,-0.04559649769941092
22150,8350,OK,968,968,,12.17136,3.3128700760162166,0.33097861754854374,0.5067092169317153,3.3677008798825336,0.05305935722892235,6.584834548106974,3.469468110134191,0.7119295549604883,0.23843999502396762,3.2432943301156314,1.2709951,1.3973376,0.869751,-39.80228092536447,-62.39111485207557,-4.225830297049518,0.6111766905121485,-0.34994322288381463,0.4230200497784029,-0.5701375546460553
7100,1850,OK,1698,1698,,21.966555,0.2298684301201657,0.17907829024705357,0.3109411557290107,0.42613722147896255,0.012616493998188302,3.998310331834122,2.134522777181897,0.3639811228475649,0.33283042032075594,2.0674748465276434,1.5669945,1.49312,1.3196048,-13.035805217781862,-45.19319777524756,-0.9458221213622974,0.28724226194717795,0.6958834147415587,-0.605832285401298,-0.2573040963617501
22250,9950,OK,1229,1229,,5.3130507,0.6696943991805875,0.30807565817378024,1.4338843876740957,1.6122734373140841,0.0430533776004183,3.780953983747809,0.9294491823422977,0.29381258907364916,0.08176627909103523,0.8342563883524845,0.9033584,0.9635561,0.72059464,-35.729287497709876,-67.13890414871959,-3.481698740964149,0.7033989342125552,-0.20308669466268134,0.2781482137000063,-0.6217871862744712
7950,9700,OK,1328,1328,,8.409275,0.7101853780034488,0.2517334398136697,0.1631798283882503,0.770947892041442,0.0584312095378413,1.5074339777301216,4.093962517122296,0.9970855819419822,0.343652372198005,3.919072990205813,0.98671436,1.0956154,0.6674353,-31.094972214308257,-69.44013651966578,-2.721195442700294,-0.6987858005538771,0.04201735122436819,-0.12857298855751584,0.7024257496374645
6550,1150,OK,1011,1011,,8.731098,0.32194552340030724,0.052786774547637666,0.9848801216492262,1.037508659059979,0.03312366845132952,2.4088900161651234,1.8947900432757485,0.43539498788280606,0.18894806661871777,1.8101840584214681,0.8540347,0.77680415,0.59706575,-2.4043354643622896,-26.14633341612939,0.10518952312204005,0.07824828267236889,0.7235302552763738,-0.6843712669329655,-0.04491263691989668
23100,9100,OK,982,982,,7.2972527,4.197817157293514,0.9413928248521635,0.2245092586093465,4.307933813785009,0.18676168074190264,3.9180875831531505,4.206464970827403,0.8337397679606955,0.235599009289984,4.008434549568805,0.70134276,0.9585349,0.6105895,-21.48285276021961,-52.286660937716434,-0.8705063573815099,0.33914838839404726,0.7202515562879231,-0.5759614103652639,-0.18570008100321642
20800,1450,OK,1446,1446,,4.432478,0.17000021988240607,0.02985067537552122,0.2566176250809926,0.30926322620487884,0.03797723901656167,2.0868377917968863,1.8399601413275952,0.35245292531636296,0.20180774506860205,1.7582922195157105,0.91990185,0.8402172,0.60502595,-5.399786746818426,-34.10932590900389,-0.021411443441167105,0.059173851979542134,0.7425567015746636,-0.6666811238829208,-0.02538265641466288
6100,750,OK,1625,1625,,6.9578247,0.20171594168509488,0.2376701518873901,0.11365157534420922,0.331802807110338,0.04208070920133017,1.0620091366012978,2.4085526926675844,0.7060469763680324,0.20655661863611197,2.2351317012979894,1.0838284,1.1458075,0.73737365,2.078660785465149,-9.105363395501827,0.14097205224114587,0.1374747859230254,0.7175208810844647,-0.6790390265461012,-0.07190597242590735
10200,8550,OK,949,949,,7.7724676,1.8302165358420193,0.2996390377057231,0.9401073745623985,2.0792493829969936,0.08335581888022359,4.457085516492977,5.2440056617672335,0.9941042163331051,0.21897148410910178,5.011666550290363,1.4650116,1.6594403,0.9069033,-39.973920238360996,-53.573363694224824,-4.366010272066761,0.5010354893444038,-0.4983378922011977,0.5102702648687375,-0.4901500182644796
4000,40700,OK,719,719,,19.854979,0.2026441006512406,0.4278951772233379,6.496761970400927,6.513990713400463,0.05403249294962841,8.287190611731056,2.1969733159069817,0.6873758849538565,0.2531610604844779,2.0607562648028295,0.8738329,0.96581113,0.68034214,-34.53203041805857,17.67116707773173,-5.2554656199092795,-0.7012062112853691,-0.03924110584199706,-0.09457737061460617,0.7055672227610514
30250,27100,OK,1559,1559,,6.8326697,0.008844564954085934,0.08158728844513458,0.5475469872482952,0.5536627269464158,0.015756310604234686,0.5141614057709916,1.1140517570934685,0.30072336172437997,0.16071638888341566,1.0227896404721384,1.2814445,1.2106937,1.0134531,37.518439288858495,-91.05039587559176,21.429904822549016,-0.006115886840337415,-0.6433690929156168,0.7655041150684155,-0.006500463246156416
23350,8700,OK,920,920,,5.881597,0.3743280967247183,0.2412499765336156,0.478311446085842,0.653532642361305,0.02407440645934985,1.477973882305892,4.234919145366877,0.6391078235764283,0.3650893564812454,4.094255165552566,0.9032849,1.0355003,0.8182685,-33.3994154066983,-47.96681043002426,-3.4566999060876973,-0.1662825710144729,0.7158838775923978,-0.653771559851586,0.18011975990799453
21150,1750,OK,1510,1510,,5.585857,0.09350631248847842,0.1933409388582618,0.1853809238797139,0.2837080119635034,0.04465196727739308,0.27738264328687146,2.3723064855217952,0.5939451738488536,0.291654697011343,2.245916828779916,0.56227124,0.6815104,0.485827,-13.200434143828415,-45.47764494429232,-0.9867935864461181,0.333604984616136,0.6967775319484918,-0.5839743723874835,-0.24936462781573632
5000,41550,OK,1250,1250,,15.278223,0.33498659260458097,0.19264395333441758,0.41477360428821775,0.5668905121761871,0.011015874696927101,2.1334497008277653,0.8568263371490223,0.32692843148753115,0.08195874914696555,0.7398721277123208,1.00379,1.0127168,0.82362145,-4.124711275933916,29.031031079574202,-1.5123015659800587,0.34114451373887916,-0.6036385540063939,0.618985774980221,-0.36891398351793203
22800,9400,OK,1113,1113,,8.886958,0.957614591860176,0.40562106101515677,1.1045699375120452,1.5171120257047455,0.040851212626608145,2.782492887782426,5.129655685702168,1.1916679628408677,0.3435018713901097,4.8517972404740535,0.78210676,0.9006198,0.60532343,-22.274500235986586,-61.207767756242916,-1.6905574576241895,0.6354435280264805,0.48977525128806765,-0.31926634208420573,-0.5043815309139904
30650,27500,OK,1348,1348,,13.281932,0.2832048793459984,0.024596979646356484,0.19810108969900964,0.34648817704654783,0.01526767273559799,0.21226147979295729,2.4249623309225012,0.4280042689564474,0.3053612517490758,2.3400960409782403,2.4857032,2.3934426,1.590376,37.374026734309886,-100.45653623785122,24.479483027884505,0.11509925795671581,-0.5976332620892664,0.7775537988003686,-0.15810355730808756
22250,8100,OK,1159,1159,,5.0192857,0.7065347567830684,0.17352539744966214,0.3431743763838106,0.8044072840974218,0.031742102109487455,1.2578404539464636,4.0821539695578455,0.8382937752469268,0.36168365533960845,3.9628861743181343,0.8236561,0.88963646,0.66086966,-36.38320485827326,-67.88207162292473,-3.291831771240695,0.7063257320383189,-0.20221551424416473,0.2733143861768494,-0.6208962009613787
6300,800,OK,760,760,,18.307804,0.16338485634205652,0.02098509116049449,1.677760309652136,1.685827583703909,0.07874684860980115,5.753934826041766,1.4741992529951495,0.31186066966318493,0.20308603702857653,1.4125187590426282,1.6215304,1.3990967,1.0438483,0.06036850486408407,-15.27226549120875,0.19306780179340272,0.06443350506181057,0.7262414184021709,-0.6817911484699557,-0.059854452555106685
21450,9050,OK,1583,1583,,16.607092,1.2994014325104781,0.05502668977413838,0.39322791477223795,1.3587127041261904,0.028295055086321075,2.9064442668434904,3.8526251165229772,0.46377740271548684,0.28326147762191933,3.7487905769963437,1.338143,1.4418089,1.0381131,-22.56958573750788,-48.45629247318015,-1.8511832543151963,0.27325624089416095,0.6942992270609725,-0.6326632400875509,-0.2074050017643021
2950,40000,OK,1495,1495,,12.29889,1.2992154977238008,0.06992047760915343,0.19172607809593067,1.3151458746986369,0.11761847476661694,4.947827768551509,4.040783345504458,1.160714641837096,0.5219231227665722,3.788798416539236,2.6015525,1.8848206,1.504839,-39.7750713060578,-20.132330080877225,-4.837176908685254,0.732546128154162,-0.04766087696792796,0.1298878713787644,-0.6665086284525413
22200,8150,OK,1240,1240,,11.962856,0.2582693684693309,0.227934683850596,1.3512025857663401,1.3944194901726172,0.04190039643763678,1.1208081389145341,1.9070534519275126,0.3827005400975545,0.18930363359468982,1.8236597311441862,2.1204967,2.341595,1.6137183,-35.966414503924156,-66.37714540831698,-3.5389186815029543,0.6508653833519398,-0.308713777236399,0.3294435955058635,-0.6103580702167676
3100,40050,OK,1679,1679,,6.150934,0.742956615011776,0.5610058516461263,0.41014517236299786,1.0173156637856438,0.07116836432144473,1.315054129579016,2.171851653907253,0.6937040524181146,0.21677187350357796,1.9954127665955994,1.3045701,1.4034902,0.70091146,-36.70111937324921,-14.139779115683654,-5.092288043264243,0.7237321135048284,-0.028262914085024265,0.049339337629863235,-0.6877344439036793
30750,27500,OK,789,789,,18.93219,0.08025076694072009,0.003243406401533977,3.088924292029478,3.089968282550724,0.012354412981463638,3.018910155420445,3.814178687752748,0.8550777033978196,0.4651030051673527,3.607312271267716,2.8193693,2.6134677,1.7907963,37.14954592909147,-100.9015250964506,24.36581762226389,0.16510147874242986,-0.5878670201577129,0.7671772242579211,-0.19645094784160663
2550,39400,OK,706,706,,32.434155,1.1474829531836377,0.3415948370345157,5.122916135380971,5.2609575070211685,0.058669014221142846,4.988197726878951,3.1905381131971886,0.7493672781324561,0.40364872527484863,3.03402099918858,1.9163108,1.6323683,1.4764405,-40.10932724080188,-43.129305792261114,-4.197202816947253,0.7525181168403076,0.00806704219884507,0.07454146469102038,-0.6542896733855706
10300,8650,OK,819,819,,13.579067,2.0676021049245223,0.4596959708583572,0.6511569861435768,2.215920637233046,0.04050826402320347,4.72155891115909,5.217237179987864,1.0114552126169105,0.5448875263358842,4.928459603519204,1.743873,1.7879642,1.1919128,-36.71037271279069,-50.27828254877231,-3.933595379052491,-0.3067641196307127,0.628401835388766,-0.6169339193390474,0.3611086365017951
22000,8550,OK,748,748,,10.178107,5.060893364240709,0.6733562692120366,1.4665929490053267,5.311962461047229,0.03880943481426425,8.227883727979236,5.05809515743916,0.8868736362586409,0.19774137443941792,4.809713204962367,1.6959635,1.8131875,1.0157926,-39.400112260891014,-54.13676196754949,-4.662474140731974,0.4652412955085476,-0.5187022727784794,0.5579969406001059,-0.45070822429692803
3500,40500,OK,1621,1621,,9.279376,0.47390659258397483,0.2637587471833702,1.4655359418026177,1.5626745444671388,0.045474039624141586,3.998305301979189,3.043966682215811,0.90169541089158,0.25527086305723357,2.89237991009833,0.8873963,1.0995253,0.7059076,-35.55344385585328,4.261728417774772,-5.1465912614359794,0.7350708167430421,0.009880994927626561,0.059993418680615584,-0.6752585060752435
22550,9550,OK,1535,1535,,6.585156,0.37279554486652,0.1909540724718491,0.6752284983588226,0.7945901465924556,0.030075238621204026,1.0041793070977456,3.077375710684464,0.5245941484705265,0.3125051410611087,2.9472187578436935,0.5721961,0.59122485,0.5125618,-26.14181836079173,-67.324224669219,-1.935940651204744,0.7006305586915973,0.3380501069368402,-0.19856349799560502,-0.596163972990016
6750,1500,OK,1708,1708,,4.8077602,0.13563168977514933,0.029726773653956318,1.4936515772602446,1.5000915540710016,0.03619733405665264,3.461161928589284,2.1311164351869416,0.6708313646264088,0.2223900552249639,1.9922262759023717,0.71324694,0.7797951,0.6184854,-5.33627829840099,-36.58413244890718,-0.08643670147370242,0.12568414006080444,0.7303513279214888,-0.6689074151603192,-0.05790772559887028
22150,9900,OK,1422,1422,,3.5989726,0.9297756022940136,0.028329557404585204,0.0519154400690762,0.9316546824663638,0.060911744591621936,2.067875000519997,3.9920086700309425,0.9100312151287266,0.47365144890143196,3.8055741223358455,0.6786739,0.58465856,0.47006488,-37.521035234047005,-65.94935031757379,-3.304395430075222,0.6152325889752995,-0.37671901680351216,0.42871794842876515,-0.5438497628356344
30450,27350,OK,1664,1664,,9.452701,0.04647221304369237,0.03733039981184163,0.37303558895865074,0.3777681510728739,0.02699232592467321,1.9224752818537214,1.3708467476262842,0.22910259545759182,0.16250768952973862,1.3176457149013712,1.573094,1.4553846,1.1672603,37.56401121075233,-95.85464735297282,22.85119403775049,0.03526993505293719,-0.6087681245659832,0.7887333955596451,-0.07782694213914511
23100,8950,OK,1054,1054,,4.8264117,0.8163754396856846,0.39487046597466047,1.4380620475506853,1.700121759176886,0.030799245124672546,1.9880216990767068,2.823826880225126,0.6738085120814475,0.22829522715455103,2.6666257777384312,0.87958246,0.9515101,0.6458329,-24.592355781966077,-48.22109092847119,-2.195961048769667,0.2569889902390906,0.7370127480916718,-0.599263459119724,-0.17791058037710228
2750,39850,OK,1641,1641,,18.457037,0.3752213108907444,0.16144978061140766,2.711590707233026,2.74218548376264,0.057227624298710394,6.777838721739333,6.646087566297472,1.748841521650748,0.9164156145168967,6.343531235771767,3.4611475,2.3237615,1.9972513,-39.698568425029414,-31.96826951674855,-4.241986384836996,0.7137263824367214,-0.039335076201263856,0.10432968028546681,-0.6914931095864686
6250,950,OK,1676,1676,,13.013956,0.11338347967869591,0.1095761411984757,0.06125030123247521,0.1691577476353551,0.03098655224817354,2.098142236334802,1.2332173082947957,0.34528394948054153,0.20513124645495995,1.1472917717876916,1.7758691,1.6212376,1.2980657,0.35284712049727723,-14.888917021773352,0.16206789088510426,0.12964055896206453,0.7252238372761917,-0.6726988956305439,-0.0687015803009361
23550,8650,OK,737,737,,11.760572,3.3495662628591836,0.00859537007379274,0.5909407492669854,3.4013054844890616,0.021092235760777452,7.210418763681635,5.474436080385058,1.000280311242756,0.5271674375723004,5.158549720115478,1.5523018,1.6660651,1.1498319,-36.29578332304963,-51.885975530985824,-3.8276961978028416,0.3797782465464206,-0.5974397498918808,0.6113327853038663,-0.3537039076853266
3950,40800,OK,1185,1185,,15.454044,0.8332448142415132,0.1746562442974911,2.1119675153923665,2.277105291857424,0.045519420896293225,1.9375691271326048,2.4000368296185495,0.6706373745080727,0.18996765266449467,2.2180352264358225,0.8129268,0.8890805,0.6180291,-33.93503239552496,19.851438001628814,-5.2814820918420065,-0.6952772861181578,-0.04171729003314192,-0.0839142954953679,0.7126061704279414
2700,39500,OK,831,831,,19.209925,1.2318499614773748,3.247315645131361,8.830825216636208,9.48925641098841,0.21641850315245012,6.878294270313327,2.027792825462282,0.6446991791388638,0.24030840758844985,1.8666408851170466,0.9593512,1.2166771,0.6758174,-38.15578381182711,-40.102084394627944,-7.49234706869443,-0.645782986717954,0.00687501242140029,-0.08018979416091018,0.7592671895862979
5400,41800,OK,830,830,,23.931015,0.2437571984116339,0.299080500316343,5.236917555876402,5.2511115208585535,0.030482020154402375,6.719281692493647,0.6927460111619581,0.2624227010973199,0.08932992893637426,0.6397749817060303,1.120574,1.056736,0.87140536,-0.012048885115368668,19.840085642152044,-0.5557418729009534,-0.15292080545931308,-0.68259514618817,0.7084829454822467,0.09343987167599101
6750,1400,OK,1397,1397,,7.1978455,0.0035415079301631958,0.07458418208739755,0.025077818366274207,0.07876699480161295,0.015874311599562953,0.6422666859118356,0.5829867411679153,0.2087737445115212,0.05951331989844705,0.5340004389434072,0.9836436,0.99136555,0.801791,-4.8795234627424255,-35.18846409303721,0.023308327970085238,0.1173977139424161,0.7317977543205996,-0.6680498333703002,-0.06632679448259092
22750,9400,OK,1159,1159,,7.943277,0.15676535264170577,0.42917268561723,1.0430398988255853,1.1387259549210562,0.029589563664388367,2.1100058622033235,5.0940901723423675,1.1504081235587127,0.35604077693264236,4.883417934978446,0.7785651,0.8969766,0.6450474,-23.203076005954614,-62.09302848124789,-1.7610613439409029,0.6589773071535897,0.46192401307731984,-0.2969544618689587,-0.5139972396572424
21950,8400,OK,1003,1003,,9.423189,0.16541521707971163,0.15377472341941764,0.05712571583171833,0.2329639607611717,0.028900099117487987,1.0874040220179149,2.8891605300200265,0.5653821353498205,0.23186806303838725,2.7690783258947773,0.9007706,0.89862895,0.66095084,-38.446094350317864,-57.17466992070841,-3.8947222265888546,-0.41988880088184133,0.5765186091922828,-0.5675885848303635,0.411294160570352
2800,39700,OK,1208,1208,,27.229486,0.9188199676320775,0.8626753552415116,6.643278009829317,6.761773555609671,0.0417827336582085,2.4851694071833847,3.6918070046826674,0.8517493138954038,0.5199118421508093,3.5227040471364117,2.2609792,1.7858764,1.5068283,-38.2291178976556,-34.05600301725838,-4.856814122199968,0.7230142589488746,-0.006346109158256568,0.10263525088202828,-0.6831369654260734
7700,9150,OK,753,753,,15.352083,5.6532290593426495,0.4304504828057261,3.8275404234149466,6.840639744089681,0.07525267028209395,11.627339142970566,3.8245631795625785,0.7777190723663967,0.23584854317215076,3.6516206675247247,0.86793435,1.1063142,0.7525149,-19.475299742486907,-59.59143859777922,-1.1977080596996845,0.5371881661199452,0.5216547404285521,-0.475031256688537,-0.4622234428693761
3550,40450,OK,1646,1646,,20.738434,0.4940463714831602,0.04017459936464674,0.4669237706239495,0.6809652143710964,0.04669665785187979,1.1897165319973964,2.482545491575878,0.712652220590015,0.36743446851197886,2.3082616271541156,1.8832954,1.6719097,1.4592298,-36.24595509936153,5.5535442357675215,-4.9362945047583,0.7180695157973251,-0.0041706560637055036,0.10183337456969428,-0.688468401551111
20450,800,OK,706,706,,23.543709,2.731716589993735,0.16621648381033327,8.20425033859862,8.648677764024558,0.045746860979181556,9.121156375870266,2.2799345507182833,0.6031299272737338,0.2980624212787757,2.1608804672501343,1.9744649,1.5101928,1.1352435,-1.131350005496168,-11.587085025180896,0.3912779071694405,0.16213238110268505,0.7114119693937357,-0.6804008482373287,-0.06826995326806629
23700,8450,OK,743,743,,17.419851,1.220046624097546,0.24566107261701056,2.9023616263577607,3.1579370066113137,0.053572994038478296,6.207530799176783,2.2686375861474026,0.24768933020254613,0.18641261711891416,2.2104094080788723,1.4049379,1.116904,0.8927845,-41.25699112322972,-59.40534458364051,-3.6102804284321834,0.4967649277000979,-0.5209980368663555,0.5307026986350456,-0.44737042576594205
10100,8350,OK,1411,1411,,7.755418,0.09732435525490657,0.3150354414806298,0.24644218185790998,0.4116468249769039,0.039337959529457775,0.8287102462480532,3.425765513900104,0.7049434816781517,0.2190300157770122,3.24014171840267,1.1607782,1.2821891,0.8022594,-38.9797133708425,-59.34429667216491,-4.2459176859012,0.551382685891075,-0.4328907564687156,0.47064676282406837,-0.5357931982646967
6750,1350,OK,896,896,,7.0484524,0.03176141946013812,0.21329455495464414,1.0671250493194255,1.0886961127074941,0.020128295954812917,2.6539355629612036,2.4904706814022006,0.7444271288267355,0.25081996804411766,2.360919450555463,0.8308427,0.8585174,0.6241257,-4.565432533397572,-34.13277981465981,0.010110983406396663,0.114094035429155,0.7289234406805623,-0.6724002546426631,-0.05942277561998498
30600,27400,OK,1237,1237,,9.298018,0.010653055134856051,0.17134877903895956,0.14054667000865806,0.22187216615062624,0.02250540176465347,0.9695889620438215,1.9094540692441657,0.32070362592463564,0.17755705309910397,1.8543019786001924,1.6326166,1.555688,1.1277788,37.53083726141743,-99.2707541359374,23.843178421901058,0.0961816044189941,-0.5978586793487188,0.7843812088429002,-0.1343883094355482
10150,8250,OK,895,895,,13.518836,2.259853631198231,0.57479193489424,0.4873332054071836,2.3821876198049003,0.06231923054440352,5.292774181211148,3.299565501481547,0.6101502682863105,0.22893860184814585,3.1281502726361126,1.1643636,1.2291098,0.79204446,-38.54316554637416,-59.58379483115768,-4.258439874011559,-0.5057672700467372,0.46480825256960107,-0.51264086002694,0.5151233886395606
14700,28700,OK,786,786,,30.48124,2.1428151842913,0.7586654345194968,0.8593068530561787,2.4301519341953353,0.05481201904149951,11.577272111329703,1.484821393969267,0.4310780709258921,0.2486246718878169,1.2722737250971115,1.7742954,1.6856833,1.4792691,58.35829778593418,-67.62758866394665,28.48406087380347,-0.5499379687888089,0.3068026517107496,-0.451547539855079,0.6320958650699412
10350,8500,OK,986,986,,5.8897295,0.8855928851877541,0.2733349519420968,1.7265063498973932,1.959543551566124,0.05438748206147797,3.186192114444887,3.65060053627171,0.6689691023699871,0.2811624025543532,3.4710747273935763,1.0011818,1.0121481,0.71656936,-37.1146287050492,-51.678497892723904,-3.833481780756864,-0.1687399888120979,0.6694920967311899,-0.6373010277134088,0.34227846655260274
3850,40600,OK,792,792,,32.225616,0.41444090760127883,0.24136324121308833,3.634146471918373,3.665656565945454,0.0033277866537928928,6.60509039280103,2.2951287406146204,0.5163420533835767,0.3161438082931668,2.1959318379547916,1.4724146,1.3548745,1.1830118,-34.705040274607015,14.160766604307566,-5.080028033287157,0.7288658178184139,0.038608168183565585,0.07453313450894467,-0.6794916046763756
30350,27250,OK,1424,1424,,8.375746,0.062278357655933286,0.0019171610481552026,0.4616462530301737,0.46583208592324776,0.02989035640550704,1.7919940324681156,1.3436317444306964,0.24965321772162863,0.17489257646254808,1.293680515213902,1.4043627,1.3417658,1.057802,37.51816708561155,-93.23121315242504,22.167772335053037,0.021620049471613677,-0.6404953226060183,0.7665664884207111,-0.04091618275202874
4950,41550,OK,1591,1591,,9.933689,0.32688704698931503,0.19044683820252456,0.777930455998241,0.8650438913953236,0.013022218420048446,1.4705298658112662,0.9367375858966058,0.3428789152566585,0.08309308679812955,0.7985021262136414,0.9663502,0.98975086,0.82606655,-5.519902698484886,29.868806634236098,-1.7458070376026391,0.3685482635958164,-0.5931614967595655,0.6126799441538578,-0.3700741847171809
3400,40300,OK,1634,1634,,16.835966,0.27115569318180044,0.17665515346656635,0.8528096511403583,0.9121495240745009,0.027168217288128092,1.6414193290523345,1.6878458426691743,0.33785485736059173,0.2816529600847737,1.6127424768640344,1.3367102,1.3905783,1.1692307,-36.14358554649453,-2.3313356120397573,-4.922353020587767,0.7163259250218464,0.05462522385513742,0.09809990944091815,-0.6886723907839313
3800,40850,OK,1468,1468,,16.32875,0.5250570545908948,0.5110281462215401,2.937458926121111,3.0274576164588796,0.06186088790568982,7.163827111064107,2.55783263602654,0.6695871510791094,0.23993560577210826,2.4097861932864744,0.9406283,1.1021681,0.7321166,-34.16372910298395,18.58306515545041,-5.946556117180188,0.7086457045400202,0.023416155866684375,0.09202247455517748,-0.6991457739685959
23500,8550,OK,891,891,,7.070224,0.5189492491937588,0.2885561514075856,1.302200814470182,1.4311882954247246,0.016656984019711496,2.2681583429112187,5.350926152774829,0.9523130732200387,0.21182922585723923,5.0599354796477325,1.3679509,1.5669519,0.87615544,-37.59062058874026,-52.06819834095723,-3.890536830802317,-0.3423972818477482,0.6468474056847351,-0.6045537231157645,0.3144317589065537
21700,9650,OK,819,819,,9.402479,1.1207441183865654,1.839043122488441,20.8650693464667,20.97592109582162,3.140437065507617,20.79688888101809,1.582160547958096,0.26208392004078385,0.146662524180661,1.5204930134903396,1.2307848,1.2307754,1.0688188,-27.736317470522128,-68.92098027295678,-2.021538186436697,0.7498248858923028,0.12618722864354762,-0.05370285026256702,-0.6472676631020063
20300,650,OK,702,702,,27.369118,0.2237553481263188,0.20034740928160066,8.184575965087339,8.190084814487962,0.07046185351860138,8.371064911530546,3.26803552180738,0.857000734513186,0.4192742545774969,3.0876057359084923,1.978192,1.6045157,1.3577383,3.412782762997546,-6.474850314904275,0.7424437124910298,0.18488862734464373,0.7100490175221452,-0.6745121328543536,-0.08173108849587506
30550,27450,OK,1221,1221,,11.322601,0.27360362059647036,0.09020860434183686,0.2526908018230869,0.3832090484667526,0.042030758488125625,1.478486545410464,2.5030442408391353,0.5785601241332721,0.2735093220120124,2.3111192171688666,2.0678155,1.9524721,1.422709,37.77837500083314,-97.89564421308008,23.494264579035008,0.06619832971754275,-0.6204874520587107,0.7753817921089543,-0.09693389214409616
23700,8200,OK,1169,1169,,5.904745,0.9843109828688967,0.18429011201400583,0.4086892931434233,1.0815996924521287,0.06987361922251492,3.572181645992565,3.145359778772108,0.5470261280286639,0.2686274443343736,3.046387711587073,0.9405104,0.9554112,0.6904833,-37.852981338408306,-61.980716090443146,-3.7194276925981136,0.4748430539603497,-0.5222098372538047,0.5418314764952447,-0.4563327854318013
7800,9250,OK,730,730,,13.94816,11.708684980373883,0.5114877866295688,0.38695507012597874,11.726238013608643,0.4593496438268582,12.059984047490769,6.322116483320508,1.6941901970636803,0.4305942888460613,5.804909097829756,1.3449873,1.5894096,1.0338955,-18.37003882570228,-58.027127678056836,-1.2221931396443877,0.5914344140168546,0.46664373907019674,-0.377574059934407,-0.5384113520049285
22200,8250,OK,1033,1033,,6.482673,1.5538744258235733,0.24969796449417583,0.6538727321441928,1.7042371767282818,0.043318063787160584,4.805426379804865,3.4025679320013054,0.6532230059762157,0.25989710735182037,3.261889059223037,1.0224882,1.0751114,0.74792576,-37.52385071949427,-65.29708947519457,-3.6669351649178883,0.6549558533623147,-0.2877937587129056,0.33712698629988475,-0.6120073346788399
23650,8300,OK,1002,1002,,9.745351,0.28000687587090867,0.11296037950961024,0.4166113677077612,0.5145181528160819,0.04229549873524445,2.1893940010500015,0.7485142300680492,0.13709778133437267,0.12583271668971463,0.7152636799635954,1.1433444,1.1293105,0.79928017,-38.581365023514245,-58.649046386177545,-3.8073992062892366,-0.4577562881136543,0.5574378437187193,-0.5498610393528427,0.4211591961294987
20450,950,OK,1083,1083,,21.82937,0.4385535840803632,0.012444271460067345,0.9095933122817939,1.0098733087618808,0.047146479384798684,3.368176987530415,1.1334402829151524,0.2865874197782412,0.20102240431078,1.0605368755041518,1.6813933,1.5444202,1.2795974,-0.7731618361394972,-19.44104438727358,0.20944001621376118,0.17539249404678092,0.707265405186676,-0.6768323872244236,-0.10445592018772723
3150,40000,OK,1056,1056,,28.358044,1.8364326256457308,1.1802419131088322,5.621256959263215,6.030255845655307,0.0956941269327403,3.9881884791183064,4.297211725212942,1.1852302502753302,0.5217817890991183,4.059124898925391,2.484791,1.7883518,1.4888852,-36.06988884516838,-18.01596668412768,-3.1778957082850696,0.7162677799818935,-0.013634112870979122,0.05655174574118915,-0.6953966338570062
22550,9600,OK,1393,1393,,5.623183,0.5394447408051755,0.11371043213471449,0.2236805548854539,0.5949484695269759,0.03371418841942979,0.9330442289619466,3.3139272441082084,0.6916758724639711,0.31390219618372495,3.220570819180395,0.7192823,0.7351419,0.59045166,-26.454704230053096,-68.31901606410425,-1.8690644698610852,0.7013332552156584,0.33889601273052966,-0.1941894433487261,-0.5962982624290202
6950,1700,OK,1151,1151,,30.03874,0.11309073029241257,0.13704271811233862,0.5084243643075235,0.5385773427161584,0.01496744300041795,3.6486168983740876,4.328275522526526,0.8430929719026179,0.44447633687059485,3.9899641333433324,1.8970653,1.8510135,1.4471663,-7.700607511997672,-41.97662011911509,-0.14945747462366327,0.30396620751043113,0.6729224765224766,-0.628150603594202,-0.2453705452714774
2700,39800,OK,1491,1491,,6.962307,0.23227715927066783,0.9929471596992917,2.005046237248952,2.249468193635981,0.09598023959492866,6.66124705357736,2.677883264567737,1.0058999566671964,0.39001195673969,2.400000046049872,1.3804517,1.6721021,0.8310105,-38.22304339049752,-29.598697433220188,-5.868917765177854,-0.6928828864412603,0.020081866184849192,-0.097652528369229,0.7141246446037685
20550,1050,OK,819,819,,14.710009,0.34389504142227606,0.259151948504039,1.293591030235433,1.3633786287872631,0.03204525113145266,3.5339683450983275,1.7800980437142992,0.43276679856796196,0.07643833849096648,1.7052108525532228,0.9889676,1.0216242,0.7593498,-1.835307802433506,-23.001047486521554,0.001583671718182078,0.17441663654317302,0.6990283466823648,-0.6877288599154106,-0.08925930019295486
23800,8150,OK,918,918,,15.182005,0.8590317188288201,0.023967657685346033,0.9169067208137904,1.256673337523486,0.06858944081897238,1.1465944987344427,3.1494420740699374,0.45606324606725734,0.2830334499773728,3.049820927099494,2.8372567,2.779668,2.0141966,-36.449533272669704,-64.19749061877359,-3.2900090160055675,0.4694764800636964,-0.5005076350975659,0.5266477039952756,-0.5017231684430649
23300,8800,OK,827,827,,5.924339,1.2254196610486616,0.1863247414543888,0.6849566598057061,1.4161694392885518,0.04315605108947091,2.3805009897356464,4.915915447040024,1.1874351472027398,0.5586248681812681,4.742101533647876,0.9574277,1.085104,0.7736695,-30.77255372735437,-46.97485170200585,-3.048775535239603,-0.09671110106189264,0.7474528127418183,-0.6493904871561441,0.10125833717204137
7050,1850,OK,1341,1341,,26.524199,0.11504141162462289,0.39574622850813235,1.341331577195663,1.4032177321247055,0.016958680939935987,5.793445033475031,1.8989165796007856,0.3028483821920548,0.26608702409682117,1.8569201260882444,1.4447993,1.4242524,1.2412264,-12.395021274027918,-44.72360986703678,-1.0762109602942411,0.3424925472139918,0.6699405164453789,-0.5759817763557542,-0.3195677593779454
6350,1000,OK,1665,1665,,7.059299,0.08207325280837491,0.19586859330561585,0.23192502966420356,0.31446739744337543,0.03530794646828596,0.5372327211736317,2.2449618423533755,0.5676829054252148,0.08273986065147465,2.128190388966809,1.1209358,1.200453,0.7770207,-0.9089815931561815,-18.718620934084253,-0.06367141219195216,0.10830123371734696,0.7190434312637597,-0.6850708242403831,-0.04387883893565802
10350,8750,OK,869,869,,22.389317,2.2725811632767874,2.0248405591512553,6.047497305501231,6.770290104102564,0.13633916580449482,6.788968465930616,9.083888541603287,1.352569688324432,0.7056445126279915,8.409342374063757,1.8935122,2.3667133,1.8324482,-32.03891056220698,-52.72332049217683,-4.369044250790644,0.15264456433786996,-0.6371728226323815,0.6895412269516276,-0.30861517689645407
2700,39450,OK,706,706,,15.496123,2.6011273220600817,1.6798440618850101,12.567162805034165,12.943002757708582,0.13322980996674277,9.117125696963845,2.7328131389873804,0.8503741765190506,0.21095738776512718,2.561040021985023,1.0744008,1.2176077,0.64902097,-37.1964145975329,-44.325288528016436,-5.573048642792889,-0.6837960856323303,-0.02419506800319246,-0.0645657243818926,0.7264081354123624
22500,9550,OK,1440,1440,,6.515825,1.4832637368079007,0.08155883770947484,0.7414279413871868,1.6602525558503138,0.011231507689730483,2.9418804298313526,3.1376447479554677,0.5588352748372227,0.32324123337352606,3.0072458282273695,0.6209974,0.6397473,0.5376514,-26.450171916447903,-68.05788345507706,-1.8193660474149405,0.7232365400652678,0.26813574581385413,-0.1392521372723471,-0.6209999768086565
22950,9050,OK,786,786,,9.941626,0.3009376545112068,0.26710204199333115,0.6870709589970924,0.796224513210249,0.04672966678728965,4.160563287261282,2.6517667558651263,0.3382303320774047,0.1774135194777472,2.593518241893822,1.1894209,1.2402345,0.94774705,-22.84050845308515,-54.33876715044638,-2.0339313618943695,0.5174284162882006,0.6162733892315929,-0.4427037014932933,-0.3955861175858267
5450,42050,OK,1749,1749,,7.3278766,0.1889061579764249,0.049058414945382336,0.7400806812824872,0.7653833545393561,0.015381187269342029,1.704439309475434,2.1584375679825074,0.5168636694714696,0.2316461688713684,2.008566527331264,1.1284435,1.0525417,0.79961234,-2.8344595202371425,12.374140494358631,-0.8057192471419546,0.12009849115113434,0.7217698753069575,-0.6796065323917162,-0.0525315205672463
20200,650,OK,888,888,,22.192944,0.032928421908844596,0.014042646599852882,1.8156696582943677,1.8160225177413747,0.05139235246785207,4.403872633075242,3.87399968839976,1.0978080609925054,0.46709015184745617,3.68438327422441,2.203083,1.6815212,1.3740098,2.5139549646559454,-8.56446970003855,0.3988146895384249,0.17239071928952077,0.7032603790545144,-0.6814729830034275,-0.10630546830409335
10150,8350,OK,1362,1362,,9.785997,0.3992678979389306,0.3918534870238643,0.04820808806489224,0.5615051463452552,0.04921714687263126,1.4691216792883974,3.672969230121909,0.7177153389640343,0.22168624409134496,3.4537292607531906,1.2157645,1.3422827,0.8336764,-39.29620398541311,-57.76035229319729,-4.298048701003128,0.5112908318741115,-0.4667356397648417,0.5105576952826173,-0.5099709478024068
23000,9350,OK,746,746,,11.109686,0.01928532428329799,0.35683967309962217,0.29906097638805074,0.4659870637997705,0.052949080715761085,8.069015052808986,1.7164810273157034,0.41201540122261515,0.15099012285254218,1.6008227412634382,1.5641296,1.6110281,1.2209946,-22.526983232320276,-52.62891903035207,-1.9260149234899187,0.41012833467581417,0.6802351294052347,-0.5209990698647912,-0.3124658173610504
22150,9850,OK,1247,1247,,4.6417904,1.4417195365534612,0.06584374488993022,0.20447848819287884,1.457635781995867,0.02994251286994748,3.88763490804352,2.787693003312355,0.5803050658760314,0.3497163292784802,2.599590033924402,0.7840676,0.7088467,0.58124095,-37.18203688027614,-66.32553091113674,-3.145012465031535,0.6244316165978372,-0.36827658034323746,0.4182122305799621,-0.5473171354498553
22500,9650,OK,1439,1439,,9.500261,0.2002159881639768,0.017259621939430966,0.005320483805193232,0.20102896312196186,0.012152530030186195,1.2269175774188907,1.1874501496813978,0.21505830381671553,0.1297606719035429,1.1320103702056659,1.1767449,1.1191436,0.88287985,-27.446700276746636,-69.62408758233066,-1.8241415632350855,0.726827524919439,0.265631438414333,-0.13365765498032867,-0.6191101026558798
6050,650,OK,1407,1407,,14.216694,0.454284718767733,0.08127031310011751,0.14257331421630703,0.4830182392248674,0.0443303502267052,1.557870013834032,2.1129680573597733,0.5309893903793252,0.29202868084950184,2.00346867002572,1.7809004,1.556743,1.2038066,3.2788553701699583,-7.34290779631521,0.475445768004353,0.11347401387934009,0.7212807854921917,-0.6791044441332992,-0.07546410148064597
6450,1200,OK,1572,1572,,7.555216,0.16182404769540287,0.04689285825310946,0.5776194460960773,0.6016894440456882,0.03266970739196923,3.9197931407747655,2.5805220659519468,0.5653832863357602,0.2798017477904071,2.4956609410545356,0.9901198,0.9225622,0.639951,-1.9601860107176274,-23.54935472943097,0.05060366104241998,0.09191553320918444,0.7179660875923015,-0.6882879275316097,-0.04833177667452957
23550,8550,OK,738,738,,10.421051,1.80759893823171,0.8327914433994319,1.976837009805097,2.8051452855477685,0.04666404590221814,3.9090032956869742,5.230192104381366,0.9121444142776303,0.20261939486944547,5.020570768271747,1.4774643,1.6743394,0.91489965,-38.31370127562468,-52.58690353848965,-4.604306455474997,0.36286705084206766,-0.5953376125797945,0.6220026762435485,-0.35638925517870795
22250,8150,OK,969,969,,10.866768,0.4258439394993312,0.2959316858772385,1.1721053154083512,1.2816978949514448,0.029348120985144506,3.082841256453995,1.8585389860700445,0.35407131821525206,0.1590363681421798,1.792853512670622,2.0253377,2.2392693,1.579223,-34.93114367442491,-67.87001415991449,-3.3729604786620153,0.707361231086126,-0.1911311018533545,0.25333062397463835,-0.6316111031459654
6800,1400,OK,875,875,,10.461783,0.07188904709366523,0.10782318700013084,0.0822997361740323,0.15351586667577954,0.015897674096086185,2.6089971953433753,0.734372509473401,0.2708066071441839,0.07352737280643074,0.6615627609682355,0.95020735,0.94953233,0.82596695,-5.51075218534879,-37.171006849311766,-0.024835011439142643,0.1329504122403621,0.718383970929118,-0.6771324805570716,-0.08797875864012192
2650,39700,OK,1460,1460,,12.31577,1.1368458895156242,0.11056882532655427,0.4767310377488103,1.237706154139876,0.09581828514712337,4.359771253085074,4.013404779153754,1.020872701709387,0.5720434665408614,3.8041095001725402,2.2932458,1.7608067,1.4912199,-40.39069788825797,-33.843950417036375,-4.643197117952408,0.7316644010852166,-0.05987514553544787,0.11520442087788141,-0.6691861568666168
6900,1600,OK,1338,1338,,7.838481,0.026533472882792508,0.3900431067805131,0.9470926411795187,1.0246082770047358,0.08197204689995911,1.5731336371308426,2.9495158144625213,0.8332760772300513,0.2913588055699754,2.732575411631339,0.63703585,0.8909627,0.53112084,-7.339894026354709,-41.63128972154969,-0.5156205749690014,0.20860527872355017,0.6895684010733844,-0.6667972075606706,-0.19068492840037984
20650,1200,OK,1362,1362,,9.538374,0.2890189334068899,0.09342797277181308,1.1855741904523174,1.2238655526774886,0.030641495714348117,1.878280772431696,2.540357380643136,0.5614525501632737,0.26538217035759226,2.474418317925549,1.0315316,0.95962965,0.6513897,-3.305747048674612,-27.10797930341918,0.01574856515790006,0.1610139963313701,0.7106554132298493,-0.6748800494799275,-0.11653452469755149
4750,41400,OK,1517,1517,,9.370957,1.0452373674455515,0.3825911391435547,1.5442282081125684,1.9035592695753456,0.04399042738724573,4.076109113088573,1.6497209788775582,0.4988564901831383,0.1166889324343025,1.5748248998754661,0.9535768,0.9756754,0.74444276,-12.275943162124888,32.91105789039558,-2.8056322834693384,0.3478323843708102,-0.578134786310092,0.6236204603477251,-0.39480415737019914
2950,39800,OK,792,792,,13.712128,2.9718843699647426,1.1093200270622647,9.278415219444248,9.805696131091194,0.07991939787335084,4.4274666302028995,2.6297750748392907,0.9895962586432114,0.3541786229865882,2.3759733171798594,1.4191976,1.726975,0.80442363,-35.93655507247461,-30.435456239804584,-4.527685486880994,0.727083263665237,0.027253764393638732,0.07682535444704375,-0.6816927643288945
7650,9100,OK,755,755,,13.978295,5.034903308774005,3.245685911096354,1.9571524602188028,6.30199762890572,0.33690859076335994,11.469549071281195,4.212272433649794,0.8239578125585564,0.24066397829501873,3.9905888060530694,0.8214869,1.1180252,0.7461769,-23.91506583985092,-57.7375415286156,1.9026683913720106,0.5605207090597009,0.6135202121675999,-0.48900806482094394,-0.2651048783351773
10050,8250,OK,1421,1421,,8.530253,0.41556178837826896,0.19637381104437088,0.021951165445986853,0.46014794065460357,0.022288826859912698,1.2922006260390753,3.203720684972827,0.6172708606515958,0.2406166169872005,3.0632030439188522,0.9820635,1.0464333,0.7098579,-38.72358730952022,-61.80010149101208,-3.9657471569424327,0.5529178405961507,-0.43409263345672155,0.46596262602122873,-0.537330697318233
21700,8700,OK,887,887,,10.246558,0.07645332317495512,0.5264438093278883,0.8188393099043796,0.976466082590088,0.06451022498077515,1.8720684437651314,4.195427503607857,0.6295846190585758,0.40400816534324446,4.0190144207252105,1.0010918,1.1350244,0.8416467,-33.10489100744918,-49.8153128271072,-3.6192472170826036,0.05892063007841406,-0.6976828899389863,0.6977533293504474,-0.15135136543128025
7100,1800,OK,1807,1807,,11.2453575,0.0033835942531461327,0.2294173696466203,1.303526836616192,1.3235656356918084,0.039668162537511625,2.1937372701689717,2.625679939592632,0.7153069803471648,0.25665617901767257,2.466821772369268,0.6561898,0.7956432,0.55937576,-13.579826417871265,-46.051311772228374,-1.1585202471782505,0.2875134970209004,0.6833321175486428,-0.6178521914266365,-0.26201502954335176
20300,800,OK,1163,1163,,14.574172,0.2621665381655238,0.1777176892342534,1.0660715490914983,1.112125630755269,0.09286240383417603,2.7480500596686106,2.4209942805118114,0.6368298679856332,0.30750539305128965,2.295463083446548,2.1415887,1.6377537,1.189993,1.2027284997610077,-13.174865389789263,0.5103786178175514,0.13077566511943658,0.7222694462851217,-0.6690424688858206,-0.11664796270281898
23050,9300,OK,800,800,,6.9498835,2.7519857990764507,0.10097966652453394,0.4956565360741312,2.798088299736601,0.06074843823244243,8.133591203076456,5.206068462756609,1.2362264003850112,0.3388728741808178,4.950596672341419,1.0257379,1.2062342,0.7897347,-22.17642078186852,-53.66905376930272,-2.03934889224479,0.312319765014948,0.70658765461123,-0.5816654416106208,-0.2546675573525812
22900,9150,OK,916,916,,6.3166428,1.0118732601570737,0.36722566132767515,0.11585654289773017,1.08266565452621,0.04610705930174623,2.763377184660996,3.6996240687013784,0.7730461731182756,0.28303445097790225,3.4799171123615107,0.73861814,0.9051099,0.6191118,-21.796117037356627,-55.338536452560156,-1.7152790475507511,0.5781758282180187,0.5742730071873446,-0.39554100404947007,-0.42363963341022415
3750,40600,OK,1049,1049,,30.89824,0.06277348243364733,0.3822923833782312,2.117097288682531,2.15225205453097,0.01584401601637499,2.436461790186144,1.9294705304223698,0.35972385135115326,0.2523974967929979,1.8629350523220425,1.479949,1.3784077,1.1599576,-35.30858008383294,11.428703911219838,-5.222450944957902,0.7324036022498709,0.039136720179595304,0.09877203006488895,-0.6725305692842948
6850,1500,OK,1674,1674,,5.7731614,0.11338430619740722,0.15754678228506513,0.16088566131052495,0.25211343779253426,0.032088950971988515,0.5169259954015678,2.1234467432738082,0.6693935211779654,0.22778248935546985,1.9686718195805675,0.70205706,0.7713839,0.63185674,-6.18184452419601,-39.09534640784966,-0.12035216285167931,0.15785192279080543,0.7152611054907498,-0.6739348936972668,-0.09641618381086013
4950,41650,OK,1584,1584,,12.231721,0.29797823205273,0.20682867826123763,0.5110822202694454,0.6267169734450369,0.020364357776939325,4.827563439359032,0.9471026512540643,0.13511572274463157,0.15668825592711066,0.9051053004925773,1.3057207,1.2443634,0.98677963,-6.302154862900558,31.066770171519032,-1.8591257793359908,0.36082494018319616,-0.5967413388447967,0.6175976518118025,-0.3637008077143352
3750,40650,OK,1876,1876,,8.158127,0.2918871402799404,0.2438057225416546,0.2892356787200005,0.477803946037995,0.01718127600700947,0.748751801326229,2.3330551980328256,0.7048039988823858,0.22604001433303722,2.189375735570402,0.85976386,0.96622676,0.64194506,-34.91954499115962,13.811727875699773,-5.241671817355965,0.7303447381946798,0.04583795867839055,0.09368633091666757,-0.6750691196721382
23400,8600,OK,1035,1035,,10.419489,0.3624812656927623,0.07255772145048162,0.9629673684447062,1.0314860365558205,0.023010755802331855,1.7814807323764408,1.589762318907097,0.29329698304590057,0.1507676337611339,1.5283053951322372,1.6225584,1.6659772,1.2681466,-34.012901749234196,-50.503163966985156,-3.5642891110008756,-0.2052584995013642,0.7090574779949216,-0.636415310576067,0.22379006623685935
22250,9800,OK,1596,1596,,8.041995,0.34525084060212197,0.09096896295965773,1.062979862786433,1.121338344946739,0.018959245645657756,2.0845688749885234,0.5614675978466972,0.1245208485528666,0.07807965168627562,0.5326547447534966,1.1064405,1.1531857,0.89761686,-35.126246042529694,-67.94819642775118,-3.1450414778395173,0.7123778905265791,-0.19313850210821104,0.25246070830728956,-0.6256827078106599
23700,8150,OK,909,909,,11.690728,0.5485657111315945,0.6376979410323013,3.503130573829102,3.6027082619499406,0.0863709437481921,5.232360102661581,2.1597211048642655,0.36555150699121525,0.21244181098053272,2.0427971414137422,2.198974,2.4388695,1.7247125,-34.945284326985934,-61.68567200413058,-3.910140664246716,0.4818658729549129,-0.5134911365082389,0.5157969341608831,-0.4879402175667736
20350,1050,OK,1843,1843,,6.9632683,0.12559020666149223,0.23738417925156163,1.0713210490792302,1.1044695282208723,0.046204832529017824,5.074327021310969,1.7000358916473215,0.4102651809032045,0.08198570606622946,1.6239029168924457,1.1758513,1.1763375,0.8092694,-0.054522982193460856,-17.14970586171971,-0.16559965214976397,-0.15226812959408906,-0.6974212582503134,0.6977689672008777,0.05946825759922615
21850,8600,OK,936,936,,23.77238,0.45225048421356595,0.2521397966718769,0.41023206912687726,0.6606022464972847,0.01766578913331388,4.049576973807978,1.6175023413763643,0.31843320180341494,0.1728404569389395,1.5398644658537468,1.6578172,1.7078316,1.3055505,-36.56802247091022,-53.53109603558146,-3.833216419519534,0.2997581671100577,-0.6373083167631654,0.6388208373244504,-0.30966286253828984
22150,8100,OK,1196,1196,,4.8730984,1.5784647397206295,0.48443505519395347,1.5631014190895534,2.2736565931560246,0.057800679671824055,2.755399598745529,3.974710352954433,0.8025870450121398,0.32523564328563237,3.861804172634564,0.995757,1.097162,0.7723833,-35.911891114088775,-66.00962664801493,-3.652591717719519,0.6076412772355254,-0.35547447867719906,0.42020862253014696,-0.5725684996225948
22950,9300,OK,948,948,,8.115969,1.5629193053718975,0.2410710472358748,1.1525775489503758,1.9568513002433352,0.04310668856832621,4.600003305037936,5.143619581438145,1.1851509882144682,0.31377377984364285,4.847795206119162,1.0024222,1.1472573,0.7521879,-20.723512715987177,-55.855116549696234,-1.5617942491863177,0.49228078371960055,0.6345965170993657,-0.45261612336455065,-0.38740874452729657
3100,40100,OK,1647,1647,,6.2613406,0.06174163952221179,0.8172902533121508,1.0082483437609011,1.2993614242798384,0.14091660875132503,2.9953267451994963,1.8734380076439332,0.6219398780006515,0.2607485499236267,1.6804368364581483,1.2013843,1.4049522,0.740704,-37.422496187442846,-13.29350715168527,-5.597358877460727,-0.6986802167744226,0.07037550244874019,-0.0860853202829919,0.7067408018325444
7850,9400,OK,843,843,,13.978108,7.99248250024371,0.0428517980010501,2.8125410591218873,8.473015992109325,0.22775953030370227,8.696440144993455,4.953672957668901,1.198666560578371,0.31350607672826225,4.683477163865742,1.1427014,1.3618302,0.82401454,-18.848668045012754,-66.98879205824973,-0.952583453196109,0.667721004784853,0.2876855307159552,-0.21436421575593878,-0.6522527716990759
5450,42100,OK,1639,1639,,10.937974,0.26077260002135316,0.12994873349604685,0.1893077135339265,0.3474570947074853,0.0287384652584564,3.6945686620097935,1.141511225585532,0.17054611513543705,0.13627579636409504,1.1093542462921686,1.6458213,1.5276544,1.1917588,-2.064856971383665,13.114113851258331,-0.7547630082277847,0.13789028151034383,0.718509806326329,-0.6792348517416112,-0.05805122442679882
22100,8150,OK,1123,1123,,11.614873,0.2991345531505303,0.2192595406297875,1.950626874057161,1.9855733249718492,0.03607446146895509,2.992452212680149,2.103200517021822,0.3886866481972988,0.20389434498639414,1.9544040523615296,2.2098365,2.4936936,1.6949601,-36.615891530881754,-62.60643306824112,-3.8260628531960914,0.5787816970009867,-0.4159449964407816,0.4816055731787998,-0.5099584091233871
10100,9950,OK,794,794,,17.79033,1.4226360895530918,0.2642433070991226,2.465776274152221,2.858980692977412,0.02600956517163779,5.976893956070277,0.9431713807596356,0.2471487623317954,0.06452947115667074,0.8488612518874852,1.0470699,1.1094869,0.79594386,-36.51911149029048,-60.46744091854107,-4.0995015114192075,0.5512091070208874,-0.439650283251345,0.47232516357538545,-0.5289471510725182
10350,8700,OK,1017,1017,,12.438063,3.8320326374401663,0.7959493518160553,1.213261303615878,4.097561774508681,0.0676137263379672,4.952534643776271,4.420819780742701,0.6523389252742842,0.42766294735406474,4.22298746587734,1.0323186,1.1552312,0.88964796,-34.0057128276466,-48.0921203083298,-3.5438680233842366,0.16370495868007703,-0.6603339769161661,0.662776702185727,-0.3128686121576378
21750,8700,OK,1044,1044,,13.124687,1.4070167805164395,0.4077157609762301,0.2349079856609666,1.483613872990734,0.06964239303771692,3.4568929433464155,4.129502415086467,0.6261847985340534,0.3975274022045451,3.947663520896355,0.91598713,1.0550661,0.8240556,-33.752693900721006,-49.48761366426594,-3.6085152171817536,0.1450736360079458,-0.6686637799518144,0.6942183488622965,-0.22339040628212362
23200,8950,OK,891,891,,5.464375,1.7541449661615431,0.2668016243794816,1.4098451306259596,2.266246006379524,0.04207430035070479,3.1410515529968954,2.67334664745534,0.66963427052127,0.22952121379079593,2.4900290770902656,0.81621766,0.8991935,0.6262024,-26.068708295004093,-47.01401041607788,-2.352696363686525,0.08807680728023205,0.7641619217851755,-0.6377767418778224,-0.03924106054399877
5350,41950,OK,1781,1781,,13.614431,0.11851319410880023,0.08281236333635547,0.19679507633400073,0.24419575501742016,0.032637356807946154,1.7345543938780776,0.6755798508750146,0.12206429068991598,0.07057953125150473,0.6553695682574046,1.3991843,1.2351248,1.0493718,-0.9494853186199347,17.09506362365383,-0.5623365263714232,0.09223218727954785,0.7211901964073653,-0.6827084011478143,-0.07271288219931535
7950,8000,OK,1328,1328,,14.899364,0.05970017668153349,0.08460409328985943,1.010589534486061,1.015880490466255,0.011945241412932404,1.8589014974318046,1.2901277098079271,0.2704570910130337,0.14220276164466333,1.2464835932647271,1.6347111,1.5524969,1.2620838,-31.5821991224136,-68.52017297558942,-2.6852233785931903,0.7164921740027451,-0.02073534640728872,0.11776377787039766,-0.687270472684431
23050,9050,OK,1369,1369,,9.481685,0.023275032946341964,0.21789062391066913,0.24114773979234072,0.32583781786924065,0.023815312951382405,1.4333955596601449,3.6948638858641147,0.44346147531451185,0.1978240730796189,3.5701979194941558,1.0594381,1.1187593,0.8644108,-23.185467373333434,-51.029034171397214,-2.002158535458278,0.3326181447652862,0.7099176284952665,-0.5624356727441608,-0.2627703266150479
3800,40750,OK,1715,1715,,13.074625,0.11956888523773657,0.08508946364070119,0.012089853223848035,0.14725182406554907,0.012529996718659984,2.6797261529455945,2.1307231764188663,0.3939142792734144,0.30182463461333675,2.0491589576500857,1.4066563,1.283801,1.1173706,-35.23662905392203,15.736336755226358,-5.171359488996916,0.7327943024424625,0.01905043689025486,0.09632679209344404,-0.6733281074536704
7900,9500,OK,991,991,,9.370646,0.021730324689954728,0.015616163781057193,0.012820016680472612,0.029671946516116102,0.04590811312910832,6.874710829685464,1.0558832738757307,0.24358961040881133,0.11944758937865191,1.0007157540195282,1.410872,1.4267693,1.12039,-30.142931120865082,-69.35017725630398,-2.2941708168216337,0.7294608502753488,0.07784084062029259,0.02746033454448957,-0.679024006551901
20500,1150,OK,1831,1831,,6.315697,0.18268433093082592,0.00320555385658581,0.49617383799159676,0.528745986131793,0.009863498369880399,2.833044937574293,1.896370061746111,0.43109779187292496,0.16372768953815053,1.8100095781352614,0.9512055,0.84346974,0.66976565,-2.0210028081326588,-22.676582611098276,0.21710234100346587,0.14906844983017947,0.7020563989127558,-0.690717873826243,-0.0883415462160082
7800,9400,OK,1030,1030,,14.079727,3.736163428524729,0.19324188448519825,1.3638393397279878,3.98199916312833,0.048856139744373084,6.765597968629214,4.987842370262865,1.1595116249514623,0.31814875303011636,4.706956038360879,1.0656079,1.2484663,0.77088857,-22.93623593090268,-66.15967584220921,-1.5074515879259272,0.6613123894751073,0.33720670234953193,-0.2531699862293009,-0.6203728890674816
10250,8450,OK,1252,1252,,7.7410994,0.018165398623589457,0.2110887945285839,0.299297336602959,0.3666979091572647,0.014937454365043446,1.4036389464098156,1.3607446697589052,0.18469218413099214,0.13706794747396778,1.2971934880439338,1.3453009,1.178833,0.9573359,-38.81729386801518,-53.46270266211378,-3.7918232817340134,-0.37327599733554134,0.6063828436614991,-0.5870907861363756,0.38508347868991105
22600,9400,OK,1207,1207,,14.083798,1.8624771586805786,0.45572314985103013,3.134568064058631,3.674509722960779,0.03671094337613308,4.817442274670951,5.154885921198675,1.2071484049107433,0.35122618327648447,4.844678313647169,0.8630673,0.9988439,0.6611442,-21.495001190030955,-66.74996409840442,-1.1923689113974574,0.6526337489929253,0.4041477180155345,-0.26115881129656393,-0.5852605291495755
6200,850,OK,1198,1198,,6.793984,0.1799549779403298,0.21926363735913396,0.2893732508636915,0.405212555418614,0.043769688788912756,0.31772194581993934,2.1296500818309267,0.49162282224597464,0.18025709110829968,2.020109661901178,1.3353095,1.3204695,0.7932241,0.6107082359843307,-12.530896921404533,0.012513573887187952,0.09029456505310096,0.7247784253829797,-0.6820079577772478,-0.037526938987182075
20050,800,OK,1408,1408,,14.385412,0.08474193869466684,0.11961435236937423,0.646123730793394,0.662544085296103,0.03748614878535803,7.595918083447565,1.9128797013991161,0.4831370821511296,0.25433391459913735,1.7903896803176318,2.1100583,1.7566129,1.3105766,4.191552043800579,-5.133636959926903,0.5570419194850889,0.16779445526816927,0.734033691367202,-0.65061603537041,-0.09868300379491413
22250,8000,OK,1169,1169,,8.887165,0.5728648578499058,0.03810494021590019,1.1217961858913628,1.2601796754862613,0.03330202338804724,2.4817517692013498,1.1276809376959487,0.2152976777382738,0.09188439313869745,1.0710392999209093,1.2038693,1.2348008,1.047268,-34.9349546584485,-68.05516875190689,-3.0654625895926673,0.716665609145904,-0.19006297427572807,0.2456554956455159,-0.6244356235322822
20200,800,OK,1776,1776,,10.826437,0.23388701787234784,0.12567079799918485,0.1237670770719006,0.2929412500244608,0.03126691449017788,1.508782456524143,2.460007546472746,0.709594313260062,0.3048359911615761,2.3012581688008424,2.3199904,1.7881757,1.3572885,1.8622912757578558,-10.063135176992382,0.56177153337109,0.15887266328063598,0.7111495442387072,-0.6790247574329019,-0.08916939712919986
3600,40450,OK,1215,1215,,34.518055,0.09319108345360472,0.2882122280483257,3.0087066885265257,3.0239158063702916,0.030785919323300995,2.902156489098091,3.1481638489570853,0.7323473936996829,0.39887236868439857,3.0155238004334883,1.8173879,1.6059136,1.4748806,-35.91862250799184,4.1082398285669015,-4.631827937251288,-0.7035348350178184,-0.02722382132025077,-0.07090214597046339,0.7065907480047818
10000,8250,OK,1651,1651,,9.083546,0.34241515859494953,0.23198070436347187,0.05074911436499285,0.4166997247916155,0.03390174510372448,1.085736336898852,3.196168323965757,0.6037352280917962,0.22624917739629058,3.0679507975570157,1.1258616,1.1804372,0.7620966,-38.457670689163294,-63.0199118582857,-3.8898066528644444,0.5692807099826399,-0.39479840432654073,0.4491467777697716,-0.5641993133653302
3500,40450,OK,1712,1712,,17.904911,0.47402965287513976,0.054155441468765525,0.5091836011825965,0.697785685836905,0.03799269104778184,1.8486261505715211,2.2759769430103054,0.6885460523463311,0.3127771828990862,2.1118537023914703,1.7125531,1.5747502,1.4242318,-36.54675849529257,3.42281669597873,-5.08364503868852,0.7325277081158368,0.02272570512174866,0.0882963215492958,-0.674603927330802
21500,9000,OK,1385,1385,,7.4896936,2.1454226686979503,0.0199362641898142,0.2516906427236615,2.160227780033284,0.04893583457099114,2.631038555653739,3.3094380508095904,0.6831371648280179,0.24098569982921286,3.1129094132400246,0.6664244,0.76488054,0.566119,-23.897155145926074,-48.728095427333905,-2.016979830881347,0.2447522941105488,0.7068307744552159,-0.6387250065902401,-0.18032453179465288
20050,700,OK,1604,1604,,7.5343866,0.17355421834658524,0.24310375683780744,1.2939793114196938,1.328007139166328,0.0653886172114079,4.127771655256268,2.2264111085136036,0.593197208829205,0.1787856398770763,2.0975990998775176,1.1172676,1.1671205,0.74924487,3.907819135670202,-5.7771914433186,0.15489254068303648,0.18002628511861318,0.7214600279711246,-0.6580218021904923,-0.11871508980863553
30850,27700,OK,1466,1466,,13.657855,0.6546084201782734,0.24028378152538704,1.0998821769046818,1.3023015328659553,0.07264929397820344,0.4688854246844275,4.75521375007038,1.5447366106003608,0.446242813960785,4.435377568976536,2.3127642,2.098609,1.5015229,39.51045092773191,-104.43942984725187,26.126721681807773,0.18702366054918243,-0.5949157230461628,0.7543824822812488,-0.20495000193809884
10000,8350,OK,1025,1025,,11.506766,2.818023698641542,0.7078295439332902,0.40034828339357625,2.933011929294927,0.06599577424816468,4.748117080416641,3.3749429073189314,0.6951509554969594,0.23145256622191113,3.1621691160007526,1.3581269,1.487022,0.9086991,-39.62461088839271,-60.81420071712212,-4.600392492156531,-0.5595007744891046,0.3904642337668206,-0.46359533319639323,0.5653104744593954
10350,8600,OK,1317,1317,,19.556938,0.16196079223713222,0.12560593671250053,0.7319314480824759,0.7600867017989554,0.017758838967742017,1.2371894983884657,1.9158247453355064,0.3063280316964643,0.20052956272013356,1.8294958193570334,1.8961936,1.8815972,1.4398861,-37.04067884667802,-50.26893663206446,-3.612521049423541,-0.19103295604561407,0.6631619151577749,-0.6458011378835898,0.32659389813192674
3950,40850,OK,1361,1361,,14.196818,0.6700350203298651,0.3820030966281627,0.7850911611571126,1.1005641397160693,0.01717955784202668,1.682579475941304,2.5702148806677814,0.7082097426760163,0.20514852350792367,2.448324974864077,0.8752687,1.0420781,0.69946057,-33.8786234712602,22.75851548293053,-5.456562962325079,-0.6997453685823377,-0.019665994114917935,-0.07357709136415813,0.7103211100969975
23700,8350,OK,854,854,,11.966837,0.5146067212787901,0.48834527295479974,0.36248286867019375,0.7966774838552783,0.04553621709085688,2.487105195325702,3.5514115106131925,0.693294700899787,0.22597404021793743,3.3507700522137434,1.1181333,1.264367,0.8262217,-38.592898202074956,-60.39016729556907,-4.250653015083213,0.4937967390307535,-0.4893774564366902,0.5357521056920048,-0.47921202708272287
23800,8350,OK,726,726,,13.9339485,3.5224917650435206,0.6422621839981781,2.4436561511090353,4.334963013988303,0.04431463499966875,6.586037070099429,3.3803515117942533,0.6648712177503335,0.2540157906422117,3.2507194442282894,1.5600425,1.5699325,1.0904777,-39.60645469676051,-61.40141050927418,-4.537263471168951,0.4650454786351489,-0.4704489154319447,0.5468858728971798,-0.5131533521233216
21850,8450,OK,803,803,,13.025522,0.04170993881671414,0.21887824540313727,0.2510073498874237,0.3356368498904099,0.0320020155958096,2.2247451772038915,1.7719167653793648,0.24288418316863475,0.1778701838715286,1.6877925647784737,1.1595246,1.0006723,0.8431752,-36.961581325409696,-53.85550807825413,-3.427760432599914,-0.3032945988497282,0.6537220916848777,-0.6230916367321715,0.3040010285939088
2500,39600,OK,1348,1348,,8.41619,0.26817750887136826,0.3652382597370988,1.9391180104474888,1.9913555235271436,0.04756515747168608,6.0413979587138265,3.5493109470202233,1.1683825695154344,0.35093323170475377,3.243942919171475,1.0959448,1.4404256,0.74418724,-38.5903009014511,-38.20501352591877,-4.916683232826481,0.7341364000531172,0.04682406496863086,0.015025047124316399,-0.6772189461435457
21550,9000,OK,1138,1138,,9.03502,4.516292865535727,0.2743851560055324,2.1059952820446735,4.990731869086889,0.09444171386899194,4.483685609356087,3.187297971099186,0.669598842167566,0.24001190295151165,3.0291113705687045,0.70118076,0.80747724,0.5674884,-22.706398445417292,-47.21764783129236,-1.7146005088923784,0.1756557448688813,0.731073622907114,-0.6495051847417647,-0.11322293132396612
5200,41750,OK,1311,1311,,12.881906,0.08521316697604163,0.12454038411224819,0.245616302917615,0.2882689011319651,0.033643967476742066,0.6162626972158033,1.4400615149288494,0.3867865938079573,0.17958300557382728,1.3683290736847562,0.87789625,0.88761324,0.6354409,0.04470621336394977,23.29919207344278,-0.7963066425608393,-0.032504786450523064,-0.7007690556641051,0.7120579980269238,-0.028975453876230114
21000,1550,OK,807,807,,23.061922,0.012288332755671094,0.1442669621626695,0.15478388915687757,0.21194813477850608,0.025905111479180704,2.1917691001163457,0.6358738579375307,0.20985712963588654,0.15979783599259206,0.561608980023204,1.292005,1.2361672,0.924513,-8.422229794675816,-42.22008147950458,-0.25304359903029094,0.3876207585956581,0.6488374668892857,-0.5941775607804031,-0.2751601630532154
10150,8150,OK,842,842,,18.631733,3.4529675600625476,0.4771958959233322,1.8095475497949092,3.927488157703233,0.03737491610420359,8.911037668720631,2.8955838838558625,0.45468688852815375,0.2806530083785392,2.7829634430592667,2.4969594,2.5706813,1.7796082,-37.323668509990725,-60.6367336605832,-3.997432528157478,0.5247248215625799,-0.46279893767216307,0.49136650507569557,-0.5186906232190173
30600,27450,OK,1310,1310,,12.722128,0.4014321189444613,0.04231283668374122,0.8544464845800117,0.9449957234186858,0.02519391383795072,0.25276261375064984,2.7053210534103824,0.5610209777392672,0.2834340143114811,2.5570969482163477,2.097952,2.004537,1.3760848,36.89435593665792,-98.73112455816668,23.79006470268206,0.10715090649570655,-0.6069458643856082,0.7745468403016199,-0.14217099957843782
4550,41250,OK,1195,1195,,15.38402,1.5438265366122552,0.2539791765995697,0.9029921269214018,1.8064607879985726,0.05819422357368871,6.741841344418934,1.6957692656755947,0.45691140450959666,0.12340174214245869,1.5814076813678297,0.97421783,0.9651874,0.7630834,-20.05362020811775,36.770112057062335,-3.931403395343701,0.38916872618783327,-0.5558221989152519,0.5949332162701678,-0.4308872868033903
20200,900,OK,1476,1476,,11.589027,0.30864312325510046,0.36633388941499245,0.8330218945044594,0.9609300561385192,0.013672404207537481,5.124975969812359,4.580899960008848,1.3410270893477205,0.43546999953342536,4.250960554990234,1.9578508,1.7356327,1.1603389,1.5017037834221614,-10.930971649464816,-0.061714502391231225,0.15637540066325442,0.6968591065611118,-0.6945102721512104,-0.08711831923715758
7150,1850,OK,1305,1305,,20.782736,0.45178302495861117,0.07286910412202394,0.03793907326851764,0.4591918784743186,0.017483285758605204,2.182452386865023,3.591525682413351,0.591255840438035,0.562374556317725,3.4590916488223566,2.0922487,1.8909298,1.540282,-14.267930390078735,-46.1810215483418,-0.8602349144085659,0.200764208962573,0.7149995938092818,-0.6411405460250056,-0.19341177186239716
30550,27300,OK,802,802,,14.753676,1.0257738829687237,0.21367132051416493,2.083838635232553,2.3324345542541742,0.06546130874312854,2.3078314201907193,2.579974297627479,0.3955460756369391,0.3061377998801471,2.509782832492259,1.4672807,1.3013004,1.0461613,35.9796391253169,-96.55456175818944,23.325753808888447,0.09787561111867212,-0.6178354598179577,0.767885027906435,-0.13803004476132358
22050,9950,OK,1218,1218,,5.8471093,0.394021149255968,0.14604349612516726,0.1859630869343023,0.4595254492665128,0.055469754289610436,4.166954543497256,0.8357216704790178,0.271098226271962,0.08560453627895359,0.7419091762870855,0.9470954,1.0210176,0.7463394,-38.360458504836146,-61.65199760651916,-3.635431091635019,0.5318783719532266,-0.5067865643517703,0.5169822364494373,-0.4393200915467587
23300,9650,OK,799,799,,9.671188,2.3402277378227163,3.9848899096529524,20.550832271464426,21.064014824026128,3.1298104969938034,21.35185653390541,1.4265932536802963,0.21000830179506624,0.12112428540907116,1.3660561517810281,1.1331787,1.144547,1.0080706,-29.143952196477528,-69.8158737964549,-2.1109589860156337,0.7788239831426093,0.15443432914801536,-0.05413815220081371,-0.6055182092544902
21950,8600,OK,764,764,,21.663982,0.750569557781871,0.2844543787798873,0.6791813447463048,1.0514543517087767,0.030039625874222996,7.959485810389551,2.2355104405103723,0.3471620666386982,0.20665835081216222,2.1490652059825677,1.9352682,1.9295323,1.4384481,-38.7504816711396,-56.466628393721564,-3.9533821899560886,0.42867265644649655,-0.5598415091730506,0.5803745549944799,-0.407409639229246
2800,39550,OK,747,747,,40.35384,3.8300419689442737,1.2123841051023325,9.834671307232869,10.623551968314965,0.052562502873055,8.977081105640492,4.729021209415202,1.02487414272251,0.67731889956573,4.484575475797029,2.429884,1.8846278,1.7136421,-35.447364463617305,-37.50603731776446,-4.533003262999669,0.7253685630370705,0.03348445687646004,0.08634922022203638,-0.6821019359833763
21400,9150,OK,1186,1186,,6.8219676,1.6615790116549216,0.5596908287402428,2.523559124549479,3.0728568614312346,0.08014617967157046,5.387203359426862,3.654985040102851,0.7440224353495948,0.22285839632786253,3.457372530355192,0.8707519,1.0776284,0.73989713,-22.283079385404573,-51.33904685415054,-2.4149503882985615,0.30234662245960575,0.6698831497634994,-0.6302692297200879,-0.25020748113965036
3700,40550,OK,1188,1188,,16.997509,2.024807652120704,0.33127210271427804,4.757439540501405,5.181005521677188,0.08088324519581257,2.6360810817260005,3.1089625530583347,0.8932578078424065,0.2811274076490068,2.8591378866489032,0.89898473,1.0233637,0.6728314,-33.63083049453222,6.577160360650455,-4.640316632720815,0.7198065294047422,0.07662209127295841,0.08022952376929668,-0.6852523906350202
4650,41250,OK,903,903,,16.942934,0.43074248681592664,0.30146454275160545,0.7316752078099737,0.9009820032656433,0.09829732339036706,5.607882591294216,1.2934433226956217,0.35647391531121486,0.0838897894165106,1.2123548874446821,1.072245,1.0313978,0.8010934,-17.365623511225873,36.35802966085136,-3.3150676184692176,0.3365042822861642,-0.607055711154561,0.6235955385034523,-0.3596899163394673
23050,9250,OK,862,862,,8.054378,2.564207715918239,0.16428243774813467,1.424693897412979,2.938009978038347,0.09169110489588103,6.613141710252365,6.338357306571859,1.5849139400161671,0.43834640707569195,5.8456504625600605,1.0723417,1.2643253,0.87179524,-22.642314769157313,-53.92671582489376,-2.186886178457139,0.3251846125168224,0.7023302155583254,-0.5590938228492445,-0.2973236172050547
6150,750,OK,1161,1161,,8.485126,0.18270043817143167,0.5556327463905307,3.325212322348018,3.3762618659790915,0.06188560715657577,1.5020168477639797,2.167822492906616,0.6770860281972275,0.1815462907773897,2.0035879474720666,1.1691946,1.1974661,0.7628624,2.8100801419537276,-7.939273400806558,0.02210818767044176,0.17086757930026644,0.7065231505392167,-0.6805210401938685,-0.09230613170132172
22200,9800,OK,1225,1225,,6.6051083,0.45134317862825624,0.055917455670160154,0.18481613656225493,0.4909118363583021,0.023189334643306393,3.8190961899961327,0.7312018838652693,0.10802964165949724,0.10198854765736332,0.7056638208492929,1.2797002,1.3372351,1.0007801,-37.298685906825526,-66.42636656158217,-3.272324893082031,0.6552596649461587,-0.3113987366166283,0.3386425462607198,-0.5991550919338595
22550,9500,OK,1446,1446,,19.758698,0.2619935183074853,0.01089761183695473,0.1683929308387362,0.3116336643165224,0.01090499229785899,2.840626786801422,0.9461473636432469,0.19817723896318185,0.09803299066733301,0.8885575453681196,1.1406326,1.1118947,0.93956727,-25.68929480270334,-67.97892709627473,-1.590052282711489,0.7017565850227044,0.3467330719103057,-0.20045638352552975,-0.5891783350775726
6300,1100,OK,1543,1543,,11.0182705,0.052837133778845025,0.12732925679614027,0.09329171110235901,0.16645673823137053,0.02742321793124437,6.168298439974629,0.5913785447694871,0.1120313967582458,0.10457870546223791,0.5533098492522681,1.2264789,1.1212837,0.9548874,-0.308514248232039,-16.80451389789927,0.1611783284772098,0.08660474615359402,0.7246916076614042,-0.6823314339977612,-0.04177925211584778
10300,8350,OK,988,988,,6.7450466,2.475451280337312,0.20449858314768932,2.835219769619011,3.7693699544979036,0.053065527410793595,7.252571246321154,3.751054542501428,0.7330759907880071,0.24508101412483418,3.571381101683503,1.3259152,1.4556229,0.92991775,-37.5120055811259,-55.23549820413388,-4.000439974320463,-0.2714635309622351,0.6475819757687723,-0.6088281190866038,0.36915234988605594
5550,42200,OK,1063,1063,,12.372192,0.6469669866477745,0.1668732178745794,0.18786488635662169,0.6940505516039195,0.04742381869662596,3.8239244447006,2.373027969066103,0.6010280131518726,0.22480575294154237,2.292099960868021,0.8082241,0.8731579,0.6330368,-2.7574382844991616,8.826146477982547,-0.9463401428756395,0.1453922816452564,-0.6655759270843348,0.7111925493512139,-0.17342124284855084
3150,39950,OK,1004,1004,,13.430529,1.8069682521361292,2.637216315739221,9.942617084098364,10.443930229623028,0.22014596460941474,6.179102557199422,2.41478747730897,0.9278760783926381,0.178964530012506,2.2253060959429742,1.1930075,1.3189998,0.69691503,-35.6281647489953,-21.735330221255957,-7.702831182527067,-0.628707089134148,-0.047509202571709715,-0.06192377533875298,0.7737155276917108
3850,40850,OK,1315,1315,,13.877366,0.6337764774543788,0.39538826435614793,2.2140262293222035,2.336646453165678,0.028255972325579765,5.110485915899436,2.6666890203465616,0.7092171833819298,0.21481245132901183,2.547118469306806,0.876974,1.0339192,0.68241096,-34.11052714307495,19.98274087098323,-5.630059879299379,0.7186262330851357,0.04295748460224415,0.07896523165955317,-0.6895618056617328
22850,9300,OK,1085,1085,,7.3364706,0.35675134485519605,0.4135902423696998,0.889738102989088,1.0440125969307261,0.02271352786919216,1.4908293664779575,5.235867284021157,1.2250583282216603,0.3351874535740479,4.950806047923992,0.8861677,1.0218956,0.70420516,-21.489041778356633,-58.69859224380067,-1.6601408841176835,0.6224128093859617,0.5148499609024688,-0.3454861997344049,-0.4776725847943126
22550,9650,OK,1258,1258,,7.4667363,0.6730345962498445,0.01827998863869104,0.12483521153497867,0.6847580271693094,0.03014144564362287,2.7810452078458643,1.2750814766038143,0.1982625760300771,0.12031969870381615,1.2271006478346258,1.1477834,1.1069572,0.89499116,-26.327286437791507,-68.69904760607211,-1.6546214526505247,0.7058937816545416,0.34099858387738874,-0.19187054251924615,-0.5904401999596877
22000,8400,OK,819,819,,10.854083,0.8546099434093524,0.20549020281994815,0.32286589384257725,0.9363902841421873,0.03221627768986286,2.685432175794109,2.953554684916684,0.5874742805646883,0.24618705191546808,2.835239704519408,0.8738482,0.8858318,0.6782098,-38.270098170620294,-58.52669889398939,-4.019672512544473,0.46897461151660286,-0.5295417248170763,0.5381948740312859,-0.4582517353999391
20450,900,OK,865,865,,13.860373,0.2181564541368894,0.6661383031456316,7.809340448588216,7.8407353430246145,0.029951532326305822,5.387493332929471,5.126429510515871,1.1212700432145613,0.4096601039786886,4.756081139477536,1.6576414,1.5798365,0.93474513,1.5971282261742414,-12.93986561491931,-0.14181508228375447,0.15731966063786937,0.701955936148577,-0.6867971966737282,-0.10400960880451893
21650,8950,OK,761,761,,14.072098,4.756658114023077,0.31358742074644097,2.3358559638806504,5.308517360633643,0.06250287882012892,6.788837891513254,2.865519785647127,0.6361258783019398,0.24151388360938086,2.6311080969210296,0.9752724,1.0162373,0.6551105,-27.113984328154086,-45.61051819057077,-2.8457316135555866,-0.01624126824131809,0.7211936956735662,-0.6920006979182363,0.02740271167769785
30500,27200,OK,724,724,,19.58776,0.049379000652442384,0.043691169828888876,1.1526500160495479,1.1545342192960213,0.008513602842050905,3.8347012716006015,1.7900395334440105,0.2278623468394691,0.21906993836140387,1.761569435216733,1.5960966,1.4906068,1.2076291,37.202994489473845,-95.93179816755074,22.795282854611695,0.04353875336738592,-0.61230477127784,0.783926451034992,-0.09298689904114651
6200,1000,OK,1663,1663,,8.022848,0.04237478090529228,0.21126434597332133,1.3459603274466918,1.3630984736975948,0.037453095567730334,6.258842878304774,2.3196979819575168,0.6002633734299695,0.09378027036292808,2.2245880054870364,1.1444373,1.2365593,0.8025897,0.6536652383440682,-14.19917339611077,-0.19666496457033678,0.107480641022459,0.7277590068961945,-0.6752183819401438,-0.0538040553954803
23200,9050,OK,757,757,,8.522055,1.702780492752856,0.14610710217679324,0.9954945705047036,1.9778316742611095,0.036527359093876895,6.255437961373578,3.5992245983841125,0.44398787482347823,0.19816357825939068,3.5362508541026707,1.2168676,1.2935361,0.96816796,-26.202220139016077,-47.413365119433266,-2.1919844675197506,0.0847039882093134,0.7707582590319576,-0.630411644350649,-0.0365800380340571
22300,8200,OK,1051,1051,,6.1697526,2.676367723845775,0.03274889152542271,1.8358795421060914,3.2456848855462277,0.04270703433000806,6.716662833432362,3.34085287857909,0.5698034103195577,0.2940937502493649,3.2321686386747963,0.8636763,0.85364276,0.6752448,-36.18659935427953,-67.00375497651359,-3.2255264916876567,0.7275784017906921,-0.10731761711701447,0.22106336560838866,-0.6405026047487395
22350,9900,OK,1041,1041,,3.3473325,2.6535600421043957,0.3257559220419045,1.6766804683324215,3.1557495481558546,0.027583505305512748,5.590854531092407,3.8075737488085637,0.8668085348480732,0.4856192700119272,3.6757462025077707,0.62791204,0.5573316,0.47362554,-34.90086426822548,-68.30676926461624,-2.9994460196947696,0.7672145656969405,-0.04120079937909864,0.16220341182522086,-0.6191723164880971
21500,9050,OK,1119,1119,,19.298492,2.166269772745976,0.3695140356896386,1.240594460383936,2.5235570066911217,0.055014865901532345,4.432366669264809,3.7277492992957213,0.4734621861003063,0.23059802384689843,3.589987535840528,1.2482414,1.3351028,0.9936051,-23.30042030349874,-47.90189138037118,-1.599053400416658,0.2533201406966213,0.7082736650929631,-0.6364852762793959,-0.17048112720405825
5800,42300,OK,996,996,,10.95549,2.267038934228008,0.3257989324955558,1.5095683255504362,2.7430652568296754,0.06709826145124625,6.750215618827622,2.497289647589215,0.4021321432778371,0.2261140566681833,2.3561958961793783,0.8912508,0.9263153,0.735754,2.0336621998092275,3.5866019105113245,0.29776805902100356,0.14052468786913827,-0.6859005982281772,0.6894935892509484,-0.18545018692725668
6100,700,OK,1342,1342,,9.155592,0.00726779171222669,0.26004774052641755,2.7775425727477545,2.7896989786669604,0.05042237778633758,1.5340485853948018,2.1885172193445444,0.5899762274232985,0.18949117940459892,2.0526670655597927,0.9783231,1.030552,0.7201352,3.0930043706911006,-6.428345091972084,0.3298705991621899,0.13077085321353163,0.7228488802958505,-0.6715676783425729,-0.09687793149322863
2500,39450,OK,1349,1349,,5.5413313,0.09968143470664642,0.45316968507502364,0.49737472747901224,0.6802064182518371,0.06147695118947158,0.7030447781615622,3.5574967774772626,1.0653605156464634,0.2370996179334917,3.343928477055509,0.8260837,1.1303173,0.52067226,-38.56159123995433,-40.6806733413758,-4.711264397008975,0.7287903882620094,0.04886183114864381,0.023247306392188496,-0.682595527511878
14700,28800,OK,734,734,,16.775951,3.1456010194850625,0.21782111836795737,0.9248129744366289,3.285959654511731,0.03754310907781049,8.491031037035098,3.9654445888042265,0.811832287910367,0.49974783389293354,3.8375974737571372,0.99232036,1.0740635,0.82978237,57.808983085317976,-69.39493966978877,27.456468912180842,-0.5243909216083288,0.3062968946261693,-0.47510827747980455,0.6367640837447617
7050,1800,OK,1292,1292,,11.720789,0.2407097795843412,0.32403722271056445,1.9709451488147536,2.011856381386586,0.03547733698959099,3.9920603516572837,2.396918959679558,0.6669779052532816,0.23508405329927357,2.2466372179305902,0.6854124,0.8234002,0.56100935,-12.730963913595541,-45.38460206280587,-1.2058281270431495,0.3452069814954095,0.6538976634772181,-0.5916392415413265,-0.32126779093813074
6050,600,OK,970,970,,10.191271,0.753665171873234,0.3169673618818054,2.5679257952749475,2.694943856526791,0.02634295874094543,3.005515687116588,3.1757562868695532,0.8078228700443213,0.3735850812052463,2.9634815833355193,0.5818361,0.5853341,0.45382762,2.7922531787127185,-4.373309480673764,0.20965927599342432,0.11620881653970108,0.724101562115778,-0.6768424092617733,-0.06369294878281437
20150,800,OK,1505,1505,,11.881871,0.03450917536178277,0.0128021074488181,0.16013521529428543,0.16431087704905145,0.03577021657610626,3.4441775003690105,1.8557568557822,0.3991791413338246,0.242269211517659,1.7576795607281612,2.075157,1.701352,1.3556209,2.7021159559047403,-8.13322754983113,0.44166007440521415,0.10866994877760605,0.7225205838187697,-0.6794832604028997,-0.06676336587606914
20500,1000,OK,1054,1054,,14.068405,0.2794883825846637,0.1996199882408044,3.030796054099827,3.050194521215349,0.0363259705279566,3.412565806534566,2.2457627815234638,0.5242293762935555,0.09821603408694113,2.120925693220732,1.1758999,1.2542431,0.8681836,-0.7846256309116946,-19.372029126594615,0.08750302376259367,-0.1542572029709211,-0.6936435421187148,0.6959633473849399,0.10343292950187728
30950,27700,OK,1053,1053,,13.144788,1.6972167213512313,0.5163146168121326,1.785700896398249,2.5171120503794806,0.09871487790451423,2.8687039428023455,5.610116108699618,1.5993370141314582,0.569046909802631,5.129080774667557,2.5809228,2.301666,1.6125437,40.743790888380516,-105.29604617302125,26.31041692775415,0.23834327397629868,-0.5592099570467763,0.7268848055231988,-0.3195546701106135
22450,9500,OK,1063,1063,,9.984235,0.5749408793777118,0.040726571468754,0.1775550263999328,0.6031098206820188,0.019136466321351048,6.63391574961954,1.0570562162611283,0.23289126704842006,0.09937131273786792,1.0049749568460267,1.2007949,1.2004303,0.9560441,-28.44435570438877,-70.1869931667163,-1.7501687044965282,0.7600065322647208,0.16657379041351927,-0.05335754509950209,-0.6259362712314899
7750,9600,OK,848,848,,5.070427,1.1842072625020847,0.11462212832305932,0.5618148235978856,1.3157207032187008,0.0579190517379577,2.5121236103397973,3.2408331971315185,0.6876050543537733,0.31307937864836477,3.155911788124035,0.7680881,0.80192965,0.6461538,-26.176162788575933,-67.50250121591789,-1.8966106493712498,0.644315676630528,0.4433584755748799,-0.33948879065144955,-0.5225303168296361
22650,9300,OK,1031,1031,,13.524033,4.77577443855722,0.1960477095350106,1.9371195824786334,5.15741102387745,0.10873690492768619,6.84857585046261,5.343784616118667,1.281952008780359,0.3459484000701635,4.948592683826,0.97150147,1.12538,0.7464205,-20.934317340500954,-61.56111721198116,-0.5950990751470551,0.6451312410340657,0.46097054643208824,-0.30543507715725765,-0.5272772048987971
21800,8450,OK,738,738,,8.360653,0.17161098624996463,0.31735073129986063,0.29118417596326784,0.46362705010563093,0.05210660806710253,4.004965741606679,1.9701634636184728,0.2639766108206232,0.19844044788790677,1.8559287126827433,1.1865933,1.017355,0.8941861,-36.43548285756189,-51.95306704132775,-3.1949968058671576,-0.22094134052503464,0.6957513833220994,-0.6476736064751679,0.2182517723360679
21900,8300,OK,864,864,,10.217831,1.1492115054495846,0.19399928467720676,0.6494097440880541,1.3341873265885418,0.09560453665414,5.537347155102788,0.846390391790028,0.12997421053471342,0.11730872022164818,0.8125669625622542,1.1650978,1.1493256,0.8277677,-37.28020591764916,-54.35783328595382,-3.5604664350212936,-0.33863023351356075,0.6357777807899543,-0.6020289707269928,0.3444957137755849
6000,750,OK,1653,1653,,8.088193,0.01564011498463891,0.4139164302816235,1.6107714691535984,1.6631765240926943,0.09724755788979751,4.924079132570781,2.1320674499993637,0.6753029014536689,0.17423652811338286,1.9721322307431732,1.1744246,1.2068254,0.75475484,3.318222161759592,-6.7963359888752475,-0.1635936647771422,-0.1678482343177107,-0.6888457733131995,0.6980163013791038,0.10045752253566285
22700,9350,OK,1223,1223,,22.053999,0.2571159397493088,0.23951356055655998,0.24636104557346594,0.42914929446487793,0.02146204236686978,3.8697778240157183,1.417078842718118,0.33021413431759883,0.15837678528376853,1.2935470007723961,1.3923519,1.4153845,1.1355507,-24.646320556162067,-62.92770822022352,-1.8525456611520705,0.6557996442424906,0.4138688105449297,-0.286722018100509,-0.5625210383673835
30350,27100,OK,987,987,,8.531344,0.22024537387634313,0.0567958370996568,0.056722977065757574,0.2344169105525098,0.02839992976693502,1.9411524238607207,1.2686469136151985,0.28650042548498234,0.17500140876153236,1.1642037209628162,1.2780544,1.1808461,0.9781749,37.585001954702044,-92.68476462991472,22.1715091619218,0.009121131092243826,-0.6444805748034376,0.7635129626366087,-0.040119191847512566
7100,1700,OK,1047,1047,,28.548723,0.2027395385283684,0.1227761901978695,0.7207699225594023,0.7587401364291242,0.021189452538900255,1.8263854790334642,4.93156295889254,0.9274490812920044,0.4359813462023494,4.446807180926182,1.7463516,1.7344337,1.3133085,-12.042220196829549,-44.76253652009488,-0.7274131109846579,0.28969639027573885,0.6898804559069454,-0.6107679179339631,-0.2590434489452371
6150,800,OK,1743,1743,,10.638465,0.1913564794696881,0.016544185479627774,0.08857049477328505,0.21150826190152006,0.03181477215754484,0.5416508213826613,1.7203230322337675,0.39622272492589883,0.22036137929619581,1.6343099880012897,1.9377447,1.653611,1.2299618,1.2378072120702377,-10.994444268751188,0.32787098689856137,0.1330555846519808,0.7254309602167843,-0.6699654570917063,-0.08480813437268188
10250,8600,OK,1061,1061,,17.325132,0.2409954100419407,0.21717250598178217,0.10127387484617723,0.3398515598640817,0.03146423809660758,4.518439373099565,1.8096623991861025,0.3031834614486,0.1735876800131504,1.7507289346449957,1.8291063,1.8649279,1.4019232,-38.86315092119951,-53.201561012369936,-4.186303609824376,0.37704959904927887,-0.5880277998916068,0.597887476603968,-0.39317613321710443
22050,8100,OK,773,773,,4.582075,2.404042846830856,0.26032891610520026,1.0184795291334878,2.6238318744201363,0.08102952208454224,6.668521337159878,3.961292838224378,0.758702249536662,0.3377693435963258,3.8200994859369644,1.0378827,1.0719552,0.78641886,-37.40812495607728,-63.632001937795586,-3.546726809187491,0.5248173569802084,-0.5133384855176276,0.5273909689641973,-0.42767874269570844
3500,40300,OK,756,756,,31.30376,0.9286829197992481,0.4420066202474071,3.912524628721375,4.045450628572882,0.03287892226517339,5.573127376516756,1.6732310305979938,0.2933720237010642,0.2817783016835711,1.6134817404218067,1.3247843,1.3845848,1.1724648,-35.371257189109734,-1.1397247412841662,-4.955677926612354,0.732428416345325,0.042789929277292145,0.07886596858190478,-0.6749057681498669
20850,1400,OK,1027,1027,,9.987643,0.004072375836133457,0.10890574251762798,0.05374518903026093,0.12151374548652957,0.01381282553707422,2.22366244582707,0.5743992885302618,0.19985778523636955,0.06401028219407195,0.5152647821475185,1.0566254,1.047748,0.8616625,-5.891925115750633,-36.58585824932701,-0.006116339518868474,0.12415407927751775,0.7156132801271141,-0.685737304402503,-0.04741041294117883
20550,1200,OK,1543,1543,,7.516725,0.22463676065808447,0.03729118790997693,0.3429564670332943,0.4116690967447688,0.028351339614431058,2.748272715715967,2.467698424597638,0.5315922780139459,0.25012568480194197,2.389025431083465,1.0797969,0.99315184,0.7001712,-2.521638142932228,-24.522610757691655,0.06392854188411182,0.150620723144304,0.7034267955017266,-0.6895946372564624,-0.08344685372611002
22950,9250,OK,1069,1069,,10.225162,1.0429504111488586,0.35150319125206597,0.44908552278309444,1.1886874527601126,0.06049785614658204,3.0434910927496124,6.169016822067622,1.5115019060632757,0.39036054713594676,5.676994291077875,1.0087781,1.1681129,0.8084474,-22.185188952077993,-55.589945034768256,-2.0694100830059385,0.5029980808273373,0.6176173036825731,-0.4476515623902287,-0.4063863624255504
22700,9200,OK,717,717,,18.719515,7.337086208769889,0.9069329545360436,1.9037330014357925,7.634105105361106,0.28595473181859876,8.563793090305493,5.029784550487121,1.1192670252786514,0.3175720170358138,4.597391910492803,1.2123055,1.3732526,1.0071968,-23.206780096458633,-56.343465958341795,-0.6562067332358956,0.6075603799452922,0.5145638857206807,-0.3571388925255971,-0.4884119200821745
22800,9300,OK,1144,1144,,9.838009,0.34911859282191504,0.5467048151895282,0.8081508035852942,1.0362806898427313,0.03503469814996188,2.0457007842399912,5.306346168763458,1.2100767594067787,0.33181307964343243,4.968125265645849,0.87439024,1.018318,0.68298584,-22.105394871107755,-59.86395166818562,-1.7965837086827943,0.6418904039350074,0.48659491210357586,-0.31315301163924225,-0.5031275108283573
6600,1200,OK,780,780,,8.863359,0.04257865063881067,0.09486927442942227,1.1367545085255988,1.141500737351607,0.02101445360961488,2.493101668708024,2.5296534878629786,0.5419202352228338,0.26433472420731696,2.428999596451864,0.97228354,0.9121404,0.6153927,-2.802902040946225,-28.106878865138125,0.27396250155075497,0.09422697575251614,0.7403443966430112,-0.6648757716699621,-0.0308489812814404
4600,41250,OK,939,939,,14.557504,1.1698914876262858,0.4003945727503282,0.9413688846360146,1.5540711964608367,0.05952533089955866,5.898231698590486,1.4107417631735406,0.4049275506343275,0.10630399277362784,1.3184809690827164,1.0489141,1.0240926,0.79605895,-18.19242882784551,36.09938297162051,-3.6862555547026203,0.37724947709362777,-0.5693633085149861,0.6160418275910935,-0.3924292568192115
10550,8550,OK,899,899,,9.669727,6.05760803426079,0.09583532735052724,1.4665542929848276,6.233344287056626,0.015934160625703214,8.37391133034408,4.3527375819701355,1.1713610958960525,0.243726029831778,4.0442160944919365,2.2499242,1.7702726,1.1512623,-36.46599971579392,-49.18693297789066,-3.8559394770654247,0.24342091342126856,-0.5995171830837986,0.6631395421128666,-0.376259689287545
10350,8650,OK,1104,1104,,13.746919,1.0679546714608685,0.602831560010614,1.2469741075191676,1.748964692286024,0.04624617153319995,3.0113461344725208,5.16540866349727,0.9897202293134202,0.5605615803289346,4.941543728916667,1.5186387,1.5977232,1.1227313,-35.909194442321734,-50.02769604313229,-3.846453373047887,-0.19960702254544277,0.6542501350912693,-0.6488487380194089,0.33333033533451384
23500,9500,OK,877,877,,10.001798,3.864822772072876,2.6367538184241144,17.586246376997487,18.197950087605044,3.13201241942143,17.560010268311682,1.0509520543535338,0.21309739469804057,0.10912298572977008,1.006194423647878,1.2112972,1.2340858,1.0859022,-24.40779344795354,-65.0109624926592,-2.0494333393697213,0.6882856461427098,0.3923929228533029,-0.25518397894920547,-0.5542308186091834
21900,8250,OK,750,750,,7.3015647,2.9371621899436935,0.33368762170852717,2.4078873767381737,3.812635673385456,0.041841965916956596,7.265470377981103,3.280281647646853,0.634658337643917,0.2737832132751836,3.108011013459654,0.8704413,0.9390674,0.6931821,-37.00340997864058,-59.197067947924616,-3.915724479141586,-0.36572139645302587,0.6086090108855882,-0.598077891548438,0.3716796573479499
30450,27200,OK,990,990,,17.904255,0.1647545016027624,0.13335915534370724,0.27577975876033634,0.3478263725686581,0.008180685717393346,2.27230482651046,1.1556611512411068,0.17363421491692216,0.15932967350940552,1.1351138498562654,1.4440594,1.3796805,1.1057512,37.29723201706558,-95.82253645499168,22.72424580000594,0.03987332265822875,-0.6021191758529257,0.7927213777954523,-0.08634485159212543
5300,41800,OK,1062,1062,,23.178677,0.03468937590656132,0.06912229913360467,0.4767754871823824,0.48300736041627806,0.01633498512554424,2.6472580290298686,0.6348797449759656,0.18435747214919784,0.08089796095166563,0.606432119889809,0.90344054,0.9382534,0.8481964,-0.4720902834101102,19.36101309674718,-0.7552966919229329,0.10065853861579803,0.7055471984741737,-0.6990805112705358,-0.057943490494644416
22350,9800,OK,1685,1685,,8.2423,0.07475254431974321,0.08554905652248868,0.5863170861214962,0.5972221608682695,0.022789381596535676,1.927487153595913,0.564829791520055,0.09508680943855197,0.0723071873409063,0.5384486743960775,1.0713055,1.1255896,0.88767505,-32.664402707698216,-69.99684585089945,-2.6860338340093155,0.7625908579382449,-0.034611009216365604,0.15792189821977273,-0.6263528841577247
22850,9150,OK,963,963,,6.1148148,1.7080061388255956,0.3203746532796906,0.46784304778923086,1.7996671931484216,0.0529248958954082,4.525210865501677,3.620490584084327,0.7469413008043314,0.26586011139598453,3.421114294074574,0.75738066,0.92705107,0.6644704,-22.393434927096173,-56.359344927417794,-1.7564317681239883,0.6356992286025449,0.5014361168149165,-0.35237971726150846,-0.4693366024192084
6850,1550,OK,1665,1665,,9.703061,0.17657870122221453,0.10158114644649546,0.4185976269127132,0.46553489696870576,0.02487399970413914,1.5994775676922628,0.6228224150596755,0.171301216514394,0.1356399474887804,0.5650606152065167,1.3153414,1.261897,0.95813763,-5.69807357968676,-38.66684645209244,0.005884489885644412,0.1457428364126109,0.7258010579449445,-0.6623054677370306,-0.11542667510605673
20950,1450,OK,781,781,,7.9400835,0.25309780292153305,0.20024960610402687,1.9752170010021128,2.0014096541278863,0.06240918482264106,4.341805953578671,2.029031605938874,0.44465678094614147,0.2435634419865817,1.9373854309173564,0.8200438,0.7801815,0.5880206,-6.194895144653472,-38.7812567579362,0.15465566243892356,0.22859983004193618,0.713333881307851,-0.6396509764136842,-0.17246309708484078
10300,8500,OK,1138,1138,,5.167738,0.1447150334834847,0.19629284011243517,1.0528083278743456,1.0806843642975075,0.031034255971454025,1.3505355481702652,3.7130627063803523,0.6861262709440612,0.2886966031303069,3.5277368276745893,1.0237457,1.0390567,0.70321,-37.695518881382036,-52.29947613451183,-3.9294440311059264,-0.28017015431894915,0.6433844288956508,-0.6154263962821725,0.35890320706654566
20450,1050,OK,1522,1522,,8.866383,0.15991994986422897,0.2544823897305435,0.16173748676801164,0.3413131870783467,0.02953382305374023,1.122905859218423,1.866154681207103,0.4364078607966355,0.0747321521952351,1.7899919255235401,1.1107765,1.1422845,0.78263205,-1.2493447746248671,-20.366476421471372,-0.0806772616315844,0.1710146012041947,0.6989005860862177,-0.6881266190543466,-0.09366820747802226
7850,9700,OK,1012,1012,,9.211138,1.1527401360873115,0.08843032563402027,0.6934994199288315,1.3481732786552172,0.05254539221638051,2.25065802643496,4.223279732078204,1.0279574917173044,0.3444262495077797,3.9890662307292137,0.84789085,0.9272934,0.62543726,-28.91707821656005,-70.19736934956558,-2.031204709268885,-0.6805523383699913,-0.24115289062388487,0.11967001807695392,0.6814491065782851
22100,8100,OK,1059,1059,,4.793181,2.5968328666765315,0.4870198388847583,2.0630817699090125,3.3521687979947683,0.042881758614593694,4.747695072635766,4.098438771181944,0.8275744123363559,0.34274166940009987,3.986370593184576,0.93033254,1.0197302,0.75095654,-36.00820668161251,-65.37228765862395,-3.639987211039648,0.5827158125448854,-0.4021155290010579,0.47210381983790256,-0.5252269665971221
6400,1150,OK,1568,1568,,6.2632914,0.2133870537891011,0.05721636663098034,0.8623104083590021,0.8901612144434919,0.02519741393022377,4.0002529322772915,1.969354663343057,0.464020890437682,0.201418457350297,1.8769137008348005,0.8468089,0.757757,0.6102716,-1.5184948933286808,-21.825717929916127,0.15109367909387966,0.10165499320549679,0.719512024316798,-0.6846828903230715,-0.056374186635185175
7850,9600,OK,1142,1142,,13.753056,1.0276372865850067,0.18628557351783367,0.014154138785734544,1.044481233591791,0.028610171622763716,1.5355201464368442,3.473875474218856,0.8290970542316061,0.34066277824686086,3.2300054836678402,0.7680228,0.8469108,0.6798539,-27.32992604089203,-68.55771219302747,-2.115077065790184,0.6840990432943783,0.21529356645347555,-0.1442922623015205,-0.6817894999538849
20350,800,OK,879,879,,17.243069,0.3023133523351863,0.09501285685294325,7.6128228373776565,7.61941548671985,0.038868155063102545,4.818847730042424,2.2422856336435273,0.5976675941968732,0.2946683908030221,2.1109028148597,2.1069078,1.5939201,1.147863,1.832980818570651,-8.671295967272634,0.5561077634902291,0.15323004575114568,0.7128196813689098,-0.6827473977168866,-0.04758829523156872
22650,9600,OK,966,966,,8.768999,2.1022505386925556,0.11629084512629859,0.28782315605825326,2.1250466011964684,0.055215241081035926,4.099837434038772,3.332192966958642,0.7100953717012615,0.3239233895713689,3.2383354881308515,0.7207161,0.74341637,0.6217179,-26.21471779117936,-66.52913677991266,-1.9264410129520186,0.6582883175689637,0.41187893062854086,-0.26767798127351305,-0.570404011028893
30700,27550,OK,1256,1256,,12.712266,0.22686882031892502,0.015829404161599333,0.4137685660791812,0.47214876675072837,0.022884192801431353,0.15980957400222903,3.230153689263125,0.805210023129054,0.3991559212192475,3.045105507526449,2.3508632,2.2477512,1.5014783,37.603964941526975,-101.63339013382793,24.836644047265455,0.130453779122462,-0.6090479166828103,0.7658405929021731,-0.15978308095741625
22000,9950,OK,977,977,,7.587514,1.4134109403577257,0.09183872764126028,0.6486115622717548,1.5578388225135111,0.033971809795696487,6.049687793858805,0.9177224359536018,0.2527016826682882,0.07920988078167324,0.8294605087532143,1.0060859,1.0601873,0.80598354,-38.383796194035185,-60.82582396529688,-3.6470681854626896,-0.47569803151620266,0.5377822473451935,-0.5316466714462201,0.44928104121153145
20250,900,OK,1484,1484,,9.068897,0.06692650715519038,0.11866046152817572,0.4478230261662923,0.46808645062083265,0.025396301123871888,3.1191789553097258,5.013150893458451,1.124718251700576,0.39191595758840025,4.608202664214752,1.6256847,1.5751294,1.0335722,1.238425395160556,-12.53616750675693,0.13592278095707186,0.12673442853682426,0.7035118807785196,-0.6963829385958639,-0.06371986393193213
3950,40700,OK,827,827,,19.074783,0.8905517698207013,0.041882818699461755,5.214319725456146,5.289987412509983,0.03921334856518843,6.119513847267997,2.1221648371084405,0.6649268695978561,0.2481341137195161,1.9585819558342918,0.9348389,1.0258005,0.7106001,-34.17582499239071,16.760453072152142,-5.02961778697332,-0.6964700829231546,-0.039557673645730485,-0.08145619412648133,0.7118493537871484
22150,9950,OK,1582,1582,,7.813167,0.06378174084625862,0.23613782083847693,0.6350788016641659,0.6805543807947436,0.04479574556152224,0.2324015034774906,0.8950946837622049,0.2923883952284648,0.06922991179956145,0.7776363162111719,0.9406136,1.000835,0.7230609,-37.431970661508274,-64.88568876642236,-3.64525863931833,0.6128451376267908,-0.36162157331066114,0.4279988681596735,-0.5571962346046144
23700,8250,OK,1377,1377,,6.751665,0.4502840293648882,0.2733507810794838,0.2094952099055678,0.5668902888489282,0.039603368683782454,1.9062920359863098,3.2561837738949975,0.653508865336832,0.26717163191846405,3.103605933158777,0.9072635,0.98225284,0.66988486,-38.112466730223225,-61.431541057204385,-3.9147847820706967,0.48321855672940756,-0.5058140787558528,0.54510811791467,-0.46207043180476554
2700,39850,OK,1438,1438,,19.510101,0.44272505469199785,0.10425712277050253,2.935530322686132,2.9705577417566156,0.06402365074216393,8.916085855912181,6.2398767430316875,1.5681726652852737,0.8396811464176577,5.984512465674863,3.2889378,2.285815,2.0335386,-39.982359147059476,-34.366116198053724,-4.280472193435299,0.7239379678178115,-0.000298476394953104,0.11882133030079095,-0.6795551641546177
6300,900,OK,1105,1105,,8.062912,0.05210742130134116,0.135068142554927,1.8406055357752902,1.8462901518489874,0.033032031114496804,2.027527884696603,5.107962387180838,1.1253843963368624,0.4310500563547357,4.789974487305603,1.2882072,1.3520721,0.793273,-0.01580264937788403,-15.096282880358967,0.11534174683646745,0.08351773470680854,0.7167869955516252,-0.6919943618765674,-0.01962126725163217
23100,9050,OK,1020,1020,,8.529273,0.5679763728129437,0.17656405390570495,0.5405149879121746,0.8036967570937829,0.02193268761472812,2.615147683445108,3.6292719182429045,0.4474715906372464,0.2183449938655243,3.5270305058631966,1.1550823,1.2317486,0.87577355,-23.97839180918133,-49.72988505111539,-2.080657951283559,0.2556380076238975,0.7427391696034398,-0.5936681630857148,-0.1747737026366088
7000,1850,OK,993,993,,28.382233,0.1347803108097798,0.04659316858656462,2.3590341519758313,2.3633405987561855,0.018802736048648634,7.541810427852981,2.0748560891789087,0.35358226724803243,0.28743575272566835,2.0230171536833668,1.4908314,1.4656924,1.2783923,-11.604654048359418,-44.697985279747094,-0.39811377974887285,0.3814373576413264,0.6485897484428382,-0.5860298341718553,-0.3006757620277471
10250,8650,OK,793,793,,12.261453,3.6598488353210867,0.43231886307720413,0.9399287125537618,3.803269525218592,0.05230433042130218,6.442230423458203,5.3102979374830515,0.9757092043084025,0.5345183980924793,5.058096836705799,1.5838257,1.7056146,1.1658827,-36.72909516893373,-50.40814401345583,-4.327638475993503,0.36713742880921707,-0.5858902192054595,0.6101908473958219,-0.38679437581369336
20700,1250,OK,1219,1219,,11.994856,0.10597593844650566,0.07354294227285721,0.08810997856958669,0.1562140589425273,0.011222773827509512,2.0178475856339873,0.39517416944921424,0.11906189527675803,0.08636601997274529,0.3414933622860863,1.3104246,1.2366927,1.0129471,-4.721844943867318,-30.022484721548118,-0.1547770633612457,0.14274888849333542,0.7272343746008723,-0.6664712094059759,-0.08104965308828438
6450,1000,OK,858,858,,13.873271,0.5699877534257403,0.3869321207472906,2.279928578979522,2.3817381951778205,0.043860249487869374,4.20695719723758,2.3041633229892486,0.5675967214211232,0.07824123090041168,2.1963017914669107,1.0643182,1.149607,0.742995,-1.0233464206574796,-20.802255736589828,-0.022055634113504946,0.11494103661228301,0.7133218701748913,-0.6897516635489281,-0.04693730141556436
21050,1700,OK,1255,1255,,21.121113,0.001880442028221796,0.13524028152295153,0.2131250137789369,0.2524197720205387,0.009055139993543083,1.6720374903616666,3.8272290784551473,0.6699799539669051,0.3072237812188807,3.494460184046744,1.4520109,1.4449311,1.1953049,-9.719687610757441,-43.01620303269443,-0.4034821017824274,0.40137016780149926,0.6509376122419572,-0.5583862416645183,-0.32153851789095167
3000,40050,OK,1586,1586,,6.2785444,0.31764831904855984,0.722887209813492,1.3552532213451296,1.5684953511798057,0.09777499563309307,5.0424839706550415,2.0433923700948853,0.7256709162196977,0.2659641431345934,1.8678614632895432,1.4319692,1.438834,0.76655746,-37.47985755548166,-17.357260387903313,-5.6824562809994035,0.7083287967295072,-0.04800027912597558,0.09724681684915394,-0.697502219021749
22600,9300,OK,909,909,,13.540118,6.065169856221699,1.0285897476787058,1.4910181432665819,6.329882886546971,0.15915838490748194,8.444282953424288,5.282296786609334,1.2905172723534566,0.3461071572944996,4.8187268014212155,1.008236,1.1694438,0.76209456,-19.966364479099884,-62.17116539213565,-1.485055784998058,0.6217648430024006,0.44964720667905805,-0.30461400596960775,-0.564301494680874
6250,1050,OK,1722,1722,,7.185747,0.2410909300348531,0.2160674682359539,1.2919162648784939,1.3318624639325805,0.037797833957417384,6.20787235542372,1.767089627121164,0.4352459740278283,0.07231522000133561,1.676832243438981,1.1367115,1.144015,0.78867906,0.2667598734140374,-16.24816331903457,-0.08075017949193364,0.13453001378662707,0.7182459794568888,-0.6791266086474038,-0.06936452848293898
23150,8900,OK,1334,1334,,6.717735,0.3027225382754378,0.3504542423413283,0.5537630066309894,0.7218812774050534,0.03398637297997076,1.6142359185458126,3.5042126953343304,0.5999494478144645,0.23910951949005688,3.3181517502511393,0.8700436,0.99539226,0.7113967,-26.36366274936637,-48.13761052946817,-2.570863379966446,0.17765890305480145,0.7481281704885754,-0.6319942996528753,-0.09656479634449266
4200,40900,OK,769,769,,29.462704,0.7714300834805505,0.15468075290332706,1.4360304970143654,1.6374413263909258,0.003966896912048779,7.7968976219322785,1.4206808655099494,0.1749869716706295,0.27404736249613204,1.3648893277922927,1.2894051,1.2400976,1.0120648,-32.49284581349824,31.00589372552179,-4.896313122050447,0.7083733762511127,-0.08336728647248826,0.17407914650458897,-0.6789355684577494
23300,8750,OK,757,757,,14.759044,0.18329189028421733,0.2405734934877436,1.4663308608531975,1.4971966191196595,0.03436286837431631,1.5625464965957732,6.41282780531764,1.1549118131671725,0.5893547198429946,6.098656761398248,1.5450553,1.8631635,1.45272,-31.161743859419097,-49.33890916891609,-3.4210040009424647,-0.07900679494226436,0.7405729181942584,-0.6566448114873903,0.11885819591799614
2700,39750,OK,1672,1672,,6.069893,0.49686051291423255,1.5703299616528485,1.7797682234224288,2.42494979058583,0.2319252716118535,4.4273842372591075,4.661393434218934,1.296383960878129,0.34381957366279825,4.402438670735895,1.0543015,1.6049262,0.68476546,-38.003880791825374,-29.642764787374723,-6.448953805410928,-0.6521426921131245,0.05521588517162184,-0.06278866914356848,0.753471099761192
23600,8450,OK,760,760,,11.420441,0.1789069582406264,0.31819859465142597,0.42741498551195556,0.5620868395410453,0.03583434856966838,2.6192693197972465,1.4377136755534656,0.19111930353585121,0.1438549620949448,1.3631285829938706,1.2475392,1.078618,0.9408473,-38.27330034314383,-56.75985990349442,-3.390670449770495,-0.42182657455201045,0.6143202429270137,-0.5503239003728871,0.3765854283030408
4950,41500,OK,1152,1152,,19.631653,0.02996545654692473,0.07732123472509292,0.7753052747213929,0.7797273696211343,0.008185103891947772,2.7776701055025956,1.5601683271501452,0.21372153061358268,0.18733520813625026,1.5150993382964275,1.3623148,1.284921,1.1109577,-5.35468945470471,30.178399935457513,-1.628973495434416,0.36606696855483517,-0.5990702075962774,0.6099766575435975,-0.36747562933556166
6100,650,OK,1096,1096,,20.28247,0.29352880588512487,0.031590683092517724,0.6194499492732004,0.6862035928186108,0.03353306000752959,3.2684410816233544,2.27024380451387,0.5195434595898225,0.29450854937733384,2.1565065136828077,1.7249969,1.4888146,1.2220298,2.654407053601778,-8.548706988270874,0.39349622647788646,0.12199780970238733,0.7236955616194909,-0.6730683307124314,-0.09143462534538209
6450,1050,OK,1071,1071,,12.604308,0.30017635507232343,0.30497258999940224,0.7151942708151466,0.8334368421195804,0.046990584924229674,2.2841813715434194,1.8541338545951296,0.4605808045413433,0.10698542077320372,1.7732145855591748,0.94634295,0.98126495,0.70987296,-1.5750610666561,-22.276901442245787,-0.08465787146428339,0.11535447750773163,0.7114538162020024,-0.6917320616461542,-0.04509508644283414
10000,9900,OK,1172,1172,,4.7353177,2.247623756622668,0.1251684581682527,0.7149369244419965,2.3619090795763906,0.041118938112070166,3.8795283596192793,3.9390278803877874,0.9039534199019206,0.44404151215312737,3.7504914959297935,0.7418705,0.64715666,0.5035942,-38.39450046256487,-65.64450566753686,-3.311970915302488,0.5801715208038478,-0.4133854426398634,0.44139692619692367,-0.5456026354458913
4650,41300,OK,1244,1244,,10.576691,1.062605628834112,0.3819302682216756,1.1331672401006965,1.5997091755226165,0.08715140877278366,5.210858625762684,1.566234737787358,0.45107593702550464,0.1357356184404065,1.4958847462497404,0.9910306,0.96556914,0.7498522,-16.113746293331204,35.10002133382501,-3.337855543921722,0.3362065342375867,-0.5999343976359214,0.6230868988095114,-0.3725675796431037
4900,41500,OK,1438,1438,,16.38523,0.045431530880670756,0.11405179516827434,0.8578924076821159,0.8666321129163661,0.00576588592243404,2.085870051600278,1.4723487243897384,0.22346359897361306,0.1762525475350037,1.4212384901994453,1.3351765,1.2683957,1.0955057,-7.027422821555394,31.20499507852639,-1.9319102892905045,0.3606730908368853,-0.596817514979822,0.6100351500978513,-0.37627236279664483
10050,8150,OK,1098,1098,,12.626751,0.19863995422782388,0.05707297376102961,1.0462739336836893,1.0664915846154155,0.056250960616457096,4.8181364322119355,2.4786721749224805,0.3938435067244598,0.22863541866790815,2.3590734001019538,2.4237428,2.629966,1.772179,-37.51922489644227,-61.35658773590217,-3.7462699261166894,0.5484153187476056,-0.4558313838908275,0.4608038906591082,-0.5283163464975921
23500,8400,OK,904,904,,6.227118,1.141987042033941,0.32597719132311515,0.8685737071485465,1.4713313080968904,0.05814942041151721,4.301993045027605,3.1034306873154853,0.6380135593456814,0.2835585091484424,2.946631143582354,0.83230966,0.8431687,0.64319295,-36.696302978729356,-54.72405769730748,-3.8413535519666424,-0.3212318687344136,0.652019474612502,-0.6048360999084381,0.3253520915607935
6800,1350,OK,731,731,,13.496928,0.22030107436480237,0.22993517867411042,1.9903431148685256,2.015655839835443,0.03918307556733164,4.643751388169089,2.6536703837464084,0.8104240783604539,0.2669969505744163,2.473122623847485,0.81411046,0.8508275,0.6280668,-4.956734407018994,-35.16781877132831,0.003104081374528986,0.13077975609790018,0.716695988041956,-0.6813026258287063,-0.07120567504383314
3400,40400,OK,1899,1899,,7.6822443,0.46191750164995593,0.36022712710665494,1.1708267444416478,1.3091854822498907,0.02176212460444434,3.720911701592731,3.3679061359884246,0.9603167162147888,0.2141173248525825,3.1868988735959927,0.820152,1.1048164,0.620245,-35.88820752883964,-0.33258560304669715,-5.122099376123759,0.7222638427283782,0.046389580949015505,0.08910974979043172,-0.6842823983991535
30550,27350,OK,1272,1272,,9.632021,0.11716269897670242,0.0964481510872171,0.29710691864458305,0.33361934144489724,0.049057813756351515,0.9798097036930995,1.718227993946643,0.22633968510305535,0.16143644886006348,1.6674443450247,1.5530959,1.4394788,1.1585011,37.63665139149408,-98.43496159333931,23.76526111536799,0.06187447483673498,-0.6241633911410944,0.7726391236342903,-0.09808361306846063
5400,42050,OK,1457,1457,,6.9814,0.11537728274352613,0.17452453542064644,1.3810985751473819,1.396855040836808,0.02365097855833982,3.784604495414435,1.6087115255529998,0.4659599834240976,0.1364811295586556,1.4765649764508768,1.4089851,1.2018752,0.871156,-2.361683277145462,13.654257427567893,-0.7950741909799486,-0.13950042526016496,-0.682539405007567,0.7113653368340854,0.09294594942802831
22650,9550,OK,1014,1014,,10.544245,1.1201347947639886,0.036872308563456496,0.36090067825058914,1.1774170141209515,0.025533684975849204,2.4456061387876518,3.1288528949210956,0.5487644185552589,0.3220791249375976,3.0017419257958,0.6185527,0.6247749,0.51679045,-25.2613922719404,-65.97523729407037,-1.6810310048867172,0.6615286483242915,0.4134740973962319,-0.278742912049071,-0.5601083888061411
22600,9500,OK,1231,1231,,21.130468,0.08737729616359946,0.0752484689826649,0.057872163003899496,0.12902058448110662,0.024129458397229034,1.1815683740040672,0.857013391137277,0.18755252782401532,0.1116863784615616,0.8107528336996772,1.1458374,1.1439661,0.9538956,-25.265113321053494,-66.58042776951285,-1.6936346198487218,0.6596892796662924,0.4018685683257245,-0.24852656106023907,-0.5844195894498849
7100,1600,OK,852,852,,14.159062,3.156170337768156,1.3225944365274316,6.370713593322212,7.2316428930555805,0.2182478905003815,5.708984250243502,3.501387554268711,0.9710659914731865,0.3717067489189976,3.2422617408536305,0.47621354,0.6693107,0.40863386,-6.214009481309326,-43.11180753402151,-1.4459294030768028,0.30069970734730367,0.6506016090991813,-0.6033609963189278,-0.3496465935195609
6300,1050,OK,1663,1663,,7.5662355,0.1861298926219682,0.15570075956409052,0.8415326689363507,0.8758220688835363,0.021633171460393247,4.173172892116172,1.901129757319975,0.4625603541011365,0.1208587854856803,1.8237662692116023,0.92454714,0.95006704,0.7278379,-0.2841966892673288,-17.7589925562891,-0.03359236484088529,0.09980956725780017,0.7152026915864101,-0.6905827251101269,-0.04023257400211859
3950,40650,OK,712,712,,18.108353,0.9587278524589968,0.02351658037624299,6.687846545192646,6.756256621582579,0.04536751356709082,8.432809443669498,2.2168770562271285,0.6795075467744278,0.21022387234230067,2.0735639582242493,0.8682014,0.96501285,0.65291446,-34.22590183307204,15.289016156846213,-5.030084311351123,-0.6973337332488858,-0.04289671328505356,-0.08479791316488437,0.7104187852143216
2700,39550,OK,909,909,,38.600952,2.837055408453776,0.0775035353212126,7.372081167413885,7.899523462055327,0.025169327319514035,4.731062930500414,4.5123317479549,0.9820354574722775,0.6553513602398215,4.298321326659025,2.5517466,1.9753187,1.7258826,-36.74653208106456,-39.27328505523177,-3.7343329852210565,0.7289412024173482,0.009348558799855295,0.08789133067392184,-0.6788464052045085
7150,1800,OK,1435,1435,,9.487411,0.0633832045730282,0.39910182561495483,0.012566454146708206,0.4042989161511041,0.06722967451261239,0.3877719227209574,1.6288482987409179,0.45864114455285576,0.13304911303175904,1.5282434252721435,1.0039139,1.1624995,0.72290766,-13.973718097155306,-46.38274437606955,-1.2458745093979469,0.18345933908146142,0.7007712855636067,-0.6534096977784652,-0.2198136553592116
3950,40750,OK,993,993,,29.208399,0.6402286610329604,0.04143987098144253,2.824351262293467,2.896302825005306,0.02698634752025909,3.9019485874627824,2.0795463518907145,0.41223676948211385,0.29820513501210655,1.9974811558323267,1.3290714,1.2192893,1.0843439,-34.2336930254454,19.145005443980473,-5.181023892711685,0.7127754414737233,0.02842099683957123,0.0720064938879706,-0.69710722403985
3800,40500,OK,726,726,,19.01043,1.8922798947892212,0.8539663758272358,8.151907523050399,8.412109012348372,0.08262947265247601,9.129672802991479,2.913862268612621,0.9094963117278536,0.2553407604327078,2.7358291256941634,0.9236449,1.1079705,0.71217066,-33.98958174747832,7.4214382085920345,-4.988541430983028,0.7119224514403399,0.055067792069593,0.10497564277996373,-0.6921806670477662
22500,9400,OK,924,924,,13.991043,6.112273542155575,0.10594987624634278,0.34872289710451554,6.123129991219902,0.12937380437441034,8.416703967879043,5.047500939285531,1.2188077746459802,0.35315388464562725,4.739403413095413,0.9281952,1.0922018,0.69215995,-21.596451037045828,-66.27106453105642,-0.9945196952389889,0.709718233070309,0.31026188811322436,-0.183459197019703,-0.6052935762593727
22350,8000,OK,1353,1353,,9.658019,0.19985378354016903,0.03527754765031389,1.1235969450920393,1.1417776207229253,0.016422430371557814,1.5004940237651985,1.1604687548737183,0.2208918135402912,0.0853530381130323,1.100117351583469,1.1004887,1.1630235,1.0134194,-32.63542643874083,-69.4428558572231,-2.7407028811822314,0.7649515477050101,-0.03199152554812145,0.15949505567406688,-0.6232070275376713
20500,900,OK,748,748,,14.905764,0.4379924582147502,0.5351827975697228,10.250095857603434,10.273398810049507,0.03705920093211168,7.459860056825094,4.962450867993247,1.0545470678505082,0.4188718284094234,4.637148146033041,1.6661967,1.5620708,0.9391826,1.8018176347290826,-12.647562786906693,-0.15272692632663254,-0.14391526309885996,-0.6935631569374755,0.6979906036223362,0.10520295452617055
22600,9450,OK,1204,1204,,13.330371,0.879788380991386,0.1292263752633506,0.9033256569383465,1.267566287763383,0.03143360544389725,3.0064822413665158,3.3386147640563664,0.7256969879457817,0.296338197562534,3.2242064744274277,0.7412865,0.77425486,0.5988663,-23.97643411212566,-66.3172023274385,-1.4169134274022874,0.6589666885754694,0.39870213966265555,-0.2508658671114195,-0.5864007366082825
20100,650,OK,1410,1410,,12.312161,0.7353983085646312,0.03529799827900004,0.8332206234467402,1.1118962308863176,0.06143826682196735,1.5721006733547909,2.511187240050767,0.6607950576268353,0.34319666510925373,2.3869274680230097,2.1292048,1.7761264,1.2853116,3.6642045158219716,-7.597379866361524,0.4278721146293771,0.18721334987800756,0.7193057067429137,-0.6551548735922814,-0.13536082698777388
22800,9350,OK,1193,1193,,13.153203,0.039313876706280615,0.166231210676129,0.28362951105728595,0.3310952972289448,0.02139041995567406,1.6241718768529232,1.2837691960616406,0.2958584423938735,0.11765724862129501,1.183491290526165,1.2363993,1.2470174,0.98850936,-23.293559704960277,-59.87545079505412,-1.8258836631658397,0.6455923235593067,0.48947264656869827,-0.3146155281651715,-0.4946151528811868
3350,40200,OK,823,823,,14.827615,1.4509939195118595,0.6711619182572552,7.267874888958651,7.441629329423421,0.03753243226451673,3.742196237832527,3.3929335951966557,1.1826547162913599,0.271920067604704,3.0645436457990654,1.5249982,1.7034801,0.86094266,-36.450750025655466,-11.026053549025075,-4.490396718032396,0.7426215725858772,-0.02670808741807358,0.12134466506894757,-0.6580846072169232
21000,1650,OK,1417,1417,,7.4368477,0.1598572659124133,0.19421685502062153,0.24852670675238575,0.35361003408879604,0.03829439951231612,1.6284140583409359,2.7409008699055812,0.5474415511267351,0.24494333675838953,2.666772275343223,0.79230887,0.86832726,0.61452144,-7.991730562100204,-42.1253813225373,-0.32274341427996744,0.36545407539578156,0.6522491801650995,-0.5981314870233704,-0.2885360462434143
22600,9350,OK,1093,1093,,21.834763,1.9947229605759453,0.29138611392460795,0.8710949822355765,2.1960491854493944,0.04651077453646728,6.651502779022079,1.545491908799868,0.34520247955834743,0.164055976405445,1.4233405617586214,1.5012226,1.5301877,1.1859024,-23.12825026941544,-65.44224202027257,-1.40069360503572,0.6504990752864278,0.4200304141948457,-0.26721224004240807,-0.5736052849951153
21100,1850,OK,1300,1300,,21.5746,0.13859081149102037,0.23471671804097582,0.752794220395705,0.8006238124230654,0.013115881857215938,5.576904947587764,1.6878559945320881,0.2666549922400201,0.24246155278775605,1.6561250018010512,1.4157344,1.3846015,1.2072525,-12.174782283633629,-44.34018173030117,-1.0322502440985966,0.3583821669532775,0.6882661943158713,-0.5625680687449554,-0.2852525831616453
23150,9150,OK,808,808,,6.6809807,2.942576829475725,0.2660808232990023,1.9035089274446686,3.514669776630009,0.1141163036475702,7.265479631476544,3.642037301527548,0.7490277041099167,0.25573148507867816,3.478015108651485,0.8205307,1.0088673,0.6912269,-24.163531297986157,-51.382871782179215,-2.4208624776323875,0.18662099242033334,0.7415370806984856,-0.6293034408049254,-0.1388255831188885
6550,1200,OK,1195,1195,,7.351033,0.24290642754954372,0.027137126697210967,0.582500245279042,0.6317012679585235,0.036740138313722824,0.4261968874276828,2.5614749187552572,0.5607929932689886,0.2736904629008732,2.4721088274132184,0.97411215,0.9301951,0.6116345,-2.5049935877615686,-26.557243763724372,0.08750311669811943,0.06730959034170692,0.7177101384595488,-0.6916320965519734,-0.044795303543212775
22150,8300,OK,860,860,,13.121126,2.9591206939199255,0.27729929881182874,4.093149866177193,5.05837582720907,0.08994853904098328,4.701950847435175,1.0733051953740025,0.14656155514895408,0.13435947939934156,1.0383123596158983,1.3270425,1.2479026,0.8914271,-43.19695089140781,-63.88605317924566,-4.0737600587978555,0.5982140505691813,-0.3831336658497977,0.43300922755764254,-0.5548437191174125
6650,1300,OK,1544,1544,,6.45605,0.022758344129416797,0.07299131119273908,0.32116234191844417,0.33013773429235244,0.020826934174996727,0.5899721070683858,2.3155722951993014,0.5940937552955119,0.23497651826587357,2.205345135333627,0.87377685,0.8823065,0.6484243,-3.442595727829962,-30.955430918106128,0.15721001515097513,0.13135507689736586,0.7242014250808074,-0.6746240801247224,-0.05621823725524263
6100,850,OK,1481,1481,,6.6960306,0.294383975622892,0.15819423430281565,0.7522522850246709,0.8231469134942027,0.04592134672763132,4.433353316367199,2.0204516953679783,0.5352736658572952,0.17749118821469256,1.876976815166211,1.3585416,1.3024354,0.8544066,1.7093031776140584,-9.659047633112097,0.05199404114888079,0.11583030838695975,0.7155654221484431,-0.6864311247530276,-0.05798083523713409
2800,39800,OK,1604,1604,,7.065633,0.4851569091879426,0.7492396744790693,0.5236507472117595,1.0348658953708607,0.07494418398395446,2.4746007951269036,2.6100522355521605,0.9507264846099548,0.3469982266302747,2.383996134488207,1.290222,1.6380587,0.7602966,-37.724763365796356,-26.88477379410716,-5.186416791670595,0.7114900412704409,-0.01926123129173533,0.06988742284936031,-0.698946832219438
23700,9950,OK,1122,1122,,7.094961,1.0218209848828277,0.3997306016350466,1.63290008735197,1.9672990048044297,0.015902015494708176,4.430727198322007,0.9083486052430587,0.255373270328629,0.06596741909293458,0.833421768574869,0.97853667,1.0515319,0.7693287,-36.78492237898507,-62.08249043761187,-3.98927937440169,0.4961611003668521,-0.49767855156030494,0.5373060084467596,-0.46630727539531475
30750,27700,OK,1100,1100,,14.844242,0.3518642704199837,0.18215655793382968,0.08209029685566804,0.4046335295478364,0.06853333486766236,2.4449506526992315,4.833881357395089,1.4608343968489907,0.47712377024620256,4.507379841234139,2.7162964,2.4448988,1.7600981,39.00850274515791,-103.30344995280885,24.989538259910066,0.1323133541631899,-0.594387493322482,0.773038374854958,-0.17778738732966398
3700,40500,OK,943,943,,18.281986,1.3761092221662885,0.27274266074697245,5.897655287499843,6.062211068619873,0.08242339741317845,4.870755885411382,2.9157727890789014,0.9131398929701953,0.24558368874978231,2.710971424967944,0.90715384,1.0962963,0.71271753,-34.64886585792278,5.475730644860704,-4.05920600576981,0.7318125046719314,0.07134559438722911,0.11192362786665798,-0.6684559564342989
20000,650,OK,1618,1618,,13.385946,0.9429694003214733,0.08951440120365534,0.1479223513185497,0.9586892822938495,0.08305280964081271,4.539648542697997,2.0668975833421817,0.5200268817468698,0.28351804262658575,1.9570726160796577,2.0190127,1.7309024,1.2456502,6.040118931173193,-3.3200301799552476,0.8158674616983994,0.22600967816493084,0.71491755950666,-0.6492115615006868,-0.12781571459983232
20250,650,OK,774,774,,26.37423,0.13451136036193923,0.8652862012989488,7.00976121928594,7.064245597912766,0.04751260263657696,6.322440537197553,2.681850709547377,0.6430945720232656,0.3645989290903562,2.552055093341041,1.8374602,1.5314856,1.2539026,3.4070567516608863,-5.413195903114852,-0.22426270103147705,0.13472606145923272,0.7101838010624166,-0.6864721046091201,-0.07901839447714816
21950,8200,OK,792,792,,6.8123913,2.4550867424990024,0.11042712910685658,1.2224791845623422,2.744831583308046,0.06029825775654572,7.127320234804349,3.3487015922416488,0.5731082732278037,0.2939766840664759,3.2623069747850417,0.9425488,0.92358977,0.7022402,-37.86021919003117,-60.09399447265777,-3.612773251706093,-0.4042635724952949,0.5920556474781161,-0.5724703828361963,0.3978928687699605
2750,39550,OK,750,750,,38.439064,7.163885267550306,3.6235601526023604,8.914752896205725,11.996843731021935,0.13553025579547573,6.817342636622118,5.065492086212854,1.120549674318823,0.7396849752197343,4.778080200466988,2.6768732,1.9885019,1.768239,-31.982932130984857,-38.84250202085488,-6.967065455607986,-0.6983229687653039,-0.032363709172529474,-0.07272644627369654,0.7113427342960688
14650,28650,OK,710,710,,18.48543,4.780029276621712,0.7688242307985641,3.8143934247627103,6.163551555888593,0.03329074594193325,12.593511628924642,6.9263915923370805,1.7359595503865386,0.7316814253767809,6.319711483727372,1.2624379,1.1793909,0.9405337,54.24600490810256,-72.43207845628788,27.46032275701237,-0.5243158958982934,0.34952561540583094,-0.4814693290279727,0.6091896015928857
3700,40700,OK,1790,1790,,9.441088,0.15940604612269893,0.5089380676915612,1.6079726994152095,1.6941087469081577,0.08775254392086332,4.5982290596662,2.0469225003236704,0.6416356617677957,0.24570160734653568,1.912322843639675,0.9830822,1.0733272,0.7697544,-35.160885349430366,13.024587614736895,-5.800873341224462,-0.7007144376377542,-0.023319977719361933,-0.08755845105189565,0.7076644495624794
21250,1850,OK,1510,1510,,19.535875,0.11055437657288006,0.04459968776135549,0.8892235748463456,0.8971788943072296,0.014788446566529966,0.6736044438164329,2.232958002624311,0.3505660186653823,0.3072483904402099,2.187250222452496,1.5588206,1.5088383,1.2822834,-16.805869687905034,-48.63064433331987,-1.326747296278239,0.3668189810308612,0.6886859389643274,-0.5670484364567695,-0.2638400715210567
22600,9600,OK,1176,1176,,7.804251,1.2355871175278057,0.056135782040765136,0.36202557044553385,1.2887549280923873,0.04094533129494762,2.5142690123296267,3.288786547733406,0.6835514246589425,0.3134181473417107,3.192339243462377,0.7421884,0.7687992,0.62900007,-26.094511111064296,-67.39136707593275,-1.8827882813050179,0.6559661498713822,0.4012263565175487,-0.2423355807606342,-0.5916073760155248
30400,27200,OK,1183,1183,,7.924458,0.016194919647411377,0.06928744536005904,0.48387079182698844,0.48907460442164247,0.02792746819435198,0.7362445384825881,1.3478336437618443,0.15088184917306252,0.12325354864650095,1.3305883593472791,1.4285085,1.3858984,1.0928429,37.42708535010339,-94.3911589498858,22.56815847850611,0.01260939083046599,-0.6508683835233532,0.7570592559983027,-0.055431340412066
22050,8300,OK,968,968,,12.536414,0.048161894356674506,0.13861980824015196,0.35036711116104347,0.37985804175756893,0.057123188268644015,1.0635061200603508,0.8669187392274793,0.16334216899690612,0.1369053622593931,0.8210825943711988,1.2123545,1.2078578,0.84308934,-38.35994950118972,-61.37974701043759,-3.8309489104554095,0.5239808407493196,-0.5002121242532086,0.5204483297105801,-0.45206796544236144
20100,700,OK,1618,1618,,7.5600796,0.15393377792308494,0.290764115565741,0.44300686396983013,0.5518101670056332,0.09421947866195102,2.1336137309265713,1.9645306233639015,0.5045217482443298,0.1528445104417946,1.8454932850407477,1.2843864,1.3024703,0.7918065,3.4735125929595094,-7.054020534893208,0.11991708021634409,0.19823226159200796,0.7097123337828539,-0.6594925971198425,-0.14859975802381933
7800,9550,OK,1078,1078,,10.061605,0.7308982670266285,0.07421640694093154,0.06455948565018277,0.7374878161632007,0.015798203004282096,1.3721074572552023,2.888989511907179,0.49891814214455155,0.275232822564798,2.775738814829827,0.6857075,0.7189028,0.5943064,-26.148546344751214,-67.36973413943295,-1.8784026059572951,0.6679371221971356,0.3355771601401516,-0.22789983036021197,-0.6239468228183122
21450,9150,OK,962,962,,14.2847805,6.7557656862858035,0.46300806824753205,0.17970538804259872,6.773997380110989,0.2721046823377012,6.433819872888498,3.6889418820878355,0.738329459460815,0.22060377221618754,3.489539489870129,0.9386315,1.1841543,0.78777313,-18.478297682905044,-53.04359110284551,-1.1059386059730483,0.3578873951324572,0.6614639030260515,-0.5944825782136567,-0.2845568161181359
20000,600,OK,1549,1549,,5.9348907,0.8066965474502654,0.14949918098720477,1.620094193518562,1.8159885794400203,0.038903636571133715,3.208336520674599,3.25597373747347,0.8065276382576586,0.370082040989532,3.0398541455691563,0.6418954,0.64206886,0.4686906,3.6828311309936956,-3.643689032002826,0.3255776979498147,0.20933756498367276,0.7181471318568738,-0.6545239857131758,-0.10973072960019309
7900,9650,OK,1217,1217,,13.031526,0.18299519810158915,0.027694437022463506,0.005483226316090717,0.18516017428449488,0.021645737610698712,1.5802199644016923,1.2367545382312026,0.23810061832809748,0.1393600792066142,1.2032257799357917,1.3324028,1.2789909,1.013714,-29.8231001646732,-69.54516514531983,-2.2865287608864535,0.7284231718974519,0.08877191192200877,0.021890592204881317,-0.6789992873851092
3800,40550,OK,816,816,,18.126568,1.838475290321047,0.5159385026055405,6.99187191853634,7.247927762940863,0.07079189718023145,6.816509696963883,3.145355110469189,0.8844728462061773,0.276255907589289,2.9095564433466405,0.9178352,1.0274457,0.67234075,-33.94836663759302,8.592561500920448,-4.787859246104159,0.7198982225031403,0.055287876057008786,0.10114099576853865,-0.6844415964659603
5350,42050,OK,1887,1887,,8.9992285,0.3342410770830999,0.0815135213148028,2.2053618064499307,2.2320354497890285,0.01573764849433643,5.835945071904211,2.5290148951377533,0.5994271320154768,0.2848341656648927,2.3862930943503935,0.9314626,0.8707979,0.71709514,-1.9250855951762071,14.86822387304185,-0.8180656983594704,0.09117671791585964,0.7182517353737913,-0.6867466981132389,-0.0646546469574532
20650,1300,OK,1768,1768,,6.17773,0.4599231466752006,0.02372625412625967,0.6060307873532444,0.7611606605720472,0.01876823936802809,2.717089193808267,2.6162567873027864,0.7264286692320963,0.28252361246346847,2.486493425962539,0.8792048,0.8692571,0.6668075,-3.7834852322286125,-28.840073762468204,-0.03825609120957209,0.17092095867426202,0.7120273160802598,-0.6720490718335121,-0.11024142637469679
3550,40550,OK,1901,1901,,7.5916224,0.26117135698974686,0.5591826232158222,1.6271591068229636,1.7402707958060144,0.10817411604437153,4.152674264754005,3.066406793590284,0.8338731973724031,0.2709690593250581,2.9052211605128306,0.9397963,1.0571332,0.69605047,-35.47577962822217,6.645319041544204,-5.655819756255214,-0.6895525401809613,0.024704635112459423,-0.07677410911214279,0.7197309994046253
6300,850,OK,811,811,,11.252841,0.04328110831412535,0.42240184714811857,3.4093885319911235,3.43572797771937,0.05250455146821755,3.877557401943203,2.1124287170968317,0.5313641726122562,0.17666524726920407,1.9623713923414758,1.1659046,1.1547965,0.6922909,0.19813375378958675,-13.554299088667896,-0.09227330199895747,0.07886289299538542,0.7068189461918165,-0.7027390305397154,-0.0185869946142273
2500,39350,OK,854,854,,9.415981,0.37815391695910705,0.6646352586083538,9.540600483439423,9.571196267787087,0.12582546634504796,5.1990342473583935,3.9108661108136484,1.195254855021526,0.2002532288162151,3.719244639939857,0.66733503,1.1006069,0.5132617,-37.01732993646151,-49.54362841052861,-3.933473079017528,0.7255831359412371,0.1256746888084322,0.013517685758991685,-0.6764260917515712
2800,39600,OK,838,838,,17.353107,1.9747439339970367,0.5689219043988822,10.358860255948045,10.560741997626064,0.05641297237260345,6.812697075809967,3.3064834602844386,1.1719249226044965,0.4129546127694114,2.9024391761605113,1.3433052,1.6145582,0.85292596,-37.427988274609184,-37.86557762256822,-4.1484150121111325,0.7270618036654906,0.03120565672768955,0.10067491081186875,-0.6784334182304846
23750,8250,OK,1181,1181,,10.977033,0.25990727489044596,0.23400776331698656,0.013884790649942191,0.3500060174411139,0.020548754854680835,1.1658909968295739,3.3076930578996295,0.6284718351413001,0.23637470582748132,3.158865315805226,1.0684247,1.1080407,0.7573343,-38.08214216056948,-62.76730593226083,-3.8204682018359506,-0.5221783002175849,0.4526576960074433,-0.49638504986932724,0.5253881567882285
22400,9650,OK,1366,1366,,9.1453285,0.06532215623180981,0.061968235511878654,0.1777062331891932,0.19921483785481578,0.03450496561286566,2.9027891700954918,1.1105619320349733,0.16945900983940254,0.1099837579682561,1.0736788485136484,1.1170497,1.0844358,0.8864084,-30.972314061691804,-70.59374592685779,-2.265877206535924,0.7576322454599665,0.057418263392215216,0.05834075979129038,-0.6475282846449923
21800,8400,OK,869,869,,5.582907,1.5317532035591688,0.2248432691131289,0.918560923851069,1.8001601437387131,0.05076658002868689,5.681989321963147,3.10612380439292,0.6225393364382594,0.2824183212273301,2.9396740280577838,0.8594594,0.87186414,0.688362,-36.75428027563471,-53.729112810173774,-3.696085692191947,-0.2067468809613713,0.6938134120188176,-0.6514603433284306,0.22688785244246631
3250,40150,OK,1224,1224,,13.86636,1.492517212201455,0.3761428638257208,0.7637046440491797,1.718236266078359,0.13321306538807504,1.8912369950744414,3.2184738356609603,0.8071583061950129,0.42392337109202405,3.070810631827618,2.458225,1.867711,1.4521753,-37.93879224849247,-6.604413671497792,-4.728600686124739,0.7515463159113631,-0.04795352200170364,0.16133211386052393,-0.6378483705434895
2850,39700,OK,853,853,,35.540375,2.1507281006406624,1.7702722842884122,7.071854870803944,7.600699088710101,0.030384679433162275,4.5785269817564975,3.983808562748046,0.9312562490700173,0.5398225403028275,3.782417345997819,2.2257478,1.7621096,1.5670563,-36.904721928525426,-32.57615473809882,-5.443233824091403,0.7262921547875246,-0.00680016751442335,0.09887111832935119,-0.6802043557462519
5250,42000,OK,1324,1324,,8.516197,0.7790843190359398,0.22668394023533261,4.104989429679815,4.184411093894973,0.02926794501113019,7.951909301897557,3.2511400609568923,0.798503057058273,0.4263027575075955,3.0477551954062383,0.64978063,0.7006193,0.55597186,-1.483602561402181,17.031891765644957,-1.0714713759870635,-0.04707186108987407,-0.7017198685754085,0.7106707992343704,0.017901984684064853
10150,8500,OK,1308,1308,,6.633482,1.7483826343725553,0.1261764203135627,0.506038953766031,1.8245102761966787,0.035770344387542,4.469876873396856,3.5371559817700975,0.6628098802239986,0.2814747594961524,3.3538508507911384,1.0676496,1.0793926,0.7082091,-39.88308031148768,-55.67959382300217,-4.239671850890856,0.5327754472668663,-0.44563020376523504,0.5020994120452061,-0.5152283228876336
10250,8400,OK,1309,1309,,6.621164,1.1331389438412143,0.10904791522680068,1.2906952826137246,1.7209850744344695,0.028451595806684014,3.365596192520098,3.1662005764190058,0.6512596967399371,0.28939495769893564,3.0430860963942417,0.84950584,0.85413986,0.63469905,-38.40222562904954,-54.9101864787618,-4.10253713304795,-0.36441408314180257,0.6002112516050895,-0.5900920515720842,0.39842213809729515
21850,8700,OK,781,781,,10.944203,5.693545329217441,0.0009677899152277236,0.644660821718402,5.729925560382936,0.11779009655468169,7.391813328569433,4.300899484239205,0.6404618699861937,0.4135053289453062,4.152418263916022,0.9279817,1.044382,0.8250106,-33.351934563201056,-49.62798872801623,-3.501806511496202,0.2602133406487964,-0.6465567216141607,0.659772503138576,-0.2809869519856749
20600,1350,OK,1617,1617,,6.9282746,0.541956162668924,0.07889562353157231,1.9808047412425465,2.0551224840860978,0.02821241082767543,6.599413604980424,3.0992201314314425,0.9109119014649627,0.3162116012173728,2.8811974386092825,0.88018864,0.9043888,0.66784537,-3.4994116668132706,-28.184186434032267,-0.24112022169760683,0.15471667689972718,0.7005972893106228,-0.6871796045948241,-0.11406304891863066
21200,1800,OK,1592,1592,,9.754687,0.016587690418087525,0.2919534501453441,0.14985885539849264,0.3285873476969595,0.052939709705090335,0.36245044926436004,2.3183934774366914,0.6496174061683323,0.228433673809378,2.190598841155281,0.6940294,0.8452203,0.5719368,-14.54897417527483,-46.92792676363835,-1.198539573329355,0.34092968122574296,0.6753320474298373,-0.6126596102672872,-0.22878326014084432
4700,41400,OK,1525,1525,,9.787674,1.2620648871238211,0.19237762914537782,2.2676934804255975,2.6023548283566598,0.04273152562657385,5.5050747437743635,1.7174551709988481,0.5257133014507641,0.13521924414809539,1.6476055757016237,0.91790634,0.948704,0.71936417,-13.506769225641381,33.51552727949522,-2.9588425842519164,0.35381148460544853,-0.5909623269778316,0.6042423485998926,-0.4005897472636072
6400,1000,OK,1098,1098,,12.393938,0.43817919146484946,0.4164191950024251,1.9149896595836373,2.0081313069895383,0.044295802445142675,2.172050695742782,2.258370165410475,0.570152001489795,0.08623780470827774,2.1585250262946523,1.0405066,1.1394742,0.7516668,-0.684010988763915,-19.161531678508045,-0.147482303318797,0.11194021082970737,0.7057085527316076,-0.6971002049849669,-0.05912809831863081
21550,8950,OK,1267,1267,,9.330626,1.3754131590860952,0.2789829524727374,0.9687886438102857,1.7053282036996193,0.05126040964967423,2.825891015898611,2.7631808167482337,0.6849485785308764,0.23094122261068406,2.5975123348926528,0.8337546,0.9105783,0.6422866,-26.168974932963593,-47.170428319814924,-2.547569147927054,0.13027344454653952,0.7235796605137171,-0.6705141275240066,-0.0993584889556677
4800,41400,OK,1322,1322,,13.298292,0.9468096296906867,0.3640221848715146,0.5996062794730367,1.1783413411813846,0.029375166049392595,3.395585848569875,1.5732173522580748,0.516058467033053,0.09725894427897241,1.4935530874091199,0.9317125,0.9482336,0.7240035,-11.299731074960654,32.3783554867041,-2.6295755240159706,0.3552932743736911,-0.5762273624079494,0.615386989337469,-0.4037667264044483
20400,1100,OK,1781,1781,,9.843261,0.028004092248931522,0.025431980743924054,0.10160569810381048,0.10841924512930656,0.03404130956857159,4.971256328423612,0.7292707360567227,0.16685577427240728,0.13689820504178762,0.676456746935405,1.4014374,1.2334979,0.99445,-0.48101786289766313,-18.006699446002088,0.21800596128975908,0.14753406934785532,0.7228011247150129,-0.6683962331843836,-0.09507211976863424
5500,42150,OK,1639,1639,,5.9144187,0.27706434408819225,0.04202432783784313,1.2308151060401706,1.2623139546689324,0.03515570210392113,3.6422291455410636,2.4171992441972465,0.6503838503817607,0.28453029384108497,2.2492021461509477,0.8058251,0.79738677,0.6314576,-3.071100016522223,9.836218471895933,-0.8514568799650388,0.031091022738560264,0.711789680192882,-0.7017034702214469,0.0010194876968853902
5450,42000,OK,1592,1592,,6.9977818,0.015972241258107978,0.2016097757312556,0.17031564278124023,0.2644031624947051,0.040084448948888546,0.36796037844867635,2.908404282606408,0.7059900627196136,0.32870985388407714,2.7067570548643367,0.8920219,0.9135726,0.6691711,-2.4938562107935316,12.872776405895179,-0.8964504639837066,0.13710246553164168,0.7090477992600913,-0.6887886327409465,-0.0634377783061798
3750,40500,OK,773,773,,19.08136,1.9210110208764721,0.6692525667826776,6.733933101073269,7.0344891321406084,0.061784436063937714,7.011794578901419,3.0124113056904323,0.9180700007648754,0.2488308892142561,2.8493370341724926,0.8821303,1.0872045,0.70092636,-33.81683583225812,6.744329247863088,-4.741611398351784,0.727806829831831,0.06721680059489597,0.07987994717864755,-0.6777892845174396
20000,700,OK,1436,1436,,7.601663,0.0903927669933684,0.2969693511124464,2.177764672559894,2.1997774016647154,0.056666800647052464,6.189489791864485,2.106251759527916,0.5597996374604342,0.16097807165133815,1.9736759546053153,1.2005069,1.2427099,0.772216,4.446576763675263,-4.632696278504033,0.2203807185935548,0.2162792005739849,0.7089873001011651,-0.6598561171757378,-0.12308623123687527
21750,8650,OK,943,943,,14.022431,0.604260048288049,0.3064117729332275,0.4130428339286425,0.7934877208936275,0.02334415021188316,2.112261855387023,5.3142157120592115,0.9953748260567726,0.5116078099231345,5.089492621187249,1.4253777,1.5300239,1.0496302,-34.654152614588114,-49.7126336212327,-3.6102494281911914,0.14452979961032855,-0.6853905795705554,0.6878673694335671,-0.19023504548079703
3400,40350,OK,1796,1796,,7.045212,0.28091809819477,0.3230822609826,0.4209081694077892,0.6003838874663538,0.05876897030208316,1.7484054244903313,2.9481326967936505,0.8164428492495732,0.2335648031647204,2.803168467091168,0.8414329,1.0115572,0.61400443,-36.102033955885844,-1.02721762168915,-5.111764023963835,0.7158176630637207,0.03257271294657365,0.10216967450371116,-0.6900039487054399
23400,9550,OK,877,877,,5.631674,2.114640609633784,3.6562054288253445,19.495219485326654,19.947509263733764,3.116630037494195,19.639997642510703,3.162334183886112,0.5442608449947783,0.326718547755675,3.0321081559606675,0.6164556,0.65058774,0.5822518,-25.931106357108842,-67.41773741716509,-1.8933099241718492,0.7471737362184993,0.2802935823265191,-0.1677434067615063,-0.5788169530170131
5350,42100,OK,1465,1465,,14.372698,0.4457794753218536,0.19574631477995058,0.0037902604279782537,0.4868781433195276,0.040630662365686646,7.837364632198687,0.688084012642567,0.11331438601169608,0.09879846488272781,0.6567334385005976,1.467987,1.3750176,1.097142,-0.4119381203213437,16.72484048950266,-0.7813037384152101,0.10557591771770695,0.7157136452551214,-0.6861564633941972,-0.0761381069902451
3600,40550,OK,1795,1795,,8.954791,0.3879092903133974,0.2680198115931623,0.6346661268709786,0.7906385580752351,0.04348461121313688,2.1434667623168147,2.9681935123629195,0.838261985877218,0.2662134383885699,2.775686111623971,0.972317,1.0785758,0.7197321,-35.21129580247589,7.711168381665619,-5.082216682001022,-0.7025915373862821,-0.027494964157371612,-0.05768544449726327,0.7087182430503103
3350,40350,OK,1426,1426,,7.015989,0.2521810127844797,0.3217790298550711,1.1880036253819672,1.256379568913859,0.05456669341535275,3.535332672181793,2.854612060501209,0.7728575521571498,0.1906662651391977,2.6979558986504637,0.96195036,1.1455129,0.61042655,-36.07508898018567,-2.488344940095807,-5.178032992370788,0.7315241871090876,-0.04780613071444009,0.104420955984643,-0.6720738065806133
20950,1600,OK,1300,1300,,5.1833234,0.11955811213038374,0.046267638556617474,0.7295520387451209,0.7407300546021807,0.17471524769127297,1.594432715023385,3.201857677899483,0.8892472874950493,0.3315585998518756,2.9714125529058677,0.5300989,0.739471,0.45640147,-7.409967289401435,-41.217621833840624,-0.2688990957357308,-0.2815204016850198,-0.6721464008560113,0.6755742046966351,0.1120935912526864
6050,700,OK,1734,1734,,6.5351577,0.27465954285461613,0.2046703520505531,0.4018134276810492,0.52799796226349,0.03329800014458941,1.3597248752327027,2.268307193376586,0.6155121781371311,0.19348035005715758,2.159728079348705,0.9754487,1.0355922,0.72939885,2.5913448125395915,-7.393230895958418,0.16629768178968557,0.12276713955581496,0.7171334021773924,-0.6833046595265673,-0.061177244103041935
23050,9150,OK,1222,1222,,6.9493647,1.2862297613851466,0.3954304874519735,0.844230882663279,1.5885458925450708,0.07758089609716312,3.4499043393077535,3.7012825542557617,0.7574041558259947,0.2421190100526115,3.4809995074252935,0.7976499,0.98345876,0.67603076,-23.123380012481483,-52.59659613340168,-2.3506765306832174,0.3289219699666688,0.6962776328618975,-0.5708794415274285,-0.2847884458520218
21000,1700,OK,1252,1252,,18.266163,0.19008022223740165,0.04962822622834051,0.9517005353864336,0.9717650748916714,0.014192139080516515,3.5662632257677567,3.637214442894351,0.6945907618062015,0.3076350779014936,3.3462336727533497,1.468651,1.4425951,1.1885713,-7.442659939740743,-41.71920062433777,-0.026094544472107545,0.37454618155996033,0.6573930691041244,-0.5928817553541956,-0.27575484536239925
2550,39550,OK,1295,1295,,14.93038,0.32686799255714705,0.08571593023592627,0.07320391572346652,0.34575817926955493,0.032121949513555834,1.9892709957633365,2.7534897110385725,0.6169912648909524,0.4078199663599875,2.6243777992657993,1.9876755,1.7126585,1.4942418,-39.09743398696499,-38.1828375277737,-4.367047743604806,0.7542801125080643,0.029763874231602365,0.06062648456751088,-0.6530697152942653
30650,27350,OK,704,704,,16.081371,0.1468326986131081,0.13904044990837516,1.4862544337112873,1.4999481090421731,0.037065779937412786,3.50408095341432,2.228889635820517,0.3369499860423348,0.2229730039131369,2.094449130575692,1.85953,1.6938732,1.3623625,37.04795996853425,-99.23804328288831,24.23735735527962,0.10835878345698367,-0.6053228389464403,0.7700301881704341,-0.16998865845623412
22700,9250,OK,911,911,,14.748494,2.1085517523412696,0.5295547530720198,0.490673257515162,2.2287168897020426,0.06052490038050112,7.0319328382262425,6.302674898193601,1.5382638099855224,0.4146943791544291,5.743174116738412,1.0502801,1.2136681,0.8515036,-23.656717859872316,-61.3553390428237,-1.8794904933769456,0.6576792681505647,0.3975653695938388,-0.28441260474514735,-0.5731572449221353
20450,1200,OK,1536,1536,,8.302883,0.4967663906543256,0.054369152443399404,1.1441593247415476,1.248532503387146,0.030065782737183425,6.816303339412648,2.3806759751893143,0.5330897935309964,0.24869787529019605,2.305363810297555,1.1392417,1.0247017,0.7221361,-1.1798972534201804,-21.450090651310365,0.0758042389736715,0.162529635123217,0.7014828901356872,-0.6861222523658621,-0.1036442345815407
6050,800,OK,1564,1564,,11.041391,0.01640145700901341,0.04875361238960402,0.2279650272689251,0.23369633324204303,0.018314149563914677,4.671872780662042,1.5624767791385692,0.32750194917983455,0.20966518588865712,1.4920244294452871,1.928845,1.6458074,1.3323236,3.037222581810754,-6.856725426481582,0.5453316190203317,0.11314461000907246,0.7263117976345057,-0.6755211065372945,-0.05779882754396493
21450,8950,OK,1349,1349,,7.639713,0.6751689644125971,0.2162980055207393,0.6309908594116874,0.9490982153388176,0.03841538446954028,1.184590545637227,2.85673041262035,0.6793964659823585,0.2401674353195794,2.686165825861921,1.0593213,1.1103154,0.7183048,-23.962888605516177,-47.05357516475875,-2.0620541007521687,0.27734365150844453,0.690975926950103,-0.6354029915582219,-0.20468464930783362
14650,28700,OK,841,841,,28.884102,0.2087170840950403,0.03591338234996355,0.3814362131134583,0.4362868057818004,0.019910026127078213,10.91921610314055,1.549682966808427,0.43501840878194464,0.22382484812683057,1.3566598006309007,1.7605035,1.6731615,1.4809349,56.8598543382472,-66.77590222109069,27.05072831219928,-0.5254071218957125,0.336167841610208,-0.4859173159629971,0.6122278175448376
23100,9150,OK,984,984,,6.8277097,2.8181376316069624,0.04059553189914333,0.9282010817808194,2.967339710263818,0.09907757418012125,5.373538799097875,3.5143448534768247,0.7214817102882312,0.24663668048872622,3.339212217542544,0.8177596,1.0109901,0.6792742,-22.86489471598044,-52.09195530208525,-2.094100660606208,0.2719409350825455,0.7295399584980062,-0.592021932065241,-0.20815765355829993
22250,8050,OK,1147,1147,,7.1660566,0.2877728570786031,0.4806349829751859,0.4947038414194509,0.7473654359454286,0.04285731351639832,0.6571400299895084,5.487989116521752,1.2337336653322433,0.4614406319337654,5.142409380458928,0.6665652,0.8962604,0.6000222,-35.47165319836748,-68.38442525836918,-3.4849514535850794,0.6979087688620046,-0.20504552405136495,0.26948979317294874,-0.6310744288811133
5550,42150,OK,849,849,,12.72999,0.4268981962638614,0.024855653095342933,0.1888604846337798,0.4674699521041331,0.048989315538952985,2.263376567880446,2.389445036948313,0.617215985668509,0.302627887401952,2.2610832265184753,0.7618085,0.7354964,0.58417964,-2.781598676391474,9.259036936827101,-0.7182852636025359,0.1553024551489689,-0.677627703693528,0.700809754371598,-0.159898501523183
6700,1350,OK,1435,1435,,6.2148466,0.03277640392024575,0.14174612010958593,0.5035909189542933,0.5241851475130651,0.03640868159021989,0.5776282494857969,2.4013427688321967,0.6988650480562351,0.2667360414792497,2.2774407103371406,0.8409372,0.874864,0.6155775,-4.107938063065181,-32.69895190343116,0.05653500063052382,0.14032954617908644,0.7182281191121983,-0.6799474721906804,-0.04612398993180553
5200,41800,OK,1530,1530,,10.9586315,0.07764594870027705,0.08717941774760612,0.27818206301165294,0.30168593671200006,0.00798629460078589,1.491315136018005,0.7343122753301162,0.14221997501117112,0.07143634363942458,0.7129626108169993,1.0272826,1.0252069,0.8257122,-0.09971784370339863,22.77895196837286,-0.7666941764675017,0.01831815333359451,0.7081805802558714,-0.7049136910998882,0.03523349410484041
22250,9850,OK,1779,1779,,4.71431,0.007046947661843245,0.04861971515769353,0.252011493275436,0.25675538731695413,0.026134360986018026,0.3593504181713463,2.8096706017423703,0.6111249875574412,0.3853957226821727,2.5963584552158405,0.61317897,0.5531469,0.48405787,-35.877349690199914,-68.3374712545731,-2.9806114487560453,0.7146218344967823,-0.20686675758153145,0.264653345857136,-0.6135799742452328
6450,1150,OK,1698,1698,,5.9547796,0.2255412443137943,0.048789901019435644,0.27034271485703454,0.3554356352483145,0.026703746560828072,1.974666926336171,2.0060761385312724,0.45377939647779,0.19723024310962145,1.9142147394937332,0.85475206,0.7574343,0.5920647,-1.7942172586241594,-23.256128471662254,0.16696542512493023,0.10717174874120576,0.7252754525315078,-0.6782123964964049,-0.05017648319254555
23650,8400,OK,777,777,,8.083954,0.6950896489388114,0.1865739392164172,0.06581992755854471,0.7226975285141243,0.03339275391445437,2.48981083892605,2.853653215494983,0.5819277182108282,0.24967590807807788,2.7382029915604518,0.88218814,0.89028937,0.6530285,-38.049854588519906,-58.28434297577735,-4.010651857154278,0.47341917596620064,-0.5411849366795757,0.543277935365192,-0.43340769845947735
22100,9900,OK,1135,1135,,4.4670796,1.8942665278746338,0.07299461669651636,0.3106033317454915,1.9209498490029073,0.06052007611823283,4.064589001153668,4.0428278899823065,0.9381166544365169,0.4893760077713797,3.8892688467843506,0.6528615,0.5624056,0.46476844,-37.72695681981026,-64.98956432859559,-3.3768736736499427,0.585654317088279,-0.4249187836811727,0.48762178733830713,-0.4885468663943811
10250,8550,OK,1274,1274,,8.373311,0.5585934454219479,0.23848445623762904,0.8281733183750378,1.027021186930261,0.0733025587853927,2.607072036027791,5.319100885542582,0.9433572007866534,0.20158718354899244,5.078719591324062,1.4456079,1.6236343,0.9164364,-39.51986118379209,-52.62908370496308,-4.251926266747092,-0.39337653802437267,0.5832097965558728,-0.5788655886948584,0.41235405025071836
22500,9600,OK,1556,1556,,8.141809,0.36089289981623407,0.10113021472044051,0.1652360304240682,0.4096021865389348,0.018810340001389207,1.1070766470220321,3.4529022839845838,0.7537332260127916,0.3250114364277229,3.3545136517890457,0.681063,0.72218317,0.6053335,-27.063066962019587,-69.16065436271026,-1.8761579190405424,0.7229859396010583,0.26503118899917333,-0.1346652677550331,-0.6236305522160736
10500,8650,OK,997,997,,11.731623,2.91270676027705,0.2284469748403954,0.7533040178962345,3.017203280366765,0.0690620042538176,2.9286990428059068,5.273373201928531,1.0237955122371525,0.5249696401871815,5.109145730425764,2.4443612,1.9949902,1.4026122,-35.882215628987254,-47.746027806758065,-3.668889657793135,0.2762190049706438,-0.5770942654236138,0.673866790075937,-0.369552187574313
3050,39900,OK,801,801,,14.682056,2.0238730547751422,1.809750018929599,8.06230147474362,8.507171230351114,0.08752937509884741,4.269478996445053,1.8883046373684074,0.6012727113212896,0.19951734869914328,1.7482423220190544,1.1474173,1.2532216,0.6838736,-36.573908550180384,-24.864160447519378,-5.697390669594421,0.7132659867833578,-0.011122316098126113,0.07630644807937852,-0.6966385376679107
3300,40300,OK,1252,1252,,12.317993,0.11016200045775049,0.2470628226049727,1.2726569153917588,1.301088516955267,0.025716758766692452,3.3114812912925156,1.4385653887552183,0.33702949845892594,0.30430600039976574,1.347930424700078,1.497643,1.5393499,1.2004917,-36.59676718537325,-4.502271137578001,-5.127243932805649,0.7568121752625838,-0.01987269324634159,0.0983471079272197,-0.6458856352325886
20100,750,OK,1571,1571,,7.152685,0.20167083029833477,0.37663009730028396,1.1268230435498179,1.2050939903013855,0.10297256073235372,3.7185279730257617,1.9476565917410982,0.5799096871430138,0.1738658053186395,1.8133297940161732,1.4122837,1.3922466,0.80172396,3.3831276682743114,-7.725060137608326,-0.024973419148481724,0.20722036716777223,0.7037056823850628,-0.664866599752053,-0.14074955255335736
20550,1150,OK,1558,1558,,8.342024,0.28276428600225445,0.03232486164167778,0.11758101521171832,0.307938034767933,0.014688478656417092,1.126410723783132,1.884009326338409,0.4369939851237879,0.17988872963571634,1.8010003883852685,0.922475,0.820719,0.6466054,-2.340059676837443,-24.323327853216583,0.12261785107313984,0.16598935521437522,0.7077309337591657,-0.6808866657094821,-0.08920654580757627
30300,27150,OK,1409,1409,,7.53554,0.04952488387235521,0.023616747416227823,0.19726435458988623,0.20475275449394215,0.013587881654494519,0.48334404555300814,0.9838868473052926,0.24443628045987298,0.1390859284388828,0.9471527697194233,1.2195479,1.1720153,0.9898759,37.5075875712383,-91.8332970848536,21.760947641278428,0.025445286033564017,-0.6295408624213007,0.7735605290093865,-0.06808045181425473
2550,39600,OK,1398,1398,,7.397238,0.25926069285764497,0.3978285720534319,1.3326281157293431,1.4147018676864178,0.03487905438076457,4.094972123650398,3.577314723193747,1.2542641239252188,0.35839757134774314,3.3057948587017014,1.0419983,1.4208592,0.7074838,-38.49374622963602,-36.845475032263344,-4.980250171176361,0.7490996828840792,0.0069247130410118925,0.05749484322814603,-0.6599212501915986
3050,40050,OK,1492,1492,,6.4355335,0.0795392037643392,0.5978745328201457,0.8762998022694186,1.0638053324682082,0.12183956532033681,2.9848001266407227,2.1892200697013156,0.6998011797464736,0.23005453472868553,2.0304476736907384,1.2719514,1.3710989,0.70579326,-37.64798258855229,-15.595538636391801,-5.339996454708366,0.7191759776779731,-0.05447942614339331,0.10202340450539726,-0.685134388416715
21800,8600,OK,814,814,,15.011667,0.410478154205573,0.048592240465685166,0.17574595614305677,0.449154942101416,0.02460554593187105,2.345177560375172,1.6570570422508681,0.29374375979767153,0.16815973549226731,1.5837014517397745,1.6947643,1.6934159,1.2707771,-35.84551848496545,-51.8708347593242,-3.5761264787384603,-0.21763789661719873,0.6830874776092574,-0.6596769915576822,0.22550279532384784
22150,8200,OK,1575,1575,,7.2277136,0.35895384830340393,0.15337297461870478,0.2465574801965515,0.461694407152703,0.04565827573371708,0.9711888722703211,3.2274343647529573,0.5703593584236804,0.26825783229676103,3.14479487681605,0.9386359,0.9267935,0.67401665,-37.93244013547988,-64.76384300998346,-3.602317630037737,0.6108365899918853,-0.3644041917928453,0.41864191851413984,-0.5646478454698016
10000,8200,OK,1499,1499,,8.326642,0.3591737217825559,0.0745619336044109,0.08266978558886617,0.3760312989782507,0.04114173610196036,1.1403856037706048,3.107632149964699,0.5415057659456441,0.2512654200586537,3.0128093311009394,1.0533037,1.0375446,0.7428751,-38.36242982960131,-63.71923329534863,-3.6696973722538444,0.5671472925435246,-0.40876757692424615,0.44529575926882686,-0.559432483319685
6050,750,OK,1773,1773,,6.9607816,0.11699089663941453,0.2642644373413796,0.7401529929270647,0.7945747388878793,0.05864296459689139,2.8998055073640114,2.415545933002962,0.6991813255839724,0.20324799351699985,2.249935139603916,1.107208,1.1701555,0.78024197,2.7532530055330655,-7.800397315071155,0.05853223128707655,0.13151716520449622,0.7097704060130176,-0.688953879882488,-0.06535868266386448
20750,1350,OK,1684,1684,,5.5531173,0.46326524738414043,0.11999705162753527,0.2739012859949033,0.5513945015167018,0.029639261646166818,1.130263674041572,2.5712907037037493,0.7442807740834372,0.26858813549816596,2.455738106169049,0.8631862,0.8747842,0.63894093,-4.681252737582414,-32.065949336810725,-0.16261503901772476,0.11701719202546737,0.7117357666782975,-0.6875741805858521,-0.0835519083745245
23400,8500,OK,814,814,,4.525403,1.550430045815764,0.18942446283644754,0.48061236401017426,1.634228624926328,0.05650538194494599,4.737118548327349,3.7595776551111526,0.73440886393638,0.34659126897328774,3.5874833889030633,0.8468701,0.8645598,0.66481405,-35.78633991593581,-51.266783759161406,-3.6039860558697994,-0.19213485196327676,0.7196288361252912,-0.6251516539524452,0.23324653574818802
3550,40300,OK,793,793,,30.023367,1.2160379207236407,0.38960207619751086,4.967276041162023,5.128778536017864,0.01840165793816674,7.641239665198549,1.852378150958194,0.3307722396966204,0.3203782957469825,1.7833478561096405,1.4189306,1.421566,1.2126957,-35.14376241564198,-0.10008133622907289,-4.886603889106705,0.7165773819399258,0.008737602218735738,0.08713792258871812,-0.6919880724741657
7000,1650,OK,1421,1421,,13.36861,0.11600609236869455,0.2817513358621145,0.6695256749690259,0.7355989791791924,0.03862797153181059,0.2967001586997365,2.5207551093784533,0.5023795753498592,0.22027650969875773,2.4616214445833102,0.8553814,0.9473958,0.6597336,-9.053195542162737,-43.05150283160273,-0.4783945570783358,0.3686025260007749,0.6383091554486358,-0.5946000877838157,-0.3211609183941535
22750,9450,OK,963,963,,9.101445,0.9855721119503764,0.2158225265588647,0.9583980359723184,1.3915669391661238,0.03127205564325319,2.880924241565295,3.385882318058361,0.733996348102681,0.32911785106155467,3.278520921206697,0.6980585,0.72133833,0.5787569,-23.636861749149233,-62.796738886926235,-1.654508381176829,0.6611346937696337,0.4624099675614857,-0.2813448537295368,-0.519541155130009
5100,41650,OK,1292,1292,,16.599316,0.7718906556777001,0.3518224416486511,1.4541871322117472,1.6835244073848152,0.05780519658467765,1.3577065849655232,1.131019382434957,0.15922350661576856,0.17560653384335012,1.0882348269568656,1.3497567,1.306093,0.9685959,-1.5107540332283964,28.522791991484336,-0.5435278259207079,0.21247698103478632,-0.6583464402546347,0.6699433846099987,-0.2694612375680273
22300,8000,OK,1348,1348,,14.802603,0.08857316425464945,0.11752084879377296,0.988125034650215,0.9990232426874655,0.02210515612735651,0.9125013399449811,1.144534998051629,0.1995649137987865,0.08856561577961553,1.073584075636338,1.0802598,1.1268976,1.0168871,-34.12116965733317,-68.7764064107938,-2.960915617362766,0.7300329372822124,-0.11316444489035228,0.2091033016766498,-0.6407195393646801
21550,8900,OK,1425,1425,,9.678358,0.5632313132445426,0.25965306431764745,0.4630317861854471,0.773981692966185,0.03193429008037837,1.198272587556069,3.4434908440256162,0.5774314235483439,0.2313463992788541,3.3359851766143636,0.88923025,1.0160795,0.7315618,-27.097997495920126,-47.37957911364961,-2.6090510356303365,0.12974513468329055,0.7322166522709472,-0.6608406319429353,-0.10156098333712363
22900,9100,OK,828,828,,4.855763,1.574800152973122,0.40525715210048596,0.19700541005789718,1.6379987828825895,0.05782181665811848,4.337263655552146,4.035944947972944,0.8589052969581139,0.30773071566484395,3.838440478255391,0.6626334,0.886759,0.59404147,-22.099411961632583,-54.77121012054893,-1.749343652110571,0.5856665137890705,0.5756028275093136,-0.39484266259574735,-0.4120380945783299
30750,27650,OK,1143,1143,,15.978877,0.27067600845072215,0.4105691073263897,0.002118626160832804,0.4917692365514676,0.03594237912392524,1.2597936639182075,6.263648316841425,2.132920874187736,0.4896108191342058,5.792465228125986,2.834617,2.40603,1.8696775,38.782091672889294,-103.3085229051555,25.586614443628843,0.14924407269243428,-0.5959191727542608,0.767168960258839,-0.18454899816965975
5350,42000,OK,1683,1683,,8.4531145,0.3229142410279512,0.17887727318692595,2.0437942320032203,2.0768643549088805,0.02079909318686852,3.8239200198210628,3.4088866406542455,0.8040793637231154,0.41595616603496977,3.188490849305512,0.714348,0.7687465,0.5993599,-1.8865845753066344,15.027594942334103,-0.9874704099784813,0.09163625239762986,0.7063443249067219,-0.6993710042378765,-0.059671520425488116
23600,8350,OK,941,941,,6.670841,0.4933308852518048,0.17708242496034027,0.029864734369300816,0.5250004285065992,0.039918421094736346,2.346907485187012,3.5338849717191327,0.7149625884350522,0.2530746872242631,3.3492898929550012,1.0407921,1.155139,0.8043001,-38.13613021281607,-57.54005293531158,-3.875960654817103,-0.39822340741903167,0.6198884217091217,-0.5502913118236272,0.3928561244857735
10350,8400,OK,1107,1107,,5.2445993,1.5368593532954007,0.06194154627593684,2.207510245629277,2.690515733372478,0.032494858273851096,7.042761126747569,3.103322417759857,0.6094928287111367,0.23805533187298888,2.941493125609071,0.9882959,0.9898567,0.7594274,-37.16067191574941,-52.55921026080287,-3.7950410316267384,-0.17333088100489635,0.6724184768415925,-0.6465227789747955,0.31594001639362956
20150,700,OK,1569,1569,,7.7124133,0.19218722864490212,0.09268610204803313,0.09584571021403482,0.23390819680699312,0.04257600772961509,1.0909630928125402,2.013035022635742,0.5425238124380312,0.14611865610711694,1.8862062144823915,1.0900227,1.1526792,0.80691147,2.3785069080051686,-8.332390291123003,0.277408497762419,0.13524502994729698,0.7163984755819222,-0.6821293483539699,-0.056405302699668404
20250,950,OK,1526,1526,,12.860098,0.24306045429599782,0.10687374454730286,0.326501325002015,0.4208366630228531,0.0323365357894446,5.137432694938766,1.3431857269966598,0.3386109219615777,0.2188685934519008,1.2687825777163724,1.8952067,1.7422588,1.3287905,1.6875163094630161,-12.542824007718194,0.22380976117189766,0.13856595632368565,0.7074774999971805,-0.6897066479515078,-0.06767423821024326
20900,1500,OK,1490,1490,,6.019763,0.05891464874032126,0.14983720703169986,0.13908442339621607,0.21275949163013577,0.04902676813522424,0.2809873544630406,1.9326101771718711,0.6236884123906905,0.1878672823711267,1.7917912571011607,0.77067506,0.82862175,0.64261687,-6.277633939320957,-38.747707489824855,-0.10619284003405396,0.17393321675639503,0.7098953852557359,-0.6804224383783276,-0.05311387250685147
30450,27300,OK,1448,1448,,9.431026,0.19607353430887076,0.13409263093021564,0.20634981569029703,0.31465204744539405,0.03938770258437559,0.5982094480915365,1.9372980063151866,0.3138046035368137,0.23696931260504128,1.8819974440556662,1.4054083,1.2709264,1.0062153,37.65048175793952,-95.6375457824151,22.962582760043468,0.03506476698823784,-0.6079014755505978,0.790103014852261,-0.0704519982742451
3150,40050,OK,1415,1415,,9.888795,1.5242777682909991,1.16953894558428,7.694259478535789,7.930502694229567,0.1046131040814725,1.938868918298501,2.1321635311300193,0.8211196412055972,0.25565462011313755,1.9174130378753311,1.3415004,1.3940802,0.76120436,-35.93413195807562,-19.975191751378425,-6.109703549260892,-0.6729436101820295,-0.04585266234846827,-0.07033848668099438,0.7349128711365461
20500,1250,OK,1626,1626,,11.363613,0.06882729618219785,0.15489935824321238,0.1919159547364222,0.25605222429477836,0.017272206230765613,6.793477878219055,0.7077797653311882,0.12743274809621763,0.11909227424801783,0.6702680130527732,1.5422097,1.3986375,1.13845,-2.0116678874566034,-21.95004770932682,0.007506053730794882,0.14162039057390674,0.6979623089344194,-0.6955092594797379,-0.09517956849332175
2800,39750,OK,1575,1575,,7.080667,0.36944137619489714,0.8665240136786913,0.09141162646923259,0.9464179215232342,0.07284891869462089,1.0088324952768093,4.712588921155834,1.3293849337564658,0.2919463017918572,4.394602364270503,1.0057347,1.5613285,0.64076555,-37.83162729979682,-27.288258419619392,-5.2290792708921305,0.7118242891723958,-0.024161353596513425,0.09113575083911118,-0.6960004922811401
20350,1000,OK,1859,1859,,7.5916452,0.09110746510477297,0.3093372439209007,0.29051208949306906,0.4340361445963057,0.045071536416042696,3.031716301455146,2.219827505334185,0.5480294256107154,0.12489993485633516,2.1203199369105885,1.3292172,1.3957795,0.8629957,-0.12006041311344195,-16.327619191158274,-0.18004439257413396,-0.14569794928250107,-0.6982869756310047,0.699029554748934,0.05025026195439674
30850,27750,OK,1302,1302,,13.271703,0.10349298136508911,0.27294116219369086,0.17342099360058805,0.3395327911010843,0.03170736657113265,0.9870921499494733,6.126452750606859,1.8609639405235114,0.583434496409046,5.517100865947803,2.2132869,2.2733834,1.5012716,39.63059057087667,-105.97658935062323,25.937749358072153,0.19276629676058907,-0.5731955022277154,0.7627336982320851,-0.22918415442681064
5250,41800,OK,1570,1570,,16.559235,0.03027060518610608,0.11285375114883298,0.1992072031753911,0.23094542317105438,0.01670838737118488,0.5412002329129166,0.6640240308526362,0.14146734957162083,0.048808453005179664,0.6474374564120442,0.95624983,0.9629422,0.82779115,-0.1927127639444367,20.809853650487216,-0.7984687291061024,0.05523517273248457,0.7134889308809215,-0.6979190234939893,-0.02813641499567451
20150,850,OK,1039,1039,,10.87643,0.2485836375896871,0.18417751154498163,0.8606891781456056,0.9146043089845908,0.02987014435102195,5.288548889589829,1.8173315174733045,0.521906349064535,0.15274985144718345,1.665091997221702,1.5303191,1.3896248,0.9444777,2.1147840562322133,-9.022052898667692,0.01592754398822749,0.10553458224849749,0.7079499644721442,-0.6963279798367092,-0.05288330785845668
3450,40200,OK,735,735,,16.311337,0.7902216835846654,0.5586433252987499,10.184475698819343,10.230350821645851,0.0350149348200256,7.94445938084008,3.364520950220465,1.186929186248127,0.2775539113470733,3.0750870321570307,1.2910626,1.4686186,0.8113068,-36.074919548232714,-9.528163398124509,-4.864954022037648,0.7194076700568934,0.033594332550500476,0.09135339399212186,-0.6877343836757899
7050,1600,OK,1022,1022,,13.79899,0.5394292124326061,0.8697722868710192,2.3401167902964897,2.554140618380681,0.13472968022230986,3.904067953480696,3.4236924609065147,0.9321003125355858,0.37981573504091726,3.1925688947761253,0.46844095,0.65504766,0.4180305,-9.197641834193139,-43.042871755183846,-1.0557941828255153,0.31743984650366325,0.6443348338038309,-0.586700553929716,-0.3739612624554641
5000,41500,OK,792,792,,24.372322,1.2271821783662982,0.42640517889088914,1.9778348771294652,2.366353371048912,0.012111819908667247,4.358745635983451,1.6915546136598785,0.2376939636298483,0.22615448809182165,1.6395707946644658,1.3989316,1.305659,1.1331697,-6.628103433622192,29.46550172939599,-1.8661573735931958,0.34548622397405154,-0.6034161627876843,0.6187581164959186,-0.36560442667063203
21050,1750,OK,1332,1332,,5.8794703,0.22516998243444603,0.15078397673588734,1.99817828777254,2.016470629182438,0.04475331382712548,3.7824483513060816,2.5917784705220264,0.6184054910132377,0.31441534454662406,2.4550422889438495,0.5796562,0.69525474,0.46846858,-11.510912879283541,-44.28259059555534,-0.8545237747406639,0.40536102721048334,0.6373408492643016,-0.570092116341689,-0.3232244705510012
23000,9150,OK,1364,1364,,7.5394907,0.5572933566342726,0.5132310507056258,0.3324561166527661,0.8273506307829425,0.06792130482602118,1.7874454544477196,3.5514012502223182,0.739474625600473,0.23135286148583223,3.3234407785261926,0.7497878,0.9259564,0.63568765,-22.481085218047347,-53.36307347064427,-2.2122851393947642,0.42807063586804406,0.657762482844161,-0.5233050912851235,-0.3320479307348294
20350,850,OK,1040,1040,,10.002037,0.624815474540638,0.26705644273070883,6.620511841352022,6.655290419081031,0.02499877306989236,2.937399457658785,1.652567788893738,0.4829483630413578,0.15436802028098096,1.4930819239864341,1.5386678,1.3707358,0.8032177,2.4806464037402094,-9.886853173519546,0.3312423419442227,0.14337052622766172,0.7035012061654197,-0.6936343896906133,-0.05832905426572113
3000,39850,OK,808,808,,30.316261,1.8072105897990576,1.8234677110328206,9.813315715834337,10.143579740293971,0.029796253631691808,4.360771439712711,5.671027150364227,1.4752733420840973,0.7987671720250971,5.422166013603338,3.3875453,2.4241014,1.9587433,-37.81292962436701,-28.773063455688757,-5.384154947281772,0.7332632620498265,-0.03149709122258452,0.10439301545875848,-0.6711445597604075
4050,40900,OK,906,906,,28.28517,0.13945854672835734,0.29347699447951825,0.41410476750385405,0.5263650738923866,0.035260355034908326,2.2211168020550893,1.1498628711085646,0.20015759202017297,0.25844823263300143,1.0880596432479859,1.2055557,1.1849792,0.94910634,-34.07683523479093,26.732474051718228,-5.54172857267747,-0.7021469068993464,-0.01612312108708091,-0.11449705353089713,0.7025810919963863
3150,40100,OK,1875,1875,,7.0654545,0.7109980411050776,0.22904580295909735,0.2388475393822197,0.7842374266619621,0.07225496437043866,1.3581114143608837,2.0445218845189395,0.6583673577339266,0.2797136135964644,1.8308260935771479,1.3399733,1.4838077,0.80699307,-36.638974255001585,-12.5988828572293,-4.7337963931668385,0.7062794254410284,0.0029512053866834645,0.052949423879187066,-0.7059440644245963
10250,8350,OK,1065,1065,,7.3660707,2.2587950065405247,0.5791814474172433,1.7566379570466741,2.919483334897093,0.0697101813316734,5.440151347390539,3.8784761120520836,0.7527026397303938,0.26341771655379886,3.6069931921522986,1.1112118,1.2381184,0.81313914,-38.42582768957113,-56.09176082724964,-4.495326513930221,-0.35170209498798516,0.5965651737331769,-0.5904500009048441,0.41446884840870285
22300,9850,OK,1577,1577,,4.5880704,0.7910394803189313,0.05588501256532458,0.4633618778153079,0.9184611172309908,0.03844251498208977,1.8885031402474928,2.668312194434375,0.5768622046834809,0.3526409678559175,2.4736118926962094,0.6741017,0.6227102,0.53392607,-35.02867274781442,-68.96507119411814,-2.844249612520722,0.7344392946841192,-0.12050835643001097,0.21175855464237633,-0.633431111479538
23400,8550,OK,786,786,,5.6362176,0.9304140045899723,0.4304344736123401,0.19193106843251018,1.042967684562051,0.07921185369049111,3.114840700231511,5.037698404358409,0.9139768353633935,0.2336542804716748,4.83176043493477,1.4617918,1.6468223,0.93876964,-35.45693345388131,-50.73153444901694,-3.9084537545175255,-0.18378929332494334,0.7179117375301325,-0.6390597915536138,0.20597770654863537
10400,8750,OK,849,849,,23.126434,3.291639029640526,1.1127504049048824,3.3493615814039783,4.8261085740018075,0.15304416935320733,5.0216631010712165,10.287424150562858,1.2970754754129845,0.7578102393110018,9.713594279855492,2.5014355,2.9435441,2.2000453,-32.00555693688594,-48.89495382012192,-3.7239385206199147,0.137830107378921,-0.6519054474922287,0.7057005715115534,-0.2408502696659048
23650,8350,OK,802,802,,9.054063,0.10514523377784027,0.338618962539905,0.05215322561154867,0.35838286917692835,0.034333844869154216,1.346552174250935,3.4592867060676986,0.6826430252234528,0.22329546865095884,3.297338520294326,1.109482,1.2156626,0.80919427,-38.25860291878241,-59.06823620444086,-4.086198920130691,0.4731456289679934,-0.5412189851578698,0.5431270296030645,-0.4338528017746564
10100,8400,OK,1326,1326,,6.9191284,0.6171609958034088,0.045873843825014304,0.18875569697516426,0.647009132415391,0.04931750069452461,2.7754739581004744,2.904418428210138,0.5798360642404172,0.21953350199177957,2.8086669251809697,0.9646487,0.95816845,0.672264,-39.04983923595188,-58.82720865776865,-4.048480713466425,0.5604585275591955,-0.4300718162010844,0.4567745731987734,-0.5406306142596419
20300,850,OK,1309,1309,,8.782258,0.13696367638930368,0.11713876121627001,0.9413430838072357,0.9584400552257156,0.033728788966520346,0.8750045396254258,1.7097472457620668,0.48412443698023455,0.15398461919702178,1.5529533554695636,1.5769192,1.4816713,0.8569691,0.8423872439209509,-13.144657392858837,0.2469523618581349,0.13977371159355031,0.7070057318662335,-0.6884953411960208,-0.08111947859194882
22550,9400,OK,1108,1108,,14.053635,4.185907566583536,0.22451590915264757,1.1618658933999195,4.349961138181573,0.06906839546523834,6.487201384182532,5.194839861496793,1.2331439799352624,0.3612476419632935,4.8986923384087095,0.84985983,0.9912727,0.65071476,-22.055193658098663,-65.80495100531384,-1.1251889173098288,0.6877850270573986,0.3683524445668536,-0.2268422598857921,-0.5829329483458482
2900,39700,OK,722,722,,36.286064,2.067151074648973,0.997087488958301,8.490288379701875,8.795015281201067,0.026144090313085937,6.713058968992499,4.174166949558823,1.0032127836507159,0.5682982067242328,3.952700874290701,2.4157717,1.8589801,1.6071892,-37.56001883739663,-31.766873839966888,-4.498992353852586,0.7306969224933942,-0.02012067885450298,0.11977202597018967,-0.6718123454775989
6150,650,OK,808,808,,26.855516,0.6980576228921525,0.6923416969352012,6.34358132882773,6.419318152704752,0.06428333536142537,5.190963590575137,2.5814425017578366,0.5963255256110466,0.3322025612304764,2.437348747668568,1.8041663,1.5361912,1.2499765,4.1998366570223045,-5.289739809345597,0.2029501548880264,0.17138736282132802,0.7165467117206058,-0.6689601506180531,-0.09838444324490025
23500,9450,OK,853,853,,5.8611374,0.9032133049936698,2.8695087281865312,17.228635009255562,17.489303556677225,3.128163503969905,17.405296970891413,3.486136727048116,0.7427349205962575,0.29784692624767406,3.3628436857220425,0.78580105,0.8463708,0.6782253,-23.644592759423325,-64.67295535075965,-1.8316906409536486,0.6845911881494324,0.39112927966837685,-0.271990817599904,-0.5517008127922061
22700,9500,OK,1085,1085,,21.265451,0.23418354973244826,0.19594122109854056,0.2303072070263812,0.3824608564273861,0.026826785163823988,2.691409586610857,0.9580911421998053,0.21015815291525675,0.10982125222113376,0.8936636074231696,1.1277303,1.0915048,0.90454465,-25.21308136375467,-63.143542560489244,-1.9450753940147518,0.6545760351520037,0.41465002605601375,-0.28211331801602624,-0.5656921829886095
14600,28650,OK,741,741,,18.278627,6.141229449486682,0.8047837133139166,2.3195136050452922,6.613812768777782,0.047043612202446405,11.94048404976306,6.967209044918839,1.7864225165947942,0.7311658086881914,6.333136634460007,1.2763939,1.1917691,0.9547186,54.2247452960962,-73.68245424090934,27.32724174518415,-0.529945625961963,0.3383018997188469,-0.476695283725922,0.614386738662111
21700,8750,OK,946,946,,23.041687,0.49853946873849875,0.3554364694616932,2.440451156525561,2.5160839678159403,0.045428046368349635,3.037819617453066,8.072087482804081,1.234265742328479,0.6338632936296436,7.708610226819829,1.7659192,2.1492956,1.6518817,-33.19645594360192,-51.59268708925725,-3.55208260714844,-0.06363215799751874,0.7029098649789802,-0.6938238191760068,0.143098491004729
20250,850,OK,1527,1527,,7.141084,0.3139608260781768,0.11600208565076253,0.13576969052379106,0.3611942594393549,0.0410617615754976,1.2962484406148826,1.839794639446695,0.47285881267889707,0.1519964150661508,1.7198369127332764,1.4771614,1.3872391,0.8646259,1.0877028000577806,-11.886437657606809,0.169049868170551,0.11924087567133787,0.7038300255281806,-0.699010940484439,-0.04229200654016523
2900,40000,OK,1579,1579,,13.397711,0.9866763388558295,0.05455232019536288,0.9497119666922131,1.3705688501403468,0.08490522095923356,7.034926434915069,4.1908612731193555,1.202148956132137,0.5402658319138616,3.958526137301095,2.6100922,1.8565755,1.508269,-39.89060351162829,-23.486347469938693,-4.619624901541104,0.7289103796375238,-0.03816709035031863,0.14552377738758884,-0.6678740613960981
4850,41500,OK,1636,1636,,15.869822,0.061715829961377366,0.10557675702669364,0.5597536033197734,0.572956710163661,0.019033652387725298,3.0033710716526203,1.4042521479940935,0.19762541307516623,0.14739735559560313,1.359374706368139,1.3015656,1.2430605,1.1181206,-9.095236798991799,32.302423121549666,-2.195860884144699,0.3835902907747692,-0.5718474021878757,0.6127559324924882,-0.38778757668286284
6000,900,OK,1290,1290,,12.338066,0.6148625524455659,0.11022265787083596,3.379386780000476,3.4366349822973596,0.055231158218377686,10.445346235500935,4.858779939834096,1.226381885239322,0.431138442755014,4.49154154843159,1.703721,1.5987781,1.0719125,1.6520968483575333,-8.082420049334335,-0.08337998831503458,0.11494137839640883,0.7057819237392922,-0.6956320062186478,-0.06896714855216658
22650,9350,OK,1200,1200,,22.526127,1.735574307187055,0.12192970831581285,0.8255713258289402,1.9257863442159828,0.03482694338790392,5.118518817771056,1.39113529787114,0.3346773944206076,0.15861391496259197,1.2523007979633345,1.4277805,1.4534386,1.151959,-23.400588740134083,-63.76767189682117,-1.4079679451640246,0.6545693365363792,0.427581285683379,-0.29978865229466783,-0.5466625940697055
3750,40750,OK,1676,1676,,19.263641,0.201590038525304,0.1817068110347808,0.29414544277512356,0.4002217514259271,0.01402492684986873,4.740184200142541,2.014455350891019,0.3857608406805346,0.28784552708253397,1.9328562337255315,1.3689147,1.2589874,1.0719655,-35.52631291017067,13.282503062920602,-5.195686162312104,0.7372579079629079,0.03570522235491961,0.09534764593626731,-0.6678957558310685
10150,8450,OK,1509,1509,,8.840909,0.7728447371497829,0.5141344572641673,1.796810338105481,2.0224120794262403,0.048158675820069774,2.588222856638771,2.5470005569898673,0.27474815639766403,0.2023776133701849,2.4668520487526076,1.3333297,1.0665747,0.87018275,-41.20569886357342,-56.6207502662819,-3.436643237140449,0.5372541518166611,-0.47673524151137986,0.49463690666765425,-0.48930135542332287
30700,27500,OK,1166,1166,,14.128529,0.4787440534898508,0.09518454998824914,0.9252720962745591,1.0461282997093022,0.01949682971075644,1.2861289985835802,2.543039595352803,0.4308214632204148,0.3193965930536389,2.4418671226240427,2.5158756,2.394226,1.6630185,37.19263005590004,-101.31026964527446,24.61438614008949,0.13996077209658345,-0.6055008615833756,0.7672389980776448,-0.1585055479304425
20950,1550,OK,1672,1672,,10.332797,0.04373459474895124,0.039408650615668964,0.21099714812574005,0.21905604999268646,0.023653536008881572,0.2971351226775712,0.645879608993158,0.20909196860549184,0.14221077334637217,0.5710898711494261,1.3095382,1.2397858,0.9411063,-6.832802148645902,-40.4526042489341,-0.004749610134071531,0.245968345426426,0.7192926217080832,-0.6309779074437025,-0.15486955066269464
30500,27350,OK,1511,1511,,9.037969,0.035081181527247984,0.02353285840430496,0.2970071730427945,0.2999962425779651,0.0355869315800809,0.4014424461536193,1.9015924232740051,0.2687890990949207,0.17640214987188618,1.8279431560975694,1.7482104,1.5973436,1.2453487,37.564856265935404,-97.2851715561222,23.23124980704969,0.03206032541248566,-0.6156901951490379,0.7828670514878426,-0.08376693158112465
22400,9850,OK,848,848,,3.6223583,1.812169607903721,0.20922773209708895,1.1093440516044994,2.135036101923971,0.022588307039268948,5.527411625240195,2.8437167385267594,0.5895885631802056,0.3867918227885404,2.652809253759442,0.68638796,0.6236636,0.56538403,-32.698940898658094,-69.74950118571277,-2.4282647690111885,0.7611259442720609,0.07869696688477028,0.050815499615875094,-0.6418036065323177
21650,8900,OK,913,913,,19.333101,2.473611342996607,0.1596302031828925,0.6798609242082307,2.5703007128028736,0.04175471456657853,5.184047333312605,3.357377135329222,0.5219861169353069,0.22731745737370157,3.147711638828613,1.0500095,1.1454555,0.76578134,-29.276295314262093,-47.37342309658038,-2.8696353048621157,-0.009649614702369306,0.7266483694235042,-0.686267892577625,0.030420581311405206
21400,8950,OK,1195,1195,,8.759271,1.166651917218204,0.28254324763956223,0.7206344168655028,1.4000790497349445,0.07762636202674253,3.20635003767767,2.7665461083595106,0.7095043745402073,0.23210737880631677,2.6018615139951216,0.93793434,1.0068533,0.6835855,-23.183677767304182,-48.24923209070753,-2.118242950517196,0.32758283581568776,0.6699667743727579,-0.6208092322092944,-0.24172278361631697
22750,9250,OK,826,826,,10.518616,1.2587259195237275,0.3459033116814233,0.861329894590465,1.5639466834992333,0.05781750290013163,5.314399612428555,6.129640038335598,1.5148130031321316,0.422877637354509,5.6132887501231625,1.0147749,1.1970036,0.8658346,-23.00829478665834,-60.61435828469489,-1.5826016211810088,0.6759887130799099,0.4465903960746622,-0.2784382580672817,-0.515818198948914
23800,8100,OK,956,956,,7.1660113,0.4393156703391594,0.5400925550133351,1.2054965642591384,1.3920920201721452,0.11391805580668247,2.710425494166573,3.3090706715626257,0.6620721195056674,0.2658137501253933,3.1964618406827032,1.3862295,1.4480559,0.99738914,-36.11715779902672,-65.49424589973954,-3.607968573442203,0.44163264588289164,-0.5102480783093291,0.5303262685194408,-0.5131876397482302
7950,9850,OK,780,780,,6.8116264,1.9852106896448363,0.16909579570139993,0.10378467210050923,1.9951005309424952,0.03975505353929669,4.133785355927572,2.5462903343442074,0.4799277188340505,0.24068153908303375,2.4219492878150852,0.92316085,0.82951576,0.67784125,-33.8515746816343,-69.2627601063847,-2.673276027299701,0.7196742515009756,-0.031973241491651934,0.12918075601580875,-0.681438930374697
23200,8850,OK,1004,1004,,6.070673,0.10239594829925353,0.27946820456663984,1.0966484740755753,1.136320942024784,0.0371477793560135,1.5962260199450793,4.34988327218627,0.8652608175815706,0.4016777222615574,4.057097844351976,0.8178955,0.814081,0.6682119,-27.952915844526228,-47.024850179259346,-2.617052771849563,0.10070138501936801,0.763689762629587,-0.6366740595328394,-0.035823448018310465
22000,8200,OK,1126,1126,,5.758116,1.611685587545126,0.15727661547788807,0.56287634725338,1.7143792314345636,0.07001302596437789,5.144593747832777,3.3226034645712046,0.571296974534127,0.28549428115356656,3.22602945297972,0.9374039,0.9262619,0.6945924,-38.26504694921729,-61.02343996813518,-3.6745581162963394,-0.4507410930887487,0.555165247521325,-0.5437370095372723,0.43928815076804684
23250,8850,OK,809,809,,5.7212653,1.0686071643328816,0.2321703778767442,1.1280128424737244,1.5710624840574114,0.04209843305012508,2.0558767113294176,4.388813102737409,0.9253603629109213,0.39883872907692386,4.095076893505866,0.8141531,0.8220531,0.6632045,-28.82490987923888,-46.610752686482165,-2.686226418506818,0.017711481589717363,0.7745033800567245,-0.6316236256384605,0.029705441183928556
6900,1450,OK,764,764,,8.267348,1.0419673559064737,0.5696633619077935,7.919636343368754,8.008174082016577,0.017737294693142447,4.448108393633175,2.209104158005177,0.5449117360983641,0.24831996184321853,2.0713083601452222,0.8536935,0.80086756,0.58307666,-3.729269275907968,-33.443367891555326,-0.023693298862791645,0.21650982159417573,0.6985832788551318,-0.6632827253649496,-0.15862195904009085
2500,39400,OK,1039,1039,,15.850002,0.5979694108036743,0.008022284010826525,0.5342955342202385,0.8019373361961231,0.051163186873435594,2.949877500769257,3.0604977241449944,0.764864310473186,0.42010354766512537,2.9187075331992247,1.9864357,1.6611608,1.4880602,-39.070349993983925,-40.740882699765365,-4.312977966256414,0.7376463790161887,0.07685118233134171,0.0265736681262237,-0.6702727470671155
6800,1500,OK,1826,1826,,5.386948,0.11097725757504268,0.11107784552787853,0.6679502445624642,0.6861572477771027,0.0498294777744552,1.4841024646283627,2.0541104004265276,0.6476334708082137,0.19964836771044248,1.9120440333493738,0.7254116,0.7821981,0.64065933,-5.681516255051554,-37.727768918408714,-0.07602327051571411,0.14618005795592331,0.7163249131142331,-0.6780365317295832,-0.07600309959473414
3850,40750,OK,1712,1712,,14.781157,0.01868122046859577,0.04331105153257425,0.2565766044482355,0.2608761950298261,0.017108864726623933,1.0291511225634729,1.9021834611726633,0.35039126604173754,0.24301436701344176,1.8366241704990012,1.337431,1.2453574,1.076197,-34.93995767451196,18.068166430580657,-5.184406257846019,0.733609465305663,0.037650034401208246,0.07412844578190607,-0.6744661598994319
23000,9050,OK,1098,1098,,8.887041,0.5260943815205754,0.3080166982720948,0.06693569509851316,0.6132943599612511,0.029665912973681895,2.412726701054938,3.7250575923553773,0.45053067668047286,0.20023608125356773,3.6157941317659166,1.1686829,1.239423,0.9141918,-22.64682710706586,-52.260759875037465,-1.9499753295184334,0.43491466250177413,0.6668591935079375,-0.5176113405662522,-0.31341115565997035
7050,1700,OK,1366,1366,,18.477287,0.1921906475399771,0.062437598003347666,0.5161904181043472,0.5543358606377582,0.02026056576586392,0.16057737165327954,4.217338097210919,0.9053077261522009,0.44432632122380156,3.7950084459786435,1.6090697,1.578242,1.2931678,-10.75845059236396,-43.94379994455911,-0.5696709524717086,0.34879924403770135,0.6680121005833956,-0.5763499008334879,-0.31610079506720035
22450,9700,OK,1412,1412,,5.8983784,0.7777434119837568,0.14769964750874623,0.7310222862225167,1.077540525322523,0.05209664831455384,1.7002743480368419,4.376961998378096,1.0685970464762966,0.36779775186447566,4.2166676480945195,0.64643294,0.7149071,0.53372514,-29.849964161377887,-70.13576720067113,-2.371769108642111,0.7469071609420758,0.16300674275522578,-0.029133415555957037,-0.6439796105839252
4800,41500,OK,1836,1836,,17.203758,0.17662816365170597,0.17718556309505368,0.5506590332587189,0.6048285731293719,0.022755961378773653,4.800353663501272,1.5767610006987929,0.2491277056044779,0.22324197606237584,1.509283386058177,1.3648655,1.2893573,1.1276119,-10.814250223452554,33.46871905880988,-2.519657533190256,0.35665578255405606,-0.5803756073305838,0.6177050465110622,-0.39293928627865204
10100,8500,OK,936,936,,9.63344,3.496719111126439,0.18787696516912444,0.16311722474990775,3.505559801967176,0.039896638877203065,6.583773982369268,3.4647124074040265,0.6405314412153258,0.27807616955365777,3.316724586633647,1.0646166,1.0687939,0.7109792,-39.660780615384546,-56.01465058035866,-4.3552456472737315,0.5508011692361662,-0.4334280688869666,0.47945197970572273,-0.5280946697565225
22900,9350,OK,888,888,,10.67193,0.2663007629997374,0.2705375412170774,0.29855756550558854,0.48295266590282726,0.029195059199466578,4.466916132833868,1.5820365818471653,0.3717928830191537,0.13952308268720787,1.454637417025742,1.4991953,1.5199018,1.1457794,-21.722572442900468,-56.09264566610531,-1.6634061079390088,0.5554274685825702,0.5948045044995042,-0.39621447286569883,-0.42511412592716064
22800,9500,OK,789,789,,16.816294,0.37921729203707955,0.0017508080617067434,0.609341062173014,0.7177084017614267,0.017431485074717916,5.903968458243294,0.9237603014031517,0.17121427735331401,0.0867197192888689,0.8658412113695588,1.1170461,1.0986124,0.9100327,-22.606103711314166,-60.51704430404704,-1.3585385653749515,0.6434531658623999,0.49638602294018236,-0.30457845578678644,-0.4967906036166751
3850,40650,OK,1039,1039,,17.115232,0.9328339738393303,0.23630180911957743,4.633351126596946,4.7322257374389105,0.048009089925285936,4.301695466826973,2.2782856367610953,0.6909971497225915,0.2228421761672491,2.136413011654078,0.85383564,0.94586957,0.6438179,-34.235344679440175,13.153304992679736,-4.909251065552576,0.721562044974979,0.06039810633944281,0.08107954490580069,-0.6849280191377808
5050,41600,OK,1297,1297,,16.16623,0.2257256547606844,0.07333190012364867,0.19483347160518538,0.3070663127902718,0.028914477578791512,1.7521992282972134,1.064940234307331,0.43533465679227445,0.08779662902131469,0.923914891880532,1.0180249,1.0919287,0.8934188,-2.625543515389242,28.03487913200204,-1.1843870318138416,0.33921171445666715,-0.6044344659390842,0.6448358335748078,-0.32215079838203936
22350,9750,OK,1668,1668,,4.3316836,0.07652054274414835,0.04449344242402998,1.131626814533185,1.1350833922012615,0.022922964404501554,1.1952964971839175,4.239647818919313,0.9085100966928885,0.4128093046166964,4.094807075220138,0.4060446,0.3940928,0.38600704,-32.38111442738985,-69.46968261899715,-2.6149153952538784,0.7677057036614464,-0.04147127680046018,0.1555548498511828,-0.6202505739247639
21800,8700,OK,745,745,,10.885274,2.65244093196484,0.13569918474325404,1.0517859576944353,2.8565907769762355,0.03718279890270587,5.465883807771941,4.410713688721479,0.6472880610311342,0.41188180969529176,4.2082375318688605,0.8870183,1.0144776,0.8157838,-34.71206295882684,-49.542765466881484,-3.533570497200758,-0.23389512533490167,0.6673787914709625,-0.663376880190621,0.24460117307136262
3250,40200,OK,1115,1115,,8.515062,0.18442273770556628,0.30911397232211907,0.023638023075967296,0.3607242024074845,0.06816052423748327,1.5095416578909089,3.473176509099233,1.1573140178258554,0.259634658850844,3.209423481227382,1.4638277,1.6952074,0.8115203,-36.758984049439576,-7.956779397826059,-4.933409260309089,0.7600978822587664,-0.04452532490585238,0.12308616523582691,-0.6364891992448148
2600,39450,OK,778,778,,13.663999,1.0299665702382959,1.7616045066119546,8.932832440695904,9.162945868391516,0.10547271346319768,4.817815414759148,3.454329710964142,0.9867168581776404,0.24382970917281305,3.295707933083281,0.8085557,1.0383111,0.53760237,-37.8082696780316,-45.050300964596076,-5.336992423132466,0.7146085600583613,0.0534738897475632,0.0631155194231451,-0.6946161387518487
22250,8200,OK,1211,1211,,5.9475245,1.8465979870846776,0.09760038582037614,0.8880132822139107,2.0513453026260087,0.023517207839995953,4.875097663803041,3.3379367249823995,0.5832973635603611,0.2912792932092445,3.2171641314455073,0.88665414,0.8777083,0.6696017,-36.9546015832554,-66.75380129162589,-3.3904112142098763,0.707139198926301,-0.1934683309200255,0.26790196574961744,-0.6251021476689869
10550,8650,OK,729,729,,13.159969,3.6900212580177136,0.120509585465203,1.5995047679843524,4.02357986718498,0.04835209325201902,4.581381432065239,5.376953662413335,1.0762595378658797,0.5198710655091153,5.128500227774543,2.1882915,1.8734117,1.3336241,-35.17757815135613,-47.23661289122537,-3.658068471315621,0.25567745492032967,-0.5936262540359556,0.6555114681045616,-0.3905657751878731
20800,1350,OK,981,981,,5.672507,0.28520007693756366,0.18212643276187176,0.8298235030923335,0.8961674886315554,0.032041548255113995,2.2803908695011526,2.3191249724759,0.6825088643222239,0.23702456485283607,2.191835973058696,0.9444886,0.96061623,0.6671537,-5.164413256055906,-33.55819988711433,-0.07143030579396048,0.06569975037207561,0.7403502495619069,-0.6689139726359875,-0.010915492980634219
39050,9700,OK,841,841,,15.82259,6.2460475902651815,0.24298542333886453,10.89298949231269,12.559035492244114,0.05611135532282677,14.530964851574062,4.0756776402271555,0.9936587393097839,0.3206370367161304,3.836002870938933,0.9337853,0.9685277,0.70083505,-32.96422768903375,-68.88549152890899,-2.965625746818066,-0.6929155708333187,-0.03484870184229776,-0.03483883806112773,0.7193329097429043
22700,9300,OK,1054,1054,,13.894141,1.8520192543817653,0.5169163269127808,1.264146445142076,2.3011397268299767,0.05226592623961161,5.430286132405486,5.341829591446594,1.2546696037615557,0.32934408961676365,4.937614556533905,0.9659548,1.1102897,0.75075597,-23.034450259484966,-62.013721700067144,-1.7999772760056674,0.6522426562567528,0.40522634703058863,-0.2827846027003985,-0.5748077883144573
39000,9700,OK,793,793,,17.040462,6.340663667147403,0.4788844610742587,8.181140447437011,10.361679646062765,0.06820765639340626,12.809731975287164,4.183212610117817,1.0254276975407701,0.3195061100058763,3.928596111082775,0.84452623,0.9060767,0.6662314,-33.02058332317129,-68.6203416367623,-3.112461135020159,-0.6935301176308973,-0.0434311173875188,-0.05555716809452033,0.7169680014161459
22350,9650,OK,787,787,,6.296277,0.15534630825751083,0.08515591486076496,0.851306439579044,0.8695439375866867,0.030598915706751,4.501543465556044,1.1506304990636838,0.18662663121982442,0.10067839238206538,1.1173092337244568,1.1591434,1.1552316,0.9280205,-32.67788218155508,-69.60248445250825,-2.6830633726606186,0.766184010136224,-0.044882996817387,0.1561426264836218,-0.6217451724002859
22650,9250,OK,784,784,,14.55953,9.236487999266727,1.057846662216202,0.6481695773416768,9.319435279154607,0.36548856437037147,8.545719598370122,6.445975253786195,1.5609330716672054,0.4445263181680445,5.918837112984968,1.0480201,1.23471,0.8529799,-19.97146078806695,-56.73479886312268,-1.8057419253524785,0.5684769644015554,0.519098522402676,-0.3968266857721667,-0.4998992362899043
22100,9850,OK,957,957,,4.359855,2.0278648774660057,0.038820657107903334,0.4881323040440846,2.086148640660558,0.036775455317436465,5.822741650069355,2.8599312308498277,0.5943856392766853,0.3620199350725377,2.683275855909797,0.7586787,0.682437,0.586113,-37.59669504586812,-65.0768737306403,-3.2217579079027643,0.5978427326795754,-0.41379856224148454,0.4753610856361543,-0.4953651735153723
7900,9750,OK,1193,1193,,4.4100237,1.3447996047524902,0.06864754472971861,0.6207703099426237,1.4827522517420548,0.032335478646111145,2.2401990121162942,4.223711038551126,0.8472859332175449,0.37695518002435824,4.078674873678278,0.55557966,0.5397849,0.48130447,-31.381533224262384,-69.15653327264388,-2.530348230824319,0.7310764008554178,0.08837765598537925,0.02744326208987103,-0.6759907938727311
3100,40000,OK,1278,1278,,16.716614,1.2591793624993526,0.19976181751496308,5.709031716521401,5.84965645067541,0.05629895220499384,2.129907546514576,3.55309168048278,0.94434984124947,0.45949572020724316,3.3687537606179774,2.424942,1.8563051,1.427617,-37.274044831796004,-20.134455113869397,-3.7083138636323225,0.740774683727178,-0.04927072715070953,0.08211088795596028,-0.6648932737470153
22500,9700,OK,1134,1134,,5.0625424,1.6276472906195831,0.05474800901968252,0.3418706992460736,1.6640638876425051,0.05472513786236664,3.095792524866236,4.443232461179106,1.093206288070324,0.36583194045534845,4.280182619838802,0.6926424,0.77134216,0.5572602,-28.79524106600325,-70.15049925428539,-2.0960423545930174,0.7151595319804144,0.2783926857767279,-0.11961241884108538,-0.6298708007064303
30650,27450,OK,1215,1215,,13.03694,1.155859128717169,0.30335788342077535,0.818157904763944,1.4482467635040903,0.07304293152635807,1.0768791767520853,2.9016677007834675,0.6499977165797002,0.31692537084155425,2.7738958112049614,2.4102707,2.264222,1.5096457,36.35377476337592,-100.24416732567794,24.570375160711812,0.12875439600257257,-0.603279910550256,0.7652553914243212,-0.18401043702055828
10000,8300,OK,1087,1087,,11.917798,0.012726369052172615,0.19426914844919618,2.8744199855486996,2.881005504304047,0.03769170954739002,2.87927796655057,1.2306660511732714,0.19338694685795654,0.17378244445312863,1.1715733246060938,1.4056041,1.3302071,0.8852534,-41.08486510308545,-64.21741103469304,-3.5823828046707584,0.578325585360945,-0.39512180596865754,0.4301464605628621,-0.5695544734529165
22900,9400,OK,765,765,,9.247921,2.669849713339186,0.17976406130806588,0.5309920697897982,2.7280698648925688,0.05540322586912949,6.238900555309736,4.984371407271957,1.171137272931202,0.35012195513262157,4.745987123979511,0.8935281,1.0240184,0.6740653,-21.46097930032324,-59.02222480624636,-1.6083822350808548,0.5478724091727848,0.5923105013469415,-0.3899177021311824,-0.4438110846138051
4000,40900,OK,1029,1029,,22.761644,0.11733900167777045,0.09020693504835378,0.16051090316360972,0.21833342043753043,0.032119138238838496,2.0578077075593315,1.0579742896286508,0.15825214220335831,0.1740717223610248,1.0188270935101253,1.1672211,1.1634346,0.9238549,-34.53239707318358,24.06630159229096,-5.335451431592931,0.717756985685519,0.031997288123489405,0.09848217467734677,-0.6885509017663114
30200,27000,OK,1333,1333,,5.942974,0.051073521994755566,0.09030891492183231,0.6133352090628797,0.6220484574689611,0.033438066853381306,1.0288604112364301,0.8561888258606067,0.1413829859597907,0.05739168899949526,0.8311320584524422,1.0549397,0.9617524,0.8055624,37.67375530085225,-89.80291546768089,20.947959686453935,-0.023565552200361512,-0.673371441268039,0.7389142664639704,-0.004612336729752781
3650,40500,OK,1220,1220,,14.630409,1.2326788727283515,0.4873308513508687,4.3305866303916885,4.528903744315664,0.07056151490834463,2.8106159621853095,2.943771144882998,0.9340023988663684,0.24654480932090772,2.7312935763642248,0.89594954,1.1127689,0.69884,-34.437318633176126,4.879247360314567,-4.985229613319046,0.7091649905013709,0.07035635162818281,0.0828434270912814,-0.6966146471475702
7950,9750,OK,1477,1477,,8.827368,0.20961273494786486,0.0112591708074792,0.6250918903514932,0.6593967993270812,0.025723048898335914,0.3796024058118391,4.10454599916482,0.8505088124338549,0.3706930800559859,3.954400547640285,0.59203696,0.56663764,0.49487862,-31.919618253875157,-68.85133408314076,-2.6431931646638316,0.7180557720896231,-0.02938967755662791,0.12190068426395083,-0.6845965075852151
10500,8600,OK,925,925,,19.266882,3.3468197552594288,0.043437949271386445,3.384419418883122,4.75997732479314,0.05799600364095274,4.860894019702433,5.4957398165478235,1.2422093145380069,0.6821450699963829,5.17448315625155,3.7590322,2.5493326,1.9133923,-38.33852207744374,-46.457339504622425,-3.847108866399843,0.27439265548829295,-0.5866844876025754,0.6699317119147781,-0.3629069908275687
22800,9250,OK,863,863,,9.848755,0.8751402234801144,0.42108418778505974,0.48636507368419046,1.0861552784271944,0.03886509579947018,3.426302016588969,5.816753522300578,1.494343064159811,0.41298506587007905,5.267417805926294,0.96587545,1.1159364,0.7831717,-22.30612218770639,-59.24341075243714,-1.7028980208039157,0.6488032374691863,0.48161126374893765,-0.3136206629399894,-0.4987454555750211
4150,40850,OK,765,765,,17.932962,1.0439259815305677,0.11243669708519018,4.091001660760656,4.223590658919544,0.05741828571985223,7.928672619148085,2.615088914481825,0.6953299363765948,0.21081754616091497,2.4715371449537002,0.8278588,0.97753763,0.70526487,-33.27966042773385,26.331109392513497,-4.977167484237546,-0.698650011198069,0.018066090572027956,-0.11951146878337306,0.7051799678476566
5250,41750,OK,824,824,,14.479145,0.034600412618714244,0.0017428023021600555,1.3460289574190365,1.346474723165581,0.03195832304258201,2.6340374993724236,1.5608761850936643,0.3873866125230776,0.1714502040201546,1.4799814446798507,0.8227578,0.8226697,0.6199679,-0.059063889505519156,22.339673455114124,-0.6673676930419877,0.06477363227233701,0.7109653438054264,-0.6993498283477305,-0.03524874550788357
3400,40250,OK,1044,1044,,14.139103,2.853103575803045,8.686687654605729,6.356758297729199,11.135848350201645,0.5507953810934633,3.6148548277418677,4.074195166200294,1.273020618657525,0.215897826486819,3.8641218829536097,0.85201544,1.1847558,0.61122674,-30.96461344801246,-3.524870947034633,-12.537667147992536,-0.5136976137627419,-0.14784841252467762,-0.0704794049766769,0.8421925326209745
22400,9600,OK,865,865,,5.183586,1.9149493687351113,0.04635988326026042,0.816666222102872,2.0823361981002693,0.017365352277089702,4.734898004669171,3.3261347750349186,0.7165118277573079,0.328181597904036,3.222814940633703,0.69989395,0.7478182,0.6123911,-29.01365362254733,-69.91524218062652,-2.043472749371385,0.7542050416749813,0.06699315879466529,0.05788986402150409,-0.6506423252681339
22100,8250,OK,1517,1517,,7.2315288,0.24409658393600608,0.16342907587591277,0.3251373399805251,0.43818545729005437,0.019465286674271567,0.8926372659571383,3.40560517264525,0.6593926553938234,0.27572298464632305,3.261752194103929,0.8483447,0.89952636,0.6650635,-38.271431999273304,-62.96857844779155,-3.814251498426101,0.5870202457194157,-0.3996784466397545,0.4794131125084744,-0.5155845594682669
6350,900,OK,931,931,,10.155771,0.30885035946183803,0.21307970685928296,2.729525055761387,2.755194827238928,0.02468224963648946,4.168267475391575,5.167989530375499,1.1110697511248135,0.38815399252019356,4.849580512817258,1.504317,1.5257436,0.8622876,-0.16782258855286564,-16.328236503475626,0.1495061767335292,0.1041077911519324,0.7193620897095566,-0.6850349552212449,-0.04905977818123633
21600,8950,OK,796,796,,10.948305,3.5494041248132477,0.21462725482294998,2.0714526330857588,4.1152461057477545,0.06180775806712486,4.832858776729142,2.8396453616868973,0.6348084566890487,0.24710315555845885,2.608462105888269,0.8961695,0.9669611,0.6294114,-25.92272324018138,-46.15534623130782,-2.684415121265089,0.06398125079676327,0.7343223692066583,-0.672026345119668,-0.07111715049341587
7050,1750,OK,1612,1612,,6.61215,0.05449130687401921,0.19677631268194845,1.1454952522621211,1.163550425513481,0.029776318197311982,2.1074699732605082,2.4889410604586844,0.5952700950228123,0.300079751780227,2.3748395690686954,0.57008404,0.6929107,0.48359805,-12.184496481665338,-44.76194467826814,-0.9352789764377327,0.3439970134627451,0.6563416080727524,-0.5889438663820571,-0.32253196817081414
2950,39950,OK,1569,1569,,5.878818,0.6094949810432629,0.41460060566129986,0.945942715450653,1.1992436845970045,0.054324931563458634,2.8358336097882977,2.6228618679381914,0.8687476342591764,0.16295785411446406,2.4852722087449255,1.1889805,1.4118034,0.6714999,-37.34848837117484,-20.002147679456353,-4.948382572175397,0.7318208811716046,-0.031792632312647645,0.08875646314021984,-0.6749442322612202
3300,40250,OK,1155,1155,,6.766281,0.4732102621740025,0.36839612445014447,0.022511926212305577,0.6001253565368346,0.06866325342706674,1.4596930407446087,4.019051958104519,1.2572204282475177,0.21546468849262146,3.8481028476961434,0.94643176,1.3236722,0.6010582,-36.22522765449765,-5.861828526024285,-4.914303361581062,0.7680423427699596,-0.03898531299791153,0.09849659735720152,-0.6315770146165391
20750,1300,OK,1164,1164,,8.206273,0.2454173027828298,0.12278345990700901,0.7055311504261734,0.7570202340450451,0.03278680583167485,2.1417053171530145,2.4092473590552737,0.6306426797578315,0.23675474179105338,2.2935146172528453,0.8540812,0.8610343,0.66650146,-4.78049251967934,-31.5913589095259,-0.12965388805196737,0.12694727687359564,0.7086699562523112,-0.6900551026211201,-0.07412986811185586
20850,1450,OK,1548,1548,,4.6577253,0.12170281918924603,0.002467106900903404,0.6128895664490203,0.6248610113274302,0.029211706249821764,0.368122514073893,1.9336612770956954,0.3771689357310829,0.19689517667265144,1.865034860559477,0.91707206,0.8259009,0.5746295,-5.612891378268882,-35.97922189116119,0.1391548678133056,0.11233547390378544,0.7190999014358372,-0.6837041431525538,-0.05314807328410923
30750,27550,OK,1005,1005,,16.429047,0.2015103856811777,0.2333674390902058,1.9214138198645436,1.9459953402645533,0.0198545489453589,1.6442279800247404,4.306755633290989,1.1324910997117081,0.515751906262599,4.022209689039408,2.662851,2.4257672,1.6963538,37.78584809451474,-101.76280491602388,24.893722281223322,0.1576959506840909,-0.592998448686521,0.7651211608277751,-0.19512671843388815
2900,39900,OK,1715,1715,,6.363879,0.18608301464685173,0.8296059617628315,0.8506239108278333,1.2026778362489812,0.17336841260462516,2.7922243834821536,1.8127328211079505,0.5895897596827073,0.24281974973264808,1.6365734987539373,1.292333,1.382438,0.70718366,-38.21253785781217,-21.899265897989554,-5.562905681325998,-0.6901672080388861,0.06201882948496419,-0.15380062887753074,0.7043921182793004
21650,8800,OK,1252,1252,,9.91815,0.9399349022587794,0.46874551927245756,0.8081374625371472,1.3252494635645797,0.04354062163657513,2.422371261367686,4.941835669739818,1.1670697337351061,0.5664005185956674,4.748980518875964,1.0593038,1.2220092,0.8273946,-30.789386813370953,-47.30597880421364,-3.3014586302013886,0.0013266380027572933,0.722153111291971,-0.6907547591335047,0.03675576985113813
22450,9650,OK,1624,1624,,11.750811,0.16005595202592837,0.08994597097428467,0.2918609420761036,0.34480573513644436,0.027869751051987985,1.3676444721738847,1.0604506761082848,0.1951292049361381,0.12112699690725992,1.0117277193105834,1.0910035,1.0448765,0.8814962,-29.169313614122935,-70.30918705369493,-2.121949153172109,0.7572080516892606,0.1592679327044857,-0.03987504892405194,-0.6322022402224607
10050,8200,OK,1357,1357,,7.1686826,1.1061149650341533,0.01321750457609388,0.23549150028766702,1.130982433553882,0.044877702725003625,3.08152467419031,3.065348659388924,0.5415593337733062,0.25850813142204077,2.9700464823405923,1.0162488,1.0131012,0.7238484,-38.726314477783234,-62.497425740917166,-3.7308700762060987,0.548880625244184,-0.4484668429848428,0.4653837917803218,-0.5301183606732859
7100,1650,OK,894,894,,19.233871,1.3331732803352299,0.3069029122996435,3.6306087758559222,3.8798016026982407,0.06738279739296371,3.764081145781426,2.4733200628148677,0.5367200705730628,0.1957974299360441,2.414063889352938,0.91144884,1.0144801,0.6689799,-9.214249128469607,-43.5301641103856,-0.5594772497584697,0.28424431757882584,0.6846031532702272,-0.6088081307648456,-0.28262404421992104
23200,8800,OK,803,803,,5.6838746,1.004600196755781,0.35486292401084096,0.40644927207215964,1.1403290143319453,0.039369764260797406,2.735195009159057,4.61316077575101,0.9861796418004791,0.5422691215471315,4.459608243677504,0.9741539,1.1252079,0.7960003,-28.961057961715923,-47.55510967303458,-2.9214502872067913,0.1014675109847374,0.7662407144820542,-0.6333427176338375,-0.03816429882466927
6500,1100,OK,962,962,,13.617179,0.15339657218258818,0.05696925390054547,0.13922345608443387,0.2148468640018911,0.023584161954986554,2.284121254423431,0.464639167686363,0.14683970795423962,0.13865285653745918,0.40177361957475544,1.267163,1.1405243,0.9132972,-2.261119781130537,-24.844751966781203,0.04650860848232069,0.08743982975402396,0.7125836426186216,-0.6947239096770487,-0.04401724398459664
7800,9300,OK,834,834,,13.352804,7.811791649546538,0.5193471943752872,1.4715828851247799,7.966138742955879,0.2150759077078865,10.345088303204848,5.157195392319061,1.2786794129136716,0.34723473308053787,4.7434050807160695,1.2071897,1.4024922,0.88003284,-19.364373988662724,-62.889267237164745,-1.394107469001791,0.6344652105171116,0.3960695088402348,-0.3036177928454413,-0.5902534003952837
20900,1550,OK,1530,1530,,8.695808,0.0994126799200423,0.08715969623475966,0.3606130156399432,0.3840851996960496,0.021234017480363267,1.839519279192253,0.6112375630069675,0.17645328997385945,0.14866996705547558,0.5487243892729183,1.3349122,1.2762879,0.9567721,-5.974508930060731,-38.32903279452841,0.006538301887936804,0.15553230783589206,0.7208549364168332,-0.6712262175670827,-0.07505482471708348
3300,40200,OK,1061,1061,,8.113461,0.19271822138402128,0.6055478134087238,0.5086135586536814,0.8139509931340271,0.1443257906665384,1.8856450937666231,3.4633706153700965,1.1337047376003586,0.2468864105488735,3.2380204288830274,1.466137,1.6870747,0.787729,-36.72205156689138,-6.131209362240835,-5.191450123547888,0.7492337502713299,-0.06288728994144353,0.13899429281244371,-0.6444955878698845
23700,8400,OK,797,797,,12.686396,2.00459976554907,0.2798268202062878,0.5058063071393619,2.0862797726307245,0.03732263491899857,4.316340275319894,3.107238587212376,0.5988968226102892,0.25173347002971885,2.9748122901283054,0.8784185,0.8886264,0.65072453,-38.69668068498473,-58.91495855698512,-4.207422794506264,0.4846948681240328,-0.5036397849852734,0.5403102452080568,-0.46848979787976563
4100,40800,OK,755,755,,16.591766,0.9521112280978009,0.05211701423332102,5.501060723639467,5.583090636825743,0.054354406712464665,8.025808209727513,2.4221109822656923,0.6704937243622815,0.2065595316933293,2.240084602992284,0.76943856,0.8409203,0.6251645,-33.53475056412661,22.87938004780189,-5.002736774230765,-0.6949939393479786,-0.02666888443042268,-0.10076532051088241,0.7114200904213728
7100,1750,OK,1601,1601,,5.9992046,0.018835991037840602,0.19603996804667773,0.2906124029588376,0.35105844582295676,0.044300882408944614,0.32051721212999207,2.3209705905465117,0.5822340379991232,0.27145091399625454,2.211633799682287,0.5721487,0.70625937,0.51162684,-12.874519443208301,-45.34371481021872,-0.9560550896516254,0.28313475352830514,0.6855800278842241,-0.6146219800705962,-0.268429801484172
22100,8350,OK,977,977,,10.916498,3.2872242522437984,0.3493167912374803,0.258959765100772,3.3158597173465125,0.06978506339409725,4.572920536922076,3.6652283258136014,0.7272077986577887,0.2443011871235976,3.4555858740420096,1.0780364,1.1910397,0.80822843,-39.53774854510412,-60.18836226632042,-4.506110047529964,0.5642231382760305,-0.41091665595790833,0.5011849525472569,-0.5114815690037336
22850,9200,OK,987,987,,10.839369,0.5095003704552967,0.3890079017280183,0.794819056657517,1.0211048466866002,0.03771140888662627,3.006354616222277,5.012460730293839,1.138538073586709,0.3009474271043428,4.61255424949984,1.1746125,1.3426816,0.9799327,-22.89830914005716,-57.452819446849524,-2.055449378231983,0.6204237520022279,0.5103986548826914,-0.3514028781943003,-0.48071155409681926
22000,8250,OK,1117,1117,,6.816516,1.035714086543389,0.3208218043752207,0.6904809891609864,1.2854548983218794,0.048927740339782075,3.319642051078282,3.3729155928893113,0.6698301824364141,0.27713251293504326,3.2344661542547755,0.9354418,0.99567735,0.6965113,-38.16452941140646,-60.49328072732365,-3.929486743134625,0.45288817399507947,-0.5411385542855649,0.5478735752699712,-0.4493282902756408
5150,41750,OK,1357,1357,,5.93456,0.10257331519533003,0.03542515163169817,0.3343394191707847,0.35150970622409133,0.013198905926194448,1.4174059617799688,1.5699092787389157,0.42460359820034177,0.20469504976989406,1.4914990078814543,0.87061316,0.8737909,0.6332953,-0.1871020013844118,24.820425363577968,-0.7900982310912054,0.12843465953371785,-0.6851933384323664,0.7003039345720403,-0.1535871948480272
10050,9950,OK,1097,1097,,8.615408,0.6687225109563877,0.18799919506120716,1.2684808232098388,1.4462285755905213,0.02155387619171084,4.019525641755031,0.9652866449444961,0.2572737726986739,0.06694232916135234,0.8713266418576726,1.0047921,1.0710618,0.78344613,-37.3490649058547,-61.78782126609013,-3.960384697580725,0.5562866787356817,-0.4381208211658585,0.46420267111227875,-0.5320819084073464
20200,600,OK,763,763,,13.053972,1.2161688381121136,0.18744063237682007,4.667842244741332,4.827313109303414,0.05316684781295316,6.096920469977947,2.5028296679510875,0.6087778278084655,0.2206286039522104,2.321538193307673,0.8551084,0.84629947,0.6130027,2.4590886827555183,-5.456874466963245,0.22890406895805915,0.17767233423101683,0.7051629008233791,-0.678907658765462,-0.10130259533130467
20200,750,OK,1420,1420,,7.018211,0.3414273397744,0.0959966488704377,0.539347938772996,0.6455107930921505,0.05466352524503308,1.049379997452969,1.5921238730432532,0.5487027112304177,0.1953894744149104,1.4490750771333767,1.4677109,1.4210004,0.86193687,1.9160586295491653,-9.648096783361591,0.32696878929652406,0.18610995576510794,0.7008849532339828,-0.6835319438511381,-0.08311106081859361
22550,9450,OK,1324,1324,,13.67021,1.8117286945500841,0.06261256866706544,0.8295815165146115,1.9936114689060962,0.013805572052212098,4.667076357754426,3.4327100239974797,0.7523098144067502,0.3116673293523148,3.327228208960114,0.7515184,0.77854854,0.5943913,-24.17756464096324,-67.30942224316502,-1.3342546410594511,0.7011373572571198,0.34477549836186183,-0.20083689203252178,-0.5909321490548206
30600,27350,OK,928,928,,16.16562,0.249650537019743,0.24916888146852834,1.019827591903426,1.0791009402896767,0.04081852721695405,2.2195379997392677,1.7509685695918522,0.24404365041071707,0.1729808301430345,1.6800510808161726,1.664054,1.5472215,1.2344334,36.97153232911731,-98.48093310666451,23.97882256727801,0.0973626126093422,-0.6120496461044892,0.7711688789220394,-0.1456513389961712
30200,27050,OK,1000,1000,,7.578022,0.2819836595033822,0.002996878188565061,0.9423731756657676,0.9836620190493177,0.04018374036385496,0.5606104848779387,1.082124154404377,0.2047033561681776,0.14009221551858203,1.0406108776643324,1.3679252,1.3706157,1.0741024,37.94928354150623,-90.1723284960699,20.948826520879745,-0.0590391845193449,-0.6659041713799944,0.743691085368727,-0.003094959304838035
23200,8900,OK,1140,1140,,6.0413756,0.586575655029255,0.22186823945753062,0.4316296957605482,0.7613151180787935,0.020709855106263133,1.7371181454145437,3.472852372551631,0.6176015498960203,0.2389793642948826,3.367596590919625,0.8731367,0.99741805,0.71591705,-27.38315945172931,-47.780080969957744,-2.6177833416051,0.09104393858322918,0.767343126580624,-0.6340242372354893,-0.030146209292076533
4800,41550,OK,1739,1739,,12.575017,0.4003027802753596,0.16858467345932282,1.9501485252385171,1.9979345280843246,0.02286389295592043,6.759940201084748,1.0172852941056836,0.33725089471603353,0.07981285954247408,0.895169788538456,0.9754108,0.9875933,0.87059367,-9.855215275248451,32.31085333237108,-2.4824518841323813,0.359478983265504,-0.5743280508435079,0.6156131393723855,-0.4024209403557079
10150,8400,OK,1732,1732,,6.5932593,0.07559017906939192,0.12009838230069513,0.1845630949132316,0.23281115223918547,0.025677020737178702,0.6232652227934062,2.8555408874163617,0.5621835382313521,0.2227495880191604,2.768881260181115,0.9720571,0.95431924,0.6732484,-39.146090696704164,-57.25143869735407,-4.098503056693703,0.5226149440412576,-0.4626978474679675,0.49989243593966876,-0.5127298262277773
21000,1850,OK,1292,1292,,28.892282,0.1930109006326054,0.2530161651906552,1.7881151276121479,1.8162120187924653,0.018015509204453335,9.331742079926196,1.4666058313336048,0.20827058639061047,0.19208586738409972,1.4309144232235074,1.3185421,1.3019717,1.1777455,-9.63332528763532,-43.27559332617023,-0.6632504942299491,0.37166806328515656,0.6578340344593498,-0.5903221599871075,-0.2839665143444765
23750,8300,OK,880,880,,16.293625,0.898197611744457,0.237600211432339,2.2840313161203305,2.4657680067748684,0.04858226080581224,2.7453467242431606,1.251925443692364,0.1907763646857319,0.18865066476948716,1.2006864059636122,1.3356135,1.2593564,0.89465046,-40.1100393971667,-64.16840178251947,-3.901599932470538,-0.5317096415650627,0.44557487482329405,-0.48344718468368214,0.5338789259882621
5050,41550,OK,862,862,,18.347702,0.2649171570927218,0.17675327213422598,1.733963611171034,1.7629669946421396,0.021731383947757848,3.8471756764211045,0.9372127164854807,0.3344923052837445,0.08333125629909555,0.817215165019114,1.0086523,1.0148151,0.8433395,-4.253588433123525,29.039310489100046,-1.3585375765145873,0.3367482376106363,-0.6125695486851497,0.6383572405517137,-0.32227194405502346
10300,8450,OK,1032,1032,,7.0143323,0.2456664742013115,0.349445449462061,0.3508054794327282,0.5527464365296911,0.05042699426768762,3.2082602884959135,1.9257348512539298,0.23973024831431722,0.20435081739467903,1.848413377037704,1.4204599,1.1407535,0.95949566,-37.953658409908336,-51.650862097493366,-3.3820500986940507,-0.2909828229889552,0.6558750831624034,-0.6100379887868009,0.33617037979132486
23000,9000,OK,799,799,,4.7851005,1.5546275305500226,0.20910971073878332,0.8076777532198733,1.7643517174632788,0.06595643843197203,3.835094900962467,2.8141807721143657,0.6183802721073641,0.23045874069954309,2.6273538756143524,0.7657162,0.81900185,0.5883468,-22.590003183452367,-51.09929350649855,-1.7083127106961946,0.4550483967104016,0.6636023252360258,-0.49644978597754086,-0.32573074861837475
6300,1000,OK,1896,1896,,6.916305,0.06653756536110952,0.22749726305227513,0.22164768356938747,0.3245149425406098,0.025591021862140108,2.1302228028636194,2.330416743975386,0.5888540300428684,0.11933920918970675,2.2509015740226,0.98929197,1.0896235,0.75793856,-0.37337059239607373,-17.123109686900513,-0.11043924007344678,0.0911957377674186,0.7108845640130903,-0.6968878582544582,-0.0259574089324966
22400,8000,OK,1086,1086,,12.479731,0.1647768297118657,0.09565996844575844,1.1324693979021494,1.148385462446209,0.02557116803272011,3.210983548972789,1.2133869699268542,0.22821931940059814,0.09712477886031073,1.1643669293117491,1.197382,1.2440193,1.0625534,-31.047707614940908,-69.7969730084657,-2.460330080199933,0.7554068631061194,0.06833821717571059,0.06372422402924859,-0.6485596214052246
2750,39750,OK,1537,1537,,7.756932,0.7291309707898648,1.1822757815483043,0.9999524074168731,1.7115235357129694,0.11767682639728752,2.357702791904673,4.47509110622448,1.2501121514316451,0.39621897893282965,4.221702800629875,1.1500808,1.6935164,0.69295347,-37.561452161839114,-28.53195206271383,-5.654258169067145,-0.682171880240408,0.05523499115882409,-0.04940382303281922,0.7274268924302242
22650,9650,OK,706,706,,10.844589,1.4799551533696524,0.15627182382048982,1.0181622002943767,1.8031479154561503,0.06184601230275629,5.625722034508641,1.4090940986859408,0.2362263522553093,0.12711809125457907,1.3469180638356937,1.144866,1.1133732,0.90874153,-26.39984082955043,-65.72429451924188,-2.050484629561495,0.6643469372089702,0.4051890537698582,-0.26553022666660997,-0.5691736786364301
3000,40000,OK,1563,1563,,12.09798,0.9231965878065178,0.0558676523564329,0.33815357835738835,0.984764427095802,0.08281252269075755,2.949264638717795,4.1721463316708824,1.1871203005679978,0.5426378979879982,3.9375980617207667,2.6629157,1.9123759,1.4750628,-39.11440913203326,-18.654427107004235,-4.623784378778524,0.7371657924680816,-0.049627885606810536,0.12535364155944964,-0.6621254654012997
23650,8200,OK,863,863,,6.0852375,1.483715421429899,0.009642914954632348,0.1293144442634213,1.489371230785959,0.06501329948269104,5.518604367838533,3.1803018100023697,0.5507465616035436,0.2873240420193558,3.095560822782568,0.9464592,0.93607616,0.71000737,-38.22631540180753,-60.46535023437745,-3.5563600456816715,-0.45824803225036526,0.5701129316382368,-0.5482557701259966,0.4054572685759543
2950,39900,OK,1596,1596,,6.1786833,0.028340817306732102,0.5572511689774802,0.2748565470026626,0.6219953285054548,0.13383739839047126,1.4441424230275761,1.818946763849107,0.5912681624959573,0.23780813581235738,1.6718477320378557,1.2858522,1.3796719,0.69908303,-37.90312636640844,-20.44901540533373,-5.094955278986731,0.7197919022205688,-0.051169390990091074,0.13300059552701393,-0.6794057348248234
30250,27000,OK,900,900,,9.935362,0.5550539598890941,0.020920877184417,2.633548030663511,2.6914861714863756,0.028256808382616634,2.284792662656653,1.1727148427077232,0.2005057313356448,0.1319425165995487,1.1323090183771443,1.0971725,0.9815373,0.84213865,38.07127949457847,-87.93657365510144,20.856453727215122,-0.01353503570074312,-0.6516975990677706,0.7583437999423581,-0.004660822552698255
21450,9250,OK,748,748,,14.110118,9.312301249068431,0.6170742049135297,1.7331585414446424,9.49229022194084,0.39443966972459704,9.843986917611888,6.397813735182766,1.627647716900015,0.42971633068945253,5.816250293758586,1.2624229,1.5132134,1.0186503,-17.098990320006067,-56.48409233628977,-2.555134532536929,0.3667411994522455,0.6326285407799149,-0.5861984430928742,-0.3487884850887344
3050,40000,OK,1418,1418,,11.865187,0.49832393949764,0.1556638867319399,0.7445034923825465,0.9093093227712725,0.04163294511955181,1.4013127299781054,3.4969400958893258,0.9370403450482989,0.47842048835105144,3.2791135669844094,2.4563458,1.8648598,1.4086133,-38.09852194791597,-15.690417627831545,-4.626505274758292,0.7429703551805661,-0.00792599099375797,0.10494151473802765,-0.6609988717646337
2550,39450,OK,978,978,,7.3698807,0.9080880097473267,1.061118140416188,8.169447958747757,8.287971735717676,0.06332369428777382,2.729471102512896,3.6039369671231247,1.0790041392549556,0.2570643274769966,3.427115498358804,0.78476876,1.0351142,0.5022127,-37.869851700446105,-46.385524654105005,-4.403954514750685,0.7421132689291581,0.04780557819059157,0.045960649564803654,-0.6669858630171434
4850,41600,OK,1627,1627,,13.876726,0.2761051193155286,0.134346349806178,1.6505375559032212,1.678855920579686,0.033865388886619205,6.741317997258874,1.0180161141749753,0.3739837850936938,0.0742401747647291,0.9084546516265668,1.0651151,1.1302724,0.9250615,-8.188818438058881,31.592979994989726,-2.3214924271420005,0.38228581821059404,-0.5655623076524778,0.6199515059471759,-0.3868552179196883
23050,9000,OK,1206,1206,,4.9474473,0.8976532103748206,0.35168626501335043,0.6046058335071091,1.1379862604645492,0.031673112018423405,2.1590819247607222,3.248702838455913,0.6756382000513926,0.24399946178805876,3.0500053223583716,0.68487287,0.75537086,0.5403965,-23.506064034665812,-50.0947428359333,-2.057275710264993,0.3339112709983704,0.7079710640282443,-0.5625621669306498,-0.26609029282794233
4950,41450,OK,815,815,,17.34016,1.4470782271854208,0.03161606043880105,2.7826137169282203,3.136554489963287,0.022056912202947122,4.773992139022991,2.027277252377305,0.5461821952364876,0.15905760914840383,1.940053079194418,0.9557521,0.95808506,0.79548144,-9.198637869502935,30.539611956803448,-1.630127454829991,0.37371761862797004,-0.5972459071079942,0.6043040712861658,-0.372087432462792
20000,550,OK,780,780,,5.0996375,0.8548460402266955,0.05616650705914261,0.4271626458778577,0.9572796639644331,0.05550247396278139,2.77478217056,0.8546486177302588,0.25704050352942454,0.06492875410624516,0.7407762801999302,0.8724836,0.889466,0.7472727,4.108725490427751,-2.432844581182966,0.4863074361291474,0.1759650426617579,0.726193503339799,-0.658142331498882,-0.09234701379758212
20300,750,OK,881,881,,14.014226,0.31037955746484025,0.618921001153834,5.328163039650949,5.372961944073658,0.05566136753227115,4.642093905812775,1.7826568423303315,0.5976969701437755,0.1661644193604408,1.6207229803807506,1.244413,1.2471685,0.84479356,2.144265838412643,-8.961265129637633,0.01735302834448174,0.17030190583008772,0.7021810627061503,-0.6853770060095501,-0.09053935984358669
2700,39650,OK,1702,1702,,5.79838,0.13047945160357366,0.4683352292170329,0.1237510441866904,0.5016742919004683,0.14152508927227841,1.2204454995409155,2.5321747688693392,0.8048025572148598,0.1935277940441958,2.3841735024712376,1.0097612,1.1194402,0.58990955,-38.3815519663326,-31.409445071528598,-4.886797618139951,0.7058226724389066,-0.04268668052620428,0.14044163217828592,-0.693013961134949
6350,1050,OK,1877,1877,,6.898768,0.16926494973981265,0.12915688887986565,0.3285445285837638,0.39150176553608906,0.03550260181213471,2.1352962763068963,1.9398574074397519,0.46026707138322465,0.09594883651831321,1.8730038461993646,0.9863773,1.0076216,0.73499745,-0.9173798361804232,-19.283809370769053,-0.06109660393315065,0.11178474242773709,0.717325135320324,-0.6856091076491944,-0.05374916842629894
30250,27150,OK,1274,1274,,6.9691095,0.017403928265985122,0.008276635847573321,0.4514743904272758,0.4518855216000189,0.01868581683037929,1.6901422890713091,1.1217408112106795,0.2681560906822935,0.16113938689946972,1.0793625876606159,1.3397756,1.2665718,1.055793,37.555122861945954,-90.97341502516232,21.320743186664505,-0.0066500026896324895,-0.6439080319480517,0.7650592195097083,-0.004755470556186266
4900,41400,OK,832,832,,16.980442,1.9921832663904173,0.4760085509408843,3.1028881304780316,3.717968942543265,0.012606470080481729,5.390932734652312,1.5583448826649637,0.5035490040610384,0.09947191093660002,1.47885725023534,0.8952812,0.9211558,0.7226263,-11.472055902775171,31.223470381837494,-2.4232943888251213,0.36182123725517906,-0.5925776235731679,0.6110741578063913,-0.3801651298747927
5250,41850,OK,1719,1719,,7.279409,0.11493271133826422,0.1327957950046649,0.7855130132710022,0.8049067929422483,0.003707805296846244,1.5760580927531207,2.279621647529897,0.567493149700955,0.2868759904905406,2.1789006765701826,0.6083066,0.64985085,0.5106427,-0.39432104111331684,20.241539842125277,-0.8204535082940975,0.05649755900661728,0.7095299861312727,-0.7020803541080648,-0.02141030084665459
3500,40400,OK,1481,1481,,8.109169,0.11333020298088958,0.34851317606337223,0.5124877552611955,0.6300387830047669,0.07276137410611368,1.3779294118520427,3.4547067343501383,1.0025317389523167,0.21795050457145487,3.309214544364771,0.8219545,1.1088133,0.58657104,-35.926320598456044,2.3444631838693066,-5.241008986691771,0.7340354069007421,0.022689120404056642,0.1056459707546062,-0.6704596588122728
7950,8050,OK,1087,1087,,13.622604,4.195112790132772,0.939566526138632,3.054259798823532,5.273543353162591,0.06668948502481484,3.6983104826804785,5.067262600355093,1.0548475211977713,0.4404711790264817,4.8171794389488625,1.0755783,1.349582,0.8203764,-36.47557233557508,-71.63140155744962,-4.225474817920427,-0.693131620558599,0.025926536855926094,-0.14058719998027056,0.706492470214776
10300,8700,OK,703,703,,11.633485,5.467589972716203,0.17691667141828826,2.0709905835208424,5.849345400590095,0.12135840390339522,6.632737525619045,4.421267056452982,0.6493567822438109,0.43672863102661297,4.243302034151662,1.1822863,1.318393,0.98901683,-33.795811431854986,-48.276467841336945,-3.362087453105493,-0.2509969997822618,0.6510012702436763,-0.637638966379392,0.3265186071207028
22650,9450,OK,1201,1201,,13.244854,0.2551680103253189,0.05194700559973872,1.2877907788953329,1.3138547465728507,0.027631130078696203,1.8289643332282899,3.3214785384008025,0.7146629294747004,0.2864369122786178,3.1975626011329457,0.71690327,0.7476572,0.58794177,-23.86255248888101,-65.21665923443193,-1.3941191709412535,0.6613379242923948,0.4101859938421368,-0.28167156952636047,-0.5612848895782977
7850,9500,OK,848,848,,23.882624,2.2537708055406322,0.7770347934226971,1.0919698686220025,2.622148757808198,0.05743220737537745,5.118927025633633,1.1717103288400108,0.2881586755117005,0.1448144056381377,1.0949296069118435,1.451146,1.436093,1.1110803,-25.720141055607815,-68.99734322797264,-0.931346044520373,0.6931544417535359,0.2404180077089504,-0.13945075530906198,-0.6650485608512624
6700,1450,OK,1667,1667,,4.4457884,0.006139762132973237,0.05109036016952387,0.3486921254841646,0.35246860846884726,0.027089111035759093,3.536082908637381,2.114193685780294,0.427502168069925,0.26219726258972836,2.037990206040594,0.79918635,0.7271732,0.5690477,-4.300532355092299,-33.54376665529401,0.12976634234050774,0.12400772561521038,0.7228300680409534,-0.6763369797319135,-0.0686080649105222
20750,1450,OK,1408,1408,,5.025968,0.32892237583527506,0.09944467370051874,0.9210252824984924,0.9830395431791908,0.04185457379017981,4.309368036887399,2.2558743682561597,0.49568684182588996,0.3015840416459181,2.1403765378225867,0.7737989,0.706426,0.55359066,-5.1137714559838034,-33.19080674346871,-0.05199492643126716,0.1099912151872676,0.7162072620702392,-0.6830352895927884,-0.09171632085062935
21000,1800,OK,1141,1141,,13.427729,0.2545665710130629,0.2979166871396943,4.218039120158203,4.2362026050153245,0.06221304809159059,7.54153365750801,2.765811101751339,0.7423909534735739,0.30553651180117364,2.5896019742027643,0.5994113,0.7250114,0.5025273,-11.574919195864783,-44.71776672025566,-1.2169624752882149,0.3636924212744321,0.6420235735694722,-0.6087301923887735,-0.2915151909643001
7000,1750,OK,1265,1265,,5.4677787,0.012718706199274538,0.23747048275002858,2.021195506734384,2.035137654338934,0.037173079255902165,3.8990747825459318,2.592894760213281,0.6147432999925515,0.3270800677080227,2.459264338173679,0.5835102,0.7004243,0.4898352,-11.358054368249931,-44.394640958739714,-0.7601845727336902,0.38423251422114535,0.6329405959139095,-0.6004727865265569,-0.3019669016638658
6150,700,OK,957,957,,13.50241,0.21612414943438607,0.4539675073235442,4.316993949192412,4.3461745136427945,0.042294674089593066,3.329203912634605,2.0071138966022803,0.5418965335378576,0.15998046028280732,1.8740164809826743,1.0536934,1.0878267,0.7662221,2.6756409313928424,-6.834724507529747,0.17862625017847722,0.15811343627111768,0.7149493934348888,-0.6741384470468434,-0.09687548870015585
21500,9150,OK,968,968,,14.104572,7.148507452797627,0.19971027585552525,0.21035616232961196,7.1543897511958034,0.27467104831413086,7.653975710040572,3.7311048276367043,0.7605334835735948,0.24308747661742858,3.5468301209448647,0.8471548,1.063448,0.73088294,-19.487091345399282,-52.22574559970554,-1.6522437437448019,0.31654846993582714,0.6782830349688344,-0.6104516284659508,-0.2589942083484156
4650,41350,OK,1522,1522,,15.511066,0.7866756957025451,0.1359133878194848,0.01784563875873557,0.7985296275156987,0.04743916192819458,5.926860312191521,1.0885988569721925,0.16944174630837194,0.1392394296970686,1.0536776283855693,1.4231062,1.3061479,1.0857238,-16.31820568331434,37.40653229798431,-3.3526403866113688,0.3594522385371197,-0.5918052555577996,0.6226401392762329,-0.36452693270442216
21200,1700,OK,755,755,,26.628899,0.7684428585577333,0.07574682765579782,2.7889607616908885,2.893880463844303,0.011448617409108212,4.322909880962071,5.759950223018208,1.0644970817210275,0.4925989866720495,5.513960862459983,1.9196602,1.8762943,1.3634815,-11.978406383370178,-45.51418119564396,-0.3707990745782341,0.34175131744965276,0.6894700526811243,-0.5951055468362058,-0.2317034130134795
30450,27400,OK,1465,1465,,8.311318,0.13072471509910844,0.061904041199543486,0.22571124522072994,0.2680795174452355,0.022213468951102083,3.162315078568243,1.814312671217899,0.3299711997815682,0.17912194740984855,1.7362894361759889,1.6602186,1.5761917,1.1528373,37.61950191283764,-95.71393483903589,22.75455189871189,0.042561356137560465,-0.6023141487011929,0.7932950364890538,-0.07803321292834133
21800,8550,OK,711,711,,8.329207,0.1390750659899891,0.3567906805854513,0.39066173266542625,0.5470448364639797,0.072945752595218,1.632724008695248,5.201447639456925,0.9136758301122235,0.2085369177273222,4.937990902581523,1.3591193,1.5436031,0.85658216,-36.38220810959257,-51.645190379163225,-3.8770659089485893,-0.19721186182531553,0.6959091730451822,-0.6552905116836162,0.21774354117720143
30300,27250,OK,1632,1632,,8.390039,0.017034094421547907,0.06682745904218457,0.3646107706004651,0.3710755767935449,0.027060002628929304,2.994810912296222,1.278774461993641,0.23511365258032613,0.17419153704135992,1.237316677064053,1.4264568,1.366947,1.0877299,37.502420565232725,-92.04499229438358,21.641392787535448,0.0294782221887578,-0.6239593344082685,0.7779471251921544,-0.06785317845645501
22850,9350,OK,1047,1047,,15.637639,0.18183883351747276,0.17286163082421233,0.016055077224563563,0.2514045948086235,0.020414252879685214,2.7832111345110566,1.4922077890476042,0.34713440102889814,0.13814770155454864,1.358248897535658,1.3677411,1.3849382,1.1124704,-22.332116258164522,-58.31308649315719,-1.70051641360278,0.6231550165253023,0.5156943611337869,-0.34296105380661174,-0.47761372137536423
4800,41450,OK,1584,1584,,13.845156,0.2969306663718747,0.08421913990578253,0.5225710205736307,0.6069111596451999,0.04082349533328595,3.429359342111315,2.1108834335965954,0.5461344188504489,0.15330054654272968,1.9835794859294298,0.9580173,0.9662435,0.78220475,-11.021174567782396,33.017459626290574,-2.4285995543638057,0.34989902898129366,-0.5793183124665775,0.6238469965085568,-0.39086556167828024
23050,8900,OK,765,765,,7.231818,1.9080152187061725,0.22437302085529537,1.2724368420986918,2.3043352283103657,0.03791530422105022,5.151627446071214,3.474180414276874,0.6009210650636764,0.21806749786433421,3.315125798271469,0.99608666,1.1489028,0.79431117,-23.73237345027572,-48.98790976677628,-1.6852368481333944,0.34734501917210947,0.714059651380127,-0.5544404175613565,-0.24913063902620874
7750,9400,OK,742,742,,13.56465,1.9939577549086476,0.23694111535007584,2.706133505370925,3.369742893663373,0.030084612145230318,4.8159625752861555,5.007114034801029,1.1478375093574877,0.33680986465939977,4.747321187447623,0.9181309,1.0718188,0.70912087,-22.02889354425386,-65.59582366570689,-1.4495374830522163,0.6339172331788894,0.44199830726151657,-0.3766678198745714,-0.5107913383444487
20450,1000,OK,1305,1305,,11.44664,0.131858356625556,0.25152810752799354,0.265882217252406,0.38903260601093814,0.01588711040914037,1.3879997536766726,2.2405000456453346,0.5662151014649683,0.089851402651214,2.17689570478639,1.2079301,1.2970729,0.8102277,-1.1638066397618396,-19.95181771832675,-0.04693011936860626,0.16098423280307855,0.7060485677107248,-0.6827553887625161,-0.09708025514070115
22500,9500,OK,1295,1295,,15.772067,0.6453156363039563,0.06960964134814955,0.29567815973099343,0.7132344262364968,0.015260944139949948,4.775117820949847,1.063283461527796,0.22982649621297557,0.10504334843372143,1.0083165839892296,1.2063421,1.1945515,0.96372277,-26.891723485150006,-68.90278463440539,-1.794710567438278,0.7246684101604635,0.26568109526055117,-0.14452704767526095,-0.6191778285976761
10400,8650,OK,1230,1230,,13.001194,0.44774401272123054,0.21079568375174204,0.6738050832184393,0.8360160353648021,0.010917539393276889,1.311074181596781,5.081251037302016,0.9979156337605699,0.5145963435034604,4.869359933788321,1.9911623,1.9286788,1.3408201,-35.678873538693296,-48.608249455500946,-3.5253796793547982,0.1797580122533653,-0.6597509097120419,0.6708003436551536,-0.2871283565184389
5400,41950,OK,1411,1411,,18.14881,0.9655755460428682,0.48362552562581773,0.3363223061502536,1.131080226052536,0.11804552658591705,0.3359344732195995,1.5164052629887466,0.2931184205136572,0.15721169266395835,1.4724351848227593,1.9130855,1.4527984,1.1419337,-0.8789985307485718,14.862568621498358,-0.16734366373742213,-0.1612303278725036,-0.6914051477161522,0.6915358861330901,0.1331984282033862
3850,40700,OK,1221,1221,,15.773537,1.3660863683978461,0.05183664143474448,4.030706654846625,4.256227806490452,0.06059334348825761,2.047875890854715,2.1850454176994956,0.6796748433642974,0.23755384452047523,2.0206640103805196,0.91779983,1.0026313,0.70006144,-33.7158522622996,13.769166368705502,-4.6892307558138455,0.7243724311822926,0.06796701858979444,0.06966018700870309,-0.6825045960819472
14700,28650,OK,705,705,,19.180193,5.483162624040231,0.8264528536618339,4.583710955181645,7.1943382462634995,0.045431000897032024,13.355961142068393,6.954061765783212,1.7646988482075565,0.7189969610613918,6.30300041794161,1.2894981,1.2130586,0.9523527,54.95518107526362,-72.8987691921857,27.864500183552018,-0.540321999529414,0.3173764441726206,-0.4562248386188447,0.6318094856331998
22950,9350,OK,837,837,,13.323274,0.21037384418515082,0.23574383656932352,1.0959177791675123,1.1405560439948201,0.04380551049155646,6.274846806109427,1.89720946083442,0.4752509418910309,0.1965305828379913,1.7410790535443321,1.5061852,1.5258311,1.162936,-21.261333198142065,-54.11669116371663,-1.4566637524449826,0.49061328442068397,0.6398253164342703,-0.44995725497920236,-0.38400603939432476
10050,8450,OK,839,839,,15.3974,3.0170378091995276,0.07692309944225544,2.513692701747933,3.927732845317781,0.08303766456868963,6.6529590562140015,2.4122875353389297,0.26603644598222237,0.18831243683346227,2.3626262185716382,1.4204489,1.1256543,0.9133965,-42.17292460962071,-58.72722896826308,-3.7125869191594627,0.5562358432797095,-0.4616906777338005,0.46670158008911916,-0.5095419903078976
20900,1450,OK,1010,1010,,7.1173286,0.1298825513947363,0.12934741476656963,1.1262399596557564,1.1410594540114907,0.048698139411009846,2.2446372015852702,2.1059424713667676,0.43688440401414047,0.23171821372080958,2.0132576630727623,0.82739556,0.7507824,0.5697664,-5.948774614811831,-37.530358882888095,0.0596814077857727,0.14104085397553381,0.7152732050867213,-0.6803495629168462,-0.07494125588537734
3550,40400,OK,1251,1251,,15.484274,2.56489070471636,1.7134520732996346,5.526928954712714,6.329417509145449,0.20176104722383098,3.102612131366459,3.2156326232838044,0.9340991411253313,0.19270991873992016,3.050509839081082,0.8968122,1.155041,0.6235191,-33.55619405110234,-0.4573177387916656,-6.562893654883989,-0.6605577254039399,-0.01587806160720951,-0.030099081778100993,0.7500036158878742
3500,40550,OK,1762,1762,,8.331485,0.2863287543888502,0.4043787010604867,2.5563891503609146,2.603964626784365,0.06951010316441457,6.249327991351787,3.1844826746748853,0.9178196144469244,0.28074896070322053,3.0181241285221354,0.85975534,1.0013361,0.6650525,-35.74658247372186,5.422415425658992,-5.599896401178045,0.7138222132526464,0.004475145110612281,0.07428685920290577,-0.696361460373203
21850,9450,OK,707,707,,6.191796,0.7309026938196322,2.0629372595829465,17.29770112426891,17.435607046195504,3.1202311244572605,17.502788780565133,3.470571286107025,0.736833773558627,0.29031699409376754,3.35641717142265,0.7929206,0.8543352,0.6829071,-23.417136313787925,-64.53069840909946,-1.7091872703507358,0.6867099500589403,0.36560773563365045,-0.2562177003454674,-0.5736836394429972
10450,8650,OK,948,948,,13.175001,0.657879924515738,0.0815524682076028,0.25789812195442274,0.711314446260726,0.036887198734425024,1.1614094673841906,4.987498024010027,0.9697452207888009,0.4829689990472936,4.800278116850371,2.0382903,1.9011308,1.3183727,-35.67275277838274,-47.34960906101873,-3.5154225515886908,0.22188946201530935,-0.6408060561219563,0.6574925413992078,-0.3283842613286937
30500,27400,OK,1389,1389,,8.686078,0.1860610559704805,0.08361906030632993,0.06332273146245027,0.21358986894333146,0.0308163484834304,1.6040480353361217,1.7884710928889271,0.34554168019955256,0.21292037396123698,1.6978150955276998,1.8518765,1.737639,1.2484471,37.696971253441355,-96.94617485973282,23.020793399768255,0.039169742209280094,-0.6078412531427387,0.789003118336525,-0.0804289843797803
23150,9100,OK,842,842,,7.907998,5.235669464931373,0.004352301113299428,0.5916637872547549,5.268996083286492,0.18814780471571457,5.834754246259543,4.270911032695361,0.8837953696059567,0.27140453994221736,4.0603600543901015,0.7006944,0.95894706,0.62524325,-21.595936373878015,-51.31956775677328,-1.9027901700126502,0.2387901619492009,0.7329858533112453,-0.6176400284084845,-0.15566564395982263
3650,40550,OK,1695,1695,,8.886492,0.2673897660942578,0.2300364499419864,0.057137753310459005,0.3573216732402623,0.02815724291559345,1.0597107894111646,3.1071073975998558,0.8863599310808019,0.27814138552590995,2.9267629390460517,0.87649447,1.008269,0.6668508,-35.283187827707906,9.284671220199426,-5.1358246407519985,0.7249859655732852,0.05487439557342316,0.08733977036307723,-0.6809962664693161
23100,9200,OK,812,812,,8.387988,1.8156358510689499,0.19606728529685202,2.662805445302269,3.2288556430385618,0.06530138533783794,6.888708193500562,4.78309967258069,1.1085714461988028,0.30873729041215464,4.39372197969273,1.2288872,1.4242849,1.0154983,-22.090160689075393,-48.88308905111679,-0.7923326175695736,0.23587526077171403,0.7635956687358016,-0.5785584484069811,-0.16295593827997298
3900,40750,OK,1251,1251,,23.944212,0.6435664803663155,0.37730486581029965,2.4888566972642785,2.598257961776018,0.012876517869149421,2.0320616021842146,1.9512951029704226,0.357380858518334,0.2444579708437018,1.8760235697002554,1.3069779,1.2155433,1.0400902,-34.468765722131366,17.37343369810111,-5.212953583476143,0.7408851452637377,0.01199261209938587,0.09073734315427531,-0.6653661498302023
30600,27550,OK,1202,1202,,11.820067,0.14704981805610084,0.11335152836749457,0.2853070914437543,0.3404002855487552,0.01921064207622544,2.8823937814267757,3.665754011729624,0.9320842091120181,0.4532982557765791,3.4642257119358417,2.5372627,2.3901565,1.6743723,37.66422623900974,-99.0646107274077,23.879560436519334,0.09643574043137833,-0.6063531392276117,0.7783446069589675,-0.13120857949906647
10100,8200,OK,933,933,,10.054079,1.5148205926739293,0.21002873403602237,0.6596394288569807,1.6655082327063209,0.08777353408189228,5.024434253580219,3.0637396586175254,0.5360803539394279,0.26101877330439427,2.961335758350823,1.0397389,1.031871,0.7339963,-38.044447740003044,-60.88426673348428,-3.922027149841478,0.5254709822568988,-0.463987225801871,0.4850650982950336,-0.5227886298636218
3450,40300,OK,1209,1209,,23.773243,0.22996927716815396,0.4747416824941766,2.5698394642515168,2.623421507414157,0.022799835139944404,3.4822158728607766,1.8976839285645632,0.34368305986807945,0.30315791602316283,1.8113476185856934,1.3711486,1.3981019,1.1566439,-36.11943786018516,-1.8956292853677934,-5.179759835185976,0.7193694300268697,0.030600276808700255,0.08435348989911069,-0.6888074730604251
10100,8250,OK,1147,1147,,10.544257,0.9101256091861627,0.20577928203782409,0.010788391121925034,0.9331613616066011,0.04864074378306952,3.1427262322995806,3.282550765328552,0.6166773961953109,0.2451529883537804,3.1045632414081386,1.0222025,1.0843296,0.72666025,-38.97390555017123,-60.37767555577881,-4.03985413981052,0.539808214987403,-0.4499786806248341,0.4781474511264091,-0.5267839148992361
20500,1050,OK,1116,1116,,12.717865,0.329275471822865,0.11790828420667002,1.0739140967731224,1.129431798329037,0.03407328740390533,1.637049617144757,1.6631788864911266,0.40349368034701616,0.06989910503385921,1.5915198407293465,1.0798002,1.1095293,0.7975559,-1.374892280076445,-21.223745025775855,0.12826895570345107,-0.15761235731369647,-0.6937253650852301,0.6956930562094769,0.09957225618263994
21600,8800,OK,1004,1004,,9.504759,0.06857732000254702,0.37327589406562434,0.3933216850350426,0.5465708461197215,0.03072401698240981,1.345127307055263,5.029094969196829,1.1775951786291343,0.5805617562606886,4.799997266630674,0.9980915,1.1479384,0.7598083,-29.814184920357143,-47.24686095045126,-3.0513042866995486,0.06939874960333153,0.7425729864302187,-0.6636453849887191,-0.05782712478392178
4900,41550,OK,1662,1662,,10.407581,0.07892527933694127,0.1345854040587256,0.7984829159409181,0.8135830613733155,0.014477759632070208,2.8345251883368303,0.933166015208763,0.3368189211285819,0.07720960981995406,0.8066643882465918,0.9588273,0.9849124,0.8417941,-7.104535216338384,31.12356596738435,-1.9712813387950603,0.3569029038825763,-0.5961566063194712,0.6165544833348899,-0.37024071496998084
2750,39500,OK,717,717,,19.125174,2.8923912744248823,1.7335773146295634,10.623490957726496,11.145841274621851,0.1821789901974475,8.991841758965402,1.9472214832521857,0.6389134284351818,0.2684823079640135,1.792764618105291,1.0245199,1.2638048,0.689098,-37.05072251080267,-40.155418850018954,-6.036280616221708,-0.655032906425373,0.027769482810945257,-0.04187790741348689,0.7539277075389978
23150,9050,OK,881,881,,8.287749,1.2855703288207248,0.1756221754909082,1.1030158056006036,1.702990923720128,0.03859435859184857,4.4328943217009975,3.6096236988717267,0.44813544863204324,0.20305435530818772,3.529672492839369,1.1856935,1.2592616,0.91308564,-24.70298387084032,-48.221349322064796,-2.0270493756997716,0.17749296643457674,0.7542825177558001,-0.6237976162198264,-0.10213062357925522
20750,1250,OK,877,877,,16.636246,0.03924858842368861,0.1291289708047893,0.27387653419274827,0.3053245793836255,0.015349809459965046,3.96690078696962,0.4272298879612439,0.12327520569662909,0.09879837106163514,0.3709555767437891,1.3348317,1.2564148,1.0320194,-5.124535267390381,-31.930189526201147,-0.16097646216507389,0.12363255679566003,0.7154371533289937,-0.6832429703372537,-0.0777413276282361
2500,39500,OK,1490,1490,,5.4222407,0.31255559268234456,0.426965366514896,0.7360242260646976,0.9064888769722154,0.0514485136843499,1.6833053280081969,2.8778631767872422,0.8261849692028392,0.20938549617641167,2.742502348385049,0.7746786,1.1238532,0.56134963,-38.28096132087608,-39.423953855481244,-4.8092403632402405,0.724861130658463,0.05433440838455615,-0.0012605456018907645,-0.6867477880203331
6250,850,OK,1209,1209,,8.385293,0.8337412165546388,0.5791447513544724,5.706250652551496,5.795845888992202,0.019978835424169266,1.814143542203906,1.7330704773097545,0.4858002983382397,0.15143006015169647,1.5706436258375245,1.4822468,1.3779377,0.79181147,2.471578036883276,-9.608500215478102,0.046350383164204256,0.12055229041735793,0.715858783103664,-0.6845917149639318,-0.0659358152388597
21750,8800,OK,718,718,,12.987051,4.2028468825011815,1.1308865134997559,0.18289577271683521,4.356176888952424,0.14063260212451564,6.3634598741543,4.7755630934315345,1.147886905326049,0.5523818442365558,4.61928426827609,1.0792124,1.1815796,0.84469384,-31.244254418572783,-48.192009912130715,-4.2335333999028375,0.09986877836151589,-0.6570078618114333,0.715697087275492,-0.214812885767879
23700,9900,OK,952,952,,3.4683309,3.147206913649943,0.00455770618995778,1.1032196624274695,3.3349701278389725,0.05310800406044191,6.216150395983033,3.933246122095949,0.9037048296354453,0.47304887497669246,3.7567145232269326,0.68287987,0.60558647,0.49511057,-37.33993088997102,-64.12516253992118,-3.5401557366823786,0.49824071333739584,-0.5044796858028722,0.5525772663112617,-0.4380808178193282
30850,27800,OK,1047,1047,,27.076012,3.018262566806547,1.5742440022189703,1.388564832718131,3.6764473878147066,0.13838876684963228,2.215887142556427,5.7399664841533165,2.076018489894846,0.6953441638409609,5.423240678815322,3.4968445,4.0918927,2.9379122,38.35977452022618,-109.26061743174252,25.08917845347066,0.23486586439537993,-0.549056878442032,0.7490894278275534,-0.2867744742725395
23550,8250,OK,811,811,,7.388076,2.57950886037463,0.46295810407875726,1.7185505773334042,3.1339451580613846,0.06287766197556297,7.750145279383904,3.2591985216127557,0.6117925111350877,0.26241231572822965,3.062598777293344,0.9448278,1.0007474,0.72312224,-37.027338876236435,-58.2442210246248,-3.810878637438906,-0.3512928137170691,0.6180283148860035,-0.6073954438718936,0.3545492008079793
20350,750,OK,766,766,,14.864862,1.0217524442482877,0.6504975032944281,8.56780013995994,8.652995105593046,0.07696009993400982,6.70614210683789,1.8228188194918498,0.6180752258022391,0.1541054270353186,1.6628656317199715,1.1947052,1.2032008,0.7696284,3.5216058241567043,-8.27138629796264,0.15903669722535552,0.16888809612824907,0.7002618351708729,-0.6888642578785773,-0.08109381854798457
4800,41350,OK,1059,1059,,28.201576,1.6375162960804888,0.4582895185733145,3.1537123587498463,3.582930440923301,0.01768436158964946,4.569035976054102,1.4774157380994977,0.22262925474083284,0.2353595323969907,1.4306124571160452,1.4563543,1.3013257,1.1081505,-15.015374730172711,33.326769082807886,-3.0453704018099303,0.3674342138591449,-0.571646617999284,0.6149563607171544,-0.40005114301699696
23500,8350,OK,767,767,,6.21892,2.328088120671066,0.7531817216764201,3.1093659573592065,3.956694789879746,0.08871424629646801,6.209723843841945,3.7821897744777915,0.7348406473433509,0.27496647430696364,3.5658754740489087,1.0804224,1.208364,0.823921,-35.560601819541375,-56.87368188047888,-4.161540024548635,-0.31572727401548356,0.6358815601239035,-0.612897768203134,0.3468821927812952
6500,1050,OK,702,702,,13.54222,0.5664047485732417,0.31455268064048825,1.7034792605840479,1.8225255332489607,0.048536328516445744,4.2566980221651205,1.8258097326658975,0.41757514463280665,0.08039618785932101,1.7638246971939555,0.9697613,1.0073318,0.7319755,-1.614140962449671,-23.376299309293735,-0.05681046808341733,-0.09594250528796966,-0.6985036026888322,0.7078848622879019,0.04227025494870422
23400,8700,OK,788,788,,6.885362,1.4821663663490054,0.197289548829005,0.10337615386455878,1.4988085043797943,0.03743508460285126,3.046128156099648,4.065296703104754,0.6250736415957784,0.378935205906924,3.910129190017704,0.91561216,1.0483078,0.8615914,-33.61098086962411,-49.09546928402527,-3.514313333518758,-0.2226132449574541,0.6982112349967081,-0.6444754387295709,0.21816467030252928
10400,8600,OK,1498,1498,,21.036184,0.6656404173082288,0.03859674584976583,0.7501651003670131,1.0036506123911424,0.008611686105415241,1.3093566003410901,3.109671108382907,0.5065907683087687,0.3265104903012652,3.0083997717716864,2.829746,2.4903173,1.8289138,-37.435822442616576,-48.21071896617982,-3.6027485045314367,0.17874902215525798,-0.661124277466306,0.6685386691998063,-0.2898612161151367
2550,39500,OK,1493,1493,,5.8314524,0.27319827520305406,0.48720938951392906,0.09673969674089306,0.5668940427716445,0.052215681778642,0.846989880320923,2.9681068518252953,0.8304614321647703,0.21443434797296046,2.8276087614022565,0.7328543,1.0569869,0.54232854,-38.447253102156154,-38.2734910796197,-4.824961350792866,0.7394998681760484,0.004650717790537147,0.05192479852500584,-0.6711349574338812
22700,9450,OK,1243,1243,,14.827002,0.16003668071975202,0.2129926798008561,0.9883288053273023,1.0236070770878045,0.034014261399286906,2.02306235973088,3.3526280369024986,0.7251672737552519,0.30514631315340424,3.23981167655763,0.69874924,0.71848756,0.56811327,-24.182258255428245,-63.67401565260844,-1.708626291139372,0.6536020618541222,0.4104938607048742,-0.28620759686140085,-0.5677889982753007
6200,800,OK,1234,1234,,12.296968,0.14431423251085151,0.18171815176741968,1.3582099549322046,1.3778905493775275,0.03052569576140995,1.5901582654577497,1.636655489086319,0.34545914939812583,0.20716526968874116,1.5697123919943907,1.856326,1.6001683,1.1239645,1.1411300715311958,-11.54308824336666,0.19755988099054098,0.09343894164230417,0.7395727087345503,-0.663446199817044,-0.06434681521356658
22450,8000,OK,744,744,,8.464418,0.702960060007999,0.03469484104980125,1.6284581054798024,1.7740440747807784,0.0808813468014286,4.934861167762978,1.320608339432069,0.26456074902855,0.1316002041870843,1.282815344065098,1.3189311,1.3819102,1.1854615,-30.08017534398712,-69.39906145827905,-2.174680318523018,0.7602517468951966,0.1758461098150543,-0.006599898318784218,-0.6253414014343649
20300,950,OK,1891,1891,,11.445932,0.33768757354138773,0.09499035951027429,0.12475953822880825,0.3723184229973408,0.0572092561063322,3.04429399874683,1.5765006197268052,0.4467271812088469,0.27998236472877913,1.4904083127629209,2.1505218,1.8972818,1.351989,1.1091528585213248,-14.374177297612707,0.2487262948140468,0.1718862587753881,0.7095238179670386,-0.676770607984648,-0.09493476681262293
39100,9700,OK,731,731,,19.629921,7.227146159422712,0.0027418222274161463,12.295453385678838,14.26218156828221,0.0826343656375665,16.287951417517153,4.172623483353972,0.9931939889265309,0.32137850491094594,3.8850817459407954,0.8620652,0.9149485,0.6603447,-32.717720817841965,-68.56296168413877,-3.3150308797017463,-0.6831093144907429,-0.009430805830030975,-0.020053166028961084,0.729979859235581
30800,27650,OK,1364,1364,,15.85198,1.552266904836268,0.47233561843154304,1.0429144348041757,1.9288089585575834,0.07700596404236468,0.3984787018948152,6.0976736018566795,2.070538677160271,0.5215109765997558,5.568803597719571,2.6631753,2.2809668,1.7868029,40.80302218229801,-104.72228510297137,26.4261634552008,0.14797400083867426,-0.5945437869254192,0.7633061605516973,-0.2049026250881241
30400,27300,OK,1426,1426,,7.733979,0.31067341885067473,0.13580520159765302,0.09267013567118054,0.35149506398619734,0.05722661200989485,2.137457348901214,1.640955774023483,0.26741402485256344,0.19509083705805302,1.5940966072458704,1.3726474,1.2643664,0.99879295,37.82040142745824,-93.78230381298212,22.73155638033203,-0.0005738836451799536,-0.6567361418277876,0.7527235782861522,-0.04587510617758369
4950,41600,OK,1562,1562,,9.56234,0.18823321567072204,0.21392016775704226,1.0822888710240464,1.1191705777036163,0.021123949656331003,2.7581333457835497,0.8413912655663554,0.35305244026794735,0.06760785436008387,0.697324881982631,1.0639933,1.1351185,0.94688684,-5.162918284323208,29.8441169120546,-1.8047230805384444,0.36382003490728426,-0.5920596830183177,0.6190771203685084,-0.36584673427618203
2700,39600,OK,1165,1165,,11.905804,2.248260353089421,5.081829889593516,7.203747756944458,9.098002604292995,0.2536107362670061,2.6709600222843104,3.2172426719201357,1.1738682944674625,0.40372233130669577,2.8943348304790857,1.4328481,1.7138282,0.85756314,-37.408789616124615,-37.313508448780546,2.1665183925926548,0.8023008049530823,-0.024131003691599952,0.0549267371593548,-0.5938974377596684
10200,8250,OK,832,832,,12.402186,3.004747883853657,0.2887020658536249,1.5983373987385496,3.415631884228377,0.06124864656340678,7.3241085321538195,3.2961008532008047,0.6320713045378068,0.2545609564562006,3.1349755610646994,0.9792514,1.0519003,0.6887844,-38.00873860871694,-58.43604682515095,-4.140631359841741,0.4563369664000784,-0.5274543582286938,0.5292355095497114,-0.48317517373514524
22900,9250,OK,1015,1015,,8.438074,0.3175531619940454,0.4167901671719983,0.04269937455636641,0.5257159791476607,0.04278449939969007,1.5208357786264282,6.576426064858183,1.6475966256932182,0.44181121699878745,6.140719642094139,0.98242056,1.1518797,0.79151434,-21.894874873946517,-56.65728728935626,-1.9315869369698389,0.564805780082627,0.5776758270630695,-0.39754351368467006,-0.4350220963807474
21850,8350,OK,784,784,,5.943852,2.2787178491136184,0.7031858310481327,2.8938030768294993,3.749816208339247,0.07030973519270214,5.695386478223669,3.9020751452169766,0.7632646390771844,0.2736305967139029,3.7252928157343863,1.0368049,1.1546142,0.7951031,-36.34147614714335,-57.10044947136553,-4.153144008960226,-0.2910632004502407,0.6365932237219742,-0.6274367132658708,0.3411076834388941
21900,8600,OK,786,786,,20.21101,0.1313953276630846,0.03900183857447163,0.28736384772622503,0.3183769095331814,0.021625429944567193,6.004248700425137,2.008794861016547,0.32345580927238693,0.16637989279362247,1.9109798418696435,1.6494896,1.6729254,1.3046548,-37.97668799935807,-55.50455812876938,-3.656951561129605,-0.3832166817093075,0.6038081016992524,-0.5989828669906555,0.36025029664624436
3550,40500,OK,1795,1795,,8.616641,0.3305904597724295,0.7183803111252102,0.37119202223985637,0.8735810442537167,0.11973833628662636,2.000807324340588,2.9151125136770415,0.8554448096691227,0.2374602725763013,2.789077908145205,0.9969775,1.1736741,0.7431966,-35.48468263824839,5.408579754582821,-5.682105577814373,-0.6832779264186373,0.021982058129424817,-0.07956477290880011,0.725477436796909
30950,27800,OK,1560,1560,,23.61017,2.1896959471238056,1.0010936477566108,1.5748901180826897,2.877018546423287,0.10837655640000762,0.6262026176564763,6.590059221370878,2.522724263987173,0.8199081296090603,6.209262730138732,3.4667306,4.0751767,2.7717237,41.27331591971574,-110.239203357082,26.754816744887883,0.2924977389272403,-0.5185892633091262,0.7066674341666704,-0.3822713515177986
6200,950,OK,1578,1578,,11.378469,0.04005727482826706,0.12371808820965668,0.045173418420149325,0.13766404159649534,0.027514203782459654,4.19153036122026,1.0877131163829756,0.27839840913479663,0.1639902788002956,1.0250755441656683,1.6326635,1.5108621,1.2652316,0.8885955557136158,-12.831558200668962,0.1597841189908578,0.10411744164623989,0.7375389204022781,-0.6648352913956037,-0.05647950559102687
6100,800,OK,1819,1819,,10.851608,0.19904173546960124,0.0643439959539273,0.27930576452794487,0.34895482855608906,0.0352586835439147,2.593942947265444,1.4536498626426946,0.2984225649268959,0.19605859671644543,1.3746373631171247,1.8491957,1.5816039,1.273988,2.606272920489281,-8.882394201416254,0.5353411495703362,0.12818394210329756,0.7301690709001246,-0.6656576231882056,-0.08556829774592793
4850,41550,OK,1738,1738,,10.261897,0.32915858790743724,0.11725477316614591,1.3865035541283062,1.4298552945784015,0.02588497563011303,4.703760091997882,1.0758009208854873,0.36142834698582327,0.07990151940379808,0.9631396085322912,0.9357241,0.9521722,0.86459917,-8.481109399705623,31.633658643437123,-2.208813555147855,0.38140994948281837,-0.5700951068717331,0.6146017021501108,-0.389593079084585
3250,40100,OK,819,819,,12.801992,1.1728114956780784,1.0751049906291819,5.144774947362172,5.3851691528006675,0.07479206034389135,3.8962150937368643,2.0524183414971837,0.6627878508745315,0.2082856874179514,1.896501916572153,1.093297,1.3424193,0.70979923,-36.60368866903156,-13.26911325724833,-4.930423583165887,0.7332997500461297,-0.023881882019862622,0.11600789220252863,-0.6695097469344264
4000,40750,OK,858,858,,31.62024,0.4146403924701395,0.410259739139303,3.1686807490243574,3.221921382942793,0.00925489841753334,6.033507745007359,1.8051352736548285,0.3358917308098174,0.23903164623408923,1.7344174232592366,1.2155182,1.1397372,1.0520313,-34.14263071798199,20.953692879721068,-5.4241243755275805,0.7203076992888701,0.0390734283528368,0.08150276788410511,-0.687740782831119
23250,8800,OK,854,854,,5.4911733,0.02090428551878462,0.35741685532930134,0.6092556088030842,0.7066655464111394,0.027041338742808476,1.5588032779009353,4.840334866566792,1.0616868195183757,0.5415488033351342,4.6954070276464765,0.85856533,0.99329996,0.7257294,-29.844586763081494,-47.15340263303214,-3.018757892096517,0.01749625599599951,0.7760182492873239,-0.6293720733407171,0.0371530765612524
23550,8600,OK,831,831,,23.984037,0.9165000374127033,0.01791117326110747,0.6858864026209812,1.1448726068892672,0.019614070112379832,5.527746679950553,2.0190480897600196,0.3177582012953335,0.18020931073057733,1.9462449531565813,1.7548666,1.7636691,1.331033,-37.665170986866826,-53.94266098720188,-3.7830968001981673,0.36891764435027785,-0.6066760160320599,0.6136231566414521,-0.34541367212646623
5450,41850,OK,759,759,,18.210938,0.09221552444778952,0.4641476105905278,3.577499377789984,3.6086615947541825,0.018683050461515038,6.709788483778046,2.016737082805631,0.5527863803850117,0.2631361905122277,1.8875066993111265,0.6553777,0.6927609,0.5441045,-1.4941812512102215,16.503042957827248,-0.8893413507293018,0.13217316982340377,0.713002159893217,-0.6865014445913349,-0.053609138590835125
30300,27050,OK,860,860,,11.937464,0.1280132940538622,0.08063950036620332,0.05078779447441839,0.159591768401153,0.024988730081667753,2.0493133534864283,1.4397447152101304,0.2779176638969394,0.2280804785005115,1.3380601887919727,1.3221645,1.2329413,1.036929,37.51391139022293,-91.66007402757532,21.810511864008266,0.018947384668461437,-0.6308525824080069,0.7731125219415694,-0.06295271479865241
21600,8850,OK,1243,1243,,9.090109,0.6607635568853774,0.05406348843655985,1.39140376401922,1.5412773187900348,0.01681072806568953,1.8197374668332649,4.241937509705713,0.9215326085010972,0.4161764877987907,3.9368698624421334,0.92969924,0.8754134,0.6932292,-28.92701706039976,-46.40375707999392,-2.6088608494635337,0.06418786357958672,0.7445010367646477,-0.6624129900592901,-0.05298259172750737
22050,8350,OK,740,740,,8.694457,0.6452661710724634,0.40635955486380304,0.4624704585553674,0.8918382389178194,0.03856682389841294,2.6366028300393225,3.4529991144662047,0.6957617819993998,0.22378605439592159,3.2493288792527473,1.2025886,1.3438348,0.8525529,-38.20141519533542,-60.66448004239554,-4.174894039174489,0.5374222838072199,-0.4763831450424153,0.5222709677967585,-0.4598580478621272
22400,9750,OK,1388,1388,,5.4711494,0.8671636410080721,0.03849254371841808,1.2263606067321375,1.5024695650670288,0.03986579784810009,1.9299788987350344,4.177486460322266,0.870854405762419,0.38520841597482114,4.024305475509938,0.46146607,0.44768465,0.40616423,-31.758211202216426,-69.67248542359654,-2.492934676977376,0.7596032823605761,0.05942728584040555,0.06472740634606727,-0.6444234741165104
10350,8450,OK,803,803,,15.909384,0.1517226684920887,0.3899387835981551,0.7181005225411841,0.831107925339598,0.037932197237631624,5.088150365299761,2.2418313333481876,0.2571870140886998,0.19872608334318675,2.1420014290728013,1.3340034,1.0996727,0.95706666,-37.27410474486472,-50.568667537239776,-3.112499834886139,-0.184857257425453,0.6824187931795759,-0.6348203220079315,0.3116657566339576
10150,8600,OK,806,806,,12.321242,0.014081851243481047,0.42487857499263615,1.2657377198768462,1.335219861124472,0.05176780273788488,8.179996051400403,2.1533986552827176,0.33315490275092896,0.1820764901477916,2.085026257295561,2.2557483,2.2602804,1.5895246,-37.859571144966296,-57.33054153907354,-4.1666316126200424,0.5377553367776421,-0.43712088154288253,0.5107297829761498,-0.5088217973588327
30950,27850,OK,783,783,,18.333319,0.026509280662190854,1.7076462814369688,0.7263083029815488,1.8558777749212558,0.10355971297651925,0.6919300875059161,5.642861566252401,1.3199682515803075,0.6691077051667369,5.369767879086537,3.24735,3.0074658,2.2593,41.34979871050265,-107.64995968488098,29.02327763569009,0.31384245776132463,-0.5647629495003212,0.6952764608741302,-0.3148592789364363
10400,8700,OK,1011,1011,,12.849307,2.172516963265117,0.41675602837617015,2.132938585250955,3.072937121275818,0.05216196652744829,3.1542275393048156,4.882111942231242,0.7618353670480706,0.48839740657609354,4.700047218895541,1.3370706,1.4098123,1.0419277,-33.47346202103791,-48.65686959393511,-3.3515716641486,0.16530121841068002,-0.6517521349822755,0.6851129421551798,-0.28020513597980984
5550,42100,OK,717,717,,24.421299,0.4062496856894926,0.07414437083376937,0.47993998975716146,0.6331497363319765,0.033569619997314414,1.494127553120792,0.6311214536169801,0.08945630936451177,0.07784237372989289,0.6036107286966512,1.3298455,1.2485365,1.0062164,-2.23674981595153,9.907689094099258,-0.6303566177531976,0.15374699130971692,-0.6753117226561297,0.7014536625392399,-0.16816271648824704
22750,9300,OK,937,937,,9.5796995,1.211924151338132,0.29133997103739817,2.136909026220126,2.4738672789100407,0.036021519005386374,3.7948018434623467,5.283271610544002,1.2443921837837375,0.3422693423376617,4.934237970296893,0.91261804,1.0712827,0.74234,-21.830325616494243,-61.26394728784681,-1.1993153892566388,0.6701338720884876,0.46418875557941525,-0.2719634836409568,-0.5113562908962784
22000,8150,OK,736,736,,10.99971,0.4278285301274396,0.0888074170713976,0.5158101536754383,0.6760060082222479,0.07027902519332034,6.852153898257279,2.2014961302600984,0.40463575178158273,0.22136477332224158,2.113265295521548,2.2442944,2.4606078,1.7349528,-38.19799496194832,-59.81975615016408,-3.4426346546273874,-0.4662925463705301,0.5570856622491075,-0.5253203000170351,0.44301851937111225
23350,8750,OK,727,727,,14.911674,0.6149002967807775,0.2862753407872259,1.9680215891347737,2.081625547744957,0.04733015440514897,2.6433801159404555,6.8135508736885715,1.2497266789761095,0.6304391025785447,6.502627708964987,1.6264447,2.0375662,1.5613031,-32.11661646269218,-49.992215881644505,-3.6413887995615237,-0.16245328841686316,0.7132780108105707,-0.6612841441696353,0.16597195258987485
7800,9450,OK,1149,1149,,14.945455,2.685837255498543,0.033268015296665704,1.376381952187117,3.0181543701693165,0.03607716975681301,4.968042500036183,3.1675836273964295,0.7227272465152814,0.24619484118257196,3.048004620309122,0.88561136,0.92858166,0.6714361,-23.70440261054356,-66.93150926356738,-1.4575640434813661,0.6649242629237434,0.3411552168229401,-0.2454235948005884,-0.6174593927741047
20600,1250,OK,1806,1806,,11.160454,0.0035793912700652353,0.12347442258961067,0.01973115336583353,0.12509221993732472,0.01896718042171672,2.706029990539023,0.46870157212011615,0.09189781811408326,0.09077838786242154,0.43569243543494096,1.4185294,1.317233,1.0834644,-3.291219892249352,-26.142886729024916,-0.10315859747479332,0.15702833328316787,0.7077578497029088,-0.6789695835927141,-0.11585004655226461
7750,9450,OK,882,882,,14.183767,0.7039845969841112,0.11898621935639266,1.3684058041583582,1.5434657359468307,0.023222417547554296,3.019194744215262,3.278570483283268,0.7105447956937874,0.27798854751744295,3.1719245890697563,0.7942827,0.83588386,0.61638886,-23.868369639728602,-66.32956368252258,-1.3799988003800359,0.6454301845334899,0.4408193233689813,-0.354405110745891,-0.5133178532982966
3600,40500,OK,1480,1480,,12.648184,1.163048143809053,0.2529759959094266,3.2995364048742912,3.5076513975044348,0.05426478721010616,1.0551640702041776,2.825685117787003,0.8681695151431059,0.24160251257975696,2.6652883878374025,1.0010812,1.1906201,0.7466757,-34.50861287955678,3.7684116748352827,-5.092433314757539,-0.6875633712821468,-0.0599072006746931,-0.07244598236285424,0.7200134147485945
10500,8550,OK,936,936,,10.034634,5.949055513077061,0.5712094701056287,1.8026759248078326,6.242369922256507,0.06539817301297267,6.764886497731391,4.36770555531721,1.1103489087530365,0.24638836119022667,4.0057962281969415,2.4183886,1.9448847,1.216005,-38.58689903864402,-49.48174412714855,-4.43042989794156,0.2717542568343058,-0.5719144486774376,0.6800944542371684,-0.36950645542705296
22100,9950,OK,1499,1499,,7.105759,0.46134865428307514,0.1397427522879164,0.34185127157386525,0.5909593128993526,0.01427501796593074,2.1957097074924654,0.9451691519321981,0.2863931707910855,0.08337768908289397,0.8469796059783334,0.92169183,0.9738801,0.7361072,-38.09352391395756,-63.64799157027851,-3.668524545315397,0.5871639932601332,-0.4089505084213245,0.48015983639183346,-0.5073898483384567
20600,1100,OK,912,912,,19.66263,0.21324905146938744,0.07299777536018806,0.4952289446763052,0.5441098609705001,0.04065038728122682,3.7072711063763983,0.6629140281340893,0.1605963055439088,0.13165563522183799,0.6105777602512079,1.2780219,1.1439669,0.9902539,-3.0492509287457934,-25.682652751228797,0.0770408669058994,0.16890405731951796,0.712611030268151,-0.6703949582972125,-0.11927924736033356
30900,27600,OK,723,723,,12.532037,2.5248257735483826,0.32812566175154606,2.216868904902902,3.3759323716862975,0.1031343248316859,4.043196936005316,4.369535143307192,1.1046471071206323,0.4518284370171366,4.095329106759024,2.0155287,1.572409,1.1815293,40.42187511539375,-103.58880393669835,25.77906747221629,0.23277127537265818,-0.5829719518722033,0.7331348903883974,-0.2616762679092091
10000,9950,OK,1342,1342,,8.335181,0.40193765997762587,0.29534234598066406,1.2654425343625513,1.360193292003592,0.029527143529596216,2.0185790080870882,0.9722793371647602,0.2592288603375218,0.0848762587766777,0.8816453958626465,1.0881295,1.1433427,0.80443174,-37.03920575225991,-63.37582823194439,-3.8445229103134286,0.5702820074984709,-0.4014260460237861,0.44634047074867395,-0.5607278713146647
3400,40150,OK,752,752,,30.444155,3.1638687289149727,3.24146458322122,12.168633910894638,12.984329371802707,0.16163375264451038,8.001216345846323,3.508861547986172,0.8304878623037224,0.4185806197057238,3.3333709972901904,2.0137672,1.5425183,1.4689826,-34.12154677869499,-12.861677656106124,-0.009722609316264341,0.7660435225141972,0.07537848814757575,0.046144939856813186,-0.6366836338906772
20750,1200,OK,708,708,,14.119667,1.3712567663564177,0.516538695512186,7.937850585965972,8.071965638452632,0.033408517114639845,5.966138012583477,2.4645242647600383,0.5373310978272388,0.27495976386841303,2.3806288416158985,1.014818,0.9410355,0.6613589,-1.6995303095954244,-24.94939080971525,-0.07670968072622417,0.11897246677769593,0.7101239476041121,-0.6887947727818339,-0.08444697849185512
7850,9450,OK,966,966,,14.487299,2.0163422342856014,0.10903237357094112,0.0772578142313396,2.0207654079853428,0.07455059101712463,6.9233256746342136,3.164839741886,0.7399649392935108,0.23847031092129722,3.0152580474416757,0.95619005,1.0042586,0.7057644,-26.708652344979043,-67.92941261404151,-1.8673659781958167,0.6914673629148601,0.18596263511330985,-0.11491361310198656,-0.6885387758791295
10550,8600,OK,775,775,,20.975582,3.238208897238348,0.4281046867836788,2.666536993352369,4.216596971719783,0.05049970641711241,6.50767461108076,5.069428071796624,1.1623547325663053,0.654031990177838,4.732375669268152,3.365679,2.3887308,1.8423979,-35.90836737129834,-46.19369266857849,-3.295690060099863,0.2713833961584848,-0.5973306683606514,0.6563188553524585,-0.37254890287604236
21850,8650,OK,901,901,,12.934278,2.4908753515726403,0.34862306522123304,0.49181310156330427,2.562787190842363,0.028191816330207613,5.746734134971288,5.5011021637147195,1.0122802059390663,0.527376744329062,5.243918623800813,1.380848,1.4972032,1.0620753,-35.93027004961627,-51.39188309855816,-3.8791659245572205,0.30851938816070446,-0.6311007914492526,0.6387852865375425,-0.3138167233660775
22800,9200,OK,863,863,,10.389196,1.1226854884874067,0.34739879819218306,0.4253614516721821,1.2498163847598758,0.03670024958093563,4.930673678138564,4.904008462610877,1.0842156816980024,0.3022254912121478,4.469776023732832,1.1261089,1.2857069,0.96419156,-22.29646705152951,-59.01173511243714,-1.5581383761585919,0.6509928671469695,0.48462223827403367,-0.3202858845792622,-0.4886374169395069
6250,800,OK,941,941,,15.829239,0.4790360252846856,0.049503190666645824,1.512456042997841,1.5872773423089663,0.07024562670223652,3.690364176224013,2.144665125894762,0.5162848497648955,0.2754233132523736,2.030939009842072,2.0813682,1.6279855,1.1575458,0.9337315587175504,-13.576530188546275,0.32915514979057653,0.11055745008330735,0.733055277750411,-0.6649401117014827,-0.09089366228601797
38950,9700,OK,782,782,,16.75199,5.97844284791956,0.45442362406792663,7.920946928409444,9.934267962896438,0.06289589522493383,11.364925696904779,4.174997583359549,1.0272348648049925,0.3258447377442554,3.9331711595854957,0.84670955,0.90745413,0.652947,-32.66836854700461,-69.97681472101856,-3.04812513524979,-0.6875523208726612,-0.08815168814333413,-0.03155147387521069,0.7200733229584327
30300,27100,OK,1246,1246,,6.702487,0.041773449591757716,0.018649580071914224,0.2618950002938464,0.2658605256644312,0.029919342719665308,0.7602217147857888,1.170677377829589,0.30425966000191407,0.16061420358866046,1.071957751838088,1.2315053,1.1629941,0.9376526,37.4286965283731,-91.90956018082314,21.75363007619047,0.03464614783398175,-0.6264664885781227,0.7761229672974691,-0.06302795222942226
6400,1100,OK,1848,1848,,9.227979,0.02236004478286424,0.006733938839411369,0.06219710165873771,0.06643641313114353,0.024133954413950134,2.09843439761207,0.46762178442496494,0.09287537045468808,0.10313595067602133,0.42825688552740093,1.2258928,1.1248354,0.95080596,-1.4958858005216928,-20.874554745582792,0.1458087707690101,0.10500992433028056,0.7217953901820258,-0.6817685654214695,-0.05635560049611403
3650,40700,OK,1801,1801,,9.220866,0.24655567675351175,0.3668587405719337,2.294003708764264,2.3361994891484774,0.07407675121384073,6.722196946238853,2.087669543838017,0.639482560954212,0.24753961203816477,1.9255338250825194,0.9667445,1.0518667,0.7508328,-35.292956057113436,11.551607823050489,-5.653185020558404,0.7092219021129309,0.02771234607188277,0.0695611477598447,-0.7009975507523842
10450,8550,OK,942,942,,10.79166,3.4262847971279435,0.42361645780426826,1.4036998154838676,3.7268286231516137,0.03450392358603171,4.852400964567376,4.463696073358955,0.913878929788345,0.20105679764410456,4.261126745964109,2.077455,1.9047765,1.1464593,-38.22031174036105,-48.54401789782824,-4.3820408397716415,0.20429747242429266,-0.6388329775874155,0.6627085460262224,-0.33312513044147896
7750,9500,OK,1090,1090,,17.920546,0.0947843419823291,0.052965073402624026,0.23765495374949247,0.2612838447498082,0.026083677216053366,1.2128262992938197,0.9136335978151884,0.20515713996199403,0.10836179675140586,0.8635326298935375,1.2368631,1.2261461,0.9562216,-25.1483832689181,-66.70367293375942,-1.662065890777737,0.6473850540728546,0.4423856696781789,-0.3528563260283988,-0.5105682365837272
21500,8950,OK,1289,1289,,7.724518,0.28440497546563204,0.2020992900610948,0.9163774806638058,0.9805498458418873,0.03415602393981906,0.8595532854665626,2.7341896418813376,0.6771382400277666,0.23633501845186689,2.5491667346257434,0.88435435,0.9480527,0.6623105,-25.087249128315566,-47.16855563379804,-2.264740866956441,0.23526755437239075,0.7052022413423081,-0.6462462139590051,-0.17235082712035568
21700,8850,OK,707,707,,13.711262,4.8950414273021305,0.21261156329825975,0.9297195690352265,4.987084592113839,0.09195998381227553,5.873445894114944,4.084007224819954,0.9128543888816203,0.4200361141725075,3.8765299859963527,1.0325288,0.9135823,0.7286064,-28.774287850753733,-48.68492131592611,-2.4655552630874746,-0.03868121776444097,0.7156660553703665,-0.6918226140642773,0.08779140762141585
6250,1000,OK,1669,1669,,8.296522,0.055090454050920445,0.26474972177234646,0.7430485099909245,0.7907265402816606,0.0286970427680943,4.1644946915911705,2.269257274094227,0.5557938526471159,0.11358419254384272,2.183642989580701,1.2564244,1.3285805,0.8346092,0.09960966616037753,-15.644373550457953,-0.10317899333224112,0.1304367581111743,0.718849349602629,-0.6805445338869661,-0.05568664207775871
21650,8850,OK,1026,1026,,12.7759,2.236486890581694,0.1879017267277248,2.1575882994892734,3.113256806102582,0.0449377921131086,3.777166326433058,4.186129548377965,0.9459925121716859,0.4148312641207834,3.9248194109991204,1.0079409,0.898804,0.6953013,-29.568483541349117,-45.871836701797456,-2.8464595782053452,0.0006662009304972477,0.7302179643636851,-0.6828694382943911,0.0216935691018968
22700,9400,OK,1283,1283,,14.258728,0.5261446008693904,0.3734335470722987,1.6242538624320861,1.7477074597107376,0.04890457744506942,2.5766863573526195,5.046518490553201,1.1866877730261725,0.3507139602072057,4.801607689209135,0.8038581,0.9266698,0.63663125,-23.307198996966534,-63.39062281035179,-1.6735639424758713,0.6481934242928601,0.4079842035327124,-0.2907495535425119,-0.5734621796475373
30750,27750,OK,971,971,,13.605578,0.1393213972598485,0.09586463199198925,1.247555616102089,1.2589660419047288,0.04049575313142396,3.601817852633685,6.66660463069659,2.0441434775122262,0.6106212251783749,6.018365694355628,2.525616,2.524107,1.6687887,39.11644089510556,-104.66356827484525,25.364803347492813,0.14500199755704027,-0.5827902044240193,0.7776615777099998,-0.18593673355599166
30700,27450,OK,928,928,,13.326056,0.322375350536314,0.5341610749552059,1.3545569087218576,1.4913344157488044,0.07292226841750177,2.557843599889191,2.930599889946403,0.660651162517981,0.3250615886844672,2.758427361420967,2.4593291,2.3108375,1.5850825,37.110485486910434,-100.77619799866704,25.049824068896474,0.12355410253880729,-0.6214332943587124,0.7532097573537597,-0.17672041714357203
4700,41350,OK,1422,1422,,15.350908,0.3857582119323473,0.13565504043295212,0.8697570466573745,0.9610874092808968,0.02121632668934274,4.632947746533325,1.2083226312576842,0.17764373167115144,0.1487132892497957,1.171281487312537,1.4232426,1.3078005,1.0942097,-14.039063136064287,35.57246023718571,-2.9839781351915513,0.3617954292760272,-0.5872367985648002,0.6112433385356562,-0.38812187629934586
30900,27800,OK,1357,1357,,24.641111,2.9844279516270626,1.4447690019406023,0.18460475157919476,3.320880392565647,0.12769757792245662,0.9822298421561236,6.037310029398381,2.201125082656942,0.7345639692987938,5.732428325406897,3.4100466,4.000529,2.800052,38.47768492814009,-109.21479166170559,25.338568087703376,0.2877205513999051,-0.5347862341625254,0.7142785699577321,-0.34788890834796127
3800,40600,OK,921,921,,31.327286,0.07353276498430261,0.23306486997155756,2.509492793967376,2.521364786006833,0.012608888043137562,4.511803071402224,2.164394352932609,0.4462705972140928,0.3231647165340113,2.074081211024687,1.5508282,1.402994,1.2021372,-35.244818344181,13.202677861397223,-5.138169822796408,0.7297236963619115,0.018113863551671404,0.09841016333569769,-0.6763805546194993
20250,750,OK,1065,1065,,10.098928,0.27851778761735285,0.22973940562581927,1.8833473571566497,1.917641681917012,0.03214165803289093,2.625548392867151,2.043096625651898,0.6350143941729591,0.15770045096548907,1.90263464576124,1.1828461,1.2020092,0.7623733,1.603529117114156,-10.221527245284888,0.1850832775715244,0.1396196219241642,0.7032985670585442,-0.694370793883164,-0.061046599816995985
7950,9600,OK,774,774,,5.328183,1.8105380374359274,0.1188747354048128,1.4729212052010427,2.3370229062743046,0.005755110773646809,5.218398176286412,3.423063315783986,0.7756752122588877,0.33920139112369885,3.1936424760818793,0.85192716,0.9865623,0.74559045,-29.783209321305236,-68.39755038764899,-2.4808395620824917,0.7113098746315417,-0.020855818245295008,0.12101156800908842,-0.6920689976476055
3200,40200,OK,1279,1279,,7.70699,0.4474576008356329,0.6508376974760056,0.47862311468855223,0.923519409062755,0.08542196247629019,3.281246305091995,3.3906831540703117,1.1798418470613132,0.29464525787416895,3.0582741651925005,1.5743167,1.7621913,0.8544523,-36.72126064984787,-9.750948489433682,-5.439905643727455,0.7327434057399511,-0.06314384769509884,0.0770585445873997,-0.6731730361125194
3650,40600,OK,1820,1820,,14.926115,0.2014029843848738,0.16170648860964332,0.47998844405528973,0.5450697726018316,0.020165292920893373,2.1820179981547008,2.1402106350677808,0.44042426391751366,0.28591185382790574,2.0621976750905064,1.506939,1.3861735,1.2579677,-35.772259620090075,9.735750130087922,-5.182544677361244,0.7245596338133964,0.04131781978214728,0.07701796071836241,-0.6836478688209535
6850,1450,OK,1023,1023,,6.5748286,0.20982686179882018,0.08092687420375612,1.0890676909437536,1.1120453706383975,0.058683749510470444,2.5324946710564515,2.1770196942577593,0.464408573593434,0.264642524064452,2.07100851790429,0.76703006,0.7018359,0.55998135,-5.817999657409356,-37.9018204437481,0.05991788834821536,0.12197453688466672,0.7209077278144116,-0.6717131926165715,-0.11922938896969203
21550,9150,OK,780,780,,14.284115,7.293882598248311,0.8006993989260196,0.28011904663187837,7.343044979077547,0.2396028451761319,9.090142019874193,3.577757861194068,0.7396860565644179,0.23990209558060527,3.4338547126446297,0.8577765,1.0703347,0.72434145,-20.216411442527082,-50.46386433808525,-1.403933819974316,0.22379937487416188,0.7168594495186975,-0.6389142724859822,-0.16677806167296896
20300,900,OK,1506,1506,,7.6405563,0.1286006916326955,0.08791554303042526,0.3700006803826843,0.4014570762589588,0.025298287027844608,1.0278475426838383,4.995182413021958,1.1124502656360715,0.39179187008041994,4.713596763097048,1.7367729,1.6789632,1.0409398,0.6480750113121901,-13.683272639090628,0.21993842371924252,0.1402759504802691,0.7106659461991838,-0.6851771649804905,-0.07621563631548006
3800,40650,OK,1304,1304,,15.775821,1.0957149176471925,0.527265678185399,2.9249635399278087,3.1676508623984936,0.056657773191153483,2.248144218584942,2.2888896370693876,0.693924603117126,0.21430137356543588,2.139718489075829,0.91342103,1.0124186,0.6626927,-34.23165431969296,12.693697990227259,-5.260403673775939,0.7128866793868338,0.03742851620438429,0.09272813221437798,-0.6941132342950858
21850,8400,OK,962,962,,6.2972517,1.1225623649668193,0.21422554976898672,0.6742530000902224,1.3268971164127188,0.038518642857613514,3.762793589972691,3.094987293833144,0.6330640827027484,0.2856881559748196,2.938676631555453,0.8213208,0.8365245,0.6499394,-37.318848126406856,-54.940023806734345,-3.7739508402929283,-0.29377043461546265,0.6524535611647461,-0.6225768267676098,0.316861763299482
5250,41900,OK,1678,1678,,6.6170325,0.20095937878025172,0.03515704134658952,1.4107097932843793,1.4253851445642496,0.017020451464968476,3.8246870522774783,2.005797319304868,0.49992558907858475,0.30003455663426626,1.927801668557045,0.644358,0.60379225,0.5233627,-0.584174979642047,19.63678570755631,-0.7113453242619369,0.05053849974052738,0.7131282402837834,-0.6989645397023009,-0.018507976455619482
30350,27150,OK,1211,1211,,7.948276,0.07584639801349559,0.01869062238988861,0.1788893001356352,0.19520091485431199,0.018644725266474715,0.75375575957158,0.9389057896834979,0.22065435313880388,0.14501828211245715,0.9031459699916597,1.2317063,1.175481,0.9736306,37.49626988550362,-92.93772414715382,22.16653986022732,0.014425670592329317,-0.6435216812792481,0.764032634152005,-0.0438848459293201
22750,9500,OK,858,858,,16.090904,0.6120209929391915,0.08717808710776866,0.2700045671958071,0.6745903801394137,0.03632207790751207,4.212916860863062,0.9661314578716151,0.20392259978817706,0.10219592048373483,0.9091468976064858,1.0935274,1.0661594,0.91868156,-24.50676457983336,-61.9538021169206,-1.838295519640663,0.6638755454944595,0.4631129152598727,-0.27493733007259563,-0.5188498360281985
3150,39900,OK,806,806,,16.250465,1.9840987337192009,0.9880176963559592,12.010154076219731,12.212969650662204,0.0737521076463571,8.357841349347842,1.821112867925986,0.6095471885696383,0.2541225552469996,1.6498657893766562,1.2297606,1.2423284,0.7562471,-36.007837408053014,-24.36132140679847,-5.521873188540544,-0.6834625005931722,-0.04202386917434714,-0.07511562281816175,0.7248935424675718
10400,8550,OK,942,942,,10.039137,1.8676366387447119,0.4918551371783018,0.3471395601761338,1.9622675568305183,0.051950907266554366,3.074547624651928,4.7974356136446055,0.8857576856395454,0.1965263889666436,4.5499557810804685,2.002551,1.9615735,1.1787182,-37.940933223115145,-49.25245367018557,-4.220314690017972,0.16118522990918352,-0.6587756313307856,0.6798358680696913,-0.27902899797293085
21200,1850,OK,1700,1700,,19.218163,0.12405692526052609,0.09337460017304644,0.46226408725764934,0.4876443612210847,0.010109299634913547,1.5205290932646043,2.289943335194447,0.38998295385775594,0.3469159465623526,2.2212686571193476,1.6544398,1.5940834,1.364245,-14.904254851800847,-47.02257791518035,-1.0927263265935632,0.33382391166320946,0.6935161364057724,-0.5946312501738092,-0.23240189513731707
21550,8850,OK,1261,1261,,8.54007,0.3696501173544443,0.16741853178219557,1.2597429800065045,1.3234887795972918,0.03440294777654421,1.1599097888355174,4.344955547506992,0.8668391149713592,0.40651798860395694,4.0811155262733045,0.9186496,0.88602126,0.6943032,-27.7203783836647,-46.35727008509269,-2.475145284594781,0.14449414344528422,0.7335509928668095,-0.6559499279936599,-0.10370185793535158
4250,40950,OK,713,713,,19.194366,0.9720207746008218,0.40688582852775274,2.8587295431186535,3.0467548415341335,0.05729133513785451,7.655382206088491,1.8234317736716847,0.5288435235638258,0.1587843333017402,1.7129964007263343,1.0104176,1.0388985,0.723084,-32.23813339734015,31.594527342474457,-5.287677979868218,-0.6640103439826028,0.15141262546071121,-0.23588748543393176,0.6931966345495746
21850,8500,OK,861,861,,7.47621,0.14744341966997476,0.2557331007060822,0.006529243215985359,0.29526532444175857,0.025797230372042713,1.4935958307267003,3.6539701588954845,0.7177854697244639,0.3045841734767989,3.472425957470678,0.8258709,0.84344983,0.5955781,-37.05523180634777,-53.52142477754174,-3.8599184092871237,-0.2939971720066476,0.6439210274334393,-0.6311563316508633,0.3171325563517298
4050,40850,OK,1061,1061,,18.011633,0.5829670947603967,0.15778819059631177,1.9866633546140409,2.0764342106677374,0.05874016246769559,3.7958156549694295,2.6641998351529477,0.7313078992952033,0.20453664766261698,2.5513356720069016,0.773912,0.9289637,0.6567568,-33.7259526984903,24.234925036112763,-5.222528327106172,-0.6930181679842831,-0.031138657328108752,-0.11159439697257514,0.7115496422793266
30950,27650,OK,872,872,,15.039789,1.867148111467348,0.5527970949220623,0.6597437515121536,2.055988452294829,0.09227030411589812,4.067315248067333,6.51579756293061,2.066709861916316,0.7033200288149701,5.921961567472675,2.747039,2.3429995,1.7941751,41.56533833671004,-105.91509229739006,26.611648708547076,0.2441028050782652,-0.5510998303392389,0.7305798733089893,-0.3208673343748248
21050,1600,OK,1083,1083,,8.46453,0.06612189233373686,0.4884406366068333,0.9297887674466998,1.052356171742598,0.06395214981980514,2.2250671135175164,3.305686547114216,0.8896001035284381,0.3638591259971371,3.086150060774326,0.49496365,0.6782169,0.42617986,-9.066568353600628,-42.67950842540779,-0.5563086548454239,0.3873119244850085,0.6433811076961375,-0.562496271187959,-0.34590196343914015
7800,9650,OK,971,971,,10.902002,0.24251730948527728,0.03309988880602113,0.09433360039686489,0.2623148417508703,0.013918374979522906,2.300424205417492,1.3168802425777881,0.2660857142070858,0.16238918701208022,1.2627083284553944,1.3154117,1.2477701,0.97036946,-26.710064083627966,-68.16979175254252,-1.9077966153064465,0.6712980029741017,0.33693720605599703,-0.2354631373300549,-0.6167571818283507
6150,850,OK,1742,1742,,7.1188545,0.328437858659401,0.1824716987289116,0.2151634587721052,0.43296958533892743,0.061064353368416285,2.3565272052510076,1.9388240202731333,0.5007343538843199,0.16677686911324852,1.7984703487051172,1.4096029,1.3426653,0.85433275,0.9821521517069749,-11.054433525497036,0.041573396404378266,0.1307434662398225,0.71227950301246,-0.6872201192523582,-0.05738086195495829
30800,27800,OK,1098,1098,,26.72798,3.046132403325705,1.1174049224303046,1.4971472002923987,3.5733690151740105,0.14472017001122395,3.4961107271836447,6.217078087523679,2.1674687678340003,0.7460927333575733,5.8767838028544475,3.711656,4.3791223,3.0532815,37.555671408551504,-108.28145056451072,24.876323791153624,0.2060050986262876,-0.5558661491348516,0.7521721747520239,-0.2877702957477989
21100,1600,OK,860,860,,9.479184,0.6563849818476518,1.2713328751551856,2.2412032370515833,2.6589698143484046,0.13210900447042515,4.1713293700107945,3.4774887343370073,0.9548702792131649,0.4031230539559383,3.2331000155832856,0.45985657,0.64147025,0.4087986,-9.3850612418375,-43.095008435701,-1.2122302895517716,0.3411608323889578,0.6599819805782902,-0.5812645337893044,-0.33191055047155876
22300,8050,OK,1213,1213,,6.3108306,0.5853749384698217,0.48877081813804446,0.4426252251817175,0.881747027904856,0.05404130098329708,1.328974518884562,5.369048446082618,1.161709449542449,0.43728812492681446,5.05354809043181,0.7283347,0.95538616,0.6355062,-34.78311981753959,-69.12450043359108,-3.3706413221027907,0.7155149621674095,-0.11857573131177708,0.2033723765372703,-0.6577368860874616
6200,900,OK,1118,1118,,6.72239,0.07627625136930119,0.08020905228271258,0.36754994103607963,0.38385481336915567,0.011918208157771512,2.1594767381361804,5.124249608626348,1.1429170212933566,0.41041958211301877,4.802384834038371,1.4715948,1.496509,0.89723915,0.5641117753560994,-13.188715238005445,0.10504386648793038,0.08722137943516388,0.7346355913287752,-0.6709944476247713,-0.049693361520186344
2600,39600,OK,1423,1423,,8.29043,0.30362753759396655,0.3646469165738654,0.5281123720346852,0.7099716422846091,0.05692642145700733,2.1764248646714752,3.6023388745996447,1.2524616999783191,0.36020767225065,3.3704191064928937,1.0457027,1.4186028,0.6940318,-38.4943939223235,-35.52164223842057,-4.791143910141684,0.7514346197467725,0.006571068870407944,0.07406079213093383,-0.6556049361992803
20050,650,OK,1659,1659,,12.374598,1.0045612844681546,0.05396461610855122,0.06311788948437913,1.0079878084664586,0.10527803781185459,2.709714783310775,2.018492182218411,0.5019415022399096,0.26894633882456176,1.906797707350779,1.9683981,1.7069707,1.2376688,5.3513838201907165,-5.275867104171659,0.681224684093651,0.19109990130780105,0.728984733768198,-0.643841880060308,-0.13239984567009955
22650,9500,OK,1364,1364,,16.548416,0.09709973430632535,0.05356817258817191,0.18305773338444953,0.21402813195616918,0.018388024411409597,1.097683212261188,0.927208147823521,0.20812136225436378,0.10190857093871336,0.8802374935482886,1.1522326,1.1085751,0.9044143,-24.929570458458844,-64.98561135396822,-1.6623263818309373,0.6624200053878387,0.4119561154056187,-0.2846656980475735,-0.55718698459043
7900,9700,OK,1710,1710,,8.1644,0.14400837506370534,0.2211869521435405,0.07541684188028899,0.27449914376229706,0.04450466257497349,0.3834446465160863,4.1909164668518635,1.0417844170667532,0.34676957791134205,3.9847405272763177,0.77605706,0.871386,0.62740916,-30.10980541268146,-69.53473213629147,-2.5949000640960307,0.7125597403831224,0.08903297712151764,0.013129688417138645,-0.695815605352514
22300,9800,OK,1870,1870,,8.044788,0.04402878447807433,0.12561195270266112,0.49531917586045127,0.5128917843945923,0.018006384729696567,0.8378950803141331,0.52906527484013,0.11945700973916074,0.06607342314540388,0.4787961772467524,0.9879134,1.0178775,0.8622564,-34.307119705454845,-69.24362352137598,-2.915186534996269,0.7285087365369415,-0.11365009841965887,0.20251433831181345,-0.6444739084685116
30950,27750,OK,1050,1050,,12.228951,0.8233803347442912,1.025520474720747,1.097866570646664,1.713172036503793,0.1082929808746597,1.7125697898109937,6.3685210347121055,2.0573732513286926,0.5945726406489991,5.82920597740004,2.5147355,2.523997,1.6095748,40.864685193382364,-106.39176596624488,26.032864789577804,0.23121119432134307,-0.5358621253781162,0.7322373510399574,-0.35102938331104455
7000,1700,OK,1543,1543,,21.063885,0.14290940950151687,0.0843342091356156,0.4413910645434107,0.47155214983431826,0.008783163396139949,1.812595801494693,3.843047716251487,0.6895717510292774,0.330732013279897,3.5120701687261615,1.534871,1.525461,1.2583597,-9.24174958959329,-43.19576859304357,-0.266362468322782,0.3786528530395647,0.6462130634786803,-0.5894299036758863,-0.302660010782945
30850,27650,OK,1192,1192,,16.817282,1.0436264257805312,0.45437774390535046,0.10978176970109477,1.1435328100682844,0.06320199704590104,1.5294251401206833,6.412837726940359,2.3120658213465273,0.5230643471488325,5.864034397160415,2.504199,2.1840942,1.7100395,40.29339947173759,-105.0139101423307,26.505307319638263,0.19461734967589717,-0.5886557228458273,0.757522315022859,-0.2043733578732671
2900,39800,OK,1197,1197,,10.33945,0.5532032491982384,2.3406692601139376,8.283138216822083,8.625262033071479,0.14439497384622668,2.4054733240314055,2.5321983794461156,0.9366622988712643,0.37180548633152277,2.300017630974072,1.4688714,1.7887609,0.79249245,-39.73056555745354,-30.386951611676203,-0.7173968002187938,0.7722916529949989,-0.04431569045103446,0.1278469820887721,-0.620690640709922
23500,8500,OK,892,892,,6.0660934,0.12355638514187739,0.279776196080472,0.15468194828884552,0.3427351825083321,0.04918871762510672,1.7614566667052987,3.554077076935992,0.7066602350860633,0.3009415520383052,3.360383452945424,0.818607,0.8326553,0.57929015,-37.003102706392504,-53.242627970434626,-3.877315278688267,-0.32945158862083235,0.6430021643688548,-0.6060634434745288,0.33271154151302684
10000,8050,OK,1015,1015,,6.2058396,3.005531863964486,0.5039589510352417,1.010597985856032,3.2106860168273457,0.06345113438926339,6.214985800708043,5.277552679431168,1.169466936025486,0.4538353229363046,4.955283421939208,0.98469675,1.2677901,0.7979069,-36.480551089085125,-65.87743755632142,-3.7843132252203535,-0.5577245643341646,0.40511446069510454,-0.4426693596526631,0.5734713786220564
7850,9550,OK,898,898,,11.331076,1.65067065313718,0.1998057538378461,0.669306439500388,1.7923746969737442,0.014607173667183998,3.361424224149929,2.950287463419781,0.5287992224956919,0.2722509792895855,2.841437786116817,0.73426986,0.7640877,0.61182404,-27.10015284908326,-67.6665246773566,-2.072651441889938,0.6868585649187351,0.21188689781335165,-0.13336985600147397,-0.6823061892163635
4050,40800,OK,756,756,,16.826,0.9095024362008982,0.029360793350666436,4.298778592464809,4.394036199745659,0.05156174403260072,5.874589968096293,2.6446435981336944,0.7138983591141237,0.22535986432031396,2.484374143548213,0.75067335,0.8279653,0.6069359,-33.736406651787185,21.89481339057147,-5.020795481042548,-0.6976959454331965,-0.036054963154069405,-0.10346006329496725,0.7079663993870318
2950,39850,OK,1153,1153,,20.221174,2.4527974969220887,1.3976600164915465,7.688443014447637,8.19034950835525,0.1521043249748216,2.3798215377130854,5.348483381638852,1.3647478031338203,0.7614516356643217,5.119814469734951,3.2954845,2.4252698,1.8969058,-42.311359451888116,-27.15637597923797,-2.3957615230692944,0.7506362333428126,-0.06739361237633151,0.12589837863976538,-0.6450991741272512
2950,39750,OK,723,723,,15.839588,3.3797015363279237,0.061472761787387475,10.230745571752987,10.774707250271,0.1474897923818543,6.6438160052540765,4.727751681102546,1.3407251787171381,0.30396468986551367,4.4398512638751955,1.0680182,1.5831227,0.7011407,-36.061971277549006,-31.201374185432087,-2.797674375436253,0.757917120443385,0.056134066435063676,0.10863403221398808,-0.6407879931531189
22300,8100,OK,1095,1095,,5.144392,1.7981990688248983,0.1638548940959384,1.3027795675994527,2.226567519568302,0.06575064997005137,3.1582177874352846,3.944061302065378,0.7757378740080025,0.35081158931864287,3.822928371825377,0.82433057,0.88803333,0.68359977,-35.54240914688244,-67.87559394807295,-3.2705136151312244,0.72248947326668,-0.11952200719286298,0.22893837651665788,-0.6413350688784617
3900,40650,OK,808,808,,18.41779,0.5083276033324149,0.8485679883351465,5.405648913934454,5.495407606707402,0.05628419131396511,6.4262572193233325,2.3835122990548414,0.6920414280514162,0.227880077229361,2.2468930029284824,0.87186694,0.9760168,0.63877755,-34.857948838959956,14.495431924067532,-5.4193370825162175,0.7197264307989409,0.009947831796100617,0.10781081615036897,-0.6857636133340447
30550,27400,OK,1331,1331,,8.781853,0.04243311696601043,0.09802160244409222,0.2723883272327624,0.29258196248884044,0.01166905658924176,0.32636580112840763,2.0251324562989392,0.32308203716943584,0.17106987187463485,1.9471771520247465,1.5635308,1.5065765,1.0991538,37.4025719210062,-97.9639562067775,23.456250737472875,0.0757798945327759,-0.6118192163230456,0.7790753937016597,-0.11391305917698687
4700,41450,OK,1366,1366,,13.814383,0.6698795766055099,0.03126645356710411,2.0854586865017293,2.1906287160030926,0.03588377878357787,6.969096873390559,2.0969281465903755,0.5457683366279822,0.1669203380261542,2.00726494181524,0.9455176,0.95845854,0.7660115,-13.347703966585506,34.16696917789112,-2.9402172922997627,0.3551596593458833,-0.5871229547462892,0.6145075055215318,-0.3892669752766187
5500,42050,OK,1363,1363,,9.357862,0.3613796685827011,0.11644752235951666,0.08233303085769461,0.3885022757962006,0.015735042057297876,0.6246359087576517,2.2126573687948827,0.5182917949414466,0.24032021937730833,2.051432681954898,1.0556911,1.011519,0.7226704,-3.2134022088542147,11.180718597762182,-0.8781653535170839,0.014607780456999236,0.7108538624796483,-0.7030076783699408,0.015924920746771997
7900,9550,OK,949,949,,5.631551,2.503367402001979,0.06948763050690634,1.3619027468695208,2.8506939457139815,0.03491575498710849,5.194489686958884,2.899407963073087,0.48297845254996796,0.2500272274764071,2.7693066236807553,0.7454288,0.7855929,0.619794,-27.692835998963954,-67.93473779315752,-2.0469409744940825,0.7305639039142457,0.0839862509605392,0.005321407266816733,-0.677638823099644
10150,8300,OK,979,979,,13.752387,0.12680784033900405,0.20594349921427038,2.303528849339295,2.316190431069621,0.04728228880067758,3.411676820917979,1.048190445030416,0.17564169186298978,0.1620832573138501,1.008168612943415,1.3678182,1.295935,0.88945806,-41.52341397560106,-57.32977940699305,-4.115246768363073,0.5133762112636566,-0.47349286394082113,0.5037483251941649,-0.5084161665110248
14700,28750,OK,703,703,,16.482986,2.694473836874627,0.19412184315078052,2.2252562922117103,3.4999483015636015,0.0527799350907738,9.972364248510214,3.2854429688837916,0.7531904718811102,0.44101348544346486,3.1800262823282033,1.0874722,1.1233954,0.8602171,56.67694781164514,-69.48120280706681,27.507645156061763,-0.5214742915132031,0.3235531677716089,-0.487093414140966,0.6213838723496591
2850,39900,OK,1632,1632,,6.202661,0.010899443165632405,0.6067312658621529,1.4338807650842127,1.5570021436447987,0.14078022183482758,4.7746887368438555,1.8772792701674694,0.5791240473162308,0.21315682203872988,1.7073551037242776,1.155313,1.2588334,0.7029565,-38.27835448023486,-23.574844746371692,-5.412739023323766,0.7041003097948013,-0.056809822138140766,0.11298063186121929,-0.6987494362643432
4900,41450,OK,1127,1127,,14.765676,0.6028265571113423,0.18948988060821018,0.2922741566469056,0.696225865258745,0.011927554569922295,3.2858606090265314,2.0180103063601402,0.5559463438612362,0.15894749121520602,1.9138949364362348,0.93584317,0.94144297,0.77875173,-8.347037428755986,31.167290773567267,-2.026537190502292,0.3590402976619885,-0.5926275641872756,0.612759591903113,-0.3800109437252799
2000,9350,OK,525,525,,22.753748,3.4804973862413,0.4876299701143824,2.6349126299792753,4.392540223038439,0.06660406775863649,12.966220669025725,2.5117808428802837,0.603131273075387,0.3306915989381795,2.3292133183513064,1.9243166,1.976294,1.4816611,-19.055156371393178,-52.157822089281964,-1.5540611367847732,0.6360171907107305,0.45295533290327716,-0.3649553574136624,-0.5070711849533333
2000,9300,OK,486,486,,13.883915,4.426128165558619,0.7806847512154004,4.136623298879689,6.108332958800284,0.027284794284457143,11.198820806759095,5.021293602394599,1.2546822008236638,0.3691895485645863,4.707501354524947,1.2251699,1.4213927,0.9723169,-18.464873276491502,-53.27758541920613,-1.6400610762837935,0.6165621049573957,0.4685335981912819,-0.39348019053195726,-0.49548035052398415
2000,9400,OK,457,457,,14.730779,8.026925994233224,0.3422555833836825,2.6198126240488357,8.450567909104096,0.10986289876667503,14.773274634759852,4.990053988377011,1.175727852717605,0.3031908791313015,4.732082900007688,1.1428815,1.3684765,0.8379358,-20.21936966161275,-56.57307281701143,-1.4917309098219962,0.6409935191171101,0.4318013463964783,-0.36572095075430555,-0.5185779515939896
2000,9450,OK,443,443,,16.25953,12.1836243195794,0.42417075339686056,2.138914604272277,12.3772201270339,0.37422259018339477,16.459586474447885,3.2400157422955864,0.7473767778049072,0.23295576729984024,3.1092302037657937,0.95592237,1.0378686,0.71668386,-21.21116441881919,-60.7744381817808,-0.5572535390334106,0.6994183540403249,0.3677366910205601,-0.2634104538751902,-0.5533521707719579
2000,9250,OK,393,393,,13.723755,8.326303430870029,0.26554278380212076,1.9454430410156118,8.554682368082608,0.30373441239273014,9.451821463751875,6.353926076153332,1.7360106793720234,0.4595333756611997,5.849626776160669,1.3303293,1.5846066,1.0861253,-21.41614670222214,-56.253995786647295,-1.0137746964832735,0.6997706613831389,0.37704472093379077,-0.30144875085543793,-0.5265804311698834
2000,9600,OK,384,384,,13.581963,22.099322732511137,0.5875982735754348,0.3007703744219331,22.109179084374034,0.8870449493372984,21.37046326273102,3.462791382185351,0.8519086106557348,0.3505916644846164,3.2676314984008945,0.784075,0.8752384,0.6671757,-27.403389045002736,-69.15500807926622,-2.114194927698357,0.7433101230801329,0.17291630559835305,-0.12062582541685155,-0.6348538591103609
2000,9200,OK,359,359,,18.601221,5.6429682071621245,0.03675284041043278,0.8338172511504536,5.704357296544183,0.1734951328857747,7.65085012073056,5.333680139436681,1.183782637415213,0.4268991694127393,4.973885480800931,1.5144354,1.7534403,1.2601409,-21.637393005239826,-53.446930082601156,-1.5765864034441432,0.6671811363322433,0.4158806719041784,-0.3414625369501982,-0.515088277791759
2000,9550,OK,331,331,,14.313032,11.476153236227315,2.770206243146139,0.589427327278863,11.820472084696094,0.2997381181992578,19.781805614046025,2.9907019596451496,0.5336275605587015,0.24854237074140195,2.8463150428527317,0.7696166,0.80675805,0.6175729,-25.082560744191063,-58.75141352800134,1.117748804894907,0.6926519553509985,0.498111984594965,-0.25911834415883417,-0.45274209354961414
2000,9500,OK,325,325,,25.5879,5.188301925180458,2.1355561985442355,0.9302918509527063,5.687224285354056,0.14427465503983591,18.080832162587505,1.020230882729174,0.27916833680445313,0.16563162919280683,0.9373607560694537,1.4654547,1.4834293,1.1181064,-22.72588094212205,-52.68728139764705,0.2889924148109383,0.6640106683097974,0.46079474070720655,-0.3251797989327981,-0.4909339443075611
2000,9650,OK,272,272,,21.019514,11.905888546360869,3.4989907726542078,5.707186210961643,13.658883298135208,0.4061388829406998,22.583282710543816,1.430222755525476,0.281837891612318,0.19103531892435466,1.3765354056084926,1.377749,1.3271718,1.0110964,-27.688543381681733,-57.80857612141237,1.2541944968915801,0.7108352219332831,0.4447331054232784,-0.2027138985097042,-0.5057991968663301
2050,9350,OK,447,447,,22.365595,6.251328358316566,2.137812838267947,1.3194120247970913,6.737224804482578,0.22171660463173268,13.431665251258286,2.544503607900979,0.5642086151419068,0.3133790567743129,2.364704864369461,1.8374528,1.8928316,1.4308448,-24.841770777597702,-52.707286987848356,-0.6675616041501233,0.6410652479232408,0.4870557246782629,-0.27826850776989787,-0.5238117090584749
2050,9400,OK,433,433,,14.838092,8.708759750538544,2.549363480155529,2.211630259874523,9.339863968653052,0.22369155782181677,15.148125571757193,4.9997959600197595,1.187521039713472,0.3118767654248651,4.736735056955148,1.1053123,1.3268796,0.82173806,-22.892865632690572,-56.519507061817556,0.4637167787236987,0.6424421889206166,0.5134650555448255,-0.27258112783995947,-0.4993207379778372
2050,9300,OK,411,411,,13.704406,7.1771542536604755,1.921945380388975,2.529524946870567,7.848816068865146,0.23294268098057436,11.763348470316416,5.030779312084192,1.2413723538101147,0.3534131961533151,4.689217553912618,1.1736982,1.3682508,0.9364777,-22.243021979217055,-54.982966420859924,-0.04018198263963152,0.6400869149768587,0.5085185849336986,-0.266524959962792,-0.510550718116495
2050,9450,OK,404,404,,16.443432,11.82344925707622,1.8723206742217418,1.8356245625504621,12.110700003567628,0.3567912929464928,16.73233480238891,3.3182220756329377,0.7535363241349564,0.24221265401237035,3.1793339044390008,0.9330036,1.0014536,0.69873405,-22.66941195644735,-59.42192951556275,-0.6707620993771121,0.6785510927269637,0.411480561225887,-0.2622901642747496,-0.5490501179464382
2050,9500,OK,384,384,,25.77544,7.037604404706272,3.6239690235259423,2.6075274620507742,8.334280215229485,0.23091136757971897,18.245160835410985,1.0979571561834685,0.2861406195007633,0.16790447752813054,1.004553612955207,1.4165365,1.425771,1.0927836,-25.805916756013318,-53.41993387070992,0.19385038569138224,0.6572354259194108,0.47916798594266274,-0.2830491817667044,-0.5082546574950221
2050,9200,OK,379,379,,19.296537,2.228546824901282,0.6319046047193014,3.0180293417654553,3.8045006883952945,0.048953844249126605,8.37348898697591,5.286602913218294,1.1685573155600943,0.4115814743206072,4.886501999602347,1.4522845,1.6854389,1.2204177,-20.56375719702647,-50.33166324762984,-2.3079115231359593,0.5998025023362407,0.4900823942645919,-0.3797714731518408,-0.5057962368416258
2050,9250,OK,356,356,,14.257322,4.357060136341709,0.0845574623628288,2.270017380042707,4.913664813744953,0.04369643105345186,10.118417690932226,6.39026538498563,1.7137591898784723,0.4654516900206642,5.853596615305256,1.2648933,1.5143714,1.0542152,-21.893167105088448,-52.22882193022561,-2.01830023676268,0.5939787677297436,0.49322178973766767,-0.38285080366968555,-0.5072935557876751
2050,9600,OK,335,335,,13.834776,18.922601434095704,1.489308418388306,0.39208495352824335,18.9851682955276,0.6525174291657352,21.345987384153243,3.409316438835828,0.8385990404587769,0.34604163937594745,3.2202910950599968,0.7866903,0.8677769,0.6674309,-26.057529892644677,-65.83336638995897,-1.777727230116561,0.697924429349277,0.32424809823206513,-0.15798635106831355,-0.6187123520558602
2050,9550,OK,284,284,,14.31344,19.521792770129295,0.7130388189048694,3.459440241480677,19.838763673714993,0.7842472733229019,19.86271176161827,3.014784446550857,0.5262729702206153,0.2519822744623709,2.8750856900972135,0.764766,0.7956302,0.6172229,-24.524226218253112,-68.25203742264652,-2.0896382902827946,0.7284440985658165,0.24010725341989067,-0.1588637474111222,-0.6216751658851162
2050,9650,OK,262,262,,20.883682,7.489929984724101,0.8165565884690391,2.4962971408037133,7.937084808254613,0.14846947847968175,22.424992585928464,1.4760240053527434,0.2802853367477036,0.18930367992547306,1.4324554872206452,1.337551,1.2888476,1.0039657,-25.274909289728043,-54.46743553187253,-3.421795940612317,0.5946950672588581,0.4639434246342202,-0.3500492912209701,-0.5554815653397962
2100,9400,OK,423,423,,14.951191,8.143088484099817,0.3040625150691355,3.6691358997077574,8.93671652921102,0.10499632013356482,15.791076482160937,4.987448433813318,1.1714261673205013,0.30510560280346244,4.734923065681629,1.135478,1.3639021,0.83010536,-22.757517104458675,-55.82063852275998,-1.7251574437276178,0.6341341432135228,0.4470730808744529,-0.3780943535948014,-0.5050190180062583
2100,9350,OK,393,393,,22.708637,3.5247282080985674,0.26739563164058366,3.2166522770862884,4.779336903428195,0.05626630657324364,14.187984250203822,2.5034825737495128,0.5798167004300643,0.3214610024086533,2.324453409285649,1.9080167,1.9729236,1.4601802,-22.331887740168398,-51.23874582483117,-1.8740980946299794,0.6292570567517125,0.469428859454144,-0.3795005236460082,-0.48954208704886587
2100,9300,OK,386,386,,13.930049,4.828511252520282,0.9504798151263715,5.615553924948365,7.4667515479410875,0.02612964145165775,12.64396696687502,5.038372112410356,1.2335835693790074,0.3591478604539393,4.704484737324119,1.2093848,1.4089286,0.9519725,-20.69261365662092,-53.09752267929629,-1.9451546115486278,0.6110314190938174,0.4779173483029657,-0.39952174909966487,-0.4884853990321531
2100,9250,OK,350,350,,13.582032,8.600093290547001,0.16715948106448364,3.541171057244969,9.302120153754773,0.31997996991749783,11.130577413405895,6.364513276101423,1.7306391070777298,0.4567987432497104,5.878620739342355,1.3256537,1.5745319,1.0690727,-23.28199172265444,-55.453265206288606,-1.3819777940889173,0.6965845162157849,0.38741956873710764,-0.30738219184767274,-0.519800228609891
2100,9500,OK,323,323,,25.389795,2.346015928573822,1.2860373549267439,1.2508326022828609,2.9533481024631656,0.06416050293976162,18.645935306971523,1.0565374101364586,0.27759793720342374,0.1635795571534268,0.9730847175882094,1.4628594,1.4789935,1.1215912,-24.724248691270432,-49.60528854027763,-1.0117989213285985,0.6307803204451187,0.49587222490706956,-0.37520743647429616,-0.46416193674110456
2100,9450,OK,322,322,,16.255789,12.276778630609144,0.2860046335010272,4.092085275915483,12.943965934006846,0.3954599863324583,17.25603882429091,3.264595262048085,0.7462231786950517,0.23564959520560835,3.141892168910605,0.9507898,1.0292858,0.7129317,-22.27942496497415,-60.090595089537935,-1.343125477414516,0.689778324125672,0.3692190172525793,-0.2764258093169336,-0.558096723524603
2100,9200,OK,292,292,,18.911287,6.42807145221763,0.03534166457589738,2.466344501630354,6.885071301649137,0.2215366239285324,9.491637527992294,5.398824790438711,1.181104180492414,0.4209267852903469,5.018060742566844,1.5039389,1.7374768,1.2449534,-23.817752296980892,-53.26197522715132,-1.8160789661407,0.6725852881918511,0.41650767488479934,-0.33785936451537146,-0.5099033601372052
2100,9600,OK,275,275,,13.608966,23.757257310278362,0.9656249212002169,2.0156324588259484,23.862155824742455,1.020381907045993,21.530392002541138,3.430654345659301,0.8534927585010152,0.34384101692689484,3.228718938951464,0.79961216,0.8860318,0.68352926,-29.518597680678646,-68.40047424506399,-2.620301813896369,0.7407653414467364,0.14595841364900838,-0.08600758487740039,-0.6500504178445867
2100,9550,OK,264,264,,14.460023,20.84007942492339,0.3084773457848852,2.607621687992572,21.004850858258116,0.844597761066899,20.16482927998357,2.979803918056639,0.529272000634367,0.2519174622407855,2.840655801049566,0.7607081,0.7922031,0.61439604,-27.19921046422475,-66.46728658163038,-1.843264340521181,0.7391349382269451,0.22438308282224784,-0.12571113529265848,-0.6225178597428873
2100,9650,OK,233,233,,20.594624,7.601487500158562,0.24248130923903127,1.869532971162144,7.831766271452405,0.13822288444478373,22.466859323731253,1.478265846854125,0.28737478665011296,0.19279796465401633,1.4339160396905255,1.3669447,1.3093821,1.021728,-26.75796938881084,-54.25696306854871,-1.9089864564676384,0.6434238186072918,0.46196175258735717,-0.341017435127305,-0.5062649876639925
2150,9300,OK,480,480,,13.886232,4.713517882750441,0.3300851193310853,6.167162474731076,7.769176275947351,0.024024336830908998,13.677387249607223,5.075188951612473,1.2332314720235955,0.36305028822236407,4.734622576318744,1.1737199,1.3652776,0.97351855,-22.190507362837646,-52.644448352273514,-2.037091407634419,0.5808917694962866,0.489993105611387,-0.4128397302989101,-0.5020307417594111
2150,9400,OK,470,470,,14.979532,9.373213329830836,0.2977353332710038,3.5753936035631817,10.03639446592236,0.2212413142991822,16.560181779590568,5.0138551543742755,1.178084230412309,0.3055870926738824,4.7453975453360755,1.0810335,1.2984954,0.8339928,-24.418029503851614,-56.26565844277363,-2.5209777061826952,0.619731090919979,0.3996374300635732,-0.3904412674025512,-0.551161424764474
2150,9350,OK,460,460,,22.743977,4.042015446114256,0.09957437181407479,2.6991142759106124,4.861380647159082,0.08458752939651616,15.084381046238581,2.4531227024315685,0.602979576453242,0.31615656175475243,2.304413161872829,1.7933339,1.8555709,1.4851756,-24.56219769701934,-51.0378029033794,-2.2059161850424545,0.6083771463926115,0.4687055785197491,-0.3789775820378638,-0.5163025476640457
2150,9250,OK,338,338,,13.648907,9.153031629128634,0.7038079084159179,4.563109108572,10.251599792837736,0.3603502897403745,12.306852386869974,6.391160330716527,1.7436469460451818,0.45908954745966524,5.911493482526799,1.2551818,1.4951664,1.0766667,-24.190531688054097,-55.416599043293125,-1.5496321344730384,0.6791749780305765,0.3860461613663612,-0.3002794962252862,-0.5472859715524888
2150,9450,OK,332,332,,16.009296,14.504505827845176,1.4929187240529525,3.295285225287487,14.948859499728417,0.5251679790249376,17.89499337052157,3.232953825026215,0.7351127619521343,0.23170804506988196,3.1030490489215445,0.9222999,1.0015676,0.7115541,-25.3579244461901,-60.160995539951756,-0.999034284861963,0.6954518061302208,0.35426907270369046,-0.2259558018940148,-0.5829101003296424
2150,9200,OK,317,317,,18.555817,6.917418616941706,1.489526308081338,1.5924337854703277,7.2529452159509304,0.24326338441566892,10.793046613348587,5.366629781740594,1.1669818393116436,0.4329769653622051,4.992862423906546,1.4525021,1.6836772,1.2619553,-26.692391370876244,-52.486758260547944,-1.540062938356565,0.6616311019326385,0.4295256041755364,-0.3323018480352733,-0.5170372540788383
2150,9500,OK,305,305,,25.07456,16.71588169256335,0.7233517548667872,0.6414300781010409,16.74381590516738,0.6484533606413954,19.152298901150132,1.0739610048814738,0.28066478848810034,0.1711673296110262,0.994285707678265,1.3994597,1.4273467,1.1195741,-27.411864632492023,-60.487138272745995,-1.9055787578877375,0.6848636507772284,0.3281131877656751,-0.17409369037779576,-0.6268930553363736
2150,9600,OK,303,303,,13.764047,18.649836248502382,0.8259549934580658,0.6740248730814873,18.680281134841206,0.6339681694330822,21.79971031466913,3.398234964636007,0.8407256613418244,0.34788014405714696,3.2188990557173467,0.7669742,0.85620487,0.6742376,-27.66784018011481,-63.80323460456743,-2.021439857966019,0.7041839283820791,0.2963833336597859,-0.21265291687396906,-0.6091474792544802
2150,9550,OK,265,265,,14.353039,16.341327376746836,1.0638349164660488,1.4386677151467149,16.43899297274968,0.5028264959322389,20.560919969345296,3.051826573548252,0.5357603117068477,0.2512230760947023,2.9165105606102655,0.73662794,0.7771827,0.62002635,-26.784615374384146,-61.876732838929485,-1.4443553169943206,0.6777365930218382,0.3800202517236455,-0.21756018306078187,-0.5906989804507937
2150,9650,OK,257,257,,20.848585,27.429416649613383,3.4153559841941226,0.0048327479454144395,27.64122966860033,1.1361703273442447,22.58836001744163,1.4804658193372928,0.29289638376240024,0.19491923932385471,1.4396420145661284,1.3425169,1.2910291,1.0159414,-34.71203228896429,-67.0064971255672,-0.8744208444178572,0.7721609625967422,0.1486340878153952,-0.017313396116150393,-0.6175561529900608
2200,9300,OK,326,326,,14.21367,4.1428778894850735,0.5383214479160433,7.155094324510793,8.285445189072057,0.041902444832773146,15.028174861773119,5.029912114435355,1.239169726604054,0.35899063177957435,4.725524282311678,1.1607041,1.3591822,0.9542155,-23.59527476488972,-52.36879868947178,-2.2012187161284253,0.6106623439378309,0.4699625005646709,-0.39185386019522656,-0.5026701721899319
2200,9400,OK,318,318,,14.773906,7.845623047559144,2.195448561337058,5.547348514761143,9.856311223479647,0.23784615801460288,17.653336529244676,4.977937738882524,1.177340464933216,0.3165506671523893,4.746087487343658,1.0709044,1.2931855,0.8163819,-26.04777657673678,-55.03102038064286,-0.2813898859334001,0.6600964360966423,0.5026868389209321,-0.2699519314727016,-0.488574039140794
2200,9450,OK,296,296,,16.528282,7.640965401850067,0.20167011223458464,5.3475223641859095,9.328505697157874,0.12557245135846978,18.858074688848795,3.3403711772038323,0.750456267544972,0.23993010956666527,3.2245394798402813,0.9104526,0.9883829,0.70555,-25.074783750641316,-54.91127702950895,-2.3044376866814575,0.6393494993164491,0.42642203056459554,-0.35534460742525226,-0.5320964945822951
2200,9350,OK,294,294,,23.468857,1.5931065392987964,0.13458222467535924,3.8699028748259385,4.187152860995311,0.02304750137424559,16.304094119222935,2.5009834869681735,0.5674975165311529,0.30925894977434076,2.3184433937745776,1.8019625,1.868897,1.4614365,-26.008638072312348,-49.00080808549619,-2.5183105036003615,0.6166496014124957,0.47408376108157646,-0.3790512540126882,-0.5013062969761755
2200,9600,OK,259,259,,14.432067,20.581407700510006,0.5816698902186965,3.37074794758178,20.863715501365675,0.7921458837464812,22.38167683191711,3.4471063118201393,0.8163249856989294,0.34415005423896283,3.325389851917943,0.7847124,0.8643663,0.68904155,-29.209116663669967,-64.02495886471951,-2.128761607705367,0.7394416042445978,0.22134976126565298,-0.12554797991604552,-0.6232720929408072
2200,9500,OK,254,254,,25.890362,2.173260606656415,0.07045567479989229,2.205871601639826,3.097401360734054,0.018172987902452246,19.981637161483476,1.1077640505478996,0.2717823945083577,0.16198832604979058,1.0309626797287024,1.3788809,1.399419,1.0941584,-27.574518662638212,-49.04612718824005,-2.6625593057362296,0.6176568562463416,0.46943118549844404,-0.37576269730107636,-0.5068893028368533
2200,9200,OK,225,225,,19.193258,7.817645975645336,0.7397648122615275,2.9733369394434277,8.396640586177478,0.28624169856624937,12.389683662362662,5.2352099045598814,1.1710703715952342,0.4155612849828782,4.801075569563008,1.439057,1.6811036,1.2502251,-28.04396101858756,-52.578434123771565,-2.1325789169720344,0.684768593647826,0.3946634961234972,-0.2856621744111532,-0.5419684678021854
2200,9550,OK,222,222,,14.694498,11.109080341912609,1.2768910646144465,3.9949994140744067,11.874432077047569,0.1742653153786666,21.274262958501815,3.0611324605089387,0.5387764842108498,0.2609152366650389,2.8972155353279696,0.71607745,0.7484963,0.5977968,-27.51308410650848,-57.76708825800325,-1.335774703226302,0.6599990802024785,0.465718218175219,-0.30095332259885305,-0.5068874165022169
2200,9250,OK,221,221,,13.900238,9.328522823125459,0.3709690337657108,6.3726429610135975,11.30351867314518,0.40317267839141074,13.788976267659457,6.371296572952122,1.7302765361970522,0.46711409948756755,5.890564811199093,1.2439716,1.4920732,1.0569489,-25.25539501634438,-55.215470173474834,-1.7155326146906917,0.7052654328224567,0.3567347865176886,-0.24939683997227974,-0.5595910806703167
2200,9650,FAILED,198,198,,,,,,,,,,,,,,,,,,,,,,
2250,9400,OK,303,303,,15.123793,8.01721205870015,3.0177210296355432,5.99681615139766,10.456774519924178,0.33380292267545886,18.92941401683717,4.953829975586609,1.1857161460608836,0.3209569415290652,4.7084745468401135,1.0381387,1.2533513,0.8190803,-27.666634524298086,-54.61133044524662,-0.25108375389007465,0.6598689005572376,0.5196216637120877,-0.22596930453845532,-0.49346148186547606
2250,9350,OK,273,273,,23.616732,2.063090674307807,0.7506697859644831,1.7672484140183755,2.818335539786962,0.05796390669700595,17.698219884001226,2.5302216360732572,0.6024637023771686,0.319981920078706,2.363011644497347,1.7382989,1.802836,1.4547529,-29.858046881814026,-48.15724251137868,-2.3711424388031705,0.6165714636733565,0.4832402349002671,-0.35006285560021333,-0.5135898194924173
2250,9450,OK,262,262,,16.609417,8.923926729005792,1.886582262868738,4.528075712202952,10.183277004711067,0.1746118189232068,20.011762300440324,3.3315772947267894,0.7414993948845559,0.23619879797009757,3.226035562669681,0.8868127,0.9647197,0.71146816,-28.33015644874775,-54.82536071414161,-1.2971082041894573,0.6567494601241646,0.4495770765024004,-0.30774271259118974,-0.5213971823448893
2250,9500,OK,262,262,,25.686687,8.064682467842164,2.136899692952036,0.053575855881263124,8.34315971183536,0.24073696119294224,21.007905149964202,1.120206448735975,0.26701225841507514,0.16131536422006665,1.0354105275438674,1.3549503,1.3758241,1.104403,-30.76186499762945,-51.776748106801726,-1.7827277664401007,0.6674489252261461,0.42005147792149544,-0.2894734983548877,-0.5424700746221978
2250,9300,OK,242,242,,14.073353,5.4602194557372306,2.055108189312449,6.730301889214871,8.906987689143829,0.221385744232197,16.54031016513109,5.035293963012041,1.2245372500812204,0.3610571582175912,4.6906760691117775,1.1429539,1.3399734,0.94899744,-26.36791522884198,-52.624748381664325,-0.7574452524788335,0.6422385222417524,0.5119955433793933,-0.2799344312172901,-0.49701806639942414
2250,9550,OK,213,213,,14.892168,18.106320834309308,2.164206968261187,3.3107746232660844,18.533317958813427,0.6398615923100612,22.18589381621853,3.097639164502836,0.5338499782554995,0.26226680406904,2.962045328497263,0.71364754,0.74663574,0.60818946,-30.27928953058645,-60.291826915265816,-1.5297742814647404,0.713214140833344,0.34362057858551326,-0.1169741471287305,-0.599639505195762
2250,9250,FAILED,198,198,,,,,,,,,,,,,,,,,,,,,,
2250,9650,FAILED,184,184,,,,,,,,,,,,,,,,,,,,,,
2250,9600,FAILED,179,179,,,,,,,,,,,,,,,,,,,,,,
2250,9200,FAILED,165,165,,,,,,,,,,,,,,,,,,,,,,
2300,9400,OK,296,296,,14.773346,3.1837624728832807,4.5954201595344575,11.30183925748162,12.608957154671764,0.4614807553712666,20.376056707371827,4.900298724770498,1.169019910926258,0.3223754462854349,4.679340479148003,1.0139444,1.2286794,0.80101806,-27.490327293021483,-52.256168577701516,1.254917324387804,0.6504486491102943,0.6025064975073101,-0.2596606276975681,-0.38272553319026403
2300,9450,OK,258,258,,17.247269,12.237165186633142,3.3387989552980324,5.716482789000876,13.913086133054328,0.46920389787484496,21.351717015149823,3.3455969658940665,0.7415369178069249,0.2435304720355097,3.2534369691467084,0.8607416,0.9385378,0.68976265,-29.686144271269466,-55.727122102625536,-0.697960285259714,0.7038274141336116,0.40557040236653963,-0.15393725012045847,-0.5625326149332038
2300,9350,OK,254,254,,24.436085,1.3246445851392146,3.1667577040441697,2.358969458023264,4.1650659702996675,0.1721144320094746,19.24579059480171,2.498719755647565,0.6222122752089874,0.32667190265940294,2.324854381430013,1.7166836,1.7882099,1.4463787,-31.936381809139036,-47.24831715054222,-1.418047373933807,0.639844965294746,0.506294730017175,-0.30270776985012604,-0.4925769714635109
2300,9500,OK,232,232,,26.47876,21.636917531820146,0.21836605712576038,2.768247052632173,21.81437773025161,0.82871600806022,22.234741796801295,1.0865215911871082,0.2577705953854132,0.15508679960456107,1.0156155497711548,1.3176805,1.346118,1.0821756,-33.83822936782967,-56.74556273304089,-3.301186687564509,0.7119033740715922,0.19249237251303591,-0.09864269822679163,-0.6681391251800206
2300,9300,OK,221,221,,14.324732,4.794392872097474,2.185521601637815,7.376243924462766,9.064859740581674,0.2523964363578842,18.185004030797362,5.045368617316753,1.2100604996460662,0.36895654684174506,4.748973799400922,1.1147125,1.3108305,0.9437601,-27.839285660623183,-51.83641219387903,-1.022814964234234,0.641641557631586,0.5153637666384371,-0.2521744270215478,-0.5090229443872925
2300,9550,FAILED,192,192,,,,,,,,,,,,,,,,,,,,,,
2300,9250,FAILED,175,175,,,,,,,,,,,,,,,,,,,,,,
2300,9600,FAILED,161,161,,,,,,,,,,,,,,,,,,,,,,
2300,9650,FAILED,134,134,,,,,,,,,,,,,,,,,,,,,,
2300,9700,FAILED,123,123,,,,,,,,,,,,,,,,,,,,,,
2350,9450,FAILED,196,196,,,,,,,,,,,,,,,,,,,,,,
2350,9300,FAILED,177,177,,,,,,,,,,,,,,,,,,,,,,
2350,9550,FAILED,171,171,,,,,,,,,,,,,,,,,,,,,,
2350,9350,FAILED,167,167,,,,,,,,,,,,,,,,,,,,,,
2350,9500,FAILED,166,166,,,,,,,,,,,,,,,,,,,,,,
2350,9400,FAILED,162,162,,,,,,,,,,,,,,,,,,,,,,
2350,9600,FAILED,146,146,,,,,,,,,,,,,,,,,,,,,,
2350,9700,FAILED,100,100,,,,,,,,,,,,,,,,,,,,,,
2350,9650,FAILED,99,99,,,,,,,,,,,,,,,,,,,,,,
2350,9200,FAILED,67,67,,,,,,,,,,,,,,,,,,,,,,
2500,39300,OK,603,603,,15.338167,0.34114114855340527,1.628423829293864,10.78069147870006,10.90832022861286,0.11404666703520408,7.439016740500981,3.5863078212805974,1.1248054139630819,0.29205570087785615,3.3850726299729192,0.79320675,1.1485842,0.54814655,-37.55846038700841,-50.881927489625994,-5.106979520270698,0.7136225785361568,0.08719864620919178,-0.035011023177672365,-0.6941998557755134
2500,39650,OK,1428,1428,,7.066942,0.7639824781853739,0.25447166100146423,3.2455595054257156,3.3439619549998363,0.12444219416020477,8.31460925183067,2.922377556668374,0.834665530348346,0.2484874102341743,2.7754794954293,0.7789803,0.8888963,0.5279845,-38.24413689560622,-36.80905137833999,-5.259599699122217,-0.7065276145632996,-0.03040139327714502,0.008271674858809534,0.7069837795461309
2500,39750,OK,1278,1278,,8.831769,0.9493906804210102,0.4907603043475549,5.41440819176315,5.518877096604478,0.09239136670755028,12.726648199008908,4.847048647111881,1.3807918762812577,0.2352060944465555,4.539961395462534,0.81310385,1.271196,0.61996144,-38.16563354464795,-34.64388847467994,-5.871867906488238,0.7104434807538341,0.0501887342535158,0.0028575751940543037,-0.7019565412989731
2500,39700,OK,1369,1369,,16.94126,0.5456740157717115,0.08819696319287595,1.0596254510558243,1.195133855402871,0.02757951892214404,10.507707969201075,3.459798295133479,0.7528281101749138,0.45076079106523914,3.2912355364135486,1.8042358,1.4955468,1.4156574,-39.309710575161084,-41.2274024480613,-4.3718902366677055,0.7391738716341437,0.053871569541919566,0.01088516124392645,-0.6712684669736648
2550,39650,OK,1421,1421,,4.82255,0.39004495965573704,0.19589066935190103,2.8482638702218908,2.8815126755409852,0.11587291698493993,6.346082872186899,3.169840808782931,0.9040693946502588,0.2752617451477172,3.0003781361145547,0.71470094,0.84105337,0.4793041,-38.42371294487809,-35.22490802526135,-5.2790374191004785,0.7196675398239133,-0.005068211549081077,0.06660932096760083,-0.691097781587906
2550,39350,OK,586,586,,17.695038,0.5970340802593033,1.9427571776900896,9.452647548768006,9.668676270601226,0.11535651222202363,7.228775376184606,3.941728429738652,1.2288434884064916,0.2554581854436362,3.74414177339261,0.6573969,1.0653042,0.50584,-38.31997519739878,-47.672818868525646,-5.242831962966534,0.7153033914401241,0.03416140819255485,0.04199654241409951,-0.6967139634095322
2550,39300,OK,517,517,,15.289441,1.2950429835704622,2.242478499338726,12.300430395634757,12.570061020820344,0.11105964234087691,9.461752874591346,3.5787752874371934,1.135459738558176,0.29228414853236373,3.412612860439612,0.759785,1.1064875,0.5327804,-37.52244629378322,-50.5067491256314,-4.9929737126742815,0.7332794092494856,0.05424109686513486,0.015268928436409625,-0.6775884231640887
2550,39700,OK,1280,1280,,16.549639,0.6385089646998727,0.23889170080476152,1.182839062863282,1.3652366796093571,0.044226865851049214,8.522205624288056,3.4037563919670566,0.7696849868817117,0.46321769405279634,3.2264178690978587,1.8066231,1.4936327,1.3851534,-39.82374716957588,-39.22576740283288,-4.573487972045539,0.7529155622556128,0.009378188590834797,0.06711336293525597,-0.6546189748300837
2550,39750,OK,1184,1184,,7.794013,0.507015064277344,0.38303848739448143,4.674284381862802,4.717278584179243,0.08602554086730857,10.732765277273169,4.875967076235334,1.3798777456525504,0.24115476792469287,4.578595599007417,0.77241665,1.2662815,0.5812729,-38.14317431946225,-33.476502448903695,-5.803406968598274,0.7280598371223905,0.0012190083038306357,0.04108561525044065,-0.6842801763952877
2600,39700,OK,1447,1447,,16.04742,0.6566148946143973,0.12847028828486928,1.3609034184750897,1.516478107068697,0.059201905102198554,6.469548477103999,3.224888148518147,0.7790277534249157,0.44728507631438874,3.040126088627151,1.8149709,1.4991301,1.380392,-39.937940641733675,-37.232386072212286,-4.541587620314884,0.7468153917295096,0.01210902595318334,0.0853693921623565,-0.6594180836526959
2600,39400,OK,576,576,,48.22341,2.716464813840714,0.1474409618075193,1.445187095434755,3.080500878569025,0.10492054636134902,7.087899984346724,3.3189384235854065,0.7865842971971342,0.4380889807069567,3.1695834585855716,1.9255055,1.6318753,1.5412797,-40.930335228898706,-37.09106251590887,-4.708119857212081,0.7415260296559659,-0.0008086697526664521,0.103834315799526,-0.662840047265051
2600,39350,OK,538,538,,20.01841,1.9855874395158601,15.08254742333176,11.958655969778393,19.350329373437834,0.7010240576828797,9.32868710437792,3.9641688506410304,1.2324754635599167,0.256332133118615,3.761505250964168,0.65855956,1.0740373,0.52123207,-35.19336008597452,-40.6551661153966,-17.597233887204332,-0.48751172437934726,-0.11773594974591477,-0.16753090101066653,0.8487661408990447
2600,39800,OK,1162,1162,,9.765455,0.34603743907799067,0.6431985967474803,3.6937179337143693,3.7652355195850276,0.11722841783311763,10.932985685117796,2.9608274245194233,0.9868804113715268,0.2908081896092669,2.7593405294247813,1.0436972,1.39561,0.6976438,-38.50494046147847,-32.25124286072535,-6.232147218026208,0.7125176576044617,0.00872063628416225,0.0768730344102334,-0.6973758489403066
2600,39750,OK,1289,1289,,6.8038363,0.5677958911469703,0.5834993981680445,3.680049264359642,3.769035196145002,0.1283231795729943,8.666098033199361,4.918285500259692,1.3974380369752575,0.23223852508278647,4.630763918684082,0.769142,1.2594987,0.56931275,-38.25451806047619,-32.32189036622892,-5.812113911570889,0.7170353454780207,-0.009883063948245728,0.05479386717961665,-0.6948095210212027
2650,39450,OK,691,691,,15.322167,2.7338203005300166,1.356460968464937,11.426884945076095,11.827402899308266,0.09721870471880724,6.986187975076967,3.0414283505152326,0.9012862833410727,0.20283911283922462,2.84198699088786,1.0275018,1.210448,0.61325735,-37.45365047059947,-45.52238433394686,-4.817348809243539,0.7168005096795207,0.012896470523655366,0.07975783398125948,-0.6925816906978047
2650,39750,OK,1530,1530,,6.231802,0.4355093632344429,1.3180411236229712,2.707702439313226,3.0427870955571255,0.21664494912747664,6.524525011078773,4.756477542871961,1.2946907854935628,0.32100386366800393,4.50648720733302,0.97202384,1.4973911,0.63470787,-38.08096912227629,-30.932095381634173,-6.635308718389787,-0.6662329254214918,0.06920937471573418,-0.05616015788602864,0.7403983982978315
2650,39400,OK,602,602,,45.25673,2.963194107328552,1.4272514933019185,8.954838866449066,9.539743459176773,0.031053253750221325,9.264092748898312,4.164732695457104,1.0697278311362943,0.547052983641291,3.9521473961813554,2.3878307,1.8606756,1.6789904,-37.14510346605618,-43.19365070485458,-4.839116824003341,0.7337383689198628,-0.01792246434128987,0.09267333168597176,-0.6728435515340667
2650,39850,OK,1269,1269,,22.372673,0.7938420697122732,0.054315591334086366,4.063886034157722,4.1410512087789035,0.07271220916153899,11.0422102990882,5.369772005042157,1.3950712562810077,0.7609314251785078,5.139396768303204,3.137297,2.3077009,1.9738259,-41.153227894308316,-37.42806740914546,-3.9506766291051862,0.7391542363556022,-0.03986299655334698,0.11289812738748514,-0.6628091499185522
2650,39800,OK,1454,1454,,7.7043524,0.16674176761567927,0.9937273387600022,2.6609886274714514,2.8453747233710778,0.1356099505664445,8.780545439788376,2.615957783664946,0.9491597200359054,0.3806656046472341,2.353883535219353,1.3344275,1.6478059,0.7820942,-38.855136505133494,-30.957777036895486,-6.381511183349812,-0.6933692455323038,0.049484654530709535,-0.11070014946363829,0.7103068599025835
2700,39900,OK,1537,1537,,8.381857,0.007536984983155581,0.5408290410237893,2.059658830062471,2.129494624086113,0.09048483192187529,11.182781359759538,1.800625360366976,0.5973967039417003,0.24216335428656177,1.6330435364049798,1.2016958,1.2587204,0.7607288,-38.951121476230384,-29.44197577902908,-5.549534328018623,0.7041342407548211,-0.02701833198971561,0.113975958018759,-0.700338819234541
2800,39500,OK,697,697,,20.135183,1.8826672961916129,1.6707312316078475,12.388576113059374,12.641700720452317,0.12043403516047882,11.15886815141298,2.0617179100878933,0.6458938411967022,0.23964446675849826,1.8997015819327099,0.9143704,1.1765027,0.6640889,-37.61247064857334,-39.82016043936601,-5.372176064772685,-0.6833053261666265,-0.015550688680033101,-0.07884506347896375,0.7256965366314593
2800,39950,OK,1484,1484,,6.838539,0.30800700835377903,0.7751023891616584,3.150820873425727,3.259344137597995,0.11825173293303563,9.073375111063289,2.5939079471927684,0.8674806294657254,0.15825417041892864,2.459668855897645,1.1080383,1.296109,0.698074,-37.85953754755907,-24.11520418032866,-5.893036686358192,-0.6893624857200145,0.024184539877003353,-0.09717013763452473,0.7174624977411348
2850,39650,OK,694,694,,16.441793,1.8350524300943474,0.5032145774971466,8.678325738871676,8.88447972377468,0.051149088522571266,6.7491735210459085,2.6683730404245294,0.7971483907751616,0.2046814769164878,2.5205703254691154,0.90789527,1.0076917,0.5836974,-37.598541816434995,-34.02477841050868,-4.130442042932213,0.7200427036451376,-0.01762380501859588,0.09384253893047902,-0.6873292401106973
2850,39950,OK,1420,1420,,6.5421534,0.4209044664440988,0.5332148315043544,0.2715389503893366,0.7315818669071502,0.09908619001615236,6.916370805547351,2.6056191439064182,0.8730970715853674,0.1599605495534291,2.4474513524788053,1.1090566,1.3138646,0.6822246,-37.945640380450236,-24.887414263246487,-5.5143064690577726,0.7052729213440838,-0.02958477872437025,0.09173283674193945,-0.7023531404855313
2850,39600,OK,641,641,,18.025799,2.1851038975308334,3.7158480172336916,12.48848833191425,13.21153081011214,0.22022842675990972,8.991027276580075,3.2839443993379254,1.191337232590083,0.4141241449799149,2.9267517478571605,1.3801122,1.639221,0.8563643,-37.67600552357269,-36.44376599450308,1.0648437579594807,0.799241938375137,-0.036707528105843774,0.052007713733200754,-0.5976287133621994
2850,39550,OK,603,603,,41.05266,8.397456141730046,3.8410269044486207,10.585998741048323,14.047566574978548,0.14846961134292538,11.163169631548502,4.781552571101713,1.0407749860943616,0.6779136916709358,4.579007205157505,2.4773953,1.9222218,1.7361212,-30.818616692259507,-36.108583579337505,-5.907304296724799,0.7204154441396898,0.06389151107140469,0.07020053693951019,-0.6870162641971661
2850,40000,OK,1446,1446,,16.51427,1.0232694189874556,0.16433231998790176,0.7382930032093249,1.2724629557733205,0.09177114688411163,9.159097505348816,4.1442846844296914,1.0933784051958233,0.5088642516319286,3.9077843556370873,2.408429,1.781664,1.5492488,-40.205689892416274,-25.436866556208475,-4.350243960048295,0.7354483494766085,-0.0366201893945076,0.1221038812622696,-0.6654812763418158
2900,39650,OK,678,678,,15.825687,2.235445441385534,1.1963465688273014,10.705495030127423,11.001640117466085,0.0632575236320355,8.899532610571852,2.503830136693013,0.7810585444195013,0.17628332587383505,2.361341685851232,1.010649,1.0965892,0.6035698,-37.769740416661264,-33.97397100534621,-4.5836596749427345,0.7159207499484811,-0.009881410482959692,0.1359487159565671,-0.6847465108708712
2900,40050,OK,1592,1592,,7.8432937,0.09060480366665263,0.526875457961515,2.775839062492487,2.8268515135232692,0.11144468241570364,9.263285483017235,2.1245732698771755,0.7474279647856563,0.2531219954354529,1.930081918100039,1.4474206,1.4380546,0.80847543,-37.98600399138387,-20.131992113098008,-5.837203797799731,0.7008050369722045,-0.036832920044113475,0.12961453980723514,-0.7005110329080976
2900,39600,OK,550,550,,18.065853,4.503217401295302,2.2210004425426537,13.046557174331744,13.97943003245163,0.17271143121192278,11.150815445586675,3.2909055816932726,1.2249641241808182,0.4379237658296287,2.9266556974818636,1.4993923,1.7518547,0.88769627,-36.10076320517635,-35.64093726459455,-0.354642011419492,0.7860771661516133,0.0024551311141842416,0.07616603678452852,-0.6134129082655491
2950,40100,OK,1458,1458,,7.9619436,0.09368920937987268,0.7117412706400802,2.6109838017311526,2.7078754988346576,0.10852425204963521,9.328847515914282,1.9970974814488274,0.6249776215642846,0.27385039593148663,1.7984826759381116,1.3225709,1.4429263,0.8489856,-37.844909332913154,-18.17894964881455,-6.069984689608959,0.7056610874655616,-0.03163858558269382,0.10047872796043418,-0.7006749993875198
2950,39700,OK,607,607,,35.893646,2.594656016721864,1.3692076023818065,8.80340580229475,9.27938160781245,0.021133284608732834,8.847289072970026,4.1542800339178765,0.9791231647986702,0.5497707160091492,3.9433611503542054,2.3495402,1.8303353,1.5634634,-36.57964467361826,-30.02522206572913,-4.743636455838621,0.7352563279046762,-0.012161642482498139,0.09608578361965761,-0.6708336223792422
2950,39650,OK,576,576,,16.433958,1.7978088370311887,0.950525663082781,12.689243247262377,12.851167644960524,0.06105432621549737,11.04107434536103,2.4955256533378707,0.7793781214988875,0.17572974564125804,2.366435191877676,1.0061462,1.0833455,0.6055921,-38.00537578487544,-33.687432694550196,-4.126514932496973,0.7263457383894543,-0.031241192093234327,0.08974633033051793,-0.6807286187845181
3000,40100,OK,1417,1417,,7.2034316,0.09104120823191408,0.8535580682299183,1.9465993889435138,2.127463056899456,0.12958235645084698,7.198840936568032,1.962441677752317,0.6291791442484195,0.29096034046884345,1.7551808094857435,1.3921418,1.4792755,0.8371762,-37.97928130362728,-16.604527903804133,-6.141743965532195,-0.7002747752583636,0.059850664390113655,-0.10688983795930082,0.7032835129945426
3000,39800,OK,593,593,,15.475853,2.546242532709469,0.4401289961812075,10.511110653115354,10.824070940764075,0.06592036832696425,6.53741745079518,2.7199579830998957,1.018042397935201,0.38924880351281965,2.396187301482077,1.4842927,1.7392036,0.83064014,-37.191498872751964,-29.43491150907789,-3.6288992225710106,0.7483207811837126,-0.0020008987343580562,0.11053957020146327,-0.6540588721762965
3000,40150,OK,1285,1285,,15.702816,0.5204982609354262,0.16006920948659376,2.458644670214616,2.5182283863536292,0.08652404915456577,9.454274116079224,4.20720709536439,1.107729594448975,0.5008762296916363,3.946869102417419,2.863637,1.9093467,1.681562,-39.597601681024145,-20.78514894532647,-4.05615464961584,0.7455284934145755,-0.027928311132244955,0.13280777156891901,-0.6525100541410772
3000,39700,OK,561,561,,36.849064,2.3300808084507048,2.392527632653194,12.82761251077603,13.255229450052425,0.02673553540180945,10.993074421189982,4.5900925008667315,1.1526828917894738,0.611559590121237,4.329249310936287,2.46988,1.838985,1.6108412,-37.65133488512308,-31.890357831074212,-5.561209835716802,0.7334070998135478,-0.028459710183244252,0.10402585595390192,-0.6711800742963282
3000,39750,OK,559,559,,16.877712,0.02754435466335048,8.52026312526294,14.242998179908296,16.596946694138058,0.5264445964414377,8.780945406292851,4.672155682118568,1.2984450598838058,0.3461018507638657,4.332576203092619,1.1159962,1.615293,0.72872996,-38.84512371456675,-26.62040772252206,6.6393393081293155,0.8706030772185511,-0.1308779194340725,0.05196916530225533,-0.47140264954705635
3050,39850,OK,688,688,,36.863472,1.93357847194127,1.8006964191707682,9.575124710982255,9.932987794819452,0.028099678861914796,6.435379973274272,5.729339529972108,1.4184451514945087,0.7818587538558872,5.420455459099494,3.0518906,2.2366276,1.9888315,-36.90067559809635,-26.435511174164294,-5.196720464714989,0.7394292516025095,-0.001217902852950478,0.09840621102141255,-0.6660023395000974
3050,40150,OK,1229,1229,,14.583394,0.018853101049212895,0.04633869889223674,2.007216760106677,2.007840092359783,0.053402273203135876,7.313456203732279,3.8933466810688517,1.0301356480423607,0.4761306181652323,3.6817003538747173,2.611615,1.8338553,1.5969236,-38.026789357126596,-18.526121381719232,-4.381019212472363,0.7454439775598656,0.009961610435174302,0.10594943829224615,-0.6580188136845496
3050,39800,OK,646,646,,16.126228,2.455849199062981,0.7238891461847508,12.580900388938637,12.838779746568548,0.058410643759335086,8.656171922127461,2.686327473241939,1.02080524087896,0.36342605624097546,2.372481223589226,1.3466929,1.6435088,0.7848096,-36.79741198315478,-29.319696747900075,-3.6533585669211694,0.7465357309075995,0.02194039782165384,0.09440608539422861,-0.6582480630144091
3050,39750,OK,536,536,,17.47361,0.6636661830997599,9.565969931473536,16.229585963449487,18.850668266070638,0.5543093232978006,10.914340297923765,4.767442924449531,1.3518236025882728,0.30617802609438,4.4862773410067875,0.98220295,1.4826069,0.6815046,-37.805229956129935,-25.46174704002109,7.501073236692233,0.8875253205537156,-0.08639812288888503,0.03452389557452914,-0.45126740450830305
3050,40200,OK,1180,1180,,9.269272,2.7066187595610307,0.6252638335037551,0.8274505258419875,2.898519336456406,0.07961404298912918,9.557449214900412,3.359575199405726,1.2106605355505107,0.3021531993293529,3.062506334271442,1.6110125,1.717432,0.9074147,-34.26317297831597,-17.70047739514456,-4.872560024709654,0.738041440850061,0.02990455546127828,0.06577810507332839,-0.6708753908466099
3100,39900,OK,693,693,,17.023333,2.4063881790457238,0.9084043381613722,8.219501382189442,8.612555107612115,0.048336623960976176,6.329476011446113,1.942823906417944,0.5796064857784767,0.2103621105782743,1.7850102815729312,1.1161779,1.2101003,0.7190983,-36.27217116465984,-22.91145089226953,-4.680890999069638,0.7213299795321676,-0.029797371728226094,0.07148388217233158,-0.6882479435899425
3100,40200,OK,1337,1337,,7.869251,0.031019067992851812,0.7457235866910623,1.7082663050548064,1.8641994580280643,0.13042148214992555,7.425629878582582,3.413399734869592,1.1862706442243929,0.31066571979482943,3.0600474210692825,1.6081425,1.7230753,0.9023245,-37.83142914679399,-12.49026668117003,-5.82736116398849,0.7089001926202467,-0.07169408104433583,0.10280440650501219,-0.6940833737018469
3100,39850,OK,597,597,,37.854942,1.0225937668628289,1.0561272115819929,9.274070591399322,9.38986091661258,0.04391971886664302,8.545994047841095,5.754541433551329,1.3762854730579424,0.76118386534031,5.449813033072392,3.0079074,2.2151332,1.9574964,-37.81688170682486,-23.741133812586693,-4.748906060462344,0.734499503285601,-0.03938636552445451,0.09224518896759797,-0.6711557337878532
3100,40300,OK,1409,1409,,15.49846,0.0809835032821491,0.19981892933351775,2.1957433666596895,2.206303438911763,0.02483317726252798,11.93086500242029,2.410827418385594,0.581213898703369,0.36866095418694633,2.3043873672377204,1.6415535,1.5404102,1.2992347,-37.491313775229614,-12.193392828713415,-4.943240166546988,0.7367672317336782,-0.03032692676956052,0.08764706983986292,-0.6697554142406706
3100,39700,OK,515,515,,42.872845,2.3454866001677144,1.653262712855972,11.5937089506951,11.943561957084405,0.020480282775333092,15.270428529670422,4.564686420661802,1.1242417999433623,0.6144299529807993,4.312939246157752,2.160072,1.6623976,1.57641,-36.70594294451525,-26.31532869247408,-4.995578870992155,0.7325497414618956,-0.0272616570904877,0.08601258778692795,-0.6747069831259987
3150,40250,OK,1647,1647,,8.298832,3.55031497470274,1.5645999509892858,2.7215521333163695,4.73915134181143,0.23794924607704815,7.661844791807047,3.567384552337149,1.2105497546092456,0.2354227014286323,3.3307099174709256,1.1937443,1.4974961,0.77534837,-31.821917897149557,-14.580573292979523,-6.9186409769427994,-0.6598225778416887,-0.08175100361879538,0.0026449693974946887,0.7469564534258704
3150,39800,OK,692,692,,16.665344,0.9609961912843815,1.209151501074702,15.928842462356387,16.003549082087453,0.059163658535375245,12.835601556908609,3.001292713346663,1.1318708182262536,0.425002011734092,2.645634587051534,1.4157765,1.59778,0.86797297,-37.86903307257533,-28.16836159368579,-3.1316121789087594,0.7239341594486303,0.031338123804941546,0.09435426765732856,-0.6826672153799686
3200,40250,OK,1292,1292,,6.4195833,0.32677318257288956,0.4082959338178693,1.9120373288263233,1.982264621398042,0.08692283320009042,5.451560906590404,4.014015166647428,1.2649389546171443,0.20326032969960312,3.797981903443663,1.0397156,1.4079407,0.66082364,-36.741920012535196,-8.271852463490951,-5.399380319516536,0.7384706362149369,-0.07024208971676538,0.0916648697191338,-0.6643227528392375
3200,40300,OK,1153,1153,,14.874292,0.12020926379617447,0.0766495072109803,1.9011246990552317,1.9064628334735376,0.028609590643880082,7.662055325318105,1.932399389698669,0.46113027520193706,0.3399456575131732,1.8244113129449957,1.5922905,1.5637537,1.2613193,-37.09457072615445,-8.237317041290487,-5.03450195598236,0.7508848281308313,-0.041873481136649224,0.09172670282323582,-0.6526904307936561
3200,40000,OK,561,561,,32.897675,0.6193930729948796,1.322579571624662,7.84983071221783,7.984529210456381,0.04375798925204731,6.1296944659185195,3.6366545721423007,0.9360476254797747,0.46960206319877185,3.4430934798970014,2.338095,1.8150771,1.5910486,-37.83896592512544,-18.044651445578147,-4.817914436471241,0.7508296576919546,-0.05098312024480356,0.09322378259538112,-0.6518932987375275
3200,39950,OK,487,487,,14.712624,2.7844755370536953,2.165640018101558,11.02030331768018,11.571101326931942,0.1979278029449729,8.367617119544311,2.773721738177386,0.8943827286428099,0.160287475263865,2.6232524788111453,1.1359855,1.3456867,0.68965137,-35.978243278688375,-20.32333771190106,-0.38423977843437856,0.8117551970597842,-0.04698749555567519,0.04649958832795633,-0.5802443137103258
3200,40350,OK,1353,1353,,6.8254085,0.0699678053178931,0.21040020034557383,3.709099902775206,3.7157214409658725,0.10613175275521518,9.982592809311603,2.5974346146221867,0.7169615884969546,0.1834821626888864,2.443803216040678,0.9869815,1.123792,0.63938785,-36.84070099129148,-6.398218528913965,-5.85893682221042,0.7244781620211492,-0.06479637855316575,0.09292446444880284,-0.6799248973142222
3200,39900,OK,435,435,,19.08286,3.259735094775916,2.149640178579193,13.773198661442368,14.315998992492057,0.040406582927628554,10.562361270353822,1.9209953487840683,0.5825587924877385,0.2121928600518337,1.7656224915153333,1.1166567,1.2289315,0.7349664,-35.98106782771636,-24.40751270378868,-4.669642783606184,0.746220105817104,-0.017087856611361422,0.07921802241765406,-0.6607481091573216
3250,40050,OK,632,632,,15.624103,2.7009596536538227,1.998354130058869,8.904611242039913,9.517389539766286,0.08653620807225675,6.083623732699403,2.409114820336785,0.6983162653987196,0.20166714790802454,2.294871875205204,1.2238011,1.3426639,0.7327121,-35.44568177111542,-17.281105966993266,-5.158697565479099,0.7371149666601853,0.00548488076933954,0.0872256217838271,-0.6700918839330355
3250,40350,OK,1253,1253,,7.4038253,0.0465394922634324,0.1988705703388296,2.9329268889910054,2.9400298577146264,0.09759447337630746,7.757047641022029,2.9734484350566284,0.7968776402031539,0.2081146359656923,2.7962869114770688,0.9034874,1.0783501,0.60268676,-36.6086481403923,-4.975488912316281,-5.6421913365503125,0.7313823366851199,-0.04857680406224915,0.11685785327029387,-0.6701226856488074
3250,40000,OK,498,498,,37.14012,0.6264794514795531,0.891696323659525,6.278664045852018,6.372536468112902,0.04307310853631759,8.334799561524138,3.4833297516551918,0.8326359509133519,0.4216371012187845,3.313166938069882,2.1609895,1.742523,1.5188857,-37.25380644791866,-14.245057838134187,-4.515379658433326,0.7544263988031319,-0.03762905964836956,0.11294871564419404,-0.6454978313621543
3250,39950,OK,484,484,,16.251385,2.898000917897771,1.8127050543287038,12.40017704089546,12.862686328278244,0.039753702241709994,10.58724263620911,2.9830601681500495,0.9288725050735946,0.18512004327922238,2.8317104335839396,1.0242239,1.2786803,0.65613395,-36.04993789934053,-20.749213012827216,-4.256693207836149,0.7529235675420317,-0.0007571847459438906,0.10119094245775942,-0.6502814169846396
3250,40400,OK,1059,1059,,10.067994,2.1637652764686095,0.3100755681332643,0.9685777679112757,2.3908512965252426,0.10160240697994016,10.015451391459687,3.3417097618454847,0.9363500753222112,0.20126468014594,3.205774269402452,0.87265337,1.1614671,0.6166201,-33.753849164335776,-7.290200656478104,-5.261229637609105,0.7413191469424758,0.016274842958431745,0.07755704804850708,-0.6664577677251274
3300,40100,OK,672,672,,15.893321,0.7446331490337604,1.4461979322958107,6.963190394252516,7.150663427446934,0.06817840453686184,6.027609387604046,2.052111837658905,0.6556808279310684,0.2072126262968279,1.90560256505506,1.0785177,1.3476963,0.72702795,-36.85938863300947,-12.850228905772397,-5.005315233999422,0.7399942228082109,-0.01668467028890558,0.11157616168080507,-0.6630844079997669
3300,40350,OK,1184,1184,,5.5514393,0.3094765458917664,0.16773671837681536,2.059296538441305,2.0891657599111815,0.05070372243298965,5.577442781393967,3.053797324582724,0.8236683131255946,0.22331512526386166,2.9084902673912905,0.89770997,1.0735608,0.5990713,-36.15450231850904,-3.764791544084941,-5.184350906925829,0.7505689144430813,-0.031053075090238455,0.09337738382867389,-0.6534238099338644
3300,40400,OK,1015,1015,,7.9864435,0.07127065018636536,0.1916777795097513,2.7077189072118832,2.715430271100418,0.05781890540743657,7.823853541472888,3.4188507466118994,0.9423556399504867,0.20106898509113397,3.302107975293659,0.8678888,1.1573067,0.60956687,-36.40185227378826,-3.072451943038181,-5.409634058904677,0.7496518785641474,-0.024132454642066137,0.11356056974807575,-0.6515701670554646
3300,40050,OK,476,476,,15.9226055,2.9996150184820465,1.4244520284474207,10.638844083052138,11.145032851631463,0.0765713166700396,8.24102768491398,2.3074000980335025,0.7080165490036632,0.21481503021485038,2.112189561183925,1.2210996,1.3253698,0.72520274,-34.97114288920857,-16.688098701222025,-4.005530798016508,0.761293829148504,0.025034520576966,0.07472574061607688,-0.6436000638356624
3300,40450,OK,1118,1118,,17.927048,0.0262493306594363,0.15669516226513935,0.35902992139089385,0.39261289547252287,0.018885209258379432,10.104309728395416,2.6711658447642526,0.7702749755617434,0.33446235311181227,2.501841958484999,1.8001509,1.6302732,1.5139272,-36.76006664950669,-5.398680497422271,-4.856766210993015,0.7599474973938168,-0.011314576287127042,0.10083693989178119,-0.6420153371389028
3300,40000,OK,436,436,,39.72223,0.26309703543891927,0.9735808014478776,6.136173490253796,6.218496983154217,0.046909680520207706,10.503326495203769,3.475713298727084,0.8494847220548913,0.426549468195752,3.2983411225382433,2.151909,1.7471863,1.5823352,-37.027438648447415,-11.908240666720117,-4.64580530904241,0.7583553980432984,-0.02675832653921271,0.10724376144329785,-0.6424016328208577
3350,40150,OK,680,680,,27.631725,3.5872607686690383,0.9242642725840282,8.971175125915408,9.705909921684345,0.06290856776753624,5.888335117743442,3.5186741700410193,0.9194437332167054,0.43591245881760043,3.348085735537624,2.5095828,1.8379039,1.5621431,-34.32771947304632,-13.02927530679258,-4.249288583483394,0.7472945281633873,0.0022835366471313976,0.08791014094979897,-0.6586482223126607
3350,40450,OK,1359,1359,,16.629725,0.14513909647317996,0.12588409772487263,0.07468034971107773,0.2061293720410199,0.018282885247956914,8.01416500555811,2.8594099257692935,0.8964297540478525,0.3933540370719347,2.7107984280872253,1.8769747,1.6626666,1.5032983,-36.736891581499066,-3.5004830002734666,-4.867590610881864,0.7409318859980898,-0.029380327540425893,0.110457582185515,-0.6617823352150323
3350,40100,OK,568,568,,18.964622,2.0027141558794432,1.0878660807099685,8.11998476758619,8.433769573894637,0.062354983839543576,8.108649241369818,2.0574550782452965,0.6227069143198001,0.24930259084167572,1.8787559448924656,1.1035892,1.3465736,0.7815053,-35.90156174111816,-12.012792915214984,-4.788061172928529,0.7209871458352324,-0.01089678014525282,0.10990873397446348,-0.6840898083723818
3350,40050,OK,538,538,,15.858174,2.8557337086882373,1.4625825495633429,12.269801556721077,12.682365432778715,0.0566159835273636,10.328513842709462,2.2771897027923362,0.7189872552960845,0.22994467793974493,2.0758162300008527,1.2045228,1.3062233,0.7601686,-35.69580733721356,-16.25148379557831,-4.682287327239346,0.7317333072585898,0.0005373837657731695,0.09737787387089086,-0.6745988644724207
3350,40500,OK,1258,1258,,9.578636,0.05154903674961529,0.27405457719714366,3.7725637033435406,3.7828560784488814,0.06705266084796717,10.355963619194775,2.8629258515963967,0.85121490213464,0.248119454092679,2.703621916124245,0.9844132,1.1932994,0.7384778,-35.810740333307656,0.09649374420388313,-5.696269945738878,0.7231703684132903,-0.04217606167581978,0.09355724235266849,-0.6830028114684943
3400,40100,OK,673,673,,19.705381,1.1415380258328416,0.6183343726998471,10.1655660902776,10.248130580583284,0.07383185156326523,10.229010057209052,1.9890932663190575,0.6230165887396275,0.23004992575759697,1.8302227711450438,0.9248645,1.140711,0.72614366,-35.63377054904177,-11.671130574685531,-4.751692083074534,-0.6976753420351548,-0.07715171931474434,-0.09046133612915393,0.7064796359334337
3400,40050,OK,586,586,,16.68679,0.298583725530693,2.6389556262393654,14.329659820650184,14.573688263921678,0.1624035935093782,12.44984868477538,2.294679116580259,0.7161698303014261,0.2031247569805017,2.1108990140042154,0.98839766,1.1031001,0.69013155,-36.13828618031741,-15.5481871096836,-7.0276061635319245,-0.6614660954939481,-0.06846165885159114,-0.09374323800543538,0.7409371168375464
3450,40550,OK,1696,1696,,9.059663,0.3804144575668442,0.5706423774994568,3.3846920417414177,3.4534747863495103,0.086937790007843,8.415542785494377,3.034400054410867,0.8623579984815346,0.28004141225989854,2.848370294905145,0.90018684,1.0338644,0.6966246,-35.80470068802599,4.10630832575801,-5.791665777851784,-0.6994491761320821,-0.006416017111175216,-0.06784333490026968,0.7114260092533801
3450,40150,OK,621,621,,29.229998,2.4938144779734177,0.28836740654662113,12.856088836378886,13.098904022114754,0.07092938648289764,10.149637533849772,3.783193982739162,0.9431195959273391,0.44550043683475593,3.60418091419847,2.121963,1.5842096,1.4651242,-34.36414990704448,-12.183211254415308,-4.110724069073872,0.7315383048630651,0.056622486123023744,0.0500001386840666,-0.6776028251969551
3450,40100,OK,557,557,,19.954453,1.884617476860615,0.606652409109008,11.7518412786922,11.917448704279796,0.07242904413080188,12.386957592132534,1.9760307299142095,0.611446821692375,0.25082141162504845,1.8275613116707117,0.96151537,1.1772356,0.74769837,-35.053506831928715,-11.106706068374994,-4.589063100140721,0.7062326600877558,0.0645100842855354,0.07159551755823514,-0.7013900203997873
3500,40250,OK,664,664,,15.6784525,2.306651659678911,0.351709083711943,9.510280152443558,9.792332190884194,0.1032653353298021,7.824119203523566,4.129934388128836,1.277397595860562,0.21094209401160346,3.8597361640187593,0.856764,1.1846834,0.6252806,-34.28847748496535,-6.698947285104483,-4.126854539159747,0.7384403273496382,0.07812215457594728,0.0753366226123694,-0.6655277644107213
3500,40200,OK,595,595,,16.679014,1.8448377609581432,0.8186788288819813,11.67035682329375,11.843601216357955,0.0565375092534814,10.100000711024217,3.429854799487509,1.20836299435394,0.26799736665638557,3.1545954816788115,1.2426413,1.4466761,0.81466407,-34.836623850213726,-8.913141743430439,-4.589430613324988,0.7348000143659446,0.056215027850633204,0.0698783465851691,-0.6723286593698675
3500,40600,OK,1402,1402,,19.721928,0.07539084272357466,0.4128878606410049,0.8096745901631888,0.911994027714658,0.01524341203455422,8.495613301399473,1.9627591545177532,0.4329975052232533,0.26410801076514007,1.891375984220022,1.4941237,1.4195659,1.2118189,-36.17340457183172,3.639523316973434,-5.355215521949293,0.7317336705824818,0.022482968522830157,0.07440174508301804,-0.6771445427609167
3500,40650,OK,1256,1256,,14.927866,0.43767259126067043,0.2509262513185365,4.319186708138128,4.348550919616635,0.03414446070831604,10.803613765904773,2.25408946961794,0.6762813204517948,0.23049684999690978,2.0865725351308173,0.8858227,0.99931324,0.6701313,-35.418718307377766,7.130783979971962,-5.597492286887252,0.7195448068867906,0.024073518891282862,0.07509733472691,-0.6899537135832786
3550,40250,OK,677,677,,15.571143,5.013674842931603,7.598605421083933,10.268119248564224,13.722609543330542,0.5341953791050322,9.90731865196691,4.047396652728636,1.2560096762703519,0.21221442569640347,3.8149375948164335,0.9317079,1.2504097,0.64580405,-30.563469140927122,-2.012313440486887,-10.439580289175405,-0.5344464469073702,-0.11610324544729461,-0.03716729176618674,0.8363645283053677
3550,40600,OK,1670,1670,,13.991402,0.056418453233378074,0.31032925685609414,0.9056644472115662,0.959017924998868,0.03771484741431056,6.378815357230788,2.405827547201207,0.5453290779848593,0.3290236519476765,2.301395718051199,1.6185669,1.468234,1.2631617,-35.944273597521075,5.90711901606929,-5.309774361503053,0.7154437779348197,-0.011140411249819508,0.08492478220831208,-0.6934002258569056
3550,40200,OK,670,670,,16.093433,1.704329709517301,0.5357128696931247,14.179870635199428,14.291971846756807,0.027902083922076895,12.193098886158571,3.357132656737957,1.1913306706837703,0.29969641334143543,3.066251958505915,1.3947767,1.5138057,0.8480602,-35.68675576577784,-9.308633804837054,-4.651948528116112,0.7177496148813814,0.00840717818023428,0.09397278145067589,-0.6898796460536416
3550,40650,OK,1465,1465,,11.280278,0.22882884047414287,0.3289018622273946,3.579183761025405,3.601540707585762,0.0621170312585736,8.68430398555245,2.08971577283075,0.623351894809328,0.20557845898502114,1.9370160140401138,0.9669172,1.0613159,0.7135134,-35.347787779960754,8.543552447797381,-5.583697439526851,-0.7026810311305991,0.011164663922058915,-0.08449722095574619,0.7063815813138826
3600,40250,OK,694,694,,15.663506,3.9684263422130552,5.780676996356254,13.220232463068644,14.964597573852325,0.4649511616853515,11.992573128275687,3.822067010902745,1.2544955839920306,0.21510072157774907,3.5263180098514137,0.96873045,1.2482044,0.6780088,-31.112893430013244,-3.1183650840702084,-9.745947589791454,-0.5420084750788658,-0.13567283273789102,-0.009777184117394597,0.8292913252110462
3600,40300,OK,682,682,,29.266788,0.6374459048032215,0.33194038794768643,7.440766074621569,7.47539440296902,0.020590987839350258,9.721527063983219,2.802917635230365,0.6009050412309979,0.3796917712836854,2.6868806305201387,1.457812,1.3933834,1.2232054,-35.28561528608615,-0.3638208993246863,-5.164411718299049,-0.6991008119278013,-0.05000962197778923,-0.07833540528021687,0.7089574435402395
3600,40650,OK,1424,1424,,11.450049,0.29834149157480183,0.601614743068818,2.3754858571703963,2.4685787413589644,0.06586983937945246,6.587177034700226,1.9691121392504412,0.6012479716300132,0.19957389304231032,1.8229994700123928,0.99574125,1.0750409,0.7386509,-35.22248746554484,9.507384721624812,-5.6687101523418475,-0.6815954904346805,-0.02919077228905664,-0.07357941709153638,0.7274349150355278
3600,40700,OK,1408,1408,,11.103554,0.3163941016329431,0.8675912934403953,3.210825897284561,3.3409912934150103,0.1050776769352301,8.90559996895913,1.9139985383151314,0.5950110392800522,0.25599916300285225,1.7805519875312155,1.0688124,1.128723,0.79942876,-35.15225285283127,10.391526338059624,-6.166566253009965,-0.6707279578736582,-0.019526481805591585,-0.06199962970570348,0.738849625398351
3650,40350,OK,685,685,,17.50824,2.258212669659719,0.017997538198352148,11.2173965127011,11.442457467517704,0.09695942632276404,9.595555744675833,2.5498736186052424,0.7495464585106434,0.20095885480606057,2.3989063694678023,0.8565871,0.98781556,0.62853456,-33.79037891724712,-1.8695088829606261,-3.660867556840836,0.7349136460870399,0.09394616077037071,0.06275726446851722,-0.6686834657952815
3650,40300,OK,621,621,,31.110455,0.13691800311306168,0.7150985987739094,7.92916752194968,7.96252536176096,0.01763777298768991,11.925748403872115,2.4547133029125296,0.5475633546086704,0.3742823312908241,2.3615682190249783,1.354305,1.3362983,1.1973445,-35.66863395329123,1.2941126355407557,-5.02076118248781,0.7235818670922759,0.046841077227049326,0.0794417737549719,-0.6840498517521436
3650,40800,OK,1139,1139,,15.21554,0.5952178446852456,0.3404934623937632,4.3807999147954035,4.434143431829428,0.055995656812226326,11.321818002528733,2.0678102465146777,0.57852180427001,0.1635800635888378,1.9100453749929498,0.9196246,0.9813746,0.6577205,-34.73268743452169,13.60502585340508,-5.848001391474832,0.7101565250966742,0.05414513714312457,0.08310871220574692,-0.6970214888666427
3700,40750,OK,1127,1127,,26.55759,0.345941359763981,0.21716984060544053,0.34173429736810945,0.5325603196461599,0.0039112266490862364,6.90020917159368,2.4117241178023203,0.4738534099954883,0.35789235132180086,2.300753319923465,1.4287255,1.3014625,1.1450616,-35.110996954989645,11.01547730558991,-5.119710148049249,0.7290574403938027,0.038331532310839515,0.08670550968519822,-0.6778555132381605
3700,40400,OK,648,648,,17.102852,2.330656487083253,0.7825262206577117,11.017872764031525,11.288836396688003,0.11317843410664266,9.454894679342233,2.9358835970028725,0.9405317798592879,0.19668132438790636,2.761267810281021,0.8620489,1.091192,0.6376609,-33.75915820143218,0.32388962106479147,-4.571319481497832,0.7145287226543361,0.09263918807739437,0.0880214683351959,-0.6878363951161932
3700,40850,OK,857,857,,17.06748,0.08600775867386856,0.4507586331719311,4.671401600853175,4.693886832507228,0.07484154958413138,11.435530069311278,2.544878581389598,0.6938076941164892,0.2397583238434975,2.3839139726080845,0.9311867,1.0907701,0.7152138,-35.01073416043507,16.09820413248666,-6.198003387239138,0.7067801568175515,0.04504741045708769,0.11087343387584414,-0.6972371349839642
3700,40350,OK,608,608,,17.195736,1.2498747365774652,1.2501357876677632,11.862376772775322,11.993373547256073,0.08026314531384991,11.736098871543652,2.5335752720885303,0.7491204298423918,0.19622800176850264,2.3570927134086275,0.87027436,0.99479043,0.63013905,-34.91216456045331,-0.5396693123876619,-5.229142144088392,-0.7023268160134686,-0.051777471125745295,-0.0985696407481792,0.7030932818019106
3750,40800,OK,1503,1503,,12.160866,0.45055377331586666,0.249980351943914,2.3426363785079936,2.398631710145644,0.03883352102624219,7.027113683950497,2.4341305314501334,0.6566835695382851,0.1886420957323417,2.270581192128713,0.87481445,0.9536709,0.63438576,-34.59356867383225,15.858730562243132,-5.568648688873714,0.7217617452779658,0.03996478583582736,0.09282010652176143,-0.6847241975946886
3750,40850,OK,1168,1168,,16.48378,0.5220361672104827,0.3348773391538319,4.055888728951248,4.103035214787747,0.05129403153193953,9.267776895169696,2.600724515618984,0.6823787241822938,0.22660879904609277,2.4823656099799996,0.8918234,1.0544966,0.69776076,-34.35128919300965,17.56144886326408,-5.850103450531591,0.719604539846565,0.048941288536374875,0.10381419239194813,-0.6848333154619598
3750,40450,OK,587,587,,38.60322,0.05977294451289272,0.2926695371963599,3.7542661400891353,3.766130974026029,0.018284573970011323,9.34206567808246,3.101225228320219,0.731595558794259,0.3782688886126824,2.95277183139175,1.6879816,1.5345674,1.4707898,-35.497597089107245,9.82051904574693,-4.995790625172115,0.7331961038091729,0.03800008037200711,0.10022702534104372,-0.6715162028142398
3750,40400,OK,567,567,,17.766918,2.2347526759906957,0.6668248609146533,12.058584373493888,12.282028823067156,0.15022788809898413,11.627142685643296,3.084372037981546,0.9616626579332773,0.19854734721173575,2.907901085820261,0.84429574,1.1013845,0.627383,-34.31787745140966,1.7490259335721199,-2.839575613213526,0.7642705950499726,0.09482949104943322,0.10360268252328715,-0.6294158477058271
3800,40450,OK,601,601,,37.191406,0.7086688781972209,0.08282318168715375,4.909184010686509,4.960761928285832,0.012193621280887586,11.46867288609318,3.1792674484350973,0.7666096060663221,0.40334073918524216,3.0269778294393133,1.7577561,1.565764,1.4837725,-34.91650396524039,10.782490449919788,-4.601153966435927,0.7314246257242414,0.024108827132565184,0.09950371916681884,-0.6741926959040838
3800,40350,OK,519,519,,17.74746,1.5100134197669584,0.8351657441157536,15.141148603543805,15.239160849030279,0.06785932210490513,16.04399824694612,2.6297079242217776,0.7469646745306401,0.18999246917066742,2.442798308516149,0.8837725,1.0153531,0.62036186,-35.10650294381783,0.4785386330808983,-4.6315616898344425,0.718940935076745,0.04095507741566632,0.12007356671598204,-0.6833951653918507
3850,40550,OK,685,685,,18.334002,1.6996678534167944,0.5661221572618049,8.217936044238936,8.410935615975355,0.07035626101793845,8.913431834102523,3.078583616038481,0.875971289485574,0.2720913906591375,2.8197254597267785,0.8714845,0.9877347,0.66059464,-33.67739381194702,9.579516639983376,-4.857884614703263,0.7215511923716151,0.0713343706866549,0.06557017917508458,-0.6855478363679566
3850,40500,OK,537,537,,19.526224,1.625852660984639,0.5116995758635388,9.562746458626325,9.713462470362465,0.10276011236210092,11.232676206268577,2.9327205883110006,0.8778203600939074,0.25055815369740486,2.751726260009158,0.8805012,1.078708,0.7248372,-34.0915102516227,8.323718513686812,-3.8000270384924626,0.7420317491800135,0.08044977149248325,0.08995273209034794,-0.6594127868529234
3850,40450,OK,536,536,,39.230618,0.018694381274929284,0.1735417877420563,6.117385470600359,6.1198750990437984,0.01131918763846729,13.576465121675454,3.477353673759179,0.878815790686724,0.42216139313728895,3.311121003543115,1.681055,1.5052947,1.5090069,-35.20343706930921,11.714500978245454,-4.9500624491864516,0.7293810768736626,0.034758872618574924,0.07861701070315907,-0.6786858117722822
3850,40900,OK,593,593,,29.693497,1.4071826755890324,0.14156320110269582,1.4449154537521753,2.0218763292734314,0.04587230913411429,7.360226431583308,1.3868986552844615,0.208557735618913,0.2806404891980904,1.3237433021182952,1.3620079,1.3256832,0.9838158,-36.79557338748777,16.632081633477817,-5.046089205339935,0.7323785487860389,0.02480733296039279,0.09179810287175086,-0.6742250112674517
3900,40600,OK,636,636,,34.452217,0.20244353235632417,0.25392521383711664,3.661342025498638,3.6757158249377224,0.019018290412240728,8.737437120979736,2.103578718254327,0.44428675719056465,0.3044681608186531,2.0047557105807257,1.491852,1.3729188,1.1739419,-34.97259114786522,16.282153773958438,-5.099465908536724,0.738844944059689,0.004630170786224499,0.0982852526474892,-0.6666533726517435
3900,40900,OK,1184,1184,,25.439087,0.0883260633058438,0.3791722430863297,0.1664969200346853,0.423431585698638,0.025797925593475005,5.355090625878068,1.190115311021384,0.19537806115134748,0.2908629226213896,1.1172722767209073,1.3468512,1.3094385,0.9738932,-35.036562262425434,19.81938904619161,-5.547263443778176,0.7358926631325764,0.0012716350322365924,0.10085038102029446,-0.6695443017008289
3900,40550,OK,589,589,,19.188015,0.7533571473070987,0.7533298830996835,10.360070625737789,10.414706730121816,0.05409390767406332,11.04585004744254,3.2010455022555973,0.8778087118850986,0.2726124782892859,3.0255120028523415,0.8760086,0.9946017,0.6511528,-35.236261239703076,9.562557985764453,-4.919654526183841,0.730681281661033,0.015098443855928644,0.11782009587309952,-0.6723059769418782
3900,40500,OK,490,490,,20.769564,1.3916352455857082,1.8687504077561827,10.454412548261658,10.710911187779315,0.07787514457883886,13.367111056234247,3.023539676608526,0.9008021730816207,0.2508346862526428,2.874677182108961,0.86560315,1.0676548,0.68693495,-34.471677947011315,9.355461857909523,-5.695809376641863,0.7108584238089237,0.01977965263344472,0.10203274956250312,-0.6956136748643664
3900,40400,OK,489,489,,19.061106,1.8547793111732793,5.767402056769365,16.601783862587364,17.67264440307817,0.3366174124619438,18.005180249996116,3.248557524075639,0.9585222495799763,0.19246665511382222,3.1083841062371866,0.8044709,1.0731919,0.6103203,-34.79809246349885,5.864968572775188,1.391197355974676,0.8323762502018729,-0.029232345418979868,0.030592363096197384,-0.5525933001777753
3950,40550,OK,623,623,,18.821224,0.5714756164957842,0.10760074234253036,10.987569495854748,11.00294713820982,0.06656011170950063,13.056273975077023,3.020729688826655,0.8540799593438235,0.2655177810603364,2.775851123306955,0.88742644,1.0033025,0.6722427,-34.83244564665558,11.037013562737823,-5.2378627045794115,-0.6925948093456007,-0.04002849542034307,-0.10205390282449489,0.7129482102791218
3950,40600,OK,580,580,,33.408066,0.5306117543582642,0.11619583232290354,4.438520338412473,4.471634276169457,0.012912347131450678,10.748817406661518,2.4442918238980207,0.5537087916082556,0.34231417690424526,2.3255016037809573,1.4983464,1.3653753,1.2058496,-34.43129808188932,17.54734598125738,-5.31705926620713,0.7076310837362844,0.026597869563467606,0.07980224596116842,-0.701557128254321
3950,40500,OK,572,572,,20.581148,0.30252840847569784,1.3062275869000919,12.100880082372889,12.174935429589866,0.10731132345771298,15.379468075502347,2.877528874249952,0.9123260621679661,0.2563652956097374,2.664270958339772,0.90357614,1.085447,0.72085315,-34.92013851950529,10.086071289157646,-6.224815547366968,-0.6698868516559228,-0.035478473288375584,-0.10310119543053672,0.7344133900007788
3950,40450,OK,538,538,,39.985718,0.47365874490926674,0.28970402507275705,5.714125932547255,5.741037902834418,0.015804016514398587,17.727555769650426,3.27968147287507,0.8188263212027008,0.41289174117348426,3.1222547873043194,1.6968678,1.5155559,1.5051736,-34.569648013363306,16.281548378490843,-5.0173593493769975,0.7085685879377405,0.024376365401053094,0.08154599281495949,-0.7004902569297975
3950,40900,OK,733,733,,28.156244,0.04581237596785637,0.18482086301237638,0.2916776400881287,0.3483294000279617,0.029888651710589628,3.535684993048343,1.5979318139791294,0.21496311792711964,0.30207612683269036,1.5294283970375608,1.3458369,1.3176794,1.0030916,-34.7339841929368,21.764933068119152,-5.384509322609231,0.7082344727778471,0.024603094433919594,0.09016373169378218,-0.6997636178027636
4000,40650,OK,641,641,,18.972446,0.35285971366804314,0.36712651461703505,8.034059978325981,8.050180842105599,0.04507411617059828,10.606712956898173,2.3603047761282645,0.7222051083985481,0.23095399745359646,2.1978117799707224,0.8133706,0.91599065,0.6296864,-34.49230552873289,16.121808709039193,-5.099325156309492,0.7053504002164024,0.04419687996732986,0.09714610995008639,-0.7007781974614224
4000,40600,OK,547,547,,34.434017,0.6441486639382086,0.47100112796302807,5.296674188034857,5.356447238421241,0.008785053935027624,12.924958254188235,2.2384710529516374,0.49771505965002794,0.2987741074459878,2.132394848273477,1.4062668,1.3090298,1.1629814,-34.034811065136466,18.821356522774582,-5.291371562190238,0.7165366652222168,0.04040779349350539,0.08535785506047754,-0.6911269450663065
4000,40550,OK,512,512,,19.516348,0.29308204076176836,1.3325883386242772,12.46884577672545,12.543277233905762,0.09452146657602865,15.231018030884952,3.161702198750624,0.8879108046420008,0.28014376068807956,2.931828916227838,0.8378704,0.96863556,0.6540711,-35.13127898462316,11.798317438450212,-5.894299934745164,-0.6906489889204337,-0.040653725432040114,-0.11323928917571253,0.7131115705825128
4000,40500,OK,509,509,,21.390554,0.5261983247228486,2.5504126332954318,13.696322345518457,13.94169053843049,0.15435709177979334,17.55528130396449,3.0214482538326712,0.9330559180745011,0.25467274011884544,2.8188503437415076,0.8515177,1.0502009,0.70695186,-35.003169149276886,10.716235112140588,-6.851825657889091,-0.6732875599055881,-0.054306203043777174,-0.13300508854429904,0.7252891453818058
4000,40450,OK,483,483,,41.675346,0.3805271872950351,0.1740196865533059,6.878793456359491,6.891508050262506,0.012269718081955195,19.905100049840325,2.9574693429884853,0.7330419961040874,0.3754310427595886,2.8178821676657524,1.6064819,1.4723326,1.4811835,-34.30968759006777,17.26488877355161,-4.993529528770455,0.718256001376788,0.03614037481584915,0.08839852782298437,-0.6891936520841776
4050,40650,OK,685,685,,19.38486,1.1650320734373905,0.06728542262348887,9.04063578903335,9.115641641167455,0.06816643839516434,12.697185229007795,2.3697207413665513,0.7143091908466404,0.22226937847278994,2.2162550753269326,0.85074174,0.9597356,0.6369489,-34.09031776389667,17.168229497560645,-4.737836868535038,-0.6977491003136802,-0.04302400376684211,-0.11693162220903665,0.705423364965241
4050,40700,OK,659,659,,20.309792,0.71070866582526,0.21828036445512594,7.599085718256909,7.635368810908998,0.06948142381198719,10.373871757960595,2.228857270619545,0.697350314594769,0.2549994719272193,2.0760725175865655,0.90744054,1.0131043,0.69046956,-34.2659306953409,18.65178770784734,-5.0746524533263,-0.6880127093481951,-0.029413728085255986,-0.11185486049740494,0.7164229439085467
4050,40500,OK,557,557,,21.325628,2.4703087008664397,2.1126991305056735,17.366125560028124,17.667717443412943,0.16754252659463442,19.64549103333006,3.0162151287119623,0.9270583223833833,0.25258198631787643,2.818787538046874,0.8643996,1.0594838,0.6932468,-38.37311197491334,9.991731286832845,-3.2070092451891172,0.7272323809280616,-0.057472948344297545,0.12433430322364833,-0.6725852402336867
4050,40600,OK,522,522,,35.986385,0.6057933713539486,0.17669457319165222,5.188146515422044,5.226382194832068,0.01488953332925598,15.016707287285177,2.1894031642317944,0.4779694518688907,0.3135210213507685,2.08588670913979,1.4532199,1.3506489,1.1890055,-34.15134559341689,21.051094387206774,-5.123052071553157,0.7063741599908941,0.01905686684799007,0.09803184518490632,-0.7007582602101379
4050,40550,OK,499,499,,19.497942,0.26470792284605116,0.29555609533610105,15.673423211762124,15.67844440194599,0.05364578058224882,17.32055305739097,3.144273324908226,0.8779622849890076,0.27188361557418617,2.917872813335583,0.85839355,0.9934795,0.6482055,-35.60809236412979,10.715219346507794,-5.21119497705328,-0.6945903807533818,-0.004335568091207287,-0.10557714728988349,0.7116030296340293
4050,40450,OK,476,476,,41.92971,1.3433674106362923,0.12791307681032182,5.3807907655832,5.54742345762104,0.025103933815509107,21.996806822245528,2.8625901526761375,0.7607885026161932,0.39705881683245603,2.7065919621659438,1.6228143,1.4721967,1.4464692,-33.54845752892282,20.78409079448784,-4.848400313943462,0.7055842015213029,0.02751374693704491,0.10454362807826924,-0.7003317486172266
4100,40750,OK,680,680,,30.975,0.7952717395134368,0.2845161334751149,4.736964737100332,4.811677617048796,0.014045887024131338,10.275920108102696,2.366194308476136,0.4591778374768043,0.31983339719809184,2.2546422367523618,1.3395493,1.2216934,1.0894125,-33.602187173003806,23.652256952908893,-5.321804619770291,0.7078520536414737,0.013401233297359642,0.08772109537767436,-0.700764501474924
4100,40700,OK,650,650,,19.957645,0.9441370751676024,0.18070131828544844,8.702117844004958,8.75505012858782,0.06743076410218488,12.55799183902514,2.1505265124416053,0.6733552456357345,0.254117983649799,2.0014552944650608,0.9357068,1.0240996,0.6957054,-33.8747367066742,19.70463293516928,-4.965153340687417,-0.6887730510893749,-0.022851512164347755,-0.1057067505353131,0.7168651026351479
4100,40950,OK,705,705,,17.867878,0.3855001849227371,0.20241270799541186,0.7137221854075111,0.836050629373828,0.09544038125693234,2.8391293149773436,1.837589582515834,0.3642163944224371,0.17680392994222216,1.7297072491141208,1.000434,1.046402,0.7766307,-34.14846988242826,28.0275696004552,-5.436329709348182,-0.6925266467148029,0.020453922826967983,-0.12194025194754735,0.7107172824590011
4100,40650,OK,566,566,,18.867054,0.673033234705956,0.28289706350616495,10.583486775731867,10.60863783978181,0.06752945108933064,14.882843025820113,2.1769310737009686,0.6832217589935898,0.2134438744689634,2.0347879550949264,0.87248933,0.9681696,0.64710474,-34.29356832127524,17.872221490224234,-5.050208013333268,-0.6872839744793864,-0.014537338091517762,-0.10614588734593791,0.7184444688523773
4100,40500,OK,536,536,,21.583927,0.023632935300194724,0.3151894040794816,17.79088181248842,17.793689289801765,0.08251478738070979,21.829615095936088,2.908769742019849,0.9029067040623642,0.2566743920858948,2.716164354206726,0.9018282,1.0883346,0.713013,-35.741841434818994,10.829795429986943,-4.561861869006838,-0.7018154589617335,0.02801900149561577,-0.08451175378558477,0.7067727786138942
4100,40450,OK,495,495,,41.665627,1.7869496101003015,0.22896701861370644,5.9159659718870685,6.184195031301663,0.013406975887876465,24.181979364955918,3.1987419367463827,0.8397732019289693,0.42376757210801563,3.0470212640535568,1.6873382,1.5109378,1.4863063,-32.907801977462235,22.386933497964996,-4.540016302266242,0.7070736649020349,0.015630419248345757,0.09326452506626756,-0.7007883066663493
4100,40600,OK,486,486,,34.67787,1.1286232446891602,0.23320484778151807,6.030605567802423,6.139737652692587,0.016327164061997287,17.202729662521406,2.4515940455933594,0.5556257694315917,0.34513283359203534,2.3247728116318176,1.4963901,1.3629429,1.1841762,-33.40688577920024,22.33302052394807,-5.07343875989915,0.7046525405909407,0.013065638029757912,0.0935804861723398,-0.7032330899135482
4150,40900,OK,660,660,,28.85335,0.11768045597099452,0.10969332983264006,1.2730178027024524,1.2831428768164104,0.016044263600083614,5.830522760555574,1.582380863014918,0.2480183974720913,0.33780249668060114,1.5030470933715416,1.2962755,1.2613581,1.0156085,-33.53314908785417,29.29196762960884,-5.0706148421713175,0.7122111238227515,-0.03330889495021478,0.1192757062491774,-0.6909552362628774
4150,40750,OK,621,621,,31.418612,0.9204894788921512,0.41540543920678213,4.983483061867434,5.084777870034574,0.014508676086549344,12.381467865917134,2.4355261792362928,0.469780607413411,0.36404775293728653,2.3217488268051674,1.4200984,1.2649058,1.0918195,-33.59608609296874,25.469396798217623,-5.4024231835557766,0.7150975410922829,-0.030966290879746127,0.10581835102445297,-0.6902746353006081
4150,40800,OK,617,617,,16.6893,1.3922210784372706,0.125928789858538,6.850795827660306,6.991962604565912,0.044550716201200005,10.116509082468973,2.3223797449398047,0.6492153643194523,0.19964827980636568,2.124042379437242,0.83667934,0.901754,0.6402119,-33.54296888988645,23.559212089473714,-4.930671688101126,0.7039787312421304,-0.019130737465426907,0.10920053909291956,-0.7015149343417892
4150,40950,OK,615,615,,17.83957,0.7451816286386488,0.03882522981616293,1.9954568105701216,2.1304109793609096,0.09602543975355947,4.205622508098384,1.8219714984878204,0.4113296626829587,0.1853190874245435,1.7185702881549734,1.0981266,1.1372241,0.80223036,-34.380620063439295,29.013884104712638,-5.2277838881446215,0.6996450107185319,-0.06735522889344996,0.13964467847616635,-0.6974664837041736
4150,40700,OK,556,556,,20.117392,1.463967969206549,0.17750483149528554,10.256549732693657,10.362023093937074,0.04474555505645329,14.670820930246064,2.0926400715342925,0.6494545556428736,0.2469616470183012,1.9384526927012855,1.0074215,1.0732787,0.70800334,-34.088170761407234,20.206486581602974,-4.807303242405899,-0.7009292205983393,0.02698653380671187,-0.11971307014636537,0.7025942894307036
4150,40650,OK,481,481,,18.998444,1.4771440683191455,0.10734313298378614,11.703182900748919,11.796523519882927,0.03477606093600061,16.99657967340064,2.139069315298523,0.6527064490732535,0.17192203871865885,1.9993001091616245,0.9354378,1.0187526,0.65366006,-34.36275354491622,18.78992940919268,-4.695959163710307,0.7041068849868695,-0.03697825194718519,0.1116122754506265,-0.7002919415256408
4150,40550,OK,480,480,,19.582865,1.8578752404586356,1.1920295103390608,17.358191178573072,17.49798376255163,0.07151899034005949,21.615275111397604,3.0440674795807006,0.8523298611992853,0.24730638306431585,2.8110301471508787,0.93409926,1.0457927,0.66720974,-34.93872865677247,13.192913163821572,-5.510396618328767,-0.6924870917925482,0.031156706297778575,-0.13039108545630335,0.7088646219038582
4150,40600,OK,480,480,,35.64155,1.191806749445803,0.20530565255548922,6.837675032952138,6.943799651145821,0.012495282903527272,19.316262087180046,2.5385429196510327,0.5737176815867765,0.37274161875333145,2.4038774452652922,1.5950563,1.4146931,1.2043232,-33.67029660778628,23.608309677821914,-5.036451197214485,0.7132668390146354,-0.03512164551213222,0.10885341868645015,-0.6914967965355029
4150,40500,OK,455,455,,21.298223,1.8429126457430913,0.23585048847351048,18.8991481022009,18.99025411788049,0.08467221235555734,23.940131989351233,2.873634108234032,0.8774808451312728,0.2521979115775661,2.698307913630492,0.9310599,1.1074284,0.7158588,-35.38845955063134,11.688112677372722,-4.561975618671811,0.7087424458205529,-0.06771389394566193,0.09209539228155035,-0.6961446780515697
4200,40850,OK,661,661,,18.220774,1.2568353756968604,0.02087588211782021,5.40369645083598,5.547973170161751,0.038689032742723124,9.97001510622043,2.653019767589277,0.7218894035522008,0.2049018775817868,2.520676314729526,0.8586454,1.0105258,0.6698803,-33.362018273130786,27.12518783980327,-4.816562715648455,0.6973005990709779,-0.08723576763280196,0.1841592602953011,-0.6872024172165423
4200,40950,OK,641,641,,18.734262,0.22059070279065818,0.5376294665608894,2.3752421723844894,2.445297748525936,0.0789197329851645,5.909006194245816,1.766045297927291,0.4969894025744638,0.1303785266300523,1.627718209365403,1.064167,1.0967923,0.7613619,-33.07432940918421,30.412123384353283,-5.466011528727061,-0.68730910843177,0.10563097851107416,-0.19133828578872783,0.6927033609251145
4200,40800,OK,588,588,,17.295439,2.1295495400159665,0.07593284286372981,7.557723653076345,7.852383960064436,0.024231077389206945,12.185844642625819,2.415095161622565,0.669330473201756,0.1765278462327059,2.2452733992427563,0.8852208,0.95278716,0.6228514,-33.40694566535987,24.79377560923446,-4.73478715053172,0.7019715790408056,-0.08770124100911711,0.1690268691320826,-0.6862756822559172
4200,40750,OK,529,529,,32.20481,1.7331199526433565,0.26743333840827693,3.665646546780474,4.063519406458682,0.03776906155422902,14.465917441601553,2.2044340920959864,0.4283560049368631,0.36122305741243155,2.1081510146431235,1.4964256,1.3034513,1.0619245,-32.47476565191169,28.602459654269794,-4.817873712601871,0.7167901580327793,-0.09190353265735254,0.15884972173226355,-0.6727052667684599
4200,41000,OK,483,483,,16.866028,2.4785494538132893,1.1640428736158623,2.493128378005028,3.7032272838468896,0.08379873861218495,4.794854470472702,1.7531937257207508,0.4370889026139157,0.09719060187399298,1.6808993795756293,0.95926094,0.9818445,0.7756306,-31.450091325392627,29.47526026070691,-3.68584469194135,0.7333462109995855,-0.06528423685804566,0.14963444686233496,-0.6599627531479463
4200,40650,OK,457,457,,19.126526,5.89613128593608,3.744188001463853,12.541976575390478,14.35564294446416,0.22322887628316607,19.08949619598791,2.1351297773648916,0.6361849936861512,0.15443784722916698,1.9978128562717234,0.97038496,1.0499979,0.6357384,-32.315113717617244,19.914618340296265,-1.7000966945191234,0.7736827844704112,-0.07203518694645887,0.10265758966791991,-0.621037277576212
4200,40700,OK,431,431,,20.495277,2.7804678309606032,0.7835654288624718,11.518721255884135,11.875433276772354,0.054659632741312504,16.764084195180725,2.052564239560079,0.6332924527893464,0.230842051466162,1.9161180037163934,1.0573822,1.1194669,0.69829553,-34.05342658660609,20.835416457763355,-5.113533008388242,-0.690587773321306,0.09322528985975152,-0.1762657217772869,0.695217928419584
4200,40600,OK,402,402,,35.903824,2.1961006891246138,0.3075408870666543,5.954879540934993,6.354370935115253,0.012841012714311806,21.407425198987834,2.5027543263384846,0.5700194899700505,0.37631942162795107,2.3558253158962406,1.6460633,1.4409713,1.1687672,-32.679759263758946,26.246314786554606,-5.023286803292384,0.7079749322825972,-0.0886382538242341,0.17012433224760626,-0.6796855646515884
4200,40550,OK,372,372,,20.037891,4.2741393722261005,1.9672150559117374,18.06644298794035,18.669080445643758,0.10289954677605287,23.700242494601067,3.184044713456468,0.8429859944961724,0.2540784834696568,2.9772059954095162,0.9421693,1.0558339,0.6449306,-34.65108444181934,14.201158826964917,-5.876912721844877,-0.6782679016041618,0.07968020825090494,-0.20695928353904425,0.7005509068037704
4250,40900,OK,679,679,,29.887222,1.9581564350535294,0.48205290079370017,1.329030006243988,2.4151754347877223,0.05131566208451271,9.675808037260824,1.331677980182877,0.1877335797128985,0.22538075901064086,1.289095644214582,1.291528,1.2255243,0.97068506,-31.09041573449461,32.455281004777106,-5.23916512036122,-0.6786390506793152,0.1284103671269915,-0.20920490645949197,0.6922377652372518
4250,40850,OK,565,565,,18.327991,4.973451133419458,1.8892808089845987,5.284524133106745,7.498719455020064,0.19297241197902357,11.890509693175336,2.6827136996697694,0.7458465090506861,0.2216431006338455,2.4933711215718546,0.8683566,0.99960446,0.66634774,-30.677895371140018,27.9537010835823,-5.8667249213693005,-0.6485752428727082,0.08489687059624543,-0.18348777677790604,0.7338084978171575
4250,40800,OK,473,473,,17.031303,5.466759049521692,0.2245689781309934,7.743510320783505,9.48144703194332,0.1279683986380882,14.122415704099836,2.491752076382597,0.6803944927087195,0.2220810590229414,2.3040573787715637,0.8593153,0.89776,0.6130257,-31.580153613176293,25.36041977597436,-4.746348055070457,-0.6800505739865966,0.1007496898845865,-0.1829120711048352,0.7027971905555683
4250,41000,OK,450,450,,17.161316,2.853628783802473,1.552911009479472,3.3179058956240377,4.643622440651833,0.10788299132968797,6.149556332916658,1.7221466256003697,0.44741177986806857,0.08761788941744009,1.6367066264308794,0.9411981,0.9547964,0.7456396,-31.296538353575485,30.302477325236406,-3.459326325926572,0.717572913219233,-0.11599205700383398,0.19967111284250594,-0.6570893421920019
4250,40750,OK,446,446,,32.60824,11.220406060520414,2.3984757016777296,3.964901090074749,12.139630904956611,0.28002608992014905,16.41183426889285,2.2119423954549013,0.42533318021756794,0.3433443659511738,2.1128546407176136,1.4934685,1.3020834,1.0518365,-26.578968904044718,28.054265794323605,-2.8160519592944393,0.7349653875701154,-0.05601748206791915,0.12847800974778464,-0.6634616204332612
4250,40650,OK,349,349,,19.477062,10.344795419787896,4.081856000313896,11.6534706961096,16.10837421807826,0.28831888931785027,21.037954917219,2.0190797708699457,0.6153668493541891,0.18137172777245647,1.8823068326757664,0.96960056,1.0583283,0.6462142,-30.404407682892263,21.12995942502417,-1.6989538778548283,0.7582704559674447,-0.07540963102779735,0.13132603352827904,-0.6341078583907508
4250,40550,OK,341,341,,20.055601,14.69116656972913,5.611820289023251,15.827048341320467,22.311843521643716,0.4413411932042665,25.63620267655738,3.0819478756585066,0.8417084918887225,0.2693443986713945,2.920616434577779,0.9030416,1.0399027,0.67618734,-29.67542294580702,17.25635578289089,-0.5002993085803696,0.7954789213135569,-0.011391309133560772,0.1155806580937156,-0.5947475391261969
4250,41050,OK,340,340,,20.775188,2.4852884073444415,1.3137711016208633,2.8294231180016896,3.9885195443694603,0.11083211650874139,5.7045917937505495,2.739835011566945,0.46399857529071187,0.4339452872766246,2.616176147462504,1.604628,1.5232421,1.3555635,-31.306847293280185,30.668771496939716,-3.617100698200046,0.7121714169771239,-0.10935307604216005,0.19259177603628125,-0.6661547758622646
4250,40700,OK,331,331,,20.414145,9.434113075419157,2.496782581609215,9.28640542737024,13.471218895894808,0.24256527313252135,18.715401732176883,1.9933796614423493,0.6153486024252371,0.22035745070765556,1.854917549847142,1.0393139,1.1074997,0.7115694,-29.99967776376531,23.21673115540548,-2.6142316339784717,0.7284716172524486,-0.07474357827685761,0.13543314900714348,-0.6673832201321682
4300,41000,OK,639,639,,17.535137,0.39907070505115705,0.20796815025524362,2.6438801671475005,2.6819042707349774,0.0809010591365774,7.621150815173698,1.814287167854412,0.49613208854417734,0.12100803493982237,1.7061038762154932,0.78256875,0.801099,0.72193795,-31.581608964619885,34.03389524412686,-5.221328918019814,0.6646374926275974,-0.20066669846205665,0.3328621589821097,-0.638116496135155
4300,40950,OK,595,595,,19.640066,1.7207253276578602,0.38216916822941294,3.2637622353068485,3.709325121232105,0.02515630683631678,9.376215814519078,2.0193910599163987,0.5944912669068758,0.25910629004491964,1.8449504630471711,0.8187598,0.8445131,0.6805498,-31.313489804814868,32.57168481022095,-5.065631936210192,0.6700417996139117,-0.18500201786550394,0.30619467414933244,-0.6504329801589295
4300,40900,OK,559,559,,30.026386,3.423332353118884,0.47263383431552786,2.0721727754765,4.0294524631364315,0.07753262316892641,11.486370098514097,1.278137288244587,0.17362206327701396,0.1643235864151299,1.23933153713842,1.1652949,1.1022438,0.92614055,-29.913919281539545,32.613059023944984,-4.99076517607423,0.6871775469574782,-0.15807749366632104,0.27271702220517746,-0.6545410229719889
4300,41050,OK,490,490,,21.23634,1.9080944172716556,0.5493978708416466,3.321878856676841,3.8700828756171655,0.0722398104021635,6.675708230923212,2.372260015392924,0.3773567784651952,0.36334248601969144,2.277249721507811,1.4016654,1.3418212,1.2496868,-31.38548619300451,32.17778211402174,-5.42173982588687,0.6869605688818533,-0.1481919104797191,0.2890085926201331,-0.6500756631820801
4300,40850,OK,398,398,,18.251587,8.303702466321843,4.21042007732436,6.541221139888396,11.378342844090188,0.34186354744431113,13.728661828047285,2.7532876879565076,0.7593274156774779,0.2251403338472201,2.5708616086859015,0.77286065,0.9086605,0.6585816,-29.61199127724502,28.23772814454714,-1.1433154657980102,0.7835593845467596,-0.1111953792122334,0.209367165221186,-0.5743132147685577
4300,40800,OK,339,339,,16.979603,9.201872899397157,1.8065501618052426,8.185848794460405,12.447739105136614,0.2731355909756522,15.969501541682211,2.490804324086622,0.6781196405177135,0.23757312110105744,2.311580230781586,0.7545868,0.8162511,0.6004741,-30.053112664941327,25.53931968940287,-2.678341710460788,0.7478781110751863,-0.10526529605548694,0.2144390142941623,-0.6193653667824105
4300,40750,OK,303,303,,33.02515,12.909457308245774,1.9845729910697725,1.7342539315086682,13.175744937166062,0.32426036241459044,18.26357956928627,1.9698246913145363,0.4069331439935946,0.30954932255530626,1.880952773977909,1.3084012,1.2040274,1.1201956,-25.269984041179793,30.329478354016484,-2.723880829149362,0.7448352624501645,-0.07606376675035008,0.19740798172168786,-0.6328229009376263
4300,40650,OK,293,293,,19.7757,13.762421232323284,4.787670180394263,10.920908147466934,18.209674865234383,0.39823674781069657,22.884537563701656,2.127775705502454,0.6380357253225027,0.21551059956943508,1.985678560826618,0.8451552,0.96132714,0.6461362,-29.481406781889643,22.716609492659437,-0.8514575986397225,0.7954522682391375,-0.07440870287345691,0.21190796617893481,-0.5628623701757013
4300,40100,OK,253,253,,20.685478,24.282782362531957,5.722759949155687,28.977239155554514,38.23720556970599,0.41162054333681614,48.12124560538399,2.0091330371717535,0.6029499181383629,0.24751802995682448,1.85396657223471,0.9349061,1.1742789,0.76408,-32.786935305840395,2.1491860716627595,-0.5239191503193036,0.8131454949780453,-0.1165847234565878,0.23071439064982685,-0.5215105715136942
4300,40700,OK,253,253,,20.554468,13.011198915216509,3.7776058083387514,8.937855906194853,16.231046517536328,0.3694503764332686,20.56912926953588,2.028411383776149,0.6371886060148927,0.23253545637574474,1.8885912041417,0.9174437,1.0230567,0.7187568,-28.90033461429617,24.43351178709593,-1.1906191707430336,0.776693287526045,-0.06098600193013817,0.21806396917207876,-0.5877723624239917
4350,41000,OK,692,692,,18.074398,3.3355578269205557,0.5207889807589742,3.5955374772334454,4.9320438896466845,0.04203185428090108,8.876180818133369,1.7590590856043717,0.5014622138528728,0.1198291999640353,1.6171567323233467,0.8563786,0.86962825,0.71600366,-30.395542671319255,32.67473131091361,-5.126744332662979,0.6335519592972443,-0.27535173804398533,0.37246385932312764,-0.6197289800589455
4350,41050,OK,622,622,,21.109016,1.4268186902197257,0.11590557590047823,2.84896225843507,3.1883901309708964,0.02255880986173391,7.547903774262924,3.001899926678612,0.43217029985482736,0.40495349864508945,2.9047387243813425,1.4417982,1.3589369,1.257738,-30.764910116674677,34.702543512598496,-4.82078132664505,0.6397681123701149,-0.2841991369158497,0.37978127117922467,-0.6047262182443873
4350,40950,OK,466,466,,19.251041,5.987171391303093,5.652112757303929e-05,4.255480630145108,7.345429644722836,0.14040159539101477,10.82114328041198,2.0660804896037943,0.5386305597076336,0.18547512591919518,1.947747861046392,0.99075264,1.0334994,0.73251295,-29.87297617592868,30.42745447306458,-4.4390227224916945,0.6623488064734254,-0.24804682534254915,0.3359127201369268,-0.6220365547545598
4350,41100,OK,378,378,,13.94235,4.48569723464149,0.5255987372705719,4.19160292869791,6.161758582203593,0.15043922001410562,7.050782893237215,1.6796888295869659,0.46694071354420774,0.06805611930791877,1.5664087235034838,0.9032992,0.9657411,0.7701822,-30.10367403282885,30.835843146351756,-5.155028440930113,0.6608800258932113,-0.22689652857324916,0.35702697087316954,-0.6199091052452174
4350,40900,OK,340,340,,28.918236,8.041541520022903,0.9199608661155506,1.240681028035553,8.18852901483311,0.21076248626090247,13.000096860720891,1.9227047132190611,0.2852340058427022,0.31273554504969203,1.8657236261947614,1.3079456,1.2303042,0.9788221,-27.002434666236045,31.480590597213826,-3.6443212046006788,0.6826188871881858,-0.2298520348160333,0.31201640315685614,-0.619552468404372
4350,40850,OK,247,247,,17.672699,10.76515016527037,2.715833063608228,4.348596436048561,11.923694824752207,0.348738731368498,15.257073536696517,2.5629370969284997,0.6902866465082442,0.2117079555528667,2.3734481267583094,0.8530592,0.9829977,0.71021336,-28.342897651334884,28.53419511427633,-2.309099904413692,0.7345100238925456,-0.1796899756315889,0.2985217383357806,-0.5823154722312252
4350,40800,OK,220,220,,16.204086,12.262727276584693,1.2375049932269941,6.292343637885198,13.838333979399048,0.320274194846895,17.49647941539115,2.2150735004585425,0.6216584254984874,0.20622816906440244,2.0302286101864286,0.82375336,0.8746301,0.6266081,-29.030066296383207,25.71368965795926,-3.168729940731212,0.7139656789709719,-0.18590145507832279,0.2920716569538131,-0.6085949436657648
4350,40600,FAILED,198,198,,,,,,,,,,,,,,,,,,,,,,
4350,40750,FAILED,189,189,,,,,,,,,,,,,,,,,,,,,,
4350,40650,FAILED,170,170,,,,,,,,,,,,,,,,,,,,,,
4400,41050,OK,672,672,,22.643425,2.0247710650615014,0.5751523802018441,2.9176595043157887,3.597670789481215,0.035173822039358434,8.43762163400162,3.324715265810717,0.45383238156395667,0.4356927224415894,3.223786360262798,1.5126026,1.4022833,1.2543546,-29.046596607188572,35.37449255064986,-4.284607900333524,0.6011444544694708,-0.3427459148866619,0.43211082519428656,-0.5782999372635452
4400,41100,OK,528,528,,14.812274,3.514077006322355,0.09427511675680489,2.748409252660502,4.4622167612200165,0.02777546737182638,7.367969650683807,1.6578920662247256,0.4845932375136931,0.07306295668452267,1.5272463776352483,0.9299813,0.9789979,0.8111248,-28.27177523422799,34.0043461141488,-4.714702717102864,0.5919302479735676,-0.33384021486748977,0.43549820920185134,-0.5903478654599841
4400,41000,OK,435,435,,18.387161,5.10030900966693,0.2868398357368717,4.399443943255264,6.741701276035644,0.08653627137968307,10.082813786821168,1.7581070638361704,0.48092278656837995,0.11264089109727593,1.6252721662092195,0.92851865,0.9415042,0.7421332,-29.420781625808036,32.0178916522077,-4.361388739924338,0.6175813199172381,-0.31809700202589464,0.41124898637138363,-0.5901541169897312
4400,40950,OK,389,389,,19.080122,6.8883191821544525,0.16517352806598323,3.957344647291677,7.945866856867087,0.13979573585192462,12.17519058621857,2.0816049119203606,0.5399921591052046,0.19391895040824308,1.9758417204188854,1.079372,1.1204352,0.75983924,-28.556209906391356,30.905052445798916,-4.548377871227976,0.619537731873788,-0.3037230917686696,0.3869252347273716,-0.6117304512956102
4400,40900,OK,278,278,,28.812668,7.822239304309569,0.39726756511367295,0.12077708917291652,7.833251965655508,0.18964770981041548,14.396513550028795,2.157343063907473,0.30476961513320144,0.3325204501108389,2.1026095922031667,1.318547,1.2367704,0.99397343,-25.48031931401937,32.616941946281585,-4.044039259732246,0.6360328231802097,-0.2916786816010013,0.37004075939627834,-0.6111101626730974
4400,40850,OK,203,203,,17.391838,11.247295282771573,3.48352897905624,4.182708140721577,12.495266012223942,0.3469835913702108,16.64643870257294,2.5564736372914814,0.6794209479229214,0.2120736267863823,2.3767571425818925,0.87060606,0.99996793,0.7140297,-27.917733803715485,28.893478740161623,-2.019491706573492,0.7064953697886737,-0.2396088005574258,0.36718861074027026,-0.5555397729283
4400,40800,FAILED,187,187,,,,,,,,,,,,,,,,,,,,,,
4400,41150,OK,278,278,,13.693424,2.5149422578523284,0.7959379719337532,4.3055084438506865,5.049342014120943,0.04268138207344278,7.3269480264336675,1.580794564113028,0.409556920142621,0.09045621425061612,1.4928611534881577,0.86296177,0.7751522,0.6943717,-30.010016497659745,34.13306848148823,-5.716391701441523,-0.585686793629873,0.3285755250131563,-0.4313997011756498,0.6024146428793439
4400,41200,OK,223,223,,22.771816,0.9377890113091958,1.1845348107549742,5.430287404315537,5.636540804526352,0.03763448909078013,8.287978980061654,1.3762760064567252,0.1723636976013816,0.2058217592057231,1.329312916226952,1.3202915,1.1658901,1.0683566,-32.2457784548118,36.95220447213608,-6.714454686536401,-0.5820493051187153,0.33416355608210474,-0.44038349828609374,0.5963352233724625
4400,40150,FAILED,147,147,,,,,,,,,,,,,,,,,,,,,,
4450,41100,OK,572,572,,15.872288,4.350618852602333,0.2437888130660746,3.262021829664644,5.443170381606998,0.0535883284150105,7.915913850763845,1.7460698797637815,0.47918921124096026,0.07449668131879694,1.6122173987293373,0.8891711,0.9526118,0.7931697,-27.512553694703065,33.91974930253231,-4.225024673902602,0.5696664969466164,-0.4174233231290158,0.4512290959100996,-0.5455549051824702
4450,41050,OK,382,382,,25.004967,3.5709247659945973,0.13875892271859877,3.0929830621832215,4.726235494130598,0.053591925098839824,9.434398674297666,2.6589367435490496,0.391784098351462,0.39249717927997685,2.547447557032555,1.4796687,1.4118326,1.2650592,-27.632511413092452,34.79733013455737,-4.597420249145882,0.5653610779507978,-0.4184150401356122,0.4432645045895147,-0.5557088128666291
4450,41150,OK,370,370,,16.78413,2.4902485887247225,1.0099439248317,0.3457409760893725,2.7094024410369832,0.14228833261153145,7.253497333170042,1.6604384174702023,0.41766457209466845,0.1031321123916672,1.5676784874281502,0.8252195,0.75308716,0.67850626,-24.008362088631127,36.63690386083643,-4.734137391766104,-0.49324207077155485,0.45362062297341105,-0.4531003109101489,0.5879121518452646
4450,41200,OK,406,406,,25.586823,0.604172978801861,1.1411305642520457,5.132832540914032,5.292747287189377,0.026381197356582363,7.652140287025398,1.2495657329295864,0.17393835183127893,0.19534381559349645,1.1997413265116093,1.2671199,1.1479313,1.06318,-30.05779429414973,38.5284475254688,-5.876938367852376,-0.5430492356129877,0.43183597462028395,-0.4686541335364898,0.5467892846820075
4450,41000,OK,301,301,,18.842138,6.708394507801946,0.23328181087100375,3.661395675557549,7.646096753807271,0.14236679613275277,11.297936520652328,1.815576814907272,0.47420760729164346,0.10172317213585097,1.7037619124163266,0.8699254,0.89371324,0.7167763,-27.7216785787354,31.944431805371966,-4.253755034163583,0.5916600474774982,-0.3929564910339312,0.41992345532431424,-0.56496714598436
4450,41250,OK,406,406,,17.12046,2.4135245258369418,0.7678279696728681,2.2942886269456113,3.4173704410789845,0.11296174461624493,8.794784408959641,1.65979580540355,0.43965316477125116,0.11154150149242886,1.5838319977323971,0.920159,0.9331434,0.7555603,-22.084624971512305,37.1865424491969,-4.783152660976297,-0.5030432331148866,0.44169607219641704,-0.4642800847172144,0.5799104140801021
4450,41300,OK,384,384,,20.474838,2.526745661357113,0.5250741776022952,0.9109947281883084,2.7367970191372635,0.03639756099365444,10.535673256465236,1.5515779486205137,0.4269434405954491,0.11696632665562623,1.4563607626412418,0.9084159,0.90453947,0.7289659,-25.449243189121454,36.12283329868513,-5.156564296057303,-0.5433116190739918,0.4208360198267833,-0.46263531978717615,0.5600697187680886
4450,41350,OK,329,329,,32.113583,0.6149466115067987,0.6331031457671161,0.8531175797624568,1.2275131498618106,0.0413614610242619,12.56364337135246,1.2699861541396968,0.23463904659862977,0.18925880727489564,1.2136824793102856,1.3355054,1.2523321,1.0817083,-24.123092534824693,39.88104959571044,-5.16114150840819,-0.5324607676448884,0.43457930164362096,-0.4672501809543833,0.5561507258828807
4450,41450,OK,275,275,,24.629055,2.791317659380878,1.2195433843949601,1.8016303551267043,3.539012896063962,0.08115232124408006,16.779530875080674,2.0026602335498858,0.457522733599353,0.12792959265837972,1.9069365505519849,0.9442242,0.96148187,0.7937912,-26.418925150630958,34.776215173929394,-6.262210365973868,-0.5493749162094886,0.4046554516545998,-0.4490011230577321,0.5769221423891829
4450,41400,OK,352,352,,20.420715,3.233831675606176,1.2752873382447258,1.4391890558954277,3.7623516900803327,0.08716057296408654,14.6555513425954,1.503777537050979,0.42561831297974817,0.07327018927298101,1.4181167714030538,0.8857842,0.927202,0.72775733,-25.8883422100722,34.752982144473314,-6.194299475587849,-0.540090956812061,0.40873535909031034,-0.4486010836815603,0.5830902437177949
4500,41200,OK,854,854,,25.812359,0.034627788630311684,0.9659409504904822,1.690950932214258,1.9477053315982245,0.0593926578728414,7.0700762980874945,1.3405576799355383,0.17232645734259222,0.20426639106533928,1.2906915135151826,1.2588834,1.1082749,1.0304049,-24.27637666706824,39.039931562718685,-5.013234885143296,0.46155444712795374,-0.4888192848479721,0.5423999507436077,-0.5038109690453931
4500,41150,OK,578,578,,15.674484,2.1268803747530285,0.824808074704022,0.362537145195319,2.309840182837962,0.11829057619455106,7.289878562550379,1.4798953501929166,0.4299021803413974,0.09629789862606242,1.377630765448286,0.82766116,0.7414148,0.65678734,-22.330001526328584,36.67360297418959,-4.252661724352448,0.438375504515711,-0.5028163126292848,0.5348797744062235,-0.5185617607630096
4500,41250,OK,805,805,,17.098097,1.97785602406051,0.8284854978158842,0.11615761243913658,2.147509083317517,0.06501564640564712,7.727421062391016,1.5695038532471353,0.44921090299644884,0.1417101328317817,1.4565149181653134,0.92056996,0.91926086,0.7512268,-22.901147677280626,36.96741372259482,-4.838179094226266,0.46046060688800805,-0.4801941311555121,0.5429169405369364,-0.5124751911908935
4500,41100,OK,606,606,,17.062721,5.228780711998638,0.15052047894194082,3.582071804269016,6.339877172287251,0.05326945967458947,8.499123969717836,1.6092298410295378,0.48118660069400165,0.0739365638731117,1.4749155907423925,0.93964833,1.0014778,0.7897608,-26.789638385433797,33.72704569251167,-4.338644350792685,0.5072317095444792,-0.46251400986360935,0.5286953092241754,-0.4992775315561712
4500,41300,OK,652,652,,17.576855,2.9309463744037867,0.7280129281376924,0.13410883772782256,3.0229843951835123,0.04601943747985671,9.15932772594026,1.6719336167134737,0.47733722865411066,0.16445119242693196,1.555920194134508,0.88726056,0.8814906,0.7191119,-23.15555845109608,35.807995302034406,-4.863739383011369,0.4795438105656748,-0.46782936620379506,0.5350142981098059,-0.5147165420729933
4500,41400,OK,697,697,,17.954758,3.290657239386274,0.5385868205501723,2.4112521520138896,4.114928647131959,0.04235098350141207,12.989764783127512,1.6073918878360303,0.4738411654208676,0.1137034922294285,1.5198092082006536,0.8655979,0.90487176,0.70841086,-20.635035583814357,35.32390119669057,-4.62220733139706,0.4830490445376266,-0.4643649858575271,0.5388048000697756,-0.5106056872994987
4500,41350,OK,652,652,,30.18263,0.8958678564790041,0.3232646927781361,0.720694470523183,1.19435329685647,0.023980217158426714,11.01001529207242,1.1906237807017246,0.1684349151390212,0.16135304660046934,1.1492853785242514,1.3307621,1.2459689,1.0683447,-23.410633030074756,39.93676597393788,-4.5977694609086335,0.47795942133506397,-0.48163212460320587,0.5421317441628378,-0.4956596211899976
4500,41450,OK,652,652,,19.769894,1.8894571818997123,0.2683869452301949,3.006287356445995,3.560876811142088,0.027472780868992814,15.025758848749193,1.9721783887963042,0.485024561093957,0.14223753664472333,1.8795988907284902,0.9313055,0.9505353,0.7764784,-19.882576453258103,36.93323528288615,-4.373989404105655,0.479837298716342,-0.47273682324388305,0.5443624761914688,-0.4999455542602395
4500,41050,OK,301,301,,26.18756,6.936850040754602,1.2735653189427432,4.452493099018692,8.340656563265265,0.13157288814275186,10.354159820562996,3.0063285241637345,0.45970204119524105,0.4544140658819501,2.881683289752244,1.4736862,1.4139729,1.2631242,-27.793921164262432,32.12546292343893,-5.341292501148787,-0.516558089676449,0.4519125941040546,-0.49655083158587543,0.5313944099549196
4500,41500,OK,634,634,,27.053692,0.6900595369725586,0.5309634776961639,1.4669194061748225,1.7058595849091098,0.011862061304024321,17.06631293099755,1.8586648394629601,0.309840716542958,0.25315652819151735,1.7968734231774675,1.3693277,1.3061413,1.1428548,-24.219303987140457,39.761103419408244,-4.808216243341272,0.4841959516020057,-0.48135955498626776,0.5387741821823229,-0.4935277498676435
4550,41300,OK,1313,1313,,15.492328,1.4721016408656817,0.1706773111998262,1.7435730438500787,2.2882877757918614,0.0514479865441971,7.731519879823442,1.753532656679623,0.5113370171968219,0.1899434982906375,1.6693302838181117,0.9108575,0.90684354,0.74085987,-19.30503507153795,36.66399982814687,-3.7692711522125917,0.3899825739387729,-0.5549134605375212,0.5887268630854398,-0.43975598235833047
4550,41350,OK,1287,1287,,22.290535,1.006072731723198,0.2634595866162871,0.5417949930612433,1.1726615495543613,0.04112099355908843,9.331120937767555,1.1905098203455429,0.14680244726729785,0.11005803933544994,1.1593849549853323,1.314881,1.2260553,1.0840788,-20.64931969210207,39.81499595851468,-4.089756964083422,0.39734829907565744,-0.5538810077908911,0.5915378760353754,-0.4305962141563548
4550,41150,OK,599,599,,17.761694,1.8368730845947407,0.5285970966040441,0.371067280294499,1.947102602831186,0.10359650134566292,7.560046901127666,1.4881157761800117,0.398196819919019,0.09871270422505052,1.3893103992577984,0.84470123,0.77027315,0.64760184,-21.196154755921796,36.59355322323062,-3.9810085707108556,0.36989634458038523,-0.5728381639674348,0.589944926345449,-0.4324327878962809
4550,41400,OK,1234,1234,,16.261297,1.6973793467877298,0.19185102152714784,3.672379835063964,4.050219390890693,0.049167112036545856,11.164504772480136,1.8198865247226146,0.5406955940877107,0.16552479182141874,1.708408739882914,0.8302765,0.8647159,0.70627815,-17.526834020960976,35.988572028856524,-3.7505618620408683,0.3908567054805007,-0.5523368743585283,0.588039375129748,-0.4431305747765504
4550,41450,OK,1260,1260,,18.367552,1.328967206690494,0.08048166389236133,3.1062759890457254,3.3795830593142133,0.01971874318948499,13.098377502494284,2.1725437313354465,0.5459486435689932,0.18206625401776505,2.0694311163767645,0.8808523,0.8929935,0.77957034,-18.121150759647705,36.37293737786197,-3.7476027588869028,0.40563516334666655,-0.5452349723176496,0.5846622009147933,-0.44311290890693433
4550,41500,OK,1290,1290,,25.04699,0.27372515207779635,0.4237066500414479,0.368804868034756,0.6248758395517404,0.020569723383062028,15.08713890978821,1.604165172000882,0.21183806246009418,0.19692776373099893,1.554426874873573,1.3061213,1.2542304,1.1554033,-20.875591652298866,39.06897927179182,-4.127538335854765,0.40667996869568507,-0.5528351742768032,0.5837573918221204,-0.43383404734650394
4550,41100,OK,410,410,,19.597286,7.145819204338614,0.613522893381321,4.718029744505177,8.584809090005038,0.06908043146466297,9.21421121817291,1.4614949211441333,0.44062541662579413,0.09094906552701232,1.3371178134854897,0.93087006,0.98999333,0.7707912,-27.371367904054544,32.8357430652819,-4.669962860927742,0.43365152328245066,-0.533797099593055,0.5658626029956845,-0.4547598567945514
4550,41550,OK,967,967,,18.744806,0.8480887529729184,0.26500078075368627,3.47030864068622,3.582250969480037,0.00787113524849481,17.268018319831132,0.9379160296443103,0.2874149154306165,0.10448902462064913,0.8501736303299476,1.0073208,1.0266266,0.89635,-17.60485371980824,36.77512806596015,-3.9007203892044187,0.41003768761094234,-0.54601180274501,0.5859246754799042,-0.4363857017199172
4600,41200,OK,700,700,,25.94284,1.9259982294576456,0.4982662624606821,0.8103790640820615,2.148127714006558,0.12157152535237974,6.530128535732716,1.5768079568642461,0.26020627643714966,0.23270617692508389,1.5208127408155443,1.3640953,1.1948725,1.0234312,-18.067092788061238,39.2933466736771,-3.727210301083955,0.3544656710139216,-0.5865209632624824,0.6224786845304101,-0.37797822031380357
4600,41350,OK,1385,1385,,16.586485,0.4608987011321952,0.19576788422807428,0.5167737224056363,0.7195886028623988,0.02403467113346249,7.593872277276066,1.136571446400051,0.1603670478083392,0.12548182043489353,1.101385255614312,1.3884883,1.2885386,1.091527,-18.19931590304435,37.8747000900629,-3.603211767764498,0.3946346405179411,-0.563371760942648,0.6036081714049456,-0.40315373604722166
4600,41150,OK,581,581,,18.894575,1.43489224033625,0.5661028819474357,1.6689506482247292,2.2726162193683557,0.11375031046133981,7.925616460865059,1.3198791650400339,0.36825803674510627,0.07609857385266738,1.2114999422955472,0.8872431,0.7944728,0.6639825,-20.43873605613737,36.496834243686685,-3.7560452794119867,0.35793995221185326,-0.5894290358414794,0.6155791220106887,-0.38146395224465157
4600,41400,OK,1318,1318,,14.838701,1.3804272939602127,0.22579697136504095,3.4338000110240383,3.707768372201347,0.04235557272736712,9.263485313457627,1.8214009562405216,0.5409191431631943,0.1498540078266306,1.731361413669402,0.88333464,0.9149824,0.717235,-16.090326455650953,35.15030552528332,-3.458832593915516,0.3856542975196455,-0.5650638182114495,0.605645873687189,-0.40640708635382855
4600,41450,OK,1252,1252,,18.224989,0.7249537512449247,0.10398007007934884,2.7460497717625465,2.8420343322020107,0.025706773062611033,11.103455371655917,2.1495016412925647,0.5435468608648272,0.1816518113526967,2.046865629826568,0.91810983,0.931122,0.77680486,-16.488039866969356,36.0206440908332,-3.531951582047944,0.392203496378525,-0.5596937068204572,0.610373871971743,-0.40045362826207315
4600,41500,OK,1280,1280,,25.141825,0.329997241910998,0.32534125729017604,0.1683090448132578,0.49302438877804966,0.019124922405600566,13.051966665723013,1.5941641832481377,0.20397037732495438,0.1857554578044462,1.54190567544957,1.3229872,1.266377,1.1415193,-18.782321599038927,38.14013918422876,-3.76662794050488,0.3962825077571915,-0.5662345428522585,0.6056090693315146,-0.39443158046736326
4600,41550,OK,1085,1085,,19.149702,0.47204703558602645,0.2062734095479004,3.4473055157686456,3.485583515330109,0.008665214388388453,15.208687340879612,0.9910998638407581,0.30886190154909876,0.10022322132803863,0.8755850076749523,0.9888973,1.0060669,0.8894183,-15.795094858049023,35.959614999786545,-3.5898744221965,0.3997916269968443,-0.5593926332179747,0.6075994169194328,-0.397579533482097
4600,41600,OK,1211,1211,,18.077515,0.4892114244494721,0.3163794101638524,3.731412811158073,3.7766208859590473,0.02158121184511023,17.336072390746686,0.8233056223130774,0.3009800764286812,0.11451068643904316,0.725942134685452,1.1277941,1.1983714,0.9834193,-15.525215619318116,35.77557094267085,-3.90800293279072,0.3994880993915502,-0.5530953678331193,0.6122673790178937,-0.39952900910526157
4650,41400,OK,1519,1519,,12.136719,1.1306121862536682,0.18636470601382482,2.7683029210109282,2.9960835739062013,0.04326693860508327,7.320361330045276,1.7870167720261922,0.5245840456676287,0.13866043350477208,1.7233685536710484,0.90574884,0.9355908,0.70601696,-14.832972374463099,34.47968556572778,-3.2038977795825283,0.3558124436784498,-0.5923407341084288,0.6136558464826902,-0.3820424867957365
4650,41200,OK,584,584,,28.359045,2.699041807549799,0.6256005395460914,1.637692295593309,3.218421782338003,0.16091662904920828,6.911680434330702,1.6888810021487555,0.2778417316636177,0.2541730892208496,1.6238765504475632,1.3793318,1.1918511,1.0053176,-16.118586626110577,38.967320880862445,-3.344275659347314,0.31050708383442105,-0.619784438295545,0.6302115920838617,-0.3496940807883997
4650,41450,OK,1263,1263,,17.91252,0.7976687051733129,0.07018292044921859,2.5328162597429165,2.6563808482884657,0.028888534514995044,9.022670601986782,2.243323560245349,0.5537583099456994,0.18481232764719968,2.137952743457632,0.93705696,0.94973093,0.7607875,-14.91866650399931,34.89529187505686,-3.213434748244804,0.3624488109905707,-0.586221899768368,0.6167087638966064,-0.3803222898761085
4650,41500,OK,1239,1239,,24.740961,0.13867766194657172,0.24451629267053698,0.3737894572299627,0.46769463289691643,0.030626076428088733,10.919548124387568,1.4070264300737654,0.22510530697363262,0.19877365496582255,1.3415697738625654,1.3540876,1.2933657,1.1159887,-16.348222258018133,36.83441321219066,-3.342570535630115,0.36434604367092926,-0.5940519145823896,0.6137691511480616,-0.37100096002750005
4650,41550,OK,1164,1164,,19.062464,0.3590909873823662,0.17257734235716016,2.9753826464591793,3.0019379022832458,0.02086863580228655,13.049941694514565,1.0485841209910154,0.34489899740134566,0.0913361875937525,0.9204594174016236,0.9809513,1.0003585,0.86228484,-14.32283600349643,35.13448362252517,-3.327942272622729,0.36588583320929297,-0.5870349143991755,0.6149186865542704,-0.37867212104862535
4650,41600,OK,1315,1315,,18.375511,0.46846738618675743,0.20739424977288556,3.8813637985346183,3.9150298853692793,0.025750995295461928,15.168964610488457,0.8808711846771288,0.34126418789035795,0.09735380495528767,0.74109809137037,1.1037998,1.1725122,0.9664015,-13.545610407373896,34.60551142206747,-3.5089298521334595,0.36954444373306927,-0.5796688961445493,0.6215913210343528,-0.37555972169995044
4650,41150,OK,415,415,,20.324673,1.9195254909560528,0.5851062055431958,1.2799421274801128,2.38016369854965,0.10632465037793945,8.714212597889858,1.3373592429652812,0.3658376331229034,0.07102832917270796,1.2273271349306158,0.8910261,0.7993184,0.6770407,-18.67799578559019,35.03319539382396,-3.3551605411667684,-0.33134614468047036,0.6148696429388348,-0.6088108846775712,0.37615736241069614
4700,41250,OK,695,695,,18.499733,1.1473653781676427,0.5841816662881689,2.2428352156868714,2.5861216782994134,0.07464360860761811,6.067642164977321,1.2544754549901165,0.3632008039564525,0.07837397692091841,1.1711261825051538,1.0700794,1.0386564,0.8032871,-17.311612226107957,35.37386898543681,-3.4024811119416563,0.33756884121563735,-0.6024446850578073,0.6156950208982878,-0.3795093149410011
4700,41500,OK,1345,1345,,23.97783,0.3533286892388108,0.16090963547655812,0.05408555793921721,0.3919927563182914,0.03753000959099369,8.787319350519782,1.523310126790201,0.23510968993230075,0.1878067347334244,1.4578505052185995,1.3544805,1.2974529,1.1099646,-14.609229376195952,36.12877689920562,-3.0648310837431048,0.35499587208363,-0.5958954623702056,0.6116277989241435,-0.3805232769665865
4700,41600,OK,1351,1351,,17.58905,0.42358226210381744,0.07653635177140128,3.227247095510368,3.255826095078109,0.029626559610506427,12.993555860360768,0.9474957330296586,0.35197265218838725,0.0954855035939638,0.817897751022036,1.1105176,1.1802791,0.9702094,-12.218122795592542,33.90048169644519,-3.1383359636336987,0.3631708555938258,-0.581889239797175,0.615814083031881,-0.38766590950858404
4700,41200,OK,498,498,,30.450872,1.5264359827817318,0.7642577923334473,2.508987985461326,3.034652779785936,0.13169412132271094,7.841180319487363,1.6759842849736288,0.284162996575704,0.2579865035978902,1.6135222414564487,1.3862447,1.1947677,1.0038356,-15.946497222787624,37.36638733446134,-3.2689629698637854,0.31480922349312673,-0.6147916529439816,0.6222689684395847,-0.3683852700518803
4700,41550,OK,1492,1492,,17.776907,0.4649125696853478,0.0569517240633457,2.878461937746116,2.9163213683300313,0.02423321361360477,10.883844091349978,1.0864840361058064,0.34846909099525947,0.0834465777452772,0.9658376525527963,0.9792054,0.99810374,0.8656517,-12.573862533131212,34.008733708275905,-3.016039005193151,0.3614257369518149,-0.5854695877233395,0.6118481045431415,-0.3901777742092253
4700,41650,OK,1213,1213,,20.61439,0.21867569283014365,0.29114343401099574,1.4818531226929839,1.5259332341349032,0.01822577535932903,15.154713672795078,1.326749190753774,0.16802068981470375,0.19829858257870636,1.2919253547384866,1.4231228,1.3618294,1.0686506,-16.191213117839954,36.51499079274267,-3.4969038533166525,0.3642322201379001,-0.5857975981442571,0.6108020517566071,-0.3887118693733891
4750,41250,OK,637,637,,21.20733,1.9212237817259141,0.6347660522126841,3.563550351551523,4.0979165277679686,0.056588501381763225,7.091679593309327,1.0654342862419652,0.33591381347685334,0.12111400014215196,0.9686040810013878,1.1217275,1.0699769,0.8196852,-17.15729457037266,34.24524178968408,-3.310262003723382,0.3396271083291793,-0.5875913872163048,0.6270994574026907,-0.38227746400020696
4750,41550,OK,1551,1551,,13.146476,0.22683028741361877,0.1676230669703518,2.308575483565358,2.3257407927771565,0.03159317375100433,8.813460419586042,0.948641674787071,0.3096900400195943,0.09023868275001168,0.8293870004253021,1.0201811,1.0283762,0.8970465,-11.167974230415396,33.397355789617244,-2.7706178356040123,0.3532462887501288,-0.5754684462518389,0.630129727164946,-0.3833922975175499
4750,41600,OK,1449,1449,,17.739325,0.4168916805975973,0.2367575536591906,2.9130123395879375,2.9522015011102756,0.037201736935317316,10.912277714054412,0.8892520717732101,0.32814251015548646,0.12152922634343744,0.80211183375242,1.1470896,1.2116646,0.99944866,-10.738332498564155,32.88491133945336,-2.9475409469933846,0.3580971302086769,-0.5673547811348568,0.6332964974584335,-0.3857596971776715
4750,41200,OK,455,455,,29.673206,1.9065041833181926,0.6384672084780842,3.5640919847998522,4.092083852198794,0.15583906252785568,9.101314952165186,1.9427531781818912,0.33924406626423487,0.30162561544597655,1.863646058731808,1.4311966,1.1976072,1.0063363,-14.80537592930843,36.78845692494527,-2.982295446998185,0.3019483463551239,-0.6081377909317508,0.6419954636030838,-0.35614245476651335
4750,41650,OK,1261,1261,,19.451801,0.20599463259175388,0.20776972710447184,1.473497155887486,1.5022635975640857,0.025908909976918467,13.071828052276267,1.6016996120243003,0.1962878228324607,0.22241322015875664,1.55385145710677,1.4510164,1.3773181,1.0704021,-14.380257544603047,35.407854799787,-3.266715259105038,0.35818724546101444,-0.5722753786218068,0.6285472436959664,-0.3861750259332189
4800,41600,OK,1641,1641,,16.788826,0.3134511666276927,0.2376393133953031,2.2281483548817995,2.262602300116775,0.03292824628487935,8.841624649727695,0.8834592703391692,0.34249221851073464,0.10606174430891802,0.7871107830486608,1.1243889,1.1904519,0.97119516,-9.52382570889121,32.27738005923957,-2.6745609800473167,0.3593847580240862,-0.5686402117145463,0.6230789301435855,-0.39907837843252003
4800,41250,OK,548,548,,21.567574,1.8179164506444643,0.6681412143032022,4.569894064564515,4.9633823815132665,0.0512108918940977,8.495465208491636,1.0965129527328272,0.33154185567627814,0.12891606849031323,1.001669646413975,1.0836864,1.0401804,0.7947505,-16.275452977386937,33.618897901649255,-3.1941732536832075,0.34293272795815205,-0.5872814963990849,0.6173838553022275,-0.39539191101309823
4800,41650,OK,1398,1398,,17.685621,0.31477300883801407,0.21592184604617048,1.3332502714397982,1.3868167063412593,0.02119061606717077,10.998587947630863,1.4213252154053708,0.17057667900395385,0.2005421618318285,1.3764242117596144,1.4223824,1.3502643,1.0446644,-12.473536323593102,34.37605708457559,-2.898093838071769,0.36004524929026427,-0.5735615319550119,0.6187261874653168,-0.39821161769788294
4800,41200,OK,399,399,,29.356949,0.053742912402937826,0.8073923869750492,4.840768889314891,4.90793380221634,0.11036619602752584,10.607415503246697,1.9093306158074865,0.33456115829736754,0.3040226439249615,1.827673222902746,1.4033697,1.16571,0.96837497,-15.474584257787994,34.92650213798576,-3.116047111928894,0.31942262561797147,-0.6003233742208914,0.6259774419798037,-0.381750277982592
4850,41300,OK,555,555,,20.865843,2.089384938023583,1.011796226192298,4.532545906000211,5.0924683025597774,0.038513838466074035,7.997328541724965,1.4789804229311925,0.43586140357684666,0.0982817067359042,1.3976774386479294,0.95082474,0.9279539,0.7373095,-14.625783959064965,32.26374282544294,-3.1015230838822263,0.3776132276486304,-0.5671098270678406,0.616858978353772,-0.39405544682469223
4850,41650,OK,1316,1316,,16.821152,0.3209290495975141,0.1087954819680701,1.4268581039810755,1.466545587654437,0.02684543086005762,8.891173644023215,1.01628595912158,0.1293084636950157,0.13522792785306914,0.9827680326565584,1.328253,1.2684075,0.981436,-10.744311939762985,33.411564511764624,-2.4965765904406476,0.38160474930514643,-0.5693811488365649,0.6158475771689524,-0.38847739233118966
4850,41250,OK,484,484,,22.13575,1.5694027881049428,1.1066347305629924,5.436089871932534,5.765304730361377,0.06060473104398358,10.20840049631703,1.19994267527374,0.36442325800797093,0.09335160250158059,1.1059867067056035,1.0263425,0.997479,0.7808273,-15.219088479114907,32.943986850572585,-3.138528677941422,0.3634332235705198,-0.5790806233401379,0.6161214183421995,-0.3911218755543268
4850,41200,OK,331,331,,30.368147,0.9936736113614835,0.5618903489171118,2.007834309836186,2.3096550880765117,0.08164541906690614,12.35589399787741,1.793418343708261,0.29980034603071415,0.2863456566004966,1.7144706826150138,1.3398987,1.1302959,0.95485896,-11.933581238093039,31.644283051608735,-2.286983282863758,0.35451457246899964,-0.586438061080297,0.6185384052646931,-0.3844737437538676
4900,41350,OK,659,659,,29.283487,1.5456845361422542,0.7024559434226149,3.786125914362283,4.149377601174022,0.011962561142395054,7.549398217455841,1.4537870383229698,0.23142330524510601,0.21296437761676923,1.404986255291631,1.4008776,1.2781804,1.1078106,-11.865160712186587,31.93663779044619,-2.68105347898497,0.3635098030541936,-0.5910645960083758,0.6142651501610414,-0.37574138942441526
4900,41650,OK,1458,1458,,9.150385,0.22695773208956105,0.2236097072123241,0.10086155953116549,0.33419181244590224,0.018879809529950324,6.856281382515703,0.9387707139902135,0.12025249664055071,0.14113116856456454,0.9006722214025231,1.2973907,1.2440966,0.9882655,-7.521433442484708,31.796625201667172,-2.100714170144398,0.35430982079213974,-0.5972299400978485,0.6172486837835335,-0.3698445780438824
4900,41300,OK,497,497,,20.246374,3.3782861203179992,0.2748793586016931,4.913937476548467,5.969519017135806,0.044221607209055123,9.790536009011428,1.4116023040340253,0.4303096720071531,0.10098786838374763,1.328580024281714,0.95011395,0.92826986,0.73537844,-13.684591171567023,30.953353753280954,-2.326203588236799,0.3710096259032474,-0.5939284725859525,0.5987640067739554,-0.3886933124339145
4900,41700,OK,1125,1125,,14.779839,0.18043119471107616,0.09800696236203144,0.5122630944808115,0.55188246816089,0.02689493921883674,8.935668226494306,0.7719882344659299,0.35507915428263226,0.11667336550088031,0.6727360938263707,1.0861923,1.063448,0.81369025,-7.4237027029181935,31.160233995113767,-1.980407908145204,0.36707053714132876,-0.5914947591070746,0.6177930976478541,-0.36568409756278597
4900,41250,OK,319,319,,21.464817,1.996773346229066,0.9026298130432584,6.456140035087082,6.817887394806368,0.047609257517475,12.044971507350331,1.0926441507617461,0.3376693091698404,0.10094513918627623,1.0037108922367977,1.0145729,0.9770795,0.7751045,-14.412337775764367,32.54617096375726,-2.849770672978153,0.33968740314689283,-0.607606545288483,0.6119883106600398,-0.37536257389540795
4950,41400,OK,649,649,,17.24997,1.2293999816379562,0.6294103355484901,4.82297753210061,5.016841034006754,0.03641689422811707,7.0727084192976335,1.6351159014182608,0.5114640870765026,0.11104228409819411,1.5518461726198725,0.9154292,0.945885,0.73865116,-10.8825229805411,31.590291244956163,-2.1978898597970113,0.3539949347143798,-0.6068792299469173,0.6083571613411006,-0.3691703545798291
4950,41350,OK,488,488,,28.872425,1.5474452184514487,0.5188235272120223,4.210007665243452,4.515299447202323,0.008761793934636136,9.32698223656448,1.5658746591666508,0.23294914364774533,0.21309993345501832,1.5169369492719191,1.428361,1.2962356,1.1264973,-10.505527102043668,31.105288998685616,-2.1157667380656,0.36903303258149495,-0.5963206477789047,0.6098292941282687,-0.3692215295987901
4950,41300,OK,409,409,,19.710482,2.156417262495118,0.9431863745061649,6.973618440038435,7.360101228535184,0.033523494096559,11.618215884387809,1.4104821048792158,0.4412697914452033,0.12180791159441695,1.3183396933986034,0.9649847,0.9418324,0.7504584,-13.235668689305461,31.696715256548824,-2.520737701015008,0.35393263073743436,-0.6050053756016514,0.6113883117460077,-0.3672935075014942
4950,41700,OK,1055,1055,,13.439457,0.12387997744452361,0.02747876916990588,0.07181949001794852,0.14580593510960677,0.03742168897920856,6.912447034947745,0.7729446636487682,0.33875610591533956,0.11867411398141359,0.6786426588789003,1.0513135,1.0344557,0.79912883,-5.997395758405702,30.424995221187736,-1.5719201948960955,0.3757138509777559,-0.5953165986561001,0.6182985957523911,-0.3494911959386354
4950,41250,OK,351,351,,21.791002,1.719577020670505,0.8242476562888996,7.961394935837357,8.186582843488027,0.06400437070096354,13.890738149875663,1.090312137096599,0.3445876736549076,0.09679969999923821,0.9907894252914597,1.0303506,0.9952413,0.7949344,-13.87982778727855,32.30958449747509,-2.4413444126006736,-0.34502149735332693,0.6175985788109558,-0.6092215212676253,0.3583033628632536
5000,41450,OK,657,657,,17.838932,1.6219290674446836,0.3056176101681237,3.338782906063446,3.724449934861298,0.020724567122273517,6.510294849923101,2.012643699370451,0.5243883987542384,0.1377725492680234,1.9042039579769705,0.9750716,0.97469187,0.8020188,-8.00379672557405,29.84416265551954,-1.7789618383337082,0.3459238228173655,-0.5995574600674763,0.6194571191966965,-0.37032477416638776
5000,41700,OK,1260,1260,,8.131746,0.2455976133607809,0.02360037605771742,0.4683324984670527,0.5293491235082658,0.015804567481765338,4.9886799229264875,0.8620293615361243,0.34723263567587914,0.10256589758477935,0.7868270001646707,1.0799286,1.0504353,0.8004868,-3.9953655625631477,29.096338181716995,-1.3792535988109744,0.33776495504162585,-0.6052002179392931,0.6254551888796972,-0.3584038756144006
5000,41400,OK,560,560,,17.371119,2.121953625541898,0.2966171314174762,5.053778439511245,5.489202622172864,0.019151885336001692,8.845483609290756,1.5253966078376069,0.4888046768855213,0.0884327541524133,1.4352949504255497,0.92570806,0.9456039,0.73596823,-9.738516945029536,30.229787883863505,-1.8619276638614282,0.3391762587068063,-0.6102085003832952,0.613731132375066,-0.3686992659922753
5000,41350,OK,487,487,,28.45079,1.6769642495511672,0.3048693812643417,4.555931271848924,4.864325666288819,0.010546676369491888,11.131751342956587,1.7729503545403098,0.26960343519077323,0.2629935545379892,1.7185413668976777,1.4387523,1.2883538,1.113785,-9.086220507024677,30.33482487941435,-1.8538580136016085,0.33855138466280144,-0.6092594608515206,0.6173791108435791,-0.36473127477611
5000,41300,OK,386,386,,20.666576,2.8975849244692222,0.5677119342940172,6.998878201708536,7.596222174028487,0.028244966256871083,13.442077165325745,1.260260447336363,0.40483545005151056,0.10127536225021405,1.1641775235656144,0.9699342,0.9373477,0.74278325,-11.80749524629861,30.505694737929264,-2.1814049738013184,0.33264609342373336,-0.6120656304412055,0.6138792476389946,-0.371314569981734
5000,41250,OK,295,295,,22.060362,2.627549662172801,0.7562859196092951,7.084940218067831,7.5942322530311595,0.028132468762310365,15.718455442295664,1.0242267462066874,0.32292254164861034,0.12463422551264902,0.9411960146621012,1.0385598,1.0008786,0.80030435,-11.76398768142462,30.577326464893073,-2.382351872758365,0.3304509939342354,-0.6111776517741071,0.6244792634135305,-0.35677677635499
5050,41500,OK,691,691,,23.765942,0.8318243341313969,0.17017978895245,2.4857529185552485,2.626758545341954,0.02965850479267138,6.174373182939531,1.6927310191229719,0.24164455587819367,0.22799410662500263,1.6378028072771196,1.3865567,1.299436,1.131728,-5.1864707000981305,29.00412195545653,-1.065781532148172,0.3391178444434412,-0.6202279320338204,0.6251181511499676,-0.33097386151769
5050,41700,OK,1224,1224,,7.831748,0.2703167914205571,0.028430422327725635,0.40147300146852505,0.4848298954744686,0.01607274444987797,3.077724446786839,0.9941099214455351,0.35233589855864844,0.11328326274928413,0.9326458115346936,1.0265868,0.9969937,0.78556556,-2.4415122924844437,27.929690856662475,-1.1583953689961148,0.3347660883811702,-0.6087763716735864,0.6401707773477529,-0.32787859215247267
5050,41450,OK,591,591,,17.960594,1.2164471704767954,0.9020036329174307,5.212026055548902,5.427574953520024,0.024773706939976065,8.35446422301145,1.9323287900629325,0.5075567006385424,0.13096316303138444,1.8358658668065124,0.9587841,0.9608696,0.8028591,-7.678378737206475,30.121686147934305,-2.0895858320550293,0.3329017637288887,-0.6050686852722551,0.6441341009797572,-0.32887621039549203
5050,41400,OK,404,404,,16.948187,2.32081386891793,0.5605970413409749,5.7773395132672,6.251247708136396,0.022909788758963982,10.687106426803693,1.5510988006937831,0.4853126360710043,0.09172843154604549,1.473641192653218,0.9068769,0.9291686,0.7308184,-8.759978593460971,29.563958517887638,-1.7809286333979948,0.3353957063455423,-0.6152786754980306,0.6285345644538863,-0.3374702548805259
5050,41350,OK,352,352,,28.649515,6.038363688616019,0.2975495304986957,3.658768104216655,7.066608507589025,0.12377571571883242,12.983112116352386,1.7895178447119067,0.26176015682646236,0.25583093822321956,1.7312768333775423,1.4134722,1.2688724,1.1036776,-8.351169500331999,26.138205108522136,-0.9417430144722585,0.38838564032229866,-0.5904411135602471,0.6117919044405967,-0.3553119073013474
5050,41300,OK,285,285,,19.572554,3.159468300294426,0.8587165315342046,7.086414990358206,7.806209799747184,0.012956802487155087,15.299911774204318,1.2831982238453967,0.40921273940602654,0.10978425525371349,1.1814969416689118,0.9396997,0.9119532,0.73551345,-10.338680064919405,29.497550403345084,-2.046911251472188,0.33371754003907217,-0.6113032969781349,0.6365315542114123,-0.33131324010237845
5050,41250,OK,206,206,,21.71816,3.0204841627776187,0.5806267025443632,7.205009068702612,7.8340671190247555,0.03171778277326425,17.573090758607467,1.058381772389057,0.32767426477648554,0.11909795763936848,0.9733107365123539,1.0118765,0.97909325,0.79801595,-10.382396216326992,29.488927333556273,-1.9331065824645597,0.3345206994576495,-0.6164058837510149,0.6376272808072695,-0.3187022731042605
5100,41550,OK,652,652,,17.857327,2.9142401470451142,0.3578214758076778,2.409137865616639,3.797996458495796,0.09526416248981785,5.633398569077818,0.7860786495609235,0.2881205428850424,0.11716686378591978,0.6990077497615825,1.0735929,1.0893992,0.85350543,-4.697303788689082,26.920333968771224,-0.8786334599918457,0.2742183794859956,-0.6380613572162712,0.6540904866991453,-0.29974592572557135
5100,41750,OK,853,853,,5.575506,0.27004197232720784,0.09676022420293232,0.48280557814794545,0.5615927653531,0.04731313651983194,3.3143905244300176,1.4039591736392993,0.3979885744443279,0.16851457849902585,1.3251400415418089,0.93921345,0.9451136,0.6785914,-0.9568187324644728,26.457173905332745,-1.0266249045433549,0.24332341216145487,-0.6390483799131047,0.6805224503815822,-0.2632490830965795
5100,41500,OK,442,442,,23.041597,5.2145880667584965,0.41484314233422687,1.885259996944093,5.5604162429443615,0.14379568654770386,7.948606097104432,1.8787172456099164,0.2835258173818605,0.2545936658843915,1.8074885237551954,1.4592327,1.3661904,1.1649023,-5.521323549762148,25.226134257121743,-1.6252449934444968,0.2824964531694376,-0.6219169636606708,0.6531242957108145,-0.3268695437174168
5100,41450,OK,377,377,,17.796246,5.644951666407422,0.43062109376435587,4.056674567176491,6.964734193524352,0.17086436869838548,10.120857086790396,2.0745952685599924,0.5019576767720876,0.13146573409408702,1.9636476435153796,0.99272865,0.99571747,0.8157404,-7.3731994364938185,26.653785367026575,-1.0620364122406651,0.30271935692789814,-0.6234626869571315,0.6456321123496911,-0.32064691549464397
5100,41350,OK,280,280,,27.975798,7.599731830973912,0.32770555890462083,2.233199162609731,7.927830304436132,0.16098699168910893,14.723776310469121,1.8519640060274511,0.2663876208163191,0.26468138320695517,1.781542651497765,1.4521604,1.301781,1.1220602,-7.096775563006268,24.69642526587792,-1.1546670568520943,0.297982442833723,-0.619909988899242,0.6516850039032187,-0.3197260156969567
5100,41400,OK,278,278,,16.796936,6.7346155150820035,0.6099272471282282,5.37561649566628,8.638536339638335,0.1723415306742327,12.431388598532784,1.6059088808717352,0.47180838141368187,0.11250198769896613,1.5038787552033313,0.9220902,0.9404495,0.73445165,-9.034961551504189,26.954869051339628,-1.1623055364526402,0.3063545088073126,-0.630604137100924,0.6401782941204733,-0.31409726032175156
5100,41300,OK,221,221,,20.272238,8.552126341995239,0.1371424149859234,7.027873514618196,11.07017069195001,0.1663027335571181,17.03806286540984,1.216811382875517,0.4040400978893237,0.12912603654434018,1.1026412477382257,0.9639449,0.93312293,0.77625996,-11.339659948849642,27.28465250883365,-1.9602061327178009,0.3014405570961527,-0.6184717233900314,0.6519927165387166,-0.31864057413485547
5150,41650,OK,634,634,,18.529427,0.8677884089747854,0.012027731665525343,0.2133317226962106,0.8937067824451933,0.05824387942607561,2.9511727072087566,1.0668035272678393,0.12584407138685227,0.17641264395696066,1.0298037575146104,1.3404858,1.2974237,0.9821653,0.5401754649203774,25.178098090758308,-0.6692208927513636,0.10649608826161458,-0.6928317029506211,0.6964128107017019,-0.1537921053307746
5150,41600,OK,479,479,,18.881004,4.556178829876575,0.0033196960476138404,0.8322873816869576,4.6315741207404475,0.19031303324178855,5.09744322741974,0.903152328845387,0.34938695951003984,0.08584139699638149,0.7905686086506059,1.120312,1.1963867,0.93188566,-3.9589721797047175,24.108722660004076,-0.7960593568684298,0.2143700828475877,-0.6637424808136047,0.6875569637052388,-0.20188315532444287
5150,41800,OK,777,777,,10.412976,0.2733086798583124,0.15299861347405455,0.6443456947924862,0.716440914945879,0.028956738909126343,3.510026857843453,0.736729302867898,0.1662621536955332,0.08059710003309001,0.7122515164925156,0.98654485,1.0300272,0.8401865,-0.20015774070753153,24.463893312356728,-0.920285560530833,0.1392575070641006,-0.685181441930609,0.7004187946505014,-0.14334312142730174
5150,41550,OK,336,336,,18.63808,5.293149880236641,1.1471620584908986,0.4387104104985804,5.433772471071095,0.2147302069400736,7.222519583418606,0.926543165279167,0.29616728428506156,0.08185558432433304,0.8345454605328468,1.0431432,1.0604837,0.86594516,-4.086525269154644,23.78078482307329,0.04714200357450682,-0.2327032219499549,0.6761234931615531,-0.6730745325408802,0.18888331354040988
5150,41850,OK,634,634,,8.132046,0.9906109925135933,0.1318685820320669,1.8652430262089013,2.1160886106769854,0.03261123787051426,5.588225495086071,2.1439325952946486,0.571024924407292,0.29132548290115723,2.045312812604201,0.63924253,0.69916207,0.5293858,-0.3397103959123323,23.05223542360606,-0.9308788507220065,0.13756111618225703,-0.6817086371106561,0.7044142080160705,-0.14195385499702165
5150,42150,OK,488,488,,15.090694,3.9336504806251895,1.077107761060374,3.8072370386432137,5.579320845862516,0.05629794355684706,17.857913892067973,2.231609880427821,0.5733941905939952,0.2608720821378118,2.109137546507323,0.7634229,0.76150197,0.6241762,-2.4404728333704675,20.055997989191432,-2.3372468310579335,0.1322852303980164,-0.6652342276197519,0.7148443782551138,-0.1701809481074642
5150,42100,OK,428,428,,26.041716,0.3367288449080945,0.9311887627101125,2.937295747129591,3.0997104917873073,0.027531363554091037,15.856575433483428,0.8431480706166691,0.11143234437841887,0.11009869301973396,0.813601645550861,1.34832,1.30606,1.0606165,-1.2843144882110957,27.98012496074947,-2.2095517559671807,0.1385376231890509,-0.6746144039189403,0.7071158739796192,-0.1602806094081902
5150,42250,OK,853,853,,17.445463,1.7605551591102948,0.7826619666551972,2.0325331300838627,2.800590142667606,0.0925586362950927,21.345272403632137,1.8087656742043312,0.2637244338693945,0.21464306670855793,1.7446557860692176,1.1358476,1.1892197,0.9411089,-4.640787485644813,26.22337091734962,-2.1507210321496286,0.16667299914251008,-0.669807036105358,0.6992219532362087,-0.18619158373336242
5200,41950,OK,1189,1189,,15.849722,0.25768083954385723,0.02227103264769027,0.6499862626417876,0.6995552555633189,0.01742539136223296,7.863749250284492,0.6293698721612884,0.11700507401506816,0.0668863251309042,0.6099031993036936,1.4118356,1.2546617,1.0053145,0.2480951909662914,23.701641125181357,-0.5443082036104179,0.016657876200453614,0.7106919871948263,-0.7027044132021192,0.029084741082299484
5200,41900,OK,1274,1274,,6.3874636,0.4620822915206195,0.007534016226695875,2.054964660569384,2.106289762052338,0.013445448984829064,5.831343689272681,1.9504804073267845,0.4989419722359315,0.2919762822555606,1.8588169940402661,0.7136353,0.6659309,0.52945554,-0.4836683641018612,20.999769465876565,-0.7033981985310267,-0.01749993533117889,-0.7063107773052509,0.7065215883917562,-0.04057195166918584
5200,42100,OK,1231,1231,,19.48581,0.6385027090325011,0.15543291938693085,0.5280023168956927,0.8429896491168836,0.03757791192966973,13.945553977756184,0.7645206986007752,0.12127398082827057,0.09956199447757319,0.7352495667903929,1.4200667,1.3419923,1.0714247,1.0993165493781127,23.431402109528392,-0.665266327939805,0.03386515354393236,0.7071583663720837,-0.7058191350065317,0.024485606058317316
5200,42050,OK,1092,1092,,12.261995,1.2938126577260975,0.10012427599762583,4.584725786468686,4.76483857030301,0.008446254384399873,11.93746845604386,2.3667651829276513,0.5339154068750527,0.26697358398401194,2.2132211996919686,0.91926754,0.8810699,0.688455,-1.1789373902350255,18.43443784411904,-0.8270713466396125,0.018433686013007124,0.7077131077179264,-0.7055768547802999,0.031042847526413283
5200,42000,OK,1090,1090,,9.397349,1.313906963653542,0.18590231258862033,4.614722888002184,4.801726617792218,0.03136321347025604,9.938132741751687,3.1761404293325777,0.7632126031654787,0.40162496316774154,2.961296445033013,0.7408748,0.7833212,0.5776436,-1.2444802286643821,18.412804525270452,-1.0913278698301696,-0.018395109977789755,-0.69468301927627,0.7180626986448936,-0.038250274154878236
5200,41700,OK,485,485,,16.163805,0.040777755808378724,0.0894866887268718,0.03597753621057631,0.10471425853173548,0.051132419408349034,2.6607798358322614,0.748245585458555,0.29815847804081563,0.08930248040518313,0.7078729438009232,1.0417938,1.0249267,0.8038242,0.016884822497462926,23.09705610780038,-0.7372001870578059,0.03482754371663846,0.7067242449009714,-0.7046540144858314,0.05282616526702379
5200,42150,OK,1080,1080,,11.12232,1.6280116652079166,0.16653380378504964,7.024156908845322,7.212276739694314,0.030388834432106715,15.932642277397099,2.3916585775817296,0.6413478350422039,0.2788750047913667,2.2412598212590473,0.7842528,0.7796233,0.6139179,-1.279923686545335,15.934396131778012,-0.9322479706297322,-0.03260203473319744,-0.7035240612648243,0.7092234627649479,-0.03151321018874073
5250,42050,OK,1288,1288,,9.447697,0.8281823351357034,0.15476540299093225,4.1382300854571055,4.223125211306917,0.021855267279239393,9.959224758247096,2.589064388772298,0.6253262892611087,0.3313371659616807,2.426021907880744,0.7774282,0.7558266,0.647879,-1.576808337929266,17.022247868553073,-0.8697938772015321,0.04718568922582988,0.7128956916088476,-0.69945733170782,-0.01768289393744183
5250,42100,OK,1362,1362,,18.982986,0.48295340465185,0.24471403139462483,0.07738305110023092,0.5469159760180753,0.02436014094806325,11.966612522716579,0.6334046747474462,0.09139672096867013,0.07416260036796218,0.6168542547828926,1.3096443,1.2447404,1.0367774,0.5391945076943139,20.94309204321558,-0.7500892553264362,0.06472268841269524,0.7123140634427536,-0.6982837359179104,-0.028626434965464877
5250,42150,OK,994,994,,12.68586,0.6269808205087966,0.19338343343660275,5.961720242873925,5.9977170953543935,0.02233459663554897,13.941356135379593,2.2760922639367944,0.6187266256801237,0.2899295506109955,2.1171785919891235,0.7524744,0.74315435,0.61450917,-1.3151187253885568,15.10122119482121,-0.9024265440827004,0.06381089193943391,0.7111344908959228,-0.6995422244623553,-0.02926742425206698
5250,42200,OK,841,841,,14.891192,1.4793086975026462,1.0022318519399627,3.521369960480655,3.9487807366484042,0.06695090513982929,15.776825024469263,2.274750257532895,0.578169271143623,0.22215154147590255,2.1667476457964483,0.86657304,0.94180536,0.69197696,-2.2141317078689218,17.67893076068725,-2.0782875269838734,-0.06700468668243906,-0.698649350934672,0.7123007208739011,-0.0052095531161851704
5300,41750,OK,672,672,,20.293056,0.43004955668386197,0.11861043714424689,3.900419956229588,3.9258485569310433,0.051799426995249115,4.730483682833474,1.4601865416320552,0.3773089861779748,0.16378876820434912,1.3793470767591705,0.82330716,0.82686687,0.61501193,-0.22052172892777716,22.805917395143638,-0.7994952022749128,0.1150552349037558,0.7023446809674844,-0.6988648832020777,-0.07114855630910942
5300,42100,OK,1421,1421,,16.301298,0.3692260729390635,0.2877079792604005,0.027577641730186286,0.46889689761343506,0.043421527215989526,9.874878463522052,0.5932191868570694,0.1075481956830795,0.08617162589785154,0.5682332165188173,1.3270679,1.2626021,1.0339166,0.17895689135183446,18.685970703140946,-0.8240439141253096,0.11330735775652866,0.7030403620438992,-0.6989137275773974,-0.06644767429553024
5300,42150,OK,1147,1147,,10.348766,0.093316203037911,0.2526543209604527,4.92211564043507,4.929479130442175,0.04423288537218248,11.83974807292741,2.3480386204172543,0.641518135999712,0.29654276447186917,2.1904739070826316,0.7599779,0.7608261,0.61475945,-1.436169222085753,14.006563917673182,-0.8498974841351825,0.1141671181034679,0.7039459967360147,-0.6979634814964171,-0.06536728019956486
5300,42200,OK,796,796,,14.521448,0.27419111109905825,0.5951960281880675,4.487785076467652,4.535378040466126,0.07651949480890087,13.667308941869978,2.270013972423163,0.5578100171353018,0.20924393628672489,2.164157051207437,0.8976665,0.9726765,0.7297557,-0.859435894700447,14.334872011575342,-1.224040386235316,-0.13250630506773167,-0.6959977493863111,0.704266559278251,0.04514228005828299
5350,41750,OK,556,556,,18.644495,0.5817971244188667,0.22009435492096965,4.600583304805296,4.642445063057113,0.07535011304539287,6.752017924285095,1.3389554049107377,0.373591832032928,0.15459591081885865,1.2795789402234767,0.91448516,0.90212256,0.65749687,0.2618901496718983,21.28110158151414,-0.7531470741304852,0.11983576205064461,0.7131026985499876,-0.6852439779511988,-0.08697483622337841
5350,42150,OK,1149,1149,,6.2427015,0.013236012144813625,0.1095490859642107,3.841500553494278,3.8430850493776396,0.029222378315362275,9.796825045271747,2.36578198576241,0.6432296131996685,0.2760134992223053,2.203118461805974,0.81359464,0.81921905,0.64725465,-1.799826856810585,13.145120136943117,-0.867883954072627,0.10522142946695467,0.7150557146266554,-0.6877926893480384,-0.06756472630068588
5350,42200,OK,764,764,,16.345387,0.5638590036542424,0.3994274344240807,4.59485827971984,4.646525784075939,0.06554342251258431,11.62463597946096,2.365403106961423,0.557859821673067,0.19994376419939686,2.2293530362279057,0.93854636,1.0210276,0.7430803,-1.3335729812160229,12.273274697275735,-1.2258977806038165,0.12287698738172718,0.7065700847100425,-0.6949622918846882,-0.05183989027010002
5400,42150,OK,1075,1075,,5.8994455,0.4839406247418401,0.44806704181309637,3.3055185532218623,3.370669890085443,0.04663985812092258,7.74892547014915,2.04615681176439,0.5482068951320567,0.15429492106560178,1.8926861970201339,1.0666809,1.0577359,0.7980747,-2.2394262000249157,11.565090862695175,-0.9268573495686434,-0.16583327508417017,-0.6764798535191675,0.7118090159551038,0.0905663152754415
5400,41750,OK,484,484,,19.997505,1.486461291171483,0.6676344397271585,7.982380758702142,8.147005921942071,0.08998180246009797,8.769466543874575,1.1796921160739102,0.32189233974357534,0.12836480265803552,1.104357622291115,1.1417665,1.0676068,0.75553757,-0.7936297898697465,23.055999484212748,-0.41577399333870496,-0.15375213623733655,-0.6823345885650536,0.703587652892984,0.12547591221727167
5400,42200,OK,657,657,,6.639087,1.0945894653674952,0.8935048222319493,3.4540750590109646,3.7319045376760167,0.10788950018981606,9.590936940612306,2.2578104926094698,0.4907781471189492,0.22310538681088887,2.1201630924941117,1.1824678,1.2636397,0.8883118,-1.5716977808082992,11.174160767665933,-1.3108989158234774,-0.1927502957499795,-0.6684177458588008,0.715658823981855,0.06242986597969938
5450,41800,OK,650,650,,24.279945,0.3893113682606494,0.35536423241899284,3.2607827472684185,3.303112351105105,0.0230914005787186,8.807780709700134,0.6028628014302893,0.2500568058953372,0.09076055910000957,0.5304439173122515,0.9717872,0.9738995,0.8487005,-1.3743866920534529,16.134110661443337,-0.838377369954935,0.13143752343162451,0.7189534281241068,-0.6798215093186738,-0.06060413426851758
5450,42200,OK,877,877,,6.544899,0.5813846228101847,0.4013530678548284,2.579004518941952,2.674015084744219,0.07502994836957352,7.516298218856546,2.2565201785941795,0.5049288526427433,0.16503050933596597,2.173708915159658,0.993394,1.0614357,0.783676,-2.348411691993592,10.368510308352104,-1.2112237363881935,0.15858308259521484,0.7102298483412863,-0.6850112112770843,-0.034418147312347706
5450,41750,OK,400,400,,24.062061,0.8177261909910485,0.5812400021386349,7.848077945287182,7.911943092491372,0.09694990011962709,10.84813947724339,1.1880477789075021,0.3573389039864364,0.1186291428368067,1.1127595252794542,1.0084171,0.9830282,0.7047868,-1.5077403590222667,20.843089988618555,0.2278686124402563,0.12432294882494946,0.7293806243729798,-0.6659786491260553,-0.09497446021423496
5500,41850,OK,675,675,,15.80928,1.2839470989208954,0.4446691929333835,4.678177904217458,4.871508939484753,0.04755514751640515,8.727132276574023,2.080724268431815,0.5319737625716481,0.25317679508493507,1.9778073108692045,0.6790984,0.7304367,0.5428336,-1.6250717539355213,15.786858779898182,-0.9246898103739566,-0.035056141176762125,-0.7027389914102874,0.7105257162707987,-0.009065508000971239
5500,42200,OK,1304,1304,,7.521755,0.004947205783908837,0.32440467926568844,1.974855464624615,2.001328802803839,0.0711508923286551,5.4901475456464155,2.307109512846372,0.5408468989037694,0.17962797067999103,2.1930321344125705,0.93679523,1.0045402,0.7147218,-2.691908338438022,9.065051192120276,-1.2211634609000181,-0.047612272652418866,-0.699648066356385,0.7128188568925857,-0.010720634075956633
5500,41800,OK,625,625,,26.120556,1.3092671324390925,0.4964578141228487,3.7835002743956823,4.034293632303073,0.03301372985253745,10.828702406982405,0.7122472592280811,0.17845308391931403,0.09827388535491788,0.6802275860018394,1.0013728,1.015167,0.8427551,-1.6972116339397283,14.90962878169477,-1.00929152138231,0.030183472259567162,0.709521617280899,-0.7040279653369204,0.0035576167597563733
5500,41900,OK,573,573,,14.070017,1.730483338606685,0.058618707005433285,4.755149892602899,5.060578943078321,0.03710096097633677,6.478198673312603,1.8078070576589167,0.42658890506567015,0.2567314076061921,1.7202884107023397,0.7547199,0.7026969,0.55232936,-1.1477102792952685,15.830341884922516,-0.6177699391869621,0.032647442191237094,0.7131877650806081,-0.7002120243065988,0.0006908503109428855
5500,42250,OK,1051,1051,,17.21262,0.34915651422012006,0.22303476544152367,1.15970870101678,1.2314946403585878,0.03316996946178312,7.167667253577022,1.2949560183196982,0.20446434505628253,0.17669979712450168,1.2203006099025266,1.2078018,1.2411582,0.9364439,-2.364961234439571,9.915600471959372,-1.0579471841489516,0.03361872342116953,0.70960179210387,-0.7037117371291463,0.01117448456021254
5550,42250,OK,1352,1352,,15.73226,0.24234747860329664,0.21899357640168587,0.778851777609102,0.8445712393726383,0.0250954116316431,5.351772751765979,1.243518338311306,0.2452373596375086,0.14069724025461616,1.162223815696997,1.0323461,1.0773824,0.86030567,-2.1676206853728504,8.511655373503775,-0.947810762424971,0.15072932114844304,-0.6689800323508711,0.7047505057928383,-0.18186014584481014
5550,42300,OK,1321,1321,,10.652417,0.43447249890754724,0.37554730961826915,1.9062862237716995,1.9909116758435705,0.053604681451407045,6.700419890087364,2.3415079750215773,0.36364002771373904,0.20415281974084243,2.1316100649616576,0.9492137,0.99139714,0.73932827,-1.7352501087354029,7.422995529151043,-1.0678515435806875,0.13515113046146268,-0.6666440012991866,0.7078257574970143,-0.19053252869412246
5550,42350,OK,1438,1438,,10.612036,0.7024873960358948,0.4933802360818901,1.6678963126604796,1.8758439990393492,0.052033523960720446,7.78285262859786,3.132159303412096,0.561155607489658,0.2795168240136041,2.991905976779046,0.98392105,1.0636321,0.8255152,-2.1311767298298325,7.513382481846904,-1.260923160346879,0.13877109269410934,-0.6664910893412571,0.7052734116939526,-0.1977918765236827
5550,42050,OK,420,420,,14.6903515,0.4004338861992186,0.03823983429712746,1.509949062070195,1.5626118366985264,0.019585985414923457,2.4905861943342753,2.4396900695924666,0.5460604540068742,0.2948837939451603,2.3267683602207803,0.8413218,0.8259387,0.6575568,-2.7392598995322857,10.84906912329322,-0.6781639004418708,0.15740183941831914,-0.675375619429188,0.6990173957799524,-0.17454831430118037
5550,42400,OK,1177,1177,,11.745421,0.2700697916172823,0.33579426124836886,0.6637600365881751,0.7913740357145131,0.02559759051864399,8.730178170027356,1.141600040297789,0.1703027183988413,0.133483314086004,1.0939236126326541,1.1267235,1.1202861,0.9369061,-2.2146890624282074,8.62110291701703,-1.0790775219751738,0.14617765422641602,-0.6721260860292493,0.7009535422244796,-0.18852784814668422
5550,41750,OK,390,390,,18.717777,5.540358053759109,0.6750836482781998,6.590467005018733,8.636293223383896,0.10554983639799494,14.609908750158645,1.3384579097093892,0.33029931669074997,0.16039921154648917,1.263372938328466,0.9278335,0.90051717,0.6602057,-1.117859954621872,17.825184642937018,-0.07288062750269364,0.1405697230369356,-0.6889018385830745,0.6981052878855002,-0.13529012080888045
5550,41800,OK,324,324,,28.636251,1.236509853535277,0.4469466324366467,1.6613988729406586,2.1187175661575997,0.03912211230648114,12.53954105042336,0.6884685890126999,0.1526184231895723,0.09075121886039383,0.6629133106292042,0.9471002,0.9685597,0.81808335,-2.182841939760906,11.385703957283853,-0.8305929351525516,0.16378100727940095,-0.6704199981965896,0.7038258846813511,-0.16835062139814932
5600,42300,OK,567,567,,10.996654,2.9241998589926057,0.4481563500322793,2.077606120069615,3.61500153797441,0.20580578602612531,5.385276004552308,2.0953715039936958,0.34851356774133047,0.2120125950591425,1.9675359559200434,0.94497305,0.9674989,0.751254,-5.037166998812875,6.0295417750864875,-1.2322084612392525,0.4151570302058484,-0.5479504539699597,0.6053109381968984,-0.4012400881815849
5600,42350,OK,540,540,,10.733393,2.9995927964192752,0.37967941120690096,1.8126660298591988,3.5252619101891334,0.2028898485598348,6.2877431023466865,2.7129555237075187,0.5121512917277031,0.2539011259557694,2.6136164974142577,1.0266615,1.108945,0.8952805,-5.008236794973217,5.676405270417358,-1.119346310264734,0.40985050626904296,-0.5535506418170016,0.5984755924717917,-0.4091835953096514
5600,41700,OK,262,262,,19.486485,13.700163034842907,1.18008576064999,0.444680720417832,13.75808164414197,0.4970271381481537,17.70970350642245,0.8188042308601311,0.2502506346231118,0.11990110471052134,0.7720208570404039,1.0917497,1.0667757,0.9389721,2.492175366400384,16.867245087395915,0.24888350112505134,-0.16479801807438407,0.6921908247030912,-0.6683345385506966,0.21689264629266913
5600,42400,OK,514,514,,11.6052,2.5343181684850427,0.621210856246018,3.2162396435229352,4.141602220349007,0.2507490106618955,7.155520921882538,1.153012864485315,0.1573621182537498,0.133966788000758,1.1214005648391812,1.1803961,1.1573884,1.0373344,-6.578689010781512,6.159508050652982,-1.514054046800512,0.4311085579178763,-0.5410825053713298,0.5925228517451623,-0.41266427496311586
5600,42250,OK,320,320,,14.936388,2.2812329940701894,0.4454678612459882,1.8199842751757598,2.952085423988363,0.1360899148677515,4.419733748977773,1.0917878212941756,0.19345786150113353,0.13256757984509282,1.0178320022847256,1.1158979,1.1553494,0.98335093,-4.1541851846055655,6.879119211132621,-1.1199680812940735,0.3853466543529681,-0.5658950661479032,0.6135241892497408,-0.3935210277658393
5600,41750,FAILED,192,192,,,,,,,,,,,,,,,,,,,,,,
5600,42200,OK,237,237,,12.915263,1.2315805890851674,1.1618165824543634,2.098218983662911,2.6961326788718543,0.11465861477017528,3.533015146800932,2.6771267873956757,0.5912676816159224,0.2375743174266276,2.6065166360854954,0.8498803,0.9245456,0.74924445,-3.504567474733566,7.948539475220151,-1.9455230617124186,0.36301184578459467,-0.5606368379729063,0.6541954928385473,-0.3548760246586588
5600,41650,FAILED,114,114,,,,,,,,,,,,,,,,,,,,,,
5600,41550,FAILED,109,109,,,,,,,,,,,,,,,,,,,,,,
5600,41600,FAILED,94,94,,,,,,,,,,,,,,,,,,,,,,
5650,42300,OK,348,348,,10.965589,2.8429963098335502,0.5871442330365126,2.946927190876156,4.136634651070898,0.2645520254867674,5.178316096853853,2.183761914171193,0.35804296064601054,0.23009700273608613,2.0854712195569647,0.9669186,0.9921038,0.7717545,-3.899024122732344,5.514409628625865,-1.3658082687769053,0.45654252471792356,-0.524044566465215,0.5811045487543407,-0.4233954639571416
5650,42200,OK,253,253,,12.954057,2.927015069520327,0.6802184742776487,0.5840331648996426,3.061243069024476,0.22167157372816954,4.734902420332381,2.5809546741063376,0.5918644589602784,0.2515963925889313,2.501740697137114,0.8406137,0.9088105,0.7192064,-1.3280540398927814,4.294412923275813,-0.9062139511982823,0.2902116997736891,-0.6093809403050151,0.6607009297166563,-0.3284909745776708
5650,41700,FAILED,172,172,,,,,,,,,,,,,,,,,,,,,,
5650,42400,OK,340,340,,11.764006,3.908440515161754,1.1938208449056997,2.713167421420823,4.9053433036790155,0.4015722153245452,6.370525320770525,1.2020271583798046,0.1650819135715178,0.13920764550096387,1.164478781909711,1.2078835,1.1736181,1.0805752,-4.636015113118254,3.3660468386421196,-2.211100320698106,0.4986259518151971,-0.4754586376373392,0.5697584459272776,-0.44798053235265434
5650,41750,FAILED,125,125,,,,,,,,,,,,,,,,,,,,,,
5650,41650,FAILED,123,123,,,,,,,,,,,,,,,,,,,,,,
5650,42350,OK,354,354,,11.000991,4.078295221394902,0.05983419903191696,1.741995755223437,4.43515741044698,0.3038104608882744,5.701620648118743,2.791355183191306,0.5003916929083845,0.2529535355052337,2.699833477057263,1.072976,1.1522403,0.9632572,-3.376093601463112,3.7123457052919586,-0.47915624041849336,0.4489572113779916,-0.5308276082719054,0.5422861586525874,-0.471789354248108
5650,41600,FAILED,112,112,,,,,,,,,,,,,,,,,,,,,,
5650,42250,FAILED,135,135,,,,,,,,,,,,,,,,,,,,,,
5650,42150,FAILED,102,102,,,,,,,,,,,,,,,,,,,,,,
5700,42300,OK,416,416,,10.711724,4.017795620141234,0.5883535986211603,3.022053213172868,5.061783008534148,0.3201963619676833,5.512243206885303,2.1454139351339117,0.36206957255652683,0.21479388176595515,2.038194267972867,0.9557098,0.9821787,0.770383,-2.9761442944024696,4.329317686455101,-0.8414388382738839,0.42699444785858975,-0.554989367639422,0.5906014382566802,-0.4010641899176159
5700,42350,OK,308,308,,10.816717,4.194900134110734,0.21670488940171712,2.5962236819292634,4.938069010338272,0.3346642362241714,5.56597313057021,2.78288358657135,0.5140780399597886,0.2525745397184367,2.674664362536001,1.029586,1.1181818,0.9215816,-2.939549010675572,3.6837352081723425,-0.4006262435991142,0.4297766389597301,-0.563755955426081,0.5731275476067912,-0.4110913250122527
5700,42200,FAILED,167,167,,,,,,,,,,,,,,,,,,,,,,
5700,42400,OK,353,353,,11.73096,3.736536750123035,0.6025819477731211,3.454355738477272,5.124196079069664,0.3781326844978891,5.93394591196309,1.1588208815498926,0.15167766234582913,0.12087675929191688,1.1258707958382033,1.1653584,1.1499801,1.0492426,-4.00586964882568,3.997352323626348,-0.8873068023352035,0.4463325479680893,-0.5481252503456506,0.5716081795699129,-0.41666540005932956
5700,41700,FAILED,149,149,,,,,,,,,,,,,,,,,,,,,,
5700,42150,FAILED,142,142,,,,,,,,,,,,,,,,,,,,,,
5700,41750,FAILED,118,118,,,,,,,,,,,,,,,,,,,,,,
5700,42250,FAILED,173,173,,,,,,,,,,,,,,,,,,,,,,
5700,41500,FAILED,91,91,,,,,,,,,,,,,,,,,,,,,,
5700,42100,FAILED,86,86,,,,,,,,,,,,,,,,,,,,,,
5750,42300,OK,540,540,,10.419593,3.88934150918288,0.27427203813198203,3.281315259727248,5.0960016051481904,0.2955115558512333,6.124856150979102,2.2747721076258824,0.35524706353630875,0.2185087911001552,2.1779473358303574,0.96569073,0.9991305,0.7882222,-1.687298638216563,4.364901360102925,-0.6686985665705111,0.3624332352744737,-0.5893675174400774,0.6278521074849337,-0.35649657849932487
5750,42400,OK,447,447,,11.602153,3.208509767343632,0.3691278931590124,3.6207719303990045,4.851884139240428,0.33500511436141944,5.786506894987489,1.0994125779726325,0.14462298790795436,0.11889335689128755,1.0683000726276184,1.1405368,1.1289382,1.0358605,-2.2272715518023585,4.621805998282358,0.1599503875524401,-0.3849865132110949,0.6088161617822379,-0.5968500475784798,0.3534095167137889
5750,42350,OK,514,514,,10.377009,3.957514691421998,0.1358310666869322,3.0348784978040317,4.989074073205519,0.31600846080828227,5.7541723272765095,2.880494525438501,0.5232802019024687,0.2688653183227494,2.7723369032877816,1.0340728,1.1189445,0.92543525,-1.8067855404306945,3.8940477608519712,-0.1616176189048583,0.3727498036531475,-0.601972726229573,0.607289832371087,-0.3603962822380009
5750,42250,OK,299,299,,14.676044,4.456382864649156,1.3780139341352349,3.4856333019492722,5.823049901440591,0.32347022198205705,6.896631164291623,1.2901574909216338,0.22750669285974445,0.14971488819582712,1.203518423660487,1.119601,1.1693518,0.98463225,-1.7227658306889415,4.272303904054855,-1.6447526491518212,0.3532741383098869,-0.5648574975947315,0.6404692411343826,-0.3820111801677705
5750,42200,OK,227,227,,12.348674,3.8036330034109462,0.6997108296787707,4.220370373983934,5.724399126843622,0.2344616387797406,7.716806517751992,2.436626054125887,0.5771818318919575,0.2294407447689717,2.371174003037787,0.8343087,0.91033417,0.73691404,-1.694678166804573,5.37722765486077,-0.8946447805835307,0.3263182299101955,-0.5895341100799785,0.6471779262487398,-0.3565482823642058
5750,41750,FAILED,115,115,,,,,,,,,,,,,,,,,,,,,,
5750,41700,FAILED,112,112,,,,,,,,,,,,,,,,,,,,,,
5750,41550,FAILED,99,99,,,,,,,,,,,,,,,,,,,,,,
5750,42150,FAILED,89,89,,,,,,,,,,,,,,,,,,,,,,
5750,41500,FAILED,88,88,,,,,,,,,,,,,,,,,,,,,,
5800,42250,OK,661,661,,15.6012535,0.2390594700817683,0.5740233191040579,0.5396810560664917,0.8233515915986673,0.061092415227988466,7.889178144963589,1.288840482351013,0.2467944528353202,0.15036468107214407,1.2059047412942858,1.0484926,1.0932381,0.9443313,4.315419854737648,3.09232682812396,0.13972985893515,0.0850702259679474,-0.6764849011808551,0.7080947782734005,-0.18366551148768956
5800,42200,OK,512,512,,12.608294,2.174413794752872,0.8551761359247187,3.7397296793344132,4.409646204488676,0.07882116768621338,9.029971971728623,2.2399196204984295,0.587945091829281,0.23850173649291317,2.1683610052964335,0.81045866,0.8905873,0.7021395,1.3513608997653885,5.465231063620396,-0.5920209176714761,0.10408843673859605,-0.6613604895963447,0.7189915326087303,-0.18659870357306274
5800,42150,OK,334,334,,12.726227,2.6040707412798074,1.6870582609096494,5.397357656835812,6.2256581722013316,0.1191860172516647,9.987414837029368,2.329445224813613,0.6184283094874399,0.3169703796926673,2.1837851343539216,0.72111005,0.7165152,0.603327,0.45839161644095094,6.938880938298404,-1.2955742371825725,0.104942006643382,-0.6492962958523166,0.7224003833910795,-0.21339911319061902
5800,42100,OK,242,242,,23.389658,0.4129045702699079,1.2481597307865409,3.7190741646924437,3.94460461138879,0.058556154379600274,10.991810493950418,0.7427791384362743,0.10791259162536226,0.07450484598609408,0.7120717993567709,1.2773476,1.246272,1.0482798,3.7577418007004018,6.499839039170663,-0.5660340495433186,0.10628356170955823,-0.6686443840120582,0.7122869307251415,-0.1851102929542909
5800,41750,FAILED,181,181,,,,,,,,,,,,,,,,,,,,,,
5800,41800,FAILED,155,155,,,,,,,,,,,,,,,,,,,,,,
5800,41700,FAILED,149,149,,,,,,,,,,,,,,,,,,,,,,
5850,42150,OK,695,695,,15.263893,4.27429217055106,0.9200995746567996,5.425503910681347,6.9679444222335984,0.05015927810964884,11.350656668528472,2.4606299500869797,0.6618351490402952,0.3160022831380287,2.3003756702415443,0.6679235,0.6693886,0.5552954,0.5476708468989364,6.057612296904409,-0.6764077581141108,-0.0003369041807037321,-0.6917204360590523,0.7188841095398277,-0.0687630851909402
5850,42250,OK,661,661,,18.557272,2.434835357676393,1.1573405518044262,1.993750683767253,3.353043715919089,0.10366524244351286,8.732559950096364,1.6580145148515153,0.2842095901655475,0.1819747545235545,1.5739393198939098,1.0649179,1.1258049,0.9218286,2.7125153715317203,3.1256505700712807,-0.5675144012195009,0.008704458350365638,-0.6886041193417038,0.7179348567850946,-0.10157824886966989
5850,42300,OK,642,642,,12.003889,1.6717730944988407,0.12890313937459208,1.0430127574883972,1.9746688104880792,0.01138229936355701,7.311353138570635,2.5509436499053675,0.38491200208204135,0.23892904957087502,2.434361073476257,0.9254753,0.9516776,0.73242736,3.3547461822812177,1.7790088302455873,0.2329724335166486,-0.005781323418231408,-0.7038656571891514,0.7079251502225565,-0.05815233969143898
5850,42100,OK,538,538,,26.528976,0.3547017200069318,0.3277762610649622,3.8539044197126735,3.8840481284060426,0.030730972717206352,12.556418922397356,0.7310786029397633,0.09991687117644132,0.09525444353870993,0.7080655417124042,1.2581506,1.1968055,0.9948651,4.3713301122343395,4.519267133052898,0.17910934222735836,-0.009636571056412543,-0.7007500666593447,0.7117621463973741,-0.04744604863422661
5850,42050,OK,382,382,,14.637522,4.125376002030833,1.220400186401956,8.038232017967264,9.117087130645176,0.06699602102443608,13.62458422935672,2.2272198736689943,0.5503805597640715,0.28588157202263637,2.0864311772532065,0.82999134,0.80388594,0.6515003,0.5093454266991295,8.591977275811008,-0.9882461755372058,0.007567217476992146,-0.6863542537246464,0.7254172236658412,-0.05128769075209755
5850,42000,OK,381,381,,14.578445,4.055261908129053,1.9291526159688697,10.012337098627324,10.973316414638331,0.1388130506280498,14.748508776970114,3.0472773428456175,0.7381465596455092,0.38873788001254006,2.8584132393468,0.6882515,0.72991145,0.566991,0.6090223442075811,10.566592310917152,-1.2329772099346727,-0.014441626919867305,-0.6625812604979728,0.7432648895119464,-0.09129521711250098
5850,41800,OK,340,340,,26.63852,3.270712721500633,0.37823285361392517,8.366294282345024,8.990856567476651,0.09459980438963915,21.41119404239592,0.5456169685603796,0.17501667846410246,0.09839202196003793,0.5069133212235832,0.89375985,0.9198757,0.7895999,2.1143870859873295,9.095807445359139,-0.07560320461609399,0.04189292064727488,-0.7032357270285531,0.7073396937124178,-0.058095207453684405
5900,42100,OK,688,688,,27.60907,1.0678203296350812,0.17323172223537808,5.809352878743258,5.909215714097193,0.11453520510569215,13.977185493276432,0.9825301695661303,0.12703529088978627,0.13542042389186681,0.9541498693699282,1.386321,1.2960469,1.0582428,6.198100398841703,3.1295826453320474,0.9069957624787692,0.12491957243187142,0.7124073958710011,-0.6865207618959078,-0.07456571744172504
5900,42150,OK,600,600,,14.973265,4.830643283931321,1.4379655913602596,5.034066424848491,7.123530329009185,0.09188214030860639,12.574452389810187,2.4193105343888854,0.6643391591977389,0.28242359722858257,2.251496632824268,0.740824,0.7426793,0.6022382,0.8607441670993032,4.357806578646556,-0.4358319172075452,-0.11650200428198741,-0.7010648569759452,0.702568480518201,0.03650862218604805
5900,42200,OK,565,565,,16.506758,5.820433728384701,0.6530381304125925,5.000681483141254,7.70134552413556,0.07873414875048287,11.145339213731907,2.1928350605138553,0.5762171629494501,0.23255669890998565,2.089836355117015,0.85527796,0.9466091,0.7082944,0.08875811190891358,4.967739510430979,-0.25708520312403665,0.04082865040793612,0.7128972371400797,-0.6993731966928863,-0.031427413693798326
5900,42050,OK,537,537,,14.442448,5.898262322381148,1.5703441448136537,10.69926657332348,12.317864440064632,0.05452668953970442,15.21585799274349,2.115355673574277,0.5419366619676342,0.23745508684856587,1.992174428473775,0.93879825,0.87407106,0.69157296,0.8927344373296893,10.187444234907122,-0.7090710584760972,0.09768761976796819,0.7051388574581462,-0.7005154464305925,-0.050144091963429074
5900,42250,OK,503,503,,20.336996,3.701338307368591,0.7580396485206249,3.2873333805422593,5.008102447948809,0.09799966940096808,9.515099707002912,1.8467237204256592,0.28972429540956357,0.2135122386269852,1.7661422897253667,1.1237304,1.1940354,0.95921665,1.9209297694614142,3.1191089755190298,-0.27256333540766614,0.03890413044147222,0.7137643528089618,-0.6991462550977925,-0.014880567076881205
5900,42000,OK,497,497,,13.599973,6.97302742711832,2.560883995479491,12.217687151127864,14.298710349555384,0.12510821115229212,16.475304384542778,3.0728878437455895,0.7961303333206893,0.3778897538668763,2.874685839873801,0.7320158,0.7549408,0.5601565,0.25117643930659517,12.01677881064776,-1.5371603254988984,-0.08428971561496787,-0.6775151721583633,0.7303929610004753,0.01986348050391195
5900,42350,OK,480,480,,11.785355,1.7946638445696976,0.6961080007911573,0.1033197148127214,1.9277083875005918,0.07044405126167036,6.690284829907703,2.9058403988534827,0.5374448694426746,0.2743732320874215,2.8114821372052816,1.0364918,1.1264298,0.8657152,3.103349432104161,-0.8434591063157837,0.09279024043172213,0.10247545754786838,0.712152712280007,-0.6941459294805699,-0.022332119875650654
5900,42400,OK,451,451,,12.023675,1.0857763945347711,0.3096800847479173,0.45073021598294805,1.2157178379124158,0.04608878907898425,5.837784000762977,1.1271603469860114,0.14339638151696033,0.12246752341915901,1.0981549023836088,1.1581701,1.1486331,0.97020936,3.7713995190064735,-1.3762545714614003,0.3165914937891775,0.07873937905209065,0.7182942814079026,-0.6909171723483736,-0.022065729929550727
5900,41800,OK,435,435,,34.242546,2.7521076790140055,0.7934250072002885,12.9938430283156,13.30577230240487,0.03342464686416181,23.386740577774447,0.5512093569189278,0.21389779919210483,0.10158487281463446,0.4840902020379416,0.94565475,0.95008326,0.8202561,4.0737107599748175,11.890688277867383,0.1658165856909839,0.08811006069438351,0.7164957909211921,-0.6896729904864175,-0.05675883182526943
5900,41950,OK,435,435,,29.359568,3.7348108798779256,1.6109675945808761,12.440609882418155,13.088651693194546,0.03917056333560449,17.9494605221273,0.7544650380417517,0.14127577050509665,0.0851942616744405,0.7229274304912039,1.3364648,1.1660452,0.9474258,3.247998968348477,11.524569623723128,-0.624493489980182,0.0890534951809406,0.7091586718497487,-0.6972312487764522,-0.05506395250967336
5950,42050,OK,689,689,,14.724817,7.875614463148057,1.2352890058246075,10.1819481320775,12.93148521494629,0.09152017937587252,16.548369636395897,1.6272166011913511,0.5112831844392383,0.1557404812588974,1.4870121224257637,1.1675733,1.003863,0.7445181,0.08585706948173621,8.735101646259535,-0.9016145689060638,-0.179291899991308,-0.6798870578551391,0.702366513219404,0.11085704428048794
5950,42100,OK,664,664,,26.641771,0.8023339726145711,0.8928526327952415,5.560540176030418,5.688631880931413,0.1439747189537917,15.158730065701203,1.576536765648094,0.2464050417040794,0.23039001625476085,1.528743624431323,1.6312431,1.4476255,1.1153983,4.292388712009295,1.1477787662978312,0.17860862227053073,-0.20542402288686704,-0.6813027637952481,0.6913465294728762,0.12516984881248958
5950,41850,OK,622,622,,22.200924,7.957902086150474,0.8396035546634636,14.911444897749849,16.922893626102823,0.037572917344303305,23.15542402950176,1.7985203378168038,0.5407019984822031,0.23725974367092373,1.6698484659201744,0.7484057,0.73915213,0.55382806,1.5912454038790091,13.459254007788683,-0.37781582452597406,-0.15733223851721337,-0.6896522500266822,0.7003860881419085,0.09531877198942577
5950,42000,OK,588,588,,15.75709,8.467743628037871,1.01883112093435,11.798833931618137,14.558611923843008,0.06769497290117563,17.93485723747119,2.5001862277123172,0.7460300855845445,0.2568948088174504,2.304582179108902,0.93784744,0.9156857,0.6272526,0.1325485547849259,10.617356997376866,-0.7113977441250419,-0.1627302367760693,-0.6794270512211332,0.7080535846187502,0.10275151296354876
5950,42150,OK,576,576,,15.259008,5.9531711349508605,0.3879898104675368,6.695923317791634,8.968063990225788,0.06096487657746714,13.593866271380637,2.2378808946528324,0.6305806631972263,0.20974506863247722,2.079382386252801,0.8599671,0.8448892,0.6535132,0.7460838267545822,4.815355845268936,-0.21785055028796707,0.16060645768873333,0.6936022415069578,-0.6925375887136564,-0.11624622378329227
5950,41800,OK,556,556,,31.186195,6.060758635404693,0.8613947980532606,14.683082692320774,15.908102136467306,0.03162267642793863,25.109806680146367,0.5841187839247979,0.2362927649841765,0.0781283331679018,0.5397200684207188,1.1103332,1.0420873,0.86055195,3.234368087200684,12.587322926862296,-0.25805982877501876,-0.15882605551027787,-0.6940740416799827,0.6958885232797825,0.09367321882236887
5950,41950,OK,547,547,,27.929762,7.387207420032132,1.311219781488544,14.792996602591677,16.586828487273678,0.032325130138375846,19.509435459049012,1.1801357661350027,0.2710211403677891,0.11758360849211602,1.1229289335676294,1.5667005,1.2373409,0.99140406,2.2594683937424134,13.1673573576235,-0.8730349891644629,-0.1541506088127068,-0.6909154753585324,0.7008862526422655,0.08736049776556629
5950,41900,OK,538,538,,19.060755,8.079452438965378,1.011169728013629,15.387346620411781,17.408918747270107,0.029056450120865482,21.183681509236198,1.4666473706406506,0.44493026654300394,0.22270053308266557,1.3534627583656902,0.82943535,0.706258,0.5569954,1.7476652844099325,13.95638094948707,-0.6347356693727764,-0.15223579966817938,-0.6911062444979659,0.700335843372185,0.09341373883684469
5950,42200,OK,475,475,,16.953032,5.953101421871034,0.6405835740807131,4.797611482189829,7.672472860069603,0.04774325655256054,11.992331204921094,2.3068053893423692,0.5852156601886289,0.2542379864045968,2.155749325774809,0.9568973,1.0427426,0.76366365,0.3386237504600764,3.4117669562283406,-0.2875685886673213,-0.14556488321927513,-0.690882950035019,0.704408601654596,0.0728020332084553
5950,42250,OK,463,463,,20.752844,4.602255828730995,0.28451595235695737,0.30683752429795064,4.621239801887725,0.1295137087092709,10.21887149394173,2.521087254375327,0.33688992564294695,0.30730136654699136,2.413166251870061,1.2437384,1.2987437,1.0260351,0.7190258583698799,-0.9355696552984565,0.01930286556629124,-0.10117712054373175,-0.6993968910118904,0.7060731503679355,0.045474008520031826
6000,850,OK,1313,1313,,9.062246,0.5210584340798894,0.24052819671612713,2.32481847115164,2.3946057355959764,0.06579785997260505,8.592558812693682,1.8218012805624537,0.6089135444334117,0.155415127107973,1.6581233912148665,1.4904885,1.3724344,0.8803652,2.173610144865414,-7.134678166669894,-0.2642361618516867,-0.12258870438591779,-0.6968014024291486,0.7034682065534473,0.06761876587331431
6000,950,OK,1327,1327,,16.468618,0.2924983448553923,0.14027603120644372,1.2067249462896186,1.2495670220807917,0.05434441669099603,12.46910644254682,1.765350356748738,0.45465513934543345,0.2807889255737046,1.64606400885115,2.0131042,1.7807487,1.3466647,4.031202320165928,-6.55275362732511,0.22338807910021707,0.15619559335667524,0.7068569932608266,-0.6832731318997458,-0.0953622300396363
6000,1000,OK,1246,1246,,11.64292,0.2758421189241063,0.16347931475960997,4.614866815493578,4.625992875661467,0.06379152904411653,14.524603305842426,2.342773056176225,0.5455377701786894,0.16722854756298058,2.1810469493597937,1.4361676,1.5047742,0.8948029,2.9272708984863067,-9.771046797960864,-0.25851324520634333,0.15470929343785172,0.6971571716368659,-0.6934165136663162,-0.09597109530529416
6000,550,OK,353,353,,11.405743,0.39284711377554227,0.13196272012667332,0.5778639518673452,0.7111046063503949,0.025194668926903384,2.8205076337347856,0.7677621947503714,0.22574907752590212,0.08405588545044318,0.7170865282972305,0.89000624,0.89132875,0.7185519,3.32961493549462,-4.471307976381478,0.32332797279007086,0.13977751685566886,0.7135555845269064,-0.6800233091071399,-0.0941752230849678
6050,850,OK,1354,1354,,6.9643955,0.41134587236685766,0.16353171197660332,1.5753460501455994,1.6363566925473771,0.05442186050074516,6.527700005559429,1.9767527004773722,0.5362778461870106,0.17694882218200503,1.7982597911823088,1.3795706,1.3283277,0.88331014,2.0063649967987205,-8.439017708553399,-0.0787049794877584,0.09626287390051004,0.7099948914162415,-0.6964685308343699,-0.03965222350219808
6050,900,OK,1283,1283,,8.982861,0.39105943607607213,0.06171127391676301,2.284531275508969,2.3185812283918805,0.03063126361093817,8.380229966863485,4.9215267833812,1.1924533098852168,0.40645503446110764,4.586957625984937,1.5803034,1.5472082,1.0571142,1.8949218107533123,-9.139805585882382,0.04786400641196897,0.09759711239519361,0.7168312451958121,-0.6886527099701737,-0.04883865900981757
6050,950,OK,1584,1584,,15.216242,0.220861089329501,0.14868277665674667,0.573689089597341,0.6324597697697457,0.031604266673455145,10.404397711973695,1.537896236676601,0.3744841007450661,0.21839119762288206,1.447176317083645,1.8587993,1.6806437,1.3342918,3.306110787537184,-7.751197505342466,0.2505810625354983,0.12246045538236276,0.7198958916484498,-0.6804203059318623,-0.061494303238745635
6050,1000,OK,1320,1320,,11.646465,0.03585520640661677,0.1436071582606373,3.7994548371618215,3.802336869789751,0.04036184555528333,12.461056964246696,2.2835056318363485,0.5730623858617583,0.13321386511160394,2.166181626006389,1.3134013,1.4029666,0.8575494,2.380981929860555,-10.843762240785097,-0.1806698274073868,0.11956588386252141,0.7122644305746576,-0.688517800382636,-0.06577703938753512
6050,1350,OK,916,916,,17.293428,0.4562380170017519,0.36563660774531104,12.871134782049852,12.884407391679863,0.042193064197312564,26.54900183357494,3.295611161601106,0.9353398791497569,0.2683654074811678,3.034858518915537,1.0642554,1.1071465,0.7578326,-0.6815026170029825,-19.430858496823525,-0.6222735822896495,0.09667564987467166,0.7109876128499348,-0.6943974932772793,-0.054429352609526194
6100,900,OK,1374,1374,,9.235781,0.19142272887712955,0.13297733980466653,1.8604705196490992,1.875013650221161,0.027774059220371884,6.283709693898154,5.021757859842963,1.181086671598338,0.3982052831509516,4.674508790336132,1.5912869,1.5597049,1.0369747,1.5613807317659667,-10.769759864862003,-0.023746671136820333,0.11432966715141468,0.7162559390449176,-0.6845098377721928,-0.07316036485021461
6100,950,OK,1712,1712,,14.040749,0.16321460512046182,0.21872947684553534,0.4611750924371556,0.5358769049419548,0.032952803735313486,8.307360326734669,1.3123096363060291,0.34533603239797417,0.20151604421385128,1.22477816224972,1.7849066,1.6401352,1.2841519,2.536744006586022,-9.595422989708279,0.1301047760364739,0.1342283482921938,0.721362126779447,-0.6748517538833648,-0.0787054181332442
6100,1000,OK,1336,1336,,8.991175,0.12349845372013847,0.2819203946719898,2.949299002168887,2.9653154269314537,0.055592185728343,10.364702469875914,2.2438704207186007,0.5830107011082586,0.1211226136092578,2.125387960952374,1.2759806,1.3688729,0.8382201,1.8383656731789586,-11.98863065243237,-0.39928770433674565,0.1362335360816086,0.7084013577307153,-0.688285291606212,-0.07662439148555814
6100,1050,OK,1382,1382,,10.218422,0.17643333267805034,0.09894299013957708,2.9903599510349714,2.9971938664243125,0.042944108939527575,12.385480160326445,1.6794122731342078,0.43267023296856566,0.08104648091233935,1.5968215938474115,1.1234658,1.1399509,0.7893184,1.9769880908557609,-12.059007190827606,-0.10495378986552217,0.13567964693311407,0.7157530696669313,-0.6800557916716388,-0.08253906277836608
6150,600,OK,643,643,,15.324826,0.7837116491107181,0.4746706611274955,5.520338173620134,5.595860053344323,0.038781038022231255,6.9041944305685075,3.0764571925489106,0.7760911118537644,0.3315289042703612,2.848036515862155,0.6318685,0.63577485,0.4954737,2.436710106036536,-5.476651002873846,0.1840894111290114,0.15699049160086606,0.7226550682748087,-0.6666992401436859,-0.09292879551291833
6150,1000,OK,1449,1449,,9.844316,0.15618955124698575,0.24782385312824773,1.1807473823599386,1.2165427321092808,0.020471497204639515,8.307184384725822,2.2666361913488235,0.5622399319686168,0.13387389623624313,2.1685539395930893,1.337492,1.4185067,0.8431769,0.9442687222732111,-12.034618227562568,-0.154619843781849,0.1419208347768822,0.7126180893592785,-0.6820871389967432,-0.08240794979491887
6150,1050,OK,1474,1474,,8.426262,0.36950915399491735,0.24556831526183487,2.702661521425899,2.738835539374851,0.05040579763627017,10.337885874484282,1.773933537723182,0.4234773221987127,0.08028371441110904,1.6813147540952142,1.1628425,1.1736286,0.79708016,1.2374488228385332,-13.715894190340203,-0.28566482437064467,0.16582885471847247,0.7061467035576651,-0.683535634364357,-0.08146570168800366
6200,1050,OK,1555,1555,,8.472942,0.12931893896421076,0.13465423912379904,1.9116231902846827,1.9207181921674576,0.04455065186966476,8.297472605203668,1.803934260135586,0.4639031052523015,0.09153773991823666,1.726232125274465,1.0351506,1.0566639,0.74297225,0.747778545042128,-14.796738155683427,-0.1687516854888924,0.10888031302922223,0.7293090564057667,-0.6724944230744615,-0.06328213502194836
6200,650,OK,570,570,,26.243816,1.5138081931727736,0.4474207632845385,7.858234450144119,8.015213612784564,0.0593216210381738,7.210352411544197,2.170833055521324,0.5221544246418227,0.3143283475051888,2.07537924001125,1.7114097,1.4649495,1.1638916,3.8016556438029125,-5.567350006218269,0.6856710054434052,0.11629761779675313,0.7393324680791237,-0.6599832410069825,-0.0654559953613973
6200,600,OK,525,525,,18.757816,0.011740791757529873,0.6550512538098002,6.6068241021749365,6.639228472374523,0.04321377505656235,8.927837789228084,3.1843283836018097,0.8069553619687488,0.37193268419799896,2.9672544866979953,0.54689914,0.5581405,0.43722084,1.9984686349587821,-6.343390051195406,0.19254238049474365,0.09833023069582689,0.7437168991812575,-0.6578682881296938,-0.06652559715498238
6250,700,OK,648,648,,18.737396,0.21228997363751473,0.6437381275846763,7.154562563561942,7.18660081580543,0.04645661944521118,7.439971173144756,1.8559601813292355,0.5376599983065802,0.12696320169485542,1.722971899037696,1.0063597,1.0531243,0.74836713,2.1810600038197316,-8.045773816666097,0.09770486286568456,0.12894551477157737,0.721625622289587,-0.6752677105665049,-0.08150481299732992
6250,1100,OK,1605,1605,,11.305261,0.01179346875660825,0.19225856096085714,0.31653787720322235,0.3705383487203113,0.033225533981300195,8.214854574647536,1.0950788381499792,0.23347749012344843,0.16674886524793175,1.030601361039575,1.506361,1.2938616,1.0363094,0.3856074008201702,-14.618470847178969,0.29410982579605827,0.1223755173319598,0.7306734880926562,-0.66806098923147,-0.06953417306127985
6250,650,OK,568,568,,30.59827,1.0534205572818587,0.7156336038332428,9.422159858015341,9.507834806907146,0.07215211851554737,9.305062515478568,2.862697285408749,0.7097586088341274,0.38467521076589317,2.7258897532010335,1.8841293,1.5320328,1.2145107,3.5611274345555364,-6.1440746808311655,0.2990006765236635,0.1509005983137091,0.7226775869860348,-0.6705326711282565,-0.07315771761210281
6300,750,OK,631,631,,14.145239,0.8421777633475729,0.4161108738530925,8.914238866480549,8.96359672302856,0.03404929373882932,7.634290502563256,2.3957619750252284,0.7541957169117675,0.19946622367612132,2.2219781302492443,0.90355355,0.97353804,0.6435535,2.0446959266620266,-8.278133351802403,0.22196519501622114,0.09159072144132561,0.7180109584710389,-0.68811195717865,-0.05072807555117039
6300,700,OK,581,581,,17.446056,1.1294521227559573,0.7234278668415288,9.124631769201649,9.222684798888274,0.03971812905191629,9.499379391815246,2.148167739305782,0.6047028477243974,0.19747586611620438,2.004899270523638,0.8220378,0.9023853,0.660139,2.341005332521591,-8.112657251353353,-0.06257959608668111,0.08985292912225103,0.7161659238474019,-0.6900538844881107,-0.05346454106057713
6300,1200,OK,1469,1469,,8.223924,0.12711079075498194,0.05486567281887478,2.142431267869082,2.146899888845157,0.041034363502510815,10.17251632648869,2.4744358595795903,0.5789980700365751,0.2776864030212641,2.3801286091088283,0.976702,0.9106445,0.6635287,-0.7471995762667112,-19.003411258846832,-0.13540484018392307,0.07466103628574648,0.7141378704692724,-0.6946564315422806,-0.0434197390514508
6350,850,OK,700,700,,11.361208,0.301504721877908,0.4865158682401231,3.9872329292711814,4.028104916661005,0.04594332527188917,6.022388473807037,1.9000690727357354,0.5118374596892519,0.14575411335645594,1.7314692259235276,1.3416071,1.2511694,0.72942084,0.12542210947052912,-15.102171259390397,0.029591523654829754,0.09801134843818803,0.7108725575430422,-0.6948036588203613,-0.047977684389528465
6350,1150,OK,1492,1492,,6.6995916,0.20798282014994862,0.09383181735638058,1.4136994727149483,1.4319942257496887,0.020512474235589145,6.030118051878608,1.9652185616866693,0.4619088332841711,0.18877957403311363,1.8696739305761945,0.89088315,0.79075414,0.6233806,-1.0736660457457647,-20.37244848180716,0.13131389194304882,0.10595296488609311,0.7249227647558383,-0.6779108072773433,-0.060810293102225944
6350,800,OK,592,592,,25.5425,2.351737143436713,0.5668382405646215,11.013798533641745,11.276335012868113,0.04069996713372023,7.89843087901236,1.8104262037601926,0.42491085082894386,0.24034557187526634,1.7254612998424568,1.8160715,1.4804443,1.0886799,3.692183083292069,-8.761948798022104,0.566054254256454,0.11652159285843616,0.7279660769359776,-0.672973717517208,-0.05995402204392968
6350,1200,OK,1566,1566,,7.862957,0.20088694676042698,0.048539034014206894,1.5540114291546363,1.567693568636739,0.03646689660038548,8.036882758818772,2.4062267209441837,0.557614426615606,0.2653258591559645,2.3257019746672007,1.0590079,0.9708897,0.68276864,-1.1367486934646998,-20.518704950075808,-0.14975398824316744,0.09776506339518908,0.7140276388406648,-0.6904802665425341,-0.06199616815828984
6350,750,OK,515,515,,15.904628,1.6221431009825997,0.8252132369342238,11.487581778238535,11.630858104120906,0.06027750375111847,9.775603971811224,2.241723272811511,0.7139242356897552,0.16925063705628096,2.068998701497449,1.005364,1.054661,0.67966,3.0944750813872592,-8.13821249756577,0.21180453773467842,0.11910704109791667,0.719207115957733,-0.6804029107637939,-0.07487667287490476
6400,850,OK,657,657,,14.283464,1.7077744184338188,0.8938574701547628,11.466963482283044,11.627842712439023,0.05108925637096859,8.071488449748655,1.966909197096095,0.523007845877697,0.1566914605324673,1.7987069504034832,1.2372682,1.1821156,0.70773447,2.6722554026480054,-10.12426510097087,-0.13293959540283057,0.09682718159659943,0.7107460516229337,-0.6936658275677012,-0.06551539262864348
6400,1250,OK,1498,1498,,11.701126,0.031895123467649944,0.11374164231443795,0.3469942725656381,0.36655079496675286,0.023733597391221304,8.02491871398678,0.5257667411424323,0.07742830033570358,0.08242573441160417,0.5056353309837878,1.335151,1.2639587,1.0285022,-1.4884849210929674,-20.591911580628327,-0.0914553407713179,0.09940233962006341,0.7150725376990801,-0.6900865553330482,-0.050704899716135135
6400,1300,OK,1486,1486,,7.2092066,0.10708542911609989,0.06502187018663685,2.6731525948097206,2.676086681680825,0.03565244224886596,10.044124669695083,2.4019214354466447,0.6827440815990193,0.2645858435479427,2.287749132417234,0.8824488,0.8761556,0.6778454,-1.9874016227123588,-23.591623661376243,-0.2097583468465155,0.1054019370223742,0.7072885695528156,-0.6970454516813507,-0.052544736579464305
6450,1250,OK,1577,1577,,10.615936,0.06210008442485409,0.0877556680517676,0.027591938907075786,0.11099005745307926,0.021527506513439636,5.951220849125498,0.5018555356390961,0.07650502233135048,0.08314158415435813,0.47643995234128234,1.318901,1.2462877,1.0018027,-1.902463972098176,-22.98960727676521,-0.03487798592568431,0.09643208902364729,0.7218731042467862,-0.6835943711629584,-0.047945899574033515
6450,900,OK,657,657,,13.969346,2.4979918758524597,0.48066827501797094,11.37759894461317,11.658506042666717,0.04571384410398211,8.284231033241511,5.201486608084549,1.157400476166446,0.3969079191372038,4.80727093540926,1.331287,1.3884727,0.80742383,2.75413734032078,-12.344193044628458,0.6265775971077479,0.11986564803118752,0.714793278473152,-0.6879596955027524,-0.037606553091538396
6450,950,OK,643,643,,22.206577,0.33091485327809406,0.09228000579729821,0.46923783951387055,0.5815534280026702,0.033026264392664574,6.255183043840829,0.821882306405774,0.23626602425107635,0.16932317556364307,0.7592620101556986,1.4874309,1.4049463,1.1466188,-1.7541937726744399,-22.499168578003374,0.10044002904451588,0.11372921574380919,0.721126212548726,-0.6817058110258594,-0.0481646994696629
6450,850,OK,576,576,,17.298903,1.2724662427055202,0.8839884910964393,11.743260860976065,11.84503193917806,0.04541343330292823,10.142651775392496,2.0264887419111295,0.5482049524356132,0.16794509303955918,1.880925990895327,1.198643,1.1552005,0.6961443,1.5924726660697193,-11.667203724390847,0.09087594239824043,0.08883131722148212,0.7167568758572566,-0.6895086078861048,-0.05428128262124781
6450,1300,OK,1381,1381,,6.457777,0.05223919425756125,0.1490909459292219,2.1653491023041482,2.1711042762668336,0.025969530594662043,7.970408560463119,2.522103510571675,0.681067295769892,0.2698775551744357,2.375638534670769,0.8709968,0.86620235,0.6584829,-2.3253134480900313,-25.10216148738565,-0.01980062107521907,0.10009582282610173,0.7171289264169366,-0.6881534989433964,-0.046386323855407155
6500,1000,OK,682,682,,16.124447,0.4215183562091413,0.41574317860109333,3.1689431100245398,3.2237742709046175,0.0536132932733608,6.244341181725318,2.2586527221534447,0.5497157875073907,0.08106469250653137,2.145581962608415,1.1059442,1.1876844,0.7624061,-1.449364388455042,-21.932855691058563,-0.09223537463289513,-0.09562696472671889,-0.6959755841889824,0.7112072113353847,0.025647073410135796
6500,1300,OK,1696,1696,,6.332085,0.059384625994311324,0.06319685613447934,1.3945096082975006,1.3972034297352032,0.03053390643554818,5.917188008628441,2.4894259589930456,0.631634618295484,0.24309291036587588,2.379899994095111,0.8929123,0.880544,0.6720017,-2.5475387999609445,-26.381735932841323,-0.0214518291730198,-0.08110587567908305,-0.7028639101676072,0.7056011659810523,0.03912997930501098
6500,950,OK,599,599,,32.169136,0.32880582695670313,0.1873597725497355,0.638995895911104,0.7426524834684151,0.026660900005334043,8.302499025012574,0.9807129797990204,0.26197777682097745,0.1967231789858339,0.9045501071332942,1.5472732,1.4537362,1.1751951,-2.110426493782418,-24.36756191742839,0.05618790349318731,0.09170817682159445,0.7060267058324345,-0.701136813988805,-0.03902651694794468
6500,1350,OK,1467,1467,,5.461989,0.04736629159331629,0.04257960720109755,2.2772144517190887,2.278104968531295,0.03373602854420614,7.8595875393838766,2.8957486532814536,0.8299170858445271,0.2957627855430802,2.7198983454618366,0.8506316,0.8715039,0.64708126,-2.9045675415595795,-27.204583149500515,-0.10578248478781407,-0.07287933031784526,-0.7039294877999708,0.7057800438056993,0.03234824854174293
6500,850,OK,516,516,,18.32882,2.166069933986807,0.3378048902445038,14.283220042896417,14.450479088825832,0.04384310960809912,12.193710540955367,1.9240594247803475,0.5321922078972925,0.1494146065524743,1.7666669174280507,1.2711915,1.1889722,0.70351875,2.0824497696641897,-11.245470424844749,0.235676553732513,0.06870638501715838,0.7075769431108113,-0.7016902897642634,-0.04738184764630896
6550,1300,OK,1725,1725,,6.111583,0.038755265496438485,0.05552146846704681,0.7336191748201286,0.7367371971932755,0.024212543308087316,3.740897903756486,2.531502744674061,0.620628853052787,0.2515945161641848,2.411235275770064,0.86765146,0.86643404,0.64698267,-2.8689202568225536,-27.840334430764266,0.02600559703259958,0.07187788086685094,0.7173758922260216,-0.6919905235148535,-0.03680373433021973
6550,1350,OK,1530,1530,,5.5847116,0.014657555034456426,0.02683407851661035,1.5132287284833534,1.5135376098388735,0.026448672615816838,5.680336939043044,2.8733003878144214,0.8405804538947241,0.3012412220056113,2.713542204464842,0.818676,0.8387932,0.608779,-3.05730144589353,-28.59355047795669,-0.08796915670001765,0.06638998400803528,0.7173266476152175,-0.6926394588486506,-0.03585290351387541
6550,1050,OK,579,579,,16.512814,0.9134349027345902,0.40815120737163324,2.7048397249756837,2.883939782210996,0.05377613043231118,6.408194961011655,1.7515517070437732,0.4247269084525125,0.09649715007918169,1.6942411649425608,0.9567597,0.9956226,0.7234801,-1.6862336767519852,-24.49921795370106,-0.03466905857677344,0.08578185786195028,0.7147422602565748,-0.6923517294330428,-0.04933616337079046
6550,1000,OK,517,517,,20.354147,1.8900974404812811,0.6889270885242669,7.420241101416225,7.688112048543718,0.053339108199867126,8.41620682578447,2.2561888443114375,0.5624424522013722,0.08957817911533122,2.1331236795091417,1.0679548,1.1600088,0.7484722,0.08139192425774977,-20.033025396827284,-0.06654880059609769,0.07662413461019227,0.7162982892551379,-0.6914834292784218,-0.05381607416707049
6550,1400,OK,1336,1336,,7.7818127,0.15007645109036483,0.009414642108518056,1.049073046183846,1.059795184404687,0.015471878549377437,7.719760481124794,0.8527080728352652,0.2844177069241287,0.10277731393817924,0.7696005163360473,0.9618724,0.9528974,0.8252009,-3.0917501287079103,-28.118424556697455,-0.09870721113151909,0.07124862522553767,0.7197210329472699,-0.6897739133590373,-0.033722642039811186
6550,900,OK,471,471,,20.302671,2.3429704993893585,1.0494828832324385,14.202645760320028,14.432812327344354,0.054109820313985264,12.511966164752621,5.17566012281665,1.183760014529264,0.3967397514560468,4.768338823369293,1.2711905,1.3283827,0.78798765,1.5598067250187262,-13.36025655818807,-0.0738986942672441,0.05755755096792279,0.7213564545855452,-0.6881965368061079,-0.05212984253214962
6600,1350,OK,1380,1380,,5.300498,0.02526612015355434,0.02297441003017553,0.7509195543455176,0.7516956681013396,0.01178997342954796,3.5358263837041672,2.6209552322468297,0.7650766385945538,0.2721414057374867,2.49369628475692,0.8682102,0.8942128,0.62515855,-3.1593016409119024,-29.95587762944101,0.06623316165308593,0.09925730134274387,0.7408272187432544,-0.6636626396417972,-0.029579060887262493
6600,1150,OK,653,653,,10.730299,0.32522119308618447,0.1791446999292356,1.5094967962885057,1.5544909861270986,0.034529402808987024,4.522718095993191,1.9000606875088473,0.4565764569344549,0.2054116699262496,1.814938518627594,0.83658266,0.7719113,0.58269733,-2.5234540179951916,-27.76963750383022,0.23330878341982492,0.10329856441704499,0.7453736174684281,-0.6572166569808232,-0.042589232892338034
6600,1400,OK,1439,1439,,6.7990675,0.03712786179572136,0.004556146692238805,0.6426111204305869,0.6436989115225049,0.007049583035241824,5.585758156760775,0.6232334824020955,0.23607833801650258,0.08428404936609041,0.5560969772845401,1.0355598,1.021357,0.83447397,-3.204142780876006,-29.84015267123746,0.1225637054192032,0.09993626449678032,0.743387063598353,-0.6607318814511562,-0.028667011477703203
6600,1100,OK,510,510,,18.635933,0.2185158952034732,0.011927924023043879,0.35294163030238757,0.4152821525524327,0.02353360364093789,6.5250429120084785,0.4929334461714201,0.1300778768998847,0.11542977455163328,0.44812098690292324,1.2548472,1.1524018,0.89788,-2.8905564520967024,-28.88211345412617,0.19258595900833686,0.1068493017246707,0.7464389820491261,-0.6558934496683426,-0.034869119297395654
6600,1000,OK,386,386,,21.529694,0.8245665232804771,0.9557218477737628,8.051110124335832,8.149459395310211,0.04163184274875102,10.562428740630319,2.2008787498212516,0.5669023358194892,0.09067659154584273,2.1009509065080305,1.1086321,1.203286,0.7406267,-0.7895214048148029,-21.40131195878991,0.3389449733859238,0.09739341582798407,0.7444573921948677,-0.6589215833394193,-0.04604411764000818
6600,1450,OK,1381,1381,,5.299432,0.07915565346002795,0.12174471633537831,1.299746380365967,1.307833340569317,0.03187676722568404,7.625384952818146,1.9704308616737787,0.4286208265762349,0.26392018253491656,1.887019028559079,0.85790914,0.7939201,0.5864639,-3.4009145016736984,-30.476300476322237,0.08048926223913622,0.09003245647678906,0.742296577907792,-0.6630161626888129,-0.03604878944621963
6600,1500,OK,1235,1235,,5.4428244,0.47622269442653886,0.2859694462903317,3.994156422898312,4.032598679447077,0.045233342990066004,9.644635636809475,2.184793581497493,0.7286036682312276,0.254358995974163,2.0207195122066324,0.71364176,0.79647857,0.6176956,-4.214811202371939,-33.07463646561403,-0.11776734755348917,0.11695287059515322,0.7352646508266446,-0.6675003835250803,-0.012294604434327356
6650,1150,OK,581,581,,14.026545,0.16451869959231846,0.237578465322746,2.429628791868266,2.4467541756326705,0.02871622846555058,6.5803152978051695,1.947948605442734,0.45522873236389416,0.20999346611170006,1.863193064483255,0.82133937,0.7434984,0.58299154,-2.803020121723116,-28.932796308232856,0.20170604305968087,0.12640097771176964,0.7312743326236004,-0.66682359452993,-0.06787442123215658
6650,1450,OK,1614,1614,,4.469157,0.026457097809787222,0.11090391858194587,1.1198138955050485,1.125603312782767,0.0336606436470542,5.58284515338368,2.1460744729769665,0.4733776675713681,0.2911558230889365,2.0537359105857975,0.7896058,0.71882993,0.56022984,-3.7751105996463292,-32.36844280464314,0.15339114517136138,0.1185638570056121,0.7301191695598823,-0.6694064180185091,-0.06901925505806274
6650,1500,OK,1642,1642,,5.301306,0.26850219570496536,0.06154754836819787,3.0731262922627893,3.085447574988977,0.03975561863064221,7.59566729410161,2.1984710262931286,0.701689251700369,0.254262279840916,2.042211436165375,0.69984347,0.76345265,0.61113113,-4.526187360438316,-34.17279266566377,-0.15575185502783717,0.13533261628251642,0.7213758527038452,-0.6779006993816489,-0.0418641121224463
6650,1550,OK,1245,1245,,10.051685,0.17142214459696048,0.25126639286298635,0.9516787865091061,0.9991060326772342,0.0195398715155323,9.66257739007229,0.4745094732248223,0.10544609892550241,0.10001880361719373,0.44016023867855614,1.2910291,1.2542086,0.94253016,-3.131088808313266,-30.358239348856635,0.06887676810456811,0.11773996121403997,0.7328082014527998,-0.6675872307432518,-0.05879396878409874
6650,1100,OK,413,413,,34.904606,0.2433739946059315,0.45461248357706396,5.02874043164262,5.055109666497035,0.03323431431792365,8.581900532287996,0.5331695992447881,0.13469005498450703,0.13163114158337852,0.4856669702714438,1.2313017,1.1239182,0.90531415,-2.024643104215757,-26.43897938531789,0.1955955929631477,0.12304268258681388,0.7372073118207197,-0.661047673901282,-0.06634644293112454
6700,1500,OK,1576,1576,,5.2249804,0.21225514123314357,0.006598629448289539,2.284406396360897,2.2942555155485795,0.04483267418026114,5.549721553824689,2.0841700812293373,0.6626974777946992,0.2245640599318076,1.9374969573048935,0.7239415,0.7871878,0.6291518,-4.98672144496227,-35.35160379119017,-0.1320232389848991,0.14386901064189633,0.7157791998721975,-0.6818216881551978,-0.045618311766602096
6700,1200,OK,539,539,,18.326,1.2073547796374218,0.7280163864531712,8.48975633622581,8.60602556766734,0.026962341753948373,6.579223042242649,2.487407934431263,0.5342306577739693,0.2734149162313201,2.3996261580452165,0.9824994,0.9037931,0.63366127,-0.7759028660535223,-25.33917904944871,0.23372248405655366,0.13233843163835163,0.7201557636497967,-0.6776661562202472,-0.06804995449781742
6700,1550,OK,1259,1259,,9.788051,0.08508608875138779,0.1741620329858936,0.7955394596160605,0.8188132192624897,0.01201151932746722,7.616032144250444,0.6114569824450784,0.13875665279930682,0.11511866553910677,0.5670894990862938,1.3271734,1.2898957,0.9550937,-3.868528121062351,-32.46186246999777,0.060062701280378716,0.12851665866655812,0.7261440262065108,-0.6725087815961431,-0.06269178834466647
6700,1100,OK,438,438,,43.072365,0.12809527195032916,0.42246985769966294,6.697104656687749,6.711639141222473,0.024122544600735266,10.62160703888518,0.6355207679617614,0.1417488691661366,0.1469283874362587,0.5880691640286555,1.249718,1.1403915,0.92450476,-2.381687407491157,-26.744836916595943,0.2581319122083707,0.13110107386946215,0.7313164102107774,-0.666209715860766,-0.06444711847253631
6700,1150,OK,438,438,,22.418997,0.574671770505651,0.8917171086641575,8.216348977423444,8.284551741917467,0.028701602016262588,8.619154201054856,1.9039572310000485,0.4464254388345228,0.20143675190832988,1.8267993807987746,0.82758987,0.74862117,0.5909861,-1.478685152431662,-25.394400255303424,0.027538164704855123,0.13785822535933828,0.7265172878539949,-0.6697543121465598,-0.06780045362044285
6750,1300,OK,660,660,,12.914083,0.05139989007149995,0.1679693884067392,1.4252602517005846,1.4360440276045543,0.0162462117740075,4.608538575161364,2.408405561392743,0.6361842059532911,0.2396975059784947,2.279771991267694,0.84322083,0.8435271,0.63690686,-4.561212869765357,-33.77256762579235,0.11614358869042496,0.11024199744701974,0.7282319133728526,-0.6734310837192681,-0.06336842924436013
6750,1550,OK,1346,1346,,9.460579,0.14505303963792449,0.2356543668023754,0.5651319257524801,0.6292435604803092,0.022917016437800544,5.5288314360660005,0.5783423666087826,0.15061773596572808,0.12846218101326168,0.5342350057815204,1.3209901,1.2908907,0.94962585,-4.538722030501329,-34.65460004632195,-0.016771525582980118,0.10691822812426308,0.7376301669006512,-0.6625018309897582,-0.0745758225439285
6750,1250,OK,552,552,,23.25952,0.2172637533070817,0.6983089921089943,5.8669388246613146,5.912343880330343,0.044074872333638056,6.622020536187384,0.44848382869046466,0.09913367133181405,0.11202148799034406,0.4010929107003527,1.3540375,1.2558144,0.9862695,-3.2012882122505606,-29.494842365892545,-0.018532970128880607,0.09693659043198316,0.7406863947307194,-0.6599648801467705,-0.08020797384979533
6750,1200,OK,499,499,,22.659626,1.4748274187700012,1.0583881607438783,11.158752879452958,11.305444141592062,0.04408038175760247,8.665421640866281,2.5136491990593113,0.5331465869250149,0.28541917627797664,2.434348075330136,1.0191098,0.9288862,0.6327517,-0.6414369617678137,-24.701786141887744,0.17778964159122335,0.10020354806272846,0.7351730073350645,-0.6649837502720414,-0.08530246254176292
6750,1600,OK,692,692,,6.0794373,0.09312412427920136,0.009036563783574536,1.9699005068871056,1.9721211344747203,0.10981721904430747,7.337021033568919,3.1581513342215883,0.8894805388978378,0.3554320177312069,2.9324357800248406,0.53429484,0.77246547,0.4730139,-5.148096051068135,-37.21558377151573,-0.22665031974377425,0.10357344590153024,0.7342287405717235,-0.6601913706927875,-0.11969984079071204
6750,1150,OK,307,307,,33.06297,1.2514845955640248,1.7197452040894876,9.469231979535182,9.705157986461355,0.04582551683226238,10.707723839384824,1.907682464196498,0.4455079602559996,0.19914922821053904,1.8096887124228265,0.85361814,0.76620054,0.593374,-1.3074330419120561,-26.204937441016714,-0.6350955275490155,0.11294519606066199,0.7349712300593014,-0.6628411082254747,-0.08776297008625297
6800,1300,OK,550,550,,26.512005,0.18303342420403101,0.63933030061552,7.347280527025868,7.377314932309349,0.012157651536886836,6.597262455482929,2.491106987108973,0.690003238095914,0.24978530713711833,2.3548473266204697,0.8395215,0.8398665,0.6453796,-2.9986041385445876,-30.15766886508805,-0.04541926053175112,0.12547499654941383,0.7174248421394275,-0.678818104032064,-0.0936141162456607
6800,1250,OK,531,531,,37.62427,0.3110239473122298,0.5485688302555464,9.063229428486187,9.085141238897041,0.03248246658123894,8.612156027421673,0.4914090458552026,0.10858777587480173,0.12880174278275647,0.44292291728426036,1.337969,1.2332448,0.98181754,-2.9718954832186992,-28.366786162436767,0.15932033879664176,0.11430076503112069,0.7283560347315335,-0.6690256709307344,-0.09400783700914629
6800,1600,OK,778,778,,6.371958,0.3900229927594795,0.09446846006775966,1.5968987127935423,1.6465502493851525,0.19936125765204396,5.388435777190533,3.112294214897556,0.8535328813102747,0.3305850555429386,2.894025907965992,0.54606205,0.7888379,0.48591807,-6.2125033121775495,-38.58070174114855,-0.535249908519973,-0.16679407817082975,-0.6645451335739534,0.7273432250252506,0.03913226213992059
6800,1200,OK,426,426,,30.435501,0.12481048921606269,0.812829626465065,11.891751442960537,11.920151930283092,0.013948296177465902,10.655642413531334,2.519688826670299,0.5594507045525094,0.27407770047926716,2.436720693677575,1.0038142,0.9135718,0.6190608,-1.6994950824219988,-25.79326293604989,0.0862824804133151,0.12014594518653221,0.7178598457026133,-0.6797204681413874,-0.09067678298609941
6800,1100,OK,383,383,,48.417637,1.3412879744088217,1.4314184421358511,9.739702537813272,9.935281461129657,0.04215732535136386,14.700083506055083,0.7441377164972042,0.1680299249368281,0.1524862923737288,0.6867024138437614,1.2729677,1.1327862,0.9133664,-1.3245313259793692,-28.15775191381467,-0.7214980581803883,0.13267080933948006,0.7247895649220806,-0.6676776598352312,-0.10623128299242979
6850,1600,OK,939,939,,6.017676,0.3600323231298398,0.08406890855500576,1.3243972271909978,1.3750341342945283,0.17385734414392956,3.466388774431465,3.0084704905720865,0.8262228278466084,0.30360827665143675,2.7935550777235933,0.54042506,0.77399236,0.4891552,-6.776699585900765,-40.157292095486774,-0.3560781292574224,-0.18726993834816022,-0.6706834510764595,0.7143230831215289,0.06968652353934505
6850,1350,OK,538,538,,20.123234,0.11983584121592888,0.5268516044330162,8.024162652137036,8.042332964375726,0.017630375144747353,6.607293942902404,2.986451705018552,0.9167338560922063,0.308710848203535,2.787647786429903,0.7865057,0.8255135,0.61264515,-3.318041178114483,-31.417706101484853,0.18122123186188108,0.13945167469968314,0.7205872082620727,-0.6710564351555373,-0.10483590295728042
6850,1300,OK,516,516,,28.037304,0.35199985401209855,0.8351681575505615,7.224395119218292,7.2810229080257685,0.026276501966926484,8.560239677869033,2.709161607145142,0.7750711353779864,0.2886304637179842,2.559719294532437,0.8118754,0.8124992,0.639643,-3.145999354063232,-32.339928530729814,-0.1388919717636417,0.1485712373009534,0.7138371290104062,-0.674797023147076,-0.11407067215059737
6850,1250,OK,481,481,,46.3607,0.7501048620304979,0.5883087986972252,6.62790826930337,6.696113243738218,0.013702464899086197,10.57472609814115,0.6124177517795996,0.10162660159837333,0.12685006254757358,0.5779974941458459,1.3286839,1.2175306,0.98545593,-4.341527478505092,-32.517212570075074,0.018298087548635544,0.14691884681137077,0.7190379096978424,-0.6718126261563808,-0.10033509957059618
6850,1200,OK,389,389,,32.277176,1.8580711340889078,0.9797963727060515,11.01010793095798,11.208697779967403,0.044141851487303006,12.61862070624584,2.6580212038107707,0.575074950933165,0.3057811517773996,2.5534789223928787,0.97902036,0.88946533,0.62277746,-3.823659406227426,-28.041694507321864,-0.024467824724074022,0.13132981189593762,0.7135973397092027,-0.6804301403892974,-0.10269440742867904
6850,1150,OK,352,352,,33.18315,0.24239391955354428,0.6043945208136824,11.040323496759516,11.059511312084563,0.04573387055947208,14.66268874453805,2.068654120351887,0.49212718176345227,0.22060462070188663,1.9528396538751407,0.80889636,0.7167409,0.58065903,-2.449459782706197,-28.5513791819041,0.3835915509643999,0.16952561282351028,0.7179677162984706,-0.6677220617541746,-0.09965276311636628
6900,1400,OK,685,685,,23.008917,0.24864695676643556,0.2750737095726419,3.3172184977665538,3.3378779811029426,0.015829645059657713,6.487851878051271,1.0709985128327766,0.40316227036743113,0.10097451412635983,0.9456727264782825,1.0538908,1.0576993,0.8681098,-5.432592881584658,-37.801047242633246,0.020127987112320167,0.21982952152295296,0.6997731070438381,-0.6622184011658443,-0.15316451704802717
6900,1350,OK,607,607,,19.42091,1.2702926835284378,0.6023317233647565,8.412620349499045,8.529280635059612,0.019218961783794817,8.537512246828936,3.2056359264592458,0.9668194833896981,0.2938267815909891,2.9603067185199663,0.8994432,0.94274193,0.6356905,-3.714732494646139,-32.87973346909024,0.015544866020631251,0.21095521105919954,0.6983787076930634,-0.6668206400517548,-0.1520372111323524
6900,1800,OK,754,754,,14.840559,1.087178127111255,0.6789277376406723,3.3829417805468776,3.617622733726763,0.08289297571551926,9.426127318141727,1.7001169857671505,0.5017426583760844,0.1291491149154218,1.5870913984348896,0.91835874,1.0816402,0.6850294,-9.369152512468983,-43.26563731284577,-1.3764292981976873,0.19551315987719417,0.6972123601068577,-0.6630525560585582,-0.1898179051967245
6900,1300,OK,510,510,,27.297073,0.8048318569735124,0.8826727780887444,8.405951723261927,8.49039986838008,0.03699702850320136,10.488370160101438,2.6403592477052573,0.7516444882590982,0.23972944343445657,2.4719002899660913,0.9643461,0.95886683,0.67103183,-3.3455531997410772,-33.13307025700999,-0.1674607407637105,0.22255365174686997,0.6916909421157673,-0.6683079924602433,-0.15936731127459766
6900,1700,OK,743,743,,29.030071,0.44793075550273986,0.25060522260932566,1.4105576255071295,1.5010388916349358,0.0264684054452842,5.4351542425193875,6.0721106226457096,1.1423761716424434,0.5670036722769152,5.4670949997880385,2.0919197,2.0631683,1.5247514,-5.799476552912659,-39.744311046871566,-0.08664657031737372,0.21731068916476057,0.7001286488624054,-0.6650474753949167,-0.1425054205554544
6900,1250,OK,499,499,,39.172108,3.1724805296045813,0.49779097153097535,6.019380262955451,6.822416530241726,0.023543350535018732,12.500238038958486,0.8338044838683751,0.1793589978409973,0.11818803811397338,0.7966314543300408,1.5837153,1.3945326,1.0361882,-6.457313258779102,-34.05762825575826,-0.15760177782280832,0.21056069223856896,0.7020956271515442,-0.6649343579145954,-0.14348597451806575
6950,1800,OK,1080,1080,,13.004092,0.6623918192169842,0.7675276437479741,4.303559573618959,4.421367052142392,0.05890219287805072,7.600116485890232,2.26152099383206,0.6208471954294614,0.20599821156034537,2.1359355285139254,0.7696708,0.9220762,0.6038321,-11.65758065720543,-44.7589272777472,-1.4312734271612215,-0.2922230477035371,-0.6512783975170499,0.6523212698476303,0.2547922687658618
6950,1850,OK,1065,1065,,27.639643,0.5934649449251317,0.5268567095371445,2.8749323728870424,2.98245113655081,0.027653537426071257,9.38391981804766,2.423410848531285,0.4317380336413097,0.3738214692555428,2.347087893051219,1.7291815,1.6461128,1.3703223,-10.61817442626705,-43.764413221313816,-0.7851355961969043,0.29729543555130405,0.6772820000297839,-0.625388860116997,-0.24858256189358785
6950,1500,OK,683,683,,16.547232,0.2843033668027889,0.10648981281967275,1.1020458017557035,1.1430981732892156,0.017917212066233604,4.225726754215066,1.9327930231640176,0.5861180292819796,0.15692442612416435,1.7735744167662677,0.8702969,0.95039636,0.6850899,-7.566342081234344,-41.28257360999045,-0.17129631756831099,0.30407560504497594,0.6690502265218443,-0.6277421948335706,-0.25661168647030147
6950,1350,OK,591,591,,19.678001,2.6293290929996838,0.5821180039815586,6.4514289541009076,6.9909347300390055,0.09393570707656906,10.283793741874405,2.919259871744054,0.8838357170074076,0.25984001758727504,2.718207043776247,0.9555712,1.0273969,0.68158793,-5.424183886708542,-35.889298249870954,0.8833651694868295,0.3349802932353622,0.662213146931591,-0.6353141896563521,-0.2136301280161635
6950,1400,OK,549,549,,23.194712,0.7803500991702781,0.17946911273091024,2.4014626327138684,2.5314379739627255,0.012610242895000649,8.232803648687646,0.7705612290168362,0.2786484196088098,0.07230959603646614,0.6717564530242068,1.1030773,1.1162701,0.87546,-6.997771140268842,-40.020857638475164,-0.14572548399401133,0.3103805460827692,0.6659134968293952,-0.6305921686550869,-0.2501532493986107
7000,1800,OK,823,823,,13.180818,0.14358943111214717,0.7833973927483089,3.662359965578646,3.747960767826309,0.06888812380275934,5.753541934817142,2.4333876463989332,0.6662153026089341,0.2524175893664695,2.261620377442858,0.68069386,0.8297596,0.5661929,-12.631418149573715,-45.40301227574955,-1.5935674496453138,0.3646731164713377,0.624938146253085,-0.612925561065748,-0.31747139725190676
7000,1550,OK,543,543,,25.379026,0.360738031292567,0.08923917098376967,0.6990386917628908,0.7916758487160521,0.050958266218901205,3.9710475763413777,0.739374683917433,0.21016638176327357,0.17364401167191956,0.6636057966295321,1.3926318,1.3189182,0.96138906,-9.311748555906053,-42.60292855884766,-0.30908399919499663,0.3957588936662928,0.6391136696207746,-0.5915952959171545,-0.29141657680474115
7000,1900,OK,731,731,,14.182876,0.5698201805548665,0.9246433016768906,3.0463341583717245,3.2341632732386727,0.08530552649958834,9.1627635415318,4.7986626920107724,1.166308244661369,0.32804888673750227,4.446119510251123,0.99192876,1.1607314,0.7368559,-11.835612855337589,-45.44624206078752,-1.823744904211823,0.35090011766385565,0.6400065069310099,-0.59330377953549,-0.33948697132343963
7000,1500,OK,382,382,,15.730469,0.7790810864145601,0.4178717900852481,3.75086218866748,3.8536413079752685,0.10315042273596592,5.928629275421688,1.9638197079015864,0.586863912454809,0.17059072639152117,1.820490828953857,0.7864692,0.8697693,0.682664,-7.0754108578762445,-40.631999440896465,0.5407727031907154,0.4099877408471515,0.6465161491438184,-0.5852000505743944,-0.26733466303310377
7000,1450,OK,347,347,,4.1648054,3.24222125125431,0.2668812203500096,6.216221970866522,7.0160273530641435,0.16728473593942433,7.8256559037419064,2.010899474823539,0.4471520972389641,0.24000633810583735,1.8913011982973407,0.8441707,0.8164968,0.63661313,-6.196615096090444,-37.23208597801407,0.03941176138038566,0.4347977412818605,0.6233150915485787,-0.5993460645189129,-0.2514229817850197
7050,1550,OK,646,646,,25.204678,0.6898008702754259,0.1895570665275761,2.6737051761210324,2.7677529678278145,0.05941370676515749,5.715241531535741,0.7750227289938512,0.1868442786617447,0.18929034443156167,0.701908782377056,1.3594681,1.2808663,0.9386496,-9.545686692627775,-41.96358471810012,-0.15434704602924332,0.3660726509518514,0.6654651203784776,-0.5768253859641749,-0.3006982904707359
7050,1900,OK,737,737,,14.282283,0.5078286164067772,1.4898727216694874,1.5928903431829298,2.23939953465698,0.09611539855057981,7.384639511782149,4.809096291577544,1.1621536570810995,0.3390842297048393,4.440642449582809,0.9867424,1.1566285,0.73212814,-12.290035592579073,-45.326829289610366,-2.812486493396174,0.3203296791706476,0.6427673543935493,-0.6055692518806212,-0.34281905714982086
7050,1500,OK,348,348,,20.424202,0.2352145333922504,0.01825646458764041,4.201040845226467,4.207660081147155,0.04714594414142407,7.591618217999004,2.0805398720758896,0.6677129893071013,0.18308409065718434,1.917203517176124,0.76714444,0.85349464,0.66382205,-8.054639156155115,-41.47931059652309,-0.081745020755559,0.3613122990107685,0.6663130976563589,-0.5764599640108939,-0.3052444731157296
7050,1200,OK,317,317,,20.816732,7.578286037841194,0.4866923933002104,9.819903436987218,12.413613183468721,0.06448247178239043,19.190669966831276,2.485610449157755,0.6090304246986076,0.2746593226029854,2.3886118698462164,1.013454,0.9689389,0.64762056,-7.415266756550399,-32.38465665782242,0.4015621042129306,0.35152345413527974,0.6628370739918683,-0.5951439565396784,-0.28789224638568783
7100,1550,OK,590,590,,28.63406,1.791291653968225,0.46889909629757287,3.6675165207542486,4.108438825404395,0.02935031927013676,7.523164554902119,0.709741690811978,0.16849617500817055,0.19765061469405937,0.6458959098818888,1.3971232,1.2671255,0.9185551,-11.324865786431754,-41.34667007857509,-0.6822585271991837,0.28797623828777497,0.6911117455191024,-0.6171912230291364,-0.24188682395484248
7100,1400,OK,439,439,,20.817919,0.9142185331864887,0.7753461021241668,4.900931839609678,5.045402858147275,0.04451040835218975,13.072232963937015,0.997654848806076,0.3256955539137374,0.06735104047941431,0.885580557523705,1.0014918,1.01449,0.84305286,-9.92798523943411,-40.94317765251321,-0.5480682384156415,0.28091925690330916,0.686146139797544,-0.61532632779015,-0.26769638822761616
7100,1500,OK,418,418,,21.715904,0.8730657168067135,0.40629678885970966,5.7242591862275445,5.804693278512773,0.038758772645767506,9.379876757514552,1.9670839085911158,0.6309822840455668,0.15704616478179256,1.8286762276030295,0.7888208,0.8642675,0.66759074,-8.12278577214513,-41.65095637316769,-0.2916659579634081,0.304589492736315,0.6861203466322882,-0.6090659286976516,-0.2559351584903691
7100,1350,OK,412,412,,18.441833,2.6387028032983793,1.1248761297091237,11.160708380768606,11.52343309747068,0.045203077844455,15.056887533678038,2.9562941204356648,0.8671906945873396,0.24364324905447976,2.758957790119588,0.8809501,0.9504752,0.6449723,-6.626563581969071,-35.371081293852946,-0.19391090390084,0.29434127880762834,0.682161366604452,-0.6228507872145207,-0.24510401540670107
7150,1550,OK,631,631,,27.65549,0.8684356205843571,0.1550628870513953,6.904392533631265,6.960521617271483,0.0515790143684097,9.32382870712522,1.5148751096818658,0.3312002662349649,0.2884616583935995,1.3593219378837191,1.7549509,1.4298534,1.0499059,-10.980040391358738,-40.30106653711756,-0.24674019981995732,0.20537344352047754,0.7108778795854985,-0.6514907578224852,-0.16743411087484655
7150,1600,OK,623,623,,14.876872,3.105921490119372,0.8922406625781002,6.32210577656142,7.100131206729523,0.09785672487215293,7.491056702132394,3.005578484788268,0.9689893625428914,0.30868070217320603,2.7828343462324856,0.63277155,0.82038397,0.48093763,-8.04707441403893,-42.83838453082337,0.5877520402494634,0.24505140134343859,0.6936658148491175,-0.6467427037548851,-0.20124965378640475
7150,1700,OK,577,577,,28.233267,0.07433818241954449,0.3478139405554922,2.760105192296238,2.782926764244944,0.030856135697064413,3.6336418524388505,7.006521181295145,1.3466273235493413,0.5982210215396586,6.434297159183526,2.1926088,2.105702,1.4893547,-12.52336450247345,-44.14680444474286,-0.26228637546843125,0.19539966385337112,0.7111680563478745,-0.65144130670505,-0.17799772727423482
7150,1350,OK,529,529,,17.538593,0.37451007858855073,0.5077118371801589,14.737230560526296,14.7507285820968,0.06227723808562446,16.85635532145768,3.2508589146890077,0.9463195348665034,0.2079039923224255,3.0098024713518505,1.0332613,1.080886,0.7192802,-5.756278823593674,-34.19068052358648,-0.041574036020881916,0.21983167053360853,0.694624587027439,-0.6610386412873923,-0.17943977945896206
7150,1500,OK,523,523,,20.030888,2.262174700711108,0.18437365531929353,9.004532408229874,9.286174234429122,0.07095292481620591,11.195987780937042,1.8998131218338976,0.6504519719840518,0.14113573815542801,1.7105151415719195,0.9205996,0.98139864,0.73151845,-7.286163523686919,-40.03453813678912,0.07446006393140561,0.233444182128671,0.7015379460408904,-0.6474060805881269,-0.18496943237336297
7150,1650,OK,491,491,,19.032028,5.608554978186536,0.05564240394088671,7.1160131640539195,9.060718976518695,0.146781549739033,5.551048026498337,2.2426754340149158,0.5336461323953273,0.16261822779828466,2.119033412601986,1.0573561,1.1938248,0.7349675,-5.493785353290369,-44.04516258265255,-0.5320902134166214,0.2354123183664707,0.6891325827908656,-0.6372788564980773,-0.2520971692776759
7150,1400,OK,487,487,,19.193756,0.5537496250002883,0.10217471154196531,8.303674593765162,8.322745345017333,0.0248978333924441,14.879765343553515,1.5331046743649788,0.4805509544767843,0.10981096369866178,1.3708431927905709,1.1067016,1.0925577,0.90765154,-9.11089084637741,-39.68221504063964,-0.1595497884284739,0.20923564027011832,0.702788602553304,-0.6517728588960994,-0.19365114863675148
7400,8800,OK,667,667,,12.398357,9.148439291443395,1.035058795770653,4.025951753642894,10.04856087718972,0.031175789766032663,13.965309085298383,5.633542467747394,1.4788262110306503,0.5193909364986062,5.255307604805472,1.4894823,1.4642317,1.025278,-26.25816884143978,-47.960201381327366,-2.6739496723799308,0.14283230153332685,0.7078154489695844,-0.6864855842446401,-0.08563741275268544
7400,8950,OK,644,644,,14.044723,5.109504185583016,0.8026969528916775,5.879050907446291,7.8303636564987835,0.03939164912754293,9.04339808244997,3.1479226002061953,0.8225995780303367,0.295790380146576,2.8150337310901987,1.1586629,1.0472329,0.7615811,-21.85290793648099,-47.300852424062924,-2.1870615074049042,0.12406478253736025,0.7049008706284503,-0.6931731456936877,-0.08505105766730903
7400,8850,OK,595,595,,13.510384,5.738688965737817,0.7385560529789867,5.327897300504527,7.865399273628536,0.12081675815968176,12.376625683873947,4.470870114141048,0.8959856095114107,0.46023213106029315,4.047869602223484,1.2474661,0.92079765,0.7641077,-22.76109012996067,-48.31990662406983,-2.1755511806627856,0.17046970518788118,0.7038614665076174,-0.678276505935349,-0.12433863870510045
7400,8900,OK,549,549,,19.589079,5.411538145457305,0.7672196033763605,4.472231672267551,7.062168728512332,0.02471887671239795,10.728256726152301,3.1482938976653108,0.6790163162356935,0.3019826259142853,2.9509691996337737,1.3491403,1.2912029,0.9290908,-22.548055758081166,-48.537226282749955,-2.1220044721928213,0.1321072483714889,0.707974451003556,-0.6896986652659745,-0.07507065195041389
7400,8750,OK,537,537,,25.015144,7.383134183151736,0.42717611147160217,0.9555915370411112,7.456963522929439,0.06260077696512896,15.383490899115921,11.011360864687376,1.3511657130738057,0.7491712422562196,10.340111695978802,2.164561,2.6556115,2.0234737,-25.218582324036216,-50.95695922270912,-2.197483221683341,0.10696858649366466,0.7124725671218426,-0.690506003079365,-0.06435854499379841
7400,9000,OK,422,422,,17.67411,2.4411262668501927,0.16452616738205011,4.905320584464477,5.481636283704922,0.059943555837496304,7.2377706614463655,2.8795600618155275,0.7097097370943363,0.2647439332328538,2.6856932207483535,1.0844692,1.1776948,0.7984597,-19.682098808887446,-49.148369443688736,-1.1422767646510432,0.15988068936365513,0.7074596189120892,-0.6849032591328538,-0.06961737144247053
7400,8700,OK,397,397,,13.297784,12.639047679900964,0.9645793442920796,1.2642569899490643,12.738692448712307,0.15536412336722563,16.616042115935095,5.085025309794564,0.7761606958817847,0.48691007249089535,4.894324399724113,1.2154856,1.2753567,1.0191221,-30.067270705476584,-48.943591947313855,-2.948545365651928,0.08222840407506371,0.7134249588760057,-0.6955515060244056,-0.021712210463677883
7400,8650,OK,272,272,,12.433732,13.414244098535246,1.0885457936002372,1.191725177749118,13.510998689184069,0.20243844267027963,17.68233330440834,4.9603589902036225,0.9979051778264597,0.5187018153443439,4.77074319611269,1.7878486,1.6859924,1.268257,-31.231812528846984,-50.836478013296606,-3.1924669783678863,0.06961655320925504,0.7156177957390616,-0.6950134614813896,-0.0009971461710783912
7400,9050,OK,256,256,,30.430317,0.9502450311081612,0.03569817410950171,4.631063241202087,4.7276830184344725,0.024318712533947427,5.403116792642794,4.244806123223439,0.5677534350559719,0.49206580779618847,4.078157923584607,1.6370167,1.6640799,1.1571066,-16.516607797460534,-50.464205482920114,-0.9063967644798495,0.1418112794146932,0.7120369586658755,-0.6822898780226233,-0.08586881198952255
7400,8600,OK,226,226,,23.3345,8.752532533542746,1.3709074624684994,3.444663707624462,9.505362753730187,0.184894394867282,18.51529891437071,3.04649097071287,0.5593949773815261,0.36766852933754135,2.933366467208944,2.51245,2.2072914,1.7225516,-27.19037330868274,-53.488589517874615,-3.1635339240686076,0.07310600405388311,0.7070616990917443,-0.7032532132472493,-0.012417081226604336
7450,8800,OK,415,415,,12.823422,8.037534496633924,1.2601941979381586,4.126117514383078,9.122219902172723,0.0930625087364232,14.65634778414549,5.509797852694888,1.4379348630402098,0.5389874687984869,5.140785141376664,1.4663026,1.5472678,1.0585396,-25.898277657766013,-50.102979903768734,-2.3938033154579905,0.18767509267264923,0.7407019756015496,-0.6363147601565444,-0.1060290947673956
7450,8900,OK,400,400,,19.731552,5.292442754927671,1.2079198593877045,4.60493480960129,7.118598548981905,0.024954833327613123,11.68781757560255,3.096576488345468,0.6514053258353831,0.26161575738345494,2.9024523621767964,1.3286917,1.3454037,0.9025975,-22.83942615390836,-50.14587124104946,-2.0474864189192448,0.15048928213063975,0.7426836789914607,-0.6479895164171773,-0.07670407770742439
7450,8950,OK,398,398,,15.023002,5.118941104731055,1.443043704341461,6.965966960566624,8.764167322800867,0.0352195792400833,10.150626024379283,3.0598070630436043,0.7661954514931556,0.2793645851371871,2.7695965693022453,1.1220305,1.0692393,0.73744833,-21.914907980331208,-47.99482847935349,-2.0131057316426535,0.1456035646645817,0.7406119794362559,-0.6499207756188814,-0.08886215893972836
7450,8850,OK,382,382,,15.18766,5.805880629904723,1.4867812402135594,6.632351831459764,8.939063662443708,0.11900111866573439,13.216322810766794,4.323702521079196,0.9030237117219073,0.4463100145550737,3.997659617157126,1.2267628,0.9749558,0.7747712,-22.864542167567016,-48.71204857162713,-2.042753464197244,0.19632010881345308,0.7365653267652534,-0.6369075288228704,-0.11523338930802146
7450,9000,OK,323,323,,18.939852,3.389791227846665,0.776505540724309,4.3530783730253715,5.5716188621318095,0.02910325901161509,8.444991957202985,2.9313313214989583,0.6618583340642066,0.23614438498509305,2.7699252166977026,1.008273,1.1378039,0.731227,-21.230083982375362,-51.12802672705516,-1.5770399454999577,0.15813714022369774,0.7422914856984464,-0.6453392964035192,-0.08679393791547105
7450,8750,OK,303,303,,24.421082,8.863664520285461,1.5607036613021226,2.0259584313781818,9.22522911434949,0.13629980995581756,15.909753381623036,10.803283017794422,1.3504078321231414,0.7424145709944829,10.220758712230364,2.0676165,2.6594515,2.0101533,-26.459277090907072,-50.73397522430319,-2.7242376784959697,0.12173509337139281,0.7443773449292016,-0.6562257124243038,-0.021230867886773013
7450,9050,OK,268,268,,31.088997,0.573626836496544,0.13433447467070003,3.8199280913187366,3.865093028826097,0.033420600204181264,6.70110393370556,3.8065913271731615,0.5043637412301328,0.3903780870839526,3.6413166775078176,1.5098748,1.5752016,1.0779897,-18.85545864015617,-52.62604674512009,-0.4689499291692645,0.16132237341329372,0.7451780987489638,-0.6432664166027178,-0.06995005541298777
7450,8700,OK,206,206,,13.950855,13.264149377378681,2.464248009942535,2.3139140110883414,13.688110717357306,0.2908101638127887,16.955032163031422,4.864220622917419,0.7513038652618885,0.47433914779292874,4.679087817574004,1.2423692,1.3243287,1.0750014,-30.40592436702385,-48.979789796789035,-3.579556937716874,0.1366051754030807,0.7347693675719499,-0.6615543269113112,0.06163501501526861
7450,9100,FAILED,151,151,,,,,,,,,,,,,,,,,,,,,,
7450,8650,FAILED,149,149,,,,,,,,,,,,,,,,,,,,,,
7500,8950,OK,566,566,,13.466703,6.174734461835811,0.9965641250341286,8.21743493630732,10.326990009772059,0.034748702038861955,11.375328663582815,3.183651416167565,0.8566385842095673,0.30213942203541955,2.899715357257569,1.2007065,1.0804899,0.78427595,-22.582413021566204,-48.19667737544005,-2.17054928805479,0.1674124207001139,0.7118056804935381,-0.6744350085413459,-0.10219184833583371
7500,8900,OK,532,532,,18.854612,6.064096629227266,0.95966753147669,6.725521448921179,9.106419079938881,0.018863512509898053,12.761635203572702,3.2619659679806823,0.658640634386789,0.3008210390052757,3.0236515115557396,1.4515976,1.355247,0.9445294,-23.048157496266494,-49.62497830866075,-2.168200010836106,0.17901129231750101,0.7142195470626932,-0.6697143410786219,-0.09658207478619768
7500,8800,OK,516,516,,13.012943,8.993387527100179,0.9653550925901648,5.55805736239741,10.616257877005951,0.0846691479360912,15.451725712132415,5.6113707730114895,1.514807742822668,0.5285336764463096,5.241918227148414,1.6405662,1.6041481,1.1257114,-26.46235151831126,-49.8757530697313,-2.508978072718026,0.21528899313816885,0.7097505388575137,-0.6598227459662938,-0.12057680510994744
7500,8850,OK,497,497,,13.465916,6.589479984892543,1.1226840062266845,8.07787535911039,10.484929001498267,0.13090921262828512,14.162275238959607,4.459314594579076,0.9103010100180474,0.4669287537981748,4.016794316796814,1.3891845,1.007386,0.8027872,-23.243500562971626,-48.86308488512433,-2.220350856348073,0.2298952220654946,0.7045423194276028,-0.6567918827782917,-0.13925778155484617
7500,8750,OK,382,382,,27.516886,9.44081448031131,0.8101533024628517,2.510540495779599,9.802455815054534,0.1267057794792395,16.54207812613457,12.028673369545771,1.4287511787662477,0.8194054426968469,11.452705560966347,2.1903143,2.7327127,2.0807397,-27.155483827037067,-51.658681290013625,-2.553789076819964,0.14336212356789232,0.7202426942551761,-0.6768342610385507,-0.05092294161326798
7500,9000,OK,368,368,,17.883286,3.9954347339027896,0.5068571459848054,5.8624877368269495,7.112606086643566,0.029335310844878584,9.789607708089257,2.949419926832184,0.7301561985907745,0.2762421692597877,2.7485219197926876,1.1586872,1.2541193,0.8315402,-21.567574866181456,-51.27774035267884,-1.587804113466961,0.18740623980761276,0.7124740401102518,-0.6696356873169885,-0.09406215881879051
7500,9050,OK,311,311,,27.374794,0.46497624704845997,0.03350289010249058,5.840911122652787,5.859485309879489,0.04744650366732243,8.16783288721197,4.446506976878411,0.5997078585041006,0.5464800568229844,4.28322079681444,1.6940833,1.767807,1.2003087,-17.64804874086433,-53.1869219313665,-0.5926820766396709,0.20112465212385586,0.7129992328816921,-0.6646790724463622,-0.09686433229016779
7500,8700,OK,258,258,,14.09766,12.86046625847531,1.3196363925857362,2.6341675174095425,13.193629944173598,0.19915557307786697,17.405069520611992,5.06750234651414,0.786304595121922,0.4979434731665765,4.837527413339165,1.3077859,1.3529046,1.1017214,-30.286908973442817,-50.22810083288639,-3.1178222981150707,0.15707018065230904,0.718152205824074,-0.677904394694028,-0.005656790113756533
7500,9100,OK,223,223,,18.125704,3.711865438508427,0.3548215784309955,5.570097134285369,6.702971391218055,0.2901106346702165,6.402506570079785,3.9920201375001962,0.8057201307770163,0.28887477157370633,3.765717444847736,1.0118003,1.3937085,0.8558789,-15.820201232011362,-56.227488464031445,0.686660743999035,0.3106284695653264,0.6809970381923041,-0.647057743262513,-0.14515255682500602
7500,8650,OK,200,200,,13.111984,13.460497437316956,0.6499967758267602,0.23992342941920874,13.478317785264814,0.23082059439466338,18.072019843093695,5.05007934676818,0.9899440311599843,0.5188473600307963,4.846885161805192,2.1027486,1.8797213,1.4358717,-31.588832523883635,-52.48232978579828,-2.992598107025212,0.1272941912334016,0.735587208043565,-0.6653627742244707,0.00016406469271169232
7550,8850,OK,659,659,,12.600961,8.134326861556062,0.361753953352156,8.12422183730826,11.502222388529741,0.15938909546631533,15.213797537746505,4.617228189639905,1.0646976536976318,0.5134764850888693,4.17355804183245,1.5728005,1.0604198,0.79541093,-23.695821257346175,-49.544669921834384,-2.1809140598547363,0.2727902092445493,0.666827086984947,-0.6520513356453329,-0.2361274941353131
7550,8800,OK,633,633,,12.821023,10.796170044722686,0.929848469203179,5.445856996095189,12.127624014297519,0.061579931251951735,16.36196326787664,5.765904746387325,1.5045462538456342,0.536216717238051,5.297163190302426,1.7524391,1.6034214,1.0982068,-27.121724961005494,-49.72130781913198,-2.7241957219854704,0.25787008872587097,0.672857590880641,-0.6700813230420836,-0.1782040971610424
7550,8950,OK,616,616,,11.935841,7.649633374751723,0.6392292785696444,8.2017714180059,11.2336351744177,0.026345548429712,12.685044945796635,3.4872978243781745,0.8829270547578207,0.3248735202366546,3.2139136568485855,1.3792263,1.1535151,0.80120695,-22.851674152322918,-48.97718995551974,-2.2769646455379826,-0.2248240624365765,-0.674280514952573,0.6814109074792059,0.17458265455987423
7550,9000,OK,477,477,,15.4618025,5.2764680129516535,0.002797406172838468,7.170036325224554,8.902277428962933,0.07052065253597063,11.211655488021536,3.3468473866858335,0.7804368931065766,0.32853444186226677,3.1170565131535026,1.253384,1.3062649,0.8719546,-21.503729988640764,-51.10914509558521,-1.3186763497272238,0.24959914894573088,0.6795671466216434,-0.6741500743398057,-0.1463230513135896
7550,8900,OK,455,455,,17.632387,7.508281560223421,0.5270951232882494,6.490685432707536,9.938869082694827,0.025932836835801894,13.934626502466791,3.5282219143741367,0.7064036521633816,0.3102473237614354,3.2378749594941825,1.6007926,1.4364151,0.972839,-23.68128529488207,-50.48856018590212,-2.101922883165742,0.23691262525695797,0.6791232679015892,-0.6747575425182764,-0.16542748805207344
7550,9050,OK,380,380,,24.110807,2.515261014895404,0.14879706067569892,4.456686723357445,5.119642085973287,0.02809388517787857,9.700898043293328,4.911904814001428,0.7013819693382626,0.6812577670557208,4.688811557071016,1.9123896,1.8728664,1.2562878,-20.533890758274428,-54.878924208065456,-1.5481804255200617,0.2180869454824955,0.6828585727809497,-0.6769012650312746,-0.1671733566951972
7550,9100,OK,316,316,,16.48222,4.296458498686684,1.6683989092462037,7.544449936029608,8.840918243517928,0.4460942462502511,7.994637867188378,3.6769955801885548,0.7707066861867377,0.3755183225493499,3.445279650438394,1.1529046,1.5722812,0.92341924,-16.202737196603994,-58.23771780573994,3.0053736232604233,0.43700010537642153,0.6317530541145259,-0.6125151181220314,-0.1863980058635804
7550,8750,OK,304,304,,30.349117,8.122632373906052,0.4159250510336916,1.6137126455021291,8.29181637712495,0.09451675224293672,17.299740633511714,11.888131163241956,1.4123954820208904,0.887454092229238,11.323764848612502,2.3153632,2.8763466,2.2028592,-26.4231528915297,-53.975823898002155,-1.9834814815922546,0.1834829234868107,0.6852480239215991,-0.6803057624889957,-0.1842640280264786
7550,8700,OK,211,211,,16.192518,12.444047364815988,0.6163148633297668,0.8292885345378878,12.486868234351675,0.12594503916458402,17.992631905171176,5.100186037941677,0.7872119642496187,0.5011975505196418,4.8916728397511315,1.3429903,1.3492627,1.1403474,-30.272728086569277,-52.15756821367648,-2.6924894294263946,0.19692303055214133,0.6923308439733735,-0.6832926843368929,-0.12251706025268413
7550,9150,FAILED,183,183,,,,,,,,,,,,,,,,,,,,,,
7600,9050,OK,582,582,,22.493206,2.51138039263844,0.9137510244081506,4.679977966271729,5.389263973486975,0.05780030893588794,11.410752825880937,4.12566011953725,0.5303571212528135,0.4028461142190589,3.971042218684407,1.3268396,1.384046,1.0538727,-19.669445385922682,-57.12909601402421,-0.03439583515415923,0.37497793848673133,0.65030561628483,-0.597574159957606,-0.2817787685891362
7600,8950,OK,575,575,,10.150078,9.687610445711217,0.5772838919270218,3.8871293092482015,10.454320977784635,0.04311467302216029,14.19197351053128,3.133724164156614,0.6814474796289813,0.2629929872210735,2.8442501394922894,0.99637556,0.98399943,0.71216536,-24.026552878071264,-51.640099349734264,-2.012318543696253,0.34452957604848206,0.6402736154109757,-0.62158960193755,-0.29150546375587744
7600,9000,OK,537,537,,12.306654,6.79218466531988,0.19601084906380273,5.111130499392698,8.502696499498233,0.08558984393210799,12.822886583078192,2.9557441500150383,0.6696867351019211,0.23555007731085764,2.795278043279259,0.79696757,0.90102434,0.6736931,-21.648075470764926,-53.33672603157645,-0.8304743222249503,0.38379404428837793,0.6486640130859114,-0.5993231875120967,-0.26971994106181973
7600,9100,OK,478,478,,15.751016,0.4113580517137976,3.581301221809673,4.930214818148667,6.107532401972005,0.42314995367934616,9.762019510125187,4.0323507113608015,0.8040104776944079,0.25504562826270993,3.8374372507932675,0.8123699,1.1237752,0.7542162,-21.45899694586119,-58.813381533019275,3.5087497282717064,0.5290693724407637,0.6352823651567063,-0.5159860143994465,-0.22418819908775725
7600,8900,OK,421,421,,14.823632,8.488850331176767,0.28155856308467564,2.6541055970194094,8.898546605468557,0.14214308833614966,15.31418611782732,3.1277207662949165,0.6087950694104318,0.23544052725113307,2.9745490627566626,1.1327614,1.2225707,0.921357,-24.269455209506592,-53.164801286026446,-0.8013490074892804,0.37238333069532786,0.6629374297504625,-0.6064553941580805,-0.23250048204825707
7600,8850,OK,374,374,,10.534695,11.76498039434404,0.42343549246454076,0.8418423720544932,11.802659017143748,0.04732560491745194,16.474634863004958,4.13701620033121,0.8238387967465342,0.4528603170107214,3.857860411236091,1.0459151,0.8813154,0.750189,-27.575247948068338,-51.67754914155318,-2.259839889572492,0.3389379253951037,0.6520664652331729,-0.6156783660768548,-0.2843774906565444
7600,9150,OK,356,356,,15.912273,1.894725856811255,2.216264251440477,2.806134789632731,4.046752495800712,0.1895924304835417,8.088038791465134,3.672439236073928,0.7384299647704919,0.25301470225482614,3.4584159754575925,0.9374535,1.1855755,0.82695323,-21.548684110672962,-58.57711464636027,1.1670021865256373,0.4324748467014997,0.640482838850072,-0.5820076212995885,-0.2530106101693403
7600,8800,OK,257,257,,9.8912325,12.688701932954864,0.7318290049629438,0.6442129711616507,12.72610469814273,0.09527436343291669,17.48420166370561,4.915407798366422,1.283280026335249,0.5691556301683592,4.605878544578811,1.1191565,1.1955419,0.90375465,-28.217903378397786,-50.97068513875216,-2.9103373769232137,0.3094637911298792,0.6520520023247401,-0.6179387409618189,-0.31178848705868195
7600,9200,OK,251,251,,17.784643,3.161542095101704,0.7265593268315603,2.7621258399674726,4.260584001087412,0.12497470508182758,6.381447795963136,5.440122466669585,1.1656278026553364,0.4163365683454514,5.0744290569453945,1.4657878,1.6558359,1.2635404,-21.12902572604358,-57.68932942551071,-2.0745269605670296,0.2983526201574076,0.6546521812439247,-0.6318090760133501,-0.2885022133449554
7600,9550,OK,407,407,,3.5854497,2.061085939505601,0.0808392430857077,4.677161441452756,5.11179512330676,0.5464556444398883,6.422341783756195,3.11350779339933,0.5221874670611969,0.2922235627797046,3.019642369175207,0.7726155,0.8084863,0.66769797,-24.08866210376693,-66.80107016186797,-1.4804075923348905,0.47346125086125507,0.6238996253538066,-0.42062177180181,-0.45788756971835526
7650,9150,OK,659,659,,15.07217,2.2913960318534317,3.1315305374897355,3.0733221271320907,4.94997860390771,0.2754551584684931,9.852810009612837,3.6776786672627373,0.7560520216626236,0.2316497528439676,3.457831805440975,0.91042185,1.1465769,0.7937146,-22.488086310665736,-60.166297842497265,2.222031608897931,0.564598758274038,0.5923547963227067,-0.4754124996469676,-0.32299689256759284
7650,9000,OK,560,560,,9.756157,9.27424650166064,0.5298655689319358,1.7136915488848796,9.446117954981489,0.15052755869159326,14.355035242441975,3.0664217281395962,0.7048680537033669,0.22466253970148337,2.848642288861401,0.89027214,1.005415,0.70658386,-23.648486542211884,-54.07055870849592,-0.7787672689948364,0.4843730177028512,0.6114031568981231,-0.5365970932592485,-0.3219200505749334
7650,9200,OK,507,507,,17.893969,6.062355441349609,0.7516527337651502,0.9084258964902494,6.175951176851379,0.2136377974665567,8.197667767656123,5.48157561999972,1.1688408977783773,0.37887533502610243,5.125873760316433,1.425978,1.625987,1.2143844,-23.212151289300976,-57.94665514394871,-2.147506556117022,0.38400282398049523,0.6180610585557965,-0.5907526231908397,-0.34864551806245103
7650,9250,OK,505,505,,15.327019,1.8425245334527238,0.33226040131453366,2.3692107638439075,3.019677677198463,0.037441581735716815,6.469683826742463,6.004948271767335,1.5753621592724236,0.4278179178973631,5.500408825849648,1.2451165,1.4470593,1.0484849,-21.082749939256367,-61.09089625079851,-1.568887785358475,0.4511224749467631,0.5829202803902105,-0.5472181886987122,-0.39654093516937966
7650,8950,OK,411,411,,9.391731,10.78266759955493,1.6214150082826029,1.0109206757989477,10.95065604447211,0.20913525530446667,15.61132668255075,2.9264186203461717,0.7050474210750144,0.2563261403963483,2.6890808113282056,1.1455908,1.1267926,0.8020046,-24.834871810951103,-52.82866771327204,-3.4642767495758084,-0.3942648942495373,-0.5557582827448676,0.5783118916603882,0.44860147156140745
7650,8900,OK,370,370,,13.494383,9.12589195409808,1.2368497942935714,0.10744483942104133,9.20995362447794,0.12509686957283223,16.599816846103252,3.063976430036292,0.5945071428103392,0.22666183360147807,2.928124834461566,1.2404132,1.3427356,0.96922314,-24.86345984079275,-54.61418014475998,-3.248479981586309,0.41346920841659396,0.57998573632025,-0.5676366750892698,-0.41285392628629713
7650,9500,OK,505,505,,8.086315,0.5352464114322011,0.1380079235943324,0.589653737663975,0.8082242499869476,0.042893527593261774,2.647002701079466,0.975884109870287,0.22254336579998268,0.12050380615254519,0.9232037963619426,1.4136099,1.4006312,1.0971427,-22.167982647073384,-63.92449533782201,-1.2214012352606292,0.46067734148638384,0.5965960663277835,-0.5186632697873389,-0.40353182434197016
7650,9550,OK,628,628,,3.614781,1.6603609407138875,0.07659313646176841,2.5427619573300597,3.0378122610928995,0.14923388805930035,4.48451998080425,3.1035241198579633,0.5309646436360209,0.31269039386585884,3.004559477016226,0.7695887,0.7932948,0.64402795,-24.71554031992497,-65.85330982265951,-1.691602603909183,0.47354222723511896,0.5995285168069177,-0.4768279070880887,-0.43469352834208774
7700,9500,OK,717,717,,15.900274,0.01738634331413169,0.007446601663772354,0.35036223718579684,0.35087238998817266,0.010434218347566368,0.7490360738959523,0.892030702395268,0.21408941351974253,0.13501119033009695,0.8423919120253585,1.2999027,1.2688221,0.9786073,-23.65109118211356,-65.13054760254737,-1.5884017957575627,0.5475772870058263,0.519761899414273,-0.44092930033208266,-0.48537411836774536
7700,9250,OK,705,705,,14.849233,4.316300246831723,0.1322390047764287,1.7135795770860223,4.645889574902761,0.06555320310002172,8.322918745380663,6.280301198031832,1.5831112986284759,0.44486899043895267,5.807047072315653,1.1323763,1.3358574,0.9606691,-21.8520763995697,-60.94024730007602,-1.087388326789074,0.5379724043260675,0.5310884722102861,-0.465381469189351,-0.46038116273815477
7700,9200,OK,617,617,,17.641989,4.5533062443431565,0.8185871015223805,0.06965523757416792,4.626827687484667,0.10342965636805808,10.016451102337625,5.114767075231592,1.2026177708290464,0.36014205041675584,4.6044789336320235,1.314776,1.5306904,1.1394846,-23.322484488019576,-60.746340761449574,-2.181116857711347,0.5119421507575473,0.5263200256205353,-0.4823012654657472,-0.4777948872044097
7700,9400,OK,681,681,,13.061354,0.6405427969104898,0.20046805278168797,2.4349926397914974,2.525801193819252,0.04719117852890486,2.9047858541595386,4.920864004859818,1.0879637647046465,0.3217366682830165,4.676334816803934,1.0119423,1.1743697,0.76145655,-21.509294608396168,-64.58539556239386,-1.5485081926406274,0.530217303312437,0.5169286147823415,-0.4551444422079942,-0.49446734494248507
7700,9450,OK,597,597,,13.651156,0.08363506814993849,0.0023269444185188004,0.8925287065522437,0.8964417054748138,0.020221006090561686,1.0946897162399871,3.0526772087056817,0.6703895238850244,0.22105792660641033,2.957371009505767,0.87028927,0.9112705,0.65403646,-23.12238772308728,-65.05869133889327,-1.5172674542274711,0.5430606780400322,0.516412418689539,-0.44526400858342735,-0.4900441576533063
7700,9100,OK,541,541,,13.157857,7.494642120037071,2.5748310976009106,0.8044312760067278,7.965332721639711,0.32048490604608343,13.192902383830933,4.223503792534247,0.8418720547827161,0.24526622783683366,4.0499851241234195,0.7878438,1.083367,0.713814,-23.47340949217964,-57.37018641762821,1.508093535632344,0.6144929549076471,0.5685354080851028,-0.42312692737253177,-0.34659703036040906
7700,9550,OK,705,705,,4.6892285,1.1178726090543714,0.07594912622009065,1.365536780216723,1.7663799528901696,0.09778769426936458,2.582821308914685,3.0100072507199034,0.5003660735523316,0.28866913446146325,2.8936908460572024,0.71389776,0.729118,0.5814885,-25.36269239183523,-66.096633555421,-1.8198580415685852,0.5426437541662343,0.5388238562708697,-0.40366285915194255,-0.5022578064291717
7700,9350,OK,551,551,,21.495394,0.3656971140183187,0.15344917413902426,2.130457199208871,2.1670553536783923,0.018605104168589022,4.754276737772245,2.06804075992007,0.4646915644175942,0.246893934026073,1.9168111037978726,1.6969452,1.7365612,1.3465111,-21.80763685527233,-64.85304064367239,-1.4552391306628054,0.5418912587739708,0.5200273132218416,-0.45229763403222745,-0.4809909639655234
7700,9050,OK,491,491,,18.706806,11.301910964632508,0.20872610482282067,1.16342632847971,11.363552211395643,0.38554068170473693,14.712102431753761,4.055841796455967,0.4779991292994168,0.28496767815716917,3.8791497654290046,1.3591639,1.4051647,1.0544572,-23.10798836310305,-54.29143752164825,-1.2332150252687208,0.45499735060007107,0.6079891557090045,-0.5359523427030477,-0.3688925098701283
7750,9250,OK,676,676,,14.674378,5.276965356797106,0.31614191049997953,1.411605017088689,5.471648545793246,0.07352793874056648,10.151794193023589,6.3719540378624,1.5698997417669802,0.4412400827030387,5.863679218377186,1.1108596,1.3152546,0.88770056,-21.82209216747426,-62.17498649692188,-1.772324397797548,0.6258839178236536,0.45271341985068475,-0.3932570940265829,-0.49866696190401366
7750,9350,OK,614,614,,21.359577,1.224198448900542,0.13751928074748831,2.2643405677420883,2.57775320804579,0.02594265720037303,6.636424609012854,1.660553131763616,0.3836745105778442,0.18382859233425472,1.5499363588126132,1.5391291,1.5987035,1.226056,-22.652469797796247,-66.19084906092499,-1.402018260114631,0.6402447201586986,0.4498289698142413,-0.36915579962867656,-0.5014624530563384
7750,9200,OK,610,610,,17.729431,6.751242298553122,1.4286594492438702,0.32209147790254494,6.908261960567512,0.2056024883256423,11.800190994410498,5.17451623633548,1.117971269763804,0.3260482818813086,4.768278752685026,1.2109065,1.4034309,1.0050501,-22.689774499265287,-60.392675775334254,-0.5752231884559847,0.612915875098766,0.5114206444306959,-0.39975131105257167,-0.4505351748906578
7750,9700,OK,619,619,,3.6136558,3.026180385356689,0.06668086291665903,1.5470879337470556,3.3993668729548157,0.09368996514176181,5.966111647875935,4.350713725942692,1.0941169039242,0.38321716543529716,4.1762007834408585,0.7082614,0.80912685,0.5967194,-27.775030460615522,-68.94246502254262,-1.8603323413435537,0.64150061628778,0.4641285319990461,-0.3252465322551703,-0.5169877738813514
7850,9350,OK,745,745,,21.211536,6.605363065658745,0.6262196898474688,0.935545559720838,6.700613242340937,0.19377128738724114,10.470363393328178,2.5559086359469063,0.5552661801255159,0.26230607960342883,2.3893190583315533,1.9564155,1.9974138,1.4639896,-20.88438707152075,-66.63692003784772,-1.6597822346966322,0.6749343861530658,0.2689287949926632,-0.208396722342433,-0.6547607835911596
7850,9300,OK,692,692,,13.101954,9.571515188841087,0.3184015936645454,0.35613614879506184,9.583429216180518,0.26679222657810325,12.205099190002784,5.117307781331922,1.2338759945207212,0.35314192774721975,4.7639061492755435,1.2780833,1.4873022,0.9334203,-18.757040205563843,-63.63542644406753,-1.154083992664219,0.660086747549845,0.3081856353158258,-0.2200660840446124,-0.648751122193494
7850,9750,OK,538,538,,5.331026,2.2749731295806086,0.0808043356577606,1.3743845980552105,2.659128636291645,0.03453652460099474,4.064737070805684,4.294782379931638,0.8490362492676262,0.3740596455195314,4.139027075069548,0.5550788,0.54114634,0.49661547,-30.844966945507352,-68.9813411221071,-2.461646792632967,0.693979433572594,0.20827609338030326,-0.11852962956633391,-0.6789435481830346
7900,9450,OK,741,741,,5.40287,3.1357025487517127,0.08445890264845105,1.7190572592959632,3.5769989713756862,0.038813485468593485,8.634216143216843,3.201715080757835,0.728456441020374,0.2623076380583722,3.0934963041454298,0.9235589,0.9781815,0.7015071,-27.19253855299399,-67.41460042574491,-1.9541262402836554,0.7284763932463698,0.07792224605132696,0.014204177924970108,-0.6804766780592504
7900,8050,OK,623,623,,7.9130735,8.811382095319884,1.0628895652568937,6.548794857452483,11.029818799175802,0.09750693794646874,5.55798459324418,5.236683474917845,1.1698468690802348,0.44254645815975036,4.9374405566182,0.9347503,1.2173136,0.8226344,-38.35516437190892,-76.92328352077665,-4.721991065434062,0.7149252054268832,0.08071899441535405,0.05850000967096761,-0.6920579046975763
7950,8100,OK,732,732,,6.802253,2.3343953194442655,0.30346892192441616,1.2638913343819218,2.6718750343425453,0.026203842810039082,5.400595644765682,3.5194356187508533,0.6474305039388302,0.26986838228374055,3.41729872034675,1.294624,1.2984498,0.9696688,-33.832735844123185,-67.8591076669559,-3.200867803551174,0.7043967937652637,-0.022598702895764537,0.1262543853593821,-0.6981219705310598
7950,8150,OK,649,649,,12.204699,0.20267647831521352,1.501620171707885,5.450809985899806,5.657496831402322,0.11320653082406974,7.01642304843634,3.06250131080717,0.3973398994859338,0.242464468847589,3.0189652829160964,2.6784441,2.6857316,2.0612316,-30.660238036304897,-64.5085391772832,-3.4904263665036552,0.7111881005654757,-0.0006687787999250527,0.1703794738366468,-0.6820424277448839
10200,8200,OK,702,702,,12.344625,3.5618114890741817,0.007126830755802893,1.6136980233580942,3.9103162514056686,0.06712299209712086,9.203873071463228,3.2855914312849914,0.5669276323055121,0.2854910863098875,3.201383035814553,0.97127867,0.96373266,0.70504326,-37.88584698574205,-59.00135362260324,-3.7935571228463885,-0.45384666349569036,0.5432714315710784,-0.5261153065562738,0.47125581362964514
10200,8150,OK,658,658,,16.855158,2.6131324112324616,0.22815817779781733,3.985871338186155,4.77154979826298,0.06582613771900316,10.92942704633357,2.360854379037715,0.4145544890389108,0.2322260171221575,2.273174661059535,2.2673464,2.4548516,1.6662551,-35.650691005046916,-58.249896041343405,-3.7835391324582477,-0.46051344087051765,0.5379957163494246,-0.5112790112213066,0.4869104154275496
10250,8250,OK,731,731,,11.549525,3.655049309697115,0.0238850887795809,2.866727423418384,4.645221423566628,0.037708517457301804,9.274406788081993,3.4246566827504434,0.6468463726396863,0.2718015245521168,3.2630967194342126,0.98968834,1.0386968,0.74840534,-38.04222786583438,-57.852888445812994,-3.9471601053136682,-0.36275473526058294,0.5999528158759091,-0.5882257705498506,0.40305838737039884
10250,8300,OK,593,593,,13.854071,1.121856695194758,0.06548815974835681,1.8619584410267822,2.1747966295107726,0.09670129522336916,7.3963442901790195,0.9716556929745853,0.15991537173221593,0.12095340989913594,0.9324958966745609,1.2187297,1.1667486,0.8257299,-39.526810368742005,-51.522527881959974,-3.6822901930629675,-0.3374977701644774,0.6262975600314806,-0.5959592314693656,0.37239658411304266
10250,8200,OK,660,660,,10.00596,4.255114290062218,0.1517724331485092,3.9188673581925895,5.7867567655866505,0.043920728234860394,11.137602345074589,3.4212862831116135,0.573556425615311,0.29921914341785616,3.340459349401641,0.93894374,0.911396,0.70968395,-37.28753960139575,-58.85062287601206,-3.7301008678330208,-0.3593981817508089,0.6089470433950934,-0.5830774746173475,0.4000463771720011
10300,8750,OK,672,672,,21.054287,4.834554070447067,0.9666761665563094,5.235492875422896,7.191506206607083,0.19923525469392928,8.39842804144996,8.699355679489727,1.303534262512969,0.7019269292338969,8.083001712951589,2.1171696,2.6071942,1.9756314,-32.09925715885144,-50.62242081926817,-4.045875430432841,0.22647471467796698,-0.6463070121572466,0.6613275511511806,-0.3060103261922524
10300,8250,OK,723,723,,8.545886,3.6748389127160115,0.20505136145723868,3.506834518189884,5.0837363654319585,0.03589575999139043,11.045155360232298,3.4060237269052664,0.6239601325995923,0.25415706697461005,3.228404593864152,1.2096976,1.2709432,0.8718608,-37.561680793788334,-56.644045962696694,-3.806402519952803,-0.27786678718041197,0.6473162996073331,-0.6141597541192987,0.35578006305135695
10350,8800,OK,621,621,,11.585273,3.6101190648744046,0.5836698530448696,0.6832823826009178,3.720282915894415,0.1418445106296306,8.481903244162053,5.078210962774418,1.3578159621203922,0.5846640321100973,4.777858724425652,1.2345221,1.316146,0.9451486,-35.330089430368616,-47.63120394947968,-3.4038137475858985,-0.2392627029903901,0.6469622173943553,-0.6267878010591995,0.36239522715577327
10400,8400,OK,724,724,,10.6911955,2.7563035705343353,0.26464463278592937,3.144896502249905,4.19018139994755,0.09122408032032528,8.822674036458102,2.754039376288034,0.4957319364825217,0.18489712409582837,2.6466179186979693,1.5376604,1.4244527,0.9808927,-36.237444121927794,-52.7924779475952,-3.6722974513864157,-0.1419448650498853,0.6735225321767685,-0.671532918284807,0.27434028795649806
10400,8500,OK,671,671,,10.872044,2.4547688528291025,0.01708079002512528,0.7160238065568609,2.557121812852092,0.04112955762468117,5.003156966061134,3.0175123426046637,0.6047147380186852,0.2264433503036941,2.8997855758921967,1.5575135,1.4393429,1.0040407,-37.854169920061814,-50.50303823940259,-3.6253004636957606,-0.16841842722690367,0.6717881202186718,-0.6606746032231907,0.289560051732553
10400,8350,OK,566,566,,10.369667,3.9072215661951555,0.17508441752342396,2.1448546053429443,4.460654234376486,0.10944542360859637,10.871403245216596,3.4844856344551,0.688767071619623,0.2601325784965324,3.3549513427185254,1.8256583,1.8554349,1.2104359,-37.40900679188512,-52.69697417610873,-4.03280857922022,0.14491155998415323,-0.6660069303101095,0.6857904047645109,-0.25519978310099045
10400,8800,OK,546,546,,10.699978,4.291597918225869,0.5325826735205712,0.16969843639053472,4.327846410764634,0.04228664450426018,6.787385002476334,5.693732265799001,1.5422520453647026,0.5307983994046855,5.24050946202321,1.6505622,1.5610771,1.1079394,-33.02570351368806,-45.814529909177985,-3.233972238487299,0.19841561386802697,-0.6574066705270741,0.670831062836811,-0.28005963445865467
10400,8450,OK,503,503,,19.179146,0.3399597387151845,0.5807003917203616,0.7287565315023428,0.9919030452109737,0.12000627253614439,6.905336292167606,2.779130388188743,0.418977133954904,0.21298402230053354,2.6796459016762864,1.928226,1.4619582,1.2060969,-35.749508684732,-49.53779744414989,-2.7996450509395627,-0.1570073150154241,0.6859072644872831,-0.6671374836998676,0.24455573065832759
10450,8500,OK,612,612,,11.916778,4.185066896509264,0.17134024720407168,0.29321619446690006,4.198823423920954,0.048267401225123456,6.774267108197207,2.8861025640160998,0.7157028905265386,0.2374575138709527,2.753439058208544,1.6945684,1.4418856,0.98597145,-37.64955172531898,-50.32996527282219,-3.668761745253981,-0.2102718665843523,0.6504802536723824,-0.6485450941967666,0.3347393650271095
10450,8750,OK,602,602,,22.14317,1.1983308905841785,0.7196676140463609,3.565255609105275,3.8294863828315253,0.12139148171010467,3.3013349822621403,11.45886340415492,1.5536151521801873,0.817535553954023,10.851682012336868,2.6056674,2.8820448,2.1663454,-31.800892951229166,-48.63809986796303,-3.39527148741725,0.19889345609763717,-0.6335463785392326,0.6881648358050964,-0.2923859403642823
10450,8450,OK,520,520,,18.836575,1.5360886393972626,1.0106580720495733,1.5622048023719182,2.4127747286554078,0.20142418013315738,8.650948931673923,3.520344855313008,0.5868451877076613,0.25516850658050916,3.381770458707092,2.1256993,1.4813359,1.1575269,-36.083515578034074,-47.63403041898175,-2.342395313500704,-0.17834606164524305,0.6878163100569686,-0.6500936345298395,0.2692204900430701
10450,8350,OK,509,509,,14.484677,4.665573483323301,0.19906295630994586,2.5754564028503975,5.332933308400498,0.20292100296903656,12.531436744662022,3.3518200553087127,0.6667760186675014,0.24602567472664294,3.2206250291425995,1.9358548,1.7953737,1.197602,-35.10904222918499,-52.9735687832809,-3.5642979670184745,0.14097143148106012,-0.6665098213983079,0.6737586160885533,-0.286253455406592
10450,8400,OK,529,529,,13.876545,2.923161046177353,0.016650960062877196,0.23544466790747665,2.932674879356004,0.246690479507006,10.517730074013365,2.604718482618985,0.5720874339824759,0.2619854953089987,2.4977997592628878,1.736074,1.4786545,1.0015538,-35.23512289077446,-50.14730917940048,-3.2111747079260407,-0.13385850159131316,0.6827412376165408,-0.6667725185700606,0.26713425929539786
10450,8800,OK,466,466,,10.126508,4.267190154825222,0.5654063251569282,1.8516479961831562,4.6858506625514496,0.12232402292210198,5.116798803072602,5.783161673221466,1.543023486005099,0.5469116190810874,5.326437270379381,1.8001205,1.6414326,1.1791593,-30.625661284948603,-45.13300317896968,-3.0286899862597925,0.18550257600815565,-0.6503358557406255,0.6746288351126307,-0.29585132054297414
10500,8500,OK,652,652,,9.381422,6.527572354512986,0.36644731301714156,0.49571478880845016,6.556616324634461,0.04034747338377699,8.654912533428755,3.546947971935384,1.0979619411071426,0.3516766400612529,3.2512092865637126,1.9130875,1.4610655,0.9958617,-37.20822090127273,-51.24581907948744,-3.7869411986030745,0.26095578663336233,-0.5872110235220372,0.6739202974824352,-0.364577459421109
10500,8700,OK,695,695,,9.97095,1.3165292650675302,0.34490128655514496,1.1079360230563302,1.7549155063513806,0.04785900870366962,1.2825722853300185,5.846414834176176,0.9410164388174078,0.627319560674859,5.615780211406532,1.6330111,1.500818,1.0854475,-33.41232577455446,-47.636449658907004,-3.32963912917333,0.2647803653652193,-0.5756861009443444,0.69592393041507,-0.3378857119977107
10500,8750,OK,627,627,,19.593939,0.11463926807480124,0.7827882975252533,3.0853066762796937,3.1851243252380685,0.12498481416409339,1.7342950424376404,13.580491123419858,1.7027750728638429,0.9622024006262997,12.855302711098073,3.3550344,3.4174814,2.5354104,-31.230942293093015,-48.06020082928561,-3.278482404244337,0.2401550285184941,-0.5844846380896244,0.7158754064330966,-0.2970280669882405
10500,8350,OK,578,578,,11.137214,6.785355089162906,0.9186425224215344,3.244834433592632,7.577195937248711,0.22054534898141812,14.264098763247473,3.656312741597673,0.8948680281875987,0.2849897051588424,3.4731941903719097,2.2057636,1.7971317,1.2212306,-34.08887415353655,-54.31976196247628,-3.4176213656835785,0.1676081360838672,-0.6242587919656326,0.7045557417098162,-0.29293289367333253
10500,8450,OK,557,557,,13.787047,2.0400628218689114,1.0791197286026315,4.07475269677877,4.682944078860756,0.33832480255018255,10.491753070237722,4.311658865338845,0.9205363271036433,0.38128405193574827,3.994744195146417,2.467532,1.5891056,1.1848396,-34.95320716452477,-45.812589848592154,-2.1604446917611644,0.16603827391704037,-0.6673797291039317,0.689430045210232,-0.22742427649050548
10500,8400,OK,526,526,,11.378799,8.842168656683606,0.20755365156487826,1.667160266997199,9.000358238835277,0.047287799262314245,12.297983925597343,3.0973207053822196,0.8251455043821168,0.3924784488346403,2.8866417911568134,2.0106652,1.5582962,1.0643377,-37.820799275399025,-53.774959453569586,-3.5877959690455588,0.26948463030218733,-0.5962800597813088,0.6688073271891751,-0.3528808346115778
10500,8250,OK,490,490,,10.648126,9.882063474749863,0.8652778794916276,6.038604575593724,11.613295378492028,0.07864904407324318,17.684414687993232,3.4809034507178884,0.8994229105644937,0.33161808041134366,3.202044643264224,2.0684903,1.6790637,1.1586089,-34.6136304906094,-57.732810908798044,-3.326363426954155,0.22327742370835807,-0.606675703275864,0.6873785344115318,-0.33106273355234156
10550,8450,OK,642,642,,13.636912,4.174221559946355,0.8245584297560729,2.8012473026529143,5.0942132548827415,0.2355204507709681,11.969251445172088,4.077464515997717,0.8651967299498371,0.3577742489165453,3.8790002835858517,2.4480627,1.5545257,1.192316,-34.88040102594794,-47.695508961976074,-2.549129778160609,0.18611428433584684,-0.6588080286810226,0.6682971905044994,-0.2910538089003015
10550,8350,OK,639,639,,11.059314,6.69055816725993,0.3085825668477903,0.5362145704337042,6.719100970784434,0.321695330865828,15.581028426005389,3.6009307354618554,0.8097590159317816,0.2688707861312999,3.397828652728178,2.1939406,1.8187827,1.2270255,-33.0690993368967,-52.652524192265204,-3.163211192888742,0.12864628849661805,-0.6482069737768864,0.6961520136761424,-0.28044647520999066
10550,8700,OK,606,606,,10.858919,2.3907112228689558,0.1642310537011718,0.007658345112462883,2.396357786391931,0.01728032195884328,2.6555363233669964,5.735538175841371,0.9329392739375061,0.5885631163723568,5.470660703932335,1.5322338,1.4476173,1.0669281,-33.10966374583184,-47.188392571529086,-3.3049294579969186,0.24633269665029314,-0.5922048008955392,0.6718690496048868,-0.3704128190820283
10550,8500,OK,592,592,,9.835072,7.119378797256266,0.026494799950111447,0.6591572293431758,7.149877249732462,0.04667955798092618,10.200279724062105,3.41155321308344,1.0685822679210863,0.33948373683260047,3.116868464496113,1.7973038,1.3725965,0.95280004,-36.44847145210018,-50.56753372652097,-3.6852501804675417,0.2293924179145023,-0.6099421514017941,0.6595709015373558,-0.37458766182549164
10550,8400,OK,545,545,,11.496766,9.237337574280376,0.2171467303093649,0.7782234492270879,9.272604267444127,0.028508109678574554,13.686646216767599,3.082558143405992,0.8205024106154855,0.38378547473907654,2.8602276935547395,1.9630431,1.5203214,1.048964,-36.674836210422065,-53.09758038398204,-3.5514542626326784,0.2488539681129338,-0.6091510588551925,0.6579602695429249,-0.36618980563779563
10550,8250,OK,494,494,,10.712231,13.861101525931119,0.142199994186761,4.161069308523313,14.472900681648147,0.1198521636004574,18.83210794091217,3.335888630432407,0.8761152125869435,0.32850772756702157,3.075363666362124,1.9782127,1.6093085,1.1037172,-37.31199469203041,-58.56109959943374,-3.5732273901475464,0.282427441760839,-0.5908957729249359,0.6356818223788457,-0.4086386501262211
10550,8750,OK,426,426,,20.351923,1.0378173955620171,0.23711871057024142,1.50897954763998,1.8467023324373049,0.0697081472913509,1.1715344924662345,12.7811419046414,1.7111110078093061,0.9207340315106318,12.267853985717048,2.9432504,3.0785987,2.3137147,-31.136089906559203,-47.095992866408324,-2.9751055217072717,0.22790553390167176,-0.6019802844505833,0.6818828868499868,-0.3474399708883781
10600,8650,OK,673,673,,13.112956,3.961770016474903,0.4144063435183618,3.1756472644057228,5.0943193685629256,0.017649820039236506,6.361021873490829,5.428187992154584,1.0676156962320649,0.5153564640469308,5.271069473169295,2.0936852,1.8419887,1.3023739,-34.5461814217374,-46.43993668392356,-3.696886401302321,0.27741807801929425,-0.5904900986226412,0.6706106069263297,-0.3530468344208796
10600,8450,OK,632,632,,13.81464,3.883688054619247,0.14045984988598248,1.505471265871593,4.167637893026125,0.26816778946685405,13.402042861974268,4.072419726728632,0.7899524823630772,0.3457326224221422,3.8682869894934253,2.3320289,1.4689883,1.1199409,-31.54769346432346,-49.17461830702838,-2.635591783649873,0.19545855468907442,-0.6530059406196141,0.6849106991574889,-0.25744228303437433
10600,8600,OK,630,630,,24.026657,3.3662057219644828,0.281188570752523,4.25742698791715,5.434711816863297,0.05895638408929561,8.218914310371993,4.636847151372784,1.0405069054033111,0.6315075658374449,4.375887566426211,3.1759799,2.3368783,1.795813,-35.26546047436051,-45.21870463336586,-3.2271517242861054,0.3017017015246829,-0.5913017747705441,0.6620177945118143,-0.3479522010277118
10600,8350,OK,628,628,,11.398331,8.313320535551217,0.8127937234206809,0.554821377791715,8.371365403857626,0.2307659761849322,16.790186886689142,3.4721644422375295,0.7400052821148795,0.2525152769508745,3.2888889120597407,2.0478733,1.769721,1.179265,-32.91488604900389,-53.54957017733001,-3.1719544171901504,0.18721892486080405,-0.6328663340416981,0.6945347589939002,-0.2864450138506017
10600,8400,OK,596,596,,11.433304,8.643571916113537,0.3254083575124401,0.6805397999344285,8.676425559379874,0.09533346201167125,14.997867716016088,2.871796081178205,0.7192186072359217,0.34124329936040576,2.688191792833691,1.8533399,1.4499658,1.0055605,-35.013540483059806,-52.04001753824106,-3.3222405511126536,0.24961005447764797,-0.6191985890663735,0.6741290276191341,-0.3159714894150399
10600,8500,OK,551,551,,10.718422,7.858602986781143,0.5922512407586455,1.7665919511283255,8.076462688443316,0.04028981897438407,11.733469538601842,3.2785059492739514,0.9903024637019795,0.30284990763126407,2.9797491611462803,1.7338642,1.3480119,0.9204548,-35.78142568864162,-50.40049711528724,-3.6809496972127858,0.26264187004330636,-0.5987065742357418,0.6668167848290717,-0.3576661313813161
10600,8250,OK,543,543,,10.985905,14.296399477253683,0.9330982827087929,3.1148621942050956,14.661516869249978,0.1253446254076517,19.81784973389709,3.313340917684952,0.8372241108243491,0.31341383179915683,3.0591175270424795,1.9076871,1.5674286,1.0805824,-36.37000249163623,-58.11537338956186,-3.5706470429942407,0.30609602181319706,-0.5819612471908099,0.6445967422581199,-0.39002739912533174
10600,8700,OK,496,496,,11.6338825,2.932299042980467,0.1306052083459173,1.5514282116325477,3.319994712911545,0.0237188825751355,4.432048795175971,5.733202547186235,0.8816288262534235,0.5836010532016839,5.496255635504012,1.4597383,1.4108403,1.0732477,-32.66366717255643,-46.61503570628624,-3.1232726013194476,0.2646961415376803,-0.593554664030939,0.6740922669990297,-0.35103907052391237
10600,8150,OK,366,366,,14.770264,12.246239007059883,0.8846394707678851,5.624523827344928,13.505118477660472,0.08486654720374529,22.41461683379036,4.486500295611227,0.8245363246220474,0.3744382733463718,4.2927289538024285,2.9555404,2.4635315,1.9715654,-33.00637371826651,-58.18036519101221,-2.8054868721247517,0.28652931050569663,-0.6107640787597249,0.6427043645683772,-0.3630417249885652
10650,8550,OK,613,613,,11.679542,7.354411048028194,0.7708687385349376,4.497716914166998,8.65511744087817,0.028751215740254316,11.679333716278986,4.71564099427964,0.9201824538290816,0.21473653810990567,4.453566578702511,2.0112534,1.8025104,1.1053766,-35.5401450465888,-48.748799324970086,-3.671066204090677,0.3156105232849754,-0.6077976281783704,0.6353536089176188,-0.35678821786584963
10650,8450,OK,560,560,,21.195694,1.3481596086089827,0.47404692926802094,5.077943055085185,5.275202412431302,0.19566438473210981,14.848823204434783,3.1991821556916493,0.4441007271197317,0.23196452978731447,3.1114822852558364,1.8255203,1.3260876,1.0188255,-30.742596589120616,-44.95801434988315,-1.7025734957010035,-0.25281822369872753,0.6689030823065428,-0.6352706048828293,0.2916896823996879
10650,8500,OK,554,554,,13.6675,8.078767752178603,0.8420683131042596,2.8972921875894233,8.623796696226197,0.06299879385385737,13.293641696516863,2.899114494299539,0.7105622669501865,0.23074751835702612,2.7236275774954066,1.4236486,1.2532021,0.8322883,-34.71777311145379,-50.124278618204706,-3.496164462393911,0.30976927843054086,-0.6039288291413429,0.6306150330939841,-0.37634776936825587
10650,8600,OK,582,582,,27.01698,0.5791455224834472,0.30917353052751395,4.065099916187987,4.117770651309159,0.034682488969079384,9.987419072928914,3.277229111613061,0.6775940202262322,0.4428653818159147,3.131217106501751,2.7463863,2.3356404,1.7128888,-31.0832988439635,-43.664688787778424,-3.004192392577503,0.29892473338050196,-0.6181769022279437,0.645188630944841,-0.33501186818496553
10650,8350,OK,513,513,,13.694769,9.317344755064985,1.1235162527679001,0.9123480254572194,9.429081661250278,0.11238035181322477,17.98714562633631,3.193537985182614,0.6608825642567926,0.2637966403574028,3.0132657871681827,1.6835921,1.7043519,1.1010278,-33.1001179104505,-53.05302502373473,-3.2832385239581536,0.2553241335068725,-0.6288005743015331,0.6512013528864268,-0.33964131463341496
10650,8400,OK,495,495,,14.424535,6.799120021812234,0.7911092897372882,1.9845472405852498,7.126872717358656,0.16709610235175362,16.31198587323226,2.6792769899198623,0.46628462030669626,0.19117102429249266,2.5589728027355503,1.4545528,1.3022592,0.90904504,-32.13352164238348,-50.86149276464526,-2.953972746406374,0.24072631406550785,-0.6474958934928067,0.6511701753550214,-0.31428858133011633
10650,8650,OK,469,469,,14.896951,3.3428719682112416,0.4334234306207194,3.2361111182391005,4.672800448944322,0.05255812084632529,8.219501051804201,5.158405841357705,1.0138895888191297,0.5112160827762089,4.934661364739574,1.9432069,1.8286774,1.2867318,-32.07592950308696,-46.38982779388368,-3.1297369401903787,0.290619319113225,-0.6199100852710283,0.6493125499206551,-0.3311270300850845
10650,8250,OK,451,451,,14.114249,12.53507020713096,1.0128561386692463,2.6536724046643694,12.852853375286724,0.09736548672839067,20.76781620789043,2.9648105829913303,0.5265218057092587,0.24747610118581054,2.8133983025928475,1.5894622,1.5077438,0.9886481,-32.91735723418102,-56.78085387440729,-2.96166636749673,0.29985224434511837,-0.611370575909289,0.6195851006084077,-0.39042150757560606
10650,8150,OK,321,321,,17.468424,14.40347874558102,2.8277056453672684,2.6272200870137548,14.911686845452955,0.28867276171229916,23.110249309108898,3.5777724064312695,0.5526962904882791,0.31962578265604097,3.4727514194779894,2.7711668,2.576786,1.9603251,-35.347112131016466,-57.67927067471716,-4.084377987638043,-0.3342111088782139,0.6075016958122472,-0.5550520075025271,0.45952355027251124
10650,8700,OK,314,314,,14.367891,3.3574065266185453,0.3175520440892125,2.120991766659778,3.983920676911704,0.03757082404981974,6.347721022809571,5.094717443160494,0.7776905773517858,0.49240913032161526,4.919463407689877,1.3286363,1.3860582,1.066447,-31.286200056194897,-46.93796839531758,-2.882253793566189,0.2891913212031836,-0.6125251216376623,0.6477777794521443,-0.34866216248909665
10700,8550,OK,700,700,,10.399841,9.237980348408126,0.9353826562684423,5.952451376382756,11.029365304468952,0.04636690274221893,13.243163206450834,4.371952894090802,1.0144906720714908,0.23261386104534681,4.095676668183494,2.1821177,1.8106887,1.1552211,-36.18481604385578,-48.73427340452218,-4.182565061776078,0.2713582970985843,-0.6064267256647337,0.6623835692037919,-0.3462070308993619
10700,8500,OK,613,613,,11.245519,9.722517371421084,0.5361151236017423,3.3343843439891945,10.292370106869432,0.06743157158021823,14.7560707729216,3.0728469435581713,0.885439826617579,0.2665417426288037,2.8299084370265657,1.6471224,1.3213726,0.91126317,-34.61331870213158,-50.614478703760156,-3.4411206686783924,0.2718766233391322,-0.6116607490087645,0.6512564417742057,-0.35751821890828095
10700,8600,OK,598,598,,25.506573,2.9450072020611984,0.02533949268329938,4.56996801143534,5.436756122507616,0.0289853414486093,11.637902442358573,4.261832193453833,0.9061794365080198,0.5976963818469576,4.003962159874149,3.0836065,2.361104,1.7870272,-31.14706022808716,-44.77850918730433,-2.9449559983035374,0.2765425403131715,-0.6157765476759842,0.6615917408805522,-0.3265575525508858
10700,8450,OK,532,532,,16.323841,2.0485002459299366,0.5388103190114877,6.498623765695258,6.835113800479659,0.32196132940610156,16.207568394611076,3.833689725771614,0.6238549882043314,0.2580873053855468,3.7539707201654924,2.188607,1.4664085,1.1408995,-28.799250840472844,-45.77953088922772,-1.5715104661794352,-0.16299041755435914,0.6930135102523156,-0.6646839817658696,0.22663098370939547
10700,8350,OK,503,503,,12.668366,10.19137753811649,0.8536845431686005,0.6222713756386764,10.245983363670348,0.1593713149491151,19.11459485984801,3.176248599440173,0.6654929980524829,0.2415815209040394,3.0246326016498166,1.9621357,1.8166424,1.2007021,-32.00335889542422,-54.00645615680036,-2.925849983436476,0.19141270439148864,-0.6452544057168927,0.6730165451791814,-0.3066865801034585
10700,8650,OK,481,481,,14.857287,4.725141851047358,0.5958426800035073,5.637330592445105,7.379802857824218,0.02739737368959172,9.950469138621862,5.341697527544299,1.0533610263160922,0.5071484481683018,5.1357518296147875,2.0918396,1.8817128,1.3428495,-32.91032406390414,-45.60972447250522,-3.5154798018955207,0.2501918058563165,-0.6203721654290362,0.6683666838320913,-0.3253127919196189
10700,8400,OK,463,463,,13.193153,9.201246443184148,0.17021148973553812,2.4221009607781974,9.516221998442953,0.1037566854928423,17.55018858628704,2.6325410315221527,0.599814215903204,0.27412046957401864,2.4887279871069663,1.7394866,1.4283907,1.0064496,-32.99485276225227,-51.636104247433394,-2.8601573855977565,0.22951461432586404,-0.6481358577672245,0.6603190752140912,-0.30202925453604856
10700,8250,OK,456,456,,12.833053,14.797064880661203,0.3344950811695783,2.829978141182788,15.068967858529534,0.13998548933347094,21.664579327273266,2.9875990926988187,0.6098514972489119,0.2791945132072847,2.835589982618975,1.8454138,1.6430293,1.0994983,-33.7033641193476,-57.961279513279315,-2.8367453127378144,0.29420790525935836,-0.6097156214535979,0.6301583032572393,-0.3802487110751468
10700,8700,OK,411,411,,13.003619,4.457395486602582,0.17786066926863411,4.076441973685711,6.042961865383929,0.034152413841020114,8.135916214820549,5.550719940202301,0.8213308660983543,0.5544503601047431,5.328992175934873,1.4582342,1.4626538,1.1251098,-31.681623926291287,-46.36455398556694,-2.9021984805157293,0.2501506093299815,-0.6194156669273309,0.6619696783702134,-0.33991918029914875
10700,8150,OK,334,334,,15.99758,11.096044827098563,0.33998439750747134,3.307469424897391,11.583486271074023,0.05856755823735787,23.769578312966882,4.127466854863247,0.6665708825891337,0.34419379281781876,4.00293170860779,2.9235756,2.5650976,2.0133507,-30.318940318404646,-56.277784440910196,-2.3764969338540247,0.25802417259095756,-0.639911871735402,0.6446158315846148,-0.3292518070433654
10750,8650,OK,624,624,,14.428616,5.729443175240903,0.40477282049565755,5.312094897743957,7.823599704558251,0.02891101607914181,11.515741447447724,5.323626857611009,1.040874469265124,0.5169832336080826,5.112127120228623,1.7906932,1.685856,1.2256061,-31.577560849524478,-46.72374142065834,-3.2573081247265625,0.19924131605567116,-0.6373954490587611,0.6773144034125518,-0.30866671091240694
10750,8600,OK,622,622,,27.356365,1.105490497364217,0.3567743642119272,7.176440484284212,7.26984836232468,0.052535686389622534,13.073863828265024,3.209918082958998,0.6670622608984119,0.4471721671425823,3.0685478151752714,2.4807334,2.1161969,1.6049759,-29.21694379623176,-42.476955404025766,-2.740334064762085,0.19154774069273786,-0.6488359754634483,0.6736686041165905,-0.2974759684537692
10750,8550,OK,570,570,,11.069021,8.724046976468063,0.3041221512466551,4.65122017609013,9.891174604513276,0.024566154314042396,14.547133572148732,4.6355311351452535,0.9257682178266456,0.21322222686325332,4.3776074335349096,1.9561715,1.7570937,1.0756153,-33.30217711457746,-49.26168263618801,-3.4010568775186663,0.20126796606279707,-0.6377651594729399,0.6767099838855904,-0.30791298268985706
10750,8500,OK,454,454,,13.5806465,7.642687750318984,0.40855106494305193,4.296621761933938,8.777160622129816,0.12584089756315886,15.914706115047235,2.8198626491636753,0.7265726745633266,0.23488640557703244,2.660625654173467,1.3231318,1.1691067,0.8086273,-31.93449926585164,-49.40209992501739,-2.926434138061457,0.15553072683890948,-0.6581404527754411,0.6758971160844497,-0.29295806167132865
10750,8400,OK,448,448,,14.959494,8.610939668993632,0.35616990364889306,2.7812065180237417,9.055951009099552,0.14197185059415074,18.405644990865955,2.7600115966766188,0.4985946106284087,0.19218031230150195,2.646761567916763,1.3973789,1.2597464,0.87960416,-31.27420576367299,-51.5019795336117,-2.787667486883531,0.15401928381147226,-0.6647288427650132,0.6757758549504838,-0.27882004891404455
10750,8700,OK,423,423,,13.848849,4.450412885677503,0.14651988846034356,4.656681550424276,6.443005974914242,0.05904977298570222,9.806659502803722,5.191503571574579,0.7724075260076764,0.4970909653312008,4.965433290925413,1.2016207,1.245479,0.9874971,-30.240041742136754,-46.43360753751319,-2.786776738776022,0.18540650367062758,-0.6414978355297345,0.6810000292672674,-0.30057264603632877
10750,8450,OK,402,402,,23.15121,3.255135507027152,0.5122608425820229,4.065345306085525,5.233101451115139,0.1489519932096299,17.22247685445902,3.108552339849745,0.456884608822547,0.21893831677556563,3.0172079557913216,1.7639643,1.2841929,1.0419698,-27.990299930101436,-47.377839363879765,-1.8042060859333895,-0.17045943759974685,0.6764079582735056,-0.6675291898352477,0.26042395211528296
10750,8350,OK,376,376,,14.366321,9.537699714284846,0.5896449141258506,2.135280750068829,9.791568865418771,0.15341658757002505,19.823144232582656,3.2908881266407772,0.6701386261510176,0.25460789138992856,3.1440144259646288,1.688491,1.6877841,1.125868,-31.223116251306028,-52.75090900797553,-3.12855376604478,0.14885713501697048,-0.6536049657955231,0.690505727880707,-0.27174241812037314
10750,8250,OK,327,327,,14.895489,11.639257514741708,0.3925071766097421,0.44513006139100353,11.65437763888383,0.14252362304860283,22.08239967963109,3.0797841528143266,0.5043457959332616,0.24206234758638207,2.8979067552011983,1.5667781,1.4862813,0.99590594,-31.30814079588467,-55.70186659374091,-2.3629277928881764,-0.1546701131677162,0.67341648441491,-0.6591209970814841,0.2968954459355342
10750,8750,OK,302,302,,24.418644,0.9595045274940972,0.7680745597254693,2.3601267817216,2.6609746134412298,0.13499500176602836,8.044263091266913,9.688339822594935,1.3516158250091324,0.7277217417874451,8.97312949843299,2.3487775,2.6750908,2.0691097,-26.41368631663411,-46.11017354296355,-0.9193451744309878,0.1507605559594582,-0.6597067015068518,0.6657201967549922,-0.3144438620584587
10800,8600,OK,577,577,,25.636263,1.750131992766228,0.36854284859135633,4.0324631198042855,4.411297386929772,0.04020690554838738,14.503938165241596,3.2838774624266716,0.620079749930355,0.41331016557437567,3.110246167046875,2.5970259,2.2416463,1.6565969,-25.84538021876849,-45.97630411706152,-2.2622253473562433,0.17401969646297538,-0.6659485138017492,0.6904577053699705,-0.22248118865065983
10800,8650,OK,524,524,,13.62727,6.59791877127145,0.7611097351447611,5.713078582467186,8.760769773865398,0.023820930380452892,13.079744999986154,5.155752894235805,1.018790588736377,0.5143919075488048,4.936854355556427,1.8342983,1.7628243,1.24222,-30.875070799137855,-47.03154396608084,-2.993825567081705,0.1790216211563144,-0.6666315935474595,0.6852464132357731,-0.2323594861210704
10800,8700,OK,494,494,,12.497779,5.925501178344387,0.47159936258506124,5.622422178920376,8.182029169550002,0.01650756676877067,11.483366404896971,5.140527769128354,0.7675673968833459,0.49817353130528863,4.897463448875355,1.2570627,1.3118932,1.0064539,-30.31897425926618,-46.63793234123138,-2.678905311414225,0.18530543906868377,-0.6648049265295466,0.6830662864833033,-0.23899111318941665
10800,8550,OK,456,456,,11.591618,10.087692911985776,1.0946100736569726,5.6407196995721645,11.609368554276365,0.026150102700863695,15.839726740621593,4.716258731652128,0.8686957335279506,0.1921340262270363,4.429901709588159,1.9304858,1.8273243,1.103657,-33.71534301538112,-48.969045674560306,-3.456513759344965,0.18611192900839268,-0.6646803276693846,0.6808000547950591,-0.24509936205779664
10800,8500,OK,353,353,,13.392248,9.590268326212914,0.6063381950720401,3.769486126839583,10.322301983375702,0.04739219649384793,17.056936392720935,2.9213499115349046,0.7098749464823562,0.23866346817644823,2.7678192878960104,1.3369358,1.192159,0.8116261,-32.29628690922711,-50.20154195737547,-2.769319111698332,-0.1860298967352564,0.6729772700186092,-0.671999714236724,0.24680124721064742
10800,8750,OK,353,353,,23.575262,5.03109075416546,2.553134816405045,0.6203357317844063,5.675842491429558,0.1671326229470804,9.806469187082063,9.469147511618619,1.3697547086322386,0.720470335221282,8.749182631286814,2.3382857,2.6447973,2.0200012,-27.009108845884914,-50.33785774027111,0.5467846898137894,-0.16747333019616478,0.6878970884896335,-0.641418711454358,0.2955204153975198
10800,8450,OK,348,348,,23.021156,4.059778134676614,0.2732086108144187,3.6364576231886323,5.457129785250502,0.13598733451167566,18.214984677661207,2.8733485212028644,0.36132030351574,0.20832553478130858,2.776462278833673,1.6592522,1.2561159,1.011852,-26.87215471739004,-48.6489147594238,-1.6983723041957908,-0.15504550433247502,0.696989486789011,-0.6734620586615297,0.19135151537224343
10800,8400,OK,336,336,,14.842741,9.18025720886714,0.8683782448263238,1.5988368107349218,9.35881842672491,0.11434671714771993,19.233459631169943,2.763808919351501,0.49872034177564306,0.17223936359138003,2.6630006742916716,1.3986945,1.2757648,0.8850196,-30.25138085622081,-52.72407156695483,-2.5984610113573923,-0.1422492837889935,0.685828353273374,-0.6808766715266267,0.21403637372809478
10800,8350,OK,268,268,,13.390027,9.654173049591778,1.3316285706060864,1.3424082361171026,9.837598883564711,0.15309040449124764,20.495048212945196,3.413639366355971,0.7017957542164376,0.24220815207860902,3.2565747616661174,1.6407185,1.6587756,1.1092356,-30.07692785228062,-53.60574882646695,-2.864641321967698,0.120979253002247,-0.6802048848884588,0.6933490614978005,-0.20482288406576074
10800,8250,OK,230,230,,14.306532,9.319864511303184,1.1553922760267425,3.0245111127773483,9.866228929629825,0.28088329225701986,22.449415957272237,3.1585157762726404,0.5140310338104854,0.22387525046066903,2.991099803391963,1.5316772,1.4867711,0.9770966,-28.801948141475297,-53.17336645666232,-2.0808146543259554,-0.08070161277288813,0.7112224339041932,-0.6794106538462588,0.1614034158481462
10850,8650,OK,496,496,,13.217325,10.87999332915765,0.794492758809783,4.771264290832618,11.906739121996862,0.3218087807223174,14.555225211081405,5.106620261663006,1.0279384115976016,0.5198950378857015,4.844945108308394,1.6317792,1.6155537,1.1850483,-32.37391246898661,-50.15677608694243,-1.064311473128779,-0.2179353966694173,0.7002673820325565,-0.6061870279008186,0.3076800996889233
10850,8600,OK,473,473,,24.843126,1.4112099597132985,0.6652178564033671,3.5300062623224915,3.8594005439845067,0.040306441585299585,15.840844693415288,2.869487902740377,0.5186158194948682,0.3566316769767415,2.740328286937886,2.2400105,2.0192404,1.5711986,-23.766583633617095,-47.349617746149015,-1.9000097434757734,0.15098117731738597,-0.6775675444191632,0.6970974429817632,-0.17933784272687342
10850,8550,OK,452,452,,10.4331875,10.50175891627618,1.720377267909421,5.910318975710627,12.172859510984708,0.038357483512862535,17.03429553465853,4.891300145875071,0.8535649972078618,0.1802369089588075,4.636378110220311,1.7832676,1.7456266,1.0805836,-32.94519835308424,-49.17148851228898,-3.24420919649335,0.16563127480414525,-0.6779905630644711,0.6871448037899054,-0.20180955335862438
10850,8700,OK,430,430,,12.33429,6.217311583344289,1.1056769578945547,6.299093843511259,8.919420839324014,0.031868228654024285,13.07834677877146,4.935232534808769,0.7232265531231604,0.47401602221700745,4.763348327729405,1.0861933,1.1632603,0.93336,-29.36236532447344,-46.91574650833261,-2.6541893860782184,0.1541787417159301,-0.6768487734701588,0.6956932212839437,-0.18470407498050445
10850,8750,OK,390,390,,23.358068,5.034606103038003,3.1547062797760104,1.3314592252829511,6.0886955904361635,0.22235269171111618,11.496056903169361,9.36652278456725,1.3120707489444334,0.7201802648242311,8.693743724653453,2.116658,2.4640357,1.9264001,-26.203873869756418,-50.91472425649002,1.534714499127711,-0.14255726879536162,0.7174527585147943,-0.6303534211006061,0.2599875553173288
10850,8500,OK,271,271,,14.66955,8.616646603643213,1.3764309521344265,3.863950980644985,9.543127267248256,0.07080893614727722,18.09719053178699,3.1445127067868652,0.6893072688509507,0.2258413453509469,2.9492880306780336,1.194163,1.107629,0.7780498,-30.229132492497328,-50.427284637009734,-2.5128477846109254,-0.14107937380956895,0.6902496513510636,-0.6833150844295313,0.19165731002572675
10850,8800,OK,219,219,,11.6375475,6.427543126530178,1.3217342510112806,5.531503581944289,8.582413643653176,0.21926412562647388,9.805386673302197,5.253905371670013,1.3953609878248527,0.5703922943197637,4.848650259530244,1.3547671,1.3147036,1.0018417,-28.952790181342845,-47.379429351364315,-2.9128969009023638,0.2563014979774155,-0.634950135061064,0.6883716076986296,-0.23935830429478197
10850,8450,OK,209,209,,23.045612,6.718356844227985,0.01177525821911063,1.8520440283330815,6.968968677356454,0.07797175496520055,19.10120053171261,2.6252462207604115,0.2829893396004844,0.20353433315965497,2.504571812071731,1.5064995,1.1832597,1.0148917,-27.75593305555235,-50.54487202904277,-1.7144857885559976,-0.19229922514152023,0.6918077955719724,-0.6689224729437591,0.1922646800289256
10850,8350,OK,204,204,,12.381996,13.232974427132039,1.4852185919229406,1.5172440867955124,13.402220565034737,0.17202000752145932,21.05130621593052,3.5895718343548917,0.6914659267166858,0.22367891208870494,3.42593290412015,1.4876188,1.5518863,1.1044123,-32.09379496976357,-55.733305526705365,-2.9510967740030187,0.22661477385103534,-0.6551091093692718,0.6780222884750275,-0.24446589828630474
10850,8400,FAILED,195,195,,,,,,,,,,,,,,,,,,,,,,
10900,8650,OK,471,471,,13.831083,6.545968051722066,0.5952181525104102,7.199733134425514,9.748853244879037,0.04133101783552105,15.928380326561781,5.143188208181336,1.0183043028964525,0.5276878127249613,4.845744025276506,1.5836123,1.577101,1.1765542,-28.92275621652791,-48.455588147373284,-2.6220144295162617,0.14143516340189619,-0.6712710098225264,0.6968177579065411,-0.20937129266311957
10900,8600,OK,461,461,,25.650854,1.9195899911077152,0.2964350403827518,4.3712003593345345,4.78331391909145,0.03498732048405518,17.05678492123459,2.7975170545329155,0.4844823444313867,0.34173490791863254,2.6725034771094753,2.1501212,1.965251,1.5465834,-23.50631874042751,-48.69268976728062,-1.8266782020251282,0.14580898702325124,-0.6674531582750669,0.7000945711309363,-0.20763817636668433
10900,8700,OK,418,418,,13.343929,6.752961803682435,0.40096110876453084,7.67720447776932,10.232435268606242,0.015740418033658832,14.59079617981261,4.754031214692355,0.7181008823695704,0.464466565696085,4.5792470664796046,1.0402412,1.1172904,0.9206797,-29.33553354264154,-47.86439178176802,-2.5841953119744874,0.16632967787940842,-0.6637103128649857,0.6964811080265969,-0.2161877078264138
10900,8550,OK,403,403,,11.696114,9.711112944322174,0.8207333809364221,7.577369021402141,12.344870966780894,0.05485577587118402,18.090295103204138,4.888270443739676,0.8661000746977813,0.18365481282027485,4.652098769004473,1.7440463,1.7103906,1.0717192,-31.713351218042106,-49.83252377764018,-3.096206012374766,0.13834530401092077,-0.6751190330260057,0.6954770272661092,-0.20343690090357916
10900,8500,OK,326,326,,14.613428,11.009227436967272,0.4473796368747629,5.623854287621391,12.370568877248964,0.07564100939292599,18.98214781851655,3.1931908958678084,0.6942890038092313,0.22450989277785793,2.9896623162355875,1.1492782,1.0719033,0.76035,-32.00853231879327,-51.44267445450256,-2.7425314586370337,0.18041575820663455,-0.6704130513689265,0.6776526868433677,-0.24245273922745225
10900,8750,OK,295,295,,25.109913,5.835067171534404,4.690280294208824,2.1143323599112893,7.779276281424266,0.2592144936132015,13.12333810162303,8.66974965193426,1.2838222128534502,0.7018386385202322,8.056745453256584,1.9846325,2.323974,1.8915882,-26.05264552258196,-52.667694414079904,2.2430814056927173,-0.14096202022391305,0.7149242711179714,-0.614158266113691,0.30302247372935087
10900,8450,OK,251,251,,23.231058,4.787110531560904,0.44198606140158536,3.441135247766598,5.912122352698419,0.10037315263535973,19.816111061406886,2.5845246013085905,0.30698097636802174,0.20289004699003427,2.4773198151414486,1.5085477,1.1658264,0.9500658,-25.1979096979448,-51.650840956376356,-1.699085700806765,-0.14353229922766056,0.6920990611834912,-0.6837558282967745,0.18131556981556501
10900,8400,OK,243,243,,15.67966,11.098764331219035,0.6877097447345869,1.7115634283270165,11.250998344241696,0.08546519005200816,20.484074196388626,2.791098034221546,0.505533369739574,0.16562926541205406,2.682324164271945,1.1842808,1.122636,0.81506354,-30.13275161598012,-54.628083458719075,-2.535114767150099,0.17431849001312635,-0.6711294000926538,0.6752431561777865,-0.25148573002434843
10900,8250,FAILED,179,179,,,,,,,,,,,,,,,,,,,,,,
10900,8350,FAILED,170,170,,,,,,,,,,,,,,,,,,,,,,
10950,8650,OK,407,407,,14.705193,6.574971330029411,0.8447750822150935,9.700903211079906,11.74952833270258,0.05436888551186129,17.60506287699505,5.110069232633462,1.0048762249300869,0.5132859317920377,4.847198959162103,1.6556201,1.606933,1.2065623,-29.168113724784963,-48.813480380435244,-3.0362001782357346,0.1567560836211821,-0.6464185657868046,0.7030583478251469,-0.25155422399008615
10950,8600,OK,390,390,,27.644424,2.5809892547098414,0.4924016549784826,6.87537443235195,7.360349075131702,0.026066262070931427,18.6163212442465,2.995914288786615,0.538558422892568,0.3781477517589246,2.8394421616274146,2.2243178,1.9856042,1.5706471,-24.330114743087023,-48.68644751085483,-2.07117414379341,0.16747609462455637,-0.6548816278115898,0.6899833647781046,-0.25885279139625667
10950,8550,OK,351,351,,12.241797,10.593758947942323,0.7023888547989136,9.838408793054787,14.47464563744866,0.04386522815285275,19.524537041373815,4.726485367357329,0.8733297124030477,0.19042414980236505,4.463214198317171,1.8306096,1.7351468,1.1094252,-32.46615802798661,-50.93134124563896,-3.2477966129692994,0.15843570214851338,-0.651624288797652,0.6931068942721459,-0.2643610176370223
10950,8700,OK,327,327,,14.593047,5.171770687395768,0.291619370353082,9.982776371853321,11.246691868749858,0.059535610208820866,16.36668609877966,4.775941944070955,0.7243227832571473,0.4764816420400829,4.616020762457758,1.0810485,1.1576523,0.96247745,-28.274780074609108,-47.79631692764315,-2.535791063711837,0.15792044391648552,-0.6562784607582941,0.6974151955783827,-0.24077325498134236
10950,8450,OK,292,292,,25.301676,2.4244222969761804,0.3431848714268211,6.566508469319972,7.008183274408742,0.17264046039138806,20.96787168330977,2.7343132413732287,0.3296844037600825,0.18948516426650383,2.6238103252683453,1.5591822,1.1982685,0.9719945,-23.360089371507186,-51.06186856800148,-1.2310377353727422,-0.12684048306190882,0.6951789172691764,-0.675630176056735,0.2101466869656112
10950,8500,OK,260,260,,15.242896,7.596515822312206,0.8579945162287412,7.986226527322122,11.055452110801342,0.15468008408184558,20.277482980252028,3.0236174184438047,0.6878199883924605,0.230983201022246,2.853808073028233,1.1996213,1.0810672,0.7382098,-28.81902891997032,-51.766759477945634,-2.38851258222115,0.10772989005066497,-0.674897276530203,0.6875475942096809,-0.24532884587481013
10950,8400,OK,253,253,,16.452333,8.570599032000377,0.4799421000976243,6.467505362993752,10.747750360290514,0.14263271040246261,21.477455970029116,2.83013541170766,0.48677802232460754,0.16024615536742554,2.719834623684296,1.2224073,1.1468637,0.8092502,-28.45913494047209,-53.75071333145887,-2.2839913499874163,0.12349615499643384,-0.6806038229561934,0.6852729340141911,-0.22787747099284206
10950,8750,OK,222,222,,26.104286,6.298008777626872,4.1691536604367885,3.4215431806681647,8.291785968328863,0.27079985756096736,14.976884870205026,8.983305200448598,1.2410698152972777,0.6763927990703054,8.305833235101852,2.0384681,2.3717542,1.97046,-25.559192983811254,-53.532901681959125,1.7428847148888975,-0.1549801544697468,0.6848776159189058,-0.6133928582932315,0.3614872118465999
10950,8350,FAILED,198,198,,,,,,,,,,,,,,,,,,,,,,
10950,8250,FAILED,143,143,,,,,,,,,,,,,,,,,,,,,,
14000,29400,OK,310,310,,4.745856,0.1588677016617424,0.36502761853850174,3.884857851604716,3.905202252905985,0.07182722243122093,14.01566463215326,1.5856346381459114,0.37726045144114484,0.22612886895402462,1.5134192586186765,1.1210675,1.1221143,0.810469,45.24689037103071,-75.7046766900648,22.337404690003126,-0.5599142380160594,0.17716349163094242,-0.38541796346267265,0.7117317870801574
14000,29350,OK,214,214,,5.2008467,0.630183803628223,1.7437255089121835,10.558426762798474,10.71998535363577,2.0691993486038855,15.628559368087886,1.1593445850862614,0.2046839998408746,0.13311748072377216,1.113108534456754,1.1767837,1.1832737,0.853781,58.12953111640363,-69.80789094967685,25.102656640478997,0.6245033751921175,0.397619142249849,-0.3647295799030785,-0.5646829957010143
14000,29450,OK,211,211,,5.6741943,1.317171551613377,1.426920569743415,11.916471892875526,12.073663304168662,2.4108832538762432,12.66996570928956,0.4696842214752793,0.08833824063935158,0.048024911048604735,0.4497204986019918,1.3198658,1.2706572,0.9475688,51.93088012888739,-68.34346028031504,24.21755462745333,0.521624251130755,0.5566775429809568,-0.4127997644941752,-0.49760889080332704
14000,29200,OK,275,275,,5.7972174,2.850766994025115,0.7849244757227981,12.176646350212252,12.530510573194896,2.3544931575903765,19.63198706392199,0.557301197151184,0.1238153396225743,0.06553740792612994,0.529392711133104,1.0826313,0.9830264,0.79937994,64.04135338420636,-65.97222673287018,29.474219088216465,0.6430685800417926,0.5059190291434298,-0.3950082994245223,-0.4177046572631776
14000,29250,OK,319,319,,4.9411664,2.2933570659008162,1.240331340959756,10.453398031279127,10.773645569974658,2.260043247600948,18.351941826250975,0.5313947448650184,0.13775268210611036,0.057450777017750865,0.5093507829191102,1.0494847,0.91325384,0.83355576,63.54929224529921,-67.4544815125572,27.86212489984593,0.6501067173860863,0.4447655520190339,-0.40625249399701563,-0.46314551802635
14000,29150,OK,263,263,,7.061788,3.4413533105621408,1.273033847413974,7.805075536482459,8.624542417715595,2.2628020512551483,20.782578016541432,0.8346015058636471,0.12186993707998561,0.08046497528925933,0.803153842330282,1.3987293,1.1703738,1.0298549,70.68938285846684,-67.29008971797393,29.679566232386808,0.5891421908862103,0.49877966407771823,-0.3816690418890512,-0.5083886978324834
14000,29300,OK,223,223,,5.5435996,1.9737944007465558,0.383596842528343,13.66802493241521,13.815133601494413,2.441110391026824,17.01304417541007,0.9727905526536298,0.16685263968235642,0.10953875721122042,0.9414379429366972,1.0248362,0.8555637,0.77627397,57.56164583757518,-66.07863044564067,27.63891690646853,0.6509391486015252,0.535747148748041,-0.39629167840853113,-0.36360159935073905
14000,28400,FAILED,145,145,,,,,,,,,,,,,,,,,,,,,,
14000,28550,FAILED,134,134,,,,,,,,,,,,,,,,,,,,,,
14000,28450,FAILED,176,176,,,,,,,,,,,,,,,,,,,,,,
14050,29400,OK,293,293,,4.268908,2.1565813458027883,0.6076317728623942,12.957928247879048,13.15020775309798,2.3947337658617367,12.148188325491187,1.5314707536007657,0.43087848724341893,0.2412122885279615,1.4413540578140047,1.2296016,1.2469103,0.89576113,51.235805623170684,-68.58091486940816,24.16151973687448,0.5533757062261101,0.5388667335569195,-0.4686432526325731,-0.42868575085534616
14050,29250,OK,362,362,,4.877242,3.2489728555078408,0.3943552216665821,9.84567771434109,10.37538964624246,2.2218223933426424,16.482351959274542,0.7439868528795057,0.15264963565490125,0.061659665689714205,0.7167092418268686,1.1105407,0.9416507,0.83214223,62.022805302417865,-67.7346498308747,27.551687369207876,0.6495394179652229,0.4557922798857251,-0.4351973741133944,-0.4253882787181363
14050,29200,OK,309,309,,5.009883,4.116349227288749,0.6897088224704627,10.503681335168913,11.302537361653359,2.347520316107931,17.767586720535174,0.6412424805412985,0.13222546663480772,0.08273310087682495,0.6180651557469847,1.1576116,1.0326592,0.8628303,63.94791041239594,-66.0497343359185,27.311588265112476,0.5511327743819351,0.5321783200142324,-0.45593573361535766,-0.45294757701253463
14050,29350,OK,235,235,,5.0778217,1.0004834370585296,0.423136562785422,10.528292155344262,10.584183830928007,1.89644835894655,13.754085482066646,1.333638688386625,0.22236846150683665,0.17815812390232344,1.2786004131058366,1.3371646,1.3231195,0.93907976,55.57626200468008,-70.48469463913143,26.121829552457875,0.7195054318899581,0.3776294108615321,-0.31920400484586503,-0.48766460279948354
14050,29150,OK,277,277,,6.2753572,4.844200273992827,0.678215728539703,8.223922058261833,9.56865439282642,2.399565150581602,18.92351475583077,0.8874593046411153,0.12617302178572176,0.0846761257392511,0.8497057468644273,1.4887683,1.2296512,1.0697169,67.26600035101157,-65.08506766514755,31.73891460050268,0.656993120423444,0.5217878404823451,-0.4369177012638758,-0.3243461292559654
14050,29300,OK,209,209,,5.4213333,3.258419099793299,0.5114916279985948,12.90512357871955,13.31995245102,2.399104956520967,15.140755275203947,1.1294947890473757,0.16419224663296417,0.1203373451395614,1.0852301328106937,1.0692837,0.86502373,0.7701816,56.38995404265665,-66.51777481350267,27.05380204217441,0.6663029884066168,0.5236110673520357,-0.42836626500822506,-0.31364649016014334
14050,28450,OK,217,217,,24.019802,15.695150698397978,6.839536749915503,9.443705688961222,19.552508676346005,0.38998452546963747,12.540812492889648,4.13323798151556,0.9798375331730582,0.5939168085247675,3.805433538549792,0.97120607,1.1720052,0.9211844,49.43464150039709,-95.10307483961616,28.2100499700697,-0.6390615110994057,0.08734458434277877,-0.1922377225770612,0.7396052775877929
14050,29450,FAILED,183,183,,,,,,,,,,,,,,,,,,,,,,
14050,28400,FAILED,178,178,,,,,,,,,,,,,,,,,,,,,,
14050,29100,OK,242,242,,6.351426,5.973068620530488,1.067137526561137,13.098948986199595,14.436024237622366,2.5471707392546836,20.275194398197243,3.6663828968704424,0.9604282828443509,0.43938648120724977,3.4164013964155684,2.5453296,2.3292186,1.5240875,64.3684884337417,-63.625522420686224,31.004026351158753,0.6134324614142804,0.5843485700625939,-0.44914039373042053,-0.28374331828027644
14100,29200,OK,283,283,,5.291618,3.6803865935622073,0.315317035775264,9.383545491144808,10.084423448839631,2.25182834100322,16.31018910718816,0.5998029319265735,0.12277041300416802,0.0774365003175479,0.5611552578139323,1.1439286,1.0119811,0.8486033,63.35199887790778,-66.74773891872024,29.21114184012624,0.6373574837086002,0.5283880199038448,-0.37142100307298065,-0.4202713133905244
14100,29100,OK,323,323,,6.024339,2.1802547973362154,4.006281259887795,2.648745877124515,5.2744341152601235,1.8727128497513754,18.825470859954216,3.4237348634229123,0.9069383243088214,0.4222387758040874,3.1542099307138307,2.5911355,2.4037082,1.557493,60.71087624260103,-74.73812152415162,41.25245108638575,0.7976846429748929,0.5099551923280411,0.004665631419093483,-0.3219054893336694
14100,29250,OK,365,365,,4.595107,3.2377891562143395,0.4813290197754674,10.305857601645876,10.813216780901937,2.287415513561852,15.022566464382466,0.6974109539938952,0.14781412390329185,0.054147700065030224,0.6728288337140578,1.0883957,0.9241504,0.83620185,60.022873188861865,-66.55036166176119,28.225479918623144,0.6692909052954656,0.5093485499249131,-0.38950603847771437,-0.3753648688510441
14100,29150,OK,247,247,,6.1838326,3.751860761587018,1.4913610575017107,7.8724642529361475,8.84739003276822,2.2636714191099556,17.468377957183986,0.7893384680130695,0.11026075249606282,0.08575577751857577,0.7581676644781634,1.4463997,1.1896831,1.0622773,67.22123376946963,-66.07029758310655,25.3362667112331,-0.4424875770494934,-0.5419585471850225,0.4012758282580451,0.5911542835383911
14100,28650,OK,255,255,,29.593145,9.154509307419781,3.952346278188931,2.671642524264392,10.322972224112933,0.12766944839765462,11.569616548819004,7.200361208962749,1.7622961964982062,0.7077102185542536,6.388766676265078,1.3594171,1.2905042,1.0430828,51.362455208652875,-80.91489080185706,27.901777146385378,-0.6051807954471002,0.17196292361440496,-0.30665157143590616,0.7142476961530156
14100,28400,OK,205,205,,33.741394,3.177719664896104,1.892563338337423,2.7724655187634815,4.622365553590365,0.12511367208158738,13.998728354964767,2.1095811143494076,0.5450218738084309,0.26421128875612343,2.0126944716001063,1.1386609,1.3506597,1.1476111,44.78904565420772,-79.21594723490243,24.21680965994491,-0.5350797618835593,0.2281748557168384,-0.38487594942326664,0.7165866222563555
14100,29400,FAILED,168,168,,,,,,,,,,,,,,,,,,,,,,
14100,28450,OK,218,218,,23.421844,14.40490695606719,5.909217452419671,7.375915975560979,17.228590534093897,0.2759039433481276,12.609126914742623,4.115327417518156,0.9908483245281099,0.5999224169777084,3.7930052580222293,0.9793439,1.1829791,0.9412909,48.681691230199185,-91.56075057777298,28.278563939357134,-0.63580199264059,0.12187151271095616,-0.2570041008168973,0.7175319175528685
14100,29300,OK,282,282,,5.0113354,2.7738349542413747,0.2757385217181564,12.09217344618918,12.40930500626257,2.3143399319160203,13.679773816182946,1.2160294502884703,0.1899333308239024,0.11478390739054511,1.1639971987461468,1.0645908,0.86016023,0.78141105,56.18205761016555,-66.74758569173943,26.344086177460767,0.645836905929257,0.5170816647324928,-0.4063203451277035,-0.38784664504479327
14100,28000,FAILED,141,141,,,,,,,,,,,,,,,,,,,,,,
14150,29100,OK,322,322,,5.739843,4.786694640640737,3.3935888184642122,1.8574155946950341,6.154582304507787,2.3928460057188494,17.605051265098158,3.279090321157441,0.8412575431175155,0.3917823198878839,3.057304683708776,2.4799218,2.324148,1.516419,69.90749134665168,-63.854913035004515,43.37743686521009,0.7667972528315156,0.5362511298291496,-0.29943157383545227,-0.18654069635718978
14150,28650,OK,375,375,,27.71743,4.671150449147528,1.6791117507203612,1.817568319189796,5.286077693801025,0.06477415658351522,10.943820981039083,6.863446338729949,1.7935313088736853,0.7228742139791771,6.140723029957565,1.3674729,1.2975386,1.0538708,46.54610196199449,-79.5770375706167,24.32797192263569,-0.5723932143098742,0.20009780730512516,-0.32612029387242003,0.7252395670730175
14150,29150,OK,284,284,,5.5273037,4.001597589311914,0.6508673869501694,5.290731157648111,6.665451807994023,2.223256607015465,16.241640672309895,0.8178635083266903,0.11190704401601459,0.07697911787978906,0.7874447473945292,1.3605367,1.1452425,1.0091254,67.60313969706918,-67.46101544162076,31.81167103592466,0.6542025671492786,0.529166693836247,-0.3502376775626982,-0.4115035607199487
14150,28700,OK,312,312,,44.23586,2.1326500603053153,0.14394638159702744,1.6092808610661615,2.6755750279685655,0.0650886602334335,11.731521597638624,2.480232264011359,0.5638273282611208,0.2902215089948257,2.311516531892316,1.8598878,1.783376,1.655473,47.59195648890063,-75.18513602934163,23.16951507326094,-0.5684323252906539,0.19670159279887833,-0.32912641979636414,0.7279209948525127
14150,28750,OK,330,330,,24.188313,4.1306335355425,0.18822800676718066,2.519802185483126,4.8422067532732855,0.07520829323279939,12.763349835956967,3.1796223038287454,0.741325821272137,0.45368410044999496,3.0438892940807705,1.0998763,1.1518683,0.93271446,49.790342992050554,-75.69142741731798,23.57846028702729,-0.5497012989947471,0.19563132851022677,-0.3543912561888205,0.7307282003082414
14150,29200,OK,271,271,,4.850595,3.446024092611719,0.5172124655162144,10.141668825423988,10.723620533472944,2.2436863888823297,15.08076539651247,0.5409435705166958,0.11083224169934014,0.06964668659748863,0.5098334798986466,1.0788836,0.95691204,0.8038431,61.34542300496142,-66.7338114574428,28.802169073846674,0.6768831951686146,0.49661150278092875,-0.38174687208319463,-0.3866205905777548
14150,28800,OK,369,369,,23.871885,4.3802419354300035,0.3574243261314334,4.443840359409218,6.249959096004096,0.06062644504360691,13.910522785657504,3.766619368533498,0.7958512445998309,0.49858271451619673,3.5926503287725424,1.0209064,1.1150955,0.8803954,51.249691576623306,-74.76755332838168,24.188869055568514,-0.5578913823535018,0.18622168128627706,-0.3559346453835512,0.7262156836163048
14150,28900,OK,321,321,,17.942915,6.354247079561972,0.19678735386701907,7.794926245919864,10.058630940147578,0.14722515668600455,16.482518590030676,3.749161766415167,0.8523290311444967,0.43185460507699336,3.5869806415511167,0.8327361,1.0407306,0.77613705,55.4055522557208,-74.38501061460322,24.600266269684695,-0.5607595512976812,0.1493024000878571,-0.3187583481337783,0.749433542384816
14150,29250,OK,303,303,,4.527551,2.3304093029484982,0.30139578945986734,9.915984446521367,10.190603244402498,2.0686363887705452,13.789984975317925,0.4697674279310194,0.11092556162576162,0.0459563778935384,0.448650549411574,1.0461509,0.89880604,0.8447388,59.25246269942758,-68.36029637741483,26.83412810140151,0.6921742448452033,0.4038694648471011,-0.3841815708380117,-0.45846351083322495
14150,28500,OK,253,253,,30.340042,5.736485763671886,2.1726632039757647,4.259791911668749,7.46816988595191,0.05129975829698967,11.517691599974562,3.5575280611752786,0.902862814512609,0.4019939229100519,3.373821011629336,1.1225966,1.242699,0.98890173,45.65893065096904,-81.99907704912042,24.05018988911696,-0.5708756548173849,0.1751717188746109,-0.3557504568136918,0.7189279992601387
14200,28650,OK,468,468,,28.405483,3.4345990266220996,0.3684674051596448,2.594558722996224,4.320182133824262,0.058096736903949585,10.415280444496021,6.976803590439106,1.7156790207708652,0.7075221018721483,6.199557698840295,1.2872651,1.235048,1.0143138,46.348193908619336,-77.7901122315909,23.102600788868553,-0.5560228238599332,0.21634519571825808,-0.37223865292577907,0.7109653725073083
14200,28750,OK,359,359,,24.20676,4.0847921174638095,0.5180674834803765,3.4143475287614704,5.348989587529005,0.0910431758695375,11.874034570910496,3.1760006772483673,0.7356603949481575,0.4537603362614475,3.0250080372387718,1.062278,1.1249919,0.9081461,50.983591512080835,-74.40488846716555,24.97944721186985,-0.5468313556560397,0.22702624967800364,-0.3624805767661413,0.7197516112491892
14200,28700,OK,410,410,,44.904762,2.1556959407412606,1.5213368211476186,0.6279378288913611,2.712157191104654,0.08968719922633908,10.99660096738786,2.1923234369674485,0.4692729373857425,0.2714556561023187,2.073433334181054,1.7740539,1.7160716,1.5855408,44.97671645006704,-71.50048071251877,21.346169792797237,-0.5443269975964741,0.23253347800352392,-0.38189479553169764,0.7097835349182139
14200,28800,OK,423,423,,24.402199,3.1353598150553585,0.5521340681443121,4.281549549323043,5.335447473490665,0.10206882754675291,12.902793994138653,3.7875470763982513,0.7985186129662356,0.5065779262975316,3.590372142141625,0.9827173,1.0829726,0.8570159,51.58363092959223,-72.8273569945855,23.704352795747866,-0.536530543611143,0.21552726688932852,-0.3871087169805314,0.7182129309872067
14200,28850,OK,459,459,,33.885475,4.787920064529086,1.6043883087284256,1.5617397628714134,5.285572010335147,0.09819380861248844,13.986291140525672,0.9703428680354571,0.1876956617598684,0.15320989884384995,0.8944521675853885,1.509282,1.4824456,1.3502275,49.99900581596106,-77.31747837982512,26.044582292752303,-0.6108594849563076,0.19004484158987703,-0.3422997086648238,0.6881602700475884
14200,28500,OK,302,302,,28.513035,2.506303572399222,1.0222420138016481,5.175887639952201,5.840920235135241,0.10678619322253313,11.737317518290764,3.644518646673485,0.9039787850662172,0.4077705742761826,3.4570421600817847,1.0841236,1.2196091,0.96785635,44.25020094786636,-78.40206583719355,23.082608821479944,-0.5399378291450776,0.22523182759862007,-0.4052143244921247,0.702523391582855
14200,28550,OK,278,278,,48.187935,3.9872941590950335,5.06809215992807,2.72955238157732,7.0024659268326435,0.15304175888425084,10.710357042001453,1.3385370426398122,0.3052865715170814,0.20428373498709756,1.2589486935819938,1.794319,1.7106348,1.6996608,48.9473757134714,-75.4538118825678,29.543187462871966,-0.5907684486149027,0.2487279483303642,-0.3083752308731471,0.7028739323836403
14200,28600,OK,330,330,,30.914581,0.12191726794299562,0.06584111203882381,4.418215389389685,4.420387550803327,0.10441161916401377,10.336872015537406,2.473637604670051,0.6152226106560093,0.27663297069556086,2.360010651993557,1.2087904,1.2404213,1.0895655,43.461054854507395,-75.70659520578971,21.834819604886764,-0.538485036748921,0.22952120259677367,-0.396487051332885,0.7072141831732436
14200,29200,OK,323,323,,4.9305544,3.604403182874993,0.06453476006279069,11.039395707952696,11.613102283056847,2.376378286257088,13.722867345560632,0.49973994362251795,0.09919036843225248,0.06058767853478042,0.47541735317216816,1.0417458,0.9375355,0.8080576,59.662677848416585,-65.44758049154748,27.148222482140334,0.6232457492528289,0.5140733847909887,-0.42872187976677045,-0.40434000655025765
14200,29100,OK,324,324,,5.6468163,3.9970666990670414,1.9215404883423672,1.3761373203049168,4.643556177055007,2.1295728482428213,16.260241267612557,3.133349377641525,0.7890579561973572,0.3647658378091161,2.93376970805387,2.258339,2.1657116,1.4499663,69.50157403127346,-69.22479789805165,37.45913618817693,0.7528357020578088,0.4863038090311919,-0.2613779131236685,-0.3583693591254644
14250,28650,OK,585,585,,27.805273,5.135596763561905,0.6896521875829924,2.0952573166905055,5.589282376199168,0.05417802768074427,9.999335329114782,6.939057949827082,1.7526029685928997,0.7226483544698807,6.143578662788321,1.319796,1.2614384,1.0193969,48.31299165912215,-78.27427463440999,24.397665613898607,-0.5625935938696806,0.21052107216084595,-0.39823361062128354,0.6932382834816472
14250,28750,OK,439,439,,22.572857,4.026344260189856,0.35984763321850677,2.723096546438687,4.874032542148551,0.08012042500508376,10.966688989326808,3.2236399046385746,0.7804022109882855,0.46684351150645886,3.054021490302252,1.0782783,1.1302907,0.8963588,51.51204174325471,-74.19396200765769,25.19288342177531,-0.5428236478568643,0.23050048452291375,-0.40884936343487105,0.6964583347056517
14250,28800,OK,474,474,,22.326508,2.6385713281759537,1.0367527295635401,4.5860530633097865,5.3915487177269155,0.13678502054040642,11.82860297673315,3.7265123084212783,0.8023641509985797,0.4910715070814269,3.5474055744277635,1.0199732,1.1190944,0.8655263,52.87229016515541,-71.54311233202901,24.063051444335947,-0.5156256285051084,0.23264934355893788,-0.42555072089491686,0.7063363774549092
14250,28850,OK,471,471,,32.724075,1.4798331201245754,0.025209007473441902,2.863456000865434,3.2233401660959857,0.034630137167284025,12.777793178389818,1.136699583647551,0.21498422875637435,0.16999648523693855,1.0560221330826094,1.5380329,1.5050687,1.336254,50.15739476142359,-72.23509110721379,24.565008863487556,-0.5682075313226972,0.22909933599788102,-0.40426859105172674,0.6791322418222742
14250,28550,OK,373,373,,46.80434,0.45960103121450935,0.689632798518014,1.5522632490386326,1.7596441967060272,0.0821580944725444,10.898501576285442,1.4425279578495172,0.3508019221337193,0.2110756757641783,1.360090070863205,1.8563659,1.7628484,1.7515643,48.851962264086126,-71.13437973299038,23.730523338292265,-0.5422680050685034,0.24014863489223154,-0.42180139304214936,0.6858262379539919
14250,28700,OK,445,445,,43.68799,1.6270945008907436,1.1362115954298968,0.1523976534596052,1.9903864823692516,0.0538597609917307,10.30542152454995,2.167038042791753,0.44580095785999874,0.2756867096342237,2.0414105607830617,1.8229127,1.7539303,1.5959964,48.69718675221283,-74.00181733604437,22.548199826827666,-0.5563541324189175,0.20690975667402434,-0.4090239882475784,0.6930785013052523
14250,28600,OK,418,418,,30.281507,4.295945498449015,0.019214046177771227,1.1022586237612015,4.435142723619029,0.07556295267207737,10.214488046226865,2.4888747140111116,0.6275799695843736,0.289937458645541,2.411249191179248,1.2226285,1.2512944,1.0802952,49.00454736678329,-76.89633957961072,23.778856621219276,-0.5510497140332742,0.19357885185059934,-0.41984974113651014,0.6946924755945294
14250,28400,OK,283,283,,33.735325,12.003608755848742,4.000375801261008,4.734403837201738,13.50941188240679,0.16223363818026787,15.615505014906002,2.1391139254608675,0.5570376453921511,0.2795709143973344,1.9868401521900871,1.1675899,1.3413243,1.1492733,48.772422478802014,-85.09865827594143,27.903800797021912,-0.6168042915606632,0.17376943861402105,-0.3608287395763194,0.6776129196022468
14250,28900,OK,410,410,,16.5513,5.42796861046073,1.3255554388960702,7.552461197273079,9.394658620410294,0.18201697891557728,14.015698175439773,3.748510047860742,0.8474914211361759,0.42314207328608755,3.534247425933202,0.8228006,1.0407027,0.7523191,56.90526730768121,-72.72320192840975,24.586734432522658,-0.5303461182438405,0.17925518414942393,-0.3789771667298972,0.7368696498815962
14250,28450,OK,367,367,,27.460854,4.978638979629521,0.5188394836244155,4.262171444825323,6.574355171751714,0.08502122371585925,13.810950023951774,4.063739909804484,0.9978082468008429,0.6058172761986707,3.7937420452693376,0.9722778,1.1636592,0.9408572,46.97085689204041,-79.07728727444967,24.012699004552232,-0.5373654824525358,0.2172623362960833,-0.4279520956552295,0.6934640721191101
14300,28650,OK,485,485,,27.123741,4.720058102571807,0.6620341691830776,3.037245228167223,5.651733920563163,0.05885100391393941,9.958989791845408,6.891185931197398,1.7171990048609085,0.7228381385820275,6.1052050237120215,1.328722,1.2706732,1.0115086,48.80715767181824,-77.25202973139315,24.29195619734857,-0.560284337516439,0.19955686176449758,-0.38389504836308636,0.7063165805067682
14300,28500,OK,432,432,,26.039412,2.6061115441981677,0.2912589758681339,4.8210053939296635,5.488054498647551,0.18719298235232198,12.977962654309097,3.477769414184416,0.911175051331998,0.3991549128992864,3.3192705964052758,1.1384963,1.2723305,0.95466214,47.356638785244044,-75.70974263560703,23.682672563920935,-0.4973875395786047,0.23839745019639205,-0.41976613545540636,0.7208111283385088
14300,28750,OK,486,486,,21.68663,4.195688731296854,0.5916927199967932,1.1354479700694506,4.386701072282387,0.09650116966889911,10.28108477465454,3.182668899342897,0.7733310820867314,0.46059093283695174,3.023362304296203,1.0956844,1.1479282,0.8840092,51.52014099489017,-74.03884939504805,25.425116935722926,-0.5452963836630648,0.22430844937906513,-0.37584775197167436,0.7148958251654445
14300,28450,OK,406,406,,26.365414,2.207786846648066,0.9567074694262243,8.36498959030364,8.704175020539076,0.13142067505895896,14.764012798389567,4.090554616748108,0.9947694750555165,0.6013754143132106,3.8069235300103292,0.9709053,1.1749928,0.9068107,44.33193897459722,-77.90380129221309,22.922130479511992,-0.5310071197819357,0.22175854787958052,-0.44171069343710223,0.6882922696693224
14300,28550,OK,390,390,,44.66439,2.5814331173360703,0.0017351085216636974,0.5384583824261577,2.6369940044463505,0.03679672758529134,11.49610295507785,1.5350095122864644,0.3672756048295467,0.2088997665310557,1.4470869555979466,1.8464186,1.7575027,1.7190297,49.412365765537785,-73.94956960633758,24.100547906458043,-0.5675323920530768,0.1994938302646829,-0.3889243023834234,0.6977442817196039
14300,28800,OK,461,461,,20.972288,3.858443954185468,0.48068997443031036,3.0570477590288188,4.9461291531955895,0.05588534800197962,10.897334670722438,3.700089804740316,0.7893211343661424,0.49014057459733973,3.5112693896641307,1.0252409,1.1149328,0.8608001,52.88778228962982,-72.66435914862166,25.516785582947776,-0.5537728023267424,0.20867669871646044,-0.3935250423891926,0.7035110232459547
14300,28700,OK,472,472,,40.579926,1.649477783446435,0.6894272782531989,1.1958414049118153,2.150842531610448,0.05469156415485667,9.919057773993277,2.215752517501673,0.48402340991347614,0.3026519359835076,2.0767174438902405,1.8658978,1.7941605,1.604002,48.72306709021255,-73.72751703149059,22.922130379293854,-0.5628235917002202,0.19502019201677584,-0.38717215172991915,0.7037715923907616
14300,28850,OK,474,474,,31.225899,2.1055938472059585,0.527553213148666,5.920014129494417,6.305426641830718,0.10075912131131205,11.6412638455926,1.1235841729406333,0.19842049542909268,0.1557999593991619,1.049024068097716,1.5334029,1.4926723,1.3187557,54.009137908448324,-69.39216331156452,25.488724919997477,-0.5522942811585391,0.23365154289268056,-0.36689069158318566,0.7111745242435601
14300,28600,OK,401,401,,28.657385,0.8620865769805075,0.3535776287257639,5.583668836083202,5.660880503666549,0.09532082259235654,10.501612302307562,2.5921693361558464,0.6484890525086114,0.28672886841805134,2.478325736299597,1.2402582,1.2779001,1.0621029,45.153077109536355,-75.14299567566047,22.723307563782168,-0.5362857668111288,0.21684529964063393,-0.4157427993460662,0.7018073931866632
14300,28400,OK,290,290,,32.652138,4.224853306248681,0.7108063365111512,5.694352668735749,7.126028587037998,0.1115863867456938,16.673254449064817,2.0988879191163337,0.5601624979127795,0.2716067745831454,1.948973231596364,1.1723065,1.3598174,1.1485587,47.03847476335617,-78.10187528291254,24.538523274625906,-0.5305383364128364,0.23282830081734618,-0.40693221428698806,0.706205514641663
14350,28650,OK,549,549,,24.458004,3.672935745166689,1.14455529710177,3.779958095306144,5.393379925289646,0.08646863761032353,9.968036771167895,6.702580316144736,1.6784765758391293,0.754566903339609,6.0344035024185745,1.3687421,1.305514,1.0222772,48.084150099124166,-75.58189822305316,25.153425395905494,-0.5285717353325367,0.25810299932011477,-0.40794675286399046,0.6982651424618288
14350,28550,OK,511,511,,44.360893,1.108723377946447,0.05184346756043556,3.701450379318892,3.864283916134222,0.11703231651438366,11.992698914842368,1.7190493870529666,0.40866282076270277,0.2540207760716062,1.646566747914055,1.8845851,1.8015214,1.6645567,46.15342249062476,-71.25628353403279,24.306474894247163,-0.5189581987161954,0.2719153715709045,-0.4096790792903206,0.6992191864362233
14350,28500,OK,443,443,,25.212587,3.2417313073126284,0.6278402925952413,7.059171325134093,7.7932602355761444,0.19950222274596874,13.629090916572903,3.60043004003588,0.9120684328364743,0.4048838296493773,3.399169180653961,1.1304963,1.2692752,0.9499317,47.034702712312395,-76.25170704324603,22.94417401401627,-0.4705663867560253,0.2542366527200145,-0.45528336870832503,0.7117921425856715
14350,28600,OK,441,441,,27.379492,4.275256978538336,0.3457270395114955,3.169830594871903,5.333401861717912,0.08601128265380667,10.766652954949672,2.630628220218904,0.6552036614520914,0.2769712345673072,2.5113551060984656,1.253775,1.2870703,1.0563015,49.42477387260308,-75.9399565396638,24.25238913769921,-0.5268193608562352,0.20862734082762668,-0.4318320212538837,0.7017528760938615
14350,28700,OK,450,450,,37.52363,0.5520034245438339,0.25967234069685974,1.6185777525127079,1.7297200484934534,0.06664509558881329,9.636773339146025,2.2347992599736086,0.4824575706088381,0.2922611862207183,2.049969637859663,1.8817981,1.8130279,1.5802987,48.549447455919385,-71.77765859774463,23.9476480038069,-0.5313261031633268,0.24388873938076344,-0.41157554047655076,0.6991540812882171
14350,28450,OK,420,420,,25.487583,0.7886569519083508,0.5254044717573816,8.641762549195892,8.693565988903558,0.21598750016683757,15.515316148311857,4.118767054548577,0.991061779055479,0.5763395908550297,3.850938192636008,0.9826881,1.194676,0.90866673,45.102329336008154,-74.95461399136487,23.19436055694651,-0.4799933278285706,0.27430348920458547,-0.4828877795964676,0.6791048471087784
14350,28750,OK,497,497,,21.040226,4.502408747715397,0.03960186173278091,1.2821064949663472,4.681564898983216,0.09099519988204649,9.731262768786053,3.1964734408564555,0.7614431513893211,0.45030673175657965,3.067592309961743,1.1136354,1.1614227,0.8972287,52.937452753457436,-73.4769422336887,25.37948343347321,-0.5188447519002242,0.23635047128683492,-0.4162997079677879,0.7082606379674226
14350,28800,OK,540,540,,20.205948,3.6132835468182023,0.3131300445570395,3.1681585616752264,4.815713559424757,0.059817477262630724,10.118864533964175,3.6951654527826028,0.7898652661914223,0.4788661159603489,3.525007635528226,1.042886,1.1236658,0.8647394,53.83857555979022,-71.75600288839784,25.992315147244657,-0.5299609070697563,0.2377863815803529,-0.4231514543613009,0.6953717857266282
14350,28850,OK,529,529,,29.099741,1.5815786786929928,0.05030485093849291,3.132871730357431,3.5098158034000844,0.03692040572635383,10.670877596684551,1.2431288395144315,0.21184882282005635,0.1672286265924101,1.1697650880177477,1.5631421,1.505314,1.3262491,52.68735632580816,-70.14260723850452,25.460625804229384,-0.5467391070029618,0.2442999575213437,-0.4118285429647304,0.6868705342553434
14350,28400,OK,289,289,,31.031122,11.031473808161055,3.9188248102732706,12.487892025118544,17.117185793955034,0.07076598830100557,17.50047764778534,2.1989062924155807,0.5685382400219849,0.28581426066032867,2.087170014696701,1.1771477,1.325276,1.1446888,44.52371411443883,-87.16040108735439,25.961900023258096,-0.5679950978544656,0.20168278599887918,-0.43138992153796085,0.6712736835602142
14400,28650,OK,612,612,,23.72604,4.692191422997549,0.496742880959145,3.2573106736034605,5.733540499918561,0.041413475728311555,10.12577091026124,6.840606618103601,1.7383727823945827,0.7180089091908133,6.134187288823576,1.3058784,1.2387025,0.99813235,49.85481899054819,-75.58161690578423,25.249537655955272,-0.5573653196018539,0.26090588082085353,-0.41635884471772433,0.6692662656099884
14400,28700,OK,623,623,,36.850357,0.5106863366031344,0.27937283686343495,1.6464834471818808,1.7463554787654725,0.02440549176358302,9.530780004504178,2.1381158811841936,0.4523922844454624,0.2749165271969476,1.9473807004675514,1.8158712,1.7507654,1.561801,49.33507719731318,-71.1543991207758,24.244181238533617,-0.559670611352163,0.2606660772118109,-0.4242159330523802,0.662467240793234
14400,28750,OK,559,559,,20.31592,3.792938404107775,0.602928497552969,0.8302604486205933,3.9292794406940295,0.0402139966721827,9.362867719942173,3.2311237299596645,0.7539931856184992,0.4462716849594134,3.108517144569646,1.0839959,1.1246204,0.8844463,52.83531789046521,-72.59006864242683,26.116483848389144,-0.5541768336552757,0.2688165179828609,-0.42787753446284515,0.6614730018688441
14400,28800,OK,523,523,,20.506166,4.443907458612523,0.12203128478624814,2.6860817420927985,5.1940581687523375,0.047469842232221636,9.512095057392163,3.796118420536407,0.8092282975448892,0.48184817345715114,3.645707974289124,0.988158,1.0763717,0.84566563,54.75543880951816,-72.37162936578041,25.991880340627855,-0.5607444629866916,0.23969831008178297,-0.4223345331694647,0.6706294874714611
14400,28550,OK,461,461,,43.03919,0.6781258838253201,0.37312456192958976,3.4000851136745815,3.487069748837914,0.05792450415328176,12.548065923303158,1.6375749064148821,0.3991986939586998,0.23298443609197772,1.5467975787494135,1.8015194,1.7393655,1.601321,47.93974247471323,-72.08769752561459,24.2348190384286,-0.5517771833398069,0.27142287634178913,-0.4156085426517399,0.670179902279109
14400,28600,OK,505,505,,26.756334,2.242236110893284,0.45927132113664726,5.688136603523621,6.131349846792114,0.05658708927147029,11.138311777266308,2.5015701683921634,0.6376551143484774,0.2859885836662564,2.3835149856365616,1.209234,1.2464792,1.0502291,47.007721989798775,-74.56171694736237,24.178170197229143,-0.5466175320948026,0.26087204897526706,-0.442642009153764,0.6612284774587015
14400,28850,OK,613,613,,29.204548,1.4915275308471365,0.22470898843367948,2.3869168483386956,2.823565218945894,0.025456405637598375,9.856755840418199,1.1480088753024444,0.2302993485213749,0.1674524229028922,1.0632205961656291,1.5331144,1.4871987,1.3139019,52.90661719389892,-69.99595505276065,25.766570848668632,-0.5755695745443241,0.2622694883500941,-0.41881596365753637,0.6515578016761481
14400,28450,OK,415,415,,22.767183,7.820897207788212,2.1857052363213763,7.14886051333044,10.818962388044765,0.10975759256682911,16.259432614526535,4.105915620568959,0.989373569160717,0.5715569974992734,3.8828871223568147,0.9311131,1.1410987,0.87445784,47.57463246547054,-80.56494391209525,25.867561376029478,-0.5977847380316894,0.21056102461664847,-0.42466768416116485,0.6465097214411898
14400,28500,OK,405,405,,22.887617,4.152472478273613,0.774990785666589,8.395290801179707,9.398113961697875,0.0886122773215843,14.30061672159989,3.8140617580535343,0.9136969128208721,0.40114718192009424,3.5934833868091056,1.0772434,1.2181258,0.90672755,45.86682021839045,-77.47575520908376,24.34607453178005,-0.5355329995228012,0.2731010393714434,-0.44998877325966763,0.6604016449529848
14400,28900,OK,512,512,,16.273169,3.306264774383385,0.10185605941547904,5.972578122565174,6.827404400305595,0.06624563480055068,10.664314640431108,3.7879118025036878,0.8285278675483094,0.42498504904790213,3.583035944965202,0.8309375,1.029408,0.74040306,56.95563142047097,-69.56466444276937,26.51430243054725,-0.5445484979379963,0.24603440418237776,-0.43196468752566847,0.675529802512773
14450,28650,OK,624,624,,23.754364,5.672057310393422,0.9970214897721392,2.5409870691997876,6.294672451311143,0.041399720565756734,10.410693189881464,6.884769273413601,1.7499771466502734,0.7137496909106973,6.140517784022263,1.2935659,1.2195581,0.9807856,51.16172832713718,-75.43936046899367,26.278586998023645,-0.5474855405543285,0.2797914887047523,-0.43063778944693704,0.6607022022307543
14450,28750,OK,548,548,,18.90812,4.605971756374177,0.3887293489548005,1.1590035193542008,4.765435497950934,0.04519281948927695,9.148461118121265,3.2431002446189146,0.7675946698689229,0.44180631444548446,3.1222844687713653,1.0850532,1.114941,0.8836147,54.135807319525874,-72.72424914459876,26.48622780499358,-0.5332888670330831,0.2832807855023831,-0.4389219462442717,0.6653589301789404
14450,28700,OK,539,539,,37.046368,3.3464059615727715,0.24690895560408532,0.4387287251982551,3.384062615602934,0.06355386355586769,9.57498876592328,1.931297187618614,0.4321062970913552,0.2641654802208233,1.7826664834149888,1.8074079,1.7239232,1.5381032,52.702732776562826,-72.09260059535573,25.91835678339232,-0.5546712320508626,0.2658378516184275,-0.42694909225519817,0.6628608704732383
14450,28600,OK,527,527,,26.713,4.87817500380189,0.8136091751172083,4.2258493668976085,6.50510216132394,0.04959450968373983,11.605719172803495,2.3956801981149924,0.6528615314121993,0.2841612388363543,2.293146200857485,1.2076073,1.2346114,1.0328071,49.50930613256985,-75.50848461762399,25.477958158465068,-0.5398454463672923,0.26523348879402514,-0.4456870974114781,0.6630091263772924
14450,28800,OK,531,531,,19.155163,3.761355001014274,0.5409408227680619,1.96426360664902,4.277702646724979,0.025887120621852916,9.04526421440062,3.9136336618573595,0.8075441391186926,0.4804784625824161,3.786340373728537,0.9929843,1.0655243,0.8466948,54.444505241280574,-71.69596239620809,26.55611378617121,-0.5447543082973143,0.27289094303979905,-0.4479219801919914,0.6543234494187481
14450,28550,OK,483,483,,38.645924,0.788009202043531,0.5402165784242907,4.2829163550139,4.388184699640078,0.0284303964721058,13.166796734195541,1.5370090131319087,0.370446923889866,0.2206445150695533,1.4590115311443892,1.7946427,1.71436,1.5776609,47.73806801062229,-71.75478838559704,25.056782568014693,-0.5413770055489613,0.29427354726467847,-0.4393664659986116,0.6536597936227941
14450,28450,OK,441,441,,23.172234,8.587286509405054,2.109608086616947,5.971125637301227,10.669877096300858,0.09709280789821059,17.02624377279251,4.178578605184419,0.9839918471253042,0.568873588113197,3.9080298181986945,0.9363009,1.1304474,0.8710424,49.03550389814494,-79.60653954935827,26.41455560081261,-0.5678629811020125,0.2409127260824726,-0.4470239568695642,0.6478134570153087
14450,28500,OK,441,441,,21.309078,4.516924831594145,0.5275789573269725,7.487684952813513,8.760500867135162,0.11415599869006048,15.01138338665093,3.8404816041449306,0.9222465999674487,0.4031397187016967,3.6556032333065094,1.0834967,1.215812,0.9104298,47.35170090807611,-76.18726358126456,24.90437256282354,-0.49979516953128383,0.3048126711100115,-0.4699149694997738,0.6606617481616457
14450,28850,OK,538,538,,27.40293,1.2379884334575797,0.052018528253417795,2.748510338940389,3.0149013867651817,0.02412798916469177,9.158738572642715,1.237525326291087,0.20496682992861992,0.16143763710137904,1.155263337021438,1.5544503,1.4778414,1.337455,54.07160135247663,-69.04058236976745,26.183643295946545,-0.5471257049922039,0.2912949962260417,-0.43737641022169865,0.6515386127406684
14450,28900,OK,429,429,,16.256285,3.0464730555440998,0.11773782447656767,2.319347282362493,3.8306960320118013,0.06068520723067174,9.791140921721881,3.859842577084093,0.8234540817664491,0.42126598121474235,3.6708226756999007,0.83140534,1.0242687,0.75039697,54.58999370894148,-70.94158674320944,26.11161219180461,-0.5320247647160282,0.2758938054023674,-0.43573868004321253,0.6715385771373482
14500,28650,OK,697,697,,21.15364,4.008755362656906,0.6637046173026178,3.2620257466438867,5.210703920625977,0.08398968874550139,10.784397183338884,6.895270748453873,1.7330722802074834,0.730822722770273,6.162682289774919,1.291294,1.2109863,0.9751979,51.210895799983085,-73.28167575852729,26.405496115147812,-0.5204697991331299,0.3193823747756203,-0.45208725285497897,0.6501716716983623
14500,28700,OK,619,619,,33.811775,1.595542050489219,0.3463308735803712,0.051053547200828,1.6334950179159016,0.03133510464996976,9.694117642762228,1.9387786446483473,0.43865326148042705,0.26374854462196495,1.7813696536757888,1.8057884,1.7260159,1.5275693,53.10894211675233,-69.86661894221629,25.72365225886371,-0.5320335441656096,0.29049349620969,-0.453361474720642,0.6534655383274438
14500,28750,OK,589,589,,16.463903,3.9490893988770477,0.3108471182194117,0.319180713479121,3.9741425916901165,0.056325164987930505,8.97648308832257,3.244623608092689,0.7552093100834618,0.44677440273334534,3.1251177868300477,1.0948342,1.1201278,0.88256097,54.33023125641852,-71.76524358003773,26.75975106361575,-0.5229464503921212,0.30404291644888815,-0.4563832860319342,0.652532919637185
14500,28550,OK,524,524,,37.921288,3.707755727711973,0.6760933362122241,1.0344812002266712,3.9082868483868904,0.05527166311788652,13.874602173733628,1.4187849981904268,0.3673206829178368,0.21944803514955247,1.3460306420329995,1.7805136,1.6885353,1.5512975,52.4501418083952,-72.14349866990231,26.59756888569492,-0.5476365664785394,0.2881998117559117,-0.43586424625309894,0.6534963032777396
14500,28800,OK,552,552,,18.69542,3.4969952754570652,0.13917249718882263,1.0384779722160746,3.6505864514240476,0.03627968460509124,8.572247881911919,3.844923623437824,0.7850479429754373,0.4752112783520115,3.69782481420828,1.0072716,1.0699121,0.8512205,54.802320662956404,-71.07363964078984,26.58838198051925,-0.5268078081139393,0.2940576728339517,-0.46073413759106446,0.6509436786818699
14500,28600,OK,491,491,,23.291245,6.998224165357493,1.1816358457431255,4.12447119567897,8.208694621224751,0.09856380204300276,12.16381715504692,2.4100831386833175,0.6512063465701983,0.2758446850896257,2.3157002188577196,1.2157248,1.237351,1.0184002,51.08439022252235,-76.67107792399564,26.53479816118305,-0.5612562412253932,0.25252013293687164,-0.43229316083674,0.6590505574239873
14500,28500,OK,481,481,,20.037086,4.149139021135525,0.45894890205510075,7.220550258680259,8.340403752189374,0.14410941240986894,15.805859285568355,3.8203757700303775,0.899973246539642,0.3833579961722773,3.684543950459612,1.0861955,1.1968825,0.8975215,48.888244091371064,-75.00284335719081,25.438692526737025,-0.488119449133804,0.3203393600741245,-0.49418349987512683,0.6441310163435561
14500,28850,OK,526,526,,28.014153,0.6686238073705812,0.07306807338515764,1.9526955062838325,2.0652884736501154,0.04350118219794993,8.396208837791216,1.2670640912578444,0.20204524141830904,0.170392718168357,1.1892933225491555,1.5446951,1.472582,1.3274398,54.50061678690925,-68.07664157554848,26.335263178531527,-0.5377699283357126,0.3043525613214678,-0.4596381909134157,0.6378916491448271
14500,28450,OK,446,446,,21.302418,5.956113442705853,1.1175178301556254,6.830214804129575,9.131044174334495,0.11146308663443488,17.870099380164056,4.16432301529453,0.9840996980766381,0.5619444698416556,3.943089851030175,0.9092957,1.0686535,0.85610455,49.590375761532975,-76.93752526910336,25.573125689205106,-0.519435390819703,0.2756245503356288,-0.5090239286685907,0.6285798454127036
14500,28900,OK,383,383,,15.6813135,3.1362210780517734,0.348802587319877,2.107105514257853,3.794395807444595,0.10592122698183595,8.796368907267516,3.866534685527058,0.8384009889646884,0.4218689836244336,3.638976589948612,0.8331798,1.0304184,0.7631354,55.60789247666891,-70.33632200673102,26.38035456485468,-0.5145704787860059,0.29871400296589184,-0.4320291850886128,0.6777447528573741
14550,28700,OK,686,686,,30.3618,0.6116708447873052,0.18134125835152526,0.5656360568964796,0.8526253709600293,0.04058980364071463,10.102869634302547,1.8974460358816512,0.4425981500242132,0.2743339672549152,1.7711237606346195,1.8012362,1.7134467,1.5055842,53.59726551514249,-68.42983393701489,25.908418094954442,-0.5272635662240124,0.29397531591081855,-0.46288630357195515,0.6490823640597262
14550,28650,OK,635,635,,20.298216,4.708089954936468,0.8638075082575545,3.1964802748762695,5.755845774755337,0.059176350724613865,11.43534891029109,6.95472552860641,1.7072413081428042,0.7330261938240461,6.181301813704627,1.2815943,1.2082453,0.95420086,52.625872067986634,-73.2304618081106,26.791748367100663,-0.5253868174514945,0.304329050284221,-0.4571568865748514,0.6498923774429752
14550,28750,OK,587,587,,16.390707,3.159847952744826,0.10591076316296988,0.33051679938907913,3.1788516053596827,0.10349567812659809,9.084380866224903,3.3559970888073134,0.7565235306999485,0.4444838919266334,3.2129742241284163,1.0843276,1.1205394,0.8626592,55.03022448834837,-70.50034454081761,26.730273501304456,-0.49993114821571977,0.31484461312038936,-0.4740541739696359,0.6528509452966662
14550,28800,OK,561,561,,18.323729,3.3677431964801023,0.2529498108573278,0.7644284926831684,3.462662092188124,0.034569792904476274,8.339986596498404,3.910574792964043,0.7868445461782572,0.47838346252355857,3.7558560532936305,0.989224,1.055794,0.83399004,55.79132605191573,-70.41415097095849,26.78042105329083,-0.5258355568666744,0.2863432133274417,-0.4711717204527243,0.647689540722752
14550,28550,OK,520,520,,36.299175,3.699524095523609,1.06951258613866,1.56932462581476,4.158499186780901,0.06284679411751373,14.821357243340524,1.3692344061483783,0.3717356544685748,0.22590286170679663,1.2816818632240237,1.754264,1.6724365,1.5073583,53.04971954107208,-71.55226591626585,27.03477149081004,-0.5479933135542292,0.2863706603430996,-0.44248523007202334,0.6495398327759597
14550,28600,OK,501,501,,21.911255,5.7208759888710174,0.204661182488294,3.580728455184527,6.75217924446816,0.0765385823819813,12.980501493334328,2.4070733807732623,0.6628572369384864,0.27303730858132536,2.320100886934169,1.2025169,1.2267823,0.9935301,52.79068855622984,-74.39076736098802,25.91353241027536,-0.53244841080817,0.25275431120136194,-0.47263966229613447,0.6551531863782512
14550,28500,OK,495,495,,19.884853,3.2603901074681563,3.2925472827313826,9.19783404158053,10.29908550883794,0.25456342752279854,16.822200605211062,3.8612300997553763,0.9110451989830808,0.39075067960167637,3.6798311999126643,1.0733769,1.1911172,0.8704306,47.11947399190358,-74.1798464663075,29.105391162975472,-0.5019443732815155,0.40125396296590277,-0.43285271987892776,0.6322069488930021
14550,28450,OK,439,439,,21.360258,7.436910211205747,3.522049533790399,8.549961900152773,11.866520758085477,0.1727667860123812,18.921311384208412,4.151645793609677,0.9927930534962488,0.5691273527083505,3.9517850387273645,0.9226589,1.0981007,0.8423423,47.92236784733193,-78.00996659445056,28.70987637562737,-0.5517656634842397,0.3354653110237046,-0.40167679109495147,0.6493638681011045
14550,28850,OK,519,519,,25.070723,1.006406791454424,0.31889529175291564,1.591448402431605,1.9097792685517017,0.022199629438777565,7.801784459794332,1.2552751684431058,0.18532304396289767,0.17348912811683748,1.1881898406523401,1.5293797,1.4590974,1.3034887,55.56463085831281,-67.968804656461,26.580980433892407,-0.5454973912487644,0.28810197754279676,-0.4733646742885575,0.6287731958444237
14550,28900,OK,366,366,,15.894055,2.8889943093764723,0.0451509379551609,1.2745963746698954,3.1579934523569726,0.06419276087745125,7.869391327314861,3.8456190925001086,0.8514139853504257,0.4183226191691545,3.6663668587122267,0.83002627,1.029785,0.7561925,56.114956899873086,-69.84581361844651,26.424993541144282,-0.5211740770148293,0.2783936629503205,-0.4622094179511914,0.6612389914653135
14600,28700,OK,689,689,,29.464428,2.869176952630153,0.15191512807347607,1.8223988183573625,3.402409740873656,0.061316638341135474,10.423488426940242,1.7228358199744835,0.4246784687069441,0.24445399055544037,1.5209268225433092,1.7879497,1.6926187,1.5023592,57.008557153837636,-69.26052661733607,27.124166463925093,-0.5371689303191081,0.3197905105948956,-0.47759962633987535,0.6173185292483069
14600,28600,OK,604,604,,23.275671,4.313659513928767,0.2517089701129369,3.79829303939318,5.753090110614135,0.03337046466335972,13.609640978969006,2.4136141025124545,0.6706398526558346,0.2856077329166029,2.337384339430564,1.1991283,1.2089376,0.98197067,52.724427270025906,-72.41039658294463,26.400716403382315,-0.510362738673055,0.335179003375476,-0.4980444957756338,0.6157406847837458
14600,28550,OK,564,564,,34.747894,0.9283053035895072,0.19490457962184227,1.2888397853112679,1.6002645168943694,0.03180252901252803,15.55010515010717,1.2649958318765469,0.3279645994485526,0.19258216728861255,1.1829022337436115,1.7519187,1.663661,1.5066766,54.20533532723433,-68.48392770629454,26.594131143260434,-0.5173159109759795,0.3487660786484934,-0.4926287254295629,0.606682297019527
14600,28750,OK,547,547,,17.198347,4.5687559421429045,1.5447386032972146,1.610943786004934,5.084770210447139,0.13555407370289693,9.169683697131342,3.235153493328583,0.8074526344675976,0.4577918075877623,3.1141023445411484,1.0769585,1.1097207,0.8563463,58.55558264393059,-71.22785443255378,25.84078376112968,-0.49879751763018,0.28610395488964646,-0.5348292007075379,0.6191149242854751
14600,28850,OK,566,566,,26.969318,0.6014270523071445,0.0871416118324051,1.9172980115001443,2.01130301661933,0.0252147272214841,7.2846711830286655,1.2034874538748077,0.22852468680926563,0.1721485712206433,1.1442470096414716,1.5367246,1.4858694,1.3100545,56.92305947971451,-67.20880916331888,26.965986106127595,-0.5282116188718964,0.3430842652435591,-0.4891374936485729,0.6033491401653025
14600,28800,OK,543,543,,17.482157,2.5452064489767716,0.26109625926144275,0.1567386279633522,2.563359928299009,0.05428353668180626,8.143107414203305,3.8225160749668667,0.8060433974327685,0.4901363243394887,3.6780301696377666,0.98314357,1.0674303,0.8225599,56.18224370901597,-69.50681474119853,26.482715077586736,-0.5005070325865661,0.3385749684577531,-0.5089185109656756,0.6130755665182728
14600,28500,OK,452,452,,19.154608,3.0904425928722006,0.257431001415521,8.499460350177085,9.04753736574549,0.20396705358891376,17.60400130189566,3.8263858857130932,0.9143922279828802,0.4081988980824607,3.677242927923288,1.0648854,1.1787939,0.87357527,50.244877752177295,-72.52003143694924,25.634801868994295,-0.4576657704492024,0.37997959824960387,-0.5556809685436794,0.5808409495477794
14600,28900,OK,448,448,,13.938277,3.3231557214873524,0.1865110327620948,1.0925901911454905,3.503127693987681,0.10469019030357346,7.034245730412957,3.9322915585259715,0.8707451485932443,0.43013395135150523,3.7187304868857467,0.8150163,1.0334986,0.75780356,56.9404797775181,-70.24450854807053,26.799065569828237,-0.5196196705572705,0.3220472889480801,-0.4624254882318844,0.642217727476164
14600,28450,OK,380,380,,19.095985,6.4938176625464195,1.4366844539412185,8.28246438218835,10.622285361296544,0.07815940501268853,19.72954367642927,4.244112053796654,1.0064270664169384,0.587788055113871,3.937058664560805,0.91488194,1.082197,0.84829193,49.563125217892235,-75.86676206950665,26.817635789761244,-0.5038247022851469,0.362055709800415,-0.5130551076056081,0.5931701180336032
14650,28800,OK,674,674,,16.60093,3.247471716870848,0.28738762598059675,0.5956202353316646,3.314125475020432,0.058648347993325564,8.165273615053438,3.9749614549516235,0.8052949814088197,0.49651010508091975,3.869537502653751,0.97178304,1.055991,0.82312983,57.99505369876969,-69.5366810851584,27.20207763450998,-0.5127181320767447,0.32655604102656766,-0.48790946859236645,0.626438839446201
14650,28850,OK,663,663,,23.25787,2.200130574864941,0.6142407416014604,2.8985239785117805,3.6904345935277605,0.05809177427459712,6.979439164461727,0.9950217020063162,0.22223527997579096,0.15596812950131955,0.9090460657288162,1.5137311,1.4667168,1.3049452,59.27703459880707,-67.77360798685402,28.26897467604587,-0.5477806829076425,0.3329499788935658,-0.45698857733886944,0.6166377179266664
14650,28600,OK,558,558,,21.655277,3.2148930128078206,0.11855492932885237,4.878564579207007,5.843798825127535,0.06897749485875349,14.365196957978737,2.4305026034148236,0.6772601666992707,0.287283145387414,2.3404589799228592,1.1767994,1.1907235,0.971972,53.27605705051693,-71.3215974250409,26.616060966553974,-0.5062232484940087,0.3414019810256767,-0.5008543495076787,0.6134554838088553
14650,28550,OK,534,534,,35.207924,3.1436706017509852,0.5871026312677121,0.657455610459575,3.2649046282670566,0.03282618157175794,16.387698208690484,1.1581742085189475,0.3190435383777164,0.18524916399301755,1.077889254664096,1.7145694,1.6237097,1.4868277,56.19651453605998,-69.68379582186132,27.702395138139952,-0.5369764971771727,0.33355802639742826,-0.46764749459390753,0.6178196381673441
14650,28900,OK,683,683,,7.4352417,2.6530769260457308,0.2168114132208372,0.797658091111549,2.778863579727296,0.07727848345698246,6.34877747305024,4.04069706613594,0.8537447454066935,0.4247530708088719,3.8328779640778503,0.7969152,1.0148551,0.72937906,57.89202568252113,-68.93873205721123,27.158577684526165,-0.5121038447212976,0.33062878962454817,-0.4694489097417064,0.638789462057253
14650,28950,OK,621,621,,4.78216,4.993323533130527,0.07673994881568005,2.1610041136830027,5.441425153910896,0.5877531990855123,5.979293409983198,1.8778070122083492,0.4000896401030925,0.2122242499260431,1.7853991734111783,1.0053369,0.97961676,0.807476,60.42580987211778,-71.18782602679798,28.039982846908465,-0.6503653349959235,0.13852510640699814,-0.312405508855928,0.6784088177250048
14650,28500,OK,400,400,,19.294083,4.143857562199479,1.0472102890754598,8.799890901040573,9.78295889573088,0.15979359498568194,18.482168955053798,3.9304032826533275,0.9146735381327569,0.4058990560999489,3.7655466347247657,1.0490689,1.1561476,0.8616952,50.76708445175896,-73.48303845359763,27.190711676729865,-0.48515778089152,0.38662844343140895,-0.514760869278655,0.5917445579214946
14700,28900,OK,634,634,,7.8022113,2.8307066269403243,0.02061208125506464,0.63539297412775,2.901215107031611,0.04206479965413962,6.074560703944027,3.984211365640165,0.838424653442214,0.4137560941225402,3.8049144782803452,0.8128016,1.0132594,0.71938044,57.84885076191587,-69.08824806599007,27.476145319593634,-0.5375045600697805,0.28888424735502694,-0.47489431987640224,0.6341215376277963
14700,28950,OK,584,584,,5.2588453,5.058717607970868,0.1999281257279031,1.8415211224054275,5.387188054719913,0.5809037557142868,5.348469455678619,1.8030935430315944,0.40794418194259885,0.21287342974176182,1.7238947791846462,1.0294598,0.98757267,0.7842403,61.048327373991164,-70.07595382445227,28.20640272450293,-0.6444367057084633,0.13415983863505967,-0.28254745215541405,0.6977602792603791
14700,28600,OK,510,510,,23.51218,3.813676689064909,0.6255044277113293,6.173755111116966,7.283586880778346,0.019539235533751812,15.193616268917818,2.4196622170556896,0.6751026714182473,0.2863070695777634,2.321227964372784,1.1962352,1.2102321,0.98562646,53.22075945957631,-72.02544268423964,27.01151279156326,-0.53261196619006,0.3045821986731215,-0.4824231313330186,0.6251576601765756
14700,28550,OK,500,500,,37.5716,2.4462483317569443,0.5016275597360393,1.2202473799872227,2.779346106132888,0.030790075998380864,17.268718183940056,1.1642033495819086,0.29756399183758375,0.1766466707164842,1.0749989910391284,1.7475703,1.6626964,1.5034553,56.817217981463635,-68.72961223345602,27.900022205819063,-0.5414790368599057,0.3105254583666843,-0.46163654569286716,0.6302904822605104
14700,29000,OK,557,557,,5.7816124,0.3277163103629226,0.5863873897357967,1.898729614622331,2.01405618103441,0.3238226284201481,4.665577657068126,0.9088718793808669,0.1509383334690546,0.09751580588070674,0.8888926779665907,1.2897334,1.2805821,1.0617905,58.68817621826453,-66.44860937908756,27.46535268250604,-0.5939504025186931,0.25090280747921073,-0.34627347561115507,0.6814436004799688
14750,28850,OK,628,628,,20.47224,3.8675434293607465,0.17200627170612895,3.3977909698673643,5.150967075259745,0.10819189323489163,7.371014323748648,0.7651930331572289,0.16236585300789885,0.11912265195897476,0.6721730396935115,1.4297115,1.3838497,1.2590882,62.50576464662888,-67.8233964274603,28.809392622394995,-0.5783186571091705,0.31685155897734724,-0.45315122730326163,0.5998387996842304
14750,28900,OK,617,617,,6.998178,3.247381446125937,0.27408990450482174,1.3772664860640855,3.538004311194343,0.07600925601431797,6.03896880478712,4.059371060138659,0.8489148657299532,0.4410728665621262,3.8822017033622274,0.75040674,0.95600367,0.6777969,58.331633577331836,-69.20077112824643,27.85369728281167,-0.538274409742534,0.3462223498023565,-0.4626233817745114,0.6134903022454193
14750,28700,OK,589,589,,29.42296,4.333857153872713,0.48933448102211696,1.7902592920759464,4.71453013537459,0.10870110570477338,12.413250671346617,1.4698110303586789,0.4382985713498082,0.24367516269683864,1.2349665223057897,1.6729028,1.5889939,1.4204335,61.09204886801752,-68.72532603915188,28.016313101900135,-0.5689883257432964,0.3023433395210141,-0.47900601900069434,0.5961493302656876
14750,28800,OK,579,579,,16.889479,3.2552020108544726,0.2295450385824534,1.0423666789273365,3.4257202672645106,0.04334762302506069,9.031569125939056,4.041093954352208,0.813744680875025,0.5052312819448526,3.9246508594711695,0.9202975,0.9966057,0.7826069,58.77755631509157,-69.05950581199293,28.00549241854355,-0.5367303106001962,0.3467942810207992,-0.48842388534447506,0.5942191586942405
14750,28650,OK,557,557,,18.377792,6.382373322346052,1.5293797147407573,2.650188160072598,7.07793676302947,0.16255088889110392,14.285302354870167,7.010317705226255,1.773140433512265,0.7175241354634587,6.346479623631059,1.2018892,1.1295346,0.90953225,58.54344548084536,-72.72843895384155,26.930012489010736,-0.5414903852348736,0.2900486183835171,-0.5306905112642845,0.5839756355585853
14750,28750,OK,557,557,,16.622105,3.4426898697617956,0.5618615662991644,1.8111675353317715,3.930410894561077,0.07327184392161668,10.68122519800361,3.4342633928296604,0.7865423308751645,0.4469254199275309,3.3502462595323,1.016073,1.0598896,0.8209903,58.43765481579049,-69.57463806447488,27.646350338251764,-0.5268614573627441,0.3493499370522259,-0.5056492907711425,0.5871034159071566
14750,28600,OK,468,468,,23.34703,6.0783061671648815,0.3855373394612648,5.1735273873384555,7.991234606082752,0.06977094178030946,16.181348863230898,2.49860976626284,0.6926503244621365,0.28804397887206323,2.4276887247563446,1.1173724,1.1334226,0.9298247,55.378404351883354,-72.86095997006097,27.538093822071453,-0.5522241825728867,0.3216575644463794,-0.4817680251863427,0.5995702071685864
14750,28550,OK,387,387,,35.942684,3.6868669560825893,0.3748141044584389,0.6708760046740991,3.766105173571519,0.04193619553408136,18.303465101443166,1.0238071489323566,0.2875788007850404,0.17978502062523893,0.9417246731575912,1.6333174,1.5638468,1.4352424,58.58219995996077,-68.97937845899777,28.6574872213845,-0.557218066863926,0.3442885673523063,-0.46544507788797057,0.5952598489909987
14750,28950,OK,344,344,,5.43287,1.3285429091276817,0.2808875778006994,0.8867706153628525,1.6218157161117905,0.05800711041769712,4.901376905590929,1.7909324371302058,0.411331709076991,0.21451643841851303,1.7047558763209605,0.94784325,0.9296669,0.7271993,59.83555652902923,-66.6949342125192,27.84811723264089,-0.5536262166053109,0.33257336906548507,-0.46977183827569974,0.6018366775453219
14750,28500,OK,309,309,,19.490322,4.499664681660292,1.927642424421892,10.469550082688531,11.557433387120842,0.21954195058642595,20.439948206611884,4.031655882901344,0.9199291585383234,0.4140718793698994,3.8962808694129407,0.9968678,1.1093875,0.8272919,51.16367651450117,-73.28966906619044,30.079507461279757,-0.522899907690064,0.4517204017557469,-0.44686584295157006,0.5681859586249309
14800,28850,OK,637,637,,24.147398,2.9887952250308363,0.5028836318735926,2.1543026469482927,3.718441708434048,0.06640178365432223,7.956660009448037,0.7809135428667323,0.1522544464988096,0.12490139008507306,0.6893348059450322,1.3624072,1.3234229,1.2302297,62.726597412812026,-66.59505703134246,29.18623215752017,0.6089932835673272,-0.30200443444048697,0.41880543519208624,-0.6020984218562062
14800,28750,OK,538,538,,16.476849,4.411767590942574,2.014757158417526,1.7342728060579367,5.150790410191234,0.1849612540783632,11.530158431686505,3.3263509524492094,0.7871733019599321,0.446515673836148,3.2460015842716654,0.98035693,1.022243,0.8147087,60.91068688015309,-70.22832850661833,26.917822874154172,-0.5764157974164945,0.24877419525616692,-0.5076293694967912,0.5900581763586059
14800,28900,OK,532,532,,10.976223,1.6545097942227152,0.250496663426313,3.416582267736924,3.8043640243516377,0.05266254915910788,6.363913477072969,4.04989866014073,0.8482888205140797,0.4394398129861452,3.8940683788881607,0.71778905,0.90992635,0.66701776,57.72249015546701,-68.02451256486778,27.976991836750038,-0.573182561483118,0.3288754090180092,-0.4437357318432056,0.6053109257567252
14800,28800,OK,517,517,,16.603327,3.0297826500330576,0.10773776708513508,2.537016353392513,3.9531812898321363,0.024602607496023724,9.76523842743239,4.05144158538749,0.8072479564577648,0.49597548366002486,3.914520631653515,0.88554746,0.96160775,0.77148813,59.04771939025908,-68.96553619818569,28.263481718453523,-0.5872304802365736,0.30936626683670443,-0.45430507414825166,0.5941883334665833
14800,28700,OK,511,511,,30.540884,1.520396379271526,0.27692601809225803,0.3692727962767197,1.5889164759887247,0.02964991961349824,13.351841089184306,1.5265010461864699,0.40269483514610105,0.22595935323075877,1.3524436408661167,1.6023012,1.5321232,1.409237,59.99870380967996,-66.50996382771059,28.747384626589,-0.5933084415185697,0.31292649655740334,-0.43158288017018853,0.6031569601016972
14800,28650,OK,431,431,,19.058603,7.059815108324133,0.12460415158811014,7.174551798687848,10.066315565805084,0.08499413420906929,15.290071868164723,6.980583895122939,1.7376144338542183,0.7144095467890457,6.238686873132707,1.167388,1.1043495,0.9045366,56.1067660344261,-74.31249053448776,28.341001877857803,-0.6079174932706778,0.29833706809418425,-0.410969616134766,0.6103566906248383
14800,28600,OK,401,401,,24.04927,5.514287829122219,1.217958942343135,6.571353280164441,8.664495264028194,0.08370777270428076,17.227143580681673,2.440940236856334,0.7080781668616274,0.3199647363894702,2.319430008617733,1.0849029,1.1231259,0.9440894,56.16082140922899,-72.74906041629282,27.37350351196347,-0.5887918802793707,0.2775534328696262,-0.44383526335388884,0.6158721235962489
14800,28950,OK,348,348,,6.1169176,4.6637963987783,0.7418022176874133,0.1895129289892612,4.726222860771325,0.5152462025816755,4.892080058497149,1.9150138128664906,0.4153837809270887,0.21484212551456927,1.8380517028038246,0.9445701,0.91120005,0.7433002,61.70568240128487,-68.7389792048035,28.17572992044183,-0.6479404699252633,0.1630533325260354,-0.26931309981511076,0.6935828807382427
14800,28500,OK,315,315,,20.189096,4.164897227286419,0.5192803915685553,9.871456001546733,10.726680037616426,0.11577687916984948,21.528364214641485,4.041663900121577,0.9237177073466696,0.4077114116579077,3.8901238895263903,0.9577183,1.0739002,0.8141349,54.02939076269699,-73.55359109714422,27.815200820142497,-0.5561012816695987,0.3416417564608759,-0.47873804057365843,0.5872326313101577
14800,28550,OK,284,284,,37.525723,0.908808293899936,0.6746836449828482,2.228530340157004,2.499495551680168,0.05085540245904094,19.382084533019103,0.9677034839806828,0.2714288175208339,0.14203723770930776,0.8993276173347038,1.5747514,1.5308461,1.440199,58.63238372075382,-67.02335601117274,28.18951994807552,-0.5747125560008689,0.32656124706231504,-0.4399925677514855,0.6078402505720627
14850,28900,OK,667,667,,16.11422,1.4058861372389302,0.12869078063003167,4.199675255832915,4.430615014008216,0.08841270270834924,7.28041760755632,4.064921332406556,0.8534069568618992,0.4351125724973959,3.936557076263478,0.73074687,0.9154872,0.6601897,59.530958608568646,-68.15314867089741,28.08275572720327,-0.613990268551359,0.2364885792070987,-0.37730169026293386,0.6517150731366976
14850,28850,OK,627,627,,29.93658,0.37847354963427104,0.05690086766442448,0.7268787538517065,0.8214819896472102,0.050657672141324245,9.052274215143875,0.8472249733863483,0.14730040668068023,0.13032830269911644,0.76973409118321,1.4012246,1.3593137,1.2404029,60.94330688580916,-64.61484764974969,28.260045274628528,-0.6307582928311313,0.24772346761200334,-0.3462227457180404,0.6487733579351903
14850,28800,OK,582,582,,20.847664,2.531717886671145,0.019395735614588017,8.113303347997487,8.499156597502948,0.07585571499511273,10.954413248330644,3.9264222996785527,0.7986596908018084,0.4940915157996191,3.757904301751564,0.9227069,1.008979,0.8063117,57.2989099755665,-71.67371785090525,27.943343209773797,-0.627630521793582,0.21480866568507345,-0.3773330467945836,0.6461864568810081
14850,28750,OK,573,573,,21.848686,2.2131361590484566,0.5604085797671963,7.451856966185284,7.793728355495115,0.05403558147452986,12.797105556813133,3.2481847350644384,0.777666234294633,0.45913104567996754,3.109169962475203,1.0125335,1.0736971,0.8547072,57.687559322304345,-71.04537773416017,27.610633138312224,-0.6208443067787132,0.22386955592105998,-0.36211626041194483,0.6582602696634783
14850,28950,OK,487,487,,10.118036,0.6868062178283476,0.049708060703494955,2.9837656888686688,3.0621938799195103,0.12050518259652125,5.580740370181484,1.9256815326318206,0.4200315045080383,0.2116568088000214,1.844719455264562,0.90462047,0.86591345,0.7003655,60.00873699161527,-66.72685162671067,28.331813908780035,-0.6205444625339588,0.2752371714101056,-0.36455331488966,0.6373930891495174
14850,28700,OK,451,451,,41.546898,0.5179998233320422,0.013064314485910777,2.0307247236580537,2.095790399004894,0.020546876249152152,14.68178087182827,1.6781078189090748,0.37224976358398454,0.20493548537150108,1.5330470537846743,1.6281885,1.5944712,1.5025506,60.34382365681747,-66.12304768625116,28.332692919537468,-0.6339457326483229,0.22084282971304567,-0.35126303792145486,0.6526526877379012
14850,28550,OK,434,434,,43.778248,1.8167412585125384,0.14070552347386767,4.456831717788356,4.81494504697635,0.05931977442290635,20.809055286770516,0.9823843018750553,0.22943252032762496,0.13460077317517993,0.9242330450645673,1.586252,1.5555487,1.5155009,59.563369397558304,-68.8181669694928,28.334646230759446,-0.6323402588072722,0.20800562361037198,-0.36674160256727284,0.6499077277463323
14850,28600,OK,431,431,,30.878185,1.9247986003667101,0.1919073831029805,8.69878168452815,8.911255853736076,0.04459738264527897,18.63189140203365,2.3992137945530647,0.6923224526331095,0.33487101037846956,2.2748211430246337,1.0816396,1.1383017,0.99890405,56.39866623668762,-71.67863492565253,28.109488965527607,-0.6340137396784818,0.2122071565960034,-0.3609233700445686,0.6501761465510841
14850,28650,OK,426,426,,24.90627,3.171930373308421,0.17479482286133774,9.925133311181696,10.421130781635174,0.02359608562515713,16.66644516313665,6.970058559437161,1.6959727865152696,0.7093456730732128,6.263362265894686,1.1879843,1.1401385,0.9695929,56.19566782504439,-73.33364588732078,27.860734069250967,-0.6339282509866889,0.21803510598694686,-0.3388556885707558,0.6601306594011958
14850,29000,OK,323,323,,17.797792,1.7508967071855608,0.26590215139294276,0.4440982406269045,1.8258057072636582,0.06039704364494427,3.6766729628031483,0.7642076127426972,0.11959919077833181,0.073959860409605,0.7253524897915522,1.0865531,1.0537772,0.91849154,60.73119635223209,-62.693372144641266,28.42976431055561,-0.6376569465110249,0.25274984642783244,-0.3415261745803904,0.6425503916218772
14900,29000,OK,624,624,,19.258389,1.130202212803966,0.13876862544390667,0.8565887366986882,1.4249063257188617,0.05305590114187374,5.278002717549348,0.829874771963569,0.13058709579462646,0.0761892571571885,0.7958263891495445,1.1121366,1.0633239,0.93749356,61.062215332230444,-63.311037112186156,28.419757483376117,0.7277267584670322,-0.09156280118018652,0.18107084412315358,-0.655166671816899
14900,28950,OK,531,531,,17.78264,0.7632165312515182,0.802562324651056,6.513284392695064,6.606775260189346,0.02345221250176086,7.221023258648929,1.9647582538118864,0.4514469280929547,0.21747638614523762,1.8572187161029556,0.8699289,0.84018975,0.73746485,60.77855765841895,-69.35290620231228,28.19934101643889,0.7247690532051658,-0.07457853078180618,0.1840385849140445,-0.6597557589936982
14900,28900,OK,433,433,,16.230213,0.5575420923716853,0.744015118193765,5.812564200236698,5.886451754897883,0.13065993957402836,8.98450161582097,3.865597535351439,0.8445672353371712,0.4525685612323278,3.715005050315675,0.74169433,0.92783135,0.7096162,60.06294815433096,-68.23862050978762,27.98754635792271,0.7113236474405621,-0.05384282699466673,0.2465335047237497,-0.6560036963475911
14900,28850,OK,341,341,,30.317804,1.0433184975964362,0.20410485962054992,1.5850773056935843,1.9085707600643058,0.07053528936470477,10.806717675858362,1.0377315749103073,0.18165090344492274,0.11486921613231749,0.9563268214786493,1.3855922,1.3665357,1.2676433,61.246362729634114,-64.19271682538978,28.207116321456443,0.7225794488515603,-0.06879123726582677,0.21924341728241797,-0.6519808507549433
14900,28800,OK,290,290,,20.139568,0.8053751824297442,0.8413887776579121,5.9876613336421105,6.099889548675061,0.07423175874169789,12.7309443536138,3.820460792727714,0.8028920544447984,0.5105237210202351,3.6587511600958527,0.9024558,1.0052824,0.82533973,59.75575714837386,-68.39678682079185,28.119889282546286,0.7137141881015738,-0.0602922180214045,0.21684989048602218,-0.663289553019472
14900,28400,OK,279,279,,31.250145,3.7483500069991464,1.5578053898740758,16.451331335019354,16.94470973791764,0.05902818303766142,29.098604137388065,2.0315000109932813,0.468262838481736,0.2390036481262372,1.9407996450992746,1.1288556,1.2349666,1.0902863,53.662274307000274,-77.45021260667819,27.773920732382628,0.7183746321927353,-0.07242594515440497,0.21090301981025608,-0.6589478632830964
14900,28750,OK,275,275,,21.33966,1.3710987449103635,0.8119053949995366,7.765656187220716,7.927453447157133,0.08023719306324593,14.590821503727362,3.0819531047183113,0.7096897545163663,0.46169732711318945,2.974510914871076,1.0197903,1.073572,0.88403386,58.58881773524459,-69.8699092336094,28.121962562528108,0.7173166311687773,-0.05466012140235418,0.2213526069403755,-0.6583860153266133
14900,28350,OK,268,268,,25.07081,5.835468390226571,4.806612294399645,34.11093910505791,34.938694590825456,0.07537906836325939,31.109191160876392,1.3042361086480525,0.24283325956904245,0.22897271416997433,1.2514760405804601,0.93471193,1.0874358,0.8119235,45.43887596312505,-93.13594663824975,24.831633105616778,0.7043448663799642,-0.07358176716777752,0.18613886129181145,-0.6810553259916885
14900,28650,OK,264,264,,24.59013,2.1500717111902494,0.9719474710551602,9.83054792738399,10.109755823082214,0.048544838044730074,18.477749187084363,7.169217097953649,1.6791712983865055,0.7022641594075889,6.432738810273423,1.20456,1.1528049,0.99268794,57.01100276979282,-71.50720632929415,28.04959830792593,0.7182163973898769,-0.05686167038602669,0.20244617695962683,-0.6632853853324744
14900,28450,OK,242,242,,22.575872,4.668690791454013,3.131479744897428,23.819530039410626,24.47392184340907,0.05402747839258154,26.916509395426996,4.011774152081626,1.001667889867203,0.5793782505957987,3.7524304868384144,0.909449,1.1012865,0.8546925,50.01231140008757,-83.88139398032008,26.323844804671133,0.7128159415979155,-0.05881914893310202,0.19676401419397416,-0.6706099192831375
14950,29000,OK,677,677,,24.995571,2.311569821910828,0.17505088130888224,5.110492607673135,5.611696048940786,0.049625051654896286,6.809113221944223,0.6900304352005021,0.13428110395501403,0.07262146415270576,0.6602501003042933,1.2027186,1.0945637,0.9649163,60.563049011301175,-66.62470263107953,28.294967364062035,0.710254737334857,0.07037458975733198,0.06358657417085598,-0.6975258939961259
14950,28950,OK,448,448,,19.074188,1.880162690561611,0.07316755467725236,7.684733999827335,7.911731914198026,0.028420298667942444,8.751798597425969,1.9272363887610133,0.43343062454921955,0.21003652778915605,1.8318918776315267,0.9973754,0.9330101,0.79510725,61.10817809570889,-69.2083387394138,28.20864546452243,0.7046791189990695,0.08009698336489046,0.045622930652462874,-0.7035128717381228
14950,28900,OK,292,292,,19.79168,1.8188299401021808,0.5414218342140165,7.03148957788723,7.283071167956037,0.12353480896886014,10.509239548783086,3.8550432763943205,0.8955498299965934,0.4632255471046429,3.6644774877886186,0.80875736,1.0256901,0.7640208,60.984981881934274,-68.53960492690545,28.84173436676073,0.7167116428555975,0.12831807373598378,0.09033480570855691,-0.6794840070417509
14950,28850,OK,246,246,,33.918823,0.14680001018338817,0.07746741517994193,1.8485964213177652,1.8560334512915853,0.018330886306895222,12.316913362177496,1.0611809277508384,0.20040952852607896,0.13975910921334445,1.0040768434182148,1.5381883,1.5142795,1.3649143,62.496447828914604,-63.29648789059584,28.59038055260342,0.710946570601442,0.09194046011190156,0.05442647997728232,-0.6950825014498231
14950,28300,OK,219,219,,27.240782,16.58515916633554,1.832448511012105,18.918160881163416,25.225427315385087,0.21989897687281285,34.63237331087478,1.0147785684719102,0.16779917038207492,0.22014631452010247,0.9653418336597586,1.1507471,1.2645476,0.96856,49.234733583630955,-81.69051617353118,27.957910310052956,0.7078266209226014,0.013575993848028094,0.12722703262694923,-0.6947016980497972
14950,28800,OK,215,215,,20.678743,4.024853952519669,1.6612218538499226,7.215109049985087,8.42715289940787,0.062156805163326875,14.228728728649113,3.826918798376042,0.8020819464418381,0.4913127598636692,3.613967705126102,0.9971464,1.1128472,0.872764,58.94597246639939,-68.87617125923225,29.307012120796305,0.7252328035969078,0.07169971118334045,0.0657195867789091,-0.6815991988821614
14950,29050,FAILED,196,196,,,,,,,,,,,,,,,,,,,,,,
14950,28350,FAILED,192,192,,,,,,,,,,,,,,,,,,,,,,
14950,28450,FAILED,186,186,,,,,,,,,,,,,,,,,,,,,,
14950,28400,FAILED,181,181,,,,,,,,,,,,,,,,,,,,,,
20000,750,OK,1332,1332,,7.446174,0.14577932654285547,0.3668738755792199,2.915071273520775,2.9416812509746597,0.06489466396834385,7.95896207082184,2.131453474028389,0.6550372469203927,0.16454757614120652,1.9848178728217247,1.312672,1.324523,0.7598196,4.280863221150058,-5.338247922861918,0.06269355905852592,0.22417425859655862,0.7030035114317236,-0.6650386758073508,-0.11513263819506353
20000,850,OK,1055,1055,,12.401365,0.11026222314341455,0.12842347261747733,4.798685810031468,4.80167011044793,0.018664523303378238,11.597637741260899,1.776815638176534,0.5885046637779667,0.15489055392123763,1.583590904134982,1.5515581,1.458254,0.85858536,3.1110733713202903,-6.848648051332278,0.023118697261726107,0.18899462900335212,0.7094725742765735,-0.6711170068983625,-0.10262387445931105
20000,800,OK,1170,1170,,15.953251,0.298282735294197,0.21557678572244943,1.8978724726874905,1.9332268007923799,0.03969635145509956,9.752043690048534,2.08541929592957,0.5790280160410042,0.2633180636538359,1.969435631944707,2.2243173,1.7960033,1.2782862,4.737418689727308,-4.410708431656963,0.5481601358126484,0.20957391461490538,0.7186071273627301,-0.6541045930637435,-0.10876466406597238
20000,900,OK,1087,1087,,13.452746,0.5163072401203634,0.15159572981884673,6.8949655417566875,6.915931192074724,0.0077802389432983995,13.441563978978898,4.872997129024536,1.2793052010320043,0.42614063009439906,4.465257330597117,1.8466502,1.6952941,1.0268577,2.6611218294557673,-8.957690967221438,0.2946095163429735,0.19439130236254387,0.7154002703924249,-0.6625932581698415,-0.10669887026634002
20000,1000,OK,1062,1062,,12.978558,0.709493118249553,0.4071802905244075,5.531739995598716,5.59189803669036,0.04402761500214697,17.50060833103607,2.266951211905454,0.5357460720214062,0.1697819183340168,2.148117702804229,1.5943396,1.6421696,0.89759314,3.7485912984617995,-7.897547843768606,-0.39370920404047993,0.2121021029782475,0.7018090414574498,-0.6722163798058327,-0.10296555716122269
20000,950,OK,1178,1178,,19.943836,0.4240471116207726,0.5522905473140064,1.4692193192771281,1.625867832778382,0.03808060057916549,15.455437859333113,1.6702104012556478,0.45253265094174133,0.2826987503560807,1.5675413141934076,2.2054584,1.9239643,1.3556978,5.217292115033092,-4.093958810181588,0.254687877616141,0.21250846569087103,0.713548737302442,-0.6594131080471679,-0.10422429869937455
20050,850,OK,1135,1135,,11.895773,0.37242929787849766,0.16858137904065196,3.2626384393663024,3.2881503690233056,0.02403200975511037,9.432917487574692,1.812067773588247,0.5880010477743278,0.15760892302354002,1.6680864028795899,1.4982634,1.4239099,0.88484603,2.820893522911975,-7.383940929667297,-0.11939083436206444,0.14972768889443996,0.7210458724291294,-0.669942926480216,-0.09407945732395151
20050,900,OK,1095,1095,,13.484917,0.12130647236975134,0.22043740437311699,5.264890108928779,5.270898952605869,0.015151362867107636,11.273689341328549,4.798436594668695,1.2578705617892676,0.4240043665013943,4.514537137416372,1.8120345,1.6833771,1.0726596,2.4237960872203512,-9.395735675607664,0.25938438709452905,0.1538257755808231,0.7305067089880358,-0.6572844851283616,-0.1033183647759311
20050,550,OK,494,494,,6.7020473,0.6938136276518221,0.220544875696254,0.6029331116665673,0.9452754779719966,0.033894562013002776,2.837444520488786,0.8156544439915878,0.261105458421256,0.0669165971576815,0.6974281709738728,0.837536,0.851329,0.7076017,3.6005755667421653,-4.7758242243465965,0.19516489174457466,0.14844519717470608,0.7334754327777183,-0.657785493500469,-0.08541696252879709
20050,950,OK,1209,1209,,17.10638,0.44105698581238084,0.2717866798621478,1.9428829826536749,2.0107693921406384,0.048571674772183014,13.285078282144404,1.5161283496163929,0.40101344203131384,0.2607179996908797,1.430242800060428,2.0916526,1.8587352,1.3417119,4.570750331373626,-6.643920270086948,0.3398199093565101,0.17539928082773618,0.7294705646345663,-0.6524023076964716,-0.10714017234053053
20050,1000,OK,935,935,,12.155712,0.14912993843684014,0.1485463880899982,4.930947047705443,4.935437625502706,0.026509520937314363,15.32898184612213,2.2250612388967324,0.5490947257842305,0.1497290992171934,2.090299131569253,1.5051738,1.5744944,0.88811547,2.9878978109638887,-9.220577562575478,-0.2975798111953636,0.16325912350959793,0.7190281337089628,-0.6676820854203007,-0.10269193899562847
20100,850,OK,1193,1193,,11.112164,0.23222727949610888,0.213910421760255,1.7206016079055209,1.749330463636553,0.024039605221314684,7.307403224947756,1.7301156797822521,0.6278758277763961,0.15209073385748306,1.5517531085351468,1.6213126,1.4935253,0.91969335,2.4822149506420583,-7.896021602952917,-0.0331590655391954,0.16062692906449716,0.7138435496582981,-0.6724317441933739,-0.1116329954431344
20100,900,OK,1249,1249,,12.406081,0.12476625910393108,0.12762353168041818,3.87154955989236,3.875661282923483,0.013852814694094471,9.152723288954078,4.633891020362644,1.318871533458144,0.41182619637607,4.286073270496745,1.9310006,1.7231109,1.0961181,2.0595930476983217,-10.061769441632785,0.2883984707751649,0.1650868286266212,0.722100565097905,-0.6604743404609751,-0.12284444835616735
20100,950,OK,1258,1258,,16.152594,0.48531787638964424,0.24222752563583283,1.375191414009036,1.4782959921758512,0.06300718505509104,11.169650135082698,2.035999683393679,0.5897491680794635,0.34009576132049224,1.9152817998745286,2.3716657,2.0089746,1.375183,3.85834505897267,-8.08622340394322,0.3147329532076286,0.19075072206190186,0.7200491391355281,-0.6544615074792548,-0.1297055684657728
20100,1000,OK,1095,1095,,11.351523,0.7335653436873463,0.12829873658957758,4.356777980551795,4.419965277136304,0.05198484590666989,13.219620567097827,2.338943076016376,0.49446692725615476,0.2115901476705752,2.1740268890734264,1.7109381,1.7336898,0.9331227,2.828964660231608,-10.878375377040914,-0.03882502142171129,0.17853741059177608,0.7150578151583431,-0.6613537815952679,-0.13938396453609347
20100,1100,OK,905,905,,15.768798,0.08366365816906995,0.47139517173653966,0.5059367458584099,0.6965522280809602,0.04086187468678258,17.243431929620968,1.597789618045199,0.3444963084061907,0.25244212903943886,1.4882806400765256,1.827919,1.511601,1.0598751,3.8821462839094947,-7.068550424512683,0.30089589508501446,0.17718708666474184,0.7234260721717857,-0.6547397859212181,-0.12874496942871747
20150,900,OK,1117,1117,,10.689012,0.36172953406726455,0.09545068415260616,2.0562074452780017,2.089963671200628,0.026142121612204108,7.138410253591058,4.917780857895726,1.184280180486751,0.4102145032411445,4.561362371833473,1.7733308,1.6492617,1.1325653,1.6930947980813955,-10.150150154053277,0.059523329357389645,0.10420204080031602,0.7109939953675173,-0.693453991467349,-0.05245030945939353
20150,950,OK,1299,1299,,16.077372,0.2088802894805989,0.13029839960446743,0.7399550610461443,0.7798346880209852,0.03128728890611926,9.16073210074489,1.8139884842361647,0.44119398087098505,0.2579507762241895,1.717106902155777,2.0843832,1.8457505,1.4329553,2.888642881678789,-9.118941653603137,0.25490219450391527,0.12727808744612076,0.7141908304158749,-0.6854036835503534,-0.06287715627751907
20150,1000,OK,1121,1121,,11.642698,0.06593961611243432,0.17976751741355834,3.52793098953123,3.5331234708377925,0.03531006607926193,11.216481890491623,2.363299650074987,0.5478892354650517,0.1617231458844593,2.2013999484212423,1.4511285,1.53389,0.9220789,1.8677211523997843,-11.726619604855163,-0.2002747862333618,0.12232306091642672,0.7038978015302632,-0.6972221619123067,-0.058704435158068016
20150,1050,OK,1062,1062,,9.041351,0.02388390094954515,0.1342333604475977,4.003047157253739,4.005368344981378,0.04897167948970555,13.234613747672618,1.547463392907067,0.3927618009499953,0.10042961696423669,1.4596653825418677,1.2228655,1.2307348,0.8479274,2.0079588222983578,-12.251365276865855,-0.14800915359986477,0.13493601177911196,0.704022617038212,-0.694971273753056,-0.056208149603679015
20200,950,OK,1382,1382,,14.913485,0.6123298509043511,0.1476574095616075,1.3168895597022878,1.4597769245195906,0.09328992495845416,7.143336103391988,2.780521995529009,0.8116854615842581,0.4345071712141799,2.571079437289768,2.6936748,2.1253507,1.4723326,2.650488333875364,-11.928901574662218,0.43122363601161084,0.1977814962369349,0.6994846631911843,-0.6778906068344501,-0.10985449864350465
20200,1000,OK,1131,1131,,10.282264,0.2646678294283983,0.28992322629548356,3.376268386437073,3.399013497227441,0.05562578475415601,9.19770640164156,2.428972259422106,0.5246670622236818,0.2973347787325311,2.2373535773570574,1.9136329,1.8318794,1.0086783,1.443688076931715,-13.610547347073412,-0.027626370365955832,-0.18436912348039,-0.6905983446009882,0.6930901587336126,0.0933165827067362
20200,1050,OK,1145,1145,,9.4786005,0.2112850092083971,0.42610865835763145,2.953703690667842,2.9917512323233635,0.07352558423287013,11.216082929290911,1.2266552190347144,0.37099472836434844,0.24067439600819418,1.1367640862198796,1.5665053,1.4959303,0.90420437,1.7538253162946162,-13.246541251455698,-0.26352773270074725,-0.19242662271858554,-0.6859098509689844,0.6957957695452784,0.09147632642229524
20250,600,OK,645,645,,16.636568,0.8001254638495576,0.31936841948259714,6.255467404882723,6.31451260184137,0.03380554171929083,8.034932277493855,3.0229530594266323,0.7592617982052929,0.3198645616323619,2.7988435879715077,0.616787,0.6324335,0.49677673,2.2091306689944656,-5.8520542102720885,0.19630309104078372,0.12852572267015777,0.7146791671353372,-0.683743099861645,-0.0721817155964238
20250,1000,OK,1426,1426,,8.317778,0.056938564296754646,0.32791940052140955,1.7577439104058872,1.788976463766775,0.051782532222072526,7.194749028469043,2.231733883566103,0.5526179857193585,0.13918285444899703,2.108907211158601,1.3617642,1.4551039,0.8739168,0.9957334781215063,-13.830030569066313,-0.26785159108773743,-0.1410420456582,-0.6951442088007378,0.7030687112811708,0.05075487705413554
20250,1100,OK,1166,1166,,12.870787,0.14309898156658188,0.09545804252718126,0.2673025490826504,0.31786822608527077,0.031004240491872115,11.233713181068174,1.062856478681789,0.19926743841985317,0.16443620785699753,1.005442545974133,1.5331113,1.3279428,1.049437,1.7168377785650288,-12.47014982596118,0.32300984577768277,0.13015965169810045,0.712905641576264,-0.6853784590411728,-0.071276778553129
20300,1050,OK,1501,1501,,8.497281,0.28798882805226655,0.12993654981951808,1.781404334987613,1.8092049294578483,0.05523992072722159,7.140035499331259,1.6095393824105386,0.4051983643535866,0.11889588539408136,1.5125895505432432,1.2746565,1.2733274,0.82368106,0.6320926174439229,-15.92201650074692,-0.017763940915525633,0.17344263994770498,0.7023173913202598,-0.6852944006551128,-0.08390182910893774
20300,600,OK,570,570,,17.449375,1.0588041461051805,0.5168947978478651,7.6631140137669425,7.753164698356601,0.040229155564447235,10.088043336352053,2.7656405305042715,0.7080667309342781,0.27407406932765677,2.567753061333457,0.68492615,0.69954884,0.5434685,2.0487193846336447,-6.459893248672975,0.1820105463523453,0.15852838768396751,0.7162606237002526,-0.673050597837919,-0.09403383425590382
20350,1100,OK,1532,1532,,9.186171,0.23450026330489382,0.04009396707438884,0.12544187390474804,0.26894899779430564,0.041412383063670344,7.081822648664945,1.1000318722688947,0.23343459123650478,0.17618066205283578,1.0229467708816138,1.5241773,1.3171446,1.0313013,0.5442173535604578,-16.07013969846904,0.30791355306307655,0.14982627307845106,0.7124160591738011,-0.6812144438905392,-0.07721611205956942
20350,700,OK,618,618,,18.984417,0.18483053181977516,0.5646663533786948,7.675205829505674,7.69816828482001,0.037825368454905355,8.571496251825721,1.737791634092032,0.5184779199906384,0.11714812903744987,1.6057201264449592,1.0357233,1.0848098,0.812514,1.9807633101008666,-8.643850776032336,0.08049004986899239,0.14610633236346723,0.7057165472184077,-0.6890565091231751,-0.07627726961820887
20350,1200,OK,1338,1338,,9.281342,0.13099635180067654,0.05111335562099917,1.8815509333957063,1.8867979579886605,0.04383632985209127,11.102658643125132,2.167352079228504,0.505566734099169,0.2128640262776833,2.0924719275574333,1.2521765,1.1080872,0.7590948,-0.5037191767218823,-17.889835615703696,-0.2650899149167739,-0.13083790735632758,-0.6986129893868009,0.7010617795814383,0.05773832582229397
20400,750,OK,624,624,,17.066906,1.1883969022588186,0.6609101010885076,10.054220780651166,10.145759945173989,0.09240606264247576,8.837494944215166,2.1028409018653575,0.7002057600723883,0.16626524556113303,1.9450856026320191,1.0641541,1.1104863,0.74215925,3.591260593831655,-9.037736924521472,0.5198840826172729,0.18260143171998422,0.7076471329087691,-0.6764347147724634,-0.09125967932502578
20400,700,OK,610,610,,19.507519,0.12626192968981942,0.8151132030924638,9.842320414461247,9.8768225026911,0.05522837865691315,10.702581316247755,1.9148255782483348,0.553400909462004,0.1402634673113371,1.7859229975530164,0.93534136,0.9921329,0.7368154,2.4419308006391627,-8.771800945785934,0.20910896435712778,0.1563690617748481,0.7138000052145185,-0.6751740474949648,-0.10088743561353074
20400,1150,OK,1670,1670,,6.5848756,0.2959856133603139,0.10247472166082194,1.8169944217622351,1.84379426200724,0.029138703964354765,6.950481201529365,1.9296704613432722,0.44622529761698004,0.18023069250425328,1.8272122555209709,0.9380289,0.8267499,0.64120865,-0.833975561684375,-19.924139782206353,0.14687597215014225,0.1491758187984337,0.7190620198464016,-0.6725695196578662,-0.09135988138902729
20450,850,OK,688,688,,14.016248,0.11947219134815262,0.4177488230262204,9.591110945140363,9.600947705598474,0.014137639992769235,7.24386835864854,1.73180396151593,0.5228967317544679,0.14982233471137651,1.556425202192874,1.453657,1.2784734,0.76057005,1.8545326186329305,-11.136504765061751,0.17140626323901173,0.16215176436699172,0.700813795013293,-0.6888790886632445,-0.08951218483667622
20450,1250,OK,1541,1541,,12.808962,0.0853385227760457,0.2620618946651341,0.10840428820483794,0.29615973697698184,0.00914210179585494,8.85235679047299,0.696916174639703,0.12500427931275393,0.11091649032671336,0.6659752642957919,1.5566452,1.3907121,1.1148552,-1.5139755395654826,-20.229776390408617,-0.07380850384813054,0.15486431611923857,0.7068040701281583,-0.6841790244945202,-0.09134611368261282
20500,850,OK,674,674,,14.813049,0.3356871148710483,0.6636857421968525,11.197674165247713,11.22234696106576,0.045561054792193446,9.316569959352622,1.6469109581690062,0.5254001908738226,0.15285132781883037,1.463440292898622,1.4446769,1.2601724,0.7572185,1.3213587452655156,-11.471290297385165,-0.31472896083597823,-0.13115335276035897,-0.6913651374508984,0.7034654930544552,0.09974640273648737
20500,1350,OK,1659,1659,,6.6184134,0.36207273077821367,0.19958491552798407,3.4748302448269675,3.499339370687523,0.03041198015901628,10.753753169977829,3.09290473500023,0.8814975062097448,0.2840780516242707,2.8722674985826426,0.970282,0.98116976,0.723418,-2.916409475273059,-25.543093650365087,-0.24329285915477172,-0.13881938344912817,-0.691247072072692,0.7039501719499208,0.08579521863956761
20550,1350,OK,1782,1782,,6.3031244,0.5181403514041693,0.09865157627006904,2.7041476892104805,2.755107308675324,0.028677075557192577,8.699950955352898,3.0699483432969505,0.9065346821102631,0.3018375194920906,2.8561339787190603,0.9049024,0.9266177,0.685196,-3.0779589832040117,-26.831817894091852,-0.19467189658191913,0.15345545096258037,0.7004868720025015,-0.6919923610686206,-0.08316332692177408
20550,1300,OK,1681,1681,,6.90081,0.4320087855284461,0.048288400571030676,1.7767863920914113,1.8291892311963478,0.023414436069358023,6.761827136210201,2.4510864214208494,0.7060489818579845,0.26129389508787965,2.3336570902320797,0.94010633,0.92919105,0.71153873,-2.732771800374716,-25.955610122455283,-0.07416208775637667,0.16346221547379697,0.6990839511080195,-0.6905658234902657,-0.08763890028297561
20550,900,OK,615,615,,15.735205,0.29067517593360465,0.7356555635164915,11.503967853551346,11.531129933427147,0.024031411155071104,9.5208206580865,5.013725405541502,1.0578825401145173,0.42151070959570136,4.636541849538323,1.5959859,1.515687,0.90205055,1.7111558803395555,-13.438459166361774,-0.010253371781787257,0.16347851970318278,0.7011841640042834,-0.6877855473207263,-0.09255583526714682
20600,1000,OK,683,683,,22.55396,1.7192589693628182,0.12167891909097836,7.593787588189255,7.7869292469896525,0.06194432455878091,7.595238095484532,2.2593085326317643,0.5418286107118648,0.0983881301029127,2.150900005262053,1.0911075,1.1943022,0.8421418,0.9962705957472541,-19.785026706435318,0.4481973563120622,0.18205570014643802,0.7003419803894579,-0.6795287656918794,-0.12090280867553653
20600,950,OK,635,635,,36.0486,0.11448773905698068,0.37883174671309994,4.359213432356508,4.3771409257127525,0.033639891496840796,9.635696105753436,1.4949575159541961,0.2947613096327479,0.205954880783421,1.404444535273667,1.5993713,1.492915,1.3132173,-1.9848922181245294,-21.9638222973949,-0.1443019087795901,0.16810289310074078,0.7076669507942456,-0.6760674273240052,-0.11782078677481687
20600,1400,OK,1551,1551,,8.115785,0.127055902223149,0.08137891249408147,1.6137262017514278,1.6207646293979727,0.014434980155292461,8.609976315000498,1.072503661471356,0.40390152752997077,0.12637608604414313,0.97919972419102,1.0169865,1.0072995,0.8649077,-3.7209745562444745,-27.688662212250986,-0.18704771667579495,0.15658808066458615,0.7064185704637986,-0.6809629750692768,-0.11288225229177418
20650,1400,OK,1592,1592,,6.940877,0.2570184128506383,0.048805208638483144,1.4802204992254167,1.5031610490102676,0.005898087070450322,6.5402045361615,1.082870549352045,0.39753433621435974,0.1340211863919174,0.9811972819929053,0.96499366,0.9604864,0.82186586,-4.3095836623572445,-29.56938198535531,-0.2061582247259744,0.16584243221111522,0.7145720665932254,-0.6713777528351274,-0.10552233091172414
20650,1100,OK,676,676,,24.088886,0.14893232576788995,0.010136513756578952,0.43288571783331875,0.45790133355761026,0.027338519795829182,5.769322081373017,0.5464139476968511,0.1301973343234033,0.11691360620333724,0.5016338558769391,1.2543079,1.1309838,0.9604942,-3.8138365170475863,-27.697567218800305,-0.07461560639447018,0.1733818363821021,0.7201947692075391,-0.6623043871416443,-0.11229929648844916
20650,1050,OK,577,577,,25.725557,0.26647693269303935,0.43696874470459357,2.5586860123050768,2.609372673473809,0.03877740884001205,7.73859847652884,1.8514395469314067,0.43054245479421094,0.09647506968586017,1.7837781477066894,0.9623325,0.99609846,0.7528012,-2.9324007865708666,-25.75313436326463,-0.15598404550104183,0.1798755225473861,0.7076939369775043,-0.6737737431810126,-0.11332709717200044
20650,1450,OK,1173,1173,,5.533222,0.5465749273107325,0.06764548149185501,2.024597943038545,2.0981698914260742,0.028947850371445445,8.55559943928343,2.2207750775711856,0.4940340955988939,0.27781556273459324,2.079137389218748,0.84474957,0.7713991,0.57546186,-4.18094690276546,-30.204579185336083,-0.15181876096264957,0.16274928896880095,0.7123160033867137,-0.6725407833018485,-0.11750521288464147
20650,950,OK,533,533,,39.94476,0.5251498737346629,0.24511792936486237,5.084280612208547,5.117203780665703,0.041281671808727965,11.738764580230646,1.2618633504160521,0.26935608460765326,0.19963374173211657,1.193291842050912,1.5917252,1.5004388,1.2552909,-1.8754760115291929,-23.522091494419005,0.12262165073027481,0.1815764724666653,0.7158586012837084,-0.6640932780806393,-0.11643266561753872
20700,1150,OK,607,607,,14.186764,0.6518952426153161,0.5115615883186189,4.952699303451974,5.021542896003301,0.04016257234850068,5.947397300650964,1.9970451502889814,0.4664554244307242,0.2140640407310258,1.9038289422331989,0.8152591,0.7358585,0.5985199,-2.520048411290901,-25.5919715230033,-0.0696708459296965,0.15259935706427047,0.7267072812449499,-0.6633780379636833,-0.09240964428347537
20700,1500,OK,1465,1465,,5.732287,0.34299928486486597,0.09818523736499174,3.626796964620697,3.644303098376441,0.039613740280138754,8.413387768978415,2.2646003406265343,0.7549301059570588,0.2551902729366039,2.081055042805775,0.6950427,0.77320826,0.6195104,-5.3780950809005885,-33.72633005871238,-0.3997683779438211,0.15045754616754062,0.7197931323296541,-0.6741555738506612,-0.06909873876123258
20700,1100,OK,572,572,,29.225428,0.3489634046735304,0.2725418574906305,4.36698571912397,4.389375672338661,0.03063530904647367,7.9203806411143916,0.6155124402011465,0.13214677100719996,0.13025176677472927,0.5735465574749457,1.2351826,1.1342497,0.94482845,-3.058470168547608,-26.050696596158854,0.04307098107535745,0.14745619393698697,0.7308587365812061,-0.6605178189331535,-0.08842165404656531
20700,1450,OK,1459,1459,,4.811518,0.3464717356904845,0.0926069377665385,1.4721204859255632,1.5151757104826453,0.03639494033374845,6.395940133013297,2.309259144804518,0.5124254131612772,0.31417338695820207,2.1724647651208073,0.7603611,0.69234484,0.5564981,-4.688114576164688,-31.6815159299561,-0.09968487758080696,0.13295043534880918,0.7264589306293753,-0.6671098173028529,-0.09770412226482962
20700,1550,OK,1240,1240,,13.97142,0.2258828772997994,0.4437980308904448,0.2122527279709967,0.5413233663999757,0.006507010530702138,10.441382700641404,0.6446676924669403,0.15417073335205622,0.11605527427320883,0.6106295564291315,1.4351758,1.3647368,0.9702847,-4.791330574607442,-29.852473766135795,-0.5648024742836436,0.13531965929704054,0.7258558615302132,-0.6696641190192985,-0.07982371695224301
20750,1500,OK,1664,1664,,5.39233,0.2381957840343043,0.0034532769755425408,2.633135850991098,2.6438898551997583,0.05447408063461007,6.3160354378117125,2.2454422691125973,0.7296293485002225,0.24585754771189083,2.0748851316155,0.70259607,0.76959544,0.61730194,-5.649530750820419,-34.81899427061942,-0.37766277397517845,0.135662722031639,0.7066848173324214,-0.6917998829110283,-0.06004262491843606
20750,1550,OK,1190,1190,,10.798369,0.14280968078917478,0.24851883232898764,0.6390472973783989,0.7003839398757694,0.014616422710454689,8.333680622080404,0.703405720371749,0.16149044505332222,0.12108580150424664,0.6615224427314099,1.4288275,1.3643155,0.9663006,-5.204151003716667,-31.538684835605924,-0.41263664896616276,0.11550666949715913,0.7156479631599492,-0.684857099609811,-0.07400645404778894
20750,1150,OK,438,438,,16.703268,0.7925957764400078,0.18930976431781982,3.5536251307187747,3.645860367783253,0.039710611387648344,8.018541898875297,1.898167564211359,0.4412629488546458,0.19157639170590762,1.8175611948249228,0.84780717,0.7726307,0.61880213,-3.6343421938907534,-28.932008419391103,0.022629842716344828,0.12983606998603883,0.7161479965612579,-0.6797929633671614,-0.0903115103869384
20750,1050,OK,436,436,,39.454796,1.2577823866885385,0.33478872870196164,6.605067125294568,6.732088216502873,0.05305102228128131,12.000459703181882,1.6261629777841882,0.4012531904179193,0.07684147697724886,1.5665390233032452,0.9680532,1.0111736,0.7547338,-2.452717733114158,-26.109468333320724,0.13476954204112324,0.13012009578860984,0.7137582211450297,-0.6812896093637077,-0.09727502553529566
20800,1500,OK,1523,1523,,5.1026697,0.060046989890918445,0.07735055064236862,1.4823166802346006,1.4855475385127752,0.04757695759451996,4.07351267420916,1.971590934850331,0.6355467006515905,0.20052699708764898,1.8290992702231996,0.790143,0.8658982,0.6519044,-5.794464851949601,-35.80895697717377,-0.2763840860182649,0.0828860617180031,0.7350995316542207,-0.6728186858951167,-0.00857876710216154
20800,1300,OK,627,627,,8.560186,0.27105551474241985,0.30374080953821536,0.9192118584653599,1.005325823897183,0.04473523184289224,4.150414131149426,2.1896451422067806,0.5526376282599937,0.2091099483214655,2.0854908658865132,0.9411603,0.9560387,0.69248056,-5.18715094846234,-33.44405654720458,-0.08164553061127017,0.07319521175509962,0.7339130134251152,-0.6750363745066221,-0.01844024930276936
20800,1550,OK,1052,1052,,9.836121,0.09791275855623338,0.20735503166986402,0.7499057241884666,0.784182129748906,0.031506893142277094,6.087295396752403,0.7014335773192145,0.17612149009012312,0.11824011322377709,0.6553324171189945,1.4165115,1.3981066,0.995685,-5.387563672093384,-33.58705763402034,-0.27254035336096333,0.06254217425516717,0.7444437045084809,-0.6642238594719677,-0.026433156551756428
20800,1250,OK,406,406,,18.653358,0.14254641519524713,0.15833628066256233,0.1081617793602776,0.23893268669951975,0.03155631017296346,6.118320953445031,0.47252950913082087,0.09749184643106457,0.0858694064502164,0.42535378743589014,1.4083716,1.3366483,1.0168971,-5.469843514480155,-34.21403371583815,-0.027381748846094123,0.06842094118860503,0.7421826923390112,-0.6661101123421511,-0.027941800851216052
20800,1200,OK,361,361,,15.277609,0.7535099618207268,0.3823587027235636,2.503655875458609,2.6423981877888756,0.04379219149415231,8.150106145451495,2.420932814809826,0.5208388319257331,0.2740261763172961,2.325552881918525,1.0523435,1.0037922,0.68043077,-4.524641799022277,-31.92423198552053,0.1665326012043688,0.06336828757072054,0.7387308075927106,-0.6703917443865466,-0.028916484954766467
20800,1150,OK,270,270,,17.585915,1.052555344951061,0.5589106602315912,3.4960077516166344,3.693551689047976,0.02927311410951634,10.205986468569611,1.7997190375069174,0.4327545573418158,0.186869467307609,1.7277419424600082,0.88823193,0.8181414,0.6191071,-4.204938268118127,-30.915342718887597,0.04933130069306302,0.08057325193015838,0.7420277287803303,-0.6650716484631177,-0.024135103170589554
20800,1100,OK,244,244,,25.662075,0.7635368276762491,0.28901659100127053,1.7829605229007939,1.9609863088034496,0.024755843121424186,12.202872480377772,0.6570364585878643,0.1334890055989031,0.13408877331832747,0.6168965826615223,1.312222,1.2067889,0.9426846,-4.808472170801657,-32.565730969035315,0.02575966982000688,0.07933792007265861,0.7462532376702918,-0.6603956315847711,-0.02625279963932867
20850,1350,OK,637,637,,11.389329,0.15616155515037822,0.25663317541274056,1.8469896864924533,1.8712610507459675,0.02652112105662681,4.269589232935423,2.493871667049187,0.7468324172466421,0.23630410939151192,2.3429341967284145,0.9140317,0.9407741,0.66950864,-5.2342050976957815,-34.79959596344193,0.011169038400013778,0.11751934758523684,0.7130037237432376,-0.690242828638967,-0.03714472215395711
20850,1300,OK,493,493,,17.644659,0.4158757005991092,0.2764284202721543,2.2942371068022784,2.3479542525593313,0.03584476470359025,6.20887271636568,2.321796250481487,0.6138347748361392,0.21402345729674727,2.2084962846716043,0.9432613,0.9473625,0.687844,-4.984612525667766,-34.38835380261483,0.1087141543697539,0.13073613499710562,0.7081630680796918,-0.6921278541273945,-0.04870488224998164
20850,1250,OK,462,462,,31.083183,0.4226752595004881,0.009632075829269504,0.3605916678197225,0.5556739176707819,0.03541133939622607,8.211286139042166,0.5162978186922819,0.14664528007277067,0.12990383343871503,0.46204361261728,1.480621,1.3533907,1.0283976,-5.536650308870766,-36.24924197497329,0.17682770020449834,0.12044987454387394,0.7196559128493989,-0.6811002892452042,-0.06074200205263922
20850,1200,OK,426,426,,27.84307,2.2514431810703037,1.302972623869176,10.956405421762355,11.260974816691672,0.044007659225557605,10.252860799282411,2.405858743224319,0.53198639659693,0.26514699778580075,2.3265522705057986,1.102472,1.0025601,0.65236646,-1.0304172273012513,-26.44124400617539,-0.31101232349167096,0.1225065340289821,0.7102905016348278,-0.6904450481851986,-0.061361126489735816
20850,1600,OK,767,767,,5.818373,0.2435296468311382,0.08222459796343495,0.9949533458174429,1.0276184767457577,0.1091086003239119,5.692913817092923,3.045497949990203,0.8625510970984542,0.32982295620193713,2.8310249040684985,0.60421777,0.8591811,0.5154687,-5.598815635553507,-37.70467585088006,-0.1742749783646914,0.11426329550983999,0.7182243753850177,-0.6794747659108774,-0.09701385670300278
20850,1150,OK,321,321,,32.214508,1.260104765185872,0.7101125628773395,10.863176938963665,10.959048183050951,0.029188656678318818,12.306866708410299,1.8717317113922927,0.4247453098426176,0.17813325661548807,1.7816685416514848,0.9227906,0.82048273,0.60899854,-2.1047062731500574,-26.260226250040578,0.20485746857400017,0.12904763898070531,0.7231509563973971,-0.6763255980634307,-0.054617639450803265
20900,1350,OK,669,669,,17.565712,0.2599414325257882,0.6230876608871028,7.406687714950321,7.437394079130763,0.03518614402884016,6.3352854276356245,2.849849246316513,0.8769925075964444,0.28576845701416964,2.643821913542774,0.8301014,0.8605284,0.6267261,-3.597679157461692,-31.67179376353796,0.13958431130871407,0.14527335439657652,0.718650206246179,-0.6761515555075396,-0.07250246581617596
20900,1600,OK,969,969,,6.871147,0.5098528348438967,0.10261646854887774,0.42678562014731414,0.6727748645574745,0.14197441523421236,3.6554258823338097,3.1285209595112815,0.8539878115278141,0.31767284376857635,2.9021440717767217,0.5420447,0.7801227,0.47270644,-5.31187675901289,-38.59134376513852,-0.15014258650654572,0.14815116842186352,0.718328916584292,-0.6661481690691352,-0.1352827252087736
20900,1300,OK,526,526,,29.361443,0.4023920748094893,0.7923274663798383,7.08475266692649,7.140267680372451,0.04043234702296609,8.285364693390266,2.5964807676553328,0.7571208151139038,0.26631858483538284,2.4479555191940063,0.8431267,0.84652007,0.6378601,-3.5488094018757947,-32.02848609578363,0.007405934116725764,0.1521929018026284,0.7133252864616776,-0.6795087966822174,-0.07919691639670103
20900,1250,OK,439,439,,42.148354,1.0080267880511333,1.5275449640110224,8.491543894641165,8.686531490596334,0.03481837712966958,10.29620726369596,0.5821101494347423,0.11678040221717612,0.13514489557193776,0.5456769351665312,1.3854666,1.2604395,0.9805007,-2.458281638126209,-30.859798671272493,-0.5361202221186367,0.1524073574564527,0.7161669530693466,-0.6765283301437545,-0.07865310697876246
20900,1200,OK,418,418,,30.540777,1.303913324509551,1.0629294294937213,10.932822066306004,11.061492090284425,0.05718388603140984,12.339892438464174,2.6016845156249646,0.5680921282165228,0.2905599231308478,2.498783313130989,1.0273544,0.9246267,0.61612266,-3.88833219806192,-27.869923166177163,-0.04889661171883117,0.14361366822931387,0.7078540463448685,-0.6887611135130651,-0.06265693802892137
20900,1050,OK,359,359,,39.586815,0.7812293029172261,0.8354457972744607,10.88408574219859,10.944021717241368,0.04534311960582025,18.403588642049627,1.7455705072425667,0.4204191301639162,0.06856506651382899,1.6611651373928966,1.0206226,1.039259,0.72937095,-2.2878742190429104,-28.485321482562505,0.4504273968741108,0.1685501718300774,0.7143358490577845,-0.6739056311093116,-0.08465420654702269
20950,1400,OK,649,649,,16.330687,0.015244806487637153,0.1533658925887592,0.4446153135236779,0.470570162838817,0.02987824693469326,6.381053120081296,0.884752089930305,0.31158885783929513,0.09651662431288521,0.7903995002536544,0.97001255,0.9994288,0.8605971,-6.828396043521508,-40.19028307703924,0.05890960890444236,0.24053737494172583,0.7141742649820892,-0.6389217813494513,-0.154518114830204
20950,1800,OK,1045,1045,,13.065248,1.2896036095226497,0.004210975743105805,4.028621946378665,4.229998816649289,0.06658219968213208,9.41086737554207,2.4212929275114314,0.6655499576567655,0.22442351558011564,2.3038811362254887,0.6962307,0.84356385,0.55387086,-10.106480333704933,-43.37924007178467,-1.0940679759513023,0.22592590691176287,0.7097667866226743,-0.6453388649127291,-0.16948847343277093
20950,1350,OK,536,536,,15.880555,1.9676563744624829,0.6383017295529136,5.799138738684052,6.157037503249363,0.049357874032960214,8.432586110874718,3.0860739907023906,0.9626346127369052,0.30462777914287775,2.8833057754798785,0.81703955,0.8788255,0.6233704,-5.542912837587517,-34.63851206562226,0.21274430046286041,0.2404321032016095,0.7098421278909216,-0.6480771093911221,-0.13532412018774417
20950,1750,OK,1149,1149,,12.255517,1.361535151824382,0.04747487531832584,3.768843602721281,4.007519673715034,0.0626411652362882,7.523255104588373,2.4471787118258836,0.6255274879986794,0.29817497071084137,2.321106330699586,0.5975815,0.74540347,0.4943198,-10.057625422097775,-43.10856057027589,-0.9111012915239335,0.23114499150027176,0.7056828076940542,-0.6499813462082443,-0.16157975557195942
20950,1850,OK,896,896,,28.775671,0.6706885827308495,0.3109924389335015,0.966863026190298,1.2171128063960153,0.030929401245988985,11.208141192549357,1.971835689115046,0.3205848217854177,0.31170360767944283,1.914611417653675,1.547248,1.4955807,1.2728592,-7.980882936553776,-41.051108601031714,-0.7132479840538632,0.22927955159811125,0.7229619707884505,-0.6322260470330705,-0.1582627608301654
20950,1300,OK,494,494,,23.653814,1.1716689919987484,1.1496221489749723,5.993200253232484,6.213926986018673,0.04882412327905584,10.381257893177674,2.6360519776385285,0.7513902623261233,0.25546180868912466,2.4948633497422947,0.86135334,0.88417906,0.6507385,-4.810448293665929,-34.830941973393514,-0.11101106738794769,0.2388239636938281,0.7086515785242297,-0.6442949477644367,-0.1601876240722372
21000,1500,OK,509,509,,12.149837,0.4329821643049756,0.25960320106102297,1.0790067959166785,1.1912695086510556,0.06484807915856931,4.199149311263056,1.9302104919959788,0.5509783330952334,0.17368173894097094,1.8011770293669587,0.74698687,0.81647986,0.6561274,-7.599971186466389,-41.20469941372944,-0.14915593697912047,0.3953495744770626,0.6450587810605177,-0.6014177719977128,-0.25669933085777946
21000,1450,OK,435,435,,5.8345795,2.860574815297728,0.24414399694982458,4.134861615363604,5.033842979610069,0.02899787072554018,6.15448310928062,2.000112069261691,0.421118232211689,0.2391105445952113,1.9178799500232708,0.7770893,0.74820125,0.5896835,-6.493920009803334,-37.451864700398346,0.06600390431854794,0.38229951665396716,0.6455251906907244,-0.5983822494321388,-0.2812169826208588
21000,1400,OK,434,434,,13.9450655,0.8946858835156632,0.26168516558219246,0.90987227322496,1.3026164092439259,0.02271766411876856,8.179104795479928,0.6470828686340269,0.23424557467637386,0.06691981672474798,0.569310403389478,0.9345829,0.96678746,0.83875716,-7.989669172649478,-40.916915984417905,-0.15376882666270958,0.37682476110463664,0.6499091280708893,-0.5983396552958692,-0.2785872961371182
21050,1850,OK,1280,1280,,24.15182,0.09577620392033981,0.21859084182942523,0.7912005030137745,0.8264098700634795,0.009744935758939234,7.46019199271942,1.685889184077716,0.2963767158655459,0.2578626624257936,1.6473262699993043,1.4468596,1.4071546,1.2041969,-10.5861192935713,-43.43510528736087,-0.629249315119302,0.4016245186910385,0.6539526047119574,-0.554090535566182,-0.32253281255186944
21050,1900,OK,941,941,,13.919482,1.3740190505662966,0.500951400915636,3.2525040753814274,3.5661833124183677,0.09229184415961128,9.06161106129477,4.825745276896317,1.2054881143113343,0.3273368442847969,4.478961557464988,0.9495182,1.1178267,0.69020575,-11.880804393913273,-46.11922089790478,-1.6706142327248563,0.39487062950541285,0.6347101309610373,-0.5578273985143605,-0.36062283493439884
21050,1550,OK,550,550,,25.361454,0.16361389247100855,0.061614224674438334,0.19342269084744323,0.26072620855298095,0.038816163929454334,4.039866754793155,0.6475815964076583,0.1835767117136834,0.16698811142348974,0.5710089556947708,1.3632226,1.2821345,0.9256031,-10.105157072191686,-43.23796149047117,-0.39297015208499836,0.4164347595397323,0.6458307900512306,-0.5526075598322613,-0.3226601408372633
21050,1450,OK,333,333,,2.9177964,3.2629597873116754,0.5101579229852766,6.320820098870332,7.131615132792912,0.3290252073533925,7.816583069359441,2.1080303975001726,0.4592455858750263,0.2493727236649842,1.9988094265237901,0.8052289,0.7753887,0.61155534,-6.035280436784208,-37.157746382703095,0.25470701978992755,0.5197357785776112,0.6096280632360694,-0.5582235323324868,-0.215904684830145
21050,1400,OK,321,321,,12.823876,2.0124494811417124,0.40644848617845863,2.9593131822417993,3.601761762895263,0.01524223716336362,9.796638473355259,0.8168980673561614,0.2826914602917173,0.0831927581711343,0.7204059118810284,0.9632426,0.99349165,0.8710094,-8.29227321015754,-39.912853200019846,-0.1401593381301613,0.40000843909169514,0.6488010995857277,-0.5620101293073541,-0.3212397802074133
21100,1550,OK,533,533,,25.296377,0.5414869421784034,0.2029591035628041,1.4932561108366178,1.6013164330698777,0.03483660576913155,5.958774220550813,0.6489315277443002,0.1846655262999488,0.17125679947039885,0.5841981673972771,1.3711703,1.2915802,0.9309773,-10.677161034087975,-42.66742079764747,-0.5458429592047704,0.37458795127069094,0.6829668893932744,-0.5651802428205857,-0.271682513019453
21100,1900,OK,662,662,,13.994965,0.16283558735911935,0.19550102578475004,1.3891987156084316,1.412306323373791,0.043831534801050176,7.143455205397556,4.741641812577397,1.2036594691957514,0.31966395899083994,4.348267447400046,0.94798714,1.1143609,0.6976922,-12.580279981901644,-44.878770717872364,-1.3493693295225613,0.34839093002660115,0.680817295190861,-0.5782295855544552,-0.2841867640016383
21100,1500,OK,281,281,,17.087715,1.077774843116883,0.19811570485997276,5.467508686602983,5.576244227349342,0.06971961549508023,7.8018063535090825,2.1228447495861533,0.6502750502694822,0.1928005605063977,1.9846495619690039,0.7862854,0.86780137,0.6539193,-7.803173345402735,-40.030081414622906,0.25247625738562934,0.37176748782972896,0.6933170628868585,-0.5659608297805249,-0.24655369487568468
21100,850,OK,258,258,,15.157785,14.498181607504637,3.7011803329806634,21.522968776612373,26.213244567211817,0.06777866346497854,33.11618895131847,2.1677902244518363,0.5409618178464499,0.1908482617972881,2.0396125712967645,1.220925,1.2582134,0.7603776,-2.3213824797885714,-19.51768505265037,0.29946445215543593,0.3758600497615823,0.6754816384508265,-0.5794828933807082,-0.25817311128026194
21150,1600,OK,680,680,,10.472786,2.4085697769228007,1.162531295773483,6.061585828512352,6.625368679581575,0.13789770734094833,6.24685589536306,3.5371696374577413,0.967578127571119,0.40177241697254207,3.2779231805436204,0.4535409,0.6515606,0.3969874,-7.118083844300635,-43.1020003404647,-0.4055989953514293,0.3682148252090698,0.675718554762064,-0.572464313886167,-0.2830315999554851
21150,1650,OK,657,657,,13.054833,0.13713705206755877,0.4767213976528649,1.3033696296295525,1.3945760120805744,0.04073970213065023,4.300631111946054,2.5890267407956973,0.5876388695295636,0.23976901527687478,2.5253220174298874,0.82537353,0.9354366,0.6387545,-12.051023569297884,-44.51536420646736,-0.8251845079112784,0.3184510051898175,0.7055476731309479,-0.5828608263188528,-0.24711271795681425
21150,1550,OK,470,470,,27.984175,0.7978572862682748,0.286532033842515,2.7665273663503145,2.893501429831081,0.031900174619700565,8.049045280509592,0.5651476375996414,0.14618310976078386,0.16239686013696103,0.5048412171408709,1.3877748,1.3034434,0.91764843,-11.651525882148913,-42.84276643813422,-0.4713366969411861,0.34191902849257294,0.7050060554275681,-0.5781246724516389,-0.22766137763758082
21150,1900,OK,557,557,,13.721333,0.09024052590776122,0.12345339169933378,1.9141084554459353,1.9202070908232276,0.06891223919619766,5.052114009077372,4.8289455047929835,1.1750155719814819,0.31309549738640685,4.480108037911814,0.948591,1.1284474,0.7422587,-14.552337439111616,-46.51909257475147,-1.5138491517603585,0.31662497932628686,0.7013478172205273,-0.5811140908095633,-0.26488917533414774
21150,1450,OK,315,315,,6.026202,1.3857612858469561,1.3190050899752563,9.010133699691778,9.211005268430492,0.047642620924387,11.634077514213754,1.9690075264074944,0.44508162847628696,0.22259077625464602,1.8682223304482675,0.83911115,0.81332386,0.6131364,-7.416688559525749,-38.12361441246243,0.046764555099363836,0.34352367015134533,0.695225437691309,-0.5812567152951895,-0.2465638046366993
21150,1250,OK,272,272,,28.246998,4.390581513969652,1.6796001826478106,5.618311179915075,7.325550035234305,0.04739123019903579,19.26014534778613,0.7196289108731998,0.09593651581278506,0.12396498229398123,0.6873253315479122,1.4725292,1.3865108,1.0221901,-11.553393120431764,-38.36191498767868,-0.8083236737675505,0.31483885068919387,0.7052658596281888,-0.5881344341222605,-0.23994677063738062
21200,1650,OK,671,671,,18.853077,2.0047304720791037,0.3412092608808023,5.666274425550831,6.020135703706746,0.05592670066245847,6.251675895017268,2.4871440249182717,0.5571140428798684,0.19304063883691347,2.4121057052017174,0.97088,1.0902237,0.6827583,-9.097402278053838,-44.5339315044687,0.01817145676128526,0.3560963209275031,0.6796866194438281,-0.5919458540243671,-0.24662038738571518
21200,1600,OK,666,666,,13.501936,2.245006381956748,0.9855445630934001,8.058294649457522,8.423031781867216,0.12815186339722356,8.195005168868512,3.5019361971549543,0.9425655841470548,0.37557464465788315,3.2440371361451237,0.5071272,0.71682674,0.4157285,-7.148892432312198,-43.156370271389,-0.16558930800774255,0.37022319700550016,0.6614745634175149,-0.5911837129150281,-0.27547777393945283
21200,1900,OK,668,668,,11.898718,0.03369971387642806,0.3075739814710642,0.06085097472643186,0.3153415068120156,0.05285371346672126,3.0851205361739433,4.679281218191789,1.1641912396834102,0.321229221615872,4.310745625887487,1.113885,1.2931833,0.82061976,-14.487270386934586,-46.83569111409831,-1.3563116805199291,0.31963585666400873,0.6880815382729074,-0.6035636186589619,-0.24512787286221419
21200,1550,OK,464,464,,30.005322,0.9187679149241481,0.7998309580107326,4.713573942572165,4.868433357352418,0.020483323625831613,10.020186228194529,0.744433209831008,0.16696664717262844,0.20455831663034335,0.664358946571296,1.5826685,1.4409925,0.98945445,-11.561681911599727,-42.94826225739096,-0.8237602371869835,0.341536891819546,0.6872215893514766,-0.5999155178094098,-0.22623087796970145
21200,1400,OK,401,401,,12.889519,0.7604030025432842,1.023945493222492,9.480901957720379,9.566304355981657,0.029803212212097283,15.522587478555508,0.9227028282308112,0.34045382484562015,0.07269776410513029,0.8058135103912849,1.0728118,1.079619,0.84950584,-8.084165195129968,-39.79843557442883,-0.055690443322307215,0.348049510195137,0.6834295086057817,-0.5982820405655414,-0.23204362770073417
21200,1500,OK,355,355,,20.776453,0.5273186445561445,0.7356286675166029,8.685369287159977,8.732402541323355,0.07147760799991716,11.875161555217352,1.904151310775067,0.6179552092165685,0.1561490229078707,1.7463279250191386,0.8541242,0.93568385,0.6642232,-7.834338415104703,-41.309095098507385,0.08363816851653988,0.36822824373640006,0.6827372975002481,-0.5937311218651488,-0.21391843783464728
21250,1650,OK,611,611,,18.513826,1.7962722804772864,0.6871386150861231,6.6458770194806345,6.918557287470731,0.08028882194383079,8.334356077915507,2.606547506449591,0.6130575839121652,0.23162737966495905,2.5271827742691224,0.92899364,1.0597937,0.6685939,-9.899777468723709,-45.6002812801724,-0.24634588714912137,0.38296053980707656,0.6748742878608772,-0.5605717894068117,-0.2892147808397618
21250,1700,OK,605,605,,24.085777,0.07677600486842695,0.5473570878509788,4.2566308234995915,4.29236535072576,0.0044992236804790335,6.410214578726931,6.134559063975395,1.0166953600055333,0.44754786947655933,5.802444430518678,1.8288293,1.8130773,1.3219937,-12.697633524051026,-45.560496335783846,-0.7023940463467406,0.36396856681808715,0.6881067062916414,-0.5727553354382511,-0.25688006705829297
21250,1900,OK,726,726,,7.854907,0.0361227287409176,0.23185670037483386,0.08245144084447698,0.24871795499667027,0.024617136600081975,1.0477454805913764,4.687542612170445,1.1827707686233755,0.31946752409574447,4.331308584846187,1.0663188,1.2395962,0.7680389,-15.95522199762696,-48.13962561600026,-1.3119120164840565,0.36867201678467326,0.6824556566879921,-0.5715125074532668,-0.2677847540823833
21250,1600,OK,559,559,,13.225285,2.223819649486612,2.2620926771540093,9.119756306919562,9.65569221812065,0.20688940274755271,10.275400442136595,3.4974892432065436,0.9755905973254154,0.38977176435643185,3.252021684946215,0.5094057,0.72265506,0.4245052,-7.762241898770239,-44.42139781393789,-1.2755938679966106,0.3849492089339418,0.6406899445107084,-0.5663973120422672,-0.3471665111373685
21250,1550,OK,313,313,,24.73304,1.800645592649051,0.046618589049355785,5.3123519528921035,5.609418964078896,0.060115806252398644,12.106364708962785,0.7993362286289829,0.15600581897449603,0.19466246089315953,0.7350629319901398,1.5492655,1.4011215,0.96934843,-13.016378690065944,-43.638881143813464,-0.2662250930366531,0.3813364644513353,0.689142586213611,-0.5703997261562829,-0.23304323450254602
21250,1200,OK,246,246,,18.672909,7.7932810750312775,2.213981542612605,14.888351267083223,16.94992470890442,0.040419236005245225,25.192301442878023,2.38081948633756,0.5567158842650779,0.24084309318753627,2.273814227100708,1.1456903,1.0424649,0.665891,-8.667075009926316,-33.058288648869784,-0.23768389441142368,0.35637586765550205,0.68178524119007,-0.587055011774016,-0.2520546349488461
21250,1250,OK,237,237,,25.450455,5.0932952298302485,1.1320917656248788,9.241310699521481,10.61249789206563,0.009687977766662985,23.23694065514947,0.7675655016729193,0.12952183468620526,0.14845513860744108,0.728903472027663,1.5710056,1.4557439,1.067085,-11.690284130005875,-38.58123041224551,-0.45691887844370593,0.3602994334867365,0.6890819359111895,-0.573059876359443,-0.25875235638912353
21400,8850,OK,604,604,,10.743711,3.315650446003947,0.2009555972272638,2.086960906564678,3.922923254114513,0.062019885383582614,6.753969539138973,4.188175670824159,0.8914817207098658,0.4299975983320584,3.902706421733855,0.9748918,0.89528745,0.71588284,-25.711192451829294,-47.772636585540965,-2.3507348023284336,0.3271276204884296,0.6773192509040874,-0.615511478490673,-0.23531207388174855
21400,9250,OK,828,828,,14.238884,2.471933655136448,0.22624042233078,2.2269628945247826,3.3348170051267956,0.07141075806223228,8.951679146131834,6.282301168909047,1.5929923100988432,0.4199233132231015,5.807140983099643,1.172535,1.3852293,0.9380488,-21.601692605928267,-51.758435475672655,-2.2055941278432574,0.2940199473060848,0.6707625720306621,-0.6394837811796134,-0.23385965055383612
21400,8800,OK,565,565,,10.106455,4.08056358929677,1.117946893653556,3.466812873290996,5.469880799591555,0.27469662156533015,8.580214595343797,4.783407442307022,1.097944822500397,0.5764858755152389,4.61186483968917,1.0498103,1.1809672,0.8702891,-27.341416212663884,-48.095536433545135,-4.3775109734312085,0.2267873119141845,0.6629448388482603,-0.6339179616794632,-0.32744415349697015
21450,8850,OK,653,653,,12.507098,2.6554597725562274,0.37953202324873625,0.7158364093284701,2.7763164310387833,0.05874471424221128,4.708064856764508,4.346418124348167,0.8403393303068736,0.446746407363688,4.004104835247203,1.0879173,0.9618769,0.727834,-26.350760251652712,-46.92481006286708,-2.427687563872515,0.29015577276464,0.6916577051983249,-0.627393570838017,-0.2092762615354735
21450,8800,OK,617,617,,10.408127,3.0731357608132335,0.3120323419247141,0.7141215421832214,3.1704096208228827,0.0709679239595864,6.53288802972653,4.8643740580316335,1.225120055148364,0.590645106186038,4.585134403963952,1.2173432,1.319437,0.9134347,-26.702971747791825,-46.77801744701427,-2.2993691065520574,0.29559368543711434,0.7006799959355346,-0.6146512442758992,-0.20946542515549516
21500,8800,OK,693,693,,10.292228,1.8529857503087164,0.2777572147807646,0.2747045983037113,1.8937180037004264,0.05439362560083057,4.544745627874535,4.7682162043110825,1.0627030519279297,0.5561378128621186,4.61154987783188,1.0443181,1.1911893,0.84875363,-27.557391698948692,-47.149473658422,-2.573018671046784,0.24855984437097633,0.7117611421008921,-0.6315446255064949,-0.1810123375777759
21500,9250,OK,667,667,,14.68862,10.02392458790271,0.5746751017065386,2.722744756811685,10.403011805589161,0.45354835956964007,10.78412034803709,6.298754811698456,1.5794278810759863,0.4537592432051308,5.768770048846978,1.1470065,1.3723578,0.9488162,-18.28900844145548,-56.48261536183661,-2.7662339771735085,0.34714643857550564,0.6488558228629696,-0.5866635450035244,-0.3380848359288819
21550,8750,OK,594,594,,20.729511,2.4672821294392566,0.08775153894919446,2.1907913836124457,3.300719364827734,0.06545925257044743,4.315225319285064,8.51245338379048,1.1824480941891604,0.6331299541675119,8.115593842861365,1.7500783,2.2023668,1.7051432,-30.663485640468704,-48.85725050099733,-2.8754690318964204,0.11192012799693332,0.7347729950081704,-0.6651400184154008,-0.07191165870868202
21550,9200,OK,556,556,,13.891732,1.6699067316345682,0.06503574578669147,0.8295348771034607,1.8657294157834168,0.07388968495462558,10.522902421242575,5.093799187548252,1.134061000665239,0.3267013271572623,4.682587936560809,1.3241369,1.5372247,1.099943,-26.43154066965466,-47.763654375536845,-2.4257638295486625,0.10862499788309746,0.728354278117716,-0.6720549169278588,-0.07773573191014925
21600,8750,OK,653,653,,18.754463,1.9442501867347912,0.4050874202057276,2.3265956275178588,3.0589625399165024,0.075040793940379,2.4351528360618935,8.442718014677117,1.2251887939697141,0.6613297150585238,8.05907838557037,1.784692,2.1880593,1.6592628,-31.861152947500422,-49.62765055303539,-3.3585181930142993,0.0428139823248319,0.7389154468930299,-0.6721633462538158,-0.01916666933078486
21600,9050,OK,649,649,,22.427021,4.89181732458081,0.4834575663116232,2.4803710565134063,5.5059829761344465,0.07995907780222067,8.030746141864444,3.6820649389831086,0.46567101110204057,0.22315931345766682,3.5922578002812817,1.2943997,1.3819984,1.0052285,-24.260789295059592,-45.90545306422833,-2.0089396814732305,0.09683025763661847,0.7408540032873112,-0.6615810796584626,-0.06379437324038707
21600,9100,OK,681,681,,15.423869,8.20897770440918,0.30796794385882875,0.31749708348519823,8.220885816258079,0.22823855518506586,9.362529451332135,4.266378937264475,0.8405808690119352,0.23108128556995539,4.070142030819669,0.76301765,1.0613551,0.70199287,-20.909234381937598,-48.75929258175841,-2.4130667783848194,0.135864498360327,0.7269945229071132,-0.660216199257601,-0.13089832690375827
21600,8600,OK,576,576,,8.652872,0.24765615518550277,0.04863273090636999,0.45414682036500365,0.5195652491885115,0.048175181723366683,7.16511883137446,1.706570951893505,0.29112138483643224,0.15936711081240373,1.650894114878227,1.9457165,1.961558,1.4858446,-29.440525568020853,-47.523447731920925,-2.475230428243048,0.08342336213506352,0.7535016760401574,-0.6504026227901288,-0.04745729788427987
21600,9150,OK,545,545,,13.415638,9.235628698681182,0.5428401577979096,0.9732303110113887,9.302617380882268,0.310682473378509,10.65690377399219,3.589788689327083,0.7256166008497389,0.2374743115020993,3.415123216974326,0.8537584,1.0700552,0.74058235,-19.77022741661526,-50.39172728531845,-2.292779188405278,0.16250173508162571,0.7267417773409304,-0.6473558369975027,-0.16238840927870862
21650,8600,OK,686,686,,11.199956,1.0566400671579892,0.050748025235721805,0.028271262346887926,1.0582357288731334,0.0509195643810369,5.143814747572834,1.8468277897408214,0.3093059493248147,0.168921500144102,1.7883974583319473,1.9906468,1.9999553,1.4626921,-30.57426121066266,-48.47038423513269,-2.864735397485445,0.019433462832491248,0.7370167718179484,-0.6751021413523864,0.02580149846056605
21650,9650,OK,652,652,,10.4519615,3.0289814371504855,2.5308914241798712,21.4148860087162,21.775616701115453,3.1163603200157786,21.27060251058492,1.4590274865452542,0.24585558125584595,0.13230380289099275,1.3986364944321175,1.2390555,1.2353339,1.0431749,-29.510169592677055,-68.95427295911412,-2.335604227817655,0.7557657821257358,0.059389483451290394,0.042764242139135315,-0.650739726324995
21650,8650,OK,564,564,,8.816921,1.0363840854709316,0.32638106658766775,1.087326557580474,1.5371713034220118,0.04529268258086113,3.5885006343989088,5.3712197302289395,1.0230734100521899,0.5218659528794605,5.135262661341376,1.5599335,1.6507481,1.1006898,-32.672165671314836,-49.386491647537575,-3.5098227527898915,0.0037148586771000975,0.7290473921436499,-0.6840736070154657,0.02279034923826745
21650,9000,OK,534,534,,16.272375,8.74472229305633,0.6323399766621235,2.4490435183597175,9.103177246631045,0.13048807131630924,8.274019811655462,2.867931260573428,0.6497663562668439,0.22735634624840811,2.6746509070678535,0.863453,0.97555584,0.6782365,-22.681928318295657,-45.40107028615222,-1.5757707988040637,0.050793492567586064,0.7387558632314667,-0.6720546923301522,0.0015120089091093744
21700,8550,OK,694,694,,5.863601,0.32393073227464075,0.27928220508571316,4.974667782005476,4.993020049099823,0.41422659503281306,4.661716417526025,5.332683882279072,0.9469886081450384,0.21582983899953573,5.128897125197781,1.4778512,1.682955,0.9504404,-32.45238661592484,-46.0895792950842,-1.2981525078661758,0.09561350342119848,0.7799716684800394,-0.6179894016853685,0.024317765862595243
21700,8900,OK,657,657,,17.714619,3.16081247285502,0.36569603194688227,0.17403895854334017,3.1866532028804784,0.03481615663766675,7.233741004259044,3.3209387191896473,0.559898499840858,0.21957787721872563,3.159673803383887,1.0958796,1.2081757,0.8562478,-30.507921155209896,-48.11685659171626,-3.197201305623709,-0.06115763342508808,0.7040401149402122,-0.6955946028949617,0.1293654082520363
21700,8500,OK,644,644,,4.623145,2.376875941153963,0.12246371432139863,1.5032404307710134,2.8150077075678763,0.05528388194050093,6.307553038334319,3.8544522850284166,0.7198645988216799,0.3138089781971499,3.6949120535610964,0.9149507,0.92075586,0.6908126,-35.42217159891161,-51.14854471831948,-3.456888281610429,-0.044780585280930874,0.730051887232935,-0.6672076043406843,0.14090051043020504
21750,8400,OK,690,690,,4.79679,1.9650394578318746,0.23473847765547,1.478158642205743,2.4701083367447105,0.06883847860308856,7.723341274422933,3.1444809503780347,0.6249595607752694,0.26752260563810826,2.9699145824418975,0.90518785,0.9088596,0.7289618,-35.73305203690438,-52.81463125397359,-3.571456382573008,-0.12254871916501425,0.7007932038116966,-0.678787925313502,0.1819825523805617
21750,8450,OK,664,664,,8.762742,0.6801656324672907,0.22152042806581912,1.1986654913123358,1.3958852201034069,0.029836955871258192,6.037299198572449,2.1505730510974495,0.280613220953936,0.20791404755586362,1.9970186949717328,1.2100886,1.026385,0.92255664,-34.97267954542316,-51.80051441620544,-3.182938153812165,-0.15064061316542227,0.6980388036888308,-0.6737363091855445,0.19007530059124497
21750,9550,OK,705,705,,6.2903695,0.7813751107070088,1.412138353727945,19.617437299855837,19.683712251693706,3.128829140400987,19.409198412288323,3.2026879960272776,0.5506335836034575,0.3165633242037882,3.0647950584266703,0.6883564,0.7286125,0.6205582,-25.838370316737397,-67.2618843322888,-1.8268599849472833,0.7281191397986081,0.21361662606838294,-0.13885056808678775,-0.6363418696487542
21800,8750,OK,696,696,,20.899517,3.933469060752206,0.841442441316274,5.427052059192747,6.755227478562907,0.15972074416445523,6.987265435739158,8.304177789947971,1.3040368976933063,0.6958645158032426,7.712735952752709,1.6271054,2.0682702,1.6322927,-30.76622750095826,-54.08517646486198,-3.8998689758801106,0.16713782566069774,-0.6680055827165471,0.6977875667718876,-0.19729673173043
21900,8650,OK,633,633,,11.854599,3.796748676735441,0.28293337178309447,0.2043647922395414,3.81275710942462,0.035725508318080954,7.716501799148466,5.405721294339397,0.9935680872978123,0.5059900101350865,5.100482547150074,1.4480053,1.578583,1.1210006,-36.17711029405824,-52.047479057597215,-3.958660819399776,0.37570156211019246,-0.599254946437713,0.6090134501243782,-0.35894910915824324
21900,8200,OK,640,640,,6.734675,3.1524341148226656,0.026660147627473107,1.4207919465667578,3.4579186467003873,0.07768608785843885,9.017618008529334,3.191608257172415,0.5601073718138365,0.30804540823103876,3.089871119539631,0.91034937,0.8804685,0.70561713,-37.57992728483873,-59.01287996919822,-3.4687344714042907,-0.35380205561302863,0.6367439586039831,-0.5957509257702601,0.33832243654419697
21950,8650,OK,676,676,,12.251254,5.340421568968408,0.38724035904978693,0.5906711171206449,5.386923982996284,0.055601029802156136,9.690631685906704,5.255844295657402,0.9880537441410955,0.5389717241528714,4.956510116166004,1.6643828,1.7490746,1.2168014,-36.218695244684305,-52.49034870066251,-4.193681520318472,0.41852296852765936,-0.5550345039345264,0.5948154946855342,-0.4036951220153066
21950,9950,OK,676,676,,9.255406,2.0160734395651305,0.046532729979627215,0.6294691629525677,2.1125692499389315,0.07177858564652444,7.99224946424291,0.9468047574392733,0.26807983839426414,0.09115084248489186,0.8614002837003096,1.0069253,1.049724,0.7942949,-38.82490536475422,-59.495866906353164,-3.4222493934789355,-0.4421570787330243,0.5728224507197757,-0.5479104627667696,0.41972095786173547
22050,8400,OK,631,631,,11.347388,1.309176771725908,0.05389914513503419,0.42161788861144867,1.3764485393468706,0.03943568740994826,4.5633577558275515,2.860463011254946,0.5681134408640042,0.2308811226093478,2.7448947999863504,1.0168868,1.0173653,0.6763968,-39.01369369308413,-59.96160049331293,-3.9698505486829183,0.5419403582979244,-0.4823913481824565,0.5110790976769247,-0.46086591451784503
22050,9850,OK,757,757,,3.874657,2.589681122327656,0.08096605545375413,1.19944580097786,2.855113666206547,0.08058622257882517,7.660819096151727,2.717922515995194,0.5757955279675855,0.36704459605929585,2.547017030995778,0.8059713,0.7299719,0.6200304,-37.15450819590499,-63.7315373031263,-3.4174472518644707,0.5268731210358749,-0.5088135831300609,0.5337019216735732,-0.4227004976980747
22350,8100,OK,863,863,,4.4346795,2.3767940317695855,0.09746913224928516,0.9262536010833055,2.5527623929219776,0.040274977682016794,5.013541777703274,3.8989483458488436,0.7617238238511664,0.3549392304115031,3.785243468531781,0.89935386,0.9394609,0.714364,-34.81462523917653,-69.13011950488252,-3.0556968304747616,0.7585642888022551,-0.04045798024319668,0.16290638908992375,-0.6296069249795879
22350,9950,OK,767,767,,5.691318,1.1768077403776722,0.08334626284323654,1.2850157839990803,1.7444450757961707,0.040743316887368757,7.374983492246352,0.8854039761357325,0.2624397598504107,0.09255375505853003,0.7673569500554054,0.92450994,0.98513633,0.77737516,-33.68491894190577,-69.19264803235652,-2.8418002740733215,0.7644160990741153,-0.041525507083223945,0.17027171114374892,-0.6204443602144943
22400,8050,OK,659,659,,6.4589987,5.116793097366667,0.08904621361535492,5.322790496126653,7.383874287599609,0.07216203972568452,5.03298732597317,5.228010520398077,1.2085597174029652,0.458825566976667,5.009344540967263,0.75090915,0.99169797,0.6777617,-36.18729764777965,-76.29390872219389,-2.337288317934988,0.7576615518708777,0.07392898339500516,0.08720615059927592,-0.6425562742114115
22400,9550,OK,830,830,,5.853883,2.6883042755642315,0.0013149381851664532,1.7288708522859946,3.196244050594926,0.029337567337319972,6.571803683735669,3.052658953001793,0.5576651978064164,0.3111016810406535,2.9142458438663734,0.6279114,0.66224706,0.54172635,-28.267890587352053,-69.00148684926106,-1.8988070203723693,0.7606352322946259,0.06348334176573041,0.04363646695351376,-0.6445927144035767
22400,8100,OK,548,548,,3.8892217,1.4333537248310524,0.14246740010214778,0.11072118525083363,1.4446657196189945,0.15673386237894493,6.822099955829349,3.9421594655600005,0.7543936535246611,0.36448851287446665,3.813629672475285,0.91730434,0.952436,0.73030996,-31.904775482500558,-70.24822841221709,-1.9770011689700278,0.7638745919858916,0.13910154441759942,0.01547778413756796,-0.6300054017682842
22450,9800,OK,830,830,,6.7243924,0.08944877914506133,0.3385124066578644,1.5265028760334212,1.566142638487998,0.05529336853057483,5.321667541661233,0.8192382857148324,0.10331101367660456,0.0871516147851435,0.7821499255167681,1.1820594,1.2630361,0.9878738,-29.391336715667087,-69.21354484419055,-2.380760443522518,0.7496926307747536,0.18529731638024846,-0.024389626305235255,-0.6348472336184495
22450,9450,OK,831,831,,8.264903,2.887395263571789,0.12124133833353976,0.4638134095429076,2.926922231472768,0.04380010395399278,8.453929435728023,3.4402997209231234,0.773321746930903,0.33351299720534255,3.3428478263146015,0.783649,0.8189447,0.60164344,-26.527518297911477,-69.06775247257686,-1.342416311906667,0.7641947030398877,0.1510606190885255,-0.04763936567447859,-0.6252340650064603
22450,9400,OK,751,751,,9.211015,3.3279927306126664,0.10648651513104834,1.043906305092002,3.4895007331603103,0.1059296684045613,10.244883240989893,5.13133831202045,1.273565377055232,0.36931918842548894,4.810208147197475,0.90161353,1.0571959,0.67504334,-26.65693828078395,-68.13485238623589,-1.6802977677713256,0.7603301046415166,0.1217181575585356,-0.02975967301176196,-0.6373360055407263
22500,9300,OK,630,630,,13.357539,8.972405037014424,0.28906411877353744,0.42576153569026154,8.987151000082143,0.24154062640736382,12.02109473267265,5.226846001661325,1.2749750030324076,0.34940562219446214,4.866131640157365,1.0654738,1.2519671,0.8064267,-18.957221198384637,-63.689828774643,-0.9180020074795359,0.6925848376251557,0.35601722160507093,-0.2099428061552256,-0.5911869406169356
22550,9250,OK,720,720,,13.506111,11.833637362419555,0.8501931145198927,1.3826985762235258,11.94444041845074,0.47099737710236506,11.863218292470396,6.534726805631543,1.5937232219617234,0.45177099505436424,6.027645566340372,1.080108,1.2853112,0.89120924,-18.416503561988133,-57.428957333819355,-1.4219089297275431,0.6086820072823506,0.49061271694636405,-0.3490713815342853,-0.5166764428295342
22650,9700,OK,682,682,,5.7098565,4.0453641623563525,0.21597398723391292,0.957027100962561,4.162633402212551,0.03462773212394742,7.211748114286306,4.455169814224438,1.0936608256385045,0.38573256542808704,4.29334683911055,0.6686272,0.76023775,0.5614719,-27.84111440560956,-67.90710850966288,-2.0426368990453057,0.6560603933223687,0.40840888833982464,-0.28954342311784786,-0.5647579537889896
22700,9600,OK,687,687,,15.7011795,3.0933037789580067,0.029013744923849144,0.1073541247980273,3.0953020812873078,0.06721477800802626,5.752205830732978,3.2678286874781186,0.7333120486316318,0.3282311165461006,3.1601775010053643,0.69672596,0.71912855,0.60232323,-26.245835356338834,-65.83897704919974,-1.9029469270685677,0.6550432715633757,0.4126765625657218,-0.2618669288215309,-0.5762309247845596
22700,9650,OK,567,567,,21.6114,0.9054191686901474,0.3431788892393509,0.4276621398759529,1.0585133569938507,0.038339740626373374,7.126980782539694,1.2997878661380091,0.21247498249351748,0.12031312078811007,1.248779885626575,1.1650718,1.1420462,0.93066186,-25.57844692166609,-63.72308801342405,-2.0800970372185317,0.6526232395082723,0.4179050075611315,-0.2744311154787258,-0.569320537804637
22750,9200,OK,668,668,,12.742649,1.911270378556111,0.3105025229749977,0.282830370123889,1.9568748797468567,0.035997690495639945,6.814503984038407,5.1086306505734775,1.0847180701217207,0.3051728996095806,4.662227058347657,1.1361938,1.3217723,1.00627,-23.505196918539205,-59.71357095338061,-1.7390605128623589,0.6661636137335121,0.46615719808914546,-0.3019733054431313,-0.4977304784790004
22750,9550,OK,649,649,,11.147484,2.837674729843473,0.0627473353003716,0.3775580114825059,2.863369545223625,0.042575789846153525,5.8648555474632955,3.107704648335657,0.5735622612876004,0.33247317088339845,2.9844582339260324,0.58492315,0.59717596,0.5217662,-24.89461167455151,-64.2656633545647,-1.696112812307291,0.6647781644375941,0.4668507773842499,-0.26889457959196705,-0.5175094673614814
22750,9150,OK,509,509,,8.41627,4.092964343169938,0.4107869979134976,0.3563567176375337,4.128933661651723,0.050841052622494234,8.286513977194423,3.7936239425759615,0.7780839920821956,0.274953267767976,3.593745489458687,0.73781526,0.91356546,0.66761476,-22.65700469215615,-57.68525760447547,-1.61225521146635,0.6675145696604733,0.4646793972670111,-0.3078658025657768,-0.4936760118307255
22750,9600,OK,500,500,,13.977236,3.5588930220845256,0.002057283723326253,0.2974289939639684,3.571300572831789,0.05146194151438109,7.493095217229314,3.355474105561086,0.7480723267175399,0.33292232945356826,3.2429436195798402,0.66309065,0.69381535,0.5993729,-25.72250265690981,-64.66047102900573,-1.9610010903258275,0.6586932382988058,0.4676398505254211,-0.26895458165269637,-0.5244994004076815
22800,9150,OK,692,692,,6.57372,3.2441679429341876,0.34160290381010716,0.5296443973748423,3.304820929116114,0.11034147160963201,6.453880364074,3.641461659143735,0.7409927981902666,0.26938258383184,3.4391198660448214,0.7404866,0.91327214,0.6483348,-21.214255400925445,-57.06043498458125,-1.225091486456382,0.6365397739447375,0.5110535380239501,-0.35219127638074355,-0.4578238769449319
22800,9100,OK,508,508,,6.390991,3.2881204800306616,0.3576146450305571,0.47984205909923594,3.3421359827538426,0.04388680465410063,7.991892839913166,3.8962728417330315,0.8363498120836074,0.2972904830507854,3.7099162112155777,0.6882666,0.8881731,0.622701,-22.49639626829963,-56.66042785849312,-1.6316987104211316,0.6586599428550374,0.48338718444435874,-0.31305624406592164,-0.4842516883238432
22850,9500,OK,665,665,,21.792837,0.1975628724348759,0.09695664007944971,0.35191105310771614,0.41505790911582063,0.03015452389388765,7.819128513643398,0.974967312109843,0.17684420366384562,0.09022559417514286,0.9103019097241472,1.1545986,1.145366,0.9407623,-22.031963186861752,-58.42965328198446,-1.3091480586640576,0.6170909115156319,0.5270100276655558,-0.33359112890352305,-0.4797668145897854
22850,9100,OK,653,653,,5.5618033,2.9260323979653347,0.2441018948045215,0.0765878116323675,2.9371954347439257,0.01077647783710463,6.10574436756552,4.142274533594083,0.8865099357537157,0.3142646412796447,3.912068032163533,0.6693517,0.9096395,0.6244211,-21.70403968418379,-55.28225717155771,-1.622984981776854,0.6202588627520903,0.5219837643388937,-0.3435074454175309,-0.4741461039456127
22850,9550,OK,517,517,,13.475897,3.6391481642778682,0.23171716973175027,0.5392429242344284,3.6861735091626344,0.04788447884815597,9.577804185001915,3.1150853004115544,0.5745139781100996,0.33047296954309324,2.9727836713062974,0.6171969,0.6406495,0.5455406,-22.996007933325544,-61.694101769473235,-1.2948965292379822,0.6101621312097648,0.5406436719224954,-0.34714992517990334,-0.4635660935565787
22900,9050,OK,673,673,,7.5710125,0.6137297481784492,0.1902200497732401,0.059729473195295146,0.6453026275346352,0.037170515493593514,5.967990523561064,3.2776498668082636,0.3873671558235513,0.18490235321841997,3.197740130443549,1.238074,1.3136466,0.98037,-22.020436565068024,-55.75915084522353,-1.5372474918611536,0.5805224094609064,0.5804105842180616,-0.38562480072393135,-0.421201613135539
22900,9450,OK,638,638,,9.687483,3.2328206545096227,0.12556165156845656,0.3864426357978832,3.258256132247899,0.053388906963557935,7.928250037931598,3.2381019930373505,0.7370260575942682,0.32329973301106285,3.1430490133555047,0.77357286,0.80947787,0.60061127,-22.27476579898724,-59.617574295158704,-1.5908399919019294,0.5604119656959218,0.5875079559805055,-0.3760542469146923,-0.44649303885040015
22900,9500,OK,568,568,,16.875505,0.6807010886936382,0.15760414241249876,0.5603691726509781,0.8956598950002312,0.04365751385041369,9.58954081687388,0.9398543623794804,0.17301914159141357,0.08502286683501348,0.8842708440387641,1.2101558,1.2054583,0.96407825,-22.252644184833517,-57.07402814812028,-1.627211258883361,0.5638753345229208,0.5903262555871878,-0.37369474438326106,-0.44035412692673104
22950,9400,OK,684,684,,11.113657,3.080925888581133,0.2827223915176109,0.851387691042896,3.208877885188876,0.11247357417012001,8.037460872760073,4.896960690194337,1.0881240589432757,0.32601875486777493,4.6395183644492075,0.8901772,1.0161035,0.6664154,-22.3467686200766,-57.642974068611636,-1.948074568691856,0.46958677208029975,0.6372852653183392,-0.44138993148047,-0.4225289131917539
22950,9450,OK,577,577,,13.015182,3.3699685977997182,0.19994631149126674,1.0634170870136426,3.5394240744205465,0.05987707043468655,9.702573438544547,3.151237848860798,0.6923119164349303,0.30808284571574873,3.0471037342797844,0.7705846,0.8065849,0.5929235,-22.452885815417186,-58.05667272379189,-1.727410655075423,0.49378851037917315,0.6300453780540781,-0.4389019135247848,-0.40814315982813343
22950,9000,OK,536,536,,4.2161517,2.8410390618535337,0.08407854299101558,2.458887578704723,3.7582842198372215,0.15134226233046086,5.662269333480071,2.3866537636441176,0.5559978430602268,0.20535447144291075,2.2323800232763324,0.7569326,0.7716819,0.6113554,-20.6938215293369,-51.68690367043706,-0.489107808806399,0.5691081943024875,0.6141105479162227,-0.3992882389754206,-0.37356793268655497
23000,8950,OK,616,616,,4.615332,2.892781309796896,0.3761749355505572,0.9477630551741039,3.0672375351771604,0.08897279321423666,5.416021100913013,2.4865128944295343,0.6481265006996689,0.22211528532716607,2.2726376617212845,0.97305566,1.0460961,0.73444986,-24.668409276303162,-50.57086544991455,-2.429096446451235,0.43445355176063527,0.6532029625935012,-0.5145995432717592,-0.34606836186819934
23000,8900,OK,566,566,,6.7552705,2.3549048695547867,0.15996069376902716,0.06873784683570028,2.3613320943466474,0.05267443595423054,6.9009356573994385,3.3138393710323824,0.5760642116069697,0.214969678143563,3.1485822327873345,1.0736519,1.2304862,0.8510958,-23.750055950702546,-50.83829946434935,-1.9664128700009698,0.44739744058565817,0.6646512979779154,-0.5017598112521029,-0.32605409683966347
23100,9250,OK,720,720,,8.272143,2.537712325392821,0.023997986893889767,0.6795265220765625,2.6272259217720633,0.039107648568465624,8.409141753425127,6.136558831301603,1.5528823544732437,0.42785956320434443,5.668914016482609,1.0626355,1.251482,0.8573914,-23.05955810033016,-51.88067600190954,-1.9715056931977624,0.24515372278749922,0.7405852015182476,-0.5986739715224818,-0.18172145530207842
23100,9850,OK,822,822,,4.0330153,1.93315517805649,4.237372195650293,20.83970142247701,21.353818568230533,3.1147983009130504,21.425567620695304,2.863463774018041,0.5731478312287025,0.36716605669539937,2.6881526806640865,0.6853815,0.6225223,0.58797175,-36.1940334165871,-68.17206630952782,-2.829969894317598,0.7429258175030632,-0.19632688386253364,0.25545876971989484,-0.5867348645968042
23100,9300,OK,592,592,,6.050521,3.4131760297020604,0.18279384359673267,1.321176162685867,3.66451779253955,0.04348371827868927,9.827934787213932,5.225484214021624,1.2132013385317602,0.3387512075148673,4.957735601312835,0.99489164,1.1787254,0.7784585,-22.86075527049789,-52.968349348007884,-1.9843453001438651,0.23638682283569823,0.7406656000522973,-0.6040583760191434,-0.17506917846933975
23150,8800,OK,696,696,,6.6692076,2.132784392632905,0.1964426410929888,0.6947893222265917,2.2516862967514335,0.05168252193211886,4.478366021923042,4.750713529364268,1.0025622148139148,0.5463393456936037,4.572424332257857,0.98622394,1.1294101,0.7943062,-28.045299086191914,-47.431831148347314,-2.6257204488415495,0.19504647462790162,0.7516716272983257,-0.6210769789453537,-0.105877399259837
23150,9200,OK,612,612,,9.219797,2.113139190052917,0.3984044861812992,2.8504749560182896,3.570614911473142,0.0722081428638874,8.718513438854107,4.983269735609419,1.1120174540954175,0.31382845039995505,4.57832626855011,1.2571622,1.4490731,1.052626,-24.04707028408111,-47.273121593921545,-1.133798036513546,0.15824827972901967,0.761600221145892,-0.6257364623378209,-0.05810735593952865
23150,9800,OK,597,597,,6.940753,1.1340342868007465,4.0539643883882945,21.10590828348583,21.521617631973577,3.1240757853711636,21.57901293076663,0.897181875711523,0.11091231414833325,0.09291506152906748,0.8568112828484118,1.1578435,1.2116607,1.0791717,-34.66492009570037,-68.90520522666188,-2.7249709817668863,0.7553480168339278,-0.12019698455691824,0.17291191969839353,-0.6205671006383537
23200,9100,OK,644,644,,7.502672,3.178645655216224,0.024213403214953577,2.207689088093507,3.8701764300878283,0.09972339847101147,7.62064142609899,4.247590168755605,0.8722156645541673,0.2634343603029838,4.057934954001671,0.700735,0.9672005,0.6432015,-25.164504097464143,-50.53617195427029,-2.6635239987937878,0.11559037203327248,0.7537165953549689,-0.6441262899266302,-0.060427497094272434
23200,9150,OK,658,658,,6.177514,3.2731222750329865,0.09372706198994196,2.039310263239321,3.8575770295898963,0.1053051823627566,8.976538830260791,3.5281120758430324,0.7259389098065201,0.2654854653721088,3.3572598830853035,0.80764574,1.0041997,0.6959502,-24.947019416291234,-50.368585415545674,-2.3132841082088946,0.10333244834789022,0.7656157766548936,-0.6308320858223667,-0.07215100243625822
23200,8000,OK,480,480,,7.0463996,2.4429479784285713,4.322888874633348,21.925282309114042,22.480510834544802,3.105424907653583,21.842388865945185,1.3286577259522727,0.19672000526180305,0.12904446172855216,1.2887256642720764,1.2443497,1.3527753,1.1953872,-33.04494942199858,-68.81992058654987,-2.8526081143126056,0.7733632235481576,-0.03584184273641044,0.11959006618360087,-0.6215487936137136
23200,8750,OK,465,465,,12.943,0.05622836756399252,0.1478625198470015,0.7941685903898321,0.8097707725376295,0.06069356713313626,4.192522847076837,8.094609530888162,1.1639690880854872,0.6290835334629006,7.704233139840916,1.717275,2.1706998,1.7159953,-28.221231556873093,-49.09179122328083,-2.744017396584935,0.12298128747753997,0.7662958834419353,-0.6300592459872206,-0.02629768994275814
23250,8600,OK,562,562,,8.739983,2.150113138293607,0.1673979726494202,1.6128880866694428,2.693031111745673,0.11410437194450199,6.9906054568380505,1.4744255575387013,0.3029676560553287,0.15091651656798,1.4214071836715085,1.6392069,1.6882951,1.2992499,-27.502618265363132,-47.21438585596195,-1.951500358284073,0.055817798203766825,0.7907927622520585,-0.6093295177828353,0.015770838024040095
23250,8750,OK,549,549,,10.552972,0.05204205149698371,0.09048650202491676,0.5357246156121966,0.5457994557944849,0.04057013167305657,2.4616632584812455,6.69899824703007,1.1536950369980423,0.5926345760952327,6.382409207523899,1.5012298,1.9062334,1.5173935,-29.919916544796088,-48.395952974206196,-2.9833359987109613,0.0320438872358948,0.7784424255638225,-0.62542020024775,0.04301339901926219
23250,8950,OK,517,517,,5.5036163,2.559069629084334,0.16247356388125556,0.7714331609741651,2.677749829112626,0.05780870373040876,4.9374841051898,2.62294230768995,0.654218119835608,0.21788679902512548,2.455638398104049,0.8269304,0.9045961,0.6510992,-27.35549780374297,-46.95240516662555,-2.464123667489731,-0.007576216389696251,0.7747975867948259,-0.6314959248606963,0.029055074022702312
23250,8700,OK,453,453,,5.6255655,2.1229019541881082,0.22374192269331059,0.3052145776185834,2.1563694241611473,0.04555354401678305,3.8739473230793533,4.334721590023815,0.6196231553519633,0.37102068041906067,4.150593399851803,0.87272173,1.0307888,0.82013166,-31.89123807607669,-48.09561229151072,-3.2376508285391403,0.0032579949404894187,0.7705527636880968,-0.6341807231342841,0.06366030353745053
23250,9050,OK,433,433,,7.7241983,0.38166081832786514,0.35207299904251843,0.0656368849500395,0.5233818659138216,0.06351486873639497,8.057669498038962,3.5206185474612584,0.4316326068416836,0.18450955217752352,3.408576910346153,1.1700871,1.2377619,0.95755965,-29.586267372628452,-48.112736841283315,-2.877107713744528,-0.017383831882323907,0.7735120272351594,-0.6320279137433368,0.04379112194139529
23250,9100,OK,396,396,,6.952237,4.146707914436108,0.104144208696755,2.1829371730882783,4.687349703777474,0.18382053151344538,9.350648827987165,4.1822844007849245,0.8303731577654484,0.25616491875418285,3.984435827368663,0.69091994,0.9459565,0.67518085,-25.46101303489709,-49.35848284814228,-2.1172194508799853,0.007898944810935974,0.7931409127459296,-0.6075808026640779,-0.041360215588197496
23250,8550,OK,395,395,,5.0005865,3.159221534613615,0.06198607887678975,0.9494878241735147,3.2994014770856066,0.13891067271805116,8.540294839810304,5.221132322750979,0.9866234950876359,0.25631859629338183,4.908354769144081,1.4755915,1.668545,0.98088205,-32.64575159101458,-49.53297560204298,-3.389012953705719,0.062050276685572676,0.783225040883704,-0.6186341678567289,-0.00025466875891519826
23300,8650,OK,656,656,,7.340725,1.2737219076534312,0.28922684038200164,0.6782833802228418,1.4717635703876406,0.029232361207996285,3.564354266073186,5.476767956681101,1.0593017222674197,0.4957102246016003,5.202311211460044,1.3047051,1.4568174,1.009544,-32.75209465635067,-49.06202276375798,-3.518664795302546,-0.08007594246563143,0.746947740669792,-0.6503507181859981,0.11269809005254118
23300,8900,OK,649,649,,5.6665616,2.038839910608034,0.0760466746402576,0.33032555971738625,2.0668251627108236,0.03729558725164008,5.195347010292084,3.345118660113582,0.5670262364503829,0.2171641390078351,3.1871698521044998,0.97734314,1.1189173,0.7982125,-29.698916117351747,-47.735220833662225,-2.9541429264639483,-0.10128599215087099,0.7415036725199231,-0.654132619395826,0.10965385390325184
23300,8850,OK,619,619,,7.7879515,1.8643677009176893,0.10127491409683687,1.3640022087180625,2.3122771369016704,0.04449278805870698,3.7683535670427952,4.167622182113166,0.947457696325908,0.4063129808719713,3.874868606240729,0.9436707,0.9143126,0.74673927,-30.37309353203204,-46.227615354874374,-2.813190216480388,-0.11128904088084432,0.7410416082764391,-0.6515396036146006,0.11818726286964913
23300,8550,OK,579,579,,5.188966,1.9419986875581614,0.4818530704170343,0.48966455188322067,2.059930255450155,0.18357137697648349,6.767572777509174,5.239494155193778,0.9659485874159988,0.24108227371581803,4.942239792663354,1.4966015,1.6778877,0.9870711,-33.0887210210885,-49.78553740251286,-3.776330173223353,-0.024751885083053055,0.7509528940510624,-0.6572306444743311,0.05920282987344931
23300,8500,OK,529,529,,4.72738,4.155824426938411,0.02043987104882742,1.8470434902677724,4.547841698081301,0.13236961005208916,8.382399242291749,3.862791850913801,0.7286106381596893,0.35255688607768576,3.700954839376106,0.88023967,0.89023167,0.6861803,-35.405776904441886,-50.613088342979296,-3.3676524971290225,-0.12229561435943039,0.7504037741474696,-0.6252921879564253,0.17591940806616388
23350,9650,OK,682,682,,9.380947,5.8552563395069805,3.3618568128702018,19.811602416250132,20.9304968486452,3.1135982491981795,21.155602478474254,1.4102441596344713,0.21684682266573108,0.12358277341244556,1.3293730047643928,1.1942112,1.1961286,1.0518318,-27.91904706457843,-69.51131190083233,-2.072216122953152,0.7607202460172455,0.22480987648360226,-0.09397560605453316,-0.6016093518235667
23350,9600,OK,635,635,,6.5065565,3.0224929653032087,3.612309461098596,20.395851393199635,20.932629969058674,3.1315239094469796,20.926295162579557,3.6675083424592065,0.7612542705532005,0.348941465370046,3.5803637587958796,0.69632316,0.7720336,0.70736736,-27.242600068181556,-68.77215254884986,-1.999549514216263,0.7577786105511551,0.23250355583068194,-0.11336047020801968,-0.5990518155480931
23350,8850,OK,606,606,,6.048436,2.547481258783908,0.01929961938106406,1.0167902442701295,2.7429720450646973,0.08799307277970382,5.610459762608819,4.117540245928668,0.8968200196003657,0.4037845385759925,3.820272433508034,0.9828671,0.9396202,0.7734976,-31.76997530665309,-46.68978361423712,-2.880989337814863,-0.21276285738772846,0.7109976294814291,-0.6479701706381781,0.17131548485507078
23350,8800,OK,594,594,,5.7988243,2.004168762933981,0.06694549951687673,0.7941346592855133,2.1568087507482914,0.06324043481015806,4.098065870167272,4.857131775907367,1.1657007978135518,0.5599746362731848,4.699434878398559,1.0119363,1.1281265,0.8193041,-32.11573510425647,-46.98355976043027,-3.0871555136920827,-0.1985729354479342,0.7168218160411236,-0.6479629814265438,0.16394891904468525
23400,8750,OK,653,653,,14.479298,0.9962955973364944,0.18147982648143018,0.7060694039553016,1.2345338585448384,0.044069526792946276,4.546198734866724,7.559746769880735,1.192590339108742,0.662533908463832,7.1774806788909995,1.6448562,2.0393157,1.6246883,-33.70304279439824,-49.84402037141932,-3.4998324951181825,-0.22243364253451733,0.7037292014430244,-0.6419451593309577,0.2078338233222423
23400,8400,OK,610,610,,5.723569,3.31728026331023,0.02473901351638167,1.099499575203899,3.4948332835789038,0.04764837599319163,8.126110572092719,3.1675332445854476,0.636320375859966,0.31428081952947096,3.0037096253340243,0.8260867,0.834548,0.6892454,-36.89528108459208,-52.75658631041897,-3.4938271728346053,-0.21220459136005182,0.7224125520745227,-0.6153040327495183,0.2334314959320361
23400,9600,OK,532,532,,4.886786,4.653238094697082,3.5000323487051097,19.706119366165144,20.548333063328307,3.1123052664828865,20.19747712683149,3.532573622549753,0.7516724770012331,0.33575428796023854,3.4173527710320535,0.70008826,0.7803648,0.7215567,-26.715077675833115,-68.21043832745853,-2.09952046668698,0.7478048134716354,0.25845372285651375,-0.15418121492887912,-0.5917920133402577
23450,8550,OK,695,695,,5.4845834,0.13064497968859057,0.2493449832261075,0.4993783286308622,0.5732536493420809,0.05466823307732552,1.8399092377204889,5.146780154112609,0.9672152590438873,0.2303753989868469,4.899218996272257,1.3910979,1.5598221,0.8948856,-36.41673521838945,-51.27555958737044,-3.8010178135731394,-0.28251038027621894,0.7128332507395062,-0.5951058051900001,0.24063607856158267
23450,8400,OK,692,692,,5.244581,2.6129791142296,0.08631706909977903,1.084155992140091,2.830283502250498,0.06651823523877295,6.203056187973666,3.108359176454252,0.6394362583621648,0.3092133083481141,2.9361399759008653,0.8217845,0.8401389,0.6868487,-37.1213023326374,-54.00751941623154,-3.720081680453508,-0.3020097568021506,0.7002763131455287,-0.5806420477664851,0.28505789659147174
23450,8450,OK,619,619,,6.1424828,0.0986913691626512,0.10488641601354237,0.1461905551355578,0.20521409557388387,0.024334374240430435,4.533548966960715,1.789884519851805,0.2408814036307887,0.16795799532932792,1.692091955069161,1.1484782,1.0443751,0.9252343,-35.880152960708905,-51.7021893832964,-3.4535466009484983,-0.2905862226762452,0.7055060119614481,-0.5917386355440889,0.26012747160079897
23450,8350,OK,554,554,,5.4686356,2.822784130425939,0.08063129821939952,1.713940582240954,3.3033625251687906,0.047001917593166145,8.127950032862298,3.7472603299683334,0.7290902275805955,0.29402339318347703,3.5601100535074295,1.0527791,1.1827332,0.86963135,-36.525585345005574,-54.81004938986501,-3.8192277278932103,-0.2739862998945706,0.7082040594751873,-0.5984658275017402,0.2553765277499194
23450,8650,OK,539,539,,6.7607656,1.385305423429157,0.08060732895791448,0.4933186117235093,1.4727294083900058,0.0164196607586989,3.396283249701158,5.425531936051083,1.0134038181721865,0.5093411964885175,5.128050777910975,1.370602,1.5051512,1.0856998,-35.34271571599967,-50.14745744535299,-3.597751025055025,-0.2992268607703268,0.700243075365321,-0.5961573341421841,0.2543999884924072
23450,9500,OK,499,499,,9.404532,1.3747083874332988,4.310744956708904,17.753177556236004,18.320689358632563,3.10970650022455,18.221297501468232,0.9539917695259488,0.20148839517687156,0.09462357074692415,0.9196496046406777,1.1316447,1.1661706,1.0084863,-24.95997495111527,-66.34196283136454,-2.009245653178449,0.7370627821364754,0.3542774306677959,-0.20828926772825457,-0.536508656274893
23450,9450,OK,535,535,,5.905792,1.0615571700583315,4.394577140919288,16.903709850880844,17.49784611303799,3.0836002731669496,17.879714566934357,3.4682440593975583,0.7409106045477521,0.3292050214325407,3.3299404266790855,0.7494551,0.8007088,0.63897043,-23.835248763304808,-65.69292565263862,-1.6962915884834893,0.7345128266111786,0.35913436052534936,-0.22104687807740322,-0.5316499753841234
23500,8650,OK,648,648,,11.520098,2.305593419579205,0.06069142394618815,0.5195919378006594,2.3641954756692587,0.014409409387418238,5.264166558722109,5.456289113535362,1.026344614002002,0.5215225187658055,5.156629311967874,1.4333303,1.5542469,1.0720791,-35.8959936919714,-51.04682430006983,-3.7131511477967774,-0.3463369322996503,0.6355778738726042,-0.6121725755688608,0.3183335252376583
23500,8700,OK,638,638,,9.003145,5.352405596603681,0.2743000252583292,1.3522233092548268,5.527385824465595,0.1423404747684071,6.869714484692223,4.28258565523923,0.6265555221196195,0.3953765047208244,4.092155628935592,0.9574992,1.0870074,0.8551731,-32.94868540935062,-49.691170961976525,-3.4938455409634823,-0.28750551327592566,0.6503695781794572,-0.6410596404952097,0.2887949600370028
23550,8700,OK,599,599,,10.483225,7.440776195070908,0.48178877852622803,1.8301128855545366,7.6776678741738005,0.2162167575143602,8.806961093343306,4.365893924409252,0.6271161054273574,0.4130053777526581,4.194683028629566,1.0127828,1.143785,0.9002985,-32.75021016931819,-49.638999945022846,-3.496746583419841,0.30269670313538133,-0.6293756557708451,0.6553839720111237,-0.2876331675327307
23600,8250,OK,611,611,,7.7457337,2.538112160457043,0.11489577640269405,2.068067954024673,3.2759913676563457,0.046390883894367636,5.654316027452811,3.1191462721921686,0.6004522122332594,0.25957036075891493,2.9252238968359485,0.940523,0.9981605,0.74308693,-36.93626728392147,-60.118815249524246,-3.9426639590567367,-0.402820416477153,0.6022022629487339,-0.553515220848197,0.4107420685271582
23600,8500,OK,540,540,,8.018087,1.6214506013643213,0.21693979521720508,0.8888904983014061,1.861797852986227,0.01512594795357162,4.211968273085131,3.516968711840795,0.6664062253797451,0.2922319720189007,3.3217811341432153,0.9355059,0.96589965,0.67381084,-38.21923686602919,-55.21863767590056,-3.8660869702365104,-0.4119233401671835,0.606875404210138,-0.5506269852289408,0.3985364835595106
23600,8550,OK,536,536,,8.196153,1.9147273733200496,0.2913522548318187,2.0304593872411485,2.806034991544543,0.11116810100898906,5.939403866638663,5.2245798668765335,0.9753607567573341,0.2044227767173763,4.909041713151357,1.612753,1.795634,0.9958697,-38.840070609640314,-54.69138734470122,-3.744059400398537,-0.4571950674235084,0.5901163309842101,-0.5260097835290983,0.4074912193667722
23600,9900,OK,578,578,,4.691991,5.098247001978016,0.6005574405469609,2.6220272547615435,5.764357610114634,0.0584414542237507,9.922407069283437,3.8908246969875,0.8574085590713747,0.47561854154712446,3.7598220652363423,0.6448071,0.5690516,0.5055301,-37.01014318718789,-62.77229898435938,-3.527488366718867,-0.40147435427575595,0.6160666121463287,-0.5668069747246366,0.37149714085160207
23600,8600,OK,517,517,,17.150843,2.718099633745034,0.501927669185047,1.2027107482184296,3.0143838753447705,0.07573991807057211,7.617291350085704,1.9081001602647096,0.33893783593627513,0.17366397857436922,1.8382779365327777,1.8141928,1.8396733,1.3810439,-38.46698145454612,-53.942731226804284,-4.135825423783083,-0.38533970368832465,0.6181681123556375,-0.57047603958534,0.3793923903916465
23600,8200,OK,514,514,,6.5963717,2.6806309801661206,0.20266146707242705,0.5137187891243478,2.736925486081364,0.07418430433203506,7.399471634028387,3.045487258684897,0.5062349573476617,0.2777515522784183,2.9743632216104974,0.9394492,0.9039394,0.73907095,-38.59601625371073,-59.75802866064126,-3.364464330746746,-0.4205366970486481,0.6184991856349691,-0.52199192530864,0.410039112423282
23650,8450,OK,660,660,,14.423685,0.13825040016349766,0.3372423728677759,0.8800629234679987,0.9525525394779523,0.039040437090942064,4.295337903001437,1.7767613722536002,0.23237742534852207,0.1612353314666919,1.6941920481824329,1.3283851,1.1169252,0.87828195,-39.03548351643977,-58.63724279611776,-3.3901949193179566,-0.48838741735125574,0.5504110533047206,-0.5389788229657043,0.4099112481592354
23650,8550,OK,648,648,,9.028435,4.63745714076823,0.5546953937288026,2.0291944075559174,5.092280987528321,0.037888741592494626,7.816052408409606,5.019234120893685,0.9114673129003434,0.1969155303222761,4.779643348806013,1.6962821,1.8754524,1.0140319,-39.309242002771924,-54.09055227893558,-4.550760817372313,0.47270514420385923,-0.531689584403855,0.5568669171216079,-0.42866685094037843
23650,8100,OK,635,635,,5.542529,3.4112387354762514,0.005218253203211556,2.136676345862319,4.0251661763892015,0.07295680127227307,8.778143414748685,3.7366611230208355,0.6821921691098511,0.3247151958504668,3.6373321365729936,1.1008106,1.1234624,0.8284904,-36.53604560753678,-62.73607267921611,-3.5281949548191647,-0.45396967503980423,0.56994870534907,-0.5543339976198582,0.4022236026117319
23650,9900,OK,739,739,,4.586831,3.9603967175155868,0.13358144934973676,1.6995264286671599,4.311725437160484,0.04139267187157826,8.115995060412844,3.8086760917286315,0.8901712877262353,0.47680131138585014,3.6370394015621965,0.6771492,0.60159636,0.5035706,-37.25510268421837,-63.169910297063446,-3.4562732977044006,-0.46996606429840104,0.5577692275903137,-0.5528178451869962,0.4030109393105628
23800,8450,OK,697,697,,18.179808,3.767097601674256,0.5719996300670587,4.3424358225035995,5.777106264376595,0.06784395402280735,10.386302450415954,3.552715513657496,0.506256516567972,0.2402558713582289,3.460148356533221,1.6614401,1.1771702,0.9993112,-41.812995818803955,-60.9515242797505,-3.507422211332673,0.47740972819899774,-0.5030015007850647,0.5343546356318949,-0.4832541412214041
23800,9900,OK,695,695,,4.4371853,0.7010350308263769,0.0941904609785383,0.8986405885063693,1.143624442155799,0.04833404075948856,2.03269057858942,3.7128597996957318,0.7602078802856611,0.3091829156872531,3.5468584899017372,0.9808351,0.85696745,0.6350647,-36.49653121508768,-65.75875119899179,-3.403410723581787,0.46944448923989535,-0.48898177965308887,0.5539842762858906,-0.48334264483654815
23800,8200,OK,666,666,,10.330731,0.7005239441418223,0.19890772465559808,0.12395110911301277,0.7386893506028283,0.05233323545199418,1.22849917936633,2.7536970062745287,0.4997286329519932,0.19870426520552298,2.639904898231311,1.4272112,1.3234569,0.93067265,-37.2497485022844,-64.35982263399484,-3.641120115908351,0.4603619910262838,-0.49173743324829405,0.5467626469189626,-0.49730447604547573
23800,9950,OK,658,658,,7.211321,0.3897985611360761,0.24954535449232274,0.6456805634926178,0.7944301053488587,0.0192908132170874,0.5066922818818609,1.6923036448137379,0.28782421132983116,0.2510662312285086,1.6395263749325908,1.3745017,1.3957093,0.94562423,-36.73633887720901,-64.65608385574414,-3.6378488883354065,0.4752482826085218,-0.4824389387422876,0.5437403493148902,-0.4957198531325805
23800,8600,OK,629,629,,24.930813,1.719650813093887,0.9679453804518938,1.5462289001463014,2.5069784582561274,0.14796850982919024,15.438341297355434,3.5152015141818733,0.6204641518287489,0.4340723174614197,3.383220292166464,2.9270852,2.5165274,1.849512,-36.959442633433675,-63.474827863512,-3.7991993788561307,0.5208523136201003,-0.42008878092188506,0.5294779086470881,-0.521432093176915
23850,8600,OK,672,672,,20.86634,3.970912073652265,0.44105963064649467,3.5607606756478463,5.351793426852671,0.21817609781220287,16.972415453166114,5.4144007450057465,1.224187727364317,0.6994853345812302,5.072931362663615,3.6703532,2.5832827,1.9391736,-36.476722331411196,-62.529997849718896,-3.4980992096621177,0.5088440434147049,-0.40408744328920504,0.5400291949210315,-0.5349388248111273
23850,8650,OK,669,669,,11.880555,11.671440828363332,0.06149383992966595,1.1723452591175307,11.730332727971154,0.1464258572215722,18.412620878543688,5.477945143842257,1.0752821190428967,0.5795568436191161,5.261849190249491,2.4573948,2.0567148,1.4721463,-35.1153244388056,-54.90155907630296,-3.472534322356877,0.4887943542575728,-0.4174644736531544,0.5673965929490146,-0.5146499769681013
23850,8150,OK,553,553,,15.632463,1.3591038862401743,0.21009577904661716,0.035359172211900436,1.3757012324723201,0.07441611946875325,1.58292083223358,4.098395848014372,0.7114313427962117,0.3501486001179445,3.950812821809255,2.9009507,2.5363007,1.9692116,-35.99928098868011,-65.27607353527216,-3.104995563716862,0.4365258960536839,-0.4978531318222894,0.5767063162818141,-0.47853654611735424
23850,8500,OK,551,551,,10.7273245,7.119906714213108,0.16801639269705937,6.000697739362977,9.312876810444116,0.1339926484377028,13.820438705269277,3.4957433902041806,1.0574031050510122,0.32856127297070103,3.227382333791966,1.8117636,1.3833113,0.9991905,-40.38655422684679,-59.1779514164532,-4.47596155631346,0.48032608214838707,-0.4278486104142207,0.5577433508011648,-0.5245519764634294
23850,8350,OK,548,548,,12.9151,5.225439949412992,0.10528123887435006,3.979089427410452,6.568824816929571,0.08357643411304509,8.47111802902448,3.6052299305836057,0.8195214177405763,0.2737194456664942,3.4431557333535814,1.8649173,1.6032705,1.1851252,-39.62444322779205,-60.93215196228973,-4.072975981832607,0.42127427931972317,-0.496107619113451,0.5912195623945783,-0.47630309770480617
23850,8400,OK,542,542,,12.312727,5.2178091931940696,0.016344924953915263,4.755176365267919,7.059568131122109,0.02384444782474972,10.314898663180875,3.1083105402197724,0.7723239065708254,0.3818452337880389,2.9437344812569104,1.7348516,1.4323977,1.0513135,-40.159671277394544,-60.86841641166691,-4.344680826813467,0.4404711995813158,-0.4733623352869814,0.5736098754027256,-0.5028766575528452
23850,8250,OK,531,531,,11.568523,2.29160789328841,0.11655172994374584,2.6459586334829317,3.50230611632357,0.05263828679174357,4.884678736226654,3.1722167654844506,0.7371122150602816,0.3048735632988613,2.961531433524554,1.8480738,1.5864788,1.1356733,-38.537848543194606,-64.00904348713698,-3.690159638227287,0.43426440511931036,-0.4897057606826951,0.5784547808924722,-0.48681902270063027
23850,8450,OK,516,516,,16.4099,4.247543636652793,1.2110209198507258,6.95106126024635,8.235620878675954,0.10775605616118572,12.147343668422078,4.2574843076561395,0.8417942422414834,0.3664498627541659,3.9877712118040294,2.2550273,1.4935368,1.1873425,-42.46961756654206,-61.59419752959506,-3.199240502855143,0.4683064626992202,-0.4948395833666004,0.5492822403682787,-0.48385107641062225
23850,8700,OK,501,501,,10.304661,16.32723684821666,1.0006445467460814,1.573112420641034,16.43333914013435,0.38833928661433925,19.63718979435382,5.799832750449019,0.9081029620920951,0.6149645100372477,5.598312393444296,1.611168,1.5510145,1.1987945,-33.710044780698865,-50.91947221214539,-3.891844852122871,0.4401895325927708,-0.4811306225982446,0.6814811461265068,-0.33215952021293343
23900,8550,OK,639,639,,11.230293,9.570879153585857,0.981630790267264,4.7688172530648565,10.738107131802797,0.15047638585209627,16.932379232448113,4.498849682256798,0.9866171754909098,0.22985325258889114,4.2253401308220635,2.0668921,1.7709011,1.1503819,-36.77938534076921,-57.529073909942014,-3.8901933719880017,0.46611730133144214,-0.44511073672759677,0.5721626423734676,-0.5071893178306508
23900,8600,OK,619,619,,23.37338,1.1403566010959025,0.9352956201476403,5.088998191787603,5.298404823222538,0.23323236151636256,18.32876258492325,4.312312705354007,0.836842938840031,0.5769936424181181,4.111217057595969,3.0914414,2.41891,1.7953101,-35.64562693954307,-66.02595135075867,-3.2574407958176064,0.49580261850950896,-0.431905016523559,0.5352622307479625,-0.5302189778908462
23900,8650,OK,548,548,,13.077327,10.433419429065632,0.7427853186348905,3.103920259687668,10.910650392661443,0.2355545914946321,19.65278473959492,5.261024895546553,1.021270505818498,0.5287488103127211,5.088689759229554,2.1564121,1.8872507,1.3453709,-33.95803133775345,-56.91010494214511,-3.1081826083968926,0.4975925698407013,-0.4232502893671316,0.5471278904622671,-0.523365931703885
23900,8350,OK,449,449,,16.587307,3.241285219740524,0.77805949815185,4.770586702090128,5.819776966562538,0.06499469441741992,10.298579409726003,3.4308548998235633,0.6693419104344986,0.23336309844404513,3.262334057446518,1.7701927,1.6685848,1.1773067,-38.33892836605376,-63.729082325771145,-4.326107546596856,0.42638013764929156,-0.49131232145889275,0.5612707109550492,-0.5116516100090552
23900,8250,OK,440,440,,14.211734,2.40270886032261,0.470247221679916,3.255301765453128,4.073221317474992,0.02796322118512343,6.8633237154331095,2.8982941696402467,0.5589019421327768,0.27657107365174183,2.699191775889797,1.7021291,1.5758855,1.084016,-37.34486416019478,-64.89164136632039,-3.78653957585857,0.41448151157164875,-0.510230740461321,0.5745512080172828,-0.4876069907409596
23900,8450,OK,394,394,,18.61317,3.6110249681584925,0.7381446494391198,6.5888093650383714,7.549620367473916,0.0769568596980444,13.797816892457128,4.101089483061822,0.6382479313060333,0.268596177767311,3.9584821651479105,1.931354,1.3152392,1.087648,-40.37888117758698,-63.13354629535214,-3.092601579461178,0.44370028448944426,-0.5274897825395309,0.5482768542875122,-0.47357900915578466
23900,8400,OK,388,388,,15.657612,5.308541578205546,0.5439974529909187,4.691163337565067,7.1051784197240435,0.024553207094984576,12.041397523629957,2.644245231890795,0.5713764978829934,0.27856370448758483,2.5110522651590372,1.5883136,1.3726943,1.0106915,-38.277648677777414,-61.77364969246637,-4.088685956214502,0.41602526658822175,-0.5085995049056456,0.5740551710200892,-0.488579759911345
23900,8500,OK,380,380,,13.70662,8.998456603849046,0.14223364694720836,5.062305905623605,10.325666697302893,0.06475696583486769,15.380466596222291,3.1206744780988913,0.8762957353810406,0.27239548710757006,2.881093636731362,1.5451329,1.2643758,0.90130585,-38.29899630398108,-58.07781319141866,-3.856994154893511,0.40295877655822665,-0.5255755487167674,0.5767210676781099,-0.4783172347741475
23900,8150,OK,354,354,,20.364235,1.352464120126919,0.05348409010727753,0.13063231738034453,1.3598104818206997,0.031905551523397906,3.550671179244818,3.9357667315100713,0.5448314365184207,0.3383687468301617,3.7701634296652013,2.7621539,2.507659,2.0419505,-34.21568149759053,-66.43796113031544,-2.9365393125798147,0.43308851827910716,-0.5148713777444928,0.561780718840576,-0.48139819656211935
23900,8700,OK,347,347,,11.426822,16.08634649764866,0.1472499073816726,0.8328353410560463,16.108564209231968,0.221948615225146,20.74511397852272,5.620189393113624,0.8316944007330688,0.5577287014402421,5.361870571953379,1.4401335,1.4237609,1.1248351,-32.237345516184405,-52.463007927533916,-2.6885561357325,0.3604528876488494,-0.5499498163047001,0.6216230411176701,-0.42569203666929445
23950,8550,OK,614,614,,11.104588,9.450372655739791,1.2546835359320823,6.602070863070728,11.59616806486957,0.16905831817416087,18.279029388983417,4.420963449401653,0.9836548527034077,0.23147323750709278,4.175407765581214,2.1248677,1.8252999,1.1790726,-36.733760803383284,-58.428971825491615,-3.9541308981629975,0.47769887480219697,-0.4376573124257917,0.541911146622737,-0.5353430405440781
23950,8600,OK,511,511,,23.71922,3.252922792913944,0.7821247846238167,6.0547737801265376,6.917623248189345,0.16648239988015529,19.54688557232481,4.522119937271075,0.8551798937022403,0.5931448542024711,4.331247153653142,3.1902785,2.4570024,1.8321029,-35.82226123971075,-64.73036220387436,-3.123622281411867,0.48811992724842324,-0.4514517496456288,0.5298099799680216,-0.5265279095082985
23950,8650,OK,482,482,,12.753761,19.31916051437195,1.2028757090132494,10.12180846571762,21.843257073249752,0.2947451391352257,20.734303167376396,5.345140899972533,1.0465874077077797,0.5327063906737091,5.1702478028007,2.2141833,1.9121732,1.3661612,-39.93288470208566,-46.77902883751045,-4.474954600678122,0.3400360651008583,-0.5863047878707546,0.5920269902618319,-0.43603464650423235
23950,8500,OK,429,429,,13.19599,5.796888889201261,1.5505244253846335,8.657556556313768,10.533818505804573,0.20723446825345054,16.844977387897945,3.145389844395429,0.8985891998508974,0.27606795015034624,2.9261340931999955,1.5609025,1.2866311,0.91859645,-38.490080420396374,-62.06212534470719,-4.5271401175027925,-0.4835099950311586,0.4257543011369872,-0.5326088218922533,0.548889062207356
23950,8450,OK,412,412,,19.203676,4.876898910950558,0.2119384080602016,4.8343312854492275,6.870212504276343,0.07312346880744733,15.37510057527007,4.048768938186782,0.6330294871781028,0.2503272482339209,3.9014858000646724,1.8726412,1.2934092,1.0804343,-37.0959528450946,-63.30376721774221,-3.1609027521656596,0.43389981028038105,-0.5247234548968429,0.5504197313345053,-0.4831504629796202
23950,8350,OK,407,407,,15.9330435,4.831188936975223,0.7482278357718402,4.799497754780845,6.8509422809655875,0.01131534946795326,12.102415243674212,3.4749273700357826,0.6716231384810336,0.23851844715305026,3.3049217712117853,1.80485,1.7067847,1.2357496,-36.742872467540835,-63.28489681551981,-3.792595804040088,0.4283077679680754,-0.4963221235329283,0.5643583222083071,-0.5017135534786704
23950,8250,OK,373,373,,15.002907,2.760820219729078,0.35420130129656013,4.583772942917156,5.362700927678561,0.024080010315195695,8.868693182305778,2.9276734920141227,0.5765573252523664,0.2800521577327414,2.7570058907123727,1.7189558,1.5763806,1.1078593,-36.8406681501392,-65.38552346115861,-3.5050665146197044,0.4292010721981096,-0.5059221676784488,0.5597301017543399,-0.4965192977776485
23950,8400,OK,361,361,,14.813375,5.834323535604106,0.6153483512869989,5.561783586880429,8.084022598856844,0.023475823620934935,13.71838393593767,2.60012670014944,0.5539362640901695,0.25332732024162996,2.5063902749178375,1.5219787,1.337033,0.9999283,-37.46910622120856,-62.215966880859284,-3.823083808129062,0.4247380224406315,-0.5050340100952097,0.5626739490113954,-0.4979320114677254
23950,8700,OK,333,333,,11.519701,17.513982947984214,1.340808487411682,1.5797366743734065,17.636125823506628,0.3057758675380701,21.675283295311594,5.665580393304872,0.8304162580226805,0.5591795366377147,5.440861015673941,1.4773705,1.4592564,1.1585791,-33.08581877501883,-51.39819763175336,-3.377943652437627,0.3871353610995874,-0.5372153609555321,0.640523809952871,-0.3889153082911084
23950,8150,OK,323,323,,21.147789,1.3730527384008955,0.12011036813837786,0.8596803818775083,1.6244231843794872,0.04751211131580128,5.689421262663877,3.913085035538632,0.5276246182232915,0.3317213987631016,3.7626632515178833,2.7446973,2.5166106,2.0790386,-33.296815437458655,-67.13579451293211,-2.954372539135087,0.4399223108086182,-0.5098526921521145,0.5430504759579059,-0.5016121742142413
30200,30150,OK,673,673,,5.7844915,0.28440314097125663,0.49055712158192244,0.3743651078100416,0.6794708750746287,0.0868015739494176,1.8107382205656275,0.599172370684144,0.08312797494306445,0.10235092264974854,0.5811601588924358,0.9159494,0.986486,0.7191842,37.53331509962122,-89.66269262320651,20.538998835985478,-0.028170802651949215,-0.6393833103115227,0.7681114955423466,-0.020002969497638405
30200,30100,OK,564,564,,8.960817,0.1076159273049091,0.20022857264499322,0.0586761495707635,0.23476703269751784,0.024740224822226372,3.849884581218073,0.3894076663015512,0.07232100692378474,0.06547744843567771,0.36181688137915025,1.0878183,1.0760818,0.85894805,37.6594079714877,-89.17921383276278,20.679012148361583,-0.029144983901439932,-0.6644043748821172,0.7468040649814528,-0.0010416708049753882
30200,27100,OK,1232,1232,,6.678011,0.009508051922358231,0.07697578509417075,0.5566946743623344,0.5620717347506524,0.011129894055638615,1.8596679010803212,1.248277220134678,0.3177219824785568,0.17282062549430116,1.1449380019885376,1.2327379,1.1774511,1.0127777,37.705917290255584,-89.755918644887,20.960468184909693,-0.038535149718688426,-0.6694123856356863,0.7418904029667464,0.0008545054336240225
30200,27150,OK,1019,1019,,6.9387603,0.08396919221367516,0.0024760626372628547,0.6068828892207234,0.6126694029867116,0.013547743946186437,3.050970016544646,0.8864216835995558,0.24454651078133216,0.14761818344666144,0.8324175336301103,1.254994,1.2033207,1.0376544,37.80424761694017,-89.81729602264193,20.901840500725527,-0.04253245798889071,-0.6698138600713138,0.7413090570147961,0.0011246606703884839
30200,27200,OK,931,931,,9.542795,0.19039152551358074,0.21580002556271505,0.533138469968462,0.6058508167697471,0.024093946306829962,4.302830331702696,1.4103333521826653,0.1495282611543051,0.1191116110538552,1.3853872134376486,1.4640456,1.4449908,1.148795,37.95697018908633,-89.77391688492318,20.68745065133478,-0.04250307689336069,-0.6698917793232876,0.7412092505640807,0.0068803581237083765
30200,27250,OK,730,730,,12.390518,0.2254385894731502,0.03438955063615645,0.7469332197121856,0.780970187347899,0.03943892349005079,5.583718460796366,1.4027231033163918,0.2749945045745439,0.1844512265370017,1.3407391105835513,1.4375081,1.3823982,1.0650768,37.99164474415233,-89.99154674502932,20.84463759010012,-0.03888657433025472,-0.6662611414420628,0.7445560709661895,0.014838562213626167
30200,30050,OK,333,333,,10.291955,0.10706141440220063,0.09384381387582263,0.7027769075453394,0.7170524315805298,0.026407469805467827,5.777836450818026,0.6017178048506571,0.0933163322979999,0.10869703798977104,0.5720813055171079,1.1054636,1.1076794,0.9244257,37.9430229236189,-88.55066470221783,20.775960510207533,-0.03456353337196543,-0.660663226877166,0.7498161088877471,-0.010259905727317558
30200,27300,OK,675,675,,11.539513,0.308517167929096,0.06491659557869833,0.28573130086893705,0.42548723081283335,0.05018108292115551,7.123215426344972,1.8329682491598014,0.27282312779537476,0.22407042605319427,1.7899643228954876,1.4274126,1.3123565,1.0152091,38.297259939176236,-89.53405669106644,20.871959426109484,-0.04902824126870096,-0.6719870638071634,0.7387194250538622,0.017978561733813157
30250,27200,OK,1530,1530,,8.1648655,0.015506432837186626,0.19636190207439708,0.2918888611384758,0.3521328631387955,0.012731278070728004,2.942921504906363,1.4141297893673763,0.17548241030946032,0.15696389932463856,1.3837965882558318,1.6082662,1.5374023,1.2071085,37.56548494602422,-90.8449180869557,21.11377060915981,-0.007655067850095668,-0.6453472437110043,0.7638133697672815,-0.007580971940980677
30250,27250,OK,1357,1357,,9.67785,0.12621184975383481,0.029788441204951943,0.8863062799246171,0.8957430457902082,0.03151338927941331,4.221198778088382,1.3882273966210956,0.2697187190976169,0.19206667089338,1.348157659324733,1.5333614,1.448939,1.1219151,37.68790449800418,-91.41117961475736,21.400137289196234,-0.004891620848302658,-0.6410815159689156,0.7674568901740227,0.000695451573667655
30250,27300,OK,1090,1090,,10.52821,0.3244339403300168,0.012551699534905203,0.03105423633973725,0.3261583854416742,0.0481527893622666,5.759611074607397,2.106745472167476,0.3278245625221663,0.2661549941891019,2.053384826492475,1.5588219,1.3992354,1.0909961,38.07872232735314,-90.50127384015143,21.328857556610586,-0.0161500566893558,-0.6493016782457238,0.7603198349048278,0.007762405974474333
30250,27350,OK,856,856,,16.670254,0.17769923226068882,0.014549602781055437,0.9981645699596049,1.0139631239891163,0.04039646744508763,7.1028276698050465,1.6438226858035223,0.2223110106921357,0.16179036911427308,1.588344406124365,1.7008098,1.5796427,1.2273772,37.91666836348551,-91.49186024220201,21.541719788409118,-0.017443778490926806,-0.6513951648112335,0.7585367351014979,0.0014406089217064732
30250,30100,OK,337,337,,10.014332,0.31921433338375993,0.03540010075865707,1.33663210622528,1.3746768148054254,0.02505086088226429,5.163104091695626,0.3999563433694769,0.07068847167558898,0.09967939702946593,0.37364858901367537,1.2235361,1.2013409,0.92771167,37.867643021380935,-89.21276703013044,21.057670165266615,0.003513050506600884,-0.6420631054326711,0.7665901698339214,-0.009063036593348207
30250,30150,OK,284,284,,7.2919283,0.010503033050729804,0.06975329326472483,0.619013671341365,0.6230198720201907,0.04160474081234517,3.1463265161054093,0.7185199145718523,0.11009150117457689,0.13835099119738958,0.6858538586956122,1.0337987,1.104783,0.78585076,37.58676012361004,-89.91999359309203,21.18086144183781,0.0034035128809563903,-0.6315667553408304,0.7751263298625317,-0.017059378715724997
30300,27000,OK,667,667,,14.256516,0.7169419256034814,0.25532426407750247,3.5557399211924294,3.6362731734120706,0.03308879040805863,3.4891480883620107,1.1934644351760972,0.1932659535507879,0.1227722628475566,1.1556551724560449,1.1340818,1.0066359,0.8381477,37.66289331737061,-88.06142024396438,21.291504968682357,0.029521501916701814,-0.644670757399588,0.7613214257141752,-0.0625921898239674
30300,27300,OK,1193,1193,,8.900424,0.27440671718793586,0.08669359255231451,0.10396027171708333,0.30597804418450736,0.041429546151843834,4.537068060657762,2.108171748829302,0.3301883588427459,0.25410166156121816,2.052577563507583,1.4255028,1.282085,1.0182327,37.88373643859809,-91.71878721088707,21.81074705703923,0.016822241226927766,-0.6340654707795742,0.7712479113238109,-0.053428927032454256
30300,27350,OK,1068,1068,,9.715637,0.13126321361499682,0.03201293751138845,0.6264242264570941,0.6408292837480299,0.037748846093424195,5.879037835165118,1.472191765821838,0.2049943352265654,0.15295547310109753,1.43693311854802,1.5828876,1.4790672,1.1811255,37.81452295118155,-92.24068319482458,21.890023687401328,0.018856517445633304,-0.6369936576775175,0.768693388191212,-0.05471733527461614
30300,27400,OK,915,915,,13.15237,0.1913279078591691,0.03297983853057829,0.8210383822878704,0.8436812569123205,0.03508424112976277,7.120694115704581,1.9005193243754586,0.3364612741001536,0.17893099297930792,1.7954807446457348,1.5805757,1.5199199,1.1148186,37.87543793452277,-92.44596567445942,21.833722971923336,0.024436341399143587,-0.6307880130477178,0.773633629706774,-0.05477549453048159
30300,27450,OK,727,727,,13.390332,0.7865040170057539,0.12085270136759474,1.1250379690300676,1.3780073932868908,0.07854177340146717,8.295013070072855,2.471192438067032,0.5327687715277036,0.25156205907506557,2.321346790823241,1.9027815,1.8288608,1.3525002,38.89113777128352,-92.67754645898218,22.135914865296634,0.0025121090034163416,-0.6377554188246845,0.7691448074841388,-0.040963156473752385
30350,27050,OK,657,657,,11.478769,0.2785927024624427,0.11668199714672345,0.35297166809618785,0.464561708282205,0.045038344021120925,3.2503343852065614,1.489393252717273,0.2543056652446638,0.23936756219552657,1.415780289295296,1.3991499,1.2822453,1.0767158,37.57243211396418,-93.07738340742996,22.29732309371348,0.0014814026801823592,-0.6453799116909825,0.7630554572375382,-0.03505630060132274
30350,27300,OK,1310,1310,,7.379446,0.38125508845317746,0.09053434565217466,0.10023984905804406,0.4044748911283456,0.04927052676129932,3.3443872813224353,1.8091956135976863,0.2919920307593989,0.2204200566002133,1.7624664233807066,1.400361,1.2766291,1.0041996,37.92776204557592,-92.64316658374105,22.22511536409462,0.006840147087763307,-0.6496883742533729,0.7595698377569554,-0.030197521714524857
30350,27000,OK,548,548,,16.63047,0.9996978245077234,0.2830277912133923,3.4840354543835454,3.635657233338446,0.04428543702126087,4.687783594488914,1.223269665109307,0.19027656652591313,0.12057324387827273,1.1818851906612509,1.1565082,1.0131708,0.87058604,38.05242097737003,-89.2650002479879,21.815857707513164,0.007290500597254537,-0.6597803435034586,0.750125416247168,-0.04414302694098697
30350,27350,OK,1035,1035,,12.574693,0.18841791091726,0.021268181841845535,0.6968105729695546,0.7221486130398932,0.04508884387509158,4.682340749206904,1.397479670987257,0.20188387512617095,0.14360908848403192,1.3577950975982231,1.5443127,1.441703,1.1487222,37.804882491870764,-93.43741616582732,22.30894859438923,0.008232841962023745,-0.6516027745373038,0.7578079556316136,-0.03275892107426896
30350,27400,OK,1047,1047,,13.939767,0.2901675044396792,0.014355620564446059,0.322027762977247,0.4337108997969403,0.03993061285831257,5.921182520243557,1.927227374591589,0.34505315347101817,0.17138859398932582,1.8479662002980106,1.5590534,1.508117,1.084343,37.861943308628625,-93.075674295469,22.153709690404188,0.015226586421042973,-0.6461429475494938,0.7623584920204944,-0.03281725220448053
30350,27450,OK,773,773,,13.060337,0.4364997005697936,0.07146049686794465,1.1946116972529026,1.2738664366500885,0.05332096872653763,7.094070626383735,2.219976660122656,0.5327886755502798,0.2252988974157173,2.0567904423435763,1.8752989,1.8242546,1.326594,38.23252965354194,-93.94594953260996,22.249787776925093,0.0036250595896276153,-0.6457089857619231,0.7630299038503582,-0.028846671894576428
30400,27100,OK,688,688,,11.61526,0.6194509072236755,0.04435778533288581,1.2783970624337464,1.4212621464104027,0.04757938710100766,3.1705644135303266,1.2987583488096228,0.29208191301415604,0.17952978061501862,1.172192286564545,1.2882609,1.18963,0.9932301,37.82404308202988,-92.58846893906083,22.42955236866722,0.007125030728759577,-0.6561976837782647,0.753063138183947,-0.0474314626561378
30400,27350,OK,1334,1334,,8.898773,0.08164853356305068,0.003120015360084716,0.4011119625629229,0.40934951330119285,0.046876254068536245,3.462439314230476,1.4411624138575005,0.21103206491459714,0.1391395936121026,1.3940861627056473,1.5037538,1.4064742,1.1376237,37.66189282855512,-94.29305680830797,22.66879965276078,0.0030443181820867357,-0.6570471755891246,0.7521752630504503,-0.05012100190684898
30400,27050,OK,553,553,,16.735098,0.024323226012939125,0.5178809267955622,2.6173849256674715,2.6682383931676013,0.01895102834991559,4.483566180026589,1.6638643037477345,0.27865768777854716,0.25918695005993964,1.5890855157969188,1.4349228,1.313167,1.1089821,37.10801111728148,-91.40087648282875,21.663537761273712,0.01053728110044153,-0.6482633862759857,0.7588454420331688,-0.061620960934466895
30400,27400,OK,1006,1006,,9.010937,0.15508422133202715,0.028576180993190814,0.11499189750728345,0.19516877393333792,0.03970650658083563,4.695396216074141,1.7963681382714007,0.31240658922785514,0.15085967442884352,1.719755378379153,1.534067,1.4804847,1.0848147,37.67306587086484,-93.77881123403452,22.54581126760765,0.012948835469530066,-0.6537970313358755,0.7549280054005661,-0.049653561184493655
30400,27000,OK,471,471,,18.562038,0.32308101566225433,0.5578699768033208,4.131217368161381,4.181214799158032,0.010950448473530968,5.917093052190052,1.2792629115543248,0.19161886800673344,0.12078503469431578,1.2422568599123647,1.1633062,1.0043982,0.87443966,37.3213771024254,-89.89342595196008,21.39289374921366,0.01852185829597102,-0.6536495387322122,0.7535111392789064,-0.06797193732000449
30400,27450,OK,701,701,,12.56728,0.45008029843946057,0.007492092741795187,0.44234852245756695,0.6311106256571808,0.06869225890912187,5.865536290465472,2.1786067651757284,0.5555629927489603,0.23420433708260613,2.0100371756663,1.8876276,1.8355892,1.3420352,38.235464158317185,-94.3019117621274,22.72001111462458,-0.002549064806147061,-0.6567978257500695,0.7529909487991896,-0.04018394436950813
30450,27150,OK,667,667,,19.328491,0.11114767400208403,0.053301598129737685,1.5546595366453306,1.5595387589545608,0.014999792115040685,3.5092911889696485,1.14591461574012,0.31970047297009474,0.19944856283139833,1.070044148712383,1.3074292,1.2438035,1.0571853,37.2684354146976,-93.99093671947243,22.42074493840456,0.04244540879494182,-0.6016924214100006,0.7918542120716462,-0.09555900854651508
30450,27100,OK,583,583,,19.819529,0.25958809237081204,0.6443909438013816,3.0189865738815054,3.097887279974974,0.037670733930418886,4.691219516794539,1.5130574271037767,0.31502226159163915,0.20213623149965693,1.412024814010584,1.3771734,1.2373537,1.030118,37.12531741342931,-92.46549132530303,22.560913939981464,0.04810992383552039,-0.6141383389242422,0.781370711117002,-0.09989668513230891
30450,27450,OK,999,999,,13.902484,0.34481347907679405,0.0522463454550382,0.40542593277760375,0.534786128218599,0.039282765767587546,4.339290873098888,2.333035947921843,0.6035899886718195,0.2897037721763498,2.1840979771554645,2.1534655,2.0342023,1.4841589,37.954683308527414,-95.83886880841412,22.857894359023586,0.03447108507167347,-0.6073107766166181,0.7905688158506776,-0.07061382516022602
30450,27500,OK,1134,1134,,14.076969,0.3412051542018183,0.1417238374054305,0.5707602306922741,0.6799072321153126,0.02890263853083384,5.602862952474724,2.2367921519102167,0.45348641619959684,0.29906184967378335,2.124370917069708,2.3374994,2.2240887,1.6650517,38.00232113206471,-96.02526536802391,22.78109902429636,0.03191550108070617,-0.6028705214609056,0.793339915652741,-0.07836015171198399
30450,27550,OK,975,975,,11.947029,0.264560956806019,0.07412380878757441,1.01000628009111,1.0467089016143767,0.034044031597891475,6.991904190106208,3.246969546372754,0.9080006094595765,0.41857128984407943,3.054046893853922,2.4010851,2.295408,1.6554749,38.043397200369796,-96.4153889640333,23.007494918513174,0.02495319778208406,-0.6055674386389844,0.7907834686427145,-0.08559743513718562
30500,27450,OK,1307,1307,,11.953404,0.24868120016999334,0.11970688965760234,0.3542534078619992,0.4490741093976869,0.04797090795661274,2.781527826429624,2.744584425322647,0.7223063986462057,0.34059103373672617,2.554088249210867,2.563549,2.3870642,1.6720164,37.906035476391985,-97.342501753926,23.10450837926362,0.031926240932885784,-0.611684342189975,0.7870171361134605,-0.07366823008108452
30500,27550,OK,967,967,,11.290169,0.18625264407069675,0.02307037614070573,0.3286599782079911,0.3784701718157938,0.04536183608321917,5.431153719602219,3.964094579230801,1.0610230327507173,0.4931113754043488,3.739355170525478,2.7083151,2.5140579,1.8044239,37.897747456863044,-97.24981529903717,23.30298313536059,0.025466040208183178,-0.6163653950791487,0.7815624640456993,-0.09276473112048056
30500,27150,OK,555,555,,18.05985,0.3433436022047345,0.21176420592603162,2.626305355259695,2.6571053285769755,0.041992178778758625,5.074822831700921,1.4963594881280065,0.2736437081826434,0.22266217908531027,1.463431945076957,1.4169458,1.3377669,1.1061918,36.71810953463324,-94.56598944877618,22.66041217574884,0.05526839430135285,-0.6111732426779345,0.7817256965635727,-0.11098471677706755
30500,27500,OK,992,992,,13.143953,0.39447864140299216,0.22037000584042132,0.1582909502536216,0.47878216646973426,0.04492308978818165,4.044205121533487,3.020886945346641,0.6433296464750313,0.38236484750108213,2.8770121763239125,2.7735653,2.5621538,1.8637258,38.04023527786229,-96.84886445623857,22.873028534725567,0.02951251689016645,-0.6100692280275773,0.7878535430512742,-0.07893885647890832
30500,27600,OK,833,833,,8.668595,0.0025646843406594844,0.24568717904782983,1.2715911606957544,1.2951111332676526,0.10313014051224642,6.983678565048977,4.001521534124573,1.0340886550617787,0.4200488954770316,3.7439138978528295,2.2085686,1.8779247,1.3809139,37.852114558382134,-98.0727558752554,23.985142729525066,0.009763761474583547,-0.6321750162429975,0.7663056485619395,-0.11417123447742207
30550,27250,OK,655,655,,16.71433,0.37488207352782954,0.07538212360301777,1.7856524132114509,1.8261362420201028,0.013559204021137672,3.844315603770195,1.8690316692235167,0.33215126688028407,0.23627936104695846,1.8163031640735898,1.4816096,1.4061613,1.0903255,37.386776555458965,-96.38921442283332,23.297919619347134,0.08218106206649264,-0.6141328700429017,0.7776146217192846,-0.1067829155757872
30550,27500,OK,1084,1084,,13.8977585,0.483907255782563,0.15286555699556226,0.711187249933614,0.8736826741916719,0.03975819631131513,2.7406388249869793,2.3460543550434254,0.4451223476749311,0.29670427400743016,2.2331244468346343,2.2978666,2.18841,1.6396396,37.93353019484501,-97.41877929445009,23.331411158490244,0.06493831621484022,-0.6182926676759893,0.7769672068398971,-0.09909163274817331
30550,27550,OK,982,982,,11.398127,0.0786936073447817,0.11433911393673768,0.3143788173527007,0.34365703486594845,0.020539141859310408,4.131049425779643,3.5341369606548563,0.9943411659638504,0.43366009846680154,3.310614730377228,2.331074,2.211373,1.5981625,37.750164382438314,-98.47536920628265,23.58630436700283,0.0701615449756152,-0.6162281840786743,0.7769832507807262,-0.10787590444556784
30550,27200,OK,520,520,,19.701439,0.35475608472582987,0.091517160981119,2.093072936070202,2.1248956647594675,0.01570205547429593,5.119175884782941,1.828932744184995,0.2357863806207635,0.22742396012127525,1.8020020315361673,1.5331365,1.4482481,1.1705736,37.270488251998195,-96.11618997049507,23.191309779901502,0.07532783819057959,-0.6208376072699221,0.7722721596532818,-0.11172329039796501
30550,27600,OK,942,942,,9.083411,0.07527022538942674,0.09458905814429591,0.619822043082431,0.6314998510226896,0.06334210618140002,5.692879027388662,3.7939109979675645,0.9880468208690818,0.39491461983387166,3.500017322788582,1.8209313,1.5985988,1.233587,37.88160920630407,-98.6636598393789,24.047440077036285,0.05417421787824801,-0.630021479163487,0.7654486766864708,-0.11927452900289605
30550,27150,OK,401,401,,18.070698,0.5709766410918928,0.0579563662330595,3.2580656514469917,3.308226874656306,0.015145423887189683,6.365708094318887,1.3779591381459682,0.26868560940686614,0.21533896860363655,1.3388448388260779,1.3589576,1.3011174,1.0861093,37.22458159270164,-94.97435026618355,22.908783598490757,0.08045149221415235,-0.6179173437994477,0.77303514429119,-0.11883761745781665
30600,27600,OK,1119,1119,,8.762567,0.24601885321649375,0.09267157417909716,0.22616856568524923,0.3467931903929394,0.05429393171809704,4.451292251074624,3.9926935300771427,1.0159861110054633,0.3998143757555712,3.6622901951607076,1.985426,1.6929778,1.263704,37.849578124805625,-98.99516948036604,24.26186222884461,0.08736657948560281,-0.6198056207999733,0.7690794279594281,-0.12932481085756278
30600,27300,OK,562,562,,15.6007595,0.39898137827230995,0.15929956673744966,2.538718046827529,2.5748110248052374,0.05228804412213451,3.5576358286665526,2.794527362935206,0.4249747880962203,0.3318282497074734,2.6991475241092395,1.5537943,1.3719339,1.1172694,36.39727516309991,-97.19591883769718,23.52855486757298,0.11593792660535043,-0.6055189219720192,0.7721052158489659,-0.15413879449093237
30600,27250,OK,493,493,,16.282509,0.30354903486785645,0.007650055611641372,2.674287072942849,2.6914702094634637,0.05867452554455124,5.088640154871169,2.071083798570796,0.35171035009256363,0.26212128017062,2.0197880055201516,1.572009,1.4838634,1.1515927,36.55817650292846,-97.06678101591643,23.4153500855813,0.1295568914625963,-0.5965954040295754,0.7782867612569097,-0.14682865189589733
30600,27650,OK,693,693,,15.375894,0.0883808724545484,0.11952273817314876,1.5970780870082244,1.6039810720697685,0.01943437028596448,5.716929693150106,6.08362525566796,1.8792423470569037,0.47273980291062656,5.632980904384127,2.6207511,2.2817085,1.8053505,38.07923902624901,-100.860471157483,24.33231107633904,0.09772041560076683,-0.604626039578034,0.7803999126345297,-0.12591286272265265
30600,27700,OK,692,692,,18.721718,0.8794151836061734,0.05999380326756898,0.993997010378342,1.3285331679068721,0.09557641782678619,6.90619748798793,5.030389432062524,1.4935950760915246,0.4381681108295611,4.670728538454364,2.3528602,2.124268,1.5799072,39.24365317331468,-99.8932784025955,24.505051577329812,0.07188844778124902,-0.6173903259635286,0.7768201394675999,-0.10105299302736812
30650,27650,OK,836,836,,17.708729,0.2596890265162323,0.11501394145803873,1.346773312441281,1.3763956380077358,0.006779576400622705,4.446636165842241,6.036744158547521,1.9860385495767652,0.48445114792723787,5.555846709596679,2.8233912,2.4487407,1.944488,37.94524827277383,-101.81359001768614,24.946390363034464,0.1141055461628609,-0.6007440020689653,0.7767477533162495,-0.15082936064041805
30650,27300,OK,522,522,,15.486778,0.2366071841243651,0.30265818655347587,2.8459101026683733,2.8717223490332437,0.0722417506321638,4.8415862260859965,3.0502379844060936,0.4705806585004626,0.36035851621384424,2.9387862316394338,1.7300655,1.4957393,1.2371559,36.53750535530311,-98.0612554653722,24.042161894579788,0.12136693161389751,-0.6026452669283008,0.7662912919131719,-0.18677903013343458
30650,27700,OK,715,715,,17.233269,0.24306313005602787,0.14312462967310063,1.0599348605801113,1.096825534661131,0.05218152405369054,5.636549190733436,5.131370437560949,1.5198154785780051,0.47517143315608923,4.789476774651451,2.610372,2.3426528,1.7162905,38.56508120982309,-101.37588820729958,24.667761857465784,0.08964760646232299,-0.6068959907629842,0.7769792636172286,-0.14122247328319054
30650,27750,OK,678,678,,17.626982,0.052527928183525474,0.10534476261197201,2.9060777760814274,2.908460889007002,0.0339375043188998,6.776934696563512,6.300650810404493,1.92927114106128,0.5966325641419497,5.743190361689069,2.5061934,2.507948,1.6865214,38.898009796226006,-103.0963429800462,25.274976041495805,0.10405043201114232,-0.5965920711118017,0.7830634005034406,-0.14164434008040727
30700,27650,OK,863,863,,16.405422,0.4498610750934954,0.296699404944692,0.9465264497473744,1.0891821903842251,0.039603779285719815,2.966400283223975,5.6349325096679586,1.8882941844032026,0.45957631982723957,5.164136304469457,2.764632,2.4111745,1.9234459,38.82444834778618,-102.518470328855,25.42202076608891,0.12408910404317293,-0.6116881267214311,0.769555605612813,-0.1349951841944203
30700,27400,OK,644,644,,13.802249,0.39926356246481787,0.08949770327012913,1.9174294432407986,1.9606011580659246,0.05084293972113907,3.730648594657454,2.0728023820272914,0.44998087750288196,0.2476483960038688,1.962691918183297,1.8866508,1.7638785,1.2924467,36.93756799570144,-100.3784216497567,24.53825598044601,0.14552032461220493,-0.6069064980741089,0.7620955194730669,-0.17233327281536892
30700,27700,OK,817,817,,16.001587,0.16686882644215462,0.23188296741001446,0.35014059120017427,0.4518997116828725,0.06320815828496036,4.156982879806765,4.479120941901909,1.304344540007972,0.44744286198461547,4.181881858158413,2.59934,2.3788657,1.7134736,38.497370042679336,-102.1416405570131,24.818837313885485,0.106147019418569,-0.6156682021517021,0.7677743525105499,-0.14215491111759243
30700,27350,OK,504,504,,16.65446,0.6725837299567599,0.3441134017141104,1.452848138863538,1.6375440823504723,0.06656102880563622,4.980129292713175,2.3312931095768015,0.34105945540371985,0.2386319031276688,2.223859170365179,1.8377786,1.6676359,1.3698196,36.85796439578863,-100.88921679559105,24.780009076587298,0.13091867647830693,-0.6142906422785299,0.7570697731566628,-0.17986846730519085
30700,27750,OK,763,763,,15.488355,0.015063334674951828,0.21062607172234638,1.8940582598478781,1.9057929944877772,0.04474239165144021,5.305039386417202,6.107528499981489,1.8438969869780641,0.6000347033785385,5.6732643183369325,2.4601758,2.4975321,1.646568,38.852661915417954,-103.63225876402059,25.096872676645678,0.11335716414756057,-0.6038071493816403,0.774850991223834,-0.1489060814455946
30700,27800,OK,571,571,,31.452469,3.1758107258909187,1.196954377339635,1.8059387079413902,3.8444620124221975,0.1393273101297542,6.550360634365921,6.376218292975656,2.335706596057003,0.7686309486380414,6.077761167398339,3.9342358,4.6480675,3.2313619,35.55107299488868,-105.77139957850144,24.1796382213076,0.17882772781633025,-0.5827419860073656,0.7672636885078564,-0.1993460654378681
30750,27800,OK,792,792,,27.895628,3.143481721540613,1.0956902236273316,1.6195616125924954,3.7020256909961673,0.13369456402720822,4.855191235613849,6.629534846022971,2.4077692556078656,0.8038039687113039,6.314267397077309,3.9829104,4.721055,3.2317848,36.610025995384426,-107.25317272430155,24.587179347112325,0.2032841452767004,-0.5608977128748421,0.7664429456520951,-0.2379800895685014
30750,27450,OK,598,598,,17.401394,1.8242533840947859,0.2272171538024338,6.014863815150082,6.289524207693707,0.03934101005922126,4.27844936942298,4.052142997285482,0.9904865055236252,0.4025574794684844,3.791669650360525,2.6597948,2.4392624,1.6476463,37.37990559842186,-97.6267965565291,23.368321454261707,0.15011792934487408,-0.5945589582776261,0.7694151849947857,-0.17878625652010058
30750,27400,OK,448,448,,17.290192,1.250009036521905,0.24291764088551812,5.64933320986487,5.791070478566283,0.016528071115729157,5.436356124709387,2.6049173423737884,0.6252153114909555,0.3278993084620988,2.4723603154531593,2.0653331,1.9053879,1.379259,36.97328216563026,-98.23993273083327,23.438635954315025,0.16900414188294627,-0.5866479542804934,0.7673610449820417,-0.19605816588193967
30750,27350,OK,356,356,,19.843489,0.02922690755917534,0.07036734889889812,2.4320769087549623,2.433270199960462,0.011536913800213482,6.676170046558129,3.018135026052672,0.5049117061359951,0.28605356305379537,2.8610739068305326,1.9682946,1.7672575,1.4432434,37.4578447686896,-101.49904102169718,24.436724637624216,0.16604273714310144,-0.5892999658573989,0.7667327784225787,-0.19307046945322415
30800,27450,OK,576,576,,18.298412,1.0821669025686247,0.26733500372230995,5.05583323986703,5.17725824723613,0.02136669046610547,5.626024256043975,4.387223073477377,1.0616074430473024,0.43842234735823915,4.065530287867292,2.4439523,2.23841,1.5683359,37.28339296109571,-100.0308642812025,24.194587353246185,0.17604723404618766,-0.5864981766998685,0.7553322685560208,-0.23345325911289377
30800,27400,OK,383,383,,25.10266,1.7789765020872503,0.6402391421839893,6.422514653082688,6.695024870993753,0.048207107588759956,6.78337411752872,2.210923410731867,0.5423603175270744,0.3146677595040944,2.0842693466434934,1.9068052,1.7425287,1.2849627,37.19014552350004,-98.6191591907254,23.510878920222467,0.18688311698904986,-0.5794920633318158,0.7591692471154923,-0.2300558700707035
30800,27350,OK,352,352,,21.695923,2.016718366886097,0.7168834267844281,6.25371542390306,6.609843524781577,0.01769816238959828,8.021058096807323,2.7683744960250904,0.4152904779369052,0.29304752048589783,2.612736840891517,1.8660984,1.6666967,1.3434099,37.485124354891155,-98.62846813530591,23.491210190432884,0.1676677837389208,-0.585870696297896,0.7587719902367273,-0.23001762616741486
30850,27500,OK,550,550,,20.888176,1.79228106166963,0.38337308912803547,5.287894100932571,5.596523059200656,0.016712310943097212,5.621502021430077,4.223526448902268,0.9958961765684347,0.5160837349565911,3.9911300022885428,2.4106743,2.1677995,1.5741715,37.99904605569714,-100.63442542281555,24.427438815483757,0.19814199515480546,-0.580106810298651,0.7565695615174681,-0.2276364140168793
30850,27450,OK,427,427,,15.102022,1.5271613827621495,0.5105224676453235,5.715901533480036,5.9383823908039215,0.015382711908217746,6.880209652656776,4.396025509128275,1.0285822004540215,0.45352842157783435,4.0955941022463405,2.3135517,2.1320312,1.4691772,37.56180282749316,-100.47977241252256,24.208232646321477,0.2081773290608457,-0.5773216303137901,0.7525323858283693,-0.23886595219156312
30850,27400,OK,334,334,,22.108097,2.2267484572790024,0.7161995729860459,8.20665139875878,8.533491530498477,0.03749959605643769,8.03123892504625,2.2154507116344604,0.4734032726545969,0.3093990852961128,2.0655207563221145,1.8185345,1.6908098,1.2276342,36.68233088059097,-98.20300599600932,23.37558972692216,0.2207870518051557,-0.5725224768400858,0.7527082074828676,-0.23854023907091462
30850,27850,OK,388,388,,19.051773,0.5811697009203578,1.854398267502205,2.426617124489737,3.1088618214146924,0.13167208838246885,3.2263261301729647,5.544141701329732,1.2698174631836427,0.6634185426587764,5.295955263009894,3.0194452,2.813486,2.1895256,40.41966332250839,-107.5551620981732,28.692180537645008,0.263773999672564,-0.5837907725252242,0.738672605730573,-0.20970072139681745
30900,27550,OK,569,569,,16.236101,2.31472293128502,0.5344106662386314,2.8588823282439164,3.717088265773586,0.048845640229938564,5.517716123607126,4.633839377085529,1.3581700109119685,0.5664639078436964,4.281122025126115,2.355908,2.087011,1.5011871,39.76973217012135,-103.21004387977223,25.49309590653596,0.2441171163938628,-0.5667708996884085,0.7329970619810352,-0.2861693342710001
30900,27850,OK,579,579,,18.554852,0.002824518654161279,1.2668338370092473,1.3955850430467907,1.8848165854727386,0.08870850499893393,1.939216652816894,5.597338307423142,1.3060078130425659,0.6703624026239887,5.326313370083151,3.082682,2.8650272,2.2225797,41.119999313068085,-107.29807706617527,28.24828439503055,0.2934895895556211,-0.575011946595517,0.7132555127105116,-0.27293166852341044
30900,27500,OK,484,484,,19.060368,2.903996298193248,0.7118424904351972,5.088021772084941,5.901515041438042,0.04156885067329562,6.874137999661899,3.9677216009152536,1.008877356570855,0.5565007768865362,3.747745977765179,2.4517484,2.1718729,1.5385611,38.63897877794906,-101.2887350329291,24.76925074940094,0.2564590122513712,-0.5656286230265167,0.7311994328647823,-0.2822063522077391
30900,27450,OK,365,365,,17.35433,2.7170675866383673,1.0623424828998227,8.652687027995482,9.13126610201323,0.043264118465208924,8.125362767001535,4.629198823566147,1.134563155947734,0.44858878190895357,4.294593296297627,2.2012665,2.0278606,1.3788329,35.99309322200663,-99.15141140617354,23.67315047855953,0.28110109390313154,-0.5602076001618674,0.7189625805684712,-0.30040377406029484
30900,27400,OK,271,271,,25.665127,3.9361136559381675,1.2498345165864098,8.949751538455311,9.856628715306108,0.053877458968813435,9.267560593505406,2.455215083407721,0.4916511525112708,0.3422102371325,2.338974887741066,1.882839,1.7163585,1.1818708,36.647962260209475,-98.06651253328461,23.365221154483958,0.28342036252552266,-0.5600736718223341,0.7234032170175823,-0.2875381119885895
30950,27600,OK,648,648,,12.224859,2.9447747824609447,0.6240480620849136,2.547820121113706,3.9436685804922424,0.11339513105270169,5.294037467460218,4.276938096678559,1.1079606497779027,0.456359934839375,3.979020793378769,2.1791468,1.6440562,1.2317953,40.876460218620714,-104.00822486942856,25.976876356535584,0.24635333468217052,-0.5622227242208007,0.7291585543707,-0.3025614738342394
30950,27550,OK,531,531,,15.653782,3.269479136857818,0.6146744194585173,3.150365369092557,4.581715882402889,0.08965637010397783,6.749860272023326,5.328995229073528,1.4855996086904495,0.5984942243168736,4.91596258193929,2.447879,2.081559,1.4705608,40.53819831763916,-103.30614507621742,25.887493299109888,0.2551076642820952,-0.5524194484642772,0.7295441140567224,-0.31227907106969194
30950,27500,OK,452,452,,17.918911,3.85095587987393,0.5771094812850552,4.463968366982799,5.923675389785279,0.07975127666088715,8.091476352727096,4.683010113544172,1.1434540918508893,0.5939430842065785,4.403457246404953,2.5278273,2.1738222,1.507393,39.905506248134934,-101.99296508748209,25.565891320087044,0.26685092670680216,-0.5535118624241087,0.7251002573936083,-0.31087749645035195
30950,27450,OK,349,349,,15.1614485,3.45904875791148,1.1636105312114042,6.325434536054418,7.302748102451913,0.058185625021780735,9.333031288603568,4.8077832901387065,1.1944144003715333,0.5033520392061539,4.441894231445579,2.383263,2.1789553,1.4418298,38.38669445756127,-101.15973982776796,24.613915557590566,0.2866295676770171,-0.5418552020117489,0.7198492622578441,-0.32565851840989934
30950,27400,OK,288,288,,21.802605,4.376119868444934,1.535377236359266,8.75772180977858,9.909868801270788,0.09343962825485508,10.464404247012942,2.4404959108301516,0.5250536595083788,0.352360838498914,2.3399932940449055,1.9623476,1.7751728,1.2056481,37.158042701895006,-99.06042643113315,23.666801390304972,0.30991669788787324,-0.5366887422265851,0.715962186319539,-0.321426480082255
38700,9700,OK,774,774,,16.353493,5.8196917662895125,0.5212107467031907,0.796599218202469,5.897036816193165,0.047242852165498235,8.766238156041986,4.236359389747673,1.066679279299801,0.33775231522290405,3.9635103762287556,0.7911407,0.8549409,0.624711,-32.46343654204878,-73.21981001686403,-2.9686662973868128,0.7055502106917639,0.09287590578108265,0.01819346545744526,-0.7023118709895196
38700,9600,OK,721,721,,13.672631,7.8896537822302735,0.009068971666733927,1.6502698616746503,8.06040381532211,0.051776809482618195,12.516457600937542,3.6227302234130674,0.887998575666743,0.36139290017760883,3.3793010015726708,0.7351444,0.8640555,0.6636557,-30.63660714201555,-70.75411054709355,-2.2023211982005515,0.71558995275153,0.13080476380623463,0.0028583278916059444,-0.6861581182557869
38700,9350,OK,449,449,,20.375021,6.908164284953601,1.6084101818107401,0.39189067418029566,7.103752205797331,0.12301763444687197,20.711407058875302,3.326229109527664,0.7838700086463755,0.38299675010193074,3.1240020189345152,2.0465212,2.076966,1.5150893,-29.904501549002614,-73.7661148238412,-3.1285493834490024,0.7154697110423941,0.1278743121682387,-0.046829168475738564,-0.6852432282396403
38700,9400,OK,600,600,,13.886715,11.430678840118397,0.7259280727779979,0.18834504007030617,11.45525487131983,0.16211206978832804,19.163381124139065,4.902565206163541,1.1374721676977826,0.2830110007527713,4.608224461591869,1.2412947,1.4659199,0.88975793,-25.570215150861987,-72.15085802967864,-1.7586917056913456,0.7170715859162906,0.14616761633864894,-0.05923461563089139,-0.6789216662593954
38700,9300,OK,456,456,,12.856552,14.926551503417741,1.135783595792637,2.21864051336342,15.133218755049818,0.39145955316789255,22.221749735719047,5.055972519961393,1.2280221905144335,0.4052964706356068,4.660543735501777,1.3072151,1.4979377,1.0045036,-19.835757053000076,-69.27733713424138,-1.5544913788267012,0.702451726641493,0.23189429053229352,-0.13539181557937321,-0.659132510221602
38700,9250,OK,369,369,,13.532974,13.935688849942599,0.3769242534562656,8.813392687583672,16.493070856599488,0.46098885629381914,23.665377073299524,6.29565876326309,1.8139939221720174,0.46467155166090396,5.767379373702253,1.4027592,1.655406,1.1227969,-22.847743626139387,-64.22715362250406,-1.821314724965153,0.6838695706202279,0.2781439224381086,-0.13588565469945907,-0.6606765151247225
38700,9650,OK,592,592,,25.528378,2.943134254502483,0.5375705812799296,4.681374083099728,5.555743395424355,0.03920737400832049,10.664523998025617,1.5967339575300907,0.3654752114086034,0.21594156971583167,1.4941818494724695,1.3840095,1.2793021,0.9679461,-34.93402216177404,-77.34824758548093,-2.967604159884161,0.7193881384842405,0.08690116984111382,0.012438101001636339,-0.6890385958216697
38700,9500,OK,499,499,,24.991821,6.878009934976711,2.089703481101974,10.624436083059809,12.827802749792783,0.12858793499006405,15.881495460619828,1.2908410131094876,0.29569077259569965,0.19199184198810776,1.2098023622896599,1.63218,1.5963266,1.1975784,-28.0707914198102,-83.43987831210868,-2.973334202893729,0.7189497157508636,0.1191567753092407,-0.052050518148998325,-0.6827911193623393
38700,9200,OK,342,342,,17.085573,19.198250194856623,0.17896757517896655,12.950594381946239,23.158642766426865,0.9292896177969754,24.921928112595968,5.828972229162826,1.219647507143781,0.521602093104587,5.49125834249643,1.6311415,1.8577926,1.2977514,-19.29588115921716,-57.08578352377455,-0.7817982301342995,0.6360669294908728,0.4216856074756446,-0.29451370598364784,-0.5752058645769591
38700,8000,OK,436,436,,60.02511,0.5640215809997349,0.23753555576768925,1.9816244680648798,2.0739766190872846,0.03892585723731676,6.046890889132184,1.2786778438118418,0.2725100560507543,0.1466581544193381,1.2036837024863378,1.4960351,1.3841764,1.1168841,-38.73414484690184,-75.1869496474519,-3.116218180198429,0.7227095787396475,0.10394421814447197,0.028150635595968386,-0.6827107777293681
38750,9700,OK,868,868,,13.610966,5.904656394474095,0.368198590799601,2.271705353280166,6.33728510887686,0.0673994912827869,8.197125839028683,4.142784201417142,1.0243835483882022,0.3224586895790295,3.906322230727456,0.9334607,0.9794852,0.6879591,-32.390937268872335,-72.73852409566487,-3.0346630412796007,-0.6955690026678994,-0.05643033410088204,-0.011606467415420959,0.7161457043332602
38750,9600,OK,583,583,,13.000025,8.04214988011735,0.41447953749436645,0.04374786590120383,8.052942434728065,0.04637800103820814,11.943989743204893,3.7910310581118685,0.9189933888971227,0.3443869530290118,3.5192164695827337,0.8002482,0.93167096,0.68807095,-30.40060773857993,-70.51070407415827,-2.07068083445075,0.7103218127240352,0.10436187705580786,0.010528391118363505,-0.6960177253247849
38750,9400,OK,522,522,,14.158286,11.308926663733232,1.029329994174914,0.4624506907827399,11.365087028439774,0.1723535819125572,18.141897741119642,4.777559998244522,1.0695171678566355,0.27556828787835796,4.497319131031718,1.4278914,1.6645917,0.97033024,-26.064876955863603,-71.04810124736014,-2.4124361009696558,0.7073958527599796,0.09026084208961696,-0.07604809381195064,-0.6968936614081255
38750,9650,OK,527,527,,25.991571,3.3787132109152678,0.1869401719172909,4.229994013022652,5.4169639965295415,0.05757608090448854,10.129951125647128,1.9383209171993692,0.41343010350447856,0.249475104805124,1.8051047677503744,1.5594709,1.3923225,1.0212274,-34.88343890197673,-74.72909790194007,-2.881726641762609,0.7122922942383176,0.05379909035301737,0.017489304670849,-0.6995995066236339
38750,8000,OK,466,466,,56.111206,0.8140539623751817,0.9656424558950222,3.468218758005193,3.691028387816164,0.045983511691835545,5.033594074254814,1.4903610265361984,0.33178739831514004,0.14833879556687168,1.4268843117417083,1.6754256,1.4725976,1.2163516,-39.1350041613924,-74.48853578985714,-2.320925174704979,0.7208258716634045,0.06799917650705099,0.02161272254030848,-0.6894338727966965
38750,9750,OK,457,457,,31.396774,4.004059532913958,0.02192690862213431,0.5326855375872415,4.039396912212945,0.031505650052299085,6.417168697995639,3.5575879043975434,0.8076408106252818,0.3339751487082764,3.447143331533037,0.67213404,0.62608856,0.5084149,-34.4043685034773,-71.23738565679386,-2.8670414166466247,0.7112222891317939,0.06673737501597493,0.015230415907737032,-0.699626337875716
38750,9350,OK,528,528,,20.483625,7.013028368021727,1.4001250643928222,0.9047341756396721,7.208429857825412,0.13412468058331628,19.58417990409524,3.885847889109307,0.8149794257080535,0.42580435122170357,3.6516636438137544,2.362923,2.3143446,1.6409819,-30.44879458264922,-70.63014216422472,-3.1477242375481223,0.7092822382765711,0.09711257729950465,-0.0555332391201136,-0.6959913168628279
38750,9300,OK,393,393,,12.65028,12.865455394940714,1.750721149116848,2.985476587273779,13.322838943496015,0.27012008261932585,21.00276382256401,4.993382366729295,1.245179515789301,0.4201608996715308,4.596265025016539,1.4549758,1.6439872,1.0052801,-24.15628637047756,-67.75805452222608,-2.885381340615622,0.7012495336867081,0.10929945304996085,-0.122058266099542,-0.6938331937461102
38750,9250,OK,358,358,,13.346468,18.87839550081524,0.06353338595098845,10.467783567477463,21.58639261182569,0.8350962743778032,22.36238174543131,6.43047590144206,1.9142316852487742,0.48021939691897425,5.819413883397421,1.6541878,1.9047399,1.244821,-19.739617532458432,-58.20846593584748,-1.165549402953918,0.6401397321645648,0.37572886236305597,-0.26158720744929476,-0.6169449555596694
38750,9500,OK,490,490,,23.886372,8.023241740096836,3.8229325822777884,5.6895031818897905,10.552614273506224,0.31536620367301593,15.056282729899811,1.6682898518353277,0.3057193350215015,0.21593249455530328,1.579456615288652,1.794743,1.7447203,1.2819002,-29.31716630405427,-76.66848178684751,-4.276075653516251,0.7079171661267774,0.0143126094428949,-0.13282442188092303,-0.6935460388942947
38800,9700,OK,772,772,,14.275081,5.681412941515127,0.6071712675578572,4.046245094443962,7.001371960157181,0.04470129596332605,8.405305040391001,4.1555374719808,1.0389940653406828,0.34267460667895294,3.9398420876759044,0.795134,0.8669458,0.61782664,-32.389379339812685,-72.03266335090325,-3.0606035753673324,0.7111240285883311,0.11129352293264351,-0.0062838817742862756,-0.6941735233696185
38800,9600,OK,620,620,,14.7834215,7.811227749937865,0.3117005852707708,2.474690385397189,8.19978833384343,0.06409868615316854,11.985187509010542,3.5823132110300477,0.8889131371378194,0.35041766481698644,3.3190189343774765,0.7711189,0.89050084,0.6648043,-30.50251015526716,-70.37254070617944,-2.4294347615553393,0.7227612189991286,0.13964247255754733,-0.03303687210650373,-0.6760360680099301
38800,9400,OK,490,490,,14.295832,11.200285940152613,0.7259864114293455,1.3218411558642278,11.301359451503913,0.16287332160391862,17.557984702679814,4.9079673093210365,1.1338641826327798,0.28027061921992447,4.620139313089073,1.2940902,1.5191513,0.90419585,-26.539285597382985,-69.11136053307655,-2.066254011471973,0.7224702321539467,0.1615062962126474,-0.07675112487673308,-0.66787854042876
38800,9650,OK,619,619,,24.834812,3.00831991137703,1.2148647042344172,5.704634751295823,6.562678004021989,0.055994510595865965,10.276245380798645,1.6325549512420572,0.3618214262459482,0.2230530629082088,1.5233776134741466,1.3972627,1.2962574,0.9715503,-34.725095103520786,-74.11686500715973,-3.596523179247346,0.7223773836076889,0.09757979142187499,-0.01894143722255941,-0.6843174131308637
38800,9350,OK,486,486,,21.071411,8.803898586867492,2.3771771128212933,1.0755642709871243,9.182398371590772,0.2705494690469906,18.860694486673133,3.479874705899144,0.781460158121236,0.39911012083821507,3.2779274732877037,2.1699572,2.168357,1.5949205,-28.827211111057988,-68.378864770289,-3.1531829660907174,0.7239379078654721,0.15103172240325466,-0.13693141694442376,-0.6590547105035074
38800,9500,OK,476,476,,25.399555,6.267047718778274,2.0465982074487945,7.192131239591941,9.756597926515722,0.15718435790954083,14.744143595548255,1.3522663158467088,0.304706514743611,0.2024944339042108,1.2661894767889006,1.6491798,1.5953836,1.1854445,-30.063172915015222,-75.91116316767834,-3.0649123714989988,0.7281327110618498,0.12859134879830014,-0.08381999923571262,-0.6680278645566213
38800,9450,OK,449,449,,16.146643,8.278618228199335,2.278478384877217,3.0302549155894827,9.105461458491888,0.17241865687050478,16.187426668636046,3.0564095732531253,0.7151953832983717,0.2156945573150595,2.904717742680802,1.0610625,1.1228117,0.76831156,-29.74331355862225,-71.05083515189582,-3.1816708373792975,0.721615952586965,0.08487501348264706,-0.08411402719875458,-0.6819028372772286
38800,9550,OK,414,414,,14.327357,8.92973787842952,1.538040549293557,5.032591577973205,10.364977824357224,0.14676816456287115,13.454805966569069,2.757208406165199,0.49059276304124905,0.21431538428749541,2.659433715730014,0.86406654,0.87483096,0.6558604,-28.590142511105302,-72.79066982937692,-2.853478597287668,0.7216144903362842,0.11081696167700138,-0.07891259953163819,-0.6787966779356999
38800,9300,OK,402,402,,12.998381,12.472973529510432,1.1161629099848813,1.854925283021558,12.659448491742697,0.2292210837250351,20.157552125214135,4.9589612776758685,1.2291494763580069,0.4051416018026026,4.6832917016536895,1.3632197,1.5564995,1.0147973,-25.334401469354326,-66.13466969516244,-2.4817105148328853,0.7142672494590246,0.18373219766731996,-0.10180973484823783,-0.6676073350261423
38800,9200,OK,300,300,,16.700577,16.21478300142536,0.3806330953661688,9.812587650412631,18.956554162970424,0.754262403219006,22.453590026265175,6.009146858834303,1.2509795765027614,0.5331516353587447,5.622614108334208,1.705129,1.937934,1.3469291,-22.934067614497803,-58.826264862709735,-2.0784223784892615,0.6533077786468992,0.383125407528068,-0.254233034529585,-0.6014727197635689
38850,9700,OK,784,784,,12.670832,5.91474242933908,0.46006091419805845,4.758861562694476,7.6054320996960865,0.07194032473909455,9.151619440523557,4.149888573010684,1.021731563408097,0.32495720163682107,3.870446079324461,0.8221695,0.87926567,0.635558,-32.517958563404406,-70.67629300663178,-3.096042655368986,-0.6864128770510793,-0.09375731548404262,0.005350851723868326,0.7211229412503214
38850,9600,OK,687,687,,13.894145,7.84994558041329,0.09249038899769293,3.389053967555982,8.550782822789621,0.03757071109004433,12.436474392141799,3.6545893290561313,0.8955249473616167,0.34491381166510926,3.3616691770489737,0.76622707,0.8824662,0.6603125,-30.834392305522663,-69.23834735929022,-2.489963081025115,-0.7000163334049448,-0.1288813903925369,0.01242306535958449,0.702290814138883
38850,9650,OK,537,537,,25.262537,3.767395099705184,1.1083609837268047,7.007059051455871,8.032472001701601,0.09166340396681157,10.882320040926889,1.7766680235301375,0.3677958659071091,0.24636491982076095,1.6575880939549714,1.4184836,1.2924718,0.98790413,-34.30316606458392,-73.23017295648802,-3.5789945827688485,-0.7023153656382765,-0.07854271993012013,0.026976071199632013,0.7070052757349023
38850,9400,OK,469,469,,14.177908,11.430796984658354,0.9232504908828474,2.4833619138164353,11.733822802837272,0.1619351032578502,17.26883990926784,4.955473679693331,1.1382091195257855,0.2752951192506038,4.677011803712854,1.2825254,1.5118495,0.89671636,-26.68719986996189,-68.28905848101624,-2.336420506783667,0.6998839659463036,0.14137391401039107,-0.07711840830858166,-0.6958653617968109
38850,9450,OK,429,429,,15.927826,8.254649723691376,1.7690712968971818,3.5358243840255357,9.15264493952503,0.14844662206793835,16.059327387266308,3.036413807131716,0.706342978893946,0.22051831480351147,2.882701496006062,1.0693614,1.1182019,0.76500803,-30.35885503470582,-69.32982025448482,-3.023247365341514,-0.703175857702832,-0.07167870205437676,0.06053618081522473,0.7047987284523101
38850,9500,OK,422,422,,24.141857,6.8687596113508596,2.898431711176839,6.057244947950625,9.605778539106224,0.23122002656032753,14.781914114717102,1.4100351241297555,0.3262088279212054,0.213225171835786,1.324742355159442,1.6091714,1.568369,1.1611338,-30.894786527332197,-72.608853489831,-3.8096472570584883,0.7046155116978573,0.07743456554663328,-0.10988008216062845,-0.6967404368039395
38850,9350,OK,417,417,,21.139334,7.662921493036663,2.41732579065018,0.16020218518750395,8.036758956614577,0.20510864869767548,18.4075329392084,3.46482024507832,0.7709498243807801,0.4223222957736533,3.2615190253735693,2.1928492,2.1768043,1.6050148,-30.689981478627953,-67.40483962401623,-3.4390579804900323,0.7054961177416426,0.1211741276353003,-0.10270159865571947,-0.6906840379485065
38850,9300,OK,390,390,,12.737374,11.02872151140796,1.2849529656303162,0.12647420625855066,11.104044219333943,0.0928476169582019,19.560254064850067,5.031628470134736,1.2552025717969766,0.4135297685193695,4.646379377985777,1.3705288,1.5561754,0.98976177,-27.807881094052608,-65.5430385185709,-2.9304039168711564,-0.6947913320456693,-0.1199799386167208,0.045060093737970035,0.7077000828006575
38850,9550,OK,375,375,,13.961103,9.747371005084359,2.817157263390742,7.6117741068025575,12.684112961118895,0.33466947086859206,13.700102871898231,2.684465262238956,0.48994951175120105,0.21354704611091258,2.565958577110112,0.8592319,0.8623361,0.6637205,-28.26064851948771,-73.14959582586295,-3.9514950198872563,-0.6879385261135621,-0.031768077391913674,0.14408837258579016,0.7106123517313075
38850,9750,OK,350,350,,34.8119,4.31502425985666,0.2849324857222552,4.126467879912814,5.9773203066694975,0.025785731073364068,7.3400704739467155,3.903522254003268,0.8273663828194446,0.3361478532622625,3.747777028148242,0.62555385,0.5935143,0.50517565,-34.26100477022016,-70.36472873131264,-2.664114683727618,0.7106897057860554,0.11199326353538182,0.009076444575332531,-0.6944748153578325
38900,9600,OK,619,619,,14.303273,7.880960015347225,0.17871659726421257,3.9457366900587116,8.815345053536754,0.058147316101944534,13.119459975096538,3.7447595259962094,0.9014663686050973,0.3318895368507885,3.4564400694526674,0.8189678,0.9343306,0.6978906,-31.120667049115735,-67.8826897316347,-2.6455741518023426,-0.6914595012396352,-0.11061296999948922,0.024731710444895576,0.7134681993696683
38900,9650,OK,553,553,,24.11375,3.383172890194782,0.48333915242810743,5.935318104819372,6.848903309772702,0.06479483388652463,11.749352614910126,1.9221617374456725,0.4119074761659008,0.2708410202001658,1.7944339971027536,1.5190547,1.3522226,1.0224715,-35.2316892434483,-70.04893842907418,-3.464113291404214,-0.6959746181648505,-0.07535714227175028,0.0020349220530649693,0.714098376325814
38900,9400,OK,450,450,,13.79023,12.232497717060724,1.4918843566075264,2.8619297758795383,12.651101192127584,0.2511973576311704,17.131592650197614,4.801622392870558,1.1056540845039606,0.2904028554808904,4.511707841880996,1.4078583,1.6378849,0.95240694,-26.209902641774814,-66.81233493060525,-2.8059591821690173,-0.6857440071719783,-0.1283964748167313,0.12015988884736561,0.7062797625548557
38900,9500,OK,448,448,,23.575325,4.842751757533559,0.4068890545320396,4.19668594355236,6.421057249129798,0.019171687017686092,15.01584805221434,1.5850976791351954,0.333191941352039,0.2405386451174577,1.4875461678953878,1.7247592,1.6705844,1.2218586,-34.05837383578919,-68.41845356014714,-2.822564295263403,-0.7013698783386408,-0.11279393154863325,-0.007740174259642573,0.703774049299541
38900,9350,OK,429,429,,20.92938,8.746331582213005,2.9745454968115506,0.1788380729161161,9.240033555942471,0.28499660112595476,18.08609202853501,3.894724940781452,0.8576334972566324,0.47158663223371183,3.6453036177169214,2.3231409,2.2743018,1.6754924,-30.31251745275592,-65.28658588465645,-3.5563142034916098,0.6989110667758672,0.10592876149070303,-0.13874810530654197,-0.6935786772249488
38900,9300,OK,405,405,,12.764406,12.541146724930053,1.9000160471136833,0.7046462839193599,12.703816298300078,0.26325222720671376,19.07533947604349,4.94960754952829,1.244685126919551,0.44186126413300686,4.622710561608553,1.4964007,1.675845,1.0660383,-26.30617496939958,-63.60961516879331,-3.0428192557438356,-0.6831816249887155,-0.14018174934149322,0.12347844794622025,0.7059497271917666
38900,9450,OK,395,395,,15.607734,9.597860621402802,2.406367446169903,4.526097872506566,10.880951003720645,0.23251469148864318,16.10450728628064,2.9091162483438304,0.6757626339112626,0.23069022853436572,2.776828784024083,1.1401074,1.1925111,0.8039376,-29.133248858500046,-68.49379251221247,-3.53665447691799,-0.6865979242071762,-0.06404348478692538,0.10425625467044466,0.7166675351185059
38900,9550,OK,345,345,,13.630118,9.813437926273933,1.743588955565558,8.069719919033153,12.824353627003672,0.23046599533542678,14.158723437314613,2.4080213770694376,0.48954735710382835,0.2161050930488977,2.2979049099816873,0.9360726,0.92474616,0.69406074,-28.38151065829185,-71.69179667677199,-3.492247074823764,-0.6844435978048247,-0.06265768236306954,0.10209457596575529,0.7191576140341204
38900,8000,OK,340,340,,56.36007,2.0571113018584644,0.8267612683662607,6.0901265051946964,6.481117338266557,0.044287658514344456,7.231567038423531,1.510368452697755,0.3428668920323852,0.15682110293934082,1.4143683877530222,1.7258308,1.4760898,1.2076082,-40.6855547898451,-71.00500682455922,-3.302787480090128,0.7057153767294831,0.0913496442031486,0.015403488052841405,-0.7024128288316833
38950,9600,OK,600,600,,14.847488,8.016176643756294,0.334512725189974,5.509986452100908,9.732981940266482,0.08432999343327283,13.88618228970112,3.6110491069325032,0.8887275914291375,0.3366928214954674,3.363491477387046,0.76903147,0.8834381,0.6695913,-31.08226846938645,-67.6345828651189,-2.267052016874473,0.699131913600603,0.1479449544261483,0.041208034853460786,-0.6983041999791494
38950,9650,OK,526,526,,25.214828,3.6031907129457235,0.418686202525302,7.56646982013817,8.391051602100008,0.041562726741261186,12.71474924934415,1.715690562606821,0.35998064358983295,0.23919197014449484,1.6104052108366949,1.4068233,1.2812449,0.97656286,-35.057063421252856,-69.78821595230346,-3.328114637686086,-0.7035050180950594,-0.0871990674515545,-0.0296002934814484,0.7046991093909949
38950,9500,OK,421,421,,24.590149,6.614857692464724,1.5858804006016798,5.1278595982987625,8.518585739219688,0.13188838898734673,15.318507539285426,1.364080480731558,0.32055019284736086,0.21159297220419487,1.2789324232306827,1.5994728,1.5662676,1.1633797,-32.11248873253461,-67.99445296690337,-3.3899911262599556,0.7055868746170465,0.11005125292988377,-0.036003370045707916,-0.6990991642407127
38950,9450,OK,394,394,,16.039713,9.23266368869313,2.636433703720795,4.501320285424427,10.60446819857559,0.21394691027729987,16.203083480185676,3.0612664835723105,0.6950337332151998,0.21950758500688305,2.917815664583282,1.0530217,1.116286,0.76938635,-29.71652422555858,-66.82765383997165,-3.412618167824151,-0.6985431513384381,-0.06769087636495927,0.06890931315912802,0.7090182772926555
38950,9400,OK,365,365,,14.251427,11.751877848429434,1.6733673100514164,3.1164212000306026,12.272688059865098,0.21886081867181295,17.032702773980557,4.894874322210257,1.1537421957585585,0.27200201140976066,4.6191875599718415,1.2918634,1.5203737,0.90440655,-26.996023579656462,-65.5495247106715,-2.67394174598658,-0.6961410598981779,-0.13361026335330986,0.07618920741705336,0.7012354290276995
38950,9350,OK,362,362,,21.970997,8.974205339009856,4.509547250948502,0.6437478124917115,10.064133798859098,0.33634953562142034,17.788568370454314,3.494248461261006,0.7638962587513927,0.4181325045188851,3.283273486978743,2.1688914,2.1618257,1.611687,-30.17728347899095,-64.47895465533695,-4.47297149568991,0.6993563997777292,0.09936030213495792,-0.13773651685970245,-0.6943031098684058
38950,9550,OK,343,343,,14.412171,10.376309151179798,3.396042671498871,8.650544799374456,13.92956649553328,0.3728596711718671,14.693701407777912,2.6931582824068117,0.48690510392741326,0.21285212622421046,2.565686779929936,0.8589157,0.86460614,0.66401625,-28.376076409182698,-70.58887090589512,-4.217720426149879,-0.6873854640775828,-0.025829340287789788,0.13616694428857204,0.7129464441585053
38950,8000,OK,334,334,,58.162003,0.08978954550678431,1.44452931778616,5.467367656065507,5.655690603190498,0.04629926840327162,8.71346226540799,1.4090970024155967,0.2904565373416167,0.1560010386577613,1.3309287219980446,1.5685655,1.4016143,1.1617079,-38.985208304870305,-68.11006537525773,-2.535079465843276,0.7138409963997623,0.10376957955859012,0.0472491741565413,-0.6909634011716921
38950,9300,OK,330,330,,13.127811,13.187295584234835,1.485968744103344,0.7845789526689136,13.293924629972997,0.29742054118755595,18.5997282824353,4.94258527819522,1.2326336696192106,0.4172316566458466,4.556976468232559,1.4058131,1.5945499,1.0368028,-25.77957910189304,-62.04327998525823,-2.5300237309255404,-0.6902783078876411,-0.19167442757815395,0.09163710015371919,0.6916497765110454
39000,9600,OK,489,489,,16.271534,8.951086017731274,0.5307355239140472,7.3162492480565255,11.572861536925789,0.09039111434596905,14.93569373370373,3.688245924793684,0.9053001323612808,0.35077729312757455,3.429584281142432,0.73073417,0.8526992,0.66456443,-30.542369887403837,-68.12335002105694,-2.694628649097613,0.7099866563598273,0.07771435587114052,0.009228153675513997,-0.6998530330449868
39000,9650,OK,489,489,,30.090977,3.67196631592876,0.02745002595627777,5.883877759869572,6.935712481232782,0.026158986044347802,13.963600013533567,1.6871866705412373,0.33469685120804815,0.22382210361339205,1.5786672896668021,1.3698568,1.2611139,0.9906775,-35.73592440520662,-66.37087960578661,-3.1886711309523976,0.7140811879407888,0.05424964616367128,0.05381363481097014,-0.6958801086599757
39000,8000,OK,400,400,,61.289803,5.459691475324266,0.0812582905589388,8.74900268167772,10.313092738820734,0.06787798754988957,10.460047102593359,1.3378776681137843,0.27638443037382554,0.16123803745825416,1.2547288526791003,1.4904044,1.3714111,1.1502252,-33.94283597668242,-69.35140952021304,-2.9864164962839483,0.7146073239968004,0.09520939176705123,0.03663755620284785,-0.6920471325603215
39000,9500,OK,361,361,,24.871256,8.053148838727648,5.495572132187335,6.402339222592361,11.663810132196042,0.3343394527661008,15.902598740408413,1.315837096166677,0.31028165448777745,0.18832642607349098,1.2287229799889876,1.5636437,1.548412,1.1588454,-31.99763144906362,-67.73356028994013,-5.77888565545582,-0.7005925283456423,0.0035478009562369996,0.09804679229492966,0.7067845137347805
39000,9750,OK,344,344,,35.204338,4.870827483349674,0.29912882719878875,5.918562022522577,7.670972222753931,0.026159304620871706,11.442370347188154,4.0975833087295745,0.8428460260963337,0.34255443618584697,3.9350917038592863,0.58497924,0.5578356,0.49482048,-34.5827074287004,-66.46134306844334,-2.8217288118621378,0.7144937262088323,0.06424444518318201,0.06421120501621691,-0.6937206120778657
39000,9450,OK,321,321,,16.16405,10.269857466434033,3.06065978843532,4.392258000856466,11.58143087306156,0.2652308334339879,16.568951833757602,3.0368536406833706,0.6947970909054001,0.21802826229905092,2.906613252174999,1.023995,1.0877867,0.7590209,-29.383194551314514,-65.57539799380089,-3.81404114225459,-0.7047434403738484,-0.02370557728205084,0.0721211787904935,0.7053887328456745
39000,9400,OK,312,312,,14.546705,11.855256432070938,0.5848323603406477,2.630845078300103,12.157733332569721,0.18586881453538387,17.18360489004274,4.915217559022289,1.1606669799087737,0.27481599737008355,4.633028537678479,1.2501949,1.4736271,0.9072375,-27.524225817569366,-64.04026379446641,-2.329547752533557,0.7085043752518212,0.11978178537415954,-0.023009189834664674,-0.6950859308925463
39000,9350,OK,300,300,,22.21109,11.775042674939225,5.251135155957338,0.9699821624438795,12.929304537299378,0.46343864000900403,17.720602646389754,3.5392331742830243,0.7606964081551808,0.3978685349225643,3.3628699345825286,2.1627984,2.1653209,1.6392213,-28.061382264003896,-63.661367155782585,-5.13268226769252,0.7139767467838974,0.06315496912695225,-0.17690824856141277,-0.674501391041849
39000,9550,OK,269,269,,15.041908,11.596873806255676,3.5353493737160337,10.43976749768718,15.999216314501751,0.3300568529974502,15.51296278368731,2.7588563412163962,0.4852509301939695,0.21492805449638774,2.63497062775848,0.82493436,0.84307796,0.6523091,-27.774984901868496,-71.11045133369954,-4.84768891515666,-0.6904522656733953,-0.0116290411256449,0.1001428034262878,0.7163182624719945
39050,9600,OK,495,495,,16.149286,8.27465628896465,0.0988332595276431,8.055721024737705,11.5487811453024,0.0772571814734042,16.289447845386587,3.7406880200768837,0.9224823416041756,0.33665380955079593,3.4808139215140717,0.7714108,0.8898998,0.6900873,-31.236284947976955,-66.27822226064721,-2.6620575617642284,-0.7052672279272242,-0.04770016804449012,0.012933653910205288,0.7072167643494511
39050,9650,OK,446,446,,30.702347,3.051533743707486,0.11894931804064657,5.221262258633918,6.048767370521263,0.05582785992986852,15.505276070848948,1.8716024846423065,0.37689487924366366,0.2566050074389787,1.7678054419903004,1.4828173,1.3361701,1.0377033,-36.13728629434131,-63.12649522606695,-3.3460311764606243,0.7075238611465057,0.030374756729408123,0.03284527504136197,-0.7052719673781364
39050,8000,OK,364,364,,58.769253,1.9776996384540007,0.8895407636711072,7.398909025278776,7.7101513211172055,0.032270159129362534,12.443709681764105,1.4055420500775895,0.30198133107222913,0.15452737007703177,1.3197568175489627,1.5789719,1.3896703,1.1733826,-37.43318132817789,-65.71331790949672,-3.0149036491000816,0.7127801999814031,0.06077027542394223,0.03047886315226946,-0.6980848079139915
39050,9450,OK,356,356,,15.68951,8.941156761185852,1.2956578048805145,4.898195478233195,10.276932047962143,0.13807994596403403,17.255974832653127,2.881066996475772,0.6459981115264852,0.2228448674174155,2.743578980256764,1.1092031,1.1811597,0.8126048,-30.741261878691677,-63.12549924576829,-3.238533213979979,-0.6994919388581355,-0.020852788473587118,0.03424573792498564,0.7135148338467362
39050,9400,OK,348,348,,14.475624,12.453056460046328,0.7013660901539821,3.7552265710708443,13.025830345494139,0.24483641584771193,17.64606068662951,4.810833608636913,1.1028649562662252,0.2834440326862414,4.543525833088323,1.3805145,1.6134328,0.9817759,-27.321673010378866,-62.63674199271604,-2.6515841477018527,0.7062737008492588,0.08555631166811282,-0.09356692191886833,-0.696493221894563
39050,9750,OK,383,383,,33.261593,4.820041431076468,0.7051750707913119,9.484430413270879,10.662292977682466,0.026258235762833013,13.306906627809147,3.7913776062219275,0.8264344523204654,0.33078304908221245,3.68299110956044,0.6221105,0.5841594,0.50012964,-34.490030197412516,-67.65784842626188,-2.7915585075927267,0.7098490011109919,0.05768363606166532,0.03289573953115088,-0.7012167026484257
39050,9500,OK,308,308,,24.195705,8.135342463042221,3.2990723909123028,5.123740827559154,10.164664072140026,0.27881089770984097,16.812058459940825,1.4338971584034432,0.304491665763737,0.22247046284435856,1.3463917118333368,1.6633801,1.6488922,1.2245908,-32.180960413876385,-64.0546848985184,-4.527320589772453,0.7033125257699283,0.007890557805083872,-0.10584100550949928,-0.702913160885032
39050,9550,OK,284,284,,14.9495735,11.601643177686409,2.577115397544498,11.345223436004265,16.430269109405327,0.31217453491561464,16.649304227275934,2.5832605232283172,0.46541983485774163,0.21415871368042483,2.4645704321622635,0.9123312,0.9216108,0.7056491,-27.970608096332924,-69.38700079795018,-4.670747759337785,-0.681737504856036,-0.00400746112017427,0.12012702591606321,0.7216560208108833
39050,9350,OK,283,283,,21.812864,10.592818654969772,2.541061837572366,1.1301263588974888,10.951802952323291,0.3607408407725801,17.949537288837796,4.128944445933817,0.8934432239190189,0.4856508983438846,3.891365006700715,2.3317053,2.2920856,1.721098,-30.384578721893938,-59.24014006821752,-3.802659340925561,0.7153576373165177,0.07920574738128033,-0.15094928487711448,-0.6776460829295704
39100,9600,OK,417,417,,16.821796,8.751870957998591,0.57147284514445,8.318615404052462,12.088059758238108,0.06289682136719763,17.763765874061416,3.717340041266408,0.9126110820282942,0.3429779666164021,3.464893011933256,0.7292665,0.8556297,0.6689661,-31.410993569942576,-64.94224125245411,-2.6619951373256043,-0.7042496143066415,-0.04664107853320356,-0.00986440670838012,0.7083500434266224
39100,9650,OK,401,401,,31.909664,3.8580561492670196,0.38242019638170055,7.744378120806649,8.660614004533766,0.039905809794157136,17.126556267908807,1.7173238865726537,0.3522173975158672,0.24855031737645011,1.610498080273191,1.4005104,1.2723389,0.98586076,-35.89825487844703,-63.86798764892134,-3.325366120161056,0.706948513644082,0.016863545358151377,0.04118963267300451,-0.7058631836656732
39100,9750,OK,381,381,,33.226498,5.897104566561351,0.7877841060159925,9.97705535309982,11.616285102625017,0.021368070604039082,15.169715160764506,3.944097523821835,0.8318306817068393,0.33665428460184554,3.7967077890892984,0.59152657,0.55889964,0.48629725,-34.07873095447018,-66.34455274851994,-2.9045649769865642,0.7072652711770607,0.041219055209358195,0.03714486675178375,-0.7047673974784013
39100,8000,OK,361,361,,60.62306,1.6779741608257694,0.9614343760539263,8.16617997187014,8.39204675134917,0.03526881463653896,14.388097937006142,1.3422399904006599,0.28173941097612243,0.15895749238472728,1.276056326216355,1.4976938,1.348347,1.1634096,-38.232407346126195,-64.48298632750466,-3.30995100338749,0.7112952284407492,0.041382576518152844,0.04625693393622611,-0.7001477532785213
39100,9500,OK,274,274,,25.443783,7.531952120334855,3.6474267877408426,4.20477752966169,9.365584818306546,0.2754040347910983,17.931728130152585,1.2906371525565046,0.3042671520385172,0.20690926462893805,1.2148653351436973,1.57595,1.5562167,1.1718467,-33.56670746270943,-61.4760945423149,-4.939605500811447,-0.7018489635735805,0.015805743047465598,0.08886563251268355,0.7065841140129949
39100,9550,OK,273,273,,15.596206,11.132480768918903,1.6888568870828458,10.406411387032046,15.332245876307443,0.24988941616730495,17.951958551742013,2.707010727252945,0.4695669612074871,0.21162092979755964,2.594674301386693,0.85935724,0.8734462,0.67876637,-29.240656179627365,-67.05206549517864,-3.9582137256127767,-0.6922217143516578,0.011061732692815296,0.07658966316047483,0.7175240482010686
39100,9450,OK,262,262,,16.899979,9.404185893653816,2.4623358633403662,5.343092863529953,11.092810805859544,0.22739827151462258,18.187058408219055,3.0166318566888397,0.6759101079145231,0.2178700918640395,2.87781210462947,1.0484642,1.1174484,0.78069586,-31.078268898006417,-62.08031885664324,-3.9984529117631364,-0.6921251550793569,0.01904894158802845,0.060267060551849334,0.7190047210854681
39100,9350,OK,252,252,,22.455997,11.116828403283424,4.130113094448545,0.2190589695227425,11.861268682274792,0.419825638563776,18.477519745552353,3.841899171057822,0.8320674408830839,0.4443939577401055,3.62074948894204,2.2050521,2.18872,1.627252,-30.62153127778788,-58.98332956977675,-4.899060121575872,0.7117254772298734,0.023184797589616047,-0.167993854236432,-0.6816798186549355
39100,9400,OK,250,250,,15.058025,12.51246588173029,0.5663690729167092,3.7970773079915086,13.088176819216844,0.2424027516684589,18.381545082687367,4.896215721262478,1.1351826612262261,0.274746083757784,4.599751152675861,1.3096324,1.5402881,0.9325168,-27.89280347519438,-61.29770255839009,-2.8732367478702168,0.7037977540235216,0.06948764386090119,-0.0769753567225385,-0.7027908531274045
39150,9700,OK,601,601,,24.614439,8.024633485074023,0.5235154680632907,12.541659694890845,14.89839048077081,0.06187169325128004,18.2406459032535,4.1268125597115635,1.012867196172763,0.33348475569827557,3.915058628225011,0.86597234,0.94766396,0.67034084,-33.08883920055291,-67.17302829017135,-3.0777299971683263,-0.6942595556623107,-0.006698268652337906,-0.11116154404009886,0.7110568990560835
39150,8000,OK,407,407,,60.774876,9.139726837803405,0.09554171000367,9.918042552641094,13.487449831751505,0.09446254954137738,16.506387003406793,1.3262146000412702,0.272258699670047,0.1601305325272342,1.2698468333201745,1.4685742,1.3317945,1.1356776,-32.30259875834066,-64.67818413449585,-2.7132165986805297,0.7156597316277039,0.06778047494781644,0.07496936903206566,-0.6910980751306902
39150,9750,OK,377,377,,33.878036,6.040301062087082,0.002356821123051772,9.94664273719314,11.637050494717858,0.03205898475588951,17.217354054972994,3.9855322196762706,0.8403785486566839,0.3405058630708174,3.836321952112457,0.57397205,0.5387604,0.47843558,-34.80147817276422,-64.46212897312812,-3.111178951782679,0.710113002297816,0.019748235053717974,0.11181284539126535,-0.6948722319861069
39150,9650,OK,365,365,,39.43672,3.744863379367972,0.058930492227546816,6.996625836437166,7.936009553178824,0.050367444246552956,18.956130059255273,1.6752562203378083,0.3389007753511924,0.23873033156406254,1.5875613914385327,1.3565332,1.2425774,0.98237413,-36.53820992669459,-61.016047011950164,-3.537125850646854,0.712771884626001,0.008742423041667892,0.1114622925046858,-0.6924275903483762
39150,9600,OK,359,359,,19.66705,9.643147814386019,0.07449493673868879,8.602096145152302,12.92253486573519,0.05563622713207731,19.457962822975304,3.7085417654746884,0.8991125823947206,0.3535795426665044,3.4431863408450436,0.6948631,0.8206901,0.65259755,-31.523366054640434,-63.78434323410811,-2.5297796134976736,0.7110913179578114,0.05548651815890984,0.09187284373280952,-0.6948595285466485
39150,8050,OK,288,288,,28.951214,4.465857733450019,0.3743942241120636,13.047411241558912,13.795615116290454,0.045762468029000504,15.451522163859046,5.228984044599105,1.0914829679044724,0.44549911490625005,4.987976001693333,0.9982586,1.1915312,0.8052754,-36.77831703959168,-67.49807430567698,-3.6633908608238595,-0.6947140303195841,-0.035557018692319475,-0.08849638559246166,0.7129351332596146
39150,9550,OK,203,203,,16.27125,12.94319819449037,3.927738091748649,10.84488843273916,17.336813753910832,0.3004225394214264,19.48828310476102,2.7866199843822557,0.4734994776189011,0.21269628513455607,2.6946761341755385,0.83696455,0.858276,0.66565967,-28.674036254740795,-66.40020115781695,-4.907091626245075,-0.6945455566494976,0.016108134953065158,0.04092954464726565,0.7181028965975148
39150,9800,OK,203,203,,62.552177,6.794529266085425,0.2897344570458417,11.482021449311315,13.344901294716875,0.09022725465413128,16.108606326447642,1.2660201215752958,0.21566577883481042,0.2422132095459707,1.2072891512283732,1.4262801,1.3206029,1.0410038,-34.49688624310598,-66.18155375316444,-3.2738422338313917,0.7083906453531496,0.0740885182363526,0.09404234207845337,-0.6955930009266115
39150,9500,FAILED,193,193,,,,,,,,,,,,,,,,,,,,,,
39150,9450,FAILED,182,182,,,,,,,,,,,,,,,,,,,,,,
