query_idx,anchor_idx,status,n_matches,n_inliers,n_overlapping,median_depth,x_error,y_error,z_error,pos_error,rot_error,distance_anchor_query,pointmap_error,pointmap_error_x,pointmap_error_y,pointmap_error_z,scale_x,scale_y,scale_z,pose_x,pose_y,pose_z,pose_qx,pose_qy,pose_qz,pose_qw
8740,8030,OK,1659,1659,,26.644602999069548,0.0670795295866399,0.4181340760505024,0.3817655261981558,0.5701584743187871,0.019717178376981732,0.2519187935071259,2.33266399655653,0.6846076568442632,0.2027213097984253,2.1838888231837235,1.2616415561644279,1.0797880764053878,1.2002066823472555,207.80243016572464,2.980624328048754,0.3776308983200183,0.4248824803211322,0.5854561590611506,-0.5622396109104281,-0.40075252170986775
7960,10880,OK,1370,1370,,38.279730328217596,0.03839217012515532,0.2957862585325824,0.45463762181150447,0.5437451945811044,0.025329912715837555,1.8998076293060275,1.5637972255823576,0.33065804922415376,0.13681907233202484,1.5238118671132663,1.102755214637611,0.9909498299863614,1.1581727178580978,223.3923376147586,8.06699309209298,0.8893518696986833,0.41154281401151727,0.6107208001752218,-0.550282158547723,-0.39349988875840536
7860,10750,OK,1774,1774,,21.41004914766268,0.06401090265146847,0.29295030240924913,0.15770834439551473,0.3388055448659313,0.018751447079542696,2.35638227041184,1.6347443973476445,0.3340659879186748,0.057481131374502226,1.5810974180462933,1.1571402165517877,0.9961152362178599,1.1354561850479579,253.31925421821873,15.73561008509956,2.1847699072245073,0.4437133253400174,0.5714365098132395,-0.5283808067134094,-0.44428878363633495
5180,4170,OK,1584,1584,,20.88794019119257,0.016833281610849203,0.06115063397965533,0.19398367211961304,0.20408925609868214,0.008595049670302914,0.11641379900540337,0.8893752875436163,0.26958629391648037,0.1491563469020014,0.7966171097587846,0.9739236417424133,0.9577252402797599,0.9416982284075323,135.28577445001557,-181.51022427582777,-0.5451265194060526,0.1291287065206493,-0.6884305094626895,0.7034563783610489,-0.12057501621978974
9020,8200,OK,979,979,,50.55159199047724,0.023654622010302218,0.06583306209514354,0.5828683503640488,0.5870511451853074,0.0060846968813695395,3.9458999457601913,0.5126539482006874,0.1142932745233175,0.07160579296493186,0.4403358219281519,0.999168888934886,0.9987381333202993,0.9739526526764535,150.88477862711696,-17.351609179722377,-1.610270077323347,0.369387381518487,0.6070596268305156,-0.605445686460521,-0.3584230637021833
7840,10700,OK,1780,1780,,27.19463430475551,0.002985470835613735,0.01771791237357618,0.21447598182833816,0.21522728506445846,0.007724402664853894,1.9318898654449779,0.6010916622802385,0.12696887898626913,0.0884825569325271,0.5690939343790702,1.0630561972735215,1.0364305585281002,1.241756899150935,260.197953074753,16.995248375602905,2.087979387297529,0.43656000817431706,0.5717961045391184,-0.5453527741077078,-0.43018010864027295
9380,8570,OK,1245,1245,,42.556362764100875,0.12693837205503153,0.1208939958872414,0.512264756686732,0.5414276401190492,0.01034953536784137,2.854900811644469,0.46648804953872036,0.153377229165643,0.14306588277363097,0.3887387363332584,1.0457556880737315,1.0720708269844854,1.0545549346358343,216.68922663612338,-9.319750446758786,-0.06369951453878203,-0.5881545112300696,0.3600803992857771,-0.3772466431339593,0.6181434681480281
9080,8300,OK,1549,1549,,20.733767504454008,0.011911533102967775,0.1469493471088497,0.34863064534573074,0.37852255165413984,0.012501229243023215,1.7282583305704906,0.5477337549922187,0.13355626896876327,0.09161278205018464,0.4756643189099492,1.3490336063668495,1.282481049406795,1.1309520301670546,145.94566417385073,-25.9323574660831,-1.8892626836835946,-0.0023683637647367996,-0.7060281606856657,0.707638016094908,-0.027695944633761887
8820,8090,OK,1678,1678,,38.46391141488245,0.2698323519007337,0.026122489421175607,0.18505961498000814,0.32823610965643263,0.019239366288780483,0.32822053467796136,1.5948251401270959,0.4059600090541292,0.30162247040414747,1.5055009922606875,1.1533727920564123,1.142394485114086,1.1344926440798715,187.7290973945862,-3.7954704182878873,-0.7443806185882527,0.4130090691483644,0.5869425524241908,-0.5770695058836105,-0.3897598418696097
8960,8190,OK,1567,1567,,39.58855058804138,0.09082284026280762,0.056160765903090326,0.3966912207394788,0.41081229844297884,0.00862157919269802,3.5246097428748286,0.6170795491683758,0.1596401010616486,0.12241247323910764,0.5641208077141262,1.042263163078589,1.0455010308000008,1.031001266495658,159.83477435156883,-13.779516962846364,-1.574698452645686,0.40316117158112075,0.587553156219895,-0.5787714610652988,-0.39656771704428645
5060,4050,OK,923,923,,29.67207871676541,0.2298781435130987,0.20372927194074733,0.37790521636696606,0.48699274087803324,0.03929698231434256,1.0634375795591107,1.6240079011632493,0.6537682187432727,0.17672101338474588,1.425067646597153,1.377632436739353,1.1907879726261064,1.0685513137786646,124.97641105985385,-154.25079530509643,-0.7302733021172334,-0.02810520382393904,0.7113712578049791,-0.7002289817463735,0.053295442670210184
8900,8170,OK,1372,1372,,43.11925001511244,0.11716924872655565,0.022349864825722366,0.4970161829944697,0.5111293725303465,0.010617184017545436,9.178002992525192,0.9282481880574791,0.18594098780348745,0.11249880415989,0.8857183437041352,1.1253323887939817,1.1058229038191185,1.0952256523067307,170.6551888276862,-10.062470632532886,-1.2490270890156172,0.4024374047978391,0.5919497844454489,-0.5785665499326207,-0.3910247245554062
7940,10830,OK,977,977,,61.518727326505164,0.0155019101707643,0.31530074859035634,0.031444065016474454,0.31724375566012614,0.023049703501754126,6.680832013727611,1.0532482638592964,0.3484507386118736,0.1625650852344001,0.9609271849892558,1.0794395289863545,0.9839631802280012,1.1110036191178192,228.09124705100743,9.593145797991308,1.061849626406173,0.4091173239605018,0.5980202436544182,-0.5578727481743597,-0.40468852251984544
7940,10900,OK,1701,1701,,24.430043359537574,0.1095276194889203,0.13014436629764786,0.2548892029551011,0.306434921790929,0.018814445547925433,6.326940178307952,1.8894082299604753,0.2673756496814623,0.09994093316593,1.8589595170372046,1.1099254817652322,1.025329850449646,1.2595140328102397,227.82965383444576,9.485733655501027,1.0061406030001816,0.4117398043409723,0.5960139315700831,-0.5571975614503097,-0.4059169920186372
7900,10800,OK,1244,1244,,29.180751941709843,0.06392602871439626,0.21258764103045424,0.03175903471136654,0.22425137357859118,0.01312755976776156,1.7612717417557564,0.8755135367984683,0.1963710061628119,0.09953709187350768,0.823212981020359,1.0648202976869936,0.9724343991406167,0.9803191240603321,239.12252731314828,12.860539067225986,1.4589409056586908,0.4391568224879576,0.5779877828658743,-0.5455153108434084,-0.4189086460739273
8780,8080,OK,1553,1553,,44.036806860744406,0.009560623936555462,0.08203825679858934,1.6029849710625914,1.6051113664045695,0.010084116294524987,7.166671254015085,1.8832245842729907,0.4384586133061633,0.26369903883321155,1.762975095481159,1.1950142744138212,1.1490152144629528,1.1256108594780607,199.62123126835215,0.03794480361116648,-0.24518769949981964,0.4051023360876698,0.5905777808063897,-0.5794593612059439,-0.389020347571836
8840,8140,OK,1238,1238,,46.344554134132494,0.07056052001733665,0.049455564018256994,1.7412244706530124,1.7433551838332728,0.009695734759551346,12.599034271383804,1.3331966259625512,0.2874217709643616,0.20546460855389603,1.2530607731831491,1.1357804014891615,1.1161568753953859,1.0783307731279423,184.27858280105568,-5.175010179028334,-0.8167422986535553,0.40673814986124085,0.5928084024508631,-0.5722639278205613,-0.39453298004918863
9000,8230,OK,1761,1761,,30.663715724330267,0.04827806686051661,0.07385444613210448,0.43276850834566094,0.44167163455331476,0.008158312769639952,5.013187746951526,0.7073027262215486,0.1147806166538925,0.09381630225688808,0.6572215347938024,1.0596824995166345,1.07665151495997,1.0751418903791787,152.8937031075226,-16.438957030270586,-1.7425238158447205,0.3850261866001523,0.5944999739563317,-0.5924999509359854,-0.3837556836568292
9360,8610,OK,1226,1226,,21.44327249411598,0.16100084469346831,0.20233108536922298,0.7919547196962,0.8330974841804438,0.013156677798557215,5.256237380763177,0.7107882015623861,0.17786045356215568,0.05022725098202008,0.677184752099699,0.9596093125617152,0.9852484131175764,0.9837101044421744,215.46430926538972,-9.922976181228982,-0.2043717185237582,-0.5736883001984235,0.3915627944452428,-0.39825328808445837,0.5991282256342072
9400,8590,OK,1108,1108,,39.51494767774757,0.2592124135097835,0.13384193184840196,1.2077150824724665,1.242449378634782,0.008540715509019048,2.4657735299758823,0.6824757351870158,0.29439434626260486,0.28658195184783475,0.43268453013249975,1.146171365718643,1.1732427602459436,1.0552462568135914,217.9616471977766,-8.288955412507487,-0.018626143610413752,-0.6285570391786762,0.27974088912090966,-0.2914765394562964,0.6646070345695726
9320,8550,OK,1640,1640,,23.220866615117416,0.01990494287444683,0.0002860587916736542,0.6920185585896439,0.6923048273794974,0.0070778609357810725,4.978365377051645,0.47307658442140527,0.12035434771560893,0.06865445565989359,0.4254995359504443,0.9765296542993768,0.9818189141966378,1.0591838464578258,205.68571358312872,-13.170855706663735,-0.41543266358457565,-0.5574133655801312,0.41271814462705414,-0.4223141018528208,0.5836136327609888
7920,10820,OK,1180,1180,,38.31296718100127,0.07113336625575752,0.32633883705243655,0.7512158409973306,0.8221205703112769,0.015763349294978968,3.6034335777341298,1.276864757014454,0.23312253447478803,0.10267912990001915,1.2183731317282374,1.033903860723757,0.9473724690522711,1.122515637206106,232.34441894517295,11.013730736141026,1.2674338112662376,0.42692708951520764,0.586966876228479,-0.5552309736122603,-0.40610554341234617
9360,8550,OK,987,987,,46.33094863814255,0.24018309356152653,0.12275795482613222,1.6098684496238311,1.632309363754346,0.016492266178961514,3.853211494443876,0.6742030625600663,0.11265637283729868,0.08903866222617768,0.651545640717984,0.9640640527035894,0.9677213005223105,1.0565430939778269,213.17033434473555,-10.686730527808255,-0.2038427268700384,-0.5695590785002638,0.3896273543173572,-0.4096147544486535,0.5966646745061722
5160,4130,OK,1073,1073,,36.80871186285505,0.02820681537502634,0.1946877181409501,0.6742374468000163,0.7023496755149359,0.017848613162681857,3.548973967256343,0.6254183308098136,0.2145833956204226,0.08124778746342176,0.5445514304550327,0.9406790903452824,0.8940209743918327,1.0109335659385938,133.32549375871997,-175.41486513024037,-0.5274135565685797,0.11994262416316984,-0.691546418586992,0.7017272920618353,-0.12229523876227243
9000,8210,OK,1618,1618,,29.754354299247385,0.005625791522335999,0.053119865246458856,0.3925373879294347,0.39615523540213154,0.011317881856483159,1.6417921410876992,0.6040934844368924,0.1634776779645526,0.10915951909182864,0.5442562249169494,1.0322766386267863,1.0331240772845227,1.0297000617986876,152.91937276965217,-16.403504367087642,-1.705678103113218,0.3835049793734493,0.5960216664276836,-0.5901635016306671,-0.38650892006209525
9300,8510,OK,1790,1790,,28.728124394976675,0.026053519025102313,0.02254391524740307,0.6916936406763904,0.6925511580529145,0.02516308951609708,0.2031839249611515,1.1444029855617845,0.3890285191255609,0.1839529389509016,1.0390906554201198,1.1843449543301678,1.1045839389425887,1.2428437502330902,199.77828531588443,-14.75884482889991,-0.5862138237166702,-0.5484438171791719,0.4237362620352866,-0.41423230092243446,0.589973355760078
5080,4050,OK,1003,1003,,51.088076874315135,0.14473395964257374,0.249392540791307,0.17028873143844514,0.33487730668272636,0.032780928659502516,4.544230504506352,1.2755845750293187,0.50624144181766,0.12168517204094509,1.1122410530914326,1.2413681041197033,1.0538579749596382,1.099192139925499,126.13584060927505,-157.0618638576625,-0.6809554525669366,0.12154623600879433,-0.6926480495634836,0.6964793723258443,-0.14276440688278857
9420,8610,OK,932,932,,30.363046344275435,0.13079727219792583,0.07006111925665978,0.44819228100804587,0.47211524821923445,0.016125177729026555,2.450476927380617,0.6520499772618095,0.12346367003531022,0.07770052304437114,0.6048432080344153,1.27679188198284,1.2362002864014154,1.006750074277709,219.78970820801044,-5.6859796041704325,0.1736431743602837,-0.6763646203669906,0.13064871551470744,-0.1550982401227874,0.7081005220736586
9380,8560,OK,1064,1064,,47.50099615579357,0.045505153826997935,0.11430718691132935,0.43880711106043524,0.45572857351893736,0.002926064183015653,4.580432680878198,0.3194482167224575,0.08929000053591563,0.11194201524003833,0.2631984264924405,1.01317471811458,1.0354085593626423,1.021659978556502,216.790769588606,-9.358114401695381,-0.057224339562299165,-0.5876415945597383,0.3628514066812329,-0.37418832974630334,0.6188693778935993
5120,4080,OK,849,849,,50.07505909848183,0.813295273597093,1.2626006880240883,4.6246210923697575,4.86237904193467,0.024171565454291912,5.874568237550366,1.7971568567274832,0.6614062533709097,0.2118691242698869,1.4867150065723074,1.1983168192625036,1.065236525533127,1.1494962854301765,128.75353929064576,-161.06349032341421,-2.132523638301466,0.14060200712414347,-0.6827501195834925,0.7022848585842617,-0.1444968069013031
8940,8140,OK,793,793,,68.83422939447438,0.6209088834753319,0.08676665122618563,0.15823940325700203,0.646603434948131,0.014234298114051731,8.125330315149421,0.6340796679262177,0.10965383569177956,0.057550698466476424,0.6158239987048901,1.1159721852271844,1.0604730395632496,1.0523595128333292,163.04108755194497,-12.088203431314458,-1.3885684594223426,0.4015899917963276,0.5903428353871765,-0.5776129230266898,-0.3957071219331515
7840,10680,OK,1624,1624,,27.53741923791403,0.07230468709877208,0.13486068458611492,0.3901344810505233,0.41907074024327684,0.01711481332024933,0.7863719970022445,0.9750654029392443,0.18096377548370146,0.07798225061377018,0.9414340006425652,1.061265349844073,1.0020049838879466,1.2178916908422948,260.04650009825826,16.86129522386209,2.192225734039661,0.42986979857395086,0.5772970195387335,-0.5419817338822489,-0.43381552259419803
8780,8030,OK,784,784,,89.02169974214456,0.10362485863703524,4.768217089192398,4.21685072682773,6.366196853172349,0.03569095012979611,9.91318838568566,1.5579830930105318,0.5132802449730085,0.14395969113314155,1.4452465983109741,1.203553045654275,1.0425757476165876,1.1621233878453536,202.01046720156242,0.9714768658185842,-4.872104565631523,-0.3933257556584517,-0.5839657293879269,0.585740306834904,0.40148121971654804
8980,8190,OK,1502,1502,,34.80312244747215,0.007966921072353972,0.047676204586787244,0.05976912060900172,0.07686898004753091,0.0037496266057749496,0.46608717126990273,0.6080410727220555,0.10248485864600942,0.07354039698292847,0.5721868616434218,1.033369162110424,1.026105640619889,0.9696233256035445,156.2981485457657,-15.035336799303739,-1.6278491114129212,0.3931999364276743,0.5913023949642566,-0.5874104171822655,-0.38820650366597886
8980,8240,OK,1275,1275,,45.36814872491576,0.19879152421113544,0.10019782606856534,0.35765755105424546,0.4212797150031949,0.0056274617126468385,9.698157025656146,0.7165217193640008,0.10275085814283513,0.0809204067632533,0.6820861176470507,1.0984495480797565,1.1052617262439484,1.0549269501904484,155.9716655226544,-15.328615607405652,-1.6937779773584782,0.3936407329537177,0.5908976637621964,-0.5885069350738567,-0.3867124405679414
7980,10870,OK,800,800,,88.24687716263301,0.15199165927453023,0.1226235968476932,4.411699079227388,4.416019336081837,0.006047546836430773,7.755964673687668,0.552336151361322,0.11470619504442148,0.03431657932682919,0.5043538468613811,1.0194036605772112,1.0288668143064523,1.16029067753612,215.88321536911286,5.14051151056858,0.23179306343959083,0.4003930753418974,0.5948627704719949,-0.573011046882928,-0.3968400303330942
9340,8550,OK,1689,1689,,22.03474896864903,0.03576242802020496,0.09078980297108083,0.37516954821646775,0.38765181476471455,0.014142066262519197,0.16100475683116164,0.9147129601159376,0.37800225356127504,0.178343866819338,0.7637056051203714,0.9833236794758601,0.9897213265648444,1.1037554323834693,210.86424155662678,-11.595350251296926,-0.29033379934710907,-0.5631714606074618,0.4033006121417412,-0.4171782566964484,0.5883441376805476
7800,10640,OK,1645,1645,,24.43770452751686,0.04808011489905914,0.11727300346569786,0.7505017408583541,0.761129107196665,0.011170326012730762,7.105319078361033,0.6563718991729328,0.18099767129576283,0.05794661745970209,0.6016556694713637,1.039881121016877,0.9769070096714381,1.024216818966609,275.18656966938386,20.962628225803645,2.909895208676806,0.4115712037988185,0.5929859666137638,-0.5604996532146722,-0.40597650960242
8880,8140,OK,1612,1612,,31.790888905700143,0.02336275740999555,0.04009395591103206,0.44508443766611006,0.44749692779610395,0.004127125734076053,3.4233002818827303,1.491318457383885,0.31957405840074493,0.16560091068296745,1.418775381887679,1.1477705438060772,1.124122483423101,1.0908369757985719,174.3975198749558,-8.633693473743124,-1.1244180575737723,0.4053557266303473,0.5898546301635693,-0.5798813014529101,-0.38922477617420664
9380,8600,OK,1540,1540,,21.114642701181673,0.07387843009589184,0.002132101710006543,0.3071932139686142,0.3159592362940229,0.011527687324415972,1.2502269211107326,0.3936557687623655,0.060749569227843025,0.053775815086079426,0.3593188068034969,0.9879652047499003,1.0001159211242745,0.9400570219048192,216.9689271635704,-9.418402406532536,0.056133500632898445,-0.5912262430579089,0.361143138573416,-0.36903013034541404,0.6195513908290575
7880,10730,OK,780,780,,59.65009737972625,0.6418514834676625,0.5693499469062872,1.0610943660766257,1.3645709738197522,0.027678953352507352,8.447436998223772,1.699630897489973,0.35002563573318324,0.128701018028042,1.6462988217003014,1.1673731405173202,1.05165219012483,1.1408458427070198,244.84097565378798,14.603008150763056,0.8892853066507466,0.4340518485614645,0.5786066130393419,-0.5349212672544177,-0.43666075842287994
5140,4090,OK,774,774,,51.97802733587933,0.4821861480263024,1.3638684749445367,3.7022680012727447,3.974849563385269,0.028435194537764105,8.53377112326867,1.2154377398188074,0.3245163355043803,0.14147818455875172,1.0626172675771404,1.0720814097782427,0.9842377294551408,1.0723331729919598,130.85875946505558,-167.039663496759,-2.1209918134548746,0.1325360287479227,-0.6803799674501466,0.7084249989421967,-0.13285827731088423
7920,10840,OK,1792,1792,,23.60601629961542,0.12277696631650717,0.21719732318899782,0.760704189858573,0.8005746218353031,0.011192173346801759,0.739941741250422,1.349955492572554,0.38072184043834234,0.20234896582223882,1.2695212319112112,1.1014018178367901,1.037273497902477,1.1333206482758895,233.84093230502447,11.30170621531665,1.2898885590935596,0.42492850954272954,0.5871925814063459,-0.552636331418449,-0.4113802612127915
9140,8350,OK,1491,1491,,19.474119797793062,0.12071192905199751,0.31855260473555064,0.5685990270542476,0.6628363186838026,0.012507275150517274,1.0856805239799114,1.68045197103442,0.30918459624181205,0.35039245169795463,1.606622089898874,1.2301919609103538,1.3163304239165372,1.2716477022292316,155.20602977026553,-29.689610353592315,-2.0232258785298805,-0.5053315738253114,0.4792103293413701,-0.47324200160915547,0.5394807398422389
9440,8670,OK,1250,1250,,20.6043442204386,0.03605971734192137,0.0423553371572941,0.05314608587827507,0.07693363532726316,0.011516122292540806,2.7109381260907988,0.5197060603763569,0.1688918648301012,0.11583322011597996,0.44878695657829226,1.0937914266160902,1.0590701124963173,0.9757862437672318,220.03519605902338,-2.1977083302533362,0.2951337618235646,-0.7002475435497958,-0.017376822905749073,0.0049805619599199,0.713671225271653
8980,8160,OK,779,779,,64.44654250441862,0.6042850397121167,0.1275985271771944,0.5613527909087992,0.8346009520835461,0.015411037830197346,8.721029584314055,0.5463962917280006,0.13760015169202133,0.10445842627756585,0.49855928250452397,1.0492951145249472,1.0288500189830523,1.0092973112095847,156.54833571860658,-14.368152820662303,-1.4744498799336676,0.38943020744128176,0.5959759660651391,-0.5859152551640651,-0.3871176502963836
9080,8310,OK,958,958,,31.4221281486209,0.013636832728238568,0.18242425659060324,0.22926177266162284,0.2933010961511086,0.0035033951647799907,2.7025183277406044,0.7254438673236576,0.18221135182165404,0.1371309081651103,0.6719739451229856,1.407620882780327,1.3791683831048522,1.1129808959325391,145.9630003596616,-25.815475668339804,-1.9369082850705832,-0.0008957376309924748,0.7071489206616031,-0.7066531612873166,0.02410210164836701
8780,8070,OK,1848,1848,,31.442620143108606,0.02862756174177229,0.12208106958938578,0.9193386354997948,0.9278506623190997,0.013336892286071898,3.5523636491290755,1.8030701897312373,0.4934965782521705,0.22614378206606833,1.7038507004896415,1.1908283855293806,1.1031595966947474,1.1440539414761086,199.000359689918,-0.2566897817428426,-0.231945373140297,0.4100217487157742,0.5872824348426902,-0.5797589135526292,-0.38840843124419266
8960,8200,OK,1484,1484,,35.14555180289005,0.018197103434010375,0.10167441288290671,0.14272345219492166,0.17617833185414133,0.006885232448265673,6.0031295871143975,0.3821263047208584,0.09231242458272948,0.08130315348132533,0.33192702175209154,1.0112892812791836,1.0222776466685952,1.0213853953321481,159.30195582195807,-13.89488560276007,-1.621011441596858,0.404228846988869,0.5874299557410017,-0.5786250086126367,-0.39587647791729275
9280,8520,OK,1550,1550,,32.113242331515536,0.29417144312447463,0.04119180565771996,1.3371042837048588,1.3697012332275833,0.003903426757691727,9.919433535961577,0.8709683653909277,0.14434008500615558,0.07296888897969431,0.8316853502519055,1.072385188453665,1.0212186545576598,1.1687096340701548,192.6931022106203,-16.378069330361704,-0.7817342106210412,-0.5569490342061076,0.41452055549549915,-0.41852948979533683,0.5855028168508175
7820,10630,OK,1032,1032,,29.603074146708572,0.046580770137579997,0.13857973384893704,0.170410527017681,0.22453030641473787,0.007051811118321699,2.2082766831354035,0.47226678887430906,0.15221276964697283,0.14890922883669977,0.4085843026448126,0.9654564837556615,0.9061522509332145,1.0479659470261091,267.6777888481217,18.802593728969406,2.5181326662545365,0.42085943923457,0.5874144196204291,-0.5534159648018188,-0.41418884814976575
5140,4130,OK,1806,1806,,27.99799675720977,0.09498605444201141,0.16055906830486885,0.22363816507604684,0.29123116905985436,0.012290260796293723,2.1991354045414293,0.9176866164483268,0.23700806837036859,0.05176931108230415,0.8429478811161757,0.9777797630903581,0.9164906890619727,0.9690818180406829,131.80526123615056,-170.34838159866143,-0.6072327744944972,0.1460934896610977,-0.688840994717875,0.699049069109161,-0.12443944411779903
9300,8490,OK,818,818,,50.228759495921864,0.2186859812942238,0.06579629967388942,0.15012675646011875,0.27329609303945357,0.042917054389056616,6.340109092856778,0.615135210030634,0.13558511946085217,0.08927110234401461,0.5786968542696576,1.1302211241064057,1.0700388376363883,1.1900900242587398,200.33905246419783,-14.721263053272889,-0.6157909624174481,-0.5432521184716208,0.4268154825884533,-0.4100805846666908,0.5954322746360887
8980,8170,OK,931,931,,59.3670241625396,0.3229241122022129,0.11796370052049576,0.22547764723652364,0.41113937574184595,0.01092152998946824,5.5906694410492745,0.6645385561034105,0.14862864716696977,0.09636565490138671,0.6140679710665164,1.0641868248007722,1.019553643328025,1.0596558789234423,155.92125248304947,-14.882231982228928,-1.7020133631720165,0.39036363673713653,0.5938748744982166,-0.5865544686348345,-0.38843624943816857
9060,8280,OK,1774,1774,,22.414864531918436,0.036181583896574665,0.10566930181726612,0.2759178351235203,0.29766719688112003,0.017896209186839606,2.5322374561428007,0.7626246202129938,0.19818571374100352,0.18334813681276574,0.6608371650443239,1.5480098290562,1.508020768155672,1.1420610807372604,146.28803533918523,-22.088576672110978,-1.817554750784562,-0.17759125673710574,-0.6858639450876595,0.6897685505734947,0.14923585694821445
7840,10720,OK,1784,1784,,25.569269655238948,0.016650871220146107,0.07426627313947937,0.676753788127324,0.6810201322891274,0.0044417921778608874,4.755696574239009,1.074150107626902,0.2427593784191353,0.1084489302111814,1.012043896455927,1.096197014032185,1.0466252383381853,1.2185067778317165,261.06446716095115,17.193224482192118,2.1940740364040012,0.4365607374551969,0.572686739206595,-0.5427145004404361,-0.43232579411964284
9040,8230,OK,1136,1136,,50.43395502319699,0.03751707637022239,0.058325553454364604,0.1950328190962327,0.20699565630648115,0.006981805063260357,2.1408133967814913,0.46877547883326615,0.14590252348897892,0.11651299396569403,0.4123688612763887,1.1701904643766903,1.1563989555189447,1.0341066348344183,147.93878996544348,-19.375327493899,-1.6475071213911752,-0.29841036255203823,-0.6399655704010772,0.6484581622029697,0.2844245701326313
9240,8450,OK,1856,1856,,18.12437335020978,0.027623069975719033,0.002470460038959984,0.34045077002974733,0.34157848875702856,0.020696606103965752,0.24435057363017604,1.6371738884387197,0.5667504975343312,0.22938018239795688,1.4992104728161717,1.1648618384249105,1.0730648115264052,1.250290276250175,181.03653865454885,-20.292373451284085,-1.1628614253054539,-0.5656924237552566,0.4015227728062951,-0.39810255343651785,0.6002382040250119
9220,8410,OK,808,808,,66.32087237913902,0.09346735570789289,0.2611269508030215,3.3876645344736076,3.398999033413954,0.018585583149514247,6.501256978863015,0.5473893487902852,0.14440022173809636,0.07970717193447752,0.4934416550310563,1.090073455862943,1.0123033490429745,1.1636498866398381,172.13573701483926,-23.693079225993664,-1.1825578426528431,-0.5758487093910193,0.39229162030096587,-0.38772004937976423,0.6034722129835751
8940,8210,OK,1230,1230,,39.354457924796336,0.1503176725174714,0.05924509595767461,1.0384940161089968,1.0509877285488625,0.005157090871680856,12.012575575567126,0.6028385469089783,0.13463764741172024,0.08253958385710047,0.5612559485149755,1.071732493118124,1.0715741414546813,1.0749448638188437,162.15581749554684,-13.091033346567443,-1.5441573877113768,0.4036426628020231,0.5866517244574526,-0.5777591376380397,-0.39888185447941593
5180,4180,OK,1587,1587,,19.776953900725808,0.02103685016243756,0.15264325797985678,0.5638006069067842,0.5844772344753217,0.02322486553898725,2.235398573318595,0.5214513138730079,0.1018092700865929,0.05436751403657836,0.48895181499840534,0.986759644832009,1.0143896091684534,0.9872612242769876,135.51726952693812,-182.2443478329955,-0.7460387334665277,0.12826662993610122,-0.686272183105487,0.7040143859474539,-0.13016107989523398
8920,8180,OK,1371,1371,,41.18890182944873,0.03846472277323243,0.105821804388353,0.3337342651531223,0.3522163382345047,0.009275448710795685,8.3673064617455,0.7660846031651579,0.15478382628837228,0.1421286136192752,0.7254511725545454,1.0450823814604666,1.073168204799136,1.0280293859180645,166.9170153912221,-11.269011282228833,-1.4851602465017204,0.40168080483112123,0.5897559620053113,-0.5801507894070748,-0.3927664673311107
9000,8240,OK,1738,1738,,33.59206989775956,0.09911982944787556,0.064233077208277,0.29045037512712923,0.3135475230470024,0.008203184762948675,6.5051937769084045,1.0406081302904455,0.14323588898081002,0.11002272362837995,0.9994487500368114,1.1901147556300862,1.1885902468299687,1.1052887192540937,153.0383644746376,-16.412982268473428,-1.7234212667356097,0.38658901440629106,0.5944158544881395,-0.5930279812843205,-0.3814925153752709
8720,8000,OK,844,844,,55.367562858636205,0.3802571662580647,0.7177714322097768,1.0155276491665997,1.300418297167849,0.045970373902255016,3.9602998026725804,3.2888529771945736,1.1250248798344196,0.3699934164616059,2.9478334833952156,1.3751441901798174,1.0950778572010205,1.1644411863432362,210.64376954624439,3.6399465647603444,0.6662037696755831,0.5202098026387395,0.5108742356833755,-0.491901204557213,-0.4758387137556731
7860,10680,OK,853,853,,55.697807374468056,0.05495520326009151,0.38084720630108543,1.5790407682501826,1.6252490322128563,0.017916035037552156,8.120081249887404,0.9532907667468892,0.18834790184562356,0.07855957510437372,0.9203809046845901,1.0792339940794433,1.0169174745529186,1.1278872833421283,251.6392998585992,15.303453049642366,2.0219654657037833,0.44328815172099867,0.5705149068684913,-0.5328064896873256,-0.4405968680457087
7800,10630,OK,1418,1418,,26.741355609565854,0.0249578888273077,0.044765533152649736,0.383385782623904,0.3867964677854499,0.00805415802859229,5.057261851817195,0.26898636635380724,0.06677348473968725,0.04512614047606389,0.24054426574270682,0.9884989095746033,0.9543072166494372,0.9838603857350738,274.82151754784024,20.909358467301505,2.776677536162684,0.41042063366947296,0.5917347551252518,-0.5621447478113315,-0.40669173281902493
7840,10640,OK,822,822,,47.77618018413904,0.3020436092119837,0.4090992420155899,0.6585158055050222,0.8320069697925974,0.021097831576439716,7.4561267086691805,0.5159620592795222,0.15529278776099925,0.06965118736781772,0.42524820294882737,1.0143605181160382,0.9372557639219492,1.086605412655427,260.97536672463025,17.400020040954125,2.4297320072630253,0.4380044051974837,0.57440513167826,-0.5462565642922809,-0.42404557738157406
9340,8580,OK,1587,1587,,20.807698978750775,0.03263000939587224,0.0893851489639388,0.25456505024965015,0.2717678921011221,0.010558978992651891,5.075788251452625,0.356861227604935,0.08296186673133787,0.05290088939062776,0.2991920735005671,1.041485913116652,1.0766010472610879,1.0673792897473142,211.0147780545078,-11.656379375188564,-0.31686770385152135,-0.5613728344573607,0.4050772788717182,-0.41635995292124983,0.589421180887324
5140,4140,OK,1611,1611,,29.41930756016407,0.03926401558038084,0.20703582387483982,1.0004166249599011,1.022369267331129,0.021896223598957883,4.726259579338586,0.6157363724514877,0.1586699086031068,0.04958720283707685,0.5807238307352733,0.9585932503583977,0.9053330336967709,0.9892190256917553,131.37004780936118,-169.67450462053165,-0.520174457545909,0.14823938764107603,-0.6894149379257172,0.6964514627785574,-0.13299431307498033
8940,8150,OK,985,985,,54.29403628869858,0.0911694848819568,0.006104023030904019,0.19047368529329312,0.21125661849989844,0.00509527877559113,4.717657890848243,0.45702165955717666,0.10636228697134342,0.07642938337956932,0.4002425039060675,0.9974640770011791,0.9884390242743725,0.9657747911474475,162.88173439320252,-12.625157297809114,-1.4607379573432273,0.40490090336348006,0.5876500302686486,-0.5767055111844395,-0.3976599725270177
9400,8630,OK,1238,1238,,29.27182797463773,0.1048854918825115,0.03837866279397863,0.4435870783663809,0.45743128911226877,0.010138186234092956,3.078038514008727,0.6128032289002296,0.14249155008169878,0.08604464802149558,0.5438231207696145,1.3658842149121755,1.2569214703631115,1.0604056119249614,219.28765088240726,-7.306245977206341,0.14733783392611322,-0.6301551644076832,0.28619438599673097,-0.2894693570093031,0.6612145896355438
8760,8050,OK,1860,1860,,24.632232852860046,0.03578171695588535,0.17584790761621344,0.8690835250329185,0.8874170335107135,0.01663608242986837,1.7242692753793607,2.1830965380777068,0.6456337655949256,0.35281947986246154,2.040993995407586,1.2503679609509784,1.1617687623078183,1.1396045130455896,203.78354825926837,1.4784371131343823,0.029191031818537563,0.3979715692341832,0.601009644573503,-0.5792209325670991,-0.38066934272017927
9140,8370,OK,1262,1262,,19.194779843721193,0.04615448864571603,0.009224275407935988,0.15013786900030635,0.15734263181637115,0.015492602825165139,3.829832466867811,2.3793722539470523,0.5114352174541703,0.22720384100102553,2.283079768613943,1.4589143819831252,1.3926274039545887,1.237731254622181,154.4874942755448,-29.905547869708997,-1.7123130678465086,-0.5040019408668549,0.49035651509385375,-0.4701890097903224,0.5333430666839595
9120,8320,OK,794,794,,19.022731134869986,0.5291687351074053,0.36791174747332817,1.2683752038914196,1.4227277539960517,0.009525710369155258,3.557143945127993,1.1156548810406641,0.3063183774854852,0.2878613825043007,0.9951777772141925,1.3435567474148564,1.4580560278768468,1.1117626943935501,149.701865327336,-28.923896712393457,-1.3908959132207261,-0.3883348724045558,0.5914104981103934,-0.5720011576388155,0.4150232827917116
9300,8520,OK,1678,1678,,29.50465111382494,0.07273587662507766,0.010439048348781482,0.22070695724516387,0.23261780339274402,0.012228946182326422,3.3168622665866545,1.2256820267849957,0.1487486956820041,0.07468373815508889,1.1905429592191101,1.036802117535928,0.9986518821968988,1.1178971710314067,200.61999694948307,-14.385873667047065,-0.5830199286513756,-0.5480938627623354,0.42160128213666437,-0.42228560324904685,0.5861060874889215
5080,4090,OK,1564,1564,,31.482558503138385,0.09374340334197528,0.12368651633034786,1.3145911643009258,1.3237205555743772,0.019690178942077648,6.005597810009481,1.371199353112594,0.45880218188142585,0.13635473825173483,1.1975252642252343,1.1919701173845727,1.07601951133004,1.0991852656381644,126.02356642881651,-155.87851288995225,-0.7605172954435708,0.12645237906048803,-0.6899198460934152,0.6988774301876202,-0.13996692241643827
7820,10700,OK,1489,1489,,27.68074849797363,0.15337222242890414,0.12414552136039803,0.9419111504187843,0.962357399498681,0.021497181954070858,9.229049749229125,1.2424241598348733,0.17585397415150134,0.11233753977030525,1.206044695762725,1.148783190124009,1.1201959134248438,1.2917775602421862,266.681147390276,18.312050171778083,2.2045366185445667,0.41399994702880166,0.5913970675100284,-0.547768036611611,-0.4228519013405866
7940,10840,OK,1051,1051,,60.53639778573163,0.06662481292554376,0.24459273662360445,0.32341738938388964,0.41092977534157604,0.013356878467136468,4.565527666795558,1.270060039614215,0.37517029517067035,0.20264326528059073,1.1742863633985285,1.091003679757635,1.0283178583197015,1.136824314280219,227.75816247016317,9.481849713237285,1.000059943629775,0.41396938931755783,0.5942688605205785,-0.5586435530622587,-0.404216831348717
9000,8170,OK,829,829,,58.946376456694715,0.04389180937159304,0.32501107724431044,0.2174769646937662,0.3935161006030541,0.017569109294234955,8.789219479765183,0.6381493258137956,0.08744712768089358,0.061610356459837146,0.5966132773497774,1.069308306084301,1.0134847683743544,1.0732737837864679,153.4849310536995,-16.189730825232893,-1.3570548779794547,0.3849248875007456,0.5994421804872727,-0.5848488545753229,-0.38788364303890793
8900,8150,OK,1627,1627,,23.045845319844247,0.05207557270971164,0.038800491920543974,0.08483636207198808,0.10683890572226074,0.0072553979425749055,2.7714936115863678,1.0588855177806806,0.2314774769126784,0.1404221374691026,0.9978512385238094,1.05922119449414,1.0649046505825817,1.016833828121426,170.2183459415093,-10.080615838154705,-1.3146875374848856,0.4029374355763074,0.590097568158618,-0.5812482943072557,-0.389328528917905
7820,10690,OK,1602,1602,,23.99857708773102,0.10102902845082784,0.016716161201603186,0.5033279925578809,0.513639331367237,0.009117661312997991,7.922683931221876,0.8983901029210506,0.18214475305225797,0.0875115056559102,0.8633016319210514,1.1390304072302428,1.088465477900586,1.21869439996121,268.02570662739925,18.83593324912117,2.434695841767473,0.4176105533401379,0.5897279868281091,-0.5521971538229564,-0.41581321600020804
9000,8220,OK,1602,1602,,31.15872420999787,0.01629673735268633,0.0391882860004718,0.23048334778495594,0.2343584413119318,0.008720845701371337,3.4401869815720447,0.48178429324402794,0.08293666201524352,0.07414628793486999,0.4232161942942949,1.0215504639965385,1.0290939161632133,0.9985558293776513,153.05427347687683,-16.300287413309327,-1.6938943095351633,0.38453786390176753,0.5954633987352373,-0.5921527451292318,-0.3832872270614564
7880,10790,OK,1650,1650,,23.956857572793723,0.0011741867985401375,0.07565793948053202,0.4389568757286466,0.44543084903330643,0.011266648676251998,3.065816299337231,0.8248699124639288,0.20933123770787665,0.139289821698509,0.7644967174125252,1.1208043548921718,1.0435410709412012,1.0283449757492988,246.4101863175711,14.418170875349949,1.6831141257314652,0.44285174495462487,0.5717918670001457,-0.5369279561564245,-0.43433254853949904
5080,4070,OK,1526,1526,,34.05260880190671,0.010498935414571475,0.028236820500858954,0.7460780238524304,0.746685987113984,0.0066135187189043055,0.9738501565236731,1.6431821320361608,0.5015931637305338,0.17532332341392942,1.4312302845355696,1.199262399235262,1.107934953343303,1.1354231046817154,126.0969570180562,-156.4662673642707,-0.8460385376663258,0.1365654282790549,-0.6884598343617819,0.6996177241105396,-0.13382070235914523
7980,10860,OK,819,819,,80.91356796647072,0.07017474152120795,0.34004137615532515,1.472129120402192,1.512520009448241,0.01965940787080195,9.420080363747582,0.7609899021588535,0.052449296727884065,0.043964077426419834,0.7485812991908318,0.9974304790880855,0.9580679622857059,1.0838698870571484,218.57975548872022,6.283402249218771,0.6224129510215114,0.39996102440456527,0.6014445840399317,-0.5656834514590627,-0.39786659074575004
9280,8510,OK,1675,1675,,33.39667219797747,0.021322063117729606,0.12495824003169796,0.36839692274046953,0.3895965667354672,0.014869400342493804,6.802352507766697,0.7006111065890486,0.13652282093988255,0.06910272833364983,0.6613267274239778,1.1059984117923096,1.0591661451776213,1.168570715922425,194.41682720127832,-16.14062667485611,-0.9424772867749195,-0.5525007387697631,0.41560095923304285,-0.4173205708929063,0.5897985397176388
7900,10830,OK,1681,1681,,25.928196644905753,0.010766712938103495,0.16637511741864078,0.9925103525240635,1.0064161175532707,0.013611785374776225,4.860654448594125,1.127543968273101,0.3200185344651718,0.1283421424650777,1.0574727999419373,1.0954953408617965,0.9915714921221107,1.0849260461620354,240.0610489685083,13.063847918819357,1.5496263648749609,0.43780136195456243,0.5789461232242641,-0.5463571926349388,-0.4179056974131773
9300,8530,OK,1653,1653,,27.464601422901573,0.04495068625045753,0.040002882125781854,0.11880139333228623,0.13317118994155175,0.009601685656252136,6.232872101143114,1.1194175047347124,0.1825816459015378,0.06493138436834567,1.0528421377657118,1.0189299274656844,0.9819126629937702,1.1069860261266615,200.31146859476632,-14.547042003627231,-0.5700698299384228,-0.5542690982176417,0.415902093607325,-0.42427493202240296,0.5829253788877539
7840,10730,OK,1569,1569,,19.322784330315557,0.08754449981461329,0.11884456726146099,0.15165086960415408,0.21162716476636664,0.009049780048579299,6.294407624956936,1.503832802873784,0.26585380456725616,0.1031402231937888,1.4697135169212174,1.1364100327540763,1.0628500523377649,1.2715018010923842,260.5696117746654,16.995087190577582,2.253153974299375,0.4368641798551413,0.5743815580502799,-0.5409785329503635,-0.43194645619347316
8840,8070,OK,751,751,,78.21925859221518,0.768323345772289,0.45873878729650164,2.522889961053682,2.6768892009596583,0.0346042172859168,12.806993753587458,2.126018817018441,0.6170538756462545,0.3059054061191615,1.9663640949835184,1.2696837316998157,1.1792876199636197,1.1688587515441158,184.7666991899267,-4.346742098401936,-0.5849530189321788,0.4133975426740896,0.5909175995105458,-0.5780960689385253,-0.38173786474168697
9000,8190,OK,1282,1282,,44.68577877707327,0.14799655349831692,0.15384215189103342,0.19808299386279948,0.29121686078160697,0.007231660958172319,3.167352104852092,0.6647250778004699,0.14677903212327292,0.09704842454628854,0.622833832061072,1.0153383977803416,1.0029821795801446,0.9943450264333904,153.40370839752305,-16.04061272476918,-1.7806273732810285,0.3849564529361237,0.5955821088721238,-0.5911217067660034,-0.38427283110352545
5160,4160,OK,1566,1566,,22.653109473515492,0.11046870488330973,0.012384481447290699,0.12760620447799775,0.1692337246549713,0.023112418121623585,3.7786506780132387,0.5797977713073114,0.14504327686169116,0.06309481855899413,0.5133871462485331,0.9158430393847183,0.9099408763287057,0.9820456434267242,133.34522971456542,-175.9858545659625,-0.6842059018221189,0.12508847387434624,-0.6911789094002113,0.7006777179596255,-0.12520113601326888
8980,8180,OK,1185,1185,,49.38730552842614,0.13951467618732727,0.0011306227360989227,0.5031981036986548,0.5221819172906587,0.002201975376903985,2.6626895491156573,0.6704612475330527,0.2559314231034775,0.2042481963896816,0.5699710471737518,1.080636028389087,1.0577019901333145,1.03352958174471,156.75673431419006,-14.98697576897913,-1.5800432017505022,0.39470020411455276,0.5915357497601279,-0.5860233826922442,-0.3884247682184973
7960,10910,OK,1611,1611,,18.040357458764394,0.06022965508095514,0.1770402289110781,0.31962911603783617,0.37031557599321463,0.02425052227791016,3.859145684464646,1.681285734912108,0.3455457278877887,0.1154976727347724,1.6294479978639287,1.1194530401063452,1.0287662181580959,1.1713266138272789,224.12218691945873,8.333104466858595,0.9250351757897818,0.41198196335136433,0.6103221374801944,-0.5504841397792228,-0.3933763620583867
9260,8470,OK,1644,1644,,18.928041721219625,0.013780077607524005,0.016150135132124238,0.40336780915440873,0.40392611560244873,0.016722246610503245,0.2913449827968258,1.150755752119485,0.4036196517058004,0.1961772454488384,1.0404759774445669,1.1099469286347077,1.0602563855510383,1.1390818158645775,187.2679572959499,-18.219056395008,-1.0080143523716039,-0.5617781019998894,0.40673247790797734,-0.4065644335449218,0.5947095231325419
9020,8220,OK,1463,1463,,35.469589477584165,0.032781944303050814,0.0030673271972091326,0.060562003554150624,0.06893345082698252,0.004570122716731818,0.8459909069435201,0.4539108920908276,0.09340995517352835,0.08557795076545915,0.4094043565135643,1.0847843227605711,1.1109009115078154,1.0083944552384287,150.2885453241732,-17.602591570964588,-1.6825429981307016,0.3670614177817002,0.6067591673326614,-0.6049167520488605,-0.36219463210340513
8800,8080,OK,1832,1832,,30.157280085117996,0.1398386947860508,0.05426094466862594,0.8404280419259769,0.8537086179319788,0.017417323273201578,1.6951850711296184,2.073818001049059,0.6218581605272995,0.34824468721460156,1.9174430787332049,1.2374616411100026,1.164263575053862,1.2187011331294684,193.69344496721013,-1.9110917606535385,-0.4901363109720157,0.41438115101326145,0.5873581463251221,-0.5759145508923208,-0.389385541206832
7960,10850,OK,824,824,,77.42607056489857,0.06623948472501615,0.6791199030327267,0.9028976071687378,1.1317312406498499,0.032930868381490466,7.0908326216462,1.5765219008707065,0.29414681690270683,0.10129133175412708,1.5338518235715641,1.0820424949028813,0.9736685899130163,1.1366431496621265,222.91980012834728,7.966459565490145,1.1037529791755154,0.41129377967969694,0.6135436469479731,-0.54758567190011,-0.3931304516522156
7880,10810,OK,1759,1759,,22.768568661886544,0.04302065687817905,0.1396442416120244,1.1691996620103238,1.1782950143231037,0.015436707863353997,7.509700906383704,0.8781578857103378,0.23588207210297663,0.10525181920274174,0.8167590549125818,1.0916544243861699,1.0064540612648256,1.0095719978348616,247.12112823182804,14.553482780869901,1.8561006370709587,0.4423603537462877,0.5736247175982158,-0.5352349675551538,-0.43450607625217375
7880,10760,OK,1143,1143,,38.84338754535131,0.13088696026537816,0.2694589683532056,0.20526723087681464,0.3631448307016363,0.013381812755401021,3.243344148610169,0.812247557932151,0.19716403682161765,0.07476780251258419,0.7659843397320802,1.109128084444724,1.0046444881561902,1.0589019436870921,246.14903589943273,14.47280600650146,1.7926194293306117,0.444291779188908,0.5713655821419921,-0.5377488814532915,-0.4324029682881825
8780,8060,OK,1782,1782,,41.40803258486585,0.07502013153403804,0.14012916050490204,0.36277585615091335,0.3960688369024015,0.008566335115847253,0.07883417926578593,2.4497139483951664,0.6990245589416211,0.4034675350857002,2.2644926938495473,1.2309175303752191,1.1401491931710603,1.2212970360009772,198.46616939374064,-0.42199872433302704,-0.2383622128749509,0.40634802577163,0.5912827863083512,-0.5772938513282513,-0.3898688982023655
9240,8440,OK,1116,1116,,53.885049796012375,0.07117354918763824,0.06534209444150064,0.9586413992490912,0.9634981036640512,0.02141550237918994,3.1942648177919004,0.740164204700673,0.24827085408206973,0.13029272606791753,0.6354009140670733,1.0667331687778698,1.000912188192649,1.1693947019537538,180.42718332523702,-20.437267235256382,-1.110485695489222,-0.5659563840566186,0.4013111205790713,-0.39706745480384475,0.6008162715678763
8800,8090,OK,1784,1784,,32.283064784236544,0.04112780589087923,0.020031312319761164,0.6956303187704496,0.6971329071872356,0.006111559537098352,5.353713559225165,1.613349922089454,0.3298155867752135,0.22070357866320223,1.5452650008871136,1.1522554339204798,1.1421574518565791,1.1429592484769613,193.59266067104565,-2.0449055224395356,-0.5603744643784065,0.4107873231877263,0.5884926869283298,-0.5736539600201341,-0.39478002316904987
8740,8000,OK,862,862,,86.88015245353816,0.14989692784419925,0.9955092984545648,3.00584588549125,3.169955416028955,0.02496844337325263,8.410803962280047,1.8931153989787095,0.5649122855927143,0.22936821218608927,1.7502666852949984,1.1941867158565191,1.0807894562493578,1.1284659559593866,210.33686976064612,3.5943487109211834,0.8867922688453929,0.42368098381321073,0.5885968334494636,-0.5618731286836248,-0.39792810766721315
7900,10790,OK,1013,1013,,39.88106192868409,0.01856409489948907,0.32243410165736375,0.6180736771823128,0.6973689453629938,0.01500307785919981,3.9919419735979083,0.7206314524536547,0.24227498841062833,0.12390845113092541,0.6455905838801232,1.0784978031475587,0.995707408263458,1.0393612169248152,239.69468761477367,12.97003530087363,1.566441076094426,0.44085170606679264,0.5770688047600921,-0.5464799072577766,-0.4171343653959585
8760,8010,OK,786,786,,93.3820041319728,0.9401011064716013,0.29931039074580224,3.102312707193361,3.2554140955661746,0.02382109776022468,10.589262032852812,2.10459471188937,0.5829081173110229,0.23112688650655944,1.9635910564381591,1.2751333146909962,1.120471237730732,1.207159365645939,206.21540302867638,1.4700941475769738,0.006504568783886333,0.39717873084930516,0.6034808225055218,-0.5739035484466448,-0.3856094782410614
8900,8160,OK,1450,1450,,45.44314435018342,0.005382217265595679,0.04813812647339847,0.22869799243810007,0.23377129684433087,0.007613639833665551,6.040274984233848,0.963989611711376,0.18991818892093182,0.12167477085874823,0.9205257477726025,1.0947031912221592,1.1001925526033751,1.0539514379288895,170.36342542003237,-10.052530350006492,-1.3139973741523607,0.4026025808971989,0.5905082230143368,-0.5806231314886564,-0.3899845889104736
8960,8230,OK,1462,1462,,36.03438566487079,0.23587843114602336,0.1326009850222571,0.7704214387371522,0.8165603766866267,0.005143843236924895,11.610329685113703,0.6693223813234377,0.12401093444652256,0.08617877139916641,0.6314989080564093,1.1145154994869202,1.1276578430614888,1.0908321607824598,158.79250237493295,-14.322617995374522,-1.708892926421604,0.40498937955846,0.5847778777136684,-0.5801931297130704,-0.39672959105076094
7980,10890,OK,1031,1031,,62.74847023796489,0.09230963269370243,0.25293879286784443,0.9544901073721448,0.9917411286705705,0.013223121452157068,4.129772787910093,1.3564635588008325,0.27065205326733643,0.1591683431789903,1.317897539526026,1.0590701748473998,1.0159087690163724,1.141510861235852,219.00322196268246,6.622745739690103,0.631287837892053,0.4016697232833991,0.5995082472589645,-0.569168353614618,-0.3940795352584897
9180,8420,OK,1473,1473,,23.587807388163437,0.03717473538902441,0.010238932661715813,1.2237737607177088,1.2243810738958927,0.008749251596610854,8.728556430843138,0.898528049800394,0.16418151946420134,0.09409154203083503,0.8544287131073931,1.1660948465809653,1.1074945406875372,1.1930333122633872,162.91237892417888,-27.211270879586117,-1.642638223766766,-0.5788839664921356,0.38527831855450834,-0.38286902308503235,0.6081655052303243
5080,4060,OK,1358,1358,,39.546099381580575,0.009418387245668458,0.2987392846747372,0.12720886743122217,0.3248322061917773,0.01952366796125401,2.0985076271583085,1.208802859161511,0.5013677457543704,0.10585412488975066,0.990972705386465,1.203375333726217,1.0245452716381045,1.0819127990977417,126.30073442179774,-157.0401520236529,-0.5972091079814363,0.1268946439253326,-0.6917842043647252,0.6977195816911784,-0.13608728544288812
8860,8090,OK,863,863,,66.60548912215272,0.17149017967304658,0.2324322662176906,2.8956483552951298,2.910019422207827,0.009893515354963576,10.274783480847328,2.4451267109352486,0.7293051702351897,0.43123377647745287,2.2667724773294893,1.2707314853546894,1.204360913355547,1.2063457193866403,180.93460884445693,-6.479518701189042,-0.8345432814973862,0.4060312112664427,0.5942486088267598,-0.5734397180884379,-0.39137467483681015
8740,8020,OK,1163,1163,,59.64426859243022,0.14427165305804604,0.4213591874397927,0.45173479561129026,0.6343675592919279,0.014954552212873094,2.974465309898557,2.10899860567186,0.5703771518435314,0.16647651839541655,2.0089410265127707,1.285042942239552,1.1275121489950393,1.2349403519934397,206.992377558981,2.784320237932797,0.30371005079211855,0.4235633370598887,0.5837279697024446,-0.5660072910924102,-0.3993638733235453
9280,8490,OK,1849,1849,,19.171130578107103,0.02777490493639804,0.03742647689033274,0.16542779863967771,0.17186780698961138,0.019188742882470567,0.26424554147177304,1.0826657042820609,0.3258178440774797,0.1830146367938033,0.9994711763033735,1.1574537957081532,1.1118814799716497,1.200812836841415,193.90264296983764,-16.298084762532348,-0.8312708056936853,-0.5539923318730087,0.4164845048863124,-0.4134712511970794,0.5904868142888807
8960,8170,OK,1287,1287,,47.442789584164466,0.03347011412309453,0.08385936246535518,0.08105680263574033,0.12133773718855216,0.004021946234250832,2.178663643858139,0.9344560144770951,0.25749698650286,0.1458243684796574,0.8564070079882526,1.1211046829204556,1.0629449405098519,1.112328301788603,159.37342917875958,-13.925225392421263,-1.4435911213033858,0.406771304374905,0.5865796268212962,-0.5782430287280534,-0.39509042896878016
8760,8040,OK,1172,1172,,62.13227160471616,0.050412487827623614,0.46125496776203695,0.6097495123759337,0.7662193106786183,0.019129761056645524,1.617848370852596,1.9089279552113856,0.5565762523236275,0.20208708409759257,1.756392347966269,1.2766041757946283,1.0964934495631873,1.2018885790454163,203.5332720624884,1.3833910621105523,0.24745588847991526,0.40133017139439303,0.5990796047773878,-0.5795626259034529,-0.37966417176790634
9340,8600,OK,1437,1437,,29.011464077796926,0.022092972341263617,0.22423462170775169,0.07477777683274933,0.23740467751781727,0.012748233360750167,7.626574951562482,0.38897437291667075,0.09562231436856816,0.11773489117496938,0.33263968437299063,0.9815831186247566,1.0122255360603392,0.9671548114341041,211.33043101437974,-11.534553592652115,-0.3991836633161878,-0.5624169772307778,0.40846588149857344,-0.4108277119149764,0.5899689470615326
8940,8160,OK,1444,1444,,44.80188568730411,0.1312884249755403,0.00289453490338321,0.05387211541582748,0.141940951399662,0.012187177270511102,1.4600920173772336,0.9243184599747721,0.24477388587887505,0.18002507267496415,0.8385400949102468,1.09238842638112,1.0698658356596094,1.0518609005095116,163.09307271835874,-12.49237129507318,-1.4467563017276384,0.40725309874218,0.5850114873582265,-0.5803280501363792,-0.3938601623022006
8840,8090,OK,1010,1010,,62.67387253761228,0.3953308191443741,0.19693634460917717,0.06573771235680415,0.4465331199578508,0.011429668845527017,5.533017049881106,1.4193912372097186,0.32221224136735693,0.25417655173395204,1.3535796605827568,1.153060775458873,1.1554520479649686,1.077275205745639,182.4535622718262,-5.482350020835581,-0.779173529959404,0.40878736444175234,0.5915581017064915,-0.5736341113398945,-0.3922955636831339
8940,8130,OK,710,710,,70.21957446663168,0.7281610216623875,0.1378887765795838,1.338022966400958,1.529554590981128,0.005839435328639896,11.627803166869107,1.0075382168541542,0.20077162391740866,0.1066226392577515,0.9712296057204299,1.1674592657381573,1.1198975873190549,1.1124256334987286,164.57703427825095,-12.787445292238418,-1.5818998872139767,0.4084370358192881,0.5846807153532109,-0.576085294525702,-0.39931614329556775
7900,10810,OK,1752,1752,,22.274408479723625,0.012031048097418298,0.15035604019348978,0.6450568781094234,0.6624575918028748,0.01760260273644664,0.462405279430714,0.8379773527014299,0.2836218848091081,0.13806507249371186,0.7601726192376601,1.069757832127053,0.9815245784528724,0.9352777291215879,239.72817308414693,12.980716649520621,1.4543387188906018,0.4329073800150534,0.5815041085162003,-0.5459929517481961,-0.41992364633177487
8840,8130,OK,1591,1591,,39.402841386152716,9.414310820507477e-05,0.020570589502455154,1.137459206552336,1.1376452015395981,0.009248837357804731,9.096967704899262,1.3286270774196594,0.3009025058036334,0.18047430124858965,1.2579406559138318,1.1364445427928755,1.1245829562789094,1.1198999985180658,183.69479775669006,-5.339253740559933,-0.8570493988485248,0.4054490435455763,0.5928101770075084,-0.5724475124201057,-0.39558944961707054
5080,4040,OK,725,725,,56.34320689059759,0.11741304800765462,0.44661922501436446,2.0814252343827357,2.1320378895132484,0.054429464776147185,7.1036467421334395,1.2489509943217245,0.510814303396375,0.17096581098301744,0.9926898139746072,1.3428840531387993,1.053980501364836,1.1931743816857452,125.39872407908751,-155.2910910592127,-0.5125302902487319,0.11189052316566091,-0.6924830151064765,0.6969233634777694,-0.1491496230420687
8800,8110,OK,1192,1192,,53.22781462583099,0.42334096365739066,0.09626407917011054,0.39319238521943767,0.5857342368714571,0.020621682106998256,12.693981910323373,1.4212165299280137,0.32415251491649943,0.25605040896340636,1.3254217600998288,1.1347678051704788,1.1183042184473488,1.1156232594880622,192.36433582974382,-1.8768257253711838,-0.6237888969569529,0.4088970337262138,0.590641513737371,-0.5769815364206855,-0.3886362369743145
9240,8470,OK,1388,1388,,29.10266549418082,0.046918042454834885,0.0360388080863623,0.7307040424309754,0.733095147999936,0.010474378813856752,6.903190917365122,0.5671772436097208,0.1568368852277351,0.06837866185808361,0.5247614543709851,1.0211066666896902,0.9970479869318688,1.0689397696897518,180.6651763317135,-20.42068467293289,-1.1411302393691536,-0.5747297849652695,0.3908085831421916,-0.401834947086175,0.5962239519814838
7840,10670,OK,1176,1176,,32.155837534709164,0.05656506622755819,0.1349961627465115,0.012910975559178528,0.14693625816489397,0.009039312623158218,2.2357581383612164,0.7408714113641176,0.197257283222676,0.10267930149624571,0.690607699411407,1.0370574335679088,0.9881253735968889,1.1714213892459264,260.43386054123863,16.973563086993178,2.1984278717377435,0.43379384597804355,0.5749799215981057,-0.542782678222086,-0.43198142688392643
9220,8420,OK,1053,1053,,51.949396752123505,0.08904610531213292,0.10121740667793946,0.6701505523583604,0.6835758444474779,0.013069624930460893,3.315463083988585,0.6316938013338594,0.2068802195301238,0.12710674153452534,0.5277574274664678,1.1016166283371718,1.0202326237200865,1.1933141381130894,174.59302734070252,-22.535721777560212,-1.2290414008636374,-0.5711562722826125,0.3955428305289447,-0.394618616282678,0.6013339584062465
9480,8680,OK,1028,1028,,22.66513670937519,0.003029102068992151,0.11872334922603761,0.22025700289505323,0.2502350024179342,0.013452882110739245,3.8075524809751715,2.188746179057305,0.5785064051420998,0.3420501365387072,1.9829420088857361,1.199630854882628,1.1481620862905608,1.0323878422002566,217.27530704087158,5.530922304524076,0.4282959502165863,-0.6892060091589506,-0.16774228179551479,0.13283009000787166,0.6922526785977264
8800,8050,OK,845,845,,77.04886361110991,0.9275076364363564,0.6691892172833053,2.21691303813933,2.494551671713407,0.036105785910888796,8.900333942571422,1.8456553442859998,0.5289927963378673,0.266293026725121,1.7074047485420207,1.1947818687813205,1.1077717737908366,1.1165163728451089,194.71436603461254,-0.8152136330226101,-0.013143683677840967,0.41805018975484204,0.5896457842447077,-0.5765663780285144,-0.3809502588205766
7920,10880,OK,1512,1512,,34.61726005470999,0.04575046530917836,0.08719717672926158,0.20159955391335505,0.2243631717631576,0.011217446212326225,7.854843925157356,1.5484161425985181,0.1886735312599439,0.09507566163885184,1.5310460355895392,1.0971850957297666,1.0409588589784033,1.2467349200783653,232.89529575234667,11.12052058708602,1.17795529645808,0.4229650480158713,0.5880824616447805,-0.5538581895135611,-0.41048835838730796
5100,4110,OK,1519,1519,,36.576956467838016,0.05408352466743341,0.06359442856926042,0.7653249177049277,0.7698646040996806,0.007334083761606246,7.118890402804984,0.9469373000715615,0.2775186522382802,0.0684634347645171,0.8581275456382329,1.1390058005855612,1.0209249551588164,1.0653326616940328,127.71648364811242,-160.35705856794763,-0.7686338526938391,0.15630442527029148,-0.6849173102907216,0.695785788487265,-0.14946351141399747
9240,8430,OK,807,807,,62.110318735455586,0.17159285770311078,0.9254225829003547,4.865138469068693,4.955342913358141,0.012304499982001445,6.5248420501852396,0.6025286616684716,0.2003204273201904,0.10380700006730414,0.5015439062312907,1.0764988223193255,0.9984839440186178,1.1538232104455406,176.91143900919312,-22.039107844004796,-2.2237544833698144,-0.5719782779428906,0.3902452102959918,-0.4009938405816229,0.5997945191631234
7940,10850,OK,1221,1221,,52.411582843707734,0.023259989852101044,0.4403998092324997,0.5324040637842753,0.6913371870758528,0.019053430189187544,2.6177008710076,1.7559930251325555,0.3929790324955811,0.14596746429045715,1.6829310666298838,1.1159382346729945,0.994345291350073,1.1795266153593225,227.5244614060143,9.482324720710357,1.190184486525789,0.41374544090253285,0.5966965923739052,-0.5576895284140084,-0.40218189501654517
8880,8120,OK,1182,1182,,52.46835505468532,0.21943291665766085,0.05883696186150669,0.2998611812058205,0.37620382904501415,0.007571190007558181,3.6978887483897886,1.219047196290619,0.2749261698730012,0.1997756447485124,1.1552827467163826,1.0988753699067686,1.0934645026796361,1.0993292028786004,173.64200956180807,-8.757797107734337,-1.1400968283493784,0.40372369356850407,0.5900465460873889,-0.5817061119010285,-0.3879049523771712
9080,8290,OK,1502,1502,,20.820016932350196,0.13054105675631056,0.016984029310105172,0.32168761829932807,0.3475807079194054,0.017146435605658806,2.0466971443917337,1.0398446078870072,0.25717271331102975,0.1514301632417362,0.9189341299263667,1.1726729655382233,1.1842853114290122,1.131913171731511,145.80431919364972,-25.24913052311246,-1.7200187200339372,0.00045732361828994657,-0.7061235847939409,0.7074154791132745,-0.030864441738002624
8820,8100,OK,1629,1629,,44.76187408756727,0.08152727949001137,0.013067653404772648,0.6792919718052008,0.684291636530469,0.007481801500856301,3.4286373892218367,1.391677230395321,0.31827498174345825,0.22649170905284777,1.3238990399339983,1.1234831726623224,1.1042641155807693,1.0975145186430875,188.25597503231535,-3.7869342348998822,-0.7078031563242617,0.4105937971703024,0.5899793244034403,-0.5716231205719958,-0.3957071373241407
9300,8500,OK,958,958,,39.67613422880298,0.8392448624157376,0.06080949571424573,1.7321489106780652,1.9257127466534147,0.03489686401404906,3.0435881698210263,0.9347551952472377,0.17203508285909308,0.11622564941478553,0.8574465194870862,1.1495547244354445,1.0989848989981936,1.1528208029337006,199.02824222706045,-15.795372903394089,-0.6193969538652939,-0.5518642598594851,0.4195440762235914,-0.4090455300085648,0.5933888785404126
9460,8670,OK,1581,1581,,20.98442503351545,0.01996682434513608,0.2045091740815706,0.47308339871731975,0.5157815220613144,0.019501843625236607,1.082544444074873,0.8985083331059475,0.3814944073244777,0.12382708124940911,0.7753873631461019,1.1129096363366968,1.0125537512458578,1.0476875522655937,219.19951419844077,0.8098974823581669,0.5535288455706175,-0.6913505104592584,-0.12838202933571002,0.1066706763624307,0.7029750301651896
9180,8400,OK,1696,1696,,18.179578924951272,0.1468804860849109,0.03734841948287335,0.09969289528523184,0.18140412068296732,0.015995879552128875,2.4473354773602165,1.0370283943423393,0.22383876095856103,0.12782022963955358,0.9655205310207364,1.1708516642421767,1.1341865926221368,1.1596437332992082,163.86541596231424,-26.586580833326703,-1.6122299313843962,-0.5775688127120125,0.38750961774858833,-0.3918357136408586,0.6022585294126919
9180,8380,OK,1053,1053,,38.44978573350878,0.02895479088400449,0.06827129049144426,0.1730556103140537,0.18827531245936946,0.013460680944787261,3.4359832259787293,1.6018036910892657,0.4126022778202001,0.1551749377950491,1.5072698339460389,1.2145244604738699,1.119946170426377,1.1982650993146913,164.20212321931527,-26.684368999381174,-1.4929014877606825,-0.5768508489383211,0.38891360367323724,-0.3828197956963376,0.6078143721400875
9340,8590,OK,1629,1629,,24.078526091646417,0.05647956935278714,0.15340444115699095,0.10936824933153133,0.19668319268002793,0.007833483505900055,6.3775386680094615,0.32098458713069966,0.07228354645194202,0.07410999296614906,0.2820134747802232,1.035757860478563,1.0854276413411434,1.0419302628947824,211.32979211722005,-11.448208767809025,-0.3493395942991598,-0.562169873353822,0.4061762086870228,-0.41667871483515545,0.5876774366889604
8940,8170,OK,1849,1849,,29.497166348801507,0.047847120602984405,0.06883579247302912,0.3899012080434241,0.39881156616766766,0.0061280651779951276,1.7119289642415711,0.9664616800057941,0.26406769738424485,0.13531517800061454,0.8923903498226435,1.1677841817125962,1.1182821735178714,1.089381210097817,163.46409575798683,-12.524126910039016,-1.3668070240094843,0.40526479118494535,0.5878488910774334,-0.5768487089171526,-0.3967867151322846
5120,4130,OK,1514,1514,,31.554597361706655,0.0013670911355783133,0.07653418647300633,0.420254318312411,0.4271686349645619,0.014850348667820201,7.53212769943475,0.8190256496509052,0.17880048347509114,0.08866185593968667,0.7744206728147205,1.0011121552202822,0.941464907252889,1.028739681965022,129.59547790315636,-165.23570654609716,-0.7168215861914948,0.15684358401176215,-0.686153316869608,0.6955195133456251,-0.14438255593611496
8820,8060,OK,716,716,,79.91451191958282,0.09748099959877415,0.1632200219718233,1.5946491493156678,1.6059418514592743,0.01750444108417103,11.075676021016012,2.0177648268138033,0.5667919951042921,0.34966565934945804,1.8509886337932118,1.2079846249099797,1.13433155547763,1.1564757673334167,189.13326620795988,-3.527944903011278,-0.6976424594351264,0.40931959060824735,0.5942625863666917,-0.5686904944194239,-0.3948424657329274
7900,10850,OK,1519,1519,,23.66436709504534,0.03242787238379441,0.10921738536941514,0.42188276768177246,0.4369955078042604,0.01656912102514188,8.921551942019493,1.7639976100435875,0.33542292706577603,0.11230990015475606,1.722880195658914,1.1243811327945958,1.0225016870878265,1.190996011582974,239.51067231009952,12.913823681255558,1.531597805755094,0.43988057000520503,0.5781185322317772,-0.5473902226306011,-0.4155093151669313
9020,8180,OK,761,761,,57.76025624912955,0.1175057537747689,0.012975621949588137,2.6206327190000884,2.623297889456886,0.006882233001564749,9.089025706661733,0.6775334341798742,0.28136606534890385,0.15944500773121995,0.5658218301526867,1.0886832216383011,1.0590536373199815,1.0477239707236483,152.74584922469035,-16.51563318423247,-1.6737043500733044,0.36567409406330015,0.6094802173315044,-0.6052409738353443,-0.358468527493518
5120,4120,OK,1786,1786,,30.99971185297187,0.04864074531433671,0.07911105845834042,0.8942684316055773,0.8990775881098539,0.009878466045540905,4.907435350667723,1.2428230784181709,0.3396589996202488,0.07545110792175957,1.0593935197195723,1.0976609223901872,1.025515112486979,1.0415247398344634,129.527570769933,-164.7557157621718,-0.7521323894177514,0.14926071401099805,-0.6860239678608601,0.6970408992094226,-0.14569262027531896
9440,8650,OK,1583,1583,,21.096304957105495,0.22541331890466057,0.1549460845388417,0.7009727767196312,0.7524508536479722,0.021983102389514102,0.4427478972393283,1.7374984662238147,0.19475202206325437,0.1405785538733263,1.7097297971771308,1.1957454692520972,1.2084139698871945,1.0311529614089716,220.2688034628297,-1.5390607885605032,0.19549381885199857,-0.6934880683385245,-0.02004730541208653,0.013570778691055132,0.7200612741868118
9380,8550,OK,952,952,,52.45493906526573,0.06827614913526114,0.08625888964663053,1.0907951676196603,1.0963285667564322,0.006175115978629998,6.555409517095927,0.5559856601975244,0.19602993205874286,0.1239945930210451,0.47599061718547286,1.0155525360815427,1.022147625744822,1.044323744202516,216.19080751213355,-9.631960488292687,0.10600034736981964,-0.5899111985233347,0.36132920827183884,-0.37473187297933364,0.6172697987750649
7900,10870,OK,1264,1264,,51.20514810495868,0.2751296528108512,0.21433498796944278,2.8413780190820983,2.8627023701821654,0.0034334779440430498,12.363204991289557,0.7899163333464704,0.1400377147865277,0.060183613025395655,0.7383811228125374,1.0572024776824385,1.0999909783514707,1.219325958141728,236.45926400807403,11.78948156723241,0.9040564118382237,0.43568263878895047,0.5734686634112623,-0.5504772405371051,-0.4222429845407163
9100,8300,OK,997,997,,27.576991516919943,0.3256648909242983,0.09137404051839221,0.47274407746811686,0.5812863315463153,0.008470386891560162,3.4987358782003057,0.7108860829665196,0.2035767377917459,0.1112704948423402,0.6274483695918835,1.3853623210901616,1.3091648702452319,1.1256676447036253,147.5387346924248,-27.845445965841094,-1.6344312768415923,-0.19506669026497442,0.6801491734047704,-0.6688207409874369,0.2280896856302181
7880,10800,OK,1696,1696,,24.55579942582061,0.08009538189423092,0.16467048785285746,0.6117787131863883,0.6385959862686845,0.019990962232103004,5.294296207078641,0.8857936028278692,0.21026395726160563,0.0898656417708793,0.8393765261243811,1.1168519209125218,1.0136682492735634,0.999026215025587,246.59267193438492,14.362377639803189,1.8321085553070096,0.44191877416285935,0.5748331012657402,-0.5325268371532964,-0.4366805130105002
9360,8570,OK,1797,1797,,21.460380859185182,0.06421114345556346,0.12344971062286583,0.43603570423569205,0.45770081643477123,0.012398469317183388,0.2019909434646477,0.3592351543235357,0.1905982137144444,0.15428454219779641,0.25701005394916,1.025098852499077,1.0444329002211425,1.2083102523192313,214.32574772430584,-10.417305238679136,-0.18529641374968975,-0.5712535914171428,0.38905515807888447,-0.4060328310400831,0.597865167393791
8740,8050,OK,1787,1787,,36.07586367961291,0.14455633478368346,0.08439319901299774,1.7721095332523973,1.7799974561245218,0.011739172753603035,6.522713402360552,1.971349877030266,0.5167753044345584,0.26456751481188934,1.8330755596168515,1.1823268382391996,1.1132661276366065,1.1733721114897906,209.0989535468855,3.518029084688004,0.1701009752023882,0.42056654319565223,0.5852204738968609,-0.5647722511767672,-0.4020859161635976
9380,8610,OK,1318,1318,,33.06688933669685,0.06519820400599963,0.12979751394951278,0.3819793198527828,0.40866416680237144,0.008896880591752108,2.6102942301658523,0.750208426069408,0.1705009899930855,0.06263163392520388,0.719023001476613,1.0149994247702663,1.0290032052742824,0.9908028167312647,217.5242217752671,-8.976840106795164,-0.04793986145744861,-0.5900200485178747,0.3615616128725652,-0.3700002174588753,0.6198785215865598
5180,4190,OK,1120,1120,,17.30522419012241,0.07014228652738841,0.0002038303653395506,0.049464076189307704,0.08582934660924388,0.01729499756577527,4.2840503226355935,0.6372878509854784,0.11471950827488309,0.08192020450577209,0.6040793360394474,1.0287695226275286,0.974696243946055,0.929773265265945,135.26590063887488,-181.7969934453629,-0.5734542820500085,0.13291102456428794,-0.6878818098179185,0.7027449894828173,-0.1237043048066282
7900,10770,OK,749,749,,62.706917336731536,0.41469582837311997,0.36713546019401694,5.967996822627153,5.993642227484866,0.030222240162599355,8.267621640104585,1.6968557532234545,0.7177751378171311,0.1293615974007425,1.474096171404911,1.29923523748112,1.0190155072318294,1.119086165596045,244.96355461354872,13.939566545752253,1.8339854594292222,0.4339728982028127,0.5856870539159875,-0.5396115844891687,-0.421257090605904
8760,8060,OK,1663,1663,,28.01796942585703,0.025457243386817124,0.09284466239734615,0.9629220249732784,0.9677225990722609,0.015564185354753653,5.144452612177593,2.096083339504263,0.46489489143770824,0.2912868797363515,1.9841559551624055,1.2136760016564552,1.16338787632576,1.1548328306615898,203.8601387712671,1.5487188485153414,-0.015968293707088466,0.3947687763887125,0.6016788394611464,-0.580770723222878,-0.38058580422872035
7820,10610,OK,849,849,,41.83501657278921,0.16601887070020893,0.0419812143785823,0.4000225690139425,0.4351353163210125,0.012098971712035507,6.273618552386117,0.36886649209509326,0.11376492503004543,0.10734326525480187,0.3142870344501514,1.0042749246699416,1.0072178688627662,1.008170734919794,267.8759383369661,18.955538829457616,2.34667441021905,0.4162047634933596,0.5907140582756736,-0.5513711224647787,-0.41691771551812307
8900,8120,OK,906,906,,66.43667914370371,0.421545815132838,0.23965289340169785,0.8327407951804098,0.9636345861007249,0.010175377249905877,7.7595504073638395,0.8697021698431643,0.15682480792591136,0.12913571188070816,0.8224557831771442,1.082723815641227,1.0783327196838093,1.0726506076470965,171.08762325111195,-10.266745758181825,-1.0504767674888011,0.40331220509348037,0.5910098965875524,-0.5776065616826482,-0.3929595745866924
8720,8010,OK,1066,1066,,45.617205306689215,0.049532463036781826,1.011037173152272,0.6922484269918697,1.2263186841367726,0.04374106513718414,1.3467681970059844,3.8430745476748456,1.2227999297851806,0.3445083609411934,3.524563246101721,1.4912659576599594,1.1095745298812878,1.264820929109605,212.33802808296963,3.9173338043030284,1.1135722015464273,0.5152370684797406,0.5177971726285654,-0.4855949468439439,-0.48022328023732286
8700,8690,OK,893,893,,20.150326790175946,0.14442567010814242,0.02212384814369356,0.315831096501217,0.34799069004792677,0.004901372235461582,1.9144709447102377,1.0513736278474828,0.14120736837039494,0.16482057379664483,1.0107715447560635,1.0549101827377945,1.0532742972814357,0.9605504309438045,215.4563276041777,3.973513379608444,0.22344988477133418,0.6129617392602279,0.37486426067150735,-0.35334295979012453,-0.5990855072867604
9420,8620,OK,1177,1177,,30.8166302610776,0.06445705964468526,0.14199371739305694,0.03438123858702469,0.15968405644871297,0.010800409485783329,1.0189130917300746,0.6650132145981178,0.1737872540199269,0.13725683925077836,0.5865759019661962,1.412737992735364,1.3531752982708927,1.1026486260199293,220.03198570408716,-5.259665836581357,0.11612115982360645,-0.6756041282173462,0.1323693752301879,-0.1510603582478243,0.7093787271992926
9160,8370,OK,1252,1252,,25.37257981751332,0.11381826881967891,0.12030565292383602,0.2611126656389102,0.3092052273160926,0.026612894619441507,0.8860912312962482,1.8938710593192125,0.5756549061831568,0.2695258533637104,1.7409222338024932,1.3592681391447132,1.2457189060957194,1.3064032354673243,158.8374498191846,-28.637504583519966,-1.796327657602638,-0.5551702491131991,0.4200377607125243,-0.4015047015327299,0.595103561342318
8880,8150,OK,1687,1687,,31.82109160896254,0.0342595679160112,0.12705329144201594,0.34260370036097854,0.367006202074402,0.008241674678277118,6.833181377250159,1.1144519367086267,0.2277128925136216,0.1789464469744646,1.0515310132181748,1.0519722759652748,1.079084186694125,1.029677808783288,174.28697997079715,-8.615442780680631,-1.3126184624337327,0.40139813856518014,0.5909457896895329,-0.5811714121243843,-0.38974658142692115
9160,8400,OK,1535,1535,,19.133407628180898,0.01905906922792533,0.049611560784042164,0.8918757386573661,0.8934578268104689,0.015147927197260018,7.744865143873501,1.115795899714849,0.22705873146472544,0.11778089048109486,1.0628243541534914,1.2302549950048212,1.1862392809393494,1.1654612121831835,158.26380672229138,-28.926651776689955,-1.7679167019562443,-0.5567289158582847,0.4192174271797802,-0.4069770629524751,0.5904907562583869
9140,8360,OK,1478,1478,,19.50973988127167,0.09107299481800712,0.06473637337608512,0.010956868153977117,0.11227262080646506,0.012138071373646666,1.2920417914362412,2.0941379656809116,0.5270114951779153,0.28907632678396034,1.979943550715718,1.474488395901065,1.4587359465744498,1.2009094829541322,154.643138147213,-29.97095848442366,-1.809218083692055,-0.5043770474300122,0.4866448375379399,-0.4681992465469224,0.5381171449195329
7820,10620,OK,1012,1012,,34.27366279527628,0.01485475904968675,0.09907370638459471,0.35828022726759023,0.3720228278131884,0.01947726498142232,4.280181769494343,0.5061598901132425,0.1111397962789018,0.06980827392049871,0.4648127320346678,0.9269006206471906,0.9651310568223439,0.9874260510173161,267.88761932281386,18.787142844933552,2.3050075776550343,0.4127218860655059,0.5915793371179583,-0.550702192335896,-0.420025746846603
7960,10860,OK,919,919,,64.4047966110116,0.13488215497227307,0.2922704979239121,1.5443441102788613,1.5775341424640115,0.019932378813455658,5.306931794391139,0.9549990759112871,0.09841137973691183,0.06447064013134829,0.9333902009652864,1.000552667591913,0.9464410397166104,1.0690671059190904,222.32597294420745,7.822072501029212,0.7513035008910126,0.4125839409241212,0.6095144135738584,-0.5528299262085283,-0.390699045334782
8980,8210,OK,1492,1492,,33.84502811702317,0.033649502983256085,0.04806468528950788,0.3550853296107377,0.35990011715442083,0.00854546049059337,4.754229577637388,0.346379071262815,0.08763088080825909,0.056725676512887235,0.29984911230394573,1.0040964431237283,0.9989114572577985,1.0132750220101259,155.88941641633403,-15.122992446098916,-1.6396176305804908,0.3916303641147461,0.5921176138283616,-0.5885376440009182,-0.3868408340537579
7860,10770,OK,1661,1661,,28.134814263548897,0.06487453431477819,0.34665994486203,2.329002020530635,2.355553487868634,0.024908918642080023,6.137110489117122,1.4588692330668933,0.5632877858862178,0.08796785797664236,1.292811063156126,1.298993841205595,1.0498579791561318,1.0647549422962683,255.41192041427132,16.274124977847727,2.413007192506085,0.43735425408833073,0.5763040981402794,-0.5286819854085167,-0.4439484217812561
5080,4080,OK,1820,1820,,22.3041116807126,0.23945515477815216,0.0018787241187754739,0.452728660601482,0.5121577304738797,0.02868141442079299,3.3656591314870226,1.5375149018565475,0.441270738356613,0.15398854041137255,1.3730849465705006,1.2075252650370232,1.0882571445173448,1.1674096162432395,125.94641466829462,-156.86166843366712,-0.8448998857234491,0.14895384173656606,-0.685276444349828,0.7003244954379649,-0.1332461967214632
8920,8130,OK,924,924,,63.40247112629725,0.43000919033964935,0.2365285847740034,1.1421682287683206,1.2431419621264164,0.013934926311559558,7.908061859458691,1.0457160590118266,0.23401311355375254,0.10386394303097957,0.998531715344662,1.1008741358271878,1.061359257451471,1.0851311924019995,167.53640351432043,-10.688443353401686,-1.14251437707168,0.40138114155309956,0.5931653608025662,-0.5776924443739407,-0.39156030654645463
8820,8080,OK,1020,1020,,63.70059992962082,0.15530308448656638,0.08414261074407717,0.24753322841107606,0.3040916410582192,0.008794586181781036,3.9141152248727296,1.593863884440752,0.3610920186361437,0.27002085314096735,1.4916197448708886,1.1508251375575527,1.1290277691190236,1.086352537795454,187.36730502564154,-4.055588063053742,-0.7163782019955232,0.41296869659514973,0.5879347685904074,-0.5727781135775112,-0.3946071414985225
9400,8560,OK,761,761,,58.555545373582305,0.08945233894724924,0.26002643462987823,0.5908328858765914,0.6516893176067268,0.018716138882595528,6.938974772814592,0.6527112463568538,0.20411843931120277,0.23886238038295327,0.5333222616923994,1.1071686626634845,1.1724361904924412,1.0944082305292542,219.5224435658195,-7.3175271523003165,-0.034282767268034475,-0.6253827767291568,0.2846695337990007,-0.2873192484716511,0.6673134859680829
9160,8390,OK,1647,1647,,16.017264542726878,0.0745073517278303,0.00652412366124179,0.44523962663704,0.45147783420554827,0.012923049092812134,4.743224943215478,1.2684078716781557,0.2870674461661442,0.1059474992057789,1.1978780537715554,1.2463729115002233,1.1840089253579018,1.1375253286860405,158.7132229180421,-28.863185400463706,-1.6895271084458974,-0.5576221218756995,0.41849308209973196,-0.4069580689557065,0.5901747533920372
5100,4060,OK,851,851,,54.23307088416202,1.8372958095094662,0.1068123671438601,3.76917525143516,4.194490058332147,0.03026983311544813,6.252514764382081,1.0443808980565992,0.37438128806685844,0.09862938686260514,0.8004390215937267,1.1501217330095523,0.9483067319790979,1.1195436339917284,128.0874229239723,-156.91373251145558,-0.8372299755369086,0.14641940770764744,-0.6910365793547992,0.6947271047443194,-0.13558780540201754
9020,8210,OK,1214,1214,,45.49483300579827,0.024572008301131043,0.1332026560427393,0.6998896755571229,0.7128760685562715,0.008836345639539545,1.8969969685028585,0.4630240727814948,0.13361378317100137,0.10722553059347828,0.42303872040149404,1.078493345607697,1.0910425051668193,1.0269970635975856,149.7265094493959,-17.9067328699913,-1.8032655228907037,-0.36634628460324925,-0.6053056661009686,0.6063338146448151,0.36298037903132546
9060,8290,OK,1153,1153,,20.91193772579495,0.25549396893294596,0.38239601456651984,1.6186783467862134,1.6827428414561791,0.027695251596485754,3.511446012468773,0.6953908296177886,0.16561034662091598,0.09815183428033003,0.6296568774009144,1.4527708900269,1.46036193065412,1.1479760055667176,145.62654228256795,-23.86307663239721,-2.119160276054027,-0.17325681708752438,-0.6837751993714648,0.6941485809828012,0.14349668838261467
9220,8450,OK,1766,1766,,19.601766829971407,0.05543384355766556,0.052912433048520294,0.18721735535455242,0.20229427754793916,0.00539736427257477,6.663331165449405,0.4694681847141726,0.1307953251326971,0.049179606447136814,0.4398832961911672,0.9888866109482422,0.9854541718658814,1.0762573605682313,175.05408123243805,-22.367212940325345,-1.4021756954342341,-0.5742196123467579,0.3889417037827621,-0.3975013444704894,0.6008234923827918
9040,8250,OK,1454,1454,,28.49605170081869,0.17263434635186914,0.031583722642685504,0.45739371603660517,0.48990729791061677,0.013302913215439445,1.950503619133712,0.867594046231186,0.130891873108264,0.11471682774361469,0.8186457467510717,1.2481516938205162,1.1958832292215598,1.0420273476030824,147.36193815624853,-19.684874814763997,-1.682916336325468,-0.29448692810393434,-0.641293887417558,0.6499946614007178,0.2820045022465969
7980,10930,OK,1774,1774,,22.814642703052414,0.013283862233573251,0.22125723370737538,0.7422525205952324,0.7746418713145169,0.01823892311860619,4.1240193828964316,2.1704408503942814,0.4938868102639169,0.19800327208871638,2.073714395133212,1.1800186516078641,1.0834687852398615,1.1418380642775294,220.5853322193972,7.225419036538351,0.7718832327881724,0.4011686820472851,0.6015600422415809,-0.5673576239999932,-0.3940742704260634
9020,8190,OK,893,893,,53.43237680146623,0.21114144761777517,0.024161675701872547,0.2541507725353238,0.33129611023245364,0.014913205627241627,6.395683489603271,0.6640908921519753,0.14966638515120267,0.0919388082202083,0.598459094287155,1.0610929865658822,1.0416270506422822,1.0264619785784108,150.6618688368704,-17.634359621353685,-1.6491666857267593,0.3654583081128386,0.6087924653312125,-0.6010609981860411,-0.36679372356522943
9040,8240,OK,1296,1296,,45.8475928995347,0.09997775522761132,0.1577730324788241,0.35954484471611653,0.40516709723255245,0.005692395759366317,1.4686157879654134,0.5856641757783345,0.1557938804391208,0.09774635985029079,0.5417884249453486,1.1756993129383722,1.1596203803862046,1.036268527119923,148.14482576301032,-19.372439791053576,-1.5629509191193778,-0.29729509024611817,-0.6420453482593571,0.644873441185714,0.28901841627717934
7880,10780,OK,1461,1461,,25.25304963807166,0.03542239780228901,0.4238329465376624,1.4669508773193503,1.5273617742057288,0.020102536020511354,0.9242529365491875,1.4331330612321898,0.5412575452863985,0.15390516133437604,1.3060270165439292,1.249231859296543,1.0406234539331152,1.091492073385694,247.3845902551007,14.677589016023699,2.068580658219668,0.44738180374309117,0.5712176506317493,-0.5372809241659405,-0.4299873554114303
9180,8370,OK,812,812,,61.16354617871713,0.11574035856949505,0.38675923798856204,1.94284863505289,1.9843485977766522,0.01497418087887298,6.152933517024783,1.7757784709789117,0.42201487083767963,0.12132875440516222,1.679640800000362,1.2663033998929598,1.15070707740456,1.226948107797101,162.19528612445296,-27.385678913964046,-1.2595194509639238,-0.5806828442726503,0.3871166036218324,-0.3789579869262632,0.6077326827746852
9020,8260,OK,1436,1436,,29.473864767110822,0.09709143201428344,0.01635758810472183,0.06834403899352459,0.11985501460154419,0.01332323481095226,6.183603888739388,0.7213400769099442,0.14508159659672337,0.07449171026816126,0.6489222547297153,1.3364833997007448,1.2436962529902158,1.1041796764358778,150.32841477849803,-17.68888275268838,-1.6516575952303703,0.37024355408375714,0.6095657411190929,-0.6046806614520525,-0.3545569285450048
9320,8580,OK,1488,1488,,28.927770627735875,0.011030866408621054,0.10093210119071022,0.7746712254036616,0.7812966635874669,0.006537084400109454,10.16851568605769,0.43370828273020096,0.09850046011738112,0.052521324391245905,0.3594340119934163,1.0347490150883367,1.0625494807280649,1.080052438976017,205.61339967707067,-13.19615629878676,-0.5495209129242412,-0.5566854451786871,0.4130658572946437,-0.42276007245524155,0.5837395256458885
5140,4110,OK,1119,1119,,36.720709100478594,0.6827966744488393,0.4581849989917929,3.248377830138458,3.3508362119438995,0.011029528422660986,3.1272731118857906,1.1763103022562948,0.42085275670141176,0.13040010943109293,0.9835244951694571,1.071575099364542,0.9937000499265298,1.05791884194706,131.23034600325727,-167.31950894439817,-0.3922778929685743,0.13836342352751785,-0.689393958517467,0.699484727320251,-0.12772098196880508
7920,10790,OK,734,734,,70.17387347160697,0.13473582026155262,0.34875187105740646,1.7282962010184537,1.7682729900336132,0.020604603282131345,10.236905724163341,0.6424405705349645,0.25086007300367097,0.11079175775689193,0.5512613650167104,1.0541458563131416,0.9732246481885731,1.0735477796152253,234.70951526728695,11.717787999908001,1.344922409365951,0.4243416116721564,0.5879769445564436,-0.5583057748169882,-0.40312773543822084
7960,10840,OK,840,840,,76.4785058344776,0.9641788622992831,0.012878654290992997,2.164696717926761,2.369750750362573,0.025160167685930917,9.039633604801454,1.2329818558111258,0.3763484672127184,0.20931737455662236,1.1405812651839566,1.0918079534757188,1.0441553292445531,1.1018365736982245,225.5360330233526,9.815796593582515,0.7366914033070529,0.40846003088150473,0.6113490663902059,-0.555703353832111,-0.3880805389810827
9100,8310,OK,1532,1532,,17.656145470065404,0.12524936016740473,0.10179542878571365,0.55031462183922,0.5734944590438998,0.0052077296871715605,1.875393215579461,0.7650677977007592,0.1493609508028002,0.09347928896488011,0.6922132910953618,1.3176637736424532,1.2536846262128578,1.0996686581611823,147.33344892338368,-27.899341421626335,-1.6611024768701936,-0.19721345748079996,0.683226072580514,-0.6663248356673976,0.22432164253029685
8980,8230,OK,1457,1457,,36.01142381337324,0.026800779778696437,0.09406817386103325,0.3864643530979377,0.39864997095911503,0.0065704173573967045,8.196109518212246,0.45954003934978066,0.09259431283802755,0.05589206113035139,0.4274724909944907,1.039578881482106,1.0594735623393978,1.0285959162391098,155.88061667031207,-15.185414200502816,-1.7057458402883814,0.3925629055279741,0.590646877414411,-0.5889183357269282,-0.3875639627837782
9340,8540,OK,1225,1225,,26.577270764959827,0.07407462251013086,0.10595117723757524,1.3376056480471616,1.3438383724785186,0.008649901897301783,2.3968161906522942,0.8739793633798215,0.150676432419941,0.07313578889421413,0.830342573409574,0.9739039726887198,0.9432841318760368,1.1124740095274868,209.93068022488373,-11.862534448077927,-0.12464254978513098,-0.5597978041484841,0.40971034479506,-0.4131163317084215,0.5899989392483904
8800,8070,OK,1273,1273,,59.25178584713231,0.08192564484586243,0.2231893745063472,0.201414691269032,0.3115977952985938,0.02009345864922408,1.9312961279097707,1.9289838024534642,0.5087350026884709,0.2459502565770939,1.811158218144799,1.186791336570514,1.1091429326682247,1.1174815078025606,193.11766171020724,-2.2032927155281183,-0.3693879409648301,0.41828505677874467,0.5848700498541807,-0.5750155795249066,-0.39028415207744016
7900,10840,OK,1609,1609,,24.48299316085794,0.07094565299390285,0.04022707032416692,0.7929581378818673,0.7971412116423761,0.013400188457611338,6.975669064244989,1.2298261835651487,0.30845569248414595,0.15253958841663806,1.167470920759536,1.0944809553670392,1.0347912856213004,1.134647449733427,239.8914582588452,12.95541514355375,1.408237598840733,0.4348134631490203,0.5795643287818332,-0.5454070587552716,-0.42139480458109874
9360,8580,OK,1735,1735,,23.868610893104552,0.006557702420924738,0.06247518207618319,0.5827326729496913,0.5861087953269304,0.009771076780901377,1.3567943447722512,0.427387089739667,0.13445388374802114,0.0920587130451962,0.35224897240559905,1.0258642979424655,1.0605318983872793,1.1044733253945103,214.21252187602798,-10.534758604188944,-0.14129614425906492,-0.5706438846177687,0.3900688172088317,-0.40354806643815494,0.5994671240891132
8820,8110,OK,1541,1541,,33.09837209402262,0.0724303148918688,0.0845439480399131,0.24437285426092448,0.26853662983872767,0.00951542504578528,7.098215320674393,0.9062074834387349,0.17929812958779023,0.1480263049864201,0.866342598323202,1.0811445455824158,1.0873767323587893,1.0452259994054371,187.83955015157974,-3.9060095037977245,-0.8195709938415845,0.41010479950490175,0.5889366287949371,-0.5744013967059405,-0.3937394267138655
9280,8500,OK,1778,1778,,18.886986763232386,0.03999578062111189,0.045868681918752346,0.294058483548878,0.3002898436436396,0.01682382316253173,3.5592149276180405,0.6756910436293369,0.1547125387995324,0.07719439352418789,0.6193628628543113,1.1749464359149973,1.1199930123787947,1.15686761715189,193.7570079357752,-16.26151118858842,-0.8547353877491989,-0.5516522091681959,0.4187006281637788,-0.4169264105637099,0.5886781737669291
9340,8570,OK,1727,1727,,20.451694750888382,0.00012276661810539657,0.004952244881731072,0.252967657738568,0.2530161569203604,0.004829304025570411,3.5838674109173323,0.347878802647791,0.09969200697622904,0.06434220253505007,0.297810834993379,1.0221703664170703,1.0340743905851781,1.080536996274532,210.9911359811449,-11.59998756183586,-0.21167680636058858,-0.5609558975127616,0.40756398515232445,-0.41661219052731097,0.5879237720627084
9260,8460,OK,999,999,,51.912250325098675,0.031449231634561814,0.013359276861482597,0.8160745351928882,0.8167895514996225,0.02537325692982977,3.078775518630216,0.7036916377351703,0.19722825052922177,0.123479209272495,0.6442293015576421,1.065523583046411,0.9995474126536079,1.1251705058095083,186.88014754499903,-18.36280883892478,-0.982053590249572,-0.5588676948378561,0.4097139373502667,-0.40482984992777765,0.5965854354700721
9440,8660,OK,1559,1559,,21.558729842823936,0.10788903428615443,0.22681261751992654,0.6308857886479751,0.6790440968769385,0.015608902320502539,1.22978449471131,1.2959297358487203,0.19327903656891154,0.14974029026229896,1.2474051326632667,1.349169669548667,1.3063873089990468,1.1511949408696067,219.94989093746037,-1.6131560133804292,0.09989331668287911,-0.6930912797999776,-0.015464365378283685,0.00685879504062779,0.7206512944547221
8980,8220,OK,1472,1472,,35.30405194032679,0.018274298875500583,0.09710568129340685,0.21920243247555948,0.24044369349610742,0.006703771954690531,6.606997953139949,0.4342263181205228,0.07051996630811064,0.059560293366434536,0.39035505931434944,1.0110594713788443,1.0271820360468742,0.9653379779149028,156.01897151435855,-15.081792137581564,-1.6929885741545563,0.39281284565805635,0.5910578851408624,-0.5888019771660965,-0.38686028018410795
9160,8360,OK,1054,1054,,33.378631296068434,0.0858944810182691,0.15740154710415477,0.38589776103055096,0.42552343163282025,0.04073641893311819,3.400764489098997,1.5043988048941195,0.3534112393669794,0.1490603241386378,1.4221337071749653,1.3499505836469465,1.2529366484968125,1.2072254269971874,158.77635498972336,-28.86674288222027,-1.5210272135712324,-0.552557078025589,0.4218924389098332,-0.39669588966133984,0.5994329125434589
9160,8380,OK,1676,1676,,15.092745911408933,0.000606606814866073,0.08974842175449599,0.010746377072711866,0.09039154716808226,0.011712063680302592,1.8909092133113152,1.5981347853501653,0.34663749084183393,0.0812750866340951,1.5339144847483368,1.2922771782286195,1.226983948463872,1.1906170767006148,159.10190359427176,-28.664409440225306,-1.5820605880287024,-0.5582790971843187,0.41892705128557056,-0.4083311146412728,0.5882943788309172
9000,8200,OK,1569,1569,,37.72299973843714,0.03725632189557404,0.05983570675939123,0.011942370239288791,0.07149101713862195,0.006306012075709769,0.8569325489827475,0.47679106064659016,0.10265744544205457,0.04827707840215045,0.41561223271455017,0.981485799404836,1.0064102578752403,0.9604973448197928,153.25374067854113,-16.217566731711734,-1.6944482149916584,0.38687743877191466,0.5947095705908085,-0.5922506396354451,-0.38194967452320944
9040,8220,OK,951,951,,50.01693824292745,0.18356894741499274,0.072608134978807,0.307224333688338,0.365179806301488,0.0029640589671657953,3.422117404743544,0.5712986908209261,0.21416553941871896,0.14241641806393113,0.4726076482313899,1.1339941124134023,1.1026718432543174,0.9961329848763213,148.16291202520918,-19.46564674418204,-1.6371883994186454,-0.29858130533829413,-0.6407278670694196,0.6468811077284503,0.2861150763716684
7840,10690,OK,1656,1656,,23.0657574786377,0.01920293093975431,0.07768362065995066,0.010286230340686098,0.0806802578710414,0.012265890052655602,0.6436230047746831,0.39786775977727923,0.12913258559603247,0.0600079969380265,0.36321344266059175,1.0778097014265973,1.0088755602541357,1.1836121097366636,260.39980898841776,17.022290187140413,2.1516873678177553,0.4388218068342591,0.5706381709795751,-0.5458759999715108,-0.42875038463295234
5160,4180,OK,1477,1477,,19.381476414920257,0.0012840126339624391,0.1200740027613715,0.6945645977647263,0.7048683531665031,0.02113543281856654,8.134778620324761,0.590133122818262,0.14737470836876632,0.0538838283078803,0.5429876761581593,0.9254311045412444,0.9325702668492083,0.9675028613003932,133.6692454760544,-176.75426614202448,-0.781357083608805,0.12548381085663377,-0.6901452164346098,0.7017455252159078,-0.12452554470779041
9460,8660,OK,1150,1150,,26.136571725743284,0.09563545801417433,0.16901758378171058,0.44569102128782534,0.4861620829657258,0.014115788653093802,2.606552544969749,1.264681957443702,0.22168887060052395,0.13294735836010918,1.2066718318669527,1.1173544950108476,1.0430007639018741,1.0252596102727365,218.79745077719863,1.6457519914599092,0.5168879006918036,-0.6907035051475374,-0.1257505231986653,0.10369030938969989,0.7045309032475695
7940,10890,OK,1585,1585,,17.92324721898679,0.008351461492946133,0.042002985282753966,0.061218958223831166,0.07471116735631021,0.006831197014341576,4.457802456537444,1.6078050261220764,0.2694510614576333,0.13848233621525408,1.5783697829127092,1.0987903478054992,1.0568046333964944,1.1877003751444613,228.09842887129088,9.694908813807958,0.8896817331036448,0.4146862359846979,0.5914614417727316,-0.5625280661695163,-0.4022074879369471
8780,8040,OK,793,793,,82.16652804496836,0.04745300240968675,0.4625458532838619,2.8409557649257913,2.878754958674475,0.021237638856623206,6.755497296926475,1.4676816935881607,0.43084158717620635,0.17614273619258497,1.362080666850618,1.1848243600388058,1.0612155346313759,1.1540352018358397,200.84003046881713,0.35557592552072825,-0.7938422769203939,0.3997496397623289,0.594652821184672,-0.5733270351057735,-0.39734664788295576
8920,8150,OK,1451,1451,,39.23308740084185,0.12110313450402033,0.07269316073048007,0.4184052334395204,0.44160299384545143,0.012953434987462292,1.0065615986110346,1.0448277318621735,0.32444405395751064,0.1887523709679073,0.9372731291911993,1.0423473677439359,1.0022228342298833,0.9988021294642542,166.957050566719,-11.165753476856914,-1.289637504884117,0.4073533837462171,0.5890181051538589,-0.5799542217263968,-0.3882962699449923
9320,8500,OK,716,716,,55.6019848680906,0.20453929394484896,1.021188966237303,1.8994238545692275,2.166211948734216,0.025825887734295814,9.164705504335531,0.617841841168935,0.131667540441779,0.08885003261240997,0.5873770197911949,1.0263371012393685,0.9672908990113336,1.11161717563566,204.49779162274467,-13.262691952862141,-1.3387508961786223,-0.5570197242858135,0.4061077710560366,-0.4307497996544734,0.5824603979173908
8860,8100,OK,939,939,,63.19612927113319,0.11201970275139062,0.10098772404025208,2.9314025618780835,2.9352798697903975,0.016799629115760283,6.608277332357785,1.9760493668194996,0.5017585466968377,0.3089008032251259,1.8576381250593865,1.2018942113275295,1.143405158615889,1.1289000363104504,180.87220489125144,-6.2251105400291475,-0.929766440192269,0.4060440126271096,0.593630337540622,-0.5774518052213962,-0.3863685996656992
9040,8260,OK,1653,1653,,28.2520337682817,0.09069439746601948,0.4097031694427474,1.2276495499643723,1.2973841290500214,0.0143484314135415,3.063027537558211,0.7591004707051113,0.14211428535750859,0.16309371443707,0.6469481065387495,1.2793531259068807,1.1585902328762674,1.010757285859293,148.66892152526242,-18.647913617587207,-1.281115719368938,0.29503017531881065,0.6463290067193855,-0.6421483615953492,-0.28785672204222235
9200,8390,OK,732,732,,73.07437604855265,1.9646790898548019,0.48443679989309674,5.854420238647019,6.194261801852032,0.015069186313109032,6.3786479379618495,0.82370194395462,0.2083583379022642,0.12940105759235399,0.7463661960045371,1.1412958000035853,1.0962048882589175,1.156383793241369,163.30694399490844,-25.062098415176703,-2.0827705234366394,-0.5747700860956879,0.389936089534794,-0.39510568925281037,0.6012326409368758
5100,4100,OK,1702,1702,,21.037856751743682,0.06393071881750567,0.041631513823319144,0.6037058967549607,0.6085072961998529,0.044739897923481736,4.4396939753950555,1.2619090310290502,0.3824876519489131,0.10831600782064715,1.1172966922101102,1.1944177581014666,1.069416421520926,1.0762331368050808,127.62099324432116,-160.58729241013828,-0.7741864840773567,0.1761427873410304,-0.6808068635677011,0.696783020474673,-0.14131226190615392
8900,8130,OK,1085,1085,,57.32224192836746,0.09064752083140931,0.14797898135240628,0.32657077185818206,0.36981511730461397,0.008870952503977124,4.143265711692009,1.0756345996797883,0.2641348038738248,0.12807273092483795,1.0179770666551642,1.1289875039210036,1.078922397241906,1.1153402793679619,169.82593851183833,-10.221738137004255,-1.1531490601286127,0.4074021641390784,0.5873186505285425,-0.5820912206396052,-0.3876210652820893
7940,10910,OK,1561,1561,,37.68811828060933,0.10525507293803149,0.16060517029227525,0.7987618346757053,0.8215187883659751,0.021856934588816438,8.33296537559363,1.6153239786987763,0.319888463821138,0.11774986341084359,1.567277537763049,1.1410947488901733,1.053375941600053,1.2344608312612577,228.8141571978481,9.843436303491652,1.1465520045368627,0.41217894369936015,0.5973363320888999,-0.5560338881590517,-0.40512237651873323
8840,8120,OK,1807,1807,,32.0079327280836,0.07757382460657691,0.009186427992540202,0.5751634614259098,0.5804438784954047,0.008148043776854219,5.483659411528744,1.4573959465863116,0.2900043597437687,0.19488373998876352,1.4065029272173701,1.1201585195813561,1.1191620200004708,1.0963695198276355,183.14643809219615,-5.480497499364077,-0.8948032330107962,0.4061627328861131,0.5915440256178336,-0.5742297007414969,-0.39416716118502626
5100,4120,OK,1457,1457,,34.62892140211507,0.2274692268595967,0.24590424516873327,3.156063794082133,3.1737910799667035,0.025516226771572965,9.789871841524114,1.1361621953373502,0.33202454817737737,0.08096415789942668,1.009202069899616,1.0394008785255322,0.9575513734556076,1.0404937708055224,126.6623699734384,-158.19417738353877,-0.49188191557055283,0.16066780708396364,-0.6872494380192756,0.6911066775838413,-0.15571007002774195
5100,4050,OK,753,753,,58.84117321025011,2.3072982924506356,0.41587820209430126,2.628246737200369,3.5219683418405667,0.03713057292790253,8.76208838229728,0.7187455470945192,0.3273448434747426,0.09881015133816629,0.6061256413728726,1.1991716698527184,1.0428224759016842,1.1535030285638204,128.8628359377164,-157.8399748921148,-1.3154082017607303,0.13856036484648857,-0.6889010502374977,0.69792493698906,-0.13826478439608952
7980,10850,OK,779,779,,87.25152711683204,0.3379169784670635,0.3631719253215354,1.7081210444250292,1.7786959363774668,0.022406983623899555,11.203941294704208,1.4407532338808036,0.2817244230480416,0.09830918588070858,1.411333717499561,1.0897545182087878,0.9950221140234174,1.1545280803026232,218.23694070885395,6.504324315646152,0.5842392686995799,0.3993245414795058,0.6031640729819149,-0.5661633915163609,-0.395211368438133
8940,8200,OK,1186,1186,,39.0596716801364,0.03426053401348261,0.06982834245690221,0.25354370461360176,0.2652059421475257,0.006066651921059215,9.85405926231408,0.4789573270752854,0.07603155854222743,0.050177027917645,0.45522166457543367,1.0330359140194474,1.0453695159760028,1.013713705423333,162.8449444442881,-12.692128607325092,-1.516415548989024,0.40417030469342785,0.5872709950950674,-0.5779575717586238,-0.3971450470180212
5100,4080,OK,1533,1533,,30.036628170059625,0.1400299534728746,0.11889029126098656,0.4483164561923863,0.4844903859919591,0.037609550625388205,1.1478798121363567,1.984796203637482,0.7556438706900814,0.1879252362855226,1.6738061524230332,1.213296541122169,1.0476712043942407,1.1405488935178418,127.97111866847754,-160.58221261268778,-0.7055434075983449,0.1618509294992754,-0.68470448766075,0.6988028231889514,-0.12906841403148084
7820,10670,OK,1771,1771,,25.14682841562614,0.10412563816139203,0.032890040136042895,0.23364392858671312,0.257901897294496,0.00892958946058018,5.079722417128319,0.7453591807880869,0.16535565339309555,0.06518950480012076,0.7145540391108067,1.11777750886723,1.078017802168554,1.1841307433796193,267.77998476448045,18.713419048511255,2.4135654553827632,0.41685015788391855,0.5889006206320265,-0.5517244113972568,-0.41836847247338865
9060,8260,OK,996,996,,28.54755050400845,0.6202474912527207,0.3233065107363343,1.0094402001245755,1.2280893973637832,0.013958067708050902,2.4126613675211006,0.9197645547149919,0.14477687072152445,0.11027872157945295,0.87138643643984,1.4510099928655296,1.3698946926833226,1.1022270760237727,147.11823177103366,-21.71655960072168,-1.42709344021238,0.1721822435226618,0.6895227194120186,-0.6848320285384233,-0.16098691598420556
8900,8140,OK,1652,1652,,30.00539732689653,0.04039561425362671,0.19849656010723646,0.2641906730985008,0.3329105011524456,0.01609930923506832,0.6420823610134931,1.4473173073023822,0.4471994202269727,0.17780502329063785,1.3165347740822373,1.210716282562389,1.115978917791117,1.1120120794173833,170.38803493198176,-10.041749363671949,-1.080990635112035,0.41079587695403325,0.5870924984842106,-0.5813477222171299,-0.3854918566897214
8900,8110,OK,747,747,,71.39106521788746,0.7338603052394402,0.48399488217929143,2.339790434473489,2.4994842009573714,0.009495406854751743,11.425976973941422,0.6000666653710669,0.13600933999381226,0.1459022469522666,0.5514361431398722,1.0910445411517065,1.1039579511308453,1.0384720780838606,172.6009608231547,-9.968204755893519,-1.6727524484075473,0.4033819451411317,0.587284646253532,-0.5797055899555396,-0.39537473311191834
8940,8190,OK,1479,1479,,41.28231195166408,0.11202458349294675,0.05991325795375549,0.2581702529527634,0.28773422683979616,0.006560261945148116,7.369528039947532,0.49137285567739586,0.10211016595447941,0.07264930583099427,0.4492876631101108,1.0438322509010127,1.050289704699097,1.0197055233649457,163.35797979211551,-12.604948582603338,-1.4989274986222936,0.4035620866305071,0.5878922573889662,-0.5768310012960779,-0.3984800269527961
7880,10740,OK,830,830,,48.16064158350493,0.384745892238032,0.35341756387885537,0.7080857174094541,0.8799538392730413,0.020605712021158473,6.831493021040599,0.7921934775922727,0.15272063845494488,0.051766126161774784,0.7574641641948325,1.068739145178829,0.9789405379381575,1.0678118686640605,245.2050054822484,14.454598174100651,1.7544575071816355,0.4450528231144818,0.5724463540070318,-0.5391185615657529,-0.428467423495835
9400,8620,OK,1597,1597,,28.96368687690415,0.04758261439321204,0.08240829617562871,0.37496813473012125,0.3868544099969,0.005611833581985221,1.675333636760559,0.5527101006768937,0.1239077019922521,0.08070121585510326,0.5196262137061143,1.295315993938246,1.2433106149272055,1.0917466280800727,219.28443835620212,-7.3961504510387694,0.09263560206146046,-0.6290626559063147,0.28146683002216316,-0.29098585464716276,0.6636142184557443
5060,4080,OK,1249,1249,,20.162024788938187,0.5495031922681375,0.06554370137971299,1.1727729911991993,1.2967830288794435,0.010989311385566213,6.875130554519288,2.396698464002808,0.6488259141606738,0.2531763104867548,2.266083231623842,1.3083154083136606,1.2528920791930849,1.1601750586461415,124.55410725155869,-152.72546869301055,-0.9296117968942255,-0.041260580276723385,0.70672013527383,-0.7046539441530288,0.04803159276296594
9320,8530,OK,1856,1856,,26.789715607034747,0.09987988256327157,0.14272794103886735,0.806056368632792,0.8246660690895016,0.007446281187371021,0.11788340630937513,1.0268342991725778,0.40246921013770054,0.19425859775597187,0.9031853172081856,1.0727013298396115,0.99752482706033,1.214708624521478,205.52819149516273,-13.067319405479,-0.24980326222228497,-0.5572179149808172,0.41781228260028913,-0.4191717874294544,0.5824397860345423
7860,10700,OK,886,886,,49.24724805448152,0.3405463987392568,0.011478732653501328,2.87124395596764,2.8913916140291875,0.019549370370542253,5.442326036642889,1.0565323451855595,0.2186895549766773,0.11892795217091745,1.0181320883484157,1.0932005047281679,1.0282164494283572,1.1162699878634903,250.32810791498224,15.289755349166967,1.681528460350637,0.43561775344920795,0.5740679275816737,-0.5315288673785268,-0.445151940965383
8740,8040,OK,1730,1730,,31.992347208470292,0.22309082472564745,0.29723275969050883,1.473603054195625,1.5197443175892054,0.019274570649105933,3.195864108528672,2.067828883897055,0.6351680133709046,0.2250852769500853,1.908398034502829,1.2691942003675274,1.0906692002542144,1.2388126091197431,208.7782636618647,3.5055031179901794,0.34003205748414844,0.4241255626093995,0.5839368425517858,-0.5672028773400841,-0.3967570629352938
5060,4060,OK,1105,1105,,26.56606078746922,0.2546952875350983,0.24967409635234444,0.3701901965188281,0.5140502168860497,0.022798341096653796,1.6859361286932784,1.5104090275868256,0.53025945997259,0.13833725361977833,1.347732662222004,1.3421066268892872,1.1963895929049657,1.1047752199209064,124.89699954201541,-153.5073387309039,-0.6351563552055436,-0.03780660791811354,0.7106603514476193,-0.7005979462009372,0.051913804109321476
9320,8570,OK,1623,1623,,24.69672096875959,0.09966377992105835,0.011463348592760464,0.7388988662976228,0.7456780887253055,0.005245794930176721,8.679033597911788,0.4510241718113883,0.10599312154770835,0.07180648512729593,0.3938695062590387,1.0162263973497867,1.022059487141355,1.0887886259176764,205.59968960255063,-13.051350894673643,-0.4268384855563741,-0.5573146608565311,0.4137536394675503,-0.4237559720533408,0.5819271180919946
9140,8340,OK,1005,1005,,28.521178543418117,0.26551223843633465,0.2007012855881005,0.7127700065773657,0.7866503906262853,0.01368245084170843,3.3808089813793902,1.9310653446565846,0.4166973999442094,0.17355735460454746,1.8119146605130751,1.3904468654087627,1.4082418365337823,1.2129187926848073,153.90475393344963,-29.670907599869956,-1.5453664483715763,-0.5064736151716519,0.48562038959228454,-0.4664201119027338,0.5386182261675115
9220,8430,OK,1769,1769,,18.197013865360045,0.051911107564218156,0.05408895032263564,0.7940083023742384,0.7975396929775773,0.020675124498892423,0.21944828011126355,0.9804515492711225,0.3982278500865004,0.19584766376946217,0.8143829448166162,1.1064475250420926,1.0234640323765578,1.148998801733756,174.48525567293953,-22.59466874210006,-1.2859033289508017,-0.5691314062558738,0.3985889173697506,-0.3936375142338008,0.6018852255630271
8880,8130,OK,1693,1693,,32.447168469094514,0.020650004178256173,0.1835017359767938,0.5999839820635516,0.6277579856217642,0.010285611012910065,0.10525603239838456,2.042379138654533,0.6271684563034918,0.2990337964022107,1.9053066565570846,1.216745573534404,1.1373224826016797,1.1486590402742674,174.53875327422378,-8.583162145565552,-0.9859469449059091,0.40550705139359106,0.5916927888851538,-0.5796141194809334,-0.3866667135269426
9200,8430,OK,1617,1617,,21.15440281378904,0.245214482494132,0.016330800711999254,1.0093123054365298,1.0388013127554099,0.013008766298963508,6.194011120640107,0.7163613509577071,0.2231393036470044,0.09442283205805302,0.639647689976937,1.1395543246089492,1.0868404459828305,1.1657374235400169,168.3740212047939,-24.667611496882717,-1.5025464401731115,-0.5747125902796771,0.3923722585253456,-0.3902248197167898,0.6028880819776937
5160,4110,OK,713,713,,56.16582730628376,0.18489570933046476,0.3328156453410455,2.4562884686098814,2.485619785513961,0.02679456783263713,8.849958696618062,0.5094581729363481,0.16689726286931367,0.07173373311620546,0.4397008819480126,0.9722102548171332,0.8946435077733274,1.037890227118513,132.64817891666644,-173.7680121314941,-0.4549690799918032,0.11999664203401056,-0.6919499610990087,0.7005113499842008,-0.1268459923645765
9040,8210,OK,906,906,,51.05929609923474,0.2508516273398201,0.07193753612025469,0.8459469161956914,0.8852839844157857,0.007825326004183255,5.119874976444563,0.6702182417428486,0.2600357716425026,0.11295658797130559,0.5680437994707535,1.1329912605550776,1.0870580493663757,1.0425071222008706,147.3134709560471,-20.247404638779543,-1.628835525807381,-0.29835491726154095,-0.6401697991901002,0.6456439293240179,0.29036337247974064
7880,10820,OK,1405,1405,,31.379619742931446,0.0668163808485065,0.050668822504286185,0.21273386518537585,0.22866450472334615,0.01256653278479944,9.7129505374872,1.3683592114088134,0.24832486796511832,0.11722115940825706,1.3111990017169957,1.1119128368181284,1.0288091920948956,1.1344477094111574,246.19499100768797,14.341150163920577,1.7241802487839637,0.4421738404947059,0.5725581717564036,-0.5372885234177096,-0.43356715436105686
5160,4170,OK,1681,1681,,21.223079049034144,0.0020393984840598733,0.14164633406197427,0.5280666816498485,0.5467378378784988,0.018415226858970263,5.998372751719557,0.4986074277253525,0.1447617323213617,0.06992829137645984,0.4422870155660572,0.892994807386144,0.9314587037777169,0.9806259424174495,133.66673352497108,-176.5730254656077,-0.8234454264881218,0.12285683410034791,-0.6895961360941716,0.7028857459031094,-0.1237537700640189
7800,10610,OK,1656,1656,,19.786889793306386,0.012111553958881138,0.020814578934890925,0.2384701598581016,0.23968302730540647,0.0066476241595760325,1.024454344043542,0.605221138426387,0.15438367996270497,0.14544801983410194,0.5392912225857511,1.038580249431377,1.0427469091420094,0.9495158000905047,274.71167987081384,20.798352652677735,2.6861168760112046,0.4113603638173657,0.591049261758713,-0.5589597484880046,-0.41110512137986255
8740,8010,OK,892,892,,85.75557629966124,0.6784548226257309,0.766841184680044,0.9625128532328642,1.4052677116848855,0.028627795279915443,5.79561041091908,2.2943874848352497,0.6071830323453331,0.22277067518877103,2.176134584715826,1.257149030133075,1.0979349519214352,1.209520028579273,208.15144758875073,3.675790649354199,0.6090749189593115,0.42125492051872987,0.5902735831063931,-0.5645092300955452,-0.39427239081938475
7960,10870,OK,1122,1122,,56.70632106396714,0.04348542357384648,0.194849040617167,1.1899244485658662,1.2065559763175548,0.012824486292657597,3.6426235079574583,0.9227485903717394,0.0741032591156019,0.0682794862590197,0.9128309708356408,1.0758283393380392,1.0396380729143917,1.1627118689281994,222.71791400606685,7.804125508266816,0.7448850051177351,0.41207477698197764,0.606435375626342,-0.5551848434269566,-0.3926834641198642
8760,8080,OK,1382,1382,,59.161129868458346,0.07416760503760333,0.032526441792018926,2.1445397450731853,2.14606838689992,0.012673913979864785,12.308873274871152,1.8974124801156336,0.4660817514465889,0.3198126809598021,1.783968271161915,1.2340235716325405,1.1978319120629797,1.1423649566799288,204.96100594872738,2.0003208927414327,-0.07332741802994558,0.3940915593629398,0.600230441083705,-0.5825529644926467,-0.3808507634181356
8920,8140,OK,1062,1062,,57.49165000180337,0.14483149659882866,0.24350799289975586,0.029547352941316163,0.28486023077811823,0.013313543563784976,4.405972675167179,0.8388329346445624,0.23803554964747553,0.10583539911075057,0.770055620783511,1.0935327481981907,1.0321406741490973,1.060971945242235,166.5901151865335,-11.309924352036193,-1.1536013133138796,0.40719908448056225,0.5895250823805686,-0.5796911573075865,-0.3880814927070945
7860,10740,OK,1639,1639,,26.00651007624865,0.03928292525413113,0.22334328571942205,0.06720834450333013,0.2365213162980186,0.017802754812864353,0.8585807086198075,0.9331962324940257,0.2164668944734398,0.05438088191726642,0.8993848522830152,1.0827206504673361,0.9664673666202916,1.0802554535355866,253.23637430694635,15.701124242990334,2.07685984214704,0.44239322165602646,0.571983425638406,-0.5298780252864058,-0.4431167752933024
8760,8030,OK,937,937,,83.70419552965853,0.1790884410860903,0.9392179151644489,2.077843044817881,2.287276695285147,0.029459748060810496,4.772188822387613,1.6539735767790926,0.5492044626020238,0.1494707399886941,1.5253564220222717,1.2432234333768362,1.0558359638393693,1.1952007885079947,204.8132238727227,2.048579320987261,0.7012091198989866,0.40120701288727717,0.6029205502311437,-0.5789674226441835,-0.3745883960239488
9020,8250,OK,1794,1794,,31.05591688594246,0.11518086466790034,0.11923095006722628,0.443916566851807,0.4738613398084649,0.004697579411084662,4.759491116858579,0.8661702924348618,0.15131831260225193,0.1031500402028418,0.8400067362433381,1.2771153504046378,1.2451546140144767,1.0828872173007822,150.01886678930182,-17.902754726318204,-1.8216639343218364,0.36666160071104437,0.6070664533658933,-0.6060779129160857,-0.3601376892759938
7800,10590,OK,893,893,,34.92884309650159,0.12355219487309832,0.127763829283015,0.16742496636404436,0.24417178439168774,0.014364178642841226,2.68586452648619,0.5869438859981628,0.1811420359988387,0.1182491199719472,0.5100154063831059,1.0319071765376677,0.9760575400076179,0.890376458402895,274.5900774634224,20.920561286212752,2.796759725910156,0.41487696377864913,0.591851932737035,-0.5570622072036331,-0.4089866647540752
7880,10750,OK,851,851,,62.538260524744985,1.2829824805055599,0.294168690800122,2.9384854383868415,3.2198254510986715,0.023830397886512436,5.102432269003832,1.4658531504960384,0.2889230223357918,0.06328879861178349,1.4118651879726176,1.1262907070302828,0.9782662551216786,1.1492949814372968,242.8258212066962,14.765121181297458,1.6412966001987688,0.43934833331360706,0.5773795884417137,-0.5367806161355525,-0.4306650937870047
9000,8260,OK,1242,1242,,24.823027058946707,0.05328258872995292,0.018600643227922473,0.489089894056832,0.4923351933985432,0.012782632339854506,9.418951878084771,0.7589913086540602,0.20126693679647223,0.09653690773901602,0.6882828736814841,1.3164177849213803,1.2107825661589342,1.1134403950184115,153.7095139254959,-16.026684289623773,-1.5340126453968241,0.38928682618514737,0.597642720376442,-0.5901913582839037,-0.3780913994614819
9120,8330,OK,1353,1353,,17.623181000648998,0.1315248541372439,0.042507935504574615,0.20928934324666515,0.2508141563654348,0.01073143939652826,1.5387926275653059,1.518905257771912,0.3420485681067351,0.2599010821281026,1.4186057113477766,1.2301998729350532,1.2856578620848491,1.2819585020380035,150.55368253788933,-29.656158644734656,-1.797724516435029,-0.3872079519512223,0.5894759250991136,-0.5726948539435118,0.4178621063711135
5060,4040,OK,929,929,,35.0268950826345,0.14770880988685575,0.4625134079137395,0.15933313176208008,0.5110025360947682,0.06752834687926429,3.543571604923933,1.2865314166452375,0.646919385117694,0.10951301523187285,0.9811039858942578,1.4433596247946725,1.0870015016651782,1.1080436132560558,124.88088212006257,-153.7459136631327,-0.5003281389246698,-0.01466687709774315,0.714217470731277,-0.6975005208160654,0.05631439140872291
9260,8490,OK,1607,1607,,16.46361486163337,0.02289317738888319,0.12783469046797163,0.05010995203088697,0.13920062122899732,0.01258597177900945,6.926345105183941,0.7093992552089271,0.16789338784421926,0.07734239144697619,0.671634441367031,1.1459274736123395,1.102118677805404,1.1769662525894247,187.69075175891186,-18.043520632532452,-1.1357175900601622,-0.5614559177673318,0.40601109543112285,-0.40913604009973253,0.5937423207776018
7860,10710,OK,1047,1047,,38.78061644495136,0.05039287157354805,0.05069684658896825,0.5302098591603555,0.5350066415572217,0.013405097094235737,4.082427882649669,0.883032550119597,0.28143791530820117,0.1313177699114617,0.8035199335631771,1.1007395942869134,1.0224849448759739,1.0587157157499067,252.68608198587475,15.47366093231789,1.8181939357539947,0.44273119454427645,0.5689961299214168,-0.5336002315952103,-0.44215753567409205
8940,8180,OK,1446,1446,,41.01249536494494,0.01569588754217144,0.06684702128162665,0.3872342418176187,0.39327502231393835,0.005990748137562239,4.653032556716315,0.7933552120376992,0.159068691948697,0.1313112924765203,0.7441144912802615,1.0597715397718916,1.0803423592894956,1.0148705249838312,163.4362381446993,-12.448332782618378,-1.5129142930942825,0.40358610107848325,0.5872389539455143,-0.5777629932527814,-0.39806857903234866
9320,8520,OK,1173,1173,,34.79160631720291,0.14382522333392633,0.056449451996797545,1.1853506885250467,1.195377969633285,0.010106667880846196,2.8059419103380843,1.0298996489790957,0.1748299276063705,0.06740774120242932,0.9864445764643031,0.9705743236380936,0.922915352048923,1.1128826898062025,205.23690541447945,-13.39277762173072,-0.35378344986443316,-0.5588242580564197,0.4119577885102838,-0.42067363448141737,0.5839862347227057
9480,8670,OK,886,886,,23.14433536641636,0.17379668238728382,0.14960994757414578,0.15907712372021265,0.27909488442653496,0.014375154099381041,5.498229403909483,1.0114261267376545,0.35734357202458833,0.16557626511606882,0.874188530843254,1.1082106767911646,1.0474619326394436,1.0112937509334445,217.24706155717183,5.0986219511438335,0.4543925992874238,-0.6879892528349469,-0.16939285708888185,0.1342691354610112,0.6927832613548264
9360,8600,OK,1559,1559,,20.004403588546086,0.07672342238248353,0.18193700234120014,0.03982236200868794,0.20142834179661467,0.017596670318290663,3.930082141868152,0.3745842020404212,0.09637983167589192,0.1064735390914997,0.32384487939290807,0.9790397845514587,1.0066169957502784,0.9578909539109927,214.8536901180353,-10.426509189251663,-0.2311268475102883,-0.5728100574739172,0.3907015482902261,-0.3966472844324454,0.601591115270758
9320,8540,OK,1652,1652,,23.735370623124876,0.008491774041943276,0.04498941493339952,0.10008035611234689,0.11005560122957479,0.00880290011322301,2.705687722418184,0.7713546834559775,0.16658403576880176,0.07128042879336638,0.714472089257407,0.9831147445607314,0.9558198719543205,1.0769115865637553,206.24014080492336,-12.969843447556144,-0.33743330195730686,-0.5584321678891835,0.411924702700932,-0.423317134144959,0.5824724518040614
7820,10660,OK,1744,1744,,23.01058918634434,0.06718048051581088,0.0014108109985066265,0.6428350699005692,0.6463374772083685,0.011891146190179594,3.5288772615200124,0.7392244588247165,0.25968388426239863,0.09089045861849054,0.6528151967111926,1.2260653893403777,1.152253512894436,1.1828686159231956,268.166303751313,18.850834424547443,2.380463681284594,0.42229889564807094,0.5828384711779169,-0.5561243117780595,-0.41555831010676203
5060,4030,OK,751,751,,48.81717895518933,0.3702781515357717,0.6225742308555643,0.881206288647272,1.140714296211652,0.08377265250600281,6.027723262071844,1.2142945088232304,0.6332180822180549,0.08855775309865083,0.9077333394189293,1.4403400655695728,1.0837769340214003,1.1292175970516887,124.51110828350201,-153.08907649150473,-0.3758350037035775,-0.00978494358430164,0.7165185891829388,-0.694456310582799,0.06508301564978383
7960,10900,OK,1637,1637,,21.750900700406042,0.01955493013045361,0.18118171651292578,0.42694596633504855,0.4642112319416082,0.014253826215171395,1.8532174586059273,1.873216726251433,0.2869013374520064,0.09755260798752441,1.8454058367003512,1.0949014030278659,1.006316629051983,1.191936061500315,223.3973660160498,8.152462985860712,0.8335373407070537,0.4154376554937151,0.6068210585063284,-0.5554681847139932,-0.38811706110616373
9040,8270,OK,1453,1453,,26.2873547349382,0.001924462371439284,0.1108046130908668,0.5709095447215589,0.5815660530772179,0.022598925081022594,4.326461627402113,0.6042973964682173,0.11248146719532337,0.0863232144440369,0.5671969150280489,1.4180020616866034,1.3495301541407092,1.1241502191565258,147.3615741896077,-19.86631458356374,-1.8070739540831993,-0.2988214677714218,-0.6411849143913025,0.6505483691273513,0.2763592867657875
8980,8200,OK,1604,1604,,35.212607580659395,0.01774337429347428,0.017204348846692818,0.0635426612422978,0.0681798118823339,0.006353091396965396,2.612600319450425,0.44530988233522706,0.09785012028307638,0.07634672393864683,0.41452595747877297,1.0316969707950538,1.0390772434228113,0.9937521378278287,156.17029478477428,-15.044613043632319,-1.5986547030366676,0.39260897127726757,0.592138669244051,-0.5877230331102034,-0.3870550715469735
8860,8130,OK,1786,1786,,33.37346307679398,0.07721467849197146,0.06471107965958364,0.3654733874047942,0.37910477088327743,0.009640047130878543,4.352721293310727,1.497443926288467,0.3072777281365995,0.14501737835186979,1.4434677431897436,1.1355151116397861,1.1116431848941424,1.0811140952151026,178.47195049221534,-7.114990253376913,-0.9718189700325545,0.40416225703295233,0.5937265243734777,-0.5762110784240699,-0.3900288160466998
8860,8140,OK,1677,1677,,34.24969134780649,0.040153033375337044,0.011891434238822038,0.9673842297893973,0.9682902046095079,0.009290125214527208,7.854385795098874,1.0880761473492861,0.2328204967387706,0.13312245553659308,1.025149279552286,1.1287142359636158,1.105786434899893,1.0562861673781496,179.07588076619982,-7.001771758779238,-0.973698349867293,0.40340334064899286,0.5949183400053488,-0.5738410785246458,-0.39248481508993976
5140,4150,OK,1689,1689,,28.041120622738944,0.07245763670440031,0.08395979887110303,0.7864113595494002,0.7941927872825332,0.023781827891513684,7.165233279398984,0.5902288257966398,0.1244180238450453,0.04660938948533966,0.550286389107459,0.9446575655868946,0.9281807475851157,1.024351230423869,131.4033703805175,-169.88302049460555,-0.656899049823495,0.14940726994561007,-0.6871092118963414,0.6980797095681852,-0.13506708593801262
9360,8590,OK,1620,1620,,20.360815994713455,0.027015006855125895,0.1168197596217186,0.097923390616518,0.15480845346199212,0.011519060484519417,2.6627489547157848,0.3055003638156287,0.09895669595702503,0.0957413308457683,0.24840880813487587,1.0262543428526523,1.0758429236137164,1.056215827610651,214.66247450684733,-10.347478873298849,-0.170974090980122,-0.5728480757961343,0.3891468188301663,-0.4035583069946785,0.5979552895548436
9380,8620,OK,1160,1160,,34.59622608041615,0.23304353600446204,0.18752266796620853,1.075775525386585,1.1165872208186027,0.015071413335546973,4.046976823885631,0.7315792786755311,0.16502661873856905,0.08104717745112566,0.65311316421794,1.1905558642594891,1.1827435424633663,1.136845626366587,218.08595465254564,-8.520866300154577,-0.08237920267503471,-0.5900431208100788,0.3599108696476579,-0.3680549951948401,0.6219717051492741
7860,10730,OK,1188,1188,,39.22109441167538,0.15142083662563133,0.32244478749589706,0.484357572397051,0.6012496725038983,0.02500788860829843,1.2490893361969513,1.9256397384294242,0.39057138539035874,0.1542167338091307,1.8547601906456506,1.1792139461010314,1.058235863058256,1.1408060672550013,252.6693600768218,15.671776423312677,2.1220180096459074,0.44051511125971116,0.5756289234012841,-0.5286922793740808,-0.4416811667096096
7820,10640,OK,1603,1603,,24.13895390736224,0.1284011269189675,0.21620281067364988,0.7605246737001724,0.8010170310573931,0.008851780145927262,0.2407397572577508,0.8562492892839095,0.36391405281985945,0.08214077525978314,0.7155462581853795,1.1437993404410858,1.0230352457330145,1.1206797760000509,268.28951212562015,18.814011069634123,2.626124431008011,0.42421049112746195,0.5861519218059922,-0.5499257046545747,-0.4171967199543985
5120,4090,OK,1170,1170,,42.198715092385086,0.47609499235743385,1.6815789388676678,4.5240114855060956,4.84985093486204,0.023327980962600525,3.1987174934911886,1.9725753036322922,0.739452201595352,0.2413650933309816,1.7558573782878035,1.2341301764567556,1.1278595971215843,1.0972526794223434,128.49332353768597,-161.31345371866786,-2.5934111316136965,0.14532933627305403,-0.6792450541553781,0.70530984076666,-0.14157531190712558
5180,4150,OK,1068,1068,,31.53931988069887,0.04807387088969661,0.07951314217303432,0.34923502851504296,0.3613842027295206,0.015208061501835554,4.50756322543602,0.57013199672076,0.13520112418587615,0.0866102495217198,0.5086885487245709,0.9065901873558492,0.8941680237504581,1.0204832089109477,135.25503972193712,-181.35348836548957,-0.5499097981675428,0.1294457042783092,-0.6878402813565397,0.7031627321335396,-0.12522671091162904
9000,8180,OK,1000,1000,,55.0499818946411,0.09233733192614553,0.21166799214598336,0.9191608474283219,0.9477268515830403,0.010171595969780274,5.853396900496309,0.5383016613201681,0.19746952303536824,0.15307303592775412,0.456000596297117,1.0483069706433208,1.0302743582038554,1.0306484014468047,154.09086215207475,-15.813268339200679,-1.8268143670763621,0.3836863244628477,0.596624426934032,-0.5905266654024086,-0.38484068788856
9020,8240,OK,1604,1604,,29.841982752692566,0.05682762211382675,0.01410749826588852,0.32012291908378865,0.3254336852035447,0.013214349583627273,3.31805452733528,1.1392928112007528,0.1484342335540485,0.11635504970069266,1.0929530501399967,1.1668734110951893,1.1577355949101704,1.1125089044866343,150.0425186752731,-17.66568181226195,-1.7055352164773094,0.3644892078706454,0.6088786602139402,-0.6079025529814926,-0.35618658110671464
7840,10710,OK,1639,1639,,20.019371561002615,0.00789384201036783,0.02232460967178647,0.2691312112467621,0.2701708900045146,0.004242445838514352,3.312911301299613,0.47477831214613,0.10406954882137959,0.07111682277998443,0.4431847296975664,1.0566048870644287,1.0346382519526127,1.1453162430375805,260.66505501592786,17.121112412093453,2.109010451257594,0.43666746787210914,0.5712115587193359,-0.5445662263040073,-0.43184083046488303
9200,8420,OK,1731,1731,,18.00735313929287,0.007586812908661533,0.08173067083981474,0.3850165252010296,0.3936688798519794,0.025104568990941052,2.9279004727558076,0.9504885686152189,0.25086665386814844,0.12659422625478411,0.8802110107182548,1.1785141868643159,1.1235970149043903,1.2283122872734287,169.07770077234483,-24.72278552197999,-1.5741092621360124,-0.5722313445004695,0.39206326864842855,-0.38301608776301815,0.6100298011266392
9300,8540,OK,1345,1345,,25.391970855426102,0.10919283819410969,0.06295868125406726,1.0922582420445082,1.0995066797306396,0.008839255062387351,8.826620180786497,1.032150601368793,0.15700282494727125,0.07621138633805558,0.9819271105604548,1.0370187856918072,1.010525389689936,1.1021597622939636,199.35165817357955,-14.73386476828333,-0.5684346929996573,-0.5503501228234957,0.4223450314544642,-0.4206183060950047,0.5846534505941617
8880,8100,OK,798,798,,70.31984119010235,0.06585301679320876,0.09857814198142792,2.8917032201542607,2.8941323023227183,0.012100539206918825,11.03713882956364,1.544149544793007,0.437990200424595,0.27221392817221957,1.4220032930364734,1.1698032147133182,1.1192254547880318,1.1216744920590391,176.73122631547616,-7.899554551183392,-1.0683601891687342,0.4016243132370359,0.5935704840366429,-0.5792511794340364,-0.3883813366031671
8920,8120,OK,766,766,,70.32253920725546,1.0654897038862554,0.450006294886375,2.0871509194935083,2.386204713612724,0.00835562170079575,11.523999917477617,0.6500789107991654,0.14961971571767152,0.1348274575346935,0.5989318232120979,1.0592377772117383,1.0521217674566625,1.059728230352831,168.92751555608737,-11.61846460892944,-1.7426614067593609,0.40461919391085177,0.5872874758532052,-0.5770456040181989,-0.3979888183205346
7960,10920,OK,1642,1642,,24.024226055978772,0.06520452866188135,0.07638234255123266,1.7093741638878672,1.7123217936413053,0.01963495649215571,5.975006917262659,1.9815766063231701,0.5253704642776889,0.22782196957513412,1.8749650083107952,1.183797951479111,1.095617768373964,1.1833512727135302,225.41505022729052,8.853381170165099,0.9669264221995584,0.4125732428072173,0.6094550820454175,-0.5530998244952617,-0.3904208068633905
9060,8270,OK,1525,1525,,23.03517607925953,0.06241082388032826,0.023082110678520888,0.4270876453292233,0.4322403863172173,0.015249833379765149,2.062918194328825,0.6930709336458275,0.15701541196681434,0.08828636146819557,0.6238503122565255,1.3886309341284104,1.3729800241049586,1.093537695535935,146.26560720006066,-21.890987847348065,-1.6988873784731675,-0.1726642798899589,-0.6855475114845292,0.691428562417832,0.14878910921254085
9400,8610,OK,1813,1813,,27.229145174477804,0.025367453114970823,0.02239104481340485,0.2756333658782639,0.277702392771033,0.0041526475965187526,0.2453997338718747,0.9052938480666319,0.16174018934369394,0.11962551877345262,0.87247905142166,1.111526167540696,1.058685138250565,0.9882777388155493,218.80959501168107,-7.847887283484073,0.12709166135103683,-0.629702315861902,0.2817359946095327,-0.29452124385287565,0.6613297661975377
7960,10890,OK,1881,1881,,22.927018100236996,0.06658181265015232,0.23768884734520918,0.15303812329282981,0.29043035844943194,0.017534140117239878,0.02104757762876017,2.0020540375848848,0.48910963239243976,0.21193527650319277,1.9037936479017787,1.1194060433213853,1.0293905709616642,1.168505432632681,223.63625165972334,8.28095859153835,0.8875081862815082,0.4161616591742199,0.6074431716819643,-0.5555615859184836,-0.3862299714704382
9440,8630,OK,776,776,,30.52341901446802,0.1265236006319826,0.1932746413078457,0.47051724762333835,0.5241658027767547,0.012695075832296166,2.8561478804635305,0.6960983393043412,0.15471448407742516,0.08009857204762769,0.6504676780678995,1.3994252544902581,1.328585021174283,1.0694960411830499,219.95168116028316,-2.7331484742277006,0.5117652764085591,-0.6939993440439518,-0.019264696410525854,0.008484116790050145,0.7196678412302911
9340,8560,OK,1876,1876,,20.6059606338358,0.09459611525576025,0.0030988689182164485,0.006219723083844109,0.09485100402891405,0.00780401519931377,1.8586637427410428,0.3547888020622078,0.10305582546890135,0.05689429568131876,0.302844729897501,1.0140027194045134,1.0215945594036862,1.0836824471339759,211.18787249063266,-11.414108509917305,-0.190403527562085,-0.5607259366243382,0.4090286288765042,-0.4194237205239987,0.5851202845723026
7840,10650,OK,954,954,,47.236368044506,0.285035028736113,0.12076127529000881,1.064739273495583,1.1088272966247574,0.014780235206339877,5.533012166936327,0.5997170497401131,0.15218074131887382,0.05701522314917162,0.5512359789440957,1.017582682204145,0.9416839236880152,1.1245849320919534,259.31904928379015,16.973582263774738,2.117801115396852,0.43356951346524986,0.5762639406922285,-0.5443318196648576,-0.4285326332401247
8960,8210,OK,1472,1472,,36.90061514348682,0.016444881417984947,0.12143198262853575,1.112535776992969,1.1192640508920573,0.007526740146739402,8.159906461729532,0.48123405347778403,0.16012492790179678,0.08512741525786316,0.41178907631795747,1.0672638546874456,1.060275249841562,1.0780235825779274,158.3923547475982,-14.229490615175797,-1.6870351352535176,0.40487193356947265,0.5848720232333234,-0.5812805385644271,-0.3951156404559618
8880,8110,OK,942,942,,62.272446356340005,0.4325836729125807,0.031059347995344787,1.0679767827787021,1.1526785005901607,0.014629820130450963,7.363650695887892,0.9469363415584677,0.22111413734071794,0.18571011861164433,0.8858106333158311,1.0927682672642742,1.0987188803745418,1.0389909030493927,174.85102495925682,-8.118892230635279,-1.1456345856083576,0.4001362506272152,0.5929758413211178,-0.5817257819231341,-0.38712497618911784
9000,8250,OK,1443,1443,,38.24192299282532,0.23546013190945025,0.15111385959834828,0.5906521005737924,0.6535646687159262,0.0089981001005976,7.984369137664631,0.8219146795224317,0.11654681351192842,0.09848129929183835,0.7898188632931995,1.2501032965049437,1.216349488578943,1.0897548944422222,152.81262456497294,-16.645636166945586,-1.823043078932255,0.38586687531459335,0.5946085619227567,-0.5932172386582145,-0.3816290350351062
9380,8590,OK,1870,1870,,22.70079044368642,0.09108566459550543,0.0809206106208568,0.7168612810325075,0.7271415541430877,0.006657270111860045,0.13327542824664426,0.38492530927193885,0.1931204499280783,0.14727084063266105,0.26933742272231864,1.0368551296534052,1.0388862498916422,1.14061802910184,216.5229686990283,-9.445774471548335,-0.05002514487163849,-0.5884116702882086,0.36049996161640746,-0.37394029707784926,0.6196613092363754
9180,8410,OK,1539,1539,,22.415914397954328,0.0784831251378026,0.12211548674004004,0.6078691144365642,0.6249613214584129,0.02277811459808015,5.540728332133242,0.6915583352345205,0.1868081864886666,0.11036203081449647,0.6252507937492706,1.1501696246330886,1.1113208171344726,1.1676122989669262,163.43562872846755,-26.857139337533994,-1.7656612558935698,-0.5727233111560389,0.390055057578138,-0.38283738951237245,0.6109669337268021
9120,8350,OK,1012,1012,,17.250638832000455,0.8201715508287164,0.4446309717785384,2.418729701227572,2.5924180684168068,0.0339378195425949,3.0108200851915323,1.734121056235162,0.24210538983149932,0.24142629069999644,1.6164081416705862,1.1953300169828867,1.3822675695666071,1.1957777043783056,153.26893293309323,-29.963993565729147,-2.1754185591344224,0.3923535562472275,-0.5756489410793242,0.5848622212953041,-0.4154794406898241
7920,10850,OK,1727,1727,,22.894663196208413,0.0033708167126466626,0.2576763505092381,0.28952495001947254,0.3875992269095077,0.014318463393953177,2.671879390457905,1.777279167407157,0.34546630546356605,0.13122988806866598,1.7208527203525215,1.1176407424565273,0.9996873699803192,1.2026047034799057,233.3481963631239,11.290417881589086,1.3365029793114434,0.42603739646074773,0.5873374522929914,-0.5549244674102942,-0.4069222154421249
5140,4100,OK,831,831,,46.47677610661759,0.4573267965005954,1.3151251444406427,5.828361626436493,5.992370248312011,0.028846760014619426,5.829003548798497,1.2157248543218317,0.3102715533855718,0.13738204919277286,1.0556215032681617,1.0930198011015781,0.9910475882951634,1.0783505658153254,130.06542270785516,-165.06650808842787,-2.2089452892695842,0.13502859775689935,-0.6802639843192125,0.7073759931983357,-0.13648221009576264
7980,10920,OK,1601,1601,,19.279669217156034,0.03729931386341104,0.2664608539326995,0.9836930799014345,1.0198258189216405,0.011775170575733388,1.86177547913295,2.2522980373680377,0.6443909258153706,0.25443407963151143,2.1186338409858845,1.2377453351415868,1.1100904336442095,1.1701446580635757,220.84148878612248,7.231630141359037,0.7860474583304912,0.40378071275675986,0.5983862421770826,-0.5676469114084346,-0.39581817182552087
8880,8160,OK,1251,1251,,28.93096087314475,0.10112793848627544,0.10773903607550059,0.868435254135143,0.8809167670454072,0.007847904519255338,10.102370015226391,1.0686823842395599,0.24370491213078838,0.19366232478152945,0.9989536480094028,1.1046892441718248,1.1137570572978464,1.0831095704087415,174.82069169679687,-8.532577855535166,-1.2632954688702311,0.40175932888686405,0.5915689147289349,-0.5800849600318463,-0.39004756110461447
8760,8070,OK,1579,1579,,45.71749351725283,0.1695405095225433,0.1508711076750488,2.186531068121978,2.1982775501202974,0.014330358835926309,8.694323532872021,1.7382834043340007,0.4274609990216831,0.20714178874789702,1.6481807835969207,1.223292031520769,1.160114179130848,1.1298736692945917,205.05461024664191,1.8600700172139317,0.13006191325205863,0.39532052466984374,0.6013143195496795,-0.5801723060353107,-0.38150080889682936
9420,8630,OK,1862,1862,,28.68430894589445,0.05632198291464849,0.0017489318653051821,0.07599700538430754,0.09460850569314529,0.005503888425800024,0.41177613299085886,0.5034968684445763,0.1272111845916145,0.06817255946595069,0.4570155352708678,1.359899288407197,1.3008478145915454,1.0525603016899487,220.0464722754073,-5.228714988233771,0.2493199572900987,-0.6779034737424042,0.13507502147840905,-0.14723861980057829,0.7074760827758133
7940,10870,OK,1538,1538,,23.826716066275882,0.06227945031088923,0.14678059818284273,0.644039943997099,0.663483777795453,0.007197271066695734,0.8370366331715968,1.165285404483032,0.14096843781515478,0.08393886793074135,1.1446923843871204,1.0924366876519036,1.0277366124337013,1.201140107609361,227.41250485353268,9.5111978133629,0.9452234503427408,0.41390155708365495,0.5915576214096372,-0.5630830854135994,-0.4020976504743587
5140,4120,OK,1482,1482,,29.481162395530596,0.25543371592443553,0.20009894975078218,1.5291661271252692,1.5632130428286564,0.008582591940389472,0.47253924630258054,1.5025843238329704,0.45348322844334066,0.2529374453182758,1.3670895121410487,1.040616853092649,1.0073552737104334,0.9949501782082811,131.46780180211957,-169.07533142207336,-0.610965286935146,0.1458076433814254,-0.6871800480768425,0.7004282782544163,-0.1261900934234434
8780,8050,OK,1066,1066,,69.47815930415508,0.12533484861877564,0.13946204787001187,0.028813221068735295,0.18970684959364198,0.022369150030233882,3.4232129638892306,1.6991206055380053,0.4904958726490447,0.2748297850466739,1.58731848134354,1.1497833767316856,1.0836542412518564,1.1100089091035121,198.13618180573204,-0.48660868905205035,-0.2590655283391148,0.41352060389930984,0.5838965747784741,-0.5813825139784912,-0.3873756220424375
9380,8580,OK,1296,1296,,29.566679828187084,0.05039343080255415,0.10412144388929759,0.34342539696198227,0.36238346571572366,0.010157820840188535,1.3628979993287451,0.4831565786161744,0.16288006057393556,0.13319115495677192,0.41448213870608885,1.058554003990436,1.092435933884545,1.0652073436718297,216.8727723433186,-9.308329447335128,-0.04721023156331566,-0.5879061371277375,0.3596692617814623,-0.3765879571699754,0.6190201180669855
9100,8320,OK,1393,1393,,16.799433075826343,0.20198793201236975,0.07877892692069444,0.30305778388101334,0.3726248305954406,0.020261474548836117,1.0459794940248448,0.6600667723853897,0.18803742171959126,0.12017989120237915,0.6126052447443162,1.3336490238258976,1.3633353956253587,1.020928628229279,147.20391892999822,-28.277240482085745,-1.8439641951950354,-0.19426831403182332,0.6825364167831734,-0.6643046386077864,0.23474072729758125
7980,10900,OK,1262,1262,,56.33239867850419,0.0010044881840986786,0.433490376559456,0.8884654683744095,0.9885776671865139,0.026354784842732046,2.2603261091978246,1.9962671410023478,0.3972031187563576,0.11851691462651637,1.928964223401147,1.1054120304834243,0.9774072210521606,1.185774251958619,219.0811924191966,6.575795992042615,0.7995085108343318,0.4014921847484114,0.6040191967332857,-0.562898861670445,-0.3963706688110778
9280,8480,OK,1085,1085,,45.358866580877475,0.15505988104817453,0.04834117858640767,0.40038692623017313,0.43207652904762495,0.029607372995904827,3.051706407333655,0.8096791434264309,0.1982376508237631,0.14890420085517286,0.7555155686981729,1.1187380200096309,1.0679128735306878,1.1666725099918087,193.70751783023965,-16.457751167275706,-0.7616348250752911,-0.5537343609132804,0.4183357509715253,-0.4088067732699029,0.5926638837753664
8960,8150,OK,791,791,,66.28145461713662,0.12179578026366031,0.003478150923520343,1.2312258410225079,1.2372402277752945,0.008476075288048652,8.57033664078704,0.5913242390226358,0.14937727362894426,0.08420006560681426,0.5380129891438443,1.0061383706915978,0.9876627778594196,0.9818763378956818,160.63960467231286,-13.560571258243378,-1.5129943119083573,0.40414095703620856,0.5881628026746656,-0.5769961789633191,-0.3972530853970417
9480,8690,OK,864,864,,19.59893741321578,0.48203423051153593,0.11814279270670311,1.401303426832608,1.4865954435912272,0.0998124701091178,2.31438929259403,1.7700142063838729,0.18257374533057535,0.28522540978023486,1.700021741708003,1.0688087340829004,1.1536856522384413,1.0345188926149453,216.9854055583806,6.799079291277053,0.11851993997350507,0.6890643021053496,0.1689080051510826,-0.17606068678287556,-0.6823951259567229
9460,8680,OK,1401,1401,,18.60310576616049,0.008824600320289172,0.010831695964540818,0.12104709326949692,0.1218507201344144,0.013685605598243878,0.6294374518455311,1.8039824073438573,0.4354234643753343,0.3403304331818715,1.6721369192843198,1.1934391388965713,1.1597622480932273,1.0420309962257115,219.09296703377439,1.1521038784297806,0.35498884576746276,-0.6901147134624138,-0.1304155111099484,0.10388626442691161,0.7042308717942171
9040,8200,OK,747,747,,53.241622827913844,0.20347861591353034,0.11521787257315144,0.38839918068027757,0.45335706550960453,0.006399802839045326,7.18306770589174,0.666986393089176,0.2691101215388678,0.18280133292735024,0.5429976332788109,1.0971660266971213,1.0701320815550766,1.0070266149797438,147.6343378317025,-19.913073617418434,-1.6049383784064055,-0.30045924769268767,-0.6401887149489008,0.6463133391405097,0.2866386529710597
7880,10770,OK,1313,1313,,32.803460217378834,0.30342241997994995,0.4617988908953401,0.8718049943567714,1.0321663280518627,0.032145583284628354,1.2753679897638677,1.6067459419516892,0.6918961013439677,0.12761704032704424,1.4175181196729358,1.2971757103186052,1.0306319426559192,1.0568487780382108,246.7317975217839,14.778088038166846,2.051572684798547,0.436014135551444,0.5803581960605243,-0.5380218456758058,-0.42849566093520775
9200,8400,OK,876,876,,59.142864638474336,0.08066453253634531,0.0037369989048217506,0.6221559897210738,0.6273745352785134,0.03600432979727697,3.3793657522591043,0.7854476193118658,0.24369043028303938,0.14402261920928172,0.6854288409874627,1.1725094828422469,1.108959464985305,1.1929771929120274,168.88099611160214,-24.87211406052971,-1.4655043022689236,-0.5703740705240651,0.39505237456985837,-0.37915357841859637,0.6122496263722
5160,4140,OK,1297,1297,,28.637359015400886,0.033678654763132976,0.145131982159118,0.5990890985683159,0.6173372595716916,0.014415772215901112,1.0661149445609044,0.5319774975554581,0.18738988051511718,0.10619490444652213,0.46151299112167976,0.9485087384611647,0.9195866242458443,1.0113465739219745,133.3950139017804,-175.4696105179562,-0.5659932380045279,0.12300184013951763,-0.6924644565772687,0.7007056178142971,-0.11989645892571046
7980,10910,OK,1667,1667,,32.68681722172252,0.20885351373268451,0.48041177398239415,0.2734142981717013,0.5909066264852033,0.02368528725893907,0.2543469856327334,2.111112956392624,0.5730393759123078,0.1514860691663929,1.9825967286844008,1.190383954688734,1.008337020987509,1.2069783348928238,220.07677814362722,7.2023696884241994,0.9478208118710998,0.4063664422069659,0.6002544282712183,-0.5695096131835635,-0.38758190938220166
7920,10830,OK,1230,1230,,27.40627594335602,0.11086637678851707,0.33240063160030786,0.6715815049811206,0.7574980206067894,0.015560132936924266,1.4069541036029147,0.9697443535102322,0.2846414105502735,0.12835200255749757,0.8963782121929755,1.051123578987832,0.9565117162005341,1.085667494243396,233.74479627675777,11.288389680012523,1.3772014224840918,0.4285025952819752,0.5864822625135789,-0.5524010433520281,-0.4089953164733749
8820,8070,OK,955,955,,75.4023072405532,0.6146043717211627,0.3593626538264937,1.3564429967347422,1.5319326532503683,0.02059686254473,7.526461806099701,1.5177952294339963,0.4212608711975916,0.23868228484461262,1.4251728837420803,1.190706453581372,1.1266874285741246,1.099433772385388,188.714985467136,-3.131117942622117,-0.4675798082515903,0.41301358648241304,0.591183591920961,-0.5733382825920026,-0.3888508091014059
8840,8080,OK,811,811,,73.50789884268212,0.4493071742723429,0.228547978659361,2.1438957291034075,2.202362370880348,0.018108406930373966,9.1929206640163,2.17519673571109,0.6221201473227927,0.3692348314638584,2.028344221142992,1.2530219648371763,1.1930817568149166,1.1654541956326474,184.51248914609772,-4.699129706292474,-0.7288143466356289,0.40864929610246997,0.593022350160546,-0.5743321670983383,-0.38919507556127264
7860,10690,OK,885,885,,48.135459405879665,0.11259552769367048,0.12912234210896242,0.7634144856514284,0.7824014372371482,0.011199213523181642,6.741821979368362,0.6329442779265004,0.1796915801132568,0.08160722571374279,0.5872921868291363,1.0874999185160208,1.0244882144313618,1.1018805367139262,252.47267940713266,15.35451344885686,1.862532577563963,0.4412921844475935,0.5698277262478706,-0.5323303577762368,-0.4440517543423025
8840,8100,OK,1272,1272,,45.4785013886716,0.21512502082577661,0.11254818830307142,0.5185786488869997,0.5725990607371448,0.014366490414752573,1.8760134678635785,1.3722943312511324,0.33017590506324224,0.23192366446004398,1.2944335583404012,1.1203994729557674,1.092546898220477,1.0671891951242243,183.05802608837817,-5.422477176165687,-0.8116525775868418,0.40945278055897166,0.5901159726636206,-0.575706028029821,-0.3907353690030153
9260,8480,OK,1630,1630,,14.120231685225328,0.06853326821826955,0.0895980986226816,0.2517780023298659,0.27589271571880075,0.015845232938112776,3.6134904170856292,0.7592018838197859,0.14035122875530393,0.07246243305782363,0.730782187327434,1.0839317362897658,1.0516296869168873,1.1035685019405315,187.91171387499585,-18.06840685112854,-1.0729326641988017,-0.5619770573157802,0.40561877361970483,-0.40710179969528887,0.5949145503539143
8960,8160,OK,1012,1012,,55.18359374658597,0.11049517332933437,0.09374775705164354,0.42625197033872997,0.4502094706899702,0.010812996685561599,5.303679414735986,0.6734717758472174,0.14615410716770638,0.11364294067323866,0.632292258052134,1.046127168485986,1.0325482040229694,1.0263273444882646,159.87709851887266,-13.816166161041057,-1.6028461125707658,0.4031660982764366,0.5874304553944184,-0.5768305974213701,-0.399561033077759
9360,8560,OK,1199,1199,,30.321365678481538,0.3792210774043253,0.24312311969282896,0.6347776204122177,0.778370158891686,0.012275838185476248,1.879327504855206,0.667040440127785,0.19540655102345106,0.10263271513406114,0.6250769580289823,0.9759045267683798,0.9931671905535059,1.0839556068520366,214.28955357269973,-10.892830681045785,0.17163168967493914,-0.5735956020055578,0.3899361789047771,-0.4004229103265937,0.5988316580029849
9340,8530,OK,936,936,,47.8212759454752,0.10988532775352025,0.17305881455291955,1.1579237293938585,1.1759300581426355,0.009773068380952517,4.99151723268869,0.9396520556262784,0.16192365082295468,0.06726545015751828,0.8734871942149951,0.9954217150505158,0.9434994983709468,1.1182849147519855,210.15135609271476,-11.955817505329208,-0.05587018313963313,-0.5613589131011885,0.4086737486019572,-0.4122729103092915,0.5898245377318438
7800,10600,OK,1201,1201,,27.47242497842621,0.026244359148394347,0.06894057516961383,0.5156448971148309,0.5208946431020304,0.01508701769464164,0.9423155002104335,0.7978041354219234,0.24867274620586288,0.17476588767417178,0.6955522803282168,1.072283995618827,1.0159589203624342,0.9522163620916699,274.9571275090708,20.930346356929746,2.778461734165109,0.4112954672293761,0.5927250077348389,-0.5554609500931688,-0.4134927287920536
9400,8580,OK,1043,1043,,50.21307677911091,0.05619950201109758,0.2607939663667263,0.43110452532275545,0.5069743471551029,0.019826786652790723,3.7600722634727353,0.938009512501416,0.32983457210038303,0.3072433458710422,0.7300908565369522,1.1669969533175988,1.23656211891649,1.1079934865098398,218.7356917093597,-7.966984169681421,-0.0848413629778258,-0.6265060596425645,0.27932689507752484,-0.28715293425672506,0.668587941310079
9320,8560,OK,1704,1704,,23.414076394922528,0.0628329598854789,0.05800286123739129,0.35011630923093584,0.3604077451293001,0.0034384131734816314,6.953543403435722,0.46474783663143127,0.10960935535844207,0.10651957122917399,0.4063333053256297,1.0004154613990703,1.0000584791592981,1.0744680248466472,205.98121544280514,-12.980866332438293,-0.32027816324071506,-0.5579138329957223,0.41458821217501735,-0.4220725681048772,0.5819824022519049
8720,8020,OK,1118,1118,,26.264503812299584,0.36757799519753476,0.5620112502869122,1.1346616832275185,1.3184943547043357,0.024940230692648554,1.4888443467470838,3.32373343891203,0.9951275179306901,0.3206951727427573,3.100912226060329,1.4447523502772797,1.1669404571481408,1.3046151061583944,212.81993243317473,4.3139725203154216,0.764689982834739,0.5051018025445762,0.5196138995146043,-0.4913340916879214,-0.48318151334943654
7940,10860,OK,1480,1480,,27.24988233065725,0.08383941428977457,0.20783401879445626,0.14338210182177946,0.2660497206905844,0.012427880733022012,0.8385709051003327,1.2515870545990753,0.2551983849122438,0.10506651997536287,1.220567992698896,1.0696849366967307,0.9833322887779912,1.1233829206580863,227.8774807411845,9.686636819047866,1.0152381937421286,0.41530414596787,0.5929052453862875,-0.5622307623073164,-0.3998529807950144
5120,4110,OK,1663,1663,,31.545528703185443,0.038973558582312995,0.06395598985786931,0.5841916583779345,0.5889730050058578,0.00711195606700799,2.234974284290182,1.404179771777157,0.43939233817519074,0.12277392145234167,1.2115928807238472,1.2136476718081046,1.1049329538538075,1.0637247342132856,129.68395831614632,-165.02833370606402,-0.7621044025349323,0.14706262907367929,-0.6865882571127021,0.697904184768293,-0.1410634509991298
5160,4150,OK,1748,1748,,25.905232863152726,0.045679322367670416,0.006441455822939982,0.31057758995478957,0.3139849235667436,0.01804912516148102,1.48711100520096,0.6478185852384228,0.14333875754485392,0.07175468621639247,0.6024990203109901,0.9403500129108856,0.9274726211147414,1.014953650488409,133.38609980763775,-175.77636952063574,-0.6887925783749994,0.12549241598623204,-0.689990986872136,0.7021667127343895,-0.12298780058581273
7900,10820,OK,1654,1654,,27.150703873046634,0.0167506911122014,0.17178587555003239,0.2991112082383771,0.3453382220158223,0.01597648548338778,2.658395940576861,1.3674160927336239,0.27553524763974857,0.12572309128700632,1.2993285154327152,1.0918812270194003,0.9978100854952869,1.0772285801198593,239.39775763246448,12.870010496003868,1.4880923366400465,0.4354215256487387,0.5807569931740434,-0.5455175557337277,-0.41897494706422267
9140,8380,OK,1231,1231,,20.60859084827958,0.035660007111398384,0.01828565032676733,0.07024511675779621,0.08087260069624454,0.01749006443699032,6.5463257869189375,1.9593849460251989,0.36605585857813405,0.15306724537470318,1.8960340634129533,1.372755665052113,1.3208306825704652,1.19838951748403,154.55105508728133,-29.84450827870001,-1.7225444988382268,-0.5033770820495704,0.4911322139560217,-0.47103103791849443,0.5324757487429285
8840,8110,OK,1942,1942,,31.903068861745083,0.18182732336194002,0.020154022130247085,0.23993001601644393,0.30171803511663836,0.014938984301972304,1.828318973332346,1.2040390279276973,0.3323149635130873,0.2371102019808104,1.1133316283169492,1.1296671359689008,1.1085415300808072,1.0641353937634979,182.8061787381777,-5.529456242491045,-0.9343106040070844,0.4099973438101607,0.5889345859186441,-0.5764726914565049,-0.3908164116082401
9220,8440,OK,1798,1798,,18.077197196289102,0.11223963238991254,0.005176860997248848,0.41436008262758994,0.42932366932647764,0.01186164441879923,3.304374747327614,0.632866715079808,0.18544224148163369,0.05880172766461583,0.5584382311418605,1.014444682347285,0.9841639154356885,1.0812738253369387,174.80632767960884,-22.367023231351222,-1.3361484659815428,-0.5706146146505423,0.3940365088712531,-0.3980525653972391,0.6005733480637021
9240,8460,OK,1729,1729,,16.881822778686825,0.04220988200496126,0.08416909157010878,0.18687655785804047,0.20925811332294778,0.022431943816585954,3.5515225656946416,0.6542599933979888,0.1388728164068549,0.07053686740797432,0.6190442314422793,1.0546516150760286,1.0217518906051177,1.0979721114828787,181.53797929936258,-20.111914631631006,-1.2600018712961123,-0.5649081187178098,0.39883756695001493,-0.3975913592990224,0.6030990993251878
8720,8030,OK,1146,1146,,33.57589598640046,0.8052342755082091,0.6099800121770418,2.3961524988656944,2.600389326914154,0.031050905148558485,4.477660232772952,3.1580285138447857,0.9988021769361981,0.29164088853954917,2.9072781864692665,1.3814614873605948,1.0877916058953128,1.2232958808012888,214.06768996261616,4.753374874510026,0.9820033493968902,0.5103958974276945,0.5182784746012421,-0.4911278890036211,-0.47924612392468524
9080,8280,OK,963,963,,24.682292175309726,0.8539799866537563,0.6698977185225053,2.0175180242016038,2.290943855458957,0.02429029515737624,3.152486647810257,0.9570390302782636,0.26520013183664526,0.19513145775425123,0.867769730364822,1.5268774963433278,1.5001066153207783,1.1690542368709163,146.69607634042083,-23.558606088705424,-1.0129591541100231,0.006188433003130845,0.71266248482226,-0.7009025225084873,0.028452415805470185
5160,4120,OK,819,819,,52.81923676564992,0.167018275259059,0.12693018334668893,1.753111906183169,1.7656182292092817,0.022587318328204625,6.1684989572072055,0.641661320562115,0.21152884413625705,0.08841298361120353,0.4959988279406402,0.9403917091864492,0.9025045687522518,1.007162540001524,132.87214243368737,-174.43388265285083,-0.604815679919853,0.12074667687902825,-0.6896409903078106,0.7028706313013223,-0.1256519803425896
8860,8120,OK,1912,1912,,26.81236917624867,0.12348566820673754,0.09106741430890136,0.4939022804648472,0.5171860853210865,0.014044842902937508,0.7553241213431939,1.8600252024767718,0.5702213939693874,0.3426535416133041,1.7159610785276476,1.2053556312701716,1.1495316843819254,1.1508714087051064,178.58208205266664,-7.0502482735241765,-0.9603167388310592,0.40648727186924066,0.5931325036617708,-0.5767594501757521,-0.3876989393088219
7820,10680,OK,1690,1690,,27.422130328813665,0.027942001131641636,0.0068421415032995665,0.35415275776212773,0.355319217265422,0.009458600199510015,6.5387527202555225,1.1180864196403244,0.16643747665380593,0.09316475573322469,1.083866615917529,1.1872240201716675,1.1258089663167825,1.2412654717574931,267.1896295483786,18.640797865449905,2.371243099846736,0.4193337023212849,0.5873348544757894,-0.5549731450349337,-0.4137654203838955
9040,8190,OK,711,711,,54.23545707507502,0.43458852532604175,0.16666428932312982,0.4203489384435741,0.627166167559513,0.003468365263347828,9.610025270148395,0.5889915504100326,0.2575937731465634,0.15333045438385928,0.4630140572682633,1.114677957954452,1.0786583574895445,1.0186540811498848,148.41826086511324,-19.58653125957722,-1.5483541444809408,-0.2963683695942327,-0.6422680065854662,0.6458002101460995,0.28740161063578185
8960,8220,OK,1360,1360,,35.4786341598675,0.10931331516949638,0.13182919318272546,0.22363538507257097,0.28167556249186954,0.006104370845819749,10.017983719952475,0.6630846587956905,0.09303747120828054,0.0764091055877858,0.6255125718309174,1.0466321007828048,1.0518576557221937,1.0169609456740674,159.25625503105067,-14.001937223732599,-1.6882762280443027,0.40407141894120285,0.5858116995703503,-0.5796450964554389,-0.39694143547443583
5120,4100,OK,1521,1521,,29.620906475549393,0.19491062676448861,0.1649163570656596,0.9244567158493524,0.959066096122944,0.03737521674945188,0.5642623851538725,2.0786294197262105,0.8160880513583741,0.28765627183201026,1.8001728510669253,1.3396902340049908,1.2074759976240301,1.1113138820907225,129.3204697593164,-164.82926311740118,-0.6414684186923685,0.1689127150104921,-0.6837441634626787,0.6962298542899491,-0.1386593077795439
7960,10940,OK,1536,1536,,47.12563187534137,0.08113928440379692,0.1028911586825357,2.66486548844777,2.668085127114307,0.027718431173930774,10.615015269836706,2.0256805070311166,0.5280657598408349,0.17342571082709557,1.9142273694437417,1.2201117171433515,1.091691377106666,1.191539847556521,226.28559702738337,9.210965342572832,1.2346388389505407,0.41252818875682434,0.6124679801534059,-0.5503697399399868,-0.3896108521668925
9200,8410,OK,1549,1549,,21.31021293674998,0.12221542839581545,0.002252308278965335,0.4178934309205725,0.4354039543195761,0.010451658588776162,0.35445786935750717,1.2755318083355074,0.46360212903696785,0.2654871574819829,1.1298614284595665,1.2468646202413265,1.1899265064961213,1.2562912077274881,168.98911643519938,-24.613810259582444,-1.4665030113335744,-0.5764630251244068,0.3912741942411612,-0.3913646356531448,0.6011893275378638
8800,8040,OK,741,741,,86.19359057348558,2.0640913283774363,0.40565270799806813,3.0772405170422346,3.727524155671624,0.038147062791518305,12.232791008956307,1.4218363481198422,0.4404181558569835,0.1808390614080414,1.3268116490393567,1.2188478582020237,1.0830483641607447,1.175709592500552,195.15603307571573,0.3757044817645254,-0.3201146679021287,0.41114772654074344,0.5949612701046956,-0.5765305219828581,-0.38025148422847554
8820,8120,OK,1370,1370,,46.71473879489518,0.021400672121317063,0.06454395617227973,0.4801232011747292,0.4849146309938304,0.00970403953841991,10.762836475050449,1.421112086807085,0.2898972697472859,0.2195826989010714,1.3394902729199334,1.1300711251112467,1.113479386596847,1.1355155528407692,188.070065944684,-3.8511702684717735,-0.7556311325706093,0.4082195394656466,0.5911416752548319,-0.5719680545862509,-0.39593038770494193
5180,4130,OK,756,756,,48.231860466872256,0.011404067836259746,0.25969372758780573,1.2172513843762172,1.2446974803852866,0.012475307872253876,9.462763284414988,0.4528515005947198,0.16578786594029227,0.06236851368246754,0.3492663699274168,0.9144787227350157,0.8763844187489538,1.0152437877019194,135.01563611179904,-180.5182219199872,-0.4373412364353165,0.12921517808996144,-0.6889828011372702,0.7025237641904867,-0.12274566483525927
8860,8110,OK,1277,1277,,49.87315070318006,0.16828335467308553,0.03610730473126967,0.09302337851162878,0.195643486640118,0.009557003464880148,2.9378824036173596,1.0623230862419006,0.23502931576044972,0.21896932931754742,0.9954790226310983,1.0955306027346787,1.1088878406582228,1.0268055300647292,178.20403311244664,-7.171758574881862,-1.106364780289917,0.40581897821289986,0.5898325503669024,-0.5785911004124406,-0.3906927923233733
9400,8570,OK,866,866,,54.25270594722437,0.17889196400988205,0.2986156360457722,0.052136123832560166,0.35198268179928693,0.02224349124660284,5.232672293848009,0.8082559479756661,0.29343478281253055,0.28781688136845995,0.6099808890456835,1.14369899850383,1.2099462309033557,1.1093606983415258,219.08590143305017,-7.772749168709447,-0.09320982551649545,-0.6264541986106102,0.27953770354675306,-0.28570131749995126,0.6691700579955278
9440,8640,OK,934,934,,24.77616816796461,0.09320535961720283,0.12244537706268951,0.18572138895198975,0.24118984999301396,0.015056296103885815,1.5819604064617294,1.294599001349674,0.2453177531965567,0.11979640129568188,1.2318630139603188,1.2474726305433566,1.1473736422088483,0.9457916098450875,220.16857879899737,-2.4386363370420345,0.44846490731567007,-0.6938479497141461,-0.01819736264903859,0.00952909329368211,0.7198285039167978
8800,8060,OK,992,992,,74.63094936374304,0.09573298459783891,0.42468949668711453,0.09763796098919819,0.446160446882613,0.017014005867369692,5.47780373768012,2.1535785371339227,0.5565765604439643,0.28770504058190216,2.0287137957084553,1.2141101119248818,1.1227345670420912,1.160874440844736,192.83325756633667,-2.322007964616404,-0.24959841141805636,0.4140150828963772,0.5916450519615761,-0.5701179019046282,-0.39180763335028906
7920,10860,OK,1558,1558,,21.011102948398307,0.06874371752937286,0.03666281495539349,0.13627695047477495,0.15697537364477238,0.008458690837305872,4.452799022080635,1.0176681039376656,0.15195027723288762,0.09179391724565056,0.9936292801397615,1.0548152184566386,1.0051092854208699,1.1638200377104835,232.97768022121824,11.090491366410474,1.0798846303245104,0.4226947651201165,0.5865020919912278,-0.5538187323943813,-0.41307292731313644
7860,10720,OK,1122,1122,,33.8821981767986,0.3245261354361515,0.2141150037227231,0.004004319626988995,0.38881677172670953,0.021184281346557345,2.6707091844701965,1.6789710627574466,0.42925953510150117,0.19779614492685116,1.5524883525386262,1.161454676254117,1.0653672457608117,1.0925816156734016,253.10738608455088,15.92671016369676,2.0213587175031615,0.4396796063687972,0.573493935128822,-0.5330874022208154,-0.4400049678211606
9360,8530,OK,779,779,,56.86172200066876,0.022920804955481433,0.11491963663652516,1.3542228441215363,1.3592834133193492,0.015999113299307206,8.721329890846002,0.8437832366353625,0.2188547305923385,0.05796473189669271,0.8115527434593464,1.0305880161216316,0.9796582917634873,1.1153559441685463,213.47359654852306,-10.7553904172472,-0.19664878954613949,-0.5743107256779905,0.38836999594096905,-0.4062051382214943,0.5952590379880748
8800,8100,OK,1383,1383,,53.48773286136786,0.029645184899292007,0.015356892567404822,1.3788131211870738,1.3792172759557066,0.01077702900478166,9.020818612386039,1.617019489180217,0.34659870086903677,0.2071240064867126,1.55083484094407,1.1454368302774023,1.114911713038924,1.1386771505241595,194.23595631754844,-1.8179885216624285,-0.49405479898272714,0.4096764142875961,0.5904071426704528,-0.5732409468703269,-0.3936743048401569
9420,8640,OK,1645,1645,,24.27033448791506,0.0148447145813278,0.0013342074538396746,0.1808539516919272,0.18146707002405948,0.00805576688153517,1.7292503444964407,1.209579903985865,0.2680793049548986,0.1232824352765649,1.1170854585685017,1.282811365043596,1.1877613106956453,0.9626804075947436,220.14542367736158,-5.158461552131274,0.25600557653304623,-0.678178754646531,0.13675287214946089,-0.14773057622203503,0.7067870298428368
9340,8520,OK,790,790,,55.975753469151144,0.08977415141451822,0.13676022416567155,1.1749881152814359,1.1863219749413152,0.01534555467066194,7.908270032999952,0.993624422075042,0.14960562608496486,0.09532937487507498,0.9495591350579629,0.9859626797108113,0.9315493582997271,1.0928538283316307,210.130627682651,-11.912102382317677,-0.34029312228412667,-0.5641825502448137,0.4031222416240592,-0.41799805110753263,0.5869140802345404
7860,10760,OK,1712,1712,,28.291180438838424,0.038213998090357304,0.23450041871424948,0.8208254549207048,0.8545204406408252,0.01690905475604599,4.1688728215128865,1.241098358997704,0.3136699421730529,0.08057897295564187,1.1867815851435601,1.1790225199553102,1.040884351703014,1.0835896701176553,253.97092309473936,15.86110264146859,2.1800554706926025,0.4418320000482687,0.5718762767868057,-0.5291099566206848,-0.44472987485288706
5060,4070,OK,1170,1170,,36.238795827594295,0.14850006849255548,0.015172587447354644,0.0671702351921386,0.16368970110519632,0.011979101156276036,4.240075575091242,1.7565839484628651,0.44078753145706395,0.18714958615514798,1.6406725065787757,1.2539832707603678,1.216972293649687,1.1086174563193432,125.07853572042404,-153.91808592723422,-0.8881937696458208,-0.04095852817773679,0.7075434825414848,-0.703730068609939,0.049685106589718475
7980,10940,OK,1645,1645,,31.048699193922378,0.06041022525958345,0.26591561915137274,1.80322583748384,1.8237280314766968,0.021145552384390524,6.501879606642318,2.26387958274297,0.5748596390976257,0.1797322800794433,2.122614029098936,1.24346299772978,1.1024320476136844,1.1716924577100427,221.59051750185213,7.557843387244098,0.8970623468456929,0.39970882012469855,0.6026294225599762,-0.5662349741455033,-0.3955358292670745
9160,8350,OK,782,782,,46.52072503764687,0.014007005084623159,0.1976599419759031,0.6253230605073483,0.6559684282460817,0.02292242916716116,5.7783758112782575,1.5093123560631694,0.14590184751647062,0.17206627177200517,1.464390162831533,1.2504918451426457,1.3488412962512217,1.1703374225391554,159.71961807622415,-28.471768336674682,-1.7589910816005077,-0.561437478902755,0.40555285318841294,-0.41684627309369304,0.5886883939419517
8960,8180,OK,1833,1833,,27.1786984910548,0.028808109440637275,0.03584064387132112,0.26198435939667863,0.26598921687005034,0.004113738464889372,0.8511125901710523,0.7576966726854941,0.26027033323993676,0.17264067114873605,0.6791587986028578,1.0880054682810778,1.0823615378179492,1.0329043834248754,159.69191844158127,-13.789765649220076,-1.5528616353555091,0.4050921698843107,0.586090968506292,-0.5791402317826932,-0.3962250654166966
7920,10810,OK,961,961,,50.559026205020075,0.31914502532103994,0.24889748464522932,0.7440948834313588,0.847042325151829,0.016005028568823364,5.801581115969697,0.8247408198436266,0.24009621534170922,0.08318635628042026,0.7691043905565254,1.0129915749417224,0.9205216463542351,1.0312743708213605,233.7041444532241,11.66975068723811,1.251027966114036,0.42249426457866535,0.5896399651529572,-0.5547596780007014,-0.4075107453271755
8920,8160,OK,1874,1874,,30.652909105462896,0.013867537172967626,0.010159230788951246,0.14662102878145866,0.14762535228882653,0.0056233525754703995,2.2819369643225436,1.0350769572340008,0.24309692570822472,0.1438447937543494,0.990263617590994,1.0880918430082758,1.0822301454865768,1.0285387819075282,166.73941942902692,-11.347807412333609,-1.3506526258488707,0.40425314227227105,0.5893813309780532,-0.5792001710813864,-0.39209208800589934
9420,8650,OK,1350,1350,,25.06413840055047,0.1834784313061706,0.23233903897381789,1.3266508339639098,1.359282236712813,0.014889845201294685,3.059069180501892,1.538837842599928,0.1611314833013393,0.12062645400472327,1.5145122688561532,1.3125274218344425,1.3135672160458811,1.035988274655358,220.44511704499993,-4.0211364652757196,0.0656753704083409,-0.6791978097663268,0.12938037454162982,-0.1416180188228144,0.7084457570179901
9340,8510,OK,702,702,,59.72132846104314,0.013853852541523048,0.21347824982345645,2.049488562587843,2.060623269924979,0.009339723725985962,11.024569166625454,0.6663930621602735,0.1337882001106423,0.11847947620169019,0.6325887513629302,1.0173310751692408,0.9382102252441827,1.1201244481352448,209.263986722193,-12.105938521255707,-0.07093262727836264,-0.5640228188755924,0.4070844178315976,-0.41400788646544695,0.5871609715322993
9280,8470,OK,815,815,,50.73607623724587,0.041174806560709876,0.014313738445456275,0.563852604483575,0.5655351513270486,0.0287033024136653,6.387189567779041,0.5366428787160343,0.124823317609422,0.07995924234329777,0.5016526587685313,1.0458052663346342,1.0014922445070158,1.1074241054335643,193.51403590897363,-16.390711458874836,-0.7891312642315101,-0.5505365569920541,0.4187173490841899,-0.4117059098559266,0.5933662652872568
9360,8540,OK,937,937,,45.82127131374854,0.14249880581874125,0.08909530900788326,1.8090027927938452,1.816792500007337,0.011286741898149589,6.1263958736357775,0.896871915087087,0.1610149429182145,0.0692063411398941,0.8490897953112779,0.9928163777999566,0.9561510759814381,1.0795561716720485,213.0149258401335,-10.839852718129062,-0.1807716288112023,-0.5715992283168443,0.3902249576196348,-0.40658107823337125,0.5963980478346081
7900,10780,OK,892,892,,47.32075828632561,2.157063045377517,0.19523959648780823,0.957759833192803,2.3681941178559573,0.043389480584973224,6.1710962946265235,0.9771053655618931,0.4436622494978222,0.07544990762467563,0.8196945815936214,1.1887893419557072,0.9954820640946861,1.1196027308351086,237.61806374832875,14.432624626781474,1.0421769799195866,0.42219787530309005,0.5900803475817756,-0.5448376831614985,-0.42036417127835435
9120,8340,OK,1462,1462,,16.008223530658785,0.09508594185203634,0.22711111983989743,1.138302135229248,1.1646254969561187,0.006686223449760049,0.8919822323784146,2.053716190523525,0.4262511824061923,0.22634139885784654,1.9046035357691196,1.4053373202054043,1.4371877111342344,1.2246247505692518,151.80636034963007,-30.173087502705364,-1.981007032499654,-0.38612939502937316,0.5886593076219603,-0.5752928846472207,0.4164401598291937
5080,4020,OK,702,702,,66.14239888506175,2.17739959867078,1.6404412468633995,4.58662387871888,5.3356569512607015,0.04208470925299166,12.120639801259383,1.1227635839508534,0.4583660137101918,0.13258105159105527,0.9617640420167968,1.3598943263096919,1.0608421191333413,1.19407837843198,126.43100037108803,-152.31035258586746,-2.5136020273425927,0.11968485171325148,-0.6863205792392064,0.7066573960606422,-0.12359176095488666
9180,8360,OK,726,726,,68.43078622613818,0.34233459480001605,0.8483739905322113,4.364244013279499,4.459098250773847,0.03779710852016459,8.692162217974007,1.4537129900635666,0.42880346345658515,0.10839554007329688,1.3247165312047122,1.3307305540546488,1.2054012377780263,1.183051311947799,159.88089662592023,-28.154430156635563,-0.8823936929891932,-0.5788693844270542,0.3907620381684503,-0.3695106040066272,0.6129251005026138
9020,8230,OK,1575,1575,,34.04852321025516,0.04296946937204915,0.08368475929900504,0.5093488788571483,0.5179631209170029,0.009347320714098302,1.915526016321246,0.6331158053422448,0.12406912607649345,0.08261666158601677,0.5409736664510754,1.106524947697949,1.1337583050768407,1.0852917933502808,149.89111147440877,-17.794249970357452,-1.780746095603544,0.3643193211422911,0.6073738325970934,-0.607296030146127,-0.35994442833233675
7940,10880,OK,1699,1699,,27.963563939917538,0.03725920373221423,0.16742084332578042,0.24464715174138085,0.2987812174448795,0.012026077162958048,2.5753352162031433,1.5420320532916907,0.2236259577468157,0.09603070458969054,1.5128229656328762,1.091253125820508,1.0084167141063587,1.2017088565818825,227.79166927130507,9.627311708819462,1.0048928702284894,0.41469165746530523,0.5937454802061904,-0.5605515096760044,-0.4015957407186366
7920,10870,OK,1507,1507,,31.00959868515351,0.03272238547367605,0.008622964089862406,0.7294088094996098,0.7301933452151019,0.008256659872026395,6.114152104250396,1.216298193478008,0.1049103877030304,0.07678679780427067,1.2007114020620602,1.0996843242357306,1.080090706687483,1.2537326920533192,232.37291067982275,11.049124008281613,0.9842318746747886,0.42213699079627953,0.5841426176263358,-0.5593089493337019,-0.40957448952460995
5180,4140,OK,846,846,,36.012039615177805,0.10306509080996393,0.25816424881861766,0.9689152717164085,1.008001982179117,0.015418784872977093,6.9376275224233375,0.4608359079417737,0.16123785752501274,0.0843604821479148,0.37897870076434303,0.9145456737553352,0.8871489879322753,1.0202870516221434,135.00864595211524,-180.78409078233483,-0.4165026604179512,0.12944522585403936,-0.689120588437168,0.7020617411823947,-0.12436261360856123
5100,4090,OK,1751,1751,,20.213791880727243,0.06359911183198175,0.05484798073679742,0.6970401717053445,0.7020812979902948,0.024345134642515764,1.8081367444830156,1.4576853301988666,0.4571653941001639,0.1344506799243198,1.329012419549212,1.185442720891781,1.071931335534641,1.0599706646137792,127.66237571599062,-160.46667902218124,-0.7665727369945955,0.16647424740135888,-0.683411211699651,0.6961344101920319,-0.14363956147927193
5100,4070,OK,1070,1070,,49.274348600786226,0.7617003495887553,0.3811459244320942,2.4468753510512027,2.5908798933676516,0.015483720313586642,3.66956450946918,1.565834082275238,0.4915032853728363,0.16144783426150172,1.3902200909741986,1.141614945574344,1.0254586353092023,1.1514722318863406,127.70324742241735,-158.5150158327357,-0.5102391382719299,0.1502511156448246,-0.6897747799029348,0.6931656171340713,-0.1454537125015571
8920,8170,OK,1730,1730,,37.62478374271568,0.013688158938131745,0.03437551298534421,0.41533925615478307,0.41698409956655375,0.009131628581628838,5.416938867490229,0.9414750341981807,0.1552286271513008,0.07914946324223515,0.9066995453794835,1.0826372437371208,1.068630988599648,1.0418457827323915,166.97987197997267,-11.22138547962444,-1.3112427447257227,0.4023894896641205,0.591219541693833,-0.5782626366395696,-0.3926251076966879
9180,8390,OK,1463,1463,,19.800696336846773,0.09181450045036918,0.02895339026804373,0.17798887257828416,0.20235671489390505,0.0124443747737775,0.6192673120741877,1.511764430102922,0.4930298538436494,0.27089762546966434,1.3818407992653094,1.2088604693255962,1.157184337997653,1.181675641530295,163.83132589792612,-26.708833151858563,-1.6005928991328744,-0.5767355296244958,0.38895990208487885,-0.3880906289543625,0.6045427918325392
5180,4160,OK,1180,1180,,25.04619951349809,0.1461303022080092,0.1210197867763644,0.3791451754365347,0.42397042122252054,0.02529697356406998,2.1774596241240745,0.5359593196726438,0.1794677770539952,0.06832161095627254,0.4469805864942664,0.9004907191266693,0.8749959190265074,0.9662002894779407,135.13743579976045,-181.36474555281123,-0.5051907889937747,0.13130877714372113,-0.6891559382507417,0.7008208644263048,-0.12912092705493997
9060,8250,OK,741,741,,44.5436316024219,0.37722985946078125,0.2031682570911838,0.30717475636014724,0.5271963946227117,0.017284362470594446,3.253459121069451,1.0761092173736282,0.1303588023693818,0.14317570243934774,1.0364128743500594,1.3925790477023412,1.3661183599384983,1.1027812670323531,146.556584331262,-22.22249982142725,-1.549273313204322,0.1731103796317107,0.6868144382156846,-0.6866633701789129,-0.16374412959485257
9460,8690,OK,985,985,,16.274667107125612,0.24008876933793155,0.2958103334220592,0.6788161037678375,0.778419985134002,0.03213657886346007,2.4902533229065975,1.1231122424192357,0.12692711671964862,0.201749377839488,1.0702667479233856,1.0762894120852622,1.122009129889477,1.0144739617144036,218.6199186364364,1.8584528151208815,0.050453378389211385,-0.6881176336153745,-0.1252772085605756,0.114995496333816,0.7053905153500338
9320,8510,OK,773,773,,54.254445802229085,0.13308442588810754,0.09737326268616614,1.271362268452628,1.282012103821617,0.00808789202913751,5.922142259474486,0.7129961937686199,0.12783976937700148,0.10934287939534015,0.6858959665222617,0.9785887525906731,0.9172679251681706,1.1033380355671862,205.06945608199024,-13.153118508725996,-0.3169250560856025,-0.5591434209846327,0.4128425649765776,-0.4232267746169626,0.5812045668785516
7800,10620,OK,1475,1475,,20.673509305613155,0.03822047796917691,0.04621434950235469,0.05510033559774241,0.08144088665468942,0.0015771769270662096,2.99017336076512,0.30603880191780075,0.06809439927866046,0.06337245479806164,0.2769064431778694,0.9588687551107775,0.9657439886336079,0.9457755818823005,274.5456483160225,20.71745603527401,2.652334243206694,0.41025042661933353,0.5904525648794701,-0.5610904447893282,-0.4101680982865728
9380,8540,OK,820,820,,57.342593704530145,0.24728652440361454,0.2844765787961353,1.7325429161084998,1.7730714890248833,0.009979902943452077,8.828225009134178,0.5955733820853341,0.27942705100292076,0.13329492580003122,0.5055836320949831,1.0383710370004646,0.9962030026005531,1.076702957891403,215.52380214020042,-9.737055311201168,0.22155771935689592,-0.5922462909641181,0.3627507286538968,-0.37055707971917967,0.6167201069936877
7840,10660,OK,1087,1087,,40.76770597893936,0.028214166575603605,0.13324801593537838,0.29352860421391735,0.3235894226300379,0.00877111479172161,3.7863969577449996,0.6839326695023289,0.27674020415625966,0.12909250202973288,0.569143901820798,1.0826388056305252,1.0136783484532979,1.1840768032883202,260.6876985875512,17.110497889048762,2.20972486065371,0.43473374739449705,0.5730878534708955,-0.5455134790884643,-0.4301068765007815
7920,10800,OK,761,761,,59.87713370416926,0.03295008871567939,0.35422174249399163,1.610409758486429,1.649235684015529,0.01588839834564887,8.010921308735014,1.0386251857026845,0.2776243044572445,0.09123756422926954,0.9885807759082761,1.0593926655584271,0.9493801818767534,1.0538032003925166,234.63061410123845,11.602034668270779,1.3585851394656825,0.42377223342624853,0.5895955427567544,-0.55322147935305,-0.4083383216411609
7940,10820,OK,800,800,,71.48349410587961,0.22511953040256477,0.40175075849502906,1.000239050381552,1.1011633088821071,0.01879510423573122,8.882886502626452,1.207555492179937,0.22460837952306956,0.13534730447326815,1.1517102754760513,1.0525820436905977,0.9879325895727076,1.1336787278343001,227.1639065832664,9.116058430883765,1.0448238905236065,0.41381721036182717,0.5957601284441398,-0.5562715008869299,-0.40544691769155145
7980,10880,OK,956,956,,73.21191000385042,0.01320171807918527,0.27112399102896967,1.1143280921524985,1.1469130746625684,0.021081125443878645,6.0131410906385785,1.1058139358647179,0.1571688383208525,0.10303695851647299,1.0906849296618315,1.0559818929077147,0.9980057272760878,1.1592111661561078,218.89453577435611,6.464995089256448,0.5964426388666552,0.3998769145878739,0.6023327890605356,-0.5655905662912861,-0.39673791818345383
9400,8600,OK,1384,1384,,33.801890218575444,0.14138952023791568,0.01383910795375189,0.8622883464319362,0.8739128730796831,0.009279090486842936,1.1904690314445732,0.4892755538847292,0.18157605435990964,0.17575182304780013,0.33619686111965663,1.056982598275787,1.04750584190034,0.9394834515096571,218.29777159968697,-8.155287375981134,0.10928098702143309,-0.6284632249060705,0.2860567404721163,-0.2906698098755304,0.6623568356996499
5080,4030,OK,714,714,,61.52601591452736,0.06633917958635827,0.6208531813510358,2.132787401845367,2.2223054832790665,0.08764657046023816,9.593092977799731,0.9033044909023655,0.42597309392182425,0.146265784810499,0.7367126842225487,1.3330735625574817,1.0406844080852067,1.1993576712301048,125.33704980814895,-155.2560086029334,-0.3458693600661735,0.09884030206760419,-0.6939310678031586,0.6951622390658797,-0.15949836739498482
7820,10650,OK,1590,1590,,18.090127724971907,0.07418931701532412,0.17295714400701304,0.3495913877327044,0.397029428127363,0.01125527735271131,1.7870904737479645,0.6352569382061506,0.20482581734676208,0.06096035835624433,0.5789883195280918,1.1063031510093086,1.0245825328719849,1.1237116990807021,267.8793272064141,18.753338937777812,2.577989234505604,0.41839635036012907,0.59083238267019,-0.5492606415183818,-0.4173419907850227
9260,8450,OK,861,861,,57.65526597801082,0.019959067213624393,0.09446708840052158,1.687686469909469,1.6904460996643442,0.013977522930185286,6.451695867984745,0.514368924962387,0.16229653613181982,0.0966928205794535,0.46438196484490213,1.0323977986057424,0.9843296042084194,1.1453763536217412,186.04477179058875,-18.61655771113968,-0.9378908704583901,-0.5638564030630212,0.4059150520057688,-0.4063975248231818,0.5934138346024445
5000,4000,OK,250,250,,11.660548172665987,0.783007874674885,0.6505751743452222,1.454791084467769,1.7756031337897846,0.06476880917280947,8.97488018361167,1.361264466523313,0.43474812522943795,0.10348752359537561,1.24928874116429,1.3634135436910881,1.18844498545621,1.218910246661326,128.94447163174829,-145.94029117410722,0.023888607219717563,0.3150236184122034,0.6491658216692126,-0.6290980544758775,-0.2891011824148849
5000,4010,OK,241,241,,10.232131727440063,0.04842364062825144,0.04328788850068359,1.3277397718215915,1.3293274961195205,0.18095997483775578,6.901883935856161,1.7124604237424552,0.6030771518824845,0.09105221174049982,1.5846557345290533,1.4151872558485048,1.1187179850631268,1.1908557998434777,126.71372877004313,-146.27678069260907,-0.852475211426446,-0.2619622934714757,-0.64936825272987,0.6701641574841699,0.24612320323214745
5000,4020,FAILED,134,134,,,,,,,,,,,,,,,,,,,,,,
5000,4160,FAILED,35,35,,,,,,,,,,,,,,,,,,,,,,
5000,4080,FAILED,29,29,,,,,,,,,,,,,,,,,,,,,,
5000,4070,FAILED,23,23,,,,,,,,,,,,,,,,,,,,,,
5000,4140,FAILED,23,23,,,,,,,,,,,,,,,,,,,,,,
5000,4030,FAILED,36,36,,,,,,,,,,,,,,,,,,,,,,
5000,4170,FAILED,21,21,,,,,,,,,,,,,,,,,,,,,,
5000,4150,FAILED,22,22,,,,,,,,,,,,,,,,,,,,,,
5020,4000,FAILED,184,184,,,,,,,,,,,,,,,,,,,,,,
5020,4010,FAILED,179,179,,,,,,,,,,,,,,,,,,,,,,
5020,4020,FAILED,171,171,,,,,,,,,,,,,,,,,,,,,,
5020,4030,FAILED,134,134,,,,,,,,,,,,,,,,,,,,,,
5020,4120,FAILED,23,23,,,,,,,,,,,,,,,,,,,,,,
5020,4070,FAILED,21,21,,,,,,,,,,,,,,,,,,,,,,
5020,4110,FAILED,24,24,,,,,,,,,,,,,,,,,,,,,,
5020,4130,FAILED,17,17,,,,,,,,,,,,,,,,,,,,,,
5020,4150,FAILED,17,17,,,,,,,,,,,,,,,,,,,,,,
5020,4160,FAILED,17,17,,,,,,,,,,,,,,,,,,,,,,
5040,4040,OK,497,497,,35.72963004293246,0.3150331623475702,0.3287461234952457,1.3686322136954674,1.4423848458219524,0.08803015292360851,0.7563663157396668,1.6112898491559244,0.6805975650942013,0.11573593851154707,1.393114950238564,1.461040040178695,1.1685680619285186,1.2191730771775846,124.73313133950609,-152.34788165205225,-0.5459964004148322,0.13390037710913447,0.7022411119081028,-0.695307644380581,-0.07399587435817355
5040,4050,OK,501,501,,29.08621698530153,0.17816525433931718,0.17356907377272587,1.094346746947181,1.1222583854790273,0.04325596403764579,2.005629183733549,1.7204646187448387,0.5815464868170537,0.22725796304453905,1.5668248813674825,1.3242933848563059,1.2004325175700172,1.1449705329126152,124.74064027185467,-152.03426506224622,-0.7030927816529293,0.11282962224086734,0.7015374477083739,-0.6982111945650319,-0.08726862891025064
5040,4030,OK,445,445,,38.76416045706195,0.5299531046942558,0.3360677366985551,1.2036107108376934,1.3573763516681687,0.09098548690585553,3.164798214960647,1.554075994533129,0.5926799545962529,0.12924970607385344,1.35347623988799,1.440808398102589,1.1830712441136435,1.22468907498904,124.9151486874483,-152.28472608093085,-0.5118453639912955,0.13557841051505207,0.7037973592899541,-0.6931682660452626,-0.07619400636863324
5040,4020,OK,419,419,,40.28242238199006,1.3424998012371745,0.1866660068085315,2.4963145871057737,2.840552135099225,0.08385060351738045,5.689872678685848,1.8750825120323547,0.7178965079281845,0.15991072561225672,1.67315605014206,1.4252843860164275,1.1947480263804948,1.2155730977528962,125.25594787709625,-153.78689176362911,-0.5987810548623106,0.1337912812397537,0.7019297484132584,-0.6951463459942501,-0.07852438479585472
5040,4010,OK,343,343,,40.10967155117057,1.6567792362475782,0.4246901562151571,1.6429779311971373,2.371635648418194,0.0973931558438779,8.256668252130266,1.6786508021782085,0.5845437047443927,0.070107770413956,1.526288073098823,1.383302165718168,1.1596524197997737,1.1927227857211957,125.6958313201178,-153.10697099369668,-0.28226198878571257,0.13876815302764436,0.7038883559438924,-0.6925566881163955,-0.0751652567157867
5040,4000,OK,331,331,,40.5971132114098,3.4031318764252427,0.8387266476678606,2.3573333043854863,4.2239542215576575,0.10627826195178908,10.81413070428289,1.3135371901777255,0.4500439644943999,0.08957337297394363,1.1932726368822486,1.3788493830324646,1.2319377406754517,1.2243457137092166,126.85742360071133,-154.44501249018987,0.20427786122817665,0.14405335974499364,0.705506620296408,-0.6893450329360888,-0.07945101528905639
5040,4060,OK,419,419,,43.060006954221414,0.373768239729138,0.2799086310293341,0.25487803951042,0.5319909339261426,0.03184088850771378,4.506001126343444,1.7124344132544271,0.6187968616699937,0.2095412803464196,1.5961417940022482,1.3373887452709263,1.212863948288832,1.2144087949930273,124.41129289849358,-151.08966918324288,-0.5710664602396212,-0.10411958023070464,-0.7005102228196034,0.700657135267625,0.08674168280807316
5040,4070,OK,386,386,,49.767678137384166,0.3859411453594692,0.2554089100692189,2.617618324733044,2.6582155618012533,0.022333951107166863,7.111585861825447,2.195787771118642,0.700948235078664,0.3161385986275128,1.9887375366359072,1.3207307592488151,1.2611482857061231,1.2790561179314974,124.47340456499174,-153.60439380961043,-1.0715721544051435,-0.09774274705795012,-0.6969062973412911,0.7051616723712507,0.08668900704356065
5040,4080,OK,362,362,,49.19747439076281,0.1323055559274442,0.15116507686129713,1.9210584849397803,1.9315334175599643,0.019830802822836287,9.763879317477981,2.834016339692635,0.9099766012335788,0.3607233934316634,2.6167576715972842,1.3971918269983035,1.310642452532813,1.3096886841009332,124.22132178151493,-152.75029802113482,-0.9849508477429151,-0.10458956714176237,-0.6961991907982621,0.7044393393442814,0.09018273870944549
5040,4110,OK,230,230,,57.807552734292585,0.3861839311280715,0.4299897340753022,5.599472846743815,5.62922067088269,0.012589220155026549,17.85410835317996,1.9432495281647615,0.5807286240521288,0.33861653518128915,1.8333579862567877,1.3902837745407035,1.3457447263817766,1.3030388846158651,123.59818683486417,-156.51624750210388,-1.2688570858269963,-0.09812040388872773,-0.6907893201619424,0.7108080973648461,0.08907496961257907
5060,4010,OK,611,611,,58.33543583356348,0.021184041616602922,0.5649580674474574,0.7459923674853695,0.9360186931571433,0.08989241805050498,11.118317631093987,1.0895183533086341,0.5278497510421079,0.1474904020549871,0.841610942163006,1.3397312879816616,1.0309233690688366,1.125497519686726,124.78956678201511,-153.23666966278375,-0.38898788401267503,-0.007377700106377796,0.7154864644723679,-0.6951692738653206,0.06902441141751589
5060,4100,OK,1198,1198,,37.580489822895906,1.1465244929290406,0.11323778987700306,3.6534607719103,3.830811509566847,0.010215726093942255,12.238251829637717,1.7117832793810939,0.5677889825990827,0.21274229521975552,1.5430775041375604,1.285194647087205,1.2283511831245681,1.1529157157496286,123.60840304674849,-150.36190411735177,-0.9506236071179373,-0.04182318550141708,0.7071010573429999,-0.7039792724763902,0.05169235709984432
5060,4090,OK,1294,1294,,19.36800651020829,0.4170374188951804,0.15951360218286087,1.037418017568612,1.1294250489590245,0.009545220272226797,9.548235826900491,1.6188314135080952,0.41605070225345964,0.17531076537713064,1.5017482343081028,1.2097570823063863,1.1916593553058983,1.081046253165113,124.72768999374811,-152.83454178969234,-1.0344057222830267,0.04231256044812351,-0.705376131080965,0.7060163053986022,-0.046852293870001345
5060,4000,OK,559,559,,61.98532715429204,2.366699345254327,0.8588557731394865,3.1557812360069004,4.037060098563746,0.06657778491232115,13.676160947104975,0.9585865825412643,0.47039807490369645,0.08350878886207713,0.8071035056048075,1.364904478158985,1.1175895545135275,1.173786119280222,126.67604288807246,-150.73462220298026,-1.6371005073985234,-0.012896835073814611,0.7106436831167772,-0.7018013249798387,0.04789705155688757
5080,4100,OK,1265,1265,,38.09271447693,0.1363656585219462,0.0915379798135576,2.1880600945579154,2.1942155254143256,0.014816425414511171,8.682940044563239,1.1244673327865826,0.33333236331979754,0.11571136702974805,1.01980513782701,1.1851212330347223,1.1012092463616903,1.1195465638356323,125.3268998870889,-155.2299764035772,-0.7712435609861927,0.13614092395841643,-0.6888702905683503,0.6974848342559822,-0.14296250410135578
5080,4110,OK,1437,1437,,35.89536883615232,0.0644123789778214,0.022923542307511424,1.1749884250151457,1.1769758885708235,0.020770042403429056,11.365845059526759,0.9192600527956707,0.19678817189861553,0.07884374383349396,0.8490837455901872,1.1432459255550307,1.0774960316220257,1.0997082095857913,125.77197389296936,-156.1402581360828,-0.898151532370687,0.14491628559914865,-0.6857180152327003,0.7007131094256814,-0.13338370227454815
5100,4130,OK,1218,1218,,37.92103489726696,0.4341715259091212,0.13149191382148162,2.244576414467927,2.28996033103117,0.01891625799989281,12.410191303275605,1.0404418414797805,0.2598924859983329,0.07852917389969949,0.9448212151836684,0.9865277182099893,0.9150375749685933,1.0382383332439462,127.33805944188045,-158.88792718501455,-0.5838534935103483,0.16289422038534507,-0.6871102012957243,0.6927934776265358,-0.14622667881932583
5100,4040,OK,650,650,,60.08676318114121,1.4959749287987065,0.4717189511683515,6.87290282669673,7.049627864057901,0.039005382589338014,11.337737587666627,1.1922247355310465,0.2951046281006162,0.1835243911399278,1.0316904612767015,1.2288049165724853,0.9588143589179756,1.1741143909812892,126.43136543230729,-154.2541617363286,-1.4049111175940057,0.1355756024254854,-0.6882322866111011,0.6977595953125384,-0.14521405869372409
5120,4140,OK,1434,1434,,30.50487860139133,0.20265153473187447,0.14730380580838834,1.8857666352433196,1.9023358952434584,0.020721890171295384,10.061963186713879,0.7688696175730074,0.1938390659385275,0.060972166648368575,0.7266002850570992,0.9813307726063283,0.9253534781744289,1.0420888761794969,129.10708746087656,-163.83839739846567,-0.5545749692701474,0.15799969117023288,-0.6889143727965019,0.692357485291043,-0.14516954606933422
5120,4070,OK,660,660,,54.482411216122756,0.6398994046828819,0.8231546058231637,4.329060812842967,4.4528442903939505,0.023966044959487755,8.519188974301251,1.4179454917491725,0.4853940796557705,0.17219687429578195,1.141839004150662,1.2046247824300877,1.0725477486091317,1.1685611865713983,128.69519768808826,-161.38853996053263,-1.6825149780317499,0.14019452313522332,-0.685868308630149,0.6988420597292596,-0.14679895930513917
5120,4050,OK,654,654,,61.318916876791945,1.5620431593743582,2.034284449631196,4.503181862719632,5.182368082497284,0.03794343179585301,13.639471993474066,0.8035822817419869,0.36297839441361135,0.10016095232851506,0.6335308658386474,1.271630239038731,1.1068351869198045,1.166668636887773,129.2878026420982,-161.00109163443412,-2.7562865821206506,0.133200698392018,-0.683156474186145,0.7043655079348923,-0.1393701437075195
5120,4150,OK,1487,1487,,29.009893236279684,0.20706038464753163,0.006442310184375563,1.7685371778085877,1.7806288932683472,0.0176812428043664,12.502110383930193,0.6689708568105616,0.16207982804480192,0.07902318989371632,0.6194603503482412,0.9845401679335573,0.9651176152611691,1.0837270356596622,129.11303098745094,-163.95806965055405,-0.775318272753416,0.15706098046496147,-0.6862991838801985,0.6949136920402661,-0.14635654831856595
5140,4080,OK,667,667,,58.65212420668428,0.36596119769886126,1.20190900908762,4.587894808013825,4.756815282702008,0.01881019495988548,11.21995023517863,1.4292037670934885,0.44508667416717484,0.12341996072456451,1.1851600695802507,1.0517267757555244,0.9268550362341391,1.0781737707070713,130.4102167382978,-166.2460417973344,-2.0012391122340536,0.1349652835793567,-0.6834675032282869,0.7052769443020678,-0.1313048974531159
5140,4160,OK,1572,1572,,24.69330781362401,0.15762134421880225,0.01189144469924433,0.8846728661704191,0.898683467494847,0.014250035894940736,9.49385645596428,0.49287160408430464,0.14100832572562094,0.058172393053851135,0.424614331229634,0.9193670399899607,0.8939628766891742,1.04586164796331,131.48722174585842,-169.7509937231846,-0.7468820595232945,0.1480116791429121,-0.6865715156511122,0.6998990723207137,-0.12982058888494766
5140,4170,OK,1369,1369,,22.45022215398436,0.1208380038434439,0.1524905801407948,0.01351640710120705,0.1950330573658473,0.01672658062468066,11.721299847811945,0.5481285609712524,0.16428392109886816,0.06395543104296286,0.45531766369742854,0.897570823971427,0.9082015833657314,1.0392818180032162,131.7454479875644,-170.59028191913208,-0.9376116796653553,0.14413806753439842,-0.6854915194195427,0.7008492916271383,-0.13466946467954263
5160,4090,OK,648,648,,56.97938738352974,0.46184126406320625,0.38896522380460363,3.7389025222104024,3.787345161074202,0.024837415577567128,14.256899324702061,0.769170649465619,0.19355245854252545,0.097180028903737,0.6927453219749822,1.0401766002616568,0.9490698859893981,1.0573449948562343,132.71639459195907,-172.39589721228214,-1.087234062466963,0.11275073290762194,-0.6884437519095176,0.7060747251134801,-0.12161807119611913
5160,4100,OK,645,645,,52.836511386871116,0.014030295180845254,0.5033514497930942,4.6910711605541655,4.718019517188826,0.02418863861842126,11.5521565369163,0.6861490313017818,0.19746721085206476,0.09016687759258701,0.6359426536118153,1.0295214095949,0.9247408795995204,1.071006749671617,132.07128533163677,-171.6163941787618,-1.2782314607025729,0.11712844426976543,-0.6892706040678934,0.7039079689005111,-0.1253017686594367
5180,4120,OK,623,623,,54.723527251092804,0.4621036376480707,0.06789684501312815,2.214870361088023,2.2635813371550193,0.006097347413138007,12.087174809672419,0.46558978585249544,0.18351429033727723,0.06943198454782773,0.35469010368247744,0.932793698696191,0.8921281309103256,1.0216415599681083,135.0943651051727,-179.43231935442086,-0.7124880153927603,0.12759970654532232,-0.6857330163449027,0.7061968164764099,-0.12155081893040902
5180,4110,OK,604,604,,58.480954764693905,0.010039849555525338,0.0916132290402571,2.35536367349237,2.3571660562467276,0.013572191919663775,14.769582134440395,0.6007225600434518,0.16138622933761582,0.07443192364512749,0.5217232191453856,1.0477491136816743,0.9810781160840357,1.0957860460996238,134.64644939687963,-179.44590448183007,-0.5440041557383455,0.12545634446341794,-0.6859657929260837,0.7056685511240396,-0.12547323429187646
5180,4100,OK,485,485,,60.570469939427255,0.08731018687485614,0.10692513880620481,4.911579444099022,4.9135189721559955,0.023434889255084135,17.471858168785044,0.7777689455157344,0.2090389642342947,0.08603781718114911,0.7209502154736249,1.1238192299762129,1.0226919372304994,1.135503690401231,133.70371686526602,-177.07197938017217,-0.6290071874497801,0.12173812196638283,-0.6874336505931818,0.7041970454879416,-0.12931096944298
7800,10660,OK,1583,1583,,25.905941963782475,0.12919401596296654,0.03850109341027064,1.2440133245994929,1.251296359674841,0.008025529890649707,10.767822401754701,0.8916346337354738,0.28397439519076517,0.10677820435304697,0.8309806688557577,1.1157018844126174,1.0552440718461076,1.1694072881074982,275.6715452656486,21.094478088055055,2.8236899254755534,0.40873495849559766,0.5928166198801835,-0.5616788954661934,-0.40745675511066565
7800,10650,OK,1505,1505,,25.745360937080463,0.057027387329203816,0.12050719467880261,0.6443476916852635,0.6579954822451878,0.012427590662514573,9.024033294139766,0.9014859164511412,0.2158090608773504,0.06042056006689367,0.8564459687156525,1.0626667638301506,0.9885909603581713,1.0996998100233335,275.07829002697764,20.953095311724823,2.931161681436426,0.40968297510301577,0.5945135919869787,-0.5601817144400247,-0.4060909943110247
7800,10580,OK,648,648,,44.041141368905514,0.2859108673048877,0.06617196741033425,0.007515742716845963,0.29356471126920763,0.015096760541133908,4.314754925878767,0.9176899942096451,0.2178615451631063,0.12646391745802799,0.8676747784113346,1.0071463423122515,0.9908853744916087,0.9171069121381753,274.3919069922401,21.011968697280427,2.7092841089752806,0.41499327718196055,0.5919112954403549,-0.5593027865143442,-0.4057117094947929
7800,10680,OK,1340,1340,,37.47188511823093,0.2872711566345785,0.1801403266661706,2.105244555347406,2.13237658319197,0.0171021242793202,13.776460929311973,1.1571004223333847,0.17052475047594395,0.0842853946020039,1.1311503721244431,1.0825664658271923,1.0408765916935072,1.1743611840596677,272.39503301614246,20.338411323439022,2.513885412020405,0.4059015720728954,0.5954136953724457,-0.5568224724999887,-0.4131285263337302
8700,8680,OK,543,543,,21.16561166053098,0.015230147897064672,0.2893708619831144,0.037444806782267026,0.2921807090223077,0.01689055848054632,3.777856107805328,1.5296103156099732,0.3952720681362121,0.23015255725426376,1.4105974170694218,1.1462163015829194,1.0834884038318517,0.9996631903976912,215.59647302757517,3.6752406266479225,0.500150603040747,0.6168880304264732,0.3757264415092151,-0.3580506191759586,-0.5916743641354436
8700,8000,OK,439,439,,14.281569340386039,0.4646070784245997,0.21577737185292203,0.39341040636675795,0.6459035217148564,0.044512982197013835,1.7500787028565998,2.9230949447680192,0.9438887653012896,0.32889216430206103,2.6566954864795767,1.3510076875916617,1.1317306209105022,1.224381291700325,215.70812315142973,3.092343800399334,0.4233935146158437,0.6153404861172547,0.3710967129754407,-0.33519902241445937,-0.6093315445110278
8700,8670,OK,263,263,,20.10896947285685,0.19152920615064417,0.18508373105817927,1.2254616411574482,1.254071632028816,0.011634011340020407,5.371673871785522,1.3479152182026823,0.4517119726084533,0.12099839297961568,1.223149641706188,1.1350463068922725,1.0296710970053538,1.0823114817343988,214.67714847041213,4.454353330506482,0.38761448567676554,0.6137779388029868,0.37656237844175094,-0.34977379163141264,-0.5992793269159495
8700,8010,OK,348,348,,23.66672960365367,0.26058861225459257,0.38056448515866637,0.07664002633127431,0.467556890481697,0.07246628866085318,2.947769649380186,3.300812379397204,1.0475341764766828,0.2812373015821352,3.059820909784248,1.4499675869322493,1.145410562035138,1.3451406133092354,215.55459445498417,3.333030099182607,0.63278095168792,-0.6055186282290668,-0.3828662136914972,0.32606602875626434,0.6167994797113932
8700,8020,OK,241,241,,47.259474340988454,1.646983171529501,1.0000394432589215,2.604175471337671,3.2395003227182686,0.14321963927126877,5.489461524945776,3.053056659406545,0.991868347741965,0.26513551769224086,2.7956945294300435,1.4444223202122657,1.1524324513188373,1.396345639356599,218.61212013439606,3.658881900669334,1.8850961532100556,-0.5859305270353813,-0.41047140853161357,0.30838928251205067,0.6269726395129345
8700,8030,FAILED,148,148,,,,,,,,,,,,,,,,,,,,,,
8700,8050,FAILED,150,150,,,,,,,,,,,,,,,,,,,,,,
8700,8040,FAILED,154,154,,,,,,,,,,,,,,,,,,,,,,
8700,8060,FAILED,112,112,,,,,,,,,,,,,,,,,,,,,,
8720,8040,OK,1103,1103,,26.556442514525774,1.0488059883315128,0.40688080414755745,2.953616266232453,3.1606004236690124,0.023438019981158003,7.635059136356797,3.0210520322024204,0.8756347844366066,0.31281314746538613,2.8290665125974215,1.3542765260533527,1.1170113836777544,1.2384427993760911,214.63698958876034,4.99744369008306,0.8339715262052253,0.5072061685925652,0.5176788473082427,-0.49266699611466414,-0.4816946590223033
8720,8050,OK,1260,1260,,23.527537230328733,1.5072233008571079,0.17658668643599845,4.378699387718115,4.634211180392628,0.022121642205051868,10.967734364997648,2.9350181370848683,0.8955112518286463,0.431023279372333,2.691413254593371,1.3149977887790176,1.1680754544769698,1.2051635281885926,216.0746744147289,5.442481292954217,0.7199924904916464,0.5072730067587727,0.5167064750092211,-0.4928711146064768,-0.4824588891128741
8720,8070,OK,781,781,,61.08596901603567,1.4697981536681404,0.17101542577131085,2.8656805458678356,3.2251632329764943,0.03872671219557504,17.941178788726674,2.773230254547174,0.8769284544072495,0.4117966950777079,2.552050676926508,1.32739638257969,1.1805520005304866,1.227716148759118,214.51782482011606,5.4908487279198255,0.7271088645701327,0.5147643701047567,0.5129085110961337,-0.500091870120372,-0.47101021640226587
8720,8090,OK,715,715,,67.76777001157612,0.6388730956742794,0.28850775223187497,5.094171382553533,5.142176351536546,0.023310861558138163,25.218461949343318,2.5313568989612905,0.7619935681280777,0.48680460593736086,2.346916669489791,1.273496946113097,1.2102567887200044,1.2159066615795193,206.6286881725948,3.2231983788099665,-0.26047873387030585,0.5078987823898163,0.5113108247921325,-0.5040781417770714,-0.4759257234904475
8720,8060,OK,1191,1191,,40.53490494670643,1.6722489030675867,0.1434976013755916,4.961504602626247,5.237703301762399,0.023181459041222516,14.390871210785772,2.8935835083612518,0.8425950362788655,0.4301205390379721,2.663559090440076,1.3217778387693075,1.1899394617951826,1.2434449735295807,216.65501559489869,5.604335589168924,0.8164278856878444,0.5059239368190248,0.5181197344764935,-0.49186101743267086,-0.4833897500254274
8720,8080,OK,808,808,,70.79721907584899,0.3710208379337203,0.11459662082919579,0.8567957368131793,0.9406847411900277,0.03003428268466347,21.556089603218393,2.668584934898655,0.8532244809583199,0.46984571347134074,2.43446946953231,1.3228422774749464,1.2204593135442523,1.2240994030216235,210.85279493718227,4.278084159167953,0.17787086432516835,0.5116995490143591,0.5115061619570226,-0.5016744464239346,-0.47418115485933926
8740,8060,OK,1473,1473,,46.16879351052587,0.05000371634892925,0.016940679964890584,2.104665298713174,2.1053273802175734,0.013379137270899748,9.944083425398055,2.0868150526198637,0.5059846097527814,0.2921095199582471,1.940983976305291,1.190802123972356,1.128714753244776,1.225986343527097,209.43274229574715,3.570650657392952,0.14614765134325466,0.41813845133518474,0.5865663829660654,-0.5645086635466725,-0.4030261563098234
8740,8080,OK,1128,1128,,60.85664823601952,0.17045680292413995,0.10153036766602722,1.0366778902008953,1.0554927689249687,0.014668680861360507,17.107884574549214,2.6487219207202948,0.8583869144829452,0.46079037760885344,2.4176881059286646,1.3201617922610576,1.2032980652589795,1.284932278358122,208.33931318371955,3.4488008842435245,0.20892428624485876,0.42070634116480826,0.5835765087286252,-0.5692960876433241,-0.3979278798448703
8740,8070,OK,1192,1192,,66.47910580980589,0.453450412244697,0.2785131953708072,3.089088205367826,3.134589736616765,0.022470290907014297,13.493663376058379,2.5636975050166093,0.802529004339994,0.3833522865522587,2.333027151663617,1.2805069540494174,1.1355884120192332,1.2579876176523064,210.16438615594626,4.386296539729915,0.622255904702945,0.4204767868639793,0.5886684080208564,-0.5649496889866085,-0.39686348537081195
8740,8090,OK,1078,1078,,61.96406092764731,0.37660470744281344,0.030736052016345244,0.4060626700173202,0.554673509862544,0.013520691042541458,20.76999814929577,2.677659577277035,0.8436517271180202,0.49347850997620446,2.457626005703294,1.2890404575337189,1.2044761415915293,1.277694472361579,207.65177700005373,3.5061024947411754,0.13864732476456731,0.4178588402990779,0.5854465280098612,-0.5683377132794081,-0.3995479897201858
8760,8020,OK,697,697,,91.56143271674146,0.49103430994986397,0.8051839644880889,1.2034157449119807,1.5289360239456562,0.025933510160401723,7.763040058174131,1.6486085718979426,0.4448012521185072,0.14634875771469413,1.5616300727837817,1.2711809559699483,1.1200554536310274,1.249147159084568,203.91063995243474,1.9609406248025454,0.48327611679849913,0.3947261677041646,0.6059834007609941,-0.575625130064784,-0.38161640448181033
8760,8000,OK,668,668,,89.65616264351449,0.24108382028961195,0.25899993467347027,2.7582583007160935,2.780861598144634,0.020191114889955255,13.205907069772692,1.7207412546350995,0.48101792937269283,0.22908119710294528,1.5850676258275067,1.1853969227170509,1.104089452477463,1.1315091858605633,205.65127633424396,1.921923298767136,-0.04043562862501321,0.3936421908710849,0.6036663867629404,-0.5766008774492623,-0.38492096225527833
8760,8090,OK,1064,1064,,62.63156416272054,0.46663582736965614,0.04833091915289309,0.4896277820357895,0.6781004631117823,0.01709531262687876,15.971177288079614,2.6256822287922654,0.8093038300222551,0.4779300658861072,2.422493599224987,1.3062342242846732,1.228023893290193,1.2241362506945832,203.18262062170885,1.9548116540344163,-0.13656360774846138,0.3932490403899591,0.600109701099331,-0.5848216748114551,-0.3784272024439741
8780,8090,OK,1459,1459,,50.42551536238183,0.055230752861960775,0.04398370273254182,1.4122486661662474,1.414012481294316,0.009566304936506486,10.828972599700112,1.6117586947209532,0.3876670557439299,0.2774555221065098,1.5134023610404297,1.1472221348421228,1.1373494078195026,1.1342210469403735,199.46052483258538,-0.06120746861860393,-0.38015060225748437,0.4031415573776655,0.5914730778676109,-0.5786272918416495,-0.39093086346427536
8780,8020,OK,682,682,,94.56382444039055,0.42756211004840594,0.010051673183377074,1.088802926567709,1.1697872485991796,0.011630470897559237,12.904568421215298,1.5543163719881035,0.44236667116840467,0.15795569626396377,1.47960468381557,1.2356864504604015,1.1027892982252314,1.2184193742250367,199.05255985074737,0.07521523348732817,-0.43347306240603745,0.40384749121678504,0.5932100763566709,-0.5765353666095497,-0.39066095299532244
8780,8100,OK,1052,1052,,59.33798134267241,0.225702666981092,0.09439191135307375,0.46015218832197746,0.5211444744298541,0.016463769283135924,14.496856582973736,1.993042158860063,0.5450003956223424,0.37715023771031553,1.8279804279534737,1.202768755785049,1.145961275977193,1.1728549708796354,197.57416755940574,-0.3729163786599523,-0.4719448056560194,0.4033108732866261,0.5913171139262243,-0.5813501378434344,-0.38693207090671555
8780,8010,OK,590,590,,99.31823459622072,0.5415410651421532,0.012055438568624122,3.2133007275227268,3.258636773918269,0.02395518038793242,15.731028197688653,2.191036820012843,0.6736300244536715,0.25151827978644103,2.03639097987128,1.2759064500491404,1.1036564685572123,1.2242380340962526,201.35372551060485,0.05540164265666103,-0.5400399091910064,0.40519834344558725,0.5967210850242745,-0.5690552599155057,-0.3948599249340209
8800,8030,OK,663,663,,90.91694698232008,1.5591011963486872,1.2484832722425216,3.301992731577281,3.8591013229655546,0.030329066753712487,15.390437577624956,1.7806421198442677,0.6140922022208246,0.17575047133695065,1.649675418688057,1.2582364548314067,1.0726553093477438,1.216726426642436,195.6316677691841,-0.024967589183722882,-1.8688432453900137,0.41231041196944634,0.5887616023204792,-0.5798566492591449,-0.38357028837563023
8800,8120,OK,1265,1265,,50.87246246680699,0.1803923900515764,0.021879837325311277,2.4398500991053975,2.446607579440258,0.019289884915717315,16.359724889801917,2.354286774721588,0.6530395079148752,0.4086514265304466,2.1675105864467774,1.2350188203443542,1.1785037441818476,1.2587721792968207,190.53803534815526,-2.8264828378699614,-0.5767052659323527,0.41100981140080933,0.5896095643071889,-0.576617491173215,-0.38851482015859473
8820,8140,OK,1168,1168,,51.27296879723103,0.14080154635227476,0.014397257604957657,0.0185067925499105,0.14274052631337994,0.015568345213989514,17.880177254023383,1.624692845383294,0.4292966689148594,0.2839054974969544,1.511451500039831,1.1630069613892355,1.1126473887772492,1.1414130988652094,187.54973067269046,-3.7899290078150223,-0.5619974968028909,0.4101831711753901,0.5918815142539985,-0.5727398339742252,-0.3916568928897731
8820,8130,OK,1120,1120,,54.488136352220394,0.04232875326730631,0.007255212663288095,1.018215814599717,1.0191210951427312,0.011708959188058499,14.377688296949652,1.8447913419705266,0.4289492388329408,0.2465774625938485,1.7474852073570268,1.1612740628128766,1.1151322626577873,1.149733756244927,188.5539408763255,-3.620574798098792,-0.5962908778809619,0.40903698611403955,0.5919629792827024,-0.5710862571291367,-0.3951317021800754
8820,8050,OK,623,623,,76.05700999993887,0.05077770211851329,0.7568157361349248,3.6244734624792283,3.702992885992363,0.030095694497033778,14.498424539734641,2.265215034694705,0.7690829803727011,0.37945589211375896,2.053355293628485,1.2585114473144716,1.1406931453317062,1.1963506858007824,191.03111168790744,-2.8835796713370074,-0.22312660067096374,0.4162558685386369,0.5949768053004413,-0.567810316376934,-0.3877178067584101
8840,8060,OK,638,638,,78.8248766932283,0.28055797067556243,0.5523848311577495,3.7405624710872427,3.791523358323019,0.025178181217683292,16.356683424202853,2.5181807639553373,0.7731612691630971,0.41927272771563295,2.26102537905855,1.282523461888901,1.1708972161393016,1.2417124857401836,186.08140769719347,-4.361804400661105,-0.5437703394875629,0.4102539713716916,0.5957785534754317,-0.5716797904105829,-0.38719738045161095
8840,8150,OK,1233,1233,,49.70784031590909,0.20643648061458114,0.31250933713483847,0.7167541698233801,0.8087117201352985,0.009861406381549618,16.008431301095076,1.247645094988367,0.29105089844895105,0.24829128836946301,1.151749542666165,1.0553261410566868,1.0868697889098622,1.0240700235913016,181.86827086128463,-5.718493035065021,-1.2635183093126843,0.4034898432056545,0.5915105849849058,-0.5751595724247922,-0.39560414624826806
8860,8070,OK,693,693,,76.97547733784559,0.7104014813820152,0.38633048336720577,2.892950577629337,3.003844961334459,0.02287327120898976,17.550878632433935,2.3089459876065823,0.6639460885361101,0.35181307872567036,2.1550120549796485,1.2754406827240115,1.177519772526174,1.2171137764689133,180.65845884966706,-5.832561195322595,-0.8420625912875217,0.4069288613552709,0.5957025866450946,-0.5763603178511695,-0.38386991815841076
8860,8080,OK,669,669,,73.8376025399232,0.11754510691475462,0.1998134909553962,3.574741036674993,3.582250097720089,0.013202735333466008,13.936315334314077,2.2018626857283916,0.6435396665195883,0.39843117089854896,2.057891529020556,1.2674297648426855,1.2015325872412403,1.2004842403469622,181.48008828500159,-6.0144055991174845,-0.8959253000517529,0.4055467579378295,0.5952252286349119,-0.5742500203320917,-0.3891987518880616
8860,8150,OK,1372,1372,,43.48375785017569,0.09540911656887846,0.16001543857914352,1.074816855554431,1.0908433036380818,0.008417422156050994,11.26390155144834,0.9153313091276025,0.18851226514306552,0.1794552255785331,0.8339599903965604,1.042817663843331,1.0749958442506675,1.0052980047175037,179.1915696792477,-6.981398578108395,-1.176450392026001,0.4016895823631279,0.5941558121006627,-0.5751429354936443,-0.3934907293948509
8860,8160,OK,1214,1214,,49.76070641405401,0.1408655642991674,0.13690400404304906,1.3372782882867948,1.351628289823649,0.00937200276402051,14.532903403004605,1.0532392099465522,0.24157488880975642,0.21202036705937544,0.9727191885932864,1.1028701562973182,1.121102273956663,1.063393728494559,179.43753751219515,-6.886474996539599,-1.1221670640090171,0.401713533815935,0.594568419963301,-0.5753353978866517,-0.3925605821654354
8880,8090,OK,696,696,,75.32731101540008,0.08269435041991213,1.3507709828460923,3.4139171410962437,3.6723631152108474,0.01543506522798098,14.70464066192551,1.7907781165442995,0.47645972136598225,0.28903580805618134,1.6727906212934336,1.192798614438549,1.162319234454168,1.1606415354526811,177.22158779075002,-7.6796013901560904,-2.3285794245704734,0.39847993130286474,0.5885334503203512,-0.5819724856025524,-0.39515838369503675
8880,8170,OK,1304,1304,,46.58132444946311,0.11759502002166866,0.07074602836108147,1.0855218945336294,1.0941624069463562,0.012100365002033722,13.239960919289734,1.0632293077784583,0.2221832088741833,0.15382743470233318,1.008473203828097,1.1161725595660683,1.11437204784806,1.1037398229119388,175.01340484992818,-8.425230049638904,-1.203343290406739,0.40025539927628495,0.5931483042812036,-0.579164672346686,-0.3905623980672877
8880,8080,OK,606,606,,79.93261768079392,0.8155040872171737,0.11231062631710564,3.9474381267853786,4.032360147339337,0.016221990581187985,18.366636855631015,2.2315683173214014,0.6679721943038712,0.4151872577729656,2.067898696674023,1.2600920471522008,1.1936566439705694,1.2296790318106101,177.4273086053892,-6.818756408867305,-1.3130015901657346,0.40093253982532356,0.5944688392349521,-0.5802618528637957,-0.3862073015867758
8900,8180,OK,1180,1180,,44.67378526447746,0.17686142661239845,0.17835576414720064,0.9474847914822817,0.9802133303103603,0.007479724586908001,12.129057408000026,0.8166773838178616,0.19817022164564602,0.17624101680364612,0.7516279972757651,1.079419783528615,1.1134449158707869,1.070507717475351,171.092652122417,-9.927738628934184,-1.4472190899913717,0.4020204166091748,0.5899632734536635,-0.5808756763743104,-0.3910324400889405
8900,8100,OK,678,678,,77.98717750520208,0.5270856662300699,0.17904982391343827,3.2685442331734382,3.315608472543157,0.00657044756420251,15.099814479185193,1.1820280381173283,0.32348827088631316,0.21324083525551835,1.0896944649681366,1.1593154650381612,1.117309056437588,1.1201720102795059,173.40557813056392,-9.480948759286413,-1.4178492155163713,0.40361754760365853,0.5900164904283325,-0.5789650064272132,-0.3921389264301349
8900,8200,OK,1064,1064,,51.802770039118954,0.04141311025744665,0.11764726027505142,0.8003949459019601,0.8100543148313099,0.008535975406071792,17.335388282850477,0.7743851865355981,0.23817060619830865,0.15997093107674976,0.6834514907470064,1.0772488371882738,1.089139375309384,1.0889733648890512,169.39390895746715,-10.377518987136881,-1.3934488031235386,0.4030654433538204,0.5898601898632507,-0.5821062518048565,-0.3882724770031719
8920,8110,OK,699,699,,73.08595513506067,0.4227935863833926,0.6106252130143748,3.7130931038601602,3.7866446843333033,0.014768233902437517,15.190405387723985,1.05284179024056,0.30242099823803503,0.23266573574103044,0.9403072601498721,1.1142796895348162,1.10204203437131,1.078595633526121,169.95224698181943,-9.776222325551299,-1.831848957789886,0.39867477251021666,0.5904401066616878,-0.5793001382520371,-0.3960432502018343
8920,8190,OK,1265,1265,,44.773139884008806,0.07674174916010013,0.10047016382499908,0.18467883882036773,0.2238075588339528,0.007927467017976891,11.086053381328819,0.5215877535264902,0.09525756710006217,0.08934204222958952,0.4653309327565438,1.0011194786391584,1.0222318595030753,1.002290396999878,166.79109414369003,-11.35718173594945,-1.4672798140085286,0.4021800244499227,0.5902592335905574,-0.5789007822028666,-0.39334355144003125
8920,8090,OK,606,606,,84.63719359917138,0.9237771854895346,0.49626332297146536,2.3868233219433854,2.6070226589599304,0.015061915328736882,22.532157672547438,1.6174609119815258,0.4166830199479412,0.2958087107383657,1.5155521999707395,1.1903005401207736,1.1607135907079569,1.1684029784414263,168.58104494306247,-9.950910144001579,-1.7301211358123505,0.3988725126664322,0.5909088751726638,-0.5807050286676211,-0.3930764423893669
8940,8220,OK,1088,1088,,47.73687964543596,0.29682786156410323,0.15836590156500097,0.010453492443629031,0.33659443501561787,0.0024945299241886866,13.871503326377855,0.6966175852643632,0.07877614755996754,0.06612842426607868,0.6539479312624072,1.0687957463404647,1.0833202407471076,1.0131792979210907,163.20189623393873,-12.897046929480865,-1.6421556989157737,0.40534709039872713,0.5850622901080661,-0.5778506085539274,-0.39935513918396864
8960,8240,OK,1173,1173,,46.133376058935866,0.3286066476272348,0.11134353818833756,0.07947528561239459,0.35594386268663086,0.0053403192677636945,13.114908911412671,1.1269485732783706,0.1400790596728667,0.12197794540620666,1.0921166744123303,1.2331443021540947,1.2192796327130786,1.1377812935185072,159.46389695788446,-14.145115367654311,-1.6360687637202518,0.4065189610783254,0.5852458505307837,-0.5801328046895219,-0.3945574199573079
8980,8150,OK,698,698,,69.06041378149139,0.3058972345426426,0.024957503613068865,2.563909779270311,2.5822140405716505,0.005687808667773145,11.98754839526397,0.6002478055106337,0.20189830646232743,0.12633601495342162,0.5232792781973643,1.0217586104058527,0.9981110598717949,0.9797427163780453,158.73160117434827,-14.366841566583878,-1.623546045182246,0.39450246135782085,0.5929151430037254,-0.5855536650471866,-0.3872290620928393
9020,8170,OK,698,698,,62.19770888940175,0.5783248680873618,0.31034724246131845,1.183865886485707,1.3536297503882655,0.016714971760217207,12.022462165020242,0.8609786186849494,0.19144872438428262,0.06702802748217818,0.8025979628712641,1.1274545684124504,1.0638248708572962,1.1049397168000437,151.1755055335893,-16.65540438748333,-1.9218926098691202,0.3600705962619899,0.6108142789144587,-0.6057626393318938,-0.36098020329569735
9040,8180,OK,627,627,,60.91031168465442,0.9146868956234699,0.14705021849567204,0.38100862954241954,1.001720250155061,0.008630126167422172,12.278557423618874,1.1222742939045007,0.49062459702003025,0.3078268012140688,0.9365879089644737,1.1774693107651137,1.153067418784449,1.054395897749715,148.70978456597027,-19.981741205174284,-1.572952065889641,-0.2948924390027318,-0.643652903551227,0.6446098739506992,0.28849176690914186
9060,8240,OK,522,522,,48.900859024313576,0.703293650678169,0.4006755818167147,0.1399399768768368,0.8214292897606457,0.033378589563553294,4.301551320853846,1.081975252600782,0.2879066169646288,0.18709389675380683,1.0025637429749614,1.4498614062024466,1.4020107555412182,1.1881197713833365,146.73440346281345,-22.507428334216826,-1.407350536357289,0.1703303563042478,0.6911724879260029,-0.6814273900243556,-0.17007314244183858
9060,8230,OK,438,438,,52.61067553935008,1.0215231843588828,0.5505420131676813,0.16362852103204428,1.1719131441111876,0.057014246328856356,5.4554983480247525,0.8859035746825599,0.20402455158848798,0.16367863547567763,0.7770631363183629,1.4564641310491329,1.4139149381484772,1.2097895398023513,146.9356501631826,-22.594321416387352,-1.3104847382316647,0.17128839477778346,0.6940585144507115,-0.6756665796196206,-0.1800492641419134
9060,8300,OK,643,643,,18.65570090445523,0.8351028081576535,0.4323442698054129,2.2100096841202905,2.401762076420527,0.04004984732835159,4.749468168474847,1.0584070470389422,0.35866764724206357,0.11644040549195545,0.9347098049941138,1.3943634399706784,1.3524903151136956,1.2144832801184047,145.85319125007706,-24.643870553187366,-2.15001203202761,-0.1742735968015564,-0.6877277908951546,0.6915176703448654,0.13587682175091192
9060,8220,OK,359,359,,51.30791738264208,0.7067105695712762,0.4598528434314155,0.36941111029759544,0.9205264988945282,0.0556786534117234,6.758399858991888,0.74787723957072,0.1882060459808339,0.15487583466815846,0.6940824661724854,1.3654899140544434,1.3359568552200805,1.122259244544934,146.79445625860023,-22.24114797319153,-1.3643420231400165,0.1656040466350002,0.6950941862476242,-0.676401609729225,-0.17860636701578958
9060,8200,OK,325,325,,53.51466607227791,0.5168069310208656,0.1068039844867192,2.4016908932459735,2.4589867103654885,0.034478904562752884,10.338140992015282,0.7198542446669858,0.17532822434680373,0.08178810445267884,0.6602378693506266,1.1914372942881042,1.1497019224269185,1.093571769338284,144.3448801585854,-23.973921249744677,-1.5918375225903043,0.17422677360534378,0.6872620460790191,-0.6839404368516415,-0.1718760897202934
9080,8270,OK,478,478,,24.821498202505452,0.12143452197613658,0.3599872229152338,0.4417139806850212,0.5826219911077871,0.03156824358953083,4.375261517352094,1.004027043007241,0.22074474106894648,0.1904555863864108,0.9444317432812728,1.4653111946443795,1.4576220717378316,1.1982519080932819,145.84754770666262,-25.141516827881958,-2.0546631938039064,0.00969192057874735,-0.6980395880624354,0.7156987467217695,-0.020545172523228246
9080,8320,OK,394,394,,22.18183528252669,0.4595400304870061,0.6013091352946118,1.7297907460293156,1.8881010939188103,0.06869931666039586,4.215859737946874,0.7639219045379823,0.13539234428816893,0.20440927696244748,0.6985948830472752,1.3390039582172586,1.4293363999348214,1.1508580797457781,146.43403735024344,-27.318699728264413,-2.3473879247622724,0.006637424503079387,0.7128621205048871,-0.6991454369142698,0.05458204638153748
9080,8260,FAILED,168,168,,,,,,,,,,,,,,,,,,,,,,
9080,8040,FAILED,116,116,,,,,,,,,,,,,,,,,,,,,,
9080,8010,FAILED,114,114,,,,,,,,,,,,,,,,,,,,,,
9080,8050,FAILED,108,108,,,,,,,,,,,,,,,,,,,,,,
9100,8330,OK,999,999,,15.292822220639449,0.3478316444618523,0.37083226450207907,0.9717068021893243,1.0966847909521582,0.021347467254680206,2.528619658155445,1.8617128416852435,0.4261903871212318,0.23695361856597863,1.7520922798606087,1.449616786505609,1.5031588012519153,1.1996160459960483,148.4041934841612,-29.00345511534928,-2.1519608744338523,-0.1924769518075161,0.6778892801035972,-0.669888501322339,0.2338121954467396
9100,8290,OK,527,527,,63.51526605343326,1.3276495513159237,0.5096843047087148,1.1882025983444318,1.8531747991725547,0.0315311662480891,5.075043284389629,1.2343972585492629,0.17975917364558547,0.15914563900093193,1.1337801114749215,1.4517452035343508,1.4274070341488432,1.1659356165708465,147.91798788628802,-26.76999560901354,-1.277449867625735,-0.1999504331566502,0.6841621966323409,-0.6690395389565864,0.210542176991776
9100,8340,OK,270,270,,14.302662358257628,0.6045816289605803,0.08554401819573589,0.3132707751516475,0.6862764047304958,0.022151372877062453,4.482418959140611,2.2536793511208266,0.47538478190822087,0.256627925952863,2.1463779508479712,1.5141436391331842,1.5301073212824075,1.3816380768991638,148.2323879376587,-28.310334199731845,-1.7571141187924353,-0.20359997979416103,0.6853507101255284,-0.6644615979547589,0.21755973249123906
9100,8280,FAILED,113,113,,,,,,,,,,,,,,,,,,,,,,
9100,8060,FAILED,45,45,,,,,,,,,,,,,,,,,,,,,,
9100,8520,FAILED,38,38,,,,,,,,,,,,,,,,,,,,,,
9100,8680,FAILED,34,34,,,,,,,,,,,,,,,,,,,,,,
9120,8360,OK,666,666,,18.393311228768273,0.23619907244686167,0.02064291890888216,0.5564793540849653,0.6048846199471902,0.02348676981826442,5.295359896660437,2.144760167014845,0.4862700870804909,0.22191850648322692,2.0262621158694314,1.3826451029784155,1.3617537505207982,1.1851713186824597,151.30473718678917,-29.790534254563283,-1.6959346979503884,-0.383195876435169,0.5984926431988883,-0.5711267001382774,0.41083058395043226
9120,8310,OK,364,364,,18.342702080891918,0.6299100137811228,1.8482810939143923,0.9115655778678216,2.1549666889157737,0.08696072933646483,5.430135745238097,1.1816907112131818,0.35416342795540556,0.25162833914277966,1.0417637288032218,1.4252289244950829,1.4255950568739626,1.2347737651574142,150.16893940835433,-29.05599535582752,-0.24722542426824232,-0.3994072502499695,0.6155683649298035,-0.5441240573927701,0.4067904211161269
9120,8370,OK,428,428,,20.980110971662846,0.5523423527076221,0.1672615649905475,0.6429723157889926,0.8639860557837369,0.04837698321768333,7.769600896266025,2.955977470036432,0.7106640035586071,0.337687608497494,2.8122118167252523,1.4666211364813582,1.4127324752235038,1.3362659821239307,149.8941529517018,-30.094713616742567,-1.5317504839410245,-0.3815606553225994,0.6069737033486221,-0.5607474475914338,0.41419402430834196
9120,8380,OK,304,304,,24.560364236901066,1.8759011065737639,0.4020815889703411,2.484550244048064,3.1390547113793477,0.06601222425329847,10.441503176625424,2.3927095326134253,0.6167445177255242,0.34920453433278176,2.264544444165305,1.4734183456590566,1.440109873153404,1.414478958171334,147.7397395507451,-30.850079990635866,-1.1339979733491239,-0.3890416126832962,0.6106872181986619,-0.5509520257965818,0.4149212098702629
9120,8390,FAILED,136,136,,,,,,,,,,,,,,,,,,,,,,
9120,8420,FAILED,70,70,,,,,,,,,,,,,,,,,,,,,,
9140,8390,OK,1196,1196,,22.210648163961245,0.16771672290371686,0.03925544506963607,0.7693333810795302,0.7883804540654461,0.021601896733063744,9.40231922160853,1.873072169780038,0.37360276106831825,0.15841022761204926,1.816438971645022,1.3329883793898678,1.2809635687085297,1.1704742039001124,153.83466383700477,-29.9468445958628,-1.7517244555711793,-0.5017168985495034,0.492559205918367,-0.4720754328380106,0.5317991802228922
9140,8330,OK,549,549,,24.65440605457642,0.1398553700947826,0.07478249301548286,0.39699210719119016,0.42749816254349066,0.012925949593982917,5.561501484928707,1.696143352868432,0.37533479209272347,0.19881708836516643,1.599181576038628,1.3307621960004135,1.415327744560919,1.1916890526799535,155.0229065313764,-29.677009290507666,-1.5989387182535992,-0.5075449060207141,0.478034187441155,-0.4746030729462511,0.5372461327546941
9140,8400,OK,996,996,,19.704053173816607,0.37091528532657003,0.07914858819642556,1.2743297046230087,1.329570924767439,0.022977269422956435,12.404540541074747,1.7330180363138779,0.3288259209686364,0.15710632725942886,1.6734130758845627,1.3409554728538307,1.285278381510621,1.190001208984295,153.32233648252074,-30.12193186032051,-1.8096417476584394,-0.5009046949872608,0.49306346061702266,-0.4719885963344261,0.5321744782252746
9140,8410,OK,720,720,,44.43447545679434,0.4269356675364886,0.10865908927159489,0.9383770529114965,1.0366447585007244,0.027198344944814094,15.505260314627582,1.7590756394582647,0.4259449316847528,0.16019190171840836,1.6686427829037713,1.3281451547201846,1.2573072466267003,1.1934983433106396,153.6580368027539,-30.145892987556575,-1.8375489937776968,-0.5000256543752031,0.4949074652641959,-0.4684616282518745,0.5344012056947675
9140,8430,OK,624,624,,63.99193171313169,0.38103971538177195,0.20208432920839242,0.1178199467257528,0.4471139459425158,0.02865012663251517,21.96812048511176,2.2105418062452005,0.6448133512922642,0.28276127791068384,2.037847093506034,1.4155520897107794,1.3071296483867665,1.216237403690415,154.41384802919197,-29.873192940841516,-1.9428881022994418,-0.4986872195067129,0.4952697067946493,-0.4698215716947242,0.5341223318702419
9160,8410,OK,1182,1182,,49.25768446433642,0.09616091163329743,0.030211053080229894,1.3135180418092247,1.3173797003190475,0.02160653260104862,10.844677484321272,0.9231896293593541,0.20616061820585563,0.09766881533317434,0.8828656314684062,1.2282199985602515,1.1700793082222778,1.1900109425932401,157.89752932368583,-29.155931604235015,-1.7533129581491824,-0.5564426115668005,0.4207715987545749,-0.4033604613488773,0.5921344610260905
9160,8420,OK,1182,1182,,39.08848428922946,0.0684945663702512,0.000304075676371765,1.665035544530161,1.6664438072233685,0.011266312899878842,14.034130031851697,1.3215544794129481,0.27397727666273486,0.12046170943699186,1.2722807685756674,1.2669030450032497,1.1777511561933622,1.2414226290676533,157.53312189078886,-29.19116416078168,-1.685229789178095,-0.5589424335630151,0.41878836083540727,-0.4073642710745948,0.5884335267838764
9160,8340,OK,518,518,,47.31895018245589,0.08458605518311857,0.40809481919510227,1.5133409283550323,1.5696805240620766,0.010853824870549832,8.060400539012138,1.893470552909894,0.42543639649680465,0.19122298942970017,1.7736204293058115,1.430183964428223,1.45508288543163,1.2826009571887327,160.50174238233294,-28.049397095774253,-1.2295056680515348,-0.561446035090947,0.4140171601901165,-0.40454739361582354,0.5913624498287073
9160,8430,OK,971,971,,59.611746952859214,0.03608288092617107,0.16323905232199687,2.0217480474288045,2.028648350449407,0.011459927302601529,17.30470722817993,1.5202941476326928,0.41980769577896604,0.18812663851968203,1.4007438154498146,1.251460185136855,1.1550764095848394,1.1927695704984287,157.14144431752476,-29.14883130106404,-1.875984621726932,-0.5586722267475748,0.4180685820487726,-0.4113673077095536,0.5864136269839135
9180,8430,OK,1261,1261,,44.627112656587045,0.35067228555363056,0.00534850203448238,2.5296529971473056,2.553848849150193,0.011891004465920056,11.99840888691771,1.0309796900423398,0.2348725808750971,0.13304977762124226,0.9423740205084705,1.1565510922799378,1.0972839136267485,1.144497526222684,161.54791579579526,-27.34411570832372,-1.6701930580774638,-0.5809460983368916,0.38319463664694503,-0.3906565132203716,0.6025371274458198
9180,8350,OK,495,495,,77.83297465629182,0.2727465131841573,0.03438005734135932,1.9135896681613023,1.9332351297476968,0.0157010057525855,11.065342482531925,1.545644936016329,0.23853077000257183,0.16812935878858393,1.4852496339166805,1.2261753805995652,1.301347518099105,1.1759034979350222,165.85744520146005,-26.098906588065596,-1.390536301076018,-0.5799529425460275,0.3780320404699986,-0.387852743105553,0.6085364495868686
9180,8440,OK,943,943,,56.736598276580466,0.22258935780573308,0.12615644358395572,3.625146843778264,3.634164430707784,0.005591187234519471,15.331149490624542,1.5139590355816008,0.36132692643115094,0.19898777281337032,1.4120843797903446,1.1697841998437268,1.1091837926791845,1.1661266918175528,160.6581032265854,-28.04116467941627,-1.8808190378022476,-0.579784920114423,0.38302549298492605,-0.38521720748049315,0.6072467547813634
9200,8440,OK,1473,1473,,21.409173355849457,0.05324721981229402,0.11191193239260971,0.534950395226037,0.5491188144491864,0.02447304040176887,9.526234546242893,0.6811704633471958,0.14987730096979318,0.07377040375634203,0.6452984085891558,1.1336368799445111,1.0899460127420526,1.1685949144344197,168.91202262309008,-24.71052495101337,-1.6580251078266495,-0.5715182973464857,0.39246144604932554,-0.3843567183523191,0.6095988535262203
9200,8380,OK,664,664,,80.4976387827317,1.2205891799191746,0.06617729217496829,3.486524138242996,3.69459983579906,0.008137317869980175,9.236081108518484,0.9617695149915084,0.24525859455262333,0.06738231377938908,0.9113191884838332,1.1731918867325142,1.073615793974252,1.2013220720048627,165.75684441335423,-24.848287715528695,-1.6337318791075692,-0.5796936270873523,0.3886322978899897,-0.39145003897508523,0.5997391955987705
9200,8370,OK,584,584,,78.28947995632666,0.02135236714242661,0.7134122142892085,3.3933576352345796,3.467605651120732,0.0148550416349457,11.95441079282889,1.3100061045894205,0.3261898655049351,0.08569073028267571,1.2517707297979221,1.2857180661823668,1.1603706073713074,1.262155506943448,166.26518431124197,-25.827472223952974,-0.9229621897451917,-0.5846760691157202,0.38465796917819073,-0.3870322582497829,0.6003317183234392
9200,8450,OK,1248,1248,,52.25057496954622,0.008610429007383402,0.19797891101586387,0.3049522079684177,0.36368343080147547,0.023152627403529687,12.887835584287219,0.8143355476086982,0.13794317618840718,0.08764274251246762,0.7838430008972526,1.128613634438977,1.1132068234730697,1.2070344549716086,169.1873870785685,-24.762554594337537,-1.7969495809069191,-0.5729976414273175,0.3885835704888324,-0.38375699154448845,0.6110704403795076
9200,8360,OK,519,519,,81.31691314401661,0.7820691619244187,0.22844851086799256,6.920223636782199,6.968020958581426,0.030142204460744077,14.49283608645504,1.0829431653338042,0.36686978731950015,0.07954235571168933,0.9943630179171863,1.3404954691847284,1.201887334348321,1.2025006405042413,162.70799977391843,-26.475927125124276,-1.4518979013269673,-0.5783888041929967,0.39019471336573996,-0.37631110288705966,0.6095936603095118
9220,8400,OK,696,696,,71.61234766521315,1.1714947254406698,0.15018671744490253,6.105694490036349,6.218879412522196,0.00844697224231514,9.600349553712716,0.5085517774243368,0.1323951037830602,0.07582598414854136,0.412387161564558,1.0293124792271897,0.9626639667263871,1.1014829098192738,169.17320980493466,-23.602645520771333,-1.6589351178113656,-0.5749869566180168,0.39264744288073816,-0.39859404259450204,0.5969428570026954
9220,8390,OK,572,572,,77.30950341303134,0.8360874650382735,0.2556394435260057,6.42907949645632,6.488255308327152,0.010347580471627012,12.602439608389169,0.5072154190145938,0.1539156422118586,0.07765358254910332,0.4209365019430562,1.0546943267651365,0.9770781505797105,1.1007796821041014,168.98978426331522,-24.044946263782755,-1.3032770035863503,-0.5755232334390713,0.3951078221797535,-0.39408419315067145,0.597796341016732
9220,8460,OK,1561,1561,,24.22266868343904,0.0618371000581322,0.08251853949183358,0.0003530382620482442,0.1031177042969791,0.008328307235063991,10.034232164704138,0.4518691425608694,0.13686276046577162,0.06282955788464628,0.40718244721776387,0.9914509963715014,0.9654634271683464,1.0536189242658762,175.22616489539953,-22.288347769301232,-1.4620252895458714,-0.572197572329185,0.3904138303072582,-0.39606277591719585,0.6027447692499435
9220,8470,OK,1144,1144,,38.02524512235589,0.11257865604465156,0.012788849338527267,1.2633833486817547,1.2684537808649348,0.008753094274416194,13.385793970470337,0.5241295405790828,0.169133096624289,0.07756085728630024,0.4828583579088628,0.9981338231406918,0.9610440488392157,1.0701272565391038,174.07210685830313,-22.827796307807027,-1.3824843517626104,-0.5770812252861791,0.38712159185046474,-0.3951934389485871,0.6007797253214807
9220,8370,OK,505,505,,87.80208350748522,2.2384553251188026,0.2662237748767743,7.229686953627754,7.57297370841321,0.010865726695921007,18.17881924782353,0.6810067669252563,0.23272679073035718,0.04776218224927731,0.6149733729883238,1.1965058650381821,1.0539270479086444,1.226392612217587,167.75536715537058,-23.084694804731107,-1.831111551987055,-0.5738687071970284,0.3957604514688329,-0.39532307944617934,0.598137137126919
9240,8420,OK,614,614,,69.26318524720632,1.1433605759481287,0.8937621509830872,3.91244271597718,4.172923698675216,0.00843865438741086,9.795163905509547,0.663048442879483,0.18809943709182742,0.08249311858012998,0.6119313148099543,1.1232229309395727,1.039778493197779,1.2113932954880344,177.3262737876242,-20.503799369964415,-2.1191165337872664,-0.5684198123969255,0.39623909318084666,-0.40305908839928467,0.5978602421708623
9240,8410,OK,596,596,,72.89961700459298,0.09944757793522008,0.4319205565088177,4.514959128556217,4.536661891790613,0.014124414796716975,12.983799819400659,0.535633666806685,0.15897493325391415,0.07036118402744525,0.48506934210473496,1.1377971622813339,1.0624563112275665,1.2024738867369393,177.15433550107846,-21.837537846442697,-0.9272100163926108,-0.577395875791834,0.39196475937607855,-0.40132909454594673,0.5932222078587117
9240,8480,OK,1416,1416,,26.86690382247601,0.05293155011419215,0.15120286947066217,0.053732967090395434,0.16897126526717748,0.018243182904499434,10.236175658975261,0.704978289259359,0.17657499456933,0.0756001143250343,0.6601736214685472,1.0905050538367562,1.0789965874819605,1.1231945551501632,181.39721626833034,-20.113587336581947,-1.3830833782638776,-0.5670427718494151,0.39616557290025883,-0.3976987492103081,0.6027860637228587
9240,8490,OK,1374,1374,,37.480120282223474,0.12399464568625984,0.13617022905510281,0.8086217025341753,0.8293286810722565,0.009085577496849,13.547226573613736,0.8752698873376128,0.2023768024728354,0.09532448401758442,0.8378335951669431,1.1758513018823002,1.1395100774273306,1.2129531590882756,180.57697066361592,-20.396664407050658,-1.3734631202605834,-0.5705448722456815,0.39405426548674627,-0.39939253608925507,0.599737764962365
9240,8500,OK,1229,1229,,38.079538709234114,0.29963876881298646,0.04235942744742485,2.884295687078424,2.9001274667449763,0.0075239642289600004,16.840265860305287,0.8314780713214034,0.20584205023600116,0.1039654457826168,0.7803568500827698,1.2531276237577276,1.2034945023085402,1.2074718580142045,178.59446476066344,-21.057458693957606,-1.2630230260438597,-0.5736626370347949,0.39326069586390505,-0.3992302116220409,0.5973880163571601
9260,8500,OK,1332,1332,,37.400507500065984,0.13390323685936434,0.13376257988164372,1.501623298850232,1.513504224066739,0.02047488701904999,10.221613312781198,0.7327810423317485,0.2291189064849441,0.08836268357864974,0.6536150271048378,1.2014612858456037,1.143604523520171,1.1745794874155426,186.20357594790582,-18.4970122671688,-1.2089740212847433,-0.5604393917028402,0.40749891493534485,-0.40590763103569405,0.5958953915086588
9260,8440,OK,692,692,,63.03993112571857,0.2287772134308772,0.2864937240129765,7.993271187615184,8.001674946287375,0.016158341884323853,9.81520917427288,0.5717243833906336,0.17824512360265787,0.08413380454639277,0.5058472317021918,1.0678707459226835,1.0084059192279473,1.1213666332509442,180.03964191390958,-20.502666028391722,-1.5241190598822612,-0.5680583124396094,0.399266542629465,-0.4161307996727609,0.5871380920777369
9260,8510,OK,1364,1364,,36.3298448712047,0.0836948998909599,0.08732749712175591,0.9405582411435951,0.9483041352880631,0.010351076215509522,13.464099690441303,0.8185814793178389,0.13918502368690033,0.07747815600271468,0.780040484230236,1.1557864493987662,1.1014144582033498,1.201767732636384,186.76660421953474,-18.43501628307812,-1.0944432628481358,-0.5659905185734033,0.40306933279101886,-0.40813838711817535,0.5921257491521437
9260,8430,OK,571,571,,67.6695090181701,0.049130577535955844,0.5870575569078543,5.719638310525903,5.749896763595608,0.007259070430819858,13.147721475355377,0.5677575482492926,0.21709832808350527,0.07545762202821904,0.47990324495223824,1.1191788570469205,1.0262752896684277,1.1624455960421485,182.23446482591118,-19.85980813498759,-1.7484272614718015,-0.5663411979942252,0.4023591364378723,-0.4103785086711042,0.5907234991096222
9260,8420,OK,507,507,,77.39029170280092,0.23000038897965241,0.6583001848136288,4.686793847524003,4.738385366498307,0.005348089063175251,16.417932968041036,0.597273189627881,0.1626798986962199,0.07003112947333356,0.5489314477271332,1.1623246850016944,1.078005527318886,1.2224828166515085,183.1530544704296,-19.354971689457614,-1.7421238987094778,-0.564573198829737,0.4028725620132849,-0.41188330852171223,0.5910185632458749
9280,8460,OK,672,672,,59.34408559347894,0.11479278499721485,0.1921434525154396,1.6531481799313905,1.6682312173803842,0.015225339740791839,9.7416149401324,0.5416484597675988,0.1515776927193624,0.07478311976630558,0.4895759150928729,1.0802419705098543,1.0276920422902756,1.125080360622672,192.48772016266483,-16.770686713109214,-0.6735201902045383,-0.5563348672707454,0.4160804099331804,-0.4137949855097896,0.5883386081973812
9280,8450,OK,616,616,,65.62454580959749,0.24651886725809657,0.22727914232205687,2.710756160953336,2.7314147112065084,0.01325362657121966,13.114502977483669,0.713890606679517,0.16479333210016445,0.0922481722667925,0.6497417864047788,1.099492910840491,1.058907595167803,1.202440862856203,191.5038566585073,-17.159030964167016,-0.6883792732557261,-0.5590205932359857,0.4129559647586459,-0.414854914049087,0.5872467520537404
9280,8530,OK,1445,1445,,29.42722094863296,0.002035259583711535,0.010834223903011503,1.1134463706811601,1.113500939861391,0.011086100518991561,12.835626388647944,0.9647655058037143,0.17012856239961538,0.07787428629855686,0.9190841423697291,1.0310944136306552,0.9801760159367248,1.1558504215500145,193.019509891351,-16.672230415937992,-0.8000618429413091,-0.5603726525346555,0.41049399606018155,-0.4193991658164258,0.5844497490822492
9280,8540,OK,1318,1318,,30.795591031124673,0.13085364268297517,0.11074328118869371,1.2246383252421484,1.2365782538051264,0.003981637995611057,15.429067091413597,0.9047623875054585,0.14904474030979709,0.08231719445768604,0.8624534484194353,1.0931435694833125,1.0505566913156572,1.1716855434171125,192.85949472177876,-16.505762562351407,-0.972131876211895,-0.5562773847130029,0.41391906957550345,-0.41925304807414193,0.5860489371879728
9300,8550,OK,1377,1377,,33.637485285956124,0.2162864503534356,0.15505357754782398,0.9321998674617493,0.9694421248391114,0.009178452947159991,11.098040195026499,0.908530915905891,0.128617941373821,0.07095472990263196,0.8666159650150393,1.0461696686547706,1.0415415905954855,1.0969302144030937,199.4747170402554,-14.54293843038403,-0.8540095356015693,-0.550811884588703,0.418354832728568,-0.426335393696448,0.5829439371073244
9300,8480,OK,656,656,,59.102978497530344,0.38609132599202023,1.2243688123757037,2.0362194818104165,2.4071425547376393,0.020528695543611083,9.65444207218587,0.727424481093011,0.1539709717294797,0.0887056548052243,0.6696033824762786,1.133587974124384,1.0733491188079323,1.1708888603584988,198.42173848067182,-14.710211548659746,-1.7491530438929348,-0.5512734434884266,0.41275946007129377,-0.42936605440007686,0.5842704938254002
9300,8560,OK,1227,1227,,35.846684098644964,0.06533730195146309,0.1245243424890862,0.6750521443667328,0.6895438147882701,0.004937200162557401,13.07200158870865,0.7365387404781121,0.10452525365924625,0.09443503926255725,0.6941075163770769,1.0152497848503708,1.0128462264763192,1.0727223590405819,199.77464692691873,-14.661369537963473,-0.788289961499856,-0.5521092659084497,0.41842310687626,-0.42401492207829616,0.5833599300474683
9300,8570,OK,1306,1306,,36.05888627016738,0.09555396891919005,0.11666462463065436,0.9399420994867516,0.9519623658548606,0.0070927193804410415,14.796239608589762,0.7954065502452167,0.09936805606638272,0.08606277987340305,0.7467263075966084,1.0639721860775566,1.0548825318383235,1.0935744379075154,199.5085813842338,-14.690355100352026,-0.8285105968827331,-0.5514554229765919,0.41812185818578596,-0.4250343551140152,0.5834525046220872
9320,8600,OK,1213,1213,,42.80944743991665,0.016188540288016195,0.18956643076799656,0.560070763789124,0.5915038131424912,0.017288618680690183,12.697589157496656,0.34662697891647326,0.11745593817061506,0.12312050332986257,0.2664237315755802,0.97139178609221,1.0039030229314927,0.9764401893297703,205.84810290506962,-13.20872783335901,-0.5424387321031885,-0.5569411428807275,0.41779944797539537,-0.4147559748374681,0.5858648871325074
9360,8520,OK,581,581,,59.12280094655996,0.08943921760600448,0.035182032654584416,0.9259256269214493,0.9309003253074742,0.018016340489409338,11.637458596029292,0.9157310666187131,0.22637527316961958,0.05669503590355768,0.8762332823570631,1.0205428057083914,0.9663227386324336,1.103524923713983,213.91087959497514,-10.703883005227329,-0.11926505521254754,-0.5752625373564006,0.38864639898749737,-0.4068043642266757,0.5937484306627319
9380,8530,OK,676,676,,61.699749699212596,0.40647077859040004,0.13309469486700712,1.5211902594358637,1.5801748311665322,0.012524470121124403,11.421206335882,0.6690785187272181,0.3090023181015038,0.1431204559195225,0.5686742857908929,1.056346631784756,1.0057539102887343,1.0896589896726592,215.66630536329643,-9.533289809290737,-0.16004483882106257,-0.591875059961859,0.36093198853129377,-0.37625383370534105,0.6146910326920555
9400,8550,OK,658,658,,64.46329961804993,0.4101190691285663,0.14422391071170804,1.3914014717507657,1.4577366850271887,0.013311903630171111,8.898952539681922,0.928950250572754,0.3811792738200619,0.28605669204097384,0.7827859383178293,1.1192805141680728,1.171201113760044,1.1115586560889297,217.7219872480651,-8.323094463620034,0.2678297680549608,-0.6318902875933292,0.27854559104799503,-0.297286310589619,0.6593541291968643
9400,8540,OK,602,602,,65.10119106933521,0.4835883857977117,0.35363723121619206,0.5365249522210558,0.8042238758806511,0.015305857811559822,11.159834227371476,1.0332794667356755,0.4093398352346036,0.286429509621033,0.8928769140499906,1.1405596360141692,1.1377220773176588,1.1385039428902861,218.29425613446833,-7.6792853250109685,0.44419484382532193,-0.6348455648638959,0.2791286598797254,-0.2951525307237912,0.657223921973121
9420,8600,OK,606,606,,34.30591777112997,0.5889369355639597,0.0240856051267029,0.8416586753805113,1.0275291510653428,0.018905562155094386,3.7677116849215637,0.4370379671648504,0.18735096926731076,0.13865959849823684,0.3453284749068697,1.2269645888851168,1.1808619353893632,1.0277225755448025,219.19786167937076,-5.8653279558661,0.20324471862551327,-0.6773835167330857,0.12605591730913085,-0.1541578660127003,0.7081644083940403
9420,8660,OK,770,770,,25.04338045229941,0.46122067533569133,0.14708591548153535,1.4480855191547541,1.5268629436448597,0.02591906887718868,4.398769066400583,1.0593023307451466,0.125357253273785,0.0916914164753686,0.9960845559151155,1.198197173385519,1.155368474533314,1.0972581758055087,220.24049017308698,-3.8054430467628513,0.19211225255137382,-0.6824303975327121,0.12141899775988808,-0.15260269610268765,0.7044562418266445
9420,8590,OK,441,441,,44.46342388701245,0.5747089436646311,0.09031611856253743,0.742406421512555,0.9431938644326499,0.019617090021720896,4.9762555701413484,0.7889493844919109,0.3347183976016388,0.2579658321710212,0.6298313517698073,1.3514190446271337,1.3290005895015717,1.1579193321711236,219.2470641929868,-5.784933085734846,0.3295076768833534,-0.6787515546071838,0.12606302772066455,-0.15505709020947653,0.7066553183384389
9420,8580,OK,400,400,,45.27225256260536,0.15317673041410318,0.06243474481709371,0.024852712812593047,0.16726884179331092,0.01608982087864829,6.186311289850083,0.7262829480051894,0.2887851278642901,0.25092342920271715,0.5928373327679655,1.3186120120454254,1.342199104181721,1.1860559875672032,219.95150668756295,-5.251846810845212,0.2771747389745527,-0.6733810430862748,0.1321700875323713,-0.15071785789930028,0.7115990205754729
9420,8560,OK,304,304,,52.27008617649197,0.49321148823979843,0.4307424334889137,1.176375977704235,1.3463495300475516,0.06253312937093773,9.194097560564655,0.4754363330212582,0.09432595356289264,0.12031722092687214,0.43141528850822297,1.094530516845092,1.127610569116614,1.0671367205693782,221.016912215497,-4.447209184198912,0.005074222610842616,-0.6608418651968446,0.14796840593596028,-0.13592283501872032,0.7231309445518151
9440,8680,OK,1028,1028,,21.24092581134381,0.040884338825021516,0.010428106832791134,0.10751599296597592,0.11549875894023731,0.024041004449939764,4.34288758308301,1.9615250950821677,0.5314132039629009,0.28555363377827403,1.818763453749014,1.205789854768637,1.121626645637884,1.0265062942695533,220.09027208815561,-2.1490848410130763,0.3698107130819849,-0.7039198968566757,-0.013733465999285977,0.005623298544476489,0.7101243195627179
9440,8620,OK,418,418,,32.4385810972259,0.0649468441737781,0.1260316505753759,0.48005755067063527,0.500557011209289,0.023040643849174366,4.161344237894109,0.7256804669157779,0.12455834367843321,0.08515290674073897,0.6826350422799035,1.3351175105615856,1.2991588471651319,1.0970970745933166,220.169604210545,-1.775445131885073,0.4731723570018462,-0.696009715261799,-0.023419457778734776,-0.007476052744275558,0.7176113947631437
9440,8690,OK,499,499,,32.58145698843889,0.5699607546713987,0.33409778444478583,2.436711113091168,2.5246856517393415,0.0754531644657919,6.041158105672168,1.6541193262771907,0.17213607305662104,0.1924986378722532,1.576071457420162,1.1490583965003116,1.2020045337638228,1.0483025458245263,219.57009891860952,0.28748086848348997,0.016423588108658974,-0.7054750483794193,-0.024063285733184968,0.03874682975889813,0.7072655778259068
9440,8610,FAILED,184,184,,,,,,,,,,,,,,,,,,,,,,
9440,8440,FAILED,95,95,,,,,,,,,,,,,,,,,,,,,,
9460,8650,OK,693,693,,24.78089140985479,0.085926547623906,0.1512252919288013,0.658084931617827,0.6806821855520787,0.010482924952007724,3.998398218577188,1.1210603144859916,0.10767680131283441,0.0712376285962415,1.0948436523339096,1.076611525972859,1.0460388497666122,0.9930583190514655,218.78382676396376,1.8688114688132291,0.5043614975680354,-0.6893125236123268,-0.1254949093366105,0.0958552304524273,0.7070438793432227
9460,8640,OK,398,398,,22.12000780894531,0.24367586208817935,0.2937905930573129,0.05384979548860347,0.3854745631135075,0.01027794688874777,5.305487651625331,0.7505373901902499,0.13360581700076013,0.098891773974088,0.6851816584071804,1.0587969096715502,0.9834583634127944,0.9493218910348857,218.75827498801172,1.2180865482080994,0.602475722768363,-0.6900407826874273,-0.12942575849136692,0.10196761487695163,0.704766129140272
9460,8630,FAILED,194,194,,,,,,,,,,,,,,,,,,,,,,
9460,8490,FAILED,48,48,,,,,,,,,,,,,,,,,,,,,,
9460,8150,FAILED,46,46,,,,,,,,,,,,,,,,,,,,,,
9460,8500,FAILED,67,67,,,,,,,,,,,,,,,,,,,,,,
9480,8660,OK,645,645,,32.753646308575824,0.47823333952663716,0.35516669163411374,0.5175412342015564,0.7891130685649501,0.027574999139602027,7.0370368680490065,1.0138949815321074,0.19540690936781974,0.10613796341914683,0.9632323111433161,1.1018873910982132,1.0382197167692384,1.017226016191566,217.4151864007059,5.933788661538584,0.657898558994405,-0.6871232131616362,-0.1780487996118289,0.13671658804239523,0.6909912368802238
9480,8650,OK,432,432,,37.71508292783061,0.22167585470298207,0.4367832828897087,0.21804823586830047,0.5361574898623416,0.013991070333774756,8.432002775358432,0.913230062753053,0.1046135553235108,0.06921937217656482,0.8913986335167277,1.0631283802160472,1.0350327008040447,0.9661302393131136,217.28889192991417,5.057140004830648,0.6972043308531065,-0.6902592064451051,-0.1643052424322415,0.13001094647045303,0.6925627545752899
9480,8640,OK,241,241,,22.445119735691165,0.5551955133152393,0.13101503320048527,0.4613477253738214,0.7336543604705797,0.02681820595860122,9.727085754562426,0.7733385501873755,0.14168839291819912,0.09673898364980277,0.6971577469420529,1.0457640835087199,0.9674283825428049,0.9358928404630438,217.0397656636429,4.674261930978179,0.5390488800323052,-0.683840452257462,-0.1608533041714077,0.13865031468225722,0.6980433658677384
9480,8630,FAILED,58,58,,,,,,,,,,,,,,,,,,,,,,
9480,8150,FAILED,54,54,,,,,,,,,,,,,,,,,,,,,,
9480,8190,FAILED,50,50,,,,,,,,,,,,,,,,,,,,,,
9480,8170,FAILED,45,45,,,,,,,,,,,,,,,,,,,,,,
11300,810,OK,520,520,,11.29466351681046,0.8946374524120546,0.07104669268400338,8.932923853233433,8.977892423696472,0.052820049292975964,18.132992711269758,3.7596315350554415,1.2478129451784188,0.510348157253776,3.4243204578421196,1.570367764861405,1.3563154850972332,1.619521741850306,134.97959357605345,-23.702002188614294,-1.3971729046698298,0.3710268249985213,0.6093742305778644,-0.6006803625611277,-0.36081192368404924
11300,820,OK,572,572,,9.674511864016297,0.9424057504793363,0.221970959086394,6.519300960411115,6.5908030404216715,0.10535643000394185,14.854438177588165,3.378022310268218,1.2447239590240784,0.5486512275206219,3.012638245078186,1.6216887517933407,1.4183845949668972,1.5975964309457176,132.6302429220543,-24.4380194253599,-1.0561399569053904,0.35830698740242156,0.6321419422599968,-0.5886081959018004,-0.3543346713653461
11300,800,OK,418,418,,10.910996698416275,1.2663613891129832,0.23926336455681563,10.025217584948372,10.107715159768468,0.059455673911318285,21.44051253240303,3.4284356929016364,1.2514176322553219,0.3870163915837401,3.0650320069070585,1.5385308867867724,1.2635637300521765,1.493997688495668,135.9515023292359,-23.079870482465232,-1.4116253599018496,0.3652256724342812,0.6093046135559365,-0.6045134136598395,-0.3604464298612289
11300,790,OK,437,437,,10.760680022913187,1.0591180155887447,0.1468179135719003,7.197373972738809,7.276364378874129,0.06418775491282895,24.731296971240702,2.0076102623858407,0.8321293398382982,0.21645616307927196,1.7976557222442189,1.414936094071137,1.1938312515406035,1.3878418436250775,133.4237915585979,-24.4018781411365,-0.9764637142982864,0.37008395453090315,0.6171173513002963,-0.5924375923882771,-0.36224541466809035
11300,730,OK,404,404,,19.75365955195805,0.8165535635719188,0.37410976471336993,7.146749916258784,7.20296829118252,0.045245716781429406,43.92306544560684,0.9495679444875527,0.16882674622805993,0.14393959067122508,0.8959545477858395,1.0401975493966171,1.0396107218905708,1.0767416996589565,133.83118229476815,-25.61476871579239,-1.5210668496428947,0.3740449746774245,0.6069314655284788,-0.5850887941786442,-0.38651734242669883
11300,760,OK,305,305,,17.303197829297453,0.5312679533839035,0.03408520554461453,3.884881881203917,3.921187915726078,0.014772390975611298,34.54508415646787,1.086003552664951,0.23101248741563385,0.10038449330710009,1.0544792477069134,1.142705528146875,1.0434972408347973,1.2208800355727745,130.5540210705746,-26.164339547737157,-2.183784461747433,-0.37775974813035224,-0.5943315405672273,0.603560888442296,0.37387410517743186
11300,770,OK,291,291,,16.616685211080828,1.0040840631682313,0.15896985050641743,9.278365714105622,9.33389128627333,0.022046096091259387,31.298827522549097,1.688181379409201,0.6105900883473279,0.13478978126942864,1.5844795587198162,1.3909289682488146,1.150053399201569,1.3905995143472025,135.62971369477188,-24.298085100210372,-1.457545064805697,-0.3832180123039993,-0.5963583344166677,0.6013029573172409,0.36869424397336337
11300,780,OK,284,284,,13.15916322311323,0.9611587246042443,0.028988772382836592,9.32137041069501,9.370838424398725,0.026742314816647274,28.02524346598282,2.1920920018738865,0.8263365639222138,0.2898075423720332,2.0000600304057947,1.451081662552945,1.2591726465342417,1.418346960911448,135.76269642007492,-24.55294578086411,-1.5125601185502984,0.37670644670377695,0.6030490096257856,-0.5919315323563205,-0.3795276090134576
11300,740,OK,289,289,,20.846857801402273,1.0581234797452974,0.2689145742113511,6.840401506226712,6.926978642453017,0.04023787369303877,40.86604033668584,0.8712036557104078,0.21250163378907172,0.12909811290438,0.8200425273346914,1.2992529329606777,1.2313018158345226,1.289118464358279,133.3819596305069,-25.195722002370402,-1.5432145141413387,0.3710466669029374,0.6079197846853026,-0.5906056716366084,-0.37939800605573387
11300,720,OK,296,296,,23.45014151198792,1.557727061810609,0.23784921699593817,10.775547980199008,10.890157029294555,0.05033281673822588,46.86056087954401,0.7895822739428109,0.18651142306434876,0.17964338186757334,0.7271425537989655,1.1957679901965612,1.2131546298592077,1.1028929136188588,137.1048503080329,-23.81860593125945,-1.7615008906286973,0.3655581145809022,0.6089955648280131,-0.589522813355384,-0.38464856611902054
11320,800,OK,482,482,,9.456090359617153,0.8701499157788158,0.22079523119933908,6.979720387570527,7.03721593378503,0.08650456193339319,15.929014457656,3.33585132965996,1.2775506354046025,0.4107394869863774,2.9680818170437906,1.618242646601795,1.3280293559463714,1.62538044261478,128.10987683348492,-26.65395030310152,-0.89949712045095,0.3833948307449483,0.6205408599903555,-0.5852338884936251,-0.35417331999899965
11320,790,OK,469,469,,9.48004295984944,0.45567443150254583,0.20659551154721817,6.128953574267413,6.149340843410937,0.051383046645705456,19.220178555268184,2.166632169055261,0.8713756983927627,0.2443663722762729,1.9231449060671273,1.4884449571441545,1.2473745603909148,1.5051956725223872,127.56615590075114,-27.621901421280423,-1.1080445491129551,0.40102854753580763,0.6026173790380817,-0.5849286591027808,-0.3659055374038721
11320,780,OK,463,463,,11.195287244707703,0.6829671045399537,0.12240948144837427,7.94317476066875,7.973421688682796,0.027869340159930072,22.514841575608433,2.3546283926104614,0.8861327657555382,0.31017782219388157,2.158574062666192,1.498813576214043,1.2715817330866048,1.4701132690362488,129.31033550539507,-27.024459862476334,-1.4701795876889174,0.39312214873987644,0.5985625105532651,-0.589724466753429,-0.3733670452017671
11320,730,OK,381,381,,18.372512732301335,0.4737170921454794,0.34013949137344063,4.380140586376683,4.418793309649912,0.020401100959184938,38.41448342925285,0.7415201582122032,0.16231117230249748,0.09157926653234821,0.6944431041646824,1.1217858807384717,1.0652049683993163,1.1330732473093876,125.96925721568377,-28.247744935178424,-1.8009531094173523,0.387907845251188,0.5982518811030231,-0.5892234956251547,-0.3800498158827972
11320,760,OK,369,369,,13.125824460342752,0.38154696319350334,0.21315971882918575,4.203611631230785,4.226270920926895,0.01912874825764354,29.03583703225614,1.2335478330810659,0.25892857424404525,0.09108666159005052,1.199863641905667,1.2054380858097624,1.1050270338173336,1.2789963741973867,125.80161406233427,-28.330295134160647,-1.7682120447442784,0.3904328106960037,0.5970961853954826,-0.5900450470714282,-0.3780015980715666
11320,750,OK,334,334,,15.464340000878508,0.5802663741357921,0.17531037155525991,5.237560260303738,5.272521244304332,0.02450581047864858,32.238369072125586,0.9233516273711819,0.34359389006942775,0.13771116361991265,0.8398772279504945,1.2434730770794187,1.157675900635575,1.2615144519938375,126.81512365120295,-28.052921136015925,-1.8756243951033622,0.3843514826013969,0.5991470842920269,-0.5881903625483423,-0.3838343478790302
11320,770,OK,348,348,,11.763312513248547,0.6944548652041675,0.18850793343805144,7.25684977468709,7.292439334896856,0.04460773306015266,25.789133611488786,1.9585106295999508,0.7163636614462043,0.18261197070754354,1.820483297121505,1.3758080660476997,1.166343664580966,1.395143084717949,128.56861205905778,-26.99054776896691,-1.2886129921618774,0.39763632467712995,0.5971075814654789,-0.594519251046943,-0.3631731674949188
11320,740,OK,324,324,,14.804669420260751,0.5972466992219916,0.3492527672281212,3.9078989219905935,3.9686717046945703,0.029409824363972572,35.35735154138035,0.7815287180950967,0.16936988149471421,0.06990906098493127,0.7416866857126392,1.2346781176505766,1.143859089010107,1.2522682532479035,125.45516560137352,-28.186930217299906,-1.5815589344421896,0.3889579885009179,0.6002483535554723,-0.5912018229191028,-0.37268485589354755
11320,720,OK,327,327,,20.535894125666175,0.5893128913561165,0.6250060728403305,3.4776473418343343,3.5821715912520453,0.03763110926742394,41.35225310284889,0.9188121662066875,0.2903452287233512,0.23432386712940767,0.8230133976891096,1.2317761020791624,1.233943386775441,1.1704533380583093,125.03983331750396,-28.27753268884227,-1.9014063395565015,0.38097569420009186,0.6046860968664491,-0.5865335376298332,-0.3810389139190516
11320,700,OK,278,278,,26.073960077831707,1.3466478877616708,0.7132685865101579,10.717586359595643,10.825380824040591,0.049594218355498515,46.925602723149844,2.004628436693891,0.631199908107221,0.4346640670509734,1.8301780462743427,1.4181298296219325,1.4249286325048556,1.2309916996371915,131.73443390581468,-25.371007876779093,-1.6851704028556838,0.3758600008306902,0.6086650019199313,-0.5857276597534985,-0.38102399374980755
11340,760,OK,510,510,,10.877143718125478,0.1613533179313007,0.1634352840135338,2.700238976573832,2.709988287036776,0.024965018812785972,22.82805860221005,1.1403936233361298,0.2550867831256469,0.07629506995960056,1.1043343219569337,1.202293898138885,1.1006665954260981,1.2653592634039288,118.54978568177928,-31.024505459903747,-1.814925152820996,0.3991198560398682,0.5890892446130929,-0.5886972032012814,-0.3835528716342504
11340,750,OK,435,435,,11.180141342576645,0.08976148895397418,0.028969952819399125,2.991532230636217,2.9930187887818036,0.011382938102930075,26.030722474450563,0.845175504564033,0.2637450948946096,0.09904070322335967,0.7908552746161348,1.205159595020298,1.1354227698515462,1.2554767825842688,118.89992836411773,-31.151835064343764,-1.9802554646558619,-0.3989874734381745,-0.5837536554829278,0.5893295962753978,0.3908085115547227
11340,770,OK,430,430,,10.26714341514991,0.5388452853731489,0.16306904423845592,5.243825887482423,5.273960152768367,0.0719222655460193,19.581176099881265,1.9157384251243124,0.6837127942919957,0.16409383581734494,1.7769787458174156,1.375159067997463,1.1622527571131234,1.3744713081103337,120.77448782960612,-29.689779831396464,-1.2575282892879602,0.4039719335770877,0.5949430110367112,-0.594115399407468,-0.36038366040577535
11340,780,OK,425,425,,8.668984688308933,0.3574486629518383,0.19898415548404658,5.012554644532596,5.029221441257588,0.049568085960339174,16.306700696167308,2.3901409064623254,0.8920763228899453,0.26145633158476267,2.182779334015576,1.4530171413566686,1.2461015674060798,1.4732851835608967,120.63992304458436,-29.9847060545084,-1.7387062710570342,-0.4011356945982161,-0.5834164264503874,0.6010047742174883,0.3708216407315682
11340,740,OK,413,413,,12.017887026683681,0.3251278840326679,0.14304037708790043,1.9046219729356757,1.9374605932101934,0.04858810984480677,29.149814223143522,0.6154311616158515,0.10861568659608256,0.0667803545120571,0.5874044177591795,1.1926718223267894,1.105880811328043,1.2287129674357977,117.85539812592509,-31.4123941339431,-1.8134681991529287,0.3829513759510171,0.5990998243879632,-0.5790587966480464,-0.39889667095634046
11340,730,OK,408,408,,13.935023210567408,0.21677389723669793,0.238335748586136,1.8836182550021334,1.9109716330062523,0.02559017816920432,32.20700019142073,0.6247344509448558,0.14513235558247317,0.10202064603974509,0.5709947791899626,1.1224603982665757,1.091697572451103,1.1503977282012638,117.80675713926826,-31.35192337442893,-2.038937510695293,0.38887774479385034,0.5923357666039432,-0.5852017380610066,-0.39427321108102786
11340,720,OK,361,361,,15.896161424427001,0.6356176232474469,0.502670494181211,4.622605602203272,4.693098117685608,0.04692428247205335,35.1449262699666,0.9245793413582037,0.32872100860716813,0.22844529965171412,0.8289605146231516,1.263498031549391,1.2569846799284898,1.1992569591760005,120.29207550985159,-30.106379551343785,-1.6281010142542236,0.3852194133061237,0.6016331973235076,-0.5815818439698508,-0.38910931401729154
11340,710,OK,355,355,,19.16351714558816,0.8054766008857848,0.357155973199091,8.831027727728973,8.874874853860433,0.039168062525460706,37.99293304535768,1.9461185313427407,0.5754484189997076,0.363140078334802,1.7967687039303706,1.3915027877214219,1.3946116887335802,1.3147674091098613,124.34032708292827,-28.912869598326207,-2.0323434948199592,0.38355746091124976,0.5964747002952591,-0.5832480812388563,-0.39613543368169973
11340,700,OK,345,345,,20.707696521926373,1.6315414535374808,0.3064479300795722,13.540808969375249,13.642189904614817,0.06374429277204716,40.719209534967405,2.0634379709455284,0.6792322558500565,0.4433694346911077,1.8710568459839418,1.4754249045883354,1.4728581394592053,1.3277139698238407,128.53955918631604,-26.51836250667903,-1.8782988310218747,0.3721403250402107,0.6046472582176616,-0.5845834026078682,-0.3926519030951433
11340,790,OK,289,289,,7.338156290140562,0.3083166742835719,0.36196714322692586,4.217491173522387,4.244209135181298,0.13673417609769187,13.012337948925884,1.9664095703046183,0.7651715695247828,0.20172395909963392,1.7687356217853751,1.4780703679452565,1.2570602411179912,1.5416014465314343,120.08029626241819,-30.940355062759057,-1.1546366596366922,-0.4513116428195829,-0.5582914115989277,0.593258390766387,0.36424302680441667
11360,730,OK,555,555,,11.924956220632657,0.20068969063419173,0.26785404775659183,1.7189569135633072,1.7512381372941628,0.028557392677219483,25.373864972674987,0.6351251271462744,0.18298870874158157,0.11942053003901909,0.576409786528175,1.005747654984695,0.9873106411847705,1.0680360209744484,111.16875737072735,-33.57532619209092,-1.995939552472605,0.3932798715896589,0.593126490544294,-0.5819241438111878,-0.3935685450676247
11360,740,OK,578,578,,9.408163978530698,0.15168095982473817,0.11589282972876226,0.42685597061517555,0.4675941415434087,0.03236654280594985,22.316644286738597,0.601086252644398,0.1147546332916125,0.09425869439211132,0.5776247832308039,1.1210169498503897,1.0185160201665442,1.1745936682786995,109.98529808998482,-34.112511244395215,-1.8851006365230905,0.3924674913461329,0.5944219961621849,-0.5797693032689852,-0.39559994148385824
11360,750,OK,559,559,,8.76014142213703,0.005635693200475855,0.04724877056630009,0.4920597369277644,0.4943551274775022,0.02498985206519343,19.197574538087355,0.7999254672378476,0.1697399048056054,0.06645282780994988,0.7579572288874257,1.0716553083229257,1.0092522840655895,1.1508832618109588,110.09943778115904,-34.26315375995713,-2.0633234082473586,0.394691302164045,0.5889389548144722,-0.5793889747450446,-0.40209215292265216
11360,760,OK,424,424,,8.11805854884438,0.0905630715494713,0.07696262619333061,1.933504985475457,1.9371542129158164,0.021698005312660244,15.995008729274916,1.1729747743680525,0.3423822662650049,0.10627012252105472,1.1060617376579867,1.123321741593482,1.0208603732189587,1.1888064127877032,111.43175079140327,-33.6996070122918,-1.9497294017459317,0.3993933562160358,0.5895090808816825,-0.5813926644661833,-0.39363251932917925
11360,720,OK,470,470,,11.884837038295911,0.0958737777834966,0.3592085695144435,2.3802906357523064,2.409150491009063,0.02127623226876586,28.31182004391011,0.777122871010994,0.3407429141563867,0.21185386728154088,0.6659198372098221,1.2227538448292925,1.1946876807601297,1.1612335705143308,111.76410792161822,-33.28823405508952,-2.061717435261575,0.3998000088352178,0.5878155842201568,-0.5858428628423322,-0.38912842602407727
11360,710,OK,404,404,,13.317095823618804,0.3977989640958062,0.16862948963998298,7.554036148286201,7.566382362148146,0.022099147799881074,31.159872309318448,1.8707388179523647,0.5935892064398407,0.3500440074427478,1.6956949094099212,1.2452609564166477,1.2247096151468748,1.229117639918274,116.71993917993808,-31.763844251027002,-2.3293446121261057,0.39094795791252307,0.5880627106225563,-0.5836076932367744,-0.4009289250903839
11360,690,OK,374,374,,16.5455359209505,1.0897659513067515,0.3899864427250339,12.432168492781777,12.48593179090182,0.04306243172504365,36.46324701629109,2.6362921832412223,0.8776180927150072,0.5402754762967625,2.390998104726563,1.3913449256690933,1.372660809673265,1.2977859694719596,121.18582723345648,-29.631387578700963,-2.0960728031743137,0.38402055531815854,0.5969667391405762,-0.5824650312251222,-0.3960977314412664
11360,700,OK,405,405,,14.947092967083153,0.9010524563129165,0.46215000344323853,7.736362468501184,7.802357489806774,0.046001470955267715,33.886324997691005,2.0425008198138106,0.7055817967287199,0.4078657915153352,1.8310536404034012,1.2677422599458346,1.252090207124322,1.2119609750807998,116.69117236570298,-31.031150862217906,-1.988287041302177,0.3848277807159781,0.5986227409157124,-0.5841340487213617,-0.39031500915563644
11360,680,OK,325,325,,18.29050976696131,0.8537101327376284,0.40808696819821266,11.754728664203775,11.792752093273478,0.026238049021779425,38.912502265978176,1.8379417238394897,0.5262363609065566,0.39248925749237795,1.7182907573978188,1.2471455788647605,1.2673489531035025,1.227024833232988,120.72499992563561,-30.412035628264974,-1.926793250716931,0.3933229276223971,0.591879758874883,-0.5811252633400621,-0.3965713730827032
11360,670,OK,279,279,,20.324413449195845,1.1919925473377448,0.7003781530604752,10.380416685855408,10.472078416540745,0.03774079361828256,41.217328182796365,2.300673415381791,0.576433252274942,0.42003564625981227,2.1736939995196405,1.3825699333282202,1.3895762089530523,1.2571194534910393,119.39698837977133,-30.666146730941954,-1.6376138882315208,0.39284670254511206,0.5967600037640036,-0.5806479273042011,-0.3903805204212344
11380,720,OK,490,490,,9.0654275524496,0.245706617408453,0.23206501153442693,2.4103063255227006,2.433886294441776,0.03109308811448122,21.025017062585416,0.9890550802813244,0.4058993076715951,0.2119506970609979,0.8574935036875289,1.272642367588748,1.2332126967600998,1.1321537356376128,104.92537344121754,-35.73621648822528,-1.9565776356958362,0.38990626567540476,0.5926482974098612,-0.5805919094346517,-0.39956743393735006
11380,700,OK,482,482,,11.162657936466394,0.3823693309679421,0.06578477526485221,6.209105505345949,6.221215726724069,0.029136006044168664,26.599359547681843,2.1252946288878687,0.6624022923155359,0.37450882784240513,1.9423187205191956,1.3386608370097137,1.3173902143985494,1.1640408509287583,108.629637179481,-34.81469707461245,-2.4879531812678484,0.3813480999289426,0.5860365234847262,-0.5805505615008762,-0.41724796627849314
11380,710,OK,464,464,,11.26298447002724,0.3354862901108834,0.2636911875099851,4.919104758225622,4.937577919954352,0.02853354686201758,23.87289000142874,1.9205310402110276,0.6251973317819544,0.35115954587009257,1.7144399235212378,1.325867083279455,1.2943796227380573,1.235778739800804,107.2918306536678,-34.8930336906761,-1.9324690652806695,0.3910459505190796,0.5914915517500116,-0.5806827826225462,-0.4000353918801808
11380,690,OK,424,424,,13.808830269826204,0.6680861629449728,0.2537451108312474,9.611378146268166,9.637910332273826,0.04170149264176719,29.176713215804497,2.633174717820674,0.9843577660253313,0.5510542011267932,2.3386591310675833,1.5009376016381526,1.4742327976900196,1.3502459331611365,111.80174500216341,-33.532034507336746,-1.8407580063222926,0.3832198638893008,0.5967391620104686,-0.5732737004324953,-0.4103683380039729
11380,730,OK,315,315,,9.284126615243535,0.018366222552395284,0.007264009388692705,0.5681632829039636,0.5685064643462311,0.00584535928773369,18.087146029424595,0.7063641728413061,0.13136992893898336,0.10461292460620625,0.6369751670191244,0.9683221649396396,0.9702900484995292,0.9472902410969957,103.27704546126023,-36.62984115155102,-2.30911637751976,-0.39074857397581314,-0.5801952208294697,0.584096446368282,0.41172855014251314
11380,680,OK,346,346,,14.817683859383674,0.4506861681698737,0.29414590238795824,7.3346682936173195,7.354386365392185,0.03582080961746216,31.626879340636727,2.0031246465778763,0.6239471446817808,0.40641980757185947,1.8578923877425577,1.3415338822660496,1.3634186121010852,1.2360725397321752,109.74876752652898,-34.607037345572294,-1.9278974922028518,0.38743545620443226,0.5929676732469513,-0.5720340939884675,-0.413594126015534
11380,670,OK,234,234,,17.64198682462331,0.6220573801131515,0.28969864485175045,10.480709878937795,10.503150015849839,0.025071135646750006,33.932783950933505,2.604676738786106,0.6845262718786067,0.5259763218591886,2.4731129121011115,1.4954463247795569,1.5192401247252643,1.2419084446458606,112.88819211109865,-34.10442792830553,-2.176210018261291,0.39251479172882797,0.5864905508862539,-0.5741946538631871,-0.41504393920421007
11380,640,OK,230,230,,20.496833313855184,1.390573548664075,0.8039812118671519,7.02728344977826,7.208522266512535,0.053884198012368704,40.2595377085713,1.977261177878848,0.2611690815887575,0.2702881332563152,1.9100145344732677,1.3659239638564302,1.4796435236979197,1.200962709082268,109.23032916333607,-33.69118488343821,-1.6064925940493127,0.3888266746345378,0.5970649243900035,-0.5847742590274975,-0.38777101378861195
11380,660,OK,205,205,,18.21965973165167,0.6168862601122567,0.3733917412066509,8.782626870600737,8.81217934443658,0.02901217102948699,36.145573498040925,1.9979355841642517,0.5096571718755949,0.443437658364662,1.8904867629284574,1.2477539963050615,1.2952659162204858,1.1305704285664295,111.10045366890047,-34.04924135333739,-2.0642939421468585,0.38734595195489174,0.5916179767307904,-0.575234479318225,-0.41116490234042974
11380,630,OK,218,218,,26.93886359472172,0.17289030751461132,0.012986803455505846,15.793656214160613,15.794607824399776,0.045757642031988774,42.20714196775793,2.038447682638331,0.41949502040607256,0.33806867176212574,1.9212482047279025,1.5932874390879992,1.641229096573003,1.3525020309809348,118.15518369253981,-33.52943205038153,-2.357608659745547,-0.40513254800264026,-0.5732931820731104,0.573306651361388,0.4225186734833948
11400,700,OK,437,437,,8.93573676797076,0.5002439568831044,0.12133395440295146,3.2203386729390076,3.2612186546313775,0.0513617149362737,19.046422707692283,2.094318453671028,0.6903343684794738,0.37066929196667164,1.8916154472226623,1.419942511771828,1.3976150679637311,1.2882286602941344,98.56199659427278,-37.904826406195696,-2.0788359256050297,0.37552645615615154,0.5983253960334493,-0.5795355616634695,-0.4063559202910979
11400,690,OK,383,383,,12.168225938425639,0.6834753425606055,0.32763372427366166,7.288671626030652,7.327974923078959,0.04743342075157785,21.623539447479473,3.0064493658330504,1.0693980342042018,0.6140983459607583,2.7085298175866157,1.5585667321054362,1.5327361472295253,1.3651484718455102,102.44056205557283,-36.65327357630243,-1.8068376520658591,0.3842618472620088,0.5992563032678013,-0.5753134471803815,-0.40280163011837944
11400,710,OK,359,359,,9.068885179862255,0.26651209496398165,0.15806691700008835,2.888296522855459,2.9048701607732723,0.030083063358974125,16.320816320528177,2.063693138668461,0.7036266733769316,0.34136978318872646,1.889117724762741,1.4424228172680558,1.3933715364094372,1.3384874621138654,98.24314459202587,-38.05070953594388,-2.0568470625131314,0.3911330859287622,0.589085202213107,-0.5858477597482349,-0.3959494109395296
11400,680,OK,329,329,,12.803200264510174,0.6164183856217931,0.44246488873907575,5.972402418863798,6.020410073803079,0.04754921759718864,24.0742577040648,2.3064479027003,0.70999951328929,0.45329592549025577,2.1336414450749865,1.4293454290500958,1.4422562913372512,1.3412049090286173,101.23789852864789,-37.20959059219914,-1.5932509386436133,0.39019953376539723,0.5990098375054491,-0.5732344451603172,-0.40041704422102864
11400,640,FAILED,196,196,,,,,,,,,,,,,,,,,,,,,,
11400,630,OK,207,207,,17.1579758006217,1.3372540363655423,0.6324835479771347,8.241317535838995,8.373028037858527,0.05168113003155754,34.662469306350175,2.183135037809853,0.46857394166759603,0.3034460700225847,2.069713296513666,1.602216948097093,1.6125036029740145,1.4117922709125041,103.41180418003066,-36.268020606797286,-1.4205431152287709,0.3867877838120523,0.6005316507608847,-0.5773117102554981,-0.3955605338377926
11400,670,FAILED,140,140,,,,,,,,,,,,,,,,,,,,,,
11400,620,FAILED,134,134,,,,,,,,,,,,,,,,,,,,,,
11400,650,FAILED,134,134,,,,,,,,,,,,,,,,,,,,,,
11400,660,FAILED,121,121,,,,,,,,,,,,,,,,,,,,,,
11420,690,OK,410,410,,8.565555611689714,0.5662290947844113,0.2243667488777694,4.761240654757614,4.800038374669422,0.049908654988272426,14.048600641077513,2.8732864485540106,1.0743703958847228,0.5540792457312609,2.5367189458841484,1.3793403571804608,1.324581934398051,1.2475177604111385,92.89136151667256,-39.9050032255656,-1.8404702959616377,0.3883738590784369,0.5994873038761348,-0.5836437441036932,-0.3861873872156727
11420,680,OK,346,346,,9.441674814284928,0.627034963540297,0.3269100581487454,4.406290471190715,4.462671705170221,0.048864518447520475,16.50150265316072,2.2940794399052207,0.787061255364228,0.42543376748713646,2.099644051834689,1.2600550186158794,1.2476186463774848,1.1695279356009367,92.62738816641487,-40.20336891659687,-1.7638322934476713,0.38957202094450355,0.6012127686631075,-0.5781569214968981,-0.3905271071499207
11420,640,OK,347,347,,12.54045649998681,0.9101628945115512,0.13251323333076967,6.509871472799148,6.574525294187981,0.017749914630454222,25.146419312885385,2.0922699589868587,0.4577303959030591,0.3192224769374321,1.9794644359883788,1.2317381072584328,1.2680937313780483,1.1140541949947596,94.7228093253494,-39.7828814906611,-2.207625834764288,0.3871538698435434,0.5890409966231247,-0.5856384211369084,-0.40021272474856884
11420,650,OK,224,224,,12.803568836409351,0.7501810772848279,0.2916738471918594,5.2214421361059316,5.2831149204379795,0.039396459703108594,23.136469964488352,2.260962733148727,0.7124382142358701,0.3624026457655236,2.1076733079866337,1.287817543937512,1.2971181190868664,1.2270779993817567,93.37974599339215,-39.81621406651119,-1.873343250096711,0.38525078662061685,0.5979928493536942,-0.5815168891991462,-0.3947461096783526
11420,710,FAILED,171,171,,,,,,,,,,,,,,,,,,,,,,
11420,620,FAILED,148,148,,,,,,,,,,,,,,,,,,,,,,
11420,630,OK,219,219,,13.7392577443152,1.5947861452311587,0.33837394101250734,9.944547018559067,10.077294040431173,0.06348850452070093,27.105113759838968,2.4139857834904137,0.4732168159214494,0.3466975837486346,2.30157143500481,1.4143120417372526,1.4502044955370987,1.2559437695221498,98.19707296216072,-39.23900983116639,-1.3772261856815196,0.3832530335638485,0.60600525205093,-0.5665067132722885,-0.4061340795454445
11420,670,FAILED,103,103,,,,,,,,,,,,,,,,,,,,,,
11420,700,FAILED,86,86,,,,,,,,,,,,,,,,,,,,,,
11420,610,FAILED,93,93,,,,,,,,,,,,,,,,,,,,,,
11440,610,OK,450,450,,12.843193067075056,0.06402746861356601,0.36015200075635195,6.1577366510727,6.168592193065602,0.07647116606728323,23.675921238431467,1.9695342148004735,0.4855771208199948,0.2911764045963092,1.8476259117990246,1.4145116426986373,1.3995998570876702,1.191268812771531,87.50575464769459,-43.4812269335923,-1.757023660680434,0.3876020354373446,0.5888273914114285,-0.555177289283803,-0.4413900120210339
11440,630,OK,225,225,,11.149724682875114,6.941629572894887,4.7029912564989935,8.64515217565381,12.04338009141149,2.33229709951825,19.77509214206933,2.4642484814997467,0.5005955786710179,0.3630684097357937,2.333238349370717,1.3482873718119965,1.3535737094257978,1.3149707251703537,37.682474088641285,-44.27402759078572,12.264753116129075,-0.29818829861382984,0.7867083986755105,-0.3695582497522887,0.39446208190804427
11440,620,FAILED,146,146,,,,,,,,,,,,,,,,,,,,,,
11440,690,FAILED,84,84,,,,,,,,,,,,,,,,,,,,,,
11440,700,FAILED,82,82,,,,,,,,,,,,,,,,,,,,,,
11440,990,FAILED,83,83,,,,,,,,,,,,,,,,,,,,,,
11440,680,FAILED,108,108,,,,,,,,,,,,,,,,,,,,,,
11440,640,FAILED,107,107,,,,,,,,,,,,,,,,,,,,,,
11440,650,FAILED,71,71,,,,,,,,,,,,,,,,,,,,,,
11440,660,FAILED,57,57,,,,,,,,,,,,,,,,,,,,,,
11460,610,OK,367,367,,10.608591378147203,10.522662477082767,6.771535642527611,2.809758627969238,12.824775402012897,2.36279391695678,16.87991524964957,2.3027467673445683,0.5802258590092748,0.3316805523684392,2.126129278114676,1.3554360886881551,1.3740589402587795,1.2459440493484653,40.05353658495051,-50.859564609644515,7.695316780702333,-0.18891559761294238,0.8406237723698381,-0.25784056910457803,0.43724227978213037
11460,620,FAILED,139,139,,,,,,,,,,,,,,,,,,,,,,
11460,710,FAILED,132,132,,,,,,,,,,,,,,,,,,,,,,
11460,700,FAILED,74,74,,,,,,,,,,,,,,,,,,,,,,
11460,630,FAILED,57,57,,,,,,,,,,,,,,,,,,,,,,
11460,690,FAILED,47,47,,,,,,,,,,,,,,,,,,,,,,
11460,680,FAILED,44,44,,,,,,,,,,,,,,,,,,,,,,
11460,670,FAILED,41,41,,,,,,,,,,,,,,,,,,,,,,
11460,720,FAILED,40,40,,,,,,,,,,,,,,,,,,,,,,
11460,820,FAILED,40,40,,,,,,,,,,,,,,,,,,,,,,
11480,630,FAILED,56,56,,,,,,,,,,,,,,,,,,,,,,
11480,620,FAILED,82,82,,,,,,,,,,,,,,,,,,,,,,
11480,690,FAILED,54,54,,,,,,,,,,,,,,,,,,,,,,
11480,670,FAILED,49,49,,,,,,,,,,,,,,,,,,,,,,
11480,610,FAILED,66,66,,,,,,,,,,,,,,,,,,,,,,
11480,640,FAILED,37,37,,,,,,,,,,,,,,,,,,,,,,
11480,660,FAILED,36,36,,,,,,,,,,,,,,,,,,,,,,
11480,680,FAILED,75,75,,,,,,,,,,,,,,,,,,,,,,
11480,920,FAILED,79,79,,,,,,,,,,,,,,,,,,,,,,
11480,800,FAILED,27,27,,,,,,,,,,,,,,,,,,,,,,
