image_index,latitude,longitude,heading
0,41.90497985496242,12.516002831618762,-88.58234312219727
1,41.90497985796955,12.516002830478081,-88.58348893472233
2,41.904979859879894,12.516002822605108,-88.58371784354024
3,41.90497985397833,12.51600281976955,-88.58131182630024
4,41.90497985225038,12.516002824941353,-88.58062439282665
5,41.90497985494763,12.516002826267913,-88.58085345916464
6,41.90497985841136,12.516002829035475,-88.58096791188603
7,41.90497985070727,12.516002834040709,-88.58234303513382
8,41.90497984733475,12.516002830378842,-88.58417654387524
9,41.90497984751012,12.516002839962797,-88.58589550113828
10,41.90497985409103,12.516002832775879,-88.58532251137247
11,41.90497984789385,12.516002831177863,-88.5836036238965
12,41.90497985505543,12.516002830541549,-88.58096807520839
13,41.904979855516416,12.51600282912184,-88.5815409605979
14,41.904979857167056,12.516002826327364,-88.58268679413722
15,41.90497985361164,12.516002832603553,-88.58463519244117
16,41.904979851080874,12.516002829537918,-88.58280147070434
17,41.904979854425264,12.516002836352083,-88.5833744143015
18,41.9049798534962,12.516002833122679,-88.58131181369893
19,41.904979856230256,12.51600282970303,-88.58440568587059
20,41.904979862226504,12.516002828554493,-88.5823432154805
21,41.904979859981395,12.516002831026768,-88.58154107737792
22,41.90497985264755,12.516002820570687,-88.58142645423113
23,41.90497985655414,12.516002828037662,-88.581656172624
24,41.90497985056225,12.516002826120886,-88.58108201529835
25,41.90497985640886,12.516002823961406,-88.57924989312217
26,41.90497985743907,12.51600283084462,-88.5807388759124
27,41.904979858437194,12.516002831490502,-88.58211394402312
28,41.90497985605168,12.516002830007773,-88.58257242267283
29,41.90497985026296,12.5160028361039,-88.5844056323705
30,41.90497985847079,12.516002834820723,-88.5816563043557
31,41.90497985644357,12.516002830490468,-88.58016607850412
32,41.90497986358912,12.516002815405662,-88.58177091441242
33,41.904979870225425,12.516002830898758,-88.57844790300264
34,41.90497985096573,12.51600282440122,-88.58280140461353
35,41.904979855567255,12.516002824046236,-88.58555206993869
36,41.904979853572264,12.516002829808883,-88.58291595503046
37,41.904979862198886,12.516002829906567,-88.57879105477639
38,41.9049798558952,12.51600283290163,-88.580395074617
39,41.904979851405194,12.516002832640496,-88.58211384252704
40,41.90497985265771,12.516002832380202,-88.58532267889775
41,41.904979854602225,12.516002824224985,-88.58050946207156
42,41.90497985767373,12.516002816305122,-88.57947901160028
43,41.904979856223015,12.516002820459613,-88.57993689699548
44,41.90497985545362,12.51600281350907,-88.58222903922012
45,41.90497985623636,12.51600282532384,-88.58474998218318
46,41.90497984659954,12.516002822014798,-88.58303030068167
47,41.90497985909892,12.516002820350272,-88.5821140442601
48,41.90497985454231,12.516002829301282,-88.58360332282597
49,41.90497984960164,12.516002827089988,-88.58520823560002
50,41.90497984689547,12.516002833925446,-88.5875000551105
51,41.90497985423622,12.516002819629348,-88.58738521012175
52,41.90497985831165,12.516002810688638,-88.58646865661912
53,41.904979854379825,12.516002817320258,-88.58314592202686
54,41.904979855116245,12.516002818690419,-88.58646989823872
55,41.90497985591472,12.516002822744069,-88.5918554836813
56,41.904979841406806,12.516002817595757,-88.5918563682189
57,41.90497983908534,12.51600280366562,-88.59300386182493
58,41.90497982659921,12.516002814950122,-88.59380691104532
59,41.90497981798672,12.516002796400258,-88.59060267193107
60,41.904979816457306,12.516002781148252,-88.59129419320831
61,41.90497978760218,12.516002778040306,-88.59599317954282
62,41.90497976639885,12.516002766586007,-88.59405726154075
63,41.90497973866876,12.516002757765957,-88.58992928388176
64,41.904979715738264,12.516002769180572,-88.5829486896876
65,41.90497966995775,12.516002755929126,-88.57539415354147
66,41.904979624094736,12.516002779366648,-88.56199365238729
67,41.90497956246444,12.5160027610267,-88.54391486592704
68,41.90497950298374,12.516002753490799,-88.52281807870017
69,41.90497941777602,12.516002776216748,-88.50039302824268
70,41.90497933703248,12.51600279875541,-88.46854848116062
71,41.90497923597116,12.516002787311454,-88.42510839897704
72,41.90497913893468,12.516002808503442,-88.37221210029323
73,41.90497903256071,12.516002824528204,-88.30528778416928
74,41.904978886713856,12.516002858374334,-88.2333415029056
75,41.9049787535476,12.516002896953191,-88.14193928146851
76,41.904978603341014,12.51600292514045,-88.0409941706694
77,41.90497843982322,12.516002959952498,-87.92273143593883
78,41.904978256807674,12.51600300705178,-87.79643469033323
79,41.90497806260673,12.516003060744609,-87.65159451313512
80,41.90497783045855,12.516003103091128,-87.51191082693691
81,41.90497762896896,12.516003167135125,-87.35838943308416
82,41.904977396951736,12.516003232363778,-87.18998879187848
83,41.90497713798289,12.516003314575315,-87.02324774885925
84,41.90497687136476,12.516003400607838,-86.83644143143214
85,41.90497659155183,12.516003494290342,-86.63197471471902
86,41.904976293601486,12.51600360506268,-86.41632536138405
87,41.904975991007966,12.516003654747031,-86.20107762916125
88,41.90497564789422,12.516003755679431,-85.9703820084413
89,41.90497529608296,12.516003823471234,-85.73657528897854
90,41.90497493211657,12.51600395459389,-85.4901448790332
91,41.90497453243935,12.516004078369663,-85.22758806231136
92,41.90497414151221,12.516004165224581,-84.9580209937321
93,41.90497373814307,12.516004320658313,-84.67203269767131
94,41.904973285847305,12.516004477808714,-84.37750533431259
95,41.90497282477363,12.51600461375637,-84.06941007905962
96,41.90497235358493,12.516004769004674,-83.76101028866917
97,41.904971858566995,12.51600493351964,-83.43465885214196
98,41.90497133088813,12.516005078681346,-83.09864770852028
99,41.904970812868626,12.51600530837471,-82.7482129501761
100,41.90497028242807,12.516005485032682,-82.39135981020263
101,41.90496970939266,12.51600568054905,-82.02689720559525
102,41.90496912199075,12.516005952035359,-81.64872966382352
103,41.90496853319674,12.516006175480928,-81.2634617972462
104,41.90496791408569,12.51600641032176,-80.85745804618888
105,41.90496726073013,12.516006692883263,-80.444180706789
106,41.90496662057387,12.516006948665494,-80.01204585906206
107,41.90496591845711,12.516007220584477,-79.58118658495877
108,41.904965234298196,12.516007533591596,-79.12626683131448
109,41.90496453455472,12.516007855880805,-78.67909620198836
110,41.90496378081523,12.516008197188567,-78.20733857053429
111,41.9049630506272,12.516008540714264,-77.72846413050239
112,41.90496229707546,12.516008917573764,-77.23536420404179
113,41.904961483749084,12.516009328190083,-76.74198742121771
114,41.90496067634911,12.51600976904857,-76.22483148441701
115,41.904959883766324,12.516010221427551,-75.69260810479776
116,41.90495905554006,12.5160107161644,-75.14180735799127
117,41.90495821451185,12.516011232850346,-74.581738020031
118,41.90495736599601,12.516011786466253,-74.01732621642275
119,41.90495648851708,12.51601236237322,-73.41538847161706
120,41.90495556239199,12.516012911172771,-72.7831019269951
121,41.904954611940596,12.516013450581372,-72.14462675785609
122,41.90495366303194,12.516013995261646,-71.52119709868687
123,41.90495266139807,12.516014570751754,-70.88970430886506
124,41.90495167776317,12.516015168245836,-70.24696122119681
125,41.90495066014032,12.51601582830325,-69.57818502715263
126,41.90494963751408,12.516016540809918,-68.86935811133476
127,41.90494856177926,12.516017284028067,-68.13429931601948
128,41.904947501896814,12.516018086333466,-67.39825805056509
129,41.90494643247859,12.516018884221657,-66.6643779046709
130,41.904945346385205,12.516019745578697,-65.91585636481422
131,41.904944292179245,12.516020627462595,-65.1279527256214
132,41.904943197063254,12.51602159814237,-64.31921526541888
133,41.904942087774444,12.516022587302858,-63.499606618520254
134,41.904941010742924,12.516023606036429,-62.668611264083744
135,41.904939928904625,12.516024700309398,-61.82731089998886
136,41.90493884389784,12.516025769781411,-60.94944583272913
137,41.9049377705841,12.516026887936567,-60.060629375576895
138,41.904936706389854,12.51602801663756,-59.16667321397761
139,41.90493564411229,12.516029174360012,-58.27660911725975
140,41.9049345642378,12.516030343950417,-57.380963037975896
141,41.90493349680113,12.516031547782095,-56.45173320977694
142,41.904932395800614,12.516032780461972,-55.481054808462815
143,41.90493132171649,12.516034033038585,-54.48692487670378
144,41.90493023006918,12.516035357502428,-53.48338900196581
145,41.904929150119465,12.516036692392401,-52.46966737240822
146,41.90492808281232,12.516038104670344,-51.42365643663199
147,41.90492700911202,12.51603957389062,-50.34096330533059
148,41.90492599190389,12.516041071103182,-49.24376517774583
149,41.904924986201166,12.516042646215215,-48.13787486050363
150,41.90492400833419,12.516044246967153,-47.020347291921055
151,41.9049229947963,12.516045922739353,-45.88859002039299
152,41.90492200580862,12.516047623330447,-44.7609193173612
153,41.90492105075473,12.516049393941179,-43.6265149573977
154,41.90492009955029,12.516051208250992,-42.492355382100726
155,41.90491916248438,12.516053028990866,-41.338501904168446
156,41.90491825806323,12.516054881906888,-40.16688210697108
157,41.90491736653391,12.516056738940033,-39.00761710390992
158,41.90491651113798,12.516058618754878,-37.854526715911064
159,41.90491564108472,12.516060550131906,-36.6978416185821
160,41.904914812403625,12.516062517808784,-35.547790964597134
161,41.90491402426412,12.516064519129191,-34.395295517806396
162,41.90491325687486,12.516066564534437,-33.25455437572778
163,41.9049125360866,12.51606856009843,-32.14278734644488
164,41.90491180802531,12.516070670912061,-31.03670860994833
165,41.90491114066801,12.516072733604174,-29.951399879917386
166,41.90491051268366,12.516074829840974,-28.899621534957053
167,41.90490986774066,12.516076963084197,-27.872482920136527
168,41.904909267117375,12.51607905302294,-26.883835335005127
169,41.904908684977165,12.516081225073489,-25.898557418671555
170,41.90490814187863,12.516083397554565,-24.95811739213236
171,41.90490760419811,12.516085620831918,-24.046538013573418
172,41.90490709114329,12.516087818012718,-23.179134222245196
173,41.90490659082007,12.516090038724604,-22.355162916039113
174,41.9049061127362,12.516092267046693,-21.561707706232863
175,41.90490563321752,12.516094491776087,-20.81066161253857
176,41.904905174770576,12.516096747533616,-20.083175671272798
177,41.90490471705312,12.516099018437838,-19.392676377582717
178,41.90490428135039,12.516101263220838,-18.741975571763867
179,41.90490384654926,12.516103533940964,-18.108403955017103
180,41.90490340858141,12.516105810376576,-17.517838360985422
181,41.904902983447606,12.516108113297523,-16.94260172880288
182,41.90490259603171,12.516110362468979,-16.412186025206918
183,41.90490220149328,12.516112621827702,-15.930092062743775
184,41.9049018324121,12.51611485916868,-15.45864309996133
185,41.90490148247286,12.51611708548014,-15.017880174834488
186,41.90490114049981,12.5161193685298,-14.571487413990713
187,41.90490080967117,12.51612165148505,-14.129241012325538
188,41.904900513087945,12.516123933878509,-13.691727303337915
189,41.90490018742109,12.516126227587044,-13.267717101731101
190,41.90489985634069,12.51612851056425,-12.881489792555174
191,41.904899570700366,12.51613077376514,-12.527208120602408
192,41.90489928239621,12.5161330089571,-12.209983210914686
193,41.90489900400253,12.516135268207243,-11.924381457056887
194,41.9048987282046,12.516137486043815,-11.63262052170943
195,41.90489846595408,12.516139731581395,-11.36618071861656
196,41.9048982088952,12.51614196383619,-11.113497184332333
197,41.90489792318396,12.51614420666069,-10.899508987735915
198,41.9048976514642,12.51614645165653,-10.711808070508889
199,41.904897395845225,12.516148726261099,-10.539303900579096
200,41.904897109627456,12.516150982328499,-10.39670526966371
201,41.90489683095145,12.516153197761362,-10.28114458592429
202,41.90489653292587,12.516155362581774,-10.176748561232891
203,41.904896246647326,12.516157528148895,-10.108517207260428
204,41.90489595941689,12.516159655874505,-10.068288285713546
205,41.9048956603321,12.516161830631862,-10.058650969164653
206,41.904895358620266,12.516164007510337,-10.06062507469873
207,41.90489503941753,12.516166188174907,-10.082459286539175
208,41.90489477537038,12.516168348502331,-10.101587347090318
209,41.904894497083674,12.51617050777048,-10.122619383816096
210,41.90489420662772,12.516172633805411,-10.179688127529042
211,41.90489389422581,12.516174739996364,-10.260641393395442
212,41.90489361455913,12.516176857608686,-10.373864883191777
213,41.90489327912802,12.51617896828102,-10.522188525367442
214,41.904892942023736,12.51618107351859,-10.686969616811293
215,41.904892606100816,12.516183184612776,-10.857672269071541
216,41.904892305839404,12.516185301824052,-11.049952657279372
217,41.90489197077724,12.516187393909433,-11.280911799061967
218,41.90489163218388,12.516189485460151,-11.56978882471784
219,41.9048912677588,12.516191535496649,-11.860962046204236
220,41.90489095333876,12.516193571385969,-12.225068598222643
221,41.9048905565414,12.51619563613903,-12.614099923244497
222,41.90489020266392,12.516197676203248,-13.0418441210166
223,41.9048897732787,12.51619973482289,-13.510769404025183
224,41.90488937178516,12.516201742786837,-13.999831867774052
225,41.90488894169081,12.516203728587485,-14.539813776141854
226,41.90488845858813,12.516205678028971,-15.115831401502168
227,41.90488792434733,12.51620757903688,-15.72603043856716
228,41.90488737845993,12.516209366107699,-16.39347484686102
229,41.90488681313231,12.51621121854141,-17.090474027405705
230,41.90488626717209,12.516213073595669,-17.83521524639424
231,41.90488566016866,12.516214934282116,-18.583183272998827
232,41.90488506018637,12.516216723991386,-19.34332885604609
233,41.9048844684183,12.516218459883467,-20.101630437684435
234,41.904883832703085,12.516220271249079,-20.878526259669957
235,41.90488321522745,12.516222016781489,-21.718911426656
236,41.90488253300621,12.516223764506911,-22.550278511329797
237,41.904881911467946,12.516225406008754,-23.37469668038537
238,41.904881204068836,12.516227061193945,-24.1991002181931
239,41.90488051111979,12.516228630329246,-25.057800632455642
240,41.904879840921105,12.516230093265452,-25.947298708499375
241,41.90487909647265,12.516231547412547,-26.86110751376937
242,41.90487837948998,12.516232854075684,-27.788861290678913
243,41.904877575568094,12.516234171842742,-28.76026400289595
244,41.90487676951623,12.516235434970273,-29.764323749150158
245,41.90487597251177,12.516236643407288,-30.78445693495026
246,41.90487513124164,12.516237828057161,-31.795909274175113
247,41.90487434197627,12.51623892303429,-32.79686597547597
248,41.90487354159927,12.516239972287725,-33.845892023053366
249,41.904872746135936,12.51624097789524,-34.949267074353806
250,41.90487195500872,12.516241955355566,-36.11167790487479
251,41.904871113424676,12.516242930802896,-37.27700907876216
252,41.90487031073714,12.516243878271762,-38.47821974322865
253,41.90486942926414,12.516244818496423,-39.71621481288495
254,41.90486850730817,12.516245731866146,-40.9653013727629
255,41.90486754954726,12.51624658455246,-42.21437008896666
256,41.90486652091495,12.516247491404195,-43.461600231316105
257,41.90486552817918,12.516248304312848,-44.7183658372644
258,41.90486450574299,12.516249051939488,-45.98923052610746
259,41.90486347693268,12.516249803245339,-47.27414929039602
260,41.90486246756199,12.51625051975513,-48.606931463233416
261,41.90486141214472,12.516251212939462,-49.97228140535945
262,41.904860349767155,12.516251851184862,-51.3648203953804
263,41.90485924877433,12.516252477563357,-52.776625031371196
264,41.9048581085311,12.516253094234312,-54.195962620215134
265,41.90485701397584,12.516253661325367,-55.62714615559668
266,41.904855852515624,12.51625422756982,-57.072958208241424
267,41.904854681855916,12.516254745274985,-58.49979735598489
268,41.90485354493301,12.516255245294433,-59.9187302948561
269,41.904852437802475,12.516255770347078,-61.36590674581613
270,41.904851330079396,12.516256197931861,-62.845550875166424
271,41.904850142601134,12.51625658986954,-64.32978460338524
272,41.9048489747158,12.516256939030473,-65.81243697180014
273,41.90484779879353,12.516257230641527,-67.30647887181928
274,41.904846640034386,12.516257474961566,-68.80571667134814
275,41.90484547720837,12.51625766342688,-70.31477965250427
276,41.904844310204204,12.51625781642206,-71.83392046393543
277,41.90484314450931,12.51625790494383,-73.36737393833204
278,41.904841940368335,12.51625794356167,-74.92202454986452
279,41.90484072589959,12.516257914749673,-76.4883539140503
280,41.90483949346659,12.516257846579665,-78.06183989268655
281,41.90483823842731,12.516257699343544,-79.62734093192542
282,41.90483700592527,12.516257541999678,-81.18286723422268
283,41.90483577707432,12.516257350247098,-82.73707608837262
284,41.904834527149475,12.516257130363938,-84.29390275500502
285,41.90483328964858,12.516256878397575,-85.82207417575947
286,41.90483201888043,12.516256588927702,-87.35156946695692
287,41.904830728363464,12.516256234095739,-88.89499987845826
288,41.90482943595834,12.516255851187612,-90.42175554248128
289,41.904828110995524,12.516255401554533,-91.92507195588963
290,41.90482681393689,12.516254882658577,-93.40633851342949
291,41.90482549415689,12.516254349387841,-94.87054637615788
292,41.90482421168595,12.516253806003474,-96.33380810663063
293,41.904822956958064,12.516253249028436,-97.79244827842251
294,41.90482169088866,12.51625259168409,-99.25487780391168
295,41.90482042302929,12.516251948318708,-100.71324156166534
296,41.904819170360064,12.51625117686811,-102.15150654852096
297,41.90481792221624,12.516250408494324,-103.60448475924385
298,41.90481664392819,12.516249540554398,-105.03921968434845
299,41.904815363519816,12.516248658706452,-106.44764553011008
300,41.90481408097931,12.516247749917019,-107.83468778426507
301,41.90481281094324,12.5162468277656,-109.22750270902974
302,41.904811560705205,12.516245848696155,-110.61288678910756
303,41.904810313674105,12.516244850564798,-112.00446928547676
304,41.90480907518102,12.516243769371737,-113.39454678754898
305,41.90480785960907,12.516242656028131,-114.78340511927965
306,41.90480661523934,12.51624145745355,-116.1497274509373
307,41.904805411031326,12.51624022056927,-117.4838855165218
308,41.90480417262802,12.516238940716747,-118.78012436994439
309,41.90480297017081,12.516237585839983,-120.0443695441026
310,41.904801769339585,12.516236239948789,-121.31102143264916
311,41.90480057811031,12.5162348421007,-122.55765054962914
312,41.90479940963575,12.516233387227446,-123.76869859152666
313,41.904798222171586,12.516231927404466,-124.96686611850407
314,41.90479703903412,12.51623039752139,-126.11065273650614
315,41.904795867560445,12.51622885811463,-127.2300569469577
316,41.90479469605377,12.516227262377999,-128.30778760434626
317,41.90479353253496,12.516225656128157,-129.35354174701556
318,41.90479237163397,12.516224020011643,-130.37656230795432
319,41.90479123106447,12.516222325180065,-131.36913702393906
320,41.90479009333345,12.516220645268318,-132.35209861426168
321,41.904788943136516,12.516218892848968,-133.31182409813687
322,41.90478782891719,12.51621709972965,-134.25022524993665
323,41.90478671129124,12.516215287824348,-135.16802233068435
324,41.90478561272821,12.516213430100422,-136.03940945078642
325,41.9047845115952,12.516211545065767,-136.8812002164281
326,41.90478343027473,12.51620962322551,-137.6671264356243
327,41.904782343931025,12.516207676372114,-138.40759733400887
328,41.90478126194853,12.516205722204399,-139.1022863864591
329,41.90478018324333,12.516203753174429,-139.75175006864436
330,41.90477912854119,12.516201724521299,-140.35716663246325
331,41.90477805153202,12.516199706897497,-140.93965398145167
332,41.904776969718974,12.516197639650523,-141.47453265502406
333,41.90477587693843,12.516195549783328,-141.9927106348544
334,41.90477481326557,12.51619345886664,-142.4755531281676
335,41.90477375010202,12.516191343010274,-142.9318469042929
336,41.904772676007866,12.516189233278345,-143.37654577985623
337,41.90477159745599,12.516187110737508,-143.79850093150844
338,41.90477052176396,12.51618496470354,-144.20731438498717
339,41.90476945689149,12.516182794418713,-144.61469715896754
340,41.90476838354397,12.516180629732487,-145.01714188779061
341,41.904767311857384,12.51617840212804,-145.41561124642175
342,41.904766245119276,12.516176145077848,-145.7909822952518
343,41.9047652075205,12.516173861602004,-146.14315536585895
344,41.90476417209499,12.51617156011704,-146.4618443315106
345,41.904763134892335,12.516169267421834,-146.75661672780345
346,41.90476209288692,12.516166947337195,-147.02352545312056
347,41.90476102508616,12.516164628210017,-147.297882234339
348,41.904759988335265,12.516162274509872,-147.54937189488922
349,41.90475891307058,12.516159864168001,-147.77996885816233
350,41.90475785627614,12.516157489111073,-147.9927796611095
351,41.90475677332733,12.516155062918951,-148.16925211263867
352,41.904755712805404,12.516152647447436,-148.3409542724548
353,41.9047546462326,12.516150233172532,-148.48598884607128
354,41.904753560035424,12.51614778975098,-148.6235600212289
355,41.90475248504486,12.51614534850939,-148.75903444239594
356,41.904751438053765,12.516142848930125,-148.90946766959726
357,41.90475033553913,12.516140306333133,-149.04671766315207
358,41.90474925036469,12.516137816451948,-149.20930081480626
359,41.90474818156803,12.51613535031879,-149.35613430686305
360,41.90474716628265,12.5161327829773,-149.51111605847544
361,41.90474611308011,12.516130250288503,-149.61410873015305
362,41.904745053096974,12.516127636227171,-149.7500108237123
363,41.904743977639534,12.516125042325637,-149.86344830167155
364,41.90474288567618,12.516122327144505,-149.93372301550897
365,41.90474178223484,12.516119698936594,-150.0010081966099
366,41.90474067918016,12.516117032250714,-150.05291178105412
367,41.90473959838044,12.516114337811846,-150.13110494950553
368,41.904738451763386,12.516111627111341,-150.15975641177124
369,41.9047372949448,12.516108881700246,-150.18977393815007
370,41.90473618815304,12.516106167341784,-150.23532458333412
371,41.904735026591524,12.516103398007587,-150.27393705843699
372,41.90473388287894,12.516100635632245,-150.2967599354637
373,41.90473269580103,12.516097887950805,-150.28768872689665
374,41.90473152600753,12.516095158343003,-150.2817744566984
375,41.90473035300347,12.516092398720312,-150.24080123343077
376,41.90472914727623,12.516089667165284,-150.19891630019598
377,41.90472791011811,12.516086917327295,-150.16324756397205
378,41.90472661137205,12.516084140057819,-150.15343661165522
379,41.904725348524636,12.516081348031605,-150.12864369832604
380,41.904724077984206,12.51607852917679,-150.0794862023279
381,41.9047228279915,12.516075691851878,-150.04277395695792
382,41.90472160885061,12.516072869207985,-150.02709065361302
383,41.9047203533448,12.516069905549452,-149.96151883840162
384,41.90471909347694,12.516067047285961,-149.9025258368028
385,41.90471783279419,12.516064230339294,-149.81844209970805
386,41.90471657871122,12.51606145091772,-149.7714642867761
387,41.90471534704104,12.516058653320039,-149.6971144504203
388,41.90471409240916,12.516055825665013,-149.60770761586826
389,41.90471283362251,12.516053058398187,-149.52069966618456
390,41.90471155748052,12.516050153710465,-149.43889483319774
391,41.90471032053732,12.516047274323654,-149.3799619709124
392,41.90470904722318,12.516044402429449,-149.27314957237718
393,41.90470781205009,12.516041555512663,-149.18452090572296
394,41.90470656490395,12.516038728919124,-149.07784719110992
395,41.90470529914689,12.516035865843007,-148.9542766709557
396,41.90470406446381,12.51603308807031,-148.85439135776542
397,41.90470277513396,12.516030264605044,-148.73993054226472
398,41.90470151553733,12.516027503193667,-148.64857935644628
399,41.904700229255624,12.516024751954504,-148.54313997377326
400,41.90469895085517,12.5160220001128,-148.44355833235176
401,41.90469769107015,12.516019246644593,-148.367674287709
402,41.90469641056519,12.516016483454719,-148.28759351355106
403,41.90469511215103,12.516013680129532,-148.22418077279627
404,41.90469386355138,12.516010972048782,-148.17047946964024
405,41.9046925490911,12.516008177273633,-148.10933350530544
406,41.90469126551414,12.516005445193079,-148.06974118551656
407,41.90468995891217,12.516002629018649,-148.0148497233386
408,41.90468865188613,12.51599986499374,-147.9797147533149
409,41.90468733366908,12.515997136119069,-147.93929586967892
410,41.9046860256437,12.515994379345772,-147.8987022878177
411,41.90468471604788,12.51599165300995,-147.85837984051423
412,41.90468345293863,12.515988889277232,-147.82086034326568
413,41.90468220589718,12.515986206205273,-147.78405108043347
414,41.90468090925254,12.515983538981887,-147.7386459520472
415,41.90467960774628,12.515980892160316,-147.71100280063428
416,41.90467831506967,12.515978346173924,-147.6877845682212
417,41.90467700871877,12.515975662398786,-147.65961362431997
418,41.904675719190685,12.515973006313123,-147.6411834868173
419,41.90467445376492,12.515970274608472,-147.6075323910512
420,41.90467316572556,12.515967602081258,-147.58382260931066
421,41.90467193170278,12.515964958014287,-147.55373681969297
422,41.90467069697785,12.515962322046454,-147.54756847751733
423,41.90466947460525,12.515959767708292,-147.5550038370975
424,41.904668226691555,12.515957168492923,-147.53324507749596
425,41.90466698627681,12.515954593693701,-147.49208649935355
426,41.904665755691724,12.515952004145484,-147.4364994645027
427,41.90466446658118,12.515949440838497,-147.3639824526057
428,41.90466322605932,12.515946882975898,-147.30774324961402
429,41.90466201108368,12.515944326760215,-147.2381191656423
430,41.90466076525105,12.515941814616827,-147.17992631294496
431,41.90465951770086,12.515939340316757,-147.12952523666274
432,41.904658273225195,12.51593683778094,-147.06371373692804
433,41.9046570830562,12.515934274947895,-147.00351345686886
434,41.904655906122365,12.515931676827128,-146.9206786205918
435,41.90465470142408,12.515929084543599,-146.8422081721388
436,41.90465349677787,12.51592653966354,-146.7818575652099
437,41.90465227322684,12.51592401993405,-146.72002947774885
438,41.9046510468603,12.51592152585094,-146.65434111029697
439,41.90464984200518,12.515919027630257,-146.57843159283357
440,41.904648590287756,12.515916516315018,-146.5283201131852
441,41.90464731151718,12.515914080377106,-146.49412341135817
442,41.90464606298496,12.515911663686087,-146.45196249684156
443,41.90464479043592,12.515909213534893,-146.41939416117538
444,41.9046435635808,12.515906804217575,-146.37172596844508
445,41.90464230143746,12.515904341256562,-146.35959021946078
446,41.9046410471131,12.515901897601994,-146.36825728620096
447,41.90463978878808,12.515899386292329,-146.35636884891724
448,41.90463848319016,12.515896878625306,-146.349822405888
449,41.90463723829157,12.515894362170538,-146.3137388932281
450,41.90463597059419,12.515891753602263,-146.3003235810936
451,41.904634679473375,12.515889261752111,-146.3023622160499
452,41.904633384858,12.515886775030646,-146.31110373808224
453,41.90463209743,12.515884242877537,-146.32847254308592
454,41.904630822584544,12.515881715547833,-146.3158893939572
455,41.904629520385825,12.515879168947926,-146.2869253774651
456,41.90462823697531,12.515876629620248,-146.2750147144979
457,41.90462692518159,12.515874126366175,-146.28023097884542
458,41.90462565760456,12.515871582004417,-146.282000168163
459,41.90462436234237,12.515869074584163,-146.27047534229442
460,41.90462307779887,12.515866581566522,-146.25261337749953
461,41.90462179142456,12.515864078346143,-146.23709163358222
462,41.9046204890797,12.515861495744309,-146.23053551761134
463,41.9046192017544,12.515858949734335,-146.2086667254642
464,41.904617895046336,12.515856388873951,-146.2006360471101
465,41.90461661514217,12.515853859101282,-146.2078594410844
466,41.90461535445776,12.515851357070302,-146.21808984766864
467,41.90461406316301,12.51584887512046,-146.2385718362008
468,41.90461276082676,12.51584635532712,-146.24348848574502
469,41.90461143437924,12.51584386439437,-146.252153326162
470,41.904610126169175,12.515841328628655,-146.2507632195119
471,41.90460881697109,12.515838733197477,-146.27026211126795
472,41.90460753718224,12.51583608818647,-146.3061052002334
473,41.90460628624292,12.515833416512995,-146.34335577375077
474,41.90460502930791,12.515830727025671,-146.39207537755945
475,41.90460380535877,12.515828083987447,-146.43204540597807
476,41.90460249688986,12.515825435659625,-146.4639589111579
477,41.904601182576286,12.51582283009623,-146.49388096516017
478,41.90459983015411,12.515820177900327,-146.54989471660488
479,41.904598529198076,12.515817616534816,-146.6074110414247
480,41.904597204324375,12.515814991052178,-146.68761905332917
481,41.90459593583176,12.515812391252725,-146.78749473991192
482,41.904594637352595,12.515809731667087,-146.93954813594357
483,41.904593376289995,12.515807097413582,-147.1087798960058
484,41.90459210311825,12.515804443167273,-147.3061932003142
485,41.904590818711476,12.515801766009272,-147.52917127097578
486,41.90458955252963,12.5157990435923,-147.7458096961239
487,41.90458830847278,12.515796260282102,-147.9688411195626
488,41.9045870302325,12.515793411818287,-148.20458390924188
489,41.90458577518854,12.51579062177156,-148.44914778423558
490,41.90458453436311,12.51578780518488,-148.69874807375558
491,41.90458329229803,12.5157849982809,-148.95971221665047
492,41.904582065610484,12.515782195881393,-149.2256812188394
493,41.904580847105834,12.515779386130754,-149.50136923583997
494,41.90457964087847,12.515776616842874,-149.77777472536746
495,41.904578441125196,12.515773771765815,-150.04435325987347
496,41.904577268174954,12.515770938864184,-150.31803691550266
497,41.90457609488278,12.515768043537786,-150.5957105995086
498,41.90457490976735,12.515765093938972,-150.8920329595467
499,41.9045737599246,12.515762149931444,-151.19399534665763
500,41.904572638914196,12.515759175671754,-151.50044841287652
501,41.9045715003862,12.515756210301436,-151.81383520379106
502,41.90457038858143,12.515753256805993,-152.11911393071907
503,41.90456928094542,12.515750233870433,-152.43260160366103
504,41.90456817146458,12.515747165877222,-152.74549901479563
505,41.90456706976192,12.515744120296565,-153.042515405027
506,41.904565964571646,12.515741048908808,-153.33759309503435
507,41.904564888438955,12.515737999471046,-153.6124661243923
508,41.904563792931725,12.515734957000962,-153.86738019767992
509,41.904562717261975,12.515731972251587,-154.08974595936323
510,41.9045616402726,12.515728911897057,-154.311415623839
511,41.90456056506391,12.515725821043768,-154.538484602833
512,41.90455949802772,12.515722712227305,-154.74340065155275
513,41.90455844429781,12.515719539748945,-154.93475630929441
514,41.90455739696776,12.51571639699431,-155.1087673812653
515,41.9045563463963,12.515713251384673,-155.25819430704922
516,41.90455527554415,12.515710168441148,-155.36889415858698
517,41.90455422671367,12.515707011022531,-155.46556253150044
518,41.90455316635578,12.515703830622186,-155.55899832095412
519,41.90455209416026,12.515700696231129,-155.62606088746307
520,41.90455102522103,12.515697524727415,-155.69756162268652
521,41.90454997552112,12.515694359938479,-155.79050003403992
522,41.90454893585771,12.515691194185278,-155.85599180218952
523,41.90454791850222,12.515687939157477,-155.9557877532013
524,41.904546893621436,12.515684789185238,-156.03626320104564
525,41.90454586222026,12.515681580421097,-156.11852397254196
526,41.904544830527534,12.51567840868769,-156.1766651256156
527,41.904543791198925,12.51567519854676,-156.22322274433162
528,41.90454275639987,12.515671969073855,-156.27812112706073
529,41.90454172869609,12.515668787015557,-156.34283871785564
530,41.90454072345127,12.51566555090644,-156.4061540432977
531,41.90453973356246,12.515662402421501,-156.4702189447948
532,41.90453870321595,12.515659147779619,-156.5035460340814
533,41.904537681888016,12.51565588609094,-156.54940342215934
534,41.90453666945834,12.51565274218024,-156.56049504461512
535,41.90453559373597,12.515649424152112,-156.5738956753608
536,41.90453457203193,12.515646274360236,-156.57412012147748
537,41.904533496898665,12.515642984667297,-156.55306397177142
538,41.90453243453445,12.515639691872757,-156.54228203260413
539,41.90453138574702,12.515636510132033,-156.50775763490734
540,41.904530316926014,12.515633236218292,-156.49174926676287
541,41.9045292639384,12.515630114022223,-156.46547303850775
542,41.904528200770564,12.515626871646338,-156.42588964770542
543,41.904527157053806,12.515623639038257,-156.39635863182917
544,41.90452609236772,12.515620447772058,-156.3456574130422
545,41.90452502232075,12.515617159444792,-156.29999956375653
546,41.90452397726354,12.51561398557659,-156.2357646106895
547,41.90452291819934,12.515610668985184,-156.1540250486141
548,41.90452186675652,12.515607455549555,-156.05391875707267
549,41.90452079850086,12.515604265806461,-155.927646581116
550,41.90451968978498,12.515601090488438,-155.79006926785416
551,41.90451861919593,12.515597988360303,-155.62194484633648
552,41.90451750491846,12.515594772504004,-155.45008964079088
553,41.904516410558855,12.51559167250105,-155.25887180078834
554,41.90451530100428,12.515588558182118,-155.0386546168532
555,41.90451422538238,12.515585469213704,-154.82308794742028
556,41.90451313984488,12.515582471555268,-154.59379870756592
557,41.90451201711396,12.515579363173112,-154.352740681041
558,41.90451090191212,12.515576383042205,-154.08359917413568
559,41.904509750313245,12.515573373134513,-153.77988993963183
560,41.9045086329646,12.515570406402468,-153.45289728534667
561,41.90450748704333,12.515567478127332,-153.1023198265959
562,41.90450632235879,12.51556452724039,-152.74513319658385
563,41.904505143244954,12.51556167581369,-152.36586118241277
564,41.904503924622176,12.515558794852016,-151.94339361522808
565,41.90450274492613,12.51555598012478,-151.52712376161887
566,41.90450152223252,12.515553221650855,-151.1084168692766
567,41.90450028716643,12.515550448788238,-150.69297713849227
568,41.904499035366285,12.515547779176373,-150.25993870181964
569,41.904497760154904,12.51554503786446,-149.8043234242575
570,41.904496493757996,12.515542351506456,-149.33370505419734
571,41.9044951570515,12.515539726277526,-148.83210963487892
572,41.90449382432209,12.515537050644312,-148.3351830253402
573,41.904492485803175,12.515534512891728,-147.8346387803544
574,41.904491130939135,12.515531905600628,-147.30084361493527
575,41.904489780555785,12.515529377871571,-146.74841694274366
576,41.9044883735443,12.515526852405648,-146.17519201082723
577,41.90448699217155,12.51552437810325,-145.598385903357
578,41.904485583319314,12.51552200509525,-145.0202728917499
579,41.904484118441054,12.515519624557541,-144.41061572233866
580,41.904482674708255,12.515517348999747,-143.80184976947905
581,41.90448117981186,12.5155150657357,-143.15157963371948
582,41.9044797117165,12.515512830100437,-142.4909599451095
583,41.90447820440391,12.515510650113201,-141.79987840934587
584,41.90447666261041,12.51550843927305,-141.07720773331732
585,41.90447513102418,12.515506277199355,-140.33476823236603
586,41.9044735368116,12.515504103140543,-139.56286965220667
587,41.904471954291374,12.515501955923028,-138.7910210020599
588,41.904470356223534,12.515499893328474,-138.00945033120905
589,41.904468692099435,12.515497727448736,-137.19435820111616
590,41.90446708559335,12.515495751026089,-136.39031060588889
591,41.90446539145501,12.515493713519568,-135.55135352023868
592,41.90446369030338,12.51549174778377,-134.72762681379638
593,41.90446195504146,12.515489882526913,-133.90364652251355
594,41.90446020392439,12.515487951701562,-133.07915503618938
595,41.904458482730874,12.515486194108638,-132.28657837127392
596,41.904456645199986,12.515484387045447,-131.44719767194462
597,41.904454858820486,12.515482652309732,-130.59661060640494
598,41.90445301113503,12.51548094871803,-129.69036353499692
599,41.90445115945432,12.515479272481198,-128.75599681844307
600,41.90444931144475,12.515477678813069,-127.80825142127134
601,41.90444742296523,12.515476071391358,-126.836767534054
602,41.90444552574156,12.515474538948729,-125.85295416626106
603,41.90444357087063,12.515473049437514,-124.8571288170186
604,41.904441653010636,12.515471572591007,-123.84894598466784
605,41.90443975369634,12.515470189457975,-122.82629862497501
606,41.90443788802352,12.515468918724801,-121.79854263687352
607,41.90443603775249,12.515467717124626,-120.75614481521424
608,41.90443421657615,12.51546661001759,-119.72111378488636
609,41.90443226078432,12.515465404997833,-118.61925823279982
610,41.90443038822907,12.515464364120525,-117.53559594921387
611,41.90442841005351,12.515463314357204,-116.4079785822261
612,41.904426496609,12.515462344758781,-115.30853515960882
613,41.90442455761864,12.51546153092134,-114.203174662419
614,41.90442261677576,12.515460690345726,-113.08274778395274
615,41.90442075066272,12.515460002900701,-111.98614209382187
616,41.90441877294067,12.515459327421516,-110.82189317132594
617,41.90441683713995,12.515458726687319,-109.67595046902302
618,41.9044148500678,12.515458194651925,-108.51714340062757
619,41.904412873618526,12.515457654695322,-107.37344109361699
620,41.90441095971809,12.515457266932385,-106.2954325690113
621,41.90440899731642,12.51545683444825,-105.20322209450481
622,41.90440709057425,12.515456453778672,-104.13731913441092
623,41.90440519036418,12.515456135508268,-103.0533129120931
624,41.90440333054908,12.51545582300954,-101.95881597095405
625,41.904401500114616,12.515455616656475,-100.90316151884407
626,41.90439963655784,12.515455399679766,-99.80236026688011
627,41.90439782068747,12.515455279222234,-98.72118664287831
628,41.90439596588228,12.515455210380779,-97.61949076450637
629,41.90439411002402,12.515455202575296,-96.51944892570226
630,41.9043922739171,12.515455253896734,-95.4371551345613
631,41.90439039437806,12.51545532944413,-94.34596777082987
632,41.90438857666176,12.515455466264134,-93.2780255238192
633,41.90438674405096,12.515455656856377,-92.2374811373388
634,41.90438492847792,12.51545584738052,-91.2067443407474
635,41.904383120295016,12.51545611253834,-90.22302710629188
636,41.90438132377571,12.515456365025075,-89.24576831546244
637,41.904379538044765,12.515456703228052,-88.32656829242616
638,41.90437774048257,12.515457030770312,-87.42652328368293
639,41.90437596383389,12.51545739611327,-86.56179951527598
640,41.904374178815196,12.515457794154253,-85.73456699526628
641,41.904372405602075,12.515458208153127,-84.93446889586544
642,41.90437060046416,12.51545868504195,-84.1608772353109
643,41.90436880736781,12.515459179436629,-83.4122039365328
644,41.90436701987174,12.515459683216605,-82.68025779708499
645,41.90436524150709,12.515460245267818,-81.97246029488116
646,41.90436345632533,12.515460782509786,-81.27425322682382
647,41.90436166860498,12.515461381986109,-80.6199176486965
648,41.904359871961205,12.515462008083208,-79.98618027443113
649,41.904358092762266,12.51546262044122,-79.39833783376122
650,41.90435629956,12.515463281080724,-78.83717888846137
651,41.904354497143814,12.515463944203045,-78.28893015170887
652,41.90435269547067,12.51546465267835,-77.74616355667244
653,41.9043509043027,12.515465363805696,-77.22928169326167
654,41.904349067311415,12.515466106990669,-76.7482620865129
655,41.90434725099173,12.515466880874254,-76.29927047906999
656,41.90434541799331,12.515467655509658,-75.8708643179008
657,41.90434358266601,12.515468463709768,-75.47199978208235
658,41.904341731665795,12.515469262630509,-75.09968939093706
659,41.90433986497229,12.515470092622683,-74.76218804702405
660,41.90433800618178,12.515470931326167,-74.46148377546523
661,41.9043361418731,12.515471768570261,-74.20960447089077
662,41.904334254274175,12.515472606094518,-74.01421733457656
663,41.90433236083301,12.515473443286117,-73.86791452952413
664,41.90433048051181,12.515474244567965,-73.76308745213251
665,41.90432856083144,12.515475054371635,-73.68739221641903
666,41.904326640176244,12.515475847644145,-73.6405086217014
667,41.904324693479964,12.515476644693841,-73.62204553336565
668,41.904322766643,12.515477448785697,-73.62807532799398
669,41.90432080307827,12.515478247000704,-73.67150513335025
670,41.904318828934535,12.515479031726628,-73.72989219826627
671,41.90431686053259,12.51547981311527,-73.79784378072313
672,41.90431488478683,12.515480576938918,-73.87225076177661
673,41.904312893397105,12.515481318680887,-73.94240500704987
674,41.90431087878299,12.515482055881968,-74.02026509175161
675,41.90430885918314,12.515482795841361,-74.08342276697996
676,41.90430682126674,12.51548353430129,-74.14684671549563
677,41.90430477610445,12.515484277078025,-74.20406650796001
678,41.90430269549216,12.515485004638055,-74.25145714476554
679,41.90430063739271,12.515485753503294,-74.29870228883422
680,41.90429856066865,12.515486514934175,-74.32654547319454
681,41.90429647282463,12.515487272880558,-74.34894996872265
682,41.90429435412985,12.515488050927305,-74.36693537848879
683,41.90429221754272,12.515488829552886,-74.3796704715271
684,41.904290085041886,12.515489615865024,-74.38914877597712
685,41.90428793939254,12.515490372692247,-74.38892413027715
686,41.90428578034481,12.515491158629835,-74.38071882478047
687,41.90428360034813,12.515491946187153,-74.34597933718405
688,41.904281402662946,12.515492738244811,-74.30175021895985
689,41.90427919018097,12.515493573235505,-74.24757258972757
690,41.90427699091562,12.515494419411736,-74.17539610537045
691,41.90427477336797,12.515495262928534,-74.11370271870526
692,41.90427256659397,12.515496136146407,-74.03019404738524
693,41.90427034777594,12.515497001884295,-73.94621696781529
694,41.904268107780396,12.515497903942851,-73.85553173199317
695,41.90426588357595,12.515498772890071,-73.75763615708024
696,41.90426362256219,12.51549967887775,-73.6516314718562
697,41.90426137713354,12.515500604841733,-73.53003115169327
698,41.90425909154132,12.515501522923719,-73.40809289716299
699,41.90425680752028,12.51550247918931,-73.26844114787569
700,41.904254484552084,12.515503422553271,-73.1139682775859
701,41.904252172236696,12.515504417908106,-72.94065893730364
702,41.90424984007261,12.51550541795301,-72.75673477646168
703,41.90424749927333,12.51550643029622,-72.5706408868928
704,41.904245155948566,12.515507454702112,-72.39010371223199
705,41.90424279417907,12.515508516959066,-72.21824604103642
706,41.90424043958587,12.515509591486579,-72.04364414398034
707,41.904238077063454,12.515510669608979,-71.86967073102848
708,41.904235722520916,12.515511782149463,-71.68054827747147
709,41.90423336942093,12.515512911363093,-71.50014403412594
710,41.90423099845221,12.515514055483594,-71.31209658408845
711,41.90422863610697,12.515515222586009,-71.12799656052313
712,41.904226254059274,12.51551633633275,-70.95272865202668
713,41.9042238329177,12.515517465167514,-70.78376546337375
714,41.90422144544014,12.515518626656146,-70.60900118070232
715,41.90421901251422,12.515519780735689,-70.44030808721037
716,41.90421656781955,12.515520951721792,-70.26711242652304
717,41.90421413003758,12.515522163064492,-70.08967791377282
718,41.904211669747966,12.515523396914631,-69.90397134827877
719,41.904209185250814,12.515524686136594,-69.7326412962447
720,41.90420671245241,12.515525978743906,-69.57001007680333
721,41.90420424054035,12.515527318494357,-69.3932437728884
722,41.90420177210155,12.515528682455662,-69.22475898769873
723,41.90419931098085,12.515530047508086,-69.06802219461267
724,41.90419688177835,12.515531400175934,-68.92766912213881
725,41.90419443972603,12.515532709097803,-68.80971490468534
726,41.90419197375157,12.515534018968443,-68.69764187726075
727,41.9041895020233,12.51553535085619,-68.5782746240317
728,41.90418702835549,12.515536727091446,-68.46073869955761
729,41.90418455959946,12.51553811030498,-68.34887898585504
730,41.904182041647815,12.515539496103184,-68.24578701770142
731,41.9041795370358,12.515540908634541,-68.15130820173422
732,41.90417700217007,12.515542321317486,-68.06390292742765
733,41.90417444654685,12.51554377646413,-67.97770439576414
734,41.90417190624476,12.51554520797496,-67.89643856231528
735,41.904169322818895,12.515546712719468,-67.82478873344384
736,41.90416675452041,12.515548188103132,-67.77891966154552
737,41.90416418184074,12.515549679186988,-67.752128281836
738,41.90416162818685,12.515551129876233,-67.72005821703264
739,41.904159079757704,12.515552579634162,-67.69557640287405
740,41.90415651776187,12.515554032475517,-67.66636300091454
741,41.90415397680043,12.51555548637993,-67.65049984933016
742,41.90415138823842,12.515556928321171,-67.64662747485838
743,41.904148760455925,12.51555840082083,-67.64105587854613
744,41.90414615401292,12.515559842940897,-67.62653719359834
745,41.90414351450169,12.515561294662643,-67.61814728813924
746,41.90414089955419,12.515562728658837,-67.61078422229048
747,41.904138288308694,12.515564150839673,-67.60503222015974
748,41.904135662718325,12.515565599869287,-67.59994619263927
749,41.90413303002541,12.515567041346822,-67.61426168179514
750,41.90413036270295,12.515568503846328,-67.6171429011458
751,41.904127740137824,12.515569970021742,-67.60763768640348
752,41.90412507984616,12.515571411340726,-67.61473400631222
753,41.90412238983538,12.51557287420316,-67.62415671692497
754,41.904119712562995,12.515574329974363,-67.64233284749729
755,41.904117017418905,12.515575834134468,-67.67674943948325
756,41.90411430504735,12.51557729966494,-67.70010611300276
757,41.90411158691058,12.51557880435335,-67.71149639105118
758,41.90410888680768,12.515580290864184,-67.72925208923903
759,41.90410616498657,12.515581763112914,-67.76228450319024
760,41.904103463073554,12.515583227422537,-67.7906121637183
761,41.90410070231411,12.51558473857392,-67.82066286375337
762,41.90409798289764,12.51558624695369,-67.84412430946232
763,41.90409525345741,12.515587731969026,-67.87978293364779
764,41.90409247975237,12.515589220184415,-67.9077030983043
765,41.90408972396101,12.515590738526196,-67.94458752116284
766,41.90408697855612,12.515592197528889,-67.9823270334174
767,41.90408428408986,12.515593702237881,-68.02263695195315
768,41.90408156940334,12.515595117918267,-68.06359585236153
769,41.90407887477053,12.515596574753898,-68.12553917959092
770,41.9040761434009,12.515598007358681,-68.1929113395695
771,41.90407342834117,12.515599450675325,-68.27107736380721
772,41.90407069229832,12.515600916086688,-68.33588122782955
773,41.90406796465189,12.515602366257394,-68.39629628849741
774,41.90406519717352,12.51560379047764,-68.45879227186447
775,41.904062411532415,12.515605229476533,-68.53334464198689
776,41.90405962025646,12.515606670894115,-68.60345858990887
777,41.90405680254841,12.515608130593359,-68.66680223129526
778,41.904054000270065,12.515609564068527,-68.72165895361914
779,41.904051210443356,12.515611010257032,-68.78743706153875
780,41.90404843640363,12.515612450660658,-68.86474627396002
781,41.90404567210688,12.515613883274277,-68.94557201870418
782,41.90404288668629,12.515615322634677,-69.02079704060637
783,41.90404012704116,12.515616767721706,-69.09857407564955
784,41.90403739781432,12.515618213345421,-69.17888481864867
785,41.904034595914865,12.515619681881942,-69.26332485789013
786,41.90403181001518,12.51562113780848,-69.36195849256453
787,41.90402895506458,12.515622566752532,-69.44651418521303
788,41.90402614055146,12.515624000755073,-69.52960962633067
789,41.90402333127671,12.51562538250545,-69.60364083162747
790,41.90402047422076,12.515626765623182,-69.68780768468591
791,41.90401767850736,12.515628155121902,-69.78089515352796
792,41.90401484587222,12.515629519784225,-69.87292691719621
793,41.90401205476871,12.515630955018954,-69.94593706294926
794,41.904009264147014,12.515632392291481,-70.01576416605253
795,41.90400645066538,12.515633815582019,-70.07369233988956
796,41.90400366229423,12.515635194528246,-70.1241570917541
797,41.90400084547813,12.515636521494017,-70.18211204591549
798,41.90399800736847,12.515637906935773,-70.23470509170349
799,41.90399519699131,12.515639305507136,-70.2852250398341
800,41.90399239016908,12.515640686228732,-70.32704095288668
801,41.90398955157262,12.515642098414602,-70.37413735891626
802,41.90398669909774,12.515643495953437,-70.43255149820828
803,41.903983859817025,12.515644848565055,-70.47697708735414
804,41.90398104953105,12.515646206383863,-70.51017634401452
805,41.90397825683476,12.515647568848264,-70.53796101220115
806,41.90397541450946,12.515648952705348,-70.57442820977984
807,41.90397261101353,12.515650332052237,-70.60855271577857
808,41.903969745686055,12.515651729325212,-70.62911192454897
809,41.90396686622519,12.51565310209019,-70.63230324505
810,41.903964038515674,12.515654431664952,-70.61067962108822
811,41.90396115223991,12.51565575855867,-70.58745591901764
812,41.90395834709982,12.51565711388736,-70.561738449998
813,41.90395552508701,12.515658473649205,-70.53596356947506
814,41.90395271893034,12.515659786185676,-70.50638320713817
815,41.90394991501794,12.515661134165422,-70.48199833291663
816,41.90394706010699,12.515662546660412,-70.4684097574761
817,41.90394426273827,12.515663912493734,-70.4519201198112
818,41.90394143102933,12.5156652732939,-70.43603395762747
819,41.90393865925538,12.515666659523928,-70.39746610412737
820,41.90393585971645,12.515668045216694,-70.361957948514
821,41.90393309777418,12.515669411084625,-70.32880005299936
822,41.9039303141585,12.515670786838783,-70.29859942243536
823,41.90392760996866,12.515672176473133,-70.26921649113063
824,41.90392486510327,12.515673506617478,-70.25164275580764
825,41.90392212059631,12.51567485410264,-70.23769043351565
826,41.90391940179148,12.515676217633422,-70.20688273585907
827,41.90391664550498,12.515677578965335,-70.17676547603071
828,41.90391396359268,12.515678900966133,-70.15184367353422
829,41.903911255521336,12.515680232285249,-70.13220300917206
830,41.90390855926231,12.515681541216672,-70.10179802204165
831,41.903905902732,12.515682868862513,-70.06101886763311
832,41.9039032308662,12.515684182866632,-70.0238831770117
833,41.903900622064874,12.515685472058294,-69.97876018182689
834,41.90389802198333,12.515686790042613,-69.94708545743143
835,41.90389543599529,12.515688074304146,-69.91475799789563
836,41.903892885575374,12.515689385244924,-69.86200022740134
837,41.90389033709379,12.515690651493198,-69.81115605482267
838,41.90388777985368,12.515691916279875,-69.75415863642219
839,41.90388528646405,12.515693180991617,-69.70948880964617
840,41.90388277717436,12.515694415889442,-69.67592960982482
841,41.90388029889199,12.515695647846245,-69.63189723256934
842,41.90387782870774,12.515696867320724,-69.58311962763547
843,41.90387538696952,12.515698120641298,-69.53197102125216
844,41.903872939550936,12.515699345836925,-69.48547800260232
845,41.90387049214302,12.515700586458157,-69.45142442706164
846,41.903868107569394,12.515701788690347,-69.40937197053361
847,41.903865720402926,12.515703014474669,-69.3685330442493
848,41.90386336811498,12.515704192649057,-69.32421292786172
849,41.90386102564028,12.515705375654507,-69.26192519441658
850,41.90385865138008,12.5157066047735,-69.21580096871195
851,41.903856414791655,12.515707759609846,-69.15576083556688
852,41.903854097545214,12.5157088903487,-69.1334117260042
853,41.90385188132096,12.515710036118525,-69.09673994142418
854,41.90384961743559,12.515711165785559,-69.04545173300593
855,41.90384738786341,12.515712300638924,-69.00766228613163
856,41.90384519594413,12.515713435147932,-68.96267822517342
857,41.90384301324235,12.51571454705196,-68.92705629980506
858,41.90384089796569,12.51571562797041,-68.91510098601762
859,41.90383875056373,12.515716709908787,-68.92057734035953
860,41.90383661694815,12.515717808088995,-68.93172175063009
861,41.90383454150729,12.515718897265996,-68.92404724127114
862,41.9038324096701,12.515719967584026,-68.92879014051329
863,41.903830352840245,12.51572105489453,-68.93312649452214
864,41.90382830245473,12.515722135808529,-68.9328035797448
865,41.903826306417905,12.515723187590645,-68.96631638924883
866,41.90382431322058,12.51572421446843,-69.001600952198
867,41.903822272595605,12.515725266054506,-69.047675103522
868,41.903820309210566,12.515726265222057,-69.07290761570135
869,41.90381832894294,12.51572723972889,-69.09964310891195
870,41.903816391990766,12.515728201826732,-69.13969304033915
871,41.90381448018012,12.515729182172256,-69.1767716504034
872,41.90381257490277,12.515730137266376,-69.22151588806386
873,41.90381072843987,12.515731072246052,-69.27824201682925
874,41.90380886238832,12.51573201142026,-69.32624880576603
875,41.9038070573469,12.515732962833958,-69.38329308144891
876,41.903805265379546,12.51573388293298,-69.41926441427856
877,41.90380349384692,12.51573479015959,-69.4781999075573
878,41.903801741995636,12.515735658796954,-69.54549605782128
879,41.90380002077778,12.51573651787844,-69.62032697750567
880,41.90379835480357,12.515737304850367,-69.70753321209571
881,41.90379666756821,12.515738077990003,-69.79469142284101
882,41.903794963635015,12.515738852261148,-69.89417702793281
883,41.90379333367997,12.515739617529679,-69.98032499537537
884,41.903791693510605,12.515740357746047,-70.05468304266942
885,41.90379010971594,12.515741095340651,-70.13017199469759
886,41.90378857626167,12.515741848183977,-70.20151826020867
887,41.90378703999114,12.515742588961343,-70.29457954648791
888,41.90378552490491,12.515743346152242,-70.38515043193972
889,41.903783993738365,12.515744110932927,-70.48273803519426
890,41.90378256492855,12.515744803297109,-70.59566101435036
891,41.9037811467533,12.515745508705916,-70.70873433005976
892,41.903779749447786,12.515746147309212,-70.84218794705956
893,41.90377835942455,12.515746811472122,-70.97291056711259
894,41.90377697293749,12.515747429041163,-71.09340926419738
895,41.903775643820936,12.51574802178733,-71.22094032530683
896,41.90377431881912,12.51574858239607,-71.34692247270226
897,41.90377300236706,12.515749090052136,-71.4905864848924
898,41.903771713357905,12.515749600242174,-71.62819850085766
899,41.903770455822794,12.515750107421221,-71.76183648366558
900,41.90376926050051,12.515750600233607,-71.89305328663743
901,41.90376805035603,12.515751068869164,-72.00711697476532
902,41.90376690611509,12.515751555914528,-72.12099997693996
903,41.903765774069825,12.515752035940615,-72.21530479740679
904,41.90376465685164,12.515752509163885,-72.29527658663251
905,41.90376358195362,12.515752965830629,-72.34934976721206
906,41.90376251046477,12.515753417532887,-72.3704246902264
907,41.90376148586447,12.515753862554158,-72.4039239510458
908,41.90376047230241,12.515754292955132,-72.44022233479515
909,41.90375948913917,12.515754717049973,-72.48514715445022
910,41.90375851036965,12.515755099150859,-72.5343578086796
911,41.90375755253117,12.515755536018327,-72.5790274233248
912,41.90375659305784,12.515755952777267,-72.62762999611225
913,41.90375565281367,12.515756354665942,-72.66676511618633
914,41.903754707047305,12.515756746834644,-72.7143040333677
915,41.90375373803894,12.51575714040344,-72.76080011501966
916,41.90375280215411,12.515757533625843,-72.82044232967841
917,41.90375186033932,12.515757910010466,-72.90511948067052
918,41.9037509192329,12.51575826966975,-72.9983117090356
919,41.90374997572652,12.515758635319647,-73.10784605533576
920,41.903749025618076,12.515758971500057,-73.22225637323753
921,41.90374804364455,12.515759283144023,-73.3207198886638
922,41.903747200962194,12.515759473226401,-73.45581065180883
923,41.90374640389519,12.515759715126002,-73.58978152420912
924,41.90374564724585,12.515759990026504,-73.754624290269
925,41.90374484051408,12.515760267675388,-73.9317026009463
926,41.90374402397372,12.515760573797241,-74.11044618645334
927,41.90374318624578,12.515760880321752,-74.29390391165268
928,41.90374232272686,12.51576117997698,-74.49814204806839
929,41.90374145395186,12.515761414247992,-74.72366109604312
930,41.90374063452774,12.515761610185626,-74.97306837117823
931,41.90373981962292,12.515761832949126,-75.26138227642164
932,41.90373900007645,12.5157620637036,-75.5374130018678
933,41.90373817847463,12.515762240229428,-75.83128237523039
934,41.90373728654289,12.515762450294954,-76.14557083908669
935,41.90373642470582,12.515762639451626,-76.48408226030186
936,41.90373553355859,12.515762848292052,-76.8568459547024
937,41.90373458137624,12.515763070447708,-77.2659473015876
938,41.90373363079092,12.515763238605075,-77.66552784618068
939,41.903732682762914,12.515763349950133,-78.07600903239921
940,41.90373178175891,12.515763471889855,-78.51988161902098
941,41.90373087840471,12.515763521496496,-78.9895675215806
942,41.90372991324931,12.515763568818107,-79.51953791816676
943,41.90372889594219,12.515763615059408,-80.02405582634114
944,41.903727848259386,12.515763644071317,-80.52933418804487
945,41.90372683510233,12.515763607380292,-81.07238825528832
946,41.90372578439192,12.515763633314675,-81.69361938721009
947,41.903724700891445,12.515763754285032,-82.36097121949749
948,41.903723578360065,12.515763939141943,-83.03724226303983
949,41.903722450676234,12.515764154569256,-83.67779684273728
950,41.90372132611511,12.515764299447758,-84.27197552766849
951,41.90372025204676,12.515764299560288,-84.87531444651606
952,41.903719171518446,12.515764083514211,-85.59265302524317
953,41.90371808719069,12.515763844761167,-86.41283696449688
954,41.903716991792095,12.515763551881985,-87.29852719944611
955,41.9037158100811,12.515763287700103,-88.1752780036537
956,41.90371466760788,12.5157630207527,-89.00006157473517
957,41.903713504240756,12.515762747597615,-89.7710584598429
958,41.90371233905251,12.515762418588507,-90.54003799156216
959,41.90371112892699,12.515762057594069,-91.3658981416272
960,41.903709939397004,12.515761737347061,-92.22353549760749
961,41.90370871566673,12.515761424650421,-93.0733694170906
962,41.90370751525052,12.515761143736833,-93.91426396491109
963,41.90370630905422,12.515760839724654,-94.74954171914155
964,41.9037051031341,12.51576055612047,-95.62069678987143
965,41.90370389114737,12.515760284352732,-96.52981193677579
966,41.90370267688726,12.515759997145569,-97.45058479402186
967,41.9037014021113,12.515759618084127,-98.3894088230529
968,41.90370016005836,12.515759200939101,-99.3050635620454
969,41.903698887345826,12.515758670048324,-100.23167762085356
970,41.90369757399953,12.515758072579906,-101.17941822197886
971,41.90369628775885,12.515757349106414,-102.12206947758528
972,41.90369502240796,12.515756593369192,-103.04493059804425
973,41.90369374969592,12.515755823287083,-103.98251761492232
974,41.90369246842892,12.515755054552354,-104.95524828743174
975,41.90369115522874,12.515754246397423,-105.94453524180852
976,41.90368984153967,12.515753408991793,-106.92350237567828
977,41.90368850309622,12.515752600979157,-107.87981656158153
978,41.90368716258762,12.515751740661992,-108.79828444296393
979,41.90368580772674,12.51575087915387,-109.70820254925016
980,41.90368441777738,12.515750006789432,-110.60651100212093
981,41.903683003637745,12.515749053958492,-111.50082832190441
982,41.90368159859585,12.51574809525533,-112.3771480562155
983,41.90368024467581,12.515747026041735,-113.23266160293649
984,41.90367888340829,12.51574597306986,-114.08806925993099
985,41.90367754159924,12.51574483918982,-114.93223848702307
986,41.90367614778248,12.515743722273632,-115.78076421412406
987,41.90367475387595,12.515742567957615,-116.6096896852675
988,41.90367335197574,12.515741376810702,-117.42369641424337
989,41.90367194583112,12.515740221563846,-118.24444921950771
990,41.903670562535225,12.515739028357787,-119.08217737680978
991,41.903669170281646,12.515737818217657,-119.94905747465963
992,41.903667783490135,12.515736523517427,-120.82315275547717
993,41.903666395104054,12.515735241090246,-121.70677735052648
994,41.90366498627748,12.515733842907512,-122.57997212161136
995,41.90366360805002,12.515732429552905,-123.41865958987836
996,41.90366219850129,12.515730916642022,-124.24945312474333
997,41.903660825842564,12.515729390214867,-125.08265947699385
998,41.90365947990725,12.515727828110043,-125.89614334845177
999,41.903658129414836,12.51572624978001,-126.71665612834921
1000,41.90365679793901,12.515724609296624,-127.51349507103315
1001,41.90365543259368,12.515722919265025,-128.33249463878312
1002,41.90365414153903,12.515721225025322,-129.14756253347295
1003,41.903652820538,12.515719520789018,-129.95567906108877
1004,41.90365152414538,12.515717766375673,-130.76079285438067
1005,41.903650241254276,12.515715975599397,-131.5518435551084
1006,41.90364892256108,12.515714145367118,-132.33237317598167
1007,41.90364763439531,12.515712343807307,-133.10727565024226
1008,41.90364635538606,12.51571047317334,-133.86724908061615
1009,41.90364507134679,12.51570861523667,-134.62776601095553
1010,41.90364382326573,12.51570670692625,-135.3720852011008
1011,41.90364257463862,12.515704753998877,-136.09828460960682
1012,41.90364134635525,12.515702796483065,-136.81202692511812
1013,41.90364011300352,12.515700767871593,-137.51880070039053
1014,41.903638908807395,12.515698740452745,-138.22582987800146
1015,41.903637724831,12.515696660196442,-138.94505718317785
1016,41.90363655711213,12.51569448811565,-139.66149736927426
1017,41.903635380436896,12.515692351507377,-140.3870065368553
1018,41.9036342230158,12.515690135410042,-141.11182931439168
1019,41.90363306860613,12.515687914529247,-141.842266868585
1020,41.90363193035248,12.51568569904507,-142.56467462968484
1021,41.903630783706454,12.515683398669681,-143.27742492863612
1022,41.90362965910422,12.515681136083195,-143.98513902145132
1023,41.9036285784484,12.515678805042645,-144.69920966342622
1024,41.903627484673585,12.515676484932193,-145.40886177247634
1025,41.90362644481793,12.515674098944645,-146.11787145525795
1026,41.90362542790881,12.515671673694216,-146.82088173872918
1027,41.903624417230745,12.515669251022464,-147.5196924896424
1028,41.903623431236966,12.515666784015052,-148.20275965176737
1029,41.903622452445134,12.515664316677348,-148.87608063298637
1030,41.90362149637397,12.515661804181054,-149.54297146919106
1031,41.90362055018556,12.515659240570683,-150.18336244478556
1032,41.90361961639649,12.515656651104978,-150.80364899596844
1033,41.90361868560133,12.515654049377432,-151.37523093731082
1034,41.90361775553796,12.515651434942654,-151.90887336507848
1035,41.903616878062515,12.51564877665057,-152.39163944364756
1036,41.903615963495454,12.515646133989001,-152.83217662823506
1037,41.9036150976381,12.515643502703831,-153.23610467011022
1038,41.90361419263202,12.515640852902555,-153.6156716300182
1039,41.9036133334751,12.515638177922364,-153.96025890460928
1040,41.90361247221973,12.515635436740363,-154.28149131248503
1041,41.90361158539298,12.515632752438716,-154.57299287556754
1042,41.90361071997718,12.515630011290792,-154.83650243543042
1043,41.90360983775331,12.51562733854437,-155.08274405866015
1044,41.9036089737072,12.515624617709879,-155.29682199060767
1045,41.903608097660964,12.515621911838974,-155.49703754624986
1046,41.90360722134339,12.515619202836403,-155.66828100153674
1047,41.90360637407979,12.51561644084454,-155.82086419570118
1048,41.90360549673078,12.515613671742646,-155.97154210429954
1049,41.90360464359515,12.515610894569758,-156.10170523057542
1050,41.90360377638473,12.515608194821242,-156.2568296954248
1051,41.903602909839385,12.515605529051154,-156.40762933611342
1052,41.90360206789038,12.515602844014106,-156.55459284274818
1053,41.903601226420534,12.51560018140144,-156.70903231366233
1054,41.90360036519268,12.515597433947708,-156.85318342606433
1055,41.9035994870672,12.515594645428212,-157.00316811582385
1056,41.90359862355619,12.515591906813368,-157.14704327458026
1057,41.90359778709855,12.515589151221954,-157.26806023109415
1058,41.9035969329301,12.515586393380518,-157.38675083228506
1059,41.90359609381958,12.51558365431604,-157.48271114398017
1060,41.90359528409173,12.515580891555853,-157.58195441779844
1061,41.90359446697816,12.515578034077649,-157.6509402341395
1062,41.9035936003126,12.515575240992538,-157.72635159512106
1063,41.903592805388286,12.515572888213988,-157.77030574944783
1064,41.903592083562174,12.515570329292698,-157.75963669349986
1065,41.903591219995725,12.515567679238718,-157.78649720013533
1066,41.9035904653006,12.515565050747442,-157.78702760403257
1067,41.90358956699676,12.515562301666746,-157.83045747816496
1068,41.90358877450842,12.515559674443278,-157.83838532201813
1069,41.903587887054286,12.515556719011364,-157.88534109987455
1070,41.90358702258926,12.515553998089214,-157.92232593915332
1071,41.90358617586117,12.515550959031941,-157.9242644625351
1072,41.90358538020535,12.515548021230197,-157.9101442528893
1073,41.90358441771647,12.515544833588601,-157.92597784880465
1074,41.90358345810073,12.515541897290914,-157.93589719250295
1075,41.903582478331025,12.51553870387499,-157.94370738712357
1076,41.90358155685364,12.515535916548522,-157.94676493644013
1077,41.9035807144243,12.515533161142962,-157.9413423498937
1078,41.90357985927784,12.515530534036909,-157.96119127470934
1079,41.903579129513936,12.515528091709577,-157.96602444722612
1080,41.903578375510925,12.515525310860609,-157.966714664683
1081,41.90357754644864,12.51552277084903,-157.9822031005725
1082,41.903576853426614,12.515520121416037,-157.9867343133892
1083,41.90357594554827,12.515517420647708,-158.05231385009552
1084,41.90357524346245,12.515515066588186,-158.108849438297
1085,41.90357446976171,12.515512133665199,-158.1247660747609
1086,41.90357360041336,12.51550945361565,-158.13452376483409
1087,41.90357284347654,12.51550659648281,-158.11926831211582
1088,41.903571905693866,12.515503582207193,-158.15750317409464
1089,41.903571067324904,12.515500882849926,-158.19944244099943
1090,41.903570212531804,12.515497932976814,-158.20226224187797
1091,41.90356930642321,12.515495217532226,-158.22162713886067
1092,41.903568552045726,12.515492434755236,-158.21580433047015
1093,41.90356764020647,12.515489576455808,-158.21630013652688
1094,41.90356685080919,12.51548694332278,-158.22280951762548
1095,41.903566036013714,12.515483950360752,-158.23213488517658
1096,41.90356518079165,12.515481197131603,-158.258627689014
1097,41.90356442768159,12.515478321572857,-158.26201395184057
1098,41.90356353808258,12.51547540589823,-158.28043358995149
1099,41.903562749761285,12.515472626968121,-158.28463057512135
1100,41.90356186329078,12.515469612872488,-158.27286705340836
1101,41.903560944633504,12.515466764760665,-158.27537190865823
1102,41.90356013292987,12.515463886807613,-158.26374503808373
1103,41.9035592073243,12.51546093428664,-158.26554637526218
1104,41.90355837224749,12.515458130268133,-158.25847775745117
1105,41.903557496479394,12.51545514816012,-158.26786199340106
1106,41.903556635531274,12.515452369858158,-158.26895016504227
1107,41.9035558249199,12.51544940178819,-158.27717930960603
1108,41.90355491203306,12.515446455188027,-158.2807537122035
1109,41.90355407140167,12.515443630356492,-158.28710225955922
1110,41.903553164374166,12.515440615678326,-158.2991145375242
1111,41.90355228103532,12.515437835381631,-158.30133193119923
1112,41.903551418840394,12.51543486714991,-158.29157723128506
1113,41.903550507001604,12.51543179451098,-158.28632458179254
1114,41.90354966049025,12.515428899194013,-158.28496984975425
1115,41.90354873397503,12.515425775445909,-158.27949664618995
1116,41.90354785324932,12.515422970526695,-158.3001396141898
1117,41.90354698293934,12.515419952251943,-158.3104120940512
1118,41.903546058119126,12.51541697424494,-158.32561146180927
1119,41.90354519945082,12.51541413834478,-158.31012727038078
1120,41.90354420559893,12.515411015835362,-158.3095725739203
1121,41.90354330359169,12.515408109184996,-158.3146251768822
1122,41.9035424065566,12.515405070808399,-158.3258245272803
1123,41.90354149545598,12.51540205796964,-158.35827437171184
1124,41.90354064304119,12.515399140006323,-158.39144477897605
1125,41.90353970280507,12.515396009439941,-158.43142323732823
1126,41.90353885932578,12.515393110095577,-158.45151785744378
1127,41.90353794569998,12.515390000112337,-158.47075689206014
1128,41.90353702426654,12.515386968488182,-158.48988282348378
1129,41.90353612198609,12.51538396491352,-158.52036056563156
1130,41.903535176226846,12.51538080404474,-158.55785094318162
1131,41.90353431354414,12.515377826671315,-158.583543925768
1132,41.903533400122015,12.515374673374117,-158.61161306248687
1133,41.90353250466925,12.515371650284479,-158.63204889674836
1134,41.90353162200778,12.515368620740544,-158.65972738472135
1135,41.903530703200964,12.515365495904863,-158.69673087607748
1136,41.90352983491904,12.515362475964912,-158.7328601219057
1137,41.9035289279469,12.515359331212359,-158.7653437841961
1138,41.90352804489002,12.515356209345585,-158.79858724330776
1139,41.903527166774026,12.51535306147335,-158.82504808146103
1140,41.903526252430204,12.515349885145195,-158.85045030635948
1141,41.90352537385243,12.51534683309365,-158.88572337688757
1142,41.90352444841243,12.51534370895355,-158.92504664770473
1143,41.903523538815946,12.515340633288542,-158.96102336737113
1144,41.90352266254846,12.515337646040718,-158.99435801207719
1145,41.90352177070231,12.515334643366897,-159.032984814835
1146,41.903520912342856,12.515331673833293,-159.07836970884406
1147,41.903520070119576,12.515328730228422,-159.12015381054258
1148,41.9035192120118,12.515325718297694,-159.1671299470757
1149,41.9035184226269,12.51532279171463,-159.22539506327743
1150,41.90351758608698,12.515319806467474,-159.28311837392738
1151,41.90351679831579,12.515316910075915,-159.33827194837633
1152,41.903515982164514,12.515313952127581,-159.38547500541523
1153,41.90351515033484,12.515310973540242,-159.427281171477
1154,41.9035143604456,12.51530812788394,-159.47188112669483
1155,41.90351355907789,12.515305245080839,-159.52317006090857
1156,41.90351278677145,12.51530242984206,-159.5776975102144
1157,41.90351199847287,12.51529958263107,-159.62512008489585
1158,41.90351122030637,12.515296731889215,-159.65830448081002
1159,41.903510458939685,12.515293926938016,-159.69366678123876
1160,41.90350968815779,12.515291094337496,-159.73747610444477
1161,41.90350890602848,12.515288221031126,-159.7771738256774
1162,41.903508151460294,12.515285371323726,-159.8211305135988
1163,41.903507384740095,12.515282470593235,-159.84906364435776
1164,41.90350662156859,12.515279596295168,-159.8653994490718
1165,41.90350585068647,12.515276671514968,-159.87196676355606
1166,41.90350506892229,12.515273779951597,-159.87072457843112
1167,41.903504296357056,12.515270975651648,-159.87591946875565
1168,41.90350349235644,12.515268075341714,-159.87643150991303
1169,41.90350270600463,12.515265252443042,-159.88446862717726
1170,41.9035019089002,12.515262389229484,-159.87724486222115
1171,41.90350110724934,12.51525952696576,-159.87568031601776
1172,41.90350030675558,12.515256652102407,-159.87634086998247
1173,41.9034995240354,12.515253805319736,-159.87364504684743
1174,41.90349875106312,12.515250963278914,-159.8780342752776
1175,41.903497957092625,12.515248064367833,-159.87845118343517
1176,41.903497159858986,12.515245160228623,-159.8854156953775
1177,41.90349636154334,12.515242242942067,-159.88707864166895
1178,41.903495564990074,12.515239355572824,-159.8878739134739
1179,41.90349476593141,12.515236475192987,-159.88429927729368
1180,41.90349398960142,12.515233621895387,-159.8755339514622
1181,41.90349319278508,12.515230669387307,-159.8720006643389
1182,41.903492407141954,12.51522776720248,-159.85978973919222
1183,41.90349161679647,12.515224865262203,-159.8574095813984
1184,41.903490826488905,12.515221991995178,-159.84433441671558
1185,41.90349003665004,12.51521913053308,-159.82957648889843
1186,41.90348922468875,12.515216211600308,-159.79835369146537
1187,41.90348841788685,12.515213334872287,-159.76385462245995
1188,41.90348760757463,12.515210453835797,-159.74509866914838
1189,41.90348679253686,12.515207537559919,-159.71523288454767
1190,41.90348598283228,12.51520461296822,-159.68394031301986
1191,41.90348517564866,12.515201702730607,-159.6446642700386
1192,41.903484368332414,12.515198788874189,-159.60870630275778
1193,41.90348353194654,12.515195831820543,-159.56703180632738
1194,41.90348271758976,12.51519294288525,-159.5225504698564
1195,41.9034818747344,12.515189965911974,-159.47643649375493
1196,41.90348103513531,12.515187032159941,-159.43350672023425
1197,41.9034801953571,12.515184063009706,-159.39924986657192
1198,41.90347935060584,12.515181100634507,-159.35967694946748
1199,41.90347850022141,12.515178143425711,-159.31085566311222
1200,41.90347763241171,12.515175152911942,-159.2634767132021
1201,41.903476787145316,12.515172240073966,-159.21094902436582
1202,41.90347591548208,12.515169295154715,-159.15199749243382
1203,41.90347505762558,12.515166352048126,-159.10564033928532
1204,41.90347420716013,12.515163385589549,-159.0577061292344
1205,41.90347333491321,12.515160405188606,-158.9996917925227
1206,41.90347248095441,12.515157455733766,-158.92710934113563
1207,41.903471613222955,12.515154483946743,-158.83164380061584
1208,41.90347072827415,12.515151518738577,-158.71578248877344
1209,41.903469855302454,12.515148589416869,-158.5807545346901
1210,41.90346901489022,12.515145669836187,-158.45520660045926
1211,41.90346817292206,12.515142732430913,-158.31219416130753
1212,41.903467348967,12.515139805144639,-158.17126738756693
1213,41.90346650998432,12.515136897115603,-158.01334676124725
1214,41.9034655955606,12.515133981575442,-157.8223527029572
1215,41.903464663542515,12.515131045829245,-157.63764530272385
1216,41.90346373553213,12.515128120168361,-157.45977007938114
1217,41.90346277631912,12.515125211010856,-157.27144607236337
1218,41.90346178857117,12.515122344410566,-157.0856497380689
1219,41.90346080831356,12.51511947122375,-156.9146215203665
1220,41.903459799292065,12.515116578968726,-156.73312070548508
1221,41.903458810958185,12.515113680589257,-156.56607120471025
1222,41.90345781316061,12.515110715591712,-156.42561280074014
1223,41.90345684110131,12.515107863207259,-156.32000661451076
1224,41.90345583707354,12.515104953618959,-156.23634327466237
1225,41.90345486158194,12.515102054265535,-156.1376487267546
1226,41.90345386507357,12.515099186993409,-156.02951514280676
1227,41.903452800331735,12.51509633651573,-155.9130373120899
1228,41.90345173025784,12.515093633046831,-155.82145906364786
1229,41.90345071527313,12.515091048115282,-155.7555945677495
1230,41.903449733596105,12.515088381667585,-155.7086216354632
1231,41.903448779665325,12.515085642751238,-155.66400287793377
1232,41.903447816115154,12.515082777951012,-155.6414368119833
1233,41.903446873448786,12.515079929338077,-155.6442082059218
1234,41.903445921827384,12.51507706116706,-155.6592919311403
1235,41.90344492939046,12.51507407101453,-155.65425159822962
1236,41.90344395332867,12.515071222883837,-155.67065947390245
1237,41.90344290400757,12.515068158883304,-155.67320685019075
1238,41.90344187014873,12.515065027440691,-155.66852470678594
1239,41.90344076462671,12.515061778940426,-155.62431377091733
1240,41.90343970807028,12.515058645470868,-155.58420106420425
1241,41.90343865633294,12.51505555208029,-155.56442665432672
1242,41.90343764556158,12.515052588670885,-155.54191592834087
1243,41.90343666890045,12.515049766869474,-155.51086365984557
1244,41.903435746062065,12.515047035808104,-155.50216894051758
1245,41.90343482840755,12.515044257956085,-155.48894315713036
1246,41.90343390137413,12.515041460298807,-155.46920544381965
1247,41.90343294288577,12.515038590076324,-155.4422101906347
1248,41.90343200527373,12.515035787967252,-155.4376802613737
1249,41.90343104245009,12.515032965529917,-155.45779649784822
1250,41.90343003130717,12.515030048168112,-155.47382544187215
1251,41.90342899557849,12.51502708102047,-155.46455397698082
1252,41.903427949892304,12.515024007660744,-155.45741767603354
1253,41.903426889825326,12.515020911183807,-155.47228041866322
1254,41.90342583156716,12.515017869561987,-155.4940512213194
1255,41.90342476400185,12.515014793258324,-155.5314298248346
1256,41.90342372866924,12.515011822425086,-155.57009231646947
1257,41.90342270838624,12.515008801529241,-155.60105978082274
1258,41.903421701088114,12.51500581412742,-155.6342852187967
1259,41.90342068283778,12.515002781509397,-155.66924007731254
1260,41.90341967892335,12.514999757573808,-155.72044957090856
1261,41.9034186834275,12.51499674629195,-155.77427816336612
1262,41.903417679101764,12.51499365997915,-155.83777010502118
1263,41.90341666886669,12.51499057171175,-155.91047990217248
1264,41.90341566205988,12.514987461711273,-155.9845215221376
1265,41.90341462997709,12.514984346943127,-156.05299067837916
1266,41.90341360901342,12.514981223054045,-156.11165302940827
1267,41.903412568108386,12.51497808519806,-156.17362811837776
1268,41.90341153947254,12.514974935718381,-156.24824295774894
1269,41.90341051476596,12.514971811577523,-156.33480618168753
1270,41.90340950333088,12.514968672746567,-156.43745194082788
1271,41.90340848147262,12.514965522611776,-156.53331290799275
1272,41.903407495359076,12.514962368450462,-156.62784246498452
1273,41.90340648741437,12.514959178321131,-156.7221778378631
1274,41.903405491300475,12.514956020150775,-156.81540920291891
1275,41.90340449760445,12.514952839597983,-156.90898159300434
1276,41.90340350912557,12.514949622954614,-157.00650223328728
1277,41.90340250222643,12.514946362212807,-157.10662209091626
1278,41.90340149753552,12.514943097467762,-157.20336298737772
1279,41.90340049392979,12.514939835771736,-157.29277077539336
1280,41.90339948880334,12.514936560278173,-157.37312002778356
1281,41.903398491844875,12.514933287838828,-157.4596056674042
1282,41.90339749831783,12.514930014653965,-157.5453631035391
1283,41.903396485030605,12.514926694901895,-157.6225006997167
1284,41.903395480582894,12.51492336722313,-157.67966274733047
1285,41.90339446476699,12.514920036095209,-157.7192110734285
1286,41.90339345066127,12.514916699086182,-157.74905058796065
1287,41.90339244744034,12.514913370757291,-157.7773421603098
1288,41.90339143833516,12.514910034531232,-157.81259116000882
1289,41.903390441969016,12.514906721326193,-157.84376069872715
1290,41.90338943677292,12.51490337830675,-157.87663389355143
1291,41.90338844278784,12.514900042048392,-157.90531144591213
1292,41.90338743326847,12.514896684827324,-157.93449227113652
1293,41.90338642751241,12.514893345418022,-157.97134569582235
1294,41.90338542198426,12.514889976833544,-158.00497980530338
1295,41.90338442066859,12.514886606479115,-158.040611672011
1296,41.903383447497575,12.514883246027152,-158.07134573684303
1297,41.90338245060531,12.514879881993684,-158.0955872553635
1298,41.90338146946009,12.514876554678553,-158.1171096428529
1299,41.90338049670261,12.514873211628354,-158.132782097467
1300,41.90337950827253,12.514869872264596,-158.15924871309403
1301,41.90337855523681,12.51486655793862,-158.1757018686106
1302,41.90337757390518,12.514863215410138,-158.18139981862302
1303,41.90337659415364,12.514859843178595,-158.18610935314535
1304,41.90337559874271,12.51485648498641,-158.186804374734
1305,41.90337461208144,12.514853117001792,-158.1980557570422
1306,41.90337364678932,12.51484975272904,-158.20614484593654
1307,41.90337268173021,12.514846390861372,-158.216080943406
1308,41.90337169519555,12.514843025948048,-158.20528190391238
1309,41.90337072066805,12.514839659647851,-158.18881129883158
1310,41.90336972251595,12.514836302203372,-158.16699294395974
1311,41.903368752083495,12.514832982904947,-158.1380842300337
1312,41.90336776432632,12.514829673717372,-158.11653503706447
1313,41.90336681124365,12.514826358440363,-158.08222743957242
1314,41.903365837976374,12.514823012785437,-158.04931715190622
1315,41.90336486067175,12.514819695002931,-158.00714309849127
1316,41.90336388738479,12.514816425101127,-157.96955711218814
1317,41.90336290531106,12.514813143957756,-157.93803478255236
1318,41.90336193046933,12.514809887201135,-157.9151145365942
1319,41.90336096809862,12.514806616680225,-157.88392547784304
1320,41.90335998452245,12.514803342795227,-157.83465576129694
1321,41.90335900185561,12.514800101633028,-157.79370475814076
1322,41.903358022780374,12.51479689524631,-157.75182179217165
1323,41.903357056303676,12.514793705254984,-157.72589439271735
1324,41.90335607679934,12.514790481332817,-157.68819913061367
1325,41.90335510597488,12.51478726971386,-157.66441761936042
1326,41.90335413171148,12.514784051662312,-157.6256407702342
1327,41.90335315985762,12.514780841910559,-157.5900332410985
1328,41.90335218675808,12.514777659709239,-157.54663198654006
1329,41.90335120394601,12.514774512146746,-157.51989093662962
1330,41.90335023508765,12.514771349055058,-157.49646079896837
1331,41.90334927114786,12.514768201907488,-157.47822037961362
1332,41.9033483051338,12.514765085906703,-157.4616750655135
1333,41.903347361831614,12.514761979592615,-157.46270171572363
1334,41.90334640885683,12.514758912115381,-157.46301229008458
1335,41.90334547884418,12.514755853823921,-157.5037156052534
1336,41.90334456528332,12.514752856536502,-157.5570520996041
1337,41.90334365905618,12.514749834758017,-157.6255412813277
1338,41.90334279021107,12.514746804335553,-157.70963305990483
1339,41.90334189395586,12.514743830738855,-157.76605417296486
1340,41.90334101018585,12.514740836428082,-157.83906357050898
1341,41.903340151438265,12.514737923162675,-157.9077636198686
1342,41.9033392728528,12.514734968198988,-157.9756099399642
1343,41.90333842000428,12.514732081309461,-158.0582477161121
1344,41.903337549653976,12.514729172188995,-158.13764140460876
1345,41.9033366989542,12.514726276875518,-158.24417970337117
1346,41.903335873357015,12.514723419333663,-158.35257194429528
1347,41.903335064245404,12.514720554549365,-158.4836128926911
1348,41.903334258188785,12.514717724550536,-158.64383843417514
1349,41.90333344988504,12.514714921433137,-158.8152355442484
1350,41.903332685068115,12.514712079183866,-159.02594074582666
1351,41.90333191277409,12.514709288708259,-159.23065134886556
1352,41.903331171001085,12.514706491884368,-159.46237031626646
1353,41.903330425445596,12.514703673507551,-159.71096293680554
1354,41.903329711751766,12.514700889106665,-159.97619693224414
1355,41.90332902041316,12.51469807104238,-160.28950287743567
1356,41.903328318583526,12.51469531942512,-160.61331474884696
1357,41.9033276449877,12.514692549587007,-160.96940838851393
1358,41.90332703078368,12.514689794786946,-161.35670100052366
1359,41.90332641410949,12.514687057959014,-161.7580239164167
1360,41.90332581438844,12.514684294431614,-162.1829130694727
1361,41.90332524130895,12.514681600674237,-162.60663817482418
1362,41.90332471158854,12.514678891905444,-163.08422622530958
1363,41.9033241874562,12.514676215594925,-163.56915494574793
1364,41.90332369595889,12.514673578533895,-164.06248275891238
1365,41.90332326840129,12.51467093135989,-164.58817017776175
1366,41.903322837684165,12.514668354420648,-165.10907927632394
1367,41.90332244845731,12.514665733511285,-165.65591423275734
1368,41.90332208718384,12.514663166508148,-166.21255412627164
1369,41.903321737235395,12.514660636470957,-166.77604665492825
1370,41.90332141622359,12.514658108820937,-167.3867749929334
1371,41.90332112072029,12.51465566395392,-168.00763915321912
1372,41.903320852549435,12.514653160847374,-168.66809636666068
1373,41.903320611862874,12.51465075538302,-169.33533936801527
1374,41.90332041381957,12.514648334790598,-170.0354425146532
1375,41.90332023701021,12.514645931868495,-170.7467785955494
1376,41.903320114879335,12.514643568284301,-171.47381675258686
1377,41.90332000694224,12.51464124391953,-172.2321781862449
1378,41.90331992485776,12.514638928224514,-173.0160365089317
1379,41.90331988692696,12.51463660717585,-173.84470424226689
1380,41.90331988558866,12.514634317027696,-174.6947060139668
1381,41.90331990322445,12.514632088522104,-175.55392409593483
1382,41.90331992971356,12.51462985964563,-176.43052815513713
1383,41.90331998078288,12.514627679935789,-177.32829368904348
1384,41.90332007988279,12.514625491686514,-178.25154477846618
1385,41.90332020122708,12.514623366881237,-179.18776076469584
1386,41.90332036991152,12.514621216151772,179.86313603940616
1387,41.903320566317674,12.514619085836127,178.89502336201033
1388,41.90332081893698,12.514616995345644,177.91591448214626
1389,41.90332108323781,12.514614919257722,176.93398941336875
1390,41.90332138189334,12.514612859855454,175.94710243707502
1391,41.9033217015462,12.514610847003743,174.97283490224245
1392,41.9033220494893,12.514608840997154,174.00706603195277
1393,41.903322426866865,12.514606867435198,173.04563234979096
1394,41.90332282734586,12.514604923565091,172.09053808149824
1395,41.903323252429864,12.514603019415105,171.13432016595644
1396,41.90332367389515,12.51460113533813,170.18542675609015
1397,41.90332413647296,12.514599243061273,169.23674517766682
1398,41.90332458790758,12.51459740151243,168.29890140576344
1399,41.903325073918,12.514595560768672,167.37538405750774
1400,41.90332554970841,12.514593762849366,166.45988963351553
1401,41.90332607204398,12.514591977414034,165.55013787973837
1402,41.903326598698925,12.514590230853333,164.64009780112414
1403,41.90332713255674,12.514588504825982,163.73593632026314
1404,41.90332769765292,12.514586776391242,162.83892304896654
1405,41.9033282882197,12.514585043393343,161.9477570705275
1406,41.90332889673691,12.514583353775645,161.07600794861074
1407,41.90332950625437,12.51458170639632,160.1964890900553
1408,41.90333015235143,12.514580089205868,159.31361120444555
1409,41.90333081572076,12.514578501880674,158.42952850924283
1410,41.90333148489814,12.51457691052535,157.55979961803567
1411,41.90333215171166,12.514575346878955,156.69330207975088
1412,41.903332825297376,12.514573772584509,155.84273950427004
1413,41.90333349296151,12.514572243775142,155.0057368848107
1414,41.90333419159761,12.51457070595661,154.17781877372772
1415,41.90333491105274,12.514569192920828,153.35446661508223
1416,41.903335627577846,12.51456771405472,152.54037847169263
1417,41.903336362868515,12.514566285072238,151.7361382479408
1418,41.903337124372875,12.514564890376212,150.9378391664028
1419,41.903337887572015,12.514563524325737,150.1434241253302
1420,41.90333865615377,12.514562185172819,149.35661065044982
1421,41.9033394527371,12.514560863511154,148.57599043852423
1422,41.903340267180766,12.514559551691368,147.80464626386873
1423,41.903341042524865,12.514558256775596,147.0546444235632
1424,41.903341859429716,12.514556960912353,146.31811250503205
1425,41.903342668840956,12.514555679163461,145.59006644255393
1426,41.90334348142003,12.514554382691927,144.8675531972756
1427,41.90334430456744,12.514553104580202,144.15694492690128
1428,41.90334514309631,12.514551836496477,143.45480623458434
1429,41.903346005474575,12.514550592476601,142.76358704099584
1430,41.903346836655956,12.514549286310574,142.05914981218967
1431,41.9033476577081,12.514548021526082,141.3581211459597
1432,41.9033484152712,12.514546732923534,140.65681861349643
1433,41.90334920564839,12.514545522291247,139.96652751357334
1434,41.903350020296365,12.514544312153724,139.26903262750847
1435,41.90335093418579,12.514543121789368,138.5854013688906
1436,41.903351878915366,12.514542029986133,137.95379068975367
1437,41.903352830807925,12.514541033821308,137.3113478816179
1438,41.90335379504362,12.514540013353292,136.6100751942095
1439,41.90335476008689,12.514539023845083,135.88383509274945
1440,41.90335576071852,12.514538018768203,135.1526838878688
1441,41.90335677848088,12.514536995029141,134.45479955983203
1442,41.90335781051531,12.514536009420514,133.8123666333085
1443,41.90335887285525,12.514535046693176,133.20192169487058
1444,41.90335990209833,12.514534056820573,132.56707224154383
1445,41.90336092058267,12.51453299275883,131.91482082988423
1446,41.90336191383509,12.5145319351349,131.24817809212666
1447,41.903362941279426,12.514530893811669,130.58335260107503
1448,41.903363980971776,12.514529811873146,129.93306038829942
1449,41.90336502526652,12.514528641288155,129.34552716391946
1450,41.90336607901005,12.514527588413708,128.8242707660158
1451,41.90336718776581,12.514526586521015,128.33363740745006
1452,41.90336835418214,12.514525712638626,127.83981330494643
1453,41.90336955598455,12.51452484936263,127.31573839426048
1454,41.90337072684811,12.514523912787688,126.71465133507843
1455,41.903371865040796,12.514522943674741,126.08198520305298
1456,41.90337303291636,12.514521981342506,125.44205419973416
1457,41.90337418448189,12.514521096073485,124.8645525716618
1458,41.903375309291306,12.514520169666644,124.36233928388296
1459,41.903376361264336,12.514519297127872,123.90904422526806
1460,41.90337741761825,12.514518440613013,123.3853125009691
1461,41.90337847867041,12.514517632381194,122.77470240037407
1462,41.903379612652046,12.514516830777307,122.16392756403806
1463,41.90338076507727,12.514516019137412,121.59009380521844
1464,41.90338194959804,12.51451523320851,121.09276834277136
1465,41.90338310834936,12.514514472335279,120.63185020781023
1466,41.903384302652704,12.514513729866971,120.17409758701764
1467,41.903385493092664,12.51451301198861,119.71115988571172
1468,41.90338668916569,12.51451236572166,119.26241947904228
1469,41.90338786473545,12.514511726502114,118.82573645247375
1470,41.903388967263936,12.514511077481368,118.39138040794268
1471,41.90339005617622,12.514510437992259,117.94644623718082
1472,41.90339121046426,12.514509793606024,117.5063589968944
1473,41.90339240490376,12.514509123506123,117.11758804155771
1474,41.903393644167075,12.514508406776438,116.79035318320224
1475,41.90339492771994,12.514507642490479,116.46375912811479
1476,41.90339622623255,12.514506857086273,116.12426399714427
1477,41.903397467985165,12.514506108985886,115.77992723529842
1478,41.90339873450116,12.514505355015292,115.46063955640642
1479,41.90339998073607,12.514504604736777,115.16595489170093
1480,41.90340121431328,12.514503880040275,114.88647309100554
1481,41.90340244439569,12.514503206832924,114.62285915156514
1482,41.90340366115502,12.514502519918624,114.35817085492874
1483,41.90340487567446,12.514501873431795,114.11944820612314
1484,41.903406105962176,12.514501215984792,113.89144924485795
1485,41.90340734729145,12.514500588545,113.6795546440867
1486,41.903408588207036,12.51449994628097,113.49344926824257
1487,41.903409820521766,12.514499294258053,113.31158099332498
1488,41.90341108111693,12.514498621632272,113.15062753666766
1489,41.90341234671181,12.514497980194463,113.00557282471867
1490,41.90341359675799,12.514497304076365,112.86426861408454
1491,41.90341485979016,12.514496612161771,112.74644542853842
1492,41.90341611059995,12.514495940412342,112.6394855793297
1493,41.903417344046844,12.514495261392563,112.54745839230699
1494,41.9034185756778,12.514494575640613,112.469813481378
1495,41.903419779660474,12.514493905051209,112.41196817984626
1496,41.90342101707731,12.514493248751046,112.3620216290344
1497,41.903422242351205,12.514492583673643,112.3054723903134
1498,41.90342346370695,12.514491935033206,112.25021531195294
1499,41.903424681289266,12.5144912578929,112.19190888987106
1500,41.90342588730469,12.5144906034783,112.13311830574305
1501,41.90342709576833,12.51448994091943,112.08979980556879
1502,41.903428296493,12.514489282620833,112.05873531802537
1503,41.903429494440644,12.514488624338135,112.02917863105954
1504,41.903430671105745,12.51448797035913,112.00020018311857
1505,41.903431843759115,12.514487331161874,111.96626057621918
1506,41.90343302011233,12.514486691135984,111.92916273700233
1507,41.903434194367165,12.514486060728949,111.89307948314062
1508,41.90343535406608,12.514485440634271,111.87091655687571
1509,41.903436525487926,12.514484825641729,111.84874918519684
1510,41.90343770769559,12.514484193181875,111.82569083987217
1511,41.90343889165481,12.514483565965328,111.80154793880904
1512,41.903440062491306,12.514482939871186,111.77691948122657
1513,41.90344119141229,12.514482327203403,111.76043122314663
1514,41.90344235592655,12.514481695630808,111.74032599706298
1515,41.90344349186441,12.514481060176502,111.71308086802057
1516,41.903444642743786,12.514480421055524,111.67900946908135
1517,41.90344575518137,12.514479825706474,111.64466187289092
1518,41.903446886318015,12.514479215650786,111.60842554962073
1519,41.90344802176583,12.514478609930116,111.56740653956038
1520,41.903449158617114,12.514478007811764,111.54282452175258
1521,41.903450279006414,12.514477423583303,111.53126749249444
1522,41.90345138712051,12.514476838205669,111.51805819747938
1523,41.90345249558807,12.514476268196306,111.50197474477072
1524,41.90345358757501,12.514475691767922,111.47945137532128
1525,41.90345468377298,12.5144751165237,111.46128741415208
1526,41.90345575970576,12.514474568148113,111.44305367354245
1527,41.903456837823455,12.514473994940904,111.42505095738481
1528,41.903457907095444,12.514473433128842,111.40854266312483
1529,41.90345895261894,12.514472869681052,111.39421301076621
1530,41.90346000191993,12.514472310990083,111.37968190731046
1531,41.90346104312665,12.51447175806759,111.3559175117132
1532,41.90346207044303,12.51447121783498,111.33528457515577
1533,41.903463099218314,12.514470669332,111.32349353460931
1534,41.9034641176176,12.514470138831417,111.31501428451077
1535,41.90346513770751,12.514469591508648,111.30927677280955
1536,41.903466138661884,12.514469088609879,111.30072992905293
1537,41.90346712593445,12.51446857334882,111.29334982181662
1538,41.903468121322426,12.514468049509471,111.28779825321922
1539,41.903469086620994,12.514467560507416,111.29839769788512
1540,41.903470061894254,12.51446705036673,111.32119406483174
1541,41.9034710322688,12.514466524993203,111.34151908769483
1542,41.903471964855974,12.514466019041773,111.37401668131218
1543,41.90347292567389,12.514465497136502,111.3862841580772
1544,41.903473816804635,12.514464990816064,111.4160281892023
1545,41.9034747582644,12.514464477347696,111.44009708587002
1546,41.90347565812684,12.514463978203093,111.4658580713574
1547,41.90347654365828,12.514463505149154,111.50143223908162
1548,41.90347744576408,12.514463002302334,111.53335171550773
1549,41.903478317916196,12.514462524066548,111.56894961446739
1550,41.90347917673998,12.514462062765315,111.60964470074025
1551,41.903480033524524,12.514461591760957,111.65157574120315
1552,41.90348087969045,12.514461118750093,111.70009212146749
1553,41.903481714745695,12.51446064540839,111.76318999607346
1554,41.90348251813719,12.51446019810783,111.81931697373004
1555,41.90348330934823,12.514459741286077,111.88003068491136
1556,41.90348410109678,12.514459287400163,111.94174044785635
1557,41.9034848757037,12.5144588382685,112.00158169224311
1558,41.903485658373256,12.51445838985786,112.05091049240885
1559,41.903486411094775,12.514457954921314,112.1127355147406
1560,41.90348716694047,12.514457518088404,112.17892202263305
1561,41.903487918147604,12.514457083624471,112.24550081631786
1562,41.90348870027842,12.514456632104913,112.30973102788691
1563,41.90348946550982,12.514456163227575,112.37487801680655
1564,41.903490228597946,12.51445572754464,112.45125947520415
1565,41.90349101388868,12.514455261507434,112.54637762143483
1566,41.903491798546824,12.51445480014158,112.66038707967418
1567,41.90349257556045,12.514454320962782,112.78442678557559
1568,41.90349334961289,12.514453830292158,112.90482202611295
1569,41.90349411698429,12.514453345871274,113.02091769063935
1570,41.90349489722129,12.514452843247893,113.13202556792007
1571,41.90349565263791,12.51445236858841,113.25777177686506
1572,41.903496404439196,12.514451876559185,113.3862286097802
1573,41.903497173669216,12.514451389574695,113.5143575124549
1574,41.90349792454688,12.514450902073678,113.65535982466177
1575,41.90349871805929,12.514450381620119,113.79482505561293
1576,41.903499484337345,12.514449866268484,113.9400296412874
1577,41.903500298061914,12.514449317447138,114.08772108910854
1578,41.90350108033238,12.514448779608955,114.23847609936242
1579,41.903501895243,12.51444824981925,114.3854014852621
1580,41.90350273474129,12.514447672981758,114.51774879061139
1581,41.903503554774574,12.514447114976075,114.669048628488
1582,41.90350444301329,12.514446516076088,114.82185671751338
1583,41.90350530494295,12.51444593502652,114.9812986332324
1584,41.90350619554922,12.514445335762197,115.14978487548679
1585,41.90350710313743,12.514444714307247,115.30206425931298
1586,41.90350803985425,12.514444055313094,115.4670638583562
1587,41.90350900406914,12.514443380255075,115.61885253254556
1588,41.90350997771504,12.514442670150734,115.77075374428145
1589,41.90351098571417,12.514441939235628,115.93258737425178
1590,41.90351198192074,12.514441179820556,116.05875115826812
1591,41.903512961471506,12.514440420698913,116.19761472373408
1592,41.90351398168044,12.51443964433338,116.32595110303316
1593,41.90351500006422,12.51443885753482,116.46416685084287
1594,41.90351608320658,12.514438046985015,116.55132969660788
1595,41.90351713453567,12.514437237768867,116.62054440980359
1596,41.90351822173423,12.514436449001144,116.67424951060424
1597,41.90351938285094,12.51443571226342,116.69418430477535
1598,41.90352054152607,12.514434973274945,116.7170475147901
1599,41.90352176286636,12.514434189339491,116.71463432495449
1600,41.90352294503744,12.514433444953685,116.71361262687333
1601,41.9035241812348,12.514432685734963,116.68792457087343
1602,41.90352542692934,12.514431869993613,116.65761678190296
1603,41.90352666099811,12.514431043941707,116.60634285888837
1604,41.90352793907318,12.51443017406367,116.53168478344509
1605,41.90352918946658,12.514429306012904,116.4357385540989
1606,41.903530472928146,12.514428432412297,116.32621897232437
1607,41.90353179915839,12.514427533297297,116.17069891234281
1608,41.90353315497579,12.51442662777939,115.99620757343835
1609,41.90353453375762,12.514425711517445,115.82439514830801
1610,41.9035359141821,12.514424808315812,115.64806229414872
1611,41.90353732106074,12.514423952191143,115.48877407580677
1612,41.90353874593912,12.514423102776385,115.33037746379698
1613,41.903540178511356,12.514422265786578,115.18375228704116
1614,41.90354164562302,12.514421453046337,115.02372945655257
1615,41.90354313205389,12.514420610327706,114.8516247464127
1616,41.90354463104397,12.51441974221781,114.70898457217119
1617,41.903546168828804,12.514418842360424,114.56377965433282
1618,41.90354770475294,12.514417941152038,114.43290708261085
1619,41.90354926177409,12.514417016169942,114.27784017991678
1620,41.903550816794535,12.514416096506961,114.11561506829936
1621,41.9035524091212,12.51441517361902,113.94312732683366
1622,41.90355399847335,12.5144142498322,113.75393977272276
1623,41.90355559754823,12.514413326270448,113.55999900779955
1624,41.90355720893537,12.514412442835622,113.36560523621559
1625,41.90355883529307,12.514411521574896,113.17794929064009
1626,41.90356047260486,12.514410625162656,113.00099313279888
1627,41.9035621356056,12.514409718521232,112.80926516091235
1628,41.903563771678236,12.51440882885967,112.63597631448401
1629,41.90356544637964,12.514407954986565,112.46386930960803
1630,41.9035671120998,12.514407116078033,112.28860639642065
1631,41.903568807992784,12.514406251992801,112.12767560895598
1632,41.903570498951325,12.514405379554184,111.96319185278827
1633,41.90357220932119,12.514404516649686,111.8163727022103
1634,41.90357392681871,12.514403600360518,111.69482100609252
1635,41.903575639370395,12.514402698883087,111.5858927626294
1636,41.90357734130639,12.51440180540835,111.47736616646486
1637,41.9035790776449,12.514400892018433,111.37848319801878
1638,41.90358079331199,12.51440000296188,111.28112629229425
1639,41.903582534605185,12.514399102768698,111.17564389862024
1640,41.90358426044599,12.514398228366849,111.07980621587957
1641,41.90358601664598,12.514397339518636,110.98710903335974
1642,41.90358779014549,12.514396443694885,110.89106615595885
1643,41.903589554860574,12.514395577818386,110.78164834721196
1644,41.90359134555049,12.51439468559465,110.68632996167925
1645,41.90359310999195,12.514393805435377,110.59211315713542
1646,41.90359489441103,12.514392932760522,110.50996675043042
1647,41.903596691756285,12.514392075132657,110.43126731376177
1648,41.90359847701627,12.514391206105282,110.36865105001208
1649,41.903600282845304,12.514390355462377,110.29766731101019
1650,41.90360209428939,12.514389475837211,110.22017205082521
1651,41.90360393297638,12.514388597779437,110.1365201638187
1652,41.903605779138935,12.514387706006017,110.05902578661637
1653,41.90360759603688,12.514386827285465,109.9842306869739
1654,41.90360944122662,12.514385955243831,109.92783579017663
1655,41.90361127426254,12.514385096165705,109.86951029394865
1656,41.903613095532826,12.51438421915975,109.82739222962049
1657,41.903614923935955,12.514383350754153,109.7806958007135
1658,41.90361674739016,12.514382473601822,109.73906631839039
1659,41.903618548437045,12.514381628312957,109.70714097989122
1660,41.90362038490943,12.514380750415592,109.67292103136947
1661,41.90362217961486,12.514379915779825,109.63468205368324
1662,41.90362400417772,12.514379049142745,109.60886645198579
1663,41.90362582293716,12.514378192742765,109.58787484850217
1664,41.90362762379865,12.514377362855974,109.58812406058986
1665,41.90362944202349,12.5143765042801,109.59326288850022
1666,41.903631203824744,12.51437565493426,109.61579359343403
1667,41.90363300616622,12.514374770032733,109.62465512688715
1668,41.90363476942197,12.514373943419937,109.6353006058586
1669,41.903636524019774,12.514373074008429,109.6454448101836
1670,41.90363825934633,12.514372228983996,109.65236472742443
1671,41.903639992686124,12.5143714063759,109.6669588851302
1672,41.90364172038144,12.514370581774134,109.68067338944178
1673,41.903643419719,12.514369761977456,109.69737499163531
1674,41.90364511645246,12.51436895388575,109.71518161366849
1675,41.90364681114505,12.514368152796553,109.72239729800782
1676,41.90364847137987,12.514367357725694,109.72417431759915
1677,41.903650130530146,12.514366534686122,109.72143984265033
1678,41.90365179430626,12.514365727105641,109.70313915477483
1679,41.90365342685804,12.514364954257921,109.68339930174301
1680,41.90365505720705,12.514364187672323,109.6626902079814
1681,41.9036566597034,12.514363428291777,109.64352846475732
1682,41.90365827493921,12.514362644806322,109.62934956560763
1683,41.903659843925844,12.514361935338552,109.6084538319471
1684,41.90366140420746,12.51436118808902,109.59162307247786
1685,41.903662957272374,12.514360441173327,109.56636407799833
1686,41.90366450056625,12.51435971333648,109.54506333717855
1687,41.90366603895522,12.514358973404025,109.52557828576384
1688,41.90366753558304,12.514358257280044,109.50936356513353
1689,41.9036690589891,12.51435757223958,109.51655830329449
1690,41.90367046951937,12.514356970309182,109.47462616154579
1691,41.90367177568234,12.514356355091145,109.47096836639905
1692,41.90367321211661,12.514355655723605,109.44227529066066
1693,41.90367453363392,12.514355046837041,109.4142320964884
1694,41.903675906557865,12.514354378009894,109.39678572473116
1695,41.903677255981286,12.514353700287035,109.38279481868464
1696,41.90367861089863,12.514353070057995,109.38239570351497
1697,41.90367988530862,12.514352482546135,109.34853864776494
1698,41.90368113208022,12.514351872713522,109.34085706263009
1699,41.90368240902168,12.51435123807653,109.31528253612198
1700,41.903683684821914,12.51435060555328,109.2867904306422
1701,41.90368504309605,12.514349986407918,109.27196609022823
1702,41.903686358282826,12.514349416001028,109.23217990769275
1703,41.90368762262439,12.514348826242516,109.23242087982217
1704,41.90368891004621,12.514348269539742,109.24737194371113
1705,41.9036901268321,12.514347780090558,109.2374706410131
1706,41.90369132912658,12.514347225970802,109.20515587776333
1707,41.903692461444216,12.514346663148448,109.16420172135291
1708,41.90369362880906,12.514346068120691,109.13146543774357
1709,41.90369491711729,12.514345461052825,109.08923369847527
1710,41.90369612447499,12.514344826032415,109.0431736451488
1711,41.90369728234093,12.51434420161101,109.02708735991682
1712,41.903698483563545,12.514343621400167,108.96874279349225
1713,41.903699572555276,12.514343122393317,108.92317454827244
1714,41.90370072507287,12.514342603595697,108.84648145594674
1715,41.90370181093042,12.514342129855498,108.7572412796633
1716,41.9037029480181,12.514341654474347,108.6666430470827
1717,41.90370405550665,12.514341181224246,108.54368145618429
1718,41.9037051098759,12.514340773045799,108.44731467901768
1719,41.90370622519578,12.51434030127507,108.32531431165253
1720,41.90370730470901,12.51433988385437,108.19411840929334
1721,41.90370840272876,12.514339443955162,108.06856461254422
1722,41.903709518665174,12.514339056769852,107.90524868477377
1723,41.90371062100773,12.514338662017952,107.74689616708288
1724,41.90371178854356,12.514338220074354,107.55528633780712
1725,41.903712889735786,12.514337755635234,107.34815150768182
1726,41.90371399536539,12.514337312026804,107.14004421385322
1727,41.90371505031753,12.514336952794743,106.93085067662845
1728,41.90371613168431,12.514336529867112,106.75257633819258
1729,41.90371725603915,12.514336138183491,106.54294810904936
1730,41.90371833462573,12.514335821594269,106.30749782254495
1731,41.90371948919915,12.514335471354691,106.0539023764361
1732,41.90372061908561,12.51433510747145,105.80006140954039
1733,41.90372174860057,12.514334733600037,105.56273819436375
1734,41.90372292830353,12.514334390830475,105.29424912533136
1735,41.903724043827744,12.514334065654866,105.0323139215754
1736,41.903725177058384,12.514333777628968,104.74977420822289
1737,41.903726267477126,12.514333483767219,104.44076931547889
1738,41.90372735992881,12.514333219654578,104.1388476164783
1739,41.90372847628054,12.514332987964153,103.81775488825875
1740,41.90372952102625,12.51433273672802,103.52237206013011
1741,41.903730601878706,12.51433251853582,103.21365417522387
1742,41.903731648171075,12.51433231341003,102.88231399025706
1743,41.90373272996196,12.514332112045489,102.53837162181212
1744,41.90373381926598,12.514331931838711,102.15524474500982
1745,41.90373492001414,12.514331756572933,101.80455404744772
1746,41.90373605149379,12.514331563702525,101.42572664795888
1747,41.90373714352193,12.514331382192568,101.06650215004457
1748,41.90373828153181,12.514331192182679,100.6815539720368
1749,41.90373938713612,12.514331024548376,100.28883026054507
1750,41.90374052027993,12.514330865709722,99.87839231772244
1751,41.90374163727572,12.514330701706971,99.45102306953859
1752,41.903742773014656,12.514330562531615,99.02162554058229
1753,41.90374393280597,12.514330449273098,98.59578381648784
1754,41.9037450825361,12.514330351406343,98.17837078500744
1755,41.90374621652641,12.514330272294933,97.76733277926402
1756,41.90374737294852,12.514330196217431,97.32518664605963
1757,41.90374852234316,12.514330179840917,96.8659750832518
1758,41.90374972050323,12.514330166271028,96.397851242071
1759,41.90375089615267,12.514330144115599,95.92408865631147
1760,41.90375208980092,12.514330145539095,95.45378489331607
1761,41.90375328780812,12.51433014181964,94.97126922215173
1762,41.9037544909939,12.514330185796014,94.47116107001602
1763,41.90375570008865,12.514330207638595,93.95373220676218
1764,41.90375693730632,12.514330303534074,93.44857482008989
1765,41.90375814853405,12.514330428594976,92.95012548136577
1766,41.90375937321033,12.51433049533859,92.4455824459786
1767,41.90376057367126,12.514330600570888,91.94928813925382
1768,41.90376180111368,12.514330731139497,91.43755753023969
1769,41.9037629656149,12.51433086160092,90.9181615793658
1770,41.90376414422451,12.514330998271651,90.38692406302604
1771,41.903765312641,12.51433113068129,89.81934589604302
1772,41.9037665103105,12.514331258573884,89.25085726669877
1773,41.903767712846324,12.514331395012565,88.68989841969012
1774,41.90376885750549,12.514331552697907,88.14876221867593
1775,41.90376998615688,12.51433173306008,87.59858041089035
1776,41.90377106866811,12.514331962387477,87.01080278335523
1777,41.90377214171784,12.514332195922623,86.40001039007467
1778,41.90377322925821,12.514332459042354,85.77425994981597
1779,41.903774285636175,12.514332731457683,85.15596001696385
1780,41.90377531045378,12.5143330139266,84.5468870140156
1781,41.90377631444194,12.514333257630293,83.9374575382332
1782,41.903777287443965,12.514333556086688,83.31544286719546
1783,41.90377825407118,12.514333895251905,82.68726701279662
1784,41.903779223148476,12.514334246147554,82.07073432145448
1785,41.90378017146038,12.514334600372237,81.4628902895029
1786,41.90378110765611,12.514334985542193,80.86920284346176
1787,41.90378203112536,12.514335376996822,80.28693460782115
1788,41.903782923308206,12.514335771087165,79.69810305696801
1789,41.9037838194445,12.514336172301508,79.10832288849286
1790,41.90378468745601,12.514336606554258,78.51657990217457
1791,41.90378552381619,12.514337000381396,77.9164832048696
1792,41.903786362353074,12.514337431169158,77.3078793785058
1793,41.903787201003524,12.51433784710931,76.70002055909418
1794,41.90378803751188,12.514338296592122,76.09834718938166
1795,41.903788872359335,12.514338752890234,75.49980421474777
1796,41.90378969779835,12.51433921451133,74.90136083474695
1797,41.90379049245181,12.51433969354832,74.30539273960348
1798,41.90379129169106,12.514340157231608,73.70280484923053
1799,41.903792084529925,12.51434061357878,73.10380082411997
1800,41.90379286707359,12.514341099991737,72.51355899754795
1801,41.9037936034196,12.514341604939553,71.93159079194973
1802,41.90379433201614,12.514342113592825,71.37010572452456
1803,41.90379505408615,12.514342609909203,70.81938354792743
1804,41.90379576782458,12.51434312262357,70.26963415006219
1805,41.90379646773171,12.514343612731187,69.7246158661857
1806,41.90379713564957,12.514344112211663,69.1923230639879
1807,41.90379780242432,12.51434460545553,68.67848077683831
1808,41.90379844784646,12.514345081495636,68.17710223315851
1809,41.903799068849025,12.514345539623555,67.67976552076061
1810,41.903799662100866,12.514345992310428,67.18626552171624
1811,41.90380023930077,12.514346452286555,66.69710628106915
1812,41.903800790463684,12.514346906522908,66.21056053253105
1813,41.90380132385379,12.51434736666973,65.73582407651713
1814,41.90380183879815,12.514347837423331,65.26886205531119
1815,41.90380234328845,12.514348299465027,64.812491879614
1816,41.903802826105014,12.514348771048473,64.36202330404527
1817,41.90380329593417,12.514349233161091,63.92330397152899
1818,41.90380375292443,12.514349674309118,63.486321175818304
1819,41.903804204081375,12.514350120323238,63.05067352117678
1820,41.903804638411685,12.514350541007241,62.6195392090998
1821,41.90380505883624,12.514350982937327,62.188194379889275
1822,41.90380548201387,12.514351395142862,61.753546368762166
1823,41.903805880561116,12.514351794648464,61.32327156275122
1824,41.90380628232856,12.51435221210746,60.8791614165963
1825,41.90380667620966,12.514352623272224,60.42650461332958
1826,41.903807051293235,12.514353054709666,59.97789773402155
1827,41.9038074307434,12.51435348807207,59.532884599376715
1828,41.90380779218267,12.514353933845388,59.08973051825195
1829,41.90380814616389,12.514354390391672,58.641876666777875
1830,41.903808514075266,12.514354850548045,58.184524799432424
1831,41.90380887929179,12.51435532798886,57.72512533150352
1832,41.90380923576493,12.514355800308893,57.26191514402865
1833,41.90380957438893,12.514356263128986,56.79797767166353
1834,41.903809916086644,12.514356730002605,56.326317516355566
1835,41.903810256552326,12.514357202170851,55.85338975607194
1836,41.90381058445261,12.514357668929387,55.37225319689093
1837,41.903810908414144,12.514358135963281,54.88804372188706
1838,41.90381121451969,12.514358589819379,54.385882763153
1839,41.903811539131645,12.514359076484784,53.88328632320717
1840,41.90381185029724,12.514359554648886,53.38204879076864
1841,41.90381216027476,12.514360044590706,52.8927463808781
1842,41.90381246155624,12.514360556316673,52.402185596616405
1843,41.90381275965212,12.514361012779798,51.918248089401615
1844,41.90381304428647,12.514361546670694,51.42938966942391
1845,41.903813342226215,12.51436200965302,50.939791843764986
1846,41.90381363310139,12.514362526208233,50.456345390093
1847,41.90381391324743,12.51436299491094,49.96649304126687
1848,41.90381417234312,12.514363507453293,49.496529224230024
1849,41.90381446079766,12.514364032891871,49.01478050073784
1850,41.903814713612974,12.51436452008338,48.54326584126074
1851,41.903814990488634,12.514365055652178,48.07862742034309
1852,41.9038152604588,12.514365552374167,47.61385333399572
1853,41.90381551377066,12.514366071071144,47.16615694376528
1854,41.903815794705906,12.514366583528007,46.71853276891985
1855,41.90381604104538,12.51436707878089,46.27406582306623
1856,41.903816304877274,12.514367614351862,45.84155786294103
1857,41.90381655550949,12.51436811432064,45.40134747499688
1858,41.90381679179695,12.514368645749508,44.96709843083542
1859,41.90381704002586,12.514369162218149,44.53894096851539
1860,41.903817282423454,12.514369681706185,44.1106062035508
1861,41.903817548296644,12.514370245715149,43.68631586468244
1862,41.90381781390113,12.514370761314808,43.270916637266986
1863,41.903818077640835,12.51437134124952,42.87138223825336
1864,41.90381836092181,12.514371896579437,42.483649263731266
1865,41.903818629463984,12.51437243535661,42.102542848529296
1866,41.903818896541814,12.514373000014695,41.72671570140938
1867,41.90381915777091,12.514373544683854,41.34551818856413
1868,41.90381942807092,12.514374087774044,40.96927233783368
1869,41.903819692154684,12.514374674371101,40.59748004079845
1870,41.90381996856349,12.514375258960929,40.226686369008206
1871,41.903820271239816,12.514375898647245,39.86952438272871
1872,41.903820586559824,12.514376483972159,39.5283125568121
1873,41.90382090613266,12.514377145640433,39.19502181540786
1874,41.90382120337597,12.51437777421434,38.8642444091595
1875,41.903821487864555,12.514378401459563,38.525693785361916
1876,41.903821777402676,12.514379079947291,38.166088994990545
1877,41.90382209333718,12.514379770278067,37.80602357466348
1878,41.90382238490941,12.514380487412172,37.47010665641083
1879,41.903822716877585,12.514381217968312,37.159703288919935
1880,41.90382302256153,12.514381944853914,36.869095867684734
1881,41.90382333716917,12.514382747000866,36.57404852487295
1882,41.90382366489113,12.514383499758901,36.26300474342368
1883,41.903823984547714,12.514384269050124,35.95212697205831
1884,41.90382434300644,12.51438506378554,35.64526102364224
1885,41.90382468664314,12.514385841386991,35.36253694367579
1886,41.90382504596448,12.514386688937458,35.08815985097752
1887,41.90382542767937,12.51438748942304,34.8252594232501
1888,41.9038257918946,12.51438833272613,34.56979890867328
1889,41.90382616853059,12.514389188315091,34.316366294992726
1890,41.90382655317964,12.514390075990452,34.06374833786563
1891,41.9038269284735,12.514391022437533,33.82496216686869
1892,41.9038273316172,12.51439196352029,33.59220250937523
1893,41.90382771704152,12.514392868604826,33.3720295752402
1894,41.903828128351506,12.514393841958753,33.14513297235021
1895,41.90382854450081,12.5143948201746,32.92732945925048
1896,41.903828935763755,12.514395810747814,32.71182736861965
1897,41.90382935060515,12.514396813179625,32.49563865849709
1898,41.903829782885104,12.514397894529282,32.27159928535125
1899,41.90383025686654,12.51439902540905,32.042262581171094
1900,41.90383072815104,12.514400101157355,31.823964805890828
1901,41.90383119741364,12.514401196937532,31.609855605226763
1902,41.90383168375429,12.514402342144544,31.405364709154195
1903,41.90383216850886,12.514403529012593,31.193575862064716
1904,41.90383266131929,12.51440474020524,30.966202256168568
1905,41.90383315283017,12.514405950349,30.722004503109797
1906,41.90383365437711,12.51440720286516,30.48520363002987
1907,41.903834154704015,12.514408475486135,30.25619347258986
1908,41.90383466254831,12.514409814394803,30.02222894275394
1909,41.90383517608072,12.51441112932051,29.787188835979244
1910,41.90383571181061,12.51441248605599,29.560355389631965
1911,41.90383625024252,12.514413866918716,29.33880383804506
1912,41.90383679526317,12.514415273674242,29.115928044429577
1913,41.903837333602716,12.514416662525438,28.89769388877591
1914,41.90383788474355,12.514418062899141,28.673775848311376
1915,41.90383842243948,12.514419454958936,28.450204234014596
1916,41.90383895675618,12.514420917970968,28.218959914901593
1917,41.90383951019455,12.514422398184436,27.984071688647212
1918,41.90384005083872,12.514423867031637,27.743951903668858
1919,41.90384059433094,12.51442539120647,27.506537070101086
1920,41.903841132563365,12.514426934656008,27.270465828610984
1921,41.90384169695765,12.514428528763323,27.03057651518788
1922,41.90384223767714,12.514430110104454,26.792937310164127
1923,41.90384279058824,12.514431736181022,26.56349216089387
1924,41.903843361866585,12.51443337600621,26.33502911309355
1925,41.90384392325869,12.514435009486164,26.095792488808595
1926,41.903844480896154,12.514436697817139,25.853756176730137
1927,41.90384504650809,12.514438387982203,25.61330958184948
1928,41.90384559291813,12.51444008524663,25.372461838453138
1929,41.90384614739952,12.514441833537923,25.131706725881273
1930,41.90384670832178,12.514443605497423,24.891720110242797
1931,41.9038472701417,12.514445389640432,24.655581993690518
1932,41.903847839663854,12.5144471997972,24.418686973815234
1933,41.90384842448009,12.514449045575326,24.178222536520458
1934,41.903849005379904,12.514450916682716,23.92944526989376
1935,41.90384958247216,12.51445279271694,23.686613140619
1936,41.90385018210717,12.514454691814871,23.438408951682966
1937,41.90385076028813,12.514456593546122,23.17597514886451
1938,41.90385133574664,12.514458532632961,22.914128748496285
1939,41.903851909350166,12.514460458443535,22.643941155636654
1940,41.90385247614692,12.514462428772285,22.366413538948784
1941,41.90385303942662,12.514464423816722,22.097752596531507
1942,41.90385358336876,12.514466436237516,21.82967392234988
1943,41.903854116492816,12.514468443293074,21.553360293557184
1944,41.903854653641176,12.51447049702901,21.26960470608589
1945,41.90385518429104,12.514472537677607,20.981945102809544
1946,41.903855709275604,12.514474597663963,20.69408998672742
1947,41.90385622777832,12.51447668963926,20.396652068211925
1948,41.90385673236002,12.514478785254814,20.094717358827715
1949,41.90385722593096,12.51448092266039,19.790757325135004
1950,41.90385775099332,12.514483067457856,19.48482660637361
1951,41.903858267049365,12.514485222913226,19.180287368146008
1952,41.90385877367796,12.514487428242983,18.880453813422776
1953,41.903859308517134,12.514489647675356,18.57067834148889
1954,41.90385981912948,12.514491872922477,18.262914608594947
1955,41.90386032650547,12.514494126617981,17.96040715081897
1956,41.9038608242424,12.514496390143021,17.661035145305735
1957,41.90386130385589,12.514498672217124,17.374047116035108
1958,41.903861777787554,12.514500985300202,17.10721770880324
1959,41.9038622484265,12.514503290823662,16.858101449917104
1960,41.90386269940942,12.514505586794499,16.639958061148487
1961,41.90386316391313,12.514507936195193,16.446481727723878
1962,41.90386362650299,12.514510275903403,16.27125679112087
1963,41.9038640983357,12.514512623114973,16.124799651896357
1964,41.90386457382785,12.514514942562688,15.996844875491563
1965,41.9038650373606,12.514517248773622,15.902698977106015
1966,41.90386551274043,12.514519580893875,15.81737854353787
1967,41.90386598284299,12.514521909287183,15.758864465523647
1968,41.90386644314009,12.514524266207074,15.706818137473245
1969,41.9038669319568,12.51452662020575,15.651727861066728
1970,41.90386740350541,12.514528948478189,15.600061016661904
1971,41.90386787431882,12.514531294552604,15.546923923136502
1972,41.90386835967396,12.51453364701402,15.496182051320952
1973,41.903868850683395,12.514536064727519,15.441090969437349
1974,41.903869300254144,12.51453838747429,15.391788925292206
1975,41.90386975954954,12.514540754038928,15.34655320880024
1976,41.90387023360353,12.514543115343528,15.30892802687936
1977,41.90387067126769,12.514545455726413,15.298898930518378
1978,41.90387112917382,12.514547778989181,15.303488287658423
1979,41.90387160723567,12.514550093278515,15.341137703688103
1980,41.90387208476163,12.514552366468358,15.389256775771825
1981,41.903872576774454,12.514554632759213,15.448752024687842
1982,41.903873069452445,12.51455688289134,15.525757503082625
1983,41.9038735653778,12.514559132538386,15.621646756836153
1984,41.903874051332586,12.514561370673256,15.72135902048505
1985,41.90387456267798,12.514563586521193,15.847229012795538
1986,41.90387506510554,12.514565794556471,15.991707590790956
1987,41.90387557755395,12.514567961715068,16.148872086642054
1988,41.90387610342939,12.514570166756211,16.338935798237266
1989,41.903876631181454,12.514572345714718,16.531503969027767
1990,41.90387716106858,12.514574521125578,16.720753648496522
1991,41.90387768933749,12.51457668194676,16.902393614936877
1992,41.903878236273854,12.514578829512145,17.084931033808058
1993,41.903878761758506,12.514580981521846,17.276595760559395
1994,41.90387929250211,12.514583128117225,17.46994121746354
1995,41.9038798311619,12.514585235132577,17.67614221744209
1996,41.90388035824606,12.514587321572273,17.88595565447702
1997,41.90388089685747,12.514589432735201,18.098134661737625
1998,41.903881434040464,12.514591544473712,18.309474916921978
1999,41.90388197290302,12.514593622026162,18.520168652852455
2000,41.90388252316067,12.514595688430692,18.735031750461875
2001,41.90388310699752,12.51459771712197,18.971606243602945
2002,41.903883688022674,12.514599750151026,19.21553696726427
2003,41.90388430217792,12.514601795435928,19.481914670096188
2004,41.9038849168574,12.514603796546705,19.770131796443035
2005,41.903885525444316,12.51460575624204,20.077363588030813
2006,41.903886151484706,12.514607691409172,20.41125083443837
2007,41.903886786050464,12.514609628437993,20.75711273463549
2008,41.903887424795315,12.514611565925948,21.13530351829028
2009,41.903888053763005,12.514613473861566,21.53034013633815
2010,41.90388869567682,12.514615372721442,21.954833692828224
2011,41.903889342327275,12.514617234084481,22.390101609080432
2012,41.90388999706157,12.514619079399647,22.845187473079868
2013,41.903890671589096,12.514620923759084,23.31595073420942
2014,41.90389135539076,12.514622719442828,23.80437891739983
2015,41.903892060406214,12.514624494427105,24.314805280080982
2016,41.903892780703394,12.514626230336782,24.84608518727719
2017,41.90389351249673,12.514627940277192,25.397557932544505
2018,41.90389426820427,12.51462962232687,25.96961327656848
2019,41.90389502359252,12.514631287543649,26.564895494314534
2020,41.90389580877644,12.514632926913482,27.18464267264014
2021,41.903896594148826,12.514634543176838,27.82656099739479
2022,41.90389737971835,12.514636119440931,28.484849059221425
2023,41.90389817710665,12.514637669057791,29.169475739312272
2024,41.90389899945881,12.51463920824272,29.87852287429937
2025,41.90389984861555,12.514640722608702,30.60714531723486
2026,41.90390069067246,12.514642184909349,31.345084508006767
2027,41.90390154369317,12.514643598578612,32.0809444633353
2028,41.903902407949836,12.51464498313796,32.82049507392919
2029,41.90390328322431,12.514646347298243,33.56555971236439
2030,41.90390414760579,12.514647669029394,34.3247796465523
2031,41.90390502231319,12.514648946206544,35.10882719224307
2032,41.903905902694774,12.514650186687186,35.91602283074436
2033,41.90390678595012,12.514651383170348,36.73430046891466
2034,41.90390767256114,12.514652538762155,37.55259068785728
2035,41.903908569945905,12.51465366935216,38.376697334967254
2036,41.903909458336955,12.514654751616414,39.198697878761735
2037,41.90391034254815,12.5146558216295,40.027808046769195
2038,41.90391123419641,12.514656840167763,40.862326474212445
2039,41.90391212745585,12.514657833088766,41.68744460436674
2040,41.9039130131378,12.51465876511955,42.5074036581342
2041,41.903913901956926,12.514659683826496,43.31203682746589
2042,41.90391477989076,12.514660571045718,44.10360188381286
2043,41.90391566875277,12.514661414775547,44.89073398249938
2044,41.90391654622438,12.514662239007455,45.66877085541686
2045,41.9039174283954,12.514663019387788,46.44812421313837
2046,41.90391829091596,12.514663782141097,47.2104555465148
2047,41.90391914757814,12.514664488435018,47.97448474917954
2048,41.90391999293986,12.51466516705976,48.72504274348333
2049,41.9039208418527,12.514665838844959,49.480077249109975
2050,41.9039216965537,12.514666470488846,50.240095406987486
2051,41.90392253494537,12.514667066929666,50.99378976157056
2052,41.90392335760949,12.514667622197775,51.72926207774346
2053,41.903924177310465,12.51466818110892,52.456659729407605
2054,41.903924990113644,12.51466871155802,53.18312177836152
2055,41.90392579988775,12.514669225698855,53.91659041949576
2056,41.903926599161814,12.514669709526718,54.652308118558864
2057,41.90392738663212,12.514670163105587,55.380261734397806
2058,41.903928163823906,12.514670590425682,56.103415527068414
2059,41.90392893645597,12.514671006192147,56.84222953595276
2060,41.90392970542854,12.514671406729066,57.597475749521486
2061,41.90393050132931,12.514671783708478,58.37166106808448
2062,41.90393127926797,12.514672134506343,59.154168001579364
2063,41.90393206140439,12.51467247293777,59.922419832339656
2064,41.90393284610982,12.51467278325521,60.68644416891948
2065,41.90393363371766,12.514673092070554,61.45829276831467
2066,41.90393440807478,12.514673377532127,62.25245575068876
2067,41.903935204043535,12.514673656323637,63.066578132164125
2068,41.90393599233985,12.514673892416408,63.897860768489075
2069,41.90393677880575,12.514674127356798,64.7254441310594
2070,41.90393757527341,12.514674326956117,65.56100953507591
2071,41.90393837206851,12.514674499912378,66.40244739120253
2072,41.90393917477972,12.514674647569601,67.24597418853915
2073,41.9039399683035,12.51467478919645,68.09906979544871
2074,41.90394075423811,12.514674905680536,68.95974877761489
2075,41.903941539257715,12.514675021758123,69.83101256446965
2076,41.90394230856505,12.514675109080125,70.70348122664504
2077,41.903943092076595,12.514675158453455,71.58864344685097
2078,41.90394385778535,12.514675196117105,72.49912315441989
2079,41.90394463492375,12.514675217732165,73.4023906832448
2080,41.90394542536217,12.514675242672375,74.32419786272075
2081,41.903946221785866,12.514675226716184,75.24738687374597
2082,41.903947019058684,12.514675209494856,76.16674052626604
2083,41.903947838415284,12.514675205342092,77.09035665125985
2084,41.9039486731703,12.514675130207788,78.01903244268199
2085,41.903949518023,12.514675072262966,78.97387042981879
2086,41.903950369299956,12.514674984349542,79.92514068447028
2087,41.903951214020104,12.514674877884367,80.89110152565748
2088,41.90395207631802,12.514674736282874,81.87692461410334
2089,41.903952951362086,12.514674583924322,82.86894022861854
2090,41.90395382222204,12.514674420738109,83.89151607939357
2091,41.90395472259346,12.514674232405087,84.92254650981329
2092,41.90395562291113,12.514674045209441,85.97450423088333
2093,41.9039565338235,12.514673810556882,87.01830407810755
2094,41.90395744799861,12.51467356278068,88.06035208800417
2095,41.90395837935072,12.514673284637189,89.09866056236912
2096,41.90395930450657,12.514672978073131,90.12703795252301
2097,41.903960256871855,12.51467266936258,91.1364095108224
2098,41.90396122390447,12.51467232507907,92.1130482344975
2099,41.903962211964604,12.514671976793386,93.06535613395498
2100,41.90396322255959,12.514671612115357,93.98645627076671
2101,41.9039642330704,12.514671201428374,94.89488131268395
2102,41.90396525600319,12.514670807844476,95.76990170727869
2103,41.9039662987919,12.514670400860991,96.61857653607281
2104,41.90396736034576,12.514669973048928,97.43745054881029
2105,41.90396842991378,12.514669532595809,98.22739534714397
2106,41.90396951882969,12.514669051959064,98.98694973761482
2107,41.90397061195672,12.514668586982374,99.71525510330282
2108,41.903971718893374,12.514668073979955,100.42436628847904
2109,41.90397285040574,12.514667570041983,101.13061909437727
2110,41.90397399241472,12.51466703084734,101.82537408542821
2111,41.90397514454375,12.514666472732221,102.48917342436151
2112,41.90397630985421,12.514665923507557,103.12997759261631
2113,41.90397749240899,12.514665351418492,103.74947930418683
2114,41.90397867970861,12.514664757271577,104.34878214330678
2115,41.903979857893006,12.514664146718497,104.9246164526303
2116,41.903981069068,12.514663540384486,105.48525409760386
2117,41.903982287912456,12.514662902759625,106.00970534001907
2118,41.90398352115885,12.514662279337612,106.52392084983858
2119,41.90398475266693,12.514661610840758,107.01300365358658
2120,41.90398599910635,12.514660935895535,107.47464235482668
2121,41.9039872477853,12.514660228580516,107.9067662086194
2122,41.90398852517837,12.514659504172977,108.30212589939653
2123,41.90398982562461,12.514658772736679,108.67592695424982
2124,41.90399111229214,12.514658032340161,109.0222793133237
2125,41.90399242833952,12.514657275286059,109.3545120965402
2126,41.903993742102934,12.51465652097551,109.66092490623355
2127,41.9039950879659,12.514655739316353,109.94148862540669
2128,41.903996442800555,12.51465498095047,110.20089736142747
2129,41.903997827885235,12.51465419663186,110.45008548151704
2130,41.90399922031595,12.514653422025187,110.67061505338762
2131,41.90400063675807,12.514652624806171,110.86234389790064
2132,41.90400206410706,12.514651833652366,111.03576284044647
2133,41.904003523283386,12.514651011371546,111.1917798951689
2134,41.904004983420286,12.514650177046057,111.34018140848796
2135,41.90400645907792,12.514649307438338,111.49166208173803
2136,41.90400793574504,12.514648444461905,111.62220181058242
2137,41.90400943743611,12.51464755898362,111.7303835889713
2138,41.904010946442654,12.514646688288554,111.81415101557752
2139,41.90401247547141,12.51464579667869,111.86653783748932
2140,41.90401401320834,12.51464493199672,111.90598722873352
2141,41.90401557643672,12.514644039950122,111.91494367820502
2142,41.90401712343866,12.51464315037601,111.9201288889446
2143,41.90401872146412,12.514642271625128,111.9089374595814
2144,41.904020320130776,12.514641386232089,111.89072310795724
2145,41.904021929352844,12.514640548606042,111.85763644514414
2146,41.90402357117267,12.51463967068718,111.82477329283793
2147,41.9040251975189,12.514638828952792,111.78637595686995
2148,41.90402685026642,12.514637945335004,111.7449622948867
2149,41.90402851104961,12.514637065222617,111.71843873946378
2150,41.90403017273217,12.514636167408813,111.68332837429307
2151,41.90403187430286,12.514635256230946,111.64219553586236
2152,41.90403350163987,12.514634354586223,111.62560782023539
2153,41.90403522654681,12.514633446665027,111.5839091830537
2154,41.90403699682377,12.514632542712242,111.52459110363304
2155,41.904038847062004,12.514631554589965,111.46299718495219
2156,41.904040634724225,12.51463060801536,111.43392433963247
2157,41.904042526666544,12.514629610595302,111.40012979503474
2158,41.904044322301765,12.514628699531675,111.3986830318535
2159,41.90404617540742,12.51462774527058,111.35292302329078
2160,41.904047990204916,12.51462678670955,111.33285849322813
2161,41.9040498425848,12.514625849017811,111.2841872965678
2162,41.904051728270055,12.514624869037087,111.25361069969206
2163,41.904053646049356,12.514623878392076,111.21828782872842
2164,41.90405554931845,12.51462286884524,111.19890594567467
2165,41.904057457797606,12.514621913655246,111.19712599965348
2166,41.90405932166567,12.514620967730961,111.17786456873212
2167,41.904061294138835,12.514619933421868,111.13551419013655
2168,41.90406319202007,12.514618986348045,111.10046027787014
2169,41.90406518448175,12.514617975110388,111.05720560666995
2170,41.904067202526235,12.51461699433208,111.04710609199294
2171,41.90406925041382,12.5146159657559,111.01353243077362
2172,41.90407133963734,12.514614864519029,110.9873300864303
2173,41.90407342402264,12.514613796750151,110.97308923240658
2174,41.9040755343491,12.514612704207773,110.94902730121962
2175,41.90407764246653,12.514611608929961,110.9454574094322
2176,41.90407971092372,12.514610517631889,110.92681052874039
2177,41.9040818526222,12.514609400015024,110.90896306618099
2178,41.90408393827326,12.514608317934629,110.88985765580759
2179,41.904086101932585,12.514607198557503,110.87772624624627
2180,41.90408825089967,12.51460608365343,110.89204300077648
2181,41.90409040614729,12.514604976458308,110.88412315610344
2182,41.90409262733855,12.514603835008561,110.88249090120654
2183,41.90409482586412,12.514602696412464,110.86614779986019
2184,41.90409706958961,12.514601514004323,110.85418516916839
2185,41.90409929520581,12.514600359515955,110.85213012293848
2186,41.90410157543899,12.514599210221887,110.85125719096844
2187,41.90410387222032,12.514598031525287,110.85883301952744
2188,41.90410615888478,12.51459685845845,110.84492460812056
2189,41.90410849865908,12.514595660594724,110.82805673196182
2190,41.90411083886954,12.514594455573228,110.8191652563594
2191,41.904113179508634,12.514593235678703,110.80287005653638
2192,41.90411554928429,12.514591979537625,110.80266516174676
2193,41.90411785615302,12.514590766865156,110.80645226832583
2194,41.904120212202955,12.51458954158204,110.81179545749467
2195,41.90412249218755,12.514588370506313,110.8087515450435
2196,41.90412481091535,12.514587117198243,110.80754735602123
2197,41.90412705751801,12.514585937184174,110.81463665591833
2198,41.90412934477212,12.514584775400959,110.80643078711223
2199,41.90413161627334,12.51458359758453,110.81389584430657
2200,41.90413386469631,12.514582455460838,110.82412922642375
2201,41.90413613115125,12.514581299179797,110.81739236565846
2202,41.904138424114755,12.514580098011368,110.81810501241449
2203,41.90414070879562,12.514578916540177,110.80888336184984
2204,41.904143021953686,12.51457771420079,110.81008443088278
2205,41.90414526611752,12.51457656249545,110.81195955486871
2206,41.90414756150854,12.51457537496548,110.8162629532752
2207,41.90414981391292,12.514574244743159,110.8317528060329
2208,41.90415210990975,12.514573048925596,110.83658108410752
2209,41.90415438082677,12.51457188423821,110.8485041550273
2210,41.90415664183494,12.514570705408751,110.85421551997462
2211,41.90415886759686,12.514569549073531,110.88382480378904
2212,41.90416110222255,12.514568389470563,110.90867636490631
2213,41.90416333221373,12.514567237748896,110.92962844941913
2214,41.90416561278341,12.514566074416582,110.94597341028762
2215,41.90416788589089,12.514564889988318,110.95179170688031
2216,41.904170160741295,12.514563677588347,110.96510028402425
2217,41.90417246598952,12.51456249232937,110.98041800138967
2218,41.904174787494966,12.514561318808202,111.00580525293562
2219,41.90417714258089,12.514560121244354,111.02162825184016
2220,41.90417950124446,12.5145589216688,111.02773482934866
2221,41.90418187073692,12.51455770506125,111.03097182538812
2222,41.90418423337609,12.514556495825332,111.03675717653717
2223,41.90418662854689,12.514555305401311,111.03891433507343
2224,41.904188990049974,12.514554095885103,111.04586114565079
2225,41.90419138086813,12.51455286494319,111.05997454297358
2226,41.90419375779497,12.514551622472085,111.07355796296218
2227,41.904196151036885,12.51455040480775,111.09287750008818
2228,41.90419855633546,12.514549174614547,111.10645213649777
2229,41.90420099077752,12.514547955369535,111.11051887047206
2230,41.904203425760464,12.514546688508906,111.12436296882801
2231,41.9042058536743,12.514545447194894,111.1482375173086
2232,41.904208259939956,12.514544169409808,111.17360274334018
2233,41.90421068226014,12.514542866229661,111.19068928585291
2234,41.904213126400016,12.514541574470808,111.20620080168136
2235,41.90421560038003,12.514540255729436,111.21206308789536
2236,41.90421806417554,12.514538924782752,111.2395288039738
2237,41.904220539168286,12.514537643077034,111.26209098788745
2238,41.90422305771088,12.514536309046228,111.27021654268692
2239,41.90422556015576,12.514535015793589,111.27553206633465
2240,41.90422810262196,12.514533636439044,111.2701767373289
2241,41.90423064871632,12.514532334017693,111.26714982288605
2242,41.904233240922316,12.514530986163853,111.27376733272166
2243,41.904235797024654,12.514529645611459,111.27991974911326
2244,41.90423836234465,12.514528321856362,111.2876663918119
2245,41.90424093837091,12.514526949475028,111.28897028368155
2246,41.904243507636615,12.514525618007395,111.30111027437546
2247,41.904246080402764,12.514524268556091,111.30144642206109
2248,41.90424866360845,12.514522893142333,111.312559974004
2249,41.904251247917195,12.51452156394772,111.33856910832665
2250,41.90425382636282,12.514520198686602,111.34574470975026
2251,41.904256412220015,12.514518906963168,111.36416766593375
2252,41.904259008340986,12.514517602147935,111.36420974972381
2253,41.90426161670417,12.514516261006476,111.36516088132227
2254,41.90426425194077,12.514514912280836,111.37326096602743
2255,41.904266879695584,12.514513518438589,111.38427977976458
2256,41.90426948982589,12.51451216184556,111.39624152465474
2257,41.90427217447119,12.514510734957561,111.40604007938774
2258,41.90427487302186,12.514509356451152,111.41350890545453
2259,41.90427758581419,12.514507925674366,111.42330952610855
2260,41.90428033692754,12.51450651534469,111.43834480793662
2261,41.904283065221776,12.514505118914158,111.44676548327323
2262,41.90428575410491,12.51450373942232,111.44429886026013
2263,41.90428849413768,12.514502341777801,111.4356994051789
2264,41.90429121633816,12.514500935004751,111.43301482918913
2265,41.90429397331269,12.51449950625005,111.44571874608557
2266,41.90429669741714,12.514498058985895,111.46087743712077
2267,41.90429943824287,12.514496567369433,111.46297511827633
2268,41.90430214709114,12.514495086491156,111.47794925760714
2269,41.90430483734346,12.51449361532065,111.49519633534818
2270,41.90430756599737,12.51449218200325,111.51360865123365
2271,41.904310320912465,12.514490743117612,111.52838075885262
2272,41.90431307487811,12.514489287373966,111.52599663233646
2273,41.90431585097574,12.514487833205923,111.52405271810476
2274,41.90431861646165,12.51448635495024,111.51455177094375
2275,41.904321369563846,12.514484875734611,111.51943916927975
2276,41.90432412937903,12.51448340231923,111.53877770915776
2277,41.90432687875362,12.514481916115546,111.56382560032581
2278,41.90432966446435,12.51448042618234,111.58890565443039
2279,41.90433248174343,12.514478908379662,111.59724948915948
2280,41.90433526915495,12.514477427613812,111.60563851153401
2281,41.90433807519542,12.514475902252354,111.61576215301085
2282,41.904340874385134,12.51447439966828,111.64316075786994
2283,41.90434367814797,12.514472888772344,111.65924626050025
2284,41.90434651204931,12.514471367921576,111.68063204102336
2285,41.904349316585694,12.514469869199642,111.69513140941514
2286,41.90435218971211,12.514468347566305,111.7115821155806
2287,41.90435497795519,12.514466831266361,111.73776155659058
2288,41.9043578058984,12.514465291175487,111.74650216410569
2289,41.90436056953231,12.514463745853487,111.76414553804565
2290,41.90436336406311,12.514462222999873,111.79281352745693
2291,41.90436615312748,12.514460684572423,111.81701079260603
2292,41.90436894441332,12.514459166035616,111.85132614993513
2293,41.90437177478637,12.51445759773345,111.87012249827275
2294,41.90437456916347,12.5144560618906,111.88266907142194
2295,41.9043773710068,12.514454513442939,111.89480611831088
2296,41.90438014274074,12.514452970708517,111.91216555740908
2297,41.90438293481503,12.514451485692522,111.95038307349454
2298,41.90438574649127,12.514449974793465,111.9704588559445
2299,41.90438859851273,12.51444842294401,111.98462791646688
2300,41.90439141501378,12.514446894786023,111.99904300467321
2301,41.904394280667795,12.514445338047524,112.01202402653301
2302,41.90439710289455,12.514443775333266,112.0340514570829
2303,41.904399918224236,12.514442239841916,112.06545670078589
2304,41.90440277273753,12.514440677223245,112.0894014086713
2305,41.90440562400688,12.514439099426511,112.11454342221438
2306,41.90440845509867,12.51443752420005,112.14438222162167
2307,41.90441123470557,12.514435980146065,112.17465344232154
2308,41.90441404378057,12.514434436568036,112.19444109225998
2309,41.904416837512116,12.514432898376727,112.20448082244584
2310,41.90441964964638,12.514431323014929,112.21928562749231
2311,41.904422446784004,12.51442976508937,112.23495709192595
2312,41.90442525411642,12.514428203810809,112.26033606176325
2313,41.90442808058336,12.51442664858003,112.28618658569701
2314,41.90443089253714,12.514425090339282,112.30998203802933
2315,41.90443372868203,12.514423519764616,112.33574072657031
2316,41.904436497137326,12.514421987078267,112.35762915324646
2317,41.90443930272535,12.514420414054541,112.38056236467092
2318,41.90444212871265,12.514418834921992,112.40636732239888
2319,41.90444491541921,12.51441724711057,112.43074250105991
2320,41.90444764694802,12.514415674045727,112.45492887191376
2321,41.90445038915081,12.514414099443387,112.48029064432299
2322,41.90445307463312,12.514412550635514,112.50961311977332
2323,41.904455806145215,12.514410997237215,112.54421803231631
2324,41.90445851525783,12.514409469552893,112.57425943053038
2325,41.90446120375417,12.514407952465914,112.5963569546018
2326,41.90446385372125,12.514406476546997,112.61450543300873
2327,41.904466551711124,12.514405002577949,112.63515608594297
2328,41.90446924783105,12.514403472497214,112.66096677040905
2329,41.90447197666611,12.51440194805788,112.69548260851585
2330,41.90447467884167,12.514400382268327,112.71927404255081
2331,41.90447742945194,12.514398821909149,112.75811407525514
2332,41.90448009734907,12.514397279030671,112.79542868715596
2333,41.90448281291438,12.514395758125746,112.84377188327667
2334,41.90448548369914,12.51439425214758,112.90155671724172
2335,41.904488125942244,12.514392743569339,112.93673236124678
2336,41.9044907703167,12.514391286615995,112.97424521692227
2337,41.90449337071305,12.514389818931283,112.99702848503446
2338,41.90449600163947,12.514388355519522,113.02625990479967
2339,41.9044986181492,12.514386882746305,113.05709194560343
2340,41.904501242374195,12.514385410923312,113.09773327301714
2341,41.904503861947276,12.514383915497142,113.13157741841341
2342,41.90450647622219,12.51438242953224,113.16316531090894
2343,41.90450910090131,12.514380935205422,113.18610667593933
2344,41.904511714736145,12.514379435539812,113.19820776619038
2345,41.90451431524189,12.514377946113255,113.19929950307117
2346,41.904516914546434,12.514376451197716,113.18686780348386
2347,41.9045195082096,12.514374958734052,113.15588475031497
2348,41.904522073066616,12.514373471665476,113.1148782575312
2349,41.904524634661136,12.514372011407142,113.06207528177121
2350,41.904527158645394,12.514370577195516,113.00299098317845
2351,41.90452970604655,12.514369130951449,112.95151624523659
2352,41.90453221422873,12.51436771978153,112.89123159529309
2353,41.9045347645989,12.514366295764878,112.8192115492219
2354,41.90453726903179,12.514364858512794,112.75551786393575
2355,41.90453978850851,12.514363428359768,112.69302266765379
2356,41.90454232187537,12.514361994426377,112.62766749189778
2357,41.904544818843405,12.514360582768761,112.56889530190828
2358,41.90454731304029,12.514359190994007,112.5004700921188
2359,41.90454977882112,12.514357807381028,112.41954052826009
2360,41.9045522892389,12.514356407949112,112.33418142770905
2361,41.904554768995496,12.514355033170485,112.24577711300479
2362,41.9045572539614,12.514353658393672,112.15471312059395
2363,41.904559745308056,12.514352302270146,112.07099971939346
2364,41.90456221352999,12.51435096322159,111.97885302966488
2365,41.90456463723584,12.514349641455551,111.8879323233356
2366,41.9045670922301,12.514348319316968,111.79609810218739
2367,41.904569524922124,12.51434700008067,111.70182855661321
2368,41.90457194881722,12.514345697621653,111.60504277346173
2369,41.90457434398236,12.514344399816599,111.51845100867408
2370,41.9045767151335,12.51434313529582,111.41321479855287
2371,41.904579073695956,12.514341904703608,111.30340470145016
2372,41.90458140604985,12.514340689006543,111.19400691004854
2373,41.90458375994593,12.514339459864582,111.08633871948763
2374,41.904586119081515,12.514338233490315,110.9773603700373
2375,41.90458840316701,12.514337038888858,110.87668434866181
2376,41.90459070140167,12.514335871846823,110.76969959794936
2377,41.90459292399673,12.51433474402666,110.6580899649586
2378,41.90459519438325,12.514333588075512,110.53987761861553
2379,41.9045973828832,12.514332482362503,110.40923866717479
2380,41.90459958349215,12.514331397328602,110.28205068218337
2381,41.904601738239464,12.514330330791848,110.14236936006172
2382,41.90460388693201,12.51432931684824,109.99455814522727
2383,41.90460601980314,12.514328315737549,109.82738719406439
2384,41.904608119214735,12.514327350056437,109.64873259192538
2385,41.90461024527409,12.514326423109896,109.45871207209782
2386,41.90461233012899,12.514325508417867,109.2477564655495
2387,41.90461439747165,12.514324648778901,109.0230199537782
2388,41.9046164777141,12.514323770793519,108.77160812659181
2389,41.90461852652844,12.514322923641275,108.50231743129068
2390,41.904620586811895,12.51432208345032,108.19791016890541
2391,41.90462262710593,12.514321264367553,107.85615289528026
2392,41.9046246781043,12.514320458635222,107.48065953789592
2393,41.904626697032604,12.514319683964203,107.08660521214547
2394,41.90462866827274,12.514318956333241,106.67942162562593
2395,41.904630673861504,12.514318268008742,106.24115867429045
2396,41.904632656002704,12.514317640550923,105.78389425384051
2397,41.90463460223254,12.51431705559756,105.29885590300574
2398,41.90463651192791,12.514316525034081,104.77917613614548
2399,41.90463846069501,12.514316007631601,104.22728567646236
2400,41.90464034418487,12.514315544289468,103.6602792572929
2401,41.90464220010217,12.514315107243103,103.08329088592622
2402,41.904644059477256,12.514314711145882,102.48357010019616
2403,41.90464589054032,12.51431436254976,101.86318991998796
2404,41.904647675234344,12.514314060535963,101.21850050818558
2405,41.90464949007126,12.514313800156554,100.54198581589854
2406,41.90465128178133,12.514313587280855,99.82719832076492
2407,41.90465303133677,12.514313397663305,99.09582076790744
2408,41.90465480157561,12.51431326557312,98.32684193380588
2409,41.90465654313795,12.51431317990335,97.52565152404594
2410,41.90465826406282,12.514313136924013,96.6997924475516
2411,41.904659957766604,12.514313125958592,95.84035711374236
2412,41.904661618103205,12.51431316360795,94.94389415420295
2413,41.90466326480818,12.51431325123142,94.01877329437866
2414,41.904664886538384,12.514313384082426,93.06895790066207
2415,41.904666505677476,12.514313573168472,92.09320197990793
2416,41.90466808476374,12.514313810793007,91.08736650980366
2417,41.904669653149696,12.514314096503089,90.06363633091911
2418,41.904671246460765,12.514314370407938,89.02610810991088
2419,41.904672820321125,12.51431467670488,87.98804590616152
2420,41.90467436307326,12.514315029403244,86.95288667619764
2421,41.904675857587044,12.514315441996263,85.9149954728507
2422,41.90467733109089,12.514315905283768,84.87293299833497
2423,41.904678747503915,12.514316430937058,83.8050841689537
2424,41.90468016186296,12.514317011876585,82.72942717799164
2425,41.904681579689814,12.51431761984137,81.66036639547293
2426,41.904682945091004,12.514318273504575,80.61461169269369
2427,41.90468430496391,12.514318941870206,79.59563276283893
2428,41.90468565705496,12.514319617482773,78.58393636595127
2429,41.90468696211313,12.514320298134368,77.57201331080668
2430,41.90468827734765,12.514321001436858,76.55736407962006
2431,41.904689569952794,12.514321696180865,75.54716559423089
2432,41.90469082097972,12.514322417283259,74.54766153769106
2433,41.9046920871328,12.51432316551037,73.54294864776747
2434,41.9046933181395,12.514323960059128,72.54260584383373
2435,41.904694542340266,12.514324768639911,71.56409650725153
2436,41.90469574936587,12.514325643427522,70.59815732972513
2437,41.90469694527149,12.514326558354032,69.65056148292047
2438,41.90469815155839,12.514327477550852,68.71228381688498
2439,41.90469930677331,12.514328404685353,67.78690600813985
2440,41.904700458558146,12.514329364897362,66.85640463248342
2441,41.904701585455996,12.51433034157783,65.91768761581805
2442,41.90470271233601,12.514331314006784,64.98091086425711
2443,41.90470382164779,12.514332293053501,64.03430624319438
2444,41.90470491727674,12.51433329072463,63.07249092682842
2445,41.90470603446085,12.514334284617611,62.086622079977076
2446,41.904707072787645,12.514335318348966,61.09452835480112
2447,41.90470812453376,12.514336371680756,60.099285296729654
2448,41.90470917139739,12.514337473635617,59.09298473332856
2449,41.90471022700371,12.514338601508875,58.087139282630865
2450,41.904711267391086,12.514339817873152,57.07418916655057
2451,41.90471231074493,12.51434106205499,56.0596176465806
2452,41.90471332738281,12.514342345491555,55.04762383376521
2453,41.90471431537551,12.514343641319334,54.0205956125954
2454,41.90471530754091,12.514344978113,52.98320172244368
2455,41.90471627721679,12.514346352286575,51.93539805213281
2456,41.90471721184831,12.51434778450497,50.879578798748796
2457,41.904718141004494,12.514349199659975,49.84063947906808
2458,41.90471905187222,12.514350639888272,48.7860878573434
2459,41.904719950925994,12.514352118109045,47.73935656528143
2460,41.904720846733774,12.514353628069037,46.694578102476505
2461,41.904721760272686,12.514355153878864,45.65752210116762
2462,41.9047226404214,12.514356692253482,44.635335927588834
2463,41.9047235111315,12.51435826306988,43.59978343075111
2464,41.904724358646135,12.514359854652055,42.578860269402256
2465,41.90472520287718,12.514361479864633,41.56600024449237
2466,41.90472602190259,12.51436315871001,40.55256408282169
2467,41.9047268249769,12.514364860385573,39.57434328763529
2468,41.904727612602464,12.51436660309225,38.59553259007663
2469,41.90472837826603,12.514368383533984,37.626686625411374
2470,41.904729139075116,12.514370210007696,36.671985262015404
2471,41.90472991487906,12.514372083841677,35.73755743859478
2472,41.9047306962634,12.514374034496992,34.8606922142701
2473,41.90473147030397,12.514375956727951,34.04827690738682
2474,41.90473225582233,12.514377976076396,33.2857044030951
2475,41.904733068457695,12.514380037887022,32.56718280021887
2476,41.904733831638055,12.514382105829526,31.892972724670248
2477,41.904734593720136,12.514384203730495,31.24521551841873
2478,41.9047353772222,12.514386298603048,30.613920706152445
2479,41.90473613755825,12.514388390296034,30.029738166755422
2480,41.904736941695035,12.514390410048644,29.45067206352554
2481,41.904737736258745,12.514392432083634,28.87916470766642
2482,41.90473849733668,12.514394489611687,28.331456662325373
2483,41.90473930440726,12.514396554221797,27.78998232759471
2484,41.90474007626928,12.514398701152201,27.285412002093285
2485,41.9047408848613,12.514400827455104,26.782502362980868
2486,41.90474166307451,12.514403004576906,26.27375035388116
2487,41.90474240697707,12.514405201578676,25.778114493842185
2488,41.904743129164714,12.514407424451075,25.308085091549422
2489,41.90474380134104,12.514409711253728,24.878917430662128
2490,41.904744474073006,12.514412002459629,24.456270172840007
2491,41.90474513504912,12.514414365610056,24.0554586453407
2492,41.90474577454817,12.51441680342631,23.708685734651112
2493,41.9047465012456,12.514419329292135,23.4144329016029
2494,41.90474723237382,12.514421878690035,23.189730628777706
2495,41.904748006115724,12.514424405073495,22.995096655304206
2496,41.90474881181217,12.51442692610519,22.81892306450763
2497,41.90474960311297,12.514429389234584,22.692689289619807
2498,41.90475037258779,12.514431872435113,22.599541693265667
2499,41.904751172145104,12.514434377806337,22.528345275335983
2500,41.9047519450398,12.51443687618482,22.466220390828134
2501,41.90475268691237,12.514439403691938,22.414937763436136
2502,41.90475343984609,12.51444192112959,22.35082334357499
2503,41.904754188207235,12.514444447264825,22.27375614137461
2504,41.90475493054012,12.51444699179764,22.21132196733153
2505,41.90475570514604,12.514449524807699,22.124509690562288
2506,41.90475645791996,12.514452127956536,22.07264617875231
2507,41.90475721082854,12.514454668648922,22.028255410732218
2508,41.90475799725072,12.514457288704914,21.982074610668988
2509,41.90475881540658,12.514459962384194,21.94128658993348
2510,41.90475960543308,12.51446256511191,21.933100394219142
2511,41.90476042670723,12.51446526594482,21.90289520197742
2512,41.90476124230432,12.51446793978538,21.88478756217554
2513,41.904762068256964,12.514470636565711,21.858723575179564
2514,41.9047629034546,12.514473363922445,21.82603717777623
2515,41.90476371584838,12.514476038856227,21.79526289019954
2516,41.904764523317695,12.514478784259731,21.74997659805509
2517,41.90476533085632,12.51448149146472,21.724919557574058
2518,41.90476615527376,12.514484269684537,21.687177183532775
2519,41.904766974255644,12.514487039644052,21.662636455029357
2520,41.90476779179592,12.514489842721698,21.64199548155081
2521,41.90476862700842,12.514492650361396,21.619012686815353
2522,41.90476945657299,12.514495448841746,21.601068780842375
2523,41.904770294697066,12.51449830424019,21.56116974499655
2524,41.90477114468895,12.514501122066783,21.534220542763173
2525,41.90477198257772,12.514503959078613,21.4993279104097
2526,41.904772823740736,12.514506802980396,21.464397373806833
2527,41.90477366403974,12.514509643203954,21.438878676002684
2528,41.90477450249116,12.51451249503342,21.419957468243027
2529,41.904775333898094,12.514515362291679,21.38236084613336
2530,41.90477615298548,12.514518251318302,21.3611706322752
2531,41.904776983394235,12.51452114429649,21.318426885512235
2532,41.90477780996516,12.514524021149237,21.28200772722312
2533,41.904778642815856,12.514526936878756,21.246954844275958
2534,41.90477948995131,12.51452982341513,21.227456095540127
2535,41.904780327079756,12.514532769190682,21.197725121739886
2536,41.90478114338384,12.514535714676237,21.17185319775243
2537,41.90478195817659,12.514538657972768,21.131922529053636
2538,41.904782791055695,12.514541575665838,21.095093079998055
2539,41.904783614292874,12.514544462826983,21.05922959946799
2540,41.90478446296959,12.51454739582072,21.0240865982507
2541,41.904785319901734,12.514550341551264,20.99143629569012
2542,41.90478618382746,12.514553290893808,20.964586105341233
2543,41.904787061960064,12.514556293218638,20.905609900137716
2544,41.90478791559814,12.514559248145236,20.83999275417842
2545,41.90478876558244,12.514562207935953,20.76020740262892
2546,41.90478960762882,12.514565186971158,20.668820830839557
2547,41.904790456889785,12.514568198316468,20.562072784290763
2548,41.90479130648099,12.51457121977323,20.456214929955852
2549,41.90479214418532,12.514574234080579,20.341359418237715
2550,41.90479296773747,12.514577268936272,20.23002146476528
2551,41.904793785577745,12.514580266587416,20.124795481272184
2552,41.904794589201586,12.514583292260715,19.9971358268364
2553,41.90479539185303,12.51458630708242,19.877856324905665
2554,41.904796201515715,12.514589353255499,19.750380653081102
2555,41.90479700332687,12.514592392531503,19.624397134911693
2556,41.904797792724175,12.514595413282061,19.496037167311467
2557,41.904798576983374,12.514598440254662,19.345215534504273
2558,41.90479937596456,12.514601535672547,19.18732232147122
2559,41.904800155166704,12.514604632860962,19.018668150194003
2560,41.90480094098762,12.514607712992639,18.84147834003759
2561,41.90480169396832,12.514610739238233,18.661515565477544
2562,41.90480246534759,12.514613838626543,18.45679176801434
2563,41.904803201302045,12.514616918648363,18.216818426518206
2564,41.90480391538519,12.514619956299885,17.94545898632658
2565,41.904804632061676,12.514622984423035,17.63678314732709
2566,41.90480534339517,12.514625930839012,17.292510816010992
2567,41.90480603589313,12.514628830273743,16.90910980714549
2568,41.90480666612913,12.514631699256045,16.51377157867457
2569,41.90480724574371,12.514634633479373,16.09075058243986
2570,41.90480784196674,12.514637622620281,15.665420497216543
2571,41.904808413589556,12.51464060670927,15.223299962725804
2572,41.90480897902721,12.514643658224987,14.780692307856372
2573,41.90480950912869,12.514646699951594,14.353561767436682
2574,41.904810013506285,12.514649756216752,13.945886217374104
2575,41.904810510290616,12.514652828696795,13.56194745858126
2576,41.90481098900135,12.514655952170486,13.189582365379819
2577,41.90481147408846,12.514659116917233,12.863252045246778
2578,41.90481197953325,12.514662245832257,12.589077635817874
2579,41.904812488250876,12.51466529672238,12.34342934678872
2580,41.90481295467771,12.514668358497909,12.128769646314211
2581,41.90481337851723,12.514671364053935,11.974539706486942
2582,41.90481382174093,12.51467440077186,11.88019308242193
2583,41.90481421327296,12.514677359744104,11.79980273888606
2584,41.90481461907819,12.514680402704053,11.746618928951676
2585,41.904815042832155,12.514683380057331,11.727963338301407
2586,41.90481549820646,12.514686315327804,11.73822256913568
2587,41.904815977240574,12.514689225558135,11.741591435366722
2588,41.90481648072611,12.514692145282318,11.76002068959309
2589,41.90481700167995,12.514695101192595,11.791949117934355
2590,41.90481750184661,12.514698062468964,11.824119749153985
2591,41.90481800676383,12.514701058187043,11.844808614899044
2592,41.90481848527373,12.514704018425297,11.856374022568803
2593,41.90481895630302,12.514706955798928,11.865492180396984
2594,41.90481942991143,12.514709895721527,11.90208501702169
2595,41.90481990822617,12.514712861466256,11.953041174866515
2596,41.90482038310871,12.514715818331785,12.019431937275847
2597,41.90482084918822,12.514718749651456,12.11561513621021
2598,41.904821334968105,12.514721694721775,12.225155469467374
2599,41.90482180679445,12.514724575612886,12.338551687398127
2600,41.90482229488313,12.51472749839398,12.462598719931973
2601,41.90482280413564,12.514730397206991,12.613004585009463
2602,41.90482333896622,12.514733289378471,12.782743864359036
2603,41.90482388037484,12.514736187589781,12.949301213777282
2604,41.904824411256634,12.514739008913876,13.114348714426857
2605,41.90482495747886,12.514741854411758,13.277282974941045
2606,41.904825495852045,12.514744672200562,13.435544339826393
2607,41.90482603581846,12.514747492054248,13.599473081665648
2608,41.904826577802815,12.514750298115558,13.763264759408727
2609,41.90482713536131,12.514753128533766,13.943007303938458
2610,41.904827693496486,12.514755969939907,14.130063284814526
2611,41.90482824599292,12.514758757626158,14.322989478486532
2612,41.90482882793772,12.514761548286796,14.538777842276842
2613,41.904829418826424,12.514764346144307,14.762706441244173
2614,41.904830020970294,12.51476710595717,15.007340940958155
2615,41.90483063593162,12.514769893453623,15.269570211037617
2616,41.90483126219792,12.514772658441427,15.554766224492425
2617,41.90483190509635,12.514775409989914,15.865128669913569
2618,41.90483257197698,12.51477818668903,16.184429792621927
2619,41.90483323326987,12.514780933305078,16.51711348948547
2620,41.9048339126955,12.51478368078539,16.87134400106611
2621,41.9048346005562,12.514786416336364,17.238993096621634
2622,41.904835306691865,12.514789134175375,17.615593363083864
2623,41.904836029310324,12.5147918238434,17.992723880069832
2624,41.904836765131776,12.514794510189374,18.373341732127077
2625,41.90483751730837,12.514797220130069,18.758864563044582
2626,41.90483829440603,12.51479993434657,19.139012467190998
2627,41.904839081874606,12.514802629789402,19.507167265834966
2628,41.90483987438132,12.51480530163774,19.861389374252628
2629,41.90484068705629,12.514807973746883,20.208016760654562
2630,41.90484150621325,12.514810636177248,20.544303018716402
2631,41.904842349305625,12.514813334518548,20.876835590581845
2632,41.90484321903009,12.514816006984782,21.203507040117046
2633,41.9048441036793,12.514818651448813,21.507992767566858
2634,41.904844958585585,12.514821271104221,21.785497208885648
2635,41.90484581244422,12.514823961583529,22.025498044838443
2636,41.90484661559181,12.514826624073953,22.24522275843748
2637,41.904847403964,12.514829290523165,22.453791745159982
2638,41.90484818220381,12.514831938582805,22.641639770911432
2639,41.90484895318679,12.514834547913576,22.82051490552036
2640,41.90484974202883,12.514837136377173,22.98773884014019
2641,41.904850545944356,12.514839659065096,23.13783187689637
2642,41.90485140054223,12.514842217671847,23.27423731283638
2643,41.90485227088498,12.514844721208648,23.384948240831303
2644,41.904853150610776,12.514847233991802,23.475296904523837
2645,41.90485404115243,12.514849728727725,23.565276532713487
2646,41.904854931379695,12.514852174220762,23.63876274190102
2647,41.90485581341561,12.514854666704618,23.68110657721365
2648,41.90485667930126,12.514857236931464,23.69748566971697
2649,41.90485750857024,12.514859815905723,23.674596221115504
2650,41.90485832949491,12.514862427003314,23.62278208807114
2651,41.904859151339984,12.514865102265821,23.54189979936453
2652,41.90485997438346,12.514867713425225,23.479586620057095
2653,41.904860818882874,12.51487031854709,23.45301001214227
2654,41.904861667588946,12.514872919630909,23.43018396650375
2655,41.904862515897335,12.5148755107488,23.394450820076262
2656,41.90486337812457,12.514878057735523,23.33947099292505
2657,41.90486423244903,12.514880616173063,23.271947374844636
2658,41.90486508919389,12.514883156613582,23.20350581643358
2659,41.90486591635002,12.514885686620245,23.14577567930826
2660,41.904866749123066,12.514888225739117,23.08582216636606
2661,41.90486752549748,12.514890756146276,23.02612319768481
2662,41.904868302445344,12.514893265024075,22.962567881673273
2663,41.90486908467516,12.514895785015673,22.89208010513213
2664,41.90486984156489,12.514898281450195,22.812053402192618
2665,41.90487060036911,12.514900811675238,22.73585083794554
2666,41.904871354542095,12.514903307617235,22.653570009381284
2667,41.90487212113599,12.51490580744366,22.55629082067301
2668,41.904872892649145,12.514908321179734,22.44125145578737
2669,41.90487368869591,12.514910810754943,22.305073890372764
2670,41.904874494511155,12.514913308687694,22.145956376691146
2671,41.90487528168518,12.51491578343674,21.96663772488803
2672,41.90487607944579,12.514918256289498,21.761756627617096
2673,41.90487689145511,12.514920737937151,21.528625232708094
2674,41.90487768340736,12.514923215480273,21.24841222745988
2675,41.904878406523466,12.51492569879752,20.959649355237428
2676,41.90487902177746,12.514928111331125,20.664168129837982
2677,41.90487951051847,12.514930501611433,20.383092566274104
2678,41.904879985174986,12.51493287633667,20.073820890952362
2679,41.904880473436044,12.514935232232228,19.754186717293262
2680,41.904880974170894,12.514937610791414,19.3894314549167
2681,41.90488152040541,12.514940023398319,19.037347682000014
2682,41.90488207150219,12.514942349416545,18.716522743593014
2683,41.90488264671344,12.51494467441361,18.405989716437936
2684,41.904883242900205,12.514946975858567,18.09353714344229
2685,41.90488381660877,12.514949227730467,17.788789828534693
2686,41.90488438147591,12.51495153958994,17.49026070082834
2687,41.904884906810786,12.514953910387382,17.233773135223124
2688,41.90488536420545,12.514956344213816,16.950363331198453
2689,41.90488577836816,12.514958737338434,16.663473213544354
2690,41.904886188301646,12.514961060072768,16.37578410010877
2691,41.904886556207686,12.514963349364095,16.051495965571632
2692,41.904886907617865,12.514965537765521,15.74659130902184
2693,41.90488727047395,12.514967706338737,15.47434020312886
2694,41.90488763364647,12.514969799057004,15.235766488809084
2695,41.90488798413401,12.514971913747267,15.013288694948145
2696,41.904888323983414,12.514973925646197,14.791343198111237
2697,41.90488867862375,12.51497595020098,14.590438209249752
2698,41.904889027435864,12.514977916834699,14.39707230373685
2699,41.904889381381984,12.514979883608449,14.23050834809115
2700,41.904889716671875,12.514981839530671,14.078861574123524
2701,41.90489004587419,12.514983811093252,13.926416986959268
2702,41.904890371948596,12.514985720212806,13.785835015588777
2703,41.90489069625649,12.514987635053199,13.647986228890208
2704,41.904890984253164,12.51498947871557,13.521162753771035
2705,41.90489128096081,12.514991311118852,13.41754728317222
2706,41.9048915515308,12.514993086618922,13.323978900320173
2707,41.90489182418098,12.514994862270866,13.255006771617616
2708,41.9048920945568,12.514996573191352,13.192626740498788
2709,41.90489235786443,12.51499823482713,13.165718617013866
2710,41.90489264500925,12.514999893701823,13.166403077836362
2711,41.90489293811169,12.515001524022896,13.186310454574867
2712,41.90489324194501,12.515003108230605,13.206556009394687
2713,41.90489355905556,12.51500468355779,13.221570165341712
2714,41.90489388609142,12.5150062297081,13.231394815638494
2715,41.90489421552207,12.515007803804762,13.26048833322782
2716,41.904894529964274,12.515009338527332,13.300286107357667
2717,41.904894805522844,12.515010833158486,13.35966491397443
2718,41.90489501146965,12.515012261143022,13.419179735416328
2719,41.904895130698065,12.515013565840446,13.472275963084938
2720,41.904895266302916,12.515014778483698,13.480768838547805
2721,41.90489546474223,12.51501601290047,13.513903482052253
2722,41.90489568491741,12.515017271902767,13.541222332643612
2723,41.904895928448454,12.515018601347858,13.606945459674412
2724,41.90489622307048,12.515019938337828,13.72185339441367
2725,41.904896539010736,12.515021286892264,13.821003716483224
2726,41.904896840167666,12.515022618488874,13.864863596523046
2727,41.90489711660784,12.515023903806968,13.863320633811798
2728,41.904897401460495,12.515025115480649,13.852221645439553
2729,41.90489769608508,12.515026310566412,13.875782938089044
2730,41.90489796963934,12.515027547930659,13.913009974633399
2731,41.904898248961636,12.51502882664994,13.966515398665761
2732,41.904898538935406,12.515030155230795,14.001353196428864
2733,41.904898804954954,12.515031503481435,14.007615300063742
2734,41.9048990383827,12.515032836225409,13.99069105534254
2735,41.90489927420635,12.515034106743796,13.97470200506051
2736,41.90489950298822,12.51503534965254,13.977198055926914
2737,41.90489972244402,12.515036601372447,14.00592021904476
2738,41.904899946878274,12.515037922537656,14.075336160047396
2739,41.904900172115894,12.51503933328178,14.148626467330462
2740,41.90490042769756,12.51504077951786,14.173027662190362
2741,41.90490073322997,12.515042237725018,14.161661748203489
2742,41.90490102816803,12.51504369777569,14.125393187281713
2743,41.904901324678065,12.515045145045683,14.126125424797905
2744,41.90490158611227,12.515046551231713,14.183724563016135
2745,41.9049018390981,12.515047859114567,14.226684729386976
2746,41.90490206584213,12.51504908915122,14.210419629274917
2747,41.904902265564125,12.515050297573872,14.17704855430514
2748,41.90490243554138,12.515051486614812,14.170493175737178
2749,41.90490262535529,12.515052740675678,14.199658747858074
2750,41.904902830135796,12.515054036781398,14.225367654050016
2751,41.90490306349992,12.515055325098654,14.222245329476603
2752,41.904903302149364,12.515056614165733,14.196709847866597
2753,41.90490353111933,12.515057843289847,14.146591203159577
2754,41.90490378679025,12.515059045944147,14.103230003798382
2755,41.90490403270646,12.515060252345128,14.056998052856512
2756,41.90490427985396,12.515061481570648,13.991814887876782
2757,41.904904529385675,12.515062727344915,13.893349435146291
2758,41.90490474749987,12.5150639952203,13.752358240616925
2759,41.90490497708389,12.515065288266833,13.588572356119517
2760,41.9049052228486,12.515066611607782,13.418524155264539
2761,41.904905464277576,12.515067917264858,13.207096651986019
2762,41.90490568820639,12.515069210045803,12.96607870816699
2763,41.90490586868945,12.515070493817955,12.677343651940152
2764,41.90490604610205,12.515071772228808,12.392854226797294
2765,41.90490617885858,12.51507307919298,12.102599495036136
2766,41.90490627678701,12.515074392730547,11.78780954593177
2767,41.904906353964556,12.515075774484298,11.417898446246857
2768,41.90490638379479,12.515077228065207,10.989396516863964
2769,41.904906439777285,12.515078727236306,10.554261903532238
2770,41.904906482864405,12.515080228852334,10.121151220592969
2771,41.904906522934276,12.515081695108002,9.66808170187404
2772,41.90490658273297,12.515083172309362,9.187485714223959
2773,41.904906643300194,12.515084601847285,8.639123636498445
2774,41.904906695027464,12.515086023478789,8.055146778573834
2775,41.904906728015504,12.51508745294719,7.425979517040009
2776,41.90490674741197,12.51508887180531,6.774280978386486
2777,41.90490675879786,12.515090291902744,6.090758212785026
2778,41.90490673889067,12.515091706508658,5.363811133455957
2779,41.90490669864649,12.515093132460324,4.5886621983025515
2780,41.90490660333795,12.515094511867304,3.7600544546692016
2781,41.90490651491068,12.515095919917002,2.900448669394523
2782,41.904906395832384,12.515097301112569,2.0096259602760442
2783,41.90490626034241,12.515098661228766,1.0888747686523725
2784,41.90490611000937,12.51510002527907,0.14309512215219966
2785,41.904905922338436,12.515101393773504,-0.8456058783963968
2786,41.90490570075361,12.515102749680558,-1.850638114692807
2787,41.9049054405952,12.51510411830413,-2.872284685778524
2788,41.90490516426879,12.515105431639885,-3.9212872869045694
2789,41.9049048806072,12.515106727798042,-4.997644936075173
2790,41.90490457850222,12.515108005531534,-6.110190496074164
2791,41.90490422752688,12.51510925603286,-7.238126909711312
2792,41.904903836103074,12.515110484573725,-8.380548032503269
2793,41.904903408895485,12.515111714123204,-9.549457185531923
2794,41.90490295191491,12.515112936797927,-10.755601814814112
2795,41.90490245684002,12.515114155644591,-11.998129800660978
2796,41.90490195994545,12.515115341288709,-13.23226939947306
2797,41.90490142977629,12.515116549173825,-14.482665224240051
2798,41.90490090921186,12.51511772883126,-15.730639152416508
2799,41.90490036492922,12.515118895521057,-16.984735203835506
2800,41.90489979984746,12.5151200470059,-18.268915214373507
2801,41.90489922786909,12.51512118969724,-19.574655148748626
2802,41.904898643288085,12.51512232513281,-20.904217296773105
2803,41.9048980383552,12.515123436911457,-22.273707029031065
2804,41.904897398401,12.515124536234909,-23.64329045101595
2805,41.90489673885475,12.515125664259694,-25.01035025271335
2806,41.90489604638133,12.515126786674582,-26.365985279572048
2807,41.90489532850494,12.515127900025531,-27.725850963872293
2808,41.904894602151636,12.515129003712289,-29.07970854770483
2809,41.90489385516717,12.515130044038512,-30.40446179083161
2810,41.90489307020299,12.51513108278983,-31.737047909193127
2811,41.90489227497255,12.515132076075924,-33.05990356918282
2812,41.90489148082509,12.515133054905512,-34.38584685327194
2813,41.90489068230306,12.51513399210605,-35.7091700429183
2814,41.90488985675863,12.515134894123914,-37.02509880718175
2815,41.904889016962336,12.51513575420101,-38.344279299527976
2816,41.904888146271595,12.515136595814822,-39.65421952266133
2817,41.90488727713438,12.5151374253535,-40.94689551917033
2818,41.90488638063813,12.51513823865074,-42.22482840748553
2819,41.904885474906315,12.515139039528929,-43.47558319822767
2820,41.904884551997434,12.515139842497538,-44.71450839787605
2821,41.90488362595922,12.5151405962919,-45.94464412975611
2822,41.90488268181837,12.515141368949742,-47.158636780407875
2823,41.9048817207116,12.515142103197356,-48.3562873760279
2824,41.90488072573891,12.51514280823853,-49.519696294138555
2825,41.90487970462899,12.515143538530248,-50.66283320052416
2826,41.90487867124755,12.515144245865866,-51.76636854840787
2827,41.90487761510424,12.515144946297214,-52.82403892280368
2828,41.90487654733532,12.515145657675772,-53.85661873629564
2829,41.904875450487744,12.515146353424633,-54.84290277070533
2830,41.904874328057666,12.515147059089761,-55.78763542036922
2831,41.90487318400879,12.515147760920069,-56.69883573828022
2832,41.90487204730212,12.515148464261502,-57.55974933454446
2833,41.90487086377049,12.51514919676719,-58.41045023442971
2834,41.90486969422392,12.515149857008737,-59.235017290158794
2835,41.9048684864712,12.51515055377283,-60.03495568251457
2836,41.90486725392554,12.515151227258327,-60.81369310415653
2837,41.90486601706311,12.515151893253583,-61.55584284839786
2838,41.904864723102904,12.515152593898227,-62.27444591146742
2839,41.90486344623137,12.515153248386637,-62.92850425899668
2840,41.90486213354675,12.515153928941862,-63.57226244648015
2841,41.90486080337023,12.515154610744887,-64.18815869994035
2842,41.904859441813954,12.515155292936,-64.75498331200805
2843,41.90485805502283,12.515155979649695,-65.29716447982938
2844,41.904856692434926,12.51515666184325,-65.7947865883376
2845,41.90485527121859,12.515157365593744,-66.26239266010846
2846,41.904853839615036,12.515158052540919,-66.6915129801569
2847,41.9048523767712,12.515158737019199,-67.09935835855674
2848,41.9048508687217,12.515159410633268,-67.48206538952232
2849,41.90484936593054,12.51516009120889,-67.82339632888922
2850,41.90484784981852,12.515160752040211,-68.14822528013886
2851,41.904846318912284,12.515161431379576,-68.43480228308134
2852,41.90484478304522,12.515162109687012,-68.69148028939217
2853,41.904843228384195,12.5151628182971,-68.93669939171853
2854,41.904841666104886,12.51516350360733,-69.1213396298984
2855,41.90484007018624,12.51516426296321,-69.29612568016478
2856,41.90483846610325,12.515165026261494,-69.42277169778303
2857,41.90483686800484,12.515165806020518,-69.50979611465021
2858,41.90483522749907,12.515166602078622,-69.57360028296353
2859,41.90483358578561,12.515167402516918,-69.62619932501944
2860,41.90483193735736,12.515168210287921,-69.63243426839854
2861,41.90483027971086,12.515169012786837,-69.63015954088056
2862,41.90482865424718,12.515169778815581,-69.62987948205163
2863,41.90482701265024,12.51517060270757,-69.63328006135148
2864,41.90482540493885,12.515171431779754,-69.64111639556847
2865,41.904823785305936,12.515172278129814,-69.64438487930659
2866,41.90482224576166,12.515173054972944,-69.66974424172369
2867,41.90482069155375,12.51517383462239,-69.71370692607024
2868,41.904819274791826,12.515174556341295,-69.73395516364855
2869,41.904817793287556,12.515175325940533,-69.77251783807526
2870,41.904816253156426,12.515176080086661,-69.78252876468854
2871,41.9048146637598,12.515176844001495,-69.77353023529619
2872,41.90481305823851,12.51517763088228,-69.7840137035586
2873,41.904811531894545,12.515178368635974,-69.7849574204431
2874,41.90480989841173,12.515179204557533,-69.80199891443087
2875,41.90480832924259,12.515179972774423,-69.8081211597279
2876,41.90480665197004,12.515180813706275,-69.84416334510358
2877,41.904805040946265,12.515181642164057,-69.85866313516048
2878,41.90480339903675,12.515182472490869,-69.83464163706492
2879,41.904801672773424,12.51518329616346,-69.78424853164003
2880,41.90479988734897,12.515184240351006,-69.7101674361353
2881,41.904798080142605,12.51518516495179,-69.66272037377621
2882,41.904796289549644,12.515186037425327,-69.64576954565597
2883,41.90479468566097,12.51518683112098,-69.60679782862084
2884,41.90479316394641,12.515187566138408,-69.56373715000359
2885,41.90479175703867,12.515188308955185,-69.5239481115469
2886,41.90479033126189,12.515189079105744,-69.49015408068483
2887,41.90478889112671,12.515189827640361,-69.45757526961745
2888,41.90478743633718,12.515190623061372,-69.40973466151878
2889,41.90478593605628,12.515191424365883,-69.34303466337636
2890,41.90478443711487,12.51519222798971,-69.30669452127893
2891,41.90478288519584,12.515193040422195,-69.27233008042633
2892,41.904781395476675,12.515193831688148,-69.25097955451108
2893,41.904779939348565,12.515194598537867,-69.24417343465026
2894,41.90477851893826,12.515195315584327,-69.21144723977461
2895,41.90477711986609,12.515196047265592,-69.18123356099647
2896,41.90477561116532,12.515196792842396,-69.15511772209928
2897,41.90477409951396,12.515197539278766,-69.1448847744965
2898,41.904772489084536,12.515198359074688,-69.14361683336949
2899,41.904770886830875,12.51519919425341,-69.12601529574509
2900,41.904769331174855,12.5152000142753,-69.11118835201421
2901,41.90476776319367,12.51520084809768,-69.10337501323956
2902,41.90476625153644,12.515201644364046,-69.10220746496697
2903,41.904764725856545,12.5152024462896,-69.118474198925
2904,41.90476321784842,12.51520322503465,-69.15473877962226
2905,41.904761728463,12.515203981289954,-69.18587168537645
2906,41.904760203855396,12.51520473525782,-69.20416643179365
2907,41.90475872854367,12.515205483539697,-69.21407340507889
2908,41.90475719505177,12.515206230239901,-69.23201984124668
2909,41.9047556385056,12.515206958666909,-69.24217705490047
2910,41.90475407245105,12.51520772004655,-69.2536125204718
2911,41.90475247702912,12.515208505264944,-69.26045443747773
2912,41.90475093052593,12.51520926497481,-69.25609129333446
2913,41.90474933302854,12.515210055271496,-69.24576407306738
2914,41.90474778587309,12.515210825794416,-69.2327178548585
2915,41.90474622368443,12.515211615196113,-69.22804669740755
2916,41.9047446321983,12.515212430294614,-69.23538651782317
2917,41.90474306217616,12.51521322964488,-69.24099100227367
2918,41.90474142123511,12.515214032241806,-69.25383128473841
2919,41.90473980351805,12.515214800125486,-69.25601651730733
2920,41.90473814273327,12.515215585232278,-69.2646293359973
2921,41.9047364372785,12.515216342621189,-69.26616429682993
2922,41.90473474998156,12.515217153832673,-69.25318507415955
2923,41.904733045125006,12.515217957219386,-69.24398776081179
2924,41.90473139192052,12.515218775820705,-69.24018638852758
2925,41.904729716293865,12.515219662097218,-69.24175423283894
2926,41.9047280466865,12.515220578674448,-69.22496601548708
2927,41.90472637739563,12.515221519708385,-69.22492139871106
2928,41.90472466090272,12.515222474732877,-69.22073698096801
2929,41.904722963381516,12.515223433668659,-69.20519862613146
2930,41.90472122177328,12.51522433081257,-69.21647967209219
2931,41.90471945847637,12.515225202334747,-69.22759344943104
2932,41.904717704165435,12.515226009641038,-69.2495700703523
2933,41.90471590775912,12.515226852462293,-69.27543005445116
2934,41.904714100537774,12.515227693811537,-69.29865435040428
2935,41.9047122744622,12.51522855239241,-69.32051273282974
2936,41.90471041265739,12.51522947674951,-69.32805979000518
2937,41.90470854130258,12.515230464142602,-69.31196777352594
2938,41.90470663134712,12.51523149691129,-69.30298935753677
2939,41.90470474101895,12.515232495130592,-69.28426351225805
2940,41.90470283647146,12.51523349465017,-69.28018067187689
2941,41.90470093758766,12.515234461755961,-69.2786383468861
2942,41.90469899923039,12.515235422979236,-69.28199168884598
2943,41.904697055919605,12.515236353077679,-69.28699580788452
2944,41.904695090738265,12.515237280497622,-69.28680252986457
2945,41.904693147815216,12.515238197592202,-69.2587422037263
2946,41.90469121464415,12.515239103317247,-69.2388206309235
2947,41.90468925952226,12.515240039012685,-69.21765653201996
2948,41.90468733573491,12.51524098896311,-69.19286081595422
2949,41.904685329111146,12.515241928737867,-69.16876547856462
2950,41.90468336186336,12.51524292088529,-69.11714746532478
2951,41.90468136138589,12.515243898167167,-69.06936546071417
2952,41.90467931646435,12.51524490536332,-69.01596359671034
2953,41.904677293593465,12.515245973707671,-68.95864168038905
2954,41.90467524675574,12.515247079455868,-68.89637635434764
2955,41.90467318901099,12.51524821377009,-68.83915004083214
2956,41.90467109175663,12.515249361376359,-68.78119539705605
2957,41.90466897437576,12.515250521238947,-68.71143489213298
2958,41.904666838111005,12.51525168083274,-68.62820228679533
2959,41.904664690220336,12.515252830781835,-68.55484294223182
2960,41.90466254407276,12.515253946905274,-68.48355302711676
2961,41.90466040379405,12.515255045170173,-68.43654940339101
2962,41.904658260126986,12.515256195313968,-68.39643954602616
2963,41.904656190559436,12.515257354197711,-68.35785051283393
2964,41.90465415313692,12.515258480420448,-68.33938562028808
2965,41.90465211544824,12.515259615997893,-68.30770030500236
2966,41.90465008852808,12.51526077255965,-68.2614080821628
2967,41.90464804901438,12.515261941892643,-68.22983478078797
2968,41.90464604015496,12.51526311798476,-68.20269177346779
2969,41.90464399389635,12.515264299332488,-68.17140629510995
2970,41.90464195799394,12.515265463908774,-68.12594588192131
2971,41.904639899972096,12.515266589562167,-68.07276891934893
2972,41.904637804553865,12.515267753685388,-68.02328517758235
2973,41.9046357247648,12.515268865016855,-67.96799076768067
2974,41.90463363776467,12.515269995025307,-67.9145757046773
2975,41.90463153325259,12.515271143767269,-67.85036028774273
2976,41.90462946571366,12.51527229799253,-67.7837003586043
2977,41.904627392488095,12.515273436986988,-67.73547337633701
2978,41.904625344093766,12.515274593526673,-67.68549254542633
2979,41.90462328493843,12.515275780325831,-67.62837546650762
2980,41.904621238643045,12.515276960117932,-67.56205802891905
2981,41.90461918634829,12.515278127508424,-67.49428526757619
2982,41.9046171563008,12.515279269353144,-67.42836787122543
2983,41.90461512458222,12.5152804022585,-67.36539695923824
2984,41.90461309908093,12.515281542948099,-67.31207874764875
2985,41.90461106935935,12.515282665375427,-67.25539814290866
2986,41.904609044620244,12.515283811574017,-67.19920772195934
2987,41.90460703997269,12.515284950322803,-67.13078991618318
2988,41.90460502319599,12.515286076279395,-67.07438095504122
2989,41.904603010222296,12.515287208583775,-67.01830634181809
2990,41.90460098948015,12.515288342096795,-66.95471497671015
2991,41.904598933711405,12.515289512185136,-66.9010228286543
2992,41.904596909573065,12.515290675739745,-66.83508374542237
2993,41.904594873960185,12.515291854222408,-66.76816513040934
2994,41.90459283374605,12.515293011724262,-66.70293138469056
2995,41.90459084250492,12.515294178116529,-66.64030637872717
2996,41.90458883010404,12.515295355239505,-66.58256352167955
2997,41.904586865385454,12.515296523995376,-66.52465579777909
2998,41.90458488127148,12.515297706134614,-66.47591642172839
2999,41.904582911502715,12.515298839281128,-66.4238476876473
3000,41.90458095894065,12.51530001785897,-66.37667602222693
3001,41.904578997564556,12.515301205638313,-66.3233132956696
3002,41.90457707244754,12.51530237318857,-66.28022521834376
3003,41.90457512102189,12.515303518797895,-66.21992503117609
3004,41.90457320481751,12.515304632699774,-66.1668909598128
3005,41.90457124343841,12.515305772507398,-66.10837321021238
3006,41.90456929817266,12.51530689007738,-66.05682826920045
3007,41.90456737577729,12.515308007489862,-66.00478925056574
3008,41.904565455452335,12.51530913345585,-65.93339314214201
3009,41.90456356417229,12.515310267833287,-65.84451045476808
3010,41.90456170003455,12.515311426601993,-65.75415546241298
3011,41.90455985668969,12.51531259895585,-65.65997113111476
3012,41.90455802165332,12.515313791326324,-65.57022315795639
3013,41.90455621565692,12.51531498127205,-65.47834800984087
3014,41.90455441498563,12.515316155441424,-65.39494579684671
3015,41.90455262849134,12.515317312585074,-65.30606984525414
3016,41.90455085661119,12.51531847157876,-65.23079386275671
3017,41.90454909149418,12.515319597530336,-65.1504436545367
3018,41.90454732049407,12.51532067111667,-65.07198780544499
3019,41.9045455478881,12.515321767153685,-64.99542360332006
3020,41.90454377160335,12.515322855082182,-64.91624819387647
3021,41.90454199401776,12.51532391377013,-64.83909217371664
3022,41.90454019945809,12.515324964181637,-64.7666497720807
3023,41.90453842170407,12.515326028915757,-64.68373800172749
3024,41.904536656447284,12.5153271281004,-64.59804661421765
3025,41.904534945425624,12.515328221846373,-64.50551988660955
3026,41.90453330204319,12.51532929317315,-64.40820955435605
3027,41.90453174704268,12.515330382303313,-64.30332934857002
3028,41.90453016640502,12.515331437415606,-64.19932154011367
3029,41.904528607722824,12.515332526590878,-64.07687967300883
3030,41.904526987247806,12.515333633291196,-63.98358382614101
3031,41.904525419699176,12.515334647892821,-63.86937602057056
3032,41.90452380941956,12.515335724419435,-63.75281017775626
3033,41.90452213054661,12.515336826172039,-63.59854743773929
3034,41.90452046830006,12.515337918743509,-63.43611962592919
3035,41.90451881381788,12.515338972202835,-63.28543677027555
3036,41.904517192906816,12.515340098469828,-63.093474924638784
3037,41.9045155109728,12.51534126600753,-62.86212247741971
3038,41.90451380521006,12.515342455750998,-62.625736950356576
3039,41.90451211234007,12.515343680343694,-62.38765185647468
3040,41.904510498189865,12.515344905954455,-62.14828270919082
3041,41.90450893274618,12.515346074721672,-61.95980880580348
3042,41.904507437210405,12.515347253174076,-61.73719340494032
3043,41.90450589827613,12.5153484414332,-61.500061105297114
3044,41.90450441288393,12.515349544263149,-61.276418933516055
3045,41.90450298856145,12.515350711164746,-61.07633696920336
3046,41.9045015250968,12.51535183411458,-60.92119510338511
3047,41.904500067333935,12.515352973736503,-60.775446269479865
3048,41.90449862940928,12.51535414098772,-60.62937020155217
3049,41.9044972241922,12.515355278128236,-60.48982444702351
3050,41.904495802587704,12.51535638162507,-60.36210680812225
3051,41.90449436949089,12.515357536418428,-60.24668970386122
3052,41.904492911347226,12.515358725262445,-60.11820762240102
3053,41.90449138819846,12.515359955860786,-60.00623890830524
3054,41.904489856365956,12.515361193821187,-59.89156703927526
3055,41.90448836849568,12.515362413804151,-59.778947795216254
3056,41.904486883421505,12.515363608955271,-59.67661896081112
3057,41.90448543927756,12.515364840360034,-59.58380691528316
3058,41.90448400890061,12.515366016659861,-59.49933184022581
3059,41.90448257840819,12.515367189799852,-59.43164584486126
3060,41.90448115830597,12.515368408184651,-59.3861856146932
3061,41.904479722641675,12.515369592588536,-59.33142331799172
3062,41.90447831483787,12.515370788803128,-59.29229854014452
3063,41.90447689258198,12.515371955162356,-59.252201082655816
3064,41.90447546179261,12.515373121152212,-59.21715500490553
3065,41.90447403339108,12.515374309708092,-59.1895685039397
3066,41.904472586317134,12.515375460592486,-59.19585751358335
3067,41.90447116960338,12.515376610312847,-59.218290635803285
3068,41.904469726226665,12.515377773647442,-59.273289030831705
3069,41.904468292806634,12.51537895408374,-59.30477372874167
3070,41.90446683502642,12.515380112690305,-59.35184647536026
3071,41.90446539289446,12.515381216396506,-59.406031510717476
3072,41.90446395067793,12.515382370186076,-59.451392506639856
3073,41.90446250682663,12.515383488481056,-59.50357618819502
3074,41.90446109330499,12.515384613378748,-59.56609864418321
3075,41.904459641580864,12.515385744375692,-59.61159683853915
3076,41.90445824390133,12.51538682223045,-59.65012281481349
3077,41.904456726372935,12.515387898383338,-59.70194079624727
3078,41.90445524940697,12.515388977032455,-59.757658706514306
3079,41.90445374026146,12.51539009448183,-59.817476926308935
3080,41.9044522250394,12.515391199255749,-59.88359682266721
3081,41.90445067978438,12.51539234184541,-59.95616625635285
3082,41.904449190341275,12.515393506474835,-60.006661296841024
3083,41.90444768869854,12.515394679327498,-60.06061217755062
3084,41.9044461958843,12.515395862391257,-60.1201240637386
3085,41.90444464618397,12.515397079995017,-60.20366894994774
3086,41.90444308583052,12.515398247882,-60.30782454713058
3087,41.90444150654301,12.515399431145525,-60.43336945432558
3088,41.90443992271178,12.515400603771493,-60.559868008139965
3089,41.904438316649966,12.515401733379315,-60.65734622901207
3090,41.90443669703108,12.515402857666269,-60.757528058856984
3091,41.904435063794764,12.515403931042167,-60.85324888885925
3092,41.90443343948263,12.515405021968295,-60.969419172192296
3093,41.904431784395705,12.515406124874083,-61.104190179836074
3094,41.90443009581779,12.515407259467416,-61.23911632718652
3095,41.904428407097434,12.515408455323893,-61.37093487278819
3096,41.904426726026145,12.515409674045298,-61.50481442296078
3097,41.90442502785308,12.515410874388955,-61.626044852672386
3098,41.9044233270962,12.515412106889622,-61.765804122322976
3099,41.90442161583791,12.515413323292037,-61.9099820147378
3100,41.90441990008361,12.515414574296432,-62.08349082309748
3101,41.90441815998087,12.515415737388725,-62.27664509819409
3102,41.90441639646466,12.515416925768188,-62.467681664196746
3103,41.90441459800994,12.515418072981408,-62.647925146746466
3104,41.90441278832085,12.51541922584249,-62.82925132702736
3105,41.90441098404363,12.515420377492863,-63.01942239020459
3106,41.904409161232046,12.515421563436618,-63.21832093133004
3107,41.90440732950127,12.515422734721271,-63.41166317790886
3108,41.904405455110826,12.515423969390426,-63.604323198831736
3109,41.90440357369118,12.515425178641864,-63.79105813308749
3110,41.90440167993252,12.5154263742484,-63.98331184758813
3111,41.904399766349215,12.515427603691743,-64.19285813542288
3112,41.90439787036055,12.515428801639255,-64.39844507157638
3113,41.904395948096735,12.515430001331367,-64.59686259152674
3114,41.90439401107104,12.515431207276665,-64.80891933459873
3115,41.904392063752354,12.515432397977253,-65.00774042254737
3116,41.90439010248868,12.515433609635881,-65.19865962680272
3117,41.9043881010063,12.515434813319319,-65.41085911329084
3118,41.90438608677198,12.515435992949614,-65.61104357527421
3119,41.904384064173655,12.515437184981556,-65.82698534824874
3120,41.90438200847894,12.515438369548919,-66.04132692915164
3121,41.90437993939936,12.51543957478333,-66.24292900871744
3122,41.90437783798366,12.51544077157443,-66.43986858482985
3123,41.90437577923055,12.515441941167351,-66.63941080380019
3124,41.9043736517937,12.515443145679278,-66.83886383937713
3125,41.90437152706569,12.515444318915092,-67.05334174677995
3126,41.904369396578836,12.515445490176937,-67.25941005312164
3127,41.90436723881925,12.515446673543313,-67.45225736306374
3128,41.904365080817854,12.51544786515207,-67.63575941832339
3129,41.904362926436505,12.515449020286674,-67.80248805424205
3130,41.90436072978071,12.51545019189234,-67.9569718760819
3131,41.90435854351408,12.515451387336162,-68.11453268519142
3132,41.904356342368615,12.515452560930228,-68.27434645387277
3133,41.904354149736285,12.515453728939564,-68.41847398133352
3134,41.904351901307436,12.515454896164199,-68.55090612621832
3135,41.90434964919652,12.515456070284651,-68.67530966078209
3136,41.90434735015805,12.515457219944373,-68.80142962719034
3137,41.90434506556383,12.515458375793006,-68.93890479259831
3138,41.90434277346016,12.515459533125608,-69.0691857781662
3139,41.90434044985581,12.515460704631897,-69.18972689853695
3140,41.90433816654021,12.515461850554866,-69.28803176981144
3141,41.90433583230177,12.515463037255913,-69.37650756973295
3142,41.90433347741346,12.515464231109952,-69.46043011990321
3143,41.90433110176076,12.515465428916514,-69.54506399364804
3144,41.90432871657176,12.515466585182512,-69.6294151968638
3145,41.90432632585888,12.515467741151586,-69.69846244575328
3146,41.904323912416885,12.515468906648643,-69.77218061732619
3147,41.90432149986416,12.515470060371959,-69.82337223770547
3148,41.90431905600157,12.51547122873269,-69.85828944653471
3149,41.90431661244254,12.515472426311904,-69.88099460227701
3150,41.90431417980236,12.51547361058921,-69.89815916141904
3151,41.904311708715966,12.515474807362663,-69.92904907792601
3152,41.90430923922235,12.515476000913294,-69.96217501338118
3153,41.90430680447715,12.51547718048942,-69.99568927420883
3154,41.90430431470882,12.515478389048834,-70.01522644667322
3155,41.90430183748167,12.515479598659011,-70.04138208093033
3156,41.90429937299445,12.515480784917084,-70.06929420307459
3157,41.904296904887204,12.515481966069764,-70.09641094188864
3158,41.90429439960443,12.515483159941358,-70.12014128081879
3159,41.90429188348949,12.515484341889552,-70.14647296579403
3160,41.90428936329778,12.515485553601344,-70.16291953761326
3161,41.90428680448686,12.515486761791145,-70.17633970838226
3162,41.904284265859474,12.515487975759063,-70.19385186712539
3163,41.904281708242394,12.515489183992381,-70.20542301925875
3164,41.90427915446852,12.51549040520435,-70.2191632219323
3165,41.904276581442154,12.515491650971097,-70.222202476616
3166,41.90427401585573,12.515492901963228,-70.21905779613726
3167,41.9042714681073,12.515494139494404,-70.22177678131096
3168,41.90426890343986,12.515495397367214,-70.21937997183245
3169,41.904266347299256,12.515496673373244,-70.21712993695793
3170,41.904263775697814,12.515497895004703,-70.21087004322162
3171,41.90426120527779,12.515499173044569,-70.19672374094453
3172,41.90425863398,12.51550042811474,-70.17427540212832
3173,41.90425606276249,12.5155017084988,-70.14631239063684
3174,41.90425346858403,12.515502968542554,-70.11113725994538
3175,41.90425089135984,12.515504258868404,-70.06587448208879
3176,41.904248282740454,12.51550552230038,-70.01377419696195
3177,41.90424566471607,12.515506779095304,-69.94976935613096
3178,41.904243054791415,12.515508072932631,-69.87503858744458
3179,41.90424045214047,12.515509373765209,-69.77991349016672
3180,41.90423785776585,12.51551071429125,-69.69221279910934
3181,41.90423529138554,12.515512046609976,-69.5962294078558
3182,41.904232703559416,12.515513386320123,-69.49789306927333
3183,41.90423014302652,12.515514739658446,-69.40725559077688
3184,41.9042275817254,12.515516083506377,-69.3041878116001
3185,41.90422498355867,12.515517412303089,-69.20999238610483
3186,41.90422237967943,12.515518739852107,-69.1220102285187
3187,41.90421981643754,12.515520079472639,-69.0387285258704
3188,41.90421720605261,12.51552141055247,-68.9649523602783
3189,41.904214612942674,12.515522741638577,-68.87686931004559
3190,41.90421200432252,12.51552410316956,-68.7833462886522
3191,41.9042093684791,12.515525514484944,-68.68535959409036
3192,41.904206777171375,12.51552691809702,-68.60839365436465
3193,41.904204116752055,12.515528388310882,-68.52248818563778
3194,41.904201531704274,12.515529845617571,-68.44251218920888
3195,41.90419894226875,12.515531312870237,-68.36393586986838
3196,41.904196404012275,12.515532756280345,-68.29271532374135
3197,41.904193849320095,12.515534153555787,-68.25354544762615
3198,41.90419128559886,12.51553553333924,-68.20952513835984
3199,41.90418874044757,12.515536952245036,-68.1640205822976
3200,41.90418620573576,12.515538366098722,-68.12679212041526
3201,41.90418360535496,12.515539796890579,-68.0932925247652
3202,41.90418102753264,12.515541217831315,-68.05637653704375
3203,41.904178400060545,12.515542686594275,-68.01312138042601
3204,41.904175809471276,12.515544135346707,-67.95823663529666
3205,41.90417318434495,12.515545585444306,-67.90294227939567
3206,41.90417054638236,12.51554711503227,-67.84274433678324
3207,41.904167918423916,12.515548626852597,-67.78875026471593
3208,41.90416531881701,12.515550131468682,-67.74377553481901
3209,41.904162716492905,12.515551640828626,-67.68153098423538
3210,41.90416013445402,12.515553109091064,-67.6457894475715
3211,41.904157594067385,12.515554577081804,-67.59448278597326
3212,41.90415503189995,12.515556051811794,-67.5543806996661
3213,41.90415248292491,12.51555752573404,-67.53443328872847
3214,41.904149864820894,12.515559003251516,-67.49693893057302
3215,41.90414729029766,12.515560479068423,-67.47601247151854
3216,41.90414468778577,12.51556191438865,-67.44599728328829
3217,41.90414211275661,12.51556332815649,-67.41540199862352
3218,41.90413954758975,12.515564745663069,-67.37966302352223
3219,41.9041369400714,12.515566186874095,-67.3450705211762
3220,41.90413437991526,12.515567627790197,-67.31779304926165
3221,41.90413182227873,12.515569065730139,-67.28661156820354
3222,41.904129287909456,12.51557049725296,-67.26509109215522
3223,41.904126728890816,12.51557192675744,-67.23803447291016
3224,41.904124200779876,12.515573326301064,-67.22646456797015
3225,41.90412165032029,12.515574736119175,-67.22879725176993
3226,41.90411911180149,12.515576184057066,-67.23728523431323
3227,41.904116621271676,12.51557760139577,-67.2488719534631
3228,41.9041140962459,12.515579009724215,-67.24189470680003
3229,41.904111598558465,12.515580450028962,-67.22248535154715
3230,41.904109137247175,12.51558184593596,-67.21002790901294
3231,41.90410665355733,12.515583260354763,-67.21425584843661
3232,41.904104189313834,12.515584653140374,-67.21200757287995
3233,41.90410174855582,12.515586047037187,-67.21842493986914
3234,41.90409929943945,12.515587448326148,-67.21698844996281
3235,41.90409690648026,12.515588833844545,-67.2025929308653
3236,41.90409448535059,12.515590217646931,-67.19371813033865
3237,41.90409201181486,12.515591627048721,-67.18041958740811
3238,41.90408965098968,12.515592980464822,-67.17630440337402
3239,41.90408724823186,12.515594348352678,-67.16956292497707
3240,41.90408496533384,12.51559569499867,-67.15986848636341
3241,41.904082667891956,12.51559696575878,-67.14209701608308
3242,41.90408039198471,12.515598272761668,-67.12725619309988
3243,41.90407813053417,12.515599578990969,-67.11881291181348
3244,41.90407588166888,12.515600855862717,-67.12374228356208
3245,41.90407369570963,12.515602138208228,-67.12515382775892
3246,41.904071474990296,12.515603346670654,-67.12837432710687
3247,41.90406929406916,12.51560458795736,-67.12362202923634
3248,41.904067172904725,12.515605774083712,-67.11932581402644
3249,41.90406495661439,12.515606947142649,-67.12130264123901
3250,41.90406279864592,12.515608193057457,-67.11352671847041
3251,41.90406065588486,12.515609400462948,-67.11338151078418
3252,41.90405851684948,12.515610612457884,-67.12571992979697
3253,41.90405643115111,12.515611798047617,-67.13500555159041
3254,41.90405432804916,12.515612981584683,-67.14930323720289
3255,41.904052296898385,12.515614186592634,-67.18399006159504
3256,41.90405023362114,12.515615344811422,-67.22705362546296
3257,41.90404822733244,12.515616505341631,-67.29901074233389
3258,41.90404629735575,12.515617617099961,-67.3754455860808
3259,41.904044321175085,12.515618705774067,-67.47941194167971
3260,41.90404240739278,12.515619787502022,-67.59144880950402
3261,41.904040453602555,12.515620858841302,-67.70702589708642
3262,41.90403854391868,12.515621921291338,-67.82992997379317
3263,41.90403665175657,12.515622949751206,-67.95659521469247
3264,41.90403476112421,12.515623975756087,-68.09370229585001
3265,41.904032957677,12.515624973781158,-68.24139827673864
3266,41.90403109509705,12.515625899085586,-68.39909576935443
3267,41.90402927906123,12.515626856689849,-68.56371481985184
3268,41.90402745875873,12.515627785270185,-68.7246518125594
3269,41.904025688029336,12.515628660924474,-68.89142245641088
3270,41.90402392641091,12.51562951786925,-69.07285650649666
3271,41.90402214228957,12.515630342604465,-69.28036055748998
3272,41.90402043056674,12.51563117332768,-69.51206169727544
3273,41.90401874657712,12.515631971385337,-69.75409730625609
3274,41.90401706848236,12.515632714507973,-70.01880384114206
3275,41.90401543496232,12.515633460405812,-70.29533888157485
3276,41.90401384047971,12.515634163493614,-70.59342027516803
3277,41.90401227851166,12.515634849873951,-70.90496335874506
3278,41.90401073798251,12.515635499826345,-71.23211334224749
3279,41.90400920024511,12.51563614729377,-71.57793741313947
3280,41.90400768751418,12.515636753025964,-71.95122313480273
3281,41.90400618570815,12.51563731226704,-72.34752965570394
3282,41.90400469842725,12.515637874358895,-72.76248659235571
3283,41.90400324328816,12.51563835146204,-73.18947952164754
3284,41.904001790496054,12.515638786736151,-73.64091049205426
3285,41.90400038087908,12.51563919746396,-74.11007853497186
3286,41.90399894448737,12.515639594441998,-74.60829911588351
3287,41.903997562989076,12.515639966307303,-75.14005368125359
3288,41.903996200664665,12.515640280663222,-75.67710563280231
3289,41.9039948532948,12.515640610219956,-76.22956605629977
3290,41.903993538490354,12.515640883857793,-76.79280348097788
3291,41.90399223184695,12.51564111718528,-77.38443343508031
3292,41.903990985521105,12.515641307901964,-77.9959021980472
3293,41.90398970852729,12.515641471729342,-78.6275953497087
3294,41.90398846246622,12.51564160828952,-79.28178829567193
3295,41.903987229290685,12.515641693192762,-79.96322956036302
3296,41.90398602501161,12.515641718550002,-80.68644463976887
3297,41.903984827740295,12.515641735279589,-81.44271519096765
3298,41.90398365361941,12.51564169883376,-82.20691632390945
3299,41.90398250605418,12.515641662063024,-82.97328516822571
3300,41.90398136168457,12.515641624365909,-83.74526818058034
3301,41.9039802063341,12.515641540368222,-84.53321913643585
3302,41.9039791066902,12.515641395394274,-85.32818674502442
3303,41.903977998808806,12.51564125411353,-86.14036263164246
3304,41.903976902430024,12.515641068121589,-86.96028099724757
3305,41.90397581649834,12.51564085553283,-87.78972695164713
3306,41.90397474495928,12.515640603952479,-88.63763761111073
3307,41.90397371943117,12.515640353843626,-89.4858304958571
3308,41.90397266817548,12.51564011050835,-90.34352457458911
3309,41.90397164948938,12.515639822222717,-91.21505349582985
3310,41.903970628209365,12.515639507088705,-92.0905909487324
3311,41.90396961970841,12.515639211035946,-92.97791663991876
3312,41.903968672720396,12.515638829964523,-93.8602089612701
3313,41.90396774082811,12.515638442560018,-94.74882581540858
3314,41.90396680728013,12.51563806790893,-95.65220860226013
3315,41.90396591926929,12.515637637542651,-96.55777619495068
3316,41.903964996321456,12.51563720036521,-97.48345754796793
3317,41.9039641336249,12.515636759888295,-98.4154626042052
3318,41.90396327802222,12.51563631336565,-99.34549023486744
3319,41.90396242593005,12.515635867670257,-100.27743044813995
3320,41.90396161047607,12.515635358921323,-101.20726488391887
3321,41.90396082856125,12.515634850265407,-102.15330073332893
3322,41.90396003482725,12.515634305548943,-103.12462600115575
3323,41.90395927699506,12.51563376983319,-104.10879463014268
3324,41.90395853698329,12.51563320304546,-105.10330051682074
3325,41.90395777856972,12.515632633547375,-106.09303690386574
3326,41.903957016368814,12.51563205443783,-107.0716769534202
3327,41.90395627585466,12.515631476616699,-108.03732868326335
3328,41.90395552837356,12.515630868699503,-108.9990768253301
3329,41.90395482716901,12.515630230650036,-109.96229019769186
3330,41.903954136794134,12.515629565147181,-110.93074659006163
3331,41.90395345201277,12.515628887117503,-111.90989521817568
3332,41.90395274496307,12.51562816378981,-112.89454856139334
3333,41.90395207141735,12.5156274375923,-113.8684587662065
3334,41.90395143145392,12.515626667260202,-114.83524743816496
3335,41.90395078186865,12.51562589878512,-115.79457145738319
3336,41.903950104502535,12.515625094672478,-116.75916039544144
3337,41.90394949036712,12.515624301103056,-117.71978704589147
3338,41.90394888595296,12.51562349932095,-118.66808020220317
3339,41.90394827457943,12.515622734685449,-119.60145919168046
3340,41.90394773647113,12.515621961181008,-120.53134759978154
3341,41.90394715485508,12.515621169675494,-121.4764373710533
3342,41.90394662244553,12.515620353122484,-122.4020740335104
3343,41.903946073047386,12.515619535209629,-123.31797486511834
3344,41.90394553874237,12.515618728717259,-124.21904738723188
3345,41.90394504151474,12.515617920256044,-125.11649654907873
3346,41.903944552775,12.515617136875274,-126.02979798974216
3347,41.903944110263815,12.515616289299855,-126.9453246592183
3348,41.90394361752572,12.515615499304635,-127.86272336307171
3349,41.90394317422785,12.51561468394843,-128.78589552221646
3350,41.90394270244305,12.515613849844199,-129.72835023162426
3351,41.90394222180407,12.515613024504125,-130.68465812631817
3352,41.90394174043387,12.515612136068492,-131.61282645711964
3353,41.9039412253807,12.51561128089392,-132.5285641071084
3354,41.90394079793719,12.51561038737988,-133.41520530240666
3355,41.9039403313794,12.5156094602934,-134.31279199078202
3356,41.90393986802597,12.515608505894896,-135.2401817361318
3357,41.9039394484041,12.515607458409143,-136.14919405605272
3358,41.90393899601275,12.515606428194166,-137.06130898993092
3359,41.90393861909458,12.515605340676824,-137.9231907484955
3360,41.903938188054084,12.515604246610085,-138.7732632478673
3361,41.90393777200265,12.515603127146633,-139.61143996711894
3362,41.90393736413391,12.515601990479375,-140.43214789122763
3363,41.90393690944587,12.515600842765048,-141.25474385706056
3364,41.903936461701015,12.515599650285031,-142.0235025100535
3365,41.90393596967023,12.515598432033428,-142.76568037305015
3366,41.90393549648319,12.515597229526685,-143.48540883486731
3367,41.90393497139598,12.515596032265785,-144.20730551622518
3368,41.90393446062704,12.515594796157975,-144.9456325767776
3369,41.90393396711758,12.515593518808421,-145.6634687250029
3370,41.90393345258477,12.51559224438503,-146.3755059803474
3371,41.903932985557475,12.515590911524086,-147.04461220580308
3372,41.90393251358649,12.515589526509746,-147.70498371789117
3373,41.90393204786329,12.51558811052742,-148.34545942473576
3374,41.903931587435764,12.515586594862611,-148.95235719824905
3375,41.903931079554624,12.515585085393276,-149.5407005453574
3376,41.903930602882475,12.51558355030134,-150.07673140999097
3377,41.903930028890535,12.515582055020543,-150.60786451645956
3378,41.90392954552823,12.515580527711949,-151.09361991151732
3379,41.903929053750225,12.51557895645668,-151.55187219376714
3380,41.903928496336725,12.515577468446596,-152.0111757615573
3381,41.90392798413488,12.515575894089253,-152.418262599395
3382,41.903927437957904,12.515574280140466,-152.80398529458873
3383,41.90392690255876,12.515572648024374,-153.1366438071516
3384,41.90392635057233,12.51557097046987,-153.41869468290767
3385,41.90392576950774,12.515569348978097,-153.70937962181918
3386,41.90392521674609,12.515567641561965,-153.97151357291295
3387,41.903924617933576,12.515565961312856,-154.23093894710425
3388,41.903924057288144,12.515564263176849,-154.46070905724395
3389,41.90392346271056,12.515562531151845,-154.67659823875238
3390,41.903922905167434,12.515560837769174,-154.89790916867665
3391,41.90392237964777,12.515559035443658,-155.0757072456768
3392,41.903921789220995,12.515557261681868,-155.24351519942655
3393,41.90392124371497,12.515555406789941,-155.38876442988462
3394,41.90392063627561,12.515553559745651,-155.51605853645668
3395,41.90392003937543,12.515551714857786,-155.63718810520305
3396,41.90391943583865,12.515549813192266,-155.72899102973915
3397,41.90391879544123,12.515547955041166,-155.84153721784082
3398,41.903918198289865,12.51554602945846,-155.9251974349509
3399,41.90391755621465,12.515544131376808,-156.0164543870477
3400,41.90391686088458,12.515542227653315,-156.12078231682815
3401,41.903916246301435,12.515540232044636,-156.1946689333303
3402,41.90391556879975,12.515538250769954,-156.27258237012313
3403,41.9039148956195,12.515536201035957,-156.347122323489
3404,41.903914267679774,12.51553415226138,-156.41845844050565
3405,41.90391357262902,12.515532127825468,-156.51707596673347
3406,41.90391289977192,12.515530034068322,-156.6094699602627
3407,41.90391222813984,12.51552792996791,-156.70508909709685
3408,41.90391154391245,12.515525789657415,-156.77486877604068
3409,41.903910850200155,12.51552368089703,-156.84143442300783
3410,41.90391014926948,12.515521585554136,-156.9263403307573
3411,41.90390946308359,12.515519410425481,-156.9819827475981
3412,41.9039087085171,12.51551728643303,-157.0756121426055
3413,41.90390803463879,12.515515058527361,-157.13906118637772
3414,41.903907296604665,12.515512878354198,-157.23062937750143
3415,41.9039066050323,12.515510646713889,-157.3012865081556
3416,41.9039059456543,12.515508391277569,-157.375548220337
3417,41.903905244840864,12.51550619545679,-157.44445973642632
3418,41.903904583120514,12.515503980504286,-157.49534076067874
3419,41.90390389738433,12.515501678274216,-157.5544067923203
3420,41.90390321851474,12.51549940197817,-157.59158624603236
3421,41.903902512378515,12.515497082098634,-157.62874048308342
3422,41.9039017706692,12.51549478246513,-157.6787438477453
3423,41.90390105345957,12.515492441919095,-157.71995270331485
3424,41.90390030656827,12.515490098120747,-157.77036297180206
3425,41.90389956053043,12.515487690533918,-157.81260962612868
3426,41.903898803871314,12.515485294855504,-157.85661987842562
3427,41.90389808014904,12.515482837091833,-157.9043188468955
3428,41.90389737395967,12.51548032374874,-157.93207716576498
3429,41.903896607488115,12.515477892697408,-157.98727716224153
3430,41.903895868523,12.515475383262677,-158.0198804322693
3431,41.903895096297866,12.515472907223598,-158.05093347576894
3432,41.90389433847221,12.515470459678907,-158.09040048690156
3433,41.90389357329379,12.51546801601012,-158.12245790130643
3434,41.903892839215374,12.515465566167045,-158.15748117258696
3435,41.90389209443519,12.515463126083878,-158.21475940629503
3436,41.90389141135917,12.515460624220353,-158.24227755742285
3437,41.90389070204659,12.51545806925254,-158.28915974339276
3438,41.903889959966115,12.515455489148637,-158.31887196105282
3439,41.90388922364141,12.515452832976749,-158.33502779345122
3440,41.903888433002,12.515450248558324,-158.37794955370154
3441,41.9038876690767,12.515447637371562,-158.38666307493142
3442,41.90388686349415,12.515445087904036,-158.42454236327154
3443,41.90388606991055,12.515442414627572,-158.4460838461952
3444,41.903885241422365,12.515439764803014,-158.49204013762375
3445,41.90388442876003,12.515437056280486,-158.50784980869045
3446,41.90388363848104,12.515434356538831,-158.5197260326718
3447,41.90388282925227,12.515431706149247,-158.55333854863198
3448,41.903882049362544,12.515429006186109,-158.5543766080635
3449,41.903881266503696,12.515426328821247,-158.58348119118992
3450,41.903880483824466,12.515423654046765,-158.59937496519072
3451,41.90387972572938,12.5154209444599,-158.58948858754513
3452,41.90387889809587,12.51541829141125,-158.63776279811617
3453,41.90387813741355,12.515415608904394,-158.61809802165453
3454,41.9038773474991,12.515412971683244,-158.63447902006604
3455,41.903876582619695,12.515410255268943,-158.63777218924423
3456,41.903875815104605,12.515407497217996,-158.62747137908255
3457,41.9038749779486,12.51540479888621,-158.6626623725459
3458,41.90387419871158,12.515401995635171,-158.63767051297816
3459,41.903873354550285,12.515399223006325,-158.67734585366586
3460,41.903872571824074,12.51539645707553,-158.67626202976206
3461,41.90387176417918,12.515393666712017,-158.68622555523902
3462,41.90387096268135,12.515390918589569,-158.69549615555687
3463,41.903870156772925,12.515388136713268,-158.69429597577658
3464,41.90386933717058,12.515385364542665,-158.71017703346487
3465,41.90386854480502,12.515382596845898,-158.71088824754264
3466,41.90386771760862,12.515379808203614,-158.72044263178637
3467,41.90386690751752,12.515377016699048,-158.7281636541858
3468,41.903866125531586,12.515374164221404,-158.7310239885241
3469,41.90386529217851,12.515371292736077,-158.747646111535
3470,41.90386448772578,12.515368493483367,-158.75153693589633
3471,41.90386364178304,12.515365783662606,-158.80900910150518
3472,41.90386288564589,12.51536315030954,-158.83275343591262
3473,41.90386214777428,12.515360454133845,-158.82218042768267
3474,41.903861388278166,12.515357719703504,-158.82811453970916
3475,41.90386059049658,12.515355040105238,-158.87545961758087
3476,41.903859812787736,12.515352206128211,-158.85250302688817
3477,41.90385899277165,12.515349361135,-158.86412094221623
3478,41.90385816859722,12.515346450519626,-158.86642203001705
3479,41.90385730978607,12.515343493912871,-158.8772627585235
3480,41.90385647280644,12.515340602685635,-158.9002779230495
3481,41.90385564672643,12.515337446170674,-158.83745872245163
3482,41.90385471366458,12.51533435781663,-158.84110221542932
3483,41.903853820696916,12.515331218313912,-158.80434086606937
3484,41.90385298059639,12.515328332576237,-158.75983608875035
3485,41.90385209816062,12.515325455987469,-158.73268196801476
3486,41.903851286757245,12.515322716692424,-158.70304138559348
3487,41.90385047837535,12.515320045988178,-158.70287051797416
3488,41.903849697562656,12.515317290304493,-158.64810792872595
3489,41.90384885726949,12.51531453241623,-158.62355195144048
3490,41.90384804099275,12.515311860267728,-158.60041748704356
3491,41.903847230930594,12.515309126892257,-158.5867844303127
3492,41.903846433659346,12.515306403213005,-158.5840932892813
3493,41.90384562710709,12.5153035847262,-158.5671176600637
3494,41.90384477528561,12.515300641861412,-158.5488397830593
3495,41.90384391179768,12.515297604866722,-158.52620981122897
3496,41.903843022951044,12.515294670018228,-158.49825330609542
3497,41.903842122319766,12.515291669548976,-158.4818321264288
3498,41.903841241191564,12.515288758386383,-158.4506210114486
3499,41.90384034317647,12.515285850752521,-158.429038526168
3500,41.9038394680877,12.51528293451431,-158.41951037711678
3501,41.90383857748657,12.51528003901452,-158.40906605816338
3502,41.903837694495664,12.515277110251695,-158.4038040193877
3503,41.90383683261792,12.51527425167802,-158.39314724046855
3504,41.903835943701154,12.51527129309851,-158.39501522838634
3505,41.90383510763107,12.51526842099657,-158.37871057738946
3506,41.903834261367834,12.515265469937416,-158.37555537637613
3507,41.90383342470997,12.515262534935053,-158.36920964612924
3508,41.90383254746701,12.515259480091553,-158.35541180158273
3509,41.90383167950734,12.515256511494616,-158.35558331135775
3510,41.903830802487676,12.515253553951975,-158.34771165966902
3511,41.90382991771927,12.51525059971226,-158.3323260780158
3512,41.90382903486098,12.515247653648165,-158.31773519448092
3513,41.90382815179005,12.515244690227686,-158.30602028110704
3514,41.903827242238656,12.515241730299396,-158.2878971222061
3515,41.903826352384854,12.515238775914929,-158.27751383092289
3516,41.903825462915265,12.515235806745917,-158.2639462863286
3517,41.90382457531528,12.515232821960542,-158.24179654109517
3518,41.9038237190994,12.515229866252593,-158.20781076532285
3519,41.90382282980671,12.515226865075086,-158.18765956339277
3520,41.90382197843796,12.515223931771903,-158.17074929402824
3521,41.903821069820445,12.515220879429794,-158.14600128779256
3522,41.903820193522286,12.515217910335995,-158.1074866116205
3523,41.90381930340794,12.515214905813636,-158.076593954683
3524,41.90381842330834,12.515211951149093,-158.05033391884373
3525,41.90381753912658,12.515208999881779,-158.01703170908974
3526,41.90381666824098,12.515206084414139,-157.99214369024082
3527,41.903815781782356,12.515203131478318,-157.96934899347423
3528,41.9038148862537,12.515200153003272,-157.93503367674273
3529,41.90381399130011,12.515197166583198,-157.9054330280555
3530,41.90381310388009,12.515194224304336,-157.87279862681675
3531,41.903812222778015,12.515191304660265,-157.84585527646087
3532,41.903811358192925,12.515188434197281,-157.80574060377964
3533,41.90381047275991,12.515185539974912,-157.77768888739158
3534,41.90380958373037,12.515182623206613,-157.75177385358887
3535,41.9038087019,12.515179730357596,-157.73075890191913
3536,41.90380782777361,12.51517683620118,-157.7175525533523
3537,41.90380694472509,12.51517395813504,-157.69719019153337
3538,41.90380606166395,12.515171060615005,-157.67211182869724
3539,41.90380517911574,12.515168188187486,-157.6551283458949
3540,41.90380430778759,12.515165303023753,-157.63982572431468
3541,41.90380340918744,12.515162377768144,-157.6255430002818
3542,41.90380253002051,12.515159501460936,-157.61084628063625
3543,41.9038016380571,12.515156601545739,-157.5999983908528
3544,41.90380076162218,12.51515373956637,-157.59273745201492
3545,41.90379987237607,12.515150867717741,-157.5714185052644
3546,41.90379897191796,12.515148011881106,-157.56592732687446
3547,41.90379807432472,12.515145149410356,-157.56193670015082
3548,41.903797187178164,12.515142295391453,-157.5627220528243
3549,41.90379630534698,12.515139420069852,-157.56338510929112
3550,41.90379544159431,12.515136578944016,-157.57180087783075
3551,41.903794568959974,12.51513370974263,-157.57780189616696
3552,41.903793707311856,12.515130869396781,-157.58433735342112
3553,41.90379284186871,12.515128036135549,-157.58791825588503
3554,41.903791973550895,12.515125191476026,-157.59976225888386
3555,41.90379110983186,12.515122394619457,-157.61250050226857
3556,41.903790243852995,12.51511956863208,-157.62824020108198
3557,41.903789386185956,12.515116737483428,-157.63941075466096
3558,41.903788534297064,12.51511389647373,-157.64096573059405
3559,41.90378766945879,12.515111047031295,-157.63392495642665
3560,41.90378680914098,12.515108213940179,-157.63920699444262
3561,41.90378596721647,12.515105407146255,-157.65008630430742
3562,41.90378510909883,12.51510259591127,-157.66178072569582
3563,41.90378424147306,12.515099792772718,-157.66906184771707
3564,41.9037833755927,12.515097016062688,-157.68169285612817
3565,41.90378250176136,12.515094217354264,-157.6787532054425
3566,41.9037816511996,12.515091477177702,-157.6830117807125
3567,41.90378079871042,12.515088719452784,-157.69002286209525
3568,41.90377995559126,12.515086019578957,-157.7057389353615
3569,41.90377909745535,12.515083314786322,-157.71322846785384
3570,41.903778255692814,12.515080603756612,-157.71975378780922
3571,41.90377743033104,12.515077897127345,-157.7352562615614
3572,41.90377660742339,12.515075227398762,-157.73090572557754
3573,41.90377578045638,12.515072508214034,-157.72771618161374
3574,41.903774946129055,12.515069782152608,-157.72945483324605
3575,41.90377412269974,12.515067085365539,-157.72248477469623
3576,41.903773316048074,12.51506444086687,-157.72006596625738
3577,41.90377249592052,12.515061771019798,-157.70565692339483
3578,41.9037716627319,12.515059115032543,-157.68905392340966
3579,41.9037708322347,12.515056459687608,-157.6814311305091
3580,41.90377000604358,12.515053836088825,-157.66479823332608
3581,41.903769177972514,12.515051189785593,-157.64207229781272
3582,41.90376837038165,12.51504860482491,-157.59491166344537
3583,41.90376757313051,12.515045990677212,-157.54687575683624
3584,41.90376677702763,12.515043429309019,-157.4935726669837
3585,41.90376598421482,12.515040877123468,-157.42591067084817
3586,41.90376518288077,12.515038351127794,-157.357039343701
3587,41.90376439156694,12.515035839998822,-157.2880409364554
3588,41.90376358113107,12.515033315477638,-157.21830503125253
3589,41.903762784508324,12.515030851513059,-157.15522581613476
3590,41.90376199011513,12.515028405463301,-157.1101292220942
3591,41.90376119101853,12.515025963184552,-157.06108986214062
3592,41.903760413272316,12.51502356901953,-157.01424111990596
3593,41.90375963440547,12.515021174671073,-156.96885222781367
3594,41.90375885550635,12.515018793214638,-156.9322877268342
3595,41.903758092585015,12.515016443852351,-156.89444696312628
3596,41.90375735039075,12.515014078948832,-156.86401288169642
3597,41.90375659710239,12.51501170680003,-156.83131948332044
3598,41.90375583828268,12.515009314871147,-156.8143940037877
3599,41.903755114330984,12.515007024134313,-156.80619256845767
3600,41.90375439594477,12.51500475490111,-156.79993155265203
3601,41.90375367547267,12.515002516955716,-156.78701284300874
3602,41.903752952640815,12.515000282330917,-156.76813789588675
3603,41.90375223376874,12.514998083841995,-156.75892755670904
3604,41.903751523615725,12.514995891861876,-156.75552397199752
3605,41.90375080122169,12.514993730513517,-156.76390068977054
3606,41.90375008656677,12.514991554184201,-156.783131391977
3607,41.903749398198215,12.514989466573322,-156.80958425122327
3608,41.903748721884405,12.514987340827918,-156.8456614841304
3609,41.90374803709561,12.514985238515107,-156.86563299512915
3610,41.90374737769589,12.514983188838809,-156.887999671586
3611,41.90374672817425,12.51498113288934,-156.91495178087416
3612,41.9037460814742,12.514979088682837,-156.93920689009573
3613,41.90374544446055,12.514977092272028,-156.95962058379456
3614,41.90374479647148,12.514975126484801,-156.97485616712825
3615,41.90374415036528,12.514973135133053,-156.99422219344248
3616,41.90374351383573,12.514971181828159,-157.02069184693545
3617,41.903742882001296,12.514969276526491,-157.04989139687044
3618,41.90374224536827,12.51496738991529,-157.084223654512
3619,41.90374161754498,12.514965508707524,-157.11984478581542
3620,41.90374100355026,12.514963650807799,-157.16394635813938
3621,41.90374038680038,12.514961761947712,-157.21723140273156
3622,41.90373979502953,12.514959929126267,-157.28105795013656
3623,41.90373919464869,12.514958113291492,-157.35053286086534
3624,41.90373861965681,12.514956332332401,-157.42525634971906
3625,41.903738072954496,12.51495460696886,-157.50462057884747
3626,41.9037375362106,12.51495283595722,-157.60838071401446
3627,41.9037369985413,12.514951024813515,-157.72594605345037
3628,41.903736496360146,12.514949268597416,-157.86351813160107
3629,41.9037360466966,12.514947525659288,-158.026899128975
3630,41.903735602979566,12.514945813465856,-158.20448361950014
3631,41.90373516014934,12.514944116178166,-158.38091479154795
3632,41.903734712918684,12.514942458222174,-158.57977553786182
3633,41.903734279505926,12.514940795403044,-158.82078212515876
3634,41.90373384759156,12.514939149188725,-159.07505493316037
3635,41.903733446255785,12.51493752574254,-159.36031027561506
3636,41.90373304128688,12.51493596387506,-159.6677712080135
3637,41.90373266049093,12.514934406418094,-160.01833104447576
3638,41.90373230522713,12.514932880873838,-160.39878003008687
3639,41.90373194943858,12.514931359294312,-160.80587040729992
3640,41.903731624468186,12.51492984226068,-161.23534031121721
3641,41.90373131224968,12.514928352714989,-161.67531672297997
3642,41.90373098286986,12.514926808705832,-162.12322799669613
3643,41.9037307394229,12.514925364481279,-162.5862763537411
3644,41.90373051717724,12.514923923217575,-163.08215398543308
3645,41.90373031174424,12.514922493173959,-163.59717611231665
3646,41.903730111725494,12.514921052894866,-164.13677928602178
3647,41.90372995350632,12.51491961452671,-164.71890558903803
3648,41.90372981513009,12.514918155722006,-165.30502925835074
3649,41.90372968430616,12.514916719385512,-165.89845492159455
3650,41.9037295846476,12.514915337411626,-166.51422529989716
3651,41.90372946766391,12.514913938501694,-167.15816139549952
3652,41.903729352295855,12.514912559036604,-167.81215178556107
3653,41.903729279332,12.514911175697867,-168.49995793433072
3654,41.90372918274311,12.514909783945228,-169.19465275352928
3655,41.9037290977481,12.51490835980151,-169.9221411486062
3656,41.90372903431283,12.514906940823524,-170.64281599690207
3657,41.90372902844639,12.514905539935397,-171.3659656733114
3658,41.903729077878225,12.514904149002142,-172.098970491812
3659,41.90372912400919,12.514902796559895,-172.8541032573643
3660,41.90372919685519,12.514901457020644,-173.64888751289934
3661,41.90372929427133,12.514900173437619,-174.46472287841442
3662,41.903729420713745,12.514898863565723,-175.28737843226116
3663,41.90372956223565,12.514897559641225,-176.0933809206221
3664,41.90372971374528,12.514896269847512,-176.88625848414603
3665,41.9037298648077,12.514894999967442,-177.68381438906607
3666,41.90373001892758,12.514893788757394,-178.5243326996343
3667,41.903730169374896,12.514892593419974,-179.39851423006266
3668,41.903730343277,12.514891457373785,179.68418554947485
3669,41.9037305260061,12.514890254520223,178.75050082964535
3670,41.90373075179866,12.514889071008993,177.76999852864958
3671,41.90373098415554,12.514887854107423,176.8218834314831
3672,41.90373124723734,12.51488663590055,175.87284848156222
3673,41.90373152112846,12.514885428001683,174.92854850447424
3674,41.90373180496332,12.514884187980666,173.93959013675027
3675,41.90373209987755,12.51488299943022,172.90080824557361
3676,41.90373241280806,12.514881807346303,171.84122994841138
3677,41.90373275279652,12.514880591516242,170.7538271455037
3678,41.90373309749293,12.514879372005044,169.65926094439274
3679,41.903733493332815,12.514878104004207,168.54276943768753
3680,41.903733924502745,12.514876880238308,167.4037321621301
3681,41.903734372619766,12.514875626095968,166.2719505393509
3682,41.90373487697256,12.514874387980804,165.15224591427085
3683,41.90373538783746,12.514873184178718,164.04879126085785
3684,41.90373593235479,12.514871958841976,162.8911248839384
3685,41.90373650990605,12.514870813810926,161.68223477393525
3686,41.90373708352248,12.514869677793994,160.4004369410194
3687,41.903737708566645,12.514868517367484,159.07968856883443
3688,41.90373834552894,12.514867346442095,157.8000129868293
3689,41.903739012738086,12.514866158966667,156.55615107527723
3690,41.9037396976486,12.514864973846532,155.31683306820614
3691,41.90374039214322,12.514863781893807,154.06612487176332
3692,41.903741102706185,12.514862627569979,152.7775928064985
3693,41.90374182739376,12.514861500739794,151.46322311985318
3694,41.90374258799141,12.514860384700205,150.10812100868162
3695,41.90374337807935,12.514859270500583,148.7718006983063
3696,41.90374420337414,12.514858163434981,147.43174224132613
3697,41.903745034055895,12.51485709365941,146.10693451315407
3698,41.90374591086211,12.514856011923053,144.80233493798508
3699,41.90374681968157,12.514854895782573,143.49593155283245
3700,41.903747744620645,12.514853815341278,142.2026181181893
3701,41.903748681911296,12.514852745319839,140.90506429667644
3702,41.90374964966236,12.514851719238466,139.62165787626273
3703,41.90375064688378,12.514850677652882,138.3448786524208
3704,41.903751685280106,12.514849667471726,137.0934394047836
3705,41.90375270627104,12.51484869332446,135.88312130354547
3706,41.90375377710296,12.514847727175187,134.70315288712433
3707,41.903754866004164,12.514846770059593,133.57809015879388
3708,41.90375599206491,12.514845829739816,132.4951071700261
3709,41.90375711320506,12.514844897848546,131.4669756942431
3710,41.90375826023854,12.514843959016972,130.48909730817763
3711,41.90375943596686,12.514843022826009,129.5299179303149
3712,41.90376061588787,12.51484207753691,128.64134964972797
3713,41.90376179719594,12.514841155974924,127.79468798677564
3714,41.903762998702014,12.514840213212153,126.99035591830673
3715,41.90376420330589,12.5148392607531,126.21839654606796
3716,41.903765427864776,12.514838328578383,125.46143959225633
3717,41.903766667443136,12.514837384089812,124.74073281075094
3718,41.90376794145359,12.514836444184901,124.05027327424557
3719,41.90376922046385,12.514835508189712,123.39432707737363
3720,41.903770522363054,12.514834581132828,122.77579034818525
3721,41.90377183882178,12.51483365366175,122.16307397385233
3722,41.90377317328253,12.514832733374211,121.59656485097862
3723,41.903774494601386,12.514831838865737,121.06094270850959
3724,41.903775832690435,12.51483094288192,120.55159119389589
3725,41.90377718503901,12.514830055158983,120.08151924429411
3726,41.903778557350556,12.514829147803452,119.60776132726241
3727,41.90377993435545,12.514828242164453,119.18586451347714
3728,41.90378132324817,12.514827330937697,118.77633434060209
3729,41.90378275282071,12.5148264306946,118.38058668634118
3730,41.90378418979553,12.514825519819114,118.03313921594608
3731,41.90378566962792,12.514824559921072,117.70510250789106
3732,41.9037871008406,12.514823648330632,117.39184134265078
3733,41.9037885741432,12.51482270467593,117.09789163416917
3734,41.90379004892673,12.514821778006025,116.8407257561627
3735,41.90379153334809,12.514820855628596,116.59702495733791
3736,41.903793028958304,12.514819942759054,116.35616162642798
3737,41.90379456130569,12.514819026702046,116.1407821309708
3738,41.90379610703518,12.514818099826844,115.91974753806518
3739,41.90379760062875,12.514817216423921,115.72771892428518
3740,41.90379914674735,12.514816295924525,115.55508890028665
3741,41.90380072789313,12.514815378022295,115.43627253790211
3742,41.903802300832524,12.514814443725056,115.35607204202638
3743,41.90380388089973,12.514813481543735,115.28785052732678
3744,41.90380547019432,12.514812501703176,115.22884678345015
3745,41.90380706257941,12.514811537817774,115.17281520480759
3746,41.903808651293595,12.514810516272426,115.10349988302815
3747,41.9038102315492,12.514809528823557,115.05238820875519
3748,41.90381185834197,12.51480852533613,114.97511985737619
3749,41.90381347859844,12.514807515986687,114.90682875793262
3750,41.90381512165862,12.514806546590293,114.82834314427906
3751,41.90381678324732,12.514805530202686,114.73801250526276
3752,41.90381840959974,12.514804544820613,114.66722556107388
3753,41.90382003893439,12.514803585404666,114.58044838750244
3754,41.90382164354152,12.514802610060004,114.49119010752135
3755,41.90382322554521,12.51480165079312,114.40657792736172
3756,41.903824802160976,12.514800699526106,114.29022666008825
3757,41.903826385773044,12.514799749425906,114.18220209587302
3758,41.90382798448683,12.51479879407184,114.08512429498539
3759,41.90382954187726,12.514797861989184,113.97671543227634
3760,41.903831078608555,12.514796949693821,113.88054036634479
3761,41.903832700913455,12.51479598299376,113.78550498852813
3762,41.90383433092904,12.514795050992705,113.69733965585351
3763,41.90383593876103,12.514794112245609,113.60427919915523
3764,41.90383753919629,12.514793196480415,113.50310330318004
3765,41.9038391286354,12.514792293091697,113.40402504186585
3766,41.90384073298018,12.514791381125416,113.29412379351693
3767,41.90384231722887,12.514790449176532,113.18474053690956
3768,41.90384391192229,12.514789529925167,113.08865614174843
3769,41.903845492283246,12.514788588499709,112.98820751044188
3770,41.90384709004524,12.514787692791602,112.90053808117932
3771,41.90384863774047,12.514786821640765,112.80339539816829
3772,41.90385019253283,12.514785991644194,112.70301100534007
3773,41.903851757446134,12.51478516334291,112.60663683245353
3774,41.90385332303008,12.51478433877475,112.51347697030941
3775,41.903854875079695,12.514783533767691,112.43078206472242
3776,41.90385642142725,12.51478270715644,112.36877692471786
3777,41.903857931573775,12.514781889008244,112.31433121979478
3778,41.903859455566824,12.514781077661434,112.27414536769301
3779,41.903860904326024,12.514780294641646,112.22911290520494
3780,41.903862353677155,12.51477952502321,112.19942452967919
3781,41.90386382550532,12.514778725953322,112.15179492898712
3782,41.90386524287224,12.514777965599096,112.11900223962716
3783,41.90386665837721,12.514777206128139,112.10824508194916
3784,41.90386808502314,12.514776445469407,112.10872697243201
3785,41.90386952751299,12.514775675982106,112.12916354061035
3786,41.903870958675355,12.514774905258326,112.15734317278135
3787,41.90387237112333,12.514774141359862,112.20772596511497
3788,41.90387379930341,12.514773347292282,112.26279484059904
3789,41.90387516242713,12.514772573754259,112.34119386784349
3790,41.90387651358311,12.51477179292825,112.44420805904825
3791,41.90387786162619,12.514771013607314,112.56492365506502
3792,41.903879152299176,12.514770257532945,112.72058004958065
3793,41.903880452821,12.514769486381075,112.88019096463681
3794,41.90388172115003,12.514768717803614,113.05967300999704
3795,41.903882988969954,12.514767970513693,113.2549051883047
3796,41.90388423948781,12.51476720081923,113.45223210753237
3797,41.90388546461162,12.514766441652812,113.68851344038846
3798,41.903886692023484,12.514765643364441,113.9358542680643
3799,41.90388788472865,12.514764874947213,114.20227587728311
3800,41.9038890588327,12.514764076485049,114.47625194337525
3801,41.90389020976919,12.514763262072632,114.78154196502099
3802,41.90389129617895,12.51476246685338,115.11017733473784
3803,41.903892383122304,12.514761664453022,115.46973042277368
3804,41.90389342650938,12.514760854800754,115.8601188682312
3805,41.90389444601366,12.514760045753224,116.25749945702289
3806,41.90389545340467,12.514759227807861,116.65236727707278
3807,41.90389641436374,12.514758430211257,117.06625035843567
3808,41.903897367991185,12.51475759471682,117.49009131425453
3809,41.903898284301036,12.5147567946407,117.94172041245146
3810,41.90389915161721,12.514755988363975,118.41094288279704
3811,41.903900022641274,12.514755176163243,118.89343538008484
3812,41.90390084427302,12.514754373346795,119.37800229945354
3813,41.90390166280138,12.514753577817634,119.87108681108215
3814,41.903902444759886,12.514752791492175,120.37889675935911
3815,41.90390320608152,12.514751990409682,120.91096035562526
3816,41.90390395143858,12.51475119716064,121.45554354733098
3817,41.903904663281665,12.514750401784479,122.00910267430518
3818,41.90390533932788,12.514749624751017,122.56723326669237
3819,41.90390600201235,12.51474883234033,123.12933959353283
3820,41.903906639503305,12.514748040903836,123.7091946968252
3821,41.90390726938876,12.51474725365398,124.3107911620348
3822,41.90390788911939,12.51474644298292,124.9482935716283
3823,41.903908467277496,12.514745645152642,125.58434466004945
3824,41.9039090572217,12.514744831528256,126.22626243762241
3825,41.90390963293402,12.514743986060527,126.86922688612553
3826,41.90391020280544,12.514743159503128,127.52628160388007
3827,41.903910765888554,12.5147423003022,128.2108743304035
3828,41.90391132696495,12.514741448012554,128.91413638812497
3829,41.90391183555288,12.514740584835188,129.6348283671678
3830,41.90391236388646,12.514739714771812,130.36237604696154
3831,41.90391285681932,12.514738829519459,131.09614947859325
3832,41.9039133424334,12.514737936435278,131.8442472272723
3833,41.90391381069152,12.51473705648324,132.60915888519673
3834,41.90391424368251,12.514736170063216,133.38029961848883
3835,41.90391468461493,12.514735269355498,134.18170463137602
3836,41.90391508846091,12.514734401172458,134.99976478422465
3837,41.9039154849831,12.51473350086197,135.8347381728328
3838,41.90391586221029,12.514732603320592,136.68024623330047
3839,41.903916240340756,12.514731664634834,137.5274774367922
3840,41.903916591476005,12.514730743812688,138.38545543862742
3841,41.90391695341231,12.51472978688689,139.25857176712495
3842,41.903917305191264,12.514728809603794,140.14915518401713
3843,41.9039176349785,12.514727825201664,141.05576893934509
3844,41.90391795582076,12.514726828533295,141.98255965836975
3845,41.90391827865194,12.514725824485579,142.93224094420336
3846,41.903918575687,12.514724832299386,143.8928773482388
3847,41.903918875591124,12.514723808114633,144.873540645588
3848,41.90391916357695,12.514722773623982,145.8579054778391
3849,41.9039194274859,12.514721707275072,146.86765429801156
3850,41.90391969191566,12.514720607477363,147.9018987926942
3851,41.90391992765476,12.514719488779175,148.95674940383918
3852,41.90392014705129,12.514718320315001,150.02417566825704
3853,41.903920353298346,12.514717142300757,151.09680634086598
3854,41.90392056395134,12.514715909583224,152.1879211152931
3855,41.90392073804972,12.51471465928959,153.2955821332648
3856,41.90392092041663,12.514713378419472,154.43735420919052
3857,41.9039211006597,12.514712068544624,155.59488381625417
3858,41.90392124506119,12.514710708752473,156.76127645216252
3859,41.90392140488964,12.514709318790155,157.93591583873797
3860,41.90392153566989,12.51470789056368,159.1326345198203
3861,41.90392165763993,12.514706436313688,160.35062668118616
3862,41.903921751047264,12.514704914716836,161.58954959799482
3863,41.903921844430414,12.514703385515405,162.83064134683775
3864,41.90392191793738,12.51470184123168,164.0765682500442
3865,41.90392196883134,12.514700284545272,165.31084215158035
3866,41.90392200750122,12.514698696094225,166.55140673009876
3867,41.903922021905444,12.514697088696108,167.7834721403826
3868,41.90392201583379,12.514695477082592,169.0023981656791
3869,41.90392200157796,12.514693811859386,170.19757338076684
3870,41.903921966783415,12.514692151313763,171.37533776522832
3871,41.9039219245771,12.514690451178103,172.51470087945438
3872,41.90392185824924,12.51468871825887,173.63644461012393
3873,41.90392179044136,12.514686969297154,174.7497891600623
3874,41.903921676223575,12.514685203840092,175.83289157692616
3875,41.90392155599159,12.514683431838996,176.88637748005104
3876,41.90392141712192,12.514681641222777,177.91090037546687
3877,41.90392127405728,12.514679861773043,178.9247968836393
3878,41.90392111056738,12.514678039528652,179.9138157473361
3879,41.90392090892038,12.514676215177474,-179.1246527288195
3880,41.903920688461916,12.514674358785191,-178.18510881355644
3881,41.903920459274744,12.514672475019076,-177.26994291062138
3882,41.90392020080388,12.514670588613997,-176.3815063619226
3883,41.903919917535944,12.514668654614079,-175.52975334576297
3884,41.90391962624325,12.514666691523413,-174.7012196460129
3885,41.90391929808254,12.5146646991335,-173.8983333210641
3886,41.90391896741259,12.514662717138835,-173.12229124219556
3887,41.9039186416002,12.514660705643221,-172.37991496199797
3888,41.90391829451391,12.514658659988234,-171.65409248481717
3889,41.90391793377049,12.514656584819527,-170.9572623109296
3890,41.90391754671697,12.514654522458073,-170.28524678882323
3891,41.90391715109893,12.514652402381305,-169.64380762615113
3892,41.903916730848096,12.514650298694937,-169.0406527736216
3893,41.90391629731207,12.51464815269493,-168.45594957274554
3894,41.903915846086235,12.514645987192157,-167.91238139966893
3895,41.90391539271816,12.514643804505024,-167.38094942793757
3896,41.90391491089583,12.514641626409572,-166.86906168814352
3897,41.90391439037958,12.51463943758608,-166.39024222559092
3898,41.903913883174546,12.514637219391272,-165.9263617470376
3899,41.90391335354506,12.514634989958001,-165.4787511277612
3900,41.90391280961324,12.514632737489398,-165.04559088639144
3901,41.90391226269486,12.514630452242796,-164.6225431707182
3902,41.90391169276874,12.51462815674323,-164.19913994329633
3903,41.90391112812783,12.514625844157866,-163.7779238295283
3904,41.9039105324903,12.51462348661672,-163.36658108796968
3905,41.90390993271158,12.514621124057802,-162.96361012120468
3906,41.90390930577678,12.514618767569502,-162.5771602072937
3907,41.90390867276722,12.514616381946421,-162.19517027680806
3908,41.90390802866774,12.514614001747303,-161.82058868629096
3909,41.90390735930458,12.514611572440854,-161.4546141807465
3910,41.90390667348238,12.514609140743842,-161.09853783422426
3911,41.90390598593139,12.514606721078504,-160.74161048854
3912,41.903905268155704,12.51460426015449,-160.40622462710692
3913,41.90390451750711,12.514601779531702,-160.0901510326131
3914,41.9039037650099,12.51459930476141,-159.80249192260428
3915,41.903902971023115,12.514596780845553,-159.5359844177673
3916,41.903902188050324,12.51459426900438,-159.28955759928706
3917,41.90390140498447,12.514591723493538,-159.06375247701448
3918,41.903900595445506,12.514589143798794,-158.85538256386442
3919,41.90389979188184,12.514586567418476,-158.64757879812439
3920,41.90389898189779,12.514583947287349,-158.45528920638546
3921,41.903898165080044,12.51458132415933,-158.27426124478163
3922,41.90389734048396,12.514578640232282,-158.1257825910203
3923,41.90389650203094,12.514575953202288,-157.99783255308674
3924,41.90389564495422,12.514573268172745,-157.89043968238357
3925,41.903894781564254,12.514570540257782,-157.7910355697326
3926,41.903893903471335,12.514567822298899,-157.6858225998293
3927,41.90389304187199,12.51456510069404,-157.5745317873173
3928,41.90389214872202,12.514562374049813,-157.48098176623165
3929,41.90389126495619,12.514559687331753,-157.40016369918348
3930,41.90389039519976,12.514556997299584,-157.33526912144663
3931,41.903889519732346,12.514554308816141,-157.29521636026934
3932,41.90388866414509,12.51455161961874,-157.25103204743237
3933,41.90388779094846,12.514548923338644,-157.2155132413297
3934,41.903886935719974,12.51454625364439,-157.16503741271964
3935,41.903886073011556,12.514543575350489,-157.1285865334335
3936,41.90388523193488,12.514540930166236,-157.0902257441108
3937,41.90388440641525,12.514538269796297,-157.05167610142038
3938,41.903883565613015,12.514535641655064,-157.02791666073384
3939,41.90388275824154,12.514533012027234,-156.997034321644
3940,41.90388191186337,12.514530360734366,-156.96845993078665
3941,41.90388107051606,12.51452773117208,-156.92414911459838
3942,41.90388022826448,12.514525120505276,-156.8781143863982
3943,41.90387937506817,12.514522520047533,-156.84538371715917
3944,41.903878547174095,12.514519966633317,-156.80513313526907
3945,41.90387770485046,12.514517376737865,-156.77297942719179
3946,41.903876859187264,12.514514803652247,-156.73624177858795
3947,41.903876012334884,12.514512231943012,-156.70368664469933
3948,41.90387515982581,12.514509645420079,-156.6723292882897
3949,41.90387434310384,12.514507047232215,-156.62084905391177
3950,41.90387349973132,12.514504468959384,-156.57560200504795
3951,41.903872653917844,12.514501913281885,-156.53122948165074
3952,41.90387180973772,12.51449929589797,-156.50164654787375
3953,41.90387095483992,12.514496724203914,-156.4787996915121
3954,41.903870109233296,12.514494073137957,-156.4447574831599
3955,41.903869248702705,12.514491452487649,-156.41614223669188
3956,41.903868402868305,12.514488797547925,-156.3738935278233
3957,41.903867542344514,12.514486192665851,-156.33592901484772
3958,41.90386666537837,12.51448358932877,-156.2951245179703
3959,41.9038657972152,12.514480961459798,-156.25641056032308
3960,41.90386490618472,12.514478311637967,-156.21600269171873
3961,41.90386400342982,12.514475677133195,-156.17927944202913
3962,41.90386308202006,12.514473030414852,-156.14022155319955
3963,41.90386216993235,12.51447040879767,-156.09280646348526
3964,41.90386127061737,12.514467757894293,-156.032012304741
3965,41.903860367941896,12.514465128932608,-155.97664124158064
3966,41.90385948468226,12.514462496390168,-155.92785206922264
3967,41.90385858221231,12.514459851648406,-155.89460349472046
3968,41.90385769910885,12.514457202527343,-155.87170827625152
3969,41.90385680582027,12.514454506845512,-155.85557417735296
3970,41.90385588017474,12.514451816631547,-155.8452571629283
3971,41.903854966077546,12.51444909461008,-155.82587078751922
3972,41.90385402436061,12.514446392735922,-155.81745633536644
3973,41.90385308286117,12.514443701435457,-155.81535467086974
3974,41.903852145154715,12.514440976803757,-155.7981945057623
3975,41.90385121019001,12.514438185248018,-155.79856358807905
3976,41.903850269303014,12.51443544730067,-155.79437743329927
3977,41.903849318897535,12.514432677547463,-155.79110093669968
3978,41.90384837448218,12.514429956255045,-155.77957441859442
3979,41.90384744288651,12.514427247702205,-155.7618316396004
3980,41.90384648061701,12.514424572386297,-155.7476927036587
3981,41.903845545825554,12.514421839220036,-155.72162568075765
3982,41.9038446013221,12.514419085198956,-155.70646871430299
3983,41.90384366563018,12.514416336329543,-155.67327543633576
3984,41.90384273894054,12.514413547487248,-155.63347951011588
3985,41.903841777207305,12.514410806223669,-155.58359382460284
3986,41.90384084661346,12.514408056953222,-155.5164797423793
3987,41.90383989337935,12.514405237002654,-155.4307563913298
3988,41.903838959863386,12.514402449335718,-155.33678691820973
3989,41.90383798071287,12.514399669774535,-155.22419501247984
3990,41.90383694679633,12.514396851888044,-155.0953642164979
3991,41.903835927708954,12.514394051142524,-154.94908487984137
3992,41.903834935705696,12.514391258602219,-154.7887173204667
3993,41.90383387603106,12.514388483340047,-154.6123005442083
3994,41.90383281845095,12.514385689233263,-154.4426837728968
3995,41.90383178418349,12.514382883251345,-154.2895187684065
3996,41.9038307234692,12.514380068007675,-154.14108420239882
3997,41.90382967241836,12.514377215347203,-154.0007327230479
3998,41.90382861773304,12.514374375924902,-153.85139011473913
3999,41.90382758318776,12.514371535926696,-153.71958906758425
4000,41.90382652681184,12.514368747476489,-153.57573654947055
4001,41.90382544531703,12.514365948213056,-153.41789883888322
4002,41.9038243661449,12.514363175524403,-153.2611072343539
4003,41.903823293540036,12.514360461350106,-153.12216891063107
4004,41.903822185405794,12.514357692595851,-152.9644527432887
4005,41.903821084973416,12.514354972613027,-152.80626126028596
4006,41.90382001082216,12.514352243929757,-152.64695376763592
4007,41.90381890172604,12.51434950120427,-152.48586863644204
4008,41.90381783495808,12.514346716655783,-152.3274172737686
4009,41.90381673916701,12.514343986306155,-152.199801511456
4010,41.90381566809061,12.514341258474932,-152.06280769287557
4011,41.9038145364784,12.514338481582728,-151.93752267254203
4012,41.903813437616336,12.514335729755903,-151.79281212117235
4013,41.90381229562847,12.514332994989596,-151.6780764087186
4014,41.90381112176094,12.514330158379176,-151.5524220744506
4015,41.90380999310962,12.514327462534306,-151.46335740190779
4016,41.90380888117978,12.514324733771874,-151.39584139159
4017,41.90380774649102,12.51432200661151,-151.37936388075443
4018,41.90380666158708,12.514319329712132,-151.377328760815
4019,41.90380555892647,12.514316590259025,-151.4019506659266
4020,41.9038044594542,12.514313901040914,-151.40978863310647
4021,41.90380332644389,12.514311170953016,-151.430029195865
4022,41.90380228310357,12.514308489761802,-151.45326035558068
4023,41.90380121460377,12.514305751577803,-151.48343679727006
4024,41.90380012443652,12.514303033639811,-151.51341871764296
4025,41.9037990520151,12.514300299629399,-151.5317934472507
4026,41.903797951770066,12.514297541059927,-151.55201261454857
4027,41.90379688110377,12.514294823388784,-151.56398747227104
4028,41.903795812680315,12.51429209761992,-151.58781123999808
4029,41.903794757088846,12.514289410078838,-151.6270784091099
4030,41.90379368896047,12.514286674613263,-151.69345451383887
4031,41.90379258551401,12.514283919220128,-151.76009405501978
4032,41.90379149637636,12.514281216272773,-151.81109660403052
4033,41.90379042576507,12.514278487872973,-151.8453167371757
4034,41.903789338929194,12.514275754142064,-151.87710332954197
4035,41.90378828285586,12.514273092619222,-151.9142120700494
4036,41.90378717444689,12.514270310307872,-151.98788970993806
4037,41.90378626156013,12.514267844696091,-152.02072853955283
4038,41.90378511654469,12.514265076002053,-152.0931345156178
4039,41.903784187481456,12.51426251332924,-152.11810183206808
4040,41.90378308076083,12.51425977489284,-152.18497398548993
4041,41.90378209067466,12.514257109745657,-152.20011777913783
4042,41.90378109623081,12.514254456946126,-152.2500745971191
4043,41.903779991062045,12.514251637681218,-152.30186487977645
4044,41.90377902011807,12.514248953714064,-152.36206904109787
4045,41.90377790968748,12.514246057222188,-152.43526762353167
4046,41.9037767875315,12.514243198506158,-152.4708850809867
4047,41.90377571785495,12.514240375931978,-152.53519684616936
4048,41.90377456705217,12.51423743172523,-152.62394614344225
4049,41.903773484630634,12.514234613187053,-152.68602298466982
4050,41.90377246314711,12.51423177361416,-152.75553759914806
4051,41.903771433497134,12.51422899274594,-152.8139660489007
4052,41.903770406635466,12.514226223492305,-152.8873770929172
4053,41.90376942316948,12.514223524477995,-152.98331521976127
4054,41.903768366240044,12.5142207240201,-153.08986595035694
4055,41.90376738596239,12.514218021936273,-153.15132522596855
4056,41.90376637037195,12.514215261915853,-153.24135209957288
4057,41.903765374225976,12.51421254597337,-153.32640440002075
4058,41.90376439338615,12.51420987812296,-153.43070998575564
4059,41.903763292588145,12.51420699876381,-153.53230185199965
4060,41.90376231800034,12.514204300008196,-153.57460553222583
4061,41.90376122855798,12.514201375305019,-153.67034807161548
4062,41.90376019022427,12.514198525413338,-153.7519126183829
4063,41.90375919465539,12.514195723864244,-153.85475109431533
4064,41.90375812296086,12.514192766168692,-153.96279682721448
4065,41.90375718899029,12.51419003796298,-154.05113715116636
4066,41.90375612161671,12.51418712594819,-154.17546997859407
4067,41.90375512257121,12.514184284193261,-154.26315774339537
4068,41.90375411667956,12.514181441272662,-154.36510687088995
4069,41.90375305653264,12.514178498495102,-154.46997592852574
4070,41.90375210048977,12.51417569858468,-154.57001197547376
4071,41.90375103357421,12.51417269432886,-154.7043800125073
4072,41.90375005700147,12.514169842934399,-154.82573378610724
4073,41.9037490346474,12.514166895221516,-154.96888194382856
4074,41.90374800795028,12.514163942857133,-155.09461505049475
4075,41.903747069831084,12.51416112879504,-155.21052427519416
4076,41.903746032602164,12.514158124655136,-155.34303513868662
4077,41.903745069008615,12.514155264757708,-155.47512328387893
4078,41.90374407944427,12.514152281241964,-155.63811297724968
4079,41.903743062787086,12.514149287455018,-155.77682363676936
4080,41.903742129595784,12.514146371042376,-155.91456455055788
4081,41.90374111601801,12.51414331042788,-156.04939827915524
4082,41.903740173419656,12.514140381260185,-156.16859819704305
4083,41.903739208824206,12.514137394161141,-156.32119156434672
4084,41.90373822369441,12.514134344809928,-156.4670819699501
4085,41.90373729996856,12.514131384659038,-156.63970849632864
4086,41.90373632903289,12.51412830535433,-156.8288393811049
4087,41.90373542045795,12.514125366918341,-157.0044277503083
4088,41.90373446704424,12.514122285620275,-157.19757631682435
4089,41.90373354803446,12.514119284266192,-157.37535293545656
4090,41.903732674877794,12.514116288867207,-157.55663589563477
4091,41.9037317447184,12.514113223579038,-157.74943537067298
4092,41.9037308711321,12.514110265887277,-157.94329391442417
4093,41.90372994916876,12.514107152998225,-158.15057265066366
4094,41.903729070368506,12.5141041167061,-158.3241977138798
4095,41.90372818932211,12.514101049098917,-158.49814697190584
4096,41.90372729723731,12.514097965316843,-158.6689283629472
4097,41.903726450732016,12.514094932910007,-158.83824467055737
4098,41.90372555788561,12.514091792153902,-159.02930249769656
4099,41.90372471597857,12.51408872198815,-159.19529961403947
4100,41.903723879231194,12.514085621526304,-159.35189176747056
4101,41.903723018274235,12.514082522135064,-159.49844660487338
4102,41.90372219587987,12.514079413366245,-159.63518993527146
4103,41.90372135605311,12.514076291294453,-159.77273866178004
4104,41.90372053248568,12.514073208462625,-159.89033810779654
4105,41.90371968965443,12.514070111964134,-160.00340122592806
4106,41.903718855888215,12.51406705122346,-160.09011227080194
4107,41.903718042112985,12.514063977352523,-160.17499921578843
4108,41.90371720041817,12.514060881200281,-160.26488623523883
4109,41.90371639928521,12.514057825315374,-160.35459659883048
4110,41.90371558276289,12.514054727912443,-160.46264514454984
4111,41.90371478456128,12.51405164825732,-160.56542007373292
4112,41.9037140044766,12.514048570840345,-160.6651858492467
4113,41.90371320126962,12.514045463343091,-160.74509357396906
4114,41.90371240745706,12.514042396222939,-160.80786428113305
4115,41.90371160069871,12.51403931420466,-160.88230194439413
4116,41.90371081132869,12.51403627816325,-160.95151425695167
4117,41.90371001702488,12.514033181882409,-161.03680375818334
4118,41.903709234364314,12.514030095738944,-161.11921205237138
4119,41.90370846984743,12.514026998654174,-161.19633185778164
4120,41.903707686155215,12.514023879741183,-161.26244717472028
4121,41.90370693181704,12.51402081162863,-161.29472560838087
4122,41.903706173739145,12.514017726505367,-161.31692874749797
4123,41.903705402987825,12.514014639915233,-161.31934496657007
4124,41.903704656565715,12.514011599952523,-161.29963116076064
4125,41.903703867244424,12.514008555294321,-161.2816574671852
4126,41.903703088717734,12.514005544236054,-161.2460303115236
4127,41.903702317667424,12.514002553974336,-161.21128131239672
4128,41.903701532403076,12.51399961352976,-161.18052396300163
4129,41.903700759357605,12.513996642852092,-161.14738883413446
4130,41.90369999771299,12.513993662123262,-161.12803462330803
4131,41.903699250017155,12.513990728471784,-161.0923929941515
4132,41.903698483397015,12.513987814146722,-161.051123594626
4133,41.903697714922664,12.51398492257022,-161.01354113492067
4134,41.90369694141279,12.513982040135376,-160.99035475153548
4135,41.90369615087084,12.513979137910546,-160.99056144979363
4136,41.90369539864133,12.513976243195511,-161.0183634145525
4137,41.903694669916526,12.513973309065063,-161.07191353863624
4138,41.90369395285708,12.513970389487902,-161.12201053390092
4139,41.90369323642692,12.51396749572062,-161.15312704034037
4140,41.90369252342318,12.513964593907046,-161.1699289344624
4141,41.90369181822482,12.513961717646884,-161.1802373084673
4142,41.90369110708046,12.513958831449136,-161.1713018584359
4143,41.90369040686483,12.513955951334756,-161.1239815318473
4144,41.90368970646369,12.513953128934617,-161.03410748267854
4145,41.903688991909945,12.513950295694025,-160.8992466313704
4146,41.90368825345214,12.513947506278734,-160.73131327970012
4147,41.90368748941226,12.513944738820049,-160.5346761298768
4148,41.90368673016741,12.513942032528977,-160.3235205615569
4149,41.9036859543932,12.513939321895219,-160.10127345994638
4150,41.90368517374019,12.513936634820267,-159.8763180314027
4151,41.903684391628204,12.513933994095996,-159.63678705201946
4152,41.903683598813096,12.513931308072276,-159.38627626785458
4153,41.90368279497413,12.513928675370284,-159.11740286127753
4154,41.9036819946334,12.513926040031794,-158.83565577428462
4155,41.90368117141323,12.513923390731158,-158.5487479889981
4156,41.903680334885806,12.513920793747213,-158.25474596204103
4157,41.903679477844484,12.51391821369881,-157.9697126776685
4158,41.90367861208427,12.51391566879073,-157.68490430917754
4159,41.90367774340585,12.513913085829884,-157.405143970549
4160,41.90367686625562,12.513910529876814,-157.10375655881094
4161,41.90367598705022,12.51390801280261,-156.77705025178284
4162,41.903675094574965,12.513905510297747,-156.4395784911532
4163,41.90367421736791,12.513903025758209,-156.07418652878908
4164,41.90367330994669,12.5139005309758,-155.69374593514914
4165,41.90367242288304,12.513898073534913,-155.3019994874951
4166,41.90367150649499,12.513895635425047,-154.8910091030397
4167,41.90367058330744,12.513893238105533,-154.46321518675452
4168,41.90366963961115,12.51389086563872,-154.0264239521939
4169,41.90366867174996,12.513888516256419,-153.57032834064182
4170,41.90366770591226,12.513886192886906,-153.1109017102327
4171,41.90366671639455,12.513883880705185,-152.63551460034927
4172,41.90366569562044,12.513881594517004,-152.14982837812028
4173,41.90366467527044,12.51387933332677,-151.6540285438817
4174,41.9036636445923,12.51387705268074,-151.13596411504074
4175,41.90366260135754,12.513874790918738,-150.5701081052552
4176,41.90366153580843,12.51387254989353,-149.93426541351337
4177,41.903660472158165,12.513870342507888,-149.23814867187298
4178,41.90365937823251,12.513868154549519,-148.4765095940769
4179,41.903658251821604,12.513866006793766,-147.66102549582868
4180,41.90365709933531,12.51386393213946,-146.80105388504768
4181,41.90365591707175,12.513861905888133,-145.90772466550078
4182,41.903654705451146,12.513859925901484,-144.98726650878749
4183,41.90365348096361,12.51385799436661,-144.03667047743303
4184,41.90365222118321,12.513856106184534,-143.04729661306027
4185,41.903650916052996,12.513854252249565,-142.02543788737964
4186,41.903649556000104,12.513852449244215,-140.97019637607278
4187,41.90364819327214,12.5138507014965,-139.87823946598616
4188,41.90364679891681,12.513849007668748,-138.7454072394898
4189,41.903645396930955,12.513847355930666,-137.58208589670247
4190,41.90364397451532,12.513845764691446,-136.368830410015
4191,41.90364250090303,12.513844207204901,-135.12117410628187
4192,41.90364101690153,12.513842725457879,-133.84938755491908
4193,41.90363949743365,12.513841290205512,-132.5411041012264
4194,41.90363794554572,12.51383994489729,-131.21192903785624
4195,41.903636377601906,12.513838638431471,-129.85588040975952
4196,41.90363477352967,12.51383741249907,-128.48398299105287
4197,41.90363317191683,12.51383624801358,-127.08744767345186
4198,41.90363153199721,12.51383514474147,-125.66365214030573
4199,41.90362987915961,12.513834141307642,-124.22313179989538
4200,41.90362822973545,12.513833225798594,-122.77026859177478
4201,41.903626529242125,12.513832389290428,-121.29296894369517
4202,41.903624843345966,12.513831584595968,-119.80204006162687
4203,41.903623141157745,12.513830881656798,-118.28374780591363
4204,41.9036214406685,12.513830179538148,-116.76648162728644
4205,41.90361974008435,12.513829565554822,-115.24369480391418
4206,41.903617980433516,12.513828950833473,-113.72466602672966
4207,41.90361624277544,12.513828386669761,-112.19694188793515
4208,41.90361445638415,12.513827928077554,-110.64935524442866
4209,41.90361267390663,12.513827518392409,-109.14105516570187
4210,41.90361089555922,12.513827190815114,-107.65499960742906
4211,41.90360909555485,12.513826883715524,-106.17206788004188
4212,41.90360729681411,12.513826611420988,-104.67402422340709
4213,41.90360547264274,12.513826476070193,-103.13665446968999
4214,41.90360367527974,12.513826434916353,-101.61661227831158
4215,41.90360184721718,12.513826430316959,-100.09719765185628
4216,41.90360007334365,12.513826477477025,-98.62582021319984
4217,41.90359826711736,12.513826547579868,-97.1784625771353
4218,41.90359648369606,12.513826621797122,-95.76352357611853
4219,41.903594688071834,12.513826727881495,-94.4054739344751
4220,41.903592883483064,12.513826935756502,-93.10350062937371
4221,41.90359110023778,12.513827177355978,-91.8411538874756
4222,41.90358928807752,12.513827475595685,-90.62421503511509
4223,41.90358750674691,12.51382778925654,-89.45127950526704
4224,41.90358568711381,12.513828201986486,-88.3269837953158
4225,41.90358386818023,12.513828598531747,-87.25447200344384
4226,41.90358205420439,12.513829031446253,-86.24153741513385
4227,41.90358022434899,12.51382948315149,-85.25397811711778
4228,41.903578378834496,12.513829883635747,-84.32481570930804
4229,41.90357657454191,12.513830288024774,-83.39373287268052
4230,41.90357480759007,12.513830863441152,-82.51790551309908
4231,41.9035730421305,12.513831351346267,-81.61192619027453
4232,41.90357120451606,12.51383188637829,-80.8129603586783
4233,41.90356933524105,12.51383248623203,-79.99964706060797
4234,41.90356750450905,12.513833150475419,-79.25337258782585
4235,41.90356569033842,12.513833896880659,-78.54323690452378
4236,41.903563879933635,12.51383466101306,-77.84572821742108
4237,41.90356201815401,12.513835374654912,-77.19147114916261
4238,41.9035600803988,12.513836191921998,-76.55915127608597
4239,41.90355818427599,12.51383696517932,-75.91682173151331
4240,41.90355626290334,12.513837800586796,-75.36736259838976
4241,41.90355429594954,12.513838688429397,-74.8901103321548
4242,41.90355224475414,12.513839497523493,-74.37379353827932
4243,41.90355014514774,12.513840406416108,-73.93394690171598
4244,41.90354806789191,12.513841323734995,-73.4309963968387
4245,41.903546055173656,12.513842218213012,-72.98134392226143
4246,41.9035440669641,12.513843157154847,-72.55652257905572
4247,41.90354213966271,12.51384410989269,-72.1483028220207
4248,41.90354025145408,12.513845046460249,-71.7260008840208
4249,41.90353832893665,12.513845994213435,-71.29600726143396
4250,41.90353639641551,12.513847042355621,-70.90510110316035
4251,41.9035344851782,12.5138480440574,-70.54623554513918
4252,41.9035325569939,12.513849116748657,-70.25199194247656
4253,41.90353058952012,12.513850184841017,-69.95290496709272
4254,41.90352869728518,12.513851173298255,-69.66582301002772
4255,41.90352661392708,12.513852324514033,-69.44048179700013
4256,41.90352462567574,12.513853338429266,-69.21479333887238
4257,41.90352248677882,12.513854526688974,-69.09111607004733
4258,41.90352033346558,12.51385569999684,-68.97579353466602
4259,41.90351825629623,12.513856798992437,-68.89210997091043
4260,41.90351604572609,12.513858010575992,-68.85960071620164
4261,41.90351396381106,12.51385905701824,-68.79455644452015
4262,41.90351182628272,12.51386018541502,-68.7899040959103
4263,41.903509653819604,12.513861301110854,-68.7560533588161
4264,41.90350751277643,12.513862382976315,-68.71796241216305
4265,41.90350527913441,12.51386354964215,-68.690948984064
4266,41.903503124095494,12.513864634928073,-68.62238561866134
4267,41.90350087730635,12.51386579807728,-68.61092608169987
4268,41.90349863549219,12.513866956785904,-68.5790568963011
4269,41.903496387018244,12.513868130281397,-68.5621049142808
4270,41.90349406711821,12.51386935809322,-68.5565152747286
4271,41.90349185563043,12.5138704982811,-68.51830581241958
4272,41.90348951395898,12.51387174992137,-68.51628151829149
4273,41.90348726558353,12.51387293192243,-68.49221357409185
4274,41.90348494482859,12.513874148465286,-68.49993287952543
4275,41.90348261458908,12.513875395019706,-68.51125638912708
4276,41.903480321456385,12.513876546458144,-68.49806719860665
4277,41.90347793388749,12.513877801772615,-68.50555723255441
4278,41.903475612637195,12.513878988845674,-68.49536530777753
4279,41.9034732472027,12.513880238659384,-68.48160538266231
4280,41.903470850932315,12.51388152519913,-68.47613443542005
4281,41.90346849829694,12.513882769837641,-68.47367860661619
4282,41.90346603627338,12.513884083006296,-68.48219783552649
4283,41.90346366004716,12.513885340469331,-68.47245895048256
4284,41.9034612306042,12.51388664779049,-68.46519814490601
4285,41.903458805822886,12.51388793583409,-68.46993848246419
4286,41.90345639728102,12.513889210464322,-68.46773920414384
4287,41.90345392246077,12.513890529949835,-68.49509637204383
4288,41.90345151804952,12.513891813918146,-68.51214502978623
4289,41.90344904948227,12.513893140181368,-68.52714933516835
4290,41.90344657450505,12.51389442107284,-68.53919716874815
4291,41.9034441058806,12.513895705035985,-68.55359845626313
4292,41.9034415847901,12.513897060323812,-68.58231025608961
4293,41.9034390947408,12.513898358986818,-68.60198289697304
4294,41.903436564931766,12.513899659803933,-68.6419438546517
4295,41.90343403985488,12.51390098381015,-68.65991000666926
4296,41.90343150786227,12.51390229887337,-68.67310872096334
4297,41.90342895061779,12.513903609981753,-68.69362871590558
4298,41.903426450756335,12.51390491269348,-68.71546665285206
4299,41.903423891511515,12.51390622171972,-68.74558882470465
4300,41.90342132726958,12.51390753854977,-68.7762689111547
4301,41.90341878154763,12.513908869792935,-68.80630221812176
4302,41.903416203682,12.513910202252276,-68.82170588140632
4303,41.9034136330511,12.513911501539338,-68.82556445375388
4304,41.90341107053283,12.513912843281302,-68.8674414231192
4305,41.90340850801252,12.513914152899812,-68.88302628008378
4306,41.903405936988186,12.513915473558763,-68.91244501438484
4307,41.90340334908119,12.513916796321897,-68.93662819444901
4308,41.903400759362235,12.513918117583206,-68.96245308016032
4309,41.90339816224482,12.51391943657242,-68.97817061512254
4310,41.90339559259662,12.513920749326351,-69.0054123357163
4311,41.90339300359837,12.513922059936993,-69.03565375083271
4312,41.9033903844605,12.513923393316533,-69.06060040619464
4313,41.90338781932188,12.513924711683142,-69.0824589648452
4314,41.9033852245976,12.513926024183254,-69.10701631086653
4315,41.903382668953554,12.513927326832597,-69.13013231499754
4316,41.903380084606205,12.513928646007262,-69.15170629632468
4317,41.90337746583671,12.513929967855889,-69.1756451034576
4318,41.903374898497404,12.513931286945008,-69.19623284696473
4319,41.90337232068935,12.513932592102073,-69.20640365056614
4320,41.90336972589733,12.51393391426741,-69.21743457265305
4321,41.90336714577852,12.51393523185053,-69.24137753528882
4322,41.90336456615673,12.513936554958882,-69.26548626753262
4323,41.90336197615683,12.513937854314909,-69.3014424310238
4324,41.90335938930096,12.513939177787272,-69.32603634113502
4325,41.90335681548811,12.513940465763495,-69.33929140693711
4326,41.90335422662273,12.513941748334481,-69.36404799432697
4327,41.90335167776213,12.51394301189017,-69.37469251291708
4328,41.903349146593484,12.513944261001118,-69.40431005357358
4329,41.903346583705996,12.513945531126272,-69.43910742554128
4330,41.90334406203247,12.513946799418678,-69.44113193633369
4331,41.90334153188348,12.513948042130483,-69.46531166163822
4332,41.90333904271134,12.51394931513957,-69.4754238036431
4333,41.90333658536735,12.513950582488429,-69.49211308428028
4334,41.90333409141843,12.513951861233389,-69.51264567021411
4335,41.903331637956335,12.513953080620801,-69.50546807161597
4336,41.903329183853465,12.513954318047993,-69.51922324632989
4337,41.90332671605526,12.513955560754747,-69.5085437004477
4338,41.90332425931561,12.513956784273983,-69.51530555359126
4339,41.903321787059724,12.513957998907104,-69.51345866378469
4340,41.903319389176914,12.51395917586783,-69.50065172494877
4341,41.903317003923725,12.5139603502728,-69.48204251837124
4342,41.90331463574961,12.513961539416309,-69.4388847119122
4343,41.903312262369994,12.513962723165537,-69.3798328149722
4344,41.90330989460762,12.513963932312034,-69.30330562970106
4345,41.903307611685086,12.513965124224505,-69.21956830139789
4346,41.90330531684748,12.513966310141235,-69.14444785470417
4347,41.90330304635127,12.51396749374,-69.08204868241944
4348,41.90330081966068,12.513968690498967,-68.993779025598
4349,41.90329859332377,12.513969837884929,-68.92429843734881
4350,41.9032963719304,12.513970998662893,-68.83112798551538
4351,41.903294196661776,12.513972101720963,-68.75251883190248
4352,41.903292047884285,12.513973216826852,-68.67773230275901
4353,41.90328990823182,12.513974333650058,-68.59463593297468
4354,41.90328777130151,12.51397544602767,-68.51537698724123
4355,41.903285712581834,12.513976548701894,-68.42463587587612
4356,41.903283653275416,12.51397764659134,-68.33663035876246
4357,41.9032816611512,12.51397874373707,-68.2357493266742
4358,41.903279678832114,12.513979824943283,-68.15545034749037
4359,41.90327775946385,12.513980896810033,-68.08353285221901
4360,41.90327586643368,12.513981906099614,-68.01866373247043
4361,41.90327402067298,12.513982946314014,-67.94240340186454
4362,41.903272211827414,12.513983963666037,-67.86824929710957
4363,41.903270421698544,12.51398496666487,-67.79063076788677
4364,41.90326870128985,12.513985952025783,-67.70215467119685
4365,41.90326699383444,12.513986939074242,-67.60463767243829
4366,41.90326531838161,12.513987905443331,-67.51413450672106
4367,41.903263679931264,12.513988829062349,-67.42721114885454
4368,41.90326206047272,12.513989779871558,-67.32705871720896
4369,41.90326046645374,12.513990715698034,-67.23573480926153
4370,41.9032589488271,12.513991579228353,-67.15110178588654
4371,41.90325741932426,12.513992481647215,-67.05516143791483
4372,41.90325597445658,12.513993337164171,-66.95683400125081
4373,41.90325453532907,12.513994176661528,-66.86283293407722
4374,41.9032531272326,12.513995025994374,-66.76546649071682
4375,41.90325174980218,12.51399582784704,-66.68546899561896
4376,41.903250419870034,12.513996634627564,-66.61100610294751
4377,41.90324914905522,12.513997412486816,-66.54692727200164
4378,41.903247902449195,12.513998184879144,-66.46761350706583
4379,41.903246657035446,12.513998925084191,-66.387359723484
4380,41.90324544161941,12.513999673531334,-66.30104503906765
4381,41.90324425487347,12.514000393561503,-66.22699110837223
4382,41.90324310065062,12.51400109102187,-66.1494336165255
4383,41.903241971172996,12.514001759610327,-66.08125093719954
4384,41.90324084707109,12.514002465111878,-66.01021831915045
4385,41.90323975946186,12.51400313310294,-65.93831919290172
4386,41.9032386751136,12.514003810318895,-65.85359667943003
4387,41.90323762170069,12.514004469912864,-65.76073239165488
4388,41.90323659825844,12.514005124006136,-65.67230364663321
4389,41.90323557733962,12.514005768459434,-65.58263064032309
4390,41.90323458719728,12.514006450028758,-65.48753915272955
4391,41.90323360509432,12.514007153324732,-65.38725797037485
4392,41.90323271181943,12.51400776502075,-65.2769635880134
4393,41.903231918158916,12.514008347483026,-65.15078494126362
4394,41.903231085227596,12.514008925329902,-64.98392088967724
4395,41.903230307633734,12.514009493649041,-64.82096136081825
4396,41.903229460600265,12.514010145258597,-64.63002336182564
4397,41.9032286148574,12.514010749648104,-64.44756403455216
4398,41.903227712545814,12.514011398753189,-64.28537390661005
4399,41.90322686018817,12.514012028490075,-64.1225809863052
4400,41.903226021170305,12.514012631281433,-63.94888754160696
4401,41.90322519889413,12.514013201874425,-63.76987987254349
4402,41.903224419628465,12.51401375620664,-63.58529535199198
4403,41.903223685032124,12.514014310843535,-63.42455746061073
4404,41.903222931784796,12.514014912293726,-63.24360952388764
4405,41.903222221683635,12.5140154174723,-63.05748752890952
4406,41.903221501082,12.51401593102881,-62.86063995023
4407,41.903220776643245,12.514016466018374,-62.66583832617079
4408,41.90322003439149,12.514017037534172,-62.48363044647223
4409,41.90321928750566,12.51401757969683,-62.3228182634649
4410,41.90321852773817,12.514018184394258,-62.168768871844314
4411,41.90321776135637,12.514018800334952,-62.00420695856903
4412,41.903217033749236,12.51401943299405,-61.82987567613678
4413,41.903216302272824,12.514020054956596,-61.67790636414595
4414,41.90321560163359,12.514020699389203,-61.52059597710706
4415,41.903214889806556,12.514021324223078,-61.361106076045445
4416,41.903214147047116,12.514021914154378,-61.182954900357906
4417,41.9032133775377,12.514022507674275,-61.01200283032106
4418,41.90321258433328,12.514023080640223,-60.873285761704736
4419,41.90321187071508,12.5140236124312,-60.758249444634025
4420,41.90321112872712,12.514024200825238,-60.67295136888814
4421,41.9032103795207,12.51402482332516,-60.57488447855764
4422,41.903209723378154,12.514025457139216,-60.46483636292955
4423,41.90320905334614,12.514026086940332,-60.33189953580737
4424,41.903208415522805,12.514026735217698,-60.18420093612705
4425,41.903207785505785,12.514027291059552,-60.07083436067343
4426,41.903207122314,12.514027845948046,-59.9826696369424
4427,41.90320642358894,12.514028396341425,-59.92323457465579
4428,41.903205679061635,12.5140289492867,-59.882961250355855
4429,41.903204915178385,12.514029506394698,-59.82558206447074
4430,41.90320414217334,12.514030092384301,-59.72011298416921
4431,41.903203382971355,12.514030673479041,-59.56811617461344
4432,41.90320265671793,12.514031225479513,-59.40982032994967
4433,41.90320195631252,12.514031785826736,-59.257917921277816
4434,41.90320128504259,12.51403233609345,-59.12490228605963
4435,41.9032006134508,12.514032948010342,-58.99522564358852
4436,41.903199946006204,12.514033545520402,-58.85709263630793
4437,41.90319929549906,12.51403412622298,-58.682760864461336
4438,41.90319864495472,12.51403476482804,-58.48193803636409
4439,41.903197968829076,12.514035405087759,-58.26786403729507
4440,41.90319730314029,12.514036063909419,-58.05005815410721
4441,41.90319662056493,12.514036723010452,-57.856477037900966
4442,41.903195901971415,12.514037327718368,-57.67443895228431
4443,41.90319518001021,12.514037927654524,-57.48818221513711
4444,41.903194444347974,12.514038549569582,-57.273008000854915
4445,41.90319373814477,12.514039207576433,-57.045812877083506
4446,41.90319306985605,12.514039815178114,-56.8300916331711
4447,41.903192395211825,12.514040512856285,-56.61231816109148
4448,41.90319172030016,12.514041276825996,-56.34720073273434
4449,41.90319102688662,12.514042070125134,-56.0494051755718
4450,41.9031903369183,12.514042890662264,-55.736435198942765
4451,41.90318962254546,12.514043694029628,-55.46027672492647
4452,41.90318890272592,12.514044485712672,-55.23622181220899
4453,41.90318818635085,12.514045245973447,-55.02612991280276
4454,41.903187484540254,12.514045975117991,-54.80103024387955
4455,41.903186784485214,12.514046682622427,-54.54276978203702
4456,41.90318609052052,12.514047400262637,-54.26956892040127
4457,41.90318544014638,12.51404812255739,-53.97474829054327
4458,41.903184815604064,12.514048839086568,-53.67851767059996
4459,41.90318420081171,12.514049556798852,-53.39006366139452
4460,41.90318357383632,12.514050298933356,-53.10090940780333
4461,41.90318296314264,12.514051008363262,-52.7875795329463
4462,41.903182325693756,12.51405173806455,-52.4575048736278
4463,41.9031817298194,12.514052485031312,-52.105632428439556
4464,41.90318115677921,12.514053210123674,-51.750387143435525
4465,41.903180565819326,12.514053951720634,-51.382536298644176
4466,41.90317999107573,12.514054696600931,-51.00875781390633
4467,41.90317942372681,12.514055449493851,-50.62649552136558
4468,41.90317888795428,12.5140561908221,-50.226812960662876
4469,41.90317836457408,12.5140569511188,-49.81223429475214
4470,41.90317784202414,12.514057670179596,-49.38753339060765
4471,41.90317731679769,12.514058446377062,-48.934057208720624
4472,41.90317681823343,12.514059185982454,-48.467690391538135
4473,41.90317631492375,12.514059952261778,-47.994516747792204
4474,41.90317583996484,12.51406072374935,-47.49437938759067
4475,41.90317534202677,12.514061499669332,-46.981271510411304
4476,41.90317486027083,12.514062309127455,-46.45965901167491
4477,41.90317439055688,12.51406312144645,-45.93182250524173
4478,41.9031739413635,12.514063923562594,-45.397208537870185
4479,41.90317347602625,12.51406475171026,-44.861379145165394
4480,41.903173021252776,12.514065594301545,-44.2985086152102
4481,41.90317259790759,12.514066432411884,-43.71647014028372
4482,41.903172146693215,12.514067308541412,-43.141410685548315
4483,41.90317171853759,12.514068220295398,-42.55333533758627
4484,41.90317127107614,12.514069127706463,-41.961679127826514
4485,41.90317084668371,12.514070071128224,-41.34413252351839
4486,41.90317039911132,12.514071017133194,-40.68951757419399
4487,41.903169959277015,12.514072021227317,-39.993431143403015
4488,41.9031695381263,12.514073014145861,-39.26580957683932
4489,41.903169154211206,12.514074054127878,-38.51809712339542
4490,41.90316874823807,12.51407507992094,-37.743255989638094
4491,41.903168367673125,12.514076165327953,-36.93037473598961
4492,41.90316800404817,12.514077268602712,-36.08743522848969
4493,41.90316762227824,12.514078406804346,-35.19966253344038
4494,41.90316726524182,12.514079518906465,-34.28718799476959
4495,41.90316691769387,12.514080694730268,-33.36899215910192
4496,41.90316656810863,12.514081861020319,-32.42832230985024
4497,41.903166220626744,12.51408311108369,-31.469261271174652
4498,41.903165894925834,12.514084371621305,-30.469420982121683
4499,41.903165591218134,12.514085658798344,-29.435079566383255
4500,41.90316531301733,12.51408695933677,-28.37753466546943
4501,41.90316505538513,12.514088320237057,-27.299667161264985
4502,41.903164794619784,12.51408970656586,-26.22141103958554
4503,41.90316453327099,12.514091137134033,-25.138345998847843
4504,41.90316429956049,12.5140926206405,-24.035099758302355
4505,41.9031640659312,12.514094119898274,-22.92453201868774
4506,41.90316386250001,12.514095639453314,-21.78246982545643
4507,41.90316367643053,12.514097194313965,-20.62174306747669
4508,41.903163505705365,12.514098761820074,-19.467754136162526
4509,41.903163341880735,12.51410033532847,-18.31792010450225
4510,41.903163214303476,12.51410196599703,-17.180669535356685
4511,41.90316311028635,12.514103668621836,-16.03356762179171
4512,41.90316301222813,12.514105360993598,-14.901055661770936
4513,41.903162931616976,12.5141070665972,-13.76788485590992
4514,41.90316287306831,12.51410877262918,-12.64578116102719
4515,41.90316283858207,12.514110484180302,-11.544665581654456
4516,41.90316280012928,12.514112224610779,-10.461039515721614
4517,41.90316280831854,12.514113987315612,-9.414500372680017
4518,41.9031628146506,12.514115782961131,-8.36745856207671
4519,41.903162873164234,12.51411758359132,-7.322899029901558
4520,41.90316296114535,12.514119375639677,-6.302159641019252
4521,41.903163061405486,12.514121224852552,-5.284630489055427
4522,41.90316319011121,12.514123140335824,-4.27232093628812
4523,41.90316335378671,12.514125091329069,-3.234555726903679
4524,41.9031635548863,12.514127045413932,-2.1965763738253217
4525,41.90316375987011,12.514128989192463,-1.1484280422523898
4526,41.90316400363639,12.514130945758124,-0.11031650064790184
4527,41.903164243547906,12.514132913561943,0.9121473265781598
4528,41.903164503430766,12.514134943607754,1.9181510017873582
4529,41.90316475295059,12.514136984930948,2.8990255781406296
4530,41.90316506491166,12.514139027563928,3.873669342916044
4531,41.90316537583983,12.514141123847653,4.840960125241667
4532,41.903165716599794,12.514143210596014,5.779022259093784
4533,41.90316606759566,12.514145299954066,6.692825525233627
4534,41.90316645168985,12.5141474539465,7.571708131973138
4535,41.90316685551358,12.514149584976382,8.421875963233662
4536,41.90316728803534,12.514151788699259,9.234210209425923
4537,41.903167716228886,12.514153967191627,10.014079424625786
4538,41.90316821598192,12.514156156640235,10.771980813225806
4539,41.90316865508181,12.514158295901616,11.48332661329992
4540,41.90316912024491,12.514160466665851,12.150281071309127
4541,41.9031696086793,12.514162681447333,12.759922981329295
4542,41.903170099156554,12.51416489868346,13.301939688127815
4543,41.90317060982462,12.514167125383329,13.789607320132063
4544,41.90317115868379,12.51416939133064,14.255255898023577
4545,41.90317170906311,12.514171702405564,14.685347224959886
4546,41.90317226186053,12.514174063241546,15.095509886805333
4547,41.90317282198317,12.514176399243294,15.488628985145052
4548,41.903173403868415,12.51417874222183,15.8758750614516
4549,41.90317397580927,12.514181072185087,16.23319399025303
4550,41.90317452387879,12.514183356707365,16.58994806461404
4551,41.90317511016078,12.514185677664889,16.928217679448778
4552,41.90317571463199,12.514188016949227,17.262967020077507
4553,41.90317634632161,12.514190350390363,17.591674447894746
4554,41.90317696032874,12.514192698856693,17.91006986264108
4555,41.90317759643549,12.514195090304195,18.21119996589175
4556,41.90317825549028,12.514197445706104,18.50467213941355
4557,41.90317891187449,12.514199838086931,18.782702172214226
4558,41.903179572858555,12.514202193348808,19.05077228027296
4559,41.90318023279287,12.514204549854801,19.321400550112983
4560,41.90318092636001,12.514206904829281,19.57678887599917
4561,41.90318160503219,12.514209261837635,19.83466902869442
4562,41.90318230017185,12.514211635279162,20.075094398570222
4563,41.90318299109831,12.514214000831092,20.29092538692214
4564,41.90318370179497,12.514216378521132,20.497963315792195
4565,41.903184418487115,12.51421877786411,20.7003013628947
4566,41.903185173853814,12.514221142184956,20.884418169711793
4567,41.903185903264806,12.514223537425996,21.06509419923597
4568,41.90318664213549,12.514225874323678,21.222156579196405
4569,41.90318738660915,12.51422824033932,21.38935661101419
4570,41.903188145026064,12.514230632590566,21.55026049072572
4571,41.90318890882655,12.51423307944134,21.687411425917617
4572,41.90318969148902,12.51423553005988,21.820987044908755
4573,41.903190462061865,12.514237990310964,21.94092193880254
4574,41.90319122345181,12.514240442887212,22.043331387800237
4575,41.90319201516724,12.514242898057581,22.147490984375736
4576,41.903192805247016,12.514245325942595,22.22300984323793
4577,41.90319361304053,12.51424775677538,22.309387897333966
4578,41.903194403467815,12.514250234738023,22.376695652635117
4579,41.903195216582546,12.51425277043903,22.414272926396343
4580,41.90319602642474,12.514255234919148,22.425800977616046
4581,41.903196802423196,12.514257740606475,22.422960527206822
4582,41.9031975852038,12.514260225388826,22.381030808081224
4583,41.90319838123031,12.514262774005429,22.34279875197161
4584,41.90319915441106,12.514265295869512,22.306149937165777
4585,41.9031999455249,12.514267836138096,22.25203860078031
4586,41.90320073089062,12.514270409269349,22.209165615863363
4587,41.9032015399942,12.51427301445764,22.1550606282199
4588,41.90320233378496,12.514275593704161,22.11113746847089
4589,41.90320309563214,12.514278106152966,22.06613979592438
4590,41.903203870445374,12.514280654470804,22.002058043534916
4591,41.90320463877937,12.51428316996306,21.939289708069666
4592,41.90320539656435,12.514285756990715,21.864068193593752
4593,41.90320617688817,12.51428829800853,21.768441151403724
4594,41.90320695134741,12.514290924097399,21.693493794718478
4595,41.90320771671825,12.514293507029386,21.597263912483665
4596,41.90320848583009,12.514296117490636,21.50325801897323
4597,41.903209261291614,12.514298709924471,21.409298715607
4598,41.903209974151856,12.514301293818015,21.318910375918858
4599,41.90321072994995,12.514303924779059,21.210833765707005
4600,41.903211441472216,12.514306485755148,21.127435856123068
4601,41.903212192817044,12.514309067872118,21.04110608106498
4602,41.90321293360987,12.51431168430853,20.956484514642863
4603,41.903213665550226,12.51431432566929,20.87713058240259
4604,41.90321440060244,12.514316906306906,20.80691486555255
4605,41.90321515751999,12.514319551452028,20.72187700698257
4606,41.903215876540536,12.514322143328277,20.646848207316282
4607,41.90321660987174,12.514324801869487,20.57963155207098
4608,41.9032173356439,12.514327393357709,20.53892572142663
4609,41.90321804164869,12.514329985928025,20.502512710889892
4610,41.90321880244056,12.514332641218994,20.46475955272261
4611,41.903219532581744,12.514335282536358,20.43409626315614
4612,41.90322027430615,12.514337877376143,20.402069395874662
4613,41.903221006058146,12.514340479415532,20.387430687547848
4614,41.90322174969564,12.514343114934144,20.401843917974833
4615,41.90322248233043,12.514345676492054,20.404432078414708
4616,41.903223189799206,12.514348205321445,20.413227961954608
4617,41.90322393276764,12.514350800239518,20.41787740146266
4618,41.90322465549339,12.514353325897408,20.42789262352526
4619,41.903225361998146,12.514355875420888,20.449076745126984
4620,41.903226081170345,12.514358395555188,20.4465042872118
4621,41.90322680171381,12.514360914935109,20.439069023187997
4622,41.90322751868301,12.514363508159503,20.446655432385462
4623,41.90322819717472,12.514365995477434,20.450563539897324
4624,41.90322891809696,12.51436853800611,20.484157274236615
4625,41.90322959153228,12.51437103419875,20.50546434807995
4626,41.9032302921197,12.51437350913263,20.543597065630006
4627,41.90323097365837,12.514375944598406,20.588186584931773
4628,41.90323164975274,12.514378362062939,20.639419048358306
4629,41.90323234808265,12.514380780589507,20.711447053962267
4630,41.90323303912301,12.514383169693314,20.763376913120993
4631,41.903233732437855,12.514385528792412,20.830011327066583
4632,41.903234410242376,12.514387864328736,20.875178790986983
4633,41.903235071915674,12.514390122687603,20.932415823325496
4634,41.903235751383654,12.514392461464553,20.997461788663593
4635,41.90323643498382,12.514394675389594,21.045167861072102
4636,41.90323710029475,12.514396913978045,21.098496453723172
4637,41.90323777458215,12.514399130607783,21.14341287169923
4638,41.903238403096005,12.514401332922155,21.20043863745957
4639,41.90323905473435,12.514403534486322,21.245249916740004
4640,41.90323973460909,12.514405776505512,21.28665495883406
4641,41.90324041805907,12.514407997117827,21.3100157210688
4642,41.9032410555022,12.514410145679307,21.334568112551285
4643,41.90324169511335,12.514412234135397,21.365487036035738
4644,41.903242333510356,12.514414337353793,21.394179281754564
4645,41.903242935200254,12.514416358398092,21.42477261593372
4646,41.90324355311247,12.514418472589979,21.442210101461598
4647,41.903244153350116,12.514420505964925,21.442192838083564
4648,41.90324476789098,12.514422584906614,21.449923082767178
4649,41.903245368570964,12.514424601568164,21.46098609412326
4650,41.903245974529696,12.5144266355104,21.46460007416506
4651,41.90324657950635,12.514428683380247,21.45617938276536
4652,41.903247191635714,12.514430660432062,21.42441872622433
4653,41.90324777537742,12.514432572735949,21.3850856036394
4654,41.9032483537224,12.514434513061937,21.33926945379344
4655,41.90324892529962,12.514436412477584,21.28874022505631
4656,41.9032494936722,12.514438283902509,21.239525045046307
4657,41.90325003813405,12.514440139831171,21.176010562475263
4658,41.90325057335136,12.51444199360544,21.114460225948893
4659,41.903251162355936,12.514443971574597,21.037698731324184
4660,41.90325169225098,12.514445861753027,20.964090933695893
4661,41.90325221323657,12.514447796144477,20.891712813224956
4662,41.90325274469296,12.514449756540316,20.821945116945553
4663,41.903253275322406,12.514451616626781,20.768786763530958
4664,41.90325382642026,12.514453534399959,20.722652017494536
4665,41.90325433269705,12.514455409573454,20.681935622213356
4666,41.903254822652904,12.514457258251982,20.643757874687047
4667,41.903255297138095,12.514459146446008,20.60228367121341
4668,41.90325576731578,12.514460830275539,20.559187056708325
4669,41.903256248678964,12.514462710199574,20.528319727631253
4670,41.903256753743975,12.514464534600727,20.469869976212284
4671,41.90325724956724,12.514466450043011,20.437061848633945
4672,41.903257771307985,12.514468337290614,20.39769201578449
4673,41.90325825739713,12.514470103469058,20.367507749718786
4674,41.90325879480481,12.51447196673876,20.33905078722231
4675,41.90325933586551,12.514473796557423,20.296079827625565
4676,41.90325984886247,12.51447561146875,20.283285996227484
4677,41.90326038240634,12.514477388896697,20.27491244432734
4678,41.903260880042616,12.51447907985794,20.27850032888647
4679,41.90326140845758,12.514480881408954,20.304980060188086
4680,41.9032619189545,12.51448263026946,20.349255822184766
4681,41.90326240589237,12.514484421245246,20.43202430211187
4682,41.903262910405736,12.514486259435674,20.534750825157964
4683,41.90326342211282,12.51448802805657,20.652721851711473
4684,41.90326392874918,12.514489808887863,20.791479026252496
4685,41.9032644358971,12.514491484328666,20.975589122288405
4686,41.90326495417341,12.514493185291693,21.220146757598222
4687,41.90326549081098,12.514494846333067,21.49769377659293
4688,41.903266028198246,12.514496498418778,21.823555675813964
4689,41.90326657996945,12.514498135707985,22.159967649938714
4690,41.90326713861834,12.514499664524996,22.52123199576972
4691,41.90326769520075,12.514501259537385,22.922345440498717
4692,41.90326827980238,12.514502795944868,23.352540248304546
4693,41.90326887200217,12.514504314182064,23.843834074268873
4694,41.903269498820976,12.514505918069249,24.35818702126855
4695,41.903270103367824,12.514507370997507,24.894189647414436
4696,41.90327072648151,12.514508879018235,25.472153190605166
4697,41.903271352803834,12.514510273245946,26.067097978640554
4698,41.90327200088797,12.514511667577825,26.712165751990337
4699,41.90327265968926,12.51451304571637,27.37547032816457
4700,41.903273320199794,12.514514338552088,28.06820729100086
4701,41.903274008217174,12.514515667270977,28.807767934676686
4702,41.90327472169501,12.51451696371017,29.56757898788673
4703,41.90327547178107,12.514518201501799,30.37719012516904
4704,41.903276237595556,12.514519392656618,31.19840768829514
4705,41.90327703310156,12.514520525100293,32.028994177634786
4706,41.903277846809395,12.514521703574028,32.89861595390676
4707,41.90327867870046,12.514522865500302,33.800660801114915
4708,41.90327951437842,12.514524000802465,34.74632772847505
4709,41.90328035178403,12.514525092737516,35.716303277257985
4710,41.90328121282346,12.514526138228755,36.70773458314132
4711,41.90328207762446,12.514527238973091,37.73457084614229
4712,41.903282908804975,12.514528279746408,38.77848403665191
4713,41.9032837962034,12.51452925231147,39.84208772166949
4714,41.903284705208456,12.514530190611946,40.960984219081254
4715,41.90328564615871,12.514531057054333,42.09440259886419
4716,41.90328660214688,12.514531967297549,43.27232270688119
4717,41.90328755611685,12.514532799193201,44.468434741247535
4718,41.90328852060911,12.514533588955068,45.689888908440125
4719,41.90328949122681,12.514534369192168,46.91250507144862
4720,41.903290474262036,12.51453511046176,48.12501297485885
4721,41.903291470726806,12.514535816261153,49.34689108119747
4722,41.90329252913574,12.514536483093304,50.581060156829835
4723,41.90329356874718,12.514537127516737,51.86165870330235
4724,41.90329464116328,12.514537715013017,53.159856920259536
4725,41.90329565342634,12.514538206067506,54.465042625167634
4726,41.903296703027415,12.514538715777816,55.78644586159631
4727,41.90329776723507,12.51453917470831,57.111078618540404
4728,41.903298842292294,12.51453959683899,58.451583066595205
4729,41.903299940239165,12.514539998403315,59.805227382845736
4730,41.90330104438492,12.514540367611549,61.18404514423571
4731,41.90330215730206,12.514540783124668,62.55791070783591
4732,41.903303244959986,12.514541145528227,63.89998767140384
4733,41.90330439174177,12.514541461734412,65.25245226865644
4734,41.90330557928693,12.514541739756755,66.6076750973777
4735,41.90330673102231,12.514542023502047,67.9841852340028
4736,41.9033079270865,12.514542268616832,69.3731491548272
4737,41.90330909014638,12.5145424476175,70.7557946105938
4738,41.90331032062392,12.514542575567589,72.12985655631711
4739,41.90331153466785,12.51454263973591,73.48068597480281
4740,41.90331276064624,12.514542645516393,74.82985349067808
4741,41.903314053024545,12.514542637049562,76.17537156806813
4742,41.903315323626366,12.514542593975863,77.50818141638888
4743,41.90331661204297,12.514542507113543,78.83215579313203
4744,41.90331786660988,12.514542427317943,80.12673924537188
4745,41.90331915056906,12.514542322957288,81.40440555038128
4746,41.903320473535544,12.514542205965006,82.65182307577551
4747,41.90332179484418,12.51454206885354,83.88743906312773
4748,41.90332314310523,12.514541929439618,85.1185697034908
4749,41.9033244624265,12.514541748672006,86.31428427983607
4750,41.90332581486966,12.514541582418463,87.476309119242
4751,41.90332717969336,12.514541354766127,88.58052645870426
4752,41.90332856144061,12.51454107523823,89.66227073277985
4753,41.903329945862914,12.5145407656335,90.70694877943451
4754,41.90333134852457,12.514540409999148,91.73967369389493
4755,41.90333275064389,12.514540040094733,92.74243566265872
4756,41.903334181676875,12.51453960354491,93.71458740221479
4757,41.903335573875246,12.514539166254705,94.65271090182361
4758,41.90333701289136,12.514538717991444,95.57611853470551
4759,41.90333843406693,12.514538242615409,96.48613526554182
4760,41.90333989710814,12.514537705207857,97.38531204399028
4761,41.90334134431133,12.514537174135036,98.24922984138388
4762,41.90334280367751,12.514536631802724,99.10494380156109
4763,41.90334428510103,12.514536095864322,99.91678971569227
4764,41.90334578846541,12.514535568367625,100.69096386249892
4765,41.9033472774853,12.51453502222395,101.39604536517861
4766,41.90334867891481,12.514534307010807,102.01629326952873
4767,41.90335014143258,12.51453360798585,102.66275647393155
4768,41.9033516015882,12.514532964268163,103.26316965292139
4769,41.90335311474125,12.514532224690686,103.84912481581878
4770,41.903354655663485,12.514531506490059,104.43069173842082
4771,41.90335619788787,12.514530800069307,104.93909021653968
4772,41.90335775546015,12.514530009962035,105.4105529947446
4773,41.90335934251237,12.514529252635965,105.89130592632404
4774,41.903360984788875,12.514528565743351,106.35464034422642
4775,41.903362601934695,12.514527785287306,106.79990728595547
4776,41.90336417313241,12.51452695744859,107.2239782107254
4777,41.903365782190775,12.514526230644394,107.6333980738691
4778,41.90336739186323,12.514525491548694,107.97213080541799
4779,41.903369081605405,12.514524584674149,108.2617956653193
4780,41.903370770359075,12.514523674151134,108.53705962549215
4781,41.90337252430674,12.514522791604275,108.760672313662
4782,41.90337420922272,12.51452187896524,108.95431034780195
4783,41.903375799450316,12.514521027851277,109.17791102701646
4784,41.90337733285908,12.51452016451828,109.36707677372692
4785,41.90337879436002,12.514519391528344,109.54387975800205
4786,41.90338026061487,12.514518640655016,109.7098101761792
4787,41.903381792826906,12.514517895051323,109.86701566208467
4788,41.903383331779246,12.514517086616102,110.00121829325525
4789,41.90338494557959,12.514516294690551,110.14231065786323
4790,41.903386607253665,12.514515511211588,110.27170372008392
4791,41.90338820828397,12.514514663410907,110.38955817045365
4792,41.90338975293,12.514513796861758,110.47473169122891
4793,41.90339121914804,12.514513009980915,110.55812610441073
4794,41.90339276677369,12.514512213911493,110.67002183105348
4795,41.90339428754078,12.514511397297433,110.75676312736708
4796,41.903395818304126,12.514510595579996,110.86408837609736
4797,41.90339743881319,12.514509777372954,110.93280382713402
4798,41.90339907850408,12.514508919200491,110.97016307975746
4799,41.903400791886746,12.514508013769266,111.0287251644938
4800,41.90340241810434,12.514507134864473,111.0493288559364
4801,41.90340404591533,12.514506270289438,111.08288755503092
4802,41.90340568723647,12.514505400482129,111.09913383430668
4803,41.90340725156697,12.514504530277016,111.1237449193514
4804,41.903408901776345,12.5145036848883,111.16790080782879
4805,41.90341047866645,12.51450281303591,111.181924027091
4806,41.90341212639039,12.5145019713484,111.22764028535615
4807,41.90341377433056,12.514501093821993,111.24663032591958
4808,41.903415403304116,12.51450020672599,111.26715467737168
4809,41.90341712423048,12.51449933806754,111.30325387228109
4810,41.90341879400527,12.514498431515552,111.31581303164815
4811,41.903420507548965,12.514497530345698,111.35255289935046
4812,41.90342224789989,12.514496595892007,111.36836457334861
4813,41.903423940412516,12.514495657814832,111.40521007810318
4814,41.90342569613665,12.51449473061229,111.42970308578775
4815,41.90342740321755,12.514493799285324,111.43215742792013
4816,41.903429167924514,12.514492826153695,111.46342575915156
4817,41.90343089228636,12.514491873355313,111.45305650974659
4818,41.90343270492734,12.514490884885486,111.44746369606155
4819,41.903434519218436,12.514489896680661,111.42441938029829
4820,41.903436303237456,12.514488944982572,111.39849559195954
4821,41.90343817389516,12.514487986124374,111.3827522475646
4822,41.903440023862245,12.514487016140915,111.3482359595438
4823,41.903441886369876,12.514486026315414,111.31968164007016
4824,41.90344377796683,12.514485030143724,111.29488563486335
4825,41.903445657315714,12.514484049135321,111.26792043578293
4826,41.903447574129224,12.514483051694654,111.24557052744692
4827,41.9034494958167,12.514482027747853,111.22678317526483
4828,41.90345143545791,12.51448099804102,111.21006108475137
4829,41.90345340966352,12.514479969201384,111.18817866224518
4830,41.90345537763667,12.514478941172547,111.16568236262292
4831,41.90345737563503,12.514477900788703,111.12894150011118
4832,41.90345935890358,12.514476873896683,111.09226956391939
4833,41.90346136902396,12.514475810535451,111.06017216607617
4834,41.90346338849094,12.514474766000866,111.04022448884865
4835,41.903465445183755,12.514473696350343,111.01521685833433
4836,41.903467513925875,12.514472659586017,110.99607323633735
4837,41.903469569597874,12.514471599279029,110.98222871390675
4838,41.90347166145471,12.514470523925358,110.94541953886355
4839,41.903473759734766,12.514469460370366,110.91460576249013
4840,41.903475860780276,12.514468337773446,110.88063741842618
4841,41.90347796070416,12.514467263707683,110.85795212719717
4842,41.90348010078726,12.514466150177794,110.8399950214909
4843,41.9034822992815,12.514465042132155,110.81349889609085
4844,41.90348444958483,12.51446393770457,110.79625944110535
4845,41.90348660863458,12.51446284787911,110.76546040178813
4846,41.90348881885736,12.514461702595046,110.7300938454329
4847,41.90349099362598,12.514460586020657,110.69770029172756
4848,41.90349326428495,12.514459444929848,110.66005559081611
4849,41.90349546771818,12.514458324255846,110.62858132364804
4850,41.90349774460175,12.514457143364506,110.59908531851862
4851,41.903499985415024,12.514455997740622,110.57787525534528
4852,41.9035022546906,12.514454869541597,110.55486055241764
4853,41.9035045452731,12.514453723117013,110.53444033506085
4854,41.90350681681701,12.514452531303204,110.52096276985235
4855,41.90350912773789,12.514451370244357,110.50452180965584
4856,41.903511443144346,12.514450155415522,110.4971063531575
4857,41.90351375094272,12.514449013312438,110.48644609339459
4858,41.9035160811028,12.514447830644661,110.45383777846351
4859,41.903518330173334,12.514446685523819,110.43108459909391
4860,41.90352063013153,12.514445511158566,110.42259890286512
4861,41.90352293895506,12.514444380680235,110.41503845304837
4862,41.90352528902623,12.514443196000485,110.39908313586257
4863,41.90352760734594,12.514442039034428,110.38869781585218
4864,41.903529911804725,12.51444086248899,110.40139971461852
4865,41.903532186797605,12.514439729261179,110.41205951235175
4866,41.90353449422691,12.514438574006622,110.41707055420336
4867,41.9035367858833,12.514437398914541,110.43840510631959
4868,41.90353912420498,12.5144361985854,110.43054787635326
4869,41.90354142827421,12.514435032062629,110.4239267925401
4870,41.90354372336802,12.514433908508224,110.43855534865729
4871,41.90354601029152,12.514432722631772,110.43601192796586
4872,41.90354828825938,12.514431525161188,110.44694463601948
4873,41.90355061132423,12.514430365629234,110.43127566820685
4874,41.903552915135215,12.514429221413058,110.43276667883455
4875,41.90355523264537,12.514428040933828,110.44125384020013
4876,41.90355753049953,12.514426875809628,110.44575426728653
4877,41.90355985205946,12.514425713219689,110.43492520650571
4878,41.903562150693865,12.514424557504357,110.40898188110413
4879,41.90356449302685,12.51442339493167,110.39059372254917
4880,41.90356680317358,12.51442221462491,110.37041684516278
4881,41.90356911199187,12.514421077092557,110.35885149692011
4882,41.90357141523276,12.514419931414965,110.3491897997293
4883,41.90357376005085,12.514418748442157,110.34656049204322
4884,41.903576041494446,12.51441760934992,110.33069441827432
4885,41.90357837579291,12.514416449563013,110.31489200068745
4886,41.90358067831979,12.514415273142848,110.31254613332345
4887,41.90358297527052,12.514414112903408,110.30081592576327
4888,41.903585280806524,12.514412959087004,110.29460152530964
4889,41.90358757165803,12.51441181988172,110.28693836980345
4890,41.903589862384464,12.514410662855783,110.28440486509358
4891,41.903592107804876,12.514409528032806,110.26460077547856
4892,41.90359436827579,12.51440837078043,110.2595357342816
4893,41.90359665204491,12.514407217415496,110.23353598471954
4894,41.90359890112067,12.514406115001474,110.22034495391583
4895,41.903601184192745,12.514405026070168,110.19188009620132
4896,41.90360340364594,12.514403907772845,110.18852415697266
4897,41.90360566635003,12.514402803065314,110.17399225437326
4898,41.903607919439054,12.514401727440102,110.1399646469896
4899,41.90361013285109,12.51440061775357,110.11923002805808
4900,41.9036123901027,12.51439952160291,110.10630451394431
4901,41.90361459910372,12.514398439677173,110.08545072623592
4902,41.90361681848375,12.514397366660077,110.07238078587217
4903,41.90361904676205,12.514396299328332,110.04844467176481
4904,41.90362125160286,12.514395234025907,110.03392737766441
4905,41.903623440704365,12.514394168222857,110.01029064927354
4906,41.90362561456559,12.514393112025553,109.99942031727531
4907,41.90362779016809,12.514392098751301,109.97989709243357
4908,41.90362994725932,12.514391029858718,109.95980086586779
4909,41.90363210770348,12.514390005615313,109.95883578339003
4910,41.90363425935126,12.514388951567762,109.94527520095671
4911,41.90363640812121,12.514387926864746,109.92979415938794
4912,41.903638531724795,12.514386873000106,109.91485382480319
4913,41.90364064945108,12.514385855356753,109.90346650509896
4914,41.90364274841431,12.514384868213627,109.89513434499182
4915,41.90364482748461,12.514383855019092,109.87914693723212
4916,41.9036469108079,12.514382854153233,109.86074344110197
4917,41.90364895639867,12.514381876953538,109.85486742365802
4918,41.9036510170871,12.51438086452704,109.84131096562616
4919,41.903653017458815,12.514379918054923,109.83067628093046
4920,41.903655031381525,12.514378964110918,109.81869227672608
4921,41.90365703261741,12.51437798733181,109.80352233040516
4922,41.90365902745648,12.514377044022451,109.79616867218729
4923,41.90366097469434,12.514376120856832,109.77662183359251
4924,41.90366292949971,12.514375172286368,109.7624951319978
4925,41.90366483699572,12.514374247338818,109.75397773925984
4926,41.9036667369337,12.514373322916644,109.74112722177847
4927,41.90366860924408,12.514372419432847,109.74046848807686
4928,41.90367045691929,12.514371547411296,109.71871854382204
4929,41.903672308052116,12.514370679227815,109.7148223621594
4930,41.903674156175136,12.514369800844406,109.72240067151024
4931,41.90367574150444,12.514369045854172,109.74504515881662
4932,41.90367751790214,12.51436818786886,109.80879639516336
4933,41.90367916614232,12.514367428918058,109.85128082188196
4934,41.90368083792201,12.514366620001677,109.92237356781786
4935,41.90368252350255,12.514365854835669,109.99354879261358
4936,41.90368414003296,12.514365107262469,110.06351072108878
4937,41.903685752716186,12.514364284052332,110.15741403596452
4938,41.90368731809442,12.51436347759829,110.2882345584646
4939,41.90368892295912,12.514362580713414,110.45797019505906
4940,41.9036905377387,12.514361713377571,110.60471823102738
4941,41.90369205355352,12.514360825490197,110.79916972273841
4942,41.903693604444065,12.514359941014764,110.93983600756673
4943,41.90369514698694,12.514359056407068,111.09487373019896
4944,41.90369662592609,12.514358219973,111.23394836795808
4945,41.90369806878747,12.514357400982764,111.42037616669103
4946,41.903699646865924,12.514356520506796,111.5665234587346
4947,41.90370102728003,12.514355769106903,111.70517821620953
4948,41.90370246467047,12.514354986337297,111.82899412774282
4949,41.90370380986533,12.514354276068492,111.94134570132248
4950,41.903705192670486,12.514353522288623,112.0636386051569
4951,41.90370649340152,12.514352750443555,112.17204044941164
4952,41.9037077787305,12.51435201349108,112.27818028319228
4953,41.90370897843806,12.514351306090859,112.38595066698332
4954,41.90371020284574,12.514350539551131,112.50517500061096
4955,41.90371143905044,12.5143498189404,112.63575650560317
4956,41.903712621273264,12.514349113520765,112.78084483563322
4957,41.903713793598584,12.514348407909031,112.92890301560169
4958,41.903714986691675,12.514347711361292,113.08877107220748
4959,41.903716176278934,12.51434701710898,113.2478439199725
4960,41.903717322160325,12.514346335649432,113.40179170181328
4961,41.903718457705615,12.51434563544438,113.60119621033056
4962,41.90371967042135,12.514344919858763,113.78405997200483
4963,41.903720793518445,12.51434421683651,113.98911157020875
4964,41.90372192095058,12.514343484201456,114.20067583127093
4965,41.90372304880493,12.514342768394654,114.40031235627889
4966,41.90372413741318,12.514342058939791,114.62275801432114
4967,41.90372524204852,12.514341283207733,114.85936501437956
4968,41.90372628628126,12.514340525166842,115.12094175954566
4969,41.90372734701701,12.51433972642844,115.39315512128191
4970,41.903728441337854,12.514339000784663,115.64136668955325
4971,41.90372948685202,12.514338247304593,115.92047013576101
4972,41.90373057816885,12.51433745729518,116.19084083407053
4973,41.90373160531197,12.514336729998758,116.47052728032679
4974,41.903732669096364,12.514335913203597,116.77135141917522
4975,41.90373369025925,12.514335181875245,117.06502248191211
4976,41.90373471746085,12.514334372726315,117.38173778324317
4977,41.90373577283728,12.514333585499784,117.684333589444
4978,41.903736775288245,12.514332792045725,117.99695997606307
4979,41.90373779063364,12.514331981146244,118.30845806386715
4980,41.90373877476665,12.514331152644026,118.63024086843893
4981,41.903739771274886,12.514330335495272,118.97699139696161
4982,41.903740760858575,12.51432949415435,119.336567117057
4983,41.90374172621603,12.514328657530166,119.708837675263
4984,41.9037426857927,12.514327777166853,120.07245309205814
4985,41.90374364404316,12.51432690095322,120.43818409368991
4986,41.903744611877094,12.51432600532679,120.82960136244094
4987,41.90374557559326,12.514325106646556,121.25480801056366
4988,41.90374651661777,12.514324206073598,121.71550647666116
4989,41.90374744722286,12.514323266149843,122.20147354359082
4990,41.90374837391989,12.514322378118013,122.69536136222035
4991,41.90374925515404,12.51432141762718,123.21187445151007
4992,41.90375018222417,12.514320509704188,123.74117449282878
4993,41.903751091384365,12.514319542211565,124.30581726168467
4994,41.90375198568487,12.514318527323118,124.89963275368038
4995,41.90375285758907,12.514317534837792,125.50015330986452
4996,41.90375371364755,12.514316477237807,126.12489222071754
4997,41.90375454030835,12.514315423246627,126.74458366618181
4998,41.903755365578355,12.514314332592692,127.39923576349987
4999,41.90375618127788,12.51431322295197,128.06120526026527
5000,41.9037569602621,12.514312115583069,128.73188497747583
5001,41.90375771544599,12.51431095406592,129.4213792413516
5002,41.90375849656674,12.514309834874766,130.11120228758784
5003,41.90375925195727,12.514308654026914,130.80624938085674
5004,41.90376004289627,12.514307492554705,131.50266596252905
5005,41.90376079190709,12.514306330726455,132.20191567702506
5006,41.903761528637666,12.514305138052936,132.9146119816668
5007,41.90376225828972,12.514303948500956,133.63357577431188
5008,41.90376298742473,12.514302711275175,134.3643403805463
5009,41.90376370580311,12.514301437902045,135.09861993493902
5010,41.90376437399547,12.51430018167208,135.83826664050756
5011,41.903765058249725,12.514298888676752,136.58081995636877
5012,41.90376569820804,12.51429759569072,137.3200789570265
5013,41.90376634575898,12.514296272287448,138.07720150546092
5014,41.903767007546065,12.5142949341166,138.83647597112807
5015,41.90376762258485,12.514293626395952,139.60448497995654
5016,41.90376827429469,12.514292284132845,140.388198541114
5017,41.903768870835655,12.51429091965506,141.1928387734138
5018,41.90376948444053,12.51428952444907,142.02072813917073
5019,41.90377008422736,12.514288130239118,142.87000052599217
5020,41.9037706560175,12.51428670891048,143.7501344701598
5021,41.90377122156165,12.514285311412635,144.61671757112296
5022,41.903771756718214,12.514283911455774,145.48311667970512
5023,41.903772338211866,12.514282526168897,146.3920548592829
5024,41.90377287884285,12.514281117837411,147.3674525203084
5025,41.90377334549556,12.514279658775614,148.42019119017888
5026,41.90377382099273,12.514278188865402,149.490555590025
5027,41.90377424087949,12.514276730585388,150.52658554320882
5028,41.90377464296367,12.514275172404973,151.5558797060536
5029,41.90377501120417,12.514273648614694,152.57106786341635
5030,41.90377535017993,12.514272043015705,153.62339865283394
5031,41.9037756086457,12.51427047326687,154.66168728645985
5032,41.90377578628591,12.514268892995567,155.75513091733225
5033,41.903776023219905,12.514267232400229,156.8727992457821
5034,41.90377619819402,12.514265661800563,158.00096730290156
5035,41.90377638571665,12.514264044832984,159.14780085457463
5036,41.90377651753559,12.514262412742935,160.2999279653419
5037,41.90377667490962,12.51426067654295,161.4840800436623
5038,41.90377681305899,12.514258844866072,162.7440607271414
5039,41.90377693522951,12.514257095074775,164.02603895023302
5040,41.903777071611984,12.514255338501503,165.25668462109613
5041,41.90377713960035,12.51425362395593,166.4390090945482
5042,41.903777188842604,12.514251837842574,167.63491790053132
5043,41.90377723423789,12.514250037133026,168.87209392914585
5044,41.903777218465684,12.514248261792481,170.15853427148787
5045,41.90377714614585,12.514246530071246,171.43249547560134
5046,41.90377705639777,12.514244704347574,172.71476661787509
5047,41.90377695148991,12.514242861757252,173.98064972576122
5048,41.90377675207155,12.51424109108106,175.20621535576828
5049,41.903776526070175,12.514239248857054,176.4286242855049
5050,41.903776282091314,12.514237395655359,177.62987571811806
5051,41.903776180219985,12.514235497697666,178.8344797647367
5052,41.903775869925795,12.514233634808868,179.97631670776792
5053,41.90377562813317,12.514231772323726,-178.8672990404126
5054,41.9037752927447,12.514229986955185,-177.80500963893834
5055,41.903774968501445,12.514228142679153,-176.71944202084106
5056,41.90377462007946,12.514226309243277,-175.59759914648572
5057,41.90377425785957,12.514224492929683,-174.4402294490251
5058,41.9037738756682,12.514222650575503,-173.3052251532877
5059,41.90377347920671,12.514220758234838,-172.20799620420766
5060,41.90377305556974,12.514218883415941,-171.1508907240604
5061,41.90377263011934,12.514216940802013,-170.10873429303544
5062,41.90377214298487,12.514215069256547,-169.1083616448711
5063,41.903771626181864,12.514213123385757,-168.13283157622166
5064,41.903771136345235,12.514211229578846,-167.17834242745644
5065,41.90377060254238,12.514209307400156,-166.22213407309667
5066,41.90377006717949,12.514207408864069,-165.312276616034
5067,41.90376948435047,12.514205450311847,-164.45107435419237
5068,41.90376891208736,12.514203471670283,-163.60389417714728
5069,41.90376824950056,12.514201461690392,-162.8069366871673
5070,41.903767643451516,12.514199449829887,-162.0155694984659
5071,41.90376701965987,12.51419751220282,-161.29712168326066
5072,41.903766342279205,12.514195486196718,-160.63494176260974
5073,41.90376569925198,12.514193497444827,-160.01755570635538
5074,41.90376499224025,12.514191479324223,-159.44640691799748
5075,41.90376432180055,12.51418948137289,-158.91441769113513
5076,41.90376362339549,12.514187446141175,-158.41624357673967
5077,41.903762887407645,12.514185327821133,-157.9503451485826
5078,41.90376215801436,12.51418324465191,-157.51749875542347
5079,41.903761380310065,12.514181054026789,-157.11863846221055
5080,41.90376060234851,12.514178917750385,-156.76407576313414
5081,41.903759793245634,12.514176696156417,-156.4669372239659
5082,41.903758997204996,12.514174530771434,-156.20669024737057
5083,41.90375820415861,12.514172357149603,-155.98351714445627
5084,41.903757388876,12.514170162917855,-155.78850416909282
5085,41.90375662219425,12.514167993529211,-155.62703761415418
5086,41.90375579964264,12.514165782532675,-155.47095662293754
5087,41.90375501955689,12.514163563657256,-155.33573429049915
5088,41.90375423924013,12.514161225105752,-155.21429145933067
5089,41.903753420706586,12.51415889819146,-155.09247601648877
5090,41.90375262283253,12.514156619555088,-154.9674885121456
5091,41.903751764395686,12.51415426078086,-154.85702632557735
5092,41.9037509153398,12.514151907299873,-154.73711909222473
5093,41.9037500368943,12.514149565975538,-154.62986953920463
5094,41.90374911732828,12.51414719528801,-154.5290032575479
5095,41.903748224985215,12.51414480852233,-154.41726846379828
5096,41.903747322571384,12.514142360866709,-154.34479959615174
5097,41.903746382235454,12.514139955870133,-154.2885334417632
5098,41.9037454907201,12.51413755849026,-154.26627025680875
5099,41.90374457356316,12.514135047170463,-154.28562503658134
5100,41.9037436727404,12.514132583804466,-154.31530737018232
5101,41.90374271995692,12.514130039933358,-154.36338151514113
5102,41.90374179848544,12.514127490311422,-154.41481385899664
5103,41.90374090237104,12.514124954061213,-154.4739007309765
5104,41.90373997157676,12.51412233255748,-154.53031293705874
5105,41.90373908325737,12.51411979905526,-154.57676427434066
5106,41.9037381726214,12.514117172006278,-154.631860706465
5107,41.90373728930528,12.514114573034771,-154.68099870715605
5108,41.90373637222399,12.514111948267638,-154.7333716863966
5109,41.903735437749006,12.51410931791895,-154.7778520621064
5110,41.90373451680002,12.514106692923072,-154.8190768421171
5111,41.9037335604226,12.514103962954792,-154.8602395413249
5112,41.90373261415932,12.514101294670786,-154.89028353784212
5113,41.90373163936901,12.514098578874448,-154.93967841227035
5114,41.903730655134396,12.514095824768557,-154.97985854056367
5115,41.9037296813328,12.514093068206533,-155.03221083984363
5116,41.903728719631076,12.514090264046457,-155.07209037530444
5117,41.90372776214973,12.514087461090956,-155.10734484270932
5118,41.90372679205562,12.514084596287248,-155.1194193297539
5119,41.90372581493572,12.51408175688066,-155.11380435805205
5120,41.903724827583055,12.514078887004828,-155.10588066212628
5121,41.90372383185369,12.514076064281305,-155.087490165243
5122,41.90372282688154,12.514073238931156,-155.08997561948797
5123,41.90372179957605,12.514070409817744,-155.11813873407206
5124,41.903720795717696,12.514067584735118,-155.14617865174193
5125,41.90371980882999,12.514064681610604,-155.20919253624487
5126,41.90371879431691,12.514061770453061,-155.2782940724681
5127,41.90371778927174,12.51405885712003,-155.36057007721004
5128,41.90371675106651,12.514055884355884,-155.45047840360226
5129,41.90371577285977,12.514052941833391,-155.5416144856658
5130,41.903714763942546,12.514049949166719,-155.63387398078436
5131,41.90371377074092,12.514047009244512,-155.71130698297264
5132,41.903712787135234,12.514044025341736,-155.8035673221481
5133,41.903711783578316,12.514041042256602,-155.91924066268297
5134,41.90371079298752,12.514038036408442,-156.05053318823306
5135,41.90370977488565,12.514034987604433,-156.19651070063532
5136,41.903708779864395,12.514031957572646,-156.34664202217482
5137,41.90370778690073,12.514028889162912,-156.50156553059708
5138,41.90370680297095,12.514025762221456,-156.65592395473192
5139,41.90370583594801,12.514022670209973,-156.8149859033329
5140,41.903704860746295,12.514019563990548,-156.98649180318168
5141,41.90370389763899,12.514016448481597,-157.15684812998913
5142,41.90370291532593,12.514013303392563,-157.32858943607286
5143,41.90370196829773,12.514010128706573,-157.49807746272268
5144,41.903701023579266,12.514006963459252,-157.65598857968305
5145,41.90370008110466,12.514003805686764,-157.82377080443536
5146,41.903699132840295,12.51400064903189,-157.9761195873679
5147,41.90369819827011,12.513997473810187,-158.15048196898016
5148,41.903697254968456,12.513994247205863,-158.32850113529736
5149,41.90369635236954,12.513991032746898,-158.49031426987617
5150,41.90369544079579,12.51398778510935,-158.64864557589257
5151,41.90369451175884,12.51398456493252,-158.79605118222648
5152,41.9036936126343,12.513981326294472,-158.94367115447315
5153,41.90369269191692,12.51397802681895,-159.07758440824125
5154,41.90369179403721,12.513974716177485,-159.19392514640114
5155,41.90369090531044,12.513971377346843,-159.29146858512112
5156,41.90369002562788,12.513968005121177,-159.36573670899745
5157,41.9036891198623,12.513964660031698,-159.42152639637533
5158,41.90368818918201,12.513961309142166,-159.4662744718024
5159,41.90368728238568,12.51395796613429,-159.51177304950747
5160,41.90368635254918,12.513954625746804,-159.54914236812218
5161,41.90368542518456,12.513951291715365,-159.5671203841661
5162,41.9036844851676,12.51394792250834,-159.5605154531774
5163,41.90368356207416,12.513944615095406,-159.5397609004102
5164,41.90368260466568,12.51394129648936,-159.52309362647384
5165,41.90368166598904,12.513937963797925,-159.5063961776657
5166,41.90368073841241,12.51393465540416,-159.50432999077825
5167,41.903679806240575,12.513931298609771,-159.49707752569458
5168,41.90367888740865,12.513927952638014,-159.48343715253154
5169,41.90367794475662,12.51392457657977,-159.46249713333265
5170,41.903676989602474,12.51392120981548,-159.43960408576623
5171,41.90367602732544,12.513917852127092,-159.4041232589356
5172,41.903675052513776,12.513914451862043,-159.3605705860578
5173,41.90367406904568,12.513911077492832,-159.30613132134934
5174,41.90367311032738,12.513907708554143,-159.2421825244893
5175,41.90367211820931,12.51390432269552,-159.18045481958177
5176,41.90367114939429,12.513900971743393,-159.12742020737895
5177,41.903670167764744,12.513897574217467,-159.07859613777197
5178,41.90366919345658,12.51389420379094,-159.0235809337289
5179,41.90366820512782,12.513890825704491,-158.97377211373444
5180,41.903667225143145,12.513887451804775,-158.90368149925175
5181,41.9036662200478,12.51388408454185,-158.8380425098905
5182,41.903665234830655,12.513880704717854,-158.7757079725671
5183,41.90366420963278,12.513877358358908,-158.70860189318168
5184,41.903663182081104,12.513873967249939,-158.6432040124899
5185,41.903662172723365,12.513870593481931,-158.57566065579732
5186,41.90366114969781,12.513867201459501,-158.50181392506025
5187,41.903660115029325,12.513863784395854,-158.42470040873744
5188,41.90365911110087,12.513860401291826,-158.36282081747316
5189,41.90365810022449,12.513857018053157,-158.30577896710415
5190,41.903657079016604,12.513853601649414,-158.24509610040346
5191,41.9036560812451,12.51385025431253,-158.18458136543433
5192,41.90365505551859,12.513846836011366,-158.11856386951823
5193,41.90365399545814,12.513843453228246,-158.04667886071445
5194,41.903652936748344,12.513840056192434,-157.98841352401445
5195,41.9036518704802,12.513836667495724,-157.9253058360332
5196,41.903650792912586,12.513833228463833,-157.868606840405
5197,41.903649720152046,12.513829802241746,-157.8037941178085
5198,41.903648656515415,12.51382635138046,-157.7487309914637
5199,41.903647596163744,12.513822954675828,-157.7048697945532
5200,41.90364650876606,12.513819509243502,-157.66498002560397
5201,41.90364542917396,12.513816109688984,-157.63102273828162
5202,41.90364435802757,12.513812637470433,-157.59041748911463
5203,41.90364330253018,12.513809227215646,-157.5429670610896
5204,41.90364221862159,12.51380580660371,-157.5009351891927
5205,41.90364113237073,12.51380242070856,-157.46793123221914
5206,41.9036400362811,12.513799041986987,-157.43440260679958
5207,41.90363894003767,12.513795628536736,-157.41618005060215
5208,41.903637857806686,12.5137921669478,-157.39931189069713
5209,41.90363681627254,12.513788720519354,-157.39141551537537
5210,41.90363576985316,12.51378527733946,-157.3917283972559
5211,41.90363467912849,12.513781831945728,-157.39970951632085
5212,41.90363360629727,12.513778404213959,-157.41392023935256
5213,41.903632537545164,12.513774918728455,-157.42485901094184
5214,41.903631444086116,12.513771415652306,-157.43054740204147
5215,41.90363035578283,12.513767947646071,-157.4101189058084
5216,41.90362925400026,12.513764478960148,-157.40186762517172
5217,41.903628173506725,12.513761040220492,-157.3933591450331
5218,41.903627072351604,12.513757604535714,-157.39479047842812
5219,41.90362597083352,12.5137541800291,-157.39945776760328
5220,41.90362487404819,12.513750715376414,-157.40238639504068
5221,41.903623813452306,12.513747305533354,-157.39575842853978
5222,41.90362276466234,12.513743975583733,-157.37939674729532
5223,41.903621664660484,12.51374050337922,-157.38480361361502
5224,41.90362057332476,12.51373707718821,-157.38870924596665
5225,41.903619448801884,12.51373349081243,-157.39639217437255
5226,41.90361834698194,12.513729948964844,-157.38491885516558
5227,41.903617217108305,12.513726339635943,-157.38727125766115
5228,41.903616103207206,12.513722765835109,-157.3561820090369
5229,41.90361495997581,12.513719076459001,-157.36457604841178
5230,41.90361383381315,12.513715394044711,-157.35700661527756
5231,41.90361272337239,12.51371177560422,-157.34152873822626
5232,41.903611582090505,12.513708179307384,-157.34619697616506
5233,41.90361051554517,12.513704652075038,-157.33256463906852
5234,41.903609426938424,12.51370109421086,-157.33394567028037
5235,41.90360835464578,12.513697614131356,-157.3363657438394
5236,41.9036072715868,12.513694069662897,-157.3284935769539
5237,41.90360620566355,12.513690575256899,-157.320742735965
5238,41.90360517004573,12.513687069477175,-157.30547632386123
5239,41.90360407396094,12.51368349754805,-157.30505889205895
5240,41.90360298429468,12.513679995539322,-157.30186605881693
5241,41.90360189623639,12.513676388715716,-157.2941462843752
5242,41.90360075960099,12.513672815394969,-157.29164049078156
5243,41.903599701926865,12.513669229935696,-157.2754606791389
5244,41.90359856646435,12.51366559219669,-157.28176959550856
5245,41.903597485978125,12.51366201137595,-157.2822200781452
5246,41.90359635984595,12.513658322860996,-157.3067547710511
5247,41.90359520192519,12.51365473382054,-157.3334452876081
5248,41.903594104649045,12.51365107683471,-157.3468700839261
5249,41.903592961491505,12.513647420316444,-157.37448817322974
5250,41.903591854537,12.513643791642851,-157.4029551846331
5251,41.90359073139366,12.513640067256599,-157.41986511231673
5252,41.9035896246621,12.513636475289411,-157.46481495303738
5253,41.903588569322054,12.513632747523559,-157.5004686726818
5254,41.90358740972542,12.513629161274691,-157.54646195721364
5255,41.903586307914054,12.513625519413694,-157.58441114079466
5256,41.90358521078509,12.513621838295268,-157.5986445265094
5257,41.903584067468074,12.513618250109749,-157.6467723941364
5258,41.90358296831343,12.51361457090415,-157.65433467374518
5259,41.90358183342231,12.51361095462937,-157.69928952514013
5260,41.90358073698475,12.513607345863813,-157.72647173779333
5261,41.90357962197427,12.513603633897064,-157.74944704296055
5262,41.903578475586826,12.513600049219137,-157.80364864376412
5263,41.90357735794453,12.51359632703708,-157.83369838153627
5264,41.90357620768471,12.513592693705696,-157.86240868045812
5265,41.90357509128126,12.5135890230569,-157.88290106816805
5266,41.9035739485424,12.513585249195534,-157.90144681903226
5267,41.903572821955706,12.513581566489815,-157.94352578357748
5268,41.90357167752256,12.513577788508162,-157.97106329736476
5269,41.903570527620204,12.513574047070055,-157.9979163792898
5270,41.9035693922428,12.513570279996673,-158.0183209220986
5271,41.9035682320275,12.513566505928571,-158.04275632552765
5272,41.903567097406366,12.51356277514443,-158.0656545976867
5273,41.90356597009209,12.513559022513235,-158.08292694707205
5274,41.903564830982496,12.513555225043032,-158.1087381790509
5275,41.90356372599227,12.513551487046856,-158.1257532915037
5276,41.903562574594915,12.513547725008152,-158.14546879319298
5277,41.9035614333372,12.513543984641954,-158.1678165176194
5278,41.90356031546572,12.513540111469588,-158.1831102953828
5279,41.90355917181198,12.513536262899933,-158.19729502320897
5280,41.90355802740126,12.51353240923554,-158.20039387215272
5281,41.90355686829827,12.513528548782956,-158.2107271294316
5282,41.90355571464652,12.513524741067195,-158.2128762254501
5283,41.903554570761244,12.51352096300688,-158.20470698714465
5284,41.90355344432702,12.513517167051532,-158.17025872526693
5285,41.90355232489627,12.513513376145738,-158.11914688716502
5286,41.90355119696036,12.513509639174858,-158.05466590355198
5287,41.90355005727898,12.513505889936496,-157.97876883436155
5288,41.90354886547233,12.513502068050826,-157.89663591574796
5289,41.90354768041534,12.513498261852092,-157.80201042470304
5290,41.903546498119844,12.513494376514556,-157.67210067682592
5291,41.90354526524636,12.513490484664475,-157.56249052748282
5292,41.90354404254729,12.513486608027902,-157.43864334767903
5293,41.9035427505756,12.51348263227183,-157.3532215493138
5294,41.90354151953041,12.51347886217482,-157.26693539231616
5295,41.90354030095677,12.513475012321116,-157.16990791593398
5296,41.90353910163484,12.513471231082198,-157.08869310322788
5297,41.90353789386956,12.513467439844828,-157.00261207759925
5298,41.90353668751162,12.513463662494152,-156.92349786065577
5299,41.90353544130974,12.513459974229912,-156.86907482331048
5300,41.90353423874476,12.51345615349941,-156.78068510194026
5301,41.90353303412615,12.513452540945758,-156.74350800989632
5302,41.90353184200359,12.51344874916808,-156.67813702755956
5303,41.903530622395486,12.513444949499695,-156.65583050047417
5304,41.9035294250962,12.513441229324087,-156.67370449847456
5305,41.90352823304322,12.513437408353516,-156.68669942063872
5306,41.90352697696172,12.513433649605723,-156.72701070206918
5307,41.903525743026265,12.513429869539635,-156.7378712901822
5308,41.90352449460781,12.513426060436819,-156.7657775917966
5309,41.90352327283751,12.513422293400659,-156.7813358207705
5310,41.90352204932662,12.513418406987528,-156.77916879372398
5311,41.9035208530971,12.51341463734313,-156.78959293681405
5312,41.90351965662082,12.513410816052057,-156.78214630915602
5313,41.903518423834186,12.513407019756421,-156.7794738181152
5314,41.903517188196616,12.513403066418041,-156.80180921868785
5315,41.90351590964978,12.513399477207125,-156.84285905930665
5316,41.903514691150924,12.51339593674089,-156.84662851533184
5317,41.9035135530431,12.513392444300212,-156.87457257808794
5318,41.90351240558397,12.513388932555396,-156.9334434661359
5319,41.90351134480664,12.513385256172798,-156.95246433480693
5320,41.903510095300994,12.513381533850051,-157.03355971141391
5321,41.90350903735838,12.513377821258098,-157.05208505642756
5322,41.90350769704277,12.513373601057285,-157.0895596387584
5323,41.90350646427116,12.51336971197189,-157.06781183662565
5324,41.90350513281773,12.513365630110561,-157.03877158622194
5325,41.903503838240105,12.513361714094058,-157.0175506576891
5326,41.9035025964059,12.513357896019556,-156.99857994142928
5327,41.903501508981336,12.513354446893471,-157.00629038485368
5328,41.903500461012335,12.513351017017552,-157.0226332717412
5329,41.90349938219388,12.513347630379325,-157.05921556908783
5330,41.903498291000766,12.513344180940441,-157.07741857371286
5331,41.9034971466436,12.513340570067836,-157.1008336564524
5332,41.903496005794814,12.513336964603747,-157.11228443638743
5333,41.903494792743835,12.51333306592504,-157.14366775346036
5334,41.903493571404184,12.513329209600556,-157.16759084269498
5335,41.903492364079376,12.51332540165223,-157.21070472411205
5336,41.90349112306917,12.513321614845601,-157.2432820734282
5337,41.90348996641235,12.513317970685646,-157.2692746448292
5338,41.90348877944257,12.513314231425536,-157.31003163801526
5339,41.90348762777737,12.513310532612612,-157.32806694086904
5340,41.90348645048823,12.513306754469507,-157.37063081910472
5341,41.90348527584085,12.513302993911779,-157.39965597236744
5342,41.90348414296421,12.513299317370658,-157.44314103096022
5343,41.90348296711314,12.513295526832037,-157.49036664984075
5344,41.90348181500029,12.513291878935416,-157.50601191600603
5345,41.9034806744196,12.513288279950025,-157.52285362807334
5346,41.90347956650603,12.513284658805555,-157.53399483952873
5347,41.90347846221714,12.513281041635889,-157.53732257855478
5348,41.90347733823241,12.513277365423418,-157.55267772864278
5349,41.903476235786336,12.513273739180395,-157.57471558681246
5350,41.903475091489256,12.513269999089351,-157.61133834150462
5351,41.903473930096666,12.513266261509212,-157.62941940693648
5352,41.90347278565321,12.51326252777117,-157.648316644351
5353,41.903471627347464,12.513258750002132,-157.66706531131533
5354,41.90347051781606,12.513255098750008,-157.67984460584918
5355,41.90346935566348,12.513251345643626,-157.69999075570544
5356,41.90346822131437,12.513247639503128,-157.73435230927532
5357,41.90346711854791,12.513243963592423,-157.76724537874517
5358,41.903466013697866,12.513240253098536,-157.78754146453335
5359,41.90346494060012,12.513236621856972,-157.81352187168162
5360,41.903463814544075,12.513232897691786,-157.8370913820587
5361,41.90346271103017,12.513229206632452,-157.86559705975006
5362,41.9034616020783,12.513225514816739,-157.89397590416604
5363,41.903460464553994,12.51322171909295,-157.914941144045
5364,41.90345935958023,12.513218050563466,-157.93919672125568
5365,41.90345819545318,12.513214230630208,-157.95953378315085
5366,41.90345707799776,12.513210565586688,-157.99023649789763
5367,41.90345595123132,12.51320685115179,-158.02099305609147
5368,41.90345481816944,12.513203118216392,-158.05214576816806
5369,41.9034537030547,12.513199435377587,-158.07871499067946
5370,41.90345257060465,12.513195755342366,-158.10054004792997
5371,41.90345144269358,12.513192068039857,-158.1279516487762
5372,41.90345032415738,12.513188399935398,-158.16025061817254
5373,41.90344919124491,12.513184705239397,-158.1887259712194
5374,41.90344807446231,12.513181101613918,-158.21255534501478
5375,41.903446943171694,12.513177357908832,-158.23695498876927
5376,41.903445829431774,12.51317363275208,-158.27473779713054
5377,41.903444726363915,12.513169876691999,-158.30827585283964
5378,41.90344360302667,12.513166078999426,-158.3419380855514
5379,41.90344252436671,12.513162364770738,-158.38520791115926
5380,41.903441414111036,12.513158595348868,-158.42314080700027
5381,41.90344032650176,12.51315486896108,-158.45686157277297
5382,41.90343922028833,12.513151103675087,-158.49076119108886
5383,41.90343813253309,12.513147345913056,-158.53093477458344
5384,41.903437038150756,12.513143626762519,-158.55286650602102
5385,41.90343595072641,12.513139866794623,-158.5833396945966
5386,41.90343484444568,12.513136127500234,-158.60638501772056
5387,41.90343375667142,12.513132397192374,-158.63550409010492
5388,41.90343268600715,12.51312869526333,-158.6704591315882
5389,41.90343160224473,12.513124988492397,-158.69196735280838
5390,41.90343053159065,12.513121294453295,-158.72429857739326
5391,41.90342946689369,12.513117592974561,-158.75866535714238
5392,41.90342841681849,12.51311388920744,-158.7925642690153
5393,41.90342735165889,12.513110169409538,-158.83053685899063
5394,41.90342630144692,12.513106452408357,-158.85565422076866
5395,41.90342526540521,12.513102753339268,-158.8752824621272
5396,41.90342422964163,12.513099074844112,-158.87915726259234
5397,41.90342317696203,12.513095369310248,-158.89346845407218
5398,41.90342216618383,12.513091753809858,-158.9064840341321
5399,41.90342112421866,12.51308806272495,-158.92227384662277
5400,41.903420102358496,12.513084409595033,-158.93430093964727
5401,41.90341909105412,12.513080791323189,-158.93974316330468
5402,41.90341807748239,12.513077172096384,-158.94607308314045
5403,41.903417062552826,12.513073604823882,-158.9547999831345
5404,41.903416054097654,12.513070027118903,-158.97464257313928
5405,41.90341503943992,12.513066466834273,-158.9836287237634
5406,41.903414026834035,12.513062871671316,-158.99061165654683
5407,41.90341306564384,12.513059382881888,-159.00274248057866
5408,41.90341209111408,12.513055859171613,-159.00977114761187
5409,41.90341111730778,12.513052397692809,-159.01371688888176
5410,41.90341012343978,12.513048910429642,-159.02543680572512
5411,41.90340913297693,12.513045476309701,-159.02462520081167
5412,41.90340815853697,12.513042082511358,-159.02805296160886
5413,41.903407193341216,12.513038722060902,-159.02855612649734
5414,41.90340623255442,12.513035419406803,-159.03256954213379
5415,41.90340527405732,12.513032063650737,-159.03741105865768
5416,41.903404336815754,12.513028746832845,-159.04951871019503
5417,41.90340339268654,12.513025444979382,-159.051796829792
5418,41.90340244269773,12.513022169732206,-159.04660686676968
5419,41.90340148200256,12.513018893776621,-159.0452822019944
5420,41.90340054306894,12.513015635129186,-159.04289034017344
5421,41.903399621002535,12.51301242357013,-159.0469163386505
5422,41.90339871850351,12.513009222652297,-159.0545536533881
5423,41.90339784089149,12.513006075470232,-159.05446115434495
5424,41.90339693995691,12.513002927370867,-159.03966337434628
5425,41.90339603895296,12.512999829345171,-159.02678638149257
5426,41.90339513933841,12.512996714503315,-159.0189512158854
5427,41.90339423904641,12.512993675826758,-159.011765944545
5428,41.90339332983315,12.512990621869662,-159.00759134849548
5429,41.903392436677464,12.5129876197618,-158.9985818083906
5430,41.903391542617065,12.512984667120854,-158.98353049088183
5431,41.90339068367871,12.5129817502066,-158.9661068364233
5432,41.90338978078085,12.512978781481175,-158.9384609560137
5433,41.90338893909698,12.512975845169008,-158.9231205436661
5434,41.90338807545819,12.512972904790011,-158.95414648632325
5435,41.90338727683881,12.512970181721135,-158.9684256817833
5436,41.90338651156185,12.51296750526007,-158.99657278841994
5437,41.903385774696794,12.512964841987095,-159.0048813645545
5438,41.90338500481887,12.51296213727829,-159.0248559275346
5439,41.9033842600675,12.512959474913183,-159.0217884668911
5440,41.90338345482393,12.512956648786455,-159.0340706596535
5441,41.903382634125144,12.512953797011749,-159.04247743389348
5442,41.90338181982003,12.51295089728747,-159.04946161818336
5443,41.90338099991776,12.51294801691144,-159.04958249980322
5444,41.90338020198877,12.51294519693268,-159.0045555020783
5445,41.90337932329959,12.512942171520965,-159.01343539611634
5446,41.90337854779218,12.51293942642141,-158.97094420426475
5447,41.903377776869,12.51293664046234,-158.99524721345242
5448,41.90337707122693,12.512934106315589,-158.97217759847757
5449,41.903376324698904,12.512931468599891,-158.98225248679216
5450,41.90337560419604,12.512928898801896,-159.03381809264252
5451,41.90337491596979,12.512926425368084,-159.01494029338886
5452,41.903374193275845,12.512923797829012,-159.05768775853144
5453,41.90337357356505,12.512921459446543,-159.04708586162923
5454,41.903372892675186,12.5129189235207,-159.10817493296202
5455,41.90337228086881,12.512916557820324,-159.1285213825476
5456,41.90337162134065,12.512914080533696,-159.12170305073934
5457,41.903370888936266,12.512911442533408,-159.1757407293153
5458,41.90337017541403,12.51290895015976,-159.1594933473081
5459,41.9033693644862,12.512906248411669,-159.22395387883068
5460,41.90336864675879,12.512903782680866,-159.28097177621763
5461,41.903367915624955,12.512901307520833,-159.34931918905042
5462,41.903367173541504,12.512898760048108,-159.43664489786156
5463,41.903366521399896,12.51289639097744,-159.4709848432002
5464,41.90336578365414,12.51289377524826,-159.53456975550935
5465,41.90336512633923,12.512891391307756,-159.54733747243225
5466,41.90336439502869,12.512888804476434,-159.6125878419862
5467,41.90336371597136,12.51288631778879,-159.6859064373018
5468,41.90336303584314,12.5128838181607,-159.73589491299873
5469,41.9033623163101,12.51288124160479,-159.82319881607526
5470,41.90336165440043,12.51287878821956,-159.87356105803477
5471,41.9033609675987,12.512876180727122,-159.92850438476765
5472,41.90336036948173,12.512873631075376,-159.97311956478404
5473,41.90335970248242,12.512870995427987,-159.98502527790265
5474,41.90335900273006,12.512868435256127,-160.01601491773317
5475,41.9033582903662,12.512865923149525,-160.06313044621672
5476,41.90335753928177,12.51286346241442,-160.09321122298462
5477,41.9033567992759,12.512860983488714,-160.11039241703196
5478,41.90335607496607,12.512858516008533,-160.08061427606413
5479,41.90335530829328,12.512855960293752,-160.09676501635528
5480,41.90335461815523,12.51285341869999,-160.11586154283106
5481,41.90335388667578,12.512850730922022,-160.1421248415607
5482,41.90335322395328,12.512848057082087,-160.15408751997737
5483,41.90335256708933,12.512845428867701,-160.13661595781815
5484,41.90335188896828,12.51284278213739,-160.13750963898082
5485,41.90335122765357,12.512840170625926,-160.14579827125
5486,41.90335048726236,12.512837478626132,-160.13372822062865
5487,41.90334973870872,12.512834797619078,-160.10619238458884
5488,41.903349005286785,12.51283214113013,-160.04504803685046
5489,41.90334821460582,12.51282944312203,-160.01016854821071
5490,41.903347489940025,12.512826811251216,-159.97287858952672
5491,41.903346703782645,12.51282408097908,-159.94982006127321
5492,41.903345981164875,12.512821444867622,-159.92397076153696
5493,41.90334523859321,12.512818760510104,-159.89813394939318
5494,41.9033444787806,12.512816071765974,-159.8731067840162
5495,41.9033437587396,12.512813410239115,-159.8360437954603
5496,41.903342989301535,12.512810664647741,-159.80830029880363
5497,41.903342256290685,12.512807973607574,-159.76808090527632
5498,41.90334148954989,12.512805187804604,-159.7292099331498
5499,41.90334069874018,12.51280241776661,-159.69278685756348
5500,41.90333993085348,12.512799676191019,-159.6447468389209
5501,41.90333911348238,12.512796866111367,-159.60666881878075
5502,41.90333832901509,12.512794129422756,-159.55620364774623
5503,41.9033375337445,12.512791320729942,-159.50385270968658
5504,41.90333675390195,12.51278856812752,-159.44450883191743
5505,41.90333595884179,12.51278579210925,-159.3751000373597
5506,41.90333515672437,12.512783012913573,-159.30530000229254
5507,41.90333436435375,12.512780238509453,-159.22125400611
5508,41.90333353474349,12.512777392959695,-159.13737660589183
5509,41.90333270671563,12.512774582972373,-159.0539154982997
5510,41.90333189084799,12.512771772085408,-158.97262064848
5511,41.90333104843023,12.512768935597157,-158.88401472054858
5512,41.903330224037795,12.512766126436446,-158.78141670387447
5513,41.90332938532824,12.512763282266238,-158.68052082038838
5514,41.90332853336615,12.512760511476445,-158.57120883556175
5515,41.903327686166584,12.512757745886596,-158.4626314890109
5516,41.90332685818361,12.512755020112786,-158.34359602402787
5517,41.90332601271013,12.5127522937571,-158.21569367319088
5518,41.90332517345986,12.512749574000498,-158.08291517255242
5519,41.90332434301946,12.512746894065577,-157.94224676953758
5520,41.90332348724085,12.512744187357018,-157.78840467932616
5521,41.90332261465321,12.512741507488904,-157.63090067691033
5522,41.90332177148522,12.512738883771807,-157.4404479073918
5523,41.90332089225706,12.512736218085907,-157.26430951664125
5524,41.90332004064323,12.51273363951842,-157.05476228029158
5525,41.903319143517884,12.512731018225953,-156.82843536565625
5526,41.90331825542808,12.51272842219712,-156.58673879638607
5527,41.90331737316876,12.51272586403336,-156.31185593026606
5528,41.90331648021423,12.512723322612677,-156.0168982202
5529,41.90331555296094,12.512720786937901,-155.6723706542324
5530,41.9033146518782,12.512718326281055,-155.3093749679512
5531,41.90331369865103,12.512715848512636,-154.9184492399128
5532,41.90331274275477,12.512713438186344,-154.48561503188043
5533,41.903311786469125,12.512711025635566,-154.03131034581344
5534,41.90331080731318,12.512708602500092,-153.54635133691528
5535,41.90330980937685,12.512706254179792,-153.03080938578594
5536,41.903308787109964,12.512703914277742,-152.49211737593342
5537,41.90330776098112,12.512701630362919,-151.92249959194984
5538,41.90330668704129,12.512699342860552,-151.33667760081386
5539,41.90330561217882,12.512697098451238,-150.70263480852734
5540,41.903304494216385,12.512694896104856,-150.03066133196285
5541,41.90330338420937,12.512692746995898,-149.32564835220987
5542,41.90330225621655,12.512690632985905,-148.58382753377379
5543,41.90330110358347,12.512688506598911,-147.8175029352916
5544,41.90329994083537,12.51268648712424,-146.9983236589257
5545,41.90329873405637,12.512684448549008,-146.15845467961796
5546,41.903297545439415,12.51268249555682,-145.28322299038905
5547,41.90329629238069,12.512680492222945,-144.39259305503523
5548,41.903295028930216,12.512678568335934,-143.47015744669199
5549,41.9032937211914,12.512676670635113,-142.51430076931345
5550,41.90329237197329,12.51267479634558,-141.53358452511208
5551,41.90329099198312,12.512672978072757,-140.52196997009924
5552,41.90328956383541,12.512671158078598,-139.4760672253711
5553,41.903288132759684,12.512669403254788,-138.4147932734482
5554,41.9032866746542,12.512667655575628,-137.32996562037687
5555,41.90328518455428,12.512665970698793,-136.20949701553863
5556,41.9032836925366,12.512664324899857,-135.04737260991365
5557,41.90328215697903,12.512662740915962,-133.8409436279957
5558,41.90328058417754,12.512661199317252,-132.60254099262977
5559,41.90327899841855,12.512659683902656,-131.32714788219954
5560,41.90327737186473,12.512658230404432,-130.02288592429375
5561,41.903275723864105,12.51265685381866,-128.68944026539992
5562,41.90327402428023,12.512655490230744,-127.34032744107512
5563,41.90327232510451,12.512654237581735,-125.97804423905329
5564,41.903270571526306,12.512653007769226,-124.61817501804514
5565,41.90326882324844,12.512651874844439,-123.26055796751575
5566,41.90326702455924,12.512650798624666,-121.89579780021694
5567,41.90326522585677,12.512649802187408,-120.52779611514386
5568,41.90326341826295,12.512648857237606,-119.1637507920205
5569,41.90326156936716,12.5126479293824,-117.78348459970331
5570,41.90325977397649,12.512646998035327,-116.4087817502457
5571,41.9032579254307,12.51264621008896,-115.0333752788515
5572,41.90325603060365,12.512645388714784,-113.66579422684539
5573,41.90325411012903,12.512644701322378,-112.29323612329202
5574,41.90325212117706,12.512644045957424,-110.93639650346269
5575,41.90325016478635,12.512643552311166,-109.56654721727506
5576,41.9032481634604,12.512643083045534,-108.21004547102625
5577,41.903246167566365,12.5126427314196,-106.84643230215949
5578,41.90324416319125,12.512642437570676,-105.46304182105628
5579,41.90324212509502,12.512642142815618,-104.08401119908
5580,41.90324008169845,12.512641841380303,-102.71295860761474
5581,41.903237997143336,12.51264160786424,-101.35209304102122
5582,41.90323591829998,12.512641379876909,-100.03820504411524
5583,41.90323386174184,12.512641254205757,-98.78007914027562
5584,41.90323183735083,12.512641177825417,-97.58199682607945
5585,41.9032297554868,12.512641185003723,-96.4200351366123
5586,41.903227673910585,12.512641195872039,-95.29282148311094
5587,41.90322560663965,12.512641307791974,-94.1856935577319
5588,41.90322350070704,12.512641423599426,-93.12833216988307
5589,41.903221405487045,12.512641598780665,-92.12389354435436
5590,41.90321928086284,12.512641801667062,-91.17009789716103
5591,41.903217165471865,12.512642037311917,-90.2539498300228
5592,41.903215009366356,12.512642274023309,-89.37097215971477
5593,41.903212875356395,12.512642546997036,-88.54551228474105
5594,41.9032106933146,12.512642829007977,-87.72622417717217
5595,41.90320854785106,12.512643179649864,-86.97132149275603
5596,41.90320632805958,12.51264345656509,-86.20538771682806
5597,41.90320415145038,12.512643880707738,-85.47438454114645
5598,41.903201914890545,12.5126442586872,-84.72827276322057
5599,41.90319969904476,12.512644700137793,-83.99900231104706
5600,41.90319747062938,12.512645173651968,-83.25175543899373
5601,41.9031952443997,12.512645683760168,-82.5227043854845
5602,41.90319304003893,12.512646301441167,-81.78145407542394
5603,41.90319083255005,12.512646891865092,-81.05524760077438
5604,41.90318860942406,12.51264757991202,-80.3399691321384
5605,41.903186398962596,12.512648293784778,-79.64511972652872
5606,41.903184158591536,12.51264912560593,-78.96716532391955
5607,41.90318191233769,12.512649956001747,-78.27998383536928
5608,41.903179653435544,12.512650747582892,-77.61833645335811
5609,41.90317735930448,12.512651614819777,-76.97939746415547
5610,41.903175088513656,12.512652432518495,-76.36054219829487
5611,41.903172810545186,12.512653329032178,-75.78534527600813
5612,41.9031705033701,12.512654192377195,-75.20059333333718
5613,41.90316824336655,12.512655157767856,-74.68702343685928
5614,41.90316598075415,12.5126561363059,-74.12869956353693
5615,41.90316371521188,12.51265718153525,-73.6120618261179
5616,41.90316147020282,12.512658273494916,-73.0775171496179
5617,41.90315922088896,12.512659342793096,-72.57300065344229
5618,41.90315694410934,12.512660507580401,-72.08085514746946
5619,41.90315467403009,12.512661569803265,-71.62432458825553
5620,41.90315237314248,12.51266270403328,-71.18845508454716
5621,41.90315007083075,12.51266383800221,-70.78778871384166
5622,41.90314776275362,12.512664966076336,-70.3928997938321
5623,41.90314543056685,12.512666177163645,-70.03498649764356
5624,41.90314306555338,12.512667426605761,-69.69294218384036
5625,41.90314069814621,12.51266865249244,-69.38383477675856
5626,41.90313831297947,12.51266994198319,-69.09245764467066
5627,41.90313595938763,12.512671216963104,-68.81339560857805
5628,41.903133598140805,12.51267251663105,-68.55287165788212
5629,41.903131280711996,12.512673822797614,-68.29549659646817
5630,41.903128931005334,12.51267513571619,-68.05929549856093
5631,41.90312660987796,12.51267649486169,-67.86727407254847
5632,41.903124252970315,12.512677843210135,-67.69716526698984
5633,41.903121882548206,12.512679203653672,-67.56145017066892
5634,41.90311949619931,12.512680558584544,-67.4615410456853
5635,41.9031170999773,12.512681859641066,-67.37402412358635
5636,41.90311464964925,12.512683281522293,-67.34390912791922
5637,41.903112172628795,12.51268465222657,-67.32938566110042
5638,41.903109698124524,12.512686072119124,-67.3482437474538
5639,41.9031072302223,12.512687529407353,-67.37065627869477
5640,41.903104727917786,12.512688871500131,-67.37531715334127
5641,41.90310225220539,12.512690351999934,-67.4206524291811
5642,41.903099752887286,12.512691582527635,-67.43678437041719
5643,41.90309724287963,12.512692984561962,-67.50588232875913
5644,41.90309471736062,12.512694359868288,-67.55425019750886
5645,41.90309216608191,12.512695625696168,-67.56989383299984
5646,41.90308961981934,12.512697047414362,-67.62499579147168
5647,41.90308704288472,12.512698402292887,-67.64931353661558
5648,41.90308442577112,12.512699855469052,-67.72154788609588
5649,41.90308179384596,12.512701259948974,-67.75324159825988
5650,41.90307919407863,12.51270266215644,-67.79322267946519
5651,41.903076545072274,12.512704131335303,-67.82903318258148
5652,41.90307389415853,12.512705491159794,-67.8496335805525
5653,41.90307125656465,12.512706997023438,-67.92065266387534
5654,41.903068617712805,12.512708439878779,-67.9473213464685
5655,41.90306595484497,12.512709837696722,-68.00249673966007
5656,41.90306329838312,12.512711276606842,-68.05736591707299
5657,41.90306062731697,12.512712677234566,-68.08226245052224
5658,41.90305798359628,12.512714144958204,-68.12573515686297
5659,41.90305531970033,12.512715558051017,-68.16355526103754
5660,41.90305263982376,12.512716997911538,-68.20658214176257
5661,41.90304995404096,12.512718449333844,-68.24841180650482
5662,41.90304723910459,12.512719893575962,-68.28784551426402
5663,41.90304450242585,12.512721330839543,-68.31844333800343
5664,41.903041733362485,12.51272277932583,-68.34252669543889
5665,41.90303893823978,12.51272422934432,-68.3579104136632
5666,41.903036176642594,12.512725761577109,-68.38141651401781
5667,41.9030333622321,12.512727196250989,-68.36556122213024
5668,41.90303057088307,12.512728736558476,-68.37931186968207
5669,41.903027762241486,12.512730173423092,-68.34414864774409
5670,41.90302497845839,12.512731702043794,-68.3498971727923
5671,41.90302220961388,12.512733194700242,-68.33547644293454
5672,41.90301938746541,12.512734669683857,-68.3485408692748
5673,41.903016545849255,12.512736162359943,-68.35553167400822
5674,41.903013690301336,12.51273766717837,-68.36685974342679
5675,41.903010877462194,12.51273915519937,-68.35142285573448
5676,41.903008020247185,12.512740691701019,-68.34390179139855
5677,41.90300519498681,12.51274225859183,-68.33450102165605
5678,41.9030023077167,12.512743798725566,-68.31878721081753
5679,41.902999399827586,12.512745396041849,-68.32103288618633
5680,41.902996531590055,12.512746888028062,-68.30448066796984
5681,41.90299361318164,12.512748454532904,-68.2893613161549
5682,41.902990700535156,12.512750019906278,-68.29907739221441
5683,41.90298786269589,12.512751617746398,-68.33499612043583
5684,41.90298496271523,12.512753218180416,-68.31770420339667
5685,41.902982116244175,12.512754796960477,-68.31496160921621
5686,41.902979268368306,12.51275634464985,-68.29422031269893
5687,41.90297642476455,12.512757875732591,-68.27640394243095
5688,41.902973538067236,12.51275945443276,-68.27599933080197
5689,41.902970680003364,12.51276095572981,-68.25754295369565
5690,41.90296781054686,12.512762497163825,-68.25931314087033
5691,41.902964895790284,12.512764064903084,-68.24309500641317
5692,41.90296194581763,12.512765667473452,-68.23910333187982
5693,41.90295902469712,12.512767283161248,-68.24134098150721
5694,41.9029560852409,12.512768892026816,-68.25512841943628
5695,41.90295310441676,12.512770512757957,-68.26988213352749
5696,41.90295013846273,12.512772041112875,-68.27084260757724
5697,41.90294716117832,12.512773580667126,-68.27830223898275
5698,41.90294421032803,12.512775109433742,-68.29809012317033
5699,41.90294129782188,12.512776645431988,-68.30414455746538
5700,41.90293837942561,12.512778202680547,-68.31833805373192
5701,41.90293550498657,12.512779714059329,-68.30355152228049
5702,41.90293256705771,12.512781269694084,-68.31253353679774
5703,41.902929673227405,12.512782806241923,-68.31661178961434
5704,41.902926738106515,12.512784308632506,-68.32127835074468
5705,41.90292382956089,12.512785836926188,-68.34525739025206
5706,41.90292095708304,12.512787345188896,-68.35059374600459
5707,41.90291801001957,12.512788940487509,-68.3850826259764
5708,41.90291509785488,12.512790475354716,-68.40945461408
5709,41.9029121336738,12.512792075972408,-68.4405817235805
5710,41.90290921810288,12.512793640414358,-68.45578508370606
5711,41.90290629892497,12.51279518321224,-68.46970379897738
5712,41.9029033217233,12.512796797749118,-68.5050375087961
5713,41.902900421479494,12.512798349943647,-68.52642259123976
5714,41.902897477515275,12.512799877093864,-68.55452151226564
5715,41.902894535043025,12.512801410812695,-68.57705968240582
5716,41.902891585209034,12.512802953592018,-68.58592173072167
5717,41.902888627909235,12.512804521784192,-68.60651649684634
5718,41.9028857191487,12.512806048244821,-68.62246604606317
5719,41.902882769161145,12.512807573217652,-68.63682607537639
5720,41.9028798406829,12.51280909740576,-68.64528502541194
5721,41.90287685967254,12.512810606433662,-68.65216943704037
5722,41.902873900976424,12.512812149474287,-68.66396212360559
5723,41.902871026667555,12.512813650068404,-68.67893076931375
5724,41.902868055710805,12.512815126063323,-68.67990995801479
5725,41.90286514418483,12.512816660152883,-68.70568929798324
5726,41.90286231282601,12.512818160648361,-68.66879346999819
5727,41.9028594203793,12.512819695950679,-68.68280240172575
5728,41.90285654961946,12.512821292433987,-68.66684873938169
5729,41.90285365678583,12.512822853766009,-68.66269471131221
5730,41.90285072647382,12.512824405514184,-68.66713508790586
5731,41.9028477629568,12.512825964884442,-68.66713768165972
5732,41.90284488906282,12.512827458021823,-68.6747521191319
5733,41.902841944077444,12.51282900825932,-68.69372234915011
5734,41.90283901267451,12.512830531157379,-68.69546012965709
5735,41.9028361025537,12.512832099663553,-68.70557155971883
5736,41.90283322510044,12.512833628681097,-68.70648934980089
5737,41.902830363259646,12.51283514658082,-68.70847092010426
5738,41.902827521284465,12.512836658586577,-68.71052610066228
5739,41.902824638000865,12.51283817393182,-68.69636699942929
5740,41.90282179816566,12.512839632727786,-68.66913302760275
5741,41.90281891983269,12.512841099101992,-68.66555525296545
5742,41.90281607707565,12.512842588150187,-68.64654349848307
5743,41.9028131440231,12.512844097443843,-68.65437548794652
5744,41.902810252774444,12.512845631157845,-68.64429944501158
5745,41.902807390638394,12.51284715613908,-68.6306012271342
5746,41.90280449367919,12.512848683605622,-68.61115358848113
5747,41.90280157869792,12.512850158551137,-68.61303924363921
5748,41.902798742085004,12.51285162489295,-68.58804974069024
5749,41.90279591236705,12.512853093335684,-68.58273797930656
5750,41.90279313676503,12.512854580157722,-68.56345494455819
5751,41.9027903955331,12.512856059308035,-68.54116205731181
5752,41.90278761437921,12.512857539097473,-68.53456569037075
5753,41.90278486271343,12.512859025324655,-68.512484517174
5754,41.90278210736431,12.512860463920394,-68.49238381009538
5755,41.90277938501399,12.512861877483136,-68.47859461848918
5756,41.90277657859124,12.512863322352834,-68.47353019655492
5757,41.902773760741695,12.5128647684086,-68.48865250919027
5758,41.90277099022136,12.512866219605957,-68.49726340612189
5759,41.90276820790567,12.51286767796325,-68.5212374556627
5760,41.90276549856675,12.512869136633654,-68.53457321915224
5761,41.902762729293585,12.512870576584362,-68.54400672429011
5762,41.9027600156842,12.512871994727815,-68.56118540451686
5763,41.90275726147334,12.5128733939169,-68.57965204372209
5764,41.90275453693583,12.512874770901268,-68.59548731687
5765,41.90275182757427,12.512876108195844,-68.61702899756192
5766,41.902749135416244,12.512877456518186,-68.64758575183053
5767,41.90274647933569,12.512878812624187,-68.67844778361358
5768,41.902743873436386,12.512880170679427,-68.68698014182928
5769,41.90274125381042,12.512881520094709,-68.70128409588659
5770,41.90273866158364,12.51288287457332,-68.71562038419717
5771,41.902736081790756,12.512884216647175,-68.74218620226209
5772,41.90273351640779,12.512885532475872,-68.77536351751715
5773,41.90273098431569,12.5128868469866,-68.81234131134065
5774,41.902728436155904,12.512888163050489,-68.86338635543225
5775,41.902725914812336,12.512889459732856,-68.91523241905583
5776,41.90272336353658,12.512890788272346,-68.96147869695484
5777,41.90272083011707,12.51289209435115,-69.00432525448038
5778,41.902718295409144,12.51289336116677,-69.05532585796387
5779,41.9027158314438,12.512894630356296,-69.11043661462605
5780,41.90271339468485,12.512895864533016,-69.188876584004
5781,41.90271094426792,12.51289709784738,-69.29618865916935
5782,41.90270846806259,12.512898298842888,-69.42460905262023
5783,41.9027060450235,12.512899499009796,-69.54486210465556
5784,41.9027036041204,12.512900703052537,-69.67399528230297
5785,41.90270121146162,12.512901858337315,-69.82165282478705
5786,41.90269884970928,12.512903054834105,-69.951401467919
5787,41.902696420384395,12.512904160797094,-70.12474345406271
5788,41.9026940375251,12.512905252655703,-70.28413069635214
5789,41.90269160509739,12.512906346214045,-70.45950760617289
5790,41.90268920876949,12.512907416756477,-70.62725808883043
5791,41.90268685991154,12.512908457924421,-70.81327074556759
5792,41.90268449682124,12.512909528313353,-71.01893947686908
5793,41.9026821639297,12.512910576486414,-71.24536918513508
5794,41.902679808007996,12.51291161407079,-71.5043129308123
5795,41.90267747193899,12.512912608290252,-71.7842449698803
5796,41.90267516486198,12.512913619338558,-72.05989398669595
5797,41.902672882298894,12.512914554033673,-72.35490639069326
5798,41.90267060280899,12.512915430973376,-72.67019521037429
5799,41.90266833841377,12.512916230358611,-73.00799075814764
5800,41.9026660715709,12.512917021380655,-73.36752413315716
5801,41.90266385651022,12.512917776030596,-73.74391271059584
5802,41.90266165948195,12.512918485572365,-74.14429017442204
5803,41.90265947320456,12.512919159083337,-74.53970387108218
5804,41.902657334619924,12.512919812838016,-74.9440062751914
5805,41.90265520614903,12.512920413152862,-75.36595230776774
5806,41.90265308012648,12.512921037785905,-75.81960512804619
5807,41.90265098008883,12.512921590034045,-76.29948038718211
5808,41.90264889026781,12.512922151936337,-76.78584760207926
5809,41.90264679973112,12.512922682709409,-77.30430948974457
5810,41.902644729207154,12.512923224665867,-77.825576134225
5811,41.902642627090515,12.512923698757097,-78.37554894945475
5812,41.902640551092006,12.512924121217932,-78.94402239620548
5813,41.90263847777426,12.512924500799926,-79.518491451909
5814,41.902636436990086,12.51292480232708,-80.11161961655212
5815,41.902634410389716,12.51292509132902,-80.70717093382164
5816,41.90263242387969,12.512925357771705,-81.3169341848135
5817,41.90263042528161,12.51292555642346,-81.94561749659954
5818,41.90262845636743,12.512925755896617,-82.56662169885483
5819,41.90262649395239,12.51292589700923,-83.2175414464221
5820,41.90262460404929,12.512926071888,-83.86422173331222
5821,41.902622743681206,12.51292617782211,-84.52375825390733
5822,41.90262089576464,12.512926227934564,-85.19568793077894
5823,41.902619023277026,12.512926267188252,-85.86499163367705
5824,41.902617173564934,12.512926261738452,-86.53213493707953
5825,41.90261533989541,12.512926238822656,-87.1987234748268
5826,41.90261350250388,12.512926150461066,-87.87557399911314
5827,41.90261166163441,12.51292600668141,-88.55411184557606
5828,41.90260979711536,12.512925811904257,-89.24388707728495
5829,41.90260794177816,12.51292559752842,-89.95316290996618
5830,41.90260611101128,12.512925363565296,-90.67356199197509
5831,41.90260428801906,12.51292510565309,-91.40010287304968
5832,41.90260249560465,12.512924824776059,-92.12827471789325
5833,41.90260068993383,12.51292449806298,-92.87007920281364
5834,41.902598904461314,12.512924158778993,-93.62323892628498
5835,41.90259712277687,12.512923810320741,-94.38701699570456
5836,41.90259536824067,12.512923433915029,-95.15642017911972
5837,41.90259363184658,12.512923040238384,-95.93836326436404
5838,41.9025919093497,12.512922559833136,-96.72832458258368
5839,41.902590173646395,12.512922079261932,-97.50675964478219
5840,41.902588463620546,12.512921579022365,-98.29683866826186
5841,41.90258675062208,12.512920993992816,-99.09933581223366
5842,41.90258506872529,12.512920399688028,-99.9119447285848
5843,41.9025833693887,12.51291974724929,-100.73782558430663
5844,41.902581683363195,12.512919073817097,-101.5454695389238
5845,41.90258004101573,12.51291836307797,-102.35112635967663
5846,41.90257841149865,12.512917692244569,-103.14665143671644
5847,41.902576777691216,12.512916941930202,-103.9857241906118
5848,41.90257513037879,12.512916186649655,-104.81794479248641
5849,41.90257345493349,12.51291539402712,-105.64345055440927
5850,41.902571810364165,12.512914568409427,-106.43791867240947
5851,41.902570164361855,12.512913673103023,-107.23092339277382
5852,41.90256853222541,12.512912770855754,-108.0258496516813
5853,41.90256689550771,12.51291182030718,-108.8083185280783
5854,41.902565238589965,12.512910815544728,-109.58332475359775
5855,41.90256359860603,12.512909749417753,-110.32419349714917
5856,41.90256196092817,12.512908688334827,-111.03328884706792
5857,41.902560345434914,12.512907634200882,-111.72413863636383
5858,41.90255873215382,12.512906549088578,-112.37471034806269
5859,41.90255705225803,12.512905468787428,-112.98957170332628
5860,41.902555459171246,12.512904382955277,-113.55546281028548
5861,41.902553908203565,12.51290325737403,-114.08350826004376
5862,41.90255232093931,12.512902122867489,-114.58291312126917
5863,41.902550763647035,12.512900957293068,-115.03652187248386
5864,41.90254919367774,12.51289982191497,-115.45148618222109
5865,41.90254763036018,12.512898685721291,-115.81565734614007
5866,41.90254604038703,12.512897528049988,-116.12508616078557
5867,41.9025444894224,12.51289637572858,-116.37912478151054
5868,41.90254289961557,12.512895232886962,-116.58259369465632
5869,41.902541315632426,12.512894076251586,-116.75173769588393
5870,41.90253975870665,12.51289295480151,-116.89680971254904
5871,41.90253818071341,12.512891805555803,-117.01319174956707
5872,41.90253658051715,12.512890656030716,-117.07209247620547
5873,41.902534967984224,12.512889450633685,-117.071291524176
5874,41.90253336736164,12.512888287044316,-117.02912643042656
5875,41.90253175110585,12.512887031752133,-116.94625059376031
5876,41.90253014866813,12.512885805204622,-116.814736237144
5877,41.902528527818724,12.512884589992078,-116.64090860431159
5878,41.902526878617195,12.51288343844427,-116.39907466440916
5879,41.902525252010435,12.512882415520933,-116.08110121508311
5880,41.902523601263084,12.512881384714822,-115.69180595654339
5881,41.9025219035243,12.512880481976147,-115.24944013383242
5882,41.902520196735296,12.512879643747095,-114.75312243441935
5883,41.90251849947014,12.512878890955024,-114.20681653146613
5884,41.90251677902769,12.512878162080264,-113.62329674734559
5885,41.902515061574334,12.51287742445559,-112.9848818794723
5886,41.902513329552086,12.512876773243562,-112.27478288668783
5887,41.90251161029662,12.512876169756133,-111.52734854519768
5888,41.90250991569665,12.512875587132127,-110.7515007078409
5889,41.90250823838797,12.51287504184942,-109.94310908778749
5890,41.9025065505887,12.512874497337503,-109.06687398738671
5891,41.90250485743327,12.51287402000692,-108.12845824260154
5892,41.902503178841044,12.512873546095243,-107.16775288510348
5893,41.902501445877135,12.512873084640546,-106.19442442548416
5894,41.90249968557449,12.51287274464555,-105.21094592441275
5895,41.9024979428969,12.512872483942758,-104.20063993717568
5896,41.90249612434693,12.512872219413143,-103.18259127296925
5897,41.90249440899277,12.51287198940873,-102.15326516404663
5898,41.90249267452073,12.51287185765508,-101.11103264714743
5899,41.90249093334754,12.512871772775599,-100.1045968435549
5900,41.90248922144486,12.51287177449276,-99.09101571864966
5901,41.9024874779142,12.512871859036595,-98.06562362216522
5902,41.90248574685706,12.512871943060965,-97.00883126677279
5903,41.902483960305034,12.512872026247141,-95.96257154561359
5904,41.90248219864338,12.512872170365387,-94.93378215961177
5905,41.902480419730935,12.512872250776569,-93.94140969227988
5906,41.90247863490139,12.51287241772328,-92.9884930894822
5907,41.90247686296561,12.512872575205552,-92.06643911796151
5908,41.90247509343265,12.512872765171434,-91.17491643577587
5909,41.902473335785274,12.512872940186792,-90.32255811812796
5910,41.90247155743031,12.512873144152257,-89.49228962759197
5911,41.90246978717544,12.512873392454631,-88.69576244644111
5912,41.90246802665879,12.512873661204724,-87.9301448912022
5913,41.90246623831251,12.512873976497632,-87.19352197066878
5914,41.90246446133522,12.51287435296033,-86.48632656176358
5915,41.902462699015814,12.512874660825522,-85.78434641484074
5916,41.90246090950838,12.512875050061595,-85.11547825419292
5917,41.902459148460025,12.51287543021007,-84.44912740987722
5918,41.902457361341185,12.512875831528646,-83.80010617015692
5919,41.90245556552284,12.512876305847056,-83.1429431109035
5920,41.9024537667346,12.512876760707298,-82.47569239924515
5921,41.902451973383506,12.512877248216043,-81.78996902647908
5922,41.90245018808009,12.512877777461028,-81.10685893136414
5923,41.90244841937608,12.512878361195517,-80.42832660783557
5924,41.90244664813439,12.512879005223105,-79.74651953714864
5925,41.902444890378064,12.512879660539843,-79.07390572968671
5926,41.90244308999855,12.512880332282807,-78.42452471659743
5927,41.902441318166616,12.512881003452945,-77.79262796019212
5928,41.90243956229676,12.5128816927844,-77.18433522327904
5929,41.902437824500495,12.512882452086052,-76.59751249264437
5930,41.902436107395566,12.512883235868223,-76.02250809607654
5931,41.902434348259554,12.512884002258902,-75.47383738720085
5932,41.90243256315526,12.512884723014459,-74.9286541668646
5933,41.90243077180464,12.512885502493331,-74.40843420225865
5934,41.9024290246478,12.512886353023413,-73.91173872407653
5935,41.90242729936323,12.512887196047672,-73.4323420735518
5936,41.902425557225904,12.512888026921402,-72.98463267581056
5937,41.90242385868294,12.512888893626535,-72.5151610190079
5938,41.90242218582382,12.512889723223488,-72.04261689857093
5939,41.90242054224278,12.51289059154773,-71.60627309654927
5940,41.902418916803136,12.512891462268698,-71.17395279245301
5941,41.902417243971115,12.512892348294674,-70.78691488983564
5942,41.902415620124984,12.512893238593078,-70.40508937334218
5943,41.90241394106438,12.512894182576359,-70.07219220807299
5944,41.902412320194884,12.512895105678744,-69.7728377073068
5945,41.90241063994669,12.512896014144054,-69.5143519503314
5946,41.902408995562794,12.512896910355359,-69.27370040143765
5947,41.902407376842724,12.512897790250042,-69.04264358799938
5948,41.90240574037445,12.512898669562833,-68.82570984731599
5949,41.902404089596885,12.512899579607716,-68.62607227208798
5950,41.90240242533551,12.512900534051482,-68.41496027722478
5951,41.90240077168936,12.512901475835104,-68.225380395999
5952,41.902399132211485,12.512902460794031,-68.01189376347943
5953,41.90239750229827,12.512903441336237,-67.81014508950148
5954,41.902395871662996,12.51290437627268,-67.60588426830088
5955,41.9023942619167,12.512905299702537,-67.39477998951048
5956,41.90239265199853,12.512906274349222,-67.18493494320421
5957,41.902391072361226,12.512907244239164,-66.940354047214
5958,41.90238945877722,12.51290818278388,-66.67033952365027
5959,41.90238786000495,12.512909151810726,-66.38258919432218
5960,41.90238629727291,12.51291019694535,-66.07946747266749
5961,41.9023846757224,12.512911212881498,-65.77604668286783
5962,41.90238309521444,12.512912257437966,-65.47242847974945
5963,41.902381503108586,12.512913344393393,-65.15969991039987
5964,41.902379937090835,12.512914417959731,-64.82674445929472
5965,41.90237835478418,12.512915472661435,-64.47824568260616
5966,41.90237679948271,12.512916557707056,-64.10902430159481
5967,41.90237527110067,12.512917711698586,-63.70767131736248
5968,41.90237372810424,12.512918868996579,-63.28830332983916
5969,41.9023722076988,12.512919959321191,-62.839439256587376
5970,41.90237069656269,12.512921177409149,-62.37450810033986
5971,41.902369174408825,12.512922356597185,-61.88011089395633
5972,41.902367673904436,12.512923597670504,-61.36649653414333
5973,41.90236618273565,12.512924891524094,-60.836369359942026
5974,41.902364708975064,12.51292614293772,-60.24852705220459
5975,41.902363288259444,12.512927451785592,-59.637507545012035
5976,41.902361864123996,12.512928743780767,-58.97405401570844
5977,41.90236047893654,12.512930060456187,-58.28919567389622
5978,41.90235910216305,12.51293139285678,-57.58160091877078
5979,41.90235774750558,12.51293274482888,-56.88684880965872
5980,41.90235638397634,12.512934165734825,-56.158459915619446
5981,41.90235499903732,12.512935598937368,-55.42784315676942
5982,41.9023536668859,12.512937055055557,-54.659051249678576
5983,41.90235232913064,12.512938545026124,-53.86559227385386
5984,41.902351026568745,12.512940096270993,-53.051734807498875
5985,41.90234977865174,12.512941688863709,-52.19195091754448
5986,41.902348549272105,12.512943336556173,-51.309753653875525
5987,41.90234736243832,12.512944987141216,-50.36818494811829
5988,41.90234620067785,12.512946709012219,-49.40633848921939
5989,41.902345074188354,12.512948439875716,-48.415543177210104
5990,41.902343950780946,12.512950199100104,-47.403645454005115
5991,41.90234283995774,12.512951953678389,-46.379211835818666
5992,41.90234174197117,12.512953724431144,-45.34636258572133
5993,41.902340636365444,12.512955429667304,-44.28979754970956
5994,41.90233959132988,12.512957179538047,-43.20892153519768
5995,41.90233855691489,12.512958855534832,-42.101274738710316
5996,41.90233753656059,12.512960653340304,-40.970713340843105
5997,41.902336587778734,12.512962480197158,-39.82220488324703
5998,41.90233565690831,12.51296440036803,-38.68621300835295
5999,41.90233473314754,12.512966291126089,-37.55773370160379
6000,41.9023338458861,12.512968303192189,-36.45155992891166
6001,41.90233295268066,12.5129702845077,-35.35026595188331
6002,41.90233215351571,12.51297234999749,-34.26034155133896
6003,41.902331364765175,12.512974398412748,-33.17373902395728
6004,41.90233071656064,12.512976515432975,-32.08740308641492
6005,41.90233003548986,12.512978593984142,-31.022818279747884
6006,41.90232943551897,12.512980654779733,-29.997434828414253
6007,41.90232879383194,12.512982761295051,-29.035722416700708
6008,41.902328159592486,12.512984921833562,-28.129025928184653
6009,41.902327518855685,12.512987038312897,-27.284208074445974
6010,41.902326864229615,12.512989174717639,-26.493635827774767
6011,41.902326189192614,12.512991348190983,-25.76199829952349
6012,41.902325498819856,12.512993561008544,-25.084572702856097
6013,41.90232488256335,12.512995769273632,-24.44180313113496
6014,41.902324277643324,12.512998038689073,-23.877108762631675
6015,41.9023237082013,12.513000328154503,-23.379539300323163
6016,41.90232316061128,12.513002616853488,-22.920189683041883
6017,41.902322611994926,12.513004900394586,-22.48586959455725
6018,41.90232203704092,12.513007170256978,-22.086122345656385
6019,41.90232149504071,12.513009466680291,-21.736217620829983
6020,41.90232093093358,12.51301179957961,-21.42259341945778
6021,41.90232034413262,12.513014071416832,-21.166214662413964
6022,41.90231970600631,12.51301632166001,-20.951578685038097
6023,41.90231903563989,12.513018583901061,-20.767107912815817
6024,41.90231839602019,12.51302084580837,-20.616221511743703
6025,41.90231776535392,12.513023164578119,-20.489741842090886
6026,41.902317143731146,12.513025480457381,-20.382879400249653
6027,41.90231656093869,12.513027824742936,-20.297801409039725
6028,41.902316006974424,12.513030196280251,-20.242471299619545
6029,41.90231542761264,12.513032542916529,-20.211404259641515
6030,41.90231482791904,12.51303490101489,-20.24025158262644
6031,41.902314234603914,12.513037300597173,-20.32180298927952
6032,41.90231358703442,12.513039619884854,-20.434401214077283
6033,41.90231291068385,12.513041898846886,-20.576207375168934
6034,41.90231220878573,12.513044142580998,-20.740956982183143
6035,41.90231149334067,12.513046311176625,-20.919143656656445
6036,41.90231079003649,12.513048450704355,-21.127128784322476
6037,41.90231008830318,12.513050553385138,-21.378829814423842
6038,41.90230941060997,12.513052619427732,-21.661935183512593
6039,41.9023087251846,12.513054644424678,-21.970112439059285
6040,41.90230804890011,12.513056593451386,-22.295449031945786
6041,41.90230740308125,12.513058583355361,-22.64427754375136
6042,41.90230672169278,12.513060467419553,-22.995233813350353
6043,41.90230607707017,12.513062279413601,-23.358394058368564
6044,41.9023054314227,12.513064038421588,-23.73706841570337
6045,41.90230477596287,12.513065718719677,-24.122246872815122
6046,41.90230413999024,12.513067366426162,-24.499566298297637
6047,41.90230351879213,12.51306893992489,-24.875589340539165
6048,41.902302905049325,12.513070464682906,-25.247776641107304
6049,41.9023022778136,12.513071949916139,-25.646087340815114
6050,41.90230169163039,12.513073414773205,-26.05790091304682
6051,41.90230112264645,12.513074831608565,-26.47285820362664
6052,41.90230053982731,12.513076145518765,-26.875128984006707
6053,41.902299983977535,12.513077419621697,-27.27393015540657
6054,41.902299452060824,12.513078675317105,-27.668932353239818
6055,41.90229893374679,12.513079827572877,-28.055380546654845
6056,41.90229842607912,12.513080906707527,-28.45310558440829
6057,41.90229789733684,12.51308192350103,-28.84874896344877
6058,41.902297403567445,12.513082941301402,-29.24333149313273
6059,41.90229687372572,12.5130838963827,-29.643454902749763
6060,41.90229633608456,12.513084801908628,-30.04500553498931
6061,41.90229583426929,12.513085764247464,-30.446145629928242
6062,41.902295306761914,12.513086632113241,-30.83404056674518
6063,41.9022947758713,12.513087498929561,-31.224745153908366
6064,41.902294244953815,12.513088406193182,-31.626750472586835
6065,41.9022937644312,12.513089291103961,-32.01810349925783
6066,41.90229329422814,12.513090136109938,-32.407361984728894
6067,41.90229282666185,12.513090977581921,-32.78995099654265
6068,41.90229233512535,12.513091829875922,-33.15498107621726
6069,41.90229187415197,12.513092663077916,-33.51575634300881
6070,41.90229139164779,12.513093484658414,-33.88830032956941
6071,41.90229090847756,12.513094289945217,-34.272087405211515
6072,41.902290445328255,12.51309507560766,-34.64556249559302
6073,41.902289977053044,12.51309583734453,-35.006391283697184
6074,41.90228952817634,12.513096591526438,-35.369488018509124
6075,41.902289080161204,12.5130973261875,-35.73570926672417
6076,41.90228861418909,12.513098055456622,-36.09527573990489
6077,41.90228813244379,12.513098771759177,-36.44383069961249
6078,41.90228765462766,12.51309950985155,-36.79459947627246
6079,41.90228716396289,12.51310021806154,-37.14884409208495
6080,41.902286654454834,12.513100954178595,-37.50631245106681
6081,41.9022861794025,12.513101678151754,-37.852677028837206
6082,41.902285692009556,12.513102377963323,-38.19035824440899
6083,41.9022852062608,12.513103098253437,-38.522045797101036
6084,41.90228471670184,12.51310378561263,-38.850949178154124
6085,41.90228422867684,12.513104476546971,-39.18356463909742
6086,41.902283721927994,12.51310515010849,-39.52454431611007
6087,41.90228321529686,12.51310583367377,-39.862311622523436
6088,41.902282715667006,12.513106525826148,-40.20886829724897
6089,41.90228219180089,12.51310722863014,-40.543354250506205
6090,41.90228166067642,12.513107923794797,-40.884999073330036
6091,41.902281130837636,12.513108602160422,-41.21489259227056
6092,41.90228057331144,12.51310933058411,-41.554370558297634
6093,41.90227999663852,12.513110023453354,-41.89723638180638
6094,41.90227941654418,12.513110762587921,-42.239197508179
6095,41.90227883463664,12.513111511891992,-42.57441885233023
6096,41.90227822678813,12.513112278077317,-42.8991774197811
6097,41.90227761761211,12.513113025071949,-43.207938635080396
6098,41.90227700554363,12.513113796559912,-43.51676348254965
6099,41.90227636708129,12.513114594468867,-43.82134619718599
6100,41.902275689547416,12.513115379207417,-44.1330241735497
6101,41.902275009980336,12.513116230724568,-44.458719283006666
6102,41.902274297829145,12.513117058062146,-44.772502190552736
6103,41.902273560821385,12.513117943028771,-45.09812254724395
6104,41.902272805494206,12.513118834899384,-45.40592682827296
6105,41.9022720228548,12.513119757484278,-45.718573620604396
6106,41.90227123292235,12.513120691723218,-46.03525036589016
6107,41.90227039920946,12.513121626508473,-46.34377223511143
6108,41.90226951611825,12.513122589180668,-46.655021536878365
6109,41.9022685967719,12.513123573932123,-46.9600421746614
6110,41.90226768297945,12.513124600032233,-47.26876986341722
6111,41.902266764206324,12.513125640608983,-47.57742671747121
6112,41.90226582609067,12.51312671041542,-47.88641222123887
6113,41.90226483599813,12.513127839254269,-48.20356300443578
6114,41.90226388922284,12.513128879798314,-48.511654114316435
6115,41.90226287215059,12.513129999825578,-48.838640311467934
6116,41.90226183876504,12.51313109317339,-49.182696482905904
6117,41.90226078013626,12.513132193359647,-49.54047267326071
6118,41.90225971038163,12.513133368562558,-49.89929927790574
6119,41.90225863453904,12.51313448891972,-50.213167420416355
6120,41.90225755073585,12.513135638589077,-50.54802908008132
6121,41.90225645541208,12.513136771297475,-50.879640993842216
6122,41.902255340290196,12.513137859385386,-51.216287026831175
6123,41.902254185933536,12.513139012835863,-51.57457923929262
6124,41.90225301478717,12.513140142265815,-51.92185141602427
6125,41.902251833751066,12.513141232702361,-52.27515320941323
6126,41.90225065808021,12.513142331817287,-52.63458328838
6127,41.902249449675345,12.513143423830446,-52.99520200497108
6128,41.90224823060138,12.51314451959122,-53.378874684342904
6129,41.90224701425521,12.513145593426044,-53.75122633088541
6130,41.90224574194467,12.513146689678608,-54.12485650743531
6131,41.902244454731424,12.513147814638629,-54.51134353361245
6132,41.90224312959722,12.513148934537165,-54.88993285090144
6133,41.90224177683223,12.51315007108141,-55.28636366146764
6134,41.90224040651654,12.513151247121197,-55.69262412902811
6135,41.90223903001943,12.513152420637375,-56.10127686461228
6136,41.9022376303987,12.51315362605071,-56.50885091175604
6137,41.90223623853945,12.513154790284144,-56.91018146596562
6138,41.90223478754525,12.513155910875618,-57.308927350290226
6139,41.90223330163676,12.513157080574853,-57.72986689541124
6140,41.902231788584444,12.513158230491442,-58.135775172592474
6141,41.90223027560155,12.513159360926698,-58.544692383087735
6142,41.90222874654357,12.513160526664354,-58.96607816608826
6143,41.902227212375244,12.513161654350782,-59.37940684256185
6144,41.90222563333946,12.51316276986072,-59.79074198860597
6145,41.90222401740507,12.513163844057459,-60.20295835420592
6146,41.90222239941541,12.513164942137063,-60.65442758263017
6147,41.90222070768605,12.513166054617402,-61.07218025300567
6148,41.902219079621524,12.513167109438756,-61.51586181493785
6149,41.90221737917831,12.513168219404672,-61.92433773877086
6150,41.90221567707594,12.513169259873289,-62.30371986357444
6151,41.90221396598417,12.513170435537852,-62.66207097150726
6152,41.902212253663336,12.513171498652097,-62.988739004385415
6153,41.90221053885501,12.513172671049114,-63.315359118113896
6154,41.90220881340392,12.513173724343837,-63.61341610043941
6155,41.90220705561844,12.513174925651635,-63.9336275409531
6156,41.90220530855604,12.513176006282569,-64.16441162415536
6157,41.90220353823196,12.513177116634372,-64.42442477324478
6158,41.90220175890376,12.513178195129575,-64.64254624441888
6159,41.902199917142134,12.513179279613226,-64.90454445105986
6160,41.902198149657515,12.513180342039426,-65.1453312044462
6161,41.90219631920488,12.513181390818824,-65.3861616379014
6162,41.90219451305206,12.513182471816654,-65.60913387041104
6163,41.90219269110821,12.513183483421274,-65.82901143468415
6164,41.902190927977536,12.513184543863431,-66.07290198492272
6165,41.90218914258386,12.513185561379517,-66.28950359093604
6166,41.902187354238286,12.513186609180428,-66.47746409190167
6167,41.90218551798751,12.51318763758613,-66.65442725263446
6168,41.90218366596069,12.513188618123745,-66.81749495569665
6169,41.9021818815207,12.513189631292322,-66.9773219627956
6170,41.902180080615516,12.513190656240168,-67.10928739610792
6171,41.902178377338416,12.513191681198125,-67.2282469353912
6172,41.90217659572567,12.513192627372208,-67.35750260027147
6173,41.90217485215888,12.513193622383739,-67.4416758926365
6174,41.902173039202744,12.51319455466027,-67.53168092306028
6175,41.90217123430019,12.51319558284602,-67.60973041098667
6176,41.90216945101427,12.513196569948192,-67.67772181182045
6177,41.90216765076113,12.513197611369245,-67.77628281665575
6178,41.90216588034124,12.513198593842397,-67.83332865947442
6179,41.90216411408751,12.513199521629563,-67.89657363629279
6180,41.902162319225674,12.513200427554043,-67.96039919077478
6181,41.9021604852915,12.513201409753497,-68.0494305420077
6182,41.90215865939705,12.513202357618098,-68.13161433147422
6183,41.90215682827965,12.513203327388027,-68.18031481592618
6184,41.90215501359691,12.513204319526817,-68.24247099513047
6185,41.902153252022316,12.51320528763681,-68.28657199578774
6186,41.90215145139747,12.513206222913697,-68.33477725148161
6187,41.90214967229168,12.513207148675198,-68.39755913148936
6188,41.90214789930873,12.513208088085975,-68.44731427432238
6189,41.90214609564018,12.51320896772036,-68.49947569409638
6190,41.90214427859414,12.513209914945405,-68.5439665022664
6191,41.902142564818625,12.51321082374542,-68.55261569021029
6192,41.90214075146283,12.513211772933055,-68.60567957153275
6193,41.90213896692646,12.513212707784177,-68.64103508778933
6194,41.902137150007206,12.513213589685485,-68.6994610613518
6195,41.90213533985263,12.513214549584863,-68.73970326642693
6196,41.90213351987403,12.513215465480322,-68.7927154593033
6197,41.90213168572336,12.513216359926588,-68.86089680300871
6198,41.90212986398438,12.513217245312012,-68.88721883136104
6199,41.9021280798049,12.513218133381383,-68.93937122301239
6200,41.90212630186821,12.513219033071058,-68.95763068847165
6201,41.90212456648662,12.513219907797916,-68.98151688633376
6202,41.902122797797,12.513220802160268,-69.03040184791435
6203,41.90212104990703,12.513221697479047,-69.06736294367943
6204,41.90211929066698,12.513222578922145,-69.10425605274155
6205,41.90211753064525,12.513223502557384,-69.13399065966708
6206,41.9021158214268,12.513224345153413,-69.1598026211268
6207,41.90211407912612,12.513225248397047,-69.18375045438486
6208,41.902112387543276,12.513226108847624,-69.168145534059
6209,41.90211069012098,12.513226941500914,-69.16395060845913
6210,41.902109002982776,12.513227767462062,-69.1441637432803
6211,41.90210734038875,12.513228569956151,-69.12100034607012
6212,41.90210564929457,12.513229394173147,-69.1030935505129
6213,41.902103991221324,12.513230260740364,-69.08238203138897
6214,41.902102301061895,12.51323112238033,-69.0517363555155
6215,41.90210062743183,12.513232015305327,-69.02050598637601
6216,41.9020989878853,12.51323288072665,-68.97324362096695
6217,41.90209737834753,12.51323374752712,-68.94206680504169
6218,41.90209578775299,12.513234602934801,-68.91109481705328
6219,41.902094177351344,12.513235454743606,-68.88347464145674
6220,41.90209258717861,12.513236320517022,-68.8527186292758
6221,41.902091021503594,12.51323711213988,-68.81031654888928
6222,41.902089417449005,12.513237950151813,-68.77840982202756
6223,41.90208786608689,12.513238760052936,-68.7350839900232
6224,41.90208628983641,12.513239544457473,-68.71801486649255
6225,41.90208472122691,12.513240394008678,-68.68399079282112
6226,41.90208313957606,12.51324123763963,-68.63470165556404
6227,41.90208159707581,12.513242123180794,-68.60052677405332
6228,41.902080102199,12.513242944981512,-68.5527152317455
6229,41.90207858413925,12.513243755634521,-68.5227885911907
6230,41.90207710551692,12.513244574779558,-68.48193604006389
6231,41.902075609915016,12.513245371575087,-68.45435238821916
6232,41.902074076803764,12.513246166997488,-68.43893541503522
6233,41.90207256716808,12.513246952739355,-68.41600317389924
6234,41.90207106378215,12.513247673266532,-68.3865424451472
6235,41.90206949887337,12.513248318598446,-68.36583284750918
6236,41.90206796243197,12.513248968565673,-68.35305722459606
6237,41.90206646145029,12.513249672774812,-68.32050452724356
6238,41.90206504786314,12.51325037830764,-68.33602944063475
6239,41.90206369476349,12.51325119509934,-68.3446040412982
6240,41.902062409971144,12.513252062661218,-68.31437604565717
6241,41.902061106659964,12.51325295290692,-68.2693443223774
6242,41.9020597683481,12.513253848257863,-68.22650477689015
6243,41.90205843198221,12.5132547095174,-68.19962986043733
6244,41.90205703676653,12.513255582045781,-68.21234924592625
6245,41.90205570399824,12.513256373627241,-68.25611679125099
6246,41.90205436252498,12.513257114811712,-68.29057437959412
6247,41.90205304617321,12.51325785899822,-68.27752195699055
6248,41.90205176512096,12.513258488190381,-68.23731800522906
6249,41.902050474213254,12.513259065378758,-68.18447397569766
6250,41.90204920063368,12.513259583806077,-68.16206387939366
6251,41.902047844739684,12.513260144699174,-68.19644775747498
6252,41.902046538471794,12.513260746943082,-68.25481940477562
6253,41.902045172008386,12.513261403792347,-68.32064518861053
6254,41.90204383992334,12.513262184941034,-68.36496922976234
6255,41.90204258386204,12.513262966730702,-68.38815065825042
6256,41.90204131025199,12.5132637678072,-68.39541750474237
6257,41.902040092013515,12.513264552820164,-68.37712564323508
6258,41.90203890063313,12.513265295267574,-68.36787602147119
6259,41.90203771931843,12.513266025856888,-68.3725860262456
6260,41.90203651930815,12.513266719564333,-68.38136269424298
6261,41.90203532725992,12.513267383369254,-68.38662496240912
6262,41.90203414789147,12.513268044959613,-68.36850990148326
6263,41.902032962000085,12.513268668409234,-68.35331667901328
6264,41.902031762381185,12.51326929546787,-68.34400047422426
6265,41.90203059473896,12.51326991093739,-68.34483978423737
6266,41.90202938031423,12.513270528650311,-68.34547068234107
6267,41.902028230418885,12.513271143959154,-68.33881749990276
6268,41.9020270501035,12.513271782242603,-68.31168814017286
6269,41.90202590991484,12.513272418181325,-68.27784789737636
6270,41.90202479193271,12.51327304122106,-68.22784494504097
6271,41.90202368093265,12.51327365187548,-68.19589528359081
6272,41.90202257134269,12.51327428340438,-68.181940473143
6273,41.90202145222844,12.513274892035628,-68.17104330950801
6274,41.90202036281577,12.513275487586423,-68.16716176541804
6275,41.90201928332933,12.513276088736953,-68.15585941998106
6276,41.9020182057873,12.513276669154388,-68.14891135137648
6277,41.90201715177402,12.513277220956903,-68.1453706588367
6278,41.90201611130318,12.513277771609117,-68.14339689280656
6279,41.90201506500895,12.51327834328245,-68.14797510467118
6280,41.90201399164538,12.513278930998105,-68.150758675294
6281,41.90201297156478,12.513279499108878,-68.15928354925542
6282,41.90201197519647,12.513280063850136,-68.1450221060834
6283,41.90201096003765,12.513280602652152,-68.13899873932003
6284,41.90200997398937,12.513281127673983,-68.13952231629742
6285,41.902008981856696,12.513281659823079,-68.14460790031096
6286,41.90200800853153,12.513282176869755,-68.15557288835772
6287,41.90200703342336,12.513282684408805,-68.16355890140034
6288,41.902006049257615,12.513283187219308,-68.16339410194799
6289,41.90200508712168,12.513283699568582,-68.1656335002325
6290,41.9020041605327,12.513284213636686,-68.16460435624386
6291,41.90200322279237,12.513284719225998,-68.1732563293889
6292,41.9020023010266,12.513285208635633,-68.18710526037714
6293,41.902001409836714,12.513285678584017,-68.20443428775924
6294,41.90200051523466,12.513286167707511,-68.2163530316882
6295,41.90199962552729,12.513286647012285,-68.22663174601577
6296,41.90199875957438,12.513287131115211,-68.23188390995949
6297,41.90199790622401,12.513287604846928,-68.23788558412043
6298,41.90199704367737,12.513288083862788,-68.24979459889092
6299,41.901996202531265,12.513288529805523,-68.26979527718305
6300,41.90199536883359,12.513288974642505,-68.29357586024531
6301,41.901994577572054,12.513289399367551,-68.32463334811477
6302,41.90199375745453,12.513289836924896,-68.3494726025937
6303,41.901992943451425,12.513290261617653,-68.36778455947541
6304,41.901992137771785,12.513290685890679,-68.376397170469
6305,41.90199136207612,12.5132910905565,-68.38519468653057
6306,41.9019905720241,12.513291489953426,-68.41488779670654
6307,41.901989817850435,12.513291878233522,-68.44830874269222
6308,41.90198904827331,12.513292283580936,-68.49489303195236
6309,41.901988293641715,12.513292687665361,-68.52132305662226
6310,41.90198756151475,12.51329308622667,-68.5443139949177
6311,41.9019868485176,12.513293471171185,-68.57148851033675
6312,41.9019861599847,12.513293843787713,-68.59460406773226
6313,41.90198545645411,12.513294201690274,-68.63110438956885
6314,41.90198476646237,12.51329455845267,-68.66674504954244
6315,41.901984087629145,12.513294903074653,-68.6942847712152
6316,41.90198339524039,12.51329525574321,-68.70654182378144
6317,41.90198271153461,12.513295610374323,-68.71215981127175
6318,41.90198208900252,12.51329593461657,-68.7170880957033
6319,41.901981444926356,12.513296274892934,-68.73060258870628
6320,41.90198083610426,12.513296602247447,-68.7477181128548
6321,41.90198022126328,12.513296917590178,-68.77549400858128
6322,41.90197960561941,12.513297240592884,-68.79271692252584
6323,41.90197900497444,12.51329756457495,-68.80627683152255
6324,41.901978403398225,12.513297899752391,-68.81349441199772
6325,41.90197779125282,12.513298241079356,-68.82128770821285
6326,41.90197717737731,12.513298580668614,-68.83926553895753
6327,41.9019765687166,12.51329890502774,-68.85988840199113
6328,41.9019759173297,12.513299242865333,-68.88062337020877
6329,41.901975318631514,12.513299552779813,-68.895587137821
6330,41.90197468307912,12.513299870721925,-68.91332523156233
6331,41.90197404655534,12.513300177981423,-68.93607171032262
6332,41.90197344082419,12.513300485434534,-68.9541053565799
6333,41.90197277093423,12.513300818102053,-68.97021095721459
6334,41.901972152851016,12.5133011357246,-68.98122336409344
6335,41.90197153600946,12.51330144304076,-68.9987953731467
6336,41.90197088229988,12.513301770834182,-69.01793378634555
6337,41.901970236158604,12.513302101053974,-69.04538766670477
6338,41.901969606607864,12.513302423396762,-69.07008725475096
6339,41.90196897115582,12.513302757480414,-69.09119105535267
6340,41.90196834275621,12.51330308048752,-69.10244816671985
6341,41.90196769298357,12.51330343063364,-69.10285019264296
6342,41.901967040239846,12.513303769112733,-69.10537489662785
6343,41.901966349959466,12.513304125899115,-69.11416035258257
6344,41.90196571608851,12.513304450772832,-69.12236403797293
6345,41.90196505665439,12.513304788261044,-69.12949081915086
6346,41.901964414253435,12.513305135455377,-69.12498706544721
6347,41.90196374687169,12.513305482420122,-69.11663401121763
6348,41.901963065656375,12.513305836872387,-69.10057668492715
6349,41.901962395582224,12.513306192564055,-69.08960961440448
6350,41.9019616953972,12.51330657195474,-69.08226097586432
6351,41.9019610400676,12.51330692175877,-69.06883235719297
6352,41.90196036985715,12.513307274302557,-69.05432743764553
6353,41.901959688039526,12.513307648098595,-69.04085762617457
6354,41.90195901671224,12.513307993301474,-69.02965582782592
6355,41.901958311863844,12.513308366706099,-69.03473944801611
6356,41.901957626826814,12.513308736664808,-69.03083348460615
6357,41.90195688010037,12.513309110105402,-69.0359228480781
6358,41.901956186240064,12.513309474382009,-69.04418456398895
6359,41.90195547807973,12.513309834297148,-69.05950038886486
6360,41.90195478289831,12.513310186028079,-69.07959287270728
6361,41.90195405900863,12.513310548564252,-69.10374713628183
6362,41.90195330896813,12.513310894608887,-69.1321202378953
6363,41.90195251961437,12.513311228252814,-69.16504237815035
6364,41.90195171234494,12.513311550938388,-69.2113112709956
6365,41.90195091903198,12.513311862038641,-69.26181475713787
6366,41.901950143113325,12.513312178397731,-69.30334261476933
6367,41.90194937541525,12.513312506021109,-69.34890035976908
6368,41.90194861731982,12.513312851711937,-69.39207934647861
6369,41.901947826041116,12.513313241356975,-69.44772008877388
6370,41.90194706225628,12.513313645551122,-69.52143126197325
6371,41.901946317724565,12.513314080646497,-69.6145427001945
6372,41.90194556314425,12.513314527585024,-69.69510068691444
6373,41.90194478402748,12.513314985396304,-69.77385723019219
6374,41.90194400342519,12.513315419932072,-69.86206316845225
6375,41.90194318707203,12.51331584069974,-69.97407915411226
6376,41.90194235620971,12.513316238945283,-70.10793787147904
6377,41.901941502063146,12.513316588936414,-70.25285192087892
6378,41.90194066287679,12.513316918005886,-70.37488128878906
6379,41.90193978935363,12.513317254549408,-70.45479238165478
6380,41.90193891541329,12.513317595018373,-70.51030806940466
6381,41.90193804482381,12.513317943229163,-70.54427576983122
6382,41.90193714608612,12.513318315179248,-70.57381687708362
6383,41.90193626405639,12.513318723599133,-70.60532879860361
6384,41.90193535065186,12.513319144290545,-70.63761223063399
6385,41.901934419824606,12.513319580347751,-70.66348620740962
6386,41.901933500502984,12.51332002688882,-70.6711195393272
6387,41.90193256731676,12.513320459591437,-70.65608458482725
6388,41.90193162083596,12.513320885450005,-70.63529545035006
6389,41.90193065208352,12.513321309199851,-70.64725528064787
6390,41.90192964834703,12.513321731937307,-70.67069719365021
6391,41.901928615913874,12.513322186055367,-70.68111157203246
6392,41.90192754449167,12.513322642422992,-70.66914018324277
6393,41.901926467207474,12.513323146543309,-70.63825199095159
6394,41.901925344466974,12.513323692159872,-70.62321105959617
6395,41.901924252311765,12.513324247263808,-70.62694412194455
6396,41.90192313779002,12.513324838860997,-70.60906227514747
6397,41.9019220313156,12.513325417093968,-70.56618927683542
6398,41.9019209399963,12.513325978622133,-70.50839532166113
6399,41.901919769570114,12.513326566079657,-70.45826159267223
6400,41.901918622862716,12.513327130130067,-70.42582917967484
6401,41.901917441498895,12.513327680140147,-70.38778146321698
6402,41.901916199085626,12.513328249765634,-70.33602909123206
6403,41.90191495947119,12.513328826790083,-70.263339773849
6404,41.9019136872331,12.513329419519035,-70.192893062227
6405,41.901912436682736,12.51333002852075,-70.11419064854694
6406,41.90191115067975,12.513330665679097,-70.04036903251689
6407,41.90190985686006,12.513331343296136,-69.95063416275521
6408,41.90190857990599,12.5133320261915,-69.84277827383578
6409,41.90190723924499,12.513332731676716,-69.73945221065368
6410,41.901905897810764,12.513333438312836,-69.63419650573886
6411,41.9019045668779,12.513334165188818,-69.54029217945018
6412,41.90190321376973,12.51333487804935,-69.45990417555932
6413,41.90190180908449,12.513335605205977,-69.37651281973942
6414,41.901900416433115,12.513336342270327,-69.28260934480282
6415,41.90189900337719,12.513337081727133,-69.17515330701376
6416,41.90189754883314,12.51333783064903,-69.08170636482294
6417,41.90189610064905,12.51333857912204,-68.97980213674529
6418,41.9018946082175,12.51333937197339,-68.88100352533074
6419,41.90189312836279,12.513340140361052,-68.7928864705708
6420,41.9018916123851,12.513340940275574,-68.69776500458094
6421,41.90189009875168,12.513341765104878,-68.60164139104121
6422,41.90188857468709,12.51334260569051,-68.50845402181727
6423,41.90188703748909,12.513343464862373,-68.42691372743067
6424,41.90188548375717,12.513344326527326,-68.35629768499682
6425,41.901883893779,12.513345210838455,-68.30353093362478
6426,41.901882305544866,12.513346089807785,-68.26069552063571
6427,41.901880691685875,12.51334698010357,-68.2117973192301
6428,41.90187907286511,12.513347871493938,-68.1664324522975
6429,41.90187744577973,12.513348757555512,-68.12163176451216
6430,41.901875788378476,12.513349667485027,-68.0682177802752
6431,41.90187412920871,12.513350569006393,-68.02044076109458
6432,41.90187244732471,12.513351471067251,-67.98068108708881
6433,41.901870758767174,12.51335239382975,-67.93155293203452
6434,41.901869040311475,12.513353344520832,-67.88609977176571
6435,41.90186731194844,12.513354297243515,-67.84544228219708
6436,41.901865565619396,12.513355251811332,-67.80430542295397
6437,41.901863808066665,12.51335623761295,-67.7593446242032
6438,41.90186205440485,12.513357230187658,-67.71674282215044
6439,41.901860292558744,12.513358219657897,-67.66047316081782
6440,41.901858507249436,12.513359225083988,-67.61747190481148
6441,41.9018566956206,12.51336024520402,-67.57620667442022
6442,41.901854874928134,12.51336128197031,-67.53824532299184
6443,41.90185302849229,12.513362318878936,-67.50566450252558
6444,41.901851173327316,12.5133633666509,-67.47449429732595
6445,41.90184929409262,12.513364408891649,-67.45032249551146
6446,41.90184745069757,12.513365521683545,-67.42136237789916
6447,41.90184559623605,12.513366627841119,-67.37337938889365
6448,41.90184366699639,12.513367716374901,-67.35147896807871
6449,41.901841732384014,12.513368809009075,-67.33423502102163
6450,41.90183978842285,12.513369875572929,-67.32408181901971
6451,41.90183786014996,12.513370953275121,-67.3202266383171
6452,41.90183595713551,12.513372038627566,-67.31381473151488
6453,41.90183399389214,12.513373135900038,-67.32351381969369
6454,41.901831986549624,12.51337425398889,-67.33029045469775
6455,41.901829895829586,12.513375416119969,-67.34828184496227
6456,41.90182785306359,12.513376563285398,-67.37872400377606
6457,41.9018257474555,12.513377761927153,-67.40974659954834
6458,41.901823719362845,12.513378943301296,-67.42569585016032
6459,41.901821670627236,12.513380052480251,-67.42888728748525
6460,41.90181958846061,12.513381165189514,-67.43890339153668
6461,41.90181747316569,12.513382336130677,-67.46710103842211
6462,41.90181534094551,12.5133835352049,-67.50023959374671
6463,41.9018132319728,12.513384725742318,-67.56359271280043
6464,41.90181114856162,12.513385875260198,-67.5783014740867
6465,41.901809025627465,12.513387029310678,-67.57900649161492
6466,41.90180691503572,12.513388207153575,-67.58919791633974
6467,41.901804781965765,12.513389350624582,-67.6040514558085
6468,41.901802576954985,12.513390524483647,-67.62995100601823
6469,41.90180035445482,12.513391746368194,-67.6537623339042
6470,41.90179809942172,12.513392980056782,-67.69372809335104
6471,41.901795855858225,12.513394244298437,-67.73422430788241
6472,41.90179358402178,12.51339550241875,-67.7699539024862
6473,41.901791291334675,12.513396750488125,-67.81261089787213
6474,41.901789045103506,12.513398017329855,-67.84041960644639
6475,41.90178676688541,12.513399253622152,-67.8598096019172
6476,41.9017844887837,12.513400528331394,-67.8983148291406
6477,41.90178220680099,12.513401801627,-67.91903427780342
6478,41.90177993475299,12.513403025958123,-67.9488938381278
6479,41.901777643232194,12.513404283067548,-67.97480787482174
6480,41.90177533945405,12.513405553120414,-67.99917992870245
6481,41.90177302696688,12.513406833810393,-68.01185368263515
6482,41.90177069504446,12.513408093070527,-68.0140229293028
6483,41.90176833360172,12.513409356505994,-68.03984801141137
6484,41.901765977961745,12.513410647366031,-68.06348562961483
6485,41.9017635762251,12.513411970291184,-68.07385510573752
6486,41.90176116191032,12.51341331099259,-68.08630936052793
6487,41.90175880166424,12.513414632638332,-68.04932295904302
6488,41.9017563990538,12.513415933146042,-68.00903863227131
6489,41.901754002971714,12.513417287615885,-67.99052419646328
6490,41.901751617602585,12.513418610847394,-67.9575308774305
6491,41.901749176580715,12.51341996330891,-67.95901852920116
6492,41.90174679471349,12.513421277580921,-67.93835073522732
6493,41.90174436784499,12.513422616970589,-67.91162495923845
6494,41.901741946501026,12.513424004034365,-67.87367289763182
6495,41.901739507245814,12.513425366784713,-67.84257823058434
6496,41.90173703747831,12.513426757338689,-67.82103185031548
6497,41.90173459454142,12.513428144828419,-67.7741312288202
6498,41.90173209120132,12.513429506800374,-67.75862437768836
6499,41.90172967133785,12.5134308761337,-67.71166423415826
6500,41.901727194954745,12.513432239509003,-67.65178237511317
6501,41.90172468263003,12.513433612135017,-67.6169194407325
6502,41.9017222422752,12.513435008908855,-67.56582517627808
6503,41.9017197725927,12.513436366978862,-67.53658847943785
6504,41.9017173218384,12.513437787698209,-67.50299009449414
6505,41.901714828409055,12.513439210006627,-67.45731189315711
6506,41.90171235056763,12.51344064066989,-67.41937606761012
6507,41.90170985362064,12.51344206509386,-67.38614301380521
6508,41.9017073263862,12.513443460698008,-67.38119717810223
6509,41.90170484336158,12.513444886726768,-67.36051528385507
6510,41.90170232186183,12.513446292285998,-67.35192251877245
6511,41.90169980550243,12.513447730532594,-67.35081433417142
6512,41.90169728327914,12.513449174787539,-67.3429896207736
6513,41.90169473730135,12.51345063482568,-67.35051798846615
6514,41.90169223905476,12.51345206844241,-67.34509628498623
6515,41.901689722797876,12.513453488115964,-67.34974945231762
6516,41.90168718357078,12.513454896105973,-67.37785845048113
6517,41.901684646713704,12.513456334716746,-67.41828738557652
6518,41.901682054196776,12.51345775411482,-67.47027248889047
6519,41.90167943591058,12.51345909836273,-67.56519349045747
6520,41.90167688703506,12.513460506660039,-67.63197965337213
6521,41.90167434426436,12.513461908381196,-67.69527378881617
6522,41.90167180270163,12.513463327489452,-67.72397570253881
6523,41.90166928744975,12.513464771579999,-67.7748635255857
6524,41.90166674094114,12.513466232417672,-67.80564885246618
6525,41.901664177709115,12.513467656594466,-67.89023596341406
6526,41.90166160568601,12.513469062658878,-67.94055022445819
6527,41.90165899530784,12.51347045142399,-68.00008757946483
6528,41.90165637993206,12.513471861348068,-68.11194231156747
6529,41.90165375822292,12.513473293069442,-68.25070106549327
6530,41.901651128995645,12.513474724402014,-68.36867922025506
6531,41.901648509227954,12.513476168955933,-68.46630161142006
6532,41.90164590533484,12.513477589388307,-68.55054777806443
6533,41.901643283616906,12.513478985447348,-68.64391698515172
6534,41.901640676268975,12.513480394788747,-68.73962643384478
6535,41.901638082541304,12.513481798893869,-68.83502630433438
6536,41.90163551939187,12.513483128043262,-68.93403056986786
6537,41.901632882516104,12.513484514087148,-69.05136704655905
6538,41.901630217098734,12.513485850762207,-69.1589014774645
6539,41.901627602675326,12.513487167461713,-69.26211014461074
6540,41.901624951612646,12.513488495672433,-69.35289755616805
6541,41.90162227775365,12.513489824261768,-69.46111852004113
6542,41.9016196228319,12.513491167044503,-69.56656481330974
6543,41.90161700159641,12.513492479593314,-69.67795601375269
6544,41.90161435673571,12.513493804777818,-69.78227159857578
6545,41.90161172842068,12.513495091456582,-69.86651243541218
6546,41.90160909201059,12.513496378745605,-69.95232371570602
6547,41.90160645473599,12.513497677382492,-70.03773168724105
6548,41.90160381081701,12.51349892957688,-70.14808456222725
6549,41.90160118939344,12.513500167894822,-70.25258653992482
6550,41.90159852744019,12.513501425451928,-70.35099744944858
6551,41.90159582234718,12.513502693723296,-70.44541410741468
6552,41.90159319620966,12.51350391808608,-70.53716667426306
6553,41.90159055109012,12.513505139557887,-70.62073600596976
6554,41.90158787930702,12.513506367394884,-70.71948461839742
6555,41.9015852161085,12.513507580496382,-70.8177208572958
6556,41.901582574061784,12.51350879543097,-70.90892051866405
6557,41.9015799243078,12.513510018139044,-70.98610425607484
6558,41.901577238938835,12.51351121875471,-71.0807116885962
6559,41.90157460527372,12.513512413958315,-71.16368880595576
6560,41.901571989607,12.513513588383105,-71.24390650717996
6561,41.90156933179314,12.51351479871817,-71.33819036825257
6562,41.90156668299042,12.51351598999237,-71.42152902911965
6563,41.90156401522335,12.513517164637793,-71.51862202473438
6564,41.90156138987198,12.513518340514281,-71.60139842069526
6565,41.90155875473035,12.513519471993705,-71.67195721431867
6566,41.90155610183343,12.513520630729875,-71.74804616714734
6567,41.90155350065719,12.513521772563806,-71.81007521260727
6568,41.90155085273446,12.513522923699009,-71.87842887757844
6569,41.901548259670726,12.513524067740823,-71.94115801461601
6570,41.90154565562882,12.513525186404628,-71.9927110845338
6571,41.901543071713206,12.513526323674869,-72.05085359050106
6572,41.90154049076895,12.51352743008641,-72.084721943507
6573,41.90153791101974,12.513528518053317,-72.11561365976064
6574,41.901535351354404,12.51352957581612,-72.11570646789514
6575,41.90153279485876,12.513530628136534,-72.09865455253617
6576,41.90153022780674,12.513531639661464,-72.07781590002831
6577,41.901527619420094,12.513532642267247,-72.08974156536375
6578,41.90152509145212,12.51353369552635,-72.06545523656514
6579,41.90152262200803,12.513534747525583,-72.02219992119974
6580,41.90152017837046,12.51353580065823,-71.97284628464648
6581,41.901517747489315,12.51353689518268,-71.89364874113652
6582,41.9015153186772,12.513537991957019,-71.82158813089237
6583,41.90151292674782,12.51353907625609,-71.74590983649193
6584,41.90151049019602,12.513540146679764,-71.69331645559981
6585,41.901508107635735,12.513541221951378,-71.5947999268931
6586,41.90150568777826,12.513542294332426,-71.55314979824723
6587,41.90150329560113,12.513543352126778,-71.52423025061016
6588,41.90150089561835,12.5135444215874,-71.46977307795034
6589,41.901498525891014,12.513545499091547,-71.43207051852926
6590,41.90149619517242,12.513546601439176,-71.3709667785298
6591,41.90149385075115,12.513547708862234,-71.32718768795313
6592,41.901491517201805,12.513548789898218,-71.28078127476343
6593,41.90148925328826,12.513549864054774,-71.20627546663087
6594,41.901486948151145,12.513550947660082,-71.151526525533
6595,41.90148471733733,12.513552011285155,-71.07941640358317
6596,41.90148250489755,12.513553048714096,-71.00952864912755
6597,41.90148031750353,12.513554095469601,-70.92954368279803
6598,41.90147810964198,12.513555192332253,-70.83023306717189
6599,41.90147589409576,12.513556263016234,-70.76167522750532
6600,41.90147371543166,12.513557334024512,-70.67379508072564
6601,41.90147151636318,12.513558414480624,-70.57916576808827
6602,41.90146931678707,12.513559489012527,-70.50984917942066
6603,41.90146720885193,12.513560567741907,-70.39417203390207
6604,41.901465113481,12.513561579322444,-70.29503846192206
6605,41.90146307430266,12.513562615614187,-70.12643818073516
6606,41.901461060006795,12.513563629318396,-69.9440345275203
6607,41.901459050082664,12.513564682991017,-69.75193492639755
6608,41.90145705877376,12.513565744796406,-69.53091588843704
6609,41.90145507238148,12.51356679808864,-69.2981806818575
6610,41.90145310294238,12.513567845137644,-69.05095838308927
6611,41.90145116849409,12.513568927717854,-68.7753325179289
6612,41.90144925403532,12.513570032064106,-68.46458343668819
6613,41.901447333747065,12.513571183954419,-68.14907886839647
6614,41.90144542299981,12.513572325331163,-67.81426903912892
6615,41.901443514594845,12.51357350440401,-67.4802862257621
6616,41.90144163546204,12.51357467356971,-67.16745279270994
6617,41.901439758816814,12.513575849805038,-66.84894750845245
6618,41.90143790415398,12.513577006246724,-66.51661658096862
6619,41.901436079284686,12.513578145718325,-66.16398487887516
6620,41.9014342537451,12.513579316415566,-65.77402904618
6621,41.90143247328227,12.513580485184011,-65.35798509839626
6622,41.90143074001787,12.513581633469533,-64.91611945007594
6623,41.90142904281089,12.513582830560946,-64.44419319219112
6624,41.90142737201286,12.513584057316693,-63.93828787435738
6625,41.90142571730011,12.513585325400733,-63.37482339247676
6626,41.90142405037178,12.513586558746018,-62.762036073238285
6627,41.90142239195795,12.513587831761338,-62.063261039876025
6628,41.901420763613004,12.513589162523704,-61.32100679374889
6629,41.901419217576205,12.513590527309862,-60.4981802977226
6630,41.90141774304404,12.513591918094969,-59.624186073024894
6631,41.901416291556004,12.51359333061752,-58.692385375112266
6632,41.901414869727574,12.513594798168189,-57.6975428470355
6633,41.9014134615568,12.513596316351162,-56.62634577944789
6634,41.901412106367744,12.513597862060868,-55.51699435332018
6635,41.90141082568185,12.513599461064127,-54.369863640794065
6636,41.901409603116534,12.513601077970405,-53.222029689330384
6637,41.90140841966957,12.513602744235541,-52.041647520010095
6638,41.90140729299857,12.513604435716521,-50.801799884677344
6639,41.90140622026892,12.513606104043864,-49.52232930767277
6640,41.90140515592792,12.513607814993083,-48.21327677110583
6641,41.9014041302083,12.513609548963922,-46.89360676775676
6642,41.901403145048775,12.513611332505304,-45.53199492052804
6643,41.901402181022846,12.51361313200269,-44.14385144965673
6644,41.90140131090041,12.513614956488743,-42.71887634965158
6645,41.901400436054736,12.513616787811047,-41.26432873707537
6646,41.90139963259472,12.513618636275355,-39.79011143480484
6647,41.90139890034884,12.513620524314781,-38.29653705916876
6648,41.90139821704119,12.51362244395425,-36.7980348922063
6649,41.90139758789747,12.513624386387495,-35.30563455934692
6650,41.901396978872825,12.513626339442238,-33.80435754520589
6651,41.90139642369896,12.513628301089858,-32.31337597278831
6652,41.90139590819204,12.513630269861386,-30.80697748485398
6653,41.9013954132809,12.513632267965036,-29.296111201771946
6654,41.90139493498592,12.513634279959488,-27.771875938676676
6655,41.90139452475731,12.513636294610818,-26.25730823547475
6656,41.90139418457591,12.513638313889752,-24.73171679936255
6657,41.9013938799782,12.513640328404112,-23.214509364564385
6658,41.901393574490754,12.513642355204025,-21.677672872381784
6659,41.90139333703333,12.51364438435473,-20.10887851457021
6660,41.90139312091517,12.513646441125813,-18.536282307064088
6661,41.901392952647576,12.513648501495894,-16.982427333464226
6662,41.90139278453197,12.513650641871129,-15.445232985099764
6663,41.901392683181776,12.513652780740781,-13.89987405254702
6664,41.90139266633947,12.513654966256542,-12.32592705868773
6665,41.90139269741006,12.5136571572601,-10.741968394843193
6666,41.901392779492824,12.513659341057878,-9.169299767814424
6667,41.90139286047676,12.513661573548436,-7.624287796222517
6668,41.901393011177305,12.513663829784301,-6.093114708580833
6669,41.901393203190494,12.513666078964382,-4.598725979588176
6670,41.90139341891644,12.51366832462588,-3.149937883558492
6671,41.90139368088594,12.513670610534833,-1.7251969285864222
6672,41.90139398700101,12.51367291147356,-0.31135687497567693
6673,41.901394299583636,12.513675221551502,1.1073384858559534
6674,41.90139463029565,12.51367754803079,2.493578903046362
6675,41.901394949925695,12.513679902542272,3.8122488547348876
6676,41.90139532340563,12.513682258372073,5.051692350050266
6677,41.901395718591516,12.513684616182253,6.225062973070666
6678,41.90139615217911,12.513686991127306,7.363692858175688
6679,41.901396617316884,12.513689337003976,8.491047042465064
6680,41.901397098458425,12.5136916808645,9.573951610048477
6681,41.901397623411796,12.513694024533999,10.627757836517448
6682,41.90139816470054,12.513696347156886,11.618678515483024
6683,41.9013987367159,12.51369868927543,12.54142901259476
6684,41.901399335490304,12.513701069023769,13.40108862815336
6685,41.90139995277964,12.513703475231784,14.19323442370661
6686,41.90140057850203,12.513705904818908,14.938736771343244
6687,41.901401216107416,12.513708353976385,15.652378191991337
6688,41.90140187146723,12.51371081071248,16.313467959580876
6689,41.90140255356023,12.513713263154004,16.942320531261963
6690,41.901403253477596,12.513715717289314,17.532783699724874
6691,41.90140396170529,12.513718192139413,18.08313632097336
6692,41.901404692730296,12.513720716967432,18.610855769337995
6693,41.90140540795538,12.513723248852001,19.117492221139592
6694,41.90140614337605,12.513725820714876,19.599030089525247
6695,41.90140691880846,12.513728381101167,20.03463670079927
6696,41.9014076739715,12.513730975439593,20.437902903780202
6697,41.90140845436965,12.513733472612067,20.752787329117858
6698,41.90140925722229,12.513735963115787,21.126568648492974
6699,41.901410050063106,12.51373840443581,21.412158757751516
6700,41.901410895970635,12.513741007459831,21.668457752452614
6701,41.90141172551298,12.513743561767587,21.903210704310045
6702,41.90141261297899,12.51374621212191,22.09041272526614
6703,41.901413439626026,12.51374877737045,22.317558203515173
6704,41.90141431620495,12.513751480877994,22.46321973077968
6705,41.901415209981685,12.51375424059603,22.594557383300742
6706,41.90141604074284,12.513756942376888,22.735354055755217
6707,41.90141693740455,12.513759746259774,22.841188592342252
6708,41.901417782091464,12.513762581183574,22.941754677581674
6709,41.901418701260155,12.51376550335638,22.980985591377255
6710,41.90141965421589,12.51376842441608,23.062323471627305
6711,41.90142054765542,12.513771230931594,23.134569808866427
6712,41.90142153355685,12.513774095420217,23.197071455503036
6713,41.90142241297158,12.513776773085972,23.265094798107974
6714,41.901423383473116,12.513779578903236,23.29125710937214
6715,41.90142421724719,12.513782300683197,23.366748189389178
6716,41.90142516985313,12.513785234167356,23.34228547552366
6717,41.90142606888422,12.51378809640312,23.353823395297308
6718,41.901427021015216,12.513790907609481,23.317205389309837
6719,41.90142792522197,12.51379370542191,23.3427296434776
6720,41.90142882806513,12.513796594041276,23.314194535073646
6721,41.90142981761197,12.513799556440203,23.30620774841298
6722,41.901430753251034,12.513802522909886,23.33768902880385
6723,41.90143175750465,12.513805602691756,23.289113977614647
6724,41.90143275602164,12.513808636968218,23.281869008571917
6725,41.901433735407906,12.513811650025742,23.25335744059274
6726,41.9014347299769,12.513814688935064,23.2317585630681
6727,41.90143568555169,12.513817724233986,23.225857446253194
6728,41.90143672019993,12.513820863627995,23.169604704414517
6729,41.901437689806166,12.513823930611222,23.164871586344294
6730,41.90143869555818,12.513827089482309,23.110931920253137
6731,41.901439706618824,12.51383018713179,23.09527762452543
6732,41.901440670911455,12.51383334248766,23.08533432261328
6733,41.90144167085855,12.513836543181197,23.02811536758586
6734,41.90144260883178,12.513839629955367,23.0394682240958
6735,41.90144359571159,12.513842857705603,22.998354303137134
6736,41.901444603243895,12.513846054292086,22.96776942356448
6737,41.90144559288251,12.513849281383578,22.94261501716609
6738,41.90144668155733,12.51385258572653,22.89090453234201
6739,41.90144769164283,12.51385577709898,22.882915093663414
6740,41.90144876404172,12.513859104005455,22.819376979990363
6741,41.90144978863342,12.513862366529786,22.799394407135257
6742,41.901450791867305,12.51386571823661,22.74135932132814
6743,41.90145185637587,12.513869084087823,22.67767841775438
6744,41.90145286208966,12.513872373421515,22.65081109813017
6745,41.90145390235322,12.513875811738181,22.56046743113982
6746,41.901454951376365,12.51387912304411,22.53141316315768
6747,41.901455950425614,12.513882529620497,22.474044803853946
6748,41.90145701807851,12.513885911380275,22.402544921198018
6749,41.90145805955574,12.51388934552469,22.38306650625647
6750,41.9014591534293,12.513892848815347,22.302400604935283
6751,41.90146022246091,12.513896271878508,22.274731982837178
6752,41.90146126418622,12.51389985054896,22.20807165807629
6753,41.90146235571991,12.513903323184886,22.149913416776833
6754,41.901463372163505,12.513906817588047,22.10714110154692
6755,41.901464449968415,12.513910335027704,22.045005059453686
6756,41.901465495431594,12.513913799505383,22.025946743177457
6757,41.901466556256686,12.513917377216789,21.959336745420057
6758,41.90146763601312,12.513920915679634,21.92102363150349
6759,41.901468690303,12.513924530942319,21.88598690230719
6760,41.90146980600939,12.513928156651234,21.827399553089123
6761,41.90147087558444,12.513931794126641,21.82484581096061
6762,41.90147195892797,12.513935476943068,21.788475797265672
6763,41.90147306730635,12.513939148247225,21.765062900510674
6764,41.90147414566079,12.513942824352357,21.7316252812591
6765,41.9014752538715,12.513946525914916,21.68936211899651
6766,41.90147633063685,12.51395018318513,21.694909475291148
6767,41.90147741905231,12.513953854635492,21.689339548042785
6768,41.9014785065619,12.513957482042919,21.700651426312238
6769,41.9014795899788,12.51396118125349,21.699144600345285
6770,41.90148069219187,12.513964871424246,21.68585659013874
6771,41.90148179162037,12.51396858871475,21.696575566159712
6772,41.901482895052276,12.513972344250483,21.68388075651766
6773,41.901484006908746,12.513976081412295,21.6933132199258
6774,41.90148510098753,12.513979900709483,21.686845957161644
6775,41.9014862219893,12.513983713860489,21.671581355832775
6776,41.90148733888281,12.51398751428335,21.674025574045018
6777,41.90148848148445,12.513991326765165,21.66602515854749
6778,41.90148964221988,12.513995086402693,21.680923113591778
6779,41.90149077061893,12.513998938873856,21.67078922301259
6780,41.90149191777414,12.514002774816024,21.661780548411926
6781,41.90149306336325,12.51400664748439,21.66590692622167
6782,41.90149419005119,12.51401050581402,21.657100930192755
6783,41.901495346201465,12.514014372644862,21.65910731871266
6784,41.90149650737537,12.514018260655545,21.65016195525941
6785,41.9014976928584,12.51402213985305,21.62650398319324
6786,41.90149883722074,12.514026044641396,21.6100292367441
6787,41.901500025363966,12.514029961931355,21.59174167815629
6788,41.90150119008843,12.514033828160537,21.561187695049714
6789,41.90150236064716,12.514037763710158,21.529894857219894
6790,41.90150353601642,12.514041688145827,21.488303654842124
6791,41.901504714957966,12.514045632067502,21.458052266164056
6792,41.90150588309241,12.514049597145872,21.436902101299054
6793,41.901507055599915,12.514053560276627,21.414134543471366
6794,41.901508238354,12.51405757180669,21.383657708839515
6795,41.90150944535755,12.514061600466908,21.34177347082622
6796,41.90151064812928,12.514065648052068,21.311069745241692
6797,41.90151186294765,12.514069684390883,21.270897416318515
6798,41.90151305612116,12.514073686094491,21.241492566408148
6799,41.90151425204991,12.514077708176842,21.22397610845431
6800,41.90151541982877,12.514081740117106,21.192453578530444
6801,41.90151660482825,12.514085786764149,21.158724824188795
6802,41.901517815306875,12.514089846766597,21.12320885678854
6803,41.90151902153874,12.514093911346242,21.088258547325225
6804,41.9015201878115,12.514097995732644,21.068793245732834
6805,41.90152133896101,12.514102124940548,21.020344480456068
6806,41.90152256635715,12.51410630888112,20.985054237859607
6807,41.90152373382026,12.514110423194603,20.965338729569325
6808,41.901524914023085,12.51411455091765,20.944861500371914
6809,41.90152608347832,12.514118673411772,20.91477932119349
6810,41.90152726420037,12.5141227792382,20.906684110630874
6811,41.90152843897058,12.514126868011841,20.884861236775688
6812,41.90152961135897,12.514130960059777,20.883578316009
6813,41.90153079198622,12.514135098184555,20.86476524172309
6814,41.901531982917355,12.514139293164689,20.848939902046848
6815,41.9015331703139,12.514143517067934,20.827808419883848
6816,41.90153435068249,12.514147745694823,20.80456087263846
6817,41.901535555821894,12.514151962919806,20.78202293422619
6818,41.901536769039254,12.514156187554681,20.766308790193616
6819,41.901537973428766,12.51416040620475,20.73987088381483
6820,41.90153919163502,12.514164610411882,20.727185665264685
6821,41.90154038048034,12.514168787932546,20.72991024037231
6822,41.90154157706325,12.514172991884175,20.72874673606441
6823,41.901542766537986,12.514177198727042,20.731015364499743
6824,41.90154395049019,12.514181419725869,20.72630442131233
6825,41.90154513564765,12.51418562931688,20.736861724728712
6826,41.90154630901162,12.514189856562966,20.743052333010166
6827,41.90154748457072,12.514194117475279,20.771323889502902
6828,41.90154864304604,12.51419837372423,20.810275005896695
6829,41.90154983454015,12.514202658543361,20.846999675976786
6830,41.90155105159511,12.514206951236229,20.889027896505624
6831,41.901552261744534,12.514211217411825,20.931141909482825
6832,41.901553521171905,12.514215446552022,20.981344254510272
6833,41.901554778533544,12.514219707673124,21.023538637474303
6834,41.90155603218528,12.514223986424042,21.060626188835453
6835,41.90155729496999,12.514228271895439,21.108230727183003
6836,41.90155852015421,12.514232505082605,21.15887040760501
6837,41.901559755269346,12.514236777900015,21.193121091958673
6838,41.90156098675231,12.514241036474292,21.20600753524503
6839,41.901562238108255,12.514245306802417,21.232828896879113
6840,41.90156349425565,12.514249530389472,21.270824340139388
6841,41.90156474581218,12.51425379882353,21.299625363305683
6842,41.901566015041226,12.514258120067304,21.337077655679924
6843,41.90156728407987,12.514262437658562,21.37159657580821
6844,41.90156855012893,12.514266721245278,21.39665421699685
6845,41.90156980817108,12.51427101987089,21.435887590037588
6846,41.901571067434446,12.514275362596242,21.463190000005827
6847,41.901572340028835,12.514279698950576,21.49466465886912
6848,41.90157361468314,12.514284010847225,21.520152454778554
6849,41.90157487379828,12.514288350158537,21.543133906230658
6850,41.901576136111196,12.514292700049866,21.55477238279831
6851,41.90157743040622,12.514297038047657,21.560331049215797
6852,41.901578728830565,12.514301306641542,21.56972634935689
6853,41.90158000441672,12.514305579650292,21.562377207676214
6854,41.901581285005776,12.514309866792713,21.57249069757717
6855,41.90158255703987,12.514314188785276,21.565628222150462
6856,41.90158380770247,12.514318538724364,21.569189016283147
6857,41.90158505978593,12.514322840918204,21.56763494039562
6858,41.90158633069242,12.514327155908894,21.555067633479137
6859,41.90158760281218,12.514331494681974,21.550408581684145
6860,41.90158891763071,12.514335777873223,21.5520595784841
6861,41.901590192286335,12.514340048385856,21.54706242090789
6862,41.90159144739016,12.514344266693945,21.542156403181398
6863,41.90159270418847,12.514348444575244,21.552686139644166
6864,41.90159397441712,12.514352604469572,21.568853986978354
6865,41.90159526178401,12.514356825753426,21.57842883072534
6866,41.9015965038547,12.514361009401421,21.58007250781797
6867,41.9015977342784,12.514365179677732,21.584383612705878
6868,41.90159897142208,12.514369379179769,21.578422134411145
6869,41.9016002427574,12.514373636011994,21.582943084106592
6870,41.901601495350846,12.514377826472842,21.5716159817038
6871,41.901602709171726,12.514382004464377,21.579748044065244
6872,41.90160392140672,12.514386163338347,21.589895256165736
6873,41.901605150749745,12.514390361937739,21.61651301669417
6874,41.90160640516434,12.514394514760049,21.64258126499696
6875,41.901607675153066,12.514398669061679,21.65861425808892
6876,41.90160893238632,12.514402788786743,21.691418298152964
6877,41.90161016742947,12.514406928910658,21.73363887354776
6878,41.90161138095348,12.51441113387711,21.75737494707227
6879,41.90161260180861,12.51441532155216,21.769598888594576
6880,41.901613848766715,12.51441944044093,21.774182125681982
6881,41.90161510905484,12.514423505045706,21.778434471272284
6882,41.90161635419559,12.514427558299056,21.78536287476668
6883,41.90161759702501,12.51443162255453,21.80159942731869
6884,41.90161882358095,12.514435675857799,21.82587733800475
6885,41.90162002189672,12.514439764741734,21.83794463549221
6886,41.90162122992974,12.514443818880494,21.844571619673008
6887,41.90162244091584,12.514447898710602,21.840905322150313
6888,41.90162364553118,12.514451964894702,21.837188973610804
6889,41.90162486312955,12.51445600194831,21.84736834079032
6890,41.9016260669637,12.514460110405317,21.840108659365903
6891,41.90162729198454,12.514464139288595,21.850657853935438
6892,41.901628500818006,12.514468227153612,21.855248276694855
6893,41.901629715371996,12.514472216506439,21.866761201320156
6894,41.90163091557985,12.51447622103718,21.88530377316306
6895,41.90163211772975,12.514480239203346,21.887038048574524
6896,41.9016333281429,12.514484194191798,21.90059488291232
6897,41.90163454749171,12.514488205391462,21.902675740513978
6898,41.90163575351219,12.514492168642834,21.896786405256268
6899,41.90163694886454,12.514496079987788,21.879326562198592
6900,41.90163812030684,12.514500023886626,21.845508483479474
6901,41.901639291529314,12.514503866063457,21.826492589138077
6902,41.90164044460004,12.51450773223756,21.802012850149755
6903,41.90164161038046,12.514511590444013,21.783580141970344
6904,41.90164277720637,12.514515398802361,21.768276883380572
6905,41.90164391206024,12.514519246427234,21.73436778726774
6906,41.90164503232951,12.514522979645115,21.717188107825603
6907,41.90164613837961,12.514526786786275,21.702456879640234
6908,41.901647237594524,12.514530506657913,21.693595403269622
6909,41.90164836765918,12.514534269271467,21.68764180919136
6910,41.901649483085265,12.514538020220192,21.668363413970287
6911,41.90165060656001,12.514541743052266,21.6459879659415
6912,41.901651717022155,12.514545445800616,21.632096046537008
6913,41.90165279416086,12.514549119936486,21.619592229555444
6914,41.90165386701941,12.514552770578701,21.608546174774045
6915,41.90165492270816,12.514556407347586,21.587647517599663
6916,41.90165598851486,12.514560054464646,21.56215590548277
6917,41.90165704480938,12.514563672048542,21.539934860063884
6918,41.90165809663266,12.514567226754183,21.52854128776871
6919,41.90165913597319,12.514570760041465,21.517228135427583
6920,41.90166018418835,12.514574266081587,21.503666889490006
6921,41.90166122214941,12.51457773106112,21.492729378439574
6922,41.90166224985288,12.514581195556415,21.47546214868809
6923,41.90166326353939,12.51458457378012,21.46719267492092
6924,41.90166427462942,12.514587970021049,21.463381342753916
6925,41.901665265594495,12.514591285932967,21.45230561485165
6926,41.90166624975423,12.514594660695925,21.438411028441216
6927,41.90166715261759,12.51459783384504,21.42785669885945
6928,41.90166810206633,12.514601096481746,21.45962132226397
6929,41.90166901542295,12.514604254407438,21.43883058220632
6930,41.901669954184996,12.514607409778042,21.44740926360056
6931,41.90167083804074,12.514610523646718,21.425424587495787
6932,41.901671780309705,12.514613704505457,21.438871698178218
6933,41.901672707358756,12.51461698969055,21.388473449067728
6934,41.90167365915694,12.51462012412636,21.381596276465885
6935,41.901674612478864,12.514623469923468,21.357880770198193
6936,41.90167549655182,12.514626588817867,21.31898226895232
6937,41.90167649046319,12.514630068837134,21.274075891465646
6938,41.90167740409528,12.514633288782678,21.175483368291392
6939,41.90167836230485,12.51463657652903,21.145824952568788
6940,41.901679263875565,12.514639696375276,21.10487495064511
6941,41.90168010256118,12.51464254153493,21.138074805035963
6942,41.90168100172574,12.514645518481052,21.196104028646854
6943,41.90168182675267,12.514648499950914,21.194409067065667
6944,41.90168273192429,12.514651398836527,21.284184482661487
6945,41.90168354884315,12.514654419900403,21.303393426319147
6946,41.901684399516334,12.51465708699062,21.396808924500103
6947,41.901685290788166,12.514660137006691,21.45681171753467
6948,41.901686117684974,12.514662971413726,21.494475918823163
6949,41.90168703699768,12.514665925498507,21.612804991480544
6950,41.90168789148801,12.514669081533428,21.622894382474673
6951,41.90168877892235,12.514672021824882,21.690538414250998
6952,41.90168967779008,12.514675143837758,21.759539062568873
6953,41.90169059434713,12.514678084247413,21.81626443052544
6954,41.90169153826611,12.514681036404149,21.90866616739948
6955,41.9016924780876,12.514684087281982,21.948909078006054
6956,41.90169341902269,12.514686971753978,22.047140276011493
6957,41.90169436365086,12.51469003165773,22.125692212862276
6958,41.901695278049964,12.51469296699224,22.1908721733095
6959,41.90169621219967,12.514695951916313,22.28733513938496
6960,41.90169713526618,12.514698971819112,22.35664513418081
6961,41.90169807987421,12.514701927366747,22.434825858412772
6962,41.9016990431698,12.514705017453641,22.508096273051446
6963,41.901699999706764,12.514708042368742,22.560524644710828
6964,41.901701001632894,12.51471112011675,22.643857961759547
6965,41.90170198677456,12.5147142014337,22.6669866132014
6966,41.901702968485225,12.514717238571363,22.72490934209654
6967,41.901703957430996,12.514720435412935,22.742239295297928
6968,41.90170494168341,12.514723452985708,22.742974636634703
6969,41.90170594757672,12.514726588236858,22.752779301843148
6970,41.90170696810781,12.514729729447566,22.718589909492174
6971,41.90170795669484,12.514732765414049,22.70439087821098
6972,41.90170895396868,12.514735969278982,22.670236929516943
6973,41.90170996390035,12.514739094606847,22.645942803785708
6974,41.901710955740135,12.514742273899516,22.62296883739817
6975,41.901711936514054,12.514745460499906,22.57568431662231
6976,41.90171291176269,12.51474859260598,22.569589268638858
6977,41.90171390547205,12.514751852545198,22.51990082415514
6978,41.90171491610968,12.514755009521918,22.49367740611924
6979,41.90171591104332,12.514758272744043,22.467566640357703
6980,41.901716922783855,12.514761561031573,22.428297980232767
6981,41.90171792768664,12.514764789231641,22.425113427041325
6982,41.90171892243566,12.514768102891336,22.377689454828566
6983,41.901719948952525,12.514771344749683,22.35045190530323
6984,41.90172093400633,12.514774658989346,22.318288867461973
6985,41.90172195854798,12.514777976200927,22.279937147414014
6986,41.9017229534729,12.514781245690076,22.26803860337019
6987,41.90172395764001,12.514784600864846,22.22598553116633
6988,41.90172496863729,12.514787849854065,22.207238604482544
6989,41.90172594830633,12.514791181682257,22.177852902156268
6990,41.90172696264118,12.514794534880245,22.134915240262146
6991,41.90172794221215,12.514797850632618,22.12509701309222
6992,41.90172894684679,12.514801210016035,22.090534722980305
6993,41.90172993480755,12.514804520946845,22.080261683415664
6994,41.90173092972872,12.514807887235873,22.058902805817063
6995,41.90173198083265,12.514811244468602,22.036210387022784
6996,41.90173300188106,12.514814585160078,22.019453781367204
6997,41.90173403260408,12.514817972821795,22.000022270890383
6998,41.9017350374858,12.514821290551737,22.01236776623959
6999,41.90173599728933,12.514824708021353,21.993718020662186
7000,41.90173701286075,12.514828029284173,21.98197830638462
7001,41.90173800131982,12.514831400978755,21.973143233141336
7002,41.901739036390765,12.514834731332282,21.942350179950793
7003,41.90174006706501,12.51483802878249,21.931772735511384
7004,41.90174110602912,12.514841290214614,21.942223266773453
7005,41.90174211502561,12.51484462768451,21.924189132513717
7006,41.90174310259655,12.514847956549536,21.914662149210997
7007,41.901744108286515,12.514851363341348,21.894572100196715
7008,41.901745079264344,12.514854720441944,21.883507246911837
7009,41.90174607165736,12.514858113966238,21.84712841607256
7010,41.901747075112766,12.514861486091867,21.825775756450962
7011,41.90174808291075,12.51486482818784,21.829609116870124
7012,41.90174912778417,12.514868237326079,21.812075534533328
7013,41.90175012980905,12.514871586983865,21.80609403582065
7014,41.9017511404883,12.514874994269883,21.79157402001287
7015,41.901752143709835,12.514878374119286,21.782873818512847
7016,41.90175313621558,12.514881694411212,21.781530453255794
7017,41.90175414466848,12.514885032124143,21.77261132121827
7018,41.90175515459765,12.514888302593413,21.774634168214927
7019,41.90175616385668,12.514891605221614,21.77264431334999
7020,41.90175717819784,12.514894889086214,21.772006830496622
7021,41.90175817042839,12.514898174883463,21.778384284168535
7022,41.901759169074985,12.51490146838532,21.77666632435433
7023,41.90176012729733,12.514904749829833,21.778886921263343
7024,41.901761092132695,12.514908016268187,21.77347603402105
7025,41.90176206207419,12.514911264801995,21.767877735741664
7026,41.901763031528155,12.51491452870137,21.75654072318466
7027,41.9017640220118,12.514917791524406,21.756269630252696
7028,41.901764995055,12.51492100016924,21.761021599420047
7029,41.90176596965983,12.514924254561718,21.7590108666409
7030,41.90176692441287,12.514927435354593,21.755980256398907
7031,41.90176785231275,12.51493060357328,21.752517978364388
7032,41.901768790568546,12.514933774369744,21.74929475895018
7033,41.90176971533465,12.51493695424615,21.750830263471773
7034,41.90177063866959,12.51494014013467,21.75128981495165
7035,41.901771561327195,12.514943274155863,21.76221730175673
7036,41.901772459333934,12.514946374652583,21.78490904740242
7037,41.9017733797507,12.514949501554664,21.812379347715517
7038,41.90177429578121,12.514952588491926,21.858025711018424
7039,41.90177521860607,12.514955685529138,21.88763566788062
7040,41.901776166016106,12.51495877353862,21.930124393394347
7041,41.90177709486476,12.51496180616682,21.943101865656867
7042,41.90177792076751,12.51496450560192,22.0399884050052
7043,41.90177879003418,12.514967484252002,22.074823867496995
7044,41.90177968365064,12.514970378608036,22.136200152706095
7045,41.90178058878832,12.514973332072849,22.171705435161336
7046,41.90178145956985,12.514976251615455,22.233331497026327
7047,41.90178237981643,12.514979380886354,22.2296978464917
7048,41.901783302821954,12.514982351331954,22.24882985241553
7049,41.901784237611146,12.514985449457345,22.23315186711774
7050,41.901785173690854,12.514988517461365,22.220008844071046
7051,41.90178611764525,12.51499167109365,22.223325871355023
7052,41.90178711379433,12.514994916403714,22.201042132402737
7053,41.90178805170127,12.514997877830485,22.218599272735347
7054,41.9017890064167,12.51500106515727,22.19204288875121
7055,41.901789936323254,12.515003896157362,22.1962682069541
7056,41.901790777324884,12.515006764431162,22.236120164045218
7057,41.90179167950764,12.51500956153955,22.261903677143
7058,41.90179258470388,12.515012405775328,22.30505553251185
7059,41.901793444331545,12.515015268433897,22.335387994733342
7060,41.90179434755075,12.51501811180994,22.33903658056551
7061,41.901795220313154,12.515020894001726,22.35885183158238
7062,41.901796084850176,12.515023782450921,22.33126823507797
7063,41.90179696288479,12.51502667531861,22.298954090151963
7064,41.90179786017852,12.515029626910751,22.277827968405507
7065,41.901798789446595,12.515032691025892,22.229586661112847
7066,41.901799697716186,12.515035618850565,22.204568694166852
7067,41.90180062935662,12.515038645405397,22.16771914511066
7068,41.901801542112246,12.51504155361688,22.14459163854743
7069,41.90180245108127,12.515044485328508,22.123673945125113
7070,41.90180337127848,12.515047468185696,22.075696716608547
7071,41.90180426123896,12.515050368422548,22.054712637828246
7072,41.90180512145606,12.515053321884563,22.009189758689647
7073,41.901805968036626,12.515056197845011,21.976562854817935
7074,41.90180681855675,12.515059109949048,21.94526387567622
7075,41.90180768362966,12.515062039630152,21.896053776455012
7076,41.90180853631099,12.515064943185166,21.86697669882407
7077,41.90180941710961,12.515067933153723,21.81193895592008
7078,41.90181027879256,12.51507082603456,21.764860843442463
7079,41.90181111392395,12.515073727749346,21.73339498699299
7080,41.90181197253182,12.515076710431616,21.67952418660651
7081,41.9018127826652,12.5150795903701,21.64510380373271
7082,41.901813653117685,12.515082605283327,21.58745286456133
7083,41.90181448936401,12.515085486829255,21.53733902821139
7084,41.90181534278603,12.51508848514658,21.49377490960321
7085,41.90181622555114,12.51509141312282,21.44644742347195
7086,41.901817077314526,12.515094321796633,21.416719093647046
7087,41.90181794176026,12.5150973252436,21.376790253356504
7088,41.90181877372509,12.515100258828602,21.328986197056814
7089,41.901819621277824,12.51510322847451,21.284749545705516
7090,41.901820484763256,12.515106228838912,21.229258104047265
7091,41.90182131269776,12.515109172378025,21.195194385643997
7092,41.90182215607723,12.515112141760403,21.1614026444181
7093,41.9018230004459,12.515115066486725,21.140884248410057
7094,41.901823834569875,12.515118047139184,21.134109678194996
7095,41.90182469744984,12.515120956410787,21.128481271802947
7096,41.90182557414322,12.515123912685238,21.124799640888554
7097,41.90182648002286,12.515126884642289,21.109982522026982
7098,41.901827366471686,12.515129793844435,21.108334839521767
7099,41.90182827222773,12.515132748999823,21.112811294257828
7100,41.90182916246813,12.515135704550865,21.102843162968167
7101,41.90183002449983,12.515138619972008,21.093222953845473
7102,41.90183088303488,12.515141628538975,21.079438175095394
7103,41.9018317500301,12.51514458512234,21.06633048934383
7104,41.90183260177583,12.515147534742297,21.04713268146076
7105,41.90183343687859,12.515150512060465,21.02965574373452
7106,41.90183427331895,12.515153405042282,21.008752029362803
7107,41.90183512632503,12.515156324040829,20.987311571895447
7108,41.90183596424492,12.515159177853928,20.9523042742084
7109,41.90183679468471,12.515162094093089,20.90745713324527
7110,41.90183765190486,12.515165000382359,20.853292914121642
7111,41.901838459962356,12.515167884256106,20.783890471136832
7112,41.901839309026265,12.515170787676656,20.69630914735233
7113,41.90184013009475,12.515173650120515,20.609758239123835
7114,41.90184093094207,12.51517655450814,20.51041588055134
7115,41.90184169888862,12.515179378449545,20.402369493248866
7116,41.90184249482127,12.51518226387084,20.277805165709168
7117,41.90184327197228,12.515185151611316,20.146668146455255
7118,41.901844014416525,12.515188010006185,20.01871560669158
7119,41.90184475439744,12.515190903972382,19.888086353946903
7120,41.90184547957113,12.515193705304577,19.76736244375045
7121,41.901846228068536,12.515196542004334,19.646200329229416
7122,41.901846986176395,12.51519934875575,19.519931742907502
7123,41.90184769979242,12.515202138486238,19.385790664706274
7124,41.901848428164804,12.515204964343072,19.22329016962816
7125,41.901849144270614,12.515207712499917,19.045857785519235
7126,41.90184984350801,12.51521045474388,18.8397504226388
7127,41.901850527915244,12.515213173071425,18.591489556294857
7128,41.90185118034575,12.515215861330088,18.323257657921797
7129,41.90185181512541,12.51521854518323,18.016669684164764
7130,41.90185241787103,12.515221156538296,17.67224929282643
7131,41.90185302604431,12.515223847524991,17.28982039288982
7132,41.90185357575578,12.5152264777138,16.870385230657345
7133,41.9018540914484,12.515229137392977,16.4243950636158
7134,41.90185461266546,12.515231762320985,15.955040100039241
7135,41.901855082161006,12.515234328383082,15.4592454484991
7136,41.90185555966019,12.51523692100719,14.94340983682495
7137,41.90185596526212,12.51523951151541,14.386459110313073
7138,41.90185632792105,12.515242040744939,13.81539873568207
7139,41.901856675231485,12.515244616163619,13.218578063311273
7140,41.901856968115936,12.515247147758638,12.60317189821407
7141,41.90185725380848,12.515249721679421,11.960552879915229
7142,41.901857514443506,12.515252292888526,11.29164995800033
7143,41.901857737063324,12.51525491177651,10.60077379231121
7144,41.90185794924284,12.51525750566997,9.890810667851708
7145,41.90185814898395,12.5152600588461,9.168263895487664
7146,41.90185831307967,12.515262622171743,8.430758688106758
7147,41.90185841143656,12.515265191623094,7.671996927123493
7148,41.901858491336554,12.51526776440497,6.907258495595251
7149,41.901858589726096,12.515270334901405,6.127719950349077
7150,41.90185864218998,12.515272873365278,5.346077458286174
7151,41.901858677080774,12.515275409084474,4.532790538209466
7152,41.901858693586995,12.51527785999288,3.7061449527174886
7153,41.90185863451606,12.515280369170313,2.864093622902342
7154,41.90185853480033,12.51528284685494,1.9976551610940705
7155,41.90185838795052,12.515285331435726,1.136210053528121
7156,41.90185819777392,12.515287848698977,0.25456479437002405
7157,41.901857997023306,12.515290351645543,-0.6239021401427879
7158,41.90185778786006,12.515292914086649,-1.5246102257346712
7159,41.90185759830616,12.515295405423117,-2.428914248145698
7160,41.90185738810572,12.515297893816257,-3.344305093702562
7161,41.90185719430417,12.515300341587583,-4.27051356801486
7162,41.90185695626602,12.515302854821497,-5.203743047759921
7163,41.90185663626286,12.515305246620514,-6.1511091210846836
7164,41.901856237319635,12.515307640258412,-7.103406841433165
7165,41.901855811422536,12.515309935751336,-8.051877721500764
7166,41.90185534732006,12.51531223970917,-9.02859533435272
7167,41.90185485286429,12.515314540494403,-10.02371780151364
7168,41.90185430596083,12.515316792166416,-11.045748584004434
7169,41.90185375240699,12.515318967446532,-12.037497858259092
7170,41.90185312435545,12.515321179837995,-13.055881691255289
7171,41.90185258707789,12.51532333254727,-14.094301645585597
7172,41.901851967806614,12.515325466637059,-15.142524215779146
7173,41.90185131447637,12.515327656988788,-16.227594130845354
7174,41.9018506840749,12.51532981061096,-17.2433164650611
7175,41.90184987184638,12.515332035607502,-18.26757986812593
7176,41.90184909466743,12.515334290418767,-19.299031413441178
7177,41.90184829743835,12.515336425880422,-20.300478712752625
7178,41.901847527988735,12.515338631732163,-21.31684385429006
7179,41.901846758209,12.51534069125633,-22.320284531808802
7180,41.90184590499884,12.51534272376184,-23.322399359249797
7181,41.901845027057334,12.51534473467635,-24.348931064389323
7182,41.90184412740483,12.515346673810576,-25.345057193838144
7183,41.901843158663176,12.515348625721666,-26.369620829024978
7184,41.90184220611143,12.51535054582842,-27.374708816717842
7185,41.90184132368063,12.515352472151841,-28.340472772538682
7186,41.90184041216815,12.51535439944499,-29.25190942786212
7187,41.90183940531607,12.515356244672578,-30.14637210554756
7188,41.901838371053636,12.515358153236734,-31.032432160906744
7189,41.90183729191556,12.515360084050537,-31.86521058269243
7190,41.90183619535448,12.515361890710304,-32.651004297087724
7191,41.90183509628257,12.515363614811704,-33.40270886666063
7192,41.90183400671271,12.51536534026166,-34.126362649506916
7193,41.90183288550249,12.515367120801926,-34.85642057803091
7194,41.90183173892526,12.515368931809641,-35.573814253476556
7195,41.90183046357969,12.51537082372259,-36.25933254122945
7196,41.90182928100094,12.515372761237531,-36.93448919561355
7197,41.90182805711175,12.515374594708213,-37.54080462860859
7198,41.90182690687757,12.515376563440217,-38.115746243286445
7199,41.90182578873748,12.515378454714247,-38.58863200047778
7200,41.90182464059563,12.515380303349081,-39.016599343058665
7201,41.90182337727509,12.515382052629688,-39.373960280917665
7202,41.90182199142459,12.515383795657128,-39.7014739177799
7203,41.90182074587682,12.515385669939937,-40.0019706920869
7204,41.901819474891596,12.51538741464358,-40.234505487004824
7205,41.90181824670014,12.515389320818175,-40.44543961455737
7206,41.90181705729511,12.515391218792214,-40.54163274310852
7207,41.901815925322765,12.515393097046562,-40.5696726019859
7208,41.901814779051115,12.515394944165342,-40.5544270529833
7209,41.90181363684577,12.515396809049134,-40.563887325922295
7210,41.901812476334335,12.515398673957117,-40.6238231583328
7211,41.901811259185926,12.515400565123535,-40.70330093538425
7212,41.90181005092807,12.515402587693037,-40.76687505529039
7213,41.90180885925924,12.515404540219444,-40.754388296054266
7214,41.90180766738023,12.515406376962588,-40.69503196321866
7215,41.90180642936041,12.515408224036106,-40.637260816002915
7216,41.90180530523952,12.515410153153299,-40.57012519326176
7217,41.90180417283343,12.51541202069361,-40.47182340016685
7218,41.90180303661589,12.51541389733435,-40.32766009537851
7219,41.90180189706881,12.515415814353421,-40.10733297166718
7220,41.90180074228086,12.515417670333433,-39.823140276550795
7221,41.90179962388679,12.515419617688812,-39.558466288680194
7222,41.90179848378321,12.515421611122386,-39.282969178920034
7223,41.90179735456298,12.515423641295776,-38.99027759302652
7224,41.90179626392697,12.51542570690364,-38.66043392536935
7225,41.901795164220104,12.51542774663922,-38.28948245461349
7226,41.90179409434214,12.515429776213049,-37.90767181195671
7227,41.90179304037096,12.515431781410776,-37.488068375998665
7228,41.90179199419407,12.51543386302092,-37.04795596439461
7229,41.901790962683116,12.515435888757452,-36.58273747319738
7230,41.90178994381685,12.51543798085571,-36.094034156461596
7231,41.90178892193787,12.515440052950138,-35.57124793718882
7232,41.90178795367147,12.515442175528056,-35.04537744460214
7233,41.90178703861985,12.515444304778201,-34.48875397196187
7234,41.90178608012544,12.515446422429017,-33.933213167274566
7235,41.90178514812899,12.515448592724505,-33.356129674543
7236,41.90178420348141,12.515450813872077,-32.7304571208172
7237,41.901783267919974,12.515453019109135,-32.062654056390336
7238,41.90178236466016,12.515455262388826,-31.360608349533972
7239,41.90178150859179,12.515457465882095,-30.619019727224025
7240,41.901780682293825,12.515459672182866,-29.84250974195207
7241,41.90177987474677,12.515461888993931,-29.030386450027674
7242,41.901779099956535,12.51546414173639,-28.19699648319111
7243,41.901778398231464,12.515466383788329,-27.3696195046384
7244,41.90177772132493,12.515468698527224,-26.57156307608961
7245,41.9017770701294,12.515471052756668,-25.775485460597608
7246,41.90177645260016,12.51547343080142,-24.956330539883407
7247,41.901775840812284,12.515475779331284,-24.137545324015736
7248,41.901775285815575,12.51547816071312,-23.29328710580634
7249,41.90177475516977,12.515480444035001,-22.413084747026435
7250,41.90177421974053,12.515482753647605,-21.489577840972764
7251,41.90177371050717,12.515485093865049,-20.511840533027392
7252,41.901773190050136,12.515487458513713,-19.49999870538659
7253,41.901772751556926,12.51548987573818,-18.484655237505343
7254,41.90177229976855,12.51549237622038,-17.47210031973867
7255,41.90177190612531,12.51549480531373,-16.452094565497536
7256,41.90177158161377,12.515497257673363,-15.451988148575825
7257,41.90177133695332,12.51549972324697,-14.433761846381987
7258,41.90177111559239,12.515502175473502,-13.428479150477829
7259,41.90177092510769,12.515504671383226,-12.421970445580708
7260,41.90177079804224,12.515507206923612,-11.401207008628427
7261,41.901770688265344,12.515509724282238,-10.384677787353832
7262,41.90177058894735,12.515512211762461,-9.384910756507704
7263,41.90177048268875,12.5155147268416,-8.383630189281574
7264,41.90177042293038,12.515517219028625,-7.385656688473258
7265,41.90177040260674,12.515519740432294,-6.391209723251281
7266,41.90177040643477,12.515522283173816,-5.3974207484728405
7267,41.901770438632155,12.515524807369241,-4.4155565300551745
7268,41.90177050086269,12.515527395783623,-3.4412248830306518
7269,41.901770639067635,12.51552997751939,-2.5001600750996147
7270,41.90177081190612,12.51553260674521,-1.5894405210468143
7271,41.901771023857904,12.515535201959299,-0.6908775225820104
7272,41.90177122848897,12.51553780810665,0.19389407471778697
7273,41.901771420285506,12.51554043288825,1.0675301321798123
7274,41.90177163260184,12.515543140958066,1.8944906972890008
7275,41.90177191349501,12.515545657456972,2.6591896909214716
7276,41.90177219870063,12.515548260604579,3.421058566629155
7277,41.901772476488865,12.515550817186648,4.130258635588345
7278,41.90177274865422,12.515553441165167,4.849626587253782
7279,41.901773076949674,12.515556033322623,5.5606775957915255
7280,41.901773411205134,12.51555867734035,6.2608353003184725
7281,41.901773785737646,12.515561316062149,6.902444335025778
7282,41.90177418232764,12.515563979578157,7.53376093320559
7283,41.9017745625036,12.515566696783793,8.147212276412587
7284,41.90177497860548,12.515569355864818,8.729686001305879
7285,41.901775450695375,12.515572048833796,9.276433381811989
7286,41.90177594314578,12.515574779142764,9.779620152203028
7287,41.901776456220034,12.5155775122516,10.270238695066253
7288,41.90177699373193,12.515580315696,10.768680369760071
7289,41.901777526017,12.515583078175109,11.226216841002737
7290,41.901778058536216,12.515585839968832,11.651535152564437
7291,41.901778564432796,12.515588663658654,12.064226261893172
7292,41.9017790954209,12.515591470045162,12.452742845624238
7293,41.901779599526655,12.515594325186175,12.8581908054126
7294,41.90178014979982,12.515597135402171,13.23953951486335
7295,41.90178071241604,12.515599990773609,13.62503426389707
7296,41.901781300065316,12.515602854700933,13.996513823499953
7297,41.90178193079224,12.515605700501894,14.341073962211313
7298,41.90178256540987,12.515608588280488,14.681167348092842
7299,41.9017832388677,12.51561146922538,14.992410969355957
7300,41.90178392351865,12.515614428869483,15.293981728741905
7301,41.90178459303697,12.515617370456303,15.569728744758137
7302,41.90178532160214,12.51562033287567,15.847628066437764
7303,41.90178605033814,12.515623327084773,16.106452379840807
7304,41.90178679517499,12.515626307663334,16.348790363863476
7305,41.90178754214959,12.515629307184957,16.571707767310002
7306,41.90178826104265,12.515632311677807,16.804885670955176
7307,41.90178895197884,12.515635317690121,17.017970840259686
7308,41.90178968518998,12.515638388641111,17.240078567231986
7309,41.90179041507431,12.515641487537223,17.45991487932209
7310,41.90179117284246,12.515644583235083,17.68947575517304
7311,41.90179195701945,12.515647667053337,17.917139167928156
7312,41.90179280788876,12.515650705492464,18.130301898486703
7313,41.90179364668127,12.515653795904008,18.34634142727395
7314,41.901794469404585,12.515656900346647,18.54852514955618
7315,41.901795324114126,12.515660048834922,18.763703842090305
7316,41.9017961856109,12.515663214408942,18.94888253893625
7317,41.901797023698556,12.51566638370963,19.09876911811738
7318,41.90179787322727,12.515669631127524,19.225318691882634
7319,41.90179872017167,12.51567283465949,19.333548771485884
7320,41.9017996010318,12.515676075133904,19.44441281634685
7321,41.90180046037817,12.515679325294377,19.54533710937777
7322,41.901801327234715,12.515682603688482,19.629243033599643
7323,41.901802213492,12.515685847617613,19.705486803977767
7324,41.90180313326731,12.51568911095835,19.75115263085566
7325,41.901804062260155,12.51569243144081,19.793941074388215
7326,41.901804966144795,12.515695768979633,19.803389293637803
7327,41.90180586385799,12.515699138950952,19.819455436528305
7328,41.901806756826105,12.51570252233291,19.820976876936836
7329,41.90180765654462,12.5157058941004,19.82690104551507
7330,41.901808502410425,12.51570929904498,19.828708168977293
7331,41.90180937598491,12.51571272461765,19.829660767445823
7332,41.901810236806554,12.515716135877136,19.844314682647514
7333,41.90181105968083,12.515719458270146,19.848542866552883
7334,41.90181193834527,12.515722727238032,19.924945238344453
7335,41.90181277141427,12.515726096469278,20.000278635997866
7336,41.90181370680124,12.515729410373414,20.03037629605133
7337,41.901814595307606,12.515732813891253,20.067320960831655
7338,41.90181556010592,12.515736294290944,20.118964824009183
7339,41.90181647034872,12.51573983152681,20.160917883880693
7340,41.90181744361225,12.515743378032365,20.170197697482916
7341,41.901818398155434,12.51574706584875,20.224790756935988
7342,41.90181938967557,12.515750700770008,20.20809641966612
7343,41.901820377255085,12.515754486709723,20.20485366317525
7344,41.9018214438013,12.515758188057331,20.162173162909806
7345,41.90182244492908,12.515761730526512,20.188866543582513
7346,41.9018235017679,12.515765252351555,20.199064259170296
7347,41.901824487299656,12.515768578997312,20.27057050584045
7348,41.901825425713184,12.515772009916803,20.34662061121383
7349,41.901826390572595,12.51577531925466,20.384117339140953
7350,41.9018273440853,12.515778704620915,20.450905229431854
7351,41.90182829131013,12.515782079018358,20.504272941907903
7352,41.9018292526331,12.515785624727673,20.551030318416394
7353,41.90183021623775,12.515789124066778,20.559823907354023
7354,41.901831250622415,12.515792804513806,20.569847437855014
7355,41.90183227301997,12.515796525265182,20.56581683843463
7356,41.90183334745993,12.515800160715228,20.563745461319385
7357,41.90183439905197,12.515803834579913,20.58791567243748
7358,41.901835458258375,12.515807477344707,20.570291725846072
7359,41.901836511388744,12.515811141320286,20.552871384409407
7360,41.90183752500523,12.515814767813366,20.523296304116425
7361,41.90183856655698,12.515818433149764,20.47658152035742
7362,41.901839557379525,12.515822085703364,20.447785409461225
7363,41.901840564987076,12.515825790008703,20.417134216123408
7364,41.90184157875893,12.515829482501003,20.3989911387161
7365,41.90184257405848,12.515833183822886,20.36375747908924
7366,41.90184361104626,12.515836943559208,20.335229118289714
7367,41.90184461488262,12.515840698861615,20.315902345904203
7368,41.90184563289893,12.515844448755574,20.29322141184418
7369,41.90184665959476,12.515848248616836,20.286449934220755
7370,41.90184768612878,12.51585201698222,20.253134272749232
7371,41.90184873940454,12.515855816262029,20.219583611632498
7372,41.90184974870874,12.515859597274687,20.20046430554809
7373,41.90185078174249,12.515863375922008,20.19069198213432
7374,41.901851830056714,12.515867182334066,20.204666646138577
7375,41.90185288013965,12.51587096445291,20.216912975332086
7376,41.90185396486019,12.515874800660905,20.238880021634845
7377,41.90185502314063,12.515878614074436,20.250894033243487
7378,41.90185610006794,12.515882435960132,20.277048780140667
7379,41.90185715983864,12.515886252026291,20.314525607630642
7380,41.90185821603818,12.515890102992755,20.325542999545274
7381,41.90185927829317,12.515893918619375,20.353538043980716
7382,41.90186033064556,12.515897784630514,20.35603196656246
7383,41.901861396986476,12.515901640236931,20.379211591693245
7384,41.90186248358618,12.51590550981445,20.41502741071336
7385,41.90186358827615,12.515909415125083,20.444452256140906
7386,41.90186470381718,12.515913308298156,20.473189438886774
7387,41.90186580611214,12.515917216492857,20.490350519145803
7388,41.90186690451878,12.515921166162142,20.524951582911406
7389,41.90186799838997,12.51592507168125,20.56332429082211
7390,41.90186908627486,12.515928980060318,20.58758552384271
7391,41.901870179598205,12.515932886117334,20.59724210444701
7392,41.90187127337017,12.51593679613088,20.608223191283027
7393,41.901872366144694,12.515940702460684,20.633896732936343
7394,41.901873466462696,12.51594458903836,20.66461307755489
7395,41.90187458142227,12.51594850891397,20.699968522545927
7396,41.90187571216771,12.515952441936046,20.734940373667655
7397,41.90187682439039,12.515956431836498,20.749005990666294
7398,41.90187796682187,12.515960414504207,20.77915647495979
7399,41.901879114645354,12.515964427631046,20.804394423843995
7400,41.90188024055453,12.515968385405182,20.829257966435737
7401,41.90188138746063,12.515972341529796,20.848403881016
7402,41.901882529882535,12.515976289149751,20.86162093229463
7403,41.901883659308055,12.515980231182656,20.876598494771024
7404,41.901884772835814,12.515984129209889,20.91241647565956
7405,41.90188589942768,12.515988083282611,20.94630070783016
7406,41.90188701647169,12.515991951572,20.97988521543513
7407,41.90188817341393,12.515995908647827,20.997088188056097
7408,41.90188932194934,12.515999801781781,21.01815508709079
7409,41.901890469124645,12.516003709089013,21.04916658681017
7410,41.90189161747906,12.51600763863994,21.075007213115917
7411,41.901892741757095,12.516011528101059,21.101277324994495
7412,41.90189389059627,12.51601546326955,21.121092513744053
7413,41.90189499576333,12.516019360065403,21.143196601242057
7414,41.90189610933778,12.516023231773808,21.162145693160618
7415,41.901897238053934,12.516027156183455,21.19382395605393
7416,41.90189836650239,12.516031025098764,21.224392548673737
7417,41.901899518270376,12.51603496395506,21.260587428238424
7418,41.90190064488124,12.516038842519581,21.305711774693346
7419,41.90190178486541,12.51604274349694,21.342224817769267
7420,41.90190292632838,12.51604667431444,21.37802793428454
7421,41.901904062099455,12.516050553449755,21.423320883110573
7422,41.90190520714294,12.516054441906224,21.457683235342003
7423,41.90190635057451,12.516058318476876,21.49407017751808
7424,41.90190747487782,12.516062153328454,21.543714024426276
7425,41.90190859681876,12.51606599157433,21.620568675182415
7426,41.901909718582374,12.51606982560453,21.68992085632869
7427,41.90191079038207,12.516073706077417,21.73686559506831
7428,41.90191193448873,12.51607748204574,21.812614132287976
7429,41.90191306918867,12.51608129253632,21.873152340281404
7430,41.901914229847684,12.51608512129328,21.93935355319487
7431,41.90191535883382,12.516088941655546,22.006863210210852
7432,41.90191652794139,12.516092794229262,22.056023314068774
7433,41.9019176915324,12.516096585419332,22.121962210893148
7434,41.90191885361458,12.51610036672888,22.177874392098
7435,41.901920054824046,12.516104183666659,22.2576169611498
7436,41.90192126539992,12.516107998483212,22.304430863849735
7437,41.90192251523768,12.516111790306194,22.357581044553353
7438,41.901923771654346,12.51611554525264,22.395357669312077
7439,41.90192497398684,12.516119265269385,22.446769137216396
7440,41.90192613348283,12.516122975608182,22.515954879365175
7441,41.9019272821932,12.516126706859101,22.592982969896063
7442,41.90192843575257,12.516130399655973,22.650226369164322
7443,41.901929613280814,12.516134089512109,22.69826922329498
7444,41.90193080263009,12.516137769538023,22.745370545726107
7445,41.90193198502968,12.51614149014757,22.801024342327768
7446,41.901933203343376,12.516145242276487,22.869927776929124
7447,41.9019344240188,12.516149053869889,22.943123384996277
7448,41.90193560576036,12.51615280671214,22.99906046100022
7449,41.90193684344575,12.516156654561216,23.063209085693913
7450,41.90193804946351,12.516160425161125,23.097996496935842
7451,41.90193925824184,12.516164188727092,23.13479931793635
7452,41.90194044656054,12.516167919045508,23.1665338338154
7453,41.90194165034731,12.516171634049648,23.180892138634352
7454,41.90194286341797,12.516175317737664,23.21494776454746
7455,41.90194406170526,12.516179068503385,23.220142221804913
7456,41.90194528927709,12.516182886020472,23.221572478930863
7457,41.90194652442026,12.516186642479363,23.202766877653204
7458,41.90194776686322,12.516190429671811,23.15025029864092
7459,41.9019489814362,12.516194185392104,23.111086405845967
7460,41.90195021309328,12.516198056449818,23.046210058884423
7461,41.90195142119949,12.51620184431957,22.997293509211435
7462,41.90195265397067,12.516205680333815,22.96266931352299
7463,41.90195386937559,12.516209402058072,22.888705294758463
7464,41.901955062850334,12.516213143373143,22.84647121007125
7465,41.90195624992756,12.516216918442298,22.80043562700402
7466,41.90195742985863,12.516220716414901,22.754331621573986
7467,41.901958583853414,12.516224579498818,22.695374773954498
7468,41.90195978671058,12.516228485926474,22.61749816654828
7469,41.90196097558455,12.516232389238192,22.548842926336867
7470,41.90196216120262,12.516236280634018,22.457639172498055
7471,41.90196332914673,12.51624023585517,22.40334467245046
7472,41.901964494981826,12.51624408969604,22.343774550118955
7473,41.90196567306424,12.516247938221142,22.2994962494987
7474,41.901966842248,12.516251758541546,22.255422178952916
7475,41.901968007431506,12.516255610592285,22.199223626872268
7476,41.90196918584017,12.516259474169733,22.155361489236917
7477,41.90197034002844,12.516263397502074,22.088549947402516
7478,41.901971501584754,12.516267283628844,22.02147138111126
7479,41.90197264684281,12.516271184337034,21.963992273250472
7480,41.901973825269735,12.516275124785906,21.892313731990072
7481,41.901975010639,12.516279037466177,21.840442446502678
7482,41.90197619788666,12.516282941746942,21.770745724154285
7483,41.90197741016686,12.516286826995142,21.72241072412781
7484,41.901978549813954,12.516290713120833,21.675654532759363
7485,41.9019796987711,12.516294595737374,21.621717028049485
7486,41.90198083096184,12.516298503308766,21.56253788116769
7487,41.90198193147799,12.516302401864271,21.50208492919172
7488,41.90198302316846,12.516306274179437,21.437082960884126
7489,41.901984111631485,12.516310148867177,21.38286529415177
7490,41.90198522495445,12.516314049315275,21.329077248672203
7491,41.901986341484054,12.516318043288248,21.285959978160555
7492,41.90198746404692,12.516321938806861,21.245246734000524
7493,41.90198855298059,12.516325887564227,21.195726332208913
7494,41.90198966027904,12.516329782658856,21.158164962829176
7495,41.90199078116089,12.516333677310286,21.11716565822742
7496,41.90199189917697,12.516337597998847,21.06996067242412
7497,41.901992974268744,12.516341422964606,21.03430477747922
7498,41.901994046202354,12.516345259119667,20.994237768267784
7499,41.901995130120284,12.51634913095653,20.95656875286543
7500,41.90199623975573,12.516352973893575,20.90885862294337
7501,41.90199733242762,12.516356780767332,20.867451315082807
7502,41.9019984241623,12.51636055070535,20.823130629715084
7503,41.901999505281694,12.516364325555585,20.78477472179547
7504,41.902000581978385,12.516368086641638,20.7487498098447
7505,41.902001641052784,12.516371851096753,20.714416436749843
7506,41.902002688861046,12.51637564543884,20.69118427975912
7507,41.902003729676316,12.516379328197283,20.686550063481885
7508,41.90200476441586,12.51638304579842,20.68447538201158
7509,41.90200578933707,12.516386718653981,20.682533336997444
7510,41.902006807585266,12.516390412468965,20.665468137579882
7511,41.902007833952794,12.516394080430631,20.6632177062153
7512,41.902008803822454,12.51639766701654,20.666767759794585
7513,41.90200980925819,12.516401297042103,20.667658583114594
7514,41.9020108182759,12.516404940337193,20.661609624028237
7515,41.9020117955711,12.516408504754338,20.650681450842917
7516,41.90201279587546,12.516412124204223,20.6422086163068
7517,41.902013786694035,12.516415686949818,20.63409435413431
7518,41.902014765461146,12.516419191390506,20.62709686952377
7519,41.902015726543134,12.516422704100268,20.622756126889975
7520,41.90201671093201,12.516426175783183,20.622002220627678
7521,41.90201767916149,12.516429645393952,20.60022879142901
7522,41.902018709043304,12.516433096701927,20.613856707608328
7523,41.90201969720048,12.516436537714036,20.602958635538776
7524,41.90202061754992,12.51643988516489,20.583156328810464
7525,41.90202150883382,12.516443199500664,20.568591853207142
7526,41.902022417091764,12.516446508182023,20.556005287213086
7527,41.90202330120188,12.516449767950995,20.542968891343122
7528,41.90202418620774,12.516453043339748,20.523241559079892
7529,41.90202505071302,12.5164562911969,20.51029926537253
7530,41.9020259174488,12.516459456426473,20.49298884503195
7531,41.902026786701455,12.516462580969645,20.475678787250825
7532,41.90202765535111,12.516465752646495,20.462635439190056
7533,41.902028504644655,12.516468883855632,20.44513775806604
7534,41.90202932106391,12.516471983730359,20.427310245466003
7535,41.9020301436144,12.516475070710374,20.39846000572145
7536,41.90203097092397,12.516478110404929,20.370847315426925
7537,41.90203181788195,12.516481121058012,20.34673574141931
7538,41.9020326672405,12.516484088417664,20.319815629581843
7539,41.90203345309035,12.51648702735391,20.289028822076595
7540,41.9020342435916,12.516489930682244,20.253841641951276
7541,41.902034993340024,12.516492806164484,20.23490061666963
7542,41.90203578751531,12.516495690378957,20.210828033861116
7543,41.90203651850634,12.51649848539429,20.186603105059202
7544,41.90203725684416,12.51650129779864,20.161424343912845
7545,41.902037974448746,12.516504070440043,20.132820859402443
7546,41.90203871384906,12.51650678456626,20.106816064838927
7547,41.902039411705296,12.516509479491313,20.07845958365797
7548,41.90204010879126,12.516512189629934,20.04557323469648
7549,41.902040796970326,12.516514843569365,20.029697734342736
7550,41.90204146764457,12.516517462574148,20.013558521761823
7551,41.90204215016922,12.516519989386506,19.97311917185015
7552,41.902042852763,12.516522421956317,19.941711764054475
7553,41.90204354528861,12.516524783462655,19.911408108641265
7554,41.902044209705934,12.516527135262546,19.894645159497095
7555,41.90204489042962,12.516529486125961,19.874321997155327
7556,41.90204555040034,12.516531796131845,19.865502076017883
7557,41.902046182639985,12.5165341202955,19.846620450781103
7558,41.90204676922884,12.516536391486367,19.8387994480662
7559,41.90204732625388,12.51653863749168,19.841766198072786
7560,41.90204787948669,12.51654082368257,19.856121489402135
7561,41.90204842804429,12.516542976368974,19.877417500897298
7562,41.902048933151356,12.516545075756808,19.891324965234944
7563,41.90204952012861,12.516547190526612,19.916261278560494
7564,41.90205010811101,12.516549226948747,19.95121542520919
7565,41.90205069701295,12.516551272225238,20.022209526131547
7566,41.90205127196456,12.516553218710776,20.108302469781616
7567,41.90205181616922,12.516555145363661,20.219820040052817
7568,41.90205238873924,12.516556990789836,20.332468059886843
7569,41.90205292998363,12.516558829805358,20.44299758309281
7570,41.90205344450203,12.516560631283959,20.574045052067987
7571,41.90205395615734,12.516562423614195,20.72205546926494
7572,41.90205449116624,12.51656415526576,20.907410874696613
7573,41.90205500896931,12.516565797110664,21.076063499585306
7574,41.90205545659626,12.516567271733008,21.25998524020908
7575,41.90205595003268,12.516568727550544,21.47536120749004
7576,41.90205643095685,12.516570196234976,21.694921921232737
7577,41.90205691539619,12.516571724956886,21.93802291536235
7578,41.902057452974994,12.516573299353093,22.175057403849802
7579,41.9020579924662,12.516574859334531,22.404236393846347
7580,41.90205853113617,12.516576350535532,22.62898255908373
7581,41.90205905256673,12.516577875064744,22.853386033719385
7582,41.90205955963453,12.516579290236534,23.116030994839594
7583,41.90206002409092,12.51658068717789,23.41391216224902
7584,41.90206053623041,12.516582166749625,23.72835090646787
7585,41.90206106353695,12.516583602530629,24.064517996625597
7586,41.90206161733818,12.516584959354994,24.3920092569748
7587,41.902062125342184,12.516586287280814,24.71062325324914
7588,41.902062644407216,12.516587600602623,25.060032475912934
7589,41.902063143259944,12.516588894015864,25.414813645746698
7590,41.90206369802086,12.516590274899201,25.782908555834
7591,41.90206429492744,12.516591690215543,26.17595797977164
7592,41.902064971948796,12.51659316700667,26.581786719864635
7593,41.902065624081686,12.516594521277863,26.973194991184982
7594,41.90206623616354,12.51659577538595,27.322408035475405
7595,41.90206683918487,12.516596928352891,27.69974549944741
7596,41.90206743650292,12.516598035583643,28.128274864617367
7597,41.90206800420955,12.516599137370623,28.608095593970038
7598,41.90206859370671,12.516600257387926,29.15332556577739
7599,41.90206921333981,12.516601333630751,29.720543417988686
7600,41.90206983672444,12.516602482386974,30.294192671279053
7601,41.90207045165687,12.516603593386078,30.883183479610206
7602,41.90207105222638,12.516604685032386,31.49459208723349
7603,41.902071650859824,12.516605749182602,32.10014287082498
7604,41.90207230214283,12.516606777806182,32.723449807426
7605,41.90207292541425,12.516607813348633,33.35885179312587
7606,41.90207360539394,12.516608831478253,34.051168941963795
7607,41.90207429071884,12.516609824103373,34.797656307877276
7608,41.90207498269475,12.516610795833152,35.565568246934
7609,41.90207569362507,12.516611763110053,36.347188816460296
7610,41.90207636864157,12.516612740527233,37.11945724063201
7611,41.90207706159503,12.516613715546578,37.94390968476757
7612,41.902077796622685,12.516614675235832,38.79559905377639
7613,41.902078559324806,12.516615592196976,39.66840679561436
7614,41.90207936841073,12.516616476271329,40.57448565877731
7615,41.90208022969746,12.516617396376216,41.54305136071545
7616,41.90208116734064,12.516618271184186,42.58018974047783
7617,41.902082124101796,12.516619124790806,43.63184563727545
7618,41.90208310146643,12.51661999385908,44.66598544954207
7619,41.902084098658285,12.516620846462947,45.68829075509672
7620,41.902085104556,12.516621680319568,46.70975864784933
7621,41.90208611789189,12.51662249246584,47.78608021195182
7622,41.90208713889116,12.516623288302023,48.897595740556
7623,41.90208814309866,12.516624046068543,50.04995986032771
7624,41.90208917348272,12.516624771495524,51.23231956614813
7625,41.902090239197086,12.516625451473747,52.400661463953284
7626,41.902091330452905,12.516626166897442,53.550166106100825
7627,41.90209243510573,12.516626870649347,54.70761565409922
7628,41.90209360011006,12.51662750999126,55.90156829202547
7629,41.90209476461364,12.516628129367476,57.11968998867623
7630,41.902095956982684,12.516628746214227,58.349226041162716
7631,41.90209715819857,12.516629340506896,59.592486923666634
7632,41.90209836548137,12.516629906746083,60.83347218295298
7633,41.90209963859303,12.516630407141198,62.079894299355594
7634,41.90210091552497,12.516630877720047,63.32804462165148
7635,41.90210221338276,12.516631282621546,64.5716431806244
7636,41.90210348980021,12.516631678132075,65.83424799363542
7637,41.90210482221903,12.516632066588596,67.09609103671049
7638,41.90210618001692,12.51663240325751,68.34934928357988
7639,41.90210755503283,12.516632740949996,69.58350880744143
7640,41.902108937849434,12.516633023672838,70.81850110023923
7641,41.90211033244666,12.51663331046878,72.06772818037179
7642,41.902111760090406,12.516633584441996,73.32209544308468
7643,41.90211319347822,12.516633807341966,74.58481922380749
7644,41.902114654801025,12.51663402883959,75.84533359386519
7645,41.902116156948246,12.516634245732611,77.11513323902804
7646,41.90211764214074,12.516634356941283,78.38083358360403
7647,41.90211917367131,12.516634435273142,79.65061681182216
7648,41.90212072020978,12.51663445866207,80.92934109606198
7649,41.90212231360014,12.516634377858747,82.22720746424083
7650,41.902123910285816,12.516634240870237,83.54263655375937
7651,41.90212551195285,12.51663404190893,84.86420160605878
7652,41.90212711466657,12.51663382014035,86.18728570667982
7653,41.902128746684824,12.516633554974925,87.49716915570015
7654,41.90213038319917,12.516633290822076,88.7759015786081
7655,41.90213200694221,12.516633006159083,90.05503355837482
7656,41.902133640967456,12.516632583662734,91.33109618227229
7657,41.90213524951888,12.51663218971673,92.59096942334047
7658,41.90213690264165,12.516631738467805,93.84559090681508
7659,41.902138539797775,12.516631234447843,95.1108669455734
7660,41.90214022071582,12.516630681596187,96.35269629705014
7661,41.90214187154785,12.51663011056081,97.55551151398814
7662,41.90214356745038,12.516629509168206,98.72562337890857
7663,41.902145232044575,12.516628852948708,99.84828833660607
7664,41.90214694436257,12.516628136110173,100.95404845187475
7665,41.90214866985943,12.516627421823602,102.0291791774447
7666,41.902150335128944,12.516626679317957,103.08738883301359
7667,41.902152027541106,12.516625845679187,104.10080807552433
7668,41.90215376749572,12.516624952291071,105.0621381110166
7669,41.90215551559049,12.516624013456363,105.97048232788335
7670,41.902157274629616,12.516623057645583,106.83184624474248
7671,41.90215905163197,12.516622023900165,107.59518811830576
7672,41.902160798480416,12.516621005391189,108.3043071810199
7673,41.90216261401396,12.516619978678598,108.9335314948327
7674,41.902164383226335,12.516618930320876,109.49326590744764
7675,41.90216617616993,12.51661787970573,110.00923191234456
7676,41.90216797081196,12.516616829042315,110.46039476627972
7677,41.90216979338808,12.516615756537526,110.88051372810938
7678,41.902171637156925,12.516614659355833,111.2579444294346
7679,41.90217348792392,12.51661357004735,111.5930904468423
7680,41.90217540642765,12.516612434549497,111.90334333784047
7681,41.902177308156645,12.516611282216603,112.16769261861828
7682,41.90217926040625,12.516610144695747,112.41448944610093
7683,41.90218123575694,12.51660897424953,112.61646509855167
7684,41.90218320550302,12.516607816977809,112.814131388573
7685,41.9021851782714,12.516606631519974,112.96824363988827
7686,41.902187152175024,12.516605452875362,113.10078850944713
7687,41.90218919970395,12.516604243610098,113.20586568701046
7688,41.90219117454557,12.516603040600367,113.27658582006553
7689,41.90219322138495,12.516601827855236,113.3213512519281
7690,41.90219529577845,12.516600569000184,113.32636790170032
7691,41.9021974306265,12.516599311308148,113.31527784274323
7692,41.90219958320255,12.516598052225557,113.27146657964342
7693,41.90220172072931,12.516596805276068,113.21827607101966
7694,41.902203875917024,12.516595563739983,113.17663343450137
7695,41.90220601732808,12.516594337659965,113.12083791586554
7696,41.902208227966995,12.516593094588197,113.09082434408779
7697,41.902210448033806,12.516591838643587,113.0601158706995
7698,41.902212695653446,12.51659055815581,113.02430135259267
7699,41.902214971196436,12.516589267589518,113.00068020919119
7700,41.90221722883939,12.516587994594001,112.9554465211281
7701,41.902219530130864,12.516586716621429,112.9347026944366
7702,41.902221859510995,12.516585428280186,112.88788976179916
7703,41.90222418806092,12.516584146084757,112.85531893422001
7704,41.90222658200176,12.51658280691133,112.81099016717519
7705,41.9022289635529,12.51658143596979,112.7950640789718
7706,41.90223137782087,12.516580071435719,112.77001151445859
7707,41.90223381419298,12.516578678472195,112.749328505066
7708,41.902236238195684,12.51657730012903,112.72243375942567
7709,41.90223869353562,12.516575881832004,112.69219405164303
7710,41.902241201189945,12.516574474395863,112.65739469006434
7711,41.90224368198782,12.516573096045038,112.62948094781552
7712,41.90224620421445,12.51657172025818,112.61353787857018
7713,41.90224872913452,12.516570308900356,112.5740602093149
7714,41.90225128255778,12.516568928429411,112.5718816042551
7715,41.902253895329174,12.5165674602464,112.5661102922628
7716,41.902256484866186,12.516566014052467,112.56519427254248
7717,41.902259094039614,12.516564523875983,112.5915259343022
7718,41.90226168976053,12.516563058819896,112.60842270804876
7719,41.902264348358244,12.516561551074734,112.62224824287202
7720,41.90226700377543,12.516560045715556,112.62641230470024
7721,41.90226965379226,12.516558551601895,112.63339732903182
7722,41.90227235778552,12.516557041760446,112.63411940886468
7723,41.90227503304119,12.51655552680813,112.63767401361693
7724,41.90227777937246,12.516553992935934,112.65801538705912
7725,41.90228046527606,12.516552473377201,112.66998552785854
7726,41.902283227097605,12.516550911772393,112.66794120519512
7727,41.902285948872304,12.516549340149341,112.67244499926312
7728,41.902288668227285,12.516547776604527,112.67030666655776
7729,41.9022914369632,12.516546228392608,112.65875295786417
7730,41.90229418421173,12.51654468359716,112.62898776755078
7731,41.902296956762555,12.516543112612112,112.60392030768045
7732,41.90229976453255,12.51654150691295,112.55583271817882
7733,41.9023025750535,12.516539929056316,112.5207223617274
7734,41.902305363155044,12.516538372448423,112.49301172038608
7735,41.902308176688706,12.516536779007028,112.46186530492736
7736,41.902310977727915,12.516535220099097,112.43141026854141
7737,41.90231383975869,12.516533618751904,112.39127166740607
7738,41.90231667262457,12.516532023930964,112.36092853230713
7739,41.90231954508523,12.51653043520574,112.32727489092582
7740,41.90232239781287,12.516528851120972,112.28331120445854
7741,41.90232527615861,12.516527255471022,112.24121216801194
7742,41.90232818227305,12.516525640716047,112.19707098836143
7743,41.90233106541502,12.516524034045556,112.15050932933315
7744,41.9023339816927,12.51652245237417,112.1055576125284
7745,41.90233687642834,12.516520864165448,112.057102994937
7746,41.902339774603696,12.516519300834647,112.00474269558873
7747,41.90234269748547,12.51651771012242,111.94530084264495
7748,41.90234559819978,12.516516133926755,111.8911294732652
7749,41.90234850435683,12.516514555144612,111.84184630371176
7750,41.90235146226905,12.51651295239344,111.78645624590578
7751,41.90235440647157,12.516511374756677,111.74168754117963
7752,41.90235737553404,12.516509780918792,111.68078142204472
7753,41.90236030431545,12.516508205426186,111.63112951286635
7754,41.90236327349056,12.516506629308163,111.58422493740221
7755,41.9023662928956,12.516505107637066,111.53149664021825
7756,41.90236927583497,12.516503548374006,111.4738559835794
7757,41.90237225428915,12.516501953700859,111.43592521666787
7758,41.90237521048229,12.516500336652175,111.38019720165815
7759,41.90237820479906,12.516498702420812,111.35584461051768
7760,41.90238123404697,12.516497019009478,111.3100148878585
7761,41.90238427658878,12.516495355111966,111.28339610803027
7762,41.902387335961976,12.516493767097153,111.23714863161948
7763,41.90239041216764,12.516492133307274,111.18737610272612
7764,41.90239347809058,12.516490493646998,111.13298816974735
7765,41.90239653161104,12.516488882551423,111.06906756187878
7766,41.902399589511404,12.516487258004084,111.01174461850583
7767,41.90240265262962,12.516485616553041,110.95445715997128
7768,41.90240569086943,12.516484026619592,110.9106647313054
7769,41.902408713368615,12.516482450475479,110.87751831822636
7770,41.90241178334001,12.516480883891361,110.82572630986546
7771,41.90241485654577,12.516479322465258,110.78241979163546
7772,41.90241793247976,12.516477765895953,110.73822382488889
7773,41.90242098505004,12.51647622814832,110.7085803303031
7774,41.90242405305688,12.516474709881322,110.6744596586208
7775,41.90242708434972,12.516473152376964,110.65365381268033
7776,41.90243008810169,12.516471650066462,110.64050373420244
7777,41.902433151871115,12.516470129254895,110.5985757791345
7778,41.90243614973355,12.516468616904685,110.59800930248225
7779,41.90243912870415,12.5164671523527,110.58505920231099
7780,41.90244210473972,12.516465697831212,110.55077925957058
7781,41.90244502925352,12.516464203389225,110.58437097709128
7782,41.90244806304139,12.516462777786623,110.53166229322682
7783,41.902451055648704,12.516461231855992,110.52105456286077
7784,41.9024541405008,12.516459747058486,110.52832487643829
7785,41.90245729050465,12.516458190885892,110.48625414715774
7786,41.902460384501246,12.516456649059622,110.47493325281206
7787,41.902463650718424,12.516455142596518,110.43886957118865
7788,41.90246685157874,12.516453583780939,110.41337716581367
7789,41.90247004124704,12.516451910245879,110.38170511677217
7790,41.90247322669197,12.516450436195596,110.34115152683
7791,41.90247626441506,12.516448756536668,110.33685753033528
7792,41.90247925633889,12.516447373410774,110.3280098528561
7793,41.90248224623892,12.516445926178676,110.31644029934544
7794,41.90248516840378,12.516444497145084,110.32026808861387
7795,41.90248811384246,12.516443122812637,110.30370701402452
7796,41.902491105683886,12.516441751712472,110.27344864577726
7797,41.902494114958614,12.516440262312685,110.2499104478265
7798,41.90249720652241,12.51643881252968,110.21997833245312
7799,41.902500339203414,12.516437246305147,110.19916430435669
7800,41.90250347522263,12.51643573660144,110.17066419924322
7801,41.9025065882048,12.516434205060078,110.13171925127426
7802,41.9025096543715,12.516432660321996,110.08851981678004
7803,41.9025127321269,12.516431177441644,110.03285261079608
7804,41.902515766211984,12.516429648581777,109.96692125721914
7805,41.902518838749124,12.516428215072082,109.88571095371634
7806,41.90252192641192,12.516426702457437,109.80133212836984
7807,41.90252500290232,12.516425264009388,109.71388526986625
7808,41.9025281083396,12.516423799800554,109.62524038716649
7809,41.90253115882471,12.516422369888481,109.53634367869017
7810,41.90253422719661,12.516420970226404,109.44086106179262
7811,41.90253734405545,12.516419522623053,109.35182664913089
7812,41.90254044282008,12.516418091834172,109.26817660700519
7813,41.90254355985805,12.516416668279803,109.18699876062583
7814,41.90254666087784,12.516415219956917,109.10576353506274
7815,41.90254976786268,12.516413822279032,109.00284163984952
7816,41.90255292361737,12.516412382211348,108.89954703677145
7817,41.90255604838486,12.516410964462201,108.79426133790425
7818,41.90255916219305,12.51640956462382,108.66280953428965
7819,41.902562303490775,12.516408144313862,108.52872237809457
7820,41.90256542219256,12.516406769354703,108.37682465788183
7821,41.90256859043196,12.51640533655437,108.22586433036932
7822,41.902571701367314,12.516403996715981,108.08140691092797
7823,41.90257484898527,12.51640267942799,107.94376089269282
7824,41.90257796179043,12.516401364201805,107.80212253211074
7825,41.902581085706686,12.516400099238398,107.64913863685227
7826,41.90258423449006,12.516398782733376,107.48873075177767
7827,41.90258739625639,12.51639751304198,107.33101767502934
7828,41.90259053026806,12.516396263834956,107.16695784616938
7829,41.90259370269661,12.516395018966975,106.99624699063898
7830,41.90259685758752,12.516393786600924,106.81985186981359
7831,41.90260003880027,12.516392538705901,106.65675760733808
7832,41.90260325056887,12.516391320012469,106.4928920723554
7833,41.902606482711676,12.516390111835236,106.33317945562197
7834,41.90260969791629,12.516388896095776,106.16911971632977
7835,41.902612868693666,12.516387699552158,106.00881884148528
7836,41.90261608246967,12.516386407159903,105.82415855641322
7837,41.90261923449247,12.51638523320365,105.66714635864113
7838,41.90262246994106,12.516384122432113,105.48893824471314
7839,41.90262572387696,12.516382965804741,105.33638176724084
7840,41.90262899225145,12.51638183867057,105.19140973123436
7841,41.90263222539953,12.516380655956729,105.02994919566
7842,41.90263535755925,12.516379449572936,104.8858060501097
7843,41.902638515326494,12.516378301845497,104.74411237724239
7844,41.902641687957676,12.516377138933146,104.60021503301026
7845,41.90264486146499,12.516376051984055,104.4765798279677
7846,41.9026480584983,12.516374984814242,104.34461220894764
7847,41.902651284797855,12.516373900566391,104.21143342397369
7848,41.90265455109355,12.51637282348796,104.06242983164357
7849,41.902657861859225,12.516371681730394,103.90626961639458
7850,41.90266114201211,12.51637059866816,103.79367345334728
7851,41.902664429402925,12.516369503285325,103.69841899074679
7852,41.90266771699169,12.516368419403678,103.62339679734298
7853,41.902670968872016,12.516367377606032,103.55460941225034
7854,41.90267419685227,12.516366287282109,103.48390486302435
7855,41.9026774004737,12.516365284282278,103.43686970236362
7856,41.90268065293764,12.516364270901665,103.38203586483263
7857,41.9026838663715,12.516363264247426,103.35097898291964
7858,41.90268710074795,12.51636229802301,103.32981645024388
7859,41.902690340187085,12.516361255040515,103.29807228648764
7860,41.90269359712231,12.516360236594439,103.29430660062505
7861,41.90269689291236,12.516359193450318,103.28458216019737
7862,41.90270017816701,12.516358158418784,103.2982273275026
7863,41.902703437849176,12.516357170093311,103.31822516613394
7864,41.902706693232375,12.516356136989028,103.33815241132142
7865,41.9027099268985,12.51635511882393,103.37419769095845
7866,41.90271317078197,12.516354079793233,103.39062224421369
7867,41.902716391488454,12.51635305897383,103.40858045896985
7868,41.902719647407125,12.516352053801649,103.44147571003575
7869,41.90272289650207,12.516350994470304,103.47484952959321
7870,41.90272613617898,12.516349989030536,103.52248506552054
7871,41.902729353665066,12.516348960267363,103.54882750602644
7872,41.90273259376338,12.516347923266007,103.59712827524007
7873,41.9027358521762,12.516346868964723,103.64678939685994
7874,41.902739082541096,12.516345803215547,103.71023277857398
7875,41.90274229274805,12.51634476715516,103.79282340741854
7876,41.90274550026978,12.516343699207047,103.87604020212623
7877,41.90274869200027,12.51634263301612,103.96061899127746
7878,41.90275189980186,12.516341555703733,104.0483460072838
7879,41.902755086483005,12.516340464622708,104.14414584629195
7880,41.9027582887989,12.51633937702428,104.24360833792798
7881,41.90276146218971,12.516338276307026,104.33597504392328
7882,41.90276462883184,12.516337191420368,104.44634813758131
7883,41.902767790908214,12.516336085486078,104.5521720932412
7884,41.90277093832019,12.51633497405645,104.67048548893028
7885,41.90277411104103,12.516333847258414,104.7948946282894
7886,41.90277722355112,12.516332714531723,104.90126313126446
7887,41.90278036966575,12.516331616126886,105.00811611817564
7888,41.90278348264588,12.516330457649172,105.11165992843992
7889,41.9027866170636,12.516329290545507,105.23063533408391
7890,41.902789762019545,12.516328155705686,105.34203590942566
7891,41.90279283938849,12.516327011656319,105.44686571757055
7892,41.90279593951789,12.516325835204547,105.55441372322737
7893,41.90279901673259,12.516324645318825,105.6525073932954
7894,41.90280207914439,12.516323482241186,105.74962032223125
7895,41.90280510798711,12.516322337462919,105.84869525090221
7896,41.90280812999844,12.516321180000794,105.94239215194688
7897,41.90281111091899,12.516320019844423,106.04407545325154
7898,41.9028140825389,12.516318855325302,106.14754246567965
7899,41.90281701766473,12.516317702133748,106.24715740428702
7900,41.902819933758764,12.516316550799033,106.34834138429086
7901,41.90282280452691,12.516315412943792,106.43886292525971
7902,41.902825683769244,12.516314259117342,106.53964813772532
7903,41.902828536519216,12.51631311542673,106.63931773207706
7904,41.90283135843497,12.516311951984264,106.74641072768343
7905,41.90283419023566,12.516310793495526,106.85385792783457
7906,41.902836984639784,12.51630960859262,106.95924654472874
7907,41.90283974427165,12.516308438423737,107.07026501823066
7908,41.902842504042354,12.516307295275986,107.17230237487368
7909,41.90284524658213,12.516306165166634,107.28351007323246
7910,41.90284796805348,12.516305019390698,107.40840277071824
7911,41.90285065331116,12.516303853236487,107.52979458250407
7912,41.90285333038497,12.516302674119638,107.645121263342
7913,41.902855977537385,12.516301471440938,107.76913392395502
7914,41.90285858829112,12.516300239605098,107.8899152963589
7915,41.902861206222504,12.516299052169593,108.01252089791866
7916,41.90286377940939,12.516297881552918,108.13938556784721
7917,41.90286631714479,12.516296706486763,108.26022648523568
7918,41.90286884382213,12.516295555872821,108.37078930496712
7919,41.902871339928495,12.516294392967337,108.48082384057861
7920,41.90287385447664,12.516293217568924,108.58916535269525
7921,41.90287628503744,12.516292097138729,108.69174231809082
7922,41.90287873935021,12.516290942237253,108.8044502124736
7923,41.90288115809503,12.516289877391582,108.89688253466356
7924,41.90288353573966,12.516288744558434,109.00578808858948
7925,41.90288589316269,12.516287607430034,109.11228334369136
7926,41.902888216290194,12.516286532893412,109.20674661329933
7927,41.90289054581121,12.516285368959569,109.30862663368956
7928,41.90289286795308,12.516284237345785,109.39872864028702
7929,41.902895147769215,12.516283098595704,109.4861732125088
7930,41.902897402060034,12.5162820159509,109.55313991303014
7931,41.90289964093821,12.516280896504126,109.63593177294452
7932,41.90290186889315,12.516279772171487,109.70878526805566
7933,41.90290405483774,12.516278751044965,109.77143600252373
7934,41.90290625262671,12.516277662097677,109.85373634404857
7935,41.902908388017146,12.516276596360306,109.93361865644219
7936,41.90291051073574,12.516275534114332,109.99462744424675
7937,41.90291262347811,12.516274501652726,110.05047568865344
7938,41.90291471371347,12.51627342818156,110.12435847746468
7939,41.902916792107675,12.516272380040954,110.1865815858765
7940,41.90291884447659,12.516271339923497,110.24669624928795
7941,41.902920891157855,12.516270292836612,110.30670019164988
7942,41.90292278776748,12.51626938301703,110.35824885084466
7943,41.90292451390869,12.516268494729397,110.41329298170345
7944,41.90292635374084,12.51626750993681,110.46744751595418
7945,41.90292822582476,12.516266586564493,110.52961934889139
7946,41.90293015740995,12.516265621197753,110.60142402729262
7947,41.902932131010274,12.516264601324343,110.67683358182387
7948,41.90293404633664,12.516263615520828,110.72537895599591
7949,41.902936065192414,12.516262541690072,110.7870557260078
7950,41.902937944421154,12.51626156109871,110.83873029710618
7951,41.90293986708727,12.516260532570353,110.90293262460602
7952,41.90294183724025,12.516259527596587,110.96699383813127
7953,41.90294382185733,12.516258485300108,111.02306152622826
7954,41.9029459077473,12.516257423420859,111.09167436539288
7955,41.90294791813271,12.516256407854906,111.15567985465627
7956,41.902949851477004,12.51625540450517,111.21423915471297
7957,41.90295168002121,12.51625440081491,111.27891992332144
7958,41.90295334333857,12.516253533457819,111.32139790232083
7959,41.902955044703646,12.51625259753809,111.3778111117738
7960,41.902956672655215,12.51625170581753,111.42475342808231
7961,41.902958345523956,12.516250754571596,111.48591506725671
7962,41.9029600870313,12.516249803686042,111.55621803334446
7963,41.90296179415175,12.51624888782724,111.6266989174351
7964,41.902963526135316,12.516247972653215,111.69767953435235
7965,41.902965168381684,12.516247073866706,111.75580733450604
7966,41.90296678344508,12.516246219879589,111.79611446203666
7967,41.90296851816998,12.516245263135236,111.8450156088123
7968,41.90297019741818,12.516244339868246,111.8844154848905
7969,41.90297194652472,12.516243380960734,111.93185913052181
7970,41.902973761783144,12.516242374630288,111.98070445665778
7971,41.90297550023308,12.51624138922788,112.00974304914926
7972,41.90297732220267,12.516240366882458,112.04619791455974
7973,41.90297902409295,12.516239445009536,112.07649323635442
7974,41.90298074424699,12.516238466529268,112.11594032585774
7975,41.90298244979919,12.516237510756536,112.14889145180248
7976,41.90298412545815,12.516236567900929,112.17248235940617
7977,41.902985907202506,12.516235604041555,112.18705033684995
7978,41.90298761493232,12.516234667929483,112.1854541206941
7979,41.902989369780975,12.516233704602215,112.18169380411867
7980,41.902991151879604,12.516232749076066,112.16808887719854
7981,41.90299296155785,12.516231770341797,112.1693139533764
7982,41.90299480407884,12.516230748816751,112.18437115429768
7983,41.90299664704375,12.51622975177184,112.18894849919509
7984,41.90299854925603,12.516228715421166,112.20903868507929
7985,41.903000427483484,12.516227675647501,112.2273953345598
7986,41.903002317023315,12.516226602156733,112.24266366996399
7987,41.90300422381395,12.516225551761801,112.26001011124782
7988,41.90300611512772,12.516224523616014,112.26113965264197
7989,41.90300806074179,12.516223428473074,112.2848525771152
7990,41.90300995604838,12.516222371482858,112.3037728442785
7991,41.90301192668525,12.516221298352672,112.31569457786868
7992,41.903013926658716,12.516220206622728,112.3425870026707
7993,41.90301590755919,12.516219105848625,112.35523819146796
7994,41.90301796399095,12.5162179770182,112.3781688550826
7995,41.90302000164214,12.516216839992932,112.39163787856047
7996,41.90302209238907,12.516215674885562,112.41186590485098
7997,41.9030241522428,12.516214465424301,112.44677145573154
7998,41.90302623705152,12.516213266072738,112.47310287703272
7999,41.90302835024591,12.516212092892554,112.50909494233915
8000,41.903030461533916,12.51621093959263,112.5391613488038
8001,41.903032588513035,12.51620980964823,112.56318508233478
8002,41.90303473518409,12.516208708244415,112.57855371796259
8003,41.903036905177686,12.516207555565149,112.5937271511797
8004,41.90303906093375,12.516206365862407,112.62906353384068
8005,41.903041252333345,12.516205159256337,112.6458442920119
8006,41.90304343403477,12.516203910449066,112.67225135657051
8007,41.90304564177098,12.516202654476702,112.69576226509128
8008,41.90304787052157,12.516201383535364,112.71372730021456
8009,41.90305012496647,12.516200120861772,112.72692810191629
8010,41.90305239476375,12.516198839265204,112.75260933077939
8011,41.90305469999623,12.516197598714694,112.77141208433636
8012,41.90305705606382,12.516196328743973,112.77754669700066
8013,41.90305937464463,12.516195033026774,112.78517310677512
8014,41.90306174083263,12.51619370024958,112.78873424338234
8015,41.90306409267045,12.516192397615324,112.80081594861518
8016,41.90306646864861,12.51619105391999,112.80763837665374
8017,41.9030688193289,12.516189739031944,112.81227774585051
8018,41.90307123271529,12.516188381140289,112.80240760904506
8019,41.90307360843452,12.516187050777786,112.79449864489382
8020,41.90307607350196,12.51618570621571,112.77590571095685
8021,41.90307851173682,12.516184354794264,112.75600916638147
8022,41.90308098247651,12.516182967940438,112.73272350008281
8023,41.90308346492856,12.516181616076635,112.71630730310285
8024,41.903085975190166,12.516180268071066,112.69071162805638
8025,41.90308847611041,12.516178855331008,112.6882235740319
8026,41.90309094857137,12.516177462403679,112.66967911439806
8027,41.90309346953639,12.51617608653006,112.65038400891802
8028,41.903096018843904,12.516174694611498,112.63700167349445
8029,41.90309857973818,12.516173287838225,112.62652898303472
8030,41.903101157053236,12.516171885145638,112.60743817056004
8031,41.90310373461978,12.516170479249388,112.59133521793454
8032,41.903106323838514,12.516169049733003,112.56882013862038
8033,41.90310893697968,12.51616763518479,112.5448439813482
8034,41.90311158709673,12.516166174605011,112.52510296140395
8035,41.90311424173287,12.516164704766764,112.51300925996986
8036,41.90311691061846,12.516163211057478,112.50776841248728
8037,41.90311956797382,12.516161720718888,112.50496000180459
8038,41.90312225446217,12.516160233265698,112.49208532363521
8039,41.90312493841118,12.516158718198914,112.48270388491324
8040,41.903127623752894,12.51615723988288,112.47538148773826
8041,41.903130344449394,12.516155742762113,112.46582197005101
8042,41.903133066832034,12.516154233327383,112.466363707175
8043,41.90313579221503,12.516152738006236,112.45151055187598
8044,41.90313858240284,12.516151238313988,112.427924936208
8045,41.903141378111776,12.516149707686317,112.41598747534528
8046,41.90314418138702,12.51614815650279,112.39680285504046
8047,41.90314700186976,12.51614664792566,112.39084330017401
8048,41.903149875702084,12.516145116556437,112.37415484389852
8049,41.90315272421486,12.516143538372164,112.37832289056317
8050,41.90315561672645,12.516142026541297,112.35969854890725
8051,41.90315850963008,12.516140500748815,112.34531562390079
8052,41.90316137325935,12.516138961369792,112.33686710686071
8053,41.90316416962716,12.516137403334405,112.31795480141814
8054,41.90316699304682,12.516135821675155,112.30717502458782
8055,41.90316980816905,12.516134286255932,112.30177521247006
8056,41.90317261992765,12.516132752069383,112.2977921159608
8057,41.90317552292785,12.516131218725048,112.30545615221769
8058,41.903178451403235,12.516129646542282,112.2837269008513
8059,41.90318139707544,12.516128032675542,112.27016871497264
8060,41.903184370691065,12.516126359920891,112.25661982876679
8061,41.903187351729386,12.516124743015224,112.25395051411235
8062,41.903190338871894,12.516123067040336,112.25016697365965
8063,41.90319330176108,12.516121441653114,112.24189287161157
8064,41.90319629576928,12.516119784397391,112.22259693467626
8065,41.90319926396681,12.516118165632852,112.21580838218168
8066,41.90320223079731,12.516116524246275,112.20256063381814
8067,41.903205188431784,12.516114894000053,112.20214195841751
8068,41.90320817012611,12.516113262018159,112.19253740238646
8069,41.90321116928226,12.516111645161102,112.18383476343493
8070,41.90321416689275,12.516110040082586,112.1634107560051
8071,41.90321719043797,12.516108402388793,112.1388930370109
8072,41.90322021660068,12.516106731047882,112.13638277145189
8073,41.9032232788158,12.516105102801207,112.12665340986467
8074,41.90322634747957,12.516103458351365,112.11050682259906
8075,41.9032293996369,12.516101785607656,112.09358839766641
8076,41.903232418158275,12.516100126385226,112.08089736408606
8077,41.903235430396286,12.516098485625955,112.08084331757364
8078,41.903238456345946,12.516096847041457,112.07921076173024
8079,41.903241493925506,12.516095227124207,112.07962981220723
8080,41.90324455389684,12.516093580901467,112.067939991635
8081,41.903247603461324,12.516091878427881,112.0649053234251
8082,41.90325067564276,12.516090221032766,112.06240900626366
8083,41.90325373299509,12.516088578560478,112.06334033315801
8084,41.903256795082704,12.516086928895938,112.05743061544743
8085,41.9032599088961,12.51608522536186,112.0527136490555
8086,41.90326297889344,12.516083535412882,112.04551746963625
8087,41.9032660435314,12.51608185932828,112.04001886581985
8088,41.903269109709484,12.516080163078806,112.03561415628498
8089,41.90327216831915,12.51607849298548,112.03189109002489
8090,41.903275300435304,12.516076768815477,112.01709942856411
8091,41.90327834883448,12.516075031181598,112.01782177743667
8092,41.9032814459882,12.516073356817335,112.00729200645807
8093,41.90328450101586,12.516071732449221,112.00498670115934
8094,41.903287573461945,12.51607007803328,111.99039802177677
8095,41.90329067292655,12.516068427850723,111.95827866260419
8096,41.903293748574576,12.516066761520676,111.92761369457372
8097,41.90329685010821,12.516065067870693,111.89501988408861
8098,41.90329992893807,12.516063404935249,111.87100252968555
8099,41.90330302467014,12.516061730767689,111.84795242361777
8100,41.90330612877355,12.516060046478481,111.82854027261374
8101,41.903309204654214,12.516058388961856,111.81041600566782
8102,41.90331235480018,12.516056723412595,111.78360096789672
8103,41.903315458482275,12.51605512505291,111.76278993961736
8104,41.903318567961826,12.51605345489397,111.73542096076906
8105,41.903321654086255,12.51605177904333,111.70758421483309
8106,41.90332473295702,12.516050092401859,111.68112094524419
8107,41.90332782275894,12.516048419829911,111.65376250285401
8108,41.90333087961023,12.516046795747615,111.629707772397
8109,41.9033339593951,12.516045154824798,111.61088485858852
8110,41.90333709055663,12.516043564665528,111.586627004013
8111,41.90334017522928,12.516041984600541,111.5590563683193
8112,41.90334329537199,12.516040376276695,111.52486346774732
8113,41.90334638876442,12.516038761307442,111.50294848430003
8114,41.903349513390516,12.516037113040284,111.47050143898004
8115,41.90335261771867,12.516035485742234,111.45120570088177
8116,41.90335575173461,12.516033788805606,111.42274825901714
8117,41.903358828076314,12.516032121564503,111.39768948300988
8118,41.90336190914808,12.516030519896274,111.38264467998506
8119,41.9033649968831,12.516028863388957,111.36140189128668
8120,41.90336805118004,12.516027321166604,111.34212655258708
8121,41.90337111940221,12.516025720740663,111.31434036045813
8122,41.903374148406705,12.516024139787785,111.29750515704012
8123,41.903377223329805,12.516022564084501,111.26321163035576
8124,41.90338032133144,12.516021044326564,111.23266195077944
8125,41.90338338693139,12.516019412444878,111.20487573704077
8126,41.90338643313321,12.516017814221463,111.17938037911301
8127,41.90338949575992,12.516016274952227,111.15995907029321
8128,41.90339258369994,12.516014699935283,111.14427092100085
8129,41.90339560906682,12.516013126952638,111.1326294665619
8130,41.90339868986003,12.516011654959748,111.11480116779892
8131,41.90340175447657,12.516010102055727,111.09905675257163
8132,41.903404777021734,12.516008591189353,111.06765822149724
8133,41.90340777028066,12.51600706867499,111.05632660359211
8134,41.903410726704486,12.5160055636185,111.05123558658948
8135,41.90341374049403,12.516004061660697,111.04073796206183
8136,41.903416680971965,12.516002641016032,111.0343307959681
8137,41.90341966983273,12.516001150287961,111.02170856326022
8138,41.90342259452941,12.515999647133524,111.0105155549588
8139,41.903425549579154,12.515998094691668,110.99392166668488
8140,41.90342842147938,12.515996629467967,110.98164747819293
8141,41.90343141870952,12.515995136276695,110.97684976923954
8142,41.90343436930449,12.515993641377033,110.97324952586307
8143,41.90343729591116,12.51599207450939,110.96922223787513
8144,41.90344017520162,12.515990631422566,110.9582740678159
8145,41.903443048095156,12.515989156642267,110.95293236834637
8146,41.90344589689126,12.5159877178877,110.9423327886659
8147,41.90344876813913,12.51598619731617,110.91679505673503
8148,41.903451615399284,12.51598478490889,110.91225989032195
8149,41.903454439911265,12.515983346104631,110.9083668192474
8150,41.903457322978355,12.515981878296422,110.904973877057
8151,41.903460087512784,12.515980435967249,110.9019051547225
8152,41.9034629163045,12.515978903101399,110.90172767528519
8153,41.903465700248454,12.515977453621362,110.88547992223305
8154,41.9034684962209,12.515976028001628,110.8737429914264
8155,41.903471319467876,12.515974670325557,110.8735684967288
8156,41.90347402875326,12.515973277199802,110.86685785219521
8157,41.90347680727582,12.515971890184863,110.85593882230522
8158,41.90347952978662,12.515970496236068,110.83121717306392
8159,41.9034822586763,12.515969067565242,110.81673056660394
8160,41.903485005104066,12.5159676401533,110.81626681324735
8161,41.90348773913675,12.515966273791701,110.81558886516558
8162,41.90349044881926,12.515964944327326,110.81369782103026
8163,41.903493138179456,12.515963577038391,110.80075268155883
8164,41.90349586697803,12.51596220051245,110.79042672943135
8165,41.903498565340094,12.515960847759983,110.77599285847013
8166,41.90350121734977,12.51595953411002,110.78114218588985
8167,41.90350384906646,12.51595817260628,110.75860149078656
8168,41.90350647484897,12.515956893608044,110.75553122642037
8169,41.90350909223111,12.515955531968174,110.75406502678509
8170,41.90351164913738,12.515954234108861,110.75817223520164
8171,41.90351425596067,12.51595288222428,110.7576190057952
8172,41.903516764277626,12.515951616662877,110.74842270530863
8173,41.903519319828,12.515950360242698,110.7503352756036
8174,41.903521845758476,12.515949101126992,110.7415439819027
8175,41.90352438619006,12.515947878058105,110.74412716408806
8176,41.9035268990982,12.515946585866974,110.73669097446715
8177,41.903529352992514,12.515945362982626,110.73566410280388
8178,41.903531817728386,12.515944036647088,110.73505949661227
8179,41.903534234241526,12.515942817712917,110.73575475091151
8180,41.903536707979264,12.515941633679033,110.76328201505396
8181,41.90353912190358,12.515940392838974,110.79245663911723
8182,41.903541531679075,12.515939224608685,110.83190689407952
8183,41.903543879004026,12.515938044040812,110.85918514969752
8184,41.90354619628233,12.51593685381475,110.90711789563419
8185,41.90354846755763,12.515935696754422,110.960801189456
8186,41.90355078536345,12.515934492168569,111.0287533364015
8187,41.903553012114415,12.515933313008382,111.12325599187363
8188,41.90355529544459,12.515932099527491,111.2198846888855
8189,41.903557512678645,12.515930914815236,111.31016468207217
8190,41.90355972156174,12.51592973329858,111.40091140143147
8191,41.903561886296764,12.515928546152626,111.47661501657923
8192,41.90356407476024,12.515927390127374,111.55905888775753
8193,41.90356624795637,12.515926199772796,111.64682293549161
8194,41.90356834674614,12.515924999980008,111.73075080293587
8195,41.90357047073135,12.51592377869032,111.81170038849424
8196,41.90357253379552,12.515922611055766,111.87685832870012
8197,41.90357458654286,12.515921431860288,111.94918937551826
8198,41.90357660168187,12.515920293280109,112.02332785675918
8199,41.90357858872465,12.515919190354628,112.09186201997629
8200,41.903580549029066,12.515918074400407,112.16328331253943
8201,41.90358245192771,12.515917006213783,112.22504652484628
8202,41.903584357164924,12.51591594479838,112.28373220458585
8203,41.903586208017224,12.515914969232993,112.34557062170609
8204,41.90358804212615,12.515913910818151,112.41326354424847
8205,41.903589847791594,12.51591287310031,112.48531518647667
8206,41.903591664944344,12.515911848307498,112.5511678633323
8207,41.90359343615435,12.515910829073515,112.62524746374797
8208,41.90359519178229,12.515909808688562,112.6969059737031
8209,41.90359691435583,12.515908818211654,112.76557316248625
8210,41.90359859977683,12.515907834522713,112.82859714853518
8211,41.90360025818474,12.515906855258551,112.90581153097823
8212,41.903601894522666,12.51590588828299,112.98926341887471
8213,41.90360349617417,12.515904962905182,113.08578238392768
8214,41.90360507502202,12.515904028439792,113.18583908802078
8215,41.90360662310039,12.515903122851773,113.28441874019806
8216,41.90360815396671,12.515902222840888,113.39786230851168
8217,41.903609671373474,12.515901291704067,113.52366180036468
8218,41.90361114272292,12.51590040463163,113.66679444308113
8219,41.903612602017624,12.515899496982028,113.81274739832679
8220,41.90361402682367,12.515898624710472,113.96346104478204
8221,41.90361543541546,12.515897745684292,114.12786095308735
8222,41.903616807042,12.515896851103218,114.29474119690974
8223,41.9036181502754,12.515896016096152,114.46119291819211
8224,41.90361947422761,12.515895170155218,114.63535800123091
8225,41.903620737096254,12.515894290710579,114.81181420753973
8226,41.90362203012667,12.515893448426317,114.99920445452084
8227,41.90362330321628,12.515892609403203,115.21181464262803
8228,41.9036245681715,12.515891765461209,115.45754026190556
8229,41.90362582775666,12.515890901506634,115.71501103900665
8230,41.90362703398151,12.515890023813096,115.98834591525438
8231,41.903628269485075,12.515889112040494,116.27690316398834
8232,41.90362947448479,12.515888231729598,116.58751257111084
8233,41.903630664365274,12.515887337387223,116.93992501853481
8234,41.90363183682643,12.515886409655714,117.32098989822839
8235,41.90363303586339,12.515885463270534,117.72659320524765
8236,41.90363422178793,12.515884494721044,118.16157909207023
8237,41.90363538898402,12.515883487341585,118.62598545274189
8238,41.90363658583338,12.515882504197105,119.12359285040516
8239,41.90363773734273,12.515881472402484,119.6359847498124
8240,41.90363887023034,12.51588046361269,120.18256404586046
8241,41.90364001557718,12.515879384746075,120.74857166693275
8242,41.90364110283586,12.51587833773199,121.34129372632621
8243,41.90364224480789,12.515877247846172,121.95791616061994
8244,41.903643330051544,12.515876133086252,122.59869682063434
8245,41.903644453937794,12.515874969460514,123.27166998885527
8246,41.90364552464366,12.515873768817565,123.96629037114596
8247,41.90364658171336,12.515872549146398,124.67892978147604
8248,41.90364767006708,12.515871274018014,125.4298561644346
8249,41.90364869805634,12.515869982824936,126.21759694459196
8250,41.90364973432993,12.515868670588123,127.06109314075685
8251,41.90365074705562,12.515867355305536,127.94799051096687
8252,41.903651706527555,12.515866025327155,128.87980729608097
8253,41.903652668752116,12.515864630001166,129.867102085827
8254,41.90365360227597,12.51586323073377,130.89875031013463
8255,41.903654510125506,12.515861799711269,131.9770688600775
8256,41.9036553946777,12.515860292583927,133.07080315057306
8257,41.90365627625705,12.515858732051315,134.1823390641618
8258,41.90365714565258,12.515857168610493,135.31018076570055
8259,41.90365796078526,12.51585555857138,136.4531698405786
8260,41.90365879198206,12.515853941248096,137.64578305830995
8261,41.90365955847741,12.515852245510857,138.90454991810608
8262,41.90366031073832,12.515850571876479,140.23183463043685
8263,41.903661015220536,12.515848854783215,141.57933664255353
8264,41.90366167387938,12.515847107971435,142.92443570023966
8265,41.903662312572365,12.515845323069533,144.27730369882377
8266,41.903662907310306,12.515843500353203,145.6370552332127
8267,41.9036634591914,12.515841663107611,147.0219046053039
8268,41.903663991007974,12.515839774968402,148.42415749689908
8269,41.90366449355734,12.515837848539634,149.8280372555642
8270,41.9036649594887,12.515835925131611,151.25107537820068
8271,41.903665402805586,12.515833953144758,152.697415674875
8272,41.90366579289899,12.515831988313264,154.173497981319
8273,41.90366614127304,12.515829999647494,155.67496791714584
8274,41.9036664699593,12.51582796941524,157.2038305398107
8275,41.903666729656614,12.515825916379134,158.75448963597196
8276,41.90366697985148,12.515823868354062,160.31402877810422
8277,41.90366716073305,12.515821834610517,161.88879300346477
8278,41.90366730037096,12.51581980580128,163.4765367342019
8279,41.903667404161126,12.515817716557777,165.06708251486992
8280,41.903667469621446,12.51581563934547,166.68102751998148
8281,41.90366745942665,12.515813542543942,168.2902164730607
8282,41.90366746619663,12.515811467790618,169.89297763578554
8283,41.903667398950844,12.515809376270939,171.49162162506082
8284,41.90366726304317,12.515807252864017,173.10822004881078
8285,41.903667112305925,12.515805171093927,174.73053906650202
8286,41.903666882002206,12.515803054997894,176.36036338377602
8287,41.90366660032379,12.515800985428115,177.99863760406282
8288,41.903666279845986,12.515798871469835,179.65159454425333
8289,41.90366589178062,12.515796790179591,-178.67947121712197
8290,41.90366546354673,12.515794679234393,-177.00351844731745
8291,41.90366500909326,12.51579259859623,-175.3151144811019
8292,41.90366451332522,12.515790493838356,-173.6233897226497
8293,41.903663975375125,12.51578841251925,-171.9521877529093
8294,41.90366338513213,12.515786344372732,-170.30979297682129
8295,41.90366277900822,12.51578427070969,-168.69747221237256
8296,41.90366213265029,12.515782196737371,-167.11014780678903
8297,41.90366144061843,12.515780159133321,-165.5427382941086
8298,41.90366070868485,12.515778087591364,-163.96288412525956
8299,41.90365992532514,12.515776030393525,-162.3917766504965
8300,41.90365912090861,12.51577402513526,-160.83557002425064
8301,41.90365824076269,12.515772050214323,-159.29763506922382
8302,41.90365735042477,12.51577009475692,-157.7633756071653
8303,41.9036564122172,12.515768148260335,-156.2103260296165
8304,41.90365543624674,12.515766207572186,-154.63134211799402
8305,41.90365440279683,12.515764296246598,-153.02840103780372
8306,41.903653323290804,12.515762428706543,-151.40788823265646
8307,41.90365218772528,12.515760604794629,-149.78592029865544
8308,41.9036510096974,12.515758818751033,-148.15781865440113
8309,41.90364975381488,12.515757081964315,-146.5046189732055
8310,41.90364845048943,12.515755375809976,-144.84183855700945
8311,41.90364711109494,12.515753648628765,-143.1750619109634
8312,41.90364571808368,12.515752002179962,-141.50800379723336
8313,41.903644285229504,12.515750402334284,-139.83615809132814
8314,41.90364283230443,12.515748858642288,-138.17390133153674
8315,41.903641370104594,12.515747363485803,-136.52014969841056
8316,41.90363984572868,12.515745897886399,-134.87470130207947
8317,41.90363830926156,12.515744494308496,-133.22810453081757
8318,41.90363672240801,12.515743113404437,-131.57750558123988
8319,41.903635104855404,12.515741820627833,-129.92648008096205
8320,41.90363344073934,12.515740580245941,-128.267557388085
8321,41.90363174617849,12.515739341337618,-126.59322577382811
8322,41.90363003235194,12.515738216757848,-124.90842631382698
8323,41.90362825611733,12.515737122442157,-123.23764057271276
8324,41.90362643640487,12.515736105725576,-121.57041832601479
8325,41.90362459959457,12.515735188406564,-119.9198457932642
8326,41.90362272377428,12.515734338612656,-118.29928629170874
8327,41.90362081685485,12.515733571690745,-116.68698654617245
8328,41.90361884905792,12.515732916933294,-115.08882208886195
8329,41.90361690340313,12.515732331115444,-113.46034180005972
8330,41.90361493983775,12.515731803661959,-111.8156477458389
8331,41.9036129317678,12.515731297425143,-110.16075917043426
8332,41.90361093964801,12.515730870109165,-108.50140594046387
8333,41.903608966534726,12.515730508612526,-106.85581154548868
8334,41.90360696096008,12.51573020863819,-105.25318834384335
8335,41.90360497147559,12.515729978941092,-103.6765208098844
8336,41.90360292898813,12.515729796308099,-102.10339559039053
8337,41.90360090097976,12.515729687606354,-100.54022208635847
8338,41.90359884155194,12.515729642645498,-98.98152967960048
8339,41.9035967892301,12.515729670200852,-97.42899418505415
8340,41.9035947546338,12.5157297636186,-95.9197945448974
8341,41.903592680026506,12.515729910436228,-94.41541876755663
8342,41.90359061465149,12.515730114521675,-92.92925216391403
8343,41.9035885339768,12.51573037957148,-91.45924498556978
8344,41.90358646282166,12.515730695630783,-90.00853316895905
8345,41.90358443394042,12.515731072867199,-88.6180947189951
8346,41.90358235625182,12.515731516314114,-87.27201383591611
8347,41.90358033530384,12.515731985034465,-85.99567847362724
8348,41.90357824731271,12.515732551601936,-84.76176980598616
8349,41.90357616573388,12.51573319505029,-83.5584960518326
8350,41.90357407553077,12.515733889656676,-82.3762826368337
8351,41.90357197426642,12.515734595272182,-81.21672291551043
8352,41.903569937621434,12.515735315809176,-80.08826775743992
8353,41.9035678573485,12.515736071072645,-78.96184952519752
8354,41.90356582697062,12.5157369086366,-77.87392033767627
8355,41.903563778225426,12.515737797380025,-76.82657932184414
8356,41.90356173813101,12.515738725538952,-75.84565516081376
8357,41.90355971681433,12.515739713199562,-74.94404979122612
8358,41.903557669666576,12.515740748406351,-74.11176087952275
8359,41.90355562243741,12.515741805613702,-73.37283748703582
8360,41.903553571312095,12.515742853197281,-72.69799535653871
8361,41.903551484367895,12.515743939821105,-72.10334782587509
8362,41.90354939343856,12.515745062269536,-71.5714704893585
8363,41.903547290918624,12.515746161580184,-71.08074125634249
8364,41.90354516312002,12.515747305285132,-70.64153444821974
8365,41.9035430315035,12.515748446966915,-70.23839836497785
8366,41.903540865500304,12.515749613190563,-69.87617073946656
8367,41.90353872193021,12.515750757726675,-69.54499148224616
8368,41.90353654832641,12.515751927550829,-69.23756288494769
8369,41.90353438207914,12.51575312455348,-68.96143248383741
8370,41.9035321913608,12.515754331030955,-68.70694386330553
8371,41.90352993837018,12.515755596001402,-68.45982121011136
8372,41.90352774636945,12.515756821933214,-68.23280446212313
8373,41.90352547304806,12.51575808762502,-67.9952638178876
8374,41.90352326479662,12.51575933456048,-67.77100420858324
8375,41.90352097387807,12.515760655860586,-67.53734683393512
8376,41.903518729143805,12.51576197361062,-67.32707766724691
8377,41.903516466519825,12.515763309663773,-67.11014428845915
8378,41.90351418824347,12.515764693600953,-66.89333647907462
8379,41.903511887965145,12.515766076011131,-66.69230700138925
8380,41.90350957376571,12.515767483267583,-66.49246336386649
8381,41.90350723943177,12.51576891884249,-66.29578702674534
8382,41.90350493472922,12.515770363235706,-66.12083497961997
8383,41.90350260682652,12.515771817110494,-65.9547651204862
8384,41.90350027850329,12.515773276647806,-65.80460735558245
8385,41.90349794428508,12.515774745650914,-65.6747511664365
8386,41.903495569773376,12.515776234269634,-65.54829436436704
8387,41.90349322711984,12.51577770300866,-65.44192773585411
8388,41.9034908365139,12.515779221609977,-65.33753704113796
8389,41.903488496071986,12.515780718357346,-65.26058535079778
8390,41.90348609725587,12.515782243398911,-65.17841935439492
8391,41.90348371684329,12.515783760610365,-65.14871420114737
8392,41.90348130658304,12.515785261510686,-65.12870119378815
8393,41.903478874883426,12.51578680007663,-65.13037165234769
8394,41.903476418859384,12.515788328780063,-65.14443548535286
8395,41.90347396931591,12.515789871103971,-65.16270149109818
8396,41.90347150996564,12.515791428083176,-65.18567755486396
8397,41.90346904240373,12.515792953352078,-65.21685318843187
8398,41.903466510454216,12.515794518740659,-65.24248704247695
8399,41.903463985066935,12.51579604727945,-65.27797750266475
8400,41.90346139290526,12.515797634761702,-65.30048622864273
8401,41.903458897334026,12.515799163705779,-65.34120041988551
8402,41.90345637144758,12.515800720742009,-65.3713277132317
8403,41.90345384091454,12.515802269592012,-65.40968110568348
8404,41.90345128521398,12.515803802130199,-65.4529295727588
8405,41.90344870679315,12.515805378035102,-65.48465934175483
8406,41.903446137229565,12.515806951436742,-65.52548127598088
8407,41.90344358500925,12.515808533871807,-65.55586924439156
8408,41.903441008802794,12.515810105382094,-65.59461079254667
8409,41.90343842906877,12.515811695294934,-65.63614021839761
8410,41.90343580544582,12.515813284300545,-65.68306294704817
8411,41.903433196285334,12.515814874656272,-65.73614464714313
8412,41.903430590237285,12.515816443962256,-65.7799718919101
8413,41.903427955274786,12.515818041076045,-65.81920757631575
8414,41.90342534798523,12.515819628215121,-65.86466866156597
8415,41.903422701046445,12.51582120932734,-65.91464932547927
8416,41.90342005950574,12.515822791326675,-65.96973029156695
8417,41.90341740102756,12.515824402575145,-66.02040227175185
8418,41.903414747712375,12.515826008045938,-66.06906770982357
8419,41.903412080309735,12.515827600644883,-66.12381176726191
8420,41.90340941061544,12.51582917852408,-66.17246188470475
8421,41.90340675064299,12.515830756144599,-66.23058412277754
8422,41.90340403695956,12.515832344971683,-66.27493456201753
8423,41.90340134048741,12.515833925242841,-66.31902879327727
8424,41.90339864170582,12.515835504137158,-66.35761847832197
8425,41.90339592917016,12.515837098109968,-66.4109666638112
8426,41.903393225323185,12.515838656659588,-66.45697983812093
8427,41.90339047620803,12.515840245095292,-66.5107549957935
8428,41.903387740737685,12.515841806355366,-66.55237497449315
8429,41.9033849842621,12.515843408878975,-66.59266435334409
8430,41.90338219356246,12.515845031918547,-66.6293746731712
8431,41.90337941914276,12.515846617827897,-66.67593666052328
8432,41.90337663768551,12.51584824034801,-66.72627781465772
8433,41.90337385168631,12.51584983864078,-66.7809095763171
8434,41.90337106372764,12.515851432917549,-66.84218592683385
8435,41.903368269763746,12.515853040708803,-66.90079182467694
8436,41.903365497316535,12.515854630393369,-66.96489254734365
8437,41.903362730327004,12.515856211449357,-67.04010820926457
8438,41.903359938952605,12.515857776687712,-67.12374095914548
8439,41.90335715281964,12.515859343993935,-67.20934742552613
8440,41.90335436514678,12.51586090462481,-67.30035996631561
8441,41.90335155848365,12.51586245483023,-67.40454847941216
8442,41.903348758620425,12.515864018228404,-67.5023998848395
8443,41.90334593639773,12.515865550481248,-67.60066811175355
8444,41.903343116707234,12.51586709603951,-67.69694972504028
8445,41.90334027259857,12.515868626012276,-67.78948040798343
8446,41.903337418466286,12.515870156338247,-67.88170308853994
8447,41.903334577388016,12.515871650303806,-67.98468761841158
8448,41.90333171309572,12.5158731564567,-68.08254032700182
8449,41.90332887299789,12.515874661451061,-68.17567761795429
8450,41.90332605325369,12.515876168534568,-68.2641674046028
8451,41.90332319979628,12.515877678268081,-68.35798563197466
8452,41.90332037069665,12.515879180395359,-68.45167972455037
8453,41.90331750102952,12.515880666224163,-68.54798039298484
8454,41.9033146299508,12.51588215260288,-68.64477928110448
8455,41.90331177721676,12.515883624137178,-68.7378035995737
8456,41.903308927144835,12.515885094881243,-68.82728914073623
8457,41.90330606396601,12.515886548728814,-68.91725693999733
8458,41.90330320961604,12.515888009175894,-69.01150823069062
8459,41.90330034241957,12.515889443778486,-69.10799348322017
8460,41.90329749153253,12.515890892661124,-69.19685952079078
8461,41.903294633321984,12.51589232879902,-69.28828685598283
8462,41.90329178499587,12.515893749632728,-69.37759821085972
8463,41.90328894690947,12.515895144372413,-69.47889921280469
8464,41.90328606974747,12.515896555552075,-69.57599907848926
8465,41.903283228393676,12.515897959712541,-69.66469565341839
8466,41.903280353862954,12.515899372239447,-69.75593802425979
8467,41.903277498985034,12.51590076753291,-69.83905943737601
8468,41.9032746388187,12.515902131401917,-69.9394130538423
8469,41.903271776470454,12.515903488732055,-70.03446123314508
8470,41.903268905699626,12.515904874984022,-70.12843818936788
8471,41.90326605295453,12.515906215166996,-70.21746280793118
8472,41.903263197608226,12.515907570838097,-70.3099284495255
8473,41.90326033955346,12.51590892868014,-70.4057419414968
8474,41.90325747302568,12.515910268608767,-70.50363854322687
8475,41.90325463693199,12.515911599601594,-70.5936663815209
8476,41.90325177632392,12.515912920668345,-70.69047426370291
8477,41.90324890823426,12.515914228656213,-70.77981128708349
8478,41.90324603188161,12.515915541398611,-70.87596460455609
8479,41.903243169457404,12.51591682175504,-70.9744526392584
8480,41.903240304695814,12.515918090864911,-71.06837684955207
8481,41.903237412053784,12.515919374669245,-71.16277262252515
8482,41.90323456900225,12.515920627904183,-71.24994967618403
8483,41.90323169981697,12.515921894655007,-71.33020703587611
8484,41.90322883063292,12.51592314757277,-71.42376180181931
8485,41.90322596344596,12.515924398860669,-71.51581913252798
8486,41.90322311764794,12.51592565031231,-71.60012881105233
8487,41.90322028335986,12.515926915803503,-71.67512071685776
8488,41.90321744558461,12.515928142424244,-71.75757458512373
8489,41.90321458239341,12.515929372025415,-71.85095466022993
8490,41.903211730376555,12.515930582634967,-71.92939201469979
8491,41.90320887566438,12.51593179523954,-72.01403175815307
8492,41.90320604926489,12.515933005285415,-72.09197224749491
8493,41.90320320055355,12.5159341975166,-72.15913885668589
8494,41.90320034232086,12.515935375249954,-72.22889786194227
8495,41.90319747596705,12.515936590881417,-72.27898457839206
8496,41.90319461405952,12.515937785982278,-72.32407336892749
8497,41.90319176370029,12.515938969072787,-72.3584122066186
8498,41.9031888962733,12.515940173012496,-72.39203253705546
8499,41.903186048720606,12.51594134959584,-72.4341047508828
8500,41.90318318913071,12.515942506063526,-72.4816697880927
8501,41.903180344472275,12.515943666031635,-72.52293552010677
8502,41.903177525976574,12.515944848326901,-72.55524618878164
8503,41.90317470235235,12.515946046637517,-72.57791753906925
8504,41.90317187928075,12.515947218656356,-72.59504447856504
8505,41.90316907541461,12.515948382598157,-72.61282050475694
8506,41.90316623916779,12.515949557132659,-72.61482536277444
8507,41.90316344767701,12.515950717975233,-72.6099395479763
8508,41.90316064578527,12.515951895838178,-72.60464190042849
8509,41.90315785495515,12.51595307085746,-72.5990432212545
8510,41.903155115020695,12.515954234465386,-72.5990058517635
8511,41.903152350168455,12.515955388131458,-72.59465531374966
8512,41.90314957952745,12.515956543103954,-72.57354537990801
8513,41.90314686136035,12.515957690247538,-72.5434158843139
8514,41.903144140450294,12.515958854306813,-72.50318835586371
8515,41.90314147708898,12.515960002054085,-72.46278911925742
8516,41.90313878583625,12.515961149434043,-72.42225436898381
8517,41.903136121217614,12.515962299831765,-72.3590601286126
8518,41.90313345726776,12.51596346718543,-72.28674705885665
8519,41.903130799781906,12.515964640367054,-72.19954806891094
8520,41.90312820435023,12.51596580821879,-72.10444106150499
8521,41.90312558710306,12.515966991962614,-72.01012019770214
8522,41.903123003586266,12.515968145538055,-71.92466480185038
8523,41.903120417794625,12.515969319941515,-71.81651166976681
8524,41.903117899022064,12.515970473177992,-71.70350874318224
8525,41.90311537995109,12.51597162749252,-71.59091980616155
8526,41.90311287310078,12.515972798525594,-71.47235697472505
8527,41.90311041031716,12.51597392120534,-71.35792676154902
8528,41.90310797354367,12.515975079064809,-71.24289116186218
8529,41.90310557083315,12.515976223876859,-71.11685093027523
8530,41.90310319906836,12.515977344078465,-70.99190496553257
8531,41.90310084741639,12.515978475024658,-70.85764123094863
8532,41.903098546059105,12.515979591321459,-70.72404359110789
8533,41.90309625771975,12.515980687213649,-70.59839656554612
8534,41.90309400396927,12.515981784086051,-70.48537381756822
8535,41.90309179256301,12.51598285890572,-70.36631246693868
8536,41.903089610609165,12.515983940854207,-70.2459259642899
8537,41.9030874522613,12.51598500429705,-70.12851464626195
8538,41.90308529322863,12.515986088226143,-70.00576812662354
8539,41.90308319731753,12.515987147933208,-69.88263647079354
8540,41.903081107952794,12.515988189233688,-69.76908507808729
8541,41.90307906441664,12.515989238328329,-69.67278112138455
8542,41.90307703078498,12.515990289273617,-69.5662424182252
8543,41.903075049598506,12.515991327708452,-69.46214806643427
8544,41.90307309962465,12.515992351895518,-69.35397031291609
8545,41.903071169881194,12.515993373143031,-69.24308392554731
8546,41.90306925750426,12.515994398319597,-69.1366256950332
8547,41.90306738789652,12.51599536606171,-69.04132414848253
8548,41.90306553510592,12.515996356136846,-68.96434192499807
8549,41.90306372756428,12.515997312427626,-68.89898915707009
8550,41.9030619200711,12.515998273964373,-68.83138753608503
8551,41.9030601500817,12.515999226797826,-68.76608766004625
8552,41.90305840001215,12.516000167757026,-68.70405180570512
8553,41.903056674912406,12.516001095751266,-68.65325379114502
8554,41.903054990417424,12.516002005434867,-68.59911981316345
8555,41.90305332410511,12.516002884523509,-68.54789860434863
8556,41.9030516880658,12.51600376237627,-68.50735173916038
8557,41.90305006169435,12.516004610459929,-68.47134822257885
8558,41.90304843920055,12.516005469687506,-68.42898879787623
8559,41.903046860541345,12.51600632857072,-68.37432803801948
8560,41.903045292824224,12.516007191015756,-68.32115910496664
8561,41.90304374976923,12.516008036229069,-68.27111282106208
8562,41.90304225281896,12.516008855450254,-68.22445320046012
8563,41.9030407478737,12.516009702723428,-68.16285061673186
8564,41.90303927102866,12.516010508416562,-68.09831922120041
8565,41.90303779986557,12.516011309695822,-68.02409255149314
8566,41.90303637512861,12.516012111390996,-67.95416697273795
8567,41.903034943169054,12.516012905109369,-67.87140420483748
8568,41.90303353343448,12.51601368665084,-67.77185603188796
8569,41.903032172548,12.51601445148989,-67.65750916057206
8570,41.9030308329431,12.516015204326838,-67.53448206068933
8571,41.90302949536216,12.516015952819092,-67.40506284182955
8572,41.90302819940228,12.516016715253343,-67.26171419486143
8573,41.903026883812146,12.5160174692941,-67.09833754816397
8574,41.90302562128428,12.51601824243618,-66.91743180497875
8575,41.90302439571044,12.516018990344179,-66.7227348801743
8576,41.90302318890778,12.5160197636499,-66.51855889381247
8577,41.903021997616776,12.516020512264049,-66.30899892473998
8578,41.90302080896456,12.516021267642728,-66.08339657479296
8579,41.903019665205896,12.516022012282363,-65.8347466036857
8580,41.90301854193959,12.51602276660456,-65.56244163410588
8581,41.90301744628703,12.516023532246518,-65.27656658119625
8582,41.903016374962334,12.516024281836641,-64.9717054310355
8583,41.90301532232542,12.516025033823274,-64.6520597950397
8584,41.90301427701038,12.516025771865442,-64.30570514803948
8585,41.903013241042636,12.516026535471083,-63.92546421178253
8586,41.90301221743447,12.516027320403044,-63.51725839130675
8587,41.90301121607656,12.516028099818637,-63.09059868850186
8588,41.90301019667956,12.516028896316273,-62.64761141495799
8589,41.90300920021577,12.516029708118218,-62.17675331474366
8590,41.9030082230125,12.516030543288029,-61.664625765007415
8591,41.90300723691509,12.516031399287092,-61.11008671979044
8592,41.90300628780229,12.51603227176261,-60.52022900844165
8593,41.90300533463203,12.516033181273924,-59.900518640462366
8594,41.903004410933164,12.516034102598454,-59.257266719252044
8595,41.90300349011337,12.516035044502024,-58.59604518744901
8596,41.90300259017159,12.516035998798687,-57.91487396483296
8597,41.90300170423642,12.516036994375158,-57.2038080748799
8598,41.903000836749925,12.51603799022963,-56.47086885062051
8599,41.9029999744253,12.516039024814257,-55.70740438383428
8600,41.902999113196955,12.516040079958898,-54.922428614836335
8601,41.90299825954449,12.516041161600446,-54.110690658097376
8602,41.902997409485764,12.516042277317439,-53.28526082720094
8603,41.90299656546548,12.516043408980416,-52.44044020756561
8604,41.90299572407215,12.516044591905583,-51.57214319693601
8605,41.9029948756121,12.516045799718258,-50.6828278153946
8606,41.9029940632745,12.516047039945782,-49.76489449183929
8607,41.902993241088005,12.516048301215271,-48.83636728050795
8608,41.902992430050375,12.516049612393697,-47.891017486360596
8609,41.90299163140778,12.516050955863316,-46.91891488778561
8610,41.90299082802451,12.516052326243837,-45.923341961201565
8611,41.90299004899479,12.516053761298982,-44.906275999471305
8612,41.90298926730781,12.516055202534982,-43.87519871121075
8613,41.902988507104915,12.51605670259208,-42.83559278293929
8614,41.902987796320915,12.516058228384509,-41.80172388556569
8615,41.90298709962602,12.516059742330121,-40.794812282989625
8616,41.902986414989016,12.516061276721693,-39.79018298606585
8617,41.902985747541464,12.516062832108082,-38.78304452066908
8618,41.90298514714233,12.516064368864756,-37.746734787065506
8619,41.902984529529206,12.516065949727649,-36.70870205275443
8620,41.90298397815924,12.516067488816716,-35.67632213395856
8621,41.902983411728975,12.516069105013978,-34.64242672753959
8622,41.90298289892594,12.516070634036218,-33.61616096979435
8623,41.90298239388944,12.51607223589476,-32.572274110970355
8624,41.90298190485209,12.516073831974406,-31.516991728497146
8625,41.90298148557938,12.516075442732454,-30.431281776081516
8626,41.90298106039109,12.516077064912286,-29.331607171093157
8627,41.902980679833966,12.516078676568187,-28.224889457651834
8628,41.90298031649084,12.516080312680335,-27.11524104823653
8629,41.90297995866398,12.516081930846772,-26.009589194874348
8630,41.902979639391546,12.516083570346876,-24.904160781312942
8631,41.902979349988605,12.516085221612043,-23.792524775907154
8632,41.902979084206194,12.516086825577382,-22.681703837412286
8633,41.902978869064086,12.51608845118463,-21.561977068204296
8634,41.902978650668814,12.51609008559443,-20.432283621149388
8635,41.902978477610894,12.516091716683224,-19.27879204713092
8636,41.902978301482655,12.516093374818347,-18.105278392739056
8637,41.902978187516105,12.516094996236513,-16.9256398917722
8638,41.902978097535126,12.516096638321072,-15.739359070865255
8639,41.90297804867498,12.516098247990708,-14.568733124074464
8640,41.902978016783685,12.516099883171583,-13.38892209176808
8641,41.902977996209586,12.516101537741923,-12.204985936036923
8642,41.90297802816893,12.516103174767013,-11.02238846360713
8643,41.902978040687344,12.516104845658809,-9.826680841445622
8644,41.902978086300095,12.516106508439968,-8.63095750710994
8645,41.90297817038738,12.516108169512536,-7.421982846322222
8646,41.90297827038564,12.516109812715117,-6.21297893154092
8647,41.90297839610232,12.51611146440463,-5.012833177321017
8648,41.902978546208075,12.51611313654444,-3.8032579598109093
8649,41.90297873810354,12.516114803024987,-2.6000571540514854
8650,41.90297896114038,12.516116461475827,-1.3966810992810157
8651,41.90297919610119,12.516118116378866,-0.19004582093418845
8652,41.90297950279052,12.5161197518332,1.00370293156636
8653,41.902979822348165,12.516121407599606,2.1929568738307474
8654,41.902980140872614,12.516123047731888,3.352850531747189
8655,41.90298050186168,12.516124678457283,4.502094562133304
8656,41.90298087635922,12.516126331539798,5.620904013098412
8657,41.90298127450535,12.516127965759711,6.719374593301658
8658,41.90298170520862,12.516129613358522,7.797144607161484
8659,41.90298214373644,12.51613126577751,8.852943125866286
8660,41.902982585772655,12.516132919053003,9.894434232079755
8661,41.90298303795861,12.516134590890545,10.916754068591137
8662,41.90298349894371,12.516136308940064,11.934421990391243
8663,41.90298396613187,12.516138050157219,12.949437096407882
8664,41.902984483888396,12.516139766320494,13.950146081778797
8665,41.90298500584631,12.516141480151068,14.954457263790166
8666,41.90298556323538,12.516143203003534,15.958163848975474
8667,41.902986144892544,12.51614494288896,16.984195891259773
8668,41.902986755094105,12.516146682578013,18.029818957544162
8669,41.902987396128374,12.516148468821134,19.08375665461326
8670,41.9029880676896,12.516150151503872,20.126209104670217
8671,41.902988781781396,12.516151843998555,21.183707262588143
8672,41.9029894883704,12.51615353946669,22.275130893284558
8673,41.90299027650911,12.516155232174913,23.402617999697725
8674,41.90299112138041,12.516157001771877,24.545545649568705
8675,41.90299199633825,12.5161587505409,25.74480578829264
8676,41.902992876805946,12.516160473950121,26.948025164220077
8677,41.90299380092183,12.516162183179746,28.195367147465166
8678,41.902994767659436,12.51616390077814,29.469057240086325
8679,41.90299577709419,12.51616561476295,30.786805221274097
8680,41.90299681916495,12.516167288787207,32.182693290181746
8681,41.902997912967244,12.516168935336058,33.58959869064429
8682,41.90299908383527,12.516170474102223,35.03204852765141
8683,41.90300032528992,12.516171975462326,36.480318977599026
8684,41.903001614559905,12.516173428030159,37.94285497095012
8685,41.903002995437376,12.516174883099751,39.44452488468044
8686,41.9030044337217,12.516176296657065,40.969446016957626
8687,41.90300595325571,12.51617758302069,42.452086638292535
8688,41.903007409731785,12.516178842019531,43.93482866780753
8689,41.90300889792586,12.516180127457863,45.43101236770083
8690,41.90301042222931,12.516181373390134,46.97523261201362
8691,41.90301196176814,12.516182557192296,48.56617458395321
8692,41.90301350128869,12.5161837327048,50.17078725564809
8693,41.90301500388637,12.516184796801795,51.77438422370799
8694,41.90301653089544,12.516185767847325,53.39939265709306
8695,41.9030180792693,12.51618666692386,54.989022854131385
8696,41.903019727961855,12.516187560512565,56.60408182264181
8697,41.903021375788725,12.516188356808728,58.223158012803985
8698,41.90302305360261,12.516189077747303,59.84478466806667
8699,41.90302471937016,12.516189765346066,61.440797607663626
8700,41.90302642329695,12.516190383465183,63.01419811298424
8701,41.903028132151995,12.516190907179505,64.5833537770761
8702,41.90302985242245,12.516191356143928,66.15943243917607
8703,41.90303154308292,12.516191748245246,67.76072574362482
8704,41.90303326529185,12.516192141277351,69.36739996704011
8705,41.90303502640231,12.516192484912084,70.98664822108546
8706,41.90303679590063,12.516192750857556,72.60020886804688
8707,41.903038563112666,12.516192994562866,74.1996195413398
8708,41.90304043289143,12.516193191811636,75.76698707844815
8709,41.90304226359292,12.516193331562512,77.29974021544642
8710,41.9030441867204,12.516193397158016,78.80858301652
8711,41.903046091109395,12.516193413091381,80.28876330411512
8712,41.90304800181954,12.516193355848074,81.75854291098865
8713,41.90304988913266,12.516193268784107,83.21107241820253
8714,41.90305176848302,12.516193130772216,84.63811572315747
8715,41.9030536683178,12.516192971900967,86.04273592176163
8716,41.90305555225765,12.51619272381457,87.41665151500078
8717,41.90305746220738,12.516192464349018,88.77845817663886
8718,41.9030593837003,12.516192116558045,90.1129270743774
8719,41.903061312670516,12.516191749540619,91.40806028520007
8720,41.903063246272986,12.51619133707461,92.69407929349839
8721,41.90306518611006,12.51619087498086,93.95745101070725
8722,41.90306711040639,12.51619036120733,95.20331299509873
8723,41.903069078241586,12.516189789225287,96.41393098515078
8724,41.90307101422784,12.516189166270298,97.58635364332932
8725,41.903072931715094,12.516188526998437,98.73118129179855
8726,41.90307487138052,12.51618778893586,99.83974628724064
8727,41.90307679947836,12.516187048321152,100.91810045360619
8728,41.90307871241189,12.51618627529038,101.94467674333805
8729,41.903080630411026,12.516185445176205,102.92153279305448
8730,41.903082543811635,12.516184594693145,103.84239261519272
8731,41.90308444565646,12.51618370410247,104.69222412738691
8732,41.90308635298388,12.516182808987951,105.48221348952862
8733,41.90308825187592,12.516181900147732,106.20200433557217
8734,41.90309015897393,12.516180930064953,106.83932921522717
8735,41.90309204032343,12.516179936258677,107.42460639371647
8736,41.903093979530986,12.5161788988298,107.96513939989951
8737,41.90309591240446,12.516177890150342,108.47999273687417
8738,41.903097845242236,12.516176870542,108.96012818777791
8739,41.90309981204433,12.516175822710053,109.39774699882601
8740,41.90310178717732,12.516174824531676,109.81974887579057
8741,41.90310370754612,12.51617381801482,110.21594842143338
8742,41.90310565307837,12.516172748749206,110.58481333897278
8743,41.90310762269426,12.516171684934537,110.94275531409436
8744,41.90310962524635,12.516170602297265,111.28928993399339
8745,41.90311161873271,12.516169466132439,111.6377477295581
8746,41.90311361270141,12.516168331686067,111.95330399570098
8747,41.90311560418741,12.516167163482313,112.25134265566174
8748,41.90311754855747,12.516165950787837,112.53057966322315
8749,41.903119495400475,12.516164765131569,112.77806574586398
8750,41.90312144947767,12.51616359366221,112.99905998988882
8751,41.90312344680688,12.516162364046963,113.19869658116542
8752,41.90312538759029,12.5161611061693,113.37909539390773
8753,41.903127372752664,12.516159852889396,113.53409230045048
8754,41.90312936633057,12.516158615342713,113.67178765176713
8755,41.90313139118562,12.51615742868131,113.7977579037889
8756,41.90313338022244,12.51615618477747,113.90226962551907
8757,41.90313539573084,12.516154951593748,113.96778177949334
8758,41.90313748237239,12.516153729397246,114.0240934392439
8759,41.90313955000986,12.516152500057213,114.06140600552169
8760,41.903141598495246,12.516151269635024,114.07223589644539
8761,41.903143647390955,12.516150007787243,114.05455912924673
8762,41.903145730238656,12.516148756113994,114.01616391427834
8763,41.90314784925986,12.516147577251463,113.95624919539702
8764,41.90314998758582,12.516146350122877,113.87389985720598
8765,41.90315207373047,12.516145125743682,113.77437259028538
8766,41.90315423887674,12.516143938860155,113.65807973225793
8767,41.90315640451531,12.516142743121605,113.55013945134937
8768,41.9031585642108,12.51614156842977,113.45310813132602
8769,41.903160658249995,12.516140371097928,113.35732854763253
8770,41.90316275997841,12.516139162292818,113.26118582468396
8771,41.903164842260935,12.516137965577034,113.15150554450457
8772,41.90316699266272,12.516136763360945,113.04800069258765
8773,41.903169138543646,12.516135582517716,112.94266110961641
8774,41.90317127397624,12.516134370203892,112.83860924618523
8775,41.903173439285325,12.516133187576362,112.74465794279597
8776,41.903175644057015,12.516132006184073,112.65714329457401
8777,41.90317784833705,12.51613084360713,112.55709626031899
8778,41.90318008072096,12.516129673565782,112.44423954695277
8779,41.9031823645155,12.516128465767483,112.33570127502058
8780,41.9031846332051,12.516127246654609,112.24744584879919
8781,41.90318694653152,12.516126009460816,112.15754858299958
8782,41.903189187150545,12.516124748146757,112.08497737533774
8783,41.90319143006606,12.516123539008131,112.01555360127887
8784,41.90319367575639,12.51612234885707,111.93047065392457
8785,41.903195935999385,12.51612116501941,111.84682687788042
8786,41.90319819795249,12.516119954136558,111.75735377562334
8787,41.9032004651565,12.51611874257632,111.68456734434885
8788,41.90320273627705,12.516117515885245,111.62685477926028
8789,41.90320501223005,12.516116321906763,111.57763880578108
8790,41.90320730494493,12.516115156185359,111.53471134414767
8791,41.903209672617116,12.516113944282255,111.48664287395299
8792,41.90321199939857,12.516112728495314,111.43072255599631
8793,41.903214347909795,12.516111525857253,111.39420952054306
8794,41.90321670613084,12.516110308763855,111.38151187470814
8795,41.90321905510976,12.51610907367976,111.39315940814258
8796,41.9032213994918,12.51610786145865,111.39858727625715
8797,41.90322375808193,12.51610660600586,111.39315573477226
8798,41.90322612846277,12.51610535699012,111.38837938721274
8799,41.90322849877862,12.516104117849833,111.37316968755788
8800,41.90323084775139,12.516102895990715,111.3531256860153
8801,41.903233192471134,12.516101650108059,111.34886887463153
8802,41.90323555352444,12.51610039421407,111.34104837159722
8803,41.90323788855912,12.5160991799178,111.325635234621
8804,41.90324028679594,12.516097952220823,111.29261389168418
8805,41.903242692234315,12.516096738343679,111.25978172707529
8806,41.90324510155571,12.516095479296318,111.22302367534718
8807,41.90324750356615,12.51609422354794,111.2011535485612
8808,41.90324986993158,12.51609295521224,111.19338544963995
8809,41.903252290659495,12.516091751346814,111.20236578053886
8810,41.9032546644776,12.516090523522328,111.21991032471233
8811,41.90325704918417,12.516089282585716,111.24297351986348
8812,41.90325942771208,12.516088026302736,111.24743009890602
8813,41.90326177889663,12.516086773937444,111.27264465727914
8814,41.903264123492725,12.516085542232421,111.28975623491195
8815,41.90326644337925,12.516084306673418,111.31357712234939
8816,41.9032687467978,12.516083075690046,111.32638069387075
8817,41.90327108607811,12.51608188165873,111.33800448295212
8818,41.90327342617961,12.516080649674036,111.34361107810142
8819,41.903275765985384,12.516079381839866,111.35288916318054
8820,41.90327810835891,12.516078089113345,111.37539966656705
8821,41.90328041643381,12.51607688731418,111.39411809864778
8822,41.90328272807575,12.516075695262805,111.40818565829687
8823,41.90328499476325,12.51607448159393,111.42701363862736
8824,41.90328732000112,12.516073258708232,111.43655001576938
8825,41.90328961719544,12.516072058776569,111.44984002409348
8826,41.903291906374655,12.516070849908244,111.47667657422001
8827,41.90329418365087,12.516069617142273,111.49932922299246
8828,41.90329643230765,12.516068441661806,111.51788350949089
8829,41.903298671633536,12.516067226363043,111.53493535546905
8830,41.903300913865685,12.516066022233506,111.56169420420096
8831,41.90330313316317,12.516064833632084,111.58293041794278
8832,41.90330537496665,12.516063638264804,111.60333877220869
8833,41.90330758316069,12.516062443078484,111.62572344823229
8834,41.90330978598791,12.51606123799179,111.64841302878251
8835,41.903311964459995,12.516060071548448,111.66789851384245
8836,41.90331412121991,12.516058917128,111.68923546372775
8837,41.90331630242427,12.516057760926008,111.69871332382195
8838,41.90331839574899,12.51605666625898,111.70940766401735
8839,41.903320527017655,12.516055512458841,111.72509568883193
8840,41.90332260679109,12.516054370915468,111.74237267278862
8841,41.90332467104119,12.516053240351656,111.755603092945
8842,41.903326753272175,12.516052097383726,111.77315755560849
8843,41.90332880929818,12.516051000322745,111.78479442129408
8844,41.90333085870373,12.516049903603973,111.79518575931498
8845,41.90333289616529,12.516048785585259,111.80565107460143
8846,41.90333492445069,12.516047712717766,111.83761352619725
8847,41.9033369678062,12.516046589385631,111.87841301561636
8848,41.90333896986132,12.516045535406574,111.91411972194001
8849,41.90334098525196,12.516044420191621,111.94665772130519
8850,41.90334293550454,12.516043357616077,111.98621527188921
8851,41.903344946835915,12.516042300502745,112.01099653736654
8852,41.903346915695316,12.516041242184617,112.04781111534894
8853,41.90334886342864,12.516040144693402,112.07935616254215
8854,41.9033508394061,12.516039063201358,112.12026724784926
8855,41.90335281798514,12.516037990326268,112.15092771632222
8856,41.90335476044917,12.516036879379152,112.18630531332457
8857,41.903356687432684,12.516035865151437,112.2226291642602
8858,41.903358603502795,12.516034748633423,112.25186963285336
8859,41.903360499382444,12.516033716401585,112.2904024294541
8860,41.90336243806721,12.516032583855715,112.31930587248006
8861,41.903364333388524,12.516031530150826,112.36239574344968
8862,41.90336623834464,12.516030503600666,112.41275622093977
8863,41.903368122124505,12.516029421894228,112.45760622248724
8864,41.903369990552875,12.516028393059196,112.48461710285055
8865,41.903371875399344,12.516027349078868,112.4922302895788
8866,41.90337378424499,12.51602623865308,112.50832713010858
8867,41.90337566657352,12.516025217829588,112.52036276535665
8868,41.903377552178306,12.51602418182882,112.54445170391529
8869,41.90337939849384,12.516023172687436,112.5701278641317
8870,41.90338121750367,12.516022152557223,112.59593358893062
8871,41.90338310781524,12.51602110267978,112.62006876586618
8872,41.903384947345195,12.516020082519413,112.64302161704556
8873,41.90338683622027,12.516018976776182,112.65225802222899
8874,41.9033886615518,12.516017975531605,112.6513338740829
8875,41.90339051922708,12.51601695249257,112.63750351010502
8876,41.90339235791753,12.516015932544537,112.6244845660273
8877,41.9033941601797,12.51601494752386,112.61469479639194
8878,41.90339599986151,12.516014035502108,112.61285679405516
8879,41.90339778790866,12.516013104627477,112.61646540645027
8880,41.9033995923159,12.516012069366997,112.61922670662885
8881,41.903401385729566,12.516011075573113,112.59824753476038
8882,41.90340319587624,12.516010083643671,112.58855292708698
8883,41.903404985324755,12.516009111284893,112.58829507552848
8884,41.90340672355842,12.516008089324513,112.58804778739417
8885,41.903408492046644,12.516007115984042,112.60466779487275
8886,41.90341024487642,12.516006154033326,112.61541813567364
8887,41.903411995375365,12.516005216722348,112.63684079639927
8888,41.90341372326476,12.516004237441459,112.63860494745461
8889,41.903415429458136,12.516003374157767,112.64366692644096
8890,41.90341715830664,12.516002501787701,112.63681746090286
8891,41.90341886148025,12.516001567475577,112.60187684375143
8892,41.90342052873579,12.516000659762952,112.57900017144915
8893,41.903422239532915,12.51599963076675,112.57494520841233
8894,41.903423850951384,12.515998724123088,112.60049532027337
8895,41.903425461362154,12.51599777882398,112.61754574180411
8896,41.90342707347586,12.515996830569428,112.61437499836273
8897,41.90342872413353,12.515995930504971,112.60019508359338
8898,41.90343041900994,12.515994985161868,112.58085364560215
8899,41.90343202305709,12.515994074699684,112.56891135693533
8900,41.90343364575,12.515993182616814,112.55736600061036
8901,41.90343524121593,12.515992286468988,112.56436328337574
8902,41.903436803535264,12.515991479402958,112.58401469297644
8903,41.903438406423,12.515990629227952,112.58956148378321
8904,41.90343997954683,12.5159898154184,112.5850567774099
8905,41.90344157096488,12.51598891780924,112.57087907862578
8906,41.90344319493312,12.515987992144465,112.56004998497177
8907,41.90344485312323,12.515987055589722,112.55185824782237
8908,41.90344645080268,12.515986131436772,112.55046277956237
8909,41.90344804365483,12.515985245500653,112.5437381443735
8910,41.90344960002032,12.51598437659065,112.51953642147595
8911,41.90345114598377,12.515983511215195,112.49351980453932
8912,41.9034527042588,12.515982637772067,112.47711413491089
8913,41.90345425927144,12.515981810831606,112.46394159033616
8914,41.9034558190859,12.515980962253558,112.46140730424668
8915,41.90345737289027,12.515980084225045,112.4582037047534
8916,41.903458941866944,12.515979239354609,112.42848353894958
8917,41.903460523353054,12.515978316201931,112.37959219244999
8918,41.903462099871824,12.515977385759964,112.3271593614403
8919,41.90346366234131,12.515976534080208,112.27680393876123
8920,41.9034652015991,12.515975698376494,112.2373397249984
8921,41.90346673655799,12.515974820943056,112.19779002056667
8922,41.9034682472693,12.515974061909441,112.1664937059013
8923,41.90346975200088,12.515973250003567,112.14387294656548
8924,41.9034712458258,12.515972460115552,112.12236014802053
8925,41.90347279573493,12.515971630785211,112.09828873418965
8926,41.90347429100635,12.51597083873881,112.09240801597248
8927,41.90347583825089,12.515970015780065,112.08207204796739
8928,41.903477420373264,12.515969131606239,112.06591059473884
8929,41.9034789709664,12.515968305795374,112.04749517777965
8930,41.90348054694669,12.51596736223783,112.01747695441848
8931,41.90348209795997,12.515966522119847,111.99254783646978
8932,41.90348368590859,12.515965641923009,111.96175177285969
8933,41.90348525309951,12.515964735098292,111.92289123666029
8934,41.903486840081385,12.515963876428305,111.87869738646773
8935,41.903488425152226,12.515963072765784,111.83670219633927
8936,41.90349000674938,12.515962249287742,111.80282124913896
8937,41.90349164139154,12.51596139900522,111.76371340282633
8938,41.90349328583007,12.515960555307398,111.73580738118598
8939,41.903494914068006,12.515959670676184,111.72095047503575
8940,41.903496506488125,12.515958846578668,111.71798262168525
8941,41.90349809381885,12.515957988888173,111.71704708146746
8942,41.90349969980452,12.51595715414251,111.71224092586054
8943,41.90350129263045,12.515956288331093,111.69656769426024
8944,41.903502919155144,12.515955433603095,111.68044874965985
8945,41.90350455041678,12.51595453370812,111.65958259400124
8946,41.90350619939644,12.515953664744796,111.65937081605045
8947,41.9035078795265,12.515952764005522,111.65665595110534
8948,41.9035095177698,12.515951876246646,111.63866940371751
8949,41.903511166054315,12.515950996202273,111.63851358136785
8950,41.90351279754889,12.515950117085092,111.62968986621111
8951,41.903514435191255,12.515949252269,111.62743922242056
8952,41.9035160735125,12.515948428198664,111.61914409128686
8953,41.903517704552115,12.515947585347245,111.61955073724572
8954,41.90351933489689,12.515946756422995,111.63186039000705
8955,41.903520993091064,12.515945889492494,111.63106463142837
8956,41.903522618922025,12.51594506539302,111.65071421891739
8957,41.903524256788124,12.515944174496797,111.6798618104747
8958,41.90352583525098,12.515943300103805,111.7290589856615
8959,41.903527430593755,12.515942431998237,111.79290558484185
8960,41.90352899012024,12.515941541363881,111.85282058134777
8961,41.90353052121983,12.515940695583064,111.91853564840633
8962,41.903532061785505,12.5159398130933,111.97195747689784
8963,41.90353355854908,12.51593897528576,112.04146321749023
8964,41.9035351272401,12.51593809593358,112.1073363696653
8965,41.903536605341564,12.515937262909125,112.18244620316696
8966,41.90353808021774,12.515936415582319,112.26139277780901
8967,41.90353958152725,12.515935601747726,112.35427775818708
8968,41.90354100930558,12.515934807146103,112.46776529597032
8969,41.90354244960862,12.515933979079701,112.61184706968614
8970,41.9035438512595,12.515933179716843,112.74441976884337
8971,41.90354525820094,12.515932383795775,112.8646826057223
8972,41.90354665792865,12.515931533061622,112.98054839278409
8973,41.90354798339859,12.5159307421388,113.09177290752213
8974,41.903549352137915,12.515929903395529,113.20219537785893
8975,41.903550681547166,12.515929117242168,113.31063003753762
8976,41.903552021002206,12.515928305133002,113.42495809136099
8977,41.90355338280255,12.515927459181192,113.52636749067979
8978,41.90355472583807,12.515926639428123,113.62666457892345
8979,41.903556094643534,12.515925809070705,113.72251544443824
8980,41.90355741862497,12.515924987943027,113.82035861867378
8981,41.90355876627364,12.515924197143736,113.91230367378537
8982,41.903560114801095,12.515923345403676,113.98536514366727
8983,41.90356147450932,12.515922516058572,114.05100106996508
8984,41.90356285732928,12.515921672332006,114.11875761738733
8985,41.90356418542093,12.515920815739257,114.17818645539873
8986,41.9035655126242,12.515919978264987,114.22665820619777
8987,41.90356681342533,12.515919121786819,114.27272075698507
8988,41.903568108879405,12.515918277708728,114.31488966376219
8989,41.90356937204831,12.515917502465951,114.3668043794087
8990,41.90357070663136,12.515916652245435,114.41948170848715
8991,41.90357198939244,12.515915843757691,114.46700564342744
8992,41.90357331347247,12.515915042756156,114.50846727477305
8993,41.903574632853214,12.515914207203302,114.5565509431427
8994,41.903575927540906,12.515913423014121,114.61126726304548
8995,41.90357723835202,12.515912591593821,114.66608926604887
8996,41.903578545070815,12.515911744531303,114.71550744831026
8997,41.90357986175764,12.515910935280703,114.76544591427356
8998,41.903581136271704,12.515910170199602,114.8144952691011
8999,41.90358242677629,12.51590939591984,114.86659808958565
9000,41.903583715869416,12.515908569471543,114.91865480122664
9001,41.903585018833574,12.515907756824893,114.97155246647344
9002,41.903586329720454,12.51590692055959,115.02171089341668
9003,41.90358766315168,12.515906055013945,115.07483946251017
9004,41.90358896932982,12.515905211587418,115.13866429442193
9005,41.903590285283215,12.515904325250679,115.21122440815456
9006,41.90359159810682,12.515903444202749,115.29772019180172
9007,41.903592920306174,12.515902557884342,115.40554012284416
9008,41.903594235614776,12.515901696990921,115.53814678320201
9009,41.9035955572946,12.515900815092126,115.69376160253557
9010,41.90359685750543,12.515899929997722,115.87062796462122
9011,41.90359816397489,12.515899004178195,116.07512126219531
9012,41.903599457958066,12.515898095554578,116.30399594440003
9013,41.90360076281441,12.515897163989358,116.55791996832643
9014,41.903602053504926,12.515896207742923,116.8345618882075
9015,41.90360334135504,12.515895239274363,117.14365279229851
9016,41.90360462415232,12.51589427299154,117.47997977815406
9017,41.90360590439036,12.51589326729526,117.85337993218427
9018,41.903607162521766,12.515892283439713,118.24688864968383
9019,41.90360840021693,12.51589123329328,118.6655271935644
9020,41.90360965678082,12.51589017957263,119.09904405430765
9021,41.903610886957026,12.515889090458742,119.54656537384523
9022,41.90361214386235,12.515887996921577,120.01273630277801
9023,41.90361336275189,12.515886892442348,120.49325792447674
9024,41.90361457765144,12.515885771789742,120.99583216404936
9025,41.903615762781165,12.515884634317727,121.51435871579572
9026,41.903616921996885,12.515883483513415,122.05869476383353
9027,41.903618097965435,12.51588227653581,122.61431585876996
9028,41.90361924544125,12.515881106340187,123.19944199542972
9029,41.90362044356373,12.515879864538666,123.81101573398482
9030,41.90362158148859,12.515878607693228,124.44203294750181
9031,41.9036227123359,12.515877340480158,125.10289792875442
9032,41.90362381905669,12.515876035296094,125.77542717706315
9033,41.903624872401956,12.515874734116615,126.49599357467035
9034,41.90362597111898,12.515873405341953,127.24432381346668
9035,41.90362703893508,12.51587206682674,128.0214267956719
9036,41.90362811563558,12.51587073604208,128.83619950286504
9037,41.90362914674986,12.515869318756272,129.6657661577856
9038,41.903630218736886,12.515867918588143,130.51282528928297
9039,41.903631222722424,12.515866444413172,131.38664730317325
9040,41.903632256121185,12.515864980405784,132.28118128900826
9041,41.90363323723796,12.515863440759448,133.21319462129532
9042,41.90363420092272,12.515861814966458,134.16600758448033
9043,41.90363511145239,12.515860243323505,135.1300138114349
9044,41.90363603431081,12.515858613013897,136.1018012235354
9045,41.90363690269728,12.515856975917503,137.08122608426027
9046,41.903637755534,12.515855310285428,138.0977854549701
9047,41.90363858940805,12.51585359752575,139.1388519735109
9048,41.903639390876606,12.51585187851805,140.20589839792618
9049,41.90364017518765,12.515850126093978,141.28164518637394
9050,41.90364094081037,12.515848339411015,142.3697975224078
9051,41.903641691444655,12.515846552555132,143.4762304305679
9052,41.903642364484945,12.51584473249417,144.59503761467013
9053,41.9036430472168,12.515842859751187,145.74141671266025
9054,41.903643691271505,12.51584092172394,146.88771332976003
9055,41.90364431517921,12.515839051847784,148.0481015242864
9056,41.90364488228636,12.515837162233257,149.23346171428747
9057,41.90364547227684,12.515835269302947,150.47112842108888
9058,41.90364598671566,12.515833300690227,151.7510536675844
9059,41.903646473225294,12.515831333620733,153.0526827411873
9060,41.90364690245226,12.51582933870577,154.3565586636019
9061,41.90364731078414,12.515827362020417,155.68069309711564
9062,41.903647677608674,12.515825318071625,157.00573273414525
9063,41.90364797794267,12.515823282745556,158.3330883922012
9064,41.90364829126672,12.515821222150443,159.6896597474195
9065,41.90364855946984,12.515819170368886,161.04634204840198
9066,41.90364879423775,12.515817135218231,162.40399589424632
9067,41.90364899231919,12.515815073916684,163.75175124808797
9068,41.903649172047274,12.515813025008143,165.1165155056819
9069,41.90364928561276,12.515810944507995,166.5083759541314
9070,41.90364936670512,12.515808873358583,167.93790077282983
9071,41.90364937087466,12.515806754570395,169.38425377352118
9072,41.903649300960375,12.515804648393775,170.8327793353382
9073,41.90364921354654,12.51580255174113,172.29496204515135
9074,41.90364908291606,12.515800456152972,173.7761662916204
9075,41.903648949462756,12.515798331662337,175.3040643458869
9076,41.90364872888472,12.515796274907672,176.84339010684835
9077,41.90364850211859,12.515794277997633,178.3789280188952
9078,41.90364823303055,12.515792256218905,179.87903382818243
9079,41.90364793614693,12.515790198202902,-178.59942310528257
9080,41.90364754192756,12.515788174627954,-177.04894421397483
9081,41.90364713839623,12.515786133121903,-175.50015095620566
9082,41.90364671631915,12.515784151167981,-173.95190515008855
9083,41.903646217877885,12.515782211437406,-172.414330530945
9084,41.90364564911816,12.51578033664089,-170.86244398874592
9085,41.90364504485585,12.515778389175136,-169.31259007068914
9086,41.903644436818496,12.515776520188378,-167.7479161827423
9087,41.90364373751391,12.515774650326305,-166.16387057430921
9088,41.90364298078924,12.515772821699947,-164.53209218353498
9089,41.90364222666578,12.515770960808323,-162.87038368646336
9090,41.90364144190472,12.515769200374027,-161.2235166740752
9091,41.90364063101979,12.515767424785208,-159.56046030066167
9092,41.90363978509752,12.515765698364278,-157.87020448694304
9093,41.90363890285244,12.515763968466992,-156.15696032343345
9094,41.90363796052647,12.515762285879186,-154.41903478391248
9095,41.90363701623931,12.515760637159582,-152.65725807848472
9096,41.903636011038785,12.515758984094395,-150.90911055727307
9097,41.90363493146115,12.515757423008699,-149.18223510148167
9098,41.903633835388256,12.515755923973517,-147.4498675512623
9099,41.90363269257802,12.515754469198534,-145.72849430220288
9100,41.90363152629217,12.515753020264505,-144.01051838755703
9101,41.903630330893186,12.515751678958221,-142.26429594437
9102,41.90362908994366,12.515750387551845,-140.4892973842126
9103,41.90362781842745,12.5157491111871,-138.69622616425394
9104,41.903626524799435,12.515747881876695,-136.87326017824213
9105,41.903625182781845,12.515746760074018,-135.06433033292967
9106,41.903623800601856,12.515745680340418,-133.27655477285575
9107,41.90362241893443,12.515744614243939,-131.49995301908547
9108,41.903620996032764,12.515743604705122,-129.71141431284718
9109,41.90361950976788,12.515742660373112,-127.92268756609175
9110,41.903617982349765,12.51574186611393,-126.1491226292163
9111,41.90361644799542,12.515741057514262,-124.39066996557803
9112,41.903614860518395,12.51574030388856,-122.65273803628529
9113,41.90361321569173,12.515739582915641,-120.93469267866476
9114,41.903611546036345,12.515738947133851,-119.24325116898696
9115,41.90360987833308,12.515738371340277,-117.60857185610742
9116,41.903608229429906,12.515737800433111,-116.01466263344199
9117,41.90360651042193,12.515737283145866,-114.45143894543824
9118,41.90360477497885,12.515736818944838,-112.9064715206976
9119,41.90360306094378,12.515736435449094,-111.3770778478724
9120,41.90360134489762,12.51573605128675,-109.87848838327739
9121,41.903599592899326,12.515735727379905,-108.39240817679142
9122,41.90359785996674,12.515735415085288,-106.91666461148188
9123,41.90359613267079,12.515735195968984,-105.45195872902556
9124,41.903594388822846,12.515735012711996,-103.9991257386626
9125,41.90359266051375,12.515734862143253,-102.59775138536385
9126,41.903590884275864,12.515734752428335,-101.22099035269184
9127,41.90358907713145,12.515734668015371,-99.86572082922574
9128,41.903587259571445,12.515734617943579,-98.531843985745
9129,41.903585425549096,12.515734606881047,-97.2116278048613
9130,41.903583571541276,12.515734684718566,-95.91171886316313
9131,41.90358170863983,12.515734786632464,-94.63390491328681
9132,41.90357986164501,12.515734928927191,-93.36352953627595
9133,41.90357799722893,12.515735120236304,-92.1203149468428
9134,41.90357612771743,12.515735378636743,-90.89306791765638
9135,41.90357424106954,12.515735732325835,-89.6910397137158
9136,41.90357235372038,12.51573607427439,-88.51218581460597
9137,41.9035704131191,12.515736475528838,-87.35106927387177
9138,41.90356851526936,12.515736901413524,-86.21026631612084
9139,41.903566586700215,12.515737384813548,-85.08847540888186
9140,41.90356468573168,12.515737872118443,-83.98767052894843
9141,41.9035627590854,12.515738444383265,-82.93708902839451
9142,41.90356080686864,12.515739033049986,-81.90526735594698
9143,41.90355888029366,12.515739694028476,-80.91426895413422
9144,41.903556903272964,12.515740392779259,-79.95868646119412
9145,41.903554923977566,12.515741166999032,-79.04843878226315
9146,41.90355295194113,12.515741945819192,-78.20409974493363
9147,41.90355099583488,12.515742758641487,-77.41265808784911
9148,41.90354899891979,12.515743584472725,-76.68347852399606
9149,41.903546987633746,12.515744462455405,-75.99725840389965
9150,41.90354496958001,12.515745331867258,-75.35377800813764
9151,41.90354293482782,12.515746216878911,-74.74294722043042
9152,41.90354087072691,12.515747147422777,-74.15473008078585
9153,41.90353883450023,12.515748074763152,-73.60093097203874
9154,41.90353676845199,12.515749063657008,-73.06271708126735
9155,41.903534713232915,12.515750056947464,-72.54512660343696
9156,41.90353259304536,12.51575109319873,-72.03915414552411
9157,41.90353051421887,12.515752157491699,-71.5364125131629
9158,41.90352842562,12.515753231158113,-71.05167436271282
9159,41.90352630100882,12.515754357486172,-70.58558534531392
9160,41.90352419861782,12.51575549122243,-70.12931426120421
9161,41.903522086860214,12.51575663401172,-69.69702255809534
9162,41.903520007523916,12.515757806253946,-69.25780562254855
9163,41.90351787759607,12.515759042420619,-68.85602747160662
9164,41.90351570290726,12.515760299412312,-68.44210794769377
9165,41.90351356067034,12.515761570825168,-68.05174335646277
9166,41.903511402216715,12.5157628763193,-67.6857632417212
9167,41.90350923926672,12.515764173323275,-67.34659790784416
9168,41.90350710145501,12.515765505549963,-67.02606390432906
9169,41.903504926271665,12.515766854191575,-66.73725727691338
9170,41.90350274820542,12.515768224226372,-66.4666753026336
9171,41.90350054358185,12.51576960541834,-66.21968320142794
9172,41.903498341273696,12.515771000394876,-65.98455221849267
9173,41.90349615028787,12.515772385905063,-65.78146468675936
9174,41.90349392932453,12.515773809440399,-65.58716281587185
9175,41.90349171479872,12.515775234976722,-65.42145043411304
9176,41.9034895131009,12.515776638068758,-65.28751470163714
9177,41.90348725265349,12.515778103525047,-65.15704840706435
9178,41.90348501594742,12.515779570375877,-65.06820469359297
9179,41.90348276326508,12.515781004833565,-64.99152832993134
9180,41.90348048102346,12.51578246335705,-64.94749017151557
9181,41.90347819971501,12.515783900098564,-64.91434822470967
9182,41.90347588644879,12.515785348917905,-64.90322278453938
9183,41.903473606788104,12.515786781407181,-64.89193435135941
9184,41.90347129448046,12.515788243084973,-64.89116151370062
9185,41.90346899904508,12.515789704774818,-64.89927504101324
9186,41.90346665450153,12.515791203803607,-64.91277499956814
9187,41.90346427797294,12.515792698971964,-64.9285304887471
9188,41.90346190758098,12.515794175021126,-64.97343328662342
9189,41.90345951247256,12.51579565428602,-65.02473898606684
9190,41.90345713901267,12.51579711250071,-65.0734467115667
9191,41.903454729911275,12.515798587928206,-65.12340972772988
9192,41.903452335056855,12.515800059507546,-65.16284746689904
9193,41.90344993306174,12.515801546854346,-65.21396119000443
9194,41.90344747958934,12.515803056091624,-65.25985562943916
9195,41.903445036457846,12.515804571340295,-65.31500513781648
9196,41.90344258199532,12.515806085134082,-65.35873853301409
9197,41.90344012739425,12.51580757660113,-65.4102487882036
9198,41.90343767658552,12.515809101543608,-65.45986569602046
9199,41.903435183213496,12.515810612018717,-65.51746372693158
9200,41.903432709678526,12.515812119663387,-65.56564443147693
9201,41.9034301986854,12.515813646797149,-65.6174180353569
9202,41.90342765093152,12.515815209500355,-65.66548502216757
9203,41.90342511860091,12.515816761947972,-65.7122836138649
9204,41.9034225786449,12.515818327045844,-65.76103371596467
9205,41.903420053745904,12.515819836433717,-65.81670601249841
9206,41.90341753107237,12.51582138384688,-65.86906032357099
9207,41.90341493628518,12.515822941287809,-65.91548784421107
9208,41.9034123831066,12.515824478460571,-65.96966797967205
9209,41.903409827839866,12.515825994640599,-66.02289494967476
9210,41.903407255574294,12.515827536415168,-66.07429238784663
9211,41.90340469323801,12.515829050080386,-66.12402594228563
9212,41.90340211485783,12.51583056327607,-66.16480996704425
9213,41.90339951067906,12.515832103925744,-66.21743722175457
9214,41.90339691851027,12.515833633784226,-66.2620817719616
9215,41.90339430308601,12.515835161280258,-66.31557258794042
9216,41.90339168730754,12.515836692870128,-66.36082237578033
9217,41.90338907579902,12.515838192464134,-66.41720314883983
9218,41.90338641307958,12.515839736336698,-66.46276747466413
9219,41.903383757607806,12.515841252834129,-66.50500079219609
9220,41.90338110923011,12.515842799224163,-66.54616836459087
9221,41.903378434797396,12.515844371651573,-66.58568568656388
9222,41.9033757690242,12.515845918450925,-66.62979749491822
9223,41.90337309779719,12.515847444251596,-66.67750007689644
9224,41.903370424769044,12.515848996858647,-66.71941204838998
9225,41.903367735514806,12.515850574415156,-66.76938879546977
9226,41.9033650519932,12.51585211046318,-66.8095995659049
9227,41.90336237907986,12.515853659745382,-66.8630223223834
9228,41.90335969521213,12.515855176796753,-66.91014917126293
9229,41.903357010932204,12.515856701289943,-66.96298209519817
9230,41.90335433110424,12.515858234442202,-67.00789868539584
9231,41.903351620125,12.515859749339775,-67.05686823588339
9232,41.90334890283912,12.515861284523572,-67.10586791559489
9233,41.90334620796454,12.515862804867774,-67.1578659134462
9234,41.90334350979763,12.51586431040505,-67.20836214283675
9235,41.90334072918236,12.515865860025906,-67.25895033632722
9236,41.90333796605865,12.515867393720354,-67.30773848918525
9237,41.903335216734604,12.515868892809959,-67.36157023839792
9238,41.903332459149404,12.515870433052307,-67.4120938665858
9239,41.90332972007859,12.515871928830245,-67.46556026076509
9240,41.90332695027844,12.515873457549327,-67.52283989507404
9241,41.90332418786477,12.515874966995394,-67.57688586916998
9242,41.90332145533175,12.515876480707748,-67.64971140427612
9243,41.90331865881989,12.515878042155984,-67.72232822571641
9244,41.903315928230306,12.515879532423561,-67.80220197965372
9245,41.90331311813463,12.515881034830011,-67.90151822362103
9246,41.90331035527575,12.515882531687078,-67.98980850723044
9247,41.903307567572675,12.515884025736385,-68.08992484005631
9248,41.90330476879632,12.515885513419686,-68.19934260460946
9249,41.90330196750849,12.515886992932911,-68.31053182609448
9250,41.90329917262892,12.515888449803871,-68.43175321316386
9251,41.90329635638463,12.515889926357717,-68.5387957526435
9252,41.90329356301338,12.515891371501784,-68.64563046279308
9253,41.90329074223798,12.51589281940583,-68.74775983094572
9254,41.90328794202529,12.51589425380448,-68.86089333082244
9255,41.903285132491035,12.515895672311434,-68.97023806233074
9256,41.90328229659479,12.515897116087697,-69.08754632558316
9257,41.90327949736737,12.515898509588911,-69.18702865640272
9258,41.90327664054484,12.515899934579574,-69.29292190763641
9259,41.90327382074634,12.51590133115333,-69.38933540386323
9260,41.90327100014166,12.515902723085098,-69.49772978669728
9261,41.903268183362805,12.515904106761253,-69.60255531905881
9262,41.90326531854124,12.515905506366831,-69.70444653556821
9263,41.9032624939998,12.515906866865478,-69.80404526688459
9264,41.90325965890975,12.51590824311033,-69.90612050119283
9265,41.90325682524391,12.515909614329667,-70.00684519679335
9266,41.9032539872418,12.515910974703436,-70.1016579777101
9267,41.90325114075396,12.51591231172161,-70.19816827060114
9268,41.90324830159534,12.515913639355286,-70.28060220459592
9269,41.90324541344198,12.515915000618083,-70.36766105304864
9270,41.90324255779349,12.51591631780446,-70.46812069876572
9271,41.90323970995494,12.515917642089299,-70.56361055924037
9272,41.903236840005896,12.515918935520633,-70.66085198513754
9273,41.903233951846595,12.51592024641556,-70.75096825316639
9274,41.90323108185121,12.515921524750663,-70.8295778951195
9275,41.90322821459907,12.515922835945513,-70.91835538388483
9276,41.903225365074896,12.515924107809152,-71.00822204268337
9277,41.90322251740305,12.51592541081784,-71.0853782428893
9278,41.903219638865885,12.51592672678706,-71.16635971209347
9279,41.903216779667375,12.515927984221381,-71.22950271922437
9280,41.903213918540125,12.515929278035568,-71.29695358480788
9281,41.90321105073277,12.515930562377521,-71.36474636059471
9282,41.90320821537631,12.515931793412713,-71.43198734131714
9283,41.90320537658502,12.515933033794798,-71.49729253947915
9284,41.90320248762211,12.515934290468405,-71.55614713732294
9285,41.90319963370015,12.515935534166214,-71.61620148843278
9286,41.903196753071335,12.515936791326087,-71.67183887370359
9287,41.90319388569581,12.515938057655463,-71.7096635076016
9288,41.90319103238335,12.51593928848361,-71.74833664514122
9289,41.903188150906175,12.515940528589063,-71.77933732205432
9290,41.90318530397581,12.515941754717998,-71.81790894498123
9291,41.90318244353035,12.515942977179744,-71.85999411127577
9292,41.903179577553935,12.515944209674235,-71.90282721801017
9293,41.90317673879674,12.515945436951522,-71.94953053175797
9294,41.903173915393225,12.515946666192317,-71.97756081028312
9295,41.903171039735156,12.515947906426593,-72.00339353034443
9296,41.90316823408031,12.515949113858523,-72.0376260329774
9297,41.90316538969077,12.515950331432336,-72.06640862468947
9298,41.90316258456267,12.515951526363317,-72.08629844673553
9299,41.903159754026674,12.515952729867172,-72.10479418646952
9300,41.903156943040976,12.515953936080505,-72.10919932214902
9301,41.90315417491792,12.515955143590592,-72.1187453132913
9302,41.9031513973329,12.51595632393381,-72.0972934886307
9303,41.903148601393326,12.51595755670622,-72.07397102065792
9304,41.90314587600114,12.515958730422582,-72.04431243025702
9305,41.90314310915342,12.51595993885268,-72.02194088067944
9306,41.90314042440063,12.515961133569045,-72.01447191862066
9307,41.903137714564195,12.515962328224958,-71.98475082546078
9308,41.90313501163798,12.515963530362363,-71.9689288683846
9309,41.90313233577153,12.515964725562709,-71.94037867071802
9310,41.90312966872926,12.515965936493789,-71.9181661278318
9311,41.903127068483435,12.515967115442487,-71.90102956916718
9312,41.903124415981274,12.515968281944534,-71.87553489218529
9313,41.90312184210037,12.515969461265879,-71.8521296947002
9314,41.90311928198219,12.515970597619901,-71.82344948773795
9315,41.90311667792433,12.515971778471727,-71.79809998879934
9316,41.903114178140584,12.515972884658202,-71.76242749289187
9317,41.90311166721669,12.515974006341413,-71.7175772171784
9318,41.90310918949249,12.515975139039421,-71.69067414274907
9319,41.90310674795897,12.515976234534671,-71.656059457881
9320,41.90310426774423,12.515977354919182,-71.62493550493868
9321,41.903101880839856,12.515978446652053,-71.59516774164602
9322,41.903099446099034,12.515979518359936,-71.5547413184216
9323,41.903097077740426,12.515980585509691,-71.51254264045757
9324,41.90309470288397,12.515981618068604,-71.46849110708163
9325,41.90309235574109,12.515982705841637,-71.42733059932084
9326,41.90309005661765,12.51598373706212,-71.38712799742505
9327,41.90308773907008,12.515984788011584,-71.34346547004307
9328,41.90308550078224,12.515985828171376,-71.29745618472136
9329,41.90308322091973,12.515986830740006,-71.2434491965676
9330,41.903081007725255,12.515987839718923,-71.1861212181375
9331,41.90307884093413,12.51598886835313,-71.13334978761297
9332,41.90307665356187,12.51598988898611,-71.06548525750347
9333,41.90307456805724,12.515990884488085,-71.00369742703049
9334,41.90307244205282,12.515991861189475,-70.93419767808246
9335,41.90307038372025,12.515992828880128,-70.84476592209796
9336,41.903068341065605,12.515993821147525,-70.7517540199465
9337,41.9030663170519,12.515994779899984,-70.6476231375156
9338,41.903064389270774,12.515995728321199,-70.55871814046533
9339,41.90306243217229,12.515996682583497,-70.47287364501999
9340,41.903060546741166,12.5159976083926,-70.39263756403905
9341,41.903058671104375,12.515998543932406,-70.31408450374364
9342,41.903056806861635,12.515999462844382,-70.22221081900207
9343,41.903054994059865,12.516000381442197,-70.12538783479285
9344,41.90305320542909,12.516001270917132,-70.01867025818407
9345,41.903051477320886,12.5160021542968,-69.91523068007524
9346,41.90304976421062,12.51600301085425,-69.80775289049686
9347,41.90304807282883,12.516003884053498,-69.70092883783758
9348,41.90304645097434,12.516004731261088,-69.58627746235045
9349,41.903044826571964,12.516005587098714,-69.46482553604879
9350,41.90304323599596,12.516006422413883,-69.34045483712437
9351,41.903041671722704,12.516007242966895,-69.19469706386093
9352,41.90304013311466,12.516008091365396,-69.03326299196183
9353,41.90303866759201,12.516008895568826,-68.86952956879452
9354,41.903037158155286,12.51600969418115,-68.69932545402789
9355,41.90303575894607,12.516010495644267,-68.51925966258585
9356,41.90303435893098,12.516011307951445,-68.33363800179508
9357,41.90303298826236,12.516012116685896,-68.14373924757253
9358,41.90303167696701,12.516012873570588,-67.95160435176297
9359,41.903030357615066,12.516013609557186,-67.76620791906504
9360,41.9030291141363,12.51601435309285,-67.56891506999857
9361,41.903027867281814,12.51601511619209,-67.35156673426468
9362,41.903026637386056,12.516015860135026,-67.12122346247358
9363,41.90302546510548,12.516016581503589,-66.88866237190818
9364,41.903024298811445,12.516017310455169,-66.6407614534815
9365,41.90302319394923,12.516018053355287,-66.3941590345691
9366,41.90302210294878,12.516018785885267,-66.1444693635552
9367,41.90302099617195,12.516019512239547,-65.90122609331802
9368,41.90301992784937,12.516020257398882,-65.6508425635432
9369,41.90301883932852,12.516020996775676,-65.3858380601565
9370,41.90301777608148,12.51602173312833,-65.12367691236679
9371,41.90301669889843,12.516022468294821,-64.85543875519612
9372,41.903015630617084,12.516023248743005,-64.5814815377255
9373,41.90301456566168,12.516024005573106,-64.29464403284449
9374,41.903013477070594,12.516024759765255,-63.99567964711305
9375,41.90301242507896,12.516025538667861,-63.67869026478392
9376,41.903011369914125,12.516026311088641,-63.33884408577405
9377,41.903010317072955,12.516027096050383,-62.97944363905605
9378,41.90300929791606,12.516027888559403,-62.5888977361712
9379,41.90300826821581,12.516028704270383,-62.17425274359733
9380,41.90300727058972,12.516029546034755,-61.73653694245707
9381,41.90300627583379,12.516030386474771,-61.271740943796615
9382,41.90300529544774,12.516031250141436,-60.77829067652083
9383,41.90300432491536,12.516032106420097,-60.25914061721178
9384,41.90300338280924,12.516033004715236,-59.717135456844844
9385,41.90300247272656,12.516033882291774,-59.15359280987232
9386,41.9030015284884,12.51603481422078,-58.55648369651403
9387,41.90300064929822,12.516035746191218,-57.93450829692027
9388,41.90299977108899,12.516036675188618,-57.279569766806446
9389,41.902998946096716,12.516037628063863,-56.591192281326016
9390,41.90299809841554,12.516038564377224,-55.87028437251521
9391,41.90299728184197,12.516039547577993,-55.10627811890999
9392,41.90299651019438,12.516040547520005,-54.309109489103754
9393,41.90299574930826,12.51604154971067,-53.493560868505966
9394,41.902994995552035,12.516042560834219,-52.64921374270953
9395,41.902994281511674,12.51604359716736,-51.76573186693503
9396,41.902993536642555,12.516044677187523,-50.83532544740852
9397,41.9029928619475,12.516045806512572,-49.872268175082965
9398,41.902992160577895,12.516046975826557,-48.888740940230974
9399,41.902991491028565,12.516048153854658,-47.89901155524086
9400,41.90299083470478,12.516049347027971,-46.8893301407435
9401,41.9029901712688,12.516050566840189,-45.85623560785159
9402,41.90298952479562,12.516051808577641,-44.78476756693304
9403,41.9029889256015,12.516053094833566,-43.67389760882773
9404,41.90298835015853,12.516054386342066,-42.53319922450872
9405,41.90298778761275,12.516055705207519,-41.36395319040074
9406,41.90298724377034,12.516057075692022,-40.17738408065199
9407,41.90298673265772,12.516058446382377,-38.977522080548276
9408,41.90298621539119,12.516059895216877,-37.763167893177226
9409,41.90298573249539,12.516061361142881,-36.52861298872776
9410,41.902985236720056,12.5160628860413,-35.25868688138573
9411,41.90298476934096,12.516064424112281,-33.96760560483491
9412,41.90298433683909,12.51606598864494,-32.66236188947732
9413,41.902983915618904,12.516067602582917,-31.350704084561663
9414,41.90298355227694,12.516069221524708,-30.021534774237615
9415,41.9029831899451,12.516070852101205,-28.68336560677827
9416,41.90298286964936,12.516072524685535,-27.333257292566643
9417,41.90298257106893,12.516074237294983,-25.96481535641506
9418,41.9029823028176,12.516075983839166,-24.582671040359013
9419,41.90298204425202,12.51607772279282,-23.19367533052051
9420,41.902981825587574,12.516079519908686,-21.80199411555858
9421,41.90298161851622,12.516081312315853,-20.40374863992774
9422,41.902981446388736,12.516083125646798,-19.020617489845193
9423,41.90298132207392,12.516084934832024,-17.642635645615584
9424,41.90298121324614,12.516086763815993,-16.29560560493105
9425,41.902981119787306,12.51608864437809,-14.957713694780505
9426,41.9029810666693,12.516090486562994,-13.640564355121546
9427,41.9029810388183,12.516092353694814,-12.332954469848266
9428,41.90298102179042,12.516094252291756,-11.042996068401946
9429,41.90298105354525,12.516096143655739,-9.771482217786575
9430,41.90298107738492,12.516098062172603,-8.524886499908867
9431,41.902981164518756,12.51610001353995,-7.295329437127324
9432,41.90298125764837,12.516101941769298,-6.087345183444635
9433,41.90298137095507,12.516103878529453,-4.912629179864956
9434,41.90298151536464,12.516105847716755,-3.7593800603742755
9435,41.90298164189266,12.516107830696788,-2.610244690465107
9436,41.902981800781646,12.516109839443551,-1.4816211689776666
9437,41.90298198786559,12.516111873531685,-0.34378127361007776
9438,41.90298221876864,12.516113921674263,0.7840815089464898
9439,41.90298249469699,12.516115941446152,1.919078638713669
9440,41.902982810954235,12.51611799184112,3.040950689179365
9441,41.902983162355746,12.516120054075026,4.157622400094822
9442,41.90298353476045,12.516122087017457,5.268708716414802
9443,41.90298394944941,12.516124116593499,6.336006594862031
9444,41.90298438113242,12.516126172154827,7.378376025330594
9445,41.90298481977641,12.516128259736345,8.394796437530356
9446,41.902985313445434,12.516130350430261,9.386486487216684
9447,41.90298579393469,12.516132478687723,10.354650733589077
9448,41.902986327192544,12.516134577924117,11.277138486177988
9449,41.902986839860226,12.516136682632288,12.172355026931136
9450,41.90298740011759,12.516138794729317,13.026984164350964
9451,41.902987968563906,12.516140928020246,13.84922035787255
9452,41.902988551362455,12.51614309423274,14.660278452893852
9453,41.90298916826262,12.516145270442172,15.431390104311896
9454,41.902989750465245,12.516147469998351,16.173883647920402
9455,41.90299040348116,12.516149627687106,16.82601905221873
9456,41.90299108232258,12.516151751416787,17.46568428410451
9457,41.90299178995469,12.51615390158429,18.073455324461257
9458,41.90299247051624,12.51615614760094,18.64198318666336
9459,41.9029932055866,12.516158394155843,19.184508110903273
9460,41.90299394759289,12.516160682438587,19.678598730858194
9461,41.902994696497586,12.516162966319584,20.140566504337862
9462,41.902995424552515,12.516165307798621,20.556829051367014
9463,41.90299620810611,12.516167688374777,20.969682190800167
9464,41.90299698770679,12.516170025742817,21.382302262730875
9465,41.902997761095925,12.516172401487442,21.749014397215976
9466,41.90299855853349,12.516174758253465,22.115243367726897
9467,41.90299932070192,12.516177179224478,22.47073021807459
9468,41.90300015283005,12.516179571297156,22.78306318074678
9469,41.90300104643099,12.516182030678436,23.094123984232283
9470,41.90300194823963,12.516184428247872,23.391135682207018
9471,41.9030028371238,12.516186852340889,23.68188540741306
9472,41.90300376036118,12.516189251694565,23.97803241903439
9473,41.903004643618665,12.516191743479597,24.209752836096314
9474,41.903005594985316,12.516194166988438,24.45368673826777
9475,41.903006451141266,12.516196598176366,24.61356198092843
9476,41.90300741634336,12.516199189813499,24.80686100122765
9477,41.903008236367974,12.516201767556991,24.972331574127715
9478,41.903009147609986,12.516204338245657,25.091402865191146
9479,41.903010018734435,12.516206869572882,25.247223255879224
9480,41.90301097776146,12.51620946992125,25.324260458365153
9481,41.90301193633411,12.516212048701892,25.382432055388158
9482,41.90301289091126,12.516214638758646,25.416469940960393
9483,41.9030138928903,12.516217262453994,25.457011646905787
9484,41.90301484197051,12.516219853712796,25.554460440980947
9485,41.90301581687847,12.516222514980594,25.56644379115298
9486,41.90301675519464,12.516225172700649,25.60497604500516
9487,41.90301772511252,12.51622792739268,25.57260250562748
9488,41.903018713528496,12.516230742172363,25.53736163310281
9489,41.903019673364696,12.516233535717623,25.52014288710322
9490,41.90302068184767,12.51623640512152,25.463715479900106
9491,41.90302167796359,12.516239179973686,25.472128092240144
9492,41.90302268322203,12.516242048400377,25.429891942212507
9493,41.90302364327623,12.516244798678589,25.40874664799394
9494,41.903024636158186,12.516247569504392,25.387742045934825
9495,41.90302562575362,12.516250337886014,25.33503749419147
9496,41.90302659773897,12.516253088259278,25.305568295766843
9497,41.9030275850386,12.516255885727947,25.22782277122724
9498,41.903028541408794,12.516258617201096,25.17114399231952
9499,41.90302951337938,12.516261391451895,25.11697378311002
9500,41.903030492856985,12.51626418398381,25.011749687933676
9501,41.903031443292136,12.516266961188567,24.93647875743262
9502,41.903032382721165,12.516269784959306,24.8205084211963
9503,41.90303331755381,12.516272567019783,24.722965484695592
9504,41.90303425032221,12.516275387478744,24.62639634651139
9505,41.903035182501505,12.516278231212551,24.522266283144752
9506,41.90303614551863,12.516281080121754,24.439405022872396
9507,41.90303706519087,12.516283930118455,24.33130360718048
9508,41.90303799159797,12.516286736991768,24.23649894637295
9509,41.903038927032874,12.516289561709486,24.152806648796854
9510,41.90303988014282,12.516292447080623,24.044418089433474
9511,41.9030408065463,12.516295340145872,23.948049199391725
9512,41.9030417332532,12.516298241129286,23.864322247106205
9513,41.90304266557663,12.516301143842718,23.683567548356653
9514,41.90304357877276,12.516303932702396,23.606467587513894
9515,41.90304453044119,12.516306795626521,23.49200764409667
9516,41.90304542740407,12.51630954960649,23.43419065241399
9517,41.903046367822725,12.516312443472469,23.326567129698397
9518,41.90304731801871,12.516315414973674,23.239048039634156
9519,41.903048281672135,12.516318469586984,23.144813146814904
9520,41.90304921516197,12.516321529094357,23.044324138763937
9521,41.90305010642969,12.516324511238412,22.963678056860022
9522,41.90305101142819,12.516327541217368,22.929315557285623
9523,41.903051948721576,12.516330630408047,22.879374502639255
9524,41.90305294125532,12.516333720817894,22.824795984216355
9525,41.90305391867794,12.516336793733187,22.777623752256545
9526,41.90305491824252,12.516339962942212,22.702578630267897
9527,41.903055865527,12.516343044795615,22.63697303319594
9528,41.9030568284744,12.51634612345621,22.535755554505428
9529,41.90305776755053,12.516349201765564,22.460165998309172
9530,41.903058697361175,12.516352332195885,22.353883267064983
9531,41.903059645656455,12.516355453187735,22.295664531502496
9532,41.90306059575429,12.516358657591882,22.24639776606485
9533,41.90306156578341,12.516361829890336,22.204230816374793
9534,41.90306252320742,12.516365040776323,22.207782238262364
9535,41.90306345130204,12.516368318293349,22.17315710929832
9536,41.90306441512663,12.516371601864243,22.139540958810304
9537,41.903065421331995,12.516374898643289,22.096909386879293
9538,41.90306640457363,12.51637817582919,22.076246183383958
9539,41.90306739144513,12.51638144657275,22.041385527800188
9540,41.90306842126545,12.516384702364048,22.01036771493925
9541,41.903069428944896,12.516387976978304,21.998163509601056
9542,41.9030704363905,12.516391356465835,21.97159327445684
9543,41.90307146220905,12.516394685541147,21.93074805414034
9544,41.903072472175225,12.516398055270036,21.931594778200633
9545,41.90307349875693,12.516401465705432,21.882900918661132
9546,41.903074517539274,12.516404885578336,21.864842408958086
9547,41.90307556099538,12.516408333096685,21.818650428048148
9548,41.903076605008756,12.516411798117366,21.798378543087146
9549,41.903077648489194,12.516415319038407,21.749701989135815
9550,41.903078708277455,12.516418845292693,21.713760660143986
9551,41.90307977452856,12.516422335832571,21.67854113155045
9552,41.90308082585118,12.51642586213862,21.629255470757517
9553,41.90308187927207,12.516429371321662,21.604065463067027
9554,41.903082948460316,12.51643295588627,21.560176952399015
9555,41.90308399385477,12.516436517525406,21.526747344814403
9556,41.90308506071162,12.516440109696848,21.501777814034167
9557,41.90308614349792,12.516443763111885,21.46454802248416
9558,41.90308724390434,12.516447383203229,21.42316096809098
9559,41.903088328133,12.516451062669619,21.386243282788765
9560,41.903089427187496,12.516454748899944,21.35559000478678
9561,41.90309049587099,12.516458444996008,21.317604294641807
9562,41.90309157361129,12.516462190881924,21.282086930478123
9563,41.90309265374946,12.516465945111197,21.211300939497104
9564,41.90309375238056,12.516469679351115,21.161681500648967
9565,41.90309485499089,12.516473409068823,21.08734140211877
9566,41.90309593050692,12.516477192918144,21.03646655700096
9567,41.90309702248583,12.51648103126539,20.972089949866458
9568,41.9030981497237,12.516484860356124,20.90916039321333
9569,41.90309923096631,12.516488703979087,20.836551850789377
9570,41.90310032357024,12.516492568179846,20.768156216791184
9571,41.90310140301439,12.516496453142594,20.69664352671872
9572,41.90310252307445,12.516500362349175,20.62832366524538
9573,41.90310362860045,12.516504307161226,20.54311330385983
9574,41.903104740033484,12.516508239350527,20.453559926859157
9575,41.90310582349696,12.516512180254628,20.374385659818703
9576,41.9031068838399,12.516516132107084,20.2885155981725
9577,41.903107984631454,12.516520089755295,20.203423035233765
9578,41.90310909462404,12.516524055374116,20.140377650447594
9579,41.90311020045765,12.516528052784677,20.04721421326415
9580,41.903111299742136,12.516532045314364,19.963962150376574
9581,41.90311238324524,12.51653608047136,19.876168073741276
9582,41.90311346355307,12.516540122228152,19.79047627200125
9583,41.903114531966224,12.516544136638785,19.71362470114877
9584,41.90311563236395,12.516548163907514,19.620236517590133
9585,41.90311670111378,12.516552218250512,19.5374450434602
9586,41.90311778641888,12.516556301687789,19.438291950563535
9587,41.90311882773432,12.516560394350043,19.35736074385819
9588,41.90311989074887,12.516564492392215,19.279978729282966
9589,41.90312097005465,12.516568591972446,19.193538401745116
9590,41.90312204825083,12.516572712442443,19.101296158649482
9591,41.90312312824303,12.516576891600502,19.005673283691824
9592,41.90312420693985,12.516581058832593,18.904800735042734
9593,41.90312525621972,12.516585187938084,18.828959495446593
9594,41.903126314468985,12.516589349872863,18.722010386242104
9595,41.9031273575767,12.516593498059157,18.638291651853322
9596,41.903128397760476,12.516597697064775,18.537438252149187
9597,41.90312941739753,12.516601875229776,18.423342682468054
9598,41.903130473911986,12.516606025172171,18.332065525829556
9599,41.903131527253265,12.516610234775763,18.23689762601869
9600,41.90313251851431,12.516614400221581,18.134875335370708
9601,41.9031335412076,12.516618636825621,18.02694211164236
9602,41.90313455085935,12.516622849277969,17.921480875106077
9603,41.90313557632353,12.516627082375491,17.8236365226466
9604,41.90313658344193,12.51663137374943,17.69298510275652
9605,41.90313762551498,12.516635641120754,17.573788198865987
9606,41.903138626949605,12.516639911280881,17.456688751765732
9607,41.90313962522279,12.516644171970327,17.34750722659934
9608,41.90314063131477,12.516648451314133,17.229811151117637
9609,41.903141609415194,12.516652754916011,17.10965130388571
9610,41.90314256671619,12.516657041419796,16.98949194276447
9611,41.903143528773306,12.516661321993572,16.866460732467893
9612,41.903144501703586,12.516665663060166,16.744800372511413
9613,41.90314548530476,12.516669989956691,16.612231554431446
9614,41.903146427199836,12.516674286446875,16.489101101545614
9615,41.903147368765296,12.516678591916003,16.374853171001583
9616,41.90314829720291,12.516682967918321,16.25859693218814
9617,41.90314923449582,12.516687332869402,16.13704376333283
9618,41.903150150357696,12.516691709745228,16.01696422059638
9619,41.903151082805174,12.516696078292384,15.888592695261973
9620,41.903151971513424,12.516700483074196,15.770841370924728
9621,41.903152861202905,12.516704860653471,15.650520965975643
9622,41.903153766132135,12.51670924497953,15.527451882382644
9623,41.90315465705402,12.516713625589913,15.409457760025937
9624,41.903155537018726,12.516718034225946,15.29351890246447
9625,41.90315640104475,12.51672246662364,15.164823778112279
9626,41.903157257876074,12.516726882303812,15.060552408415791
9627,41.903158117056016,12.516731294106844,14.945808281187576
9628,41.903158955505866,12.516735708067436,14.8261225128078
9629,41.90315976302211,12.516740173172154,14.722113917823837
9630,41.9031606044285,12.516744563943332,14.588908149036506
9631,41.90316146533873,12.516748935809822,14.485086183192763
9632,41.90316231708141,12.516753331923411,14.359670832803864
9633,41.90316313937155,12.516757743531398,14.245890132499813
9634,41.90316392175363,12.516762138682056,14.149283783897067
9635,41.903164719051134,12.51676652530657,14.038739652343668
9636,41.90316551137404,12.51677089160317,13.923508955902694
9637,41.903166311804576,12.51677530135997,13.793941409152401
9638,41.90316709109213,12.516779650234122,13.67069763617712
9639,41.903167850581006,12.51678401034597,13.55164291591056
9640,41.903168624472336,12.516788345864631,13.421544671301927
9641,41.90316939447997,12.516792667327454,13.313935119218835
9642,41.90317013600575,12.516797066977713,13.18147681680327
9643,41.903170875863296,12.516801404283227,13.068039678424233
9644,41.90317159044643,12.516805809534704,12.954476001016255
9645,41.90317231901937,12.516810180137055,12.821020109053975
9646,41.903173028371896,12.51681455868317,12.69660865238685
9647,41.90317372700278,12.516818901494668,12.565935078470412
9648,41.903174405673376,12.516823206669473,12.436362751823046
9649,41.9031751033454,12.516827546383753,12.317753283607681
9650,41.903175817088304,12.516831872367884,12.193718618060664
9651,41.90317649030396,12.516836189910595,12.071724817179973
9652,41.903177148250016,12.516840500199981,11.930271592921548
9653,41.90317782841553,12.516844811355659,11.801767496186702
9654,41.90317850359442,12.516849098403714,11.676922949154815
9655,41.90317915377037,12.516853377586838,11.562296756948008
9656,41.90317978788832,12.516857678004252,11.454822744576044
9657,41.903180450545946,12.51686196746384,11.316230978895529
9658,41.903181067050866,12.516866229910947,11.192059915111265
9659,41.90318167427384,12.516870533751648,11.073031778783472
9660,41.903182291354156,12.5168748035388,10.943795219316943
9661,41.90318290775411,12.516879066615928,10.812224787164338
9662,41.90318352786358,12.516883290853393,10.678508096129729
9663,41.90318412134078,12.516887507718955,10.569998804134247
9664,41.90318472327329,12.516891780146523,10.444016142441441
9665,41.90318528753356,12.516895991064366,10.302853091625112
9666,41.903185842949874,12.516900227158798,10.179583101375783
9667,41.903186402334605,12.516904465402657,10.046338892522769
9668,41.90318694410248,12.516908682445116,9.899112190859626
9669,41.90318747194133,12.516912918789792,9.753898526673595
9670,41.90318798092983,12.516917113726613,9.631278183824689
9671,41.903188506435804,12.516921326316508,9.491195777494795
9672,41.90318898938193,12.516925497744788,9.37054801249976
9673,41.9031894591854,12.516929690497415,9.237368976853116
9674,41.90318992388178,12.516933890743175,9.115603598093506
9675,41.90319040004814,12.516938096956814,8.976121384742386
9676,41.90319085619449,12.516942326071899,8.837006922351913
9677,41.903191285306555,12.516946482439552,8.699306158021482
9678,41.903191721083964,12.51695064948971,8.581537283179085
9679,41.903192173713066,12.516954822106761,8.447876777726448
9680,41.90319258707449,12.516958990289808,8.315926160346944
9681,41.90319300182938,12.516963175900976,8.187559460145971
9682,41.90319340005434,12.516967347094946,8.052857067397392
9683,41.903193774693385,12.51697151444788,7.945925277649204
9684,41.903194169565054,12.516975650159246,7.8146327626580225
9685,41.903194568915296,12.516979759420858,7.689014764165676
9686,41.903194947690274,12.516983895107682,7.560776382876317
9687,41.903195336625195,12.516987996997669,7.436264992054771
9688,41.903195655762005,12.516992163088618,7.321247291326709
9689,41.903196013160375,12.516996322203662,7.202706956992934
9690,41.903196366262456,12.517000350149909,7.0822515719130585
9691,41.90319671983997,12.517004368874398,6.99209658137158
9692,41.903197072367554,12.517008378860517,6.890423074703076
9693,41.90319741378393,12.517012384916388,6.838158495527413
9694,41.903197800983435,12.51701646454576,6.77175570742457
9695,41.90319814916856,12.517020487214635,6.731837826968384
9696,41.90319845424303,12.51702450653521,6.682840112858782
9697,41.903198790565526,12.517028579251727,6.62011654673241
9698,41.90319912193085,12.517032670074318,6.556436994256455
9699,41.90319948562941,12.517036754774866,6.4866085406600185
9700,41.90319984118227,12.51704083321511,6.406113858855979
9701,41.90320017637777,12.517044822472485,6.3558962960553425
9702,41.90320052190843,12.517048886114763,6.315855296714505
9703,41.90320087912904,12.517052919811077,6.304507052065115
9704,41.90320120640101,12.517056925864743,6.297243843540875
9705,41.90320153181688,12.517060896045544,6.264262689978089
9706,41.90320185919605,12.517064859935635,6.2374108799920895
9707,41.90320217806108,12.517068794469283,6.205949186284765
9708,41.9032025079269,12.517072778643904,6.174031468933932
9709,41.90320283314713,12.517076723125076,6.144375317774181
9710,41.90320317704021,12.51708076691342,6.099089945875855
9711,41.90320352720379,12.517084742219469,6.059431928511677
9712,41.90320383313115,12.517088758903634,6.026085164142824
9713,41.90320416320534,12.51709281735603,5.988334075936353
9714,41.903204453294656,12.517096784912754,5.964841210797223
9715,41.90320474202924,12.517100849812023,5.925161229991891
9716,41.903205065965736,12.517104841782023,5.887828785790939
9717,41.90320534778506,12.517108838066124,5.843907300621986
9718,41.90320565217248,12.517112857799335,5.808859898761542
9719,41.90320592313847,12.517116849633554,5.777973619161265
9720,41.903206214082964,12.517120824472402,5.744284208638159
9721,41.90320649273932,12.517124821356012,5.708038015627222
9722,41.90320675841715,12.517128854219036,5.6818405550002575
9723,41.90320698757062,12.517132923635499,5.636057669074637
9724,41.90320721554569,12.517136939379856,5.60899072100311
9725,41.90320747456003,12.51714101342944,5.5869416195817205
9726,41.903207755282764,12.517144978954097,5.542482726764732
9727,41.90320798621749,12.517148992405083,5.503285250544746
9728,41.903208248072,12.517153040785665,5.444965233028406
9729,41.90320848952276,12.517157077862988,5.39421953602464
9730,41.90320871995747,12.517161078872796,5.34684545464972
9731,41.90320898590619,12.517165021732264,5.295560513920342
9732,41.903209254254485,12.517169000255116,5.245237536610088
9733,41.90320957835538,12.517172958325181,5.193467418112373
9734,41.90320987008574,12.51717695979627,5.14535006631586
9735,41.90321014994781,12.517180969622046,5.09011270111605
9736,41.90321040947691,12.517184997828377,5.044502784166115
9737,41.903210667754266,12.517189036309748,4.992746384561877
9738,41.903210928266546,12.51719306139523,4.942245882333973
9739,41.90321120291174,12.517197110395657,4.882351027076139
9740,41.90321147968714,12.517201174706395,4.806866917375722
9741,41.903211768135044,12.517205180640117,4.759336477644205
9742,41.903212031213165,12.517209259367759,4.70432657248581
9743,41.90321228013167,12.517213289216913,4.654043790556051
9744,41.903212511704375,12.517217343135222,4.602601342427031
9745,41.90321275373933,12.517221363807701,4.544217790206049
9746,41.90321298136313,12.517225419190224,4.479792776599078
9747,41.90321318423877,12.517229462595976,4.431420895654449
9748,41.90321342349299,12.517233452008094,4.381782778634956
9749,41.90321364660394,12.517237474580236,4.319623717187431
9750,41.90321385469907,12.517241433804,4.2557193535871845
9751,41.90321405835039,12.517245454876539,4.187407751800063
9752,41.90321427798576,12.517249421826396,4.093743362307077
9753,41.903214474512694,12.517253379660174,3.987194157388487
9754,41.90321467481122,12.517257355201277,3.858453393950641
9755,41.90321486925952,12.517261319890775,3.7418907138632522
9756,41.903215040014224,12.517265250446801,3.6299416480695124
9757,41.90321519100273,12.517269182265624,3.5245849311266917
9758,41.90321534851478,12.51727311430885,3.413068789543844
9759,41.90321551910484,12.517277030340534,3.2957426673594177
9760,41.90321566265913,12.51728094286227,3.184208404238277
9761,41.90321580312147,12.517284847394388,3.081040664925255
9762,41.90321592115979,12.517288725194739,2.9764766576477553
9763,41.90321605901632,12.517292626837493,2.896869589258796
9764,41.90321618970181,12.517296474267384,2.8102975753871626
9765,41.903216302314895,12.517300341192813,2.7281831778002594
9766,41.903216427742805,12.517304178730017,2.642590240897839
9767,41.90321652073254,12.517308026471403,2.5663757956647077
9768,41.90321661494515,12.517311856428497,2.4774250266130564
9769,41.903216697026636,12.517315694974355,2.3826677668099667
9770,41.90321678670556,12.51731947395389,2.300884181213341
9771,41.90321687190069,12.517323314265418,2.205605780703066
9772,41.90321696156349,12.51732713774533,2.119068466268653
9773,41.90321704637781,12.517331020446026,2.0355945976666376
9774,41.90321714035514,12.51733488581902,1.9495060353206715
9775,41.90321719950561,12.517338733498162,1.872246304876009
9776,41.90321725893859,12.51734263653609,1.783014485180167
9777,41.90321732491554,12.51734648835458,1.704007447108024
9778,41.90321738173217,12.517350357398234,1.6328589150992434
9779,41.90321742154441,12.517354199827997,1.5691238262730929
9780,41.90321748772641,12.517358056845081,1.4978843349435391
9781,41.90321753776392,12.517361912279254,1.4260771353894115
9782,41.90321759886372,12.517365760091781,1.370571247793019
9783,41.90321763292396,12.517369590528377,1.3132471898237759
9784,41.90321769083435,12.517373483250076,1.2683481850142282
9785,41.90321774682149,12.517377300587704,1.227806414331659
9786,41.903217799136996,12.517381133309868,1.1832756494747094
9787,41.903217861631475,12.51738492937877,1.147945439557257
9788,41.90321793672724,12.517388746020496,1.1057836812419293
9789,41.9032180026922,12.517392569964587,1.0657093593354956
9790,41.90321808838963,12.517396353506134,1.0345575574928174
9791,41.90321818637718,12.517400170500348,0.9758448118889143
9792,41.903218267305355,12.51740402862962,0.9228975762174292
9793,41.903218346226446,12.517407881812922,0.8605738294035815
9794,41.90321842962639,12.517411739527851,0.807056147660079
9795,41.90321851351206,12.517415515959563,0.758420581462835
9796,41.903218598062324,12.517419274537883,0.7049713233652479
9797,41.9032186572622,12.517423009299803,0.6471672888607428
9798,41.90321873632,12.517426710219697,0.595700894002894
9799,41.90321880319734,12.517430415295822,0.5426867197271973
9800,41.90321886446888,12.517434052846493,0.5045567915866436
9801,41.903218913791825,12.517437714195921,0.46065390106639426
9802,41.90321896369342,12.51744134852037,0.42026812451873047
9803,41.90321900230812,12.517444957163315,0.38037795391410667
9804,41.90321900756656,12.517448670988445,0.3228378100762613
9805,41.90321901058161,12.517452276921048,0.2822078977327522
9806,41.90321901369142,12.517455954591567,0.2268216003695281
9807,41.90321901054293,12.517459593583625,0.17237844300502764
9808,41.90321902888911,12.51746322226917,0.1196077392538063
9809,41.903219078417365,12.517466926834066,0.057923125869179304
9810,41.90321908423933,12.517470578770823,0.007726522637064944
9811,41.90321905896845,12.517474250226329,-0.06470033058945879
9812,41.90321904839359,12.517477825243628,-0.10634236674401351
9813,41.90321902151986,12.517481474166207,-0.16784442331634114
9814,41.90321896190719,12.517485077745652,-0.24714983366195406
9815,41.90321893101794,12.517488629840438,-0.3069110446211299
9816,41.903218844271954,12.51749223112286,-0.39691848137753843
9817,41.90321880157554,12.517495706781725,-0.45656306833025356
9818,41.90321873459844,12.517499233902567,-0.5476352638637881
9819,41.903218703132936,12.517502702550859,-0.619070072605942
9820,41.9032186640403,12.517506192040065,-0.7085339704045875
9821,41.90321861492163,12.517509628564357,-0.8139418827417658
9822,41.903218558373474,12.517513038920784,-0.8916121999222417
9823,41.903218499872104,12.5175165387393,-0.9739585177769122
9824,41.90321842383054,12.51751991572227,-1.0395635735134767
9825,41.903218322087014,12.517523457425886,-1.135216419071361
9826,41.90321824276857,12.517526818527509,-1.2105567637623122
9827,41.90321818770913,12.5175302417634,-1.2996420585683455
9828,41.90321813265438,12.517533613255303,-1.407756907332381
9829,41.90321810900087,12.517536951831508,-1.4823667154360387
9830,41.9032180629234,12.51754032940192,-1.5541709953023521
9831,41.90321800918516,12.517543643643664,-1.6312863429062352
9832,41.90321794093748,12.51754695575242,-1.7064352918687815
9833,41.90321785832108,12.5175502933522,-1.8054398678514132
9834,41.90321775114667,12.517553440349117,-1.879550876135617
9835,41.90321768339011,12.517556688556759,-1.9761011076661648
9836,41.90321758091484,12.517559838557135,-2.063686652405942
9837,41.90321751909023,12.517563016951225,-2.139646880456221
9838,41.90321744707853,12.517566231807328,-2.216569527196845
9839,41.903217367730065,12.51756933287232,-2.2912064699107875
9840,41.90321727444091,12.517572494010842,-2.3661985642017913
9841,41.90321718430573,12.517575502486904,-2.4223986108272313
9842,41.90321707175089,12.51757854972771,-2.4865700074923116
9843,41.9032169452847,12.517581602777671,-2.5673032126867197
9844,41.90321683023588,12.517584549991078,-2.624408532675602
9845,41.903216708468236,12.517587509102482,-2.7141210564350375
9846,41.90321659022417,12.517590376679296,-2.7888313237141533
9847,41.903216467840494,12.517593268597562,-2.867126931698619
9848,41.90321637396165,12.517596069477126,-2.934856816502845
9849,41.90321626252116,12.517598836804709,-3.0184212292780463
9850,41.9032161578778,12.517601659700311,-3.138285530913345
9851,41.9032160553301,12.517604375689805,-3.2609985908899013
9852,41.90321593232759,12.517607069066457,-3.397826164841295
9853,41.9032158129804,12.517609687481494,-3.521231979853169
9854,41.90321566466636,12.517612261478327,-3.6337395661497403
9855,41.903215465542765,12.51761488882054,-3.794497553446647
9856,41.9032153260734,12.517617403376526,-3.915850377096215
9857,41.9032151340811,12.517619928517753,-4.043056858598449
9858,41.90321496258228,12.517622404729401,-4.187127186809395
9859,41.90321475408622,12.51762485730339,-4.321604230314722
9860,41.90321455188504,12.517627197240177,-4.48482278925769
9861,41.903214375496404,12.517629485680114,-4.623081103535014
9862,41.90321417654907,12.517631792539767,-4.802175479591532
9863,41.903214016211884,12.517634028631877,-4.991076362601672
9864,41.90321385402257,12.517636259623014,-5.1900223445729505
9865,41.90321373143227,12.51763848621101,-5.427668446200488
9866,41.903213630669,12.517640568858187,-5.648028420991865
9867,41.90321344346097,12.517642653201827,-5.9391001671853045
9868,41.903213294329205,12.517644698426542,-6.245485480073092
9869,41.90321308668445,12.517646750260257,-6.598367970999126
9870,41.90321281192091,12.517648805054106,-7.028461386480838
9871,41.9032124531079,12.517650852460816,-7.479884631774444
9872,41.903212026945795,12.517652903932458,-7.947152845724808
9873,41.903211596511376,12.517654873019211,-8.429609892301109
9874,41.90321115068107,12.517656807404737,-8.961110370363883
9875,41.90321076035716,12.517658705160962,-9.543235642251618
9876,41.90321037775403,12.51766059809501,-10.163706421368149
9877,41.9032100374386,12.517662487899067,-10.799596416918217
9878,41.903209688501846,12.51766431464842,-11.485417584320963
9879,41.903209324922784,12.51766622203914,-12.22488801736737
9880,41.903208975891026,12.517668132967268,-13.010001492641793
9881,41.90320859626065,12.517670034599085,-13.809808640054113
9882,41.90320819913262,12.517671852274036,-14.587431639782212
9883,41.90320773964257,12.517673646711843,-15.368148890009751
9884,41.90320718075754,12.517675437689913,-16.21151702955554
9885,41.90320662456291,12.517677130128098,-17.059142322175276
9886,41.90320594919135,12.517678782112013,-17.938272502720718
9887,41.90320527446673,12.517680409298958,-18.857945687228487
9888,41.90320451456401,12.517681989587297,-19.835028052162706
9889,41.903203751472866,12.517683563362368,-20.889354678420595
9890,41.90320301734298,12.517685143472534,-21.936964217839932
9891,41.90320223141159,12.517686797657356,-23.0011746476094
9892,41.903201498947816,12.517688363820472,-24.057960638145712
9893,41.90320077463392,12.517689960873684,-25.1227345860809
9894,41.90320005254839,12.517691596199633,-26.219321878435682
9895,41.9031993112516,12.51769317346632,-27.359151762968068
9896,41.90319849177088,12.517694793332986,-28.53245453686273
9897,41.90319764565913,12.51769636070626,-29.70156658303914
9898,41.903196771598026,12.51769791227384,-30.87196337128231
9899,41.90319586842102,12.517699391142253,-32.07635610540246
9900,41.903194888993134,12.517700783633446,-33.30181182697956
9901,41.903193874113875,12.517702108339977,-34.55059911506791
9902,41.90319284064462,12.517703401133902,-35.83575917504653
9903,41.90319178645566,12.517704672055366,-37.15430919109252
9904,41.9031906762991,12.517705902448794,-38.51744529194396
9905,41.90318952192304,12.517707136386614,-39.92556014656337
9906,41.90318835021145,12.517708418715646,-41.309767953019794
9907,41.90318715184546,12.517709700171,-42.65823990826024
9908,41.90318595943878,12.517710939603367,-44.00716359670831
9909,41.90318476213028,12.517712026317929,-45.34653064803006
9910,41.903183578444946,12.517713110365749,-46.735860908858115
9911,41.903182330868574,12.517714125314287,-48.164190374112735
9912,41.90318100308868,12.517715111712752,-49.6450094500798
9913,41.90317963255563,12.517716020058472,-51.109026151608944
9914,41.90317827079143,12.517716894556024,-52.53684994579611
9915,41.903176902176064,12.51771778904142,-53.96913877136957
9916,41.90317554936475,12.517718603509945,-55.41484924575321
9917,41.903174136488786,12.517719355508792,-56.86981186250906
9918,41.90317273257074,12.517720146909975,-58.366291255759904
9919,41.90317123390143,12.517720840665275,-59.81361650284703
9920,41.903169693099564,12.517721527587364,-61.257742501995615
9921,41.9031680982872,12.517722143051163,-62.613747907315926
9922,41.9031664683535,12.51772277867074,-63.92154152198251
9923,41.90316494872289,12.517723343627537,-65.22457538490922
9924,41.90316341200828,12.517723866206573,-66.5202378156865
9925,41.90316181837983,12.51772435575368,-67.83106631550753
9926,41.90316023297358,12.517724857155347,-69.16666132967484
9927,41.903158624470755,12.517725300628003,-70.4565562903882
9928,41.90315697788682,12.517725790450498,-71.7133321318356
9929,41.90315530975718,12.517726182346815,-72.93256875280483
9930,41.90315361801214,12.51772651413955,-74.11936227728587
9931,41.90315195117581,12.517726786248721,-75.29565792150903
9932,41.90315026268655,12.517727067513226,-76.44993207739225
9933,41.90314852836807,12.517727305486503,-77.60181610060383
9934,41.9031467751592,12.517727462974875,-78.69318544982094
9935,41.90314498908994,12.517727597027042,-79.74775639023291
9936,41.90314317519894,12.517727748110142,-80.77450183082178
9937,41.90314132987388,12.517727869719373,-81.74020351345413
9938,41.9031394600547,12.517728047831588,-82.66784097637101
9939,41.90313757565585,12.51772814607382,-83.55075846831
9940,41.90313572606283,12.517728202664133,-84.38420590092089
9941,41.90313386720054,12.517728243207177,-85.21246476157339
9942,41.903131987906036,12.517728246628591,-86.0049319281425
9943,41.90313007647918,12.517728251420072,-86.77383487846947
9944,41.9031281409589,12.517728226766415,-87.5141713236892
9945,41.90312615682098,12.517728146766869,-88.17799277871082
9946,41.903124170501,12.517728109066601,-88.80571635323669
9947,41.90312216460645,12.517728016347846,-89.37460825452578
9948,41.903120142134256,12.517727900869897,-89.8813433237457
9949,41.90311813170105,12.517727794008644,-90.34737480051969
9950,41.903116036302336,12.517727598402676,-90.71994112943877
9951,41.90311397832909,12.51772743110599,-91.06457593326178
9952,41.90311187447491,12.517727228495259,-91.32804961421193
9953,41.90310971458079,12.517727094140872,-91.54082780249881
9954,41.90310759284981,12.517726947568049,-91.68762954818578
9955,41.90310543133518,12.517726808121033,-91.75909141935658
9956,41.90310327755963,12.517726719520182,-91.79549011300955
9957,41.90310112611,12.517726637632983,-91.79122953951844
9958,41.90309893724294,12.517726589793032,-91.80769100404699
9959,41.90309674448878,12.517726546121304,-91.8623773783757
9960,41.90309452625961,12.51772643358039,-91.93618423323097
9961,41.903092276098626,12.517726340410757,-92.04728095702728
9962,41.90309004133293,12.517726206592407,-92.1655203979471
9963,41.90308776219857,12.517726103993537,-92.29541731290186
9964,41.90308549645096,12.517725957564261,-92.44429306590652
9965,41.90308318278729,12.517725799358276,-92.59125347483445
9966,41.90308085749813,12.517725649207879,-92.7531381715964
9967,41.90307851858051,12.5177254659018,-92.91714362083484
9968,41.90307614755082,12.517725291031649,-93.07902849263972
9969,41.90307376531717,12.517725088387767,-93.22350301611655
9970,41.90307134868469,12.517724896373405,-93.3634382850639
9971,41.90306892986594,12.517724691342467,-93.50720095048979
9972,41.90306651272511,12.517724483768943,-93.65747882032107
9973,41.9030640430646,12.517724245644416,-93.78413207203717
9974,41.90306160077244,12.517724018728453,-93.90478162535184
9975,41.903059112031514,12.517723770657144,-93.99224786037722
9976,41.903056617271496,12.51772352225618,-94.08006206651834
9977,41.90305409036722,12.517723245933674,-94.13566860541876
9978,41.90305158624631,12.517723015845744,-94.19545381938654
9979,41.903049060183186,12.51772276693004,-94.23268658304794
9980,41.90304649686195,12.517722529782866,-94.27578822447437
9981,41.903043942836774,12.517722258737862,-94.28661450141172
9982,41.903041390843384,12.517722024847389,-94.29459968568865
9983,41.90303876440301,12.51772175882783,-94.27767766195328
9984,41.9030361688665,12.517721528065135,-94.25630618989719
9985,41.90303353337193,12.517721248034599,-94.19961607602299
9986,41.90303092199493,12.517721015811476,-94.14160226792004
9987,41.90302827413899,12.517720730183846,-94.07205092161047
9988,41.90302555546982,12.517720482283924,-93.94707326852613
9989,41.90302291134087,12.517720279710401,-93.82111812420477
9990,41.90302019603576,12.517720049572915,-93.66988724258741
9991,41.903017498454304,12.517719845449612,-93.52380371626701
9992,41.903014831203606,12.51771960629459,-93.37543150295215
9993,41.903012062244265,12.517719424007348,-93.20294092577517
9994,41.903009355724755,12.517719228686545,-93.03445299321734
9995,41.90300653377636,12.517719055959732,-92.84463564132176
9996,41.903003864117366,12.517718934072766,-92.69460652616257
9997,41.90300099805307,12.517718729620388,-92.53574392758948
9998,41.90299823965491,12.517718571994985,-92.36782392618277
9999,41.90299546346168,12.517718368504422,-92.22785433326395
10000,41.902992565941574,12.517718184872018,-92.04709889853586
10001,41.90298981244406,12.517718058631282,-91.89815260973955
10002,41.9029868442778,12.51771787467953,-91.73984977051254
10003,41.90298401859476,12.517717812088687,-91.58852943809886
10004,41.90298105658038,12.517717705087101,-91.43544927542096
10005,41.9029781665268,12.517717645439514,-91.30079781387556
10006,41.9029753156147,12.517717548840846,-91.21020011303246
10007,41.90297240883389,12.51771747425081,-91.13064602250479
10008,41.90296959085321,12.517717427064474,-91.07323665532094
10009,41.902966694636746,12.517717349296834,-91.03422693567565
10010,41.902963776868695,12.517717297028359,-90.962991377638
10011,41.90296091819124,12.517717228630438,-90.9174311742885
10012,41.90295788045406,12.517717200749818,-90.84018473609687
10013,41.90295501213497,12.517717170545874,-90.78582503549585
10014,41.902951983760204,12.517717122694277,-90.7244193760492
10015,41.90294902804277,12.517717107287314,-90.66876687641441
10016,41.90294602602299,12.517717052715096,-90.61094023841721
10017,41.90294301153186,12.517717056398828,-90.5369559098891
10018,41.902940048817236,12.517717031657751,-90.50610277176034
10019,41.90293702386522,12.517717021796736,-90.4543532680675
10020,41.90293401698994,12.517717008766422,-90.40140822263827
10021,41.9029309792689,12.517716973469048,-90.33731797201015
10022,41.9029278872703,12.517716949115599,-90.27757837028916
10023,41.90292483829387,12.517716955078267,-90.20485185281537
10024,41.90292179897913,12.517716969252634,-90.15766296682524
10025,41.90291874621362,12.517716983844537,-90.12356839058181
10026,41.90291586000806,12.517717031192953,-90.12837277407658
10027,41.90291282493667,12.517717041909089,-90.11954179022996
10028,41.90290980769614,12.517717066928808,-90.11892621899655
10029,41.90290680563752,12.517717067854056,-90.12236043398671
10030,41.90290371537431,12.517717128743342,-90.08999308007405
10031,41.902900690050586,12.517717160665953,-90.0949278163681
10032,41.902897563536406,12.517717188900201,-90.07115056563948
10033,41.90289445316668,12.517717246963256,-90.03743020649436
10034,41.90289134144835,12.517717303467098,-90.00985559939849
10035,41.902888282302534,12.517717352657701,-89.99340470552976
10036,41.902885267861144,12.517717386012182,-89.99194553172418
10037,41.90288229391751,12.51771738844752,-90.01270828633753
10038,41.90287924787336,12.51771740106139,-90.0168767936427
10039,41.90287621782713,12.517717418655222,-90.0344092491213
10040,41.90287313104637,12.517717433085316,-90.02831096194483
10041,41.902870046529465,12.517717464808914,-90.02858467486325
10042,41.9028669178607,12.517717477786773,-90.00910398810232
10043,41.90286374728065,12.517717493409531,-89.98519607554509
10044,41.902860586953274,12.517717501619833,-89.93902608331894
10045,41.90285743788776,12.517717524794465,-89.92115604678676
10046,41.90285431429757,12.517717557281086,-89.9105997377014
10047,41.90285118786712,12.517717601466298,-89.89540317151028
10048,41.902848080801746,12.517717610483798,-89.9054297919799
10049,41.902844974673705,12.51771762686179,-89.91741986176254
10050,41.9028418708457,12.51771764623127,-89.93483395170242
10051,41.902838738679904,12.517717660027868,-89.95321198466017
10052,41.90283564571176,12.51771766432282,-89.9728108166858
10053,41.9028325351232,12.517717647614262,-89.97765694306885
10054,41.902829404168905,12.517717634788593,-89.98569765661657
10055,41.90282627215008,12.51771762332858,-89.99849790705305
10056,41.90282316417564,12.517717623508121,-90.00651661423366
10057,41.90282011964274,12.517717641768202,-90.0083935579541
10058,41.9028170301957,12.517717665306208,-89.98432382631674
10059,41.90281396286488,12.517717693374546,-89.97967387749242
10060,41.90281094092942,12.517717730052718,-89.98358208311987
10061,41.9028079145781,12.517717788392066,-89.98408176717109
10062,41.90280491603262,12.517717827852724,-89.99181002813896
10063,41.90280195403411,12.517717865976879,-90.00701476704776
10064,41.902798980070706,12.517717908685874,-90.00415135944412
10065,41.9027960366587,12.517717944365973,-90.01562151779538
10066,41.90279309660114,12.517717962549497,-90.01708045407815
10067,41.90279019104029,12.517717993470608,-90.02251894740131
10068,41.90278728833089,12.517718029017775,-90.01814868329102
10069,41.90278440654039,12.51771805452237,-90.00374339283144
10070,41.90278151175777,12.517718067774938,-89.96933396688296
10071,41.902778642556214,12.517718075480806,-89.94195333750822
10072,41.90277579523456,12.517718066214455,-89.89558694212874
10073,41.90277296104105,12.517718058330564,-89.85205467600046
10074,41.90277007055608,12.51771805421016,-89.78047011917698
10075,41.90276721723097,12.517718086952089,-89.71173245966138
10076,41.9027643497575,12.517718145565812,-89.62734218100887
10077,41.90276153376084,12.51771822108841,-89.53426046359087
10078,41.90275874910396,12.517718263367252,-89.47664811816257
10079,41.90275593396562,12.517718316010203,-89.40288254822856
10080,41.902753157203634,12.517718394844534,-89.32551659703094
10081,41.902750405399225,12.51771849229281,-89.26068677937734
10082,41.90274771520605,12.5177185658326,-89.22705995723823
10083,41.902745036869916,12.51771866283195,-89.18666483337279
10084,41.90274237059188,12.517718755621713,-89.15594196474076
10085,41.90273974161402,12.51771884128084,-89.12710385993613
10086,41.902737136473014,12.51771892792634,-89.09893054299138
10087,41.90273453279087,12.517718997660369,-89.06723004183267
10088,41.90273194969074,12.517719090227724,-89.04928364481265
10089,41.90272938171267,12.517719177449967,-89.03133321138316
10090,41.90272684067936,12.517719216144165,-89.01673307209553
10091,41.90272430800174,12.51771924914159,-88.99586401428196
10092,41.90272181408825,12.517719311549428,-88.97841535421178
10093,41.902719318006994,12.517719395373708,-88.96541541579843
10094,41.90271688653091,12.517719493748647,-88.95987206199187
10095,41.90271448036644,12.51771955311174,-88.96886027166718
10096,41.90271206957329,12.51771963450635,-88.97259583035115
10097,41.90270969598733,12.517719683076537,-88.99352761318261
10098,41.90270735049405,12.5177197338975,-89.01067875230144
10099,41.902705005870615,12.517719730276907,-89.0315904957794
10100,41.90270271143809,12.51771974003106,-89.05668659196095
10101,41.90270043383805,12.517719740695851,-89.08866407574583
10102,41.902698182484855,12.517719767870858,-89.1178989344707
10103,41.902695964962895,12.517719773304501,-89.15037855434271
10104,41.90269376114938,12.517719815811343,-89.16644188454387
10105,41.90269161571697,12.517719829054414,-89.19132211769855
10106,41.90268947385202,12.517719895874045,-89.21396702723031
10107,41.902687381425075,12.517719922570821,-89.26329997592792
10108,41.9026852944839,12.517719989993964,-89.31280455344313
10109,41.90268325451313,12.517720019147857,-89.3638919835368
10110,41.90268124672362,12.517720082454597,-89.41831022498798
10111,41.9026794104218,12.517720114323613,-89.50778819669591
10112,41.90267763450849,12.51772007570225,-89.58348722150201
10113,41.90267579713705,12.517720053281367,-89.65703571819603
10114,41.902673957222895,12.517720037159094,-89.73226282898317
10115,41.90267204428885,12.517720052543341,-89.80422062658931
10116,41.90267018942775,12.51772003676609,-89.90671900848221
10117,41.902668387908,12.517720002671773,-90.00438646977379
10118,41.9026665858449,12.517720003595828,-90.09635217416725
10119,41.90266480393797,12.517720008825803,-90.18970770273648
10120,41.9026630445945,12.517720010584586,-90.29947416993123
10121,41.90266132444924,12.51771996553768,-90.44077512252129
10122,41.90265958823298,12.51771992777518,-90.54172037215356
10123,41.9026578316443,12.517719887205555,-90.62977274179686
10124,41.90265614968814,12.517719799059586,-90.78032658625062
10125,41.90265437312015,12.51771982032348,-90.89994493197977
10126,41.9026526662301,12.517719767099871,-91.14081647771044
10127,41.902651057981856,12.517719705670181,-91.38047355733211
10128,41.90264944248778,12.517719663686528,-91.66727063210352
10129,41.90264793064754,12.517719530555011,-92.00863132215855
10130,41.90264642481252,12.517719381590414,-92.3737095796222
10131,41.902644923767774,12.517719220221053,-92.80685945088646
10132,41.90264347227672,12.517719001930807,-93.277169783565
10133,41.902641965363095,12.517718742348242,-93.80557515664132
10134,41.90264048687865,12.517718438873715,-94.35457824177037
10135,41.90263899367204,12.517718085418775,-94.92075913731519
10136,41.90263752922738,12.517717702893307,-95.52682359612373
10137,41.90263611041133,12.517717344919486,-96.16777208615007
10138,41.902634735617895,12.517716957536033,-96.87334251616741
10139,41.90263344446911,12.51771652673808,-97.60665486993322
10140,41.902632113139475,12.51771610282413,-98.3424451901246
10141,41.902630815791014,12.517715634527594,-99.14871990246863
10142,41.902629515023264,12.517715115521826,-99.97693068144817
10143,41.90262812985798,12.517714538205373,-100.84652803873637
10144,41.902626791239385,12.517713960394634,-101.72409190385574
10145,41.902625434421736,12.517713371473409,-102.62388568241111
10146,41.90262413995483,12.517712754022863,-103.58283146173335
10147,41.90262289133779,12.517712117888674,-104.55671081787217
10148,41.9026216392006,12.517711407589822,-105.60442576061206
10149,41.90262044111314,12.517710648497617,-106.68366419734274
10150,41.902619212399834,12.517709865698809,-107.80814504412106
10151,41.90261803440376,12.517708992510318,-108.96081911866342
10152,41.90261686572408,12.517708061018585,-110.11393449767
10153,41.90261569707399,12.517707081750675,-111.28547457295342
10154,41.90261456373897,12.51770606329361,-112.47560373801213
10155,41.90261344635491,12.5177050072113,-113.69625052704319
10156,41.902612333905424,12.517703929049517,-114.97654533398776
10157,41.90261124287516,12.517702838426018,-116.26124113178989
10158,41.902610105308284,12.51770168032672,-117.59871867397229
10159,41.90260901901705,12.517700480121656,-118.93061119753428
10160,41.90260791780684,12.51769919072419,-120.28892794842568
10161,41.90260684593117,12.517697852051835,-121.69069948792735
10162,41.90260581828384,12.517696516468684,-123.11017120554543
10163,41.90260478411765,12.51769517089735,-124.60596036687163
10164,41.90260381674884,12.517693803503166,-126.10215973686583
10165,41.90260280703871,12.517692341510692,-127.61101291479987
10166,41.90260182531272,12.517690809942325,-129.16753083105402
10167,41.902600854646735,12.517689325575931,-130.73985114218058
10168,41.90259986900738,12.51768782093158,-132.39940471849724
10169,41.90259896372386,12.517686273210149,-134.05151298833078
10170,41.902598029812424,12.517684668265252,-135.7286114876905
10171,41.90259713224912,12.517682959863556,-137.44738834008768
10172,41.902596320413195,12.517681177238206,-139.13002786221315
10173,41.9025955574871,12.517679320699713,-140.86808296367923
10174,41.90259484101788,12.517677322840338,-142.6097816816235
10175,41.90259413183118,12.517675306248318,-144.3377174966083
10176,41.902593465667806,12.517673269694244,-146.0593498407592
10177,41.90259282612076,12.517671205599866,-147.73927793926578
10178,41.902592199331714,12.51766916910708,-149.418328482949
10179,41.90259159094457,12.517667107432711,-151.09365550134464
10180,41.902591067003655,12.517665008210846,-152.7487275936771
10181,41.90259062071471,12.517662757019623,-154.41847607116267
10182,41.902590197028715,12.517660523106144,-156.0831375241299
10183,41.902589766908946,12.517658197916186,-157.69939645849357
10184,41.90258935895607,12.51765591404738,-159.25231984397445
10185,41.90258901693696,12.517653573128428,-160.72707863077358
10186,41.90258871833554,12.517651236143909,-162.1405797573916
10187,41.90258840396746,12.517648879603017,-163.54034896487457
10188,41.902588132501315,12.517646507095348,-164.925021338439
10189,41.902587895434905,12.517644038293136,-166.28938142876933
10190,41.902587700849665,12.51764159152239,-167.60402696385364
10191,41.90258757157791,12.51763905872524,-168.87436005537643
10192,41.90258742501693,12.517636592588046,-170.07095368537276
10193,41.90258736231027,12.517634080868174,-171.21335997023166
10194,41.902587325399416,12.517631569348644,-172.32727876085934
10195,41.90258730097836,12.517629030324615,-173.41255488814596
10196,41.90258729517062,12.517626485527641,-174.47202000471574
10197,41.90258733422776,12.517623918502814,-175.4783921401484
10198,41.90258739869645,12.517621293564806,-176.42921705278553
10199,41.902587434149034,12.517618705718574,-177.32109962368023
10200,41.902587542266275,12.51761592467383,-178.14690490324847
10201,41.90258772986043,12.517613071883707,-178.9125286481937
10202,41.902587851916806,12.517610354953863,-179.5927015834918
10203,41.90258799839977,12.517607354996091,179.8107701081157
10204,41.90258811298166,12.517604576070813,179.2609102341789
10205,41.9025882651386,12.51760169006467,178.76699435954666
10206,41.90258839675886,12.517598810516498,178.29642904378338
10207,41.90258852092694,12.517595903925336,177.8730935191659
10208,41.90258867997899,12.517592968692165,177.47374108688135
10209,41.902588847545566,12.517590058820034,177.12178450587987
10210,41.90258904469313,12.517587029436303,176.80073797499094
10211,41.90258923058228,12.517584002545151,176.54505132588838
10212,41.90258943258323,12.517581031807172,176.32847737807322
10213,41.90258970189161,12.517577941656548,176.1568910910411
10214,41.90258993360011,12.517574902777541,176.02852439640566
10215,41.90259017295965,12.517571764130464,175.95098046990643
10216,41.90259036029013,12.517568620997878,175.92122713855412
10217,41.90259057546468,12.517565467328314,175.92134602196245
10218,41.902590758513085,12.517562175968662,175.96257644623495
10219,41.90259090518413,12.517558931694825,175.9982550689027
10220,41.90259105179195,12.517555672175137,176.02684249464951
10221,41.90259120783815,12.517552343499581,176.055226648985
10222,41.90259136054645,12.517549028673228,176.07548628433713
10223,41.902591503354635,12.517545639688958,176.09851207792886
10224,41.90259163482216,12.51754225148461,176.1109154873721
10225,41.90259178150432,12.517538862470422,176.14069306694975
10226,41.90259194810325,12.517535437377182,176.16813521626167
10227,41.90259213486363,12.517531989746429,176.19251932696184
10228,41.90259231933279,12.517528457267897,176.2028866122526
10229,41.90259247493845,12.517524979449886,176.2554402157958
10230,41.90259263119245,12.5175214211974,176.3169007370436
10231,41.90259276776151,12.517517917909753,176.4218431889221
10232,41.90259289908051,12.517514270012066,176.52410109052045
10233,41.902593030069525,12.517510711015573,176.66295217927586
10234,41.90259316100619,12.517507039641236,176.78447160561802
10235,41.90259329550287,12.517503374272318,176.9461895818314
10236,41.902593422487136,12.517499666936551,177.0925383635149
10237,41.90259354692791,12.517495964858558,177.2584763318181
10238,41.90259368912116,12.517492214813807,177.4103621007399
10239,41.90259379622077,12.51748841946169,177.57396605261314
10240,41.902593904360444,12.51748460845259,177.75318959306966
10241,41.902593978135855,12.51748075638504,177.94093727628015
10242,41.902594049852404,12.517476936269276,178.11843509331018
10243,41.90259410618809,12.517473015658696,178.32677028927046
10244,41.90259416710205,12.517469112652652,178.51664294422008
10245,41.90259425181244,12.517465180770575,178.69290522063338
10246,41.9025943297277,12.517461224366905,178.86979162344593
10247,41.90259438205834,12.517457280352911,179.04685264755918
10248,41.90259442375999,12.517453292145767,179.23057188137815
10249,41.902594437037024,12.517449328408526,179.3944554796808
10250,41.90259443429391,12.517445310620836,179.56360810172427
10251,41.90259443089637,12.517441276811917,179.74143433718186
10252,41.902594430751904,12.517437220130082,179.90673575605342
10253,41.90259442796128,12.517433166718636,-179.92049184017785
10254,41.902594389102724,12.517429112775568,-179.7553122388769
10255,41.90259433558768,12.51742501847771,-179.59257290180295
10256,41.902594247556216,12.517420872364266,-179.4487951537094
10257,41.90259416599043,12.517416742214783,-179.31157673963875
10258,41.90259406253455,12.517412550416719,-179.16443909264189
10259,41.90259397149987,12.517408446785392,-179.0284051700726
10260,41.902593860657554,12.517404250451422,-178.88742221420983
10261,41.90259374911906,12.517400050604094,-178.7587143327924
10262,41.902593630145795,12.51739587291533,-178.63854866051238
10263,41.90259351123458,12.517391675682095,-178.51495769411045
10264,41.90259338898056,12.517387492296352,-178.38595832436374
10265,41.902593262563485,12.517383266966545,-178.27155697355596
10266,41.902593109716825,12.517379025824868,-178.15176523885904
10267,41.90259295100591,12.517374776884733,-178.0346358279188
10268,41.90259279707951,12.517370425633233,-177.889431298551
10269,41.902592677609874,12.51736614561998,-177.75969616181854
10270,41.902592517914904,12.517361809826614,-177.6232005360818
10271,41.90259236361662,12.517357504618733,-177.49663828767777
10272,41.90259219983523,12.517353136034396,-177.3786359977178
10273,41.9025920266887,12.517348803552077,-177.24935630477387
10274,41.9025918405072,12.517344484764703,-177.11715537764334
10275,41.90259165079801,12.517340147339722,-176.97848786352148
10276,41.9025914772313,12.517335804390509,-176.85347198536417
10277,41.902591302890045,12.517331435101319,-176.72600776108538
10278,41.90259111522834,12.517327044959066,-176.59754491284383
10279,41.902590927591696,12.517322766048823,-176.46772476699184
10280,41.902590731642206,12.517318362741454,-176.33868420986744
10281,41.9025905219948,12.517313963624954,-176.22524854029515
10282,41.902590267929796,12.517309584121376,-176.10022795929555
10283,41.90259001062264,12.517305172019284,-175.98328572359685
10284,41.9025897489893,12.517300797277812,-175.86550983355096
10285,41.9025894650429,12.517296433027461,-175.74998004188424
10286,41.90258922689022,12.51729213225594,-175.66876180674058
10287,41.902588932127536,12.517287747325453,-175.56482671397458
10288,41.90258862355979,12.517283308577305,-175.46671283206473
10289,41.90258833702792,12.517279038966192,-175.3961650022952
10290,41.902588033041155,12.51727461071462,-175.3126220940269
10291,41.90258773775505,12.51727019891545,-175.22743054871987
10292,41.90258743660814,12.517265834653909,-175.14013920969333
10293,41.9025870906417,12.517261396665235,-175.03016148503795
10294,41.90258676899823,12.517256984659568,-174.9346494159377
10295,41.90258643821373,12.517252600308472,-174.8426797834768
10296,41.90258609983239,12.51724817879812,-174.74394390321578
10297,41.902585746735205,12.51724382581841,-174.65746988187956
10298,41.902585390183596,12.517239352203058,-174.54505902353415
10299,41.9025850297007,12.517234987950928,-174.44523962418157
10300,41.902584680192646,12.517230606880712,-174.354682519306
10301,41.90258433525485,12.51722620180152,-174.2687007792137
10302,41.90258396672848,12.51722176137279,-174.16562851586463
10303,41.90258359491246,12.517217404999409,-174.06884987345103
10304,41.90258317765311,12.517212897333433,-173.95947250272266
10305,41.902582796434565,12.517208472376465,-173.8485793128956
10306,41.902582416070054,12.51720407564929,-173.7483189291641
10307,41.902582006998955,12.517199633802427,-173.63091770900095
10308,41.90258157787476,12.517195217647012,-173.5112688703999
10309,41.90258112346197,12.517190709975257,-173.37892307336523
10310,41.902580724339884,12.517186350176406,-173.261004008945
10311,41.90258033245353,12.517181942894183,-173.1533483341884
10312,41.902579913198345,12.517177523658058,-173.01557057857048
10313,41.90257946693428,12.517173149980898,-172.888767493479
10314,41.90257899132528,12.5171687292472,-172.7511880193441
10315,41.90257852026703,12.517164270004905,-172.62191872498977
10316,41.9025780714942,12.517159889283134,-172.48121099028913
10317,41.90257759574619,12.517155485606704,-172.31906416805225
10318,41.90257714244286,12.5171511095452,-172.16929788988546
10319,41.90257662442147,12.517146626858304,-172.01551414859645
10320,41.90257614397537,12.517142327493287,-171.87888201759583
10321,41.90257564846497,12.517137991504438,-171.74768551274732
10322,41.902575139108876,12.517133593421807,-171.59723701548452
10323,41.90257464963965,12.517129290378039,-171.45905591778333
10324,41.90257411159325,12.517124930664304,-171.32144018496996
10325,41.90257357582993,12.51712053805794,-171.1923824485218
10326,41.90257302034762,12.51711619984575,-171.04988769076874
10327,41.90257245486892,12.517111854685554,-170.91367752777182
10328,41.90257188076877,12.517107480946423,-170.76718866810276
10329,41.90257129999075,12.517103120650871,-170.64970943822675
10330,41.902570686318946,12.517098845900103,-170.51965543108994
10331,41.90257004834913,12.517094566708568,-170.39682727832087
10332,41.90256939871588,12.51709019030559,-170.27313003353316
10333,41.9025687685655,12.517085926498638,-170.14932825672233
10334,41.90256814260514,12.517081531867387,-170.02903516638088
10335,41.90256750441143,12.517077274905587,-169.92279883311932
10336,41.902566852215884,12.517072883036565,-169.81582610626037
10337,41.90256622293155,12.517068592280024,-169.7490131689858
10338,41.90256558150352,12.517064323636529,-169.68970984762788
10339,41.9025649710203,12.517060045308575,-169.62351383756626
10340,41.90256435967563,12.517055759592266,-169.5487443493994
10341,41.90256374470286,12.517051507686142,-169.45306907885043
10342,41.90256315172258,12.517047175023736,-169.3722962153787
10343,41.90256254873683,12.517042931671046,-169.29058965854983
10344,41.90256189496949,12.517038631999597,-169.2237283574384
10345,41.9025612697252,12.517034338260974,-169.1346642359391
10346,41.902560632002405,12.517030051783644,-169.04613113290634
10347,41.90255996875527,12.517025792278226,-168.95307708020295
10348,41.902559320528866,12.517021568546607,-168.85355270541592
10349,41.902558668179196,12.517017276715697,-168.7661541283945
10350,41.902558028123025,12.517013111506023,-168.68006882296726
10351,41.90255737770964,12.517008971592594,-168.60712630102134
10352,41.90255672386224,12.51700474621092,-168.53755764573106
10353,41.90255602428422,12.517000500370676,-168.4420104567071
10354,41.90255528225618,12.516996205625443,-168.33161009327398
10355,41.90255458082084,12.516992010492336,-168.19435931985225
10356,41.90255390900061,12.516987557971685,-168.07878648758566
10357,41.90255331251571,12.51698328319765,-167.967305311162
10358,41.90255268392854,12.516978920196374,-167.8256023956922
10359,41.902552120100076,12.51697485812948,-167.73016922106018
10360,41.902551476602184,12.51697081459745,-167.65302132454522
10361,41.90255074095996,12.51696676211974,-167.51616018963196
10362,41.90255004711789,12.516962763090588,-167.38844864108142
10363,41.90254931006256,12.516958620128111,-167.23464662247972
10364,41.90254855293845,12.51695449526869,-167.0528918034937
10365,41.902547786572384,12.516950278230823,-166.86163138810213
10366,41.90254698429026,12.516946009009779,-166.69592533191218
10367,41.902546166589595,12.516941763729125,-166.51701034652646
10368,41.902545326809545,12.516937541080559,-166.3653989222505
10369,41.90254446823854,12.516933431327786,-166.19545953135884
10370,41.902543656608806,12.51692938546462,-166.04554299216298
10371,41.902542844411805,12.516925367221626,-165.89047167226656
10372,41.902542025704065,12.516921331521678,-165.75325873239822
10373,41.90254124189443,12.516917287921462,-165.64469278525476
10374,41.902540442354464,12.516913218484783,-165.52587864077375
10375,41.90253962825631,12.516909207906286,-165.39480929947385
10376,41.902538807542186,12.516905136365873,-165.28117717616516
10377,41.90253799975574,12.516900985825826,-165.1509775660778
10378,41.90253719227105,12.51689689154036,-165.02340944076872
10379,41.902536367424894,12.51689275094444,-164.8805730701437
10380,41.902535545519754,12.516888656631703,-164.7641771282289
10381,41.90253467236708,12.516884521811,-164.64095742613995
10382,41.90253383601809,12.516880433554645,-164.51259221811802
10383,41.90253297661367,12.516876309671055,-164.40095785261866
10384,41.90253214841181,12.516872348636126,-164.29627947821766
10385,41.902531281771175,12.516868314054236,-164.18549198869889
10386,41.90253037808283,12.51686430297508,-164.0838432281893
10387,41.902529475902405,12.516860350060496,-163.98566841213443
10388,41.902528605477,12.516856470079047,-163.90163125978694
10389,41.90252771162757,12.516852496872927,-163.82100199084317
10390,41.90252682773281,12.51684857127463,-163.71623233250986
10391,41.90252587915284,12.516844540390045,-163.6162373431344
10392,41.902524947193704,12.516840626482598,-163.52852495047028
10393,41.90252400555653,12.516836595310993,-163.4489925306874
10394,41.90252308609665,12.516832633551507,-163.35386242287734
10395,41.90252218909523,12.516828740903227,-163.25788232160664
10396,41.90252128787351,12.51682478453474,-163.16190065589566
10397,41.90252040965359,12.516820986681786,-163.07786423326533
10398,41.90251948364855,12.516817089459375,-162.9940504079505
10399,41.902518556008005,12.51681324220367,-162.92081367049096
10400,41.9025176240309,12.516809458858866,-162.83849030937805
10401,41.90251669128146,12.516805594419724,-162.75411080664017
10402,41.902515784312655,12.51680182665675,-162.6678539810819
10403,41.90251485835893,12.51679795872885,-162.5934194232836
10404,41.90251395179006,12.516794193837162,-162.52599492186067
10405,41.90251301834795,12.516790408680912,-162.46696481590075
10406,41.902512106225664,12.516786630055185,-162.42102319836982
10407,41.90251116968403,12.516782878281775,-162.355672805931
10408,41.90251023389193,12.516779207905568,-162.2949103207502
10409,41.90250929812594,12.51677546179849,-162.2439064806776
10410,41.9025083988637,12.51677183769578,-162.20032993513826
10411,41.90250748390126,12.51676821634774,-162.1494151183435
10412,41.90250659425615,12.516764603900457,-162.10397632538636
10413,41.902505686193734,12.516761002448787,-162.0497176752227
10414,41.90250479358345,12.516757398992235,-162.00631015644257
10415,41.90250388489746,12.51675378892063,-161.9614574777635
10416,41.90250299416871,12.516750218828289,-161.91333171252293
10417,41.90250208066163,12.516746640565067,-161.8657287040598
10418,41.90250118937889,12.5167431051208,-161.80453618523052
10419,41.90250031494965,12.516739560566752,-161.75413335596772
10420,41.90249942384283,12.51673604330636,-161.6973585974345
10421,41.9024985519065,12.516732568366745,-161.628568189531
10422,41.90249765954407,12.51672906792313,-161.57822712638034
10423,41.902496791405426,12.516725639054897,-161.51169774650393
10424,41.90249588672283,12.516722204888804,-161.4351061883676
10425,41.9024950090839,12.5167187954408,-161.36963762615008
10426,41.90249416101591,12.516715417669749,-161.28994328825488
10427,41.902493256319076,12.516712031394222,-161.1872566417517
10428,41.90249236582735,12.51670866766493,-161.08525504991243
10429,41.90249146907139,12.5167053483554,-160.956028555166
10430,41.902490557226834,12.516701991208386,-160.8245414205797
10431,41.9024896903742,12.51669875387985,-160.68549071180556
10432,41.90248878419743,12.516695490012975,-160.54420936058852
10433,41.902487890039424,12.516692228196568,-160.38705098348663
10434,41.9024870216161,12.516689013683573,-160.22531532465428
10435,41.9024861383217,12.516685767146633,-160.06370949219738
10436,41.90248526944289,12.51668265197908,-159.8908769847027
10437,41.90248435660785,12.516679464000282,-159.72681077440956
10438,41.90248348684427,12.51667642354752,-159.56538845135992
10439,41.90248255038866,12.516673338291293,-159.3824098136818
10440,41.90248163896745,12.516670275493167,-159.20748851914612
10441,41.90248077658979,12.516667315506085,-159.05782813824106
10442,41.902479831963824,12.516664233526186,-158.89425613415358
10443,41.902478931093064,12.516661274732249,-158.73499066933752
10444,41.902477992526,12.516658274964248,-158.56193846501836
10445,41.90247711451757,12.516655381450873,-158.41755223097908
10446,41.90247622461198,12.516652516708044,-158.27149875994397
10447,41.90247530895623,12.51664961787613,-158.13261619341634
10448,41.902474439863134,12.516646891354673,-158.017534691129
10449,41.90247353032761,12.516644069517572,-157.87672987930497
10450,41.902472688744055,12.516641317012846,-157.76583276012573
10451,41.90247183838126,12.516638635680033,-157.65383622293874
10452,41.902470979862336,12.51663595862544,-157.56692565133307
10453,41.90247017460754,12.51663336503662,-157.50142186504337
10454,41.90246932921319,12.51663073198012,-157.41423786982372
10455,41.902468546219296,12.51662820274005,-157.33693881419038
10456,41.90246772246323,12.516625666566783,-157.25724803788032
10457,41.902466910461335,12.516623119316707,-157.170269871313
10458,41.90246612951351,12.516620668478911,-157.09233486570335
10459,41.90246535842437,12.51661822219109,-157.0118355048524
10460,41.902464622861,12.516615824410215,-156.95810092856408
10461,41.90246386704857,12.516613482434646,-156.9054602799234
10462,41.90246318162964,12.51661115976848,-156.87576445878386
10463,41.90246245837685,12.516608917101689,-156.87095543262063
10464,41.902461715264444,12.516606677095531,-156.83325324699814
10465,41.90246099640624,12.516604467813663,-156.81493477440196
10466,41.90246024084897,12.51660225661858,-156.80647458959947
10467,41.902459551204,12.516600215613595,-156.81103085264365
10468,41.902458825219725,12.51659816100088,-156.81786007773994
10469,41.90245819172486,12.516596165207753,-156.87430943247443
10470,41.90245751493364,12.516594182208511,-156.92138461237758
10471,41.902456867399664,12.516592223813223,-156.9664793849766
10472,41.902456277366454,12.51659028821383,-157.02071383273227
10473,41.90245571732224,12.516588367872309,-157.06708728945938
10474,41.90245517742013,12.51658650032126,-157.1009352893395
10475,41.90245463050865,12.51658462384543,-157.13282949614774
10476,41.902454142339245,12.51658285004378,-157.18143396213003
10477,41.90245364333296,12.516581124071948,-157.25078503037372
10478,41.90245317342987,12.516579473663624,-157.3313782758594
10479,41.902452663281565,12.516577857457424,-157.3798638663918
10480,41.90245217460553,12.51657629230715,-157.4396645685523
10481,41.90245166097603,12.516574768411294,-157.4918782535141
10482,41.902451199251495,12.516573280784721,-157.559898700033
10483,41.90245071899801,12.51657178751957,-157.62037420684993
10484,41.90245026913275,12.516570346325942,-157.6973260666509
10485,41.90244983691355,12.51656901365105,-157.77852536340043
10486,41.902449482882254,12.516567791447436,-157.87726322196883
10487,41.9024491167973,12.516566614167203,-157.95813637209235
10488,41.902448759566106,12.516565402077006,-158.01849962016402
10489,41.902448403582845,12.516564158577301,-158.0861786648004
10490,41.90244806044022,12.516562910361605,-158.17494870272256
10491,41.902447754629634,12.516561666768231,-158.26998416269834
10492,41.902447457056425,12.51656046938706,-158.34800839693602
10493,41.90244716007219,12.516559300550647,-158.4122682107232
10494,41.90244689758383,12.516558196774453,-158.48841334756705
10495,41.902446585716355,12.516557120174687,-158.5680747584474
10496,41.90244629723947,12.516556107956143,-158.65999818540078
10497,41.902445993459416,12.51655510865091,-158.75181417585193
10498,41.902445678725975,12.516554071111457,-158.8441738026916
10499,41.90244536055732,12.516553003047184,-158.93379335973614
10500,41.90244503303092,12.516551923183195,-159.02587355657457
10501,41.902444725171044,12.51655079423229,-159.11718677627397
10502,41.90244444792471,12.516549709550317,-159.24225903960004
10503,41.90244418106481,12.516548621243965,-159.36479577413843
10504,41.90244394981236,12.516547577405763,-159.4950800897808
10505,41.90244371997223,12.516546540860032,-159.6400209529182
10506,41.90244349743754,12.516545479152596,-159.7934682672109
10507,41.902443243611295,12.516544445963829,-159.9524488762263
10508,41.902442992197855,12.51654334183579,-160.10720173870868
10509,41.9024427344192,12.51654224488075,-160.26754915143556
10510,41.90244247633029,12.51654115391556,-160.43610984348047
10511,41.902442233158446,12.516540103059539,-160.62768892571793
10512,41.902442009128904,12.516539087207859,-160.8629964171118
10513,41.90244176578255,12.516538038816224,-161.12429204887349
10514,41.902441550228914,12.516536985309973,-161.4053104462408
10515,41.902441346402966,12.51653591298391,-161.70303553413854
10516,41.90244116201199,12.516534882735499,-162.0376230726712
10517,41.90244097870844,12.51653386583389,-162.39121757915407
10518,41.90244081615932,12.516532889295874,-162.779000621779
10519,41.902440649810934,12.516531832099911,-163.17386857273732
10520,41.9024404930013,12.516530770485444,-163.58742196038335
10521,41.90244031333765,12.516529637033111,-164.03191113834674
10522,41.902440157996146,12.51652849448533,-164.50761526529385
10523,41.90244000340584,12.516527391467632,-164.9900772494077
10524,41.9024398756377,12.516526279656542,-165.49439355010784
10525,41.90243974908781,12.516525232863936,-166.01572050902
10526,41.902439637352,12.516524189145878,-166.5691449240154
10527,41.902439548844,12.516523143447582,-167.1767511652248
10528,41.90243948485242,12.516522087149024,-167.83259305164336
10529,41.90243947222483,12.516520990742773,-168.50271404191218
10530,41.902439458630006,12.51651987044544,-169.20260461792557
10531,41.90243948059007,12.516518689203016,-169.9266969608345
10532,41.90243949549592,12.516517498371174,-170.6712142021057
10533,41.90243954867326,12.516516196743503,-171.44310864578568
10534,41.902439608173026,12.516514921375308,-172.22785362347108
10535,41.90243964959689,12.516513665614248,-173.03309356263378
10536,41.902439692478566,12.51651243240149,-173.88287228289204
10537,41.90243972189157,12.516511236529094,-174.7813896307245
10538,41.902439764268394,12.516510066845738,-175.71586663091043
10539,41.90243983107313,12.516508897525748,-176.70640839977202
10540,41.90243992444533,12.516507720192843,-177.76561719711412
10541,41.902440087788584,12.516506517564405,-178.90205651160076
10542,41.90244029929164,12.516505257397304,179.8957410022294
10543,41.90244059684954,12.516503916535187,178.65445376628097
10544,41.90244090296279,12.516502540283236,177.422658967293
10545,41.902441241590175,12.516501172322798,176.20673335940145
10546,41.90244158820403,12.516499824028283,174.99010685342523
10547,41.90244191507094,12.516498522869544,173.7431434880401
10548,41.9024422645899,12.516497239994285,172.46273914082917
10549,41.90244262494031,12.516495930000344,171.11810028580015
10550,41.90244302504244,12.516494608635028,169.73784155716103
10551,41.90244345079418,12.516493249385826,168.3354597855203
10552,41.90244392379089,12.51649187869911,166.95940052611618
10553,41.902444387380314,12.516490522363956,165.61372045416584
10554,41.90244484694462,12.516489204229986,164.29509608123365
10555,41.9024453200138,12.516487946045288,162.94919590981723
10556,41.902445853594834,12.516486689771105,161.5807832947309
10557,41.90244648424179,12.516485391958074,160.20932928783327
10558,41.90244712182731,12.516484087685566,158.8427674788054
10559,41.9024477991464,12.516482819673433,157.49582974621336
10560,41.90244853077062,12.51648152334222,156.14345876938074
10561,41.902449316237124,12.516480241779423,154.82991191286587
10562,41.90245008543463,12.51647904537294,153.5940484142645
10563,41.90245092214158,12.516477907371234,152.37206568034634
10564,41.902451714449725,12.516476713843629,151.16971266419412
10565,41.90245251253123,12.516475560190253,149.96654711593473
10566,41.90245338543432,12.516474301986179,148.73526542715862
10567,41.90245428320135,12.516473041002257,147.55410286888312
10568,41.902455175681546,12.51647178684289,146.43377309532343
10569,41.902456108276056,12.516470516183993,145.33333816408202
10570,41.90245703247078,12.516469243892859,144.20286983250003
10571,41.9024579828505,12.516467953601396,143.07661097088493
10572,41.902458940158,12.516466614634359,142.00850046416897
10573,41.90245989171597,12.51646525673221,140.98269922529533
10574,41.9024608565993,12.516463954862818,139.98025763747484
10575,41.90246184552253,12.51646269251371,138.95480923077352
10576,41.90246297503643,12.51646148547705,137.89541012899096
10577,41.902464182301415,12.516460350201374,136.82592816368688
10578,41.90246532972837,12.516459237314574,135.76888038854062
10579,41.902466539858935,12.516458131785122,134.7158478273229
10580,41.90246773114895,12.516456951080267,133.6548557596252
10581,41.90246891469404,12.516455721967466,132.61195407210175
10582,41.90247014165599,12.516454483460796,131.62369707903215
10583,41.90247133680232,12.516453322865596,130.68922431870996
10584,41.90247255112951,12.516452252572357,129.75216577044944
10585,41.90247379943661,12.516451262967216,128.7781679277809
10586,41.902475094204405,12.51645022147455,127.7809711376717
10587,41.90247637882533,12.516449238551333,126.82714780204807
10588,41.90247773968587,12.51644826834153,125.92872592515697
10589,41.902479077923076,12.516447266968846,125.08385233813354
10590,41.90248044859956,12.516446321089658,124.27160629685837
10591,41.9024818143923,12.51644541183878,123.4707686725645
10592,41.90248323778669,12.516444549036173,122.67768005128114
10593,41.90248458603898,12.516443659514877,121.9061991195785
10594,41.902485962123855,12.516442764977388,121.1349170823497
10595,41.90248740280623,12.516441863437096,120.41672743232918
10596,41.902488849391716,12.516440922225602,119.80012393758959
10597,41.90249035951311,12.516439968127111,119.22473630188702
10598,41.90249189050596,12.516438974499133,118.64552285294975
10599,41.902493426818715,12.516438002704326,118.10320597739891
10600,41.902494986905374,12.516437029852478,117.58613970001768
10601,41.90249653020873,12.516436066238146,117.10563398540981
10602,41.90249807642957,12.516435127593335,116.65136326391372
10603,41.902499615585235,12.516434199001662,116.20901173983465
10604,41.90250114931003,12.516433315514588,115.77079268150366
10605,41.902502722260245,12.516432427909752,115.34424976464645
10606,41.90250430523819,12.516431561393597,114.93193661229563
10607,41.90250589267681,12.516430745111581,114.5132031663242
10608,41.90250754981025,12.51642986843805,114.11255156706753
10609,41.902509177442525,12.51642905117799,113.71838646807932
10610,41.90251084851454,12.516428183379261,113.33821350188552
10611,41.902512487008856,12.516427326122619,112.96926723408728
10612,41.90251416736793,12.516426488633396,112.60801577061679
10613,41.90251587937251,12.516425611573556,112.25829190636559
10614,41.902517542327956,12.51642476941042,111.9206071416417
10615,41.90251922690942,12.516423955022777,111.580275028616
10616,41.90252093516546,12.516423149861325,111.26468529322892
10617,41.902522672277996,12.51642237973366,110.95239940722962
10618,41.90252441855149,12.51642158215241,110.66147315028944
10619,41.90252615167521,12.516420802767787,110.38635700388944
10620,41.90252791011376,12.516420038979863,110.12583710368054
10621,41.902529653439494,12.516419258291855,109.87666652590053
10622,41.90253142837121,12.516418498224297,109.64397106491843
10623,41.90253326148024,12.51641772261204,109.42127786685403
10624,41.902535013060195,12.51641692609911,109.21086811847707
10625,41.90253680141593,12.516416162013535,109.01034800065018
10626,41.902538610621384,12.516415377406311,108.82293024467747
10627,41.90254042643267,12.516414599585532,108.65975891665954
10628,41.90254222504635,12.516413772829578,108.51842836828233
10629,41.902543988066235,12.516413040355975,108.37656652450075
10630,41.902545828199386,12.516412260582754,108.23439458729885
10631,41.90254763847993,12.516411524758366,108.1051731628396
10632,41.90254942560348,12.516410784446183,107.96288387312501
10633,41.90255122447628,12.516410068180262,107.82445486696314
10634,41.902552980401914,12.516409365668268,107.68794987848335
10635,41.90255480435295,12.516408631373661,107.5627785938237
10636,41.90255658932968,12.51640790061235,107.44472867839718
10637,41.90255837786364,12.516407189324207,107.34146195764407
10638,41.902560125084975,12.516406491825107,107.24160401974393
10639,41.90256191267597,12.51640575608485,107.15449792920982
10640,41.90256365954034,12.516405042629273,107.07454433268315
10641,41.902565411229375,12.516404325758746,107.00718511969625
10642,41.90256711720909,12.51640364344298,106.93497717240392
10643,41.90256879097971,12.516402987617344,106.87129598864365
10644,41.902570519664934,12.516402318743781,106.81099029634238
10645,41.90257219354404,12.516401686742944,106.74109564394526
10646,41.902573843588144,12.51640104823147,106.67884386283743
10647,41.90257552149294,12.516400406201075,106.61579764540271
10648,41.9025771645421,12.516399780239224,106.55742962803616
10649,41.90257879711574,12.516399154908726,106.51075403894723
10650,41.90258040791662,12.516398548027635,106.46467846373211
10651,41.902581997100846,12.516397933617977,106.42301072581832
10652,41.902583581246724,12.516397324918053,106.37963248687808
10653,41.9025851631861,12.516396737052299,106.3417737693046
10654,41.90258670517741,12.516396121976863,106.30264369148831
10655,41.90258826303271,12.516395535542943,106.26965280769511
10656,41.902589744908425,12.51639496980675,106.24622316158448
10657,41.90259125970066,12.516394422637592,106.21576070445523
10658,41.90259274527038,12.51639385183883,106.1878258969075
10659,41.90259418673256,12.516393315547113,106.15891936729734
10660,41.90259564760213,12.516392765517105,106.12644121234604
10661,41.90259709233509,12.516392220777176,106.09651147021107
10662,41.90259848948604,12.516391705992032,106.07932376885502
10663,41.90259989385059,12.51639117866041,106.07809033099564
10664,41.902601276708104,12.516390660601152,106.08904889291938
10665,41.90260261759498,12.516390132941831,106.08270508822608
10666,41.90260394055745,12.516389642722734,106.0817967580051
10667,41.90260530017017,12.516389132546166,106.0757586095935
10668,41.902606624933874,12.516388631500977,106.07137599352586
10669,41.902607927806066,12.516388103305168,106.07175921162118
10670,41.90260918589245,12.516387592705499,106.0730375747842
10671,41.90261041033828,12.516387100358468,106.07538235566616
10672,41.90261168493044,12.516386558181695,106.07210522835067
10673,41.90261300175474,12.516386005042621,106.06979834526939
10674,41.90261428502046,12.516385464639303,106.06010713272525
10675,41.90261555340675,12.516384947786543,106.05837100774463
10676,41.90261681063756,12.516384477882506,106.06398656156513
10677,41.90261808526181,12.516383998879954,106.07539077752209
10678,41.902619348492685,12.516383526500894,106.09405275945915
10679,41.902620610469135,12.516383092247276,106.12006312740618
10680,41.902621887553806,12.516382633271698,106.1513867447792
10681,41.90262314192599,12.516382188785327,106.19877773128894
10682,41.902624368484815,12.516381721459824,106.24797733783574
10683,41.90262559196594,12.5163812533956,106.29573243029007
10684,41.9026267957551,12.5163807505377,106.3300247193697
10685,41.9026280149268,12.516380216272037,106.362906111317
10686,41.902629227993565,12.516379668468424,106.39836325069628
10687,41.90263040259597,12.516379108472071,106.44468897484708
10688,41.90263154397221,12.516378557026439,106.48643664878202
10689,41.902632674826584,12.516378012568328,106.52755097628587
10690,41.90263383251863,12.516377466301265,106.56718793908207
10691,41.902634956747164,12.51637695029626,106.62212505583491
10692,41.90263610475324,12.516376446549126,106.69026867162927
10693,41.90263721260842,12.516375985662199,106.75118711779211
10694,41.90263833821755,12.516375531757495,106.81718352464203
10695,41.90263945197304,12.51637507921117,106.88408298074059
10696,41.90264059132914,12.516374622557821,106.94593589197923
10697,41.90264171354101,12.516374166570275,107.02757773169166
10698,41.90264284618525,12.51637370124798,107.1092203223295
10699,41.90264399403642,12.516373200575568,107.1969215059693
10700,41.90264513302011,12.51637271357279,107.27310588660158
10701,41.90264626850067,12.516372208717508,107.34950880969107
10702,41.90264740078422,12.516371706911329,107.42262794505719
10703,41.90264855479085,12.51637116556801,107.49138568043512
10704,41.90264972427184,12.516370596172063,107.55537622728998
10705,41.902650928531976,12.51636998710615,107.61753599518818
10706,41.90265213683881,12.516369355136973,107.67378073100672
10707,41.902653341983836,12.516368741298178,107.73184543715305
10708,41.902654530913445,12.516368144244645,107.77668393765612
10709,41.90265572238147,12.516367569665926,107.82060632248363
10710,41.90265692578231,12.516367029335388,107.85896207083547
10711,41.902658132486884,12.516366502844638,107.89723562857377
10712,41.90265932899832,12.516366004931998,107.93785297142885
10713,41.90266055829873,12.51636547470027,107.95236365453789
10714,41.90266179376555,12.516364966595825,107.97506070068745
10715,41.90266304056764,12.516364430354958,107.9844665828262
10716,41.90266430017553,12.516363894924298,107.99427468635413
10717,41.90266555814513,12.516363367167944,107.9835738269434
10718,41.90266682036189,12.516362827842233,107.9689718669294
10719,41.90266809852467,12.516362271476691,107.95440587983752
10720,41.90266940167899,12.516361664255525,107.91961470847134
10721,41.90267068627557,12.516361064078936,107.87104999819827
10722,41.90267195324156,12.516360473755439,107.8322984103601
10723,41.90267324315627,12.516359899215278,107.79653620244578
10724,41.9026745024617,12.516359335653329,107.77701599814772
10725,41.9026758388872,12.516358769665533,107.74403050932713
10726,41.90267718790455,12.516358219940242,107.68242826964917
10727,41.902678557244556,12.51635767960927,107.61786315486212
10728,41.90267995541996,12.516357094188802,107.54774072489305
10729,41.90268133036584,12.51635655143091,107.48006802170661
10730,41.90268271414774,12.516356018269422,107.40588437202766
10731,41.902684084770854,12.516355434027545,107.31074413762653
10732,41.90268546078528,12.516354903961888,107.20051525200181
10733,41.9026868640187,12.516354355031304,107.04917177828882
10734,41.90268824859532,12.516353813782397,106.87485822451573
10735,41.902689640887,12.516353289700563,106.6789332725892
10736,41.90269107316849,12.516352762611538,106.46006940835797
10737,41.902692482644916,12.516352279310025,106.21380974705029
10738,41.90269397029238,12.516351760284493,105.95318107422875
10739,41.90269546438307,12.516351271219571,105.6726602667499
10740,41.902696940365175,12.516350831679187,105.39802792355022
10741,41.90269845379755,12.516350353904066,105.1237837052523
10742,41.90269993253169,12.516349930973591,104.84581868096281
10743,41.902701445163935,12.516349496269036,104.55043103240061
10744,41.90270296623331,12.516349071307438,104.26168545343529
10745,41.90270452125348,12.516348625151556,103.98536080430195
10746,41.90270608454771,12.516348191227609,103.71797207405838
10747,41.90270762011697,12.516347768644813,103.47949644123585
10748,41.90270917712257,12.516347340856747,103.26018057112081
10749,41.90271074495404,12.516346923516103,103.04909138256605
10750,41.90271233112043,12.516346506777678,102.84527753512555
10751,41.90271391414572,12.51634610211472,102.63938977705062
10752,41.90271553875064,12.516345669384851,102.44296522907722
10753,41.90271717875287,12.5163452469306,102.25577790539523
10754,41.90271881174416,12.516344832995683,102.07848627826306
10755,41.902720471320926,12.516344418807716,101.88252405478839
10756,41.90272213522598,12.516344014811917,101.67841031338193
10757,41.90272382261283,12.516343612574541,101.4777178214175
10758,41.90272552947189,12.516343201310956,101.28333587568956
10759,41.902727237629364,12.516342833389631,101.10469513223941
10760,41.902728968867706,12.516342421491853,100.95248078815064
10761,41.90273069887456,12.516342044614879,100.83030927195013
10762,41.90273244276048,12.516341648159148,100.7317279942465
10763,41.90273422017505,12.516341267986256,100.65592053840817
10764,41.90273598018254,12.516340833074839,100.6105384429628
10765,41.90273775882863,12.516340445748222,100.59398129038969
10766,41.902739549048334,12.516340018095677,100.6001812247619
10767,41.90274133745422,12.516339583494757,100.61666961809735
10768,41.90274313556935,12.51633915271192,100.62473194322656
10769,41.90274493887698,12.51633870891301,100.62851129829563
10770,41.902746754860225,12.516338246476103,100.64149070363909
10771,41.902748578316725,12.51633776982954,100.63703549065791
10772,41.90275040910701,12.516337278348248,100.63686480409024
10773,41.90275229142487,12.516336786515062,100.63005128780186
10774,41.90275414179276,12.516336313381263,100.62077832645426
10775,41.90275602426064,12.516335848704113,100.62663755708296
10776,41.90275787640774,12.516335396379079,100.6403678801331
10777,41.902759742613405,12.516334965540754,100.65721789443214
10778,41.90276163752404,12.516334493023257,100.68961177873477
10779,41.902763542386545,12.516334034195827,100.71247231136418
10780,41.90276545009189,12.516333555859072,100.75216047583041
10781,41.902767340624415,12.516333109468253,100.78731763795335
10782,41.90276925966644,12.51633265176306,100.82298771202605
10783,41.902771179467905,12.516332140060886,100.87743341702225
10784,41.90277310209244,12.516331598735617,100.94877923505128
10785,41.90277502427534,12.516331097562269,101.02293096922983
10786,41.90277695908732,12.516330604315208,101.1138010299397
10787,41.90277891822894,12.516330057178294,101.19854808194724
10788,41.902780892876656,12.516329492337832,101.27780922839561
10789,41.90278285572766,12.516328940895551,101.36195267733119
10790,41.90278484272012,12.516328389552356,101.45227960825163
10791,41.90278683121607,12.516327848724442,101.5640465287267
10792,41.90278881395478,12.516327304847206,101.68317448350649
10793,41.902790813448114,12.516326737052573,101.80442466320285
10794,41.90279279437948,12.516326155727006,101.9161176421256
10795,41.90279475829723,12.516325531445942,102.02703006296086
10796,41.902796726582224,12.516324942405344,102.13853117556414
10797,41.90279869565045,12.516324334760062,102.25724746740008
10798,41.902800670976056,12.51632374918567,102.36788684094182
10799,41.90280266507302,12.516323125764538,102.48740472530339
10800,41.90280460709418,12.516322535180711,102.60786036117972
10801,41.90280658817161,12.516321934051264,102.73812648148338
10802,41.90280852164239,12.516321320401612,102.87561535046166
10803,41.90281047416113,12.516320677571361,103.01764961423856
10804,41.90281244606023,12.516320046975899,103.16145623252608
10805,41.90281438363182,12.516319394163817,103.30476768718653
10806,41.902816356384434,12.516318743512759,103.46044984612617
10807,41.902818319913806,12.516318074263731,103.60835913157484
10808,41.902820238955755,12.516317430255933,103.77465252145534
10809,41.90282217081041,12.51631676621408,103.94305580710328
10810,41.90282411478704,12.516316117143935,104.10882484346452
10811,41.90282605719093,12.516315432270629,104.26985850849151
10812,41.90282799606217,12.51631471856196,104.43377118314119
10813,41.90282991137164,12.516314001622858,104.58884181609321
10814,41.902831848724354,12.516313270987311,104.74580808169968
10815,41.902833755948066,12.516312590871808,104.9084708132494
10816,41.90283570600761,12.516311813819831,105.07989076091306
10817,41.90283761437281,12.516311043557836,105.25763298237716
10818,41.90283951434091,12.516310324424131,105.42692404322534
10819,41.9028414078475,12.516309610639345,105.60470354705525
10820,41.90284333652528,12.516308825717136,105.77474003877778
10821,41.90284525053707,12.516308100525563,105.94497534183398
10822,41.90284718757719,12.516307326417818,106.10005102212347
10823,41.902849097568314,12.516306532532953,106.26272001933012
10824,41.90285104406179,12.516305700621938,106.43554706248663
10825,41.9028529401752,12.516304878185972,106.61105625319838
10826,41.90285484174632,12.516304043984839,106.78950298957858
10827,41.90285671313614,12.51630320679613,106.95772067550419
10828,41.902858608009716,12.516302359813569,107.11252935097296
10829,41.902860497073874,12.516301527333713,107.26944424015399
10830,41.90286237618338,12.51630066469346,107.43732274039978
10831,41.90286425905948,12.516299813057557,107.60760300903092
10832,41.90286612571923,12.516299003349163,107.76697087510907
10833,41.9028679953381,12.516298163555415,107.93547573422211
10834,41.90286985893654,12.516297283582686,108.08824932124091
10835,41.902871687187,12.516296449102901,108.23241160107408
10836,41.90287354073066,12.516295571867136,108.3698828284509
10837,41.902875306928706,12.516294734854547,108.48734041522916
10838,41.902877044012875,12.51629389864634,108.61335245463277
10839,41.902878796823785,12.516293101981784,108.7267979100496
10840,41.90288052804693,12.516292295916433,108.83669131078504
10841,41.90288222570425,12.51629146495523,108.94546673311767
10842,41.902883956105654,12.51629062859241,109.04779855484762
10843,41.90288564232575,12.51628981670883,109.1544335941744
10844,41.90288733653165,12.516289017549706,109.25268164654602
10845,41.902888998675685,12.516288161922647,109.3532253563995
10846,41.9028906658333,12.516287303563912,109.44902541942729
10847,41.902892303194584,12.51628649061132,109.54735666522137
10848,41.90289391789582,12.516285654795766,109.66117064691062
10849,41.90289552206666,12.51628482017527,109.77406842158473
10850,41.90289708142447,12.51628400509403,109.88648810032717
10851,41.902898648823474,12.516283192925162,110.00157453778002
10852,41.90290020534873,12.516282376295614,110.12087919229388
10853,41.902901744450666,12.516281595420777,110.22120471571664
10854,41.90290329509889,12.516280864097178,110.31504824469953
10855,41.90290480926659,12.516280114134371,110.4090722737932
10856,41.90290632386736,12.516279316874334,110.51848968114095
10857,41.90290781497729,12.516278559811829,110.61713336176946
10858,41.902909307461066,12.516277764261211,110.72065116102709
10859,41.90291075114776,12.516276979197201,110.82769377704112
10860,41.902912179530404,12.516276230578127,110.94175389775171
10861,41.90291363817641,12.516275417349982,111.05677791469893
10862,41.90291505405923,12.516274633911735,111.16276628537774
10863,41.902916495718365,12.516273863754025,111.25994931123333
10864,41.90291794993104,12.51627304711415,111.3462066782985
10865,41.902919403219954,12.51627224571119,111.44113328764475
10866,41.90292085854552,12.516271419266543,111.54004856450523
10867,41.90292217093046,12.516270681830616,111.6271203714749
10868,41.90292348371267,12.516269937576856,111.71940440550931
10869,41.902924724067034,12.51626923753099,111.78808275059039
10870,41.902926133354974,12.516268490042162,111.85888797535297
10871,41.9029274854604,12.516267744113257,111.9276741960268
10872,41.90292892541017,12.516266952487403,112.00707846853724
10873,41.90293037268024,12.516266152549665,112.05164802926228
10874,41.90293181481218,12.5162653982667,112.07951727409483
10875,41.90293325379343,12.51626459951881,112.10900756896413
10876,41.90293469016063,12.516263759526812,112.15001556458202
10877,41.90293619346135,12.516262887997321,112.21552462612078
10878,41.90293766960897,12.516262040966355,112.26552822786846
10879,41.902939191037575,12.51626120626967,112.30104180995235
10880,41.90294071855485,12.516260372015209,112.31317213363644
10881,41.9029423524519,12.51625945516833,112.31962747860392
10882,41.902944031328694,12.516258546794209,112.31872900832509
10883,41.90294575107454,12.516257641485943,112.31632695742218
10884,41.90294752360384,12.516256696044954,112.30175949606999
10885,41.9029491290619,12.516255779149025,112.29115734852483
10886,41.902950709870474,12.516254897128995,112.27601767314029
10887,41.9029521929036,12.516254066838496,112.2623248828879
10888,41.902953605754874,12.516253259428428,112.26790015210058
10889,41.902955034696426,12.516252466206796,112.24789917053968
10890,41.90295649025197,12.516251641645425,112.231752254688
10891,41.902958009415876,12.516250826438466,112.22679067675173
10892,41.90295957321518,12.516249973639283,112.2379114920683
10893,41.902961131885064,12.516249110220189,112.23465510882943
10894,41.902962766685945,12.516248250697217,112.23199641035443
10895,41.90296432370819,12.516247397629195,112.23242881287288
10896,41.90296585550472,12.516246558957336,112.212634977407
10897,41.90296737852602,12.516245733112441,112.1977448332452
10898,41.90296894354969,12.516244862246662,112.18890239349489
10899,41.90297052081663,12.51624400578936,112.18623491146181
10900,41.90297217359382,12.516243089881053,112.19133625808043
10901,41.90297383137386,12.516242187651331,112.1858310457325
10902,41.9029755362869,12.516241223712907,112.1591102918004
10903,41.90297722117166,12.516240267969115,112.13746697779048
10904,41.90297892178509,12.516239324428795,112.13193241751206
10905,41.902980652820304,12.516238375119745,112.12840988606843
10906,41.902982311104644,12.5162374510962,112.1249408806703
10907,41.902984026490785,12.516236543842735,112.11806943637764
10908,41.90298567672884,12.516235667928234,112.09684341490457
10909,41.90298736412802,12.51623475766169,112.08349166855628
10910,41.90298899947721,12.516233842958272,112.06439982845217
10911,41.90299072385859,12.516232928788352,112.04096620100519
10912,41.90299245727131,12.516232010766577,112.0313067684518
10913,41.90299419783652,12.51623107833405,112.019383227144
10914,41.90299600447691,12.516230089181068,112.0064818084489
10915,41.90299781790316,12.516229123292867,111.99041283334394
10916,41.902999614000414,12.516228157695148,111.97924690373931
10917,41.9030014195054,12.516227174308854,111.97167619874541
10918,41.903003186348386,12.516226192204076,111.96699193417217
10919,41.90300497146027,12.516225245994155,111.94033514852529
10920,41.90300679554197,12.51622425949228,111.9169958058479
10921,41.90300863139252,12.516223282728903,111.90230445923768
10922,41.9030104980728,12.516222279341688,111.89342876118194
10923,41.903012367121654,12.51622129446608,111.88128988778361
10924,41.90301424602581,12.516220288267636,111.87439290878716
10925,41.90301616190494,12.516219280976177,111.86240334134018
10926,41.903018027276275,12.516218244519504,111.85730068793711
10927,41.90301993789105,12.516217224710571,111.8438502611747
10928,41.903021881423655,12.516216184383605,111.83058895497572
10929,41.90302384992362,12.516215103026108,111.8254095000816
10930,41.90302582198177,12.516214026953405,111.82140240041167
10931,41.903027755895295,12.516212958073085,111.82446702060162
10932,41.90302974394467,12.516211939354491,111.81842743468283
10933,41.90303171852474,12.516210908839474,111.81867885824096
10934,41.90303372943587,12.516209944725352,111.81371952000886
10935,41.90303572356811,12.516208918228322,111.7985249654037
10936,41.903037725962655,12.51620788776049,111.79294051008407
10937,41.903039764089336,12.516206810175667,111.78466892572894
10938,41.90304179165792,12.516205766552273,111.77168960026427
10939,41.90304382037574,12.51620463482477,111.76633855655795
10940,41.903045901899084,12.516203533836235,111.74792286858413
10941,41.90304799074941,12.516202396998212,111.75301571844051
10942,41.90305009227693,12.516201283236569,111.74811738634415
10943,41.90305220310315,12.516200207167673,111.7476674857086
10944,41.90305433361647,12.516199124820812,111.7385778508798
10945,41.90305653471406,12.51619800704595,111.72624298280526
10946,41.90305871017975,12.516196873981094,111.72243951933991
10947,41.90306091637481,12.516195741921027,111.71378619700785
10948,41.90306311668123,12.516194618738249,111.70999917122438
10949,41.903065298008954,12.516193461391621,111.69613079432125
10950,41.903067480199454,12.516192291639234,111.68025212234548
10951,41.90306965079226,12.516191160793591,111.66103431391629
10952,41.90307180517754,12.516190009526577,111.65373781609573
10953,41.90307396423259,12.516188864246173,111.64430760222093
10954,41.90307615029326,12.516187734822394,111.63997163159377
10955,41.903078299748096,12.516186595563708,111.63007249607024
10956,41.90308048594837,12.516185500878345,111.61335262143922
10957,41.90308266533965,12.516184339908982,111.59894863429666
10958,41.90308479818888,12.516183274186831,111.58367786903622
10959,41.90308697360129,12.516182159605739,111.57323683993786
10960,41.90308909330284,12.516181021308007,111.55702016049511
10961,41.9030912017573,12.516179893446873,111.5556073513694
10962,41.903093332710924,12.5161787904036,111.56086120903942
10963,41.9030954645318,12.516177647244461,111.55865963875306
10964,41.903097611986354,12.516176533944641,111.55768037062187
10965,41.90309976156869,12.516175387137784,111.5519722141021
10966,41.903101904585824,12.516174298189567,111.55726859380842
10967,41.90310402433017,12.516173185718843,111.5629026557762
10968,41.903106152217305,12.516172075491557,111.56612634376259
10969,41.90310827823526,12.516170983245608,111.5653356578959
10970,41.90311044076073,12.51616983127461,111.56233005177066
10971,41.90311260350168,12.516168749660038,111.57165280114698
10972,41.90311480128728,12.516167567728836,111.57580531652123
10973,41.903116946901626,12.51616639166171,111.59480192891887
10974,41.903119070091755,12.516165253367605,111.61851598250396
10975,41.90312125508819,12.516164112238801,111.64517644899887
10976,41.90312344894512,12.516162960177976,111.67043031039829
10977,41.90312559480916,12.51616176500138,111.68033375396952
10978,41.90312776024907,12.516160561485048,111.70081163177018
10979,41.90312996250035,12.51615939670641,111.72083098137365
10980,41.90313217322812,12.516158232781718,111.75434580279628
10981,41.90313437585023,12.516157019009722,111.78020932187923
10982,41.90313658830936,12.51615582954783,111.79902927816083
10983,41.90313886253839,12.516154620993145,111.81782875413307
10984,41.90314108754992,12.516153432414502,111.85151965707456
10985,41.90314330846113,12.516152267324362,111.86418288570243
10986,41.90314557824095,12.516151054230598,111.87019735998304
10987,41.90314787982796,12.516149805101167,111.88165861778994
10988,41.903150161906076,12.516148570588793,111.90870667227188
10989,41.90315244414723,12.516147379124503,111.9502511185153
10990,41.90315479378653,12.516146152417791,111.95072256393645
10991,41.90315710045243,12.516144992520394,111.96108470130518
10992,41.903159401722874,12.516143828039267,111.96494339690662
10993,41.903161666998045,12.51614261712672,111.97307039801025
10994,41.90316389952704,12.51614138877496,111.9787648470974
10995,41.903166160048485,12.516140166763934,111.99329115517796
10996,41.90316842444637,12.516138913456208,112.00114792487314
10997,41.9031707092754,12.516137655068462,112.0093931360447
10998,41.903172992591934,12.51613639164819,112.02750381952205
10999,41.90317531558389,12.516135134451023,112.04522882770387
11000,41.9031776535437,12.51613393786352,112.05359691687768
11001,41.90318001220768,12.51613270854573,112.04307050979303
11002,41.90318239784914,12.516131422457494,112.02035819363438
11003,41.90318485479431,12.51613008244714,112.01923484108758
11004,41.90318722170906,12.516128798413332,112.02074174357277
11005,41.903189650083235,12.516127461126125,112.01570583036455
11006,41.90319206910514,12.516126109085947,112.00576370924477
11007,41.90319438037938,12.51612485244179,112.00202075946666
11008,41.9031967842239,12.516123595336115,111.98811574279206
11009,41.90319915330659,12.516122289402535,111.98186679507958
11010,41.90320154383326,12.516120980819181,111.96389065162303
11011,41.90320391616099,12.516119645465952,111.95360000123374
11012,41.903206352651544,12.516118362383587,111.94785912941892
11013,41.90320874961221,12.516117060386831,111.96118148469803
11014,41.90321119079545,12.516115749065607,111.96545043046082
11015,41.90321364270321,12.516114445874827,111.9458359840439
11016,41.903216143053434,12.51611309873195,111.91900450467801
11017,41.903218626074704,12.516111740224801,111.91616095732167
11018,41.90322111176397,12.516110377673868,111.9195146227524
11019,41.90322359879345,12.516109036524622,111.90685674438437
11020,41.903226071827866,12.516107719852181,111.8943367097705
11021,41.90322854066517,12.516106386694199,111.87067966399074
11022,41.90323102814487,12.516105056515014,111.84578684272286
11023,41.903233453366454,12.516103761732285,111.83055642124083
11024,41.903235942907976,12.516102456290998,111.81592820870434
11025,41.903238380043945,12.516101174889451,111.80589655228712
11026,41.90324085118366,12.51609984255512,111.78797741256851
11027,41.90324338551572,12.516098540657818,111.7891962375149
11028,41.903245904641125,12.51609720545958,111.78463455341895
11029,41.903248378041326,12.516095839882214,111.78671489437272
11030,41.90325093085973,12.516094452486294,111.78917217934656
11031,41.90325347150686,12.51609316297702,111.78880599512166
11032,41.90325592595887,12.516091842953553,111.79008942184947
11033,41.903258441107766,12.516090492225526,111.79128687849136
11034,41.90326095641827,12.516089098892344,111.799303182385
11035,41.9032634943707,12.516087804904753,111.79465220443504
11036,41.90326600804151,12.516086443694624,111.79737886454853
11037,41.90326847445104,12.516085114766526,111.80299674998996
11038,41.90327099178952,12.516083783465312,111.80162667557993
11039,41.90327347639678,12.516082430633762,111.80260639295264
11040,41.90327600091017,12.516081032961914,111.80900127075077
11041,41.903278513938496,12.51607965236119,111.807365033124
11042,41.90328102887622,12.516078320105025,111.80633743483132
11043,41.90328354721772,12.516076960888228,111.81160227902802
11044,41.903286007926965,12.516075642326715,111.82358252053089
11045,41.90328851129454,12.516074290723564,111.82852657669947
11046,41.90329098462571,12.516072974519243,111.82767260193839
11047,41.903293497720895,12.516071634193748,111.8395697936561
11048,41.90329596705446,12.516070246200812,111.84443268889748
11049,41.90329846837218,12.516068900025951,111.85444492467977
11050,41.903300944631965,12.516067583890104,111.87089184800882
11051,41.90330342825983,12.516066251586498,111.88164988535422
11052,41.903305892900875,12.516064906367186,111.8892762470253
11053,41.903308402174865,12.516063525660947,111.89691344049035
11054,41.903310889969795,12.516062159955395,111.9171554821869
11055,41.90331336538828,12.51606078151557,111.9354114275575
11056,41.903315836639244,12.516059455628989,111.95487367341984
11057,41.903318313373255,12.516058118152307,111.95994486720045
11058,41.90332076882227,12.516056792551277,111.97246701383818
11059,41.90332323663522,12.516055439494595,111.98095850036938
11060,41.90332570224869,12.516054132086207,111.98833089306048
11061,41.90332817921467,12.51605280329184,112.00827058059059
11062,41.90333065643285,12.516051462986825,112.02203577675097
11063,41.90333309547514,12.516050114727959,112.0286109138894
11064,41.90333557167848,12.516048794897126,112.03430054863422
11065,41.90333805001224,12.516047456105166,112.04281204491834
11066,41.9033405238067,12.51604611734167,112.05793819439164
11067,41.903342953060374,12.516044791080049,112.06907808974593
11068,41.90334544911104,12.51604347806744,112.07631826242584
11069,41.90334790198247,12.516042143942592,112.07383836867108
11070,41.90335033173303,12.516040775204823,112.08784753222992
11071,41.903352844821946,12.516039413359524,112.08836756704886
11072,41.90335531106913,12.516038079972216,112.0948704599197
11073,41.903357752589976,12.516036818754323,112.11997366544733
11074,41.90336020586472,12.516035428435158,112.11697283957766
11075,41.903362598252194,12.516034108907732,112.137462281035
11076,41.90336504002688,12.51603275403849,112.13961225917905
11077,41.903367424838486,12.51603150225864,112.15068975272577
11078,41.903369795609734,12.516030197259518,112.15753896047876
11079,41.9033722042885,12.516028894390967,112.1572013926645
11080,41.9033745484469,12.516027594121777,112.17872054609997
11081,41.90337701328399,12.516026278063771,112.17814623290835
11082,41.90337927508611,12.516025081040526,112.19330273929941
11083,41.9033816997498,12.516023743691193,112.18388224233132
11084,41.903384016004956,12.516022515033677,112.16816498709645
11085,41.90338637038898,12.516021227066503,112.18280917014208
11086,41.903388736497014,12.516019928015238,112.183821763719
11087,41.903391087998344,12.516018706123248,112.18727329901233
11088,41.90339340199399,12.516017341886387,112.17788652375435
11089,41.90339566261879,12.516016129391103,112.15199845373613
11090,41.90339795748326,12.516014999078184,112.13765071927176
11091,41.90340027033088,12.516013754037187,112.11948683971484
11092,41.903402459528756,12.516012600290209,112.08420392465057
11093,41.903404767444435,12.516011367246266,112.03560042641452
11094,41.903407003284364,12.516010202906305,111.99602441388038
11095,41.90340928344031,12.516009011090123,111.95409291670803
11096,41.90341148059331,12.516007789227295,111.91008864060598
11097,41.903413706263414,12.516006645508451,111.87213482631253
11098,41.903415941104186,12.516005478066724,111.8369836385963
11099,41.90341817636201,12.516004372565435,111.80477924380081
11100,41.90342042153211,12.516003251594306,111.7725055788626
11101,41.90342265428527,12.516002066408513,111.73876747272519
11102,41.90342488764545,12.516000785357098,111.67864859985117
11103,41.90342710802624,12.515999590197884,111.64974402469853
11104,41.90342935253013,12.51599844865181,111.62852937512642
11105,41.9034316011878,12.515997273660663,111.624062989373
11106,41.90343388749974,12.515996103455759,111.6071789867346
11107,41.903436118063944,12.515994870011227,111.56266438254302
11108,41.90343836103856,12.515993780971908,111.5217498774574
11109,41.903440588327314,12.51599265302647,111.48644987533301
11110,41.90344283856765,12.515991434639712,111.45790924774597
11111,41.90344497944617,12.51599023597355,111.45693091795609
11112,41.903447273558385,12.515988946587393,111.45605170825425
11113,41.90344951027366,12.515987828996787,111.46368985994398
11114,41.903451797171556,12.515986670395712,111.46983644312404
11115,41.9034540007147,12.51598552793688,111.458326522817
11116,41.90345623728966,12.515984340973121,111.43710469099823
11117,41.90345849529513,12.515983090162448,111.43107989666815
11118,41.903460715193795,12.51598195566593,111.43876161426721
11119,41.903462957909426,12.515980659305075,111.43425648481944
11120,41.9034652244563,12.515979427645739,111.43194743223192
11121,41.90346752457384,12.515978242284632,111.43913815687667
11122,41.90346980858009,12.515977062986734,111.44943823314723
11123,41.90347204262829,12.515975904179362,111.4637569291441
11124,41.90347426146413,12.515974759304061,111.4838661980732
11125,41.90347648876044,12.515973603769545,111.48496539897657
11126,41.90347871444206,12.515972391751584,111.50913641318043
11127,41.90348099059706,12.515971126791396,111.53326076041839
11128,41.90348323587388,12.515969922121053,111.574239407939
11129,41.90348554670882,12.515968658352046,111.62328236515067
11130,41.903487786094274,12.515967448173846,111.67433896510434
11131,41.90349001210169,12.51596628178037,111.72777600572553
11132,41.90349230958788,12.51596505488647,111.75029348363556
11133,41.90349461028306,12.515963884039488,111.79085279734583
11134,41.903496909125614,12.515962639463389,111.82805777983212
11135,41.90349916430616,12.515961404749769,111.86891134762539
11136,41.90350141888791,12.515960172857863,111.9071249155133
11137,41.90350366052749,12.515958954196119,111.94910720139222
11138,41.9035058821019,12.515957787754115,111.99568416389502
11139,41.903508170645196,12.51595656610944,112.05039777380327
11140,41.90351035293835,12.515955301163878,112.11454965496414
11141,41.90351258801771,12.515954043294201,112.19828727383282
11142,41.903514785365815,12.515952797416698,112.26696294949814
11143,41.90351700731366,12.515951571192042,112.35288244651258
11144,41.90351921999052,12.51595032184559,112.42510352096207
11145,41.90352141690713,12.51594912082026,112.49409766822797
11146,41.903523647373824,12.515947851124258,112.56771518689892
11147,41.90352585381625,12.515946587632447,112.63313306469152
11148,41.903528076651746,12.515945390215581,112.6976870500769
11149,41.90353025781355,12.515944080792286,112.76283122693309
11150,41.90353243505645,12.515942859211549,112.83486987272039
11151,41.90353462244844,12.515941584564063,112.90175303340249
11152,41.90353680160536,12.51594033507578,112.97049860293137
11153,41.903538973105995,12.515939098555272,113.03145821518692
11154,41.9035411200822,12.515937828833188,113.08891809440183
11155,41.90354321615199,12.515936647529134,113.14312207196026
11156,41.903545296279695,12.51593539017328,113.20459865722982
11157,41.90354734637512,12.515934176066596,113.26647940089897
11158,41.90354940192473,12.515932994428528,113.33905086954758
11159,41.9035514875206,12.515931721254285,113.40300917548642
11160,41.90355358068846,12.515930509244658,113.47689395201188
11161,41.90355564415635,12.515929262465828,113.54369570338388
11162,41.9035577181616,12.515928035476268,113.60757160895912
11163,41.90355975584057,12.515926822683843,113.6801104339858
11164,41.903561785051515,12.515925619765861,113.76706538930961
11165,41.90356385778623,12.515924396879727,113.8494557887381
11166,41.90356593295989,12.515923168371216,113.93353983017178
11167,41.90356795193627,12.51592186603107,114.02648241883011
11168,41.90356998647461,12.515920599318125,114.14291483833406
11169,41.90357195917354,12.515919328848122,114.25958482203316
11170,41.90357392468046,12.515918131114956,114.38478478060166
11171,41.90357590047705,12.515916827140902,114.50819379733485
11172,41.903577825607705,12.515915608295092,114.63225940377947
11173,41.90357978927166,12.515914327679507,114.74165926578942
11174,41.903581725557615,12.515913096264619,114.85160623795895
11175,41.903583622587824,12.515911892116643,114.96008200893745
11176,41.90358549379344,12.515910701217072,115.06870955061338
11177,41.90358738876156,12.51590949758287,115.18054376783098
11178,41.90358928288858,12.515908228447287,115.29460137617565
11179,41.90359120123428,12.515906999234202,115.41363306130108
11180,41.90359308216364,12.515905725677563,115.5257123551889
11181,41.90359495362677,12.515904441324597,115.63116679636721
11182,41.90359681204941,12.51590321125604,115.7378003931327
11183,41.90359868711885,12.51590190616623,115.8497591028535
11184,41.903600536382015,12.515900682442846,115.97272801538325
11185,41.90360239655443,12.51589942078732,116.08814431689014
11186,41.90360426294381,12.515898144180472,116.2013149531257
11187,41.903606089512074,12.515896929054012,116.32137176615623
11188,41.903607922426566,12.515895682296708,116.42483586101882
11189,41.90360973966156,12.51589442741167,116.53653826350158
11190,41.90361157658535,12.515893170544617,116.63885737128898
11191,41.90361345548336,12.515891891147835,116.73529073381299
11192,41.903615311484074,12.515890593414685,116.82150729013578
11193,41.90361712440292,12.515889338908076,116.91575879648137
11194,41.90361892544032,12.515888082501288,117.00353823548679
11195,41.903620731710966,12.515886806794471,117.08845396034923
11196,41.903622587338766,12.515885514273513,117.1717182786065
11197,41.90362440673478,12.515884209859637,117.2534124674802
11198,41.90362619530142,12.5158829329606,117.32951849072369
11199,41.90362804383055,12.515881604802521,117.4030794391077
11200,41.90362979242952,12.515880347282824,117.47441797923712
11201,41.9036316453029,12.515879069238585,117.54927969065491
11202,41.903633431020275,12.5158777999541,117.61746093532298
11203,41.90363530726936,12.515876506431969,117.68479712323457
11204,41.90363714238225,12.51587518650965,117.74045969798578
11205,41.903639017214694,12.51587391974428,117.80813664828176
11206,41.90364087979194,12.515872572829782,117.87398290960392
11207,41.9036427008482,12.51587123747939,117.93841157427721
11208,41.90364457623043,12.515869894848537,117.99449450916457
11209,41.903646406180485,12.515868549375506,118.0467034290562
11210,41.903648276570834,12.515867227094079,118.09759882420934
11211,41.903650101803954,12.515865882418717,118.12349251550162
11212,41.90365193655805,12.515864577067683,118.12998708079945
11213,41.90365377919264,12.515863248103093,118.13103987137427
11214,41.903655595959606,12.515861916924484,118.11113622931778
11215,41.90365746659343,12.515860600993241,118.08903121976034
11216,41.903659317046895,12.515859247910054,118.05324170637856
11217,41.903661153407825,12.515857983832905,118.03521679581185
11218,41.903662990978795,12.515856641447975,118.00536246522132
11219,41.903664830873645,12.515855381929837,117.98348376379147
11220,41.903666710624265,12.515854072539796,117.96818545553687
11221,41.903668597175475,12.515852749459526,117.9560127751248
11222,41.90367045541015,12.515851459700588,117.95593498339659
11223,41.90367232934735,12.515850136254329,117.95253674502966
11224,41.903674179560845,12.515848829008778,117.95412371220108
11225,41.903676070457045,12.515847503724467,117.9576827473582
11226,41.90367794291067,12.51584615001889,117.96111210867717
11227,41.90367976488743,12.515844827812739,117.96795839400147
11228,41.90368165699969,12.515843455916547,117.9726903762025
11229,41.90368349114634,12.515842142646552,117.97809289635586
11230,41.903685335370966,12.515840860405788,117.99458763027546
11231,41.90368719466882,12.515839548714348,118.0074107182381
11232,41.9036890149093,12.515838230582318,118.01747248350564
11233,41.9036908378211,12.515837004423384,118.03452411469354
11234,41.90369269345238,12.515835749998375,118.04241487683976
11235,41.903694532146936,12.515834457259674,118.05774263210469
11236,41.903696417750254,12.515833151211472,118.05652178478988
11237,41.90369827095937,12.51583184282651,118.06441770445262
11238,41.903700106281676,12.515830525446232,118.07209751315818
11239,41.903701931641464,12.515829214760952,118.08403450643021
11240,41.9037037803466,12.515827891064294,118.09930345365898
11241,41.903705619960064,12.515826531241041,118.10436957848634
11242,41.903707485098735,12.515825184873675,118.1171644526402
11243,41.903709344408384,12.515823835789151,118.128783503023
11244,41.903711207164825,12.515822478999596,118.13367333003137
11245,41.903713053785346,12.515821128074618,118.12947060017768
11246,41.903714871292856,12.515819800766854,118.10842548266788
11247,41.90371668889619,12.515818514266766,118.08912418558789
11248,41.903718494944336,12.51581717176354,118.06447177736258
11249,41.9037203264551,12.51581587960799,118.05137759738098
11250,41.9037221249346,12.515814569272111,118.00883631626117
11251,41.90372374227449,12.515813142817963,117.9871693897859
11252,41.90372538967401,12.515811946884186,117.96726677987152
11253,41.903727139252304,12.515810817893907,117.9384230266864
11254,41.90372891064927,12.515809582220838,117.94514396439968
11255,41.903730744745445,12.515808347219595,117.9273697773974
11256,41.90373255230351,12.515807003990862,117.85828092273712
11257,41.90373441100246,12.515805836805919,117.82900300250877
11258,41.90373629241323,12.515804544073621,117.79877190168125
11259,41.90373817566661,12.515803463529686,117.80010987810866
11260,41.90374007543532,12.515802058210829,117.7314924016741
11261,41.903742003754395,12.51580064538746,117.70479824187748
11262,41.903744058294045,12.515799255340333,117.68366088784119
11263,41.90374613987365,12.515797753982728,117.67702195463988
11264,41.9037480951619,12.515796287829575,117.6801550353573
11265,41.90374997015043,12.51579489475608,117.58759265940581
11266,41.90375172138543,12.515793584836887,117.50895336692433
11267,41.90375349260126,12.515792497103302,117.5025299097832
11268,41.90375521965925,12.51579127551557,117.48663322980512
11269,41.90375695076386,12.51579016939963,117.47448726414031
11270,41.90375871474993,12.515788976891322,117.4090284490828
11271,41.903760484213215,12.51578786609006,117.37802105955964
11272,41.90376228363604,12.515786724484032,117.37047708415784
11273,41.903763919798024,12.515785522389532,117.3225124067324
11274,41.90376566535456,12.515784433796203,117.31165582224092
11275,41.903767438912205,12.515783076454117,117.2339173771656
11276,41.90376928005354,12.51578187889618,117.24029168914525
11277,41.9037712600507,12.515780603196808,117.2497420541573
11278,41.90377316037441,12.51577924310736,117.220187130042
11279,41.90377508560919,12.515778016755112,117.21874640985286
11280,41.903777024855636,12.515776672454022,117.15971785482124
11281,41.903778872623256,12.515775470919333,117.1338340849869
11282,41.90378078512431,12.5157742211996,117.09744561415235
11283,41.90378259996263,12.51577293078191,117.04785114507504
11284,41.90378446835624,12.515771763534618,117.0276937366389
11285,41.90378632427233,12.515770467681893,116.97786565082757
11286,41.903788198833865,12.515769245947002,116.95573086141944
11287,41.90379012551149,12.515767917633484,116.90994740370704
11288,41.903791996740466,12.515766633297039,116.86445710270739
11289,41.90379396219047,12.51576533183739,116.81684713980191
11290,41.903795898405804,12.515764011861588,116.75274022510843
11291,41.903797868510395,12.515762774055341,116.711766335297
11292,41.90379990433789,12.515761469606778,116.64418142407311
11293,41.90380182242489,12.515760186056108,116.58067537793553
11294,41.903803853918404,12.515758943435403,116.5097630479629
11295,41.90380582374616,12.515757622576743,116.41330568005485
11296,41.903807881732334,12.51575644270369,116.36415817155847
11297,41.903809935931434,12.515755065795954,116.28336495272877
11298,41.90381197500287,12.515753739506836,116.21149738685716
11299,41.90381411771979,12.515752425124587,116.14552888283391
11300,41.90381619125013,12.515751021677643,116.06856080824276
11301,41.90381831256529,12.515749762783628,116.03833856848115
11302,41.90382050146342,12.515748312710867,115.96109516481863
11303,41.903822619138346,12.515746968121118,115.89768711331497
11304,41.90382483117104,12.51574563776832,115.8432113338376
11305,41.903827012804726,12.5157442392922,115.77274711025352
11306,41.903829186956386,12.515742924916957,115.73791226162265
11307,41.90383142804748,12.515741465701455,115.66142680525412
11308,41.90383360552147,12.51574009487656,115.60400326088178
11309,41.90383588842181,12.515738645807728,115.55148108420546
11310,41.90383811751586,12.515737193709336,115.49408742003638
11311,41.90384040944739,12.51573581445619,115.45120150064581
11312,41.9038427527758,12.515734330270217,115.38452705777605
11313,41.90384505292966,12.515732973112609,115.33302539032928
11314,41.90384740262835,12.515731506244672,115.26833670799014
11315,41.90384973365893,12.515730070763151,115.18872430324596
11316,41.903852038637446,12.515728675765317,115.1367409908838
11317,41.903854445110596,12.515727107923185,115.05019863815161
11318,41.90385673471214,12.515725690590854,114.99638088556951
11319,41.90385915219244,12.515724177276823,114.93243708980117
11320,41.90386150817196,12.515722731780503,114.86629907327479
11321,41.90386393672792,12.51572135135361,114.80562111343926
11322,41.9038663905346,12.515719834382043,114.71370852397831
11323,41.903868807002745,12.515718410240453,114.63620152159574
11324,41.9038713250043,12.515716885256397,114.56672874090253
11325,41.903873794540885,12.515715412829653,114.47661800217334
11326,41.90387631615005,12.515713919811066,114.43128350661199
11327,41.90387891156162,12.515712276224939,114.35058804539558
11328,41.90388135157262,12.51571083452509,114.28283313987355
11329,41.9038839870173,12.515709250232264,114.1999555011329
11330,41.90388650968551,12.51570778608553,114.1200925715531
11331,41.90388914281689,12.51570624972716,114.03769002572056
11332,41.90389175554435,12.515704722123457,113.94580425984255
11333,41.90389433081023,12.51570324720095,113.87530509150689
11334,41.903896994107285,12.515701646657753,113.79970174886311
11335,41.903899572766136,12.515700109402479,113.73998025421317
11336,41.9039022629744,12.515698566265824,113.68186439500285
11337,41.9039049770445,12.515696995800363,113.62993721861713
11338,41.90390761710539,12.515695488826962,113.58050466084207
11339,41.90391035058976,12.515693886919857,113.51196831441962
11340,41.90391305433668,12.515692336793045,113.44086235246598
11341,41.9039158180782,12.515690788560418,113.37927651844761
11342,41.90391853254823,12.515689204083767,113.31286314779275
11343,41.903921328914464,12.515687649057671,113.27983259182284
11344,41.903924127063085,12.515686024909497,113.22006870902922
11345,41.90392688957944,12.515684432880414,113.16892437385992
11346,41.90392974104602,12.515682785578276,113.11618448477343
11347,41.903932522446375,12.515681142513348,113.05332021867132
11348,41.90393529982716,12.515679606148995,113.00706483189781
11349,41.90393820887615,12.51567794278886,112.95578966560659
11350,41.903940987306314,12.515676405673824,112.90861018759314
11351,41.90394397837318,12.515674806025956,112.86163418628931
11352,41.9039468261664,12.515673197085134,112.81779056932683
11353,41.90394964401813,12.51567161946232,112.79086821580034
11354,41.90395258815758,12.515669967359303,112.76028851552148
11355,41.90395539465517,12.515668368549202,112.74266934790592
11356,41.9039584168631,12.515666681147447,112.72579567554693
11357,41.903961291621194,12.515665055277674,112.70206335994338
11358,41.903964241822365,12.5156634361734,112.68314094069808
11359,41.903967246900976,12.515661779467209,112.66459695520633
11360,41.90397019092206,12.515660119867865,112.63076638441295
11361,41.90397318947606,12.51565845583267,112.59933692783137
11362,41.90397615985648,12.515656826739294,112.54538976677364
11363,41.903979108206826,12.515655175914446,112.5246956212091
11364,41.903982151644456,12.515653472828605,112.4925000803051
11365,41.90398514794643,12.51565181327511,112.46752074630244
11366,41.903988184852956,12.515650134617776,112.45408475445724
11367,41.90399123170328,12.515648398792855,112.42097401892362
11368,41.90399426836148,12.515646683797302,112.39955530715277
11369,41.903997317477526,12.515644954165754,112.37317567178421
11370,41.90400032241444,12.515643253657178,112.34519253298609
11371,41.904003405242975,12.515641512032532,112.31918432541458
11372,41.90400647828956,12.515639808905439,112.29120194395281
11373,41.90400953924068,12.515638100163011,112.25832156397252
11374,41.90401261499975,12.515636393001179,112.22600822075968
11375,41.90401569835854,12.515634730401977,112.1834274245506
11376,41.904018772592806,12.515633033798773,112.14826123498571
11377,41.90402189304125,12.515631310054852,112.11578550664804
11378,41.90402495986943,12.515629646407618,112.1004621241299
11379,41.90402812765747,12.51562790316062,112.08304677287073
11380,41.904031248776654,12.515626166380084,112.06797658876509
11381,41.9040344109274,12.515624421355307,112.04451706998951
11382,41.904037642181365,12.51562265937533,112.03663432088831
11383,41.90404082625108,12.515620925790078,112.01791794020104
11384,41.90404399870282,12.515619116050884,111.98594501651631
11385,41.90404716137355,12.515617401385489,111.95562601764581
11386,41.904050275841485,12.515615692262152,111.92333701890131
11387,41.904053418190536,12.515613955734215,111.9013396990239
11388,41.90405658726419,12.515612238689462,111.8719312684051
11389,41.9040598260878,12.515610531094985,111.8507496659776
11390,41.90406296759896,12.515608839616537,111.82778570728648
11391,41.90406618510677,12.515607154135404,111.81308483629255
11392,41.90406939609045,12.515605453506627,111.80235094865048
11393,41.90407258559004,12.515603804414821,111.8120545261098
11394,41.904075835040416,12.515602097142242,111.83262825298887
11395,41.9040790069218,12.51560048115466,111.87922073223443
11396,41.90408222135846,12.515598735226016,111.93828857035007
11397,41.90408539140273,12.515597103777504,112.00824881781446
11398,41.90408854678676,12.515595366004897,112.04622089287767
11399,41.904091640725376,12.51559365333192,112.09011674510458
11400,41.90409481885108,12.515591899214593,112.12956904852166
11401,41.90409799659312,12.515590152797973,112.17135461294224
11402,41.90410112311797,12.515588457663407,112.21664818443574
11403,41.9041043075517,12.515586703055257,112.2717296378577
11404,41.904107559548784,12.51558492156155,112.29551616356842
11405,41.90411079074257,12.515583099680722,112.33764865560688
11406,41.904113978079444,12.515581260623167,112.3678891160553
11407,41.904117197217595,12.515579433440381,112.41407581260978
11408,41.90412040041544,12.515577618868146,112.42749287994467
11409,41.90412353071743,12.515575873399504,112.45977298302
11410,41.904126747677374,12.515574102952112,112.48240448105155
11411,41.90412993106454,12.515572337752523,112.48167594188104
11412,41.90413310393434,12.515570605309275,112.50351623963248
11413,41.90413632854445,12.515568873780632,112.4913130221169
11414,41.90413954575905,12.515567131930688,112.5015112316395
11415,41.90414270479023,12.515565438631485,112.51796735462652
11416,41.904145880267194,12.515563680031201,112.52722844964674
11417,41.90414899374223,12.515561995819656,112.54516395136191
11418,41.904152126581316,12.515560233455313,112.5548023398593
11419,41.904155225159414,12.515558494693291,112.570310421917
11420,41.90415834070341,12.515556743507736,112.57992503470021
11421,41.90416147890016,12.515554959699097,112.57482400022771
11422,41.90416451081764,12.51555320903652,112.55536892804578
11423,41.904167638559585,12.515551400525911,112.52444968246897
11424,41.90417073502679,12.515549633870373,112.5015912670906
11425,41.90417386731786,12.515547855527794,112.46981383997104
11426,41.90417696624567,12.515546089716796,112.4449197164351
11427,41.90418015971179,12.515544310855361,112.42278263676822
11428,41.90418324804207,12.515542538154616,112.38632112329893
11429,41.90418639729031,12.515540810808774,112.359206811932
11430,41.90418951099185,12.515539095884597,112.30384022687801
11431,41.90419264088601,12.515537414799173,112.28538079920601
11432,41.90419573008969,12.515535672510818,112.2519485927933
11433,41.904198727706756,12.515533917768565,112.2086701012103
11434,41.904201713919356,12.515532143879454,112.17578120453499
11435,41.904204719600145,12.515530494033243,112.15632968462576
11436,41.904207703509584,12.515528931303608,112.13315543460686
11437,41.90421076693645,12.515527305858434,112.10252940409796
11438,41.90421382577722,12.515525650376592,112.03912583537694
11439,41.90421689751991,12.515524007532322,111.97184995286524
11440,41.90422000540833,12.515522348790425,111.91566036324069
11441,41.90422306221166,12.515520651338633,111.89478023621504
11442,41.90422612597105,12.515518988786383,111.87854642535878
11443,41.90422914359183,12.515517322901328,111.8455324617793
11444,41.90423213166921,12.515515684305164,111.80501636885506
11445,41.90423509904253,12.515514074657473,111.76514830815961
11446,41.90423807952659,12.51551249435927,111.7178059805761
11447,41.90424100208569,12.515510924290112,111.67607949056091
11448,41.904243933354714,12.515509349903294,111.65036864128336
11449,41.90424689263802,12.5155077948946,111.59936106389036
11450,41.90424978799856,12.515506242095764,111.55837425333742
11451,41.904252770635765,12.515504621976001,111.49337732277282
11452,41.90425566353016,12.5155030897852,111.43269879395953
11453,41.90425855524417,12.515501552429262,111.37313732690356
11454,41.90426150167445,12.515499946772685,111.30189436951669
11455,41.90426435986933,12.51549841655494,111.22723416448241
11456,41.90426725914176,12.515496886134423,111.11310552125418
11457,41.90427007983163,12.51549540933313,111.01205187026
11458,41.90427290795479,12.515493950448597,110.8788836730578
11459,41.90427573473243,12.515492497809403,110.71985508216456
11460,41.90427855896843,12.515491076787198,110.55000522893152
11461,41.9042813766453,12.515489684043345,110.34254360148753
11462,41.90428416382285,12.515488328975469,110.12482796792878
11463,41.90428695607769,12.51548700301431,109.87815863928301
11464,41.90428976771334,12.515485678123072,109.6049585218583
11465,41.904292582504056,12.51548437501598,109.30255206336365
11466,41.90429540895668,12.515483136206653,108.97758577031487
11467,41.904298192314535,12.515481940744415,108.63904559945601
11468,41.904300967377196,12.51548078470478,108.27878071147221
11469,41.90430371201852,12.51547966538001,107.8936685898344
11470,41.90430646719757,12.515478569346541,107.47157260422422
11471,41.90430921298932,12.515477516605603,107.01661773209413
11472,41.904311920410024,12.515476536975257,106.53389075742305
11473,41.9043146549356,12.515475593939465,106.02500995873787
11474,41.90431735137748,12.515474718993406,105.49149816456065
11475,41.90432007886877,12.515473863649655,104.93028353993306
11476,41.90432274590583,12.515473082674292,104.33004854027425
11477,41.90432550013793,12.515472327997085,103.70882656227904
11478,41.90432819886437,12.515471606120236,103.07383463705894
11479,41.90433090404568,12.515470924893892,102.40384253270209
11480,41.90433365035878,12.515470261166062,101.71385785979993
11481,41.904336369162856,12.5154696627935,101.00975976325678
11482,41.90433904793521,12.515469129205913,100.31531712683561
11483,41.90434171703876,12.515468613617083,99.60350993317024
11484,41.904344348557764,12.515468210589775,98.89395726986155
11485,41.904346980078756,12.515467836887337,98.17728613646356
11486,41.90434959112405,12.515467487351133,97.44994500254272
11487,41.904352207668964,12.515467205619888,96.71224747906793
11488,41.90435480922852,12.515466978968528,95.94493754713027
11489,41.9043573623588,12.515466830319554,95.16681421751471
11490,41.90435990552574,12.515466742010558,94.35059965801072
11491,41.90436248208807,12.515466687435106,93.52114454250797
11492,41.90436505744456,12.51546667967834,92.667012588193
11493,41.90436760061863,12.515466756672055,91.78979559475623
11494,41.904370175917606,12.515466889001704,90.89226220694474
11495,41.90437273827851,12.515467103580336,89.98463940783361
11496,41.904375329511666,12.51546735371392,89.08054394474867
11497,41.90437786595655,12.515467652237765,88.18210729138897
11498,41.90438038453787,12.51546801863764,87.25588113368052
11499,41.90438289629247,12.51546845649201,86.31741480646755
11500,41.90438542285915,12.51546891422406,85.36389577079368
11501,41.90438796991405,12.515469417666019,84.39958311348502
11502,41.90439048354422,12.515469985051583,83.45163221464689
11503,41.90439298983179,12.515470621324296,82.50851444609792
11504,41.90439551225596,12.515471338311212,81.5617012486651
11505,41.90439796574582,12.515472100603706,80.63790712628835
11506,41.904400452901044,12.51547286301904,79.71753936212939
11507,41.90440289709471,12.515473724714617,78.78407428096088
11508,41.90440536021554,12.515474614485363,77.85375079247616
11509,41.904407778784254,12.515475563067646,76.9465837122746
11510,41.90441020755252,12.515476570707548,76.03345908282654
11511,41.904412625101884,12.515477625629277,75.12103271595342
11512,41.904415020284716,12.51547873996284,74.21449813078617
11513,41.904417454487515,12.515479887348826,73.313007220829
11514,41.9044198773944,12.515481079620177,72.42046861433144
11515,41.90442232271303,12.515482310662124,71.5324818509316
11516,41.90442475288749,12.51548355958477,70.63948865319725
11517,41.90442713116116,12.515484891721082,69.76275174523758
11518,41.904429471920814,12.515486239094567,68.89478096712529
11519,41.90443173871966,12.515487689981818,68.01836350608433
11520,41.90443399197685,12.515489160030281,67.13924863280322
11521,41.904436230627084,12.51549070148335,66.23942836459237
11522,41.90443848370338,12.515492250775512,65.33141052439258
11523,41.90444071581159,12.51549387915879,64.42596588282709
11524,41.90444289011648,12.515495523641551,63.52295581188562
11525,41.90444507507146,12.515497225559068,62.63055610529256
11526,41.90444719041466,12.51549896902306,61.74958607999041
11527,41.90444934008502,12.515500802932142,60.8511052653449
11528,41.904451520865415,12.515502665712049,59.94857185169846
11529,41.90445366734712,12.515504533491082,59.04453076539976
11530,41.90445579382925,12.51550648584713,58.13900529215603
11531,41.904457848856424,12.515508488692396,57.25373209881736
11532,41.90445988319689,12.515510538617276,56.36934913509873
11533,41.90446190168728,12.51551263023175,55.47742340302884
11534,41.90446389689925,12.515514769832105,54.57536517982047
11535,41.90446586392761,12.515516914566353,53.67594356235749
11536,41.904467798876404,12.5155191516433,52.77974542651042
11537,41.90446971868428,12.515521349383933,51.89228221338274
11538,41.90447157375506,12.51552360214744,51.00571108386222
11539,41.90447340824333,12.515525905681956,50.099443059113625
11540,41.904475234651144,12.51552826581945,49.196515571907675
11541,41.90447708300535,12.51553071786175,48.30531971682179
11542,41.904478841094075,12.515533182182384,47.435639865317995
11543,41.904480658511574,12.515535680477555,46.550036897008916
11544,41.90448237267581,12.5155381977918,45.71119652663535
11545,41.90448413760842,12.515540734879332,44.857282307260476
11546,41.904485832577556,12.515543262331162,44.03036134763337
11547,41.904487527259626,12.5155458765673,43.197857632934834
11548,41.904489223028364,12.515548534563543,42.38717424434419
11549,41.90449085643854,12.515551156171558,41.59297706999174
11550,41.904492453951946,12.515553913260721,40.81849860920635
11551,41.90449402568885,12.515556627160889,40.06492018928434
11552,41.904495580775155,12.515559438637132,39.30212756596206
11553,41.904497147742624,12.515562257455766,38.54477604259121
11554,41.90449864886326,12.515565066258468,37.81345243460595
11555,41.904500164682034,12.515567963041766,37.0898639740741
11556,41.904501639241765,12.515570831460693,36.417243865790084
11557,41.90450310088179,12.515573757864244,35.75753379623317
11558,41.90450455270645,12.515576708842094,35.118959893887876
11559,41.90450597961855,12.515579683955002,34.49979237961865
11560,41.904507400334026,12.515582754311717,33.880409729427036
11561,41.90450875132761,12.515585764447525,33.293435760518484
11562,41.904510119378905,12.515588808797224,32.738442149501125
11563,41.90451145480724,12.515591861867936,32.18852161393849
11564,41.90451276973224,12.515595048026453,31.688522106334496
11565,41.904514132365584,12.515598225030365,31.21758348228394
11566,41.90451546491398,12.515601366882905,30.79882561999066
11567,41.90451677053884,12.515604511930158,30.412733591355146
11568,41.90451809645974,12.515607759482394,30.030225351392467
11569,41.904519347754,12.515610898312605,29.698985019514392
11570,41.90452064314512,12.515614093653108,29.40146326920802
11571,41.90452192803133,12.51561726482029,29.14953205750106
11572,41.90452319433302,12.515620492417813,28.888124543704755
11573,41.904524513315344,12.515623770664872,28.64645339977214
11574,41.90452580829752,12.515627048167799,28.45675475792593
11575,41.90452713098756,12.515630315891027,28.260367788402725
11576,41.904528368550025,12.51563358717655,28.11937457533175
11577,41.904529661958975,12.515636887419136,27.969774915669827
11578,41.90453095706733,12.515640187791996,27.83955339859944
11579,41.904532243398855,12.515643498520532,27.737312657097586
11580,41.904533570141886,12.515646820824742,27.623847341893143
11581,41.904534879272774,12.515650123718551,27.541608315912146
11582,41.90453619865085,12.515653409428133,27.45221412041459
11583,41.90453744532539,12.515656754312761,27.371310878678997
11584,41.90453873821789,12.51566013259917,27.280238683593456
11585,41.904539997188046,12.51566346991915,27.205427896756476
11586,41.90454126389017,12.515666828620805,27.153054464110152
11587,41.90454257163087,12.515670203057004,27.09053149045948
11588,41.90454383395793,12.51567358271695,27.060272925944325
11589,41.90454513088045,12.515676997149006,27.044394440779655
11590,41.90454639302647,12.515680426278232,27.065533285623022
11591,41.90454762728591,12.51568378030228,27.128780646841754
11592,41.90454890756393,12.51568719862254,27.160301974645137
11593,41.90455014945686,12.515690557704707,27.226963455909054
11594,41.90455147303498,12.515694011561594,27.24634590924988
11595,41.904552773365346,12.51569736355905,27.340400156525554
11596,41.90455417231005,12.515700827731948,27.401264158442665
11597,41.90455551144007,12.515704260514065,27.493845938029704
11598,41.90455691942709,12.515707668162035,27.555153161257532
11599,41.90455827084129,12.51571110947542,27.64957502348179
11600,41.904559648871235,12.515714521672207,27.699571177054704
11601,41.9045610510578,12.515718013887875,27.786730959077648
11602,41.90456244964699,12.51572136584002,27.85981476901438
11603,41.90456392899845,12.515724828066245,27.929519661797325
11604,41.904565306071426,12.51572820300648,28.021973529253234
11605,41.904566735308435,12.515731602617393,28.07498785627299
11606,41.904568179275074,12.515735048548253,28.164325499919634
11607,41.904569595815055,12.515738449775979,28.245264692155917
11608,41.90457103047669,12.51574191196083,28.30218124257375
11609,41.904572403223156,12.515745290938339,28.39031164259609
11610,41.9045738351661,12.515748748912065,28.43733487924054
11611,41.904575251616606,12.515752186463445,28.511692546877104
11612,41.90457668434393,12.515755670700024,28.577633101540588
11613,41.90457814929726,12.515759170074023,28.640007784179257
11614,41.90457960558324,12.515762625990503,28.731682756920627
11615,41.90458105912763,12.515766136613568,28.80334049360697
11616,41.90458252633434,12.515769660356964,28.88867167350715
11617,41.9045839628864,12.515773127938038,28.963158915820365
11618,41.904585435869095,12.515776656934978,29.04821414276233
11619,41.90458686609963,12.51578004556469,29.142119838559452
11620,41.904588352011764,12.515783518815727,29.25031466800047
11621,41.904589889519386,12.515786995386232,29.3401006647151
11622,41.904591409307045,12.51579047914202,29.458161751752474
11623,41.904592936605674,12.515793923644852,29.57805909528689
11624,41.90459448351391,12.515797393017158,29.702437359613548
11625,41.90459601574877,12.515800861004337,29.811033343186836
11626,41.90459753499237,12.515804296121646,29.928098136495265
11627,41.904599102282425,12.51580783369416,30.007808698310125
11628,41.904600672362434,12.51581127842678,30.12224256183204
11629,41.90460220855502,12.51581473510228,30.223096047013776
11630,41.90460368900903,12.51581822825677,30.32950901013604
11631,41.904605167063934,12.515821642365859,30.437204720134627
11632,41.90460662913392,12.515825105691604,30.53314857317451
11633,41.904608097663704,12.515828529364546,30.649203785106934
11634,41.90460967009348,12.515831963482437,30.75904440508681
11635,41.904611312914426,12.515835478301632,30.83793398408438
11636,41.90461297911995,12.51583897025355,30.938216191581827
11637,41.904614589337974,12.515842487543534,31.029207547458334
11638,41.90461618010307,12.515845913853141,31.131665702657347
11639,41.90461773493956,12.515849500978579,31.2077865158148
11640,41.90461937549876,12.515852879441207,31.272984322476987
11641,41.90462095212524,12.515856225925239,31.303988973197768
11642,41.90462253033961,12.515859556660034,31.32789393075724
11643,41.904624075223396,12.51586288276356,31.341697103002712
11644,41.90462563959343,12.5158662702833,31.411645115990215
11645,41.904627211159564,12.515869582368882,31.46467445178683
11646,41.90462880059285,12.515872940953228,31.511514827183
11647,41.904630437200794,12.515876428027973,31.53055089460757
11648,41.90463203951918,12.515879848617383,31.535415995294287
11649,41.904633640151594,12.515883208305187,31.546524476928404
11650,41.904635276015966,12.515886686611381,31.563417409488515
11651,41.90463685939147,12.515890015889145,31.582447929995336
11652,41.904638490371404,12.515893496729596,31.594092127273996
11653,41.90464010406124,12.515896784298981,31.5708673946739
11654,41.904641720588316,12.515900179679273,31.56507037556143
11655,41.904643333449926,12.515903542024413,31.536913144200685
11656,41.90464487324605,12.515906871716671,31.4799614375738
11657,41.90464642807657,12.515910241402302,31.426182402746086
11658,41.904647967306616,12.515913558283067,31.343961783452304
11659,41.904649450947,12.5159169202376,31.267533371225213
11660,41.90465091341708,12.515920320908368,31.18847171291404
11661,41.9046523477167,12.515923676237385,31.11187278876175
11662,41.90465384716828,12.515927027260288,31.04759045683963
11663,41.9046553039071,12.515930408837184,30.966458248795227
11664,41.90465681020361,12.515933812958517,30.877657087871256
11665,41.904658353889566,12.515937241992104,30.79867886629367
11666,41.90465984675219,12.515940612837479,30.7133417425785
11667,41.904661340996256,12.515944025914322,30.635168740845703
11668,41.90466285523625,12.515947510971412,30.543197777500566
11669,41.904664293543604,12.515950831709132,30.44053081628683
11670,41.90466581877544,12.515954289775088,30.32110011324308
11671,41.90466723970331,12.515957645917014,30.202546645857844
11672,41.90466864041277,12.515960991823514,30.07871154295009
11673,41.904670050606036,12.515964301028543,29.95699259285119
11674,41.90467148674902,12.515967614039987,29.860736352049546
11675,41.90467296119563,12.515971012329622,29.708726722806652
11676,41.904674424312326,12.515974376888067,29.58874948143225
11677,41.90467585637622,12.51597773784773,29.465709254214126
11678,41.904677232904056,12.515981064854136,29.34569961324235
11679,41.904678625653965,12.515984510878443,29.245334382000262
11680,41.90468000054189,12.515987863861573,29.110404154279845
11681,41.904681383727976,12.515991292689842,28.98288277571908
11682,41.90468273992826,12.515994689410793,28.841738592632712
11683,41.904684103382095,12.51599799958719,28.694461270413573
11684,41.90468544771369,12.516001350383666,28.591080365602256
11685,41.904686713293785,12.516004703019778,28.44861816091894
11686,41.90468805615183,12.516008064194326,28.346639399588327
11687,41.90468933898301,12.51601142730864,28.233071786319318
11688,41.90469060083738,12.516014781096061,28.101729933947155
11689,41.904691890576025,12.51601815038375,27.984336958963908
11690,41.90469315318959,12.516021466808526,27.88173146543142
11691,41.904694399879155,12.516024771018083,27.81426812320441
11692,41.90469564401517,12.516028092663895,27.74327834120133
11693,41.90469687310059,12.516031345909472,27.672806080126872
11694,41.904698101784575,12.516034600641854,27.624518748126057
11695,41.90469931240166,12.51603785442254,27.540435315979366
11696,41.9047005525148,12.516041058820178,27.474519257912547
11697,41.90470174503835,12.516044274544532,27.400713618839475
11698,41.904702970240855,12.516047457984794,27.33141758001228
11699,41.904704220551366,12.516050667951625,27.260037336781544
11700,41.90470541982517,12.516053851982887,27.19190801796555
11701,41.904706658569204,12.5160569974582,27.133173253392457
11702,41.90470784110296,12.516060151759424,27.08013988082569
11703,41.9047090157728,12.51606326992701,27.009619043312075
11704,41.90471020005275,12.516066356767029,26.989965979568783
11705,41.90471141480263,12.516069481695892,26.97312595169523
11706,41.904712601968846,12.516072556628915,27.00170550750892
11707,41.90471380622434,12.516075644544843,27.029362296102015
11708,41.90471497388315,12.516078692579477,27.07683915203168
11709,41.904716119288516,12.516081722585088,27.117119281809543
11710,41.90471726008292,12.51608471910108,27.13453338317042
11711,41.90471837613681,12.516087672647144,27.218862694367186
11712,41.904719553520025,12.516090600464327,27.273344126043384
11713,41.90472073510854,12.516093502741317,27.351006390593845
11714,41.90472195434961,12.51609638068365,27.448192129592126
11715,41.90472316993836,12.516099263652803,27.523958539801644
11716,41.904724336370336,12.516102154401498,27.638475774050455
11717,41.90472547472857,12.516105069835612,27.74796057429282
11718,41.90472658713753,12.516108013437059,27.846771152413826
11719,41.904727721018304,12.516110877996416,27.971723071843233
11720,41.904728848679476,12.516113727446537,28.036263569646668
11721,41.90473002656748,12.516116540268314,28.167048044536497
11722,41.904731242842296,12.516119375449005,28.299804122011317
11723,41.904732430313366,12.516122126912522,28.42987694603444
11724,41.9047336378345,12.516124879912002,28.627117952263795
11725,41.90473484170564,12.51612766901758,28.780964228403214
11726,41.9047359933415,12.516130427728681,28.97332692070076
11727,41.90473710844489,12.516133230316203,29.192073242483595
11728,41.90473825817808,12.516135993075117,29.359367411133583
11729,41.90473941490498,12.516138734977392,29.59146223032534
11730,41.90474057265412,12.516141432000575,29.826047179603023
11731,41.90474177448585,12.516144100298664,30.122087574927907
11732,41.904743006971806,12.516146823949295,30.44974469490036
11733,41.904744232818196,12.51614942704697,30.764809569379366
11734,41.90474549926215,12.51615201130701,31.09703182621446
11735,41.904746733982215,12.516154591262355,31.434499525934374
11736,41.90474794803971,12.516157161541726,31.788547596110398
11737,41.90474920454104,12.516159743890606,32.181618385434305
11738,41.90475047637567,12.516162277158507,32.56493448522246
11739,41.90475174949515,12.51616479940807,32.960128516694176
11740,41.904753084472105,12.51616737060869,33.36202931613252
11741,41.9047543958382,12.516169885569456,33.78883156960431
11742,41.90475574562274,12.51617240143852,34.230510916590504
11743,41.904757118533006,12.516174864100265,34.68369428047073
11744,41.904758507063455,12.516177380409045,35.15229391478803
11745,41.90475988192579,12.516179765296897,35.64626047508294
11746,41.904761273786995,12.516182158631073,36.14806951702364
11747,41.90476266268561,12.516184501511349,36.67847653467736
11748,41.90476410222305,12.516186808061901,37.21226789550532
11749,41.90476551249065,12.516189079426969,37.76840926954631
11750,41.904766962452214,12.51619133468918,38.32182807915754
11751,41.90476843269627,12.51619357599907,38.91134932942862
11752,41.904769898344284,12.516195808270592,39.51632911591146
11753,41.90477136533257,12.516197943220995,40.17807555556854
11754,41.9047728756862,12.516200044755875,40.870346727528236
11755,41.904774390975234,12.516202106374244,41.591552653379985
11756,41.904775936957556,12.516204089886287,42.333180443463036
11757,41.90477745016574,12.516206042965031,43.077205567319375
11758,41.9047790365694,12.516207959130897,43.84990773976102
11759,41.90478059781829,12.516209785468893,44.652469320598335
11760,41.90478216331189,12.516211545720834,45.47586611972876
11761,41.90478372633875,12.516213226605997,46.32632270287072
11762,41.904785351793016,12.51621488379755,47.17537849217152
11763,41.90478694650942,12.516216491214381,48.01302383031318
11764,41.90478854231829,12.516218047583532,48.85211529420946
11765,41.9047901574196,12.516219568271778,49.70078138172625
11766,41.90479172917155,12.516221010368758,50.558486432755195
11767,41.90479335697508,12.516222441297321,51.43822882269093
11768,41.90479494979848,12.516223826806746,52.33570514488128
11769,41.90479656056709,12.516225156113729,53.25437442982342
11770,41.904798181391435,12.516226435456911,54.1968658418045
11771,41.904799791145976,12.516227649903957,55.15563522767031
11772,41.90480142836719,12.51622883482452,56.12495803690266
11773,41.904803061331926,12.516229976204068,57.10246262728312
11774,41.90480468775274,12.516230978247158,58.10781755047279
11775,41.90480637110882,12.516232000778041,59.11770860833797
11776,41.90480799761532,12.51623293716039,60.15685465108523
11777,41.90480965381631,12.516233823510268,61.22676293181927
11778,41.90481127399572,12.51623467611452,62.3018660314598
11779,41.9048128763924,12.516235511566867,63.42865662983262
11780,41.904814513925366,12.516236280741145,64.58512712189697
11781,41.9048161342802,12.516236963650536,65.7854162148686
11782,41.90481780388994,12.51623759517095,66.98921659828815
11783,41.90481943991732,12.516238174437738,68.21810454027113
11784,41.9048210929419,12.516238690603666,69.46253052291165
11785,41.9048227681377,12.516239122439691,70.73704753246359
11786,41.90482440891834,12.516239431318441,72.03541775573679
11787,41.90482610084509,12.516239706652357,73.31901875151439
11788,41.90482772771428,12.516239906812782,74.61308883314801
11789,41.90482936664298,12.51624004061131,75.94192109333383
11790,41.904830968199896,12.516240154381592,77.29103067891597
11791,41.904832631065084,12.516240210289299,78.64110431907731
11792,41.90483423739166,12.516240288714883,79.98744197637892
11793,41.90483587716078,12.516240242168717,81.35271723468706
11794,41.904837518329586,12.516240166294612,82.7020005265949
11795,41.904839139039424,12.516240009887817,84.05709358627708
11796,41.904840753954396,12.516239829864027,85.43656428841783
11797,41.904842336468874,12.516239588868965,86.8128581172723
11798,41.90484389887619,12.516239211358506,88.23838247036673
11799,41.90484552597133,12.516238784146871,89.67185247662955
11800,41.9048470933193,12.516238293650154,91.12904157013693
11801,41.90484864542381,12.516237653109984,92.65126404739742
11802,41.90485016305651,12.516236995094303,94.20621400068632
11803,41.904851683333135,12.516236289689372,95.7804778271448
11804,41.90485318108722,12.516235477055483,97.37148748931791
11805,41.90485465682053,12.516234646735276,98.97624512001241
11806,41.90485607575625,12.51623377247417,100.59056562997125
11807,41.904857476193754,12.516232866179001,102.20088286405498
11808,41.904858881894505,12.516231867552623,103.84443623621475
11809,41.90486022050038,12.516230876370056,105.50457744285484
11810,41.90486155608647,12.516229833056128,107.207729578132
11811,41.90486286724361,12.516228767309334,108.91361356453261
11812,41.904864154311824,12.516227621066546,110.62053831677757
11813,41.90486541647306,12.516226409100481,112.32113484572183
11814,41.904866651934455,12.516225162511024,114.00947494044865
11815,41.90486782883065,12.516223900032868,115.68907186866667
11816,41.904868955232395,12.516222576784276,117.37977102916798
11817,41.90487007075341,12.51622121449793,119.08933947469667
11818,41.9048711194363,12.516219788113586,120.82910663448597
11819,41.904872136809594,12.516218351225136,122.59262808666018
11820,41.90487311625885,12.516216877897323,124.34844137473496
11821,41.90487403523224,12.516215346268769,126.10899633049944
11822,41.90487499416228,12.516213743250743,127.80434728058292
11823,41.90487592175871,12.51621215359093,129.46805264796643
11824,41.9048768520201,12.516210457098822,131.09545260069015
11825,41.904877813090266,12.516208703733176,132.6756463908063
11826,41.90487865324975,12.516206976168716,134.24613446793032
11827,41.90487955902621,12.51620516007591,135.77730332039366
11828,41.904880359623746,12.516203390775273,137.28311998097354
11829,41.9048811345722,12.516201512081485,138.75642957599223
11830,41.904881841206894,12.51619976614113,140.20466180852262
11831,41.90488254580648,12.516197940246707,141.5945610527103
11832,41.90488321529138,12.516196067592645,142.96339701030453
11833,41.90488384846711,12.51619418164925,144.28185599483393
11834,41.90488445901463,12.516192270723405,145.5343530466532
11835,41.90488508643968,12.516190352061232,146.72444965618
11836,41.90488569873914,12.516188386985858,147.88146475335836
11837,41.904886364279186,12.516186424926296,149.02998552630928
11838,41.904886936755574,12.516184483979448,150.14943359417214
11839,41.90488752224977,12.516182512629902,151.24029297752597
11840,41.90488804481865,12.51618053379764,152.2672993000235
11841,41.90488856491607,12.516178565827463,153.26627856190618
11842,41.904889123629154,12.516176546334025,154.210033985902
11843,41.90488962769612,12.5161744762863,155.14160561509848
11844,41.90489010307479,12.516172415745858,156.0713636953594
11845,41.90489055966199,12.516170357979401,156.94070256587514
11846,41.90489100256008,12.516168239621464,157.75235053497897
11847,41.90489147581956,12.51616613328397,158.52517792977866
11848,41.9048918878033,12.516164008455627,159.25835698322055
11849,41.90489230744499,12.516161895547802,159.91231689731893
11850,41.90489269733527,12.516159775029816,160.52400997707807
11851,41.90489306877961,12.516157659702353,161.08966806319467
11852,41.90489346080112,12.516155516749453,161.6154000408504
11853,41.90489382322048,12.516153390216665,162.10505301743945
11854,41.90489423709421,12.516151278778231,162.56433241754144
11855,41.904894592018096,12.516149201339225,162.9901984992531
11856,41.90489500215802,12.516147090061258,163.36402680910086
11857,41.904895359649814,12.516145004327258,163.69283342067132
11858,41.90489577373951,12.51614290961092,163.98550928772582
11859,41.90489616326759,12.516140834768096,164.21807531740285
11860,41.90489656986751,12.516138709708557,164.42245731331062
11861,41.90489692448412,12.51613663679437,164.60033165409772
11862,41.90489736823619,12.516134492757073,164.740469930139
11863,41.90489776521521,12.516132388246117,164.85126153483364
11864,41.904898133905725,12.516130308328655,164.92121163063675
11865,41.90489850369205,12.516128283342796,164.96114544347967
11866,41.90489892254265,12.516126230913933,164.9501043098951
11867,41.904899313157415,12.516124217232926,164.87292731858332
11868,41.904899682463174,12.516122202427052,164.75342899923552
11869,41.90490014051249,12.516120168586175,164.60177416398383
11870,41.90490054561165,12.516118154630078,164.42106464054126
11871,41.90490098026107,12.516116154761944,164.2290272654068
11872,41.90490144552723,12.516114127641615,163.99312993664412
11873,41.90490193359684,12.516112130956657,163.69770795701154
11874,41.9049024169461,12.516110133081495,163.35504506939958
11875,41.904902926847996,12.516108189337471,162.98154281105852
11876,41.90490345128683,12.516106211348314,162.60593939551106
11877,41.904903977363155,12.516104302642683,162.21273189264556
11878,41.90490451413429,12.516102392729433,161.80484993389845
11879,41.90490505225099,12.516100516029676,161.41647707838771
11880,41.904905645072375,12.516098671147073,161.03749239357217
11881,41.90490624427037,12.516096793506243,160.69718383352682
11882,41.90490682658067,12.51609495915503,160.3697172290113
11883,41.904907430544206,12.516093137909518,160.08208457064802
11884,41.90490804174042,12.516091322690555,159.79445608472133
11885,41.90490867638959,12.516089542846139,159.56007660015297
11886,41.90490927095228,12.516087787874728,159.36650912978402
11887,41.904909860908276,12.516086030303256,159.23847651181953
11888,41.9049104411145,12.516084297622832,159.16147452101612
11889,41.90491098014555,12.516082570154703,159.14278889622616
11890,41.904911518845005,12.51608085582042,159.15109143736856
11891,41.90491200272644,12.516079145984037,159.22485769543897
11892,41.90491250612734,12.516077438658812,159.33063022198868
11893,41.90491294769113,12.516075777666597,159.48224556806866
11894,41.904913386468436,12.516074062878044,159.67704638613654
11895,41.90491381857216,12.516072439621878,159.90518320145202
11896,41.90491421795033,12.516070777692931,160.17115924840277
11897,41.90491462635226,12.516069197944175,160.4535322781389
11898,41.90491496203527,12.51606759214774,160.76316468812325
11899,41.90491528408025,12.516065999174083,161.0980221609019
11900,41.90491558762105,12.516064441096129,161.44439151292332
11901,41.904915884939605,12.516062857431637,161.82914998046616
11902,41.904916151800194,12.516061265087155,162.2294406720816
11903,41.9049164155779,12.516059693780965,162.6234193804494
11904,41.90491665227805,12.51605816176074,163.04233734477552
11905,41.90491686209646,12.516056639497169,163.47299831909206
11906,41.904917058609634,12.516055082091048,163.93852123714396
11907,41.9049172472686,12.516053569490401,164.45862765345763
11908,41.90491744494788,12.516052092390355,164.98098100572378
11909,41.90491762781305,12.516050581756737,165.54248743556062
11910,41.90491778141187,12.516049159232466,166.11884792273113
11911,41.90491790351232,12.516047728484699,166.72253152866406
11912,41.90491805460102,12.516046314841171,167.33892017229164
11913,41.904918147933294,12.51604486229518,167.99427901409476
11914,41.90491820794189,12.516043476664784,168.68426958749407
11915,41.90491826141401,12.51604210479516,169.38116938600524
11916,41.9049182762965,12.516040710943173,170.09392093760712
11917,41.90491828388475,12.516039327553518,170.82392760218073
11918,41.90491825066066,12.51603798411524,171.56797062372857
11919,41.9049182284028,12.516036666937216,172.3214533072507
11920,41.90491815515424,12.516035380131632,173.09272689264031
11921,41.90491806822016,12.516034095798998,173.87905147887943
11922,41.90491797319711,12.516032846725674,174.67944314282252
11923,41.9049178488002,12.516031648918789,175.50267711315095
11924,41.90491770949806,12.516030438994314,176.3344226185491
11925,41.90491754337175,12.516029261657012,177.1736282571771
11926,41.90491737157557,12.516028096532866,178.0451268928121
11927,41.90491717921574,12.516026970822276,178.9192293774031
11928,41.90491694827945,12.516025908148928,179.80601890049752
11929,41.904916729625796,12.516024850708696,-179.30539438796063
11930,41.90491647384666,12.516023830331658,-178.40848686915544
11931,41.90491623758655,12.51602282232768,-177.4733621945425
11932,41.90491595483881,12.516021850273619,-176.52239428969477
11933,41.90491565593059,12.516020892055971,-175.57086085222542
11934,41.90491533464092,12.516019928176268,-174.62543878198014
11935,41.90491501857629,12.516018975071662,-173.68912592530324
11936,41.90491470394189,12.516018064000017,-172.74968852083668
11937,41.9049143833206,12.51601718206069,-171.80221127261336
11938,41.904914068215824,12.516016295560986,-170.84237485136217
11939,41.904913770791424,12.516015432061327,-169.86565632676005
11940,41.90491345692125,12.51601460664752,-168.90021408743263
11941,41.904913116598124,12.516013769288604,-167.96609669975547
11942,41.904912750571846,12.516012986224244,-167.031086253909
11943,41.90491237983018,12.516012187398456,-166.11408360935602
11944,41.904911989468175,12.516011436387974,-165.1855570779747
11945,41.90491162029909,12.516010695751543,-164.23589998285485
11946,41.90491123285311,12.516009975896836,-163.28356546450578
11947,41.904910858237706,12.51600928847071,-162.3434134397197
11948,41.90491046405222,12.516008622616628,-161.4253924397456
11949,41.904910056450134,12.516007976048646,-160.52427649510088
11950,41.904909650852204,12.51600733662306,-159.6226880112595
11951,41.904909235079295,12.516006713474784,-158.72019486397159
11952,41.90490882210003,12.516006119520881,-157.80349831652046
11953,41.90490839621292,12.516005561693184,-156.91046319486182
11954,41.904907979058684,12.51600500476064,-156.03425738478708
11955,41.90490754247419,12.516004479079403,-155.1764311237873
11956,41.90490708788077,12.516003960687007,-154.31628182556594
11957,41.90490662683642,12.516003469469323,-153.46572349372843
11958,41.90490618203052,12.516003002471503,-152.6243739602809
11959,41.90490574330814,12.516002523255858,-151.78701388406577
11960,41.90490532840299,12.51600210351758,-150.95083947432786
11961,41.90490491033441,12.51600168623437,-150.0920724562116
11962,41.904904513489775,12.51600126351792,-149.21849586835413
11963,41.90490415264399,12.51600083923501,-148.3538947589417
11964,41.90490379325592,12.516000437551149,-147.5169297203018
11965,41.90490344397855,12.5160000451264,-146.7222859839177
11966,41.9049030698698,12.515999680530488,-145.9787345702685
11967,41.90490269004248,12.515999310431237,-145.26841423825888
11968,41.90490232699022,12.515998950735288,-144.56527161931592
11969,41.904901967777406,12.515998588396036,-143.85399617997243
11970,41.904901609545284,12.515998237079577,-143.12402134062305
11971,41.90490127570326,12.51599787653317,-142.37702024439622
11972,41.90490092573144,12.515997587831322,-141.66103329559283
11973,41.90490061002929,12.515997302769064,-141.0072061480912
11974,41.90490026978296,12.515997077901769,-140.40633346259176
11975,41.904899943269406,12.515996800456266,-139.83337479564344
11976,41.90489960590693,12.515996537361268,-139.23804034620767
11977,41.9048992681782,12.515996308848026,-138.61614288959498
11978,41.904898927026814,12.515996136419599,-138.0113846799473
11979,41.90489862223394,12.515995979649745,-137.46938334055363
11980,41.90489830389552,12.515995837705571,-136.99637459981074
11981,41.90489800687447,12.51599569341203,-136.57352212480532
11982,41.90489772778536,12.515995513278991,-136.1568241200665
11983,41.90489746245001,12.515995339466253,-135.73626159750697
11984,41.90489720159723,12.515995202244943,-135.29172435887935
11985,41.90489697358494,12.515995063479615,-134.87189106445368
11986,41.90489673624475,12.515994941330502,-134.4865210845464
11987,41.90489652346993,12.515994828872731,-134.1526695427046
11988,41.90489631045132,12.515994703563269,-133.853193487431
11989,41.90489610131316,12.515994555755647,-133.57090038817162
11990,41.90489590058675,12.515994434512105,-133.2892370631405
11991,41.90489571909654,12.51599428691863,-133.0158224867303
11992,41.90489554045752,12.515994155796358,-132.75015436513485
11993,41.90489536188714,12.515994064524788,-132.5142681550223
11994,41.90489519863834,12.515993976215876,-132.30133185528535
11995,41.90489504150081,12.515993880132934,-132.10834667352526
11996,41.90489489873225,12.515993794524684,-131.9241791591232
11997,41.90489476129852,12.515993709455927,-131.75335977499182
11998,41.90489462121259,12.515993628701407,-131.59238723515745
11999,41.90489450773695,12.51599355984063,-131.4400640847658
12000,41.904894386665475,12.515993491464165,-131.31026153974804
12001,41.904894290988246,12.515993436636968,-131.19838213316828
12002,41.90489421830408,12.515993361548102,-131.0977893617621
12003,41.90489412179774,12.515993300540877,-131.00902815179143
12004,41.90489404671101,12.515993251202785,-130.92691400879522
12005,41.90489397989101,12.515993202925689,-130.8568348857667
12006,41.90489391869823,12.515993179444937,-130.78524878138387
12007,41.904893866579215,12.515993123689112,-130.7265458476257
12008,41.90489381522784,12.51599309069593,-130.68012151582923
12009,41.90489378881855,12.51599308264442,-130.6437734239534
12010,41.904893769909705,12.515993075160392,-130.61891427591732
12011,41.90489375644815,12.515993038106586,-130.601236818965
12012,41.90489373493033,12.51599305754466,-130.58954980302184
12013,41.9048937519419,12.515993057830366,-130.5793211694564
12014,41.90489375455641,12.515993066375538,-130.58854631749034
12015,41.90489377466133,12.515993065855127,-130.5869156953262
12016,41.904893798307896,12.515993069142578,-130.58695170953155
12017,41.90489381010692,12.515993080591679,-130.58008725559853
12018,41.90489383764217,12.515993113556732,-130.5670418517343
12019,41.90489385254402,12.515993116512087,-130.5611033830509
12020,41.904893863065034,12.515993159311604,-130.56627565869618
12021,41.9048938547136,12.515993126427247,-130.56898078012503
12022,41.90489384113557,12.515993115471034,-130.5682491455609
12023,41.90489383651502,12.515993117165362,-130.55501074258328
12024,41.90489382341434,12.515993123774642,-130.54309429077009
12025,41.904893814309524,12.515993098388085,-130.52955528540784
12026,41.904893793440955,12.515993112038565,-130.51823335809104
12027,41.90489377705749,12.515993100456978,-130.51256950561114
12028,41.904893761116,12.515993067047399,-130.49821401206086
12029,41.90489372579206,12.515993054880974,-130.4785672176614
12030,41.90489370729591,12.51599307558575,-130.4588704237677
12031,41.90489370400135,12.51599303625645,-130.43033075917762
12032,41.904893677039055,12.515993022126331,-130.4165971483265
12033,41.90489363872571,12.515993001806471,-130.39598048192678
12034,41.904893618224236,12.515992976351061,-130.37534388045805
12035,41.904893594136176,12.515992966150002,-130.34467159120095
12036,41.904893541845354,12.515992949595848,-130.31938720167196
12037,41.9048935213007,12.51599291061786,-130.29729800704723
12038,41.904893499457984,12.515992897263326,-130.2666936744689
12039,41.90489347192138,12.51599286133028,-130.24361247188546
12040,41.90489343464004,12.515992849292372,-130.2256293544338
12041,41.90489338557413,12.515992822544678,-130.19019448832188
12042,41.90489337839258,12.515992821710807,-130.19365408062555
12043,41.90489337839258,12.515992821710807,-130.19365408062555
12044,41.90489337839258,12.515992821710807,-130.19365408062555
12045,41.90489337839258,12.515992821710807,-130.19365408062555
12046,41.90489337839258,12.515992821710807,-130.19365408062555
12047,41.90489337839258,12.515992821710807,-130.19365408062555
