9000,3190
9000,3210
9000,3230
9000,3250
9000,3270
9000,3290
9000,3310
9000,3330
9000,3350
9000,3370
9000,3390
9000,3410
9000,3430
9000,3450
9000,3470
9000,3490
9000,3510
9000,3530
9000,3550
9000,3570
9000,3590
9000,3610
9000,3630
9000,3650
9000,3670
9000,3690
9010,3190
9010,3210
9010,3230
9010,3250
9010,3270
9010,3290
9010,3310
9010,3330
9010,3350
9010,3370
9010,3390
9010,3410
9010,3430
9010,3450
9010,3470
9010,3490
9010,3510
9010,3530
9010,3550
9010,3570
9010,3590
9010,3610
9010,3630
9010,3650
9010,3670
9010,3690
9020,3190
9020,3210
9020,3230
9020,3250
9020,3270
9020,3290
9020,3310
9020,3330
9020,3350
9020,3370
9020,3390
9020,3410
9020,3430
9020,3450
9020,3470
9020,3490
9020,3510
9020,3530
9020,3550
9020,3570
9020,3590
9020,3610
9020,3630
9020,3650
9020,3670
9020,3690
9030,3190
9030,3210
9030,3230
9030,3250
9030,3270
9030,3290
9030,3310
9030,3330
9030,3350
9030,3370
9030,3390
9030,3410
9030,3430
9030,3450
9030,3470
9030,3490
9030,3510
9030,3530
9030,3550
9030,3570
9030,3590
9030,3610
9030,3630
9030,3650
9030,3670
9030,3690
9040,3190
9040,3210
9040,3230
9040,3250
9040,3270
9040,3290
9040,3310
9040,3330
9040,3350
9040,3370
9040,3390
9040,3410
9040,3430
9040,3450
9040,3470
9040,3490
9040,3510
9040,3530
9040,3550
9040,3570
9040,3590
9040,3610
9040,3630
9040,3650
9040,3670
9040,3690
9050,3190
9050,3210
9050,3230
9050,3250
9050,3270
9050,3290
9050,3310
9050,3330
9050,3350
9050,3370
9050,3390
9050,3410
9050,3430
9050,3450
9050,3470
9050,3490
9050,3510
9050,3530
9050,3550
9050,3570
9050,3590
9050,3610
9050,3630
9050,3650
9050,3670
9050,3690
9060,3190
9060,3210
9060,3230
9060,3250
9060,3270
9060,3290
9060,3310
9060,3330
9060,3350
9060,3370
9060,3390
9060,3410
9060,3430
9060,3450
9060,3470
9060,3490
9060,3510
9060,3530
9060,3550
9060,3570
9060,3590
9060,3610
9060,3630
9060,3650
9060,3670
9060,3690
9070,3190
9070,3210
9070,3230
9070,3250
9070,3270
9070,3290
9070,3310
9070,3330
9070,3350
9070,3370
9070,3390
9070,3410
9070,3430
9070,3450
9070,3470
9070,3490
9070,3510
9070,3530
9070,3550
9070,3570
9070,3590
9070,3610
9070,3630
9070,3650
9070,3670
9070,3690
9080,3190
9080,3210
9080,3230
9080,3250
9080,3270
9080,3290
9080,3310
9080,3330
9080,3350
9080,3370
9080,3390
9080,3410
9080,3430
9080,3450
9080,3470
9080,3490
9080,3510
9080,3530
9080,3550
9080,3570
9080,3590
9080,3610
9080,3630
9080,3650
9080,3670
9080,3690
9090,3190
9090,3210
9090,3230
9090,3250
9090,3270
9090,3290
9090,3310
9090,3330
9090,3350
9090,3370
9090,3390
9090,3410
9090,3430
9090,3450
9090,3470
9090,3490
9090,3510
9090,3530
9090,3550
9090,3570
9090,3590
9090,3610
9090,3630
9090,3650
9090,3670
9090,3690
9100,3190
9100,3210
9100,3230
9100,3250
9100,3270
9100,3290
9100,3310
9100,3330
9100,3350
9100,3370
9100,3390
9100,3410
9100,3430
9100,3450
9100,3470
9100,3490
9100,3510
9100,3530
9100,3550
9100,3570
9100,3590
9100,3610
9100,3630
9100,3650
9100,3670
9100,3690
9110,3190
9110,3210
9110,3230
9110,3250
9110,3270
9110,3290
9110,3310
9110,3330
9110,3350
9110,3370
9110,3390
9110,3410
9110,3430
9110,3450
9110,3470
9110,3490
9110,3510
9110,3530
9110,3550
9110,3570
9110,3590
9110,3610
9110,3630
9110,3650
9110,3670
9110,3690
9120,3190
9120,3210
9120,3230
9120,3250
9120,3270
9120,3290
9120,3310
9120,3330
9120,3350
9120,3370
9120,3390
9120,3410
9120,3430
9120,3450
9120,3470
9120,3490
9120,3510
9120,3530
9120,3550
9120,3570
9120,3590
9120,3610
9120,3630
9120,3650
9120,3670
9120,3690
9130,3190
9130,3210
9130,3230
9130,3250
9130,3270
9130,3290
9130,3310
9130,3330
9130,3350
9130,3370
9130,3390
9130,3410
9130,3430
9130,3450
9130,3470
9130,3490
9130,3510
9130,3530
9130,3550
9130,3570
9130,3590
9130,3610
9130,3630
9130,3650
9130,3670
9130,3690
9140,3190
9140,3210
9140,3230
9140,3250
9140,3270
9140,3290
9140,3310
9140,3330
9140,3350
9140,3370
9140,3390
9140,3410
9140,3430
9140,3450
9140,3470
9140,3490
9140,3510
9140,3530
9140,3550
9140,3570
9140,3590
9140,3610
9140,3630
9140,3650
9140,3670
9140,3690
9150,3190
9150,3210
9150,3230
9150,3250
9150,3270
9150,3290
9150,3310
9150,3330
9150,3350
9150,3370
9150,3390
9150,3410
9150,3430
9150,3450
9150,3470
9150,3490
9150,3510
9150,3530
9150,3550
9150,3570
9150,3590
9150,3610
9150,3630
9150,3650
9150,3670
9150,3690
9160,3190
9160,3210
9160,3230
9160,3250
9160,3270
9160,3290
9160,3310
9160,3330
9160,3350
9160,3370
9160,3390
9160,3410
9160,3430
9160,3450
9160,3470
9160,3490
9160,3510
9160,3530
9160,3550
9160,3570
9160,3590
9160,3610
9160,3630
9160,3650
9160,3670
9160,3690
9170,3190
9170,3210
9170,3230
9170,3250
9170,3270
9170,3290
9170,3310
9170,3330
9170,3350
9170,3370
9170,3390
9170,3410
9170,3430
9170,3450
9170,3470
9170,3490
9170,3510
9170,3530
9170,3550
9170,3570
9170,3590
9170,3610
9170,3630
9170,3650
9170,3670
9170,3690
9180,3190
9180,3210
9180,3230
9180,3250
9180,3270
9180,3290
9180,3310
9180,3330
9180,3350
9180,3370
9180,3390
9180,3410
9180,3430
9180,3450
9180,3470
9180,3490
9180,3510
9180,3530
9180,3550
9180,3570
9180,3590
9180,3610
9180,3630
9180,3650
9180,3670
9180,3690
9190,3190
9190,3210
9190,3230
9190,3250
9190,3270
9190,3290
9190,3310
9190,3330
9190,3350
9190,3370
9190,3390
9190,3410
9190,3430
9190,3450
9190,3470
9190,3490
9190,3510
9190,3530
9190,3550
9190,3570
9190,3590
9190,3610
9190,3630
9190,3650
9190,3670
9190,3690
9200,3190
9200,3210
9200,3230
9200,3250
9200,3270
9200,3290
9200,3310
9200,3330
9200,3350
9200,3370
9200,3390
9200,3410
9200,3430
9200,3450
9200,3470
9200,3490
9200,3510
9200,3530
9200,3550
9200,3570
9200,3590
9200,3610
9200,3630
9200,3650
9200,3670
9200,3690
9210,3190
9210,3210
9210,3230
9210,3250
9210,3270
9210,3290
9210,3310
9210,3330
9210,3350
9210,3370
9210,3390
9210,3410
9210,3430
9210,3450
9210,3470
9210,3490
9210,3510
9210,3530
9210,3550
9210,3570
9210,3590
9210,3610
9210,3630
9210,3650
9210,3670
9210,3690
9220,3190
9220,3210
9220,3230
9220,3250
9220,3270
9220,3290
9220,3310
9220,3330
9220,3350
9220,3370
9220,3390
9220,3410
9220,3430
9220,3450
9220,3470
9220,3490
9220,3510
9220,3530
9220,3550
9220,3570
9220,3590
9220,3610
9220,3630
9220,3650
9220,3670
9220,3690
9230,3190
9230,3210
9230,3230
9230,3250
9230,3270
9230,3290
9230,3310
9230,3330
9230,3350
9230,3370
9230,3390
9230,3410
9230,3430
9230,3450
9230,3470
9230,3490
9230,3510
9230,3530
9230,3550
9230,3570
9230,3590
9230,3610
9230,3630
9230,3650
9230,3670
9230,3690
9240,3190
9240,3210
9240,3230
9240,3250
9240,3270
9240,3290
9240,3310
9240,3330
9240,3350
9240,3370
9240,3390
9240,3410
9240,3430
9240,3450
9240,3470
9240,3490
9240,3510
9240,3530
9240,3550
9240,3570
9240,3590
9240,3610
9240,3630
9240,3650
9240,3670
9240,3690
9250,3190
9250,3210
9250,3230
9250,3250
9250,3270
9250,3290
9250,3310
9250,3330
9250,3350
9250,3370
9250,3390
9250,3410
9250,3430
9250,3450
9250,3470
9250,3490
9250,3510
9250,3530
9250,3550
9250,3570
9250,3590
9250,3610
9250,3630
9250,3650
9250,3670
9250,3690
9260,3190
9260,3210
9260,3230
9260,3250
9260,3270
9260,3290
9260,3310
9260,3330
9260,3350
9260,3370
9260,3390
9260,3410
9260,3430
9260,3450
9260,3470
9260,3490
9260,3510
9260,3530
9260,3550
9260,3570
9260,3590
9260,3610
9260,3630
9260,3650
9260,3670
9260,3690
9270,3190
9270,3210
9270,3230
9270,3250
9270,3270
9270,3290
9270,3310
9270,3330
9270,3350
9270,3370
9270,3390
9270,3410
9270,3430
9270,3450
9270,3470
9270,3490
9270,3510
9270,3530
9270,3550
9270,3570
9270,3590
9270,3610
9270,3630
9270,3650
9270,3670
9270,3690
9280,3190
9280,3210
9280,3230
9280,3250
9280,3270
9280,3290
9280,3310
9280,3330
9280,3350
9280,3370
9280,3390
9280,3410
9280,3430
9280,3450
9280,3470
9280,3490
9280,3510
9280,3530
9280,3550
9280,3570
9280,3590
9280,3610
9280,3630
9280,3650
9280,3670
9280,3690
9290,3190
9290,3210
9290,3230
9290,3250
9290,3270
9290,3290
9290,3310
9290,3330
9290,3350
9290,3370
9290,3390
9290,3410
9290,3430
9290,3450
9290,3470
9290,3490
9290,3510
9290,3530
9290,3550
9290,3570
9290,3590
9290,3610
9290,3630
9290,3650
9290,3670
9290,3690
9300,3190
9300,3210
9300,3230
9300,3250
9300,3270
9300,3290
9300,3310
9300,3330
9300,3350
9300,3370
9300,3390
9300,3410
9300,3430
9300,3450
9300,3470
9300,3490
9300,3510
9300,3530
9300,3550
9300,3570
9300,3590
9300,3610
9300,3630
9300,3650
9300,3670
9300,3690
9310,3190
9310,3210
9310,3230
9310,3250
9310,3270
9310,3290
9310,3310
9310,3330
9310,3350
9310,3370
9310,3390
9310,3410
9310,3430
9310,3450
9310,3470
9310,3490
9310,3510
9310,3530
9310,3550
9310,3570
9310,3590
9310,3610
9310,3630
9310,3650
9310,3670
9310,3690
9320,3190
9320,3210
9320,3230
9320,3250
9320,3270
9320,3290
9320,3310
9320,3330
9320,3350
9320,3370
9320,3390
9320,3410
9320,3430
9320,3450
9320,3470
9320,3490
9320,3510
9320,3530
9320,3550
9320,3570
9320,3590
9320,3610
9320,3630
9320,3650
9320,3670
9320,3690
9330,3190
9330,3210
9330,3230
9330,3250
9330,3270
9330,3290
9330,3310
9330,3330
9330,3350
9330,3370
9330,3390
9330,3410
9330,3430
9330,3450
9330,3470
9330,3490
9330,3510
9330,3530
9330,3550
9330,3570
9330,3590
9330,3610
9330,3630
9330,3650
9330,3670
9330,3690
9340,3190
9340,3210
9340,3230
9340,3250
9340,3270
9340,3290
9340,3310
9340,3330
9340,3350
9340,3370
9340,3390
9340,3410
9340,3430
9340,3450
9340,3470
9340,3490
9340,3510
9340,3530
9340,3550
9340,3570
9340,3590
9340,3610
9340,3630
9340,3650
9340,3670
9340,3690
9350,3190
9350,3210
9350,3230
9350,3250
9350,3270
9350,3290
9350,3310
9350,3330
9350,3350
9350,3370
9350,3390
9350,3410
9350,3430
9350,3450
9350,3470
9350,3490
9350,3510
9350,3530
9350,3550
9350,3570
9350,3590
9350,3610
9350,3630
9350,3650
9350,3670
9350,3690
9360,3190
9360,3210
9360,3230
9360,3250
9360,3270
9360,3290
9360,3310
9360,3330
9360,3350
9360,3370
9360,3390
9360,3410
9360,3430
9360,3450
9360,3470
9360,3490
9360,3510
9360,3530
9360,3550
9360,3570
9360,3590
9360,3610
9360,3630
9360,3650
9360,3670
9360,3690
9370,3190
9370,3210
9370,3230
9370,3250
9370,3270
9370,3290
9370,3310
9370,3330
9370,3350
9370,3370
9370,3390
9370,3410
9370,3430
9370,3450
9370,3470
9370,3490
9370,3510
9370,3530
9370,3550
9370,3570
9370,3590
9370,3610
9370,3630
9370,3650
9370,3670
9370,3690
9380,3190
9380,3210
9380,3230
9380,3250
9380,3270
9380,3290
9380,3310
9380,3330
9380,3350
9380,3370
9380,3390
9380,3410
9380,3430
9380,3450
9380,3470
9380,3490
9380,3510
9380,3530
9380,3550
9380,3570
9380,3590
9380,3610
9380,3630
9380,3650
9380,3670
9380,3690
4100,1500
4100,1520
4100,1540
4100,1560
4100,1580
4100,1600
4100,1620
4100,1640
4100,1660
4100,1680
4100,1700
4100,1720
4100,1740
4100,1760
4100,1780
4100,1800
4100,1820
4100,1840
4100,1860
4100,1880
4100,1900
4100,1920
4100,1940
4100,1960
4100,1980
4100,2000
4100,2020
4100,2040
4100,2060
4100,2080
4110,1500
4110,1520
4110,1540
4110,1560
4110,1580
4110,1600
4110,1620
4110,1640
4110,1660
4110,1680
4110,1700
4110,1720
4110,1740
4110,1760
4110,1780
4110,1800
4110,1820
4110,1840
4110,1860
4110,1880
4110,1900
4110,1920
4110,1940
4110,1960
4110,1980
4110,2000
4110,2020
4110,2040
4110,2060
4110,2080
4120,1500
4120,1520
4120,1540
4120,1560
4120,1580
4120,1600
4120,1620
4120,1640
4120,1660
4120,1680
4120,1700
4120,1720
4120,1740
4120,1760
4120,1780
4120,1800
4120,1820
4120,1840
4120,1860
4120,1880
4120,1900
4120,1920
4120,1940
4120,1960
4120,1980
4120,2000
4120,2020
4120,2040
4120,2060
4120,2080
4130,1500
4130,1520
4130,1540
4130,1560
4130,1580
4130,1600
4130,1620
4130,1640
4130,1660
4130,1680
4130,1700
4130,1720
4130,1740
4130,1760
4130,1780
4130,1800
4130,1820
4130,1840
4130,1860
4130,1880
4130,1900
4130,1920
4130,1940
4130,1960
4130,1980
4130,2000
4130,2020
4130,2040
4130,2060
4130,2080
4140,1500
4140,1520
4140,1540
4140,1560
4140,1580
4140,1600
4140,1620
4140,1640
4140,1660
4140,1680
4140,1700
4140,1720
4140,1740
4140,1760
4140,1780
4140,1800
4140,1820
4140,1840
4140,1860
4140,1880
4140,1900
4140,1920
4140,1940
4140,1960
4140,1980
4140,2000
4140,2020
4140,2040
4140,2060
4140,2080
4150,1500
4150,1520
4150,1540
4150,1560
4150,1580
4150,1600
4150,1620
4150,1640
4150,1660
4150,1680
4150,1700
4150,1720
4150,1740
4150,1760
4150,1780
4150,1800
4150,1820
4150,1840
4150,1860
4150,1880
4150,1900
4150,1920
4150,1940
4150,1960
4150,1980
4150,2000
4150,2020
4150,2040
4150,2060
4150,2080
4160,1500
4160,1520
4160,1540
4160,1560
4160,1580
4160,1600
4160,1620
4160,1640
4160,1660
4160,1680
4160,1700
4160,1720
4160,1740
4160,1760
4160,1780
4160,1800
4160,1820
4160,1840
4160,1860
4160,1880
4160,1900
4160,1920
4160,1940
4160,1960
4160,1980
4160,2000
4160,2020
4160,2040
4160,2060
4160,2080
4170,1500
4170,1520
4170,1540
4170,1560
4170,1580
4170,1600
4170,1620
4170,1640
4170,1660
4170,1680
4170,1700
4170,1720
4170,1740
4170,1760
4170,1780
4170,1800
4170,1820
4170,1840
4170,1860
4170,1880
4170,1900
4170,1920
4170,1940
4170,1960
4170,1980
4170,2000
4170,2020
4170,2040
4170,2060
4170,2080
4180,1500
4180,1520
4180,1540
4180,1560
4180,1580
4180,1600
4180,1620
4180,1640
4180,1660
4180,1680
4180,1700
4180,1720
4180,1740
4180,1760
4180,1780
4180,1800
4180,1820
4180,1840
4180,1860
4180,1880
4180,1900
4180,1920
4180,1940
4180,1960
4180,1980
4180,2000
4180,2020
4180,2040
4180,2060
4180,2080
4190,1500
4190,1520
4190,1540
4190,1560
4190,1580
4190,1600
4190,1620
4190,1640
4190,1660
4190,1680
4190,1700
4190,1720
4190,1740
4190,1760
4190,1780
4190,1800
4190,1820
4190,1840
4190,1860
4190,1880
4190,1900
4190,1920
4190,1940
4190,1960
4190,1980
4190,2000
4190,2020
4190,2040
4190,2060
4190,2080
4200,1500
4200,1520
4200,1540
4200,1560
4200,1580
4200,1600
4200,1620
4200,1640
4200,1660
4200,1680
4200,1700
4200,1720
4200,1740
4200,1760
4200,1780
4200,1800
4200,1820
4200,1840
4200,1860
4200,1880
4200,1900
4200,1920
4200,1940
4200,1960
4200,1980
4200,2000
4200,2020
4200,2040
4200,2060
4200,2080
4210,1500
4210,1520
4210,1540
4210,1560
4210,1580
4210,1600
4210,1620
4210,1640
4210,1660
4210,1680
4210,1700
4210,1720
4210,1740
4210,1760
4210,1780
4210,1800
4210,1820
4210,1840
4210,1860
4210,1880
4210,1900
4210,1920
4210,1940
4210,1960
4210,1980
4210,2000
4210,2020
4210,2040
4210,2060
4210,2080
4220,1500
4220,1520
4220,1540
4220,1560
4220,1580
4220,1600
4220,1620
4220,1640
4220,1660
4220,1680
4220,1700
4220,1720
4220,1740
4220,1760
4220,1780
4220,1800
4220,1820
4220,1840
4220,1860
4220,1880
4220,1900
4220,1920
4220,1940
4220,1960
4220,1980
4220,2000
4220,2020
4220,2040
4220,2060
4220,2080
4230,1500
4230,1520
4230,1540
4230,1560
4230,1580
4230,1600
4230,1620
4230,1640
4230,1660
4230,1680
4230,1700
4230,1720
4230,1740
4230,1760
4230,1780
4230,1800
4230,1820
4230,1840
4230,1860
4230,1880
4230,1900
4230,1920
4230,1940
4230,1960
4230,1980
4230,2000
4230,2020
4230,2040
4230,2060
4230,2080
4240,1500
4240,1520
4240,1540
4240,1560
4240,1580
4240,1600
4240,1620
4240,1640
4240,1660
4240,1680
4240,1700
4240,1720
4240,1740
4240,1760
4240,1780
4240,1800
4240,1820
4240,1840
4240,1860
4240,1880
4240,1900
4240,1920
4240,1940
4240,1960
4240,1980
4240,2000
4240,2020
4240,2040
4240,2060
4240,2080
4250,1500
4250,1520
4250,1540
4250,1560
4250,1580
4250,1600
4250,1620
4250,1640
4250,1660
4250,1680
4250,1700
4250,1720
4250,1740
4250,1760
4250,1780
4250,1800
4250,1820
4250,1840
4250,1860
4250,1880
4250,1900
4250,1920
4250,1940
4250,1960
4250,1980
4250,2000
4250,2020
4250,2040
4250,2060
4250,2080
4260,1500
4260,1520
4260,1540
4260,1560
4260,1580
4260,1600
4260,1620
4260,1640
4260,1660
4260,1680
4260,1700
4260,1720
4260,1740
4260,1760
4260,1780
4260,1800
4260,1820
4260,1840
4260,1860
4260,1880
4260,1900
4260,1920
4260,1940
4260,1960
4260,1980
4260,2000
4260,2020
4260,2040
4260,2060
4260,2080
4270,1500
4270,1520
4270,1540
4270,1560
4270,1580
4270,1600
4270,1620
4270,1640
4270,1660
4270,1680
4270,1700
4270,1720
4270,1740
4270,1760
4270,1780
4270,1800
4270,1820
4270,1840
4270,1860
4270,1880
4270,1900
4270,1920
4270,1940
4270,1960
4270,1980
4270,2000
4270,2020
4270,2040
4270,2060
4270,2080
4280,1500
4280,1520
4280,1540
4280,1560
4280,1580
4280,1600
4280,1620
4280,1640
4280,1660
4280,1680
4280,1700
4280,1720
4280,1740
4280,1760
4280,1780
4280,1800
4280,1820
4280,1840
4280,1860
4280,1880
4280,1900
4280,1920
4280,1940
4280,1960
4280,1980
4280,2000
4280,2020
4280,2040
4280,2060
4280,2080
4290,1500
4290,1520
4290,1540
4290,1560
4290,1580
4290,1600
4290,1620
4290,1640
4290,1660
4290,1680
4290,1700
4290,1720
4290,1740
4290,1760
4290,1780
4290,1800
4290,1820
4290,1840
4290,1860
4290,1880
4290,1900
4290,1920
4290,1940
4290,1960
4290,1980
4290,2000
4290,2020
4290,2040
4290,2060
4290,2080
4300,1500
4300,1520
4300,1540
4300,1560
4300,1580
4300,1600
4300,1620
4300,1640
4300,1660
4300,1680
4300,1700
4300,1720
4300,1740
4300,1760
4300,1780
4300,1800
4300,1820
4300,1840
4300,1860
4300,1880
4300,1900
4300,1920
4300,1940
4300,1960
4300,1980
4300,2000
4300,2020
4300,2040
4300,2060
4300,2080
4310,1500
4310,1520
4310,1540
4310,1560
4310,1580
4310,1600
4310,1620
4310,1640
4310,1660
4310,1680
4310,1700
4310,1720
4310,1740
4310,1760
4310,1780
4310,1800
4310,1820
4310,1840
4310,1860
4310,1880
4310,1900
4310,1920
4310,1940
4310,1960
4310,1980
4310,2000
4310,2020
4310,2040
4310,2060
4310,2080
4320,1500
4320,1520
4320,1540
4320,1560
4320,1580
4320,1600
4320,1620
4320,1640
4320,1660
4320,1680
4320,1700
4320,1720
4320,1740
4320,1760
4320,1780
4320,1800
4320,1820
4320,1840
4320,1860
4320,1880
4320,1900
4320,1920
4320,1940
4320,1960
4320,1980
4320,2000
4320,2020
4320,2040
4320,2060
4320,2080
4330,1500
4330,1520
4330,1540
4330,1560
4330,1580
4330,1600
4330,1620
4330,1640
4330,1660
4330,1680
4330,1700
4330,1720
4330,1740
4330,1760
4330,1780
4330,1800
4330,1820
4330,1840
4330,1860
4330,1880
4330,1900
4330,1920
4330,1940
4330,1960
4330,1980
4330,2000
4330,2020
4330,2040
4330,2060
4330,2080
4340,1500
4340,1520
4340,1540
4340,1560
4340,1580
4340,1600
4340,1620
4340,1640
4340,1660
4340,1680
4340,1700
4340,1720
4340,1740
4340,1760
4340,1780
4340,1800
4340,1820
4340,1840
4340,1860
4340,1880
4340,1900
4340,1920
4340,1940
4340,1960
4340,1980
4340,2000
4340,2020
4340,2040
4340,2060
4340,2080
4350,1500
4350,1520
4350,1540
4350,1560
4350,1580
4350,1600
4350,1620
4350,1640
4350,1660
4350,1680
4350,1700
4350,1720
4350,1740
4350,1760
4350,1780
4350,1800
4350,1820
4350,1840
4350,1860
4350,1880
4350,1900
4350,1920
4350,1940
4350,1960
4350,1980
4350,2000
4350,2020
4350,2040
4350,2060
4350,2080
4360,1500
4360,1520
4360,1540
4360,1560
4360,1580
4360,1600
4360,1620
4360,1640
4360,1660
4360,1680
4360,1700
4360,1720
4360,1740
4360,1760
4360,1780
4360,1800
4360,1820
4360,1840
4360,1860
4360,1880
4360,1900
4360,1920
4360,1940
4360,1960
4360,1980
4360,2000
4360,2020
4360,2040
4360,2060
4360,2080
4370,1500
4370,1520
4370,1540
4370,1560
4370,1580
4370,1600
4370,1620
4370,1640
4370,1660
4370,1680
4370,1700
4370,1720
4370,1740
4370,1760
4370,1780
4370,1800
4370,1820
4370,1840
4370,1860
4370,1880
4370,1900
4370,1920
4370,1940
4370,1960
4370,1980
4370,2000
4370,2020
4370,2040
4370,2060
4370,2080
4380,1500
4380,1520
4380,1540
4380,1560
4380,1580
4380,1600
4380,1620
4380,1640
4380,1660
4380,1680
4380,1700
4380,1720
4380,1740
4380,1760
4380,1780
4380,1800
4380,1820
4380,1840
4380,1860
4380,1880
4380,1900
4380,1920
4380,1940
4380,1960
4380,1980
4380,2000
4380,2020
4380,2040
4380,2060
4380,2080
4390,1500
4390,1520
4390,1540
4390,1560
4390,1580
4390,1600
4390,1620
4390,1640
4390,1660
4390,1680
4390,1700
4390,1720
4390,1740
4390,1760
4390,1780
4390,1800
4390,1820
4390,1840
4390,1860
4390,1880
4390,1900
4390,1920
4390,1940
4390,1960
4390,1980
4390,2000
4390,2020
4390,2040
4390,2060
4390,2080
4400,1500
4400,1520
4400,1540
4400,1560
4400,1580
4400,1600
4400,1620
4400,1640
4400,1660
4400,1680
4400,1700
4400,1720
4400,1740
4400,1760
4400,1780
4400,1800
4400,1820
4400,1840
4400,1860
4400,1880
4400,1900
4400,1920
4400,1940
4400,1960
4400,1980
4400,2000
4400,2020
4400,2040
4400,2060
4400,2080
4410,1500
4410,1520
4410,1540
4410,1560
4410,1580
4410,1600
4410,1620
4410,1640
4410,1660
4410,1680
4410,1700
4410,1720
4410,1740
4410,1760
4410,1780
4410,1800
4410,1820
4410,1840
4410,1860
4410,1880
4410,1900
4410,1920
4410,1940
4410,1960
4410,1980
4410,2000
4410,2020
4410,2040
4410,2060
4410,2080
4420,1500
4420,1520
4420,1540
4420,1560
4420,1580
4420,1600
4420,1620
4420,1640
4420,1660
4420,1680
4420,1700
4420,1720
4420,1740
4420,1760
4420,1780
4420,1800
4420,1820
4420,1840
4420,1860
4420,1880
4420,1900
4420,1920
4420,1940
4420,1960
4420,1980
4420,2000
4420,2020
4420,2040
4420,2060
4420,2080
4430,1500
4430,1520
4430,1540
4430,1560
4430,1580
4430,1600
4430,1620
4430,1640
4430,1660
4430,1680
4430,1700
4430,1720
4430,1740
4430,1760
4430,1780
4430,1800
4430,1820
4430,1840
4430,1860
4430,1880
4430,1900
4430,1920
4430,1940
4430,1960
4430,1980
4430,2000
4430,2020
4430,2040
4430,2060
4430,2080
4440,1500
4440,1520
4440,1540
4440,1560
4440,1580
4440,1600
4440,1620
4440,1640
4440,1660
4440,1680
4440,1700
4440,1720
4440,1740
4440,1760
4440,1780
4440,1800
4440,1820
4440,1840
4440,1860
4440,1880
4440,1900
4440,1920
4440,1940
4440,1960
4440,1980
4440,2000
4440,2020
4440,2040
4440,2060
4440,2080
4450,1500
4450,1520
4450,1540
4450,1560
4450,1580
4450,1600
4450,1620
4450,1640
4450,1660
4450,1680
4450,1700
4450,1720
4450,1740
4450,1760
4450,1780
4450,1800
4450,1820
4450,1840
4450,1860
4450,1880
4450,1900
4450,1920
4450,1940
4450,1960
4450,1980
4450,2000
4450,2020
4450,2040
4450,2060
4450,2080
4460,1500
4460,1520
4460,1540
4460,1560
4460,1580
4460,1600
4460,1620
4460,1640
4460,1660
4460,1680
4460,1700
4460,1720
4460,1740
4460,1760
4460,1780
4460,1800
4460,1820
4460,1840
4460,1860
4460,1880
4460,1900
4460,1920
4460,1940
4460,1960
4460,1980
4460,2000
4460,2020
4460,2040
4460,2060
4460,2080
4470,1500
4470,1520
4470,1540
4470,1560
4470,1580
4470,1600
4470,1620
4470,1640
4470,1660
4470,1680
4470,1700
4470,1720
4470,1740
4470,1760
4470,1780
4470,1800
4470,1820
4470,1840
4470,1860
4470,1880
4470,1900
4470,1920
4470,1940
4470,1960
4470,1980
4470,2000
4470,2020
4470,2040
4470,2060
4470,2080
4480,1500
4480,1520
4480,1540
4480,1560
4480,1580
4480,1600
4480,1620
4480,1640
4480,1660
4480,1680
4480,1700
4480,1720
4480,1740
4480,1760
4480,1780
4480,1800
4480,1820
4480,1840
4480,1860
4480,1880
4480,1900
4480,1920
4480,1940
4480,1960
4480,1980
4480,2000
4480,2020
4480,2040
4480,2060
4480,2080
4490,1500
4490,1520
4490,1540
4490,1560
4490,1580
4490,1600
4490,1620
4490,1640
4490,1660
4490,1680
4490,1700
4490,1720
4490,1740
4490,1760
4490,1780
4490,1800
4490,1820
4490,1840
4490,1860
4490,1880
4490,1900
4490,1920
4490,1940
4490,1960
4490,1980
4490,2000
4490,2020
4490,2040
4490,2060
4490,2080
4500,1500
4500,1520
4500,1540
4500,1560
4500,1580
4500,1600
4500,1620
4500,1640
4500,1660
4500,1680
4500,1700
4500,1720
4500,1740
4500,1760
4500,1780
4500,1800
4500,1820
4500,1840
4500,1860
4500,1880
4500,1900
4500,1920
4500,1940
4500,1960
4500,1980
4500,2000
4500,2020
4500,2040
4500,2060
4500,2080
4510,1500
4510,1520
4510,1540
4510,1560
4510,1580
4510,1600
4510,1620
4510,1640
4510,1660
4510,1680
4510,1700
4510,1720
4510,1740
4510,1760
4510,1780
4510,1800
4510,1820
4510,1840
4510,1860
4510,1880
4510,1900
4510,1920
4510,1940
4510,1960
4510,1980
4510,2000
4510,2020
4510,2040
4510,2060
4510,2080
4520,1500
4520,1520
4520,1540
4520,1560
4520,1580
4520,1600
4520,1620
4520,1640
4520,1660
4520,1680
4520,1700
4520,1720
4520,1740
4520,1760
4520,1780
4520,1800
4520,1820
4520,1840
4520,1860
4520,1880
4520,1900
4520,1920
4520,1940
4520,1960
4520,1980
4520,2000
4520,2020
4520,2040
4520,2060
4520,2080
4530,1500
4530,1520
4530,1540
4530,1560
4530,1580
4530,1600
4530,1620
4530,1640
4530,1660
4530,1680
4530,1700
4530,1720
4530,1740
4530,1760
4530,1780
4530,1800
4530,1820
4530,1840
4530,1860
4530,1880
4530,1900
4530,1920
4530,1940
4530,1960
4530,1980
4530,2000
4530,2020
4530,2040
4530,2060
4530,2080
4540,1500
4540,1520
4540,1540
4540,1560
4540,1580
4540,1600
4540,1620
4540,1640
4540,1660
4540,1680
4540,1700
4540,1720
4540,1740
4540,1760
4540,1780
4540,1800
4540,1820
4540,1840
4540,1860
4540,1880
4540,1900
4540,1920
4540,1940
4540,1960
4540,1980
4540,2000
4540,2020
4540,2040
4540,2060
4540,2080
4550,1500
4550,1520
4550,1540
4550,1560
4550,1580
4550,1600
4550,1620
4550,1640
4550,1660
4550,1680
4550,1700
4550,1720
4550,1740
4550,1760
4550,1780
4550,1800
4550,1820
4550,1840
4550,1860
4550,1880
4550,1900
4550,1920
4550,1940
4550,1960
4550,1980
4550,2000
4550,2020
4550,2040
4550,2060
4550,2080
4560,1500
4560,1520
4560,1540
4560,1560
4560,1580
4560,1600
4560,1620
4560,1640
4560,1660
4560,1680
4560,1700
4560,1720
4560,1740
4560,1760
4560,1780
4560,1800
4560,1820
4560,1840
4560,1860
4560,1880
4560,1900
4560,1920
4560,1940
4560,1960
4560,1980
4560,2000
4560,2020
4560,2040
4560,2060
4560,2080
4570,1500
4570,1520
4570,1540
4570,1560
4570,1580
4570,1600
4570,1620
4570,1640
4570,1660
4570,1680
4570,1700
4570,1720
4570,1740
4570,1760
4570,1780
4570,1800
4570,1820
4570,1840
4570,1860
4570,1880
4570,1900
4570,1920
4570,1940
4570,1960
4570,1980
4570,2000
4570,2020
4570,2040
4570,2060
4570,2080
4580,1500
4580,1520
4580,1540
4580,1560
4580,1580
4580,1600
4580,1620
4580,1640
4580,1660
4580,1680
4580,1700
4580,1720
4580,1740
4580,1760
4580,1780
4580,1800
4580,1820
4580,1840
4580,1860
4580,1880
4580,1900
4580,1920
4580,1940
4580,1960
4580,1980
4580,2000
4580,2020
4580,2040
4580,2060
4580,2080
4590,1500
4590,1520
4590,1540
4590,1560
4590,1580
4590,1600
4590,1620
4590,1640
4590,1660
4590,1680
4590,1700
4590,1720
4590,1740
4590,1760
4590,1780
4590,1800
4590,1820
4590,1840
4590,1860
4590,1880
4590,1900
4590,1920
4590,1940
4590,1960
4590,1980
4590,2000
4590,2020
4590,2040
4590,2060
4590,2080
4600,1500
4600,1520
4600,1540
4600,1560
4600,1580
4600,1600
4600,1620
4600,1640
4600,1660
4600,1680
4600,1700
4600,1720
4600,1740
4600,1760
4600,1780
4600,1800
4600,1820
4600,1840
4600,1860
4600,1880
4600,1900
4600,1920
4600,1940
4600,1960
4600,1980
4600,2000
4600,2020
4600,2040
4600,2060
4600,2080
4610,1500
4610,1520
4610,1540
4610,1560
4610,1580
4610,1600
4610,1620
4610,1640
4610,1660
4610,1680
4610,1700
4610,1720
4610,1740
4610,1760
4610,1780
4610,1800
4610,1820
4610,1840
4610,1860
4610,1880
4610,1900
4610,1920
4610,1940
4610,1960
4610,1980
4610,2000
4610,2020
4610,2040
4610,2060
4610,2080
4620,1500
4620,1520
4620,1540
4620,1560
4620,1580
4620,1600
4620,1620
4620,1640
4620,1660
4620,1680
4620,1700
4620,1720
4620,1740
4620,1760
4620,1780
4620,1800
4620,1820
4620,1840
4620,1860
4620,1880
4620,1900
4620,1920
4620,1940
4620,1960
4620,1980
4620,2000
4620,2020
4620,2040
4620,2060
4620,2080
4630,1500
4630,1520
4630,1540
4630,1560
4630,1580
4630,1600
4630,1620
4630,1640
4630,1660
4630,1680
4630,1700
4630,1720
4630,1740
4630,1760
4630,1780
4630,1800
4630,1820
4630,1840
4630,1860
4630,1880
4630,1900
4630,1920
4630,1940
4630,1960
4630,1980
4630,2000
4630,2020
4630,2040
4630,2060
4630,2080
4640,1500
4640,1520
4640,1540
4640,1560
4640,1580
4640,1600
4640,1620
4640,1640
4640,1660
4640,1680
4640,1700
4640,1720
4640,1740
4640,1760
4640,1780
4640,1800
4640,1820
4640,1840
4640,1860
4640,1880
4640,1900
4640,1920
4640,1940
4640,1960
4640,1980
4640,2000
4640,2020
4640,2040
4640,2060
4640,2080
4650,1500
4650,1520
4650,1540
4650,1560
4650,1580
4650,1600
4650,1620
4650,1640
4650,1660
4650,1680
4650,1700
4650,1720
4650,1740
4650,1760
4650,1780
4650,1800
4650,1820
4650,1840
4650,1860
4650,1880
4650,1900
4650,1920
4650,1940
4650,1960
4650,1980
4650,2000
4650,2020
4650,2040
4650,2060
4650,2080
4660,1500
4660,1520
4660,1540
4660,1560
4660,1580
4660,1600
4660,1620
4660,1640
4660,1660
4660,1680
4660,1700
4660,1720
4660,1740
4660,1760
4660,1780
4660,1800
4660,1820
4660,1840
4660,1860
4660,1880
4660,1900
4660,1920
4660,1940
4660,1960
4660,1980
4660,2000
4660,2020
4660,2040
4660,2060
4660,2080
4670,1500
4670,1520
4670,1540
4670,1560
4670,1580
4670,1600
4670,1620
4670,1640
4670,1660
4670,1680
4670,1700
4670,1720
4670,1740
4670,1760
4670,1780
4670,1800
4670,1820
4670,1840
4670,1860
4670,1880
4670,1900
4670,1920
4670,1940
4670,1960
4670,1980
4670,2000
4670,2020
4670,2040
4670,2060
4670,2080
4680,1500
4680,1520
4680,1540
4680,1560
4680,1580
4680,1600
4680,1620
4680,1640
4680,1660
4680,1680
4680,1700
4680,1720
4680,1740
4680,1760
4680,1780
4680,1800
4680,1820
4680,1840
4680,1860
4680,1880
4680,1900
4680,1920
4680,1940
4680,1960
4680,1980
4680,2000
4680,2020
4680,2040
4680,2060
4680,2080
4690,1500
4690,1520
4690,1540
4690,1560
4690,1580
4690,1600
4690,1620
4690,1640
4690,1660
4690,1680
4690,1700
4690,1720
4690,1740
4690,1760
4690,1780
4690,1800
4690,1820
4690,1840
4690,1860
4690,1880
4690,1900
4690,1920
4690,1940
4690,1960
4690,1980
4690,2000
4690,2020
4690,2040
4690,2060
4690,2080
4700,1500
4700,1520
4700,1540
4700,1560
4700,1580
4700,1600
4700,1620
4700,1640
4700,1660
4700,1680
4700,1700
4700,1720
4700,1740
4700,1760
4700,1780
4700,1800
4700,1820
4700,1840
4700,1860
4700,1880
4700,1900
4700,1920
4700,1940
4700,1960
4700,1980
4700,2000
4700,2020
4700,2040
4700,2060
4700,2080
4710,1500
4710,1520
4710,1540
4710,1560
4710,1580
4710,1600
4710,1620
4710,1640
4710,1660
4710,1680
4710,1700
4710,1720
4710,1740
4710,1760
4710,1780
4710,1800
4710,1820
4710,1840
4710,1860
4710,1880
4710,1900
4710,1920
4710,1940
4710,1960
4710,1980
4710,2000
4710,2020
4710,2040
4710,2060
4710,2080
4720,1500
4720,1520
4720,1540
4720,1560
4720,1580
4720,1600
4720,1620
4720,1640
4720,1660
4720,1680
4720,1700
4720,1720
4720,1740
4720,1760
4720,1780
4720,1800
4720,1820
4720,1840
4720,1860
4720,1880
4720,1900
4720,1920
4720,1940
4720,1960
4720,1980
4720,2000
4720,2020
4720,2040
4720,2060
4720,2080
4730,1500
4730,1520
4730,1540
4730,1560
4730,1580
4730,1600
4730,1620
4730,1640
4730,1660
4730,1680
4730,1700
4730,1720
4730,1740
4730,1760
4730,1780
4730,1800
4730,1820
4730,1840
4730,1860
4730,1880
4730,1900
4730,1920
4730,1940
4730,1960
4730,1980
4730,2000
4730,2020
4730,2040
4730,2060
4730,2080
4740,1500
4740,1520
4740,1540
4740,1560
4740,1580
4740,1600
4740,1620
4740,1640
4740,1660
4740,1680
4740,1700
4740,1720
4740,1740
4740,1760
4740,1780
4740,1800
4740,1820
4740,1840
4740,1860
4740,1880
4740,1900
4740,1920
4740,1940
4740,1960
4740,1980
4740,2000
4740,2020
4740,2040
4740,2060
4740,2080
4750,1500
4750,1520
4750,1540
4750,1560
4750,1580
4750,1600
4750,1620
4750,1640
4750,1660
4750,1680
4750,1700
4750,1720
4750,1740
4750,1760
4750,1780
4750,1800
4750,1820
4750,1840
4750,1860
4750,1880
4750,1900
4750,1920
4750,1940
4750,1960
4750,1980
4750,2000
4750,2020
4750,2040
4750,2060
4750,2080
4760,1500
4760,1520
4760,1540
4760,1560
4760,1580
4760,1600
4760,1620
4760,1640
4760,1660
4760,1680
4760,1700
4760,1720
4760,1740
4760,1760
4760,1780
4760,1800
4760,1820
4760,1840
4760,1860
4760,1880
4760,1900
4760,1920
4760,1940
4760,1960
4760,1980
4760,2000
4760,2020
4760,2040
4760,2060
4760,2080
4770,1500
4770,1520
4770,1540
4770,1560
4770,1580
4770,1600
4770,1620
4770,1640
4770,1660
4770,1680
4770,1700
4770,1720
4770,1740
4770,1760
4770,1780
4770,1800
4770,1820
4770,1840
4770,1860
4770,1880
4770,1900
4770,1920
4770,1940
4770,1960
4770,1980
4770,2000
4770,2020
4770,2040
4770,2060
4770,2080
4780,1500
4780,1520
4780,1540
4780,1560
4780,1580
4780,1600
4780,1620
4780,1640
4780,1660
4780,1680
4780,1700
4780,1720
4780,1740
4780,1760
4780,1780
4780,1800
4780,1820
4780,1840
4780,1860
4780,1880
4780,1900
4780,1920
4780,1940
4780,1960
4780,1980
4780,2000
4780,2020
4780,2040
4780,2060
4780,2080
4790,1500
4790,1520
4790,1540
4790,1560
4790,1580
4790,1600
4790,1620
4790,1640
4790,1660
4790,1680
4790,1700
4790,1720
4790,1740
4790,1760
4790,1780
4790,1800
4790,1820
4790,1840
4790,1860
4790,1880
4790,1900
4790,1920
4790,1940
4790,1960
4790,1980
4790,2000
4790,2020
4790,2040
4790,2060
4790,2080
4800,1500
4800,1520
4800,1540
4800,1560
4800,1580
4800,1600
4800,1620
4800,1640
4800,1660
4800,1680
4800,1700
4800,1720
4800,1740
4800,1760
4800,1780
4800,1800
4800,1820
4800,1840
4800,1860
4800,1880
4800,1900
4800,1920
4800,1940
4800,1960
4800,1980
4800,2000
4800,2020
4800,2040
4800,2060
4800,2080
4810,1500
4810,1520
4810,1540
4810,1560
4810,1580
4810,1600
4810,1620
4810,1640
4810,1660
4810,1680
4810,1700
4810,1720
4810,1740
4810,1760
4810,1780
4810,1800
4810,1820
4810,1840
4810,1860
4810,1880
4810,1900
4810,1920
4810,1940
4810,1960
4810,1980
4810,2000
4810,2020
4810,2040
4810,2060
4810,2080
4820,1500
4820,1520
4820,1540
4820,1560
4820,1580
4820,1600
4820,1620
4820,1640
4820,1660
4820,1680
4820,1700
4820,1720
4820,1740
4820,1760
4820,1780
4820,1800
4820,1820
4820,1840
4820,1860
4820,1880
4820,1900
4820,1920
4820,1940
4820,1960
4820,1980
4820,2000
4820,2020
4820,2040
4820,2060
4820,2080
4830,1500
4830,1520
4830,1540
4830,1560
4830,1580
4830,1600
4830,1620
4830,1640
4830,1660
4830,1680
4830,1700
4830,1720
4830,1740
4830,1760
4830,1780
4830,1800
4830,1820
4830,1840
4830,1860
4830,1880
4830,1900
4830,1920
4830,1940
4830,1960
4830,1980
4830,2000
4830,2020
4830,2040
4830,2060
4830,2080
4840,1500
4840,1520
4840,1540
4840,1560
4840,1580
4840,1600
4840,1620
4840,1640
4840,1660
4840,1680
4840,1700
4840,1720
4840,1740
4840,1760
4840,1780
4840,1800
4840,1820
4840,1840
4840,1860
4840,1880
4840,1900
4840,1920
4840,1940
4840,1960
4840,1980
4840,2000
4840,2020
4840,2040
4840,2060
4840,2080
4850,1500
4850,1520
4850,1540
4850,1560
4850,1580
4850,1600
4850,1620
4850,1640
4850,1660
4850,1680
4850,1700
4850,1720
4850,1740
4850,1760
4850,1780
4850,1800
4850,1820
4850,1840
4850,1860
4850,1880
4850,1900
4850,1920
4850,1940
4850,1960
4850,1980
4850,2000
4850,2020
4850,2040
4850,2060
4850,2080
4860,1500
4860,1520
4860,1540
4860,1560
4860,1580
4860,1600
4860,1620
4860,1640
4860,1660
4860,1680
4860,1700
4860,1720
4860,1740
4860,1760
4860,1780
4860,1800
4860,1820
4860,1840
4860,1860
4860,1880
4860,1900
4860,1920
4860,1940
4860,1960
4860,1980
4860,2000
4860,2020
4860,2040
4860,2060
4860,2080
4870,1500
4870,1520
4870,1540
4870,1560
4870,1580
4870,1600
4870,1620
4870,1640
4870,1660
4870,1680
4870,1700
4870,1720
4870,1740
4870,1760
4870,1780
4870,1800
4870,1820
4870,1840
4870,1860
4870,1880
4870,1900
4870,1920
4870,1940
4870,1960
4870,1980
4870,2000
4870,2020
4870,2040
4870,2060
4870,2080
4880,1500
4880,1520
4880,1540
4880,1560
4880,1580
4880,1600
4880,1620
4880,1640
4880,1660
4880,1680
4880,1700
4880,1720
4880,1740
4880,1760
4880,1780
4880,1800
4880,1820
4880,1840
4880,1860
4880,1880
4880,1900
4880,1920
4880,1940
4880,1960
4880,1980
4880,2000
4880,2020
4880,2040
4880,2060
4880,2080
4890,1500
4890,1520
4890,1540
4890,1560
4890,1580
4890,1600
4890,1620
4890,1640
4890,1660
4890,1680
4890,1700
4890,1720
4890,1740
4890,1760
4890,1780
4890,1800
4890,1820
4890,1840
4890,1860
4890,1880
4890,1900
4890,1920
4890,1940
4890,1960
4890,1980
4890,2000
4890,2020
4890,2040
4890,2060
4890,2080
4900,1500
4900,1520
4900,1540
4900,1560
4900,1580
4900,1600
4900,1620
4900,1640
4900,1660
4900,1680
4900,1700
4900,1720
4900,1740
4900,1760
4900,1780
4900,1800
4900,1820
4900,1840
4900,1860
4900,1880
4900,1900
4900,1920
4900,1940
4900,1960
4900,1980
4900,2000
4900,2020
4900,2040
4900,2060
4900,2080
4910,1500
4910,1520
4910,1540
4910,1560
4910,1580
4910,1600
4910,1620
4910,1640
4910,1660
4910,1680
4910,1700
4910,1720
4910,1740
4910,1760
4910,1780
4910,1800
4910,1820
4910,1840
4910,1860
4910,1880
4910,1900
4910,1920
4910,1940
4910,1960
4910,1980
4910,2000
4910,2020
4910,2040
4910,2060
4910,2080
4920,1500
4920,1520
4920,1540
4920,1560
4920,1580
4920,1600
4920,1620
4920,1640
4920,1660
4920,1680
4920,1700
4920,1720
4920,1740
4920,1760
4920,1780
4920,1800
4920,1820
4920,1840
4920,1860
4920,1880
4920,1900
4920,1920
4920,1940
4920,1960
4920,1980
4920,2000
4920,2020
4920,2040
4920,2060
4920,2080
4930,1500
4930,1520
4930,1540
4930,1560
4930,1580
4930,1600
4930,1620
4930,1640
4930,1660
4930,1680
4930,1700
4930,1720
4930,1740
4930,1760
4930,1780
4930,1800
4930,1820
4930,1840
4930,1860
4930,1880
4930,1900
4930,1920
4930,1940
4930,1960
4930,1980
4930,2000
4930,2020
4930,2040
4930,2060
4930,2080
4940,1500
4940,1520
4940,1540
4940,1560
4940,1580
4940,1600
4940,1620
4940,1640
4940,1660
4940,1680
4940,1700
4940,1720
4940,1740
4940,1760
4940,1780
4940,1800
4940,1820
4940,1840
4940,1860
4940,1880
4940,1900
4940,1920
4940,1940
4940,1960
4940,1980
4940,2000
4940,2020
4940,2040
4940,2060
4940,2080
4950,1500
4950,1520
4950,1540
4950,1560
4950,1580
4950,1600
4950,1620
4950,1640
4950,1660
4950,1680
4950,1700
4950,1720
4950,1740
4950,1760
4950,1780
4950,1800
4950,1820
4950,1840
4950,1860
4950,1880
4950,1900
4950,1920
4950,1940
4950,1960
4950,1980
4950,2000
4950,2020
4950,2040
4950,2060
4950,2080
4960,1500
4960,1520
4960,1540
4960,1560
4960,1580
4960,1600
4960,1620
4960,1640
4960,1660
4960,1680
4960,1700
4960,1720
4960,1740
4960,1760
4960,1780
4960,1800
4960,1820
4960,1840
4960,1860
4960,1880
4960,1900
4960,1920
4960,1940
4960,1960
4960,1980
4960,2000
4960,2020
4960,2040
4960,2060
4960,2080
4970,1500
4970,1520
4970,1540
4970,1560
4970,1580
4970,1600
4970,1620
4970,1640
4970,1660
4970,1680
4970,1700
4970,1720
4970,1740
4970,1760
4970,1780
4970,1800
4970,1820
4970,1840
4970,1860
4970,1880
4970,1900
4970,1920
4970,1940
4970,1960
4970,1980
4970,2000
4970,2020
4970,2040
4970,2060
4970,2080
4980,1500
4980,1520
4980,1540
4980,1560
4980,1580
4980,1600
4980,1620
4980,1640
4980,1660
4980,1680
4980,1700
4980,1720
4980,1740
4980,1760
4980,1780
4980,1800
4980,1820
4980,1840
4980,1860
4980,1880
4980,1900
4980,1920
4980,1940
4980,1960
4980,1980
4980,2000
4980,2020
4980,2040
4980,2060
4980,2080
4990,1500
4990,1520
4990,1540
4990,1560
4990,1580
4990,1600
4990,1620
4990,1640
4990,1660
4990,1680
4990,1700
4990,1720
4990,1740
4990,1760
4990,1780
4990,1800
4990,1820
4990,1840
4990,1860
4990,1880
4990,1900
4990,1920
4990,1940
4990,1960
4990,1980
4990,2000
4990,2020
4990,2040
4990,2060
4990,2080
4100,9400
4100,9420
4100,9440
4100,9460
4100,9480
4100,9500
4100,9520
4100,9540
4100,9560
4100,9580
4110,9400
4110,9420
4110,9440
4110,9460
4110,9480
4110,9500
4110,9520
4110,9540
4110,9560
4110,9580
4120,9400
4120,9420
4120,9440
4120,9460
4120,9480
4120,9500
4120,9520
4120,9540
4120,9560
4120,9580
4130,9400
4130,9420
4130,9440
4130,9460
4130,9480
4130,9500
4130,9520
4130,9540
4130,9560
4130,9580
4140,9400
4140,9420
4140,9440
4140,9460
4140,9480
4140,9500
4140,9520
4140,9540
4140,9560
4140,9580
4150,9400
4150,9420
4150,9440
4150,9460
4150,9480
4150,9500
4150,9520
4150,9540
4150,9560
4150,9580
4160,9400
4160,9420
4160,9440
4160,9460
4160,9480
4160,9500
4160,9520
4160,9540
4160,9560
4160,9580
4170,9400
4170,9420
4170,9440
4170,9460
4170,9480
4170,9500
4170,9520
4170,9540
4170,9560
4170,9580
4180,9400
4180,9420
4180,9440
4180,9460
4180,9480
4180,9500
4180,9520
4180,9540
4180,9560
4180,9580
4190,9400
4190,9420
4190,9440
4190,9460
4190,9480
4190,9500
4190,9520
4190,9540
4190,9560
4190,9580
4200,9400
4200,9420
4200,9440
4200,9460
4200,9480
4200,9500
4200,9520
4200,9540
4200,9560
4200,9580
4210,9400
4210,9420
4210,9440
4210,9460
4210,9480
4210,9500
4210,9520
4210,9540
4210,9560
4210,9580
4220,9400
4220,9420
4220,9440
4220,9460
4220,9480
4220,9500
4220,9520
4220,9540
4220,9560
4220,9580
4230,9400
4230,9420
4230,9440
4230,9460
4230,9480
4230,9500
4230,9520
4230,9540
4230,9560
4230,9580
4240,9400
4240,9420
4240,9440
4240,9460
4240,9480
4240,9500
4240,9520
4240,9540
4240,9560
4240,9580
4250,9400
4250,9420
4250,9440
4250,9460
4250,9480
4250,9500
4250,9520
4250,9540
4250,9560
4250,9580
4260,9400
4260,9420
4260,9440
4260,9460
4260,9480
4260,9500
4260,9520
4260,9540
4260,9560
4260,9580
4270,9400
4270,9420
4270,9440
4270,9460
4270,9480
4270,9500
4270,9520
4270,9540
4270,9560
4270,9580
4280,9400
4280,9420
4280,9440
4280,9460
4280,9480
4280,9500
4280,9520
4280,9540
4280,9560
4280,9580
4290,9400
4290,9420
4290,9440
4290,9460
4290,9480
4290,9500
4290,9520
4290,9540
4290,9560
4290,9580
4300,9400
4300,9420
4300,9440
4300,9460
4300,9480
4300,9500
4300,9520
4300,9540
4300,9560
4300,9580
4310,9400
4310,9420
4310,9440
4310,9460
4310,9480
4310,9500
4310,9520
4310,9540
4310,9560
4310,9580
4320,9400
4320,9420
4320,9440
4320,9460
4320,9480
4320,9500
4320,9520
4320,9540
4320,9560
4320,9580
4330,9400
4330,9420
4330,9440
4330,9460
4330,9480
4330,9500
4330,9520
4330,9540
4330,9560
4330,9580
4340,9400
4340,9420
4340,9440
4340,9460
4340,9480
4340,9500
4340,9520
4340,9540
4340,9560
4340,9580
4350,9400
4350,9420
4350,9440
4350,9460
4350,9480
4350,9500
4350,9520
4350,9540
4350,9560
4350,9580
4360,9400
4360,9420
4360,9440
4360,9460
4360,9480
4360,9500
4360,9520
4360,9540
4360,9560
4360,9580
4370,9400
4370,9420
4370,9440
4370,9460
4370,9480
4370,9500
4370,9520
4370,9540
4370,9560
4370,9580
4380,9400
4380,9420
4380,9440
4380,9460
4380,9480
4380,9500
4380,9520
4380,9540
4380,9560
4380,9580
4390,9400
4390,9420
4390,9440
4390,9460
4390,9480
4390,9500
4390,9520
4390,9540
4390,9560
4390,9580
4400,9400
4400,9420
4400,9440
4400,9460
4400,9480
4400,9500
4400,9520
4400,9540
4400,9560
4400,9580
4410,9400
4410,9420
4410,9440
4410,9460
4410,9480
4410,9500
4410,9520
4410,9540
4410,9560
4410,9580
4420,9400
4420,9420
4420,9440
4420,9460
4420,9480
4420,9500
4420,9520
4420,9540
4420,9560
4420,9580
4430,9400
4430,9420
4430,9440
4430,9460
4430,9480
4430,9500
4430,9520
4430,9540
4430,9560
4430,9580
4440,9400
4440,9420
4440,9440
4440,9460
4440,9480
4440,9500
4440,9520
4440,9540
4440,9560
4440,9580
4450,9400
4450,9420
4450,9440
4450,9460
4450,9480
4450,9500
4450,9520
4450,9540
4450,9560
4450,9580
4460,9400
4460,9420
4460,9440
4460,9460
4460,9480
4460,9500
4460,9520
4460,9540
4460,9560
4460,9580
4470,9400
4470,9420
4470,9440
4470,9460
4470,9480
4470,9500
4470,9520
4470,9540
4470,9560
4470,9580
4480,9400
4480,9420
4480,9440
4480,9460
4480,9480
4480,9500
4480,9520
4480,9540
4480,9560
4480,9580
4490,9400
4490,9420
4490,9440
4490,9460
4490,9480
4490,9500
4490,9520
4490,9540
4490,9560
4490,9580
4500,9400
4500,9420
4500,9440
4500,9460
4500,9480
4500,9500
4500,9520
4500,9540
4500,9560
4500,9580
4510,9400
4510,9420
4510,9440
4510,9460
4510,9480
4510,9500
4510,9520
4510,9540
4510,9560
4510,9580
4520,9400
4520,9420
4520,9440
4520,9460
4520,9480
4520,9500
4520,9520
4520,9540
4520,9560
4520,9580
4530,9400
4530,9420
4530,9440
4530,9460
4530,9480
4530,9500
4530,9520
4530,9540
4530,9560
4530,9580
4540,9400
4540,9420
4540,9440
4540,9460
4540,9480
4540,9500
4540,9520
4540,9540
4540,9560
4540,9580
4550,9400
4550,9420
4550,9440
4550,9460
4550,9480
4550,9500
4550,9520
4550,9540
4550,9560
4550,9580
4560,9400
4560,9420
4560,9440
4560,9460
4560,9480
4560,9500
4560,9520
4560,9540
4560,9560
4560,9580
4570,9400
4570,9420
4570,9440
4570,9460
4570,9480
4570,9500
4570,9520
4570,9540
4570,9560
4570,9580
4580,9400
4580,9420
4580,9440
4580,9460
4580,9480
4580,9500
4580,9520
4580,9540
4580,9560
4580,9580
4590,9400
4590,9420
4590,9440
4590,9460
4590,9480
4590,9500
4590,9520
4590,9540
4590,9560
4590,9580
4600,9400
4600,9420
4600,9440
4600,9460
4600,9480
4600,9500
4600,9520
4600,9540
4600,9560
4600,9580
4610,9400
4610,9420
4610,9440
4610,9460
4610,9480
4610,9500
4610,9520
4610,9540
4610,9560
4610,9580
4620,9400
4620,9420
4620,9440
4620,9460
4620,9480
4620,9500
4620,9520
4620,9540
4620,9560
4620,9580
4630,9400
4630,9420
4630,9440
4630,9460
4630,9480
4630,9500
4630,9520
4630,9540
4630,9560
4630,9580
4640,9400
4640,9420
4640,9440
4640,9460
4640,9480
4640,9500
4640,9520
4640,9540
4640,9560
4640,9580
4650,9400
4650,9420
4650,9440
4650,9460
4650,9480
4650,9500
4650,9520
4650,9540
4650,9560
4650,9580
4660,9400
4660,9420
4660,9440
4660,9460
4660,9480
4660,9500
4660,9520
4660,9540
4660,9560
4660,9580
4670,9400
4670,9420
4670,9440
4670,9460
4670,9480
4670,9500
4670,9520
4670,9540
4670,9560
4670,9580
4680,9400
4680,9420
4680,9440
4680,9460
4680,9480
4680,9500
4680,9520
4680,9540
4680,9560
4680,9580
4690,9400
4690,9420
4690,9440
4690,9460
4690,9480
4690,9500
4690,9520
4690,9540
4690,9560
4690,9580
4700,9400
4700,9420
4700,9440
4700,9460
4700,9480
4700,9500
4700,9520
4700,9540
4700,9560
4700,9580
4710,9400
4710,9420
4710,9440
4710,9460
4710,9480
4710,9500
4710,9520
4710,9540
4710,9560
4710,9580
4720,9400
4720,9420
4720,9440
4720,9460
4720,9480
4720,9500
4720,9520
4720,9540
4720,9560
4720,9580
4730,9400
4730,9420
4730,9440
4730,9460
4730,9480
4730,9500
4730,9520
4730,9540
4730,9560
4730,9580
4740,9400
4740,9420
4740,9440
4740,9460
4740,9480
4740,9500
4740,9520
4740,9540
4740,9560
4740,9580
4750,9400
4750,9420
4750,9440
4750,9460
4750,9480
4750,9500
4750,9520
4750,9540
4750,9560
4750,9580
4760,9400
4760,9420
4760,9440
4760,9460
4760,9480
4760,9500
4760,9520
4760,9540
4760,9560
4760,9580
4770,9400
4770,9420
4770,9440
4770,9460
4770,9480
4770,9500
4770,9520
4770,9540
4770,9560
4770,9580
4780,9400
4780,9420
4780,9440
4780,9460
4780,9480
4780,9500
4780,9520
4780,9540
4780,9560
4780,9580
4790,9400
4790,9420
4790,9440
4790,9460
4790,9480
4790,9500
4790,9520
4790,9540
4790,9560
4790,9580
4800,9400
4800,9420
4800,9440
4800,9460
4800,9480
4800,9500
4800,9520
4800,9540
4800,9560
4800,9580
4810,9400
4810,9420
4810,9440
4810,9460
4810,9480
4810,9500
4810,9520
4810,9540
4810,9560
4810,9580
4820,9400
4820,9420
4820,9440
4820,9460
4820,9480
4820,9500
4820,9520
4820,9540
4820,9560
4820,9580
4830,9400
4830,9420
4830,9440
4830,9460
4830,9480
4830,9500
4830,9520
4830,9540
4830,9560
4830,9580
4840,9400
4840,9420
4840,9440
4840,9460
4840,9480
4840,9500
4840,9520
4840,9540
4840,9560
4840,9580
4850,9400
4850,9420
4850,9440
4850,9460
4850,9480
4850,9500
4850,9520
4850,9540
4850,9560
4850,9580
4860,9400
4860,9420
4860,9440
4860,9460
4860,9480
4860,9500
4860,9520
4860,9540
4860,9560
4860,9580
4870,9400
4870,9420
4870,9440
4870,9460
4870,9480
4870,9500
4870,9520
4870,9540
4870,9560
4870,9580
4880,9400
4880,9420
4880,9440
4880,9460
4880,9480
4880,9500
4880,9520
4880,9540
4880,9560
4880,9580
4890,9400
4890,9420
4890,9440
4890,9460
4890,9480
4890,9500
4890,9520
4890,9540
4890,9560
4890,9580
4900,9400
4900,9420
4900,9440
4900,9460
4900,9480
4900,9500
4900,9520
4900,9540
4900,9560
4900,9580
4910,9400
4910,9420
4910,9440
4910,9460
4910,9480
4910,9500
4910,9520
4910,9540
4910,9560
4910,9580
4920,9400
4920,9420
4920,9440
4920,9460
4920,9480
4920,9500
4920,9520
4920,9540
4920,9560
4920,9580
4930,9400
4930,9420
4930,9440
4930,9460
4930,9480
4930,9500
4930,9520
4930,9540
4930,9560
4930,9580
4940,9400
4940,9420
4940,9440
4940,9460
4940,9480
4940,9500
4940,9520
4940,9540
4940,9560
4940,9580
4950,9400
4950,9420
4950,9440
4950,9460
4950,9480
4950,9500
4950,9520
4950,9540
4950,9560
4950,9580
4960,9400
4960,9420
4960,9440
4960,9460
4960,9480
4960,9500
4960,9520
4960,9540
4960,9560
4960,9580
4970,9400
4970,9420
4970,9440
4970,9460
4970,9480
4970,9500
4970,9520
4970,9540
4970,9560
4970,9580
4980,9400
4980,9420
4980,9440
4980,9460
4980,9480
4980,9500
4980,9520
4980,9540
4980,9560
4980,9580
4990,9400
4990,9420
4990,9440
4990,9460
4990,9480
4990,9500
4990,9520
4990,9540
4990,9560
4990,9580
0,11000
0,11020
0,11040
0,11060
0,11080
0,11100
0,11120
0,11140
0,11160
0,11180
0,11200
0,11220
0,11240
0,11260
0,11280
0,11300
0,11320
0,11340
0,11360
0,11380
0,11400
0,11420
0,11440
0,11460
0,11480
0,11500
0,11520
0,11540
0,11560
0,11580
0,11600
0,11620
0,11640
0,11660
10,11000
10,11020
10,11040
10,11060
10,11080
10,11100
10,11120
10,11140
10,11160
10,11180
10,11200
10,11220
10,11240
10,11260
10,11280
10,11300
10,11320
10,11340
10,11360
10,11380
10,11400
10,11420
10,11440
10,11460
10,11480
10,11500
10,11520
10,11540
10,11560
10,11580
10,11600
10,11620
10,11640
10,11660
20,11000
20,11020
20,11040
20,11060
20,11080
20,11100
20,11120
20,11140
20,11160
20,11180
20,11200
20,11220
20,11240
20,11260
20,11280
20,11300
20,11320
20,11340
20,11360
20,11380
20,11400
20,11420
20,11440
20,11460
20,11480
20,11500
20,11520
20,11540
20,11560
20,11580
20,11600
20,11620
20,11640
20,11660
30,11000
30,11020
30,11040
30,11060
30,11080
30,11100
30,11120
30,11140
30,11160
30,11180
30,11200
30,11220
30,11240
30,11260
30,11280
30,11300
30,11320
30,11340
30,11360
30,11380
30,11400
30,11420
30,11440
30,11460
30,11480
30,11500
30,11520
30,11540
30,11560
30,11580
30,11600
30,11620
30,11640
30,11660
40,11000
40,11020
40,11040
40,11060
40,11080
40,11100
40,11120
40,11140
40,11160
40,11180
40,11200
40,11220
40,11240
40,11260
40,11280
40,11300
40,11320
40,11340
40,11360
40,11380
40,11400
40,11420
40,11440
40,11460
40,11480
40,11500
40,11520
40,11540
40,11560
40,11580
40,11600
40,11620
40,11640
40,11660
50,11000
50,11020
50,11040
50,11060
50,11080
50,11100
50,11120
50,11140
50,11160
50,11180
50,11200
50,11220
50,11240
50,11260
50,11280
50,11300
50,11320
50,11340
50,11360
50,11380
50,11400
50,11420
50,11440
50,11460
50,11480
50,11500
50,11520
50,11540
50,11560
50,11580
50,11600
50,11620
50,11640
50,11660
60,11000
60,11020
60,11040
60,11060
60,11080
60,11100
60,11120
60,11140
60,11160
60,11180
60,11200
60,11220
60,11240
60,11260
60,11280
60,11300
60,11320
60,11340
60,11360
60,11380
60,11400
60,11420
60,11440
60,11460
60,11480
60,11500
60,11520
60,11540
60,11560
60,11580
60,11600
60,11620
60,11640
60,11660
70,11000
70,11020
70,11040
70,11060
70,11080
70,11100
70,11120
70,11140
70,11160
70,11180
70,11200
70,11220
70,11240
70,11260
70,11280
70,11300
70,11320
70,11340
70,11360
70,11380
70,11400
70,11420
70,11440
70,11460
70,11480
70,11500
70,11520
70,11540
70,11560
70,11580
70,11600
70,11620
70,11640
70,11660
80,11000
80,11020
80,11040
80,11060
80,11080
80,11100
80,11120
80,11140
80,11160
80,11180
80,11200
80,11220
80,11240
80,11260
80,11280
80,11300
80,11320
80,11340
80,11360
80,11380
80,11400
80,11420
80,11440
80,11460
80,11480
80,11500
80,11520
80,11540
80,11560
80,11580
80,11600
80,11620
80,11640
80,11660
90,11000
90,11020
90,11040
90,11060
90,11080
90,11100
90,11120
90,11140
90,11160
90,11180
90,11200
90,11220
90,11240
90,11260
90,11280
90,11300
90,11320
90,11340
90,11360
90,11380
90,11400
90,11420
90,11440
90,11460
90,11480
90,11500
90,11520
90,11540
90,11560
90,11580
90,11600
90,11620
90,11640
90,11660
100,11000
100,11020
100,11040
100,11060
100,11080
100,11100
100,11120
100,11140
100,11160
100,11180
100,11200
100,11220
100,11240
100,11260
100,11280
100,11300
100,11320
100,11340
100,11360
100,11380
100,11400
100,11420
100,11440
100,11460
100,11480
100,11500
100,11520
100,11540
100,11560
100,11580
100,11600
100,11620
100,11640
100,11660
110,11000
110,11020
110,11040
110,11060
110,11080
110,11100
110,11120
110,11140
110,11160
110,11180
110,11200
110,11220
110,11240
110,11260
110,11280
110,11300
110,11320
110,11340
110,11360
110,11380
110,11400
110,11420
110,11440
110,11460
110,11480
110,11500
110,11520
110,11540
110,11560
110,11580
110,11600
110,11620
110,11640
110,11660
120,11000
120,11020
120,11040
120,11060
120,11080
120,11100
120,11120
120,11140
120,11160
120,11180
120,11200
120,11220
120,11240
120,11260
120,11280
120,11300
120,11320
120,11340
120,11360
120,11380
120,11400
120,11420
120,11440
120,11460
120,11480
120,11500
120,11520
120,11540
120,11560
120,11580
120,11600
120,11620
120,11640
120,11660
130,11000
130,11020
130,11040
130,11060
130,11080
130,11100
130,11120
130,11140
130,11160
130,11180
130,11200
130,11220
130,11240
130,11260
130,11280
130,11300
130,11320
130,11340
130,11360
130,11380
130,11400
130,11420
130,11440
130,11460
130,11480
130,11500
130,11520
130,11540
130,11560
130,11580
130,11600
130,11620
130,11640
130,11660
140,11000
140,11020
140,11040
140,11060
140,11080
140,11100
140,11120
140,11140
140,11160
140,11180
140,11200
140,11220
140,11240
140,11260
140,11280
140,11300
140,11320
140,11340
140,11360
140,11380
140,11400
140,11420
140,11440
140,11460
140,11480
140,11500
140,11520
140,11540
140,11560
140,11580
140,11600
140,11620
140,11640
140,11660
150,11000
150,11020
150,11040
150,11060
150,11080
150,11100
150,11120
150,11140
150,11160
150,11180
150,11200
150,11220
150,11240
150,11260
150,11280
150,11300
150,11320
150,11340
150,11360
150,11380
150,11400
150,11420
150,11440
150,11460
150,11480
150,11500
150,11520
150,11540
150,11560
150,11580
150,11600
150,11620
150,11640
150,11660
160,11000
160,11020
160,11040
160,11060
160,11080
160,11100
160,11120
160,11140
160,11160
160,11180
160,11200
160,11220
160,11240
160,11260
160,11280
160,11300
160,11320
160,11340
160,11360
160,11380
160,11400
160,11420
160,11440
160,11460
160,11480
160,11500
160,11520
160,11540
160,11560
160,11580
160,11600
160,11620
160,11640
160,11660
170,11000
170,11020
170,11040
170,11060
170,11080
170,11100
170,11120
170,11140
170,11160
170,11180
170,11200
170,11220
170,11240
170,11260
170,11280
170,11300
170,11320
170,11340
170,11360
170,11380
170,11400
170,11420
170,11440
170,11460
170,11480
170,11500
170,11520
170,11540
170,11560
170,11580
170,11600
170,11620
170,11640
170,11660
180,11000
180,11020
180,11040
180,11060
180,11080
180,11100
180,11120
180,11140
180,11160
180,11180
180,11200
180,11220
180,11240
180,11260
180,11280
180,11300
180,11320
180,11340
180,11360
180,11380
180,11400
180,11420
180,11440
180,11460
180,11480
180,11500
180,11520
180,11540
180,11560
180,11580
180,11600
180,11620
180,11640
180,11660
190,11000
190,11020
190,11040
190,11060
190,11080
190,11100
190,11120
190,11140
190,11160
190,11180
190,11200
190,11220
190,11240
190,11260
190,11280
190,11300
190,11320
190,11340
190,11360
190,11380
190,11400
190,11420
190,11440
190,11460
190,11480
190,11500
190,11520
190,11540
190,11560
190,11580
190,11600
190,11620
190,11640
190,11660
200,11000
200,11020
200,11040
200,11060
200,11080
200,11100
200,11120
200,11140
200,11160
200,11180
200,11200
200,11220
200,11240
200,11260
200,11280
200,11300
200,11320
200,11340
200,11360
200,11380
200,11400
200,11420
200,11440
200,11460
200,11480
200,11500
200,11520
200,11540
200,11560
200,11580
200,11600
200,11620
200,11640
200,11660
210,11000
210,11020
210,11040
210,11060
210,11080
210,11100
210,11120
210,11140
210,11160
210,11180
210,11200
210,11220
210,11240
210,11260
210,11280
210,11300
210,11320
210,11340
210,11360
210,11380
210,11400
210,11420
210,11440
210,11460
210,11480
210,11500
210,11520
210,11540
210,11560
210,11580
210,11600
210,11620
210,11640
210,11660
220,11000
220,11020
220,11040
220,11060
220,11080
220,11100
220,11120
220,11140
220,11160
220,11180
220,11200
220,11220
220,11240
220,11260
220,11280
220,11300
220,11320
220,11340
220,11360
220,11380
220,11400
220,11420
220,11440
220,11460
220,11480
220,11500
220,11520
220,11540
220,11560
220,11580
220,11600
220,11620
220,11640
220,11660
230,11000
230,11020
230,11040
230,11060
230,11080
230,11100
230,11120
230,11140
230,11160
230,11180
230,11200
230,11220
230,11240
230,11260
230,11280
230,11300
230,11320
230,11340
230,11360
230,11380
230,11400
230,11420
230,11440
230,11460
230,11480
230,11500
230,11520
230,11540
230,11560
230,11580
230,11600
230,11620
230,11640
230,11660
240,11000
240,11020
240,11040
240,11060
240,11080
240,11100
240,11120
240,11140
240,11160
240,11180
240,11200
240,11220
240,11240
240,11260
240,11280
240,11300
240,11320
240,11340
240,11360
240,11380
240,11400
240,11420
240,11440
240,11460
240,11480
240,11500
240,11520
240,11540
240,11560
240,11580
240,11600
240,11620
240,11640
240,11660
250,11000
250,11020
250,11040
250,11060
250,11080
250,11100
250,11120
250,11140
250,11160
250,11180
250,11200
250,11220
250,11240
250,11260
250,11280
250,11300
250,11320
250,11340
250,11360
250,11380
250,11400
250,11420
250,11440
250,11460
250,11480
250,11500
250,11520
250,11540
250,11560
250,11580
250,11600
250,11620
250,11640
250,11660
260,11000
260,11020
260,11040
260,11060
260,11080
260,11100
260,11120
260,11140
260,11160
260,11180
260,11200
260,11220
260,11240
260,11260
260,11280
260,11300
260,11320
260,11340
260,11360
260,11380
260,11400
260,11420
260,11440
260,11460
260,11480
260,11500
260,11520
260,11540
260,11560
260,11580
260,11600
260,11620
260,11640
260,11660
270,11000
270,11020
270,11040
270,11060
270,11080
270,11100
270,11120
270,11140
270,11160
270,11180
270,11200
270,11220
270,11240
270,11260
270,11280
270,11300
270,11320
270,11340
270,11360
270,11380
270,11400
270,11420
270,11440
270,11460
270,11480
270,11500
270,11520
270,11540
270,11560
270,11580
270,11600
270,11620
270,11640
270,11660
280,11000
280,11020
280,11040
280,11060
280,11080
280,11100
280,11120
280,11140
280,11160
280,11180
280,11200
280,11220
280,11240
280,11260
280,11280
280,11300
280,11320
280,11340
280,11360
280,11380
280,11400
280,11420
280,11440
280,11460
280,11480
280,11500
280,11520
280,11540
280,11560
280,11580
280,11600
280,11620
280,11640
280,11660
290,11000
290,11020
290,11040
290,11060
290,11080
290,11100
290,11120
290,11140
290,11160
290,11180
290,11200
290,11220
290,11240
290,11260
290,11280
290,11300
290,11320
290,11340
290,11360
290,11380
290,11400
290,11420
290,11440
290,11460
290,11480
290,11500
290,11520
290,11540
290,11560
290,11580
290,11600
290,11620
290,11640
290,11660
300,11000
300,11020
300,11040
300,11060
300,11080
300,11100
300,11120
300,11140
300,11160
300,11180
300,11200
300,11220
300,11240
300,11260
300,11280
300,11300
300,11320
300,11340
300,11360
300,11380
300,11400
300,11420
300,11440
300,11460
300,11480
300,11500
300,11520
300,11540
300,11560
300,11580
300,11600
300,11620
300,11640
300,11660
310,11000
310,11020
310,11040
310,11060
310,11080
310,11100
310,11120
310,11140
310,11160
310,11180
310,11200
310,11220
310,11240
310,11260
310,11280
310,11300
310,11320
310,11340
310,11360
310,11380
310,11400
310,11420
310,11440
310,11460
310,11480
310,11500
310,11520
310,11540
310,11560
310,11580
310,11600
310,11620
310,11640
310,11660
320,11000
320,11020
320,11040
320,11060
320,11080
320,11100
320,11120
320,11140
320,11160
320,11180
320,11200
320,11220
320,11240
320,11260
320,11280
320,11300
320,11320
320,11340
320,11360
320,11380
320,11400
320,11420
320,11440
320,11460
320,11480
320,11500
320,11520
320,11540
320,11560
320,11580
320,11600
320,11620
320,11640
320,11660
330,11000
330,11020
330,11040
330,11060
330,11080
330,11100
330,11120
330,11140
330,11160
330,11180
330,11200
330,11220
330,11240
330,11260
330,11280
330,11300
330,11320
330,11340
330,11360
330,11380
330,11400
330,11420
330,11440
330,11460
330,11480
330,11500
330,11520
330,11540
330,11560
330,11580
330,11600
330,11620
330,11640
330,11660
340,11000
340,11020
340,11040
340,11060
340,11080
340,11100
340,11120
340,11140
340,11160
340,11180
340,11200
340,11220
340,11240
340,11260
340,11280
340,11300
340,11320
340,11340
340,11360
340,11380
340,11400
340,11420
340,11440
340,11460
340,11480
340,11500
340,11520
340,11540
340,11560
340,11580
340,11600
340,11620
340,11640
340,11660
350,11000
350,11020
350,11040
350,11060
350,11080
350,11100
350,11120
350,11140
350,11160
350,11180
350,11200
350,11220
350,11240
350,11260
350,11280
350,11300
350,11320
350,11340
350,11360
350,11380
350,11400
350,11420
350,11440
350,11460
350,11480
350,11500
350,11520
350,11540
350,11560
350,11580
350,11600
350,11620
350,11640
350,11660
360,11000
360,11020
360,11040
360,11060
360,11080
360,11100
360,11120
360,11140
360,11160
360,11180
360,11200
360,11220
360,11240
360,11260
360,11280
360,11300
360,11320
360,11340
360,11360
360,11380
360,11400
360,11420
360,11440
360,11460
360,11480
360,11500
360,11520
360,11540
360,11560
360,11580
360,11600
360,11620
360,11640
360,11660
370,11000
370,11020
370,11040
370,11060
370,11080
370,11100
370,11120
370,11140
370,11160
370,11180
370,11200
370,11220
370,11240
370,11260
370,11280
370,11300
370,11320
370,11340
370,11360
370,11380
370,11400
370,11420
370,11440
370,11460
370,11480
370,11500
370,11520
370,11540
370,11560
370,11580
370,11600
370,11620
370,11640
370,11660
380,11000
380,11020
380,11040
380,11060
380,11080
380,11100
380,11120
380,11140
380,11160
380,11180
380,11200
380,11220
380,11240
380,11260
380,11280
380,11300
380,11320
380,11340
380,11360
380,11380
380,11400
380,11420
380,11440
380,11460
380,11480
380,11500
380,11520
380,11540
380,11560
380,11580
380,11600
380,11620
380,11640
380,11660
390,11000
390,11020
390,11040
390,11060
390,11080
390,11100
390,11120
390,11140
390,11160
390,11180
390,11200
390,11220
390,11240
390,11260
390,11280
390,11300
390,11320
390,11340
390,11360
390,11380
390,11400
390,11420
390,11440
390,11460
390,11480
390,11500
390,11520
390,11540
390,11560
390,11580
390,11600
390,11620
390,11640
390,11660
400,11000
400,11020
400,11040
400,11060
400,11080
400,11100
400,11120
400,11140
400,11160
400,11180
400,11200
400,11220
400,11240
400,11260
400,11280
400,11300
400,11320
400,11340
400,11360
400,11380
400,11400
400,11420
400,11440
400,11460
400,11480
400,11500
400,11520
400,11540
400,11560
400,11580
400,11600
400,11620
400,11640
400,11660
410,11000
410,11020
410,11040
410,11060
410,11080
410,11100
410,11120
410,11140
410,11160
410,11180
410,11200
410,11220
410,11240
410,11260
410,11280
410,11300
410,11320
410,11340
410,11360
410,11380
410,11400
410,11420
410,11440
410,11460
410,11480
410,11500
410,11520
410,11540
410,11560
410,11580
410,11600
410,11620
410,11640
410,11660
420,11000
420,11020
420,11040
420,11060
420,11080
420,11100
420,11120
420,11140
420,11160
420,11180
420,11200
420,11220
420,11240
420,11260
420,11280
420,11300
420,11320
420,11340
420,11360
420,11380
420,11400
420,11420
420,11440
420,11460
420,11480
420,11500
420,11520
420,11540
420,11560
420,11580
420,11600
420,11620
420,11640
420,11660
430,11000
430,11020
430,11040
430,11060
430,11080
430,11100
430,11120
430,11140
430,11160
430,11180
430,11200
430,11220
430,11240
430,11260
430,11280
430,11300
430,11320
430,11340
430,11360
430,11380
430,11400
430,11420
430,11440
430,11460
430,11480
430,11500
430,11520
430,11540
430,11560
430,11580
430,11600
430,11620
430,11640
430,11660
440,11000
440,11020
440,11040
440,11060
440,11080
440,11100
440,11120
440,11140
440,11160
440,11180
440,11200
440,11220
440,11240
440,11260
440,11280
440,11300
440,11320
440,11340
440,11360
440,11380
440,11400
440,11420
440,11440
440,11460
440,11480
440,11500
440,11520
440,11540
440,11560
440,11580
440,11600
440,11620
440,11640
440,11660
450,11000
450,11020
450,11040
450,11060
450,11080
450,11100
450,11120
450,11140
450,11160
450,11180
450,11200
450,11220
450,11240
450,11260
450,11280
450,11300
450,11320
450,11340
450,11360
450,11380
450,11400
450,11420
450,11440
450,11460
450,11480
450,11500
450,11520
450,11540
450,11560
450,11580
450,11600
450,11620
450,11640
450,11660
460,11000
460,11020
460,11040
460,11060
460,11080
460,11100
460,11120
460,11140
460,11160
460,11180
460,11200
460,11220
460,11240
460,11260
460,11280
460,11300
460,11320
460,11340
460,11360
460,11380
460,11400
460,11420
460,11440
460,11460
460,11480
460,11500
460,11520
460,11540
460,11560
460,11580
460,11600
460,11620
460,11640
460,11660
470,11000
470,11020
470,11040
470,11060
470,11080
470,11100
470,11120
470,11140
470,11160
470,11180
470,11200
470,11220
470,11240
470,11260
470,11280
470,11300
470,11320
470,11340
470,11360
470,11380
470,11400
470,11420
470,11440
470,11460
470,11480
470,11500
470,11520
470,11540
470,11560
470,11580
470,11600
470,11620
470,11640
470,11660
480,11000
480,11020
480,11040
480,11060
480,11080
480,11100
480,11120
480,11140
480,11160
480,11180
480,11200
480,11220
480,11240
480,11260
480,11280
480,11300
480,11320
480,11340
480,11360
480,11380
480,11400
480,11420
480,11440
480,11460
480,11480
480,11500
480,11520
480,11540
480,11560
480,11580
480,11600
480,11620
480,11640
480,11660
490,11000
490,11020
490,11040
490,11060
490,11080
490,11100
490,11120
490,11140
490,11160
490,11180
490,11200
490,11220
490,11240
490,11260
490,11280
490,11300
490,11320
490,11340
490,11360
490,11380
490,11400
490,11420
490,11440
490,11460
490,11480
490,11500
490,11520
490,11540
490,11560
490,11580
490,11600
490,11620
490,11640
490,11660
500,11000
500,11020
500,11040
500,11060
500,11080
500,11100
500,11120
500,11140
500,11160
500,11180
500,11200
500,11220
500,11240
500,11260
500,11280
500,11300
500,11320
500,11340
500,11360
500,11380
500,11400
500,11420
500,11440
500,11460
500,11480
500,11500
500,11520
500,11540
500,11560
500,11580
500,11600
500,11620
500,11640
500,11660
510,11000
510,11020
510,11040
510,11060
510,11080
510,11100
510,11120
510,11140
510,11160
510,11180
510,11200
510,11220
510,11240
510,11260
510,11280
510,11300
510,11320
510,11340
510,11360
510,11380
510,11400
510,11420
510,11440
510,11460
510,11480
510,11500
510,11520
510,11540
510,11560
510,11580
510,11600
510,11620
510,11640
510,11660
520,11000
520,11020
520,11040
520,11060
520,11080
520,11100
520,11120
520,11140
520,11160
520,11180
520,11200
520,11220
520,11240
520,11260
520,11280
520,11300
520,11320
520,11340
520,11360
520,11380
520,11400
520,11420
520,11440
520,11460
520,11480
520,11500
520,11520
520,11540
520,11560
520,11580
520,11600
520,11620
520,11640
520,11660
530,11000
530,11020
530,11040
530,11060
530,11080
530,11100
530,11120
530,11140
530,11160
530,11180
530,11200
530,11220
530,11240
530,11260
530,11280
530,11300
530,11320
530,11340
530,11360
530,11380
530,11400
530,11420
530,11440
530,11460
530,11480
530,11500
530,11520
530,11540
530,11560
530,11580
530,11600
530,11620
530,11640
530,11660
540,11000
540,11020
540,11040
540,11060
540,11080
540,11100
540,11120
540,11140
540,11160
540,11180
540,11200
540,11220
540,11240
540,11260
540,11280
540,11300
540,11320
540,11340
540,11360
540,11380
540,11400
540,11420
540,11440
540,11460
540,11480
540,11500
540,11520
540,11540
540,11560
540,11580
540,11600
540,11620
540,11640
540,11660
550,11000
550,11020
550,11040
550,11060
550,11080
550,11100
550,11120
550,11140
550,11160
550,11180
550,11200
550,11220
550,11240
550,11260
550,11280
550,11300
550,11320
550,11340
550,11360
550,11380
550,11400
550,11420
550,11440
550,11460
550,11480
550,11500
550,11520
550,11540
550,11560
550,11580
550,11600
550,11620
550,11640
550,11660
560,11000
560,11020
560,11040
560,11060
560,11080
560,11100
560,11120
560,11140
560,11160
560,11180
560,11200
560,11220
560,11240
560,11260
560,11280
560,11300
560,11320
560,11340
560,11360
560,11380
560,11400
560,11420
560,11440
560,11460
560,11480
560,11500
560,11520
560,11540
560,11560
560,11580
560,11600
560,11620
560,11640
560,11660
570,11000
570,11020
570,11040
570,11060
570,11080
570,11100
570,11120
570,11140
570,11160
570,11180
570,11200
570,11220
570,11240
570,11260
570,11280
570,11300
570,11320
570,11340
570,11360
570,11380
570,11400
570,11420
570,11440
570,11460
570,11480
570,11500
570,11520
570,11540
570,11560
570,11580
570,11600
570,11620
570,11640
570,11660
580,11000
580,11020
580,11040
580,11060
580,11080
580,11100
580,11120
580,11140
580,11160
580,11180
580,11200
580,11220
580,11240
580,11260
580,11280
580,11300
580,11320
580,11340
580,11360
580,11380
580,11400
580,11420
580,11440
580,11460
580,11480
580,11500
580,11520
580,11540
580,11560
580,11580
580,11600
580,11620
580,11640
580,11660
590,11000
590,11020
590,11040
590,11060
590,11080
590,11100
590,11120
590,11140
590,11160
590,11180
590,11200
590,11220
590,11240
590,11260
590,11280
590,11300
590,11320
590,11340
590,11360
590,11380
590,11400
590,11420
590,11440
590,11460
590,11480
590,11500
590,11520
590,11540
590,11560
590,11580
590,11600
590,11620
590,11640
590,11660
600,11000
600,11020
600,11040
600,11060
600,11080
600,11100
600,11120
600,11140
600,11160
600,11180
600,11200
600,11220
600,11240
600,11260
600,11280
600,11300
600,11320
600,11340
600,11360
600,11380
600,11400
600,11420
600,11440
600,11460
600,11480
600,11500
600,11520
600,11540
600,11560
600,11580
600,11600
600,11620
600,11640
600,11660
610,11000
610,11020
610,11040
610,11060
610,11080
610,11100
610,11120
610,11140
610,11160
610,11180
610,11200
610,11220
610,11240
610,11260
610,11280
610,11300
610,11320
610,11340
610,11360
610,11380
610,11400
610,11420
610,11440
610,11460
610,11480
610,11500
610,11520
610,11540
610,11560
610,11580
610,11600
610,11620
610,11640
610,11660
620,11000
620,11020
620,11040
620,11060
620,11080
620,11100
620,11120
620,11140
620,11160
620,11180
620,11200
620,11220
620,11240
620,11260
620,11280
620,11300
620,11320
620,11340
620,11360
620,11380
620,11400
620,11420
620,11440
620,11460
620,11480
620,11500
620,11520
620,11540
620,11560
620,11580
620,11600
620,11620
620,11640
620,11660
630,11000
630,11020
630,11040
630,11060
630,11080
630,11100
630,11120
630,11140
630,11160
630,11180
630,11200
630,11220
630,11240
630,11260
630,11280
630,11300
630,11320
630,11340
630,11360
630,11380
630,11400
630,11420
630,11440
630,11460
630,11480
630,11500
630,11520
630,11540
630,11560
630,11580
630,11600
630,11620
630,11640
630,11660
640,11000
640,11020
640,11040
640,11060
640,11080
640,11100
640,11120
640,11140
640,11160
640,11180
640,11200
640,11220
640,11240
640,11260
640,11280
640,11300
640,11320
640,11340
640,11360
640,11380
640,11400
640,11420
640,11440
640,11460
640,11480
640,11500
640,11520
640,11540
640,11560
640,11580
640,11600
640,11620
640,11640
640,11660
650,11000
650,11020
650,11040
650,11060
650,11080
650,11100
650,11120
650,11140
650,11160
650,11180
650,11200
650,11220
650,11240
650,11260
650,11280
650,11300
650,11320
650,11340
650,11360
650,11380
650,11400
650,11420
650,11440
650,11460
650,11480
650,11500
650,11520
650,11540
650,11560
650,11580
650,11600
650,11620
650,11640
650,11660
660,11000
660,11020
660,11040
660,11060
660,11080
660,11100
660,11120
660,11140
660,11160
660,11180
660,11200
660,11220
660,11240
660,11260
660,11280
660,11300
660,11320
660,11340
660,11360
660,11380
660,11400
660,11420
660,11440
660,11460
660,11480
660,11500
660,11520
660,11540
660,11560
660,11580
660,11600
660,11620
660,11640
660,11660
670,11000
670,11020
670,11040
670,11060
670,11080
670,11100
670,11120
670,11140
670,11160
670,11180
670,11200
670,11220
670,11240
670,11260
670,11280
670,11300
670,11320
670,11340
670,11360
670,11380
670,11400
670,11420
670,11440
670,11460
670,11480
670,11500
670,11520
670,11540
670,11560
670,11580
670,11600
670,11620
670,11640
670,11660
680,11000
680,11020
680,11040
680,11060
680,11080
680,11100
680,11120
680,11140
680,11160
680,11180
680,11200
680,11220
680,11240
680,11260
680,11280
680,11300
680,11320
680,11340
680,11360
680,11380
680,11400
680,11420
680,11440
680,11460
680,11480
680,11500
680,11520
680,11540
680,11560
680,11580
680,11600
680,11620
680,11640
680,11660
690,11000
690,11020
690,11040
690,11060
690,11080
690,11100
690,11120
690,11140
690,11160
690,11180
690,11200
690,11220
690,11240
690,11260
690,11280
690,11300
690,11320
690,11340
690,11360
690,11380
690,11400
690,11420
690,11440
690,11460
690,11480
690,11500
690,11520
690,11540
690,11560
690,11580
690,11600
690,11620
690,11640
690,11660
700,11000
700,11020
700,11040
700,11060
700,11080
700,11100
700,11120
700,11140
700,11160
700,11180
700,11200
700,11220
700,11240
700,11260
700,11280
700,11300
700,11320
700,11340
700,11360
700,11380
700,11400
700,11420
700,11440
700,11460
700,11480
700,11500
700,11520
700,11540
700,11560
700,11580
700,11600
700,11620
700,11640
700,11660
710,11000
710,11020
710,11040
710,11060
710,11080
710,11100
710,11120
710,11140
710,11160
710,11180
710,11200
710,11220
710,11240
710,11260
710,11280
710,11300
710,11320
710,11340
710,11360
710,11380
710,11400
710,11420
710,11440
710,11460
710,11480
710,11500
710,11520
710,11540
710,11560
710,11580
710,11600
710,11620
710,11640
710,11660
720,11000
720,11020
720,11040
720,11060
720,11080
720,11100
720,11120
720,11140
720,11160
720,11180
720,11200
720,11220
720,11240
720,11260
720,11280
720,11300
720,11320
720,11340
720,11360
720,11380
720,11400
720,11420
720,11440
720,11460
720,11480
720,11500
720,11520
720,11540
720,11560
720,11580
720,11600
720,11620
720,11640
720,11660
730,11000
730,11020
730,11040
730,11060
730,11080
730,11100
730,11120
730,11140
730,11160
730,11180
730,11200
730,11220
730,11240
730,11260
730,11280
730,11300
730,11320
730,11340
730,11360
730,11380
730,11400
730,11420
730,11440
730,11460
730,11480
730,11500
730,11520
730,11540
730,11560
730,11580
730,11600
730,11620
730,11640
730,11660
740,11000
740,11020
740,11040
740,11060
740,11080
740,11100
740,11120
740,11140
740,11160
740,11180
740,11200
740,11220
740,11240
740,11260
740,11280
740,11300
740,11320
740,11340
740,11360
740,11380
740,11400
740,11420
740,11440
740,11460
740,11480
740,11500
740,11520
740,11540
740,11560
740,11580
740,11600
740,11620
740,11640
740,11660
750,11000
750,11020
750,11040
750,11060
750,11080
750,11100
750,11120
750,11140
750,11160
750,11180
750,11200
750,11220
750,11240
750,11260
750,11280
750,11300
750,11320
750,11340
750,11360
750,11380
750,11400
750,11420
750,11440
750,11460
750,11480
750,11500
750,11520
750,11540
750,11560
750,11580
750,11600
750,11620
750,11640
750,11660
760,11000
760,11020
760,11040
760,11060
760,11080
760,11100
760,11120
760,11140
760,11160
760,11180
760,11200
760,11220
760,11240
760,11260
760,11280
760,11300
760,11320
760,11340
760,11360
760,11380
760,11400
760,11420
760,11440
760,11460
760,11480
760,11500
760,11520
760,11540
760,11560
760,11580
760,11600
760,11620
760,11640
760,11660
770,11000
770,11020
770,11040
770,11060
770,11080
770,11100
770,11120
770,11140
770,11160
770,11180
770,11200
770,11220
770,11240
770,11260
770,11280
770,11300
770,11320
770,11340
770,11360
770,11380
770,11400
770,11420
770,11440
770,11460
770,11480
770,11500
770,11520
770,11540
770,11560
770,11580
770,11600
770,11620
770,11640
770,11660
780,11000
780,11020
780,11040
780,11060
780,11080
780,11100
780,11120
780,11140
780,11160
780,11180
780,11200
780,11220
780,11240
780,11260
780,11280
780,11300
780,11320
780,11340
780,11360
780,11380
780,11400
780,11420
780,11440
780,11460
780,11480
780,11500
780,11520
780,11540
780,11560
780,11580
780,11600
780,11620
780,11640
780,11660
790,11000
790,11020
790,11040
790,11060
790,11080
790,11100
790,11120
790,11140
790,11160
790,11180
790,11200
790,11220
790,11240
790,11260
790,11280
790,11300
790,11320
790,11340
790,11360
790,11380
790,11400
790,11420
790,11440
790,11460
790,11480
790,11500
790,11520
790,11540
790,11560
790,11580
790,11600
790,11620
790,11640
790,11660
800,11000
800,11020
800,11040
800,11060
800,11080
800,11100
800,11120
800,11140
800,11160
800,11180
800,11200
800,11220
800,11240
800,11260
800,11280
800,11300
800,11320
800,11340
800,11360
800,11380
800,11400
800,11420
800,11440
800,11460
800,11480
800,11500
800,11520
800,11540
800,11560
800,11580
800,11600
800,11620
800,11640
800,11660
810,11000
810,11020
810,11040
810,11060
810,11080
810,11100
810,11120
810,11140
810,11160
810,11180
810,11200
810,11220
810,11240
810,11260
810,11280
810,11300
810,11320
810,11340
810,11360
810,11380
810,11400
810,11420
810,11440
810,11460
810,11480
810,11500
810,11520
810,11540
810,11560
810,11580
810,11600
810,11620
810,11640
810,11660
820,11000
820,11020
820,11040
820,11060
820,11080
820,11100
820,11120
820,11140
820,11160
820,11180
820,11200
820,11220
820,11240
820,11260
820,11280
820,11300
820,11320
820,11340
820,11360
820,11380
820,11400
820,11420
820,11440
820,11460
820,11480
820,11500
820,11520
820,11540
820,11560
820,11580
820,11600
820,11620
820,11640
820,11660
830,11000
830,11020
830,11040
830,11060
830,11080
830,11100
830,11120
830,11140
830,11160
830,11180
830,11200
830,11220
830,11240
830,11260
830,11280
830,11300
830,11320
830,11340
830,11360
830,11380
830,11400
830,11420
830,11440
830,11460
830,11480
830,11500
830,11520
830,11540
830,11560
830,11580
830,11600
830,11620
830,11640
830,11660
840,11000
840,11020
840,11040
840,11060
840,11080
840,11100
840,11120
840,11140
840,11160
840,11180
840,11200
840,11220
840,11240
840,11260
840,11280
840,11300
840,11320
840,11340
840,11360
840,11380
840,11400
840,11420
840,11440
840,11460
840,11480
840,11500
840,11520
840,11540
840,11560
840,11580
840,11600
840,11620
840,11640
840,11660
850,11000
850,11020
850,11040
850,11060
850,11080
850,11100
850,11120
850,11140
850,11160
850,11180
850,11200
850,11220
850,11240
850,11260
850,11280
850,11300
850,11320
850,11340
850,11360
850,11380
850,11400
850,11420
850,11440
850,11460
850,11480
850,11500
850,11520
850,11540
850,11560
850,11580
850,11600
850,11620
850,11640
850,11660
860,11000
860,11020
860,11040
860,11060
860,11080
860,11100
860,11120
860,11140
860,11160
860,11180
860,11200
860,11220
860,11240
860,11260
860,11280
860,11300
860,11320
860,11340
860,11360
860,11380
860,11400
860,11420
860,11440
860,11460
860,11480
860,11500
860,11520
860,11540
860,11560
860,11580
860,11600
860,11620
860,11640
860,11660
870,11000
870,11020
870,11040
870,11060
870,11080
870,11100
870,11120
870,11140
870,11160
870,11180
870,11200
870,11220
870,11240
870,11260
870,11280
870,11300
870,11320
870,11340
870,11360
870,11380
870,11400
870,11420
870,11440
870,11460
870,11480
870,11500
870,11520
870,11540
870,11560
870,11580
870,11600
870,11620
870,11640
870,11660
880,11000
880,11020
880,11040
880,11060
880,11080
880,11100
880,11120
880,11140
880,11160
880,11180
880,11200
880,11220
880,11240
880,11260
880,11280
880,11300
880,11320
880,11340
880,11360
880,11380
880,11400
880,11420
880,11440
880,11460
880,11480
880,11500
880,11520
880,11540
880,11560
880,11580
880,11600
880,11620
880,11640
880,11660
890,11000
890,11020
890,11040
890,11060
890,11080
890,11100
890,11120
890,11140
890,11160
890,11180
890,11200
890,11220
890,11240
890,11260
890,11280
890,11300
890,11320
890,11340
890,11360
890,11380
890,11400
890,11420
890,11440
890,11460
890,11480
890,11500
890,11520
890,11540
890,11560
890,11580
890,11600
890,11620
890,11640
890,11660
900,11000
900,11020
900,11040
900,11060
900,11080
900,11100
900,11120
900,11140
900,11160
900,11180
900,11200
900,11220
900,11240
900,11260
900,11280
900,11300
900,11320
900,11340
900,11360
900,11380
900,11400
900,11420
900,11440
900,11460
900,11480
900,11500
900,11520
900,11540
900,11560
900,11580
900,11600
900,11620
900,11640
900,11660
910,11000
910,11020
910,11040
910,11060
910,11080
910,11100
910,11120
910,11140
910,11160
910,11180
910,11200
910,11220
910,11240
910,11260
910,11280
910,11300
910,11320
910,11340
910,11360
910,11380
910,11400
910,11420
910,11440
910,11460
910,11480
910,11500
910,11520
910,11540
910,11560
910,11580
910,11600
910,11620
910,11640
910,11660
920,11000
920,11020
920,11040
920,11060
920,11080
920,11100
920,11120
920,11140
920,11160
920,11180
920,11200
920,11220
920,11240
920,11260
920,11280
920,11300
920,11320
920,11340
920,11360
920,11380
920,11400
920,11420
920,11440
920,11460
920,11480
920,11500
920,11520
920,11540
920,11560
920,11580
920,11600
920,11620
920,11640
920,11660
930,11000
930,11020
930,11040
930,11060
930,11080
930,11100
930,11120
930,11140
930,11160
930,11180
930,11200
930,11220
930,11240
930,11260
930,11280
930,11300
930,11320
930,11340
930,11360
930,11380
930,11400
930,11420
930,11440
930,11460
930,11480
930,11500
930,11520
930,11540
930,11560
930,11580
930,11600
930,11620
930,11640
930,11660
940,11000
940,11020
940,11040
940,11060
940,11080
940,11100
940,11120
940,11140
940,11160
940,11180
940,11200
940,11220
940,11240
940,11260
940,11280
940,11300
940,11320
940,11340
940,11360
940,11380
940,11400
940,11420
940,11440
940,11460
940,11480
940,11500
940,11520
940,11540
940,11560
940,11580
940,11600
940,11620
940,11640
940,11660
950,11000
950,11020
950,11040
950,11060
950,11080
950,11100
950,11120
950,11140
950,11160
950,11180
950,11200
950,11220
950,11240
950,11260
950,11280
950,11300
950,11320
950,11340
950,11360
950,11380
950,11400
950,11420
950,11440
950,11460
950,11480
950,11500
950,11520
950,11540
950,11560
950,11580
950,11600
950,11620
950,11640
950,11660
960,11000
960,11020
960,11040
960,11060
960,11080
960,11100
960,11120
960,11140
960,11160
960,11180
960,11200
960,11220
960,11240
960,11260
960,11280
960,11300
960,11320
960,11340
960,11360
960,11380
960,11400
960,11420
960,11440
960,11460
960,11480
960,11500
960,11520
960,11540
960,11560
960,11580
960,11600
960,11620
960,11640
960,11660
970,11000
970,11020
970,11040
970,11060
970,11080
970,11100
970,11120
970,11140
970,11160
970,11180
970,11200
970,11220
970,11240
970,11260
970,11280
970,11300
970,11320
970,11340
970,11360
970,11380
970,11400
970,11420
970,11440
970,11460
970,11480
970,11500
970,11520
970,11540
970,11560
970,11580
970,11600
970,11620
970,11640
970,11660
980,11000
980,11020
980,11040
980,11060
980,11080
980,11100
980,11120
980,11140
980,11160
980,11180
980,11200
980,11220
980,11240
980,11260
980,11280
980,11300
980,11320
980,11340
980,11360
980,11380
980,11400
980,11420
980,11440
980,11460
980,11480
980,11500
980,11520
980,11540
980,11560
980,11580
980,11600
980,11620
980,11640
980,11660
990,11000
990,11020
990,11040
990,11060
990,11080
990,11100
990,11120
990,11140
990,11160
990,11180
990,11200
990,11220
990,11240
990,11260
990,11280
990,11300
990,11320
990,11340
990,11360
990,11380
990,11400
990,11420
990,11440
990,11460
990,11480
990,11500
990,11520
990,11540
990,11560
990,11580
990,11600
990,11620
990,11640
990,11660
1000,11000
1000,11020
1000,11040
1000,11060
1000,11080
1000,11100
1000,11120
1000,11140
1000,11160
1000,11180
1000,11200
1000,11220
1000,11240
1000,11260
1000,11280
1000,11300
1000,11320
1000,11340
1000,11360
1000,11380
1000,11400
1000,11420
1000,11440
1000,11460
1000,11480
1000,11500
1000,11520
1000,11540
1000,11560
1000,11580
1000,11600
1000,11620
1000,11640
1000,11660
1010,11000
1010,11020
1010,11040
1010,11060
1010,11080
1010,11100
1010,11120
1010,11140
1010,11160
1010,11180
1010,11200
1010,11220
1010,11240
1010,11260
1010,11280
1010,11300
1010,11320
1010,11340
1010,11360
1010,11380
1010,11400
1010,11420
1010,11440
1010,11460
1010,11480
1010,11500
1010,11520
1010,11540
1010,11560
1010,11580
1010,11600
1010,11620
1010,11640
1010,11660
1020,11000
1020,11020
1020,11040
1020,11060
1020,11080
1020,11100
1020,11120
1020,11140
1020,11160
1020,11180
1020,11200
1020,11220
1020,11240
1020,11260
1020,11280
1020,11300
1020,11320
1020,11340
1020,11360
1020,11380
1020,11400
1020,11420
1020,11440
1020,11460
1020,11480
1020,11500
1020,11520
1020,11540
1020,11560
1020,11580
1020,11600
1020,11620
1020,11640
1020,11660
1030,11000
1030,11020
1030,11040
1030,11060
1030,11080
1030,11100
1030,11120
1030,11140
1030,11160
1030,11180
1030,11200
1030,11220
1030,11240
1030,11260
1030,11280
1030,11300
1030,11320
1030,11340
1030,11360
1030,11380
1030,11400
1030,11420
1030,11440
1030,11460
1030,11480
1030,11500
1030,11520
1030,11540
1030,11560
1030,11580
1030,11600
1030,11620
1030,11640
1030,11660
1040,11000
1040,11020
1040,11040
1040,11060
1040,11080
1040,11100
1040,11120
1040,11140
1040,11160
1040,11180
1040,11200
1040,11220
1040,11240
1040,11260
1040,11280
1040,11300
1040,11320
1040,11340
1040,11360
1040,11380
1040,11400
1040,11420
1040,11440
1040,11460
1040,11480
1040,11500
1040,11520
1040,11540
1040,11560
1040,11580
1040,11600
1040,11620
1040,11640
1040,11660
1050,11000
1050,11020
1050,11040
1050,11060
1050,11080
1050,11100
1050,11120
1050,11140
1050,11160
1050,11180
1050,11200
1050,11220
1050,11240
1050,11260
1050,11280
1050,11300
1050,11320
1050,11340
1050,11360
1050,11380
1050,11400
1050,11420
1050,11440
1050,11460
1050,11480
1050,11500
1050,11520
1050,11540
1050,11560
1050,11580
1050,11600
1050,11620
1050,11640
1050,11660
1060,11000
1060,11020
1060,11040
1060,11060
1060,11080
1060,11100
1060,11120
1060,11140
1060,11160
1060,11180
1060,11200
1060,11220
1060,11240
1060,11260
1060,11280
1060,11300
1060,11320
1060,11340
1060,11360
1060,11380
1060,11400
1060,11420
1060,11440
1060,11460
1060,11480
1060,11500
1060,11520
1060,11540
1060,11560
1060,11580
1060,11600
1060,11620
1060,11640
1060,11660
1070,11000
1070,11020
1070,11040
1070,11060
1070,11080
1070,11100
1070,11120
1070,11140
1070,11160
1070,11180
1070,11200
1070,11220
1070,11240
1070,11260
1070,11280
1070,11300
1070,11320
1070,11340
1070,11360
1070,11380
1070,11400
1070,11420
1070,11440
1070,11460
1070,11480
1070,11500
1070,11520
1070,11540
1070,11560
1070,11580
1070,11600
1070,11620
1070,11640
1070,11660
1080,11000
1080,11020
1080,11040
1080,11060
1080,11080
1080,11100
1080,11120
1080,11140
1080,11160
1080,11180
1080,11200
1080,11220
1080,11240
1080,11260
1080,11280
1080,11300
1080,11320
1080,11340
1080,11360
1080,11380
1080,11400
1080,11420
1080,11440
1080,11460
1080,11480
1080,11500
1080,11520
1080,11540
1080,11560
1080,11580
1080,11600
1080,11620
1080,11640
1080,11660
1090,11000
1090,11020
1090,11040
1090,11060
1090,11080
1090,11100
1090,11120
1090,11140
1090,11160
1090,11180
1090,11200
1090,11220
1090,11240
1090,11260
1090,11280
1090,11300
1090,11320
1090,11340
1090,11360
1090,11380
1090,11400
1090,11420
1090,11440
1090,11460
1090,11480
1090,11500
1090,11520
1090,11540
1090,11560
1090,11580
1090,11600
1090,11620
1090,11640
1090,11660
0,2899
0,2919
0,2939
0,2959
0,2979
0,2999
0,3019
0,3039
0,3059
0,3079
0,3099
0,3119
0,3139
0,3159
0,3179
0,3199
10,2899
10,2919
10,2939
10,2959
10,2979
10,2999
10,3019
10,3039
10,3059
10,3079
10,3099
10,3119
10,3139
10,3159
10,3179
10,3199
20,2899
20,2919
20,2939
20,2959
20,2979
20,2999
20,3019
20,3039
20,3059
20,3079
20,3099
20,3119
20,3139
20,3159
20,3179
20,3199
30,2899
30,2919
30,2939
30,2959
30,2979
30,2999
30,3019
30,3039
30,3059
30,3079
30,3099
30,3119
30,3139
30,3159
30,3179
30,3199
40,2899
40,2919
40,2939
40,2959
40,2979
40,2999
40,3019
40,3039
40,3059
40,3079
40,3099
40,3119
40,3139
40,3159
40,3179
40,3199
50,2899
50,2919
50,2939
50,2959
50,2979
50,2999
50,3019
50,3039
50,3059
50,3079
50,3099
50,3119
50,3139
50,3159
50,3179
50,3199
60,2899
60,2919
60,2939
60,2959
60,2979
60,2999
60,3019
60,3039
60,3059
60,3079
60,3099
60,3119
60,3139
60,3159
60,3179
60,3199
70,2899
70,2919
70,2939
70,2959
70,2979
70,2999
70,3019
70,3039
70,3059
70,3079
70,3099
70,3119
70,3139
70,3159
70,3179
70,3199
80,2899
80,2919
80,2939
80,2959
80,2979
80,2999
80,3019
80,3039
80,3059
80,3079
80,3099
80,3119
80,3139
80,3159
80,3179
80,3199
90,2899
90,2919
90,2939
90,2959
90,2979
90,2999
90,3019
90,3039
90,3059
90,3079
90,3099
90,3119
90,3139
90,3159
90,3179
90,3199
100,2899
100,2919
100,2939
100,2959
100,2979
100,2999
100,3019
100,3039
100,3059
100,3079
100,3099
100,3119
100,3139
100,3159
100,3179
100,3199
110,2899
110,2919
110,2939
110,2959
110,2979
110,2999
110,3019
110,3039
110,3059
110,3079
110,3099
110,3119
110,3139
110,3159
110,3179
110,3199
120,2899
120,2919
120,2939
120,2959
120,2979
120,2999
120,3019
120,3039
120,3059
120,3079
120,3099
120,3119
120,3139
120,3159
120,3179
120,3199
130,2899
130,2919
130,2939
130,2959
130,2979
130,2999
130,3019
130,3039
130,3059
130,3079
130,3099
130,3119
130,3139
130,3159
130,3179
130,3199
140,2899
140,2919
140,2939
140,2959
140,2979
140,2999
140,3019
140,3039
140,3059
140,3079
140,3099
140,3119
140,3139
140,3159
140,3179
140,3199
150,2899
150,2919
150,2939
150,2959
150,2979
150,2999
150,3019
150,3039
150,3059
150,3079
150,3099
150,3119
150,3139
150,3159
150,3179
150,3199
160,2899
160,2919
160,2939
160,2959
160,2979
160,2999
160,3019
160,3039
160,3059
160,3079
160,3099
160,3119
160,3139
160,3159
160,3179
160,3199
170,2899
170,2919
170,2939
170,2959
170,2979
170,2999
170,3019
170,3039
170,3059
170,3079
170,3099
170,3119
170,3139
170,3159
170,3179
170,3199
180,2899
180,2919
180,2939
180,2959
180,2979
180,2999
180,3019
180,3039
180,3059
180,3079
180,3099
180,3119
180,3139
180,3159
180,3179
180,3199
190,2899
190,2919
190,2939
190,2959
190,2979
190,2999
190,3019
190,3039
190,3059
190,3079
190,3099
190,3119
190,3139
190,3159
190,3179
190,3199
200,2899
200,2919
200,2939
200,2959
200,2979
200,2999
200,3019
200,3039
200,3059
200,3079
200,3099
200,3119
200,3139
200,3159
200,3179
200,3199
210,2899
210,2919
210,2939
210,2959
210,2979
210,2999
210,3019
210,3039
210,3059
210,3079
210,3099
210,3119
210,3139
210,3159
210,3179
210,3199
220,2899
220,2919
220,2939
220,2959
220,2979
220,2999
220,3019
220,3039
220,3059
220,3079
220,3099
220,3119
220,3139
220,3159
220,3179
220,3199
230,2899
230,2919
230,2939
230,2959
230,2979
230,2999
230,3019
230,3039
230,3059
230,3079
230,3099
230,3119
230,3139
230,3159
230,3179
230,3199
240,2899
240,2919
240,2939
240,2959
240,2979
240,2999
240,3019
240,3039
240,3059
240,3079
240,3099
240,3119
240,3139
240,3159
240,3179
240,3199
250,2899
250,2919
250,2939
250,2959
250,2979
250,2999
250,3019
250,3039
250,3059
250,3079
250,3099
250,3119
250,3139
250,3159
250,3179
250,3199
260,2899
260,2919
260,2939
260,2959
260,2979
260,2999
260,3019
260,3039
260,3059
260,3079
260,3099
260,3119
260,3139
260,3159
260,3179
260,3199
270,2899
270,2919
270,2939
270,2959
270,2979
270,2999
270,3019
270,3039
270,3059
270,3079
270,3099
270,3119
270,3139
270,3159
270,3179
270,3199
280,2899
280,2919
280,2939
280,2959
280,2979
280,2999
280,3019
280,3039
280,3059
280,3079
280,3099
280,3119
280,3139
280,3159
280,3179
280,3199
290,2899
290,2919
290,2939
290,2959
290,2979
290,2999
290,3019
290,3039
290,3059
290,3079
290,3099
290,3119
290,3139
290,3159
290,3179
290,3199
300,2899
300,2919
300,2939
300,2959
300,2979
300,2999
300,3019
300,3039
300,3059
300,3079
300,3099
300,3119
300,3139
300,3159
300,3179
300,3199
310,2899
310,2919
310,2939
310,2959
310,2979
310,2999
310,3019
310,3039
310,3059
310,3079
310,3099
310,3119
310,3139
310,3159
310,3179
310,3199
320,2899
320,2919
320,2939
320,2959
320,2979
320,2999
320,3019
320,3039
320,3059
320,3079
320,3099
320,3119
320,3139
320,3159
320,3179
320,3199
330,2899
330,2919
330,2939
330,2959
330,2979
330,2999
330,3019
330,3039
330,3059
330,3079
330,3099
330,3119
330,3139
330,3159
330,3179
330,3199
340,2899
340,2919
340,2939
340,2959
340,2979
340,2999
340,3019
340,3039
340,3059
340,3079
340,3099
340,3119
340,3139
340,3159
340,3179
340,3199
350,2899
350,2919
350,2939
350,2959
350,2979
350,2999
350,3019
350,3039
350,3059
350,3079
350,3099
350,3119
350,3139
350,3159
350,3179
350,3199
360,2899
360,2919
360,2939
360,2959
360,2979
360,2999
360,3019
360,3039
360,3059
360,3079
360,3099
360,3119
360,3139
360,3159
360,3179
360,3199
370,2899
370,2919
370,2939
370,2959
370,2979
370,2999
370,3019
370,3039
370,3059
370,3079
370,3099
370,3119
370,3139
370,3159
370,3179
370,3199
380,2899
380,2919
380,2939
380,2959
380,2979
380,2999
380,3019
380,3039
380,3059
380,3079
380,3099
380,3119
380,3139
380,3159
380,3179
380,3199
390,2899
390,2919
390,2939
390,2959
390,2979
390,2999
390,3019
390,3039
390,3059
390,3079
390,3099
390,3119
390,3139
390,3159
390,3179
390,3199
400,2899
400,2919
400,2939
400,2959
400,2979
400,2999
400,3019
400,3039
400,3059
400,3079
400,3099
400,3119
400,3139
400,3159
400,3179
400,3199
410,2899
410,2919
410,2939
410,2959
410,2979
410,2999
410,3019
410,3039
410,3059
410,3079
410,3099
410,3119
410,3139
410,3159
410,3179
410,3199
420,2899
420,2919
420,2939
420,2959
420,2979
420,2999
420,3019
420,3039
420,3059
420,3079
420,3099
420,3119
420,3139
420,3159
420,3179
420,3199
430,2899
430,2919
430,2939
430,2959
430,2979
430,2999
430,3019
430,3039
430,3059
430,3079
430,3099
430,3119
430,3139
430,3159
430,3179
430,3199
440,2899
440,2919
440,2939
440,2959
440,2979
440,2999
440,3019
440,3039
440,3059
440,3079
440,3099
440,3119
440,3139
440,3159
440,3179
440,3199
450,2899
450,2919
450,2939
450,2959
450,2979
450,2999
450,3019
450,3039
450,3059
450,3079
450,3099
450,3119
450,3139
450,3159
450,3179
450,3199
460,2899
460,2919
460,2939
460,2959
460,2979
460,2999
460,3019
460,3039
460,3059
460,3079
460,3099
460,3119
460,3139
460,3159
460,3179
460,3199
470,2899
470,2919
470,2939
470,2959
470,2979
470,2999
470,3019
470,3039
470,3059
470,3079
470,3099
470,3119
470,3139
470,3159
470,3179
470,3199
480,2899
480,2919
480,2939
480,2959
480,2979
480,2999
480,3019
480,3039
480,3059
480,3079
480,3099
480,3119
480,3139
480,3159
480,3179
480,3199
490,2899
490,2919
490,2939
490,2959
490,2979
490,2999
490,3019
490,3039
490,3059
490,3079
490,3099
490,3119
490,3139
490,3159
490,3179
490,3199
500,2899
500,2919
500,2939
500,2959
500,2979
500,2999
500,3019
500,3039
500,3059
500,3079
500,3099
500,3119
500,3139
500,3159
500,3179
500,3199
510,2899
510,2919
510,2939
510,2959
510,2979
510,2999
510,3019
510,3039
510,3059
510,3079
510,3099
510,3119
510,3139
510,3159
510,3179
510,3199
520,2899
520,2919
520,2939
520,2959
520,2979
520,2999
520,3019
520,3039
520,3059
520,3079
520,3099
520,3119
520,3139
520,3159
520,3179
520,3199
530,2899
530,2919
530,2939
530,2959
530,2979
530,2999
530,3019
530,3039
530,3059
530,3079
530,3099
530,3119
530,3139
530,3159
530,3179
530,3199
540,2899
540,2919
540,2939
540,2959
540,2979
540,2999
540,3019
540,3039
540,3059
540,3079
540,3099
540,3119
540,3139
540,3159
540,3179
540,3199
550,2899
550,2919
550,2939
550,2959
550,2979
550,2999
550,3019
550,3039
550,3059
550,3079
550,3099
550,3119
550,3139
550,3159
550,3179
550,3199
560,2899
560,2919
560,2939
560,2959
560,2979
560,2999
560,3019
560,3039
560,3059
560,3079
560,3099
560,3119
560,3139
560,3159
560,3179
560,3199
570,2899
570,2919
570,2939
570,2959
570,2979
570,2999
570,3019
570,3039
570,3059
570,3079
570,3099
570,3119
570,3139
570,3159
570,3179
570,3199
580,2899
580,2919
580,2939
580,2959
580,2979
580,2999
580,3019
580,3039
580,3059
580,3079
580,3099
580,3119
580,3139
580,3159
580,3179
580,3199
590,2899
590,2919
590,2939
590,2959
590,2979
590,2999
590,3019
590,3039
590,3059
590,3079
590,3099
590,3119
590,3139
590,3159
590,3179
590,3199
600,2899
600,2919
600,2939
600,2959
600,2979
600,2999
600,3019
600,3039
600,3059
600,3079
600,3099
600,3119
600,3139
600,3159
600,3179
600,3199
610,2899
610,2919
610,2939
610,2959
610,2979
610,2999
610,3019
610,3039
610,3059
610,3079
610,3099
610,3119
610,3139
610,3159
610,3179
610,3199
620,2899
620,2919
620,2939
620,2959
620,2979
620,2999
620,3019
620,3039
620,3059
620,3079
620,3099
620,3119
620,3139
620,3159
620,3179
620,3199
630,2899
630,2919
630,2939
630,2959
630,2979
630,2999
630,3019
630,3039
630,3059
630,3079
630,3099
630,3119
630,3139
630,3159
630,3179
630,3199
640,2899
640,2919
640,2939
640,2959
640,2979
640,2999
640,3019
640,3039
640,3059
640,3079
640,3099
640,3119
640,3139
640,3159
640,3179
640,3199
650,2899
650,2919
650,2939
650,2959
650,2979
650,2999
650,3019
650,3039
650,3059
650,3079
650,3099
650,3119
650,3139
650,3159
650,3179
650,3199
660,2899
660,2919
660,2939
660,2959
660,2979
660,2999
660,3019
660,3039
660,3059
660,3079
660,3099
660,3119
660,3139
660,3159
660,3179
660,3199
670,2899
670,2919
670,2939
670,2959
670,2979
670,2999
670,3019
670,3039
670,3059
670,3079
670,3099
670,3119
670,3139
670,3159
670,3179
670,3199
680,2899
680,2919
680,2939
680,2959
680,2979
680,2999
680,3019
680,3039
680,3059
680,3079
680,3099
680,3119
680,3139
680,3159
680,3179
680,3199
690,2899
690,2919
690,2939
690,2959
690,2979
690,2999
690,3019
690,3039
690,3059
690,3079
690,3099
690,3119
690,3139
690,3159
690,3179
690,3199
700,2899
700,2919
700,2939
700,2959
700,2979
700,2999
700,3019
700,3039
700,3059
700,3079
700,3099
700,3119
700,3139
700,3159
700,3179
700,3199
710,2899
710,2919
710,2939
710,2959
710,2979
710,2999
710,3019
710,3039
710,3059
710,3079
710,3099
710,3119
710,3139
710,3159
710,3179
710,3199
720,2899
720,2919
720,2939
720,2959
720,2979
720,2999
720,3019
720,3039
720,3059
720,3079
720,3099
720,3119
720,3139
720,3159
720,3179
720,3199
730,2899
730,2919
730,2939
730,2959
730,2979
730,2999
730,3019
730,3039
730,3059
730,3079
730,3099
730,3119
730,3139
730,3159
730,3179
730,3199
740,2899
740,2919
740,2939
740,2959
740,2979
740,2999
740,3019
740,3039
740,3059
740,3079
740,3099
740,3119
740,3139
740,3159
740,3179
740,3199
750,2899
750,2919
750,2939
750,2959
750,2979
750,2999
750,3019
750,3039
750,3059
750,3079
750,3099
750,3119
750,3139
750,3159
750,3179
750,3199
760,2899
760,2919
760,2939
760,2959
760,2979
760,2999
760,3019
760,3039
760,3059
760,3079
760,3099
760,3119
760,3139
760,3159
760,3179
760,3199
770,2899
770,2919
770,2939
770,2959
770,2979
770,2999
770,3019
770,3039
770,3059
770,3079
770,3099
770,3119
770,3139
770,3159
770,3179
770,3199
780,2899
780,2919
780,2939
780,2959
780,2979
780,2999
780,3019
780,3039
780,3059
780,3079
780,3099
780,3119
780,3139
780,3159
780,3179
780,3199
790,2899
790,2919
790,2939
790,2959
790,2979
790,2999
790,3019
790,3039
790,3059
790,3079
790,3099
790,3119
790,3139
790,3159
790,3179
790,3199
800,2899
800,2919
800,2939
800,2959
800,2979
800,2999
800,3019
800,3039
800,3059
800,3079
800,3099
800,3119
800,3139
800,3159
800,3179
800,3199
810,2899
810,2919
810,2939
810,2959
810,2979
810,2999
810,3019
810,3039
810,3059
810,3079
810,3099
810,3119
810,3139
810,3159
810,3179
810,3199
820,2899
820,2919
820,2939
820,2959
820,2979
820,2999
820,3019
820,3039
820,3059
820,3079
820,3099
820,3119
820,3139
820,3159
820,3179
820,3199
830,2899
830,2919
830,2939
830,2959
830,2979
830,2999
830,3019
830,3039
830,3059
830,3079
830,3099
830,3119
830,3139
830,3159
830,3179
830,3199
840,2899
840,2919
840,2939
840,2959
840,2979
840,2999
840,3019
840,3039
840,3059
840,3079
840,3099
840,3119
840,3139
840,3159
840,3179
840,3199
850,2899
850,2919
850,2939
850,2959
850,2979
850,2999
850,3019
850,3039
850,3059
850,3079
850,3099
850,3119
850,3139
850,3159
850,3179
850,3199
860,2899
860,2919
860,2939
860,2959
860,2979
860,2999
860,3019
860,3039
860,3059
860,3079
860,3099
860,3119
860,3139
860,3159
860,3179
860,3199
870,2899
870,2919
870,2939
870,2959
870,2979
870,2999
870,3019
870,3039
870,3059
870,3079
870,3099
870,3119
870,3139
870,3159
870,3179
870,3199
880,2899
880,2919
880,2939
880,2959
880,2979
880,2999
880,3019
880,3039
880,3059
880,3079
880,3099
880,3119
880,3139
880,3159
880,3179
880,3199
890,2899
890,2919
890,2939
890,2959
890,2979
890,2999
890,3019
890,3039
890,3059
890,3079
890,3099
890,3119
890,3139
890,3159
890,3179
890,3199
900,2899
900,2919
900,2939
900,2959
900,2979
900,2999
900,3019
900,3039
900,3059
900,3079
900,3099
900,3119
900,3139
900,3159
900,3179
900,3199
910,2899
910,2919
910,2939
910,2959
910,2979
910,2999
910,3019
910,3039
910,3059
910,3079
910,3099
910,3119
910,3139
910,3159
910,3179
910,3199
920,2899
920,2919
920,2939
920,2959
920,2979
920,2999
920,3019
920,3039
920,3059
920,3079
920,3099
920,3119
920,3139
920,3159
920,3179
920,3199
930,2899
930,2919
930,2939
930,2959
930,2979
930,2999
930,3019
930,3039
930,3059
930,3079
930,3099
930,3119
930,3139
930,3159
930,3179
930,3199
940,2899
940,2919
940,2939
940,2959
940,2979
940,2999
940,3019
940,3039
940,3059
940,3079
940,3099
940,3119
940,3139
940,3159
940,3179
940,3199
950,2899
950,2919
950,2939
950,2959
950,2979
950,2999
950,3019
950,3039
950,3059
950,3079
950,3099
950,3119
950,3139
950,3159
950,3179
950,3199
960,2899
960,2919
960,2939
960,2959
960,2979
960,2999
960,3019
960,3039
960,3059
960,3079
960,3099
960,3119
960,3139
960,3159
960,3179
960,3199
970,2899
970,2919
970,2939
970,2959
970,2979
970,2999
970,3019
970,3039
970,3059
970,3079
970,3099
970,3119
970,3139
970,3159
970,3179
970,3199
980,2899
980,2919
980,2939
980,2959
980,2979
980,2999
980,3019
980,3039
980,3059
980,3079
980,3099
980,3119
980,3139
980,3159
980,3179
980,3199
990,2899
990,2919
990,2939
990,2959
990,2979
990,2999
990,3019
990,3039
990,3059
990,3079
990,3099
990,3119
990,3139
990,3159
990,3179
990,3199
1000,2899
1000,2919
1000,2939
1000,2959
1000,2979
1000,2999
1000,3019
1000,3039
1000,3059
1000,3079
1000,3099
1000,3119
1000,3139
1000,3159
1000,3179
1000,3199
1010,2899
1010,2919
1010,2939
1010,2959
1010,2979
1010,2999
1010,3019
1010,3039
1010,3059
1010,3079
1010,3099
1010,3119
1010,3139
1010,3159
1010,3179
1010,3199
1020,2899
1020,2919
1020,2939
1020,2959
1020,2979
1020,2999
1020,3019
1020,3039
1020,3059
1020,3079
1020,3099
1020,3119
1020,3139
1020,3159
1020,3179
1020,3199
1030,2899
1030,2919
1030,2939
1030,2959
1030,2979
1030,2999
1030,3019
1030,3039
1030,3059
1030,3079
1030,3099
1030,3119
1030,3139
1030,3159
1030,3179
1030,3199
1040,2899
1040,2919
1040,2939
1040,2959
1040,2979
1040,2999
1040,3019
1040,3039
1040,3059
1040,3079
1040,3099
1040,3119
1040,3139
1040,3159
1040,3179
1040,3199
1050,2899
1050,2919
1050,2939
1050,2959
1050,2979
1050,2999
1050,3019
1050,3039
1050,3059
1050,3079
1050,3099
1050,3119
1050,3139
1050,3159
1050,3179
1050,3199
1060,2899
1060,2919
1060,2939
1060,2959
1060,2979
1060,2999
1060,3019
1060,3039
1060,3059
1060,3079
1060,3099
1060,3119
1060,3139
1060,3159
1060,3179
1060,3199
1070,2899
1070,2919
1070,2939
1070,2959
1070,2979
1070,2999
1070,3019
1070,3039
1070,3059
1070,3079
1070,3099
1070,3119
1070,3139
1070,3159
1070,3179
1070,3199
1080,2899
1080,2919
1080,2939
1080,2959
1080,2979
1080,2999
1080,3019
1080,3039
1080,3059
1080,3079
1080,3099
1080,3119
1080,3139
1080,3159
1080,3179
1080,3199
1090,2899
1090,2919
1090,2939
1090,2959
1090,2979
1090,2999
1090,3019
1090,3039
1090,3059
1090,3079
1090,3099
1090,3119
1090,3139
1090,3159
1090,3179
1090,3199
2500,7000
2500,7020
2500,7040
2500,7060
2500,7080
2500,7100
2500,7120
2500,7140
2500,7160
2500,7180
2500,7200
2500,7220
2500,7240
2500,7260
2500,7280
2500,7300
2500,7320
2500,7340
2500,7360
2500,7380
2510,7000
2510,7020
2510,7040
2510,7060
2510,7080
2510,7100
2510,7120
2510,7140
2510,7160
2510,7180
2510,7200
2510,7220
2510,7240
2510,7260
2510,7280
2510,7300
2510,7320
2510,7340
2510,7360
2510,7380
2520,7000
2520,7020
2520,7040
2520,7060
2520,7080
2520,7100
2520,7120
2520,7140
2520,7160
2520,7180
2520,7200
2520,7220
2520,7240
2520,7260
2520,7280
2520,7300
2520,7320
2520,7340
2520,7360
2520,7380
2530,7000
2530,7020
2530,7040
2530,7060
2530,7080
2530,7100
2530,7120
2530,7140
2530,7160
2530,7180
2530,7200
2530,7220
2530,7240
2530,7260
2530,7280
2530,7300
2530,7320
2530,7340
2530,7360
2530,7380
2540,7000
2540,7020
2540,7040
2540,7060
2540,7080
2540,7100
2540,7120
2540,7140
2540,7160
2540,7180
2540,7200
2540,7220
2540,7240
2540,7260
2540,7280
2540,7300
2540,7320
2540,7340
2540,7360
2540,7380
2550,7000
2550,7020
2550,7040
2550,7060
2550,7080
2550,7100
2550,7120
2550,7140
2550,7160
2550,7180
2550,7200
2550,7220
2550,7240
2550,7260
2550,7280
2550,7300
2550,7320
2550,7340
2550,7360
2550,7380
2560,7000
2560,7020
2560,7040
2560,7060
2560,7080
2560,7100
2560,7120
2560,7140
2560,7160
2560,7180
2560,7200
2560,7220
2560,7240
2560,7260
2560,7280
2560,7300
2560,7320
2560,7340
2560,7360
2560,7380
2570,7000
2570,7020
2570,7040
2570,7060
2570,7080
2570,7100
2570,7120
2570,7140
2570,7160
2570,7180
2570,7200
2570,7220
2570,7240
2570,7260
2570,7280
2570,7300
2570,7320
2570,7340
2570,7360
2570,7380
2580,7000
2580,7020
2580,7040
2580,7060
2580,7080
2580,7100
2580,7120
2580,7140
2580,7160
2580,7180
2580,7200
2580,7220
2580,7240
2580,7260
2580,7280
2580,7300
2580,7320
2580,7340
2580,7360
2580,7380
2590,7000
2590,7020
2590,7040
2590,7060
2590,7080
2590,7100
2590,7120
2590,7140
2590,7160
2590,7180
2590,7200
2590,7220
2590,7240
2590,7260
2590,7280
2590,7300
2590,7320
2590,7340
2590,7360
2590,7380
2600,7000
2600,7020
2600,7040
2600,7060
2600,7080
2600,7100
2600,7120
2600,7140
2600,7160
2600,7180
2600,7200
2600,7220
2600,7240
2600,7260
2600,7280
2600,7300
2600,7320
2600,7340
2600,7360
2600,7380
2610,7000
2610,7020
2610,7040
2610,7060
2610,7080
2610,7100
2610,7120
2610,7140
2610,7160
2610,7180
2610,7200
2610,7220
2610,7240
2610,7260
2610,7280
2610,7300
2610,7320
2610,7340
2610,7360
2610,7380
2620,7000
2620,7020
2620,7040
2620,7060
2620,7080
2620,7100
2620,7120
2620,7140
2620,7160
2620,7180
2620,7200
2620,7220
2620,7240
2620,7260
2620,7280
2620,7300
2620,7320
2620,7340
2620,7360
2620,7380
2630,7000
2630,7020
2630,7040
2630,7060
2630,7080
2630,7100
2630,7120
2630,7140
2630,7160
2630,7180
2630,7200
2630,7220
2630,7240
2630,7260
2630,7280
2630,7300
2630,7320
2630,7340
2630,7360
2630,7380
2640,7000
2640,7020
2640,7040
2640,7060
2640,7080
2640,7100
2640,7120
2640,7140
2640,7160
2640,7180
2640,7200
2640,7220
2640,7240
2640,7260
2640,7280
2640,7300
2640,7320
2640,7340
2640,7360
2640,7380
2650,7000
2650,7020
2650,7040
2650,7060
2650,7080
2650,7100
2650,7120
2650,7140
2650,7160
2650,7180
2650,7200
2650,7220
2650,7240
2650,7260
2650,7280
2650,7300
2650,7320
2650,7340
2650,7360
2650,7380
2660,7000
2660,7020
2660,7040
2660,7060
2660,7080
2660,7100
2660,7120
2660,7140
2660,7160
2660,7180
2660,7200
2660,7220
2660,7240
2660,7260
2660,7280
2660,7300
2660,7320
2660,7340
2660,7360
2660,7380
2670,7000
2670,7020
2670,7040
2670,7060
2670,7080
2670,7100
2670,7120
2670,7140
2670,7160
2670,7180
2670,7200
2670,7220
2670,7240
2670,7260
2670,7280
2670,7300
2670,7320
2670,7340
2670,7360
2670,7380
2680,7000
2680,7020
2680,7040
2680,7060
2680,7080
2680,7100
2680,7120
2680,7140
2680,7160
2680,7180
2680,7200
2680,7220
2680,7240
2680,7260
2680,7280
2680,7300
2680,7320
2680,7340
2680,7360
2680,7380
2690,7000
2690,7020
2690,7040
2690,7060
2690,7080
2690,7100
2690,7120
2690,7140
2690,7160
2690,7180
2690,7200
2690,7220
2690,7240
2690,7260
2690,7280
2690,7300
2690,7320
2690,7340
2690,7360
2690,7380
2700,7000
2700,7020
2700,7040
2700,7060
2700,7080
2700,7100
2700,7120
2700,7140
2700,7160
2700,7180
2700,7200
2700,7220
2700,7240
2700,7260
2700,7280
2700,7300
2700,7320
2700,7340
2700,7360
2700,7380
2710,7000
2710,7020
2710,7040
2710,7060
2710,7080
2710,7100
2710,7120
2710,7140
2710,7160
2710,7180
2710,7200
2710,7220
2710,7240
2710,7260
2710,7280
2710,7300
2710,7320
2710,7340
2710,7360
2710,7380
2720,7000
2720,7020
2720,7040
2720,7060
2720,7080
2720,7100
2720,7120
2720,7140
2720,7160
2720,7180
2720,7200
2720,7220
2720,7240
2720,7260
2720,7280
2720,7300
2720,7320
2720,7340
2720,7360
2720,7380
2730,7000
2730,7020
2730,7040
2730,7060
2730,7080
2730,7100
2730,7120
2730,7140
2730,7160
2730,7180
2730,7200
2730,7220
2730,7240
2730,7260
2730,7280
2730,7300
2730,7320
2730,7340
2730,7360
2730,7380
2740,7000
2740,7020
2740,7040
2740,7060
2740,7080
2740,7100
2740,7120
2740,7140
2740,7160
2740,7180
2740,7200
2740,7220
2740,7240
2740,7260
2740,7280
2740,7300
2740,7320
2740,7340
2740,7360
2740,7380
2750,7000
2750,7020
2750,7040
2750,7060
2750,7080
2750,7100
2750,7120
2750,7140
2750,7160
2750,7180
2750,7200
2750,7220
2750,7240
2750,7260
2750,7280
2750,7300
2750,7320
2750,7340
2750,7360
2750,7380
2760,7000
2760,7020
2760,7040
2760,7060
2760,7080
2760,7100
2760,7120
2760,7140
2760,7160
2760,7180
2760,7200
2760,7220
2760,7240
2760,7260
2760,7280
2760,7300
2760,7320
2760,7340
2760,7360
2760,7380
2770,7000
2770,7020
2770,7040
2770,7060
2770,7080
2770,7100
2770,7120
2770,7140
2770,7160
2770,7180
2770,7200
2770,7220
2770,7240
2770,7260
2770,7280
2770,7300
2770,7320
2770,7340
2770,7360
2770,7380
2780,7000
2780,7020
2780,7040
2780,7060
2780,7080
2780,7100
2780,7120
2780,7140
2780,7160
2780,7180
2780,7200
2780,7220
2780,7240
2780,7260
2780,7280
2780,7300
2780,7320
2780,7340
2780,7360
2780,7380
2790,7000
2790,7020
2790,7040
2790,7060
2790,7080
2790,7100
2790,7120
2790,7140
2790,7160
2790,7180
2790,7200
2790,7220
2790,7240
2790,7260
2790,7280
2790,7300
2790,7320
2790,7340
2790,7360
2790,7380
2800,7000
2800,7020
2800,7040
2800,7060
2800,7080
2800,7100
2800,7120
2800,7140
2800,7160
2800,7180
2800,7200
2800,7220
2800,7240
2800,7260
2800,7280
2800,7300
2800,7320
2800,7340
2800,7360
2800,7380
2810,7000
2810,7020
2810,7040
2810,7060
2810,7080
2810,7100
2810,7120
2810,7140
2810,7160
2810,7180
2810,7200
2810,7220
2810,7240
2810,7260
2810,7280
2810,7300
2810,7320
2810,7340
2810,7360
2810,7380
2820,7000
2820,7020
2820,7040
2820,7060
2820,7080
2820,7100
2820,7120
2820,7140
2820,7160
2820,7180
2820,7200
2820,7220
2820,7240
2820,7260
2820,7280
2820,7300
2820,7320
2820,7340
2820,7360
2820,7380
2830,7000
2830,7020
2830,7040
2830,7060
2830,7080
2830,7100
2830,7120
2830,7140
2830,7160
2830,7180
2830,7200
2830,7220
2830,7240
2830,7260
2830,7280
2830,7300
2830,7320
2830,7340
2830,7360
2830,7380
2840,7000
2840,7020
2840,7040
2840,7060
2840,7080
2840,7100
2840,7120
2840,7140
2840,7160
2840,7180
2840,7200
2840,7220
2840,7240
2840,7260
2840,7280
2840,7300
2840,7320
2840,7340
2840,7360
2840,7380
2850,7000
2850,7020
2850,7040
2850,7060
2850,7080
2850,7100
2850,7120
2850,7140
2850,7160
2850,7180
2850,7200
2850,7220
2850,7240
2850,7260
2850,7280
2850,7300
2850,7320
2850,7340
2850,7360
2850,7380
2860,7000
2860,7020
2860,7040
2860,7060
2860,7080
2860,7100
2860,7120
2860,7140
2860,7160
2860,7180
2860,7200
2860,7220
2860,7240
2860,7260
2860,7280
2860,7300
2860,7320
2860,7340
2860,7360
2860,7380
2870,7000
2870,7020
2870,7040
2870,7060
2870,7080
2870,7100
2870,7120
2870,7140
2870,7160
2870,7180
2870,7200
2870,7220
2870,7240
2870,7260
2870,7280
2870,7300
2870,7320
2870,7340
2870,7360
2870,7380
2880,7000
2880,7020
2880,7040
2880,7060
2880,7080
2880,7100
2880,7120
2880,7140
2880,7160
2880,7180
2880,7200
2880,7220
2880,7240
2880,7260
2880,7280
2880,7300
2880,7320
2880,7340
2880,7360
2880,7380
2890,7000
2890,7020
2890,7040
2890,7060
2890,7080
2890,7100
2890,7120
2890,7140
2890,7160
2890,7180
2890,7200
2890,7220
2890,7240
2890,7260
2890,7280
2890,7300
2890,7320
2890,7340
2890,7360
2890,7380
2900,7000
2900,7020
2900,7040
2900,7060
2900,7080
2900,7100
2900,7120
2900,7140
2900,7160
2900,7180
2900,7200
2900,7220
2900,7240
2900,7260
2900,7280
2900,7300
2900,7320
2900,7340
2900,7360
2900,7380
