0,3026
0,3046
0,3066
0,3086
0,3106
0,3126
0,3146
0,3166
0,3186
0,3206
0,3226
0,3246
0,3266
0,3286
0,3306
0,3326
0,3346
0,3366
0,3386
0,3406
10,3026
10,3046
10,3066
10,3086
10,3106
10,3126
10,3146
10,3166
10,3186
10,3206
10,3226
10,3246
10,3266
10,3286
10,3306
10,3326
10,3346
10,3366
10,3386
10,3406
20,3026
20,3046
20,3066
20,3086
20,3106
20,3126
20,3146
20,3166
20,3186
20,3206
20,3226
20,3246
20,3266
20,3286
20,3306
20,3326
20,3346
20,3366
20,3386
20,3406
30,3026
30,3046
30,3066
30,3086
30,3106
30,3126
30,3146
30,3166
30,3186
30,3206
30,3226
30,3246
30,3266
30,3286
30,3306
30,3326
30,3346
30,3366
30,3386
30,3406
40,3026
40,3046
40,3066
40,3086
40,3106
40,3126
40,3146
40,3166
40,3186
40,3206
40,3226
40,3246
40,3266
40,3286
40,3306
40,3326
40,3346
40,3366
40,3386
40,3406
50,3026
50,3046
50,3066
50,3086
50,3106
50,3126
50,3146
50,3166
50,3186
50,3206
50,3226
50,3246
50,3266
50,3286
50,3306
50,3326
50,3346
50,3366
50,3386
50,3406
60,3026
60,3046
60,3066
60,3086
60,3106
60,3126
60,3146
60,3166
60,3186
60,3206
60,3226
60,3246
60,3266
60,3286
60,3306
60,3326
60,3346
60,3366
60,3386
60,3406
70,3026
70,3046
70,3066
70,3086
70,3106
70,3126
70,3146
70,3166
70,3186
70,3206
70,3226
70,3246
70,3266
70,3286
70,3306
70,3326
70,3346
70,3366
70,3386
70,3406
80,3026
80,3046
80,3066
80,3086
80,3106
80,3126
80,3146
80,3166
80,3186
80,3206
80,3226
80,3246
80,3266
80,3286
80,3306
80,3326
80,3346
80,3366
80,3386
80,3406
90,3026
90,3046
90,3066
90,3086
90,3106
90,3126
90,3146
90,3166
90,3186
90,3206
90,3226
90,3246
90,3266
90,3286
90,3306
90,3326
90,3346
90,3366
90,3386
90,3406
100,3026
100,3046
100,3066
100,3086
100,3106
100,3126
100,3146
100,3166
100,3186
100,3206
100,3226
100,3246
100,3266
100,3286
100,3306
100,3326
100,3346
100,3366
100,3386
100,3406
110,3026
110,3046
110,3066
110,3086
110,3106
110,3126
110,3146
110,3166
110,3186
110,3206
110,3226
110,3246
110,3266
110,3286
110,3306
110,3326
110,3346
110,3366
110,3386
110,3406
120,3026
120,3046
120,3066
120,3086
120,3106
120,3126
120,3146
120,3166
120,3186
120,3206
120,3226
120,3246
120,3266
120,3286
120,3306
120,3326
120,3346
120,3366
120,3386
120,3406
130,3026
130,3046
130,3066
130,3086
130,3106
130,3126
130,3146
130,3166
130,3186
130,3206
130,3226
130,3246
130,3266
130,3286
130,3306
130,3326
130,3346
130,3366
130,3386
130,3406
140,3026
140,3046
140,3066
140,3086
140,3106
140,3126
140,3146
140,3166
140,3186
140,3206
140,3226
140,3246
140,3266
140,3286
140,3306
140,3326
140,3346
140,3366
140,3386
140,3406
150,3026
150,3046
150,3066
150,3086
150,3106
150,3126
150,3146
150,3166
150,3186
150,3206
150,3226
150,3246
150,3266
150,3286
150,3306
150,3326
150,3346
150,3366
150,3386
150,3406
160,3026
160,3046
160,3066
160,3086
160,3106
160,3126
160,3146
160,3166
160,3186
160,3206
160,3226
160,3246
160,3266
160,3286
160,3306
160,3326
160,3346
160,3366
160,3386
160,3406
170,3026
170,3046
170,3066
170,3086
170,3106
170,3126
170,3146
170,3166
170,3186
170,3206
170,3226
170,3246
170,3266
170,3286
170,3306
170,3326
170,3346
170,3366
170,3386
170,3406
180,3026
180,3046
180,3066
180,3086
180,3106
180,3126
180,3146
180,3166
180,3186
180,3206
180,3226
180,3246
180,3266
180,3286
180,3306
180,3326
180,3346
180,3366
180,3386
180,3406
190,3026
190,3046
190,3066
190,3086
190,3106
190,3126
190,3146
190,3166
190,3186
190,3206
190,3226
190,3246
190,3266
190,3286
190,3306
190,3326
190,3346
190,3366
190,3386
190,3406
200,3026
200,3046
200,3066
200,3086
200,3106
200,3126
200,3146
200,3166
200,3186
200,3206
200,3226
200,3246
200,3266
200,3286
200,3306
200,3326
200,3346
200,3366
200,3386
200,3406
210,3026
210,3046
210,3066
210,3086
210,3106
210,3126
210,3146
210,3166
210,3186
210,3206
210,3226
210,3246
210,3266
210,3286
210,3306
210,3326
210,3346
210,3366
210,3386
210,3406
220,3026
220,3046
220,3066
220,3086
220,3106
220,3126
220,3146
220,3166
220,3186
220,3206
220,3226
220,3246
220,3266
220,3286
220,3306
220,3326
220,3346
220,3366
220,3386
220,3406
230,3026
230,3046
230,3066
230,3086
230,3106
230,3126
230,3146
230,3166
230,3186
230,3206
230,3226
230,3246
230,3266
230,3286
230,3306
230,3326
230,3346
230,3366
230,3386
230,3406
240,3026
240,3046
240,3066
240,3086
240,3106
240,3126
240,3146
240,3166
240,3186
240,3206
240,3226
240,3246
240,3266
240,3286
240,3306
240,3326
240,3346
240,3366
240,3386
240,3406
250,3026
250,3046
250,3066
250,3086
250,3106
250,3126
250,3146
250,3166
250,3186
250,3206
250,3226
250,3246
250,3266
250,3286
250,3306
250,3326
250,3346
250,3366
250,3386
250,3406
260,3026
260,3046
260,3066
260,3086
260,3106
260,3126
260,3146
260,3166
260,3186
260,3206
260,3226
260,3246
260,3266
260,3286
260,3306
260,3326
260,3346
260,3366
260,3386
260,3406
270,3026
270,3046
270,3066
270,3086
270,3106
270,3126
270,3146
270,3166
270,3186
270,3206
270,3226
270,3246
270,3266
270,3286
270,3306
270,3326
270,3346
270,3366
270,3386
270,3406
280,3026
280,3046
280,3066
280,3086
280,3106
280,3126
280,3146
280,3166
280,3186
280,3206
280,3226
280,3246
280,3266
280,3286
280,3306
280,3326
280,3346
280,3366
280,3386
280,3406
290,3026
290,3046
290,3066
290,3086
290,3106
290,3126
290,3146
290,3166
290,3186
290,3206
290,3226
290,3246
290,3266
290,3286
290,3306
290,3326
290,3346
290,3366
290,3386
290,3406
300,3026
300,3046
300,3066
300,3086
300,3106
300,3126
300,3146
300,3166
300,3186
300,3206
300,3226
300,3246
300,3266
300,3286
300,3306
300,3326
300,3346
300,3366
300,3386
300,3406
310,3026
310,3046
310,3066
310,3086
310,3106
310,3126
310,3146
310,3166
310,3186
310,3206
310,3226
310,3246
310,3266
310,3286
310,3306
310,3326
310,3346
310,3366
310,3386
310,3406
320,3026
320,3046
320,3066
320,3086
320,3106
320,3126
320,3146
320,3166
320,3186
320,3206
320,3226
320,3246
320,3266
320,3286
320,3306
320,3326
320,3346
320,3366
320,3386
320,3406
330,3026
330,3046
330,3066
330,3086
330,3106
330,3126
330,3146
330,3166
330,3186
330,3206
330,3226
330,3246
330,3266
330,3286
330,3306
330,3326
330,3346
330,3366
330,3386
330,3406
340,3026
340,3046
340,3066
340,3086
340,3106
340,3126
340,3146
340,3166
340,3186
340,3206
340,3226
340,3246
340,3266
340,3286
340,3306
340,3326
340,3346
340,3366
340,3386
340,3406
350,3026
350,3046
350,3066
350,3086
350,3106
350,3126
350,3146
350,3166
350,3186
350,3206
350,3226
350,3246
350,3266
350,3286
350,3306
350,3326
350,3346
350,3366
350,3386
350,3406
360,3026
360,3046
360,3066
360,3086
360,3106
360,3126
360,3146
360,3166
360,3186
360,3206
360,3226
360,3246
360,3266
360,3286
360,3306
360,3326
360,3346
360,3366
360,3386
360,3406
370,3026
370,3046
370,3066
370,3086
370,3106
370,3126
370,3146
370,3166
370,3186
370,3206
370,3226
370,3246
370,3266
370,3286
370,3306
370,3326
370,3346
370,3366
370,3386
370,3406
380,3026
380,3046
380,3066
380,3086
380,3106
380,3126
380,3146
380,3166
380,3186
380,3206
380,3226
380,3246
380,3266
380,3286
380,3306
380,3326
380,3346
380,3366
380,3386
380,3406
390,3026
390,3046
390,3066
390,3086
390,3106
390,3126
390,3146
390,3166
390,3186
390,3206
390,3226
390,3246
390,3266
390,3286
390,3306
390,3326
390,3346
390,3366
390,3386
390,3406
400,3026
400,3046
400,3066
400,3086
400,3106
400,3126
400,3146
400,3166
400,3186
400,3206
400,3226
400,3246
400,3266
400,3286
400,3306
400,3326
400,3346
400,3366
400,3386
400,3406
410,3026
410,3046
410,3066
410,3086
410,3106
410,3126
410,3146
410,3166
410,3186
410,3206
410,3226
410,3246
410,3266
410,3286
410,3306
410,3326
410,3346
410,3366
410,3386
410,3406
420,3026
420,3046
420,3066
420,3086
420,3106
420,3126
420,3146
420,3166
420,3186
420,3206
420,3226
420,3246
420,3266
420,3286
420,3306
420,3326
420,3346
420,3366
420,3386
420,3406
430,3026
430,3046
430,3066
430,3086
430,3106
430,3126
430,3146
430,3166
430,3186
430,3206
430,3226
430,3246
430,3266
430,3286
430,3306
430,3326
430,3346
430,3366
430,3386
430,3406
440,3026
440,3046
440,3066
440,3086
440,3106
440,3126
440,3146
440,3166
440,3186
440,3206
440,3226
440,3246
440,3266
440,3286
440,3306
440,3326
440,3346
440,3366
440,3386
440,3406
450,3026
450,3046
450,3066
450,3086
450,3106
450,3126
450,3146
450,3166
450,3186
450,3206
450,3226
450,3246
450,3266
450,3286
450,3306
450,3326
450,3346
450,3366
450,3386
450,3406
460,3026
460,3046
460,3066
460,3086
460,3106
460,3126
460,3146
460,3166
460,3186
460,3206
460,3226
460,3246
460,3266
460,3286
460,3306
460,3326
460,3346
460,3366
460,3386
460,3406
470,3026
470,3046
470,3066
470,3086
470,3106
470,3126
470,3146
470,3166
470,3186
470,3206
470,3226
470,3246
470,3266
470,3286
470,3306
470,3326
470,3346
470,3366
470,3386
470,3406
480,3026
480,3046
480,3066
480,3086
480,3106
480,3126
480,3146
480,3166
480,3186
480,3206
480,3226
480,3246
480,3266
480,3286
480,3306
480,3326
480,3346
480,3366
480,3386
480,3406
490,3026
490,3046
490,3066
490,3086
490,3106
490,3126
490,3146
490,3166
490,3186
490,3206
490,3226
490,3246
490,3266
490,3286
490,3306
490,3326
490,3346
490,3366
490,3386
490,3406
500,3026
500,3046
500,3066
500,3086
500,3106
500,3126
500,3146
500,3166
500,3186
500,3206
500,3226
500,3246
500,3266
500,3286
500,3306
500,3326
500,3346
500,3366
500,3386
500,3406
510,3026
510,3046
510,3066
510,3086
510,3106
510,3126
510,3146
510,3166
510,3186
510,3206
510,3226
510,3246
510,3266
510,3286
510,3306
510,3326
510,3346
510,3366
510,3386
510,3406
520,3026
520,3046
520,3066
520,3086
520,3106
520,3126
520,3146
520,3166
520,3186
520,3206
520,3226
520,3246
520,3266
520,3286
520,3306
520,3326
520,3346
520,3366
520,3386
520,3406
530,3026
530,3046
530,3066
530,3086
530,3106
530,3126
530,3146
530,3166
530,3186
530,3206
530,3226
530,3246
530,3266
530,3286
530,3306
530,3326
530,3346
530,3366
530,3386
530,3406
540,3026
540,3046
540,3066
540,3086
540,3106
540,3126
540,3146
540,3166
540,3186
540,3206
540,3226
540,3246
540,3266
540,3286
540,3306
540,3326
540,3346
540,3366
540,3386
540,3406
550,3026
550,3046
550,3066
550,3086
550,3106
550,3126
550,3146
550,3166
550,3186
550,3206
550,3226
550,3246
550,3266
550,3286
550,3306
550,3326
550,3346
550,3366
550,3386
550,3406
560,3026
560,3046
560,3066
560,3086
560,3106
560,3126
560,3146
560,3166
560,3186
560,3206
560,3226
560,3246
560,3266
560,3286
560,3306
560,3326
560,3346
560,3366
560,3386
560,3406
570,3026
570,3046
570,3066
570,3086
570,3106
570,3126
570,3146
570,3166
570,3186
570,3206
570,3226
570,3246
570,3266
570,3286
570,3306
570,3326
570,3346
570,3366
570,3386
570,3406
580,3026
580,3046
580,3066
580,3086
580,3106
580,3126
580,3146
580,3166
580,3186
580,3206
580,3226
580,3246
580,3266
580,3286
580,3306
580,3326
580,3346
580,3366
580,3386
580,3406
590,3026
590,3046
590,3066
590,3086
590,3106
590,3126
590,3146
590,3166
590,3186
590,3206
590,3226
590,3246
590,3266
590,3286
590,3306
590,3326
590,3346
590,3366
590,3386
590,3406
600,3026
600,3046
600,3066
600,3086
600,3106
600,3126
600,3146
600,3166
600,3186
600,3206
600,3226
600,3246
600,3266
600,3286
600,3306
600,3326
600,3346
600,3366
600,3386
600,3406
610,3026
610,3046
610,3066
610,3086
610,3106
610,3126
610,3146
610,3166
610,3186
610,3206
610,3226
610,3246
610,3266
610,3286
610,3306
610,3326
610,3346
610,3366
610,3386
610,3406
620,3026
620,3046
620,3066
620,3086
620,3106
620,3126
620,3146
620,3166
620,3186
620,3206
620,3226
620,3246
620,3266
620,3286
620,3306
620,3326
620,3346
620,3366
620,3386
620,3406
630,3026
630,3046
630,3066
630,3086
630,3106
630,3126
630,3146
630,3166
630,3186
630,3206
630,3226
630,3246
630,3266
630,3286
630,3306
630,3326
630,3346
630,3366
630,3386
630,3406
640,3026
640,3046
640,3066
640,3086
640,3106
640,3126
640,3146
640,3166
640,3186
640,3206
640,3226
640,3246
640,3266
640,3286
640,3306
640,3326
640,3346
640,3366
640,3386
640,3406
650,3026
650,3046
650,3066
650,3086
650,3106
650,3126
650,3146
650,3166
650,3186
650,3206
650,3226
650,3246
650,3266
650,3286
650,3306
650,3326
650,3346
650,3366
650,3386
650,3406
660,3026
660,3046
660,3066
660,3086
660,3106
660,3126
660,3146
660,3166
660,3186
660,3206
660,3226
660,3246
660,3266
660,3286
660,3306
660,3326
660,3346
660,3366
660,3386
660,3406
670,3026
670,3046
670,3066
670,3086
670,3106
670,3126
670,3146
670,3166
670,3186
670,3206
670,3226
670,3246
670,3266
670,3286
670,3306
670,3326
670,3346
670,3366
670,3386
670,3406
680,3026
680,3046
680,3066
680,3086
680,3106
680,3126
680,3146
680,3166
680,3186
680,3206
680,3226
680,3246
680,3266
680,3286
680,3306
680,3326
680,3346
680,3366
680,3386
680,3406
690,3026
690,3046
690,3066
690,3086
690,3106
690,3126
690,3146
690,3166
690,3186
690,3206
690,3226
690,3246
690,3266
690,3286
690,3306
690,3326
690,3346
690,3366
690,3386
690,3406
700,3026
700,3046
700,3066
700,3086
700,3106
700,3126
700,3146
700,3166
700,3186
700,3206
700,3226
700,3246
700,3266
700,3286
700,3306
700,3326
700,3346
700,3366
700,3386
700,3406
710,3026
710,3046
710,3066
710,3086
710,3106
710,3126
710,3146
710,3166
710,3186
710,3206
710,3226
710,3246
710,3266
710,3286
710,3306
710,3326
710,3346
710,3366
710,3386
710,3406
720,3026
720,3046
720,3066
720,3086
720,3106
720,3126
720,3146
720,3166
720,3186
720,3206
720,3226
720,3246
720,3266
720,3286
720,3306
720,3326
720,3346
720,3366
720,3386
720,3406
730,3026
730,3046
730,3066
730,3086
730,3106
730,3126
730,3146
730,3166
730,3186
730,3206
730,3226
730,3246
730,3266
730,3286
730,3306
730,3326
730,3346
730,3366
730,3386
730,3406
740,3026
740,3046
740,3066
740,3086
740,3106
740,3126
740,3146
740,3166
740,3186
740,3206
740,3226
740,3246
740,3266
740,3286
740,3306
740,3326
740,3346
740,3366
740,3386
740,3406
750,3026
750,3046
750,3066
750,3086
750,3106
750,3126
750,3146
750,3166
750,3186
750,3206
750,3226
750,3246
750,3266
750,3286
750,3306
750,3326
750,3346
750,3366
750,3386
750,3406
760,3026
760,3046
760,3066
760,3086
760,3106
760,3126
760,3146
760,3166
760,3186
760,3206
760,3226
760,3246
760,3266
760,3286
760,3306
760,3326
760,3346
760,3366
760,3386
760,3406
770,3026
770,3046
770,3066
770,3086
770,3106
770,3126
770,3146
770,3166
770,3186
770,3206
770,3226
770,3246
770,3266
770,3286
770,3306
770,3326
770,3346
770,3366
770,3386
770,3406
780,3026
780,3046
780,3066
780,3086
780,3106
780,3126
780,3146
780,3166
780,3186
780,3206
780,3226
780,3246
780,3266
780,3286
780,3306
780,3326
780,3346
780,3366
780,3386
780,3406
790,3026
790,3046
790,3066
790,3086
790,3106
790,3126
790,3146
790,3166
790,3186
790,3206
790,3226
790,3246
790,3266
790,3286
790,3306
790,3326
790,3346
790,3366
790,3386
790,3406
800,3026
800,3046
800,3066
800,3086
800,3106
800,3126
800,3146
800,3166
800,3186
800,3206
800,3226
800,3246
800,3266
800,3286
800,3306
800,3326
800,3346
800,3366
800,3386
800,3406
810,3026
810,3046
810,3066
810,3086
810,3106
810,3126
810,3146
810,3166
810,3186
810,3206
810,3226
810,3246
810,3266
810,3286
810,3306
810,3326
810,3346
810,3366
810,3386
810,3406
820,3026
820,3046
820,3066
820,3086
820,3106
820,3126
820,3146
820,3166
820,3186
820,3206
820,3226
820,3246
820,3266
820,3286
820,3306
820,3326
820,3346
820,3366
820,3386
820,3406
830,3026
830,3046
830,3066
830,3086
830,3106
830,3126
830,3146
830,3166
830,3186
830,3206
830,3226
830,3246
830,3266
830,3286
830,3306
830,3326
830,3346
830,3366
830,3386
830,3406
840,3026
840,3046
840,3066
840,3086
840,3106
840,3126
840,3146
840,3166
840,3186
840,3206
840,3226
840,3246
840,3266
840,3286
840,3306
840,3326
840,3346
840,3366
840,3386
840,3406
850,3026
850,3046
850,3066
850,3086
850,3106
850,3126
850,3146
850,3166
850,3186
850,3206
850,3226
850,3246
850,3266
850,3286
850,3306
850,3326
850,3346
850,3366
850,3386
850,3406
860,3026
860,3046
860,3066
860,3086
860,3106
860,3126
860,3146
860,3166
860,3186
860,3206
860,3226
860,3246
860,3266
860,3286
860,3306
860,3326
860,3346
860,3366
860,3386
860,3406
870,3026
870,3046
870,3066
870,3086
870,3106
870,3126
870,3146
870,3166
870,3186
870,3206
870,3226
870,3246
870,3266
870,3286
870,3306
870,3326
870,3346
870,3366
870,3386
870,3406
880,3026
880,3046
880,3066
880,3086
880,3106
880,3126
880,3146
880,3166
880,3186
880,3206
880,3226
880,3246
880,3266
880,3286
880,3306
880,3326
880,3346
880,3366
880,3386
880,3406
890,3026
890,3046
890,3066
890,3086
890,3106
890,3126
890,3146
890,3166
890,3186
890,3206
890,3226
890,3246
890,3266
890,3286
890,3306
890,3326
890,3346
890,3366
890,3386
890,3406
900,3026
900,3046
900,3066
900,3086
900,3106
900,3126
900,3146
900,3166
900,3186
900,3206
900,3226
900,3246
900,3266
900,3286
900,3306
900,3326
900,3346
900,3366
900,3386
900,3406
910,3026
910,3046
910,3066
910,3086
910,3106
910,3126
910,3146
910,3166
910,3186
910,3206
910,3226
910,3246
910,3266
910,3286
910,3306
910,3326
910,3346
910,3366
910,3386
910,3406
920,3026
920,3046
920,3066
920,3086
920,3106
920,3126
920,3146
920,3166
920,3186
920,3206
920,3226
920,3246
920,3266
920,3286
920,3306
920,3326
920,3346
920,3366
920,3386
920,3406
930,3026
930,3046
930,3066
930,3086
930,3106
930,3126
930,3146
930,3166
930,3186
930,3206
930,3226
930,3246
930,3266
930,3286
930,3306
930,3326
930,3346
930,3366
930,3386
930,3406
940,3026
940,3046
940,3066
940,3086
940,3106
940,3126
940,3146
940,3166
940,3186
940,3206
940,3226
940,3246
940,3266
940,3286
940,3306
940,3326
940,3346
940,3366
940,3386
940,3406
950,3026
950,3046
950,3066
950,3086
950,3106
950,3126
950,3146
950,3166
950,3186
950,3206
950,3226
950,3246
950,3266
950,3286
950,3306
950,3326
950,3346
950,3366
950,3386
950,3406
960,3026
960,3046
960,3066
960,3086
960,3106
960,3126
960,3146
960,3166
960,3186
960,3206
960,3226
960,3246
960,3266
960,3286
960,3306
960,3326
960,3346
960,3366
960,3386
960,3406
970,3026
970,3046
970,3066
970,3086
970,3106
970,3126
970,3146
970,3166
970,3186
970,3206
970,3226
970,3246
970,3266
970,3286
970,3306
970,3326
970,3346
970,3366
970,3386
970,3406
980,3026
980,3046
980,3066
980,3086
980,3106
980,3126
980,3146
980,3166
980,3186
980,3206
980,3226
980,3246
980,3266
980,3286
980,3306
980,3326
980,3346
980,3366
980,3386
980,3406
990,3026
990,3046
990,3066
990,3086
990,3106
990,3126
990,3146
990,3166
990,3186
990,3206
990,3226
990,3246
990,3266
990,3286
990,3306
990,3326
990,3346
990,3366
990,3386
990,3406
1000,3026
1000,3046
1000,3066
1000,3086
1000,3106
1000,3126
1000,3146
1000,3166
1000,3186
1000,3206
1000,3226
1000,3246
1000,3266
1000,3286
1000,3306
1000,3326
1000,3346
1000,3366
1000,3386
1000,3406
1010,3026
1010,3046
1010,3066
1010,3086
1010,3106
1010,3126
1010,3146
1010,3166
1010,3186
1010,3206
1010,3226
1010,3246
1010,3266
1010,3286
1010,3306
1010,3326
1010,3346
1010,3366
1010,3386
1010,3406
1020,3026
1020,3046
1020,3066
1020,3086
1020,3106
1020,3126
1020,3146
1020,3166
1020,3186
1020,3206
1020,3226
1020,3246
1020,3266
1020,3286
1020,3306
1020,3326
1020,3346
1020,3366
1020,3386
1020,3406
1030,3026
1030,3046
1030,3066
1030,3086
1030,3106
1030,3126
1030,3146
1030,3166
1030,3186
1030,3206
1030,3226
1030,3246
1030,3266
1030,3286
1030,3306
1030,3326
1030,3346
1030,3366
1030,3386
1030,3406
1040,3026
1040,3046
1040,3066
1040,3086
1040,3106
1040,3126
1040,3146
1040,3166
1040,3186
1040,3206
1040,3226
1040,3246
1040,3266
1040,3286
1040,3306
1040,3326
1040,3346
1040,3366
1040,3386
1040,3406
1050,3026
1050,3046
1050,3066
1050,3086
1050,3106
1050,3126
1050,3146
1050,3166
1050,3186
1050,3206
1050,3226
1050,3246
1050,3266
1050,3286
1050,3306
1050,3326
1050,3346
1050,3366
1050,3386
1050,3406
1060,3026
1060,3046
1060,3066
1060,3086
1060,3106
1060,3126
1060,3146
1060,3166
1060,3186
1060,3206
1060,3226
1060,3246
1060,3266
1060,3286
1060,3306
1060,3326
1060,3346
1060,3366
1060,3386
1060,3406
1070,3026
1070,3046
1070,3066
1070,3086
1070,3106
1070,3126
1070,3146
1070,3166
1070,3186
1070,3206
1070,3226
1070,3246
1070,3266
1070,3286
1070,3306
1070,3326
1070,3346
1070,3366
1070,3386
1070,3406
1080,3026
1080,3046
1080,3066
1080,3086
1080,3106
1080,3126
1080,3146
1080,3166
1080,3186
1080,3206
1080,3226
1080,3246
1080,3266
1080,3286
1080,3306
1080,3326
1080,3346
1080,3366
1080,3386
1080,3406
1090,3026
1090,3046
1090,3066
1090,3086
1090,3106
1090,3126
1090,3146
1090,3166
1090,3186
1090,3206
1090,3226
1090,3246
1090,3266
1090,3286
1090,3306
1090,3326
1090,3346
1090,3366
1090,3386
1090,3406
1100,3026
1100,3046
1100,3066
1100,3086
1100,3106
1100,3126
1100,3146
1100,3166
1100,3186
1100,3206
1100,3226
1100,3246
1100,3266
1100,3286
1100,3306
1100,3326
1100,3346
1100,3366
1100,3386
1100,3406
1110,3026
1110,3046
1110,3066
1110,3086
1110,3106
1110,3126
1110,3146
1110,3166
1110,3186
1110,3206
1110,3226
1110,3246
1110,3266
1110,3286
1110,3306
1110,3326
1110,3346
1110,3366
1110,3386
1110,3406
1120,3026
1120,3046
1120,3066
1120,3086
1120,3106
1120,3126
1120,3146
1120,3166
1120,3186
1120,3206
1120,3226
1120,3246
1120,3266
1120,3286
1120,3306
1120,3326
1120,3346
1120,3366
1120,3386
1120,3406
1130,3026
1130,3046
1130,3066
1130,3086
1130,3106
1130,3126
1130,3146
1130,3166
1130,3186
1130,3206
1130,3226
1130,3246
1130,3266
1130,3286
1130,3306
1130,3326
1130,3346
1130,3366
1130,3386
1130,3406
1140,3026
1140,3046
1140,3066
1140,3086
1140,3106
1140,3126
1140,3146
1140,3166
1140,3186
1140,3206
1140,3226
1140,3246
1140,3266
1140,3286
1140,3306
1140,3326
1140,3346
1140,3366
1140,3386
1140,3406
1145,3421
1145,3441
1145,3461
1145,3481
1145,3501
1145,3521
1145,3541
1145,3561
1145,3581
1145,3601
1145,3621
1145,3641
1145,3661
1145,3681
1145,3701
1145,3721
1145,3741
1145,3761
1155,3421
1155,3441
1155,3461
1155,3481
1155,3501
1155,3521
1155,3541
1155,3561
1155,3581
1155,3601
1155,3621
1155,3641
1155,3661
1155,3681
1155,3701
1155,3721
1155,3741
1155,3761
1165,3421
1165,3441
1165,3461
1165,3481
1165,3501
1165,3521
1165,3541
1165,3561
1165,3581
1165,3601
1165,3621
1165,3641
1165,3661
1165,3681
1165,3701
1165,3721
1165,3741
1165,3761
1175,3421
1175,3441
1175,3461
1175,3481
1175,3501
1175,3521
1175,3541
1175,3561
1175,3581
1175,3601
1175,3621
1175,3641
1175,3661
1175,3681
1175,3701
1175,3721
1175,3741
1175,3761
1185,3421
1185,3441
1185,3461
1185,3481
1185,3501
1185,3521
1185,3541
1185,3561
1185,3581
1185,3601
1185,3621
1185,3641
1185,3661
1185,3681
1185,3701
1185,3721
1185,3741
1185,3761
1195,3421
1195,3441
1195,3461
1195,3481
1195,3501
1195,3521
1195,3541
1195,3561
1195,3581
1195,3601
1195,3621
1195,3641
1195,3661
1195,3681
1195,3701
1195,3721
1195,3741
1195,3761
1205,3421
1205,3441
1205,3461
1205,3481
1205,3501
1205,3521
1205,3541
1205,3561
1205,3581
1205,3601
1205,3621
1205,3641
1205,3661
1205,3681
1205,3701
1205,3721
1205,3741
1205,3761
1215,3421
1215,3441
1215,3461
1215,3481
1215,3501
1215,3521
1215,3541
1215,3561
1215,3581
1215,3601
1215,3621
1215,3641
1215,3661
1215,3681
1215,3701
1215,3721
1215,3741
1215,3761
1225,3421
1225,3441
1225,3461
1225,3481
1225,3501
1225,3521
1225,3541
1225,3561
1225,3581
1225,3601
1225,3621
1225,3641
1225,3661
1225,3681
1225,3701
1225,3721
1225,3741
1225,3761
1235,3421
1235,3441
1235,3461
1235,3481
1235,3501
1235,3521
1235,3541
1235,3561
1235,3581
1235,3601
1235,3621
1235,3641
1235,3661
1235,3681
1235,3701
1235,3721
1235,3741
1235,3761
1245,3421
1245,3441
1245,3461
1245,3481
1245,3501
1245,3521
1245,3541
1245,3561
1245,3581
1245,3601
1245,3621
1245,3641
1245,3661
1245,3681
1245,3701
1245,3721
1245,3741
1245,3761
1255,3421
1255,3441
1255,3461
1255,3481
1255,3501
1255,3521
1255,3541
1255,3561
1255,3581
1255,3601
1255,3621
1255,3641
1255,3661
1255,3681
1255,3701
1255,3721
1255,3741
1255,3761
1265,3421
1265,3441
1265,3461
1265,3481
1265,3501
1265,3521
1265,3541
1265,3561
1265,3581
1265,3601
1265,3621
1265,3641
1265,3661
1265,3681
1265,3701
1265,3721
1265,3741
1265,3761
1275,3421
1275,3441
1275,3461
1275,3481
1275,3501
1275,3521
1275,3541
1275,3561
1275,3581
1275,3601
1275,3621
1275,3641
1275,3661
1275,3681
1275,3701
1275,3721
1275,3741
1275,3761
1285,3421
1285,3441
1285,3461
1285,3481
1285,3501
1285,3521
1285,3541
1285,3561
1285,3581
1285,3601
1285,3621
1285,3641
1285,3661
1285,3681
1285,3701
1285,3721
1285,3741
1285,3761
1295,3421
1295,3441
1295,3461
1295,3481
1295,3501
1295,3521
1295,3541
1295,3561
1295,3581
1295,3601
1295,3621
1295,3641
1295,3661
1295,3681
1295,3701
1295,3721
1295,3741
1295,3761
1305,3421
1305,3441
1305,3461
1305,3481
1305,3501
1305,3521
1305,3541
1305,3561
1305,3581
1305,3601
1305,3621
1305,3641
1305,3661
1305,3681
1305,3701
1305,3721
1305,3741
1305,3761
1315,3421
1315,3441
1315,3461
1315,3481
1315,3501
1315,3521
1315,3541
1315,3561
1315,3581
1315,3601
1315,3621
1315,3641
1315,3661
1315,3681
1315,3701
1315,3721
1315,3741
1315,3761
1325,3421
1325,3441
1325,3461
1325,3481
1325,3501
1325,3521
1325,3541
1325,3561
1325,3581
1325,3601
1325,3621
1325,3641
1325,3661
1325,3681
1325,3701
1325,3721
1325,3741
1325,3761
1335,3421
1335,3441
1335,3461
1335,3481
1335,3501
1335,3521
1335,3541
1335,3561
1335,3581
1335,3601
1335,3621
1335,3641
1335,3661
1335,3681
1335,3701
1335,3721
1335,3741
1335,3761
1345,3421
1345,3441
1345,3461
1345,3481
1345,3501
1345,3521
1345,3541
1345,3561
1345,3581
1345,3601
1345,3621
1345,3641
1345,3661
1345,3681
1345,3701
1345,3721
1345,3741
1345,3761
1355,3421
1355,3441
1355,3461
1355,3481
1355,3501
1355,3521
1355,3541
1355,3561
1355,3581
1355,3601
1355,3621
1355,3641
1355,3661
1355,3681
1355,3701
1355,3721
1355,3741
1355,3761
1365,3421
1365,3441
1365,3461
1365,3481
1365,3501
1365,3521
1365,3541
1365,3561
1365,3581
1365,3601
1365,3621
1365,3641
1365,3661
1365,3681
1365,3701
1365,3721
1365,3741
1365,3761
1375,3421
1375,3441
1375,3461
1375,3481
1375,3501
1375,3521
1375,3541
1375,3561
1375,3581
1375,3601
1375,3621
1375,3641
1375,3661
1375,3681
1375,3701
1375,3721
1375,3741
1375,3761
1385,3421
1385,3441
1385,3461
1385,3481
1385,3501
1385,3521
1385,3541
1385,3561
1385,3581
1385,3601
1385,3621
1385,3641
1385,3661
1385,3681
1385,3701
1385,3721
1385,3741
1385,3761
1395,3421
1395,3441
1395,3461
1395,3481
1395,3501
1395,3521
1395,3541
1395,3561
1395,3581
1395,3601
1395,3621
1395,3641
1395,3661
1395,3681
1395,3701
1395,3721
1395,3741
1395,3761
1405,3421
1405,3441
1405,3461
1405,3481
1405,3501
1405,3521
1405,3541
1405,3561
1405,3581
1405,3601
1405,3621
1405,3641
1405,3661
1405,3681
1405,3701
1405,3721
1405,3741
1405,3761
1415,3421
1415,3441
1415,3461
1415,3481
1415,3501
1415,3521
1415,3541
1415,3561
1415,3581
1415,3601
1415,3621
1415,3641
1415,3661
1415,3681
1415,3701
1415,3721
1415,3741
1415,3761
1425,3421
1425,3441
1425,3461
1425,3481
1425,3501
1425,3521
1425,3541
1425,3561
1425,3581
1425,3601
1425,3621
1425,3641
1425,3661
1425,3681
1425,3701
1425,3721
1425,3741
1425,3761
1435,3421
1435,3441
1435,3461
1435,3481
1435,3501
1435,3521
1435,3541
1435,3561
1435,3581
1435,3601
1435,3621
1435,3641
1435,3661
1435,3681
1435,3701
1435,3721
1435,3741
1435,3761
1445,3421
1445,3441
1445,3461
1445,3481
1445,3501
1445,3521
1445,3541
1445,3561
1445,3581
1445,3601
1445,3621
1445,3641
1445,3661
1445,3681
1445,3701
1445,3721
1445,3741
1445,3761
1455,3421
1455,3441
1455,3461
1455,3481
1455,3501
1455,3521
1455,3541
1455,3561
1455,3581
1455,3601
1455,3621
1455,3641
1455,3661
1455,3681
1455,3701
1455,3721
1455,3741
1455,3761
1465,3421
1465,3441
1465,3461
1465,3481
1465,3501
1465,3521
1465,3541
1465,3561
1465,3581
1465,3601
1465,3621
1465,3641
1465,3661
1465,3681
1465,3701
1465,3721
1465,3741
1465,3761
1475,3421
1475,3441
1475,3461
1475,3481
1475,3501
1475,3521
1475,3541
1475,3561
1475,3581
1475,3601
1475,3621
1475,3641
1475,3661
1475,3681
1475,3701
1475,3721
1475,3741
1475,3761
1485,3421
1485,3441
1485,3461
1485,3481
1485,3501
1485,3521
1485,3541
1485,3561
1485,3581
1485,3601
1485,3621
1485,3641
1485,3661
1485,3681
1485,3701
1485,3721
1485,3741
1485,3761
1495,3421
1495,3441
1495,3461
1495,3481
1495,3501
1495,3521
1495,3541
1495,3561
1495,3581
1495,3601
1495,3621
1495,3641
1495,3661
1495,3681
1495,3701
1495,3721
1495,3741
1495,3761
1145,16708
1145,16728
1145,16748
1145,16768
1145,16788
1145,16808
1145,16828
1145,16848
1145,16868
1145,16888
1145,16908
1145,16928
1145,16948
1145,16968
1145,16988
1145,17008
1145,17028
1145,17048
1145,17068
1145,17088
1145,17108
1145,17128
1145,17148
1145,17168
1145,17188
1145,17208
1145,17228
1155,16708
1155,16728
1155,16748
1155,16768
1155,16788
1155,16808
1155,16828
1155,16848
1155,16868
1155,16888
1155,16908
1155,16928
1155,16948
1155,16968
1155,16988
1155,17008
1155,17028
1155,17048
1155,17068
1155,17088
1155,17108
1155,17128
1155,17148
1155,17168
1155,17188
1155,17208
1155,17228
1165,16708
1165,16728
1165,16748
1165,16768
1165,16788
1165,16808
1165,16828
1165,16848
1165,16868
1165,16888
1165,16908
1165,16928
1165,16948
1165,16968
1165,16988
1165,17008
1165,17028
1165,17048
1165,17068
1165,17088
1165,17108
1165,17128
1165,17148
1165,17168
1165,17188
1165,17208
1165,17228
1175,16708
1175,16728
1175,16748
1175,16768
1175,16788
1175,16808
1175,16828
1175,16848
1175,16868
1175,16888
1175,16908
1175,16928
1175,16948
1175,16968
1175,16988
1175,17008
1175,17028
1175,17048
1175,17068
1175,17088
1175,17108
1175,17128
1175,17148
1175,17168
1175,17188
1175,17208
1175,17228
1185,16708
1185,16728
1185,16748
1185,16768
1185,16788
1185,16808
1185,16828
1185,16848
1185,16868
1185,16888
1185,16908
1185,16928
1185,16948
1185,16968
1185,16988
1185,17008
1185,17028
1185,17048
1185,17068
1185,17088
1185,17108
1185,17128
1185,17148
1185,17168
1185,17188
1185,17208
1185,17228
1195,16708
1195,16728
1195,16748
1195,16768
1195,16788
1195,16808
1195,16828
1195,16848
1195,16868
1195,16888
1195,16908
1195,16928
1195,16948
1195,16968
1195,16988
1195,17008
1195,17028
1195,17048
1195,17068
1195,17088
1195,17108
1195,17128
1195,17148
1195,17168
1195,17188
1195,17208
1195,17228
1205,16708
1205,16728
1205,16748
1205,16768
1205,16788
1205,16808
1205,16828
1205,16848
1205,16868
1205,16888
1205,16908
1205,16928
1205,16948
1205,16968
1205,16988
1205,17008
1205,17028
1205,17048
1205,17068
1205,17088
1205,17108
1205,17128
1205,17148
1205,17168
1205,17188
1205,17208
1205,17228
1215,16708
1215,16728
1215,16748
1215,16768
1215,16788
1215,16808
1215,16828
1215,16848
1215,16868
1215,16888
1215,16908
1215,16928
1215,16948
1215,16968
1215,16988
1215,17008
1215,17028
1215,17048
1215,17068
1215,17088
1215,17108
1215,17128
1215,17148
1215,17168
1215,17188
1215,17208
1215,17228
1225,16708
1225,16728
1225,16748
1225,16768
1225,16788
1225,16808
1225,16828
1225,16848
1225,16868
1225,16888
1225,16908
1225,16928
1225,16948
1225,16968
1225,16988
1225,17008
1225,17028
1225,17048
1225,17068
1225,17088
1225,17108
1225,17128
1225,17148
1225,17168
1225,17188
1225,17208
1225,17228
1235,16708
1235,16728
1235,16748
1235,16768
1235,16788
1235,16808
1235,16828
1235,16848
1235,16868
1235,16888
1235,16908
1235,16928
1235,16948
1235,16968
1235,16988
1235,17008
1235,17028
1235,17048
1235,17068
1235,17088
1235,17108
1235,17128
1235,17148
1235,17168
1235,17188
1235,17208
1235,17228
1245,16708
1245,16728
1245,16748
1245,16768
1245,16788
1245,16808
1245,16828
1245,16848
1245,16868
1245,16888
1245,16908
1245,16928
1245,16948
1245,16968
1245,16988
1245,17008
1245,17028
1245,17048
1245,17068
1245,17088
1245,17108
1245,17128
1245,17148
1245,17168
1245,17188
1245,17208
1245,17228
1255,16708
1255,16728
1255,16748
1255,16768
1255,16788
1255,16808
1255,16828
1255,16848
1255,16868
1255,16888
1255,16908
1255,16928
1255,16948
1255,16968
1255,16988
1255,17008
1255,17028
1255,17048
1255,17068
1255,17088
1255,17108
1255,17128
1255,17148
1255,17168
1255,17188
1255,17208
1255,17228
1265,16708
1265,16728
1265,16748
1265,16768
1265,16788
1265,16808
1265,16828
1265,16848
1265,16868
1265,16888
1265,16908
1265,16928
1265,16948
1265,16968
1265,16988
1265,17008
1265,17028
1265,17048
1265,17068
1265,17088
1265,17108
1265,17128
1265,17148
1265,17168
1265,17188
1265,17208
1265,17228
1275,16708
1275,16728
1275,16748
1275,16768
1275,16788
1275,16808
1275,16828
1275,16848
1275,16868
1275,16888
1275,16908
1275,16928
1275,16948
1275,16968
1275,16988
1275,17008
1275,17028
1275,17048
1275,17068
1275,17088
1275,17108
1275,17128
1275,17148
1275,17168
1275,17188
1275,17208
1275,17228
1285,16708
1285,16728
1285,16748
1285,16768
1285,16788
1285,16808
1285,16828
1285,16848
1285,16868
1285,16888
1285,16908
1285,16928
1285,16948
1285,16968
1285,16988
1285,17008
1285,17028
1285,17048
1285,17068
1285,17088
1285,17108
1285,17128
1285,17148
1285,17168
1285,17188
1285,17208
1285,17228
1295,16708
1295,16728
1295,16748
1295,16768
1295,16788
1295,16808
1295,16828
1295,16848
1295,16868
1295,16888
1295,16908
1295,16928
1295,16948
1295,16968
1295,16988
1295,17008
1295,17028
1295,17048
1295,17068
1295,17088
1295,17108
1295,17128
1295,17148
1295,17168
1295,17188
1295,17208
1295,17228
1305,16708
1305,16728
1305,16748
1305,16768
1305,16788
1305,16808
1305,16828
1305,16848
1305,16868
1305,16888
1305,16908
1305,16928
1305,16948
1305,16968
1305,16988
1305,17008
1305,17028
1305,17048
1305,17068
1305,17088
1305,17108
1305,17128
1305,17148
1305,17168
1305,17188
1305,17208
1305,17228
1315,16708
1315,16728
1315,16748
1315,16768
1315,16788
1315,16808
1315,16828
1315,16848
1315,16868
1315,16888
1315,16908
1315,16928
1315,16948
1315,16968
1315,16988
1315,17008
1315,17028
1315,17048
1315,17068
1315,17088
1315,17108
1315,17128
1315,17148
1315,17168
1315,17188
1315,17208
1315,17228
1325,16708
1325,16728
1325,16748
1325,16768
1325,16788
1325,16808
1325,16828
1325,16848
1325,16868
1325,16888
1325,16908
1325,16928
1325,16948
1325,16968
1325,16988
1325,17008
1325,17028
1325,17048
1325,17068
1325,17088
1325,17108
1325,17128
1325,17148
1325,17168
1325,17188
1325,17208
1325,17228
1335,16708
1335,16728
1335,16748
1335,16768
1335,16788
1335,16808
1335,16828
1335,16848
1335,16868
1335,16888
1335,16908
1335,16928
1335,16948
1335,16968
1335,16988
1335,17008
1335,17028
1335,17048
1335,17068
1335,17088
1335,17108
1335,17128
1335,17148
1335,17168
1335,17188
1335,17208
1335,17228
1345,16708
1345,16728
1345,16748
1345,16768
1345,16788
1345,16808
1345,16828
1345,16848
1345,16868
1345,16888
1345,16908
1345,16928
1345,16948
1345,16968
1345,16988
1345,17008
1345,17028
1345,17048
1345,17068
1345,17088
1345,17108
1345,17128
1345,17148
1345,17168
1345,17188
1345,17208
1345,17228
1355,16708
1355,16728
1355,16748
1355,16768
1355,16788
1355,16808
1355,16828
1355,16848
1355,16868
1355,16888
1355,16908
1355,16928
1355,16948
1355,16968
1355,16988
1355,17008
1355,17028
1355,17048
1355,17068
1355,17088
1355,17108
1355,17128
1355,17148
1355,17168
1355,17188
1355,17208
1355,17228
1365,16708
1365,16728
1365,16748
1365,16768
1365,16788
1365,16808
1365,16828
1365,16848
1365,16868
1365,16888
1365,16908
1365,16928
1365,16948
1365,16968
1365,16988
1365,17008
1365,17028
1365,17048
1365,17068
1365,17088
1365,17108
1365,17128
1365,17148
1365,17168
1365,17188
1365,17208
1365,17228
1375,16708
1375,16728
1375,16748
1375,16768
1375,16788
1375,16808
1375,16828
1375,16848
1375,16868
1375,16888
1375,16908
1375,16928
1375,16948
1375,16968
1375,16988
1375,17008
1375,17028
1375,17048
1375,17068
1375,17088
1375,17108
1375,17128
1375,17148
1375,17168
1375,17188
1375,17208
1375,17228
1385,16708
1385,16728
1385,16748
1385,16768
1385,16788
1385,16808
1385,16828
1385,16848
1385,16868
1385,16888
1385,16908
1385,16928
1385,16948
1385,16968
1385,16988
1385,17008
1385,17028
1385,17048
1385,17068
1385,17088
1385,17108
1385,17128
1385,17148
1385,17168
1385,17188
1385,17208
1385,17228
1395,16708
1395,16728
1395,16748
1395,16768
1395,16788
1395,16808
1395,16828
1395,16848
1395,16868
1395,16888
1395,16908
1395,16928
1395,16948
1395,16968
1395,16988
1395,17008
1395,17028
1395,17048
1395,17068
1395,17088
1395,17108
1395,17128
1395,17148
1395,17168
1395,17188
1395,17208
1395,17228
1405,16708
1405,16728
1405,16748
1405,16768
1405,16788
1405,16808
1405,16828
1405,16848
1405,16868
1405,16888
1405,16908
1405,16928
1405,16948
1405,16968
1405,16988
1405,17008
1405,17028
1405,17048
1405,17068
1405,17088
1405,17108
1405,17128
1405,17148
1405,17168
1405,17188
1405,17208
1405,17228
1415,16708
1415,16728
1415,16748
1415,16768
1415,16788
1415,16808
1415,16828
1415,16848
1415,16868
1415,16888
1415,16908
1415,16928
1415,16948
1415,16968
1415,16988
1415,17008
1415,17028
1415,17048
1415,17068
1415,17088
1415,17108
1415,17128
1415,17148
1415,17168
1415,17188
1415,17208
1415,17228
1425,16708
1425,16728
1425,16748
1425,16768
1425,16788
1425,16808
1425,16828
1425,16848
1425,16868
1425,16888
1425,16908
1425,16928
1425,16948
1425,16968
1425,16988
1425,17008
1425,17028
1425,17048
1425,17068
1425,17088
1425,17108
1425,17128
1425,17148
1425,17168
1425,17188
1425,17208
1425,17228
1435,16708
1435,16728
1435,16748
1435,16768
1435,16788
1435,16808
1435,16828
1435,16848
1435,16868
1435,16888
1435,16908
1435,16928
1435,16948
1435,16968
1435,16988
1435,17008
1435,17028
1435,17048
1435,17068
1435,17088
1435,17108
1435,17128
1435,17148
1435,17168
1435,17188
1435,17208
1435,17228
1445,16708
1445,16728
1445,16748
1445,16768
1445,16788
1445,16808
1445,16828
1445,16848
1445,16868
1445,16888
1445,16908
1445,16928
1445,16948
1445,16968
1445,16988
1445,17008
1445,17028
1445,17048
1445,17068
1445,17088
1445,17108
1445,17128
1445,17148
1445,17168
1445,17188
1445,17208
1445,17228
1455,16708
1455,16728
1455,16748
1455,16768
1455,16788
1455,16808
1455,16828
1455,16848
1455,16868
1455,16888
1455,16908
1455,16928
1455,16948
1455,16968
1455,16988
1455,17008
1455,17028
1455,17048
1455,17068
1455,17088
1455,17108
1455,17128
1455,17148
1455,17168
1455,17188
1455,17208
1455,17228
1465,16708
1465,16728
1465,16748
1465,16768
1465,16788
1465,16808
1465,16828
1465,16848
1465,16868
1465,16888
1465,16908
1465,16928
1465,16948
1465,16968
1465,16988
1465,17008
1465,17028
1465,17048
1465,17068
1465,17088
1465,17108
1465,17128
1465,17148
1465,17168
1465,17188
1465,17208
1465,17228
1475,16708
1475,16728
1475,16748
1475,16768
1475,16788
1475,16808
1475,16828
1475,16848
1475,16868
1475,16888
1475,16908
1475,16928
1475,16948
1475,16968
1475,16988
1475,17008
1475,17028
1475,17048
1475,17068
1475,17088
1475,17108
1475,17128
1475,17148
1475,17168
1475,17188
1475,17208
1475,17228
1485,16708
1485,16728
1485,16748
1485,16768
1485,16788
1485,16808
1485,16828
1485,16848
1485,16868
1485,16888
1485,16908
1485,16928
1485,16948
1485,16968
1485,16988
1485,17008
1485,17028
1485,17048
1485,17068
1485,17088
1485,17108
1485,17128
1485,17148
1485,17168
1485,17188
1485,17208
1485,17228
1495,16708
1495,16728
1495,16748
1495,16768
1495,16788
1495,16808
1495,16828
1495,16848
1495,16868
1495,16888
1495,16908
1495,16928
1495,16948
1495,16968
1495,16988
1495,17008
1495,17028
1495,17048
1495,17068
1495,17088
1495,17108
1495,17128
1495,17148
1495,17168
1495,17188
1495,17208
1495,17228
1496,29980
1496,30000
1496,30020
1496,30040
1496,30060
1496,30080
1496,30100
1496,30120
1496,30140
1496,30160
1496,30180
1496,30200
1496,30220
1496,30240
1496,30260
1496,30280
1496,30300
1496,30320
1496,30340
1496,30360
1496,30380
1496,30400
1496,30420
1496,30440
1496,30460
1496,30480
1496,30500
1496,30520
1496,30540
1496,30560
1496,30580
1496,30600
1496,30620
1496,30640
1496,30660
1496,30680
1496,30700
1496,30720
1496,30740
1496,30760
1496,30780
1496,30800
1496,30820
1496,30840
1506,29980
1506,30000
1506,30020
1506,30040
1506,30060
1506,30080
1506,30100
1506,30120
1506,30140
1506,30160
1506,30180
1506,30200
1506,30220
1506,30240
1506,30260
1506,30280
1506,30300
1506,30320
1506,30340
1506,30360
1506,30380
1506,30400
1506,30420
1506,30440
1506,30460
1506,30480
1506,30500
1506,30520
1506,30540
1506,30560
1506,30580
1506,30600
1506,30620
1506,30640
1506,30660
1506,30680
1506,30700
1506,30720
1506,30740
1506,30760
1506,30780
1506,30800
1506,30820
1506,30840
1516,29980
1516,30000
1516,30020
1516,30040
1516,30060
1516,30080
1516,30100
1516,30120
1516,30140
1516,30160
1516,30180
1516,30200
1516,30220
1516,30240
1516,30260
1516,30280
1516,30300
1516,30320
1516,30340
1516,30360
1516,30380
1516,30400
1516,30420
1516,30440
1516,30460
1516,30480
1516,30500
1516,30520
1516,30540
1516,30560
1516,30580
1516,30600
1516,30620
1516,30640
1516,30660
1516,30680
1516,30700
1516,30720
1516,30740
1516,30760
1516,30780
1516,30800
1516,30820
1516,30840
1526,29980
1526,30000
1526,30020
1526,30040
1526,30060
1526,30080
1526,30100
1526,30120
1526,30140
1526,30160
1526,30180
1526,30200
1526,30220
1526,30240
1526,30260
1526,30280
1526,30300
1526,30320
1526,30340
1526,30360
1526,30380
1526,30400
1526,30420
1526,30440
1526,30460
1526,30480
1526,30500
1526,30520
1526,30540
1526,30560
1526,30580
1526,30600
1526,30620
1526,30640
1526,30660
1526,30680
1526,30700
1526,30720
1526,30740
1526,30760
1526,30780
1526,30800
1526,30820
1526,30840
1536,29980
1536,30000
1536,30020
1536,30040
1536,30060
1536,30080
1536,30100
1536,30120
1536,30140
1536,30160
1536,30180
1536,30200
1536,30220
1536,30240
1536,30260
1536,30280
1536,30300
1536,30320
1536,30340
1536,30360
1536,30380
1536,30400
1536,30420
1536,30440
1536,30460
1536,30480
1536,30500
1536,30520
1536,30540
1536,30560
1536,30580
1536,30600
1536,30620
1536,30640
1536,30660
1536,30680
1536,30700
1536,30720
1536,30740
1536,30760
1536,30780
1536,30800
1536,30820
1536,30840
1546,29980
1546,30000
1546,30020
1546,30040
1546,30060
1546,30080
1546,30100
1546,30120
1546,30140
1546,30160
1546,30180
1546,30200
1546,30220
1546,30240
1546,30260
1546,30280
1546,30300
1546,30320
1546,30340
1546,30360
1546,30380
1546,30400
1546,30420
1546,30440
1546,30460
1546,30480
1546,30500
1546,30520
1546,30540
1546,30560
1546,30580
1546,30600
1546,30620
1546,30640
1546,30660
1546,30680
1546,30700
1546,30720
1546,30740
1546,30760
1546,30780
1546,30800
1546,30820
1546,30840
1556,29980
1556,30000
1556,30020
1556,30040
1556,30060
1556,30080
1556,30100
1556,30120
1556,30140
1556,30160
1556,30180
1556,30200
1556,30220
1556,30240
1556,30260
1556,30280
1556,30300
1556,30320
1556,30340
1556,30360
1556,30380
1556,30400
1556,30420
1556,30440
1556,30460
1556,30480
1556,30500
1556,30520
1556,30540
1556,30560
1556,30580
1556,30600
1556,30620
1556,30640
1556,30660
1556,30680
1556,30700
1556,30720
1556,30740
1556,30760
1556,30780
1556,30800
1556,30820
1556,30840
1566,29980
1566,30000
1566,30020
1566,30040
1566,30060
1566,30080
1566,30100
1566,30120
1566,30140
1566,30160
1566,30180
1566,30200
1566,30220
1566,30240
1566,30260
1566,30280
1566,30300
1566,30320
1566,30340
1566,30360
1566,30380
1566,30400
1566,30420
1566,30440
1566,30460
1566,30480
1566,30500
1566,30520
1566,30540
1566,30560
1566,30580
1566,30600
1566,30620
1566,30640
1566,30660
1566,30680
1566,30700
1566,30720
1566,30740
1566,30760
1566,30780
1566,30800
1566,30820
1566,30840
1576,29980
1576,30000
1576,30020
1576,30040
1576,30060
1576,30080
1576,30100
1576,30120
1576,30140
1576,30160
1576,30180
1576,30200
1576,30220
1576,30240
1576,30260
1576,30280
1576,30300
1576,30320
1576,30340
1576,30360
1576,30380
1576,30400
1576,30420
1576,30440
1576,30460
1576,30480
1576,30500
1576,30520
1576,30540
1576,30560
1576,30580
1576,30600
1576,30620
1576,30640
1576,30660
1576,30680
1576,30700
1576,30720
1576,30740
1576,30760
1576,30780
1576,30800
1576,30820
1576,30840
1586,29980
1586,30000
1586,30020
1586,30040
1586,30060
1586,30080
1586,30100
1586,30120
1586,30140
1586,30160
1586,30180
1586,30200
1586,30220
1586,30240
1586,30260
1586,30280
1586,30300
1586,30320
1586,30340
1586,30360
1586,30380
1586,30400
1586,30420
1586,30440
1586,30460
1586,30480
1586,30500
1586,30520
1586,30540
1586,30560
1586,30580
1586,30600
1586,30620
1586,30640
1586,30660
1586,30680
1586,30700
1586,30720
1586,30740
1586,30760
1586,30780
1586,30800
1586,30820
1586,30840
1596,29980
1596,30000
1596,30020
1596,30040
1596,30060
1596,30080
1596,30100
1596,30120
1596,30140
1596,30160
1596,30180
1596,30200
1596,30220
1596,30240
1596,30260
1596,30280
1596,30300
1596,30320
1596,30340
1596,30360
1596,30380
1596,30400
1596,30420
1596,30440
1596,30460
1596,30480
1596,30500
1596,30520
1596,30540
1596,30560
1596,30580
1596,30600
1596,30620
1596,30640
1596,30660
1596,30680
1596,30700
1596,30720
1596,30740
1596,30760
1596,30780
1596,30800
1596,30820
1596,30840
1606,29980
1606,30000
1606,30020
1606,30040
1606,30060
1606,30080
1606,30100
1606,30120
1606,30140
1606,30160
1606,30180
1606,30200
1606,30220
1606,30240
1606,30260
1606,30280
1606,30300
1606,30320
1606,30340
1606,30360
1606,30380
1606,30400
1606,30420
1606,30440
1606,30460
1606,30480
1606,30500
1606,30520
1606,30540
1606,30560
1606,30580
1606,30600
1606,30620
1606,30640
1606,30660
1606,30680
1606,30700
1606,30720
1606,30740
1606,30760
1606,30780
1606,30800
1606,30820
1606,30840
1616,29980
1616,30000
1616,30020
1616,30040
1616,30060
1616,30080
1616,30100
1616,30120
1616,30140
1616,30160
1616,30180
1616,30200
1616,30220
1616,30240
1616,30260
1616,30280
1616,30300
1616,30320
1616,30340
1616,30360
1616,30380
1616,30400
1616,30420
1616,30440
1616,30460
1616,30480
1616,30500
1616,30520
1616,30540
1616,30560
1616,30580
1616,30600
1616,30620
1616,30640
1616,30660
1616,30680
1616,30700
1616,30720
1616,30740
1616,30760
1616,30780
1616,30800
1616,30820
1616,30840
1626,29980
1626,30000
1626,30020
1626,30040
1626,30060
1626,30080
1626,30100
1626,30120
1626,30140
1626,30160
1626,30180
1626,30200
1626,30220
1626,30240
1626,30260
1626,30280
1626,30300
1626,30320
1626,30340
1626,30360
1626,30380
1626,30400
1626,30420
1626,30440
1626,30460
1626,30480
1626,30500
1626,30520
1626,30540
1626,30560
1626,30580
1626,30600
1626,30620
1626,30640
1626,30660
1626,30680
1626,30700
1626,30720
1626,30740
1626,30760
1626,30780
1626,30800
1626,30820
1626,30840
1636,29980
1636,30000
1636,30020
1636,30040
1636,30060
1636,30080
1636,30100
1636,30120
1636,30140
1636,30160
1636,30180
1636,30200
1636,30220
1636,30240
1636,30260
1636,30280
1636,30300
1636,30320
1636,30340
1636,30360
1636,30380
1636,30400
1636,30420
1636,30440
1636,30460
1636,30480
1636,30500
1636,30520
1636,30540
1636,30560
1636,30580
1636,30600
1636,30620
1636,30640
1636,30660
1636,30680
1636,30700
1636,30720
1636,30740
1636,30760
1636,30780
1636,30800
1636,30820
1636,30840
1646,29980
1646,30000
1646,30020
1646,30040
1646,30060
1646,30080
1646,30100
1646,30120
1646,30140
1646,30160
1646,30180
1646,30200
1646,30220
1646,30240
1646,30260
1646,30280
1646,30300
1646,30320
1646,30340
1646,30360
1646,30380
1646,30400
1646,30420
1646,30440
1646,30460
1646,30480
1646,30500
1646,30520
1646,30540
1646,30560
1646,30580
1646,30600
1646,30620
1646,30640
1646,30660
1646,30680
1646,30700
1646,30720
1646,30740
1646,30760
1646,30780
1646,30800
1646,30820
1646,30840
1656,29980
1656,30000
1656,30020
1656,30040
1656,30060
1656,30080
1656,30100
1656,30120
1656,30140
1656,30160
1656,30180
1656,30200
1656,30220
1656,30240
1656,30260
1656,30280
1656,30300
1656,30320
1656,30340
1656,30360
1656,30380
1656,30400
1656,30420
1656,30440
1656,30460
1656,30480
1656,30500
1656,30520
1656,30540
1656,30560
1656,30580
1656,30600
1656,30620
1656,30640
1656,30660
1656,30680
1656,30700
1656,30720
1656,30740
1656,30760
1656,30780
1656,30800
1656,30820
1656,30840
1666,29980
1666,30000
1666,30020
1666,30040
1666,30060
1666,30080
1666,30100
1666,30120
1666,30140
1666,30160
1666,30180
1666,30200
1666,30220
1666,30240
1666,30260
1666,30280
1666,30300
1666,30320
1666,30340
1666,30360
1666,30380
1666,30400
1666,30420
1666,30440
1666,30460
1666,30480
1666,30500
1666,30520
1666,30540
1666,30560
1666,30580
1666,30600
1666,30620
1666,30640
1666,30660
1666,30680
1666,30700
1666,30720
1666,30740
1666,30760
1666,30780
1666,30800
1666,30820
1666,30840
1676,29980
1676,30000
1676,30020
1676,30040
1676,30060
1676,30080
1676,30100
1676,30120
1676,30140
1676,30160
1676,30180
1676,30200
1676,30220
1676,30240
1676,30260
1676,30280
1676,30300
1676,30320
1676,30340
1676,30360
1676,30380
1676,30400
1676,30420
1676,30440
1676,30460
1676,30480
1676,30500
1676,30520
1676,30540
1676,30560
1676,30580
1676,30600
1676,30620
1676,30640
1676,30660
1676,30680
1676,30700
1676,30720
1676,30740
1676,30760
1676,30780
1676,30800
1676,30820
1676,30840
1686,29980
1686,30000
1686,30020
1686,30040
1686,30060
1686,30080
1686,30100
1686,30120
1686,30140
1686,30160
1686,30180
1686,30200
1686,30220
1686,30240
1686,30260
1686,30280
1686,30300
1686,30320
1686,30340
1686,30360
1686,30380
1686,30400
1686,30420
1686,30440
1686,30460
1686,30480
1686,30500
1686,30520
1686,30540
1686,30560
1686,30580
1686,30600
1686,30620
1686,30640
1686,30660
1686,30680
1686,30700
1686,30720
1686,30740
1686,30760
1686,30780
1686,30800
1686,30820
1686,30840
1696,29980
1696,30000
1696,30020
1696,30040
1696,30060
1696,30080
1696,30100
1696,30120
1696,30140
1696,30160
1696,30180
1696,30200
1696,30220
1696,30240
1696,30260
1696,30280
1696,30300
1696,30320
1696,30340
1696,30360
1696,30380
1696,30400
1696,30420
1696,30440
1696,30460
1696,30480
1696,30500
1696,30520
1696,30540
1696,30560
1696,30580
1696,30600
1696,30620
1696,30640
1696,30660
1696,30680
1696,30700
1696,30720
1696,30740
1696,30760
1696,30780
1696,30800
1696,30820
1696,30840
1706,29980
1706,30000
1706,30020
1706,30040
1706,30060
1706,30080
1706,30100
1706,30120
1706,30140
1706,30160
1706,30180
1706,30200
1706,30220
1706,30240
1706,30260
1706,30280
1706,30300
1706,30320
1706,30340
1706,30360
1706,30380
1706,30400
1706,30420
1706,30440
1706,30460
1706,30480
1706,30500
1706,30520
1706,30540
1706,30560
1706,30580
1706,30600
1706,30620
1706,30640
1706,30660
1706,30680
1706,30700
1706,30720
1706,30740
1706,30760
1706,30780
1706,30800
1706,30820
1706,30840
1716,29980
1716,30000
1716,30020
1716,30040
1716,30060
1716,30080
1716,30100
1716,30120
1716,30140
1716,30160
1716,30180
1716,30200
1716,30220
1716,30240
1716,30260
1716,30280
1716,30300
1716,30320
1716,30340
1716,30360
1716,30380
1716,30400
1716,30420
1716,30440
1716,30460
1716,30480
1716,30500
1716,30520
1716,30540
1716,30560
1716,30580
1716,30600
1716,30620
1716,30640
1716,30660
1716,30680
1716,30700
1716,30720
1716,30740
1716,30760
1716,30780
1716,30800
1716,30820
1716,30840
1726,29980
1726,30000
1726,30020
1726,30040
1726,30060
1726,30080
1726,30100
1726,30120
1726,30140
1726,30160
1726,30180
1726,30200
1726,30220
1726,30240
1726,30260
1726,30280
1726,30300
1726,30320
1726,30340
1726,30360
1726,30380
1726,30400
1726,30420
1726,30440
1726,30460
1726,30480
1726,30500
1726,30520
1726,30540
1726,30560
1726,30580
1726,30600
1726,30620
1726,30640
1726,30660
1726,30680
1726,30700
1726,30720
1726,30740
1726,30760
1726,30780
1726,30800
1726,30820
1726,30840
1736,29980
1736,30000
1736,30020
1736,30040
1736,30060
1736,30080
1736,30100
1736,30120
1736,30140
1736,30160
1736,30180
1736,30200
1736,30220
1736,30240
1736,30260
1736,30280
1736,30300
1736,30320
1736,30340
1736,30360
1736,30380
1736,30400
1736,30420
1736,30440
1736,30460
1736,30480
1736,30500
1736,30520
1736,30540
1736,30560
1736,30580
1736,30600
1736,30620
1736,30640
1736,30660
1736,30680
1736,30700
1736,30720
1736,30740
1736,30760
1736,30780
1736,30800
1736,30820
1736,30840
1746,29980
1746,30000
1746,30020
1746,30040
1746,30060
1746,30080
1746,30100
1746,30120
1746,30140
1746,30160
1746,30180
1746,30200
1746,30220
1746,30240
1746,30260
1746,30280
1746,30300
1746,30320
1746,30340
1746,30360
1746,30380
1746,30400
1746,30420
1746,30440
1746,30460
1746,30480
1746,30500
1746,30520
1746,30540
1746,30560
1746,30580
1746,30600
1746,30620
1746,30640
1746,30660
1746,30680
1746,30700
1746,30720
1746,30740
1746,30760
1746,30780
1746,30800
1746,30820
1746,30840
1756,29980
1756,30000
1756,30020
1756,30040
1756,30060
1756,30080
1756,30100
1756,30120
1756,30140
1756,30160
1756,30180
1756,30200
1756,30220
1756,30240
1756,30260
1756,30280
1756,30300
1756,30320
1756,30340
1756,30360
1756,30380
1756,30400
1756,30420
1756,30440
1756,30460
1756,30480
1756,30500
1756,30520
1756,30540
1756,30560
1756,30580
1756,30600
1756,30620
1756,30640
1756,30660
1756,30680
1756,30700
1756,30720
1756,30740
1756,30760
1756,30780
1756,30800
1756,30820
1756,30840
1766,29980
1766,30000
1766,30020
1766,30040
1766,30060
1766,30080
1766,30100
1766,30120
1766,30140
1766,30160
1766,30180
1766,30200
1766,30220
1766,30240
1766,30260
1766,30280
1766,30300
1766,30320
1766,30340
1766,30360
1766,30380
1766,30400
1766,30420
1766,30440
1766,30460
1766,30480
1766,30500
1766,30520
1766,30540
1766,30560
1766,30580
1766,30600
1766,30620
1766,30640
1766,30660
1766,30680
1766,30700
1766,30720
1766,30740
1766,30760
1766,30780
1766,30800
1766,30820
1766,30840
1776,29980
1776,30000
1776,30020
1776,30040
1776,30060
1776,30080
1776,30100
1776,30120
1776,30140
1776,30160
1776,30180
1776,30200
1776,30220
1776,30240
1776,30260
1776,30280
1776,30300
1776,30320
1776,30340
1776,30360
1776,30380
1776,30400
1776,30420
1776,30440
1776,30460
1776,30480
1776,30500
1776,30520
1776,30540
1776,30560
1776,30580
1776,30600
1776,30620
1776,30640
1776,30660
1776,30680
1776,30700
1776,30720
1776,30740
1776,30760
1776,30780
1776,30800
1776,30820
1776,30840
1786,29980
1786,30000
1786,30020
1786,30040
1786,30060
1786,30080
1786,30100
1786,30120
1786,30140
1786,30160
1786,30180
1786,30200
1786,30220
1786,30240
1786,30260
1786,30280
1786,30300
1786,30320
1786,30340
1786,30360
1786,30380
1786,30400
1786,30420
1786,30440
1786,30460
1786,30480
1786,30500
1786,30520
1786,30540
1786,30560
1786,30580
1786,30600
1786,30620
1786,30640
1786,30660
1786,30680
1786,30700
1786,30720
1786,30740
1786,30760
1786,30780
1786,30800
1786,30820
1786,30840
1796,29980
1796,30000
1796,30020
1796,30040
1796,30060
1796,30080
1796,30100
1796,30120
1796,30140
1796,30160
1796,30180
1796,30200
1796,30220
1796,30240
1796,30260
1796,30280
1796,30300
1796,30320
1796,30340
1796,30360
1796,30380
1796,30400
1796,30420
1796,30440
1796,30460
1796,30480
1796,30500
1796,30520
1796,30540
1796,30560
1796,30580
1796,30600
1796,30620
1796,30640
1796,30660
1796,30680
1796,30700
1796,30720
1796,30740
1796,30760
1796,30780
1796,30800
1796,30820
1796,30840
1806,29980
1806,30000
1806,30020
1806,30040
1806,30060
1806,30080
1806,30100
1806,30120
1806,30140
1806,30160
1806,30180
1806,30200
1806,30220
1806,30240
1806,30260
1806,30280
1806,30300
1806,30320
1806,30340
1806,30360
1806,30380
1806,30400
1806,30420
1806,30440
1806,30460
1806,30480
1806,30500
1806,30520
1806,30540
1806,30560
1806,30580
1806,30600
1806,30620
1806,30640
1806,30660
1806,30680
1806,30700
1806,30720
1806,30740
1806,30760
1806,30780
1806,30800
1806,30820
1806,30840
1816,29980
1816,30000
1816,30020
1816,30040
1816,30060
1816,30080
1816,30100
1816,30120
1816,30140
1816,30160
1816,30180
1816,30200
1816,30220
1816,30240
1816,30260
1816,30280
1816,30300
1816,30320
1816,30340
1816,30360
1816,30380
1816,30400
1816,30420
1816,30440
1816,30460
1816,30480
1816,30500
1816,30520
1816,30540
1816,30560
1816,30580
1816,30600
1816,30620
1816,30640
1816,30660
1816,30680
1816,30700
1816,30720
1816,30740
1816,30760
1816,30780
1816,30800
1816,30820
1816,30840
1826,29980
1826,30000
1826,30020
1826,30040
1826,30060
1826,30080
1826,30100
1826,30120
1826,30140
1826,30160
1826,30180
1826,30200
1826,30220
1826,30240
1826,30260
1826,30280
1826,30300
1826,30320
1826,30340
1826,30360
1826,30380
1826,30400
1826,30420
1826,30440
1826,30460
1826,30480
1826,30500
1826,30520
1826,30540
1826,30560
1826,30580
1826,30600
1826,30620
1826,30640
1826,30660
1826,30680
1826,30700
1826,30720
1826,30740
1826,30760
1826,30780
1826,30800
1826,30820
1826,30840
1836,29980
1836,30000
1836,30020
1836,30040
1836,30060
1836,30080
1836,30100
1836,30120
1836,30140
1836,30160
1836,30180
1836,30200
1836,30220
1836,30240
1836,30260
1836,30280
1836,30300
1836,30320
1836,30340
1836,30360
1836,30380
1836,30400
1836,30420
1836,30440
1836,30460
1836,30480
1836,30500
1836,30520
1836,30540
1836,30560
1836,30580
1836,30600
1836,30620
1836,30640
1836,30660
1836,30680
1836,30700
1836,30720
1836,30740
1836,30760
1836,30780
1836,30800
1836,30820
1836,30840
1846,29980
1846,30000
1846,30020
1846,30040
1846,30060
1846,30080
1846,30100
1846,30120
1846,30140
1846,30160
1846,30180
1846,30200
1846,30220
1846,30240
1846,30260
1846,30280
1846,30300
1846,30320
1846,30340
1846,30360
1846,30380
1846,30400
1846,30420
1846,30440
1846,30460
1846,30480
1846,30500
1846,30520
1846,30540
1846,30560
1846,30580
1846,30600
1846,30620
1846,30640
1846,30660
1846,30680
1846,30700
1846,30720
1846,30740
1846,30760
1846,30780
1846,30800
1846,30820
1846,30840
1856,29980
1856,30000
1856,30020
1856,30040
1856,30060
1856,30080
1856,30100
1856,30120
1856,30140
1856,30160
1856,30180
1856,30200
1856,30220
1856,30240
1856,30260
1856,30280
1856,30300
1856,30320
1856,30340
1856,30360
1856,30380
1856,30400
1856,30420
1856,30440
1856,30460
1856,30480
1856,30500
1856,30520
1856,30540
1856,30560
1856,30580
1856,30600
1856,30620
1856,30640
1856,30660
1856,30680
1856,30700
1856,30720
1856,30740
1856,30760
1856,30780
1856,30800
1856,30820
1856,30840
1866,29980
1866,30000
1866,30020
1866,30040
1866,30060
1866,30080
1866,30100
1866,30120
1866,30140
1866,30160
1866,30180
1866,30200
1866,30220
1866,30240
1866,30260
1866,30280
1866,30300
1866,30320
1866,30340
1866,30360
1866,30380
1866,30400
1866,30420
1866,30440
1866,30460
1866,30480
1866,30500
1866,30520
1866,30540
1866,30560
1866,30580
1866,30600
1866,30620
1866,30640
1866,30660
1866,30680
1866,30700
1866,30720
1866,30740
1866,30760
1866,30780
1866,30800
1866,30820
1866,30840
1876,29980
1876,30000
1876,30020
1876,30040
1876,30060
1876,30080
1876,30100
1876,30120
1876,30140
1876,30160
1876,30180
1876,30200
1876,30220
1876,30240
1876,30260
1876,30280
1876,30300
1876,30320
1876,30340
1876,30360
1876,30380
1876,30400
1876,30420
1876,30440
1876,30460
1876,30480
1876,30500
1876,30520
1876,30540
1876,30560
1876,30580
1876,30600
1876,30620
1876,30640
1876,30660
1876,30680
1876,30700
1876,30720
1876,30740
1876,30760
1876,30780
1876,30800
1876,30820
1876,30840
1886,29980
1886,30000
1886,30020
1886,30040
1886,30060
1886,30080
1886,30100
1886,30120
1886,30140
1886,30160
1886,30180
1886,30200
1886,30220
1886,30240
1886,30260
1886,30280
1886,30300
1886,30320
1886,30340
1886,30360
1886,30380
1886,30400
1886,30420
1886,30440
1886,30460
1886,30480
1886,30500
1886,30520
1886,30540
1886,30560
1886,30580
1886,30600
1886,30620
1886,30640
1886,30660
1886,30680
1886,30700
1886,30720
1886,30740
1886,30760
1886,30780
1886,30800
1886,30820
1886,30840
1896,29980
1896,30000
1896,30020
1896,30040
1896,30060
1896,30080
1896,30100
1896,30120
1896,30140
1896,30160
1896,30180
1896,30200
1896,30220
1896,30240
1896,30260
1896,30280
1896,30300
1896,30320
1896,30340
1896,30360
1896,30380
1896,30400
1896,30420
1896,30440
1896,30460
1896,30480
1896,30500
1896,30520
1896,30540
1896,30560
1896,30580
1896,30600
1896,30620
1896,30640
1896,30660
1896,30680
1896,30700
1896,30720
1896,30740
1896,30760
1896,30780
1896,30800
1896,30820
1896,30840
1906,29980
1906,30000
1906,30020
1906,30040
1906,30060
1906,30080
1906,30100
1906,30120
1906,30140
1906,30160
1906,30180
1906,30200
1906,30220
1906,30240
1906,30260
1906,30280
1906,30300
1906,30320
1906,30340
1906,30360
1906,30380
1906,30400
1906,30420
1906,30440
1906,30460
1906,30480
1906,30500
1906,30520
1906,30540
1906,30560
1906,30580
1906,30600
1906,30620
1906,30640
1906,30660
1906,30680
1906,30700
1906,30720
1906,30740
1906,30760
1906,30780
1906,30800
1906,30820
1906,30840
1916,29980
1916,30000
1916,30020
1916,30040
1916,30060
1916,30080
1916,30100
1916,30120
1916,30140
1916,30160
1916,30180
1916,30200
1916,30220
1916,30240
1916,30260
1916,30280
1916,30300
1916,30320
1916,30340
1916,30360
1916,30380
1916,30400
1916,30420
1916,30440
1916,30460
1916,30480
1916,30500
1916,30520
1916,30540
1916,30560
1916,30580
1916,30600
1916,30620
1916,30640
1916,30660
1916,30680
1916,30700
1916,30720
1916,30740
1916,30760
1916,30780
1916,30800
1916,30820
1916,30840
1926,29980
1926,30000
1926,30020
1926,30040
1926,30060
1926,30080
1926,30100
1926,30120
1926,30140
1926,30160
1926,30180
1926,30200
1926,30220
1926,30240
1926,30260
1926,30280
1926,30300
1926,30320
1926,30340
1926,30360
1926,30380
1926,30400
1926,30420
1926,30440
1926,30460
1926,30480
1926,30500
1926,30520
1926,30540
1926,30560
1926,30580
1926,30600
1926,30620
1926,30640
1926,30660
1926,30680
1926,30700
1926,30720
1926,30740
1926,30760
1926,30780
1926,30800
1926,30820
1926,30840
1936,29980
1936,30000
1936,30020
1936,30040
1936,30060
1936,30080
1936,30100
1936,30120
1936,30140
1936,30160
1936,30180
1936,30200
1936,30220
1936,30240
1936,30260
1936,30280
1936,30300
1936,30320
1936,30340
1936,30360
1936,30380
1936,30400
1936,30420
1936,30440
1936,30460
1936,30480
1936,30500
1936,30520
1936,30540
1936,30560
1936,30580
1936,30600
1936,30620
1936,30640
1936,30660
1936,30680
1936,30700
1936,30720
1936,30740
1936,30760
1936,30780
1936,30800
1936,30820
1936,30840
1946,29980
1946,30000
1946,30020
1946,30040
1946,30060
1946,30080
1946,30100
1946,30120
1946,30140
1946,30160
1946,30180
1946,30200
1946,30220
1946,30240
1946,30260
1946,30280
1946,30300
1946,30320
1946,30340
1946,30360
1946,30380
1946,30400
1946,30420
1946,30440
1946,30460
1946,30480
1946,30500
1946,30520
1946,30540
1946,30560
1946,30580
1946,30600
1946,30620
1946,30640
1946,30660
1946,30680
1946,30700
1946,30720
1946,30740
1946,30760
1946,30780
1946,30800
1946,30820
1946,30840
1956,29980
1956,30000
1956,30020
1956,30040
1956,30060
1956,30080
1956,30100
1956,30120
1956,30140
1956,30160
1956,30180
1956,30200
1956,30220
1956,30240
1956,30260
1956,30280
1956,30300
1956,30320
1956,30340
1956,30360
1956,30380
1956,30400
1956,30420
1956,30440
1956,30460
1956,30480
1956,30500
1956,30520
1956,30540
1956,30560
1956,30580
1956,30600
1956,30620
1956,30640
1956,30660
1956,30680
1956,30700
1956,30720
1956,30740
1956,30760
1956,30780
1956,30800
1956,30820
1956,30840
1966,29980
1966,30000
1966,30020
1966,30040
1966,30060
1966,30080
1966,30100
1966,30120
1966,30140
1966,30160
1966,30180
1966,30200
1966,30220
1966,30240
1966,30260
1966,30280
1966,30300
1966,30320
1966,30340
1966,30360
1966,30380
1966,30400
1966,30420
1966,30440
1966,30460
1966,30480
1966,30500
1966,30520
1966,30540
1966,30560
1966,30580
1966,30600
1966,30620
1966,30640
1966,30660
1966,30680
1966,30700
1966,30720
1966,30740
1966,30760
1966,30780
1966,30800
1966,30820
1966,30840
1976,29980
1976,30000
1976,30020
1976,30040
1976,30060
1976,30080
1976,30100
1976,30120
1976,30140
1976,30160
1976,30180
1976,30200
1976,30220
1976,30240
1976,30260
1976,30280
1976,30300
1976,30320
1976,30340
1976,30360
1976,30380
1976,30400
1976,30420
1976,30440
1976,30460
1976,30480
1976,30500
1976,30520
1976,30540
1976,30560
1976,30580
1976,30600
1976,30620
1976,30640
1976,30660
1976,30680
1976,30700
1976,30720
1976,30740
1976,30760
1976,30780
1976,30800
1976,30820
1976,30840
1986,29980
1986,30000
1986,30020
1986,30040
1986,30060
1986,30080
1986,30100
1986,30120
1986,30140
1986,30160
1986,30180
1986,30200
1986,30220
1986,30240
1986,30260
1986,30280
1986,30300
1986,30320
1986,30340
1986,30360
1986,30380
1986,30400
1986,30420
1986,30440
1986,30460
1986,30480
1986,30500
1986,30520
1986,30540
1986,30560
1986,30580
1986,30600
1986,30620
1986,30640
1986,30660
1986,30680
1986,30700
1986,30720
1986,30740
1986,30760
1986,30780
1986,30800
1986,30820
1986,30840
1996,29980
1996,30000
1996,30020
1996,30040
1996,30060
1996,30080
1996,30100
1996,30120
1996,30140
1996,30160
1996,30180
1996,30200
1996,30220
1996,30240
1996,30260
1996,30280
1996,30300
1996,30320
1996,30340
1996,30360
1996,30380
1996,30400
1996,30420
1996,30440
1996,30460
1996,30480
1996,30500
1996,30520
1996,30540
1996,30560
1996,30580
1996,30600
1996,30620
1996,30640
1996,30660
1996,30680
1996,30700
1996,30720
1996,30740
1996,30760
1996,30780
1996,30800
1996,30820
1996,30840
2006,29980
2006,30000
2006,30020
2006,30040
2006,30060
2006,30080
2006,30100
2006,30120
2006,30140
2006,30160
2006,30180
2006,30200
2006,30220
2006,30240
2006,30260
2006,30280
2006,30300
2006,30320
2006,30340
2006,30360
2006,30380
2006,30400
2006,30420
2006,30440
2006,30460
2006,30480
2006,30500
2006,30520
2006,30540
2006,30560
2006,30580
2006,30600
2006,30620
2006,30640
2006,30660
2006,30680
2006,30700
2006,30720
2006,30740
2006,30760
2006,30780
2006,30800
2006,30820
2006,30840
2016,29980
2016,30000
2016,30020
2016,30040
2016,30060
2016,30080
2016,30100
2016,30120
2016,30140
2016,30160
2016,30180
2016,30200
2016,30220
2016,30240
2016,30260
2016,30280
2016,30300
2016,30320
2016,30340
2016,30360
2016,30380
2016,30400
2016,30420
2016,30440
2016,30460
2016,30480
2016,30500
2016,30520
2016,30540
2016,30560
2016,30580
2016,30600
2016,30620
2016,30640
2016,30660
2016,30680
2016,30700
2016,30720
2016,30740
2016,30760
2016,30780
2016,30800
2016,30820
2016,30840
2026,29980
2026,30000
2026,30020
2026,30040
2026,30060
2026,30080
2026,30100
2026,30120
2026,30140
2026,30160
2026,30180
2026,30200
2026,30220
2026,30240
2026,30260
2026,30280
2026,30300
2026,30320
2026,30340
2026,30360
2026,30380
2026,30400
2026,30420
2026,30440
2026,30460
2026,30480
2026,30500
2026,30520
2026,30540
2026,30560
2026,30580
2026,30600
2026,30620
2026,30640
2026,30660
2026,30680
2026,30700
2026,30720
2026,30740
2026,30760
2026,30780
2026,30800
2026,30820
2026,30840
2036,29980
2036,30000
2036,30020
2036,30040
2036,30060
2036,30080
2036,30100
2036,30120
2036,30140
2036,30160
2036,30180
2036,30200
2036,30220
2036,30240
2036,30260
2036,30280
2036,30300
2036,30320
2036,30340
2036,30360
2036,30380
2036,30400
2036,30420
2036,30440
2036,30460
2036,30480
2036,30500
2036,30520
2036,30540
2036,30560
2036,30580
2036,30600
2036,30620
2036,30640
2036,30660
2036,30680
2036,30700
2036,30720
2036,30740
2036,30760
2036,30780
2036,30800
2036,30820
2036,30840
2046,29980
2046,30000
2046,30020
2046,30040
2046,30060
2046,30080
2046,30100
2046,30120
2046,30140
2046,30160
2046,30180
2046,30200
2046,30220
2046,30240
2046,30260
2046,30280
2046,30300
2046,30320
2046,30340
2046,30360
2046,30380
2046,30400
2046,30420
2046,30440
2046,30460
2046,30480
2046,30500
2046,30520
2046,30540
2046,30560
2046,30580
2046,30600
2046,30620
2046,30640
2046,30660
2046,30680
2046,30700
2046,30720
2046,30740
2046,30760
2046,30780
2046,30800
2046,30820
2046,30840
2056,29980
2056,30000
2056,30020
2056,30040
2056,30060
2056,30080
2056,30100
2056,30120
2056,30140
2056,30160
2056,30180
2056,30200
2056,30220
2056,30240
2056,30260
2056,30280
2056,30300
2056,30320
2056,30340
2056,30360
2056,30380
2056,30400
2056,30420
2056,30440
2056,30460
2056,30480
2056,30500
2056,30520
2056,30540
2056,30560
2056,30580
2056,30600
2056,30620
2056,30640
2056,30660
2056,30680
2056,30700
2056,30720
2056,30740
2056,30760
2056,30780
2056,30800
2056,30820
2056,30840
2066,29980
2066,30000
2066,30020
2066,30040
2066,30060
2066,30080
2066,30100
2066,30120
2066,30140
2066,30160
2066,30180
2066,30200
2066,30220
2066,30240
2066,30260
2066,30280
2066,30300
2066,30320
2066,30340
2066,30360
2066,30380
2066,30400
2066,30420
2066,30440
2066,30460
2066,30480
2066,30500
2066,30520
2066,30540
2066,30560
2066,30580
2066,30600
2066,30620
2066,30640
2066,30660
2066,30680
2066,30700
2066,30720
2066,30740
2066,30760
2066,30780
2066,30800
2066,30820
2066,30840
2076,29980
2076,30000
2076,30020
2076,30040
2076,30060
2076,30080
2076,30100
2076,30120
2076,30140
2076,30160
2076,30180
2076,30200
2076,30220
2076,30240
2076,30260
2076,30280
2076,30300
2076,30320
2076,30340
2076,30360
2076,30380
2076,30400
2076,30420
2076,30440
2076,30460
2076,30480
2076,30500
2076,30520
2076,30540
2076,30560
2076,30580
2076,30600
2076,30620
2076,30640
2076,30660
2076,30680
2076,30700
2076,30720
2076,30740
2076,30760
2076,30780
2076,30800
2076,30820
2076,30840
2086,29980
2086,30000
2086,30020
2086,30040
2086,30060
2086,30080
2086,30100
2086,30120
2086,30140
2086,30160
2086,30180
2086,30200
2086,30220
2086,30240
2086,30260
2086,30280
2086,30300
2086,30320
2086,30340
2086,30360
2086,30380
2086,30400
2086,30420
2086,30440
2086,30460
2086,30480
2086,30500
2086,30520
2086,30540
2086,30560
2086,30580
2086,30600
2086,30620
2086,30640
2086,30660
2086,30680
2086,30700
2086,30720
2086,30740
2086,30760
2086,30780
2086,30800
2086,30820
2086,30840
2096,29980
2096,30000
2096,30020
2096,30040
2096,30060
2096,30080
2096,30100
2096,30120
2096,30140
2096,30160
2096,30180
2096,30200
2096,30220
2096,30240
2096,30260
2096,30280
2096,30300
2096,30320
2096,30340
2096,30360
2096,30380
2096,30400
2096,30420
2096,30440
2096,30460
2096,30480
2096,30500
2096,30520
2096,30540
2096,30560
2096,30580
2096,30600
2096,30620
2096,30640
2096,30660
2096,30680
2096,30700
2096,30720
2096,30740
2096,30760
2096,30780
2096,30800
2096,30820
2096,30840
2106,29980
2106,30000
2106,30020
2106,30040
2106,30060
2106,30080
2106,30100
2106,30120
2106,30140
2106,30160
2106,30180
2106,30200
2106,30220
2106,30240
2106,30260
2106,30280
2106,30300
2106,30320
2106,30340
2106,30360
2106,30380
2106,30400
2106,30420
2106,30440
2106,30460
2106,30480
2106,30500
2106,30520
2106,30540
2106,30560
2106,30580
2106,30600
2106,30620
2106,30640
2106,30660
2106,30680
2106,30700
2106,30720
2106,30740
2106,30760
2106,30780
2106,30800
2106,30820
2106,30840
2116,29980
2116,30000
2116,30020
2116,30040
2116,30060
2116,30080
2116,30100
2116,30120
2116,30140
2116,30160
2116,30180
2116,30200
2116,30220
2116,30240
2116,30260
2116,30280
2116,30300
2116,30320
2116,30340
2116,30360
2116,30380
2116,30400
2116,30420
2116,30440
2116,30460
2116,30480
2116,30500
2116,30520
2116,30540
2116,30560
2116,30580
2116,30600
2116,30620
2116,30640
2116,30660
2116,30680
2116,30700
2116,30720
2116,30740
2116,30760
2116,30780
2116,30800
2116,30820
2116,30840
2126,29980
2126,30000
2126,30020
2126,30040
2126,30060
2126,30080
2126,30100
2126,30120
2126,30140
2126,30160
2126,30180
2126,30200
2126,30220
2126,30240
2126,30260
2126,30280
2126,30300
2126,30320
2126,30340
2126,30360
2126,30380
2126,30400
2126,30420
2126,30440
2126,30460
2126,30480
2126,30500
2126,30520
2126,30540
2126,30560
2126,30580
2126,30600
2126,30620
2126,30640
2126,30660
2126,30680
2126,30700
2126,30720
2126,30740
2126,30760
2126,30780
2126,30800
2126,30820
2126,30840
2136,29980
2136,30000
2136,30020
2136,30040
2136,30060
2136,30080
2136,30100
2136,30120
2136,30140
2136,30160
2136,30180
2136,30200
2136,30220
2136,30240
2136,30260
2136,30280
2136,30300
2136,30320
2136,30340
2136,30360
2136,30380
2136,30400
2136,30420
2136,30440
2136,30460
2136,30480
2136,30500
2136,30520
2136,30540
2136,30560
2136,30580
2136,30600
2136,30620
2136,30640
2136,30660
2136,30680
2136,30700
2136,30720
2136,30740
2136,30760
2136,30780
2136,30800
2136,30820
2136,30840
2146,29980
2146,30000
2146,30020
2146,30040
2146,30060
2146,30080
2146,30100
2146,30120
2146,30140
2146,30160
2146,30180
2146,30200
2146,30220
2146,30240
2146,30260
2146,30280
2146,30300
2146,30320
2146,30340
2146,30360
2146,30380
2146,30400
2146,30420
2146,30440
2146,30460
2146,30480
2146,30500
2146,30520
2146,30540
2146,30560
2146,30580
2146,30600
2146,30620
2146,30640
2146,30660
2146,30680
2146,30700
2146,30720
2146,30740
2146,30760
2146,30780
2146,30800
2146,30820
2146,30840
2156,29980
2156,30000
2156,30020
2156,30040
2156,30060
2156,30080
2156,30100
2156,30120
2156,30140
2156,30160
2156,30180
2156,30200
2156,30220
2156,30240
2156,30260
2156,30280
2156,30300
2156,30320
2156,30340
2156,30360
2156,30380
2156,30400
2156,30420
2156,30440
2156,30460
2156,30480
2156,30500
2156,30520
2156,30540
2156,30560
2156,30580
2156,30600
2156,30620
2156,30640
2156,30660
2156,30680
2156,30700
2156,30720
2156,30740
2156,30760
2156,30780
2156,30800
2156,30820
2156,30840
2166,29980
2166,30000
2166,30020
2166,30040
2166,30060
2166,30080
2166,30100
2166,30120
2166,30140
2166,30160
2166,30180
2166,30200
2166,30220
2166,30240
2166,30260
2166,30280
2166,30300
2166,30320
2166,30340
2166,30360
2166,30380
2166,30400
2166,30420
2166,30440
2166,30460
2166,30480
2166,30500
2166,30520
2166,30540
2166,30560
2166,30580
2166,30600
2166,30620
2166,30640
2166,30660
2166,30680
2166,30700
2166,30720
2166,30740
2166,30760
2166,30780
2166,30800
2166,30820
2166,30840
2176,29980
2176,30000
2176,30020
2176,30040
2176,30060
2176,30080
2176,30100
2176,30120
2176,30140
2176,30160
2176,30180
2176,30200
2176,30220
2176,30240
2176,30260
2176,30280
2176,30300
2176,30320
2176,30340
2176,30360
2176,30380
2176,30400
2176,30420
2176,30440
2176,30460
2176,30480
2176,30500
2176,30520
2176,30540
2176,30560
2176,30580
2176,30600
2176,30620
2176,30640
2176,30660
2176,30680
2176,30700
2176,30720
2176,30740
2176,30760
2176,30780
2176,30800
2176,30820
2176,30840
2186,29980
2186,30000
2186,30020
2186,30040
2186,30060
2186,30080
2186,30100
2186,30120
2186,30140
2186,30160
2186,30180
2186,30200
2186,30220
2186,30240
2186,30260
2186,30280
2186,30300
2186,30320
2186,30340
2186,30360
2186,30380
2186,30400
2186,30420
2186,30440
2186,30460
2186,30480
2186,30500
2186,30520
2186,30540
2186,30560
2186,30580
2186,30600
2186,30620
2186,30640
2186,30660
2186,30680
2186,30700
2186,30720
2186,30740
2186,30760
2186,30780
2186,30800
2186,30820
2186,30840
2196,29980
2196,30000
2196,30020
2196,30040
2196,30060
2196,30080
2196,30100
2196,30120
2196,30140
2196,30160
2196,30180
2196,30200
2196,30220
2196,30240
2196,30260
2196,30280
2196,30300
2196,30320
2196,30340
2196,30360
2196,30380
2196,30400
2196,30420
2196,30440
2196,30460
2196,30480
2196,30500
2196,30520
2196,30540
2196,30560
2196,30580
2196,30600
2196,30620
2196,30640
2196,30660
2196,30680
2196,30700
2196,30720
2196,30740
2196,30760
2196,30780
2196,30800
2196,30820
2196,30840
2206,29980
2206,30000
2206,30020
2206,30040
2206,30060
2206,30080
2206,30100
2206,30120
2206,30140
2206,30160
2206,30180
2206,30200
2206,30220
2206,30240
2206,30260
2206,30280
2206,30300
2206,30320
2206,30340
2206,30360
2206,30380
2206,30400
2206,30420
2206,30440
2206,30460
2206,30480
2206,30500
2206,30520
2206,30540
2206,30560
2206,30580
2206,30600
2206,30620
2206,30640
2206,30660
2206,30680
2206,30700
2206,30720
2206,30740
2206,30760
2206,30780
2206,30800
2206,30820
2206,30840
2216,29980
2216,30000
2216,30020
2216,30040
2216,30060
2216,30080
2216,30100
2216,30120
2216,30140
2216,30160
2216,30180
2216,30200
2216,30220
2216,30240
2216,30260
2216,30280
2216,30300
2216,30320
2216,30340
2216,30360
2216,30380
2216,30400
2216,30420
2216,30440
2216,30460
2216,30480
2216,30500
2216,30520
2216,30540
2216,30560
2216,30580
2216,30600
2216,30620
2216,30640
2216,30660
2216,30680
2216,30700
2216,30720
2216,30740
2216,30760
2216,30780
2216,30800
2216,30820
2216,30840
2226,29980
2226,30000
2226,30020
2226,30040
2226,30060
2226,30080
2226,30100
2226,30120
2226,30140
2226,30160
2226,30180
2226,30200
2226,30220
2226,30240
2226,30260
2226,30280
2226,30300
2226,30320
2226,30340
2226,30360
2226,30380
2226,30400
2226,30420
2226,30440
2226,30460
2226,30480
2226,30500
2226,30520
2226,30540
2226,30560
2226,30580
2226,30600
2226,30620
2226,30640
2226,30660
2226,30680
2226,30700
2226,30720
2226,30740
2226,30760
2226,30780
2226,30800
2226,30820
2226,30840
2236,29980
2236,30000
2236,30020
2236,30040
2236,30060
2236,30080
2236,30100
2236,30120
2236,30140
2236,30160
2236,30180
2236,30200
2236,30220
2236,30240
2236,30260
2236,30280
2236,30300
2236,30320
2236,30340
2236,30360
2236,30380
2236,30400
2236,30420
2236,30440
2236,30460
2236,30480
2236,30500
2236,30520
2236,30540
2236,30560
2236,30580
2236,30600
2236,30620
2236,30640
2236,30660
2236,30680
2236,30700
2236,30720
2236,30740
2236,30760
2236,30780
2236,30800
2236,30820
2236,30840
2246,29980
2246,30000
2246,30020
2246,30040
2246,30060
2246,30080
2246,30100
2246,30120
2246,30140
2246,30160
2246,30180
2246,30200
2246,30220
2246,30240
2246,30260
2246,30280
2246,30300
2246,30320
2246,30340
2246,30360
2246,30380
2246,30400
2246,30420
2246,30440
2246,30460
2246,30480
2246,30500
2246,30520
2246,30540
2246,30560
2246,30580
2246,30600
2246,30620
2246,30640
2246,30660
2246,30680
2246,30700
2246,30720
2246,30740
2246,30760
2246,30780
2246,30800
2246,30820
2246,30840
2256,29980
2256,30000
2256,30020
2256,30040
2256,30060
2256,30080
2256,30100
2256,30120
2256,30140
2256,30160
2256,30180
2256,30200
2256,30220
2256,30240
2256,30260
2256,30280
2256,30300
2256,30320
2256,30340
2256,30360
2256,30380
2256,30400
2256,30420
2256,30440
2256,30460
2256,30480
2256,30500
2256,30520
2256,30540
2256,30560
2256,30580
2256,30600
2256,30620
2256,30640
2256,30660
2256,30680
2256,30700
2256,30720
2256,30740
2256,30760
2256,30780
2256,30800
2256,30820
2256,30840
2266,29980
2266,30000
2266,30020
2266,30040
2266,30060
2266,30080
2266,30100
2266,30120
2266,30140
2266,30160
2266,30180
2266,30200
2266,30220
2266,30240
2266,30260
2266,30280
2266,30300
2266,30320
2266,30340
2266,30360
2266,30380
2266,30400
2266,30420
2266,30440
2266,30460
2266,30480
2266,30500
2266,30520
2266,30540
2266,30560
2266,30580
2266,30600
2266,30620
2266,30640
2266,30660
2266,30680
2266,30700
2266,30720
2266,30740
2266,30760
2266,30780
2266,30800
2266,30820
2266,30840
2276,29980
2276,30000
2276,30020
2276,30040
2276,30060
2276,30080
2276,30100
2276,30120
2276,30140
2276,30160
2276,30180
2276,30200
2276,30220
2276,30240
2276,30260
2276,30280
2276,30300
2276,30320
2276,30340
2276,30360
2276,30380
2276,30400
2276,30420
2276,30440
2276,30460
2276,30480
2276,30500
2276,30520
2276,30540
2276,30560
2276,30580
2276,30600
2276,30620
2276,30640
2276,30660
2276,30680
2276,30700
2276,30720
2276,30740
2276,30760
2276,30780
2276,30800
2276,30820
2276,30840
2286,29980
2286,30000
2286,30020
2286,30040
2286,30060
2286,30080
2286,30100
2286,30120
2286,30140
2286,30160
2286,30180
2286,30200
2286,30220
2286,30240
2286,30260
2286,30280
2286,30300
2286,30320
2286,30340
2286,30360
2286,30380
2286,30400
2286,30420
2286,30440
2286,30460
2286,30480
2286,30500
2286,30520
2286,30540
2286,30560
2286,30580
2286,30600
2286,30620
2286,30640
2286,30660
2286,30680
2286,30700
2286,30720
2286,30740
2286,30760
2286,30780
2286,30800
2286,30820
2286,30840
2296,29980
2296,30000
2296,30020
2296,30040
2296,30060
2296,30080
2296,30100
2296,30120
2296,30140
2296,30160
2296,30180
2296,30200
2296,30220
2296,30240
2296,30260
2296,30280
2296,30300
2296,30320
2296,30340
2296,30360
2296,30380
2296,30400
2296,30420
2296,30440
2296,30460
2296,30480
2296,30500
2296,30520
2296,30540
2296,30560
2296,30580
2296,30600
2296,30620
2296,30640
2296,30660
2296,30680
2296,30700
2296,30720
2296,30740
2296,30760
2296,30780
2296,30800
2296,30820
2296,30840
2306,29980
2306,30000
2306,30020
2306,30040
2306,30060
2306,30080
2306,30100
2306,30120
2306,30140
2306,30160
2306,30180
2306,30200
2306,30220
2306,30240
2306,30260
2306,30280
2306,30300
2306,30320
2306,30340
2306,30360
2306,30380
2306,30400
2306,30420
2306,30440
2306,30460
2306,30480
2306,30500
2306,30520
2306,30540
2306,30560
2306,30580
2306,30600
2306,30620
2306,30640
2306,30660
2306,30680
2306,30700
2306,30720
2306,30740
2306,30760
2306,30780
2306,30800
2306,30820
2306,30840
2316,29980
2316,30000
2316,30020
2316,30040
2316,30060
2316,30080
2316,30100
2316,30120
2316,30140
2316,30160
2316,30180
2316,30200
2316,30220
2316,30240
2316,30260
2316,30280
2316,30300
2316,30320
2316,30340
2316,30360
2316,30380
2316,30400
2316,30420
2316,30440
2316,30460
2316,30480
2316,30500
2316,30520
2316,30540
2316,30560
2316,30580
2316,30600
2316,30620
2316,30640
2316,30660
2316,30680
2316,30700
2316,30720
2316,30740
2316,30760
2316,30780
2316,30800
2316,30820
2316,30840
2326,29980
2326,30000
2326,30020
2326,30040
2326,30060
2326,30080
2326,30100
2326,30120
2326,30140
2326,30160
2326,30180
2326,30200
2326,30220
2326,30240
2326,30260
2326,30280
2326,30300
2326,30320
2326,30340
2326,30360
2326,30380
2326,30400
2326,30420
2326,30440
2326,30460
2326,30480
2326,30500
2326,30520
2326,30540
2326,30560
2326,30580
2326,30600
2326,30620
2326,30640
2326,30660
2326,30680
2326,30700
2326,30720
2326,30740
2326,30760
2326,30780
2326,30800
2326,30820
2326,30840
2336,29980
2336,30000
2336,30020
2336,30040
2336,30060
2336,30080
2336,30100
2336,30120
2336,30140
2336,30160
2336,30180
2336,30200
2336,30220
2336,30240
2336,30260
2336,30280
2336,30300
2336,30320
2336,30340
2336,30360
2336,30380
2336,30400
2336,30420
2336,30440
2336,30460
2336,30480
2336,30500
2336,30520
2336,30540
2336,30560
2336,30580
2336,30600
2336,30620
2336,30640
2336,30660
2336,30680
2336,30700
2336,30720
2336,30740
2336,30760
2336,30780
2336,30800
2336,30820
2336,30840
2346,29980
2346,30000
2346,30020
2346,30040
2346,30060
2346,30080
2346,30100
2346,30120
2346,30140
2346,30160
2346,30180
2346,30200
2346,30220
2346,30240
2346,30260
2346,30280
2346,30300
2346,30320
2346,30340
2346,30360
2346,30380
2346,30400
2346,30420
2346,30440
2346,30460
2346,30480
2346,30500
2346,30520
2346,30540
2346,30560
2346,30580
2346,30600
2346,30620
2346,30640
2346,30660
2346,30680
2346,30700
2346,30720
2346,30740
2346,30760
2346,30780
2346,30800
2346,30820
2346,30840
2356,29980
2356,30000
2356,30020
2356,30040
2356,30060
2356,30080
2356,30100
2356,30120
2356,30140
2356,30160
2356,30180
2356,30200
2356,30220
2356,30240
2356,30260
2356,30280
2356,30300
2356,30320
2356,30340
2356,30360
2356,30380
2356,30400
2356,30420
2356,30440
2356,30460
2356,30480
2356,30500
2356,30520
2356,30540
2356,30560
2356,30580
2356,30600
2356,30620
2356,30640
2356,30660
2356,30680
2356,30700
2356,30720
2356,30740
2356,30760
2356,30780
2356,30800
2356,30820
2356,30840
2366,29980
2366,30000
2366,30020
2366,30040
2366,30060
2366,30080
2366,30100
2366,30120
2366,30140
2366,30160
2366,30180
2366,30200
2366,30220
2366,30240
2366,30260
2366,30280
2366,30300
2366,30320
2366,30340
2366,30360
2366,30380
2366,30400
2366,30420
2366,30440
2366,30460
2366,30480
2366,30500
2366,30520
2366,30540
2366,30560
2366,30580
2366,30600
2366,30620
2366,30640
2366,30660
2366,30680
2366,30700
2366,30720
2366,30740
2366,30760
2366,30780
2366,30800
2366,30820
2366,30840
2376,29980
2376,30000
2376,30020
2376,30040
2376,30060
2376,30080
2376,30100
2376,30120
2376,30140
2376,30160
2376,30180
2376,30200
2376,30220
2376,30240
2376,30260
2376,30280
2376,30300
2376,30320
2376,30340
2376,30360
2376,30380
2376,30400
2376,30420
2376,30440
2376,30460
2376,30480
2376,30500
2376,30520
2376,30540
2376,30560
2376,30580
2376,30600
2376,30620
2376,30640
2376,30660
2376,30680
2376,30700
2376,30720
2376,30740
2376,30760
2376,30780
2376,30800
2376,30820
2376,30840
2386,29980
2386,30000
2386,30020
2386,30040
2386,30060
2386,30080
2386,30100
2386,30120
2386,30140
2386,30160
2386,30180
2386,30200
2386,30220
2386,30240
2386,30260
2386,30280
2386,30300
2386,30320
2386,30340
2386,30360
2386,30380
2386,30400
2386,30420
2386,30440
2386,30460
2386,30480
2386,30500
2386,30520
2386,30540
2386,30560
2386,30580
2386,30600
2386,30620
2386,30640
2386,30660
2386,30680
2386,30700
2386,30720
2386,30740
2386,30760
2386,30780
2386,30800
2386,30820
2386,30840
2396,29980
2396,30000
2396,30020
2396,30040
2396,30060
2396,30080
2396,30100
2396,30120
2396,30140
2396,30160
2396,30180
2396,30200
2396,30220
2396,30240
2396,30260
2396,30280
2396,30300
2396,30320
2396,30340
2396,30360
2396,30380
2396,30400
2396,30420
2396,30440
2396,30460
2396,30480
2396,30500
2396,30520
2396,30540
2396,30560
2396,30580
2396,30600
2396,30620
2396,30640
2396,30660
2396,30680
2396,30700
2396,30720
2396,30740
2396,30760
2396,30780
2396,30800
2396,30820
2396,30840
2406,29980
2406,30000
2406,30020
2406,30040
2406,30060
2406,30080
2406,30100
2406,30120
2406,30140
2406,30160
2406,30180
2406,30200
2406,30220
2406,30240
2406,30260
2406,30280
2406,30300
2406,30320
2406,30340
2406,30360
2406,30380
2406,30400
2406,30420
2406,30440
2406,30460
2406,30480
2406,30500
2406,30520
2406,30540
2406,30560
2406,30580
2406,30600
2406,30620
2406,30640
2406,30660
2406,30680
2406,30700
2406,30720
2406,30740
2406,30760
2406,30780
2406,30800
2406,30820
2406,30840
2416,29980
2416,30000
2416,30020
2416,30040
2416,30060
2416,30080
2416,30100
2416,30120
2416,30140
2416,30160
2416,30180
2416,30200
2416,30220
2416,30240
2416,30260
2416,30280
2416,30300
2416,30320
2416,30340
2416,30360
2416,30380
2416,30400
2416,30420
2416,30440
2416,30460
2416,30480
2416,30500
2416,30520
2416,30540
2416,30560
2416,30580
2416,30600
2416,30620
2416,30640
2416,30660
2416,30680
2416,30700
2416,30720
2416,30740
2416,30760
2416,30780
2416,30800
2416,30820
2416,30840
2426,29980
2426,30000
2426,30020
2426,30040
2426,30060
2426,30080
2426,30100
2426,30120
2426,30140
2426,30160
2426,30180
2426,30200
2426,30220
2426,30240
2426,30260
2426,30280
2426,30300
2426,30320
2426,30340
2426,30360
2426,30380
2426,30400
2426,30420
2426,30440
2426,30460
2426,30480
2426,30500
2426,30520
2426,30540
2426,30560
2426,30580
2426,30600
2426,30620
2426,30640
2426,30660
2426,30680
2426,30700
2426,30720
2426,30740
2426,30760
2426,30780
2426,30800
2426,30820
2426,30840
2436,29980
2436,30000
2436,30020
2436,30040
2436,30060
2436,30080
2436,30100
2436,30120
2436,30140
2436,30160
2436,30180
2436,30200
2436,30220
2436,30240
2436,30260
2436,30280
2436,30300
2436,30320
2436,30340
2436,30360
2436,30380
2436,30400
2436,30420
2436,30440
2436,30460
2436,30480
2436,30500
2436,30520
2436,30540
2436,30560
2436,30580
2436,30600
2436,30620
2436,30640
2436,30660
2436,30680
2436,30700
2436,30720
2436,30740
2436,30760
2436,30780
2436,30800
2436,30820
2436,30840
2446,29980
2446,30000
2446,30020
2446,30040
2446,30060
2446,30080
2446,30100
2446,30120
2446,30140
2446,30160
2446,30180
2446,30200
2446,30220
2446,30240
2446,30260
2446,30280
2446,30300
2446,30320
2446,30340
2446,30360
2446,30380
2446,30400
2446,30420
2446,30440
2446,30460
2446,30480
2446,30500
2446,30520
2446,30540
2446,30560
2446,30580
2446,30600
2446,30620
2446,30640
2446,30660
2446,30680
2446,30700
2446,30720
2446,30740
2446,30760
2446,30780
2446,30800
2446,30820
2446,30840
3773,17246
3773,17266
3773,17286
3773,17306
3773,17326
3773,17346
3773,17366
3773,17386
3773,17406
3773,17426
3773,17446
3773,17466
3773,17486
3773,17506
3773,17526
3773,17546
3773,17566
3773,17586
3773,17606
3773,17626
3773,17646
3773,17666
3773,17686
3773,17706
3773,17726
3773,17746
3773,17766
3773,17786
3773,17806
3773,17826
3773,17846
3773,17866
3773,17886
3773,17906
3773,17926
3773,17946
3773,17966
3773,17986
3773,18006
3773,18026
3773,18046
3773,18066
3773,18086
3773,18106
3773,18126
3773,18146
3773,18166
3773,18186
3773,18206
3773,18226
3783,17246
3783,17266
3783,17286
3783,17306
3783,17326
3783,17346
3783,17366
3783,17386
3783,17406
3783,17426
3783,17446
3783,17466
3783,17486
3783,17506
3783,17526
3783,17546
3783,17566
3783,17586
3783,17606
3783,17626
3783,17646
3783,17666
3783,17686
3783,17706
3783,17726
3783,17746
3783,17766
3783,17786
3783,17806
3783,17826
3783,17846
3783,17866
3783,17886
3783,17906
3783,17926
3783,17946
3783,17966
3783,17986
3783,18006
3783,18026
3783,18046
3783,18066
3783,18086
3783,18106
3783,18126
3783,18146
3783,18166
3783,18186
3783,18206
3783,18226
3793,17246
3793,17266
3793,17286
3793,17306
3793,17326
3793,17346
3793,17366
3793,17386
3793,17406
3793,17426
3793,17446
3793,17466
3793,17486
3793,17506
3793,17526
3793,17546
3793,17566
3793,17586
3793,17606
3793,17626
3793,17646
3793,17666
3793,17686
3793,17706
3793,17726
3793,17746
3793,17766
3793,17786
3793,17806
3793,17826
3793,17846
3793,17866
3793,17886
3793,17906
3793,17926
3793,17946
3793,17966
3793,17986
3793,18006
3793,18026
3793,18046
3793,18066
3793,18086
3793,18106
3793,18126
3793,18146
3793,18166
3793,18186
3793,18206
3793,18226
3803,17246
3803,17266
3803,17286
3803,17306
3803,17326
3803,17346
3803,17366
3803,17386
3803,17406
3803,17426
3803,17446
3803,17466
3803,17486
3803,17506
3803,17526
3803,17546
3803,17566
3803,17586
3803,17606
3803,17626
3803,17646
3803,17666
3803,17686
3803,17706
3803,17726
3803,17746
3803,17766
3803,17786
3803,17806
3803,17826
3803,17846
3803,17866
3803,17886
3803,17906
3803,17926
3803,17946
3803,17966
3803,17986
3803,18006
3803,18026
3803,18046
3803,18066
3803,18086
3803,18106
3803,18126
3803,18146
3803,18166
3803,18186
3803,18206
3803,18226
3813,17246
3813,17266
3813,17286
3813,17306
3813,17326
3813,17346
3813,17366
3813,17386
3813,17406
3813,17426
3813,17446
3813,17466
3813,17486
3813,17506
3813,17526
3813,17546
3813,17566
3813,17586
3813,17606
3813,17626
3813,17646
3813,17666
3813,17686
3813,17706
3813,17726
3813,17746
3813,17766
3813,17786
3813,17806
3813,17826
3813,17846
3813,17866
3813,17886
3813,17906
3813,17926
3813,17946
3813,17966
3813,17986
3813,18006
3813,18026
3813,18046
3813,18066
3813,18086
3813,18106
3813,18126
3813,18146
3813,18166
3813,18186
3813,18206
3813,18226
3823,17246
3823,17266
3823,17286
3823,17306
3823,17326
3823,17346
3823,17366
3823,17386
3823,17406
3823,17426
3823,17446
3823,17466
3823,17486
3823,17506
3823,17526
3823,17546
3823,17566
3823,17586
3823,17606
3823,17626
3823,17646
3823,17666
3823,17686
3823,17706
3823,17726
3823,17746
3823,17766
3823,17786
3823,17806
3823,17826
3823,17846
3823,17866
3823,17886
3823,17906
3823,17926
3823,17946
3823,17966
3823,17986
3823,18006
3823,18026
3823,18046
3823,18066
3823,18086
3823,18106
3823,18126
3823,18146
3823,18166
3823,18186
3823,18206
3823,18226
3833,17246
3833,17266
3833,17286
3833,17306
3833,17326
3833,17346
3833,17366
3833,17386
3833,17406
3833,17426
3833,17446
3833,17466
3833,17486
3833,17506
3833,17526
3833,17546
3833,17566
3833,17586
3833,17606
3833,17626
3833,17646
3833,17666
3833,17686
3833,17706
3833,17726
3833,17746
3833,17766
3833,17786
3833,17806
3833,17826
3833,17846
3833,17866
3833,17886
3833,17906
3833,17926
3833,17946
3833,17966
3833,17986
3833,18006
3833,18026
3833,18046
3833,18066
3833,18086
3833,18106
3833,18126
3833,18146
3833,18166
3833,18186
3833,18206
3833,18226
3843,17246
3843,17266
3843,17286
3843,17306
3843,17326
3843,17346
3843,17366
3843,17386
3843,17406
3843,17426
3843,17446
3843,17466
3843,17486
3843,17506
3843,17526
3843,17546
3843,17566
3843,17586
3843,17606
3843,17626
3843,17646
3843,17666
3843,17686
3843,17706
3843,17726
3843,17746
3843,17766
3843,17786
3843,17806
3843,17826
3843,17846
3843,17866
3843,17886
3843,17906
3843,17926
3843,17946
3843,17966
3843,17986
3843,18006
3843,18026
3843,18046
3843,18066
3843,18086
3843,18106
3843,18126
3843,18146
3843,18166
3843,18186
3843,18206
3843,18226
3853,17246
3853,17266
3853,17286
3853,17306
3853,17326
3853,17346
3853,17366
3853,17386
3853,17406
3853,17426
3853,17446
3853,17466
3853,17486
3853,17506
3853,17526
3853,17546
3853,17566
3853,17586
3853,17606
3853,17626
3853,17646
3853,17666
3853,17686
3853,17706
3853,17726
3853,17746
3853,17766
3853,17786
3853,17806
3853,17826
3853,17846
3853,17866
3853,17886
3853,17906
3853,17926
3853,17946
3853,17966
3853,17986
3853,18006
3853,18026
3853,18046
3853,18066
3853,18086
3853,18106
3853,18126
3853,18146
3853,18166
3853,18186
3853,18206
3853,18226
3863,17246
3863,17266
3863,17286
3863,17306
3863,17326
3863,17346
3863,17366
3863,17386
3863,17406
3863,17426
3863,17446
3863,17466
3863,17486
3863,17506
3863,17526
3863,17546
3863,17566
3863,17586
3863,17606
3863,17626
3863,17646
3863,17666
3863,17686
3863,17706
3863,17726
3863,17746
3863,17766
3863,17786
3863,17806
3863,17826
3863,17846
3863,17866
3863,17886
3863,17906
3863,17926
3863,17946
3863,17966
3863,17986
3863,18006
3863,18026
3863,18046
3863,18066
3863,18086
3863,18106
3863,18126
3863,18146
3863,18166
3863,18186
3863,18206
3863,18226
3873,17246
3873,17266
3873,17286
3873,17306
3873,17326
3873,17346
3873,17366
3873,17386
3873,17406
3873,17426
3873,17446
3873,17466
3873,17486
3873,17506
3873,17526
3873,17546
3873,17566
3873,17586
3873,17606
3873,17626
3873,17646
3873,17666
3873,17686
3873,17706
3873,17726
3873,17746
3873,17766
3873,17786
3873,17806
3873,17826
3873,17846
3873,17866
3873,17886
3873,17906
3873,17926
3873,17946
3873,17966
3873,17986
3873,18006
3873,18026
3873,18046
3873,18066
3873,18086
3873,18106
3873,18126
3873,18146
3873,18166
3873,18186
3873,18206
3873,18226
3883,17246
3883,17266
3883,17286
3883,17306
3883,17326
3883,17346
3883,17366
3883,17386
3883,17406
3883,17426
3883,17446
3883,17466
3883,17486
3883,17506
3883,17526
3883,17546
3883,17566
3883,17586
3883,17606
3883,17626
3883,17646
3883,17666
3883,17686
3883,17706
3883,17726
3883,17746
3883,17766
3883,17786
3883,17806
3883,17826
3883,17846
3883,17866
3883,17886
3883,17906
3883,17926
3883,17946
3883,17966
3883,17986
3883,18006
3883,18026
3883,18046
3883,18066
3883,18086
3883,18106
3883,18126
3883,18146
3883,18166
3883,18186
3883,18206
3883,18226
3893,17246
3893,17266
3893,17286
3893,17306
3893,17326
3893,17346
3893,17366
3893,17386
3893,17406
3893,17426
3893,17446
3893,17466
3893,17486
3893,17506
3893,17526
3893,17546
3893,17566
3893,17586
3893,17606
3893,17626
3893,17646
3893,17666
3893,17686
3893,17706
3893,17726
3893,17746
3893,17766
3893,17786
3893,17806
3893,17826
3893,17846
3893,17866
3893,17886
3893,17906
3893,17926
3893,17946
3893,17966
3893,17986
3893,18006
3893,18026
3893,18046
3893,18066
3893,18086
3893,18106
3893,18126
3893,18146
3893,18166
3893,18186
3893,18206
3893,18226
3903,17246
3903,17266
3903,17286
3903,17306
3903,17326
3903,17346
3903,17366
3903,17386
3903,17406
3903,17426
3903,17446
3903,17466
3903,17486
3903,17506
3903,17526
3903,17546
3903,17566
3903,17586
3903,17606
3903,17626
3903,17646
3903,17666
3903,17686
3903,17706
3903,17726
3903,17746
3903,17766
3903,17786
3903,17806
3903,17826
3903,17846
3903,17866
3903,17886
3903,17906
3903,17926
3903,17946
3903,17966
3903,17986
3903,18006
3903,18026
3903,18046
3903,18066
3903,18086
3903,18106
3903,18126
3903,18146
3903,18166
3903,18186
3903,18206
3903,18226
3913,17246
3913,17266
3913,17286
3913,17306
3913,17326
3913,17346
3913,17366
3913,17386
3913,17406
3913,17426
3913,17446
3913,17466
3913,17486
3913,17506
3913,17526
3913,17546
3913,17566
3913,17586
3913,17606
3913,17626
3913,17646
3913,17666
3913,17686
3913,17706
3913,17726
3913,17746
3913,17766
3913,17786
3913,17806
3913,17826
3913,17846
3913,17866
3913,17886
3913,17906
3913,17926
3913,17946
3913,17966
3913,17986
3913,18006
3913,18026
3913,18046
3913,18066
3913,18086
3913,18106
3913,18126
3913,18146
3913,18166
3913,18186
3913,18206
3913,18226
3923,17246
3923,17266
3923,17286
3923,17306
3923,17326
3923,17346
3923,17366
3923,17386
3923,17406
3923,17426
3923,17446
3923,17466
3923,17486
3923,17506
3923,17526
3923,17546
3923,17566
3923,17586
3923,17606
3923,17626
3923,17646
3923,17666
3923,17686
3923,17706
3923,17726
3923,17746
3923,17766
3923,17786
3923,17806
3923,17826
3923,17846
3923,17866
3923,17886
3923,17906
3923,17926
3923,17946
3923,17966
3923,17986
3923,18006
3923,18026
3923,18046
3923,18066
3923,18086
3923,18106
3923,18126
3923,18146
3923,18166
3923,18186
3923,18206
3923,18226
3933,17246
3933,17266
3933,17286
3933,17306
3933,17326
3933,17346
3933,17366
3933,17386
3933,17406
3933,17426
3933,17446
3933,17466
3933,17486
3933,17506
3933,17526
3933,17546
3933,17566
3933,17586
3933,17606
3933,17626
3933,17646
3933,17666
3933,17686
3933,17706
3933,17726
3933,17746
3933,17766
3933,17786
3933,17806
3933,17826
3933,17846
3933,17866
3933,17886
3933,17906
3933,17926
3933,17946
3933,17966
3933,17986
3933,18006
3933,18026
3933,18046
3933,18066
3933,18086
3933,18106
3933,18126
3933,18146
3933,18166
3933,18186
3933,18206
3933,18226
3943,17246
3943,17266
3943,17286
3943,17306
3943,17326
3943,17346
3943,17366
3943,17386
3943,17406
3943,17426
3943,17446
3943,17466
3943,17486
3943,17506
3943,17526
3943,17546
3943,17566
3943,17586
3943,17606
3943,17626
3943,17646
3943,17666
3943,17686
3943,17706
3943,17726
3943,17746
3943,17766
3943,17786
3943,17806
3943,17826
3943,17846
3943,17866
3943,17886
3943,17906
3943,17926
3943,17946
3943,17966
3943,17986
3943,18006
3943,18026
3943,18046
3943,18066
3943,18086
3943,18106
3943,18126
3943,18146
3943,18166
3943,18186
3943,18206
3943,18226
3953,17246
3953,17266
3953,17286
3953,17306
3953,17326
3953,17346
3953,17366
3953,17386
3953,17406
3953,17426
3953,17446
3953,17466
3953,17486
3953,17506
3953,17526
3953,17546
3953,17566
3953,17586
3953,17606
3953,17626
3953,17646
3953,17666
3953,17686
3953,17706
3953,17726
3953,17746
3953,17766
3953,17786
3953,17806
3953,17826
3953,17846
3953,17866
3953,17886
3953,17906
3953,17926
3953,17946
3953,17966
3953,17986
3953,18006
3953,18026
3953,18046
3953,18066
3953,18086
3953,18106
3953,18126
3953,18146
3953,18166
3953,18186
3953,18206
3953,18226
3963,17246
3963,17266
3963,17286
3963,17306
3963,17326
3963,17346
3963,17366
3963,17386
3963,17406
3963,17426
3963,17446
3963,17466
3963,17486
3963,17506
3963,17526
3963,17546
3963,17566
3963,17586
3963,17606
3963,17626
3963,17646
3963,17666
3963,17686
3963,17706
3963,17726
3963,17746
3963,17766
3963,17786
3963,17806
3963,17826
3963,17846
3963,17866
3963,17886
3963,17906
3963,17926
3963,17946
3963,17966
3963,17986
3963,18006
3963,18026
3963,18046
3963,18066
3963,18086
3963,18106
3963,18126
3963,18146
3963,18166
3963,18186
3963,18206
3963,18226
3973,17246
3973,17266
3973,17286
3973,17306
3973,17326
3973,17346
3973,17366
3973,17386
3973,17406
3973,17426
3973,17446
3973,17466
3973,17486
3973,17506
3973,17526
3973,17546
3973,17566
3973,17586
3973,17606
3973,17626
3973,17646
3973,17666
3973,17686
3973,17706
3973,17726
3973,17746
3973,17766
3973,17786
3973,17806
3973,17826
3973,17846
3973,17866
3973,17886
3973,17906
3973,17926
3973,17946
3973,17966
3973,17986
3973,18006
3973,18026
3973,18046
3973,18066
3973,18086
3973,18106
3973,18126
3973,18146
3973,18166
3973,18186
3973,18206
3973,18226
3983,17246
3983,17266
3983,17286
3983,17306
3983,17326
3983,17346
3983,17366
3983,17386
3983,17406
3983,17426
3983,17446
3983,17466
3983,17486
3983,17506
3983,17526
3983,17546
3983,17566
3983,17586
3983,17606
3983,17626
3983,17646
3983,17666
3983,17686
3983,17706
3983,17726
3983,17746
3983,17766
3983,17786
3983,17806
3983,17826
3983,17846
3983,17866
3983,17886
3983,17906
3983,17926
3983,17946
3983,17966
3983,17986
3983,18006
3983,18026
3983,18046
3983,18066
3983,18086
3983,18106
3983,18126
3983,18146
3983,18166
3983,18186
3983,18206
3983,18226
3993,17246
3993,17266
3993,17286
3993,17306
3993,17326
3993,17346
3993,17366
3993,17386
3993,17406
3993,17426
3993,17446
3993,17466
3993,17486
3993,17506
3993,17526
3993,17546
3993,17566
3993,17586
3993,17606
3993,17626
3993,17646
3993,17666
3993,17686
3993,17706
3993,17726
3993,17746
3993,17766
3993,17786
3993,17806
3993,17826
3993,17846
3993,17866
3993,17886
3993,17906
3993,17926
3993,17946
3993,17966
3993,17986
3993,18006
3993,18026
3993,18046
3993,18066
3993,18086
3993,18106
3993,18126
3993,18146
3993,18166
3993,18186
3993,18206
3993,18226
4003,17246
4003,17266
4003,17286
4003,17306
4003,17326
4003,17346
4003,17366
4003,17386
4003,17406
4003,17426
4003,17446
4003,17466
4003,17486
4003,17506
4003,17526
4003,17546
4003,17566
4003,17586
4003,17606
4003,17626
4003,17646
4003,17666
4003,17686
4003,17706
4003,17726
4003,17746
4003,17766
4003,17786
4003,17806
4003,17826
4003,17846
4003,17866
4003,17886
4003,17906
4003,17926
4003,17946
4003,17966
4003,17986
4003,18006
4003,18026
4003,18046
4003,18066
4003,18086
4003,18106
4003,18126
4003,18146
4003,18166
4003,18186
4003,18206
4003,18226
4013,17246
4013,17266
4013,17286
4013,17306
4013,17326
4013,17346
4013,17366
4013,17386
4013,17406
4013,17426
4013,17446
4013,17466
4013,17486
4013,17506
4013,17526
4013,17546
4013,17566
4013,17586
4013,17606
4013,17626
4013,17646
4013,17666
4013,17686
4013,17706
4013,17726
4013,17746
4013,17766
4013,17786
4013,17806
4013,17826
4013,17846
4013,17866
4013,17886
4013,17906
4013,17926
4013,17946
4013,17966
4013,17986
4013,18006
4013,18026
4013,18046
4013,18066
4013,18086
4013,18106
4013,18126
4013,18146
4013,18166
4013,18186
4013,18206
4013,18226
4023,17246
4023,17266
4023,17286
4023,17306
4023,17326
4023,17346
4023,17366
4023,17386
4023,17406
4023,17426
4023,17446
4023,17466
4023,17486
4023,17506
4023,17526
4023,17546
4023,17566
4023,17586
4023,17606
4023,17626
4023,17646
4023,17666
4023,17686
4023,17706
4023,17726
4023,17746
4023,17766
4023,17786
4023,17806
4023,17826
4023,17846
4023,17866
4023,17886
4023,17906
4023,17926
4023,17946
4023,17966
4023,17986
4023,18006
4023,18026
4023,18046
4023,18066
4023,18086
4023,18106
4023,18126
4023,18146
4023,18166
4023,18186
4023,18206
4023,18226
4033,17246
4033,17266
4033,17286
4033,17306
4033,17326
4033,17346
4033,17366
4033,17386
4033,17406
4033,17426
4033,17446
4033,17466
4033,17486
4033,17506
4033,17526
4033,17546
4033,17566
4033,17586
4033,17606
4033,17626
4033,17646
4033,17666
4033,17686
4033,17706
4033,17726
4033,17746
4033,17766
4033,17786
4033,17806
4033,17826
4033,17846
4033,17866
4033,17886
4033,17906
4033,17926
4033,17946
4033,17966
4033,17986
4033,18006
4033,18026
4033,18046
4033,18066
4033,18086
4033,18106
4033,18126
4033,18146
4033,18166
4033,18186
4033,18206
4033,18226
4043,17246
4043,17266
4043,17286
4043,17306
4043,17326
4043,17346
4043,17366
4043,17386
4043,17406
4043,17426
4043,17446
4043,17466
4043,17486
4043,17506
4043,17526
4043,17546
4043,17566
4043,17586
4043,17606
4043,17626
4043,17646
4043,17666
4043,17686
4043,17706
4043,17726
4043,17746
4043,17766
4043,17786
4043,17806
4043,17826
4043,17846
4043,17866
4043,17886
4043,17906
4043,17926
4043,17946
4043,17966
4043,17986
4043,18006
4043,18026
4043,18046
4043,18066
4043,18086
4043,18106
4043,18126
4043,18146
4043,18166
4043,18186
4043,18206
4043,18226
4053,17246
4053,17266
4053,17286
4053,17306
4053,17326
4053,17346
4053,17366
4053,17386
4053,17406
4053,17426
4053,17446
4053,17466
4053,17486
4053,17506
4053,17526
4053,17546
4053,17566
4053,17586
4053,17606
4053,17626
4053,17646
4053,17666
4053,17686
4053,17706
4053,17726
4053,17746
4053,17766
4053,17786
4053,17806
4053,17826
4053,17846
4053,17866
4053,17886
4053,17906
4053,17926
4053,17946
4053,17966
4053,17986
4053,18006
4053,18026
4053,18046
4053,18066
4053,18086
4053,18106
4053,18126
4053,18146
4053,18166
4053,18186
4053,18206
4053,18226
4063,17246
4063,17266
4063,17286
4063,17306
4063,17326
4063,17346
4063,17366
4063,17386
4063,17406
4063,17426
4063,17446
4063,17466
4063,17486
4063,17506
4063,17526
4063,17546
4063,17566
4063,17586
4063,17606
4063,17626
4063,17646
4063,17666
4063,17686
4063,17706
4063,17726
4063,17746
4063,17766
4063,17786
4063,17806
4063,17826
4063,17846
4063,17866
4063,17886
4063,17906
4063,17926
4063,17946
4063,17966
4063,17986
4063,18006
4063,18026
4063,18046
4063,18066
4063,18086
4063,18106
4063,18126
4063,18146
4063,18166
4063,18186
4063,18206
4063,18226
4073,17246
4073,17266
4073,17286
4073,17306
4073,17326
4073,17346
4073,17366
4073,17386
4073,17406
4073,17426
4073,17446
4073,17466
4073,17486
4073,17506
4073,17526
4073,17546
4073,17566
4073,17586
4073,17606
4073,17626
4073,17646
4073,17666
4073,17686
4073,17706
4073,17726
4073,17746
4073,17766
4073,17786
4073,17806
4073,17826
4073,17846
4073,17866
4073,17886
4073,17906
4073,17926
4073,17946
4073,17966
4073,17986
4073,18006
4073,18026
4073,18046
4073,18066
4073,18086
4073,18106
4073,18126
4073,18146
4073,18166
4073,18186
4073,18206
4073,18226
4083,17246
4083,17266
4083,17286
4083,17306
4083,17326
4083,17346
4083,17366
4083,17386
4083,17406
4083,17426
4083,17446
4083,17466
4083,17486
4083,17506
4083,17526
4083,17546
4083,17566
4083,17586
4083,17606
4083,17626
4083,17646
4083,17666
4083,17686
4083,17706
4083,17726
4083,17746
4083,17766
4083,17786
4083,17806
4083,17826
4083,17846
4083,17866
4083,17886
4083,17906
4083,17926
4083,17946
4083,17966
4083,17986
4083,18006
4083,18026
4083,18046
4083,18066
4083,18086
4083,18106
4083,18126
4083,18146
4083,18166
4083,18186
4083,18206
4083,18226
4093,17246
4093,17266
4093,17286
4093,17306
4093,17326
4093,17346
4093,17366
4093,17386
4093,17406
4093,17426
4093,17446
4093,17466
4093,17486
4093,17506
4093,17526
4093,17546
4093,17566
4093,17586
4093,17606
4093,17626
4093,17646
4093,17666
4093,17686
4093,17706
4093,17726
4093,17746
4093,17766
4093,17786
4093,17806
4093,17826
4093,17846
4093,17866
4093,17886
4093,17906
4093,17926
4093,17946
4093,17966
4093,17986
4093,18006
4093,18026
4093,18046
4093,18066
4093,18086
4093,18106
4093,18126
4093,18146
4093,18166
4093,18186
4093,18206
4093,18226
4103,17246
4103,17266
4103,17286
4103,17306
4103,17326
4103,17346
4103,17366
4103,17386
4103,17406
4103,17426
4103,17446
4103,17466
4103,17486
4103,17506
4103,17526
4103,17546
4103,17566
4103,17586
4103,17606
4103,17626
4103,17646
4103,17666
4103,17686
4103,17706
4103,17726
4103,17746
4103,17766
4103,17786
4103,17806
4103,17826
4103,17846
4103,17866
4103,17886
4103,17906
4103,17926
4103,17946
4103,17966
4103,17986
4103,18006
4103,18026
4103,18046
4103,18066
4103,18086
4103,18106
4103,18126
4103,18146
4103,18166
4103,18186
4103,18206
4103,18226
4113,17246
4113,17266
4113,17286
4113,17306
4113,17326
4113,17346
4113,17366
4113,17386
4113,17406
4113,17426
4113,17446
4113,17466
4113,17486
4113,17506
4113,17526
4113,17546
4113,17566
4113,17586
4113,17606
4113,17626
4113,17646
4113,17666
4113,17686
4113,17706
4113,17726
4113,17746
4113,17766
4113,17786
4113,17806
4113,17826
4113,17846
4113,17866
4113,17886
4113,17906
4113,17926
4113,17946
4113,17966
4113,17986
4113,18006
4113,18026
4113,18046
4113,18066
4113,18086
4113,18106
4113,18126
4113,18146
4113,18166
4113,18186
4113,18206
4113,18226
4123,17246
4123,17266
4123,17286
4123,17306
4123,17326
4123,17346
4123,17366
4123,17386
4123,17406
4123,17426
4123,17446
4123,17466
4123,17486
4123,17506
4123,17526
4123,17546
4123,17566
4123,17586
4123,17606
4123,17626
4123,17646
4123,17666
4123,17686
4123,17706
4123,17726
4123,17746
4123,17766
4123,17786
4123,17806
4123,17826
4123,17846
4123,17866
4123,17886
4123,17906
4123,17926
4123,17946
4123,17966
4123,17986
4123,18006
4123,18026
4123,18046
4123,18066
4123,18086
4123,18106
4123,18126
4123,18146
4123,18166
4123,18186
4123,18206
4123,18226
4133,17246
4133,17266
4133,17286
4133,17306
4133,17326
4133,17346
4133,17366
4133,17386
4133,17406
4133,17426
4133,17446
4133,17466
4133,17486
4133,17506
4133,17526
4133,17546
4133,17566
4133,17586
4133,17606
4133,17626
4133,17646
4133,17666
4133,17686
4133,17706
4133,17726
4133,17746
4133,17766
4133,17786
4133,17806
4133,17826
4133,17846
4133,17866
4133,17886
4133,17906
4133,17926
4133,17946
4133,17966
4133,17986
4133,18006
4133,18026
4133,18046
4133,18066
4133,18086
4133,18106
4133,18126
4133,18146
4133,18166
4133,18186
4133,18206
4133,18226
4143,17246
4143,17266
4143,17286
4143,17306
4143,17326
4143,17346
4143,17366
4143,17386
4143,17406
4143,17426
4143,17446
4143,17466
4143,17486
4143,17506
4143,17526
4143,17546
4143,17566
4143,17586
4143,17606
4143,17626
4143,17646
4143,17666
4143,17686
4143,17706
4143,17726
4143,17746
4143,17766
4143,17786
4143,17806
4143,17826
4143,17846
4143,17866
4143,17886
4143,17906
4143,17926
4143,17946
4143,17966
4143,17986
4143,18006
4143,18026
4143,18046
4143,18066
4143,18086
4143,18106
4143,18126
4143,18146
4143,18166
4143,18186
4143,18206
4143,18226
4153,17246
4153,17266
4153,17286
4153,17306
4153,17326
4153,17346
4153,17366
4153,17386
4153,17406
4153,17426
4153,17446
4153,17466
4153,17486
4153,17506
4153,17526
4153,17546
4153,17566
4153,17586
4153,17606
4153,17626
4153,17646
4153,17666
4153,17686
4153,17706
4153,17726
4153,17746
4153,17766
4153,17786
4153,17806
4153,17826
4153,17846
4153,17866
4153,17886
4153,17906
4153,17926
4153,17946
4153,17966
4153,17986
4153,18006
4153,18026
4153,18046
4153,18066
4153,18086
4153,18106
4153,18126
4153,18146
4153,18166
4153,18186
4153,18206
4153,18226
4163,17246
4163,17266
4163,17286
4163,17306
4163,17326
4163,17346
4163,17366
4163,17386
4163,17406
4163,17426
4163,17446
4163,17466
4163,17486
4163,17506
4163,17526
4163,17546
4163,17566
4163,17586
4163,17606
4163,17626
4163,17646
4163,17666
4163,17686
4163,17706
4163,17726
4163,17746
4163,17766
4163,17786
4163,17806
4163,17826
4163,17846
4163,17866
4163,17886
4163,17906
4163,17926
4163,17946
4163,17966
4163,17986
4163,18006
4163,18026
4163,18046
4163,18066
4163,18086
4163,18106
4163,18126
4163,18146
4163,18166
4163,18186
4163,18206
4163,18226
4173,17246
4173,17266
4173,17286
4173,17306
4173,17326
4173,17346
4173,17366
4173,17386
4173,17406
4173,17426
4173,17446
4173,17466
4173,17486
4173,17506
4173,17526
4173,17546
4173,17566
4173,17586
4173,17606
4173,17626
4173,17646
4173,17666
4173,17686
4173,17706
4173,17726
4173,17746
4173,17766
4173,17786
4173,17806
4173,17826
4173,17846
4173,17866
4173,17886
4173,17906
4173,17926
4173,17946
4173,17966
4173,17986
4173,18006
4173,18026
4173,18046
4173,18066
4173,18086
4173,18106
4173,18126
4173,18146
4173,18166
4173,18186
4173,18206
4173,18226
4183,17246
4183,17266
4183,17286
4183,17306
4183,17326
4183,17346
4183,17366
4183,17386
4183,17406
4183,17426
4183,17446
4183,17466
4183,17486
4183,17506
4183,17526
4183,17546
4183,17566
4183,17586
4183,17606
4183,17626
4183,17646
4183,17666
4183,17686
4183,17706
4183,17726
4183,17746
4183,17766
4183,17786
4183,17806
4183,17826
4183,17846
4183,17866
4183,17886
4183,17906
4183,17926
4183,17946
4183,17966
4183,17986
4183,18006
4183,18026
4183,18046
4183,18066
4183,18086
4183,18106
4183,18126
4183,18146
4183,18166
4183,18186
4183,18206
4183,18226
4193,17246
4193,17266
4193,17286
4193,17306
4193,17326
4193,17346
4193,17366
4193,17386
4193,17406
4193,17426
4193,17446
4193,17466
4193,17486
4193,17506
4193,17526
4193,17546
4193,17566
4193,17586
4193,17606
4193,17626
4193,17646
4193,17666
4193,17686
4193,17706
4193,17726
4193,17746
4193,17766
4193,17786
4193,17806
4193,17826
4193,17846
4193,17866
4193,17886
4193,17906
4193,17926
4193,17946
4193,17966
4193,17986
4193,18006
4193,18026
4193,18046
4193,18066
4193,18086
4193,18106
4193,18126
4193,18146
4193,18166
4193,18186
4193,18206
4193,18226
4203,17246
4203,17266
4203,17286
4203,17306
4203,17326
4203,17346
4203,17366
4203,17386
4203,17406
4203,17426
4203,17446
4203,17466
4203,17486
4203,17506
4203,17526
4203,17546
4203,17566
4203,17586
4203,17606
4203,17626
4203,17646
4203,17666
4203,17686
4203,17706
4203,17726
4203,17746
4203,17766
4203,17786
4203,17806
4203,17826
4203,17846
4203,17866
4203,17886
4203,17906
4203,17926
4203,17946
4203,17966
4203,17986
4203,18006
4203,18026
4203,18046
4203,18066
4203,18086
4203,18106
4203,18126
4203,18146
4203,18166
4203,18186
4203,18206
4203,18226
4213,17246
4213,17266
4213,17286
4213,17306
4213,17326
4213,17346
4213,17366
4213,17386
4213,17406
4213,17426
4213,17446
4213,17466
4213,17486
4213,17506
4213,17526
4213,17546
4213,17566
4213,17586
4213,17606
4213,17626
4213,17646
4213,17666
4213,17686
4213,17706
4213,17726
4213,17746
4213,17766
4213,17786
4213,17806
4213,17826
4213,17846
4213,17866
4213,17886
4213,17906
4213,17926
4213,17946
4213,17966
4213,17986
4213,18006
4213,18026
4213,18046
4213,18066
4213,18086
4213,18106
4213,18126
4213,18146
4213,18166
4213,18186
4213,18206
4213,18226
4223,17246
4223,17266
4223,17286
4223,17306
4223,17326
4223,17346
4223,17366
4223,17386
4223,17406
4223,17426
4223,17446
4223,17466
4223,17486
4223,17506
4223,17526
4223,17546
4223,17566
4223,17586
4223,17606
4223,17626
4223,17646
4223,17666
4223,17686
4223,17706
4223,17726
4223,17746
4223,17766
4223,17786
4223,17806
4223,17826
4223,17846
4223,17866
4223,17886
4223,17906
4223,17926
4223,17946
4223,17966
4223,17986
4223,18006
4223,18026
4223,18046
4223,18066
4223,18086
4223,18106
4223,18126
4223,18146
4223,18166
4223,18186
4223,18206
4223,18226
4233,17246
4233,17266
4233,17286
4233,17306
4233,17326
4233,17346
4233,17366
4233,17386
4233,17406
4233,17426
4233,17446
4233,17466
4233,17486
4233,17506
4233,17526
4233,17546
4233,17566
4233,17586
4233,17606
4233,17626
4233,17646
4233,17666
4233,17686
4233,17706
4233,17726
4233,17746
4233,17766
4233,17786
4233,17806
4233,17826
4233,17846
4233,17866
4233,17886
4233,17906
4233,17926
4233,17946
4233,17966
4233,17986
4233,18006
4233,18026
4233,18046
4233,18066
4233,18086
4233,18106
4233,18126
4233,18146
4233,18166
4233,18186
4233,18206
4233,18226
4243,17246
4243,17266
4243,17286
4243,17306
4243,17326
4243,17346
4243,17366
4243,17386
4243,17406
4243,17426
4243,17446
4243,17466
4243,17486
4243,17506
4243,17526
4243,17546
4243,17566
4243,17586
4243,17606
4243,17626
4243,17646
4243,17666
4243,17686
4243,17706
4243,17726
4243,17746
4243,17766
4243,17786
4243,17806
4243,17826
4243,17846
4243,17866
4243,17886
4243,17906
4243,17926
4243,17946
4243,17966
4243,17986
4243,18006
4243,18026
4243,18046
4243,18066
4243,18086
4243,18106
4243,18126
4243,18146
4243,18166
4243,18186
4243,18206
4243,18226
4253,17246
4253,17266
4253,17286
4253,17306
4253,17326
4253,17346
4253,17366
4253,17386
4253,17406
4253,17426
4253,17446
4253,17466
4253,17486
4253,17506
4253,17526
4253,17546
4253,17566
4253,17586
4253,17606
4253,17626
4253,17646
4253,17666
4253,17686
4253,17706
4253,17726
4253,17746
4253,17766
4253,17786
4253,17806
4253,17826
4253,17846
4253,17866
4253,17886
4253,17906
4253,17926
4253,17946
4253,17966
4253,17986
4253,18006
4253,18026
4253,18046
4253,18066
4253,18086
4253,18106
4253,18126
4253,18146
4253,18166
4253,18186
4253,18206
4253,18226
4263,17246
4263,17266
4263,17286
4263,17306
4263,17326
4263,17346
4263,17366
4263,17386
4263,17406
4263,17426
4263,17446
4263,17466
4263,17486
4263,17506
4263,17526
4263,17546
4263,17566
4263,17586
4263,17606
4263,17626
4263,17646
4263,17666
4263,17686
4263,17706
4263,17726
4263,17746
4263,17766
4263,17786
4263,17806
4263,17826
4263,17846
4263,17866
4263,17886
4263,17906
4263,17926
4263,17946
4263,17966
4263,17986
4263,18006
4263,18026
4263,18046
4263,18066
4263,18086
4263,18106
4263,18126
4263,18146
4263,18166
4263,18186
4263,18206
4263,18226
4273,17246
4273,17266
4273,17286
4273,17306
4273,17326
4273,17346
4273,17366
4273,17386
4273,17406
4273,17426
4273,17446
4273,17466
4273,17486
4273,17506
4273,17526
4273,17546
4273,17566
4273,17586
4273,17606
4273,17626
4273,17646
4273,17666
4273,17686
4273,17706
4273,17726
4273,17746
4273,17766
4273,17786
4273,17806
4273,17826
4273,17846
4273,17866
4273,17886
4273,17906
4273,17926
4273,17946
4273,17966
4273,17986
4273,18006
4273,18026
4273,18046
4273,18066
4273,18086
4273,18106
4273,18126
4273,18146
4273,18166
4273,18186
4273,18206
4273,18226
4283,17246
4283,17266
4283,17286
4283,17306
4283,17326
4283,17346
4283,17366
4283,17386
4283,17406
4283,17426
4283,17446
4283,17466
4283,17486
4283,17506
4283,17526
4283,17546
4283,17566
4283,17586
4283,17606
4283,17626
4283,17646
4283,17666
4283,17686
4283,17706
4283,17726
4283,17746
4283,17766
4283,17786
4283,17806
4283,17826
4283,17846
4283,17866
4283,17886
4283,17906
4283,17926
4283,17946
4283,17966
4283,17986
4283,18006
4283,18026
4283,18046
4283,18066
4283,18086
4283,18106
4283,18126
4283,18146
4283,18166
4283,18186
4283,18206
4283,18226
4293,17246
4293,17266
4293,17286
4293,17306
4293,17326
4293,17346
4293,17366
4293,17386
4293,17406
4293,17426
4293,17446
4293,17466
4293,17486
4293,17506
4293,17526
4293,17546
4293,17566
4293,17586
4293,17606
4293,17626
4293,17646
4293,17666
4293,17686
4293,17706
4293,17726
4293,17746
4293,17766
4293,17786
4293,17806
4293,17826
4293,17846
4293,17866
4293,17886
4293,17906
4293,17926
4293,17946
4293,17966
4293,17986
4293,18006
4293,18026
4293,18046
4293,18066
4293,18086
4293,18106
4293,18126
4293,18146
4293,18166
4293,18186
4293,18206
4293,18226
4303,17246
4303,17266
4303,17286
4303,17306
4303,17326
4303,17346
4303,17366
4303,17386
4303,17406
4303,17426
4303,17446
4303,17466
4303,17486
4303,17506
4303,17526
4303,17546
4303,17566
4303,17586
4303,17606
4303,17626
4303,17646
4303,17666
4303,17686
4303,17706
4303,17726
4303,17746
4303,17766
4303,17786
4303,17806
4303,17826
4303,17846
4303,17866
4303,17886
4303,17906
4303,17926
4303,17946
4303,17966
4303,17986
4303,18006
4303,18026
4303,18046
4303,18066
4303,18086
4303,18106
4303,18126
4303,18146
4303,18166
4303,18186
4303,18206
4303,18226
4313,17246
4313,17266
4313,17286
4313,17306
4313,17326
4313,17346
4313,17366
4313,17386
4313,17406
4313,17426
4313,17446
4313,17466
4313,17486
4313,17506
4313,17526
4313,17546
4313,17566
4313,17586
4313,17606
4313,17626
4313,17646
4313,17666
4313,17686
4313,17706
4313,17726
4313,17746
4313,17766
4313,17786
4313,17806
4313,17826
4313,17846
4313,17866
4313,17886
4313,17906
4313,17926
4313,17946
4313,17966
4313,17986
4313,18006
4313,18026
4313,18046
4313,18066
4313,18086
4313,18106
4313,18126
4313,18146
4313,18166
4313,18186
4313,18206
4313,18226
4323,17246
4323,17266
4323,17286
4323,17306
4323,17326
4323,17346
4323,17366
4323,17386
4323,17406
4323,17426
4323,17446
4323,17466
4323,17486
4323,17506
4323,17526
4323,17546
4323,17566
4323,17586
4323,17606
4323,17626
4323,17646
4323,17666
4323,17686
4323,17706
4323,17726
4323,17746
4323,17766
4323,17786
4323,17806
4323,17826
4323,17846
4323,17866
4323,17886
4323,17906
4323,17926
4323,17946
4323,17966
4323,17986
4323,18006
4323,18026
4323,18046
4323,18066
4323,18086
4323,18106
4323,18126
4323,18146
4323,18166
4323,18186
4323,18206
4323,18226
4333,17246
4333,17266
4333,17286
4333,17306
4333,17326
4333,17346
4333,17366
4333,17386
4333,17406
4333,17426
4333,17446
4333,17466
4333,17486
4333,17506
4333,17526
4333,17546
4333,17566
4333,17586
4333,17606
4333,17626
4333,17646
4333,17666
4333,17686
4333,17706
4333,17726
4333,17746
4333,17766
4333,17786
4333,17806
4333,17826
4333,17846
4333,17866
4333,17886
4333,17906
4333,17926
4333,17946
4333,17966
4333,17986
4333,18006
4333,18026
4333,18046
4333,18066
4333,18086
4333,18106
4333,18126
4333,18146
4333,18166
4333,18186
4333,18206
4333,18226
4343,17246
4343,17266
4343,17286
4343,17306
4343,17326
4343,17346
4343,17366
4343,17386
4343,17406
4343,17426
4343,17446
4343,17466
4343,17486
4343,17506
4343,17526
4343,17546
4343,17566
4343,17586
4343,17606
4343,17626
4343,17646
4343,17666
4343,17686
4343,17706
4343,17726
4343,17746
4343,17766
4343,17786
4343,17806
4343,17826
4343,17846
4343,17866
4343,17886
4343,17906
4343,17926
4343,17946
4343,17966
4343,17986
4343,18006
4343,18026
4343,18046
4343,18066
4343,18086
4343,18106
4343,18126
4343,18146
4343,18166
4343,18186
4343,18206
4343,18226
4353,17246
4353,17266
4353,17286
4353,17306
4353,17326
4353,17346
4353,17366
4353,17386
4353,17406
4353,17426
4353,17446
4353,17466
4353,17486
4353,17506
4353,17526
4353,17546
4353,17566
4353,17586
4353,17606
4353,17626
4353,17646
4353,17666
4353,17686
4353,17706
4353,17726
4353,17746
4353,17766
4353,17786
4353,17806
4353,17826
4353,17846
4353,17866
4353,17886
4353,17906
4353,17926
4353,17946
4353,17966
4353,17986
4353,18006
4353,18026
4353,18046
4353,18066
4353,18086
4353,18106
4353,18126
4353,18146
4353,18166
4353,18186
4353,18206
4353,18226
4363,17246
4363,17266
4363,17286
4363,17306
4363,17326
4363,17346
4363,17366
4363,17386
4363,17406
4363,17426
4363,17446
4363,17466
4363,17486
4363,17506
4363,17526
4363,17546
4363,17566
4363,17586
4363,17606
4363,17626
4363,17646
4363,17666
4363,17686
4363,17706
4363,17726
4363,17746
4363,17766
4363,17786
4363,17806
4363,17826
4363,17846
4363,17866
4363,17886
4363,17906
4363,17926
4363,17946
4363,17966
4363,17986
4363,18006
4363,18026
4363,18046
4363,18066
4363,18086
4363,18106
4363,18126
4363,18146
4363,18166
4363,18186
4363,18206
4363,18226
4373,17246
4373,17266
4373,17286
4373,17306
4373,17326
4373,17346
4373,17366
4373,17386
4373,17406
4373,17426
4373,17446
4373,17466
4373,17486
4373,17506
4373,17526
4373,17546
4373,17566
4373,17586
4373,17606
4373,17626
4373,17646
4373,17666
4373,17686
4373,17706
4373,17726
4373,17746
4373,17766
4373,17786
4373,17806
4373,17826
4373,17846
4373,17866
4373,17886
4373,17906
4373,17926
4373,17946
4373,17966
4373,17986
4373,18006
4373,18026
4373,18046
4373,18066
4373,18086
4373,18106
4373,18126
4373,18146
4373,18166
4373,18186
4373,18206
4373,18226
4383,17246
4383,17266
4383,17286
4383,17306
4383,17326
4383,17346
4383,17366
4383,17386
4383,17406
4383,17426
4383,17446
4383,17466
4383,17486
4383,17506
4383,17526
4383,17546
4383,17566
4383,17586
4383,17606
4383,17626
4383,17646
4383,17666
4383,17686
4383,17706
4383,17726
4383,17746
4383,17766
4383,17786
4383,17806
4383,17826
4383,17846
4383,17866
4383,17886
4383,17906
4383,17926
4383,17946
4383,17966
4383,17986
4383,18006
4383,18026
4383,18046
4383,18066
4383,18086
4383,18106
4383,18126
4383,18146
4383,18166
4383,18186
4383,18206
4383,18226
4393,17246
4393,17266
4393,17286
4393,17306
4393,17326
4393,17346
4393,17366
4393,17386
4393,17406
4393,17426
4393,17446
4393,17466
4393,17486
4393,17506
4393,17526
4393,17546
4393,17566
4393,17586
4393,17606
4393,17626
4393,17646
4393,17666
4393,17686
4393,17706
4393,17726
4393,17746
4393,17766
4393,17786
4393,17806
4393,17826
4393,17846
4393,17866
4393,17886
4393,17906
4393,17926
4393,17946
4393,17966
4393,17986
4393,18006
4393,18026
4393,18046
4393,18066
4393,18086
4393,18106
4393,18126
4393,18146
4393,18166
4393,18186
4393,18206
4393,18226
4403,17246
4403,17266
4403,17286
4403,17306
4403,17326
4403,17346
4403,17366
4403,17386
4403,17406
4403,17426
4403,17446
4403,17466
4403,17486
4403,17506
4403,17526
4403,17546
4403,17566
4403,17586
4403,17606
4403,17626
4403,17646
4403,17666
4403,17686
4403,17706
4403,17726
4403,17746
4403,17766
4403,17786
4403,17806
4403,17826
4403,17846
4403,17866
4403,17886
4403,17906
4403,17926
4403,17946
4403,17966
4403,17986
4403,18006
4403,18026
4403,18046
4403,18066
4403,18086
4403,18106
4403,18126
4403,18146
4403,18166
4403,18186
4403,18206
4403,18226
4413,17246
4413,17266
4413,17286
4413,17306
4413,17326
4413,17346
4413,17366
4413,17386
4413,17406
4413,17426
4413,17446
4413,17466
4413,17486
4413,17506
4413,17526
4413,17546
4413,17566
4413,17586
4413,17606
4413,17626
4413,17646
4413,17666
4413,17686
4413,17706
4413,17726
4413,17746
4413,17766
4413,17786
4413,17806
4413,17826
4413,17846
4413,17866
4413,17886
4413,17906
4413,17926
4413,17946
4413,17966
4413,17986
4413,18006
4413,18026
4413,18046
4413,18066
4413,18086
4413,18106
4413,18126
4413,18146
4413,18166
4413,18186
4413,18206
4413,18226
4423,17246
4423,17266
4423,17286
4423,17306
4423,17326
4423,17346
4423,17366
4423,17386
4423,17406
4423,17426
4423,17446
4423,17466
4423,17486
4423,17506
4423,17526
4423,17546
4423,17566
4423,17586
4423,17606
4423,17626
4423,17646
4423,17666
4423,17686
4423,17706
4423,17726
4423,17746
4423,17766
4423,17786
4423,17806
4423,17826
4423,17846
4423,17866
4423,17886
4423,17906
4423,17926
4423,17946
4423,17966
4423,17986
4423,18006
4423,18026
4423,18046
4423,18066
4423,18086
4423,18106
4423,18126
4423,18146
4423,18166
4423,18186
4423,18206
4423,18226
4433,17246
4433,17266
4433,17286
4433,17306
4433,17326
4433,17346
4433,17366
4433,17386
4433,17406
4433,17426
4433,17446
4433,17466
4433,17486
4433,17506
4433,17526
4433,17546
4433,17566
4433,17586
4433,17606
4433,17626
4433,17646
4433,17666
4433,17686
4433,17706
4433,17726
4433,17746
4433,17766
4433,17786
4433,17806
4433,17826
4433,17846
4433,17866
4433,17886
4433,17906
4433,17926
4433,17946
4433,17966
4433,17986
4433,18006
4433,18026
4433,18046
4433,18066
4433,18086
4433,18106
4433,18126
4433,18146
4433,18166
4433,18186
4433,18206
4433,18226
4443,17246
4443,17266
4443,17286
4443,17306
4443,17326
4443,17346
4443,17366
4443,17386
4443,17406
4443,17426
4443,17446
4443,17466
4443,17486
4443,17506
4443,17526
4443,17546
4443,17566
4443,17586
4443,17606
4443,17626
4443,17646
4443,17666
4443,17686
4443,17706
4443,17726
4443,17746
4443,17766
4443,17786
4443,17806
4443,17826
4443,17846
4443,17866
4443,17886
4443,17906
4443,17926
4443,17946
4443,17966
4443,17986
4443,18006
4443,18026
4443,18046
4443,18066
4443,18086
4443,18106
4443,18126
4443,18146
4443,18166
4443,18186
4443,18206
4443,18226
4453,17246
4453,17266
4453,17286
4453,17306
4453,17326
4453,17346
4453,17366
4453,17386
4453,17406
4453,17426
4453,17446
4453,17466
4453,17486
4453,17506
4453,17526
4453,17546
4453,17566
4453,17586
4453,17606
4453,17626
4453,17646
4453,17666
4453,17686
4453,17706
4453,17726
4453,17746
4453,17766
4453,17786
4453,17806
4453,17826
4453,17846
4453,17866
4453,17886
4453,17906
4453,17926
4453,17946
4453,17966
4453,17986
4453,18006
4453,18026
4453,18046
4453,18066
4453,18086
4453,18106
4453,18126
4453,18146
4453,18166
4453,18186
4453,18206
4453,18226
4463,17246
4463,17266
4463,17286
4463,17306
4463,17326
4463,17346
4463,17366
4463,17386
4463,17406
4463,17426
4463,17446
4463,17466
4463,17486
4463,17506
4463,17526
4463,17546
4463,17566
4463,17586
4463,17606
4463,17626
4463,17646
4463,17666
4463,17686
4463,17706
4463,17726
4463,17746
4463,17766
4463,17786
4463,17806
4463,17826
4463,17846
4463,17866
4463,17886
4463,17906
4463,17926
4463,17946
4463,17966
4463,17986
4463,18006
4463,18026
4463,18046
4463,18066
4463,18086
4463,18106
4463,18126
4463,18146
4463,18166
4463,18186
4463,18206
4463,18226
4473,17246
4473,17266
4473,17286
4473,17306
4473,17326
4473,17346
4473,17366
4473,17386
4473,17406
4473,17426
4473,17446
4473,17466
4473,17486
4473,17506
4473,17526
4473,17546
4473,17566
4473,17586
4473,17606
4473,17626
4473,17646
4473,17666
4473,17686
4473,17706
4473,17726
4473,17746
4473,17766
4473,17786
4473,17806
4473,17826
4473,17846
4473,17866
4473,17886
4473,17906
4473,17926
4473,17946
4473,17966
4473,17986
4473,18006
4473,18026
4473,18046
4473,18066
4473,18086
4473,18106
4473,18126
4473,18146
4473,18166
4473,18186
4473,18206
4473,18226
4483,17246
4483,17266
4483,17286
4483,17306
4483,17326
4483,17346
4483,17366
4483,17386
4483,17406
4483,17426
4483,17446
4483,17466
4483,17486
4483,17506
4483,17526
4483,17546
4483,17566
4483,17586
4483,17606
4483,17626
4483,17646
4483,17666
4483,17686
4483,17706
4483,17726
4483,17746
4483,17766
4483,17786
4483,17806
4483,17826
4483,17846
4483,17866
4483,17886
4483,17906
4483,17926
4483,17946
4483,17966
4483,17986
4483,18006
4483,18026
4483,18046
4483,18066
4483,18086
4483,18106
4483,18126
4483,18146
4483,18166
4483,18186
4483,18206
4483,18226
4493,17246
4493,17266
4493,17286
4493,17306
4493,17326
4493,17346
4493,17366
4493,17386
4493,17406
4493,17426
4493,17446
4493,17466
4493,17486
4493,17506
4493,17526
4493,17546
4493,17566
4493,17586
4493,17606
4493,17626
4493,17646
4493,17666
4493,17686
4493,17706
4493,17726
4493,17746
4493,17766
4493,17786
4493,17806
4493,17826
4493,17846
4493,17866
4493,17886
4493,17906
4493,17926
4493,17946
4493,17966
4493,17986
4493,18006
4493,18026
4493,18046
4493,18066
4493,18086
4493,18106
4493,18126
4493,18146
4493,18166
4493,18186
4493,18206
4493,18226
4503,17246
4503,17266
4503,17286
4503,17306
4503,17326
4503,17346
4503,17366
4503,17386
4503,17406
4503,17426
4503,17446
4503,17466
4503,17486
4503,17506
4503,17526
4503,17546
4503,17566
4503,17586
4503,17606
4503,17626
4503,17646
4503,17666
4503,17686
4503,17706
4503,17726
4503,17746
4503,17766
4503,17786
4503,17806
4503,17826
4503,17846
4503,17866
4503,17886
4503,17906
4503,17926
4503,17946
4503,17966
4503,17986
4503,18006
4503,18026
4503,18046
4503,18066
4503,18086
4503,18106
4503,18126
4503,18146
4503,18166
4503,18186
4503,18206
4503,18226
4513,17246
4513,17266
4513,17286
4513,17306
4513,17326
4513,17346
4513,17366
4513,17386
4513,17406
4513,17426
4513,17446
4513,17466
4513,17486
4513,17506
4513,17526
4513,17546
4513,17566
4513,17586
4513,17606
4513,17626
4513,17646
4513,17666
4513,17686
4513,17706
4513,17726
4513,17746
4513,17766
4513,17786
4513,17806
4513,17826
4513,17846
4513,17866
4513,17886
4513,17906
4513,17926
4513,17946
4513,17966
4513,17986
4513,18006
4513,18026
4513,18046
4513,18066
4513,18086
4513,18106
4513,18126
4513,18146
4513,18166
4513,18186
4513,18206
4513,18226
4523,17246
4523,17266
4523,17286
4523,17306
4523,17326
4523,17346
4523,17366
4523,17386
4523,17406
4523,17426
4523,17446
4523,17466
4523,17486
4523,17506
4523,17526
4523,17546
4523,17566
4523,17586
4523,17606
4523,17626
4523,17646
4523,17666
4523,17686
4523,17706
4523,17726
4523,17746
4523,17766
4523,17786
4523,17806
4523,17826
4523,17846
4523,17866
4523,17886
4523,17906
4523,17926
4523,17946
4523,17966
4523,17986
4523,18006
4523,18026
4523,18046
4523,18066
4523,18086
4523,18106
4523,18126
4523,18146
4523,18166
4523,18186
4523,18206
4523,18226
4533,17246
4533,17266
4533,17286
4533,17306
4533,17326
4533,17346
4533,17366
4533,17386
4533,17406
4533,17426
4533,17446
4533,17466
4533,17486
4533,17506
4533,17526
4533,17546
4533,17566
4533,17586
4533,17606
4533,17626
4533,17646
4533,17666
4533,17686
4533,17706
4533,17726
4533,17746
4533,17766
4533,17786
4533,17806
4533,17826
4533,17846
4533,17866
4533,17886
4533,17906
4533,17926
4533,17946
4533,17966
4533,17986
4533,18006
4533,18026
4533,18046
4533,18066
4533,18086
4533,18106
4533,18126
4533,18146
4533,18166
4533,18186
4533,18206
4533,18226
4543,17246
4543,17266
4543,17286
4543,17306
4543,17326
4543,17346
4543,17366
4543,17386
4543,17406
4543,17426
4543,17446
4543,17466
4543,17486
4543,17506
4543,17526
4543,17546
4543,17566
4543,17586
4543,17606
4543,17626
4543,17646
4543,17666
4543,17686
4543,17706
4543,17726
4543,17746
4543,17766
4543,17786
4543,17806
4543,17826
4543,17846
4543,17866
4543,17886
4543,17906
4543,17926
4543,17946
4543,17966
4543,17986
4543,18006
4543,18026
4543,18046
4543,18066
4543,18086
4543,18106
4543,18126
4543,18146
4543,18166
4543,18186
4543,18206
4543,18226
4553,17246
4553,17266
4553,17286
4553,17306
4553,17326
4553,17346
4553,17366
4553,17386
4553,17406
4553,17426
4553,17446
4553,17466
4553,17486
4553,17506
4553,17526
4553,17546
4553,17566
4553,17586
4553,17606
4553,17626
4553,17646
4553,17666
4553,17686
4553,17706
4553,17726
4553,17746
4553,17766
4553,17786
4553,17806
4553,17826
4553,17846
4553,17866
4553,17886
4553,17906
4553,17926
4553,17946
4553,17966
4553,17986
4553,18006
4553,18026
4553,18046
4553,18066
4553,18086
4553,18106
4553,18126
4553,18146
4553,18166
4553,18186
4553,18206
4553,18226
4563,17246
4563,17266
4563,17286
4563,17306
4563,17326
4563,17346
4563,17366
4563,17386
4563,17406
4563,17426
4563,17446
4563,17466
4563,17486
4563,17506
4563,17526
4563,17546
4563,17566
4563,17586
4563,17606
4563,17626
4563,17646
4563,17666
4563,17686
4563,17706
4563,17726
4563,17746
4563,17766
4563,17786
4563,17806
4563,17826
4563,17846
4563,17866
4563,17886
4563,17906
4563,17926
4563,17946
4563,17966
4563,17986
4563,18006
4563,18026
4563,18046
4563,18066
4563,18086
4563,18106
4563,18126
4563,18146
4563,18166
4563,18186
4563,18206
4563,18226
4573,17246
4573,17266
4573,17286
4573,17306
4573,17326
4573,17346
4573,17366
4573,17386
4573,17406
4573,17426
4573,17446
4573,17466
4573,17486
4573,17506
4573,17526
4573,17546
4573,17566
4573,17586
4573,17606
4573,17626
4573,17646
4573,17666
4573,17686
4573,17706
4573,17726
4573,17746
4573,17766
4573,17786
4573,17806
4573,17826
4573,17846
4573,17866
4573,17886
4573,17906
4573,17926
4573,17946
4573,17966
4573,17986
4573,18006
4573,18026
4573,18046
4573,18066
4573,18086
4573,18106
4573,18126
4573,18146
4573,18166
4573,18186
4573,18206
4573,18226
4583,17246
4583,17266
4583,17286
4583,17306
4583,17326
4583,17346
4583,17366
4583,17386
4583,17406
4583,17426
4583,17446
4583,17466
4583,17486
4583,17506
4583,17526
4583,17546
4583,17566
4583,17586
4583,17606
4583,17626
4583,17646
4583,17666
4583,17686
4583,17706
4583,17726
4583,17746
4583,17766
4583,17786
4583,17806
4583,17826
4583,17846
4583,17866
4583,17886
4583,17906
4583,17926
4583,17946
4583,17966
4583,17986
4583,18006
4583,18026
4583,18046
4583,18066
4583,18086
4583,18106
4583,18126
4583,18146
4583,18166
4583,18186
4583,18206
4583,18226
4593,17246
4593,17266
4593,17286
4593,17306
4593,17326
4593,17346
4593,17366
4593,17386
4593,17406
4593,17426
4593,17446
4593,17466
4593,17486
4593,17506
4593,17526
4593,17546
4593,17566
4593,17586
4593,17606
4593,17626
4593,17646
4593,17666
4593,17686
4593,17706
4593,17726
4593,17746
4593,17766
4593,17786
4593,17806
4593,17826
4593,17846
4593,17866
4593,17886
4593,17906
4593,17926
4593,17946
4593,17966
4593,17986
4593,18006
4593,18026
4593,18046
4593,18066
4593,18086
4593,18106
4593,18126
4593,18146
4593,18166
4593,18186
4593,18206
4593,18226
4600,6000
4600,6020
4600,6040
4600,6060
4600,6080
4600,6100
4600,6120
4600,6140
4600,6160
4600,6180
4600,6200
4600,6220
4600,6240
4600,6260
4600,6280
4600,6300
4600,6320
4600,6340
4600,6360
4600,6380
4600,6400
4600,6420
4600,6440
4600,6460
4600,6480
4600,6500
4600,6520
4600,6540
4600,6560
4600,6580
4600,6600
4600,6620
4600,6640
4600,6660
4600,6680
4600,6700
4600,6720
4600,6740
4600,6760
4600,6780
4600,6800
4600,6820
4600,6840
4600,6860
4600,6880
4600,6900
4600,6920
4600,6940
4600,6960
4600,6980
4600,7000
4600,7020
4600,7040
4600,7060
4600,7080
4600,7100
4600,7120
4600,7140
4600,7160
4600,7180
4600,7200
4600,7220
4600,7240
4600,7260
4600,7280
4610,6000
4610,6020
4610,6040
4610,6060
4610,6080
4610,6100
4610,6120
4610,6140
4610,6160
4610,6180
4610,6200
4610,6220
4610,6240
4610,6260
4610,6280
4610,6300
4610,6320
4610,6340
4610,6360
4610,6380
4610,6400
4610,6420
4610,6440
4610,6460
4610,6480
4610,6500
4610,6520
4610,6540
4610,6560
4610,6580
4610,6600
4610,6620
4610,6640
4610,6660
4610,6680
4610,6700
4610,6720
4610,6740
4610,6760
4610,6780
4610,6800
4610,6820
4610,6840
4610,6860
4610,6880
4610,6900
4610,6920
4610,6940
4610,6960
4610,6980
4610,7000
4610,7020
4610,7040
4610,7060
4610,7080
4610,7100
4610,7120
4610,7140
4610,7160
4610,7180
4610,7200
4610,7220
4610,7240
4610,7260
4610,7280
4620,6000
4620,6020
4620,6040
4620,6060
4620,6080
4620,6100
4620,6120
4620,6140
4620,6160
4620,6180
4620,6200
4620,6220
4620,6240
4620,6260
4620,6280
4620,6300
4620,6320
4620,6340
4620,6360
4620,6380
4620,6400
4620,6420
4620,6440
4620,6460
4620,6480
4620,6500
4620,6520
4620,6540
4620,6560
4620,6580
4620,6600
4620,6620
4620,6640
4620,6660
4620,6680
4620,6700
4620,6720
4620,6740
4620,6760
4620,6780
4620,6800
4620,6820
4620,6840
4620,6860
4620,6880
4620,6900
4620,6920
4620,6940
4620,6960
4620,6980
4620,7000
4620,7020
4620,7040
4620,7060
4620,7080
4620,7100
4620,7120
4620,7140
4620,7160
4620,7180
4620,7200
4620,7220
4620,7240
4620,7260
4620,7280
4630,6000
4630,6020
4630,6040
4630,6060
4630,6080
4630,6100
4630,6120
4630,6140
4630,6160
4630,6180
4630,6200
4630,6220
4630,6240
4630,6260
4630,6280
4630,6300
4630,6320
4630,6340
4630,6360
4630,6380
4630,6400
4630,6420
4630,6440
4630,6460
4630,6480
4630,6500
4630,6520
4630,6540
4630,6560
4630,6580
4630,6600
4630,6620
4630,6640
4630,6660
4630,6680
4630,6700
4630,6720
4630,6740
4630,6760
4630,6780
4630,6800
4630,6820
4630,6840
4630,6860
4630,6880
4630,6900
4630,6920
4630,6940
4630,6960
4630,6980
4630,7000
4630,7020
4630,7040
4630,7060
4630,7080
4630,7100
4630,7120
4630,7140
4630,7160
4630,7180
4630,7200
4630,7220
4630,7240
4630,7260
4630,7280
4640,6000
4640,6020
4640,6040
4640,6060
4640,6080
4640,6100
4640,6120
4640,6140
4640,6160
4640,6180
4640,6200
4640,6220
4640,6240
4640,6260
4640,6280
4640,6300
4640,6320
4640,6340
4640,6360
4640,6380
4640,6400
4640,6420
4640,6440
4640,6460
4640,6480
4640,6500
4640,6520
4640,6540
4640,6560
4640,6580
4640,6600
4640,6620
4640,6640
4640,6660
4640,6680
4640,6700
4640,6720
4640,6740
4640,6760
4640,6780
4640,6800
4640,6820
4640,6840
4640,6860
4640,6880
4640,6900
4640,6920
4640,6940
4640,6960
4640,6980
4640,7000
4640,7020
4640,7040
4640,7060
4640,7080
4640,7100
4640,7120
4640,7140
4640,7160
4640,7180
4640,7200
4640,7220
4640,7240
4640,7260
4640,7280
4650,6000
4650,6020
4650,6040
4650,6060
4650,6080
4650,6100
4650,6120
4650,6140
4650,6160
4650,6180
4650,6200
4650,6220
4650,6240
4650,6260
4650,6280
4650,6300
4650,6320
4650,6340
4650,6360
4650,6380
4650,6400
4650,6420
4650,6440
4650,6460
4650,6480
4650,6500
4650,6520
4650,6540
4650,6560
4650,6580
4650,6600
4650,6620
4650,6640
4650,6660
4650,6680
4650,6700
4650,6720
4650,6740
4650,6760
4650,6780
4650,6800
4650,6820
4650,6840
4650,6860
4650,6880
4650,6900
4650,6920
4650,6940
4650,6960
4650,6980
4650,7000
4650,7020
4650,7040
4650,7060
4650,7080
4650,7100
4650,7120
4650,7140
4650,7160
4650,7180
4650,7200
4650,7220
4650,7240
4650,7260
4650,7280
4660,6000
4660,6020
4660,6040
4660,6060
4660,6080
4660,6100
4660,6120
4660,6140
4660,6160
4660,6180
4660,6200
4660,6220
4660,6240
4660,6260
4660,6280
4660,6300
4660,6320
4660,6340
4660,6360
4660,6380
4660,6400
4660,6420
4660,6440
4660,6460
4660,6480
4660,6500
4660,6520
4660,6540
4660,6560
4660,6580
4660,6600
4660,6620
4660,6640
4660,6660
4660,6680
4660,6700
4660,6720
4660,6740
4660,6760
4660,6780
4660,6800
4660,6820
4660,6840
4660,6860
4660,6880
4660,6900
4660,6920
4660,6940
4660,6960
4660,6980
4660,7000
4660,7020
4660,7040
4660,7060
4660,7080
4660,7100
4660,7120
4660,7140
4660,7160
4660,7180
4660,7200
4660,7220
4660,7240
4660,7260
4660,7280
4670,6000
4670,6020
4670,6040
4670,6060
4670,6080
4670,6100
4670,6120
4670,6140
4670,6160
4670,6180
4670,6200
4670,6220
4670,6240
4670,6260
4670,6280
4670,6300
4670,6320
4670,6340
4670,6360
4670,6380
4670,6400
4670,6420
4670,6440
4670,6460
4670,6480
4670,6500
4670,6520
4670,6540
4670,6560
4670,6580
4670,6600
4670,6620
4670,6640
4670,6660
4670,6680
4670,6700
4670,6720
4670,6740
4670,6760
4670,6780
4670,6800
4670,6820
4670,6840
4670,6860
4670,6880
4670,6900
4670,6920
4670,6940
4670,6960
4670,6980
4670,7000
4670,7020
4670,7040
4670,7060
4670,7080
4670,7100
4670,7120
4670,7140
4670,7160
4670,7180
4670,7200
4670,7220
4670,7240
4670,7260
4670,7280
4680,6000
4680,6020
4680,6040
4680,6060
4680,6080
4680,6100
4680,6120
4680,6140
4680,6160
4680,6180
4680,6200
4680,6220
4680,6240
4680,6260
4680,6280
4680,6300
4680,6320
4680,6340
4680,6360
4680,6380
4680,6400
4680,6420
4680,6440
4680,6460
4680,6480
4680,6500
4680,6520
4680,6540
4680,6560
4680,6580
4680,6600
4680,6620
4680,6640
4680,6660
4680,6680
4680,6700
4680,6720
4680,6740
4680,6760
4680,6780
4680,6800
4680,6820
4680,6840
4680,6860
4680,6880
4680,6900
4680,6920
4680,6940
4680,6960
4680,6980
4680,7000
4680,7020
4680,7040
4680,7060
4680,7080
4680,7100
4680,7120
4680,7140
4680,7160
4680,7180
4680,7200
4680,7220
4680,7240
4680,7260
4680,7280
4690,6000
4690,6020
4690,6040
4690,6060
4690,6080
4690,6100
4690,6120
4690,6140
4690,6160
4690,6180
4690,6200
4690,6220
4690,6240
4690,6260
4690,6280
4690,6300
4690,6320
4690,6340
4690,6360
4690,6380
4690,6400
4690,6420
4690,6440
4690,6460
4690,6480
4690,6500
4690,6520
4690,6540
4690,6560
4690,6580
4690,6600
4690,6620
4690,6640
4690,6660
4690,6680
4690,6700
4690,6720
4690,6740
4690,6760
4690,6780
4690,6800
4690,6820
4690,6840
4690,6860
4690,6880
4690,6900
4690,6920
4690,6940
4690,6960
4690,6980
4690,7000
4690,7020
4690,7040
4690,7060
4690,7080
4690,7100
4690,7120
4690,7140
4690,7160
4690,7180
4690,7200
4690,7220
4690,7240
4690,7260
4690,7280
4700,6000
4700,6020
4700,6040
4700,6060
4700,6080
4700,6100
4700,6120
4700,6140
4700,6160
4700,6180
4700,6200
4700,6220
4700,6240
4700,6260
4700,6280
4700,6300
4700,6320
4700,6340
4700,6360
4700,6380
4700,6400
4700,6420
4700,6440
4700,6460
4700,6480
4700,6500
4700,6520
4700,6540
4700,6560
4700,6580
4700,6600
4700,6620
4700,6640
4700,6660
4700,6680
4700,6700
4700,6720
4700,6740
4700,6760
4700,6780
4700,6800
4700,6820
4700,6840
4700,6860
4700,6880
4700,6900
4700,6920
4700,6940
4700,6960
4700,6980
4700,7000
4700,7020
4700,7040
4700,7060
4700,7080
4700,7100
4700,7120
4700,7140
4700,7160
4700,7180
4700,7200
4700,7220
4700,7240
4700,7260
4700,7280
4710,6000
4710,6020
4710,6040
4710,6060
4710,6080
4710,6100
4710,6120
4710,6140
4710,6160
4710,6180
4710,6200
4710,6220
4710,6240
4710,6260
4710,6280
4710,6300
4710,6320
4710,6340
4710,6360
4710,6380
4710,6400
4710,6420
4710,6440
4710,6460
4710,6480
4710,6500
4710,6520
4710,6540
4710,6560
4710,6580
4710,6600
4710,6620
4710,6640
4710,6660
4710,6680
4710,6700
4710,6720
4710,6740
4710,6760
4710,6780
4710,6800
4710,6820
4710,6840
4710,6860
4710,6880
4710,6900
4710,6920
4710,6940
4710,6960
4710,6980
4710,7000
4710,7020
4710,7040
4710,7060
4710,7080
4710,7100
4710,7120
4710,7140
4710,7160
4710,7180
4710,7200
4710,7220
4710,7240
4710,7260
4710,7280
4720,6000
4720,6020
4720,6040
4720,6060
4720,6080
4720,6100
4720,6120
4720,6140
4720,6160
4720,6180
4720,6200
4720,6220
4720,6240
4720,6260
4720,6280
4720,6300
4720,6320
4720,6340
4720,6360
4720,6380
4720,6400
4720,6420
4720,6440
4720,6460
4720,6480
4720,6500
4720,6520
4720,6540
4720,6560
4720,6580
4720,6600
4720,6620
4720,6640
4720,6660
4720,6680
4720,6700
4720,6720
4720,6740
4720,6760
4720,6780
4720,6800
4720,6820
4720,6840
4720,6860
4720,6880
4720,6900
4720,6920
4720,6940
4720,6960
4720,6980
4720,7000
4720,7020
4720,7040
4720,7060
4720,7080
4720,7100
4720,7120
4720,7140
4720,7160
4720,7180
4720,7200
4720,7220
4720,7240
4720,7260
4720,7280
4730,6000
4730,6020
4730,6040
4730,6060
4730,6080
4730,6100
4730,6120
4730,6140
4730,6160
4730,6180
4730,6200
4730,6220
4730,6240
4730,6260
4730,6280
4730,6300
4730,6320
4730,6340
4730,6360
4730,6380
4730,6400
4730,6420
4730,6440
4730,6460
4730,6480
4730,6500
4730,6520
4730,6540
4730,6560
4730,6580
4730,6600
4730,6620
4730,6640
4730,6660
4730,6680
4730,6700
4730,6720
4730,6740
4730,6760
4730,6780
4730,6800
4730,6820
4730,6840
4730,6860
4730,6880
4730,6900
4730,6920
4730,6940
4730,6960
4730,6980
4730,7000
4730,7020
4730,7040
4730,7060
4730,7080
4730,7100
4730,7120
4730,7140
4730,7160
4730,7180
4730,7200
4730,7220
4730,7240
4730,7260
4730,7280
4740,6000
4740,6020
4740,6040
4740,6060
4740,6080
4740,6100
4740,6120
4740,6140
4740,6160
4740,6180
4740,6200
4740,6220
4740,6240
4740,6260
4740,6280
4740,6300
4740,6320
4740,6340
4740,6360
4740,6380
4740,6400
4740,6420
4740,6440
4740,6460
4740,6480
4740,6500
4740,6520
4740,6540
4740,6560
4740,6580
4740,6600
4740,6620
4740,6640
4740,6660
4740,6680
4740,6700
4740,6720
4740,6740
4740,6760
4740,6780
4740,6800
4740,6820
4740,6840
4740,6860
4740,6880
4740,6900
4740,6920
4740,6940
4740,6960
4740,6980
4740,7000
4740,7020
4740,7040
4740,7060
4740,7080
4740,7100
4740,7120
4740,7140
4740,7160
4740,7180
4740,7200
4740,7220
4740,7240
4740,7260
4740,7280
4750,6000
4750,6020
4750,6040
4750,6060
4750,6080
4750,6100
4750,6120
4750,6140
4750,6160
4750,6180
4750,6200
4750,6220
4750,6240
4750,6260
4750,6280
4750,6300
4750,6320
4750,6340
4750,6360
4750,6380
4750,6400
4750,6420
4750,6440
4750,6460
4750,6480
4750,6500
4750,6520
4750,6540
4750,6560
4750,6580
4750,6600
4750,6620
4750,6640
4750,6660
4750,6680
4750,6700
4750,6720
4750,6740
4750,6760
4750,6780
4750,6800
4750,6820
4750,6840
4750,6860
4750,6880
4750,6900
4750,6920
4750,6940
4750,6960
4750,6980
4750,7000
4750,7020
4750,7040
4750,7060
4750,7080
4750,7100
4750,7120
4750,7140
4750,7160
4750,7180
4750,7200
4750,7220
4750,7240
4750,7260
4750,7280
4760,6000
4760,6020
4760,6040
4760,6060
4760,6080
4760,6100
4760,6120
4760,6140
4760,6160
4760,6180
4760,6200
4760,6220
4760,6240
4760,6260
4760,6280
4760,6300
4760,6320
4760,6340
4760,6360
4760,6380
4760,6400
4760,6420
4760,6440
4760,6460
4760,6480
4760,6500
4760,6520
4760,6540
4760,6560
4760,6580
4760,6600
4760,6620
4760,6640
4760,6660
4760,6680
4760,6700
4760,6720
4760,6740
4760,6760
4760,6780
4760,6800
4760,6820
4760,6840
4760,6860
4760,6880
4760,6900
4760,6920
4760,6940
4760,6960
4760,6980
4760,7000
4760,7020
4760,7040
4760,7060
4760,7080
4760,7100
4760,7120
4760,7140
4760,7160
4760,7180
4760,7200
4760,7220
4760,7240
4760,7260
4760,7280
4770,6000
4770,6020
4770,6040
4770,6060
4770,6080
4770,6100
4770,6120
4770,6140
4770,6160
4770,6180
4770,6200
4770,6220
4770,6240
4770,6260
4770,6280
4770,6300
4770,6320
4770,6340
4770,6360
4770,6380
4770,6400
4770,6420
4770,6440
4770,6460
4770,6480
4770,6500
4770,6520
4770,6540
4770,6560
4770,6580
4770,6600
4770,6620
4770,6640
4770,6660
4770,6680
4770,6700
4770,6720
4770,6740
4770,6760
4770,6780
4770,6800
4770,6820
4770,6840
4770,6860
4770,6880
4770,6900
4770,6920
4770,6940
4770,6960
4770,6980
4770,7000
4770,7020
4770,7040
4770,7060
4770,7080
4770,7100
4770,7120
4770,7140
4770,7160
4770,7180
4770,7200
4770,7220
4770,7240
4770,7260
4770,7280
4780,6000
4780,6020
4780,6040
4780,6060
4780,6080
4780,6100
4780,6120
4780,6140
4780,6160
4780,6180
4780,6200
4780,6220
4780,6240
4780,6260
4780,6280
4780,6300
4780,6320
4780,6340
4780,6360
4780,6380
4780,6400
4780,6420
4780,6440
4780,6460
4780,6480
4780,6500
4780,6520
4780,6540
4780,6560
4780,6580
4780,6600
4780,6620
4780,6640
4780,6660
4780,6680
4780,6700
4780,6720
4780,6740
4780,6760
4780,6780
4780,6800
4780,6820
4780,6840
4780,6860
4780,6880
4780,6900
4780,6920
4780,6940
4780,6960
4780,6980
4780,7000
4780,7020
4780,7040
4780,7060
4780,7080
4780,7100
4780,7120
4780,7140
4780,7160
4780,7180
4780,7200
4780,7220
4780,7240
4780,7260
4780,7280
4790,6000
4790,6020
4790,6040
4790,6060
4790,6080
4790,6100
4790,6120
4790,6140
4790,6160
4790,6180
4790,6200
4790,6220
4790,6240
4790,6260
4790,6280
4790,6300
4790,6320
4790,6340
4790,6360
4790,6380
4790,6400
4790,6420
4790,6440
4790,6460
4790,6480
4790,6500
4790,6520
4790,6540
4790,6560
4790,6580
4790,6600
4790,6620
4790,6640
4790,6660
4790,6680
4790,6700
4790,6720
4790,6740
4790,6760
4790,6780
4790,6800
4790,6820
4790,6840
4790,6860
4790,6880
4790,6900
4790,6920
4790,6940
4790,6960
4790,6980
4790,7000
4790,7020
4790,7040
4790,7060
4790,7080
4790,7100
4790,7120
4790,7140
4790,7160
4790,7180
4790,7200
4790,7220
4790,7240
4790,7260
4790,7280
4800,6000
4800,6020
4800,6040
4800,6060
4800,6080
4800,6100
4800,6120
4800,6140
4800,6160
4800,6180
4800,6200
4800,6220
4800,6240
4800,6260
4800,6280
4800,6300
4800,6320
4800,6340
4800,6360
4800,6380
4800,6400
4800,6420
4800,6440
4800,6460
4800,6480
4800,6500
4800,6520
4800,6540
4800,6560
4800,6580
4800,6600
4800,6620
4800,6640
4800,6660
4800,6680
4800,6700
4800,6720
4800,6740
4800,6760
4800,6780
4800,6800
4800,6820
4800,6840
4800,6860
4800,6880
4800,6900
4800,6920
4800,6940
4800,6960
4800,6980
4800,7000
4800,7020
4800,7040
4800,7060
4800,7080
4800,7100
4800,7120
4800,7140
4800,7160
4800,7180
4800,7200
4800,7220
4800,7240
4800,7260
4800,7280
4810,6000
4810,6020
4810,6040
4810,6060
4810,6080
4810,6100
4810,6120
4810,6140
4810,6160
4810,6180
4810,6200
4810,6220
4810,6240
4810,6260
4810,6280
4810,6300
4810,6320
4810,6340
4810,6360
4810,6380
4810,6400
4810,6420
4810,6440
4810,6460
4810,6480
4810,6500
4810,6520
4810,6540
4810,6560
4810,6580
4810,6600
4810,6620
4810,6640
4810,6660
4810,6680
4810,6700
4810,6720
4810,6740
4810,6760
4810,6780
4810,6800
4810,6820
4810,6840
4810,6860
4810,6880
4810,6900
4810,6920
4810,6940
4810,6960
4810,6980
4810,7000
4810,7020
4810,7040
4810,7060
4810,7080
4810,7100
4810,7120
4810,7140
4810,7160
4810,7180
4810,7200
4810,7220
4810,7240
4810,7260
4810,7280
4820,6000
4820,6020
4820,6040
4820,6060
4820,6080
4820,6100
4820,6120
4820,6140
4820,6160
4820,6180
4820,6200
4820,6220
4820,6240
4820,6260
4820,6280
4820,6300
4820,6320
4820,6340
4820,6360
4820,6380
4820,6400
4820,6420
4820,6440
4820,6460
4820,6480
4820,6500
4820,6520
4820,6540
4820,6560
4820,6580
4820,6600
4820,6620
4820,6640
4820,6660
4820,6680
4820,6700
4820,6720
4820,6740
4820,6760
4820,6780
4820,6800
4820,6820
4820,6840
4820,6860
4820,6880
4820,6900
4820,6920
4820,6940
4820,6960
4820,6980
4820,7000
4820,7020
4820,7040
4820,7060
4820,7080
4820,7100
4820,7120
4820,7140
4820,7160
4820,7180
4820,7200
4820,7220
4820,7240
4820,7260
4820,7280
4830,6000
4830,6020
4830,6040
4830,6060
4830,6080
4830,6100
4830,6120
4830,6140
4830,6160
4830,6180
4830,6200
4830,6220
4830,6240
4830,6260
4830,6280
4830,6300
4830,6320
4830,6340
4830,6360
4830,6380
4830,6400
4830,6420
4830,6440
4830,6460
4830,6480
4830,6500
4830,6520
4830,6540
4830,6560
4830,6580
4830,6600
4830,6620
4830,6640
4830,6660
4830,6680
4830,6700
4830,6720
4830,6740
4830,6760
4830,6780
4830,6800
4830,6820
4830,6840
4830,6860
4830,6880
4830,6900
4830,6920
4830,6940
4830,6960
4830,6980
4830,7000
4830,7020
4830,7040
4830,7060
4830,7080
4830,7100
4830,7120
4830,7140
4830,7160
4830,7180
4830,7200
4830,7220
4830,7240
4830,7260
4830,7280
4840,6000
4840,6020
4840,6040
4840,6060
4840,6080
4840,6100
4840,6120
4840,6140
4840,6160
4840,6180
4840,6200
4840,6220
4840,6240
4840,6260
4840,6280
4840,6300
4840,6320
4840,6340
4840,6360
4840,6380
4840,6400
4840,6420
4840,6440
4840,6460
4840,6480
4840,6500
4840,6520
4840,6540
4840,6560
4840,6580
4840,6600
4840,6620
4840,6640
4840,6660
4840,6680
4840,6700
4840,6720
4840,6740
4840,6760
4840,6780
4840,6800
4840,6820
4840,6840
4840,6860
4840,6880
4840,6900
4840,6920
4840,6940
4840,6960
4840,6980
4840,7000
4840,7020
4840,7040
4840,7060
4840,7080
4840,7100
4840,7120
4840,7140
4840,7160
4840,7180
4840,7200
4840,7220
4840,7240
4840,7260
4840,7280
4850,6000
4850,6020
4850,6040
4850,6060
4850,6080
4850,6100
4850,6120
4850,6140
4850,6160
4850,6180
4850,6200
4850,6220
4850,6240
4850,6260
4850,6280
4850,6300
4850,6320
4850,6340
4850,6360
4850,6380
4850,6400
4850,6420
4850,6440
4850,6460
4850,6480
4850,6500
4850,6520
4850,6540
4850,6560
4850,6580
4850,6600
4850,6620
4850,6640
4850,6660
4850,6680
4850,6700
4850,6720
4850,6740
4850,6760
4850,6780
4850,6800
4850,6820
4850,6840
4850,6860
4850,6880
4850,6900
4850,6920
4850,6940
4850,6960
4850,6980
4850,7000
4850,7020
4850,7040
4850,7060
4850,7080
4850,7100
4850,7120
4850,7140
4850,7160
4850,7180
4850,7200
4850,7220
4850,7240
4850,7260
4850,7280
4860,6000
4860,6020
4860,6040
4860,6060
4860,6080
4860,6100
4860,6120
4860,6140
4860,6160
4860,6180
4860,6200
4860,6220
4860,6240
4860,6260
4860,6280
4860,6300
4860,6320
4860,6340
4860,6360
4860,6380
4860,6400
4860,6420
4860,6440
4860,6460
4860,6480
4860,6500
4860,6520
4860,6540
4860,6560
4860,6580
4860,6600
4860,6620
4860,6640
4860,6660
4860,6680
4860,6700
4860,6720
4860,6740
4860,6760
4860,6780
4860,6800
4860,6820
4860,6840
4860,6860
4860,6880
4860,6900
4860,6920
4860,6940
4860,6960
4860,6980
4860,7000
4860,7020
4860,7040
4860,7060
4860,7080
4860,7100
4860,7120
4860,7140
4860,7160
4860,7180
4860,7200
4860,7220
4860,7240
4860,7260
4860,7280
4870,6000
4870,6020
4870,6040
4870,6060
4870,6080
4870,6100
4870,6120
4870,6140
4870,6160
4870,6180
4870,6200
4870,6220
4870,6240
4870,6260
4870,6280
4870,6300
4870,6320
4870,6340
4870,6360
4870,6380
4870,6400
4870,6420
4870,6440
4870,6460
4870,6480
4870,6500
4870,6520
4870,6540
4870,6560
4870,6580
4870,6600
4870,6620
4870,6640
4870,6660
4870,6680
4870,6700
4870,6720
4870,6740
4870,6760
4870,6780
4870,6800
4870,6820
4870,6840
4870,6860
4870,6880
4870,6900
4870,6920
4870,6940
4870,6960
4870,6980
4870,7000
4870,7020
4870,7040
4870,7060
4870,7080
4870,7100
4870,7120
4870,7140
4870,7160
4870,7180
4870,7200
4870,7220
4870,7240
4870,7260
4870,7280
4880,6000
4880,6020
4880,6040
4880,6060
4880,6080
4880,6100
4880,6120
4880,6140
4880,6160
4880,6180
4880,6200
4880,6220
4880,6240
4880,6260
4880,6280
4880,6300
4880,6320
4880,6340
4880,6360
4880,6380
4880,6400
4880,6420
4880,6440
4880,6460
4880,6480
4880,6500
4880,6520
4880,6540
4880,6560
4880,6580
4880,6600
4880,6620
4880,6640
4880,6660
4880,6680
4880,6700
4880,6720
4880,6740
4880,6760
4880,6780
4880,6800
4880,6820
4880,6840
4880,6860
4880,6880
4880,6900
4880,6920
4880,6940
4880,6960
4880,6980
4880,7000
4880,7020
4880,7040
4880,7060
4880,7080
4880,7100
4880,7120
4880,7140
4880,7160
4880,7180
4880,7200
4880,7220
4880,7240
4880,7260
4880,7280
4890,6000
4890,6020
4890,6040
4890,6060
4890,6080
4890,6100
4890,6120
4890,6140
4890,6160
4890,6180
4890,6200
4890,6220
4890,6240
4890,6260
4890,6280
4890,6300
4890,6320
4890,6340
4890,6360
4890,6380
4890,6400
4890,6420
4890,6440
4890,6460
4890,6480
4890,6500
4890,6520
4890,6540
4890,6560
4890,6580
4890,6600
4890,6620
4890,6640
4890,6660
4890,6680
4890,6700
4890,6720
4890,6740
4890,6760
4890,6780
4890,6800
4890,6820
4890,6840
4890,6860
4890,6880
4890,6900
4890,6920
4890,6940
4890,6960
4890,6980
4890,7000
4890,7020
4890,7040
4890,7060
4890,7080
4890,7100
4890,7120
4890,7140
4890,7160
4890,7180
4890,7200
4890,7220
4890,7240
4890,7260
4890,7280
4900,6000
4900,6020
4900,6040
4900,6060
4900,6080
4900,6100
4900,6120
4900,6140
4900,6160
4900,6180
4900,6200
4900,6220
4900,6240
4900,6260
4900,6280
4900,6300
4900,6320
4900,6340
4900,6360
4900,6380
4900,6400
4900,6420
4900,6440
4900,6460
4900,6480
4900,6500
4900,6520
4900,6540
4900,6560
4900,6580
4900,6600
4900,6620
4900,6640
4900,6660
4900,6680
4900,6700
4900,6720
4900,6740
4900,6760
4900,6780
4900,6800
4900,6820
4900,6840
4900,6860
4900,6880
4900,6900
4900,6920
4900,6940
4900,6960
4900,6980
4900,7000
4900,7020
4900,7040
4900,7060
4900,7080
4900,7100
4900,7120
4900,7140
4900,7160
4900,7180
4900,7200
4900,7220
4900,7240
4900,7260
4900,7280
4910,6000
4910,6020
4910,6040
4910,6060
4910,6080
4910,6100
4910,6120
4910,6140
4910,6160
4910,6180
4910,6200
4910,6220
4910,6240
4910,6260
4910,6280
4910,6300
4910,6320
4910,6340
4910,6360
4910,6380
4910,6400
4910,6420
4910,6440
4910,6460
4910,6480
4910,6500
4910,6520
4910,6540
4910,6560
4910,6580
4910,6600
4910,6620
4910,6640
4910,6660
4910,6680
4910,6700
4910,6720
4910,6740
4910,6760
4910,6780
4910,6800
4910,6820
4910,6840
4910,6860
4910,6880
4910,6900
4910,6920
4910,6940
4910,6960
4910,6980
4910,7000
4910,7020
4910,7040
4910,7060
4910,7080
4910,7100
4910,7120
4910,7140
4910,7160
4910,7180
4910,7200
4910,7220
4910,7240
4910,7260
4910,7280
4920,6000
4920,6020
4920,6040
4920,6060
4920,6080
4920,6100
4920,6120
4920,6140
4920,6160
4920,6180
4920,6200
4920,6220
4920,6240
4920,6260
4920,6280
4920,6300
4920,6320
4920,6340
4920,6360
4920,6380
4920,6400
4920,6420
4920,6440
4920,6460
4920,6480
4920,6500
4920,6520
4920,6540
4920,6560
4920,6580
4920,6600
4920,6620
4920,6640
4920,6660
4920,6680
4920,6700
4920,6720
4920,6740
4920,6760
4920,6780
4920,6800
4920,6820
4920,6840
4920,6860
4920,6880
4920,6900
4920,6920
4920,6940
4920,6960
4920,6980
4920,7000
4920,7020
4920,7040
4920,7060
4920,7080
4920,7100
4920,7120
4920,7140
4920,7160
4920,7180
4920,7200
4920,7220
4920,7240
4920,7260
4920,7280
4930,6000
4930,6020
4930,6040
4930,6060
4930,6080
4930,6100
4930,6120
4930,6140
4930,6160
4930,6180
4930,6200
4930,6220
4930,6240
4930,6260
4930,6280
4930,6300
4930,6320
4930,6340
4930,6360
4930,6380
4930,6400
4930,6420
4930,6440
4930,6460
4930,6480
4930,6500
4930,6520
4930,6540
4930,6560
4930,6580
4930,6600
4930,6620
4930,6640
4930,6660
4930,6680
4930,6700
4930,6720
4930,6740
4930,6760
4930,6780
4930,6800
4930,6820
4930,6840
4930,6860
4930,6880
4930,6900
4930,6920
4930,6940
4930,6960
4930,6980
4930,7000
4930,7020
4930,7040
4930,7060
4930,7080
4930,7100
4930,7120
4930,7140
4930,7160
4930,7180
4930,7200
4930,7220
4930,7240
4930,7260
4930,7280
4940,6000
4940,6020
4940,6040
4940,6060
4940,6080
4940,6100
4940,6120
4940,6140
4940,6160
4940,6180
4940,6200
4940,6220
4940,6240
4940,6260
4940,6280
4940,6300
4940,6320
4940,6340
4940,6360
4940,6380
4940,6400
4940,6420
4940,6440
4940,6460
4940,6480
4940,6500
4940,6520
4940,6540
4940,6560
4940,6580
4940,6600
4940,6620
4940,6640
4940,6660
4940,6680
4940,6700
4940,6720
4940,6740
4940,6760
4940,6780
4940,6800
4940,6820
4940,6840
4940,6860
4940,6880
4940,6900
4940,6920
4940,6940
4940,6960
4940,6980
4940,7000
4940,7020
4940,7040
4940,7060
4940,7080
4940,7100
4940,7120
4940,7140
4940,7160
4940,7180
4940,7200
4940,7220
4940,7240
4940,7260
4940,7280
4950,6000
4950,6020
4950,6040
4950,6060
4950,6080
4950,6100
4950,6120
4950,6140
4950,6160
4950,6180
4950,6200
4950,6220
4950,6240
4950,6260
4950,6280
4950,6300
4950,6320
4950,6340
4950,6360
4950,6380
4950,6400
4950,6420
4950,6440
4950,6460
4950,6480
4950,6500
4950,6520
4950,6540
4950,6560
4950,6580
4950,6600
4950,6620
4950,6640
4950,6660
4950,6680
4950,6700
4950,6720
4950,6740
4950,6760
4950,6780
4950,6800
4950,6820
4950,6840
4950,6860
4950,6880
4950,6900
4950,6920
4950,6940
4950,6960
4950,6980
4950,7000
4950,7020
4950,7040
4950,7060
4950,7080
4950,7100
4950,7120
4950,7140
4950,7160
4950,7180
4950,7200
4950,7220
4950,7240
4950,7260
4950,7280
4960,6000
4960,6020
4960,6040
4960,6060
4960,6080
4960,6100
4960,6120
4960,6140
4960,6160
4960,6180
4960,6200
4960,6220
4960,6240
4960,6260
4960,6280
4960,6300
4960,6320
4960,6340
4960,6360
4960,6380
4960,6400
4960,6420
4960,6440
4960,6460
4960,6480
4960,6500
4960,6520
4960,6540
4960,6560
4960,6580
4960,6600
4960,6620
4960,6640
4960,6660
4960,6680
4960,6700
4960,6720
4960,6740
4960,6760
4960,6780
4960,6800
4960,6820
4960,6840
4960,6860
4960,6880
4960,6900
4960,6920
4960,6940
4960,6960
4960,6980
4960,7000
4960,7020
4960,7040
4960,7060
4960,7080
4960,7100
4960,7120
4960,7140
4960,7160
4960,7180
4960,7200
4960,7220
4960,7240
4960,7260
4960,7280
4970,6000
4970,6020
4970,6040
4970,6060
4970,6080
4970,6100
4970,6120
4970,6140
4970,6160
4970,6180
4970,6200
4970,6220
4970,6240
4970,6260
4970,6280
4970,6300
4970,6320
4970,6340
4970,6360
4970,6380
4970,6400
4970,6420
4970,6440
4970,6460
4970,6480
4970,6500
4970,6520
4970,6540
4970,6560
4970,6580
4970,6600
4970,6620
4970,6640
4970,6660
4970,6680
4970,6700
4970,6720
4970,6740
4970,6760
4970,6780
4970,6800
4970,6820
4970,6840
4970,6860
4970,6880
4970,6900
4970,6920
4970,6940
4970,6960
4970,6980
4970,7000
4970,7020
4970,7040
4970,7060
4970,7080
4970,7100
4970,7120
4970,7140
4970,7160
4970,7180
4970,7200
4970,7220
4970,7240
4970,7260
4970,7280
4980,6000
4980,6020
4980,6040
4980,6060
4980,6080
4980,6100
4980,6120
4980,6140
4980,6160
4980,6180
4980,6200
4980,6220
4980,6240
4980,6260
4980,6280
4980,6300
4980,6320
4980,6340
4980,6360
4980,6380
4980,6400
4980,6420
4980,6440
4980,6460
4980,6480
4980,6500
4980,6520
4980,6540
4980,6560
4980,6580
4980,6600
4980,6620
4980,6640
4980,6660
4980,6680
4980,6700
4980,6720
4980,6740
4980,6760
4980,6780
4980,6800
4980,6820
4980,6840
4980,6860
4980,6880
4980,6900
4980,6920
4980,6940
4980,6960
4980,6980
4980,7000
4980,7020
4980,7040
4980,7060
4980,7080
4980,7100
4980,7120
4980,7140
4980,7160
4980,7180
4980,7200
4980,7220
4980,7240
4980,7260
4980,7280
4990,6000
4990,6020
4990,6040
4990,6060
4990,6080
4990,6100
4990,6120
4990,6140
4990,6160
4990,6180
4990,6200
4990,6220
4990,6240
4990,6260
4990,6280
4990,6300
4990,6320
4990,6340
4990,6360
4990,6380
4990,6400
4990,6420
4990,6440
4990,6460
4990,6480
4990,6500
4990,6520
4990,6540
4990,6560
4990,6580
4990,6600
4990,6620
4990,6640
4990,6660
4990,6680
4990,6700
4990,6720
4990,6740
4990,6760
4990,6780
4990,6800
4990,6820
4990,6840
4990,6860
4990,6880
4990,6900
4990,6920
4990,6940
4990,6960
4990,6980
4990,7000
4990,7020
4990,7040
4990,7060
4990,7080
4990,7100
4990,7120
4990,7140
4990,7160
4990,7180
4990,7200
4990,7220
4990,7240
4990,7260
4990,7280
5000,6000
5000,6020
5000,6040
5000,6060
5000,6080
5000,6100
5000,6120
5000,6140
5000,6160
5000,6180
5000,6200
5000,6220
5000,6240
5000,6260
5000,6280
5000,6300
5000,6320
5000,6340
5000,6360
5000,6380
5000,6400
5000,6420
5000,6440
5000,6460
5000,6480
5000,6500
5000,6520
5000,6540
5000,6560
5000,6580
5000,6600
5000,6620
5000,6640
5000,6660
5000,6680
5000,6700
5000,6720
5000,6740
5000,6760
5000,6780
5000,6800
5000,6820
5000,6840
5000,6860
5000,6880
5000,6900
5000,6920
5000,6940
5000,6960
5000,6980
5000,7000
5000,7020
5000,7040
5000,7060
5000,7080
5000,7100
5000,7120
5000,7140
5000,7160
5000,7180
5000,7200
5000,7220
5000,7240
5000,7260
5000,7280
5010,6000
5010,6020
5010,6040
5010,6060
5010,6080
5010,6100
5010,6120
5010,6140
5010,6160
5010,6180
5010,6200
5010,6220
5010,6240
5010,6260
5010,6280
5010,6300
5010,6320
5010,6340
5010,6360
5010,6380
5010,6400
5010,6420
5010,6440
5010,6460
5010,6480
5010,6500
5010,6520
5010,6540
5010,6560
5010,6580
5010,6600
5010,6620
5010,6640
5010,6660
5010,6680
5010,6700
5010,6720
5010,6740
5010,6760
5010,6780
5010,6800
5010,6820
5010,6840
5010,6860
5010,6880
5010,6900
5010,6920
5010,6940
5010,6960
5010,6980
5010,7000
5010,7020
5010,7040
5010,7060
5010,7080
5010,7100
5010,7120
5010,7140
5010,7160
5010,7180
5010,7200
5010,7220
5010,7240
5010,7260
5010,7280
5020,6000
5020,6020
5020,6040
5020,6060
5020,6080
5020,6100
5020,6120
5020,6140
5020,6160
5020,6180
5020,6200
5020,6220
5020,6240
5020,6260
5020,6280
5020,6300
5020,6320
5020,6340
5020,6360
5020,6380
5020,6400
5020,6420
5020,6440
5020,6460
5020,6480
5020,6500
5020,6520
5020,6540
5020,6560
5020,6580
5020,6600
5020,6620
5020,6640
5020,6660
5020,6680
5020,6700
5020,6720
5020,6740
5020,6760
5020,6780
5020,6800
5020,6820
5020,6840
5020,6860
5020,6880
5020,6900
5020,6920
5020,6940
5020,6960
5020,6980
5020,7000
5020,7020
5020,7040
5020,7060
5020,7080
5020,7100
5020,7120
5020,7140
5020,7160
5020,7180
5020,7200
5020,7220
5020,7240
5020,7260
5020,7280
5030,6000
5030,6020
5030,6040
5030,6060
5030,6080
5030,6100
5030,6120
5030,6140
5030,6160
5030,6180
5030,6200
5030,6220
5030,6240
5030,6260
5030,6280
5030,6300
5030,6320
5030,6340
5030,6360
5030,6380
5030,6400
5030,6420
5030,6440
5030,6460
5030,6480
5030,6500
5030,6520
5030,6540
5030,6560
5030,6580
5030,6600
5030,6620
5030,6640
5030,6660
5030,6680
5030,6700
5030,6720
5030,6740
5030,6760
5030,6780
5030,6800
5030,6820
5030,6840
5030,6860
5030,6880
5030,6900
5030,6920
5030,6940
5030,6960
5030,6980
5030,7000
5030,7020
5030,7040
5030,7060
5030,7080
5030,7100
5030,7120
5030,7140
5030,7160
5030,7180
5030,7200
5030,7220
5030,7240
5030,7260
5030,7280
5040,6000
5040,6020
5040,6040
5040,6060
5040,6080
5040,6100
5040,6120
5040,6140
5040,6160
5040,6180
5040,6200
5040,6220
5040,6240
5040,6260
5040,6280
5040,6300
5040,6320
5040,6340
5040,6360
5040,6380
5040,6400
5040,6420
5040,6440
5040,6460
5040,6480
5040,6500
5040,6520
5040,6540
5040,6560
5040,6580
5040,6600
5040,6620
5040,6640
5040,6660
5040,6680
5040,6700
5040,6720
5040,6740
5040,6760
5040,6780
5040,6800
5040,6820
5040,6840
5040,6860
5040,6880
5040,6900
5040,6920
5040,6940
5040,6960
5040,6980
5040,7000
5040,7020
5040,7040
5040,7060
5040,7080
5040,7100
5040,7120
5040,7140
5040,7160
5040,7180
5040,7200
5040,7220
5040,7240
5040,7260
5040,7280
5050,6000
5050,6020
5050,6040
5050,6060
5050,6080
5050,6100
5050,6120
5050,6140
5050,6160
5050,6180
5050,6200
5050,6220
5050,6240
5050,6260
5050,6280
5050,6300
5050,6320
5050,6340
5050,6360
5050,6380
5050,6400
5050,6420
5050,6440
5050,6460
5050,6480
5050,6500
5050,6520
5050,6540
5050,6560
5050,6580
5050,6600
5050,6620
5050,6640
5050,6660
5050,6680
5050,6700
5050,6720
5050,6740
5050,6760
5050,6780
5050,6800
5050,6820
5050,6840
5050,6860
5050,6880
5050,6900
5050,6920
5050,6940
5050,6960
5050,6980
5050,7000
5050,7020
5050,7040
5050,7060
5050,7080
5050,7100
5050,7120
5050,7140
5050,7160
5050,7180
5050,7200
5050,7220
5050,7240
5050,7260
5050,7280
5060,6000
5060,6020
5060,6040
5060,6060
5060,6080
5060,6100
5060,6120
5060,6140
5060,6160
5060,6180
5060,6200
5060,6220
5060,6240
5060,6260
5060,6280
5060,6300
5060,6320
5060,6340
5060,6360
5060,6380
5060,6400
5060,6420
5060,6440
5060,6460
5060,6480
5060,6500
5060,6520
5060,6540
5060,6560
5060,6580
5060,6600
5060,6620
5060,6640
5060,6660
5060,6680
5060,6700
5060,6720
5060,6740
5060,6760
5060,6780
5060,6800
5060,6820
5060,6840
5060,6860
5060,6880
5060,6900
5060,6920
5060,6940
5060,6960
5060,6980
5060,7000
5060,7020
5060,7040
5060,7060
5060,7080
5060,7100
5060,7120
5060,7140
5060,7160
5060,7180
5060,7200
5060,7220
5060,7240
5060,7260
5060,7280
5070,6000
5070,6020
5070,6040
5070,6060
5070,6080
5070,6100
5070,6120
5070,6140
5070,6160
5070,6180
5070,6200
5070,6220
5070,6240
5070,6260
5070,6280
5070,6300
5070,6320
5070,6340
5070,6360
5070,6380
5070,6400
5070,6420
5070,6440
5070,6460
5070,6480
5070,6500
5070,6520
5070,6540
5070,6560
5070,6580
5070,6600
5070,6620
5070,6640
5070,6660
5070,6680
5070,6700
5070,6720
5070,6740
5070,6760
5070,6780
5070,6800
5070,6820
5070,6840
5070,6860
5070,6880
5070,6900
5070,6920
5070,6940
5070,6960
5070,6980
5070,7000
5070,7020
5070,7040
5070,7060
5070,7080
5070,7100
5070,7120
5070,7140
5070,7160
5070,7180
5070,7200
5070,7220
5070,7240
5070,7260
5070,7280
5080,6000
5080,6020
5080,6040
5080,6060
5080,6080
5080,6100
5080,6120
5080,6140
5080,6160
5080,6180
5080,6200
5080,6220
5080,6240
5080,6260
5080,6280
5080,6300
5080,6320
5080,6340
5080,6360
5080,6380
5080,6400
5080,6420
5080,6440
5080,6460
5080,6480
5080,6500
5080,6520
5080,6540
5080,6560
5080,6580
5080,6600
5080,6620
5080,6640
5080,6660
5080,6680
5080,6700
5080,6720
5080,6740
5080,6760
5080,6780
5080,6800
5080,6820
5080,6840
5080,6860
5080,6880
5080,6900
5080,6920
5080,6940
5080,6960
5080,6980
5080,7000
5080,7020
5080,7040
5080,7060
5080,7080
5080,7100
5080,7120
5080,7140
5080,7160
5080,7180
5080,7200
5080,7220
5080,7240
5080,7260
5080,7280
5090,6000
5090,6020
5090,6040
5090,6060
5090,6080
5090,6100
5090,6120
5090,6140
5090,6160
5090,6180
5090,6200
5090,6220
5090,6240
5090,6260
5090,6280
5090,6300
5090,6320
5090,6340
5090,6360
5090,6380
5090,6400
5090,6420
5090,6440
5090,6460
5090,6480
5090,6500
5090,6520
5090,6540
5090,6560
5090,6580
5090,6600
5090,6620
5090,6640
5090,6660
5090,6680
5090,6700
5090,6720
5090,6740
5090,6760
5090,6780
5090,6800
5090,6820
5090,6840
5090,6860
5090,6880
5090,6900
5090,6920
5090,6940
5090,6960
5090,6980
5090,7000
5090,7020
5090,7040
5090,7060
5090,7080
5090,7100
5090,7120
5090,7140
5090,7160
5090,7180
5090,7200
5090,7220
5090,7240
5090,7260
5090,7280
5100,6000
5100,6020
5100,6040
5100,6060
5100,6080
5100,6100
5100,6120
5100,6140
5100,6160
5100,6180
5100,6200
5100,6220
5100,6240
5100,6260
5100,6280
5100,6300
5100,6320
5100,6340
5100,6360
5100,6380
5100,6400
5100,6420
5100,6440
5100,6460
5100,6480
5100,6500
5100,6520
5100,6540
5100,6560
5100,6580
5100,6600
5100,6620
5100,6640
5100,6660
5100,6680
5100,6700
5100,6720
5100,6740
5100,6760
5100,6780
5100,6800
5100,6820
5100,6840
5100,6860
5100,6880
5100,6900
5100,6920
5100,6940
5100,6960
5100,6980
5100,7000
5100,7020
5100,7040
5100,7060
5100,7080
5100,7100
5100,7120
5100,7140
5100,7160
5100,7180
5100,7200
5100,7220
5100,7240
5100,7260
5100,7280
5110,6000
5110,6020
5110,6040
5110,6060
5110,6080
5110,6100
5110,6120
5110,6140
5110,6160
5110,6180
5110,6200
5110,6220
5110,6240
5110,6260
5110,6280
5110,6300
5110,6320
5110,6340
5110,6360
5110,6380
5110,6400
5110,6420
5110,6440
5110,6460
5110,6480
5110,6500
5110,6520
5110,6540
5110,6560
5110,6580
5110,6600
5110,6620
5110,6640
5110,6660
5110,6680
5110,6700
5110,6720
5110,6740
5110,6760
5110,6780
5110,6800
5110,6820
5110,6840
5110,6860
5110,6880
5110,6900
5110,6920
5110,6940
5110,6960
5110,6980
5110,7000
5110,7020
5110,7040
5110,7060
5110,7080
5110,7100
5110,7120
5110,7140
5110,7160
5110,7180
5110,7200
5110,7220
5110,7240
5110,7260
5110,7280
5120,6000
5120,6020
5120,6040
5120,6060
5120,6080
5120,6100
5120,6120
5120,6140
5120,6160
5120,6180
5120,6200
5120,6220
5120,6240
5120,6260
5120,6280
5120,6300
5120,6320
5120,6340
5120,6360
5120,6380
5120,6400
5120,6420
5120,6440
5120,6460
5120,6480
5120,6500
5120,6520
5120,6540
5120,6560
5120,6580
5120,6600
5120,6620
5120,6640
5120,6660
5120,6680
5120,6700
5120,6720
5120,6740
5120,6760
5120,6780
5120,6800
5120,6820
5120,6840
5120,6860
5120,6880
5120,6900
5120,6920
5120,6940
5120,6960
5120,6980
5120,7000
5120,7020
5120,7040
5120,7060
5120,7080
5120,7100
5120,7120
5120,7140
5120,7160
5120,7180
5120,7200
5120,7220
5120,7240
5120,7260
5120,7280
5130,6000
5130,6020
5130,6040
5130,6060
5130,6080
5130,6100
5130,6120
5130,6140
5130,6160
5130,6180
5130,6200
5130,6220
5130,6240
5130,6260
5130,6280
5130,6300
5130,6320
5130,6340
5130,6360
5130,6380
5130,6400
5130,6420
5130,6440
5130,6460
5130,6480
5130,6500
5130,6520
5130,6540
5130,6560
5130,6580
5130,6600
5130,6620
5130,6640
5130,6660
5130,6680
5130,6700
5130,6720
5130,6740
5130,6760
5130,6780
5130,6800
5130,6820
5130,6840
5130,6860
5130,6880
5130,6900
5130,6920
5130,6940
5130,6960
5130,6980
5130,7000
5130,7020
5130,7040
5130,7060
5130,7080
5130,7100
5130,7120
5130,7140
5130,7160
5130,7180
5130,7200
5130,7220
5130,7240
5130,7260
5130,7280
5140,6000
5140,6020
5140,6040
5140,6060
5140,6080
5140,6100
5140,6120
5140,6140
5140,6160
5140,6180
5140,6200
5140,6220
5140,6240
5140,6260
5140,6280
5140,6300
5140,6320
5140,6340
5140,6360
5140,6380
5140,6400
5140,6420
5140,6440
5140,6460
5140,6480
5140,6500
5140,6520
5140,6540
5140,6560
5140,6580
5140,6600
5140,6620
5140,6640
5140,6660
5140,6680
5140,6700
5140,6720
5140,6740
5140,6760
5140,6780
5140,6800
5140,6820
5140,6840
5140,6860
5140,6880
5140,6900
5140,6920
5140,6940
5140,6960
5140,6980
5140,7000
5140,7020
5140,7040
5140,7060
5140,7080
5140,7100
5140,7120
5140,7140
5140,7160
5140,7180
5140,7200
5140,7220
5140,7240
5140,7260
5140,7280
5150,6000
5150,6020
5150,6040
5150,6060
5150,6080
5150,6100
5150,6120
5150,6140
5150,6160
5150,6180
5150,6200
5150,6220
5150,6240
5150,6260
5150,6280
5150,6300
5150,6320
5150,6340
5150,6360
5150,6380
5150,6400
5150,6420
5150,6440
5150,6460
5150,6480
5150,6500
5150,6520
5150,6540
5150,6560
5150,6580
5150,6600
5150,6620
5150,6640
5150,6660
5150,6680
5150,6700
5150,6720
5150,6740
5150,6760
5150,6780
5150,6800
5150,6820
5150,6840
5150,6860
5150,6880
5150,6900
5150,6920
5150,6940
5150,6960
5150,6980
5150,7000
5150,7020
5150,7040
5150,7060
5150,7080
5150,7100
5150,7120
5150,7140
5150,7160
5150,7180
5150,7200
5150,7220
5150,7240
5150,7260
5150,7280
5160,6000
5160,6020
5160,6040
5160,6060
5160,6080
5160,6100
5160,6120
5160,6140
5160,6160
5160,6180
5160,6200
5160,6220
5160,6240
5160,6260
5160,6280
5160,6300
5160,6320
5160,6340
5160,6360
5160,6380
5160,6400
5160,6420
5160,6440
5160,6460
5160,6480
5160,6500
5160,6520
5160,6540
5160,6560
5160,6580
5160,6600
5160,6620
5160,6640
5160,6660
5160,6680
5160,6700
5160,6720
5160,6740
5160,6760
5160,6780
5160,6800
5160,6820
5160,6840
5160,6860
5160,6880
5160,6900
5160,6920
5160,6940
5160,6960
5160,6980
5160,7000
5160,7020
5160,7040
5160,7060
5160,7080
5160,7100
5160,7120
5160,7140
5160,7160
5160,7180
5160,7200
5160,7220
5160,7240
5160,7260
5160,7280
5170,6000
5170,6020
5170,6040
5170,6060
5170,6080
5170,6100
5170,6120
5170,6140
5170,6160
5170,6180
5170,6200
5170,6220
5170,6240
5170,6260
5170,6280
5170,6300
5170,6320
5170,6340
5170,6360
5170,6380
5170,6400
5170,6420
5170,6440
5170,6460
5170,6480
5170,6500
5170,6520
5170,6540
5170,6560
5170,6580
5170,6600
5170,6620
5170,6640
5170,6660
5170,6680
5170,6700
5170,6720
5170,6740
5170,6760
5170,6780
5170,6800
5170,6820
5170,6840
5170,6860
5170,6880
5170,6900
5170,6920
5170,6940
5170,6960
5170,6980
5170,7000
5170,7020
5170,7040
5170,7060
5170,7080
5170,7100
5170,7120
5170,7140
5170,7160
5170,7180
5170,7200
5170,7220
5170,7240
5170,7260
5170,7280
5180,6000
5180,6020
5180,6040
5180,6060
5180,6080
5180,6100
5180,6120
5180,6140
5180,6160
5180,6180
5180,6200
5180,6220
5180,6240
5180,6260
5180,6280
5180,6300
5180,6320
5180,6340
5180,6360
5180,6380
5180,6400
5180,6420
5180,6440
5180,6460
5180,6480
5180,6500
5180,6520
5180,6540
5180,6560
5180,6580
5180,6600
5180,6620
5180,6640
5180,6660
5180,6680
5180,6700
5180,6720
5180,6740
5180,6760
5180,6780
5180,6800
5180,6820
5180,6840
5180,6860
5180,6880
5180,6900
5180,6920
5180,6940
5180,6960
5180,6980
5180,7000
5180,7020
5180,7040
5180,7060
5180,7080
5180,7100
5180,7120
5180,7140
5180,7160
5180,7180
5180,7200
5180,7220
5180,7240
5180,7260
5180,7280
5190,6000
5190,6020
5190,6040
5190,6060
5190,6080
5190,6100
5190,6120
5190,6140
5190,6160
5190,6180
5190,6200
5190,6220
5190,6240
5190,6260
5190,6280
5190,6300
5190,6320
5190,6340
5190,6360
5190,6380
5190,6400
5190,6420
5190,6440
5190,6460
5190,6480
5190,6500
5190,6520
5190,6540
5190,6560
5190,6580
5190,6600
5190,6620
5190,6640
5190,6660
5190,6680
5190,6700
5190,6720
5190,6740
5190,6760
5190,6780
5190,6800
5190,6820
5190,6840
5190,6860
5190,6880
5190,6900
5190,6920
5190,6940
5190,6960
5190,6980
5190,7000
5190,7020
5190,7040
5190,7060
5190,7080
5190,7100
5190,7120
5190,7140
5190,7160
5190,7180
5190,7200
5190,7220
5190,7240
5190,7260
5190,7280
5200,6000
5200,6020
5200,6040
5200,6060
5200,6080
5200,6100
5200,6120
5200,6140
5200,6160
5200,6180
5200,6200
5200,6220
5200,6240
5200,6260
5200,6280
5200,6300
5200,6320
5200,6340
5200,6360
5200,6380
5200,6400
5200,6420
5200,6440
5200,6460
5200,6480
5200,6500
5200,6520
5200,6540
5200,6560
5200,6580
5200,6600
5200,6620
5200,6640
5200,6660
5200,6680
5200,6700
5200,6720
5200,6740
5200,6760
5200,6780
5200,6800
5200,6820
5200,6840
5200,6860
5200,6880
5200,6900
5200,6920
5200,6940
5200,6960
5200,6980
5200,7000
5200,7020
5200,7040
5200,7060
5200,7080
5200,7100
5200,7120
5200,7140
5200,7160
5200,7180
5200,7200
5200,7220
5200,7240
5200,7260
5200,7280
5210,6000
5210,6020
5210,6040
5210,6060
5210,6080
5210,6100
5210,6120
5210,6140
5210,6160
5210,6180
5210,6200
5210,6220
5210,6240
5210,6260
5210,6280
5210,6300
5210,6320
5210,6340
5210,6360
5210,6380
5210,6400
5210,6420
5210,6440
5210,6460
5210,6480
5210,6500
5210,6520
5210,6540
5210,6560
5210,6580
5210,6600
5210,6620
5210,6640
5210,6660
5210,6680
5210,6700
5210,6720
5210,6740
5210,6760
5210,6780
5210,6800
5210,6820
5210,6840
5210,6860
5210,6880
5210,6900
5210,6920
5210,6940
5210,6960
5210,6980
5210,7000
5210,7020
5210,7040
5210,7060
5210,7080
5210,7100
5210,7120
5210,7140
5210,7160
5210,7180
5210,7200
5210,7220
5210,7240
5210,7260
5210,7280
5220,6000
5220,6020
5220,6040
5220,6060
5220,6080
5220,6100
5220,6120
5220,6140
5220,6160
5220,6180
5220,6200
5220,6220
5220,6240
5220,6260
5220,6280
5220,6300
5220,6320
5220,6340
5220,6360
5220,6380
5220,6400
5220,6420
5220,6440
5220,6460
5220,6480
5220,6500
5220,6520
5220,6540
5220,6560
5220,6580
5220,6600
5220,6620
5220,6640
5220,6660
5220,6680
5220,6700
5220,6720
5220,6740
5220,6760
5220,6780
5220,6800
5220,6820
5220,6840
5220,6860
5220,6880
5220,6900
5220,6920
5220,6940
5220,6960
5220,6980
5220,7000
5220,7020
5220,7040
5220,7060
5220,7080
5220,7100
5220,7120
5220,7140
5220,7160
5220,7180
5220,7200
5220,7220
5220,7240
5220,7260
5220,7280
5230,6000
5230,6020
5230,6040
5230,6060
5230,6080
5230,6100
5230,6120
5230,6140
5230,6160
5230,6180
5230,6200
5230,6220
5230,6240
5230,6260
5230,6280
5230,6300
5230,6320
5230,6340
5230,6360
5230,6380
5230,6400
5230,6420
5230,6440
5230,6460
5230,6480
5230,6500
5230,6520
5230,6540
5230,6560
5230,6580
5230,6600
5230,6620
5230,6640
5230,6660
5230,6680
5230,6700
5230,6720
5230,6740
5230,6760
5230,6780
5230,6800
5230,6820
5230,6840
5230,6860
5230,6880
5230,6900
5230,6920
5230,6940
5230,6960
5230,6980
5230,7000
5230,7020
5230,7040
5230,7060
5230,7080
5230,7100
5230,7120
5230,7140
5230,7160
5230,7180
5230,7200
5230,7220
5230,7240
5230,7260
5230,7280
5240,6000
5240,6020
5240,6040
5240,6060
5240,6080
5240,6100
5240,6120
5240,6140
5240,6160
5240,6180
5240,6200
5240,6220
5240,6240
5240,6260
5240,6280
5240,6300
5240,6320
5240,6340
5240,6360
5240,6380
5240,6400
5240,6420
5240,6440
5240,6460
5240,6480
5240,6500
5240,6520
5240,6540
5240,6560
5240,6580
5240,6600
5240,6620
5240,6640
5240,6660
5240,6680
5240,6700
5240,6720
5240,6740
5240,6760
5240,6780
5240,6800
5240,6820
5240,6840
5240,6860
5240,6880
5240,6900
5240,6920
5240,6940
5240,6960
5240,6980
5240,7000
5240,7020
5240,7040
5240,7060
5240,7080
5240,7100
5240,7120
5240,7140
5240,7160
5240,7180
5240,7200
5240,7220
5240,7240
5240,7260
5240,7280
5250,6000
5250,6020
5250,6040
5250,6060
5250,6080
5250,6100
5250,6120
5250,6140
5250,6160
5250,6180
5250,6200
5250,6220
5250,6240
5250,6260
5250,6280
5250,6300
5250,6320
5250,6340
5250,6360
5250,6380
5250,6400
5250,6420
5250,6440
5250,6460
5250,6480
5250,6500
5250,6520
5250,6540
5250,6560
5250,6580
5250,6600
5250,6620
5250,6640
5250,6660
5250,6680
5250,6700
5250,6720
5250,6740
5250,6760
5250,6780
5250,6800
5250,6820
5250,6840
5250,6860
5250,6880
5250,6900
5250,6920
5250,6940
5250,6960
5250,6980
5250,7000
5250,7020
5250,7040
5250,7060
5250,7080
5250,7100
5250,7120
5250,7140
5250,7160
5250,7180
5250,7200
5250,7220
5250,7240
5250,7260
5250,7280
5260,6000
5260,6020
5260,6040
5260,6060
5260,6080
5260,6100
5260,6120
5260,6140
5260,6160
5260,6180
5260,6200
5260,6220
5260,6240
5260,6260
5260,6280
5260,6300
5260,6320
5260,6340
5260,6360
5260,6380
5260,6400
5260,6420
5260,6440
5260,6460
5260,6480
5260,6500
5260,6520
5260,6540
5260,6560
5260,6580
5260,6600
5260,6620
5260,6640
5260,6660
5260,6680
5260,6700
5260,6720
5260,6740
5260,6760
5260,6780
5260,6800
5260,6820
5260,6840
5260,6860
5260,6880
5260,6900
5260,6920
5260,6940
5260,6960
5260,6980
5260,7000
5260,7020
5260,7040
5260,7060
5260,7080
5260,7100
5260,7120
5260,7140
5260,7160
5260,7180
5260,7200
5260,7220
5260,7240
5260,7260
5260,7280
5270,6000
5270,6020
5270,6040
5270,6060
5270,6080
5270,6100
5270,6120
5270,6140
5270,6160
5270,6180
5270,6200
5270,6220
5270,6240
5270,6260
5270,6280
5270,6300
5270,6320
5270,6340
5270,6360
5270,6380
5270,6400
5270,6420
5270,6440
5270,6460
5270,6480
5270,6500
5270,6520
5270,6540
5270,6560
5270,6580
5270,6600
5270,6620
5270,6640
5270,6660
5270,6680
5270,6700
5270,6720
5270,6740
5270,6760
5270,6780
5270,6800
5270,6820
5270,6840
5270,6860
5270,6880
5270,6900
5270,6920
5270,6940
5270,6960
5270,6980
5270,7000
5270,7020
5270,7040
5270,7060
5270,7080
5270,7100
5270,7120
5270,7140
5270,7160
5270,7180
5270,7200
5270,7220
5270,7240
5270,7260
5270,7280
5280,6000
5280,6020
5280,6040
5280,6060
5280,6080
5280,6100
5280,6120
5280,6140
5280,6160
5280,6180
5280,6200
5280,6220
5280,6240
5280,6260
5280,6280
5280,6300
5280,6320
5280,6340
5280,6360
5280,6380
5280,6400
5280,6420
5280,6440
5280,6460
5280,6480
5280,6500
5280,6520
5280,6540
5280,6560
5280,6580
5280,6600
5280,6620
5280,6640
5280,6660
5280,6680
5280,6700
5280,6720
5280,6740
5280,6760
5280,6780
5280,6800
5280,6820
5280,6840
5280,6860
5280,6880
5280,6900
5280,6920
5280,6940
5280,6960
5280,6980
5280,7000
5280,7020
5280,7040
5280,7060
5280,7080
5280,7100
5280,7120
5280,7140
5280,7160
5280,7180
5280,7200
5280,7220
5280,7240
5280,7260
5280,7280
5290,6000
5290,6020
5290,6040
5290,6060
5290,6080
5290,6100
5290,6120
5290,6140
5290,6160
5290,6180
5290,6200
5290,6220
5290,6240
5290,6260
5290,6280
5290,6300
5290,6320
5290,6340
5290,6360
5290,6380
5290,6400
5290,6420
5290,6440
5290,6460
5290,6480
5290,6500
5290,6520
5290,6540
5290,6560
5290,6580
5290,6600
5290,6620
5290,6640
5290,6660
5290,6680
5290,6700
5290,6720
5290,6740
5290,6760
5290,6780
5290,6800
5290,6820
5290,6840
5290,6860
5290,6880
5290,6900
5290,6920
5290,6940
5290,6960
5290,6980
5290,7000
5290,7020
5290,7040
5290,7060
5290,7080
5290,7100
5290,7120
5290,7140
5290,7160
5290,7180
5290,7200
5290,7220
5290,7240
5290,7260
5290,7280
5300,6000
5300,6020
5300,6040
5300,6060
5300,6080
5300,6100
5300,6120
5300,6140
5300,6160
5300,6180
5300,6200
5300,6220
5300,6240
5300,6260
5300,6280
5300,6300
5300,6320
5300,6340
5300,6360
5300,6380
5300,6400
5300,6420
5300,6440
5300,6460
5300,6480
5300,6500
5300,6520
5300,6540
5300,6560
5300,6580
5300,6600
5300,6620
5300,6640
5300,6660
5300,6680
5300,6700
5300,6720
5300,6740
5300,6760
5300,6780
5300,6800
5300,6820
5300,6840
5300,6860
5300,6880
5300,6900
5300,6920
5300,6940
5300,6960
5300,6980
5300,7000
5300,7020
5300,7040
5300,7060
5300,7080
5300,7100
5300,7120
5300,7140
5300,7160
5300,7180
5300,7200
5300,7220
5300,7240
5300,7260
5300,7280
5310,6000
5310,6020
5310,6040
5310,6060
5310,6080
5310,6100
5310,6120
5310,6140
5310,6160
5310,6180
5310,6200
5310,6220
5310,6240
5310,6260
5310,6280
5310,6300
5310,6320
5310,6340
5310,6360
5310,6380
5310,6400
5310,6420
5310,6440
5310,6460
5310,6480
5310,6500
5310,6520
5310,6540
5310,6560
5310,6580
5310,6600
5310,6620
5310,6640
5310,6660
5310,6680
5310,6700
5310,6720
5310,6740
5310,6760
5310,6780
5310,6800
5310,6820
5310,6840
5310,6860
5310,6880
5310,6900
5310,6920
5310,6940
5310,6960
5310,6980
5310,7000
5310,7020
5310,7040
5310,7060
5310,7080
5310,7100
5310,7120
5310,7140
5310,7160
5310,7180
5310,7200
5310,7220
5310,7240
5310,7260
5310,7280
5320,6000
5320,6020
5320,6040
5320,6060
5320,6080
5320,6100
5320,6120
5320,6140
5320,6160
5320,6180
5320,6200
5320,6220
5320,6240
5320,6260
5320,6280
5320,6300
5320,6320
5320,6340
5320,6360
5320,6380
5320,6400
5320,6420
5320,6440
5320,6460
5320,6480
5320,6500
5320,6520
5320,6540
5320,6560
5320,6580
5320,6600
5320,6620
5320,6640
5320,6660
5320,6680
5320,6700
5320,6720
5320,6740
5320,6760
5320,6780
5320,6800
5320,6820
5320,6840
5320,6860
5320,6880
5320,6900
5320,6920
5320,6940
5320,6960
5320,6980
5320,7000
5320,7020
5320,7040
5320,7060
5320,7080
5320,7100
5320,7120
5320,7140
5320,7160
5320,7180
5320,7200
5320,7220
5320,7240
5320,7260
5320,7280
5330,6000
5330,6020
5330,6040
5330,6060
5330,6080
5330,6100
5330,6120
5330,6140
5330,6160
5330,6180
5330,6200
5330,6220
5330,6240
5330,6260
5330,6280
5330,6300
5330,6320
5330,6340
5330,6360
5330,6380
5330,6400
5330,6420
5330,6440
5330,6460
5330,6480
5330,6500
5330,6520
5330,6540
5330,6560
5330,6580
5330,6600
5330,6620
5330,6640
5330,6660
5330,6680
5330,6700
5330,6720
5330,6740
5330,6760
5330,6780
5330,6800
5330,6820
5330,6840
5330,6860
5330,6880
5330,6900
5330,6920
5330,6940
5330,6960
5330,6980
5330,7000
5330,7020
5330,7040
5330,7060
5330,7080
5330,7100
5330,7120
5330,7140
5330,7160
5330,7180
5330,7200
5330,7220
5330,7240
5330,7260
5330,7280
5340,6000
5340,6020
5340,6040
5340,6060
5340,6080
5340,6100
5340,6120
5340,6140
5340,6160
5340,6180
5340,6200
5340,6220
5340,6240
5340,6260
5340,6280
5340,6300
5340,6320
5340,6340
5340,6360
5340,6380
5340,6400
5340,6420
5340,6440
5340,6460
5340,6480
5340,6500
5340,6520
5340,6540
5340,6560
5340,6580
5340,6600
5340,6620
5340,6640
5340,6660
5340,6680
5340,6700
5340,6720
5340,6740
5340,6760
5340,6780
5340,6800
5340,6820
5340,6840
5340,6860
5340,6880
5340,6900
5340,6920
5340,6940
5340,6960
5340,6980
5340,7000
5340,7020
5340,7040
5340,7060
5340,7080
5340,7100
5340,7120
5340,7140
5340,7160
5340,7180
5340,7200
5340,7220
5340,7240
5340,7260
5340,7280
5350,6000
5350,6020
5350,6040
5350,6060
5350,6080
5350,6100
5350,6120
5350,6140
5350,6160
5350,6180
5350,6200
5350,6220
5350,6240
5350,6260
5350,6280
5350,6300
5350,6320
5350,6340
5350,6360
5350,6380
5350,6400
5350,6420
5350,6440
5350,6460
5350,6480
5350,6500
5350,6520
5350,6540
5350,6560
5350,6580
5350,6600
5350,6620
5350,6640
5350,6660
5350,6680
5350,6700
5350,6720
5350,6740
5350,6760
5350,6780
5350,6800
5350,6820
5350,6840
5350,6860
5350,6880
5350,6900
5350,6920
5350,6940
5350,6960
5350,6980
5350,7000
5350,7020
5350,7040
5350,7060
5350,7080
5350,7100
5350,7120
5350,7140
5350,7160
5350,7180
5350,7200
5350,7220
5350,7240
5350,7260
5350,7280
5360,6000
5360,6020
5360,6040
5360,6060
5360,6080
5360,6100
5360,6120
5360,6140
5360,6160
5360,6180
5360,6200
5360,6220
5360,6240
5360,6260
5360,6280
5360,6300
5360,6320
5360,6340
5360,6360
5360,6380
5360,6400
5360,6420
5360,6440
5360,6460
5360,6480
5360,6500
5360,6520
5360,6540
5360,6560
5360,6580
5360,6600
5360,6620
5360,6640
5360,6660
5360,6680
5360,6700
5360,6720
5360,6740
5360,6760
5360,6780
5360,6800
5360,6820
5360,6840
5360,6860
5360,6880
5360,6900
5360,6920
5360,6940
5360,6960
5360,6980
5360,7000
5360,7020
5360,7040
5360,7060
5360,7080
5360,7100
5360,7120
5360,7140
5360,7160
5360,7180
5360,7200
5360,7220
5360,7240
5360,7260
5360,7280
5370,6000
5370,6020
5370,6040
5370,6060
5370,6080
5370,6100
5370,6120
5370,6140
5370,6160
5370,6180
5370,6200
5370,6220
5370,6240
5370,6260
5370,6280
5370,6300
5370,6320
5370,6340
5370,6360
5370,6380
5370,6400
5370,6420
5370,6440
5370,6460
5370,6480
5370,6500
5370,6520
5370,6540
5370,6560
5370,6580
5370,6600
5370,6620
5370,6640
5370,6660
5370,6680
5370,6700
5370,6720
5370,6740
5370,6760
5370,6780
5370,6800
5370,6820
5370,6840
5370,6860
5370,6880
5370,6900
5370,6920
5370,6940
5370,6960
5370,6980
5370,7000
5370,7020
5370,7040
5370,7060
5370,7080
5370,7100
5370,7120
5370,7140
5370,7160
5370,7180
5370,7200
5370,7220
5370,7240
5370,7260
5370,7280
5380,6000
5380,6020
5380,6040
5380,6060
5380,6080
5380,6100
5380,6120
5380,6140
5380,6160
5380,6180
5380,6200
5380,6220
5380,6240
5380,6260
5380,6280
5380,6300
5380,6320
5380,6340
5380,6360
5380,6380
5380,6400
5380,6420
5380,6440
5380,6460
5380,6480
5380,6500
5380,6520
5380,6540
5380,6560
5380,6580
5380,6600
5380,6620
5380,6640
5380,6660
5380,6680
5380,6700
5380,6720
5380,6740
5380,6760
5380,6780
5380,6800
5380,6820
5380,6840
5380,6860
5380,6880
5380,6900
5380,6920
5380,6940
5380,6960
5380,6980
5380,7000
5380,7020
5380,7040
5380,7060
5380,7080
5380,7100
5380,7120
5380,7140
5380,7160
5380,7180
5380,7200
5380,7220
5380,7240
5380,7260
5380,7280
4600,18300
4600,18320
4600,18340
4600,18360
4600,18380
4600,18400
4600,18420
4600,18440
4600,18460
4600,18480
4600,18500
4600,18520
4600,18540
4600,18560
4600,18580
4600,18600
4600,18620
4600,18640
4600,18660
4600,18680
4600,18700
4600,18720
4600,18740
4600,18760
4600,18780
4600,18800
4600,18820
4600,18840
4600,18860
4600,18880
4600,18900
4600,18920
4600,18940
4600,18960
4600,18980
4610,18300
4610,18320
4610,18340
4610,18360
4610,18380
4610,18400
4610,18420
4610,18440
4610,18460
4610,18480
4610,18500
4610,18520
4610,18540
4610,18560
4610,18580
4610,18600
4610,18620
4610,18640
4610,18660
4610,18680
4610,18700
4610,18720
4610,18740
4610,18760
4610,18780
4610,18800
4610,18820
4610,18840
4610,18860
4610,18880
4610,18900
4610,18920
4610,18940
4610,18960
4610,18980
4620,18300
4620,18320
4620,18340
4620,18360
4620,18380
4620,18400
4620,18420
4620,18440
4620,18460
4620,18480
4620,18500
4620,18520
4620,18540
4620,18560
4620,18580
4620,18600
4620,18620
4620,18640
4620,18660
4620,18680
4620,18700
4620,18720
4620,18740
4620,18760
4620,18780
4620,18800
4620,18820
4620,18840
4620,18860
4620,18880
4620,18900
4620,18920
4620,18940
4620,18960
4620,18980
4630,18300
4630,18320
4630,18340
4630,18360
4630,18380
4630,18400
4630,18420
4630,18440
4630,18460
4630,18480
4630,18500
4630,18520
4630,18540
4630,18560
4630,18580
4630,18600
4630,18620
4630,18640
4630,18660
4630,18680
4630,18700
4630,18720
4630,18740
4630,18760
4630,18780
4630,18800
4630,18820
4630,18840
4630,18860
4630,18880
4630,18900
4630,18920
4630,18940
4630,18960
4630,18980
4640,18300
4640,18320
4640,18340
4640,18360
4640,18380
4640,18400
4640,18420
4640,18440
4640,18460
4640,18480
4640,18500
4640,18520
4640,18540
4640,18560
4640,18580
4640,18600
4640,18620
4640,18640
4640,18660
4640,18680
4640,18700
4640,18720
4640,18740
4640,18760
4640,18780
4640,18800
4640,18820
4640,18840
4640,18860
4640,18880
4640,18900
4640,18920
4640,18940
4640,18960
4640,18980
4650,18300
4650,18320
4650,18340
4650,18360
4650,18380
4650,18400
4650,18420
4650,18440
4650,18460
4650,18480
4650,18500
4650,18520
4650,18540
4650,18560
4650,18580
4650,18600
4650,18620
4650,18640
4650,18660
4650,18680
4650,18700
4650,18720
4650,18740
4650,18760
4650,18780
4650,18800
4650,18820
4650,18840
4650,18860
4650,18880
4650,18900
4650,18920
4650,18940
4650,18960
4650,18980
4660,18300
4660,18320
4660,18340
4660,18360
4660,18380
4660,18400
4660,18420
4660,18440
4660,18460
4660,18480
4660,18500
4660,18520
4660,18540
4660,18560
4660,18580
4660,18600
4660,18620
4660,18640
4660,18660
4660,18680
4660,18700
4660,18720
4660,18740
4660,18760
4660,18780
4660,18800
4660,18820
4660,18840
4660,18860
4660,18880
4660,18900
4660,18920
4660,18940
4660,18960
4660,18980
4670,18300
4670,18320
4670,18340
4670,18360
4670,18380
4670,18400
4670,18420
4670,18440
4670,18460
4670,18480
4670,18500
4670,18520
4670,18540
4670,18560
4670,18580
4670,18600
4670,18620
4670,18640
4670,18660
4670,18680
4670,18700
4670,18720
4670,18740
4670,18760
4670,18780
4670,18800
4670,18820
4670,18840
4670,18860
4670,18880
4670,18900
4670,18920
4670,18940
4670,18960
4670,18980
4680,18300
4680,18320
4680,18340
4680,18360
4680,18380
4680,18400
4680,18420
4680,18440
4680,18460
4680,18480
4680,18500
4680,18520
4680,18540
4680,18560
4680,18580
4680,18600
4680,18620
4680,18640
4680,18660
4680,18680
4680,18700
4680,18720
4680,18740
4680,18760
4680,18780
4680,18800
4680,18820
4680,18840
4680,18860
4680,18880
4680,18900
4680,18920
4680,18940
4680,18960
4680,18980
4690,18300
4690,18320
4690,18340
4690,18360
4690,18380
4690,18400
4690,18420
4690,18440
4690,18460
4690,18480
4690,18500
4690,18520
4690,18540
4690,18560
4690,18580
4690,18600
4690,18620
4690,18640
4690,18660
4690,18680
4690,18700
4690,18720
4690,18740
4690,18760
4690,18780
4690,18800
4690,18820
4690,18840
4690,18860
4690,18880
4690,18900
4690,18920
4690,18940
4690,18960
4690,18980
4700,18300
4700,18320
4700,18340
4700,18360
4700,18380
4700,18400
4700,18420
4700,18440
4700,18460
4700,18480
4700,18500
4700,18520
4700,18540
4700,18560
4700,18580
4700,18600
4700,18620
4700,18640
4700,18660
4700,18680
4700,18700
4700,18720
4700,18740
4700,18760
4700,18780
4700,18800
4700,18820
4700,18840
4700,18860
4700,18880
4700,18900
4700,18920
4700,18940
4700,18960
4700,18980
4710,18300
4710,18320
4710,18340
4710,18360
4710,18380
4710,18400
4710,18420
4710,18440
4710,18460
4710,18480
4710,18500
4710,18520
4710,18540
4710,18560
4710,18580
4710,18600
4710,18620
4710,18640
4710,18660
4710,18680
4710,18700
4710,18720
4710,18740
4710,18760
4710,18780
4710,18800
4710,18820
4710,18840
4710,18860
4710,18880
4710,18900
4710,18920
4710,18940
4710,18960
4710,18980
4720,18300
4720,18320
4720,18340
4720,18360
4720,18380
4720,18400
4720,18420
4720,18440
4720,18460
4720,18480
4720,18500
4720,18520
4720,18540
4720,18560
4720,18580
4720,18600
4720,18620
4720,18640
4720,18660
4720,18680
4720,18700
4720,18720
4720,18740
4720,18760
4720,18780
4720,18800
4720,18820
4720,18840
4720,18860
4720,18880
4720,18900
4720,18920
4720,18940
4720,18960
4720,18980
4730,18300
4730,18320
4730,18340
4730,18360
4730,18380
4730,18400
4730,18420
4730,18440
4730,18460
4730,18480
4730,18500
4730,18520
4730,18540
4730,18560
4730,18580
4730,18600
4730,18620
4730,18640
4730,18660
4730,18680
4730,18700
4730,18720
4730,18740
4730,18760
4730,18780
4730,18800
4730,18820
4730,18840
4730,18860
4730,18880
4730,18900
4730,18920
4730,18940
4730,18960
4730,18980
4740,18300
4740,18320
4740,18340
4740,18360
4740,18380
4740,18400
4740,18420
4740,18440
4740,18460
4740,18480
4740,18500
4740,18520
4740,18540
4740,18560
4740,18580
4740,18600
4740,18620
4740,18640
4740,18660
4740,18680
4740,18700
4740,18720
4740,18740
4740,18760
4740,18780
4740,18800
4740,18820
4740,18840
4740,18860
4740,18880
4740,18900
4740,18920
4740,18940
4740,18960
4740,18980
4750,18300
4750,18320
4750,18340
4750,18360
4750,18380
4750,18400
4750,18420
4750,18440
4750,18460
4750,18480
4750,18500
4750,18520
4750,18540
4750,18560
4750,18580
4750,18600
4750,18620
4750,18640
4750,18660
4750,18680
4750,18700
4750,18720
4750,18740
4750,18760
4750,18780
4750,18800
4750,18820
4750,18840
4750,18860
4750,18880
4750,18900
4750,18920
4750,18940
4750,18960
4750,18980
4760,18300
4760,18320
4760,18340
4760,18360
4760,18380
4760,18400
4760,18420
4760,18440
4760,18460
4760,18480
4760,18500
4760,18520
4760,18540
4760,18560
4760,18580
4760,18600
4760,18620
4760,18640
4760,18660
4760,18680
4760,18700
4760,18720
4760,18740
4760,18760
4760,18780
4760,18800
4760,18820
4760,18840
4760,18860
4760,18880
4760,18900
4760,18920
4760,18940
4760,18960
4760,18980
4770,18300
4770,18320
4770,18340
4770,18360
4770,18380
4770,18400
4770,18420
4770,18440
4770,18460
4770,18480
4770,18500
4770,18520
4770,18540
4770,18560
4770,18580
4770,18600
4770,18620
4770,18640
4770,18660
4770,18680
4770,18700
4770,18720
4770,18740
4770,18760
4770,18780
4770,18800
4770,18820
4770,18840
4770,18860
4770,18880
4770,18900
4770,18920
4770,18940
4770,18960
4770,18980
4780,18300
4780,18320
4780,18340
4780,18360
4780,18380
4780,18400
4780,18420
4780,18440
4780,18460
4780,18480
4780,18500
4780,18520
4780,18540
4780,18560
4780,18580
4780,18600
4780,18620
4780,18640
4780,18660
4780,18680
4780,18700
4780,18720
4780,18740
4780,18760
4780,18780
4780,18800
4780,18820
4780,18840
4780,18860
4780,18880
4780,18900
4780,18920
4780,18940
4780,18960
4780,18980
4790,18300
4790,18320
4790,18340
4790,18360
4790,18380
4790,18400
4790,18420
4790,18440
4790,18460
4790,18480
4790,18500
4790,18520
4790,18540
4790,18560
4790,18580
4790,18600
4790,18620
4790,18640
4790,18660
4790,18680
4790,18700
4790,18720
4790,18740
4790,18760
4790,18780
4790,18800
4790,18820
4790,18840
4790,18860
4790,18880
4790,18900
4790,18920
4790,18940
4790,18960
4790,18980
4800,18300
4800,18320
4800,18340
4800,18360
4800,18380
4800,18400
4800,18420
4800,18440
4800,18460
4800,18480
4800,18500
4800,18520
4800,18540
4800,18560
4800,18580
4800,18600
4800,18620
4800,18640
4800,18660
4800,18680
4800,18700
4800,18720
4800,18740
4800,18760
4800,18780
4800,18800
4800,18820
4800,18840
4800,18860
4800,18880
4800,18900
4800,18920
4800,18940
4800,18960
4800,18980
4810,18300
4810,18320
4810,18340
4810,18360
4810,18380
4810,18400
4810,18420
4810,18440
4810,18460
4810,18480
4810,18500
4810,18520
4810,18540
4810,18560
4810,18580
4810,18600
4810,18620
4810,18640
4810,18660
4810,18680
4810,18700
4810,18720
4810,18740
4810,18760
4810,18780
4810,18800
4810,18820
4810,18840
4810,18860
4810,18880
4810,18900
4810,18920
4810,18940
4810,18960
4810,18980
4820,18300
4820,18320
4820,18340
4820,18360
4820,18380
4820,18400
4820,18420
4820,18440
4820,18460
4820,18480
4820,18500
4820,18520
4820,18540
4820,18560
4820,18580
4820,18600
4820,18620
4820,18640
4820,18660
4820,18680
4820,18700
4820,18720
4820,18740
4820,18760
4820,18780
4820,18800
4820,18820
4820,18840
4820,18860
4820,18880
4820,18900
4820,18920
4820,18940
4820,18960
4820,18980
4830,18300
4830,18320
4830,18340
4830,18360
4830,18380
4830,18400
4830,18420
4830,18440
4830,18460
4830,18480
4830,18500
4830,18520
4830,18540
4830,18560
4830,18580
4830,18600
4830,18620
4830,18640
4830,18660
4830,18680
4830,18700
4830,18720
4830,18740
4830,18760
4830,18780
4830,18800
4830,18820
4830,18840
4830,18860
4830,18880
4830,18900
4830,18920
4830,18940
4830,18960
4830,18980
4840,18300
4840,18320
4840,18340
4840,18360
4840,18380
4840,18400
4840,18420
4840,18440
4840,18460
4840,18480
4840,18500
4840,18520
4840,18540
4840,18560
4840,18580
4840,18600
4840,18620
4840,18640
4840,18660
4840,18680
4840,18700
4840,18720
4840,18740
4840,18760
4840,18780
4840,18800
4840,18820
4840,18840
4840,18860
4840,18880
4840,18900
4840,18920
4840,18940
4840,18960
4840,18980
4850,18300
4850,18320
4850,18340
4850,18360
4850,18380
4850,18400
4850,18420
4850,18440
4850,18460
4850,18480
4850,18500
4850,18520
4850,18540
4850,18560
4850,18580
4850,18600
4850,18620
4850,18640
4850,18660
4850,18680
4850,18700
4850,18720
4850,18740
4850,18760
4850,18780
4850,18800
4850,18820
4850,18840
4850,18860
4850,18880
4850,18900
4850,18920
4850,18940
4850,18960
4850,18980
4860,18300
4860,18320
4860,18340
4860,18360
4860,18380
4860,18400
4860,18420
4860,18440
4860,18460
4860,18480
4860,18500
4860,18520
4860,18540
4860,18560
4860,18580
4860,18600
4860,18620
4860,18640
4860,18660
4860,18680
4860,18700
4860,18720
4860,18740
4860,18760
4860,18780
4860,18800
4860,18820
4860,18840
4860,18860
4860,18880
4860,18900
4860,18920
4860,18940
4860,18960
4860,18980
4870,18300
4870,18320
4870,18340
4870,18360
4870,18380
4870,18400
4870,18420
4870,18440
4870,18460
4870,18480
4870,18500
4870,18520
4870,18540
4870,18560
4870,18580
4870,18600
4870,18620
4870,18640
4870,18660
4870,18680
4870,18700
4870,18720
4870,18740
4870,18760
4870,18780
4870,18800
4870,18820
4870,18840
4870,18860
4870,18880
4870,18900
4870,18920
4870,18940
4870,18960
4870,18980
4880,18300
4880,18320
4880,18340
4880,18360
4880,18380
4880,18400
4880,18420
4880,18440
4880,18460
4880,18480
4880,18500
4880,18520
4880,18540
4880,18560
4880,18580
4880,18600
4880,18620
4880,18640
4880,18660
4880,18680
4880,18700
4880,18720
4880,18740
4880,18760
4880,18780
4880,18800
4880,18820
4880,18840
4880,18860
4880,18880
4880,18900
4880,18920
4880,18940
4880,18960
4880,18980
4890,18300
4890,18320
4890,18340
4890,18360
4890,18380
4890,18400
4890,18420
4890,18440
4890,18460
4890,18480
4890,18500
4890,18520
4890,18540
4890,18560
4890,18580
4890,18600
4890,18620
4890,18640
4890,18660
4890,18680
4890,18700
4890,18720
4890,18740
4890,18760
4890,18780
4890,18800
4890,18820
4890,18840
4890,18860
4890,18880
4890,18900
4890,18920
4890,18940
4890,18960
4890,18980
4900,18300
4900,18320
4900,18340
4900,18360
4900,18380
4900,18400
4900,18420
4900,18440
4900,18460
4900,18480
4900,18500
4900,18520
4900,18540
4900,18560
4900,18580
4900,18600
4900,18620
4900,18640
4900,18660
4900,18680
4900,18700
4900,18720
4900,18740
4900,18760
4900,18780
4900,18800
4900,18820
4900,18840
4900,18860
4900,18880
4900,18900
4900,18920
4900,18940
4900,18960
4900,18980
4910,18300
4910,18320
4910,18340
4910,18360
4910,18380
4910,18400
4910,18420
4910,18440
4910,18460
4910,18480
4910,18500
4910,18520
4910,18540
4910,18560
4910,18580
4910,18600
4910,18620
4910,18640
4910,18660
4910,18680
4910,18700
4910,18720
4910,18740
4910,18760
4910,18780
4910,18800
4910,18820
4910,18840
4910,18860
4910,18880
4910,18900
4910,18920
4910,18940
4910,18960
4910,18980
4920,18300
4920,18320
4920,18340
4920,18360
4920,18380
4920,18400
4920,18420
4920,18440
4920,18460
4920,18480
4920,18500
4920,18520
4920,18540
4920,18560
4920,18580
4920,18600
4920,18620
4920,18640
4920,18660
4920,18680
4920,18700
4920,18720
4920,18740
4920,18760
4920,18780
4920,18800
4920,18820
4920,18840
4920,18860
4920,18880
4920,18900
4920,18920
4920,18940
4920,18960
4920,18980
4930,18300
4930,18320
4930,18340
4930,18360
4930,18380
4930,18400
4930,18420
4930,18440
4930,18460
4930,18480
4930,18500
4930,18520
4930,18540
4930,18560
4930,18580
4930,18600
4930,18620
4930,18640
4930,18660
4930,18680
4930,18700
4930,18720
4930,18740
4930,18760
4930,18780
4930,18800
4930,18820
4930,18840
4930,18860
4930,18880
4930,18900
4930,18920
4930,18940
4930,18960
4930,18980
4940,18300
4940,18320
4940,18340
4940,18360
4940,18380
4940,18400
4940,18420
4940,18440
4940,18460
4940,18480
4940,18500
4940,18520
4940,18540
4940,18560
4940,18580
4940,18600
4940,18620
4940,18640
4940,18660
4940,18680
4940,18700
4940,18720
4940,18740
4940,18760
4940,18780
4940,18800
4940,18820
4940,18840
4940,18860
4940,18880
4940,18900
4940,18920
4940,18940
4940,18960
4940,18980
4950,18300
4950,18320
4950,18340
4950,18360
4950,18380
4950,18400
4950,18420
4950,18440
4950,18460
4950,18480
4950,18500
4950,18520
4950,18540
4950,18560
4950,18580
4950,18600
4950,18620
4950,18640
4950,18660
4950,18680
4950,18700
4950,18720
4950,18740
4950,18760
4950,18780
4950,18800
4950,18820
4950,18840
4950,18860
4950,18880
4950,18900
4950,18920
4950,18940
4950,18960
4950,18980
4960,18300
4960,18320
4960,18340
4960,18360
4960,18380
4960,18400
4960,18420
4960,18440
4960,18460
4960,18480
4960,18500
4960,18520
4960,18540
4960,18560
4960,18580
4960,18600
4960,18620
4960,18640
4960,18660
4960,18680
4960,18700
4960,18720
4960,18740
4960,18760
4960,18780
4960,18800
4960,18820
4960,18840
4960,18860
4960,18880
4960,18900
4960,18920
4960,18940
4960,18960
4960,18980
4970,18300
4970,18320
4970,18340
4970,18360
4970,18380
4970,18400
4970,18420
4970,18440
4970,18460
4970,18480
4970,18500
4970,18520
4970,18540
4970,18560
4970,18580
4970,18600
4970,18620
4970,18640
4970,18660
4970,18680
4970,18700
4970,18720
4970,18740
4970,18760
4970,18780
4970,18800
4970,18820
4970,18840
4970,18860
4970,18880
4970,18900
4970,18920
4970,18940
4970,18960
4970,18980
4980,18300
4980,18320
4980,18340
4980,18360
4980,18380
4980,18400
4980,18420
4980,18440
4980,18460
4980,18480
4980,18500
4980,18520
4980,18540
4980,18560
4980,18580
4980,18600
4980,18620
4980,18640
4980,18660
4980,18680
4980,18700
4980,18720
4980,18740
4980,18760
4980,18780
4980,18800
4980,18820
4980,18840
4980,18860
4980,18880
4980,18900
4980,18920
4980,18940
4980,18960
4980,18980
4990,18300
4990,18320
4990,18340
4990,18360
4990,18380
4990,18400
4990,18420
4990,18440
4990,18460
4990,18480
4990,18500
4990,18520
4990,18540
4990,18560
4990,18580
4990,18600
4990,18620
4990,18640
4990,18660
4990,18680
4990,18700
4990,18720
4990,18740
4990,18760
4990,18780
4990,18800
4990,18820
4990,18840
4990,18860
4990,18880
4990,18900
4990,18920
4990,18940
4990,18960
4990,18980
5000,18300
5000,18320
5000,18340
5000,18360
5000,18380
5000,18400
5000,18420
5000,18440
5000,18460
5000,18480
5000,18500
5000,18520
5000,18540
5000,18560
5000,18580
5000,18600
5000,18620
5000,18640
5000,18660
5000,18680
5000,18700
5000,18720
5000,18740
5000,18760
5000,18780
5000,18800
5000,18820
5000,18840
5000,18860
5000,18880
5000,18900
5000,18920
5000,18940
5000,18960
5000,18980
5010,18300
5010,18320
5010,18340
5010,18360
5010,18380
5010,18400
5010,18420
5010,18440
5010,18460
5010,18480
5010,18500
5010,18520
5010,18540
5010,18560
5010,18580
5010,18600
5010,18620
5010,18640
5010,18660
5010,18680
5010,18700
5010,18720
5010,18740
5010,18760
5010,18780
5010,18800
5010,18820
5010,18840
5010,18860
5010,18880
5010,18900
5010,18920
5010,18940
5010,18960
5010,18980
5020,18300
5020,18320
5020,18340
5020,18360
5020,18380
5020,18400
5020,18420
5020,18440
5020,18460
5020,18480
5020,18500
5020,18520
5020,18540
5020,18560
5020,18580
5020,18600
5020,18620
5020,18640
5020,18660
5020,18680
5020,18700
5020,18720
5020,18740
5020,18760
5020,18780
5020,18800
5020,18820
5020,18840
5020,18860
5020,18880
5020,18900
5020,18920
5020,18940
5020,18960
5020,18980
5030,18300
5030,18320
5030,18340
5030,18360
5030,18380
5030,18400
5030,18420
5030,18440
5030,18460
5030,18480
5030,18500
5030,18520
5030,18540
5030,18560
5030,18580
5030,18600
5030,18620
5030,18640
5030,18660
5030,18680
5030,18700
5030,18720
5030,18740
5030,18760
5030,18780
5030,18800
5030,18820
5030,18840
5030,18860
5030,18880
5030,18900
5030,18920
5030,18940
5030,18960
5030,18980
5040,18300
5040,18320
5040,18340
5040,18360
5040,18380
5040,18400
5040,18420
5040,18440
5040,18460
5040,18480
5040,18500
5040,18520
5040,18540
5040,18560
5040,18580
5040,18600
5040,18620
5040,18640
5040,18660
5040,18680
5040,18700
5040,18720
5040,18740
5040,18760
5040,18780
5040,18800
5040,18820
5040,18840
5040,18860
5040,18880
5040,18900
5040,18920
5040,18940
5040,18960
5040,18980
5050,18300
5050,18320
5050,18340
5050,18360
5050,18380
5050,18400
5050,18420
5050,18440
5050,18460
5050,18480
5050,18500
5050,18520
5050,18540
5050,18560
5050,18580
5050,18600
5050,18620
5050,18640
5050,18660
5050,18680
5050,18700
5050,18720
5050,18740
5050,18760
5050,18780
5050,18800
5050,18820
5050,18840
5050,18860
5050,18880
5050,18900
5050,18920
5050,18940
5050,18960
5050,18980
5060,18300
5060,18320
5060,18340
5060,18360
5060,18380
5060,18400
5060,18420
5060,18440
5060,18460
5060,18480
5060,18500
5060,18520
5060,18540
5060,18560
5060,18580
5060,18600
5060,18620
5060,18640
5060,18660
5060,18680
5060,18700
5060,18720
5060,18740
5060,18760
5060,18780
5060,18800
5060,18820
5060,18840
5060,18860
5060,18880
5060,18900
5060,18920
5060,18940
5060,18960
5060,18980
5070,18300
5070,18320
5070,18340
5070,18360
5070,18380
5070,18400
5070,18420
5070,18440
5070,18460
5070,18480
5070,18500
5070,18520
5070,18540
5070,18560
5070,18580
5070,18600
5070,18620
5070,18640
5070,18660
5070,18680
5070,18700
5070,18720
5070,18740
5070,18760
5070,18780
5070,18800
5070,18820
5070,18840
5070,18860
5070,18880
5070,18900
5070,18920
5070,18940
5070,18960
5070,18980
5080,18300
5080,18320
5080,18340
5080,18360
5080,18380
5080,18400
5080,18420
5080,18440
5080,18460
5080,18480
5080,18500
5080,18520
5080,18540
5080,18560
5080,18580
5080,18600
5080,18620
5080,18640
5080,18660
5080,18680
5080,18700
5080,18720
5080,18740
5080,18760
5080,18780
5080,18800
5080,18820
5080,18840
5080,18860
5080,18880
5080,18900
5080,18920
5080,18940
5080,18960
5080,18980
5090,18300
5090,18320
5090,18340
5090,18360
5090,18380
5090,18400
5090,18420
5090,18440
5090,18460
5090,18480
5090,18500
5090,18520
5090,18540
5090,18560
5090,18580
5090,18600
5090,18620
5090,18640
5090,18660
5090,18680
5090,18700
5090,18720
5090,18740
5090,18760
5090,18780
5090,18800
5090,18820
5090,18840
5090,18860
5090,18880
5090,18900
5090,18920
5090,18940
5090,18960
5090,18980
5100,18300
5100,18320
5100,18340
5100,18360
5100,18380
5100,18400
5100,18420
5100,18440
5100,18460
5100,18480
5100,18500
5100,18520
5100,18540
5100,18560
5100,18580
5100,18600
5100,18620
5100,18640
5100,18660
5100,18680
5100,18700
5100,18720
5100,18740
5100,18760
5100,18780
5100,18800
5100,18820
5100,18840
5100,18860
5100,18880
5100,18900
5100,18920
5100,18940
5100,18960
5100,18980
5110,18300
5110,18320
5110,18340
5110,18360
5110,18380
5110,18400
5110,18420
5110,18440
5110,18460
5110,18480
5110,18500
5110,18520
5110,18540
5110,18560
5110,18580
5110,18600
5110,18620
5110,18640
5110,18660
5110,18680
5110,18700
5110,18720
5110,18740
5110,18760
5110,18780
5110,18800
5110,18820
5110,18840
5110,18860
5110,18880
5110,18900
5110,18920
5110,18940
5110,18960
5110,18980
5120,18300
5120,18320
5120,18340
5120,18360
5120,18380
5120,18400
5120,18420
5120,18440
5120,18460
5120,18480
5120,18500
5120,18520
5120,18540
5120,18560
5120,18580
5120,18600
5120,18620
5120,18640
5120,18660
5120,18680
5120,18700
5120,18720
5120,18740
5120,18760
5120,18780
5120,18800
5120,18820
5120,18840
5120,18860
5120,18880
5120,18900
5120,18920
5120,18940
5120,18960
5120,18980
5130,18300
5130,18320
5130,18340
5130,18360
5130,18380
5130,18400
5130,18420
5130,18440
5130,18460
5130,18480
5130,18500
5130,18520
5130,18540
5130,18560
5130,18580
5130,18600
5130,18620
5130,18640
5130,18660
5130,18680
5130,18700
5130,18720
5130,18740
5130,18760
5130,18780
5130,18800
5130,18820
5130,18840
5130,18860
5130,18880
5130,18900
5130,18920
5130,18940
5130,18960
5130,18980
5140,18300
5140,18320
5140,18340
5140,18360
5140,18380
5140,18400
5140,18420
5140,18440
5140,18460
5140,18480
5140,18500
5140,18520
5140,18540
5140,18560
5140,18580
5140,18600
5140,18620
5140,18640
5140,18660
5140,18680
5140,18700
5140,18720
5140,18740
5140,18760
5140,18780
5140,18800
5140,18820
5140,18840
5140,18860
5140,18880
5140,18900
5140,18920
5140,18940
5140,18960
5140,18980
5150,18300
5150,18320
5150,18340
5150,18360
5150,18380
5150,18400
5150,18420
5150,18440
5150,18460
5150,18480
5150,18500
5150,18520
5150,18540
5150,18560
5150,18580
5150,18600
5150,18620
5150,18640
5150,18660
5150,18680
5150,18700
5150,18720
5150,18740
5150,18760
5150,18780
5150,18800
5150,18820
5150,18840
5150,18860
5150,18880
5150,18900
5150,18920
5150,18940
5150,18960
5150,18980
5160,18300
5160,18320
5160,18340
5160,18360
5160,18380
5160,18400
5160,18420
5160,18440
5160,18460
5160,18480
5160,18500
5160,18520
5160,18540
5160,18560
5160,18580
5160,18600
5160,18620
5160,18640
5160,18660
5160,18680
5160,18700
5160,18720
5160,18740
5160,18760
5160,18780
5160,18800
5160,18820
5160,18840
5160,18860
5160,18880
5160,18900
5160,18920
5160,18940
5160,18960
5160,18980
5170,18300
5170,18320
5170,18340
5170,18360
5170,18380
5170,18400
5170,18420
5170,18440
5170,18460
5170,18480
5170,18500
5170,18520
5170,18540
5170,18560
5170,18580
5170,18600
5170,18620
5170,18640
5170,18660
5170,18680
5170,18700
5170,18720
5170,18740
5170,18760
5170,18780
5170,18800
5170,18820
5170,18840
5170,18860
5170,18880
5170,18900
5170,18920
5170,18940
5170,18960
5170,18980
5180,18300
5180,18320
5180,18340
5180,18360
5180,18380
5180,18400
5180,18420
5180,18440
5180,18460
5180,18480
5180,18500
5180,18520
5180,18540
5180,18560
5180,18580
5180,18600
5180,18620
5180,18640
5180,18660
5180,18680
5180,18700
5180,18720
5180,18740
5180,18760
5180,18780
5180,18800
5180,18820
5180,18840
5180,18860
5180,18880
5180,18900
5180,18920
5180,18940
5180,18960
5180,18980
5190,18300
5190,18320
5190,18340
5190,18360
5190,18380
5190,18400
5190,18420
5190,18440
5190,18460
5190,18480
5190,18500
5190,18520
5190,18540
5190,18560
5190,18580
5190,18600
5190,18620
5190,18640
5190,18660
5190,18680
5190,18700
5190,18720
5190,18740
5190,18760
5190,18780
5190,18800
5190,18820
5190,18840
5190,18860
5190,18880
5190,18900
5190,18920
5190,18940
5190,18960
5190,18980
5200,18300
5200,18320
5200,18340
5200,18360
5200,18380
5200,18400
5200,18420
5200,18440
5200,18460
5200,18480
5200,18500
5200,18520
5200,18540
5200,18560
5200,18580
5200,18600
5200,18620
5200,18640
5200,18660
5200,18680
5200,18700
5200,18720
5200,18740
5200,18760
5200,18780
5200,18800
5200,18820
5200,18840
5200,18860
5200,18880
5200,18900
5200,18920
5200,18940
5200,18960
5200,18980
5210,18300
5210,18320
5210,18340
5210,18360
5210,18380
5210,18400
5210,18420
5210,18440
5210,18460
5210,18480
5210,18500
5210,18520
5210,18540
5210,18560
5210,18580
5210,18600
5210,18620
5210,18640
5210,18660
5210,18680
5210,18700
5210,18720
5210,18740
5210,18760
5210,18780
5210,18800
5210,18820
5210,18840
5210,18860
5210,18880
5210,18900
5210,18920
5210,18940
5210,18960
5210,18980
5220,18300
5220,18320
5220,18340
5220,18360
5220,18380
5220,18400
5220,18420
5220,18440
5220,18460
5220,18480
5220,18500
5220,18520
5220,18540
5220,18560
5220,18580
5220,18600
5220,18620
5220,18640
5220,18660
5220,18680
5220,18700
5220,18720
5220,18740
5220,18760
5220,18780
5220,18800
5220,18820
5220,18840
5220,18860
5220,18880
5220,18900
5220,18920
5220,18940
5220,18960
5220,18980
5230,18300
5230,18320
5230,18340
5230,18360
5230,18380
5230,18400
5230,18420
5230,18440
5230,18460
5230,18480
5230,18500
5230,18520
5230,18540
5230,18560
5230,18580
5230,18600
5230,18620
5230,18640
5230,18660
5230,18680
5230,18700
5230,18720
5230,18740
5230,18760
5230,18780
5230,18800
5230,18820
5230,18840
5230,18860
5230,18880
5230,18900
5230,18920
5230,18940
5230,18960
5230,18980
5240,18300
5240,18320
5240,18340
5240,18360
5240,18380
5240,18400
5240,18420
5240,18440
5240,18460
5240,18480
5240,18500
5240,18520
5240,18540
5240,18560
5240,18580
5240,18600
5240,18620
5240,18640
5240,18660
5240,18680
5240,18700
5240,18720
5240,18740
5240,18760
5240,18780
5240,18800
5240,18820
5240,18840
5240,18860
5240,18880
5240,18900
5240,18920
5240,18940
5240,18960
5240,18980
5250,18300
5250,18320
5250,18340
5250,18360
5250,18380
5250,18400
5250,18420
5250,18440
5250,18460
5250,18480
5250,18500
5250,18520
5250,18540
5250,18560
5250,18580
5250,18600
5250,18620
5250,18640
5250,18660
5250,18680
5250,18700
5250,18720
5250,18740
5250,18760
5250,18780
5250,18800
5250,18820
5250,18840
5250,18860
5250,18880
5250,18900
5250,18920
5250,18940
5250,18960
5250,18980
5260,18300
5260,18320
5260,18340
5260,18360
5260,18380
5260,18400
5260,18420
5260,18440
5260,18460
5260,18480
5260,18500
5260,18520
5260,18540
5260,18560
5260,18580
5260,18600
5260,18620
5260,18640
5260,18660
5260,18680
5260,18700
5260,18720
5260,18740
5260,18760
5260,18780
5260,18800
5260,18820
5260,18840
5260,18860
5260,18880
5260,18900
5260,18920
5260,18940
5260,18960
5260,18980
5270,18300
5270,18320
5270,18340
5270,18360
5270,18380
5270,18400
5270,18420
5270,18440
5270,18460
5270,18480
5270,18500
5270,18520
5270,18540
5270,18560
5270,18580
5270,18600
5270,18620
5270,18640
5270,18660
5270,18680
5270,18700
5270,18720
5270,18740
5270,18760
5270,18780
5270,18800
5270,18820
5270,18840
5270,18860
5270,18880
5270,18900
5270,18920
5270,18940
5270,18960
5270,18980
5280,18300
5280,18320
5280,18340
5280,18360
5280,18380
5280,18400
5280,18420
5280,18440
5280,18460
5280,18480
5280,18500
5280,18520
5280,18540
5280,18560
5280,18580
5280,18600
5280,18620
5280,18640
5280,18660
5280,18680
5280,18700
5280,18720
5280,18740
5280,18760
5280,18780
5280,18800
5280,18820
5280,18840
5280,18860
5280,18880
5280,18900
5280,18920
5280,18940
5280,18960
5280,18980
5290,18300
5290,18320
5290,18340
5290,18360
5290,18380
5290,18400
5290,18420
5290,18440
5290,18460
5290,18480
5290,18500
5290,18520
5290,18540
5290,18560
5290,18580
5290,18600
5290,18620
5290,18640
5290,18660
5290,18680
5290,18700
5290,18720
5290,18740
5290,18760
5290,18780
5290,18800
5290,18820
5290,18840
5290,18860
5290,18880
5290,18900
5290,18920
5290,18940
5290,18960
5290,18980
5300,18300
5300,18320
5300,18340
5300,18360
5300,18380
5300,18400
5300,18420
5300,18440
5300,18460
5300,18480
5300,18500
5300,18520
5300,18540
5300,18560
5300,18580
5300,18600
5300,18620
5300,18640
5300,18660
5300,18680
5300,18700
5300,18720
5300,18740
5300,18760
5300,18780
5300,18800
5300,18820
5300,18840
5300,18860
5300,18880
5300,18900
5300,18920
5300,18940
5300,18960
5300,18980
5310,18300
5310,18320
5310,18340
5310,18360
5310,18380
5310,18400
5310,18420
5310,18440
5310,18460
5310,18480
5310,18500
5310,18520
5310,18540
5310,18560
5310,18580
5310,18600
5310,18620
5310,18640
5310,18660
5310,18680
5310,18700
5310,18720
5310,18740
5310,18760
5310,18780
5310,18800
5310,18820
5310,18840
5310,18860
5310,18880
5310,18900
5310,18920
5310,18940
5310,18960
5310,18980
5320,18300
5320,18320
5320,18340
5320,18360
5320,18380
5320,18400
5320,18420
5320,18440
5320,18460
5320,18480
5320,18500
5320,18520
5320,18540
5320,18560
5320,18580
5320,18600
5320,18620
5320,18640
5320,18660
5320,18680
5320,18700
5320,18720
5320,18740
5320,18760
5320,18780
5320,18800
5320,18820
5320,18840
5320,18860
5320,18880
5320,18900
5320,18920
5320,18940
5320,18960
5320,18980
5330,18300
5330,18320
5330,18340
5330,18360
5330,18380
5330,18400
5330,18420
5330,18440
5330,18460
5330,18480
5330,18500
5330,18520
5330,18540
5330,18560
5330,18580
5330,18600
5330,18620
5330,18640
5330,18660
5330,18680
5330,18700
5330,18720
5330,18740
5330,18760
5330,18780
5330,18800
5330,18820
5330,18840
5330,18860
5330,18880
5330,18900
5330,18920
5330,18940
5330,18960
5330,18980
5340,18300
5340,18320
5340,18340
5340,18360
5340,18380
5340,18400
5340,18420
5340,18440
5340,18460
5340,18480
5340,18500
5340,18520
5340,18540
5340,18560
5340,18580
5340,18600
5340,18620
5340,18640
5340,18660
5340,18680
5340,18700
5340,18720
5340,18740
5340,18760
5340,18780
5340,18800
5340,18820
5340,18840
5340,18860
5340,18880
5340,18900
5340,18920
5340,18940
5340,18960
5340,18980
5350,18300
5350,18320
5350,18340
5350,18360
5350,18380
5350,18400
5350,18420
5350,18440
5350,18460
5350,18480
5350,18500
5350,18520
5350,18540
5350,18560
5350,18580
5350,18600
5350,18620
5350,18640
5350,18660
5350,18680
5350,18700
5350,18720
5350,18740
5350,18760
5350,18780
5350,18800
5350,18820
5350,18840
5350,18860
5350,18880
5350,18900
5350,18920
5350,18940
5350,18960
5350,18980
5360,18300
5360,18320
5360,18340
5360,18360
5360,18380
5360,18400
5360,18420
5360,18440
5360,18460
5360,18480
5360,18500
5360,18520
5360,18540
5360,18560
5360,18580
5360,18600
5360,18620
5360,18640
5360,18660
5360,18680
5360,18700
5360,18720
5360,18740
5360,18760
5360,18780
5360,18800
5360,18820
5360,18840
5360,18860
5360,18880
5360,18900
5360,18920
5360,18940
5360,18960
5360,18980
5370,18300
5370,18320
5370,18340
5370,18360
5370,18380
5370,18400
5370,18420
5370,18440
5370,18460
5370,18480
5370,18500
5370,18520
5370,18540
5370,18560
5370,18580
5370,18600
5370,18620
5370,18640
5370,18660
5370,18680
5370,18700
5370,18720
5370,18740
5370,18760
5370,18780
5370,18800
5370,18820
5370,18840
5370,18860
5370,18880
5370,18900
5370,18920
5370,18940
5370,18960
5370,18980
5380,18300
5380,18320
5380,18340
5380,18360
5380,18380
5380,18400
5380,18420
5380,18440
5380,18460
5380,18480
5380,18500
5380,18520
5380,18540
5380,18560
5380,18580
5380,18600
5380,18620
5380,18640
5380,18660
5380,18680
5380,18700
5380,18720
5380,18740
5380,18760
5380,18780
5380,18800
5380,18820
5380,18840
5380,18860
5380,18880
5380,18900
5380,18920
5380,18940
5380,18960
5380,18980
13236,11470
13236,11490
13236,11510
13236,11530
13236,11550
13236,11570
13236,11590
13236,11610
13236,11630
13236,11650
13236,11670
13236,11690
13236,11710
13236,11730
13236,11750
13236,11770
13236,11790
13236,11810
13236,11830
13236,11850
13236,11870
13236,11890
13236,11910
13236,11930
13236,11950
13236,11970
13236,11990
13236,12010
13236,12030
13236,12050
13236,12070
13236,12090
13236,12110
13246,11470
13246,11490
13246,11510
13246,11530
13246,11550
13246,11570
13246,11590
13246,11610
13246,11630
13246,11650
13246,11670
13246,11690
13246,11710
13246,11730
13246,11750
13246,11770
13246,11790
13246,11810
13246,11830
13246,11850
13246,11870
13246,11890
13246,11910
13246,11930
13246,11950
13246,11970
13246,11990
13246,12010
13246,12030
13246,12050
13246,12070
13246,12090
13246,12110
13256,11470
13256,11490
13256,11510
13256,11530
13256,11550
13256,11570
13256,11590
13256,11610
13256,11630
13256,11650
13256,11670
13256,11690
13256,11710
13256,11730
13256,11750
13256,11770
13256,11790
13256,11810
13256,11830
13256,11850
13256,11870
13256,11890
13256,11910
13256,11930
13256,11950
13256,11970
13256,11990
13256,12010
13256,12030
13256,12050
13256,12070
13256,12090
13256,12110
13266,11470
13266,11490
13266,11510
13266,11530
13266,11550
13266,11570
13266,11590
13266,11610
13266,11630
13266,11650
13266,11670
13266,11690
13266,11710
13266,11730
13266,11750
13266,11770
13266,11790
13266,11810
13266,11830
13266,11850
13266,11870
13266,11890
13266,11910
13266,11930
13266,11950
13266,11970
13266,11990
13266,12010
13266,12030
13266,12050
13266,12070
13266,12090
13266,12110
13276,11470
13276,11490
13276,11510
13276,11530
13276,11550
13276,11570
13276,11590
13276,11610
13276,11630
13276,11650
13276,11670
13276,11690
13276,11710
13276,11730
13276,11750
13276,11770
13276,11790
13276,11810
13276,11830
13276,11850
13276,11870
13276,11890
13276,11910
13276,11930
13276,11950
13276,11970
13276,11990
13276,12010
13276,12030
13276,12050
13276,12070
13276,12090
13276,12110
13286,11470
13286,11490
13286,11510
13286,11530
13286,11550
13286,11570
13286,11590
13286,11610
13286,11630
13286,11650
13286,11670
13286,11690
13286,11710
13286,11730
13286,11750
13286,11770
13286,11790
13286,11810
13286,11830
13286,11850
13286,11870
13286,11890
13286,11910
13286,11930
13286,11950
13286,11970
13286,11990
13286,12010
13286,12030
13286,12050
13286,12070
13286,12090
13286,12110
13296,11470
13296,11490
13296,11510
13296,11530
13296,11550
13296,11570
13296,11590
13296,11610
13296,11630
13296,11650
13296,11670
13296,11690
13296,11710
13296,11730
13296,11750
13296,11770
13296,11790
13296,11810
13296,11830
13296,11850
13296,11870
13296,11890
13296,11910
13296,11930
13296,11950
13296,11970
13296,11990
13296,12010
13296,12030
13296,12050
13296,12070
13296,12090
13296,12110
13306,11470
13306,11490
13306,11510
13306,11530
13306,11550
13306,11570
13306,11590
13306,11610
13306,11630
13306,11650
13306,11670
13306,11690
13306,11710
13306,11730
13306,11750
13306,11770
13306,11790
13306,11810
13306,11830
13306,11850
13306,11870
13306,11890
13306,11910
13306,11930
13306,11950
13306,11970
13306,11990
13306,12010
13306,12030
13306,12050
13306,12070
13306,12090
13306,12110
13316,11470
13316,11490
13316,11510
13316,11530
13316,11550
13316,11570
13316,11590
13316,11610
13316,11630
13316,11650
13316,11670
13316,11690
13316,11710
13316,11730
13316,11750
13316,11770
13316,11790
13316,11810
13316,11830
13316,11850
13316,11870
13316,11890
13316,11910
13316,11930
13316,11950
13316,11970
13316,11990
13316,12010
13316,12030
13316,12050
13316,12070
13316,12090
13316,12110
13326,11470
13326,11490
13326,11510
13326,11530
13326,11550
13326,11570
13326,11590
13326,11610
13326,11630
13326,11650
13326,11670
13326,11690
13326,11710
13326,11730
13326,11750
13326,11770
13326,11790
13326,11810
13326,11830
13326,11850
13326,11870
13326,11890
13326,11910
13326,11930
13326,11950
13326,11970
13326,11990
13326,12010
13326,12030
13326,12050
13326,12070
13326,12090
13326,12110
13336,11470
13336,11490
13336,11510
13336,11530
13336,11550
13336,11570
13336,11590
13336,11610
13336,11630
13336,11650
13336,11670
13336,11690
13336,11710
13336,11730
13336,11750
13336,11770
13336,11790
13336,11810
13336,11830
13336,11850
13336,11870
13336,11890
13336,11910
13336,11930
13336,11950
13336,11970
13336,11990
13336,12010
13336,12030
13336,12050
13336,12070
13336,12090
13336,12110
13346,11470
13346,11490
13346,11510
13346,11530
13346,11550
13346,11570
13346,11590
13346,11610
13346,11630
13346,11650
13346,11670
13346,11690
13346,11710
13346,11730
13346,11750
13346,11770
13346,11790
13346,11810
13346,11830
13346,11850
13346,11870
13346,11890
13346,11910
13346,11930
13346,11950
13346,11970
13346,11990
13346,12010
13346,12030
13346,12050
13346,12070
13346,12090
13346,12110
13356,11470
13356,11490
13356,11510
13356,11530
13356,11550
13356,11570
13356,11590
13356,11610
13356,11630
13356,11650
13356,11670
13356,11690
13356,11710
13356,11730
13356,11750
13356,11770
13356,11790
13356,11810
13356,11830
13356,11850
13356,11870
13356,11890
13356,11910
13356,11930
13356,11950
13356,11970
13356,11990
13356,12010
13356,12030
13356,12050
13356,12070
13356,12090
13356,12110
13366,11470
13366,11490
13366,11510
13366,11530
13366,11550
13366,11570
13366,11590
13366,11610
13366,11630
13366,11650
13366,11670
13366,11690
13366,11710
13366,11730
13366,11750
13366,11770
13366,11790
13366,11810
13366,11830
13366,11850
13366,11870
13366,11890
13366,11910
13366,11930
13366,11950
13366,11970
13366,11990
13366,12010
13366,12030
13366,12050
13366,12070
13366,12090
13366,12110
13376,11470
13376,11490
13376,11510
13376,11530
13376,11550
13376,11570
13376,11590
13376,11610
13376,11630
13376,11650
13376,11670
13376,11690
13376,11710
13376,11730
13376,11750
13376,11770
13376,11790
13376,11810
13376,11830
13376,11850
13376,11870
13376,11890
13376,11910
13376,11930
13376,11950
13376,11970
13376,11990
13376,12010
13376,12030
13376,12050
13376,12070
13376,12090
13376,12110
13386,11470
13386,11490
13386,11510
13386,11530
13386,11550
13386,11570
13386,11590
13386,11610
13386,11630
13386,11650
13386,11670
13386,11690
13386,11710
13386,11730
13386,11750
13386,11770
13386,11790
13386,11810
13386,11830
13386,11850
13386,11870
13386,11890
13386,11910
13386,11930
13386,11950
13386,11970
13386,11990
13386,12010
13386,12030
13386,12050
13386,12070
13386,12090
13386,12110
13396,11470
13396,11490
13396,11510
13396,11530
13396,11550
13396,11570
13396,11590
13396,11610
13396,11630
13396,11650
13396,11670
13396,11690
13396,11710
13396,11730
13396,11750
13396,11770
13396,11790
13396,11810
13396,11830
13396,11850
13396,11870
13396,11890
13396,11910
13396,11930
13396,11950
13396,11970
13396,11990
13396,12010
13396,12030
13396,12050
13396,12070
13396,12090
13396,12110
13406,11470
13406,11490
13406,11510
13406,11530
13406,11550
13406,11570
13406,11590
13406,11610
13406,11630
13406,11650
13406,11670
13406,11690
13406,11710
13406,11730
13406,11750
13406,11770
13406,11790
13406,11810
13406,11830
13406,11850
13406,11870
13406,11890
13406,11910
13406,11930
13406,11950
13406,11970
13406,11990
13406,12010
13406,12030
13406,12050
13406,12070
13406,12090
13406,12110
13416,11470
13416,11490
13416,11510
13416,11530
13416,11550
13416,11570
13416,11590
13416,11610
13416,11630
13416,11650
13416,11670
13416,11690
13416,11710
13416,11730
13416,11750
13416,11770
13416,11790
13416,11810
13416,11830
13416,11850
13416,11870
13416,11890
13416,11910
13416,11930
13416,11950
13416,11970
13416,11990
13416,12010
13416,12030
13416,12050
13416,12070
13416,12090
13416,12110
13426,11470
13426,11490
13426,11510
13426,11530
13426,11550
13426,11570
13426,11590
13426,11610
13426,11630
13426,11650
13426,11670
13426,11690
13426,11710
13426,11730
13426,11750
13426,11770
13426,11790
13426,11810
13426,11830
13426,11850
13426,11870
13426,11890
13426,11910
13426,11930
13426,11950
13426,11970
13426,11990
13426,12010
13426,12030
13426,12050
13426,12070
13426,12090
13426,12110
13436,11470
13436,11490
13436,11510
13436,11530
13436,11550
13436,11570
13436,11590
13436,11610
13436,11630
13436,11650
13436,11670
13436,11690
13436,11710
13436,11730
13436,11750
13436,11770
13436,11790
13436,11810
13436,11830
13436,11850
13436,11870
13436,11890
13436,11910
13436,11930
13436,11950
13436,11970
13436,11990
13436,12010
13436,12030
13436,12050
13436,12070
13436,12090
13436,12110
13446,11470
13446,11490
13446,11510
13446,11530
13446,11550
13446,11570
13446,11590
13446,11610
13446,11630
13446,11650
13446,11670
13446,11690
13446,11710
13446,11730
13446,11750
13446,11770
13446,11790
13446,11810
13446,11830
13446,11850
13446,11870
13446,11890
13446,11910
13446,11930
13446,11950
13446,11970
13446,11990
13446,12010
13446,12030
13446,12050
13446,12070
13446,12090
13446,12110
13456,11470
13456,11490
13456,11510
13456,11530
13456,11550
13456,11570
13456,11590
13456,11610
13456,11630
13456,11650
13456,11670
13456,11690
13456,11710
13456,11730
13456,11750
13456,11770
13456,11790
13456,11810
13456,11830
13456,11850
13456,11870
13456,11890
13456,11910
13456,11930
13456,11950
13456,11970
13456,11990
13456,12010
13456,12030
13456,12050
13456,12070
13456,12090
13456,12110
13466,11470
13466,11490
13466,11510
13466,11530
13466,11550
13466,11570
13466,11590
13466,11610
13466,11630
13466,11650
13466,11670
13466,11690
13466,11710
13466,11730
13466,11750
13466,11770
13466,11790
13466,11810
13466,11830
13466,11850
13466,11870
13466,11890
13466,11910
13466,11930
13466,11950
13466,11970
13466,11990
13466,12010
13466,12030
13466,12050
13466,12070
13466,12090
13466,12110
13476,11470
13476,11490
13476,11510
13476,11530
13476,11550
13476,11570
13476,11590
13476,11610
13476,11630
13476,11650
13476,11670
13476,11690
13476,11710
13476,11730
13476,11750
13476,11770
13476,11790
13476,11810
13476,11830
13476,11850
13476,11870
13476,11890
13476,11910
13476,11930
13476,11950
13476,11970
13476,11990
13476,12010
13476,12030
13476,12050
13476,12070
13476,12090
13476,12110
13486,11470
13486,11490
13486,11510
13486,11530
13486,11550
13486,11570
13486,11590
13486,11610
13486,11630
13486,11650
13486,11670
13486,11690
13486,11710
13486,11730
13486,11750
13486,11770
13486,11790
13486,11810
13486,11830
13486,11850
13486,11870
13486,11890
13486,11910
13486,11930
13486,11950
13486,11970
13486,11990
13486,12010
13486,12030
13486,12050
13486,12070
13486,12090
13486,12110
13496,11470
13496,11490
13496,11510
13496,11530
13496,11550
13496,11570
13496,11590
13496,11610
13496,11630
13496,11650
13496,11670
13496,11690
13496,11710
13496,11730
13496,11750
13496,11770
13496,11790
13496,11810
13496,11830
13496,11850
13496,11870
13496,11890
13496,11910
13496,11930
13496,11950
13496,11970
13496,11990
13496,12010
13496,12030
13496,12050
13496,12070
13496,12090
13496,12110
13506,11470
13506,11490
13506,11510
13506,11530
13506,11550
13506,11570
13506,11590
13506,11610
13506,11630
13506,11650
13506,11670
13506,11690
13506,11710
13506,11730
13506,11750
13506,11770
13506,11790
13506,11810
13506,11830
13506,11850
13506,11870
13506,11890
13506,11910
13506,11930
13506,11950
13506,11970
13506,11990
13506,12010
13506,12030
13506,12050
13506,12070
13506,12090
13506,12110
13516,11470
13516,11490
13516,11510
13516,11530
13516,11550
13516,11570
13516,11590
13516,11610
13516,11630
13516,11650
13516,11670
13516,11690
13516,11710
13516,11730
13516,11750
13516,11770
13516,11790
13516,11810
13516,11830
13516,11850
13516,11870
13516,11890
13516,11910
13516,11930
13516,11950
13516,11970
13516,11990
13516,12010
13516,12030
13516,12050
13516,12070
13516,12090
13516,12110
13526,11470
13526,11490
13526,11510
13526,11530
13526,11550
13526,11570
13526,11590
13526,11610
13526,11630
13526,11650
13526,11670
13526,11690
13526,11710
13526,11730
13526,11750
13526,11770
13526,11790
13526,11810
13526,11830
13526,11850
13526,11870
13526,11890
13526,11910
13526,11930
13526,11950
13526,11970
13526,11990
13526,12010
13526,12030
13526,12050
13526,12070
13526,12090
13526,12110
13536,11470
13536,11490
13536,11510
13536,11530
13536,11550
13536,11570
13536,11590
13536,11610
13536,11630
13536,11650
13536,11670
13536,11690
13536,11710
13536,11730
13536,11750
13536,11770
13536,11790
13536,11810
13536,11830
13536,11850
13536,11870
13536,11890
13536,11910
13536,11930
13536,11950
13536,11970
13536,11990
13536,12010
13536,12030
13536,12050
13536,12070
13536,12090
13536,12110
13546,11470
13546,11490
13546,11510
13546,11530
13546,11550
13546,11570
13546,11590
13546,11610
13546,11630
13546,11650
13546,11670
13546,11690
13546,11710
13546,11730
13546,11750
13546,11770
13546,11790
13546,11810
13546,11830
13546,11850
13546,11870
13546,11890
13546,11910
13546,11930
13546,11950
13546,11970
13546,11990
13546,12010
13546,12030
13546,12050
13546,12070
13546,12090
13546,12110
13556,11470
13556,11490
13556,11510
13556,11530
13556,11550
13556,11570
13556,11590
13556,11610
13556,11630
13556,11650
13556,11670
13556,11690
13556,11710
13556,11730
13556,11750
13556,11770
13556,11790
13556,11810
13556,11830
13556,11850
13556,11870
13556,11890
13556,11910
13556,11930
13556,11950
13556,11970
13556,11990
13556,12010
13556,12030
13556,12050
13556,12070
13556,12090
13556,12110
13566,11470
13566,11490
13566,11510
13566,11530
13566,11550
13566,11570
13566,11590
13566,11610
13566,11630
13566,11650
13566,11670
13566,11690
13566,11710
13566,11730
13566,11750
13566,11770
13566,11790
13566,11810
13566,11830
13566,11850
13566,11870
13566,11890
13566,11910
13566,11930
13566,11950
13566,11970
13566,11990
13566,12010
13566,12030
13566,12050
13566,12070
13566,12090
13566,12110
13576,11470
13576,11490
13576,11510
13576,11530
13576,11550
13576,11570
13576,11590
13576,11610
13576,11630
13576,11650
13576,11670
13576,11690
13576,11710
13576,11730
13576,11750
13576,11770
13576,11790
13576,11810
13576,11830
13576,11850
13576,11870
13576,11890
13576,11910
13576,11930
13576,11950
13576,11970
13576,11990
13576,12010
13576,12030
13576,12050
13576,12070
13576,12090
13576,12110
13586,11470
13586,11490
13586,11510
13586,11530
13586,11550
13586,11570
13586,11590
13586,11610
13586,11630
13586,11650
13586,11670
13586,11690
13586,11710
13586,11730
13586,11750
13586,11770
13586,11790
13586,11810
13586,11830
13586,11850
13586,11870
13586,11890
13586,11910
13586,11930
13586,11950
13586,11970
13586,11990
13586,12010
13586,12030
13586,12050
13586,12070
13586,12090
13586,12110
13596,11470
13596,11490
13596,11510
13596,11530
13596,11550
13596,11570
13596,11590
13596,11610
13596,11630
13596,11650
13596,11670
13596,11690
13596,11710
13596,11730
13596,11750
13596,11770
13596,11790
13596,11810
13596,11830
13596,11850
13596,11870
13596,11890
13596,11910
13596,11930
13596,11950
13596,11970
13596,11990
13596,12010
13596,12030
13596,12050
13596,12070
13596,12090
13596,12110
13606,11470
13606,11490
13606,11510
13606,11530
13606,11550
13606,11570
13606,11590
13606,11610
13606,11630
13606,11650
13606,11670
13606,11690
13606,11710
13606,11730
13606,11750
13606,11770
13606,11790
13606,11810
13606,11830
13606,11850
13606,11870
13606,11890
13606,11910
13606,11930
13606,11950
13606,11970
13606,11990
13606,12010
13606,12030
13606,12050
13606,12070
13606,12090
13606,12110
13616,11470
13616,11490
13616,11510
13616,11530
13616,11550
13616,11570
13616,11590
13616,11610
13616,11630
13616,11650
13616,11670
13616,11690
13616,11710
13616,11730
13616,11750
13616,11770
13616,11790
13616,11810
13616,11830
13616,11850
13616,11870
13616,11890
13616,11910
13616,11930
13616,11950
13616,11970
13616,11990
13616,12010
13616,12030
13616,12050
13616,12070
13616,12090
13616,12110
13626,11470
13626,11490
13626,11510
13626,11530
13626,11550
13626,11570
13626,11590
13626,11610
13626,11630
13626,11650
13626,11670
13626,11690
13626,11710
13626,11730
13626,11750
13626,11770
13626,11790
13626,11810
13626,11830
13626,11850
13626,11870
13626,11890
13626,11910
13626,11930
13626,11950
13626,11970
13626,11990
13626,12010
13626,12030
13626,12050
13626,12070
13626,12090
13626,12110
13636,11470
13636,11490
13636,11510
13636,11530
13636,11550
13636,11570
13636,11590
13636,11610
13636,11630
13636,11650
13636,11670
13636,11690
13636,11710
13636,11730
13636,11750
13636,11770
13636,11790
13636,11810
13636,11830
13636,11850
13636,11870
13636,11890
13636,11910
13636,11930
13636,11950
13636,11970
13636,11990
13636,12010
13636,12030
13636,12050
13636,12070
13636,12090
13636,12110
13646,11470
13646,11490
13646,11510
13646,11530
13646,11550
13646,11570
13646,11590
13646,11610
13646,11630
13646,11650
13646,11670
13646,11690
13646,11710
13646,11730
13646,11750
13646,11770
13646,11790
13646,11810
13646,11830
13646,11850
13646,11870
13646,11890
13646,11910
13646,11930
13646,11950
13646,11970
13646,11990
13646,12010
13646,12030
13646,12050
13646,12070
13646,12090
13646,12110
13656,11470
13656,11490
13656,11510
13656,11530
13656,11550
13656,11570
13656,11590
13656,11610
13656,11630
13656,11650
13656,11670
13656,11690
13656,11710
13656,11730
13656,11750
13656,11770
13656,11790
13656,11810
13656,11830
13656,11850
13656,11870
13656,11890
13656,11910
13656,11930
13656,11950
13656,11970
13656,11990
13656,12010
13656,12030
13656,12050
13656,12070
13656,12090
13656,12110
13666,11470
13666,11490
13666,11510
13666,11530
13666,11550
13666,11570
13666,11590
13666,11610
13666,11630
13666,11650
13666,11670
13666,11690
13666,11710
13666,11730
13666,11750
13666,11770
13666,11790
13666,11810
13666,11830
13666,11850
13666,11870
13666,11890
13666,11910
13666,11930
13666,11950
13666,11970
13666,11990
13666,12010
13666,12030
13666,12050
13666,12070
13666,12090
13666,12110
13676,11470
13676,11490
13676,11510
13676,11530
13676,11550
13676,11570
13676,11590
13676,11610
13676,11630
13676,11650
13676,11670
13676,11690
13676,11710
13676,11730
13676,11750
13676,11770
13676,11790
13676,11810
13676,11830
13676,11850
13676,11870
13676,11890
13676,11910
13676,11930
13676,11950
13676,11970
13676,11990
13676,12010
13676,12030
13676,12050
13676,12070
13676,12090
13676,12110
13686,11470
13686,11490
13686,11510
13686,11530
13686,11550
13686,11570
13686,11590
13686,11610
13686,11630
13686,11650
13686,11670
13686,11690
13686,11710
13686,11730
13686,11750
13686,11770
13686,11790
13686,11810
13686,11830
13686,11850
13686,11870
13686,11890
13686,11910
13686,11930
13686,11950
13686,11970
13686,11990
13686,12010
13686,12030
13686,12050
13686,12070
13686,12090
13686,12110
13696,11470
13696,11490
13696,11510
13696,11530
13696,11550
13696,11570
13696,11590
13696,11610
13696,11630
13696,11650
13696,11670
13696,11690
13696,11710
13696,11730
13696,11750
13696,11770
13696,11790
13696,11810
13696,11830
13696,11850
13696,11870
13696,11890
13696,11910
13696,11930
13696,11950
13696,11970
13696,11990
13696,12010
13696,12030
13696,12050
13696,12070
13696,12090
13696,12110
13706,11470
13706,11490
13706,11510
13706,11530
13706,11550
13706,11570
13706,11590
13706,11610
13706,11630
13706,11650
13706,11670
13706,11690
13706,11710
13706,11730
13706,11750
13706,11770
13706,11790
13706,11810
13706,11830
13706,11850
13706,11870
13706,11890
13706,11910
13706,11930
13706,11950
13706,11970
13706,11990
13706,12010
13706,12030
13706,12050
13706,12070
13706,12090
13706,12110
13716,11470
13716,11490
13716,11510
13716,11530
13716,11550
13716,11570
13716,11590
13716,11610
13716,11630
13716,11650
13716,11670
13716,11690
13716,11710
13716,11730
13716,11750
13716,11770
13716,11790
13716,11810
13716,11830
13716,11850
13716,11870
13716,11890
13716,11910
13716,11930
13716,11950
13716,11970
13716,11990
13716,12010
13716,12030
13716,12050
13716,12070
13716,12090
13716,12110
13726,11470
13726,11490
13726,11510
13726,11530
13726,11550
13726,11570
13726,11590
13726,11610
13726,11630
13726,11650
13726,11670
13726,11690
13726,11710
13726,11730
13726,11750
13726,11770
13726,11790
13726,11810
13726,11830
13726,11850
13726,11870
13726,11890
13726,11910
13726,11930
13726,11950
13726,11970
13726,11990
13726,12010
13726,12030
13726,12050
13726,12070
13726,12090
13726,12110
13736,11470
13736,11490
13736,11510
13736,11530
13736,11550
13736,11570
13736,11590
13736,11610
13736,11630
13736,11650
13736,11670
13736,11690
13736,11710
13736,11730
13736,11750
13736,11770
13736,11790
13736,11810
13736,11830
13736,11850
13736,11870
13736,11890
13736,11910
13736,11930
13736,11950
13736,11970
13736,11990
13736,12010
13736,12030
13736,12050
13736,12070
13736,12090
13736,12110
13746,11470
13746,11490
13746,11510
13746,11530
13746,11550
13746,11570
13746,11590
13746,11610
13746,11630
13746,11650
13746,11670
13746,11690
13746,11710
13746,11730
13746,11750
13746,11770
13746,11790
13746,11810
13746,11830
13746,11850
13746,11870
13746,11890
13746,11910
13746,11930
13746,11950
13746,11970
13746,11990
13746,12010
13746,12030
13746,12050
13746,12070
13746,12090
13746,12110
13756,11470
13756,11490
13756,11510
13756,11530
13756,11550
13756,11570
13756,11590
13756,11610
13756,11630
13756,11650
13756,11670
13756,11690
13756,11710
13756,11730
13756,11750
13756,11770
13756,11790
13756,11810
13756,11830
13756,11850
13756,11870
13756,11890
13756,11910
13756,11930
13756,11950
13756,11970
13756,11990
13756,12010
13756,12030
13756,12050
13756,12070
13756,12090
13756,12110
13766,11470
13766,11490
13766,11510
13766,11530
13766,11550
13766,11570
13766,11590
13766,11610
13766,11630
13766,11650
13766,11670
13766,11690
13766,11710
13766,11730
13766,11750
13766,11770
13766,11790
13766,11810
13766,11830
13766,11850
13766,11870
13766,11890
13766,11910
13766,11930
13766,11950
13766,11970
13766,11990
13766,12010
13766,12030
13766,12050
13766,12070
13766,12090
13766,12110
13776,11470
13776,11490
13776,11510
13776,11530
13776,11550
13776,11570
13776,11590
13776,11610
13776,11630
13776,11650
13776,11670
13776,11690
13776,11710
13776,11730
13776,11750
13776,11770
13776,11790
13776,11810
13776,11830
13776,11850
13776,11870
13776,11890
13776,11910
13776,11930
13776,11950
13776,11970
13776,11990
13776,12010
13776,12030
13776,12050
13776,12070
13776,12090
13776,12110
13786,11470
13786,11490
13786,11510
13786,11530
13786,11550
13786,11570
13786,11590
13786,11610
13786,11630
13786,11650
13786,11670
13786,11690
13786,11710
13786,11730
13786,11750
13786,11770
13786,11790
13786,11810
13786,11830
13786,11850
13786,11870
13786,11890
13786,11910
13786,11930
13786,11950
13786,11970
13786,11990
13786,12010
13786,12030
13786,12050
13786,12070
13786,12090
13786,12110
13796,11470
13796,11490
13796,11510
13796,11530
13796,11550
13796,11570
13796,11590
13796,11610
13796,11630
13796,11650
13796,11670
13796,11690
13796,11710
13796,11730
13796,11750
13796,11770
13796,11790
13796,11810
13796,11830
13796,11850
13796,11870
13796,11890
13796,11910
13796,11930
13796,11950
13796,11970
13796,11990
13796,12010
13796,12030
13796,12050
13796,12070
13796,12090
13796,12110
13806,11470
13806,11490
13806,11510
13806,11530
13806,11550
13806,11570
13806,11590
13806,11610
13806,11630
13806,11650
13806,11670
13806,11690
13806,11710
13806,11730
13806,11750
13806,11770
13806,11790
13806,11810
13806,11830
13806,11850
13806,11870
13806,11890
13806,11910
13806,11930
13806,11950
13806,11970
13806,11990
13806,12010
13806,12030
13806,12050
13806,12070
13806,12090
13806,12110
13816,11470
13816,11490
13816,11510
13816,11530
13816,11550
13816,11570
13816,11590
13816,11610
13816,11630
13816,11650
13816,11670
13816,11690
13816,11710
13816,11730
13816,11750
13816,11770
13816,11790
13816,11810
13816,11830
13816,11850
13816,11870
13816,11890
13816,11910
13816,11930
13816,11950
13816,11970
13816,11990
13816,12010
13816,12030
13816,12050
13816,12070
13816,12090
13816,12110
13826,11470
13826,11490
13826,11510
13826,11530
13826,11550
13826,11570
13826,11590
13826,11610
13826,11630
13826,11650
13826,11670
13826,11690
13826,11710
13826,11730
13826,11750
13826,11770
13826,11790
13826,11810
13826,11830
13826,11850
13826,11870
13826,11890
13826,11910
13826,11930
13826,11950
13826,11970
13826,11990
13826,12010
13826,12030
13826,12050
13826,12070
13826,12090
13826,12110
13836,11470
13836,11490
13836,11510
13836,11530
13836,11550
13836,11570
13836,11590
13836,11610
13836,11630
13836,11650
13836,11670
13836,11690
13836,11710
13836,11730
13836,11750
13836,11770
13836,11790
13836,11810
13836,11830
13836,11850
13836,11870
13836,11890
13836,11910
13836,11930
13836,11950
13836,11970
13836,11990
13836,12010
13836,12030
13836,12050
13836,12070
13836,12090
13836,12110
13846,11470
13846,11490
13846,11510
13846,11530
13846,11550
13846,11570
13846,11590
13846,11610
13846,11630
13846,11650
13846,11670
13846,11690
13846,11710
13846,11730
13846,11750
13846,11770
13846,11790
13846,11810
13846,11830
13846,11850
13846,11870
13846,11890
13846,11910
13846,11930
13846,11950
13846,11970
13846,11990
13846,12010
13846,12030
13846,12050
13846,12070
13846,12090
13846,12110
13856,11470
13856,11490
13856,11510
13856,11530
13856,11550
13856,11570
13856,11590
13856,11610
13856,11630
13856,11650
13856,11670
13856,11690
13856,11710
13856,11730
13856,11750
13856,11770
13856,11790
13856,11810
13856,11830
13856,11850
13856,11870
13856,11890
13856,11910
13856,11930
13856,11950
13856,11970
13856,11990
13856,12010
13856,12030
13856,12050
13856,12070
13856,12090
13856,12110
13866,11470
13866,11490
13866,11510
13866,11530
13866,11550
13866,11570
13866,11590
13866,11610
13866,11630
13866,11650
13866,11670
13866,11690
13866,11710
13866,11730
13866,11750
13866,11770
13866,11790
13866,11810
13866,11830
13866,11850
13866,11870
13866,11890
13866,11910
13866,11930
13866,11950
13866,11970
13866,11990
13866,12010
13866,12030
13866,12050
13866,12070
13866,12090
13866,12110
13876,11470
13876,11490
13876,11510
13876,11530
13876,11550
13876,11570
13876,11590
13876,11610
13876,11630
13876,11650
13876,11670
13876,11690
13876,11710
13876,11730
13876,11750
13876,11770
13876,11790
13876,11810
13876,11830
13876,11850
13876,11870
13876,11890
13876,11910
13876,11930
13876,11950
13876,11970
13876,11990
13876,12010
13876,12030
13876,12050
13876,12070
13876,12090
13876,12110
13886,11470
13886,11490
13886,11510
13886,11530
13886,11550
13886,11570
13886,11590
13886,11610
13886,11630
13886,11650
13886,11670
13886,11690
13886,11710
13886,11730
13886,11750
13886,11770
13886,11790
13886,11810
13886,11830
13886,11850
13886,11870
13886,11890
13886,11910
13886,11930
13886,11950
13886,11970
13886,11990
13886,12010
13886,12030
13886,12050
13886,12070
13886,12090
13886,12110
13896,11470
13896,11490
13896,11510
13896,11530
13896,11550
13896,11570
13896,11590
13896,11610
13896,11630
13896,11650
13896,11670
13896,11690
13896,11710
13896,11730
13896,11750
13896,11770
13896,11790
13896,11810
13896,11830
13896,11850
13896,11870
13896,11890
13896,11910
13896,11930
13896,11950
13896,11970
13896,11990
13896,12010
13896,12030
13896,12050
13896,12070
13896,12090
13896,12110
13906,11470
13906,11490
13906,11510
13906,11530
13906,11550
13906,11570
13906,11590
13906,11610
13906,11630
13906,11650
13906,11670
13906,11690
13906,11710
13906,11730
13906,11750
13906,11770
13906,11790
13906,11810
13906,11830
13906,11850
13906,11870
13906,11890
13906,11910
13906,11930
13906,11950
13906,11970
13906,11990
13906,12010
13906,12030
13906,12050
13906,12070
13906,12090
13906,12110
13916,11470
13916,11490
13916,11510
13916,11530
13916,11550
13916,11570
13916,11590
13916,11610
13916,11630
13916,11650
13916,11670
13916,11690
13916,11710
13916,11730
13916,11750
13916,11770
13916,11790
13916,11810
13916,11830
13916,11850
13916,11870
13916,11890
13916,11910
13916,11930
13916,11950
13916,11970
13916,11990
13916,12010
13916,12030
13916,12050
13916,12070
13916,12090
13916,12110
13926,11470
13926,11490
13926,11510
13926,11530
13926,11550
13926,11570
13926,11590
13926,11610
13926,11630
13926,11650
13926,11670
13926,11690
13926,11710
13926,11730
13926,11750
13926,11770
13926,11790
13926,11810
13926,11830
13926,11850
13926,11870
13926,11890
13926,11910
13926,11930
13926,11950
13926,11970
13926,11990
13926,12010
13926,12030
13926,12050
13926,12070
13926,12090
13926,12110
13936,11470
13936,11490
13936,11510
13936,11530
13936,11550
13936,11570
13936,11590
13936,11610
13936,11630
13936,11650
13936,11670
13936,11690
13936,11710
13936,11730
13936,11750
13936,11770
13936,11790
13936,11810
13936,11830
13936,11850
13936,11870
13936,11890
13936,11910
13936,11930
13936,11950
13936,11970
13936,11990
13936,12010
13936,12030
13936,12050
13936,12070
13936,12090
13936,12110
13946,11470
13946,11490
13946,11510
13946,11530
13946,11550
13946,11570
13946,11590
13946,11610
13946,11630
13946,11650
13946,11670
13946,11690
13946,11710
13946,11730
13946,11750
13946,11770
13946,11790
13946,11810
13946,11830
13946,11850
13946,11870
13946,11890
13946,11910
13946,11930
13946,11950
13946,11970
13946,11990
13946,12010
13946,12030
13946,12050
13946,12070
13946,12090
13946,12110
13956,11470
13956,11490
13956,11510
13956,11530
13956,11550
13956,11570
13956,11590
13956,11610
13956,11630
13956,11650
13956,11670
13956,11690
13956,11710
13956,11730
13956,11750
13956,11770
13956,11790
13956,11810
13956,11830
13956,11850
13956,11870
13956,11890
13956,11910
13956,11930
13956,11950
13956,11970
13956,11990
13956,12010
13956,12030
13956,12050
13956,12070
13956,12090
13956,12110
13966,11470
13966,11490
13966,11510
13966,11530
13966,11550
13966,11570
13966,11590
13966,11610
13966,11630
13966,11650
13966,11670
13966,11690
13966,11710
13966,11730
13966,11750
13966,11770
13966,11790
13966,11810
13966,11830
13966,11850
13966,11870
13966,11890
13966,11910
13966,11930
13966,11950
13966,11970
13966,11990
13966,12010
13966,12030
13966,12050
13966,12070
13966,12090
13966,12110
13976,11470
13976,11490
13976,11510
13976,11530
13976,11550
13976,11570
13976,11590
13976,11610
13976,11630
13976,11650
13976,11670
13976,11690
13976,11710
13976,11730
13976,11750
13976,11770
13976,11790
13976,11810
13976,11830
13976,11850
13976,11870
13976,11890
13976,11910
13976,11930
13976,11950
13976,11970
13976,11990
13976,12010
13976,12030
13976,12050
13976,12070
13976,12090
13976,12110
13986,11470
13986,11490
13986,11510
13986,11530
13986,11550
13986,11570
13986,11590
13986,11610
13986,11630
13986,11650
13986,11670
13986,11690
13986,11710
13986,11730
13986,11750
13986,11770
13986,11790
13986,11810
13986,11830
13986,11850
13986,11870
13986,11890
13986,11910
13986,11930
13986,11950
13986,11970
13986,11990
13986,12010
13986,12030
13986,12050
13986,12070
13986,12090
13986,12110
13996,11470
13996,11490
13996,11510
13996,11530
13996,11550
13996,11570
13996,11590
13996,11610
13996,11630
13996,11650
13996,11670
13996,11690
13996,11710
13996,11730
13996,11750
13996,11770
13996,11790
13996,11810
13996,11830
13996,11850
13996,11870
13996,11890
13996,11910
13996,11930
13996,11950
13996,11970
13996,11990
13996,12010
13996,12030
13996,12050
13996,12070
13996,12090
13996,12110
14396,24900
14396,24920
14396,24940
14396,24960
14396,24980
14396,25000
14396,25020
14396,25040
14396,25060
14396,25080
14396,25100
14396,25120
14396,25140
14396,25160
14396,25180
14396,25200
14396,25220
14396,25240
14396,25260
14396,25280
14396,25300
14396,25320
14396,25340
14396,25360
14396,25380
14396,25400
14396,25420
14396,25440
14396,25460
14396,25480
14396,25500
14396,25520
14396,25540
14396,25560
14396,25580
14396,25600
14396,25620
14396,25640
14396,25660
14396,25680
14396,25700
14396,25720
14396,25740
14396,25760
14396,25780
14396,25800
14396,25820
14396,25840
14396,25860
14396,25880
14396,25900
14396,25920
14396,25940
14396,25960
14396,25980
14406,24900
14406,24920
14406,24940
14406,24960
14406,24980
14406,25000
14406,25020
14406,25040
14406,25060
14406,25080
14406,25100
14406,25120
14406,25140
14406,25160
14406,25180
14406,25200
14406,25220
14406,25240
14406,25260
14406,25280
14406,25300
14406,25320
14406,25340
14406,25360
14406,25380
14406,25400
14406,25420
14406,25440
14406,25460
14406,25480
14406,25500
14406,25520
14406,25540
14406,25560
14406,25580
14406,25600
14406,25620
14406,25640
14406,25660
14406,25680
14406,25700
14406,25720
14406,25740
14406,25760
14406,25780
14406,25800
14406,25820
14406,25840
14406,25860
14406,25880
14406,25900
14406,25920
14406,25940
14406,25960
14406,25980
14416,24900
14416,24920
14416,24940
14416,24960
14416,24980
14416,25000
14416,25020
14416,25040
14416,25060
14416,25080
14416,25100
14416,25120
14416,25140
14416,25160
14416,25180
14416,25200
14416,25220
14416,25240
14416,25260
14416,25280
14416,25300
14416,25320
14416,25340
14416,25360
14416,25380
14416,25400
14416,25420
14416,25440
14416,25460
14416,25480
14416,25500
14416,25520
14416,25540
14416,25560
14416,25580
14416,25600
14416,25620
14416,25640
14416,25660
14416,25680
14416,25700
14416,25720
14416,25740
14416,25760
14416,25780
14416,25800
14416,25820
14416,25840
14416,25860
14416,25880
14416,25900
14416,25920
14416,25940
14416,25960
14416,25980
14426,24900
14426,24920
14426,24940
14426,24960
14426,24980
14426,25000
14426,25020
14426,25040
14426,25060
14426,25080
14426,25100
14426,25120
14426,25140
14426,25160
14426,25180
14426,25200
14426,25220
14426,25240
14426,25260
14426,25280
14426,25300
14426,25320
14426,25340
14426,25360
14426,25380
14426,25400
14426,25420
14426,25440
14426,25460
14426,25480
14426,25500
14426,25520
14426,25540
14426,25560
14426,25580
14426,25600
14426,25620
14426,25640
14426,25660
14426,25680
14426,25700
14426,25720
14426,25740
14426,25760
14426,25780
14426,25800
14426,25820
14426,25840
14426,25860
14426,25880
14426,25900
14426,25920
14426,25940
14426,25960
14426,25980
14436,24900
14436,24920
14436,24940
14436,24960
14436,24980
14436,25000
14436,25020
14436,25040
14436,25060
14436,25080
14436,25100
14436,25120
14436,25140
14436,25160
14436,25180
14436,25200
14436,25220
14436,25240
14436,25260
14436,25280
14436,25300
14436,25320
14436,25340
14436,25360
14436,25380
14436,25400
14436,25420
14436,25440
14436,25460
14436,25480
14436,25500
14436,25520
14436,25540
14436,25560
14436,25580
14436,25600
14436,25620
14436,25640
14436,25660
14436,25680
14436,25700
14436,25720
14436,25740
14436,25760
14436,25780
14436,25800
14436,25820
14436,25840
14436,25860
14436,25880
14436,25900
14436,25920
14436,25940
14436,25960
14436,25980
14446,24900
14446,24920
14446,24940
14446,24960
14446,24980
14446,25000
14446,25020
14446,25040
14446,25060
14446,25080
14446,25100
14446,25120
14446,25140
14446,25160
14446,25180
14446,25200
14446,25220
14446,25240
14446,25260
14446,25280
14446,25300
14446,25320
14446,25340
14446,25360
14446,25380
14446,25400
14446,25420
14446,25440
14446,25460
14446,25480
14446,25500
14446,25520
14446,25540
14446,25560
14446,25580
14446,25600
14446,25620
14446,25640
14446,25660
14446,25680
14446,25700
14446,25720
14446,25740
14446,25760
14446,25780
14446,25800
14446,25820
14446,25840
14446,25860
14446,25880
14446,25900
14446,25920
14446,25940
14446,25960
14446,25980
14456,24900
14456,24920
14456,24940
14456,24960
14456,24980
14456,25000
14456,25020
14456,25040
14456,25060
14456,25080
14456,25100
14456,25120
14456,25140
14456,25160
14456,25180
14456,25200
14456,25220
14456,25240
14456,25260
14456,25280
14456,25300
14456,25320
14456,25340
14456,25360
14456,25380
14456,25400
14456,25420
14456,25440
14456,25460
14456,25480
14456,25500
14456,25520
14456,25540
14456,25560
14456,25580
14456,25600
14456,25620
14456,25640
14456,25660
14456,25680
14456,25700
14456,25720
14456,25740
14456,25760
14456,25780
14456,25800
14456,25820
14456,25840
14456,25860
14456,25880
14456,25900
14456,25920
14456,25940
14456,25960
14456,25980
14466,24900
14466,24920
14466,24940
14466,24960
14466,24980
14466,25000
14466,25020
14466,25040
14466,25060
14466,25080
14466,25100
14466,25120
14466,25140
14466,25160
14466,25180
14466,25200
14466,25220
14466,25240
14466,25260
14466,25280
14466,25300
14466,25320
14466,25340
14466,25360
14466,25380
14466,25400
14466,25420
14466,25440
14466,25460
14466,25480
14466,25500
14466,25520
14466,25540
14466,25560
14466,25580
14466,25600
14466,25620
14466,25640
14466,25660
14466,25680
14466,25700
14466,25720
14466,25740
14466,25760
14466,25780
14466,25800
14466,25820
14466,25840
14466,25860
14466,25880
14466,25900
14466,25920
14466,25940
14466,25960
14466,25980
14476,24900
14476,24920
14476,24940
14476,24960
14476,24980
14476,25000
14476,25020
14476,25040
14476,25060
14476,25080
14476,25100
14476,25120
14476,25140
14476,25160
14476,25180
14476,25200
14476,25220
14476,25240
14476,25260
14476,25280
14476,25300
14476,25320
14476,25340
14476,25360
14476,25380
14476,25400
14476,25420
14476,25440
14476,25460
14476,25480
14476,25500
14476,25520
14476,25540
14476,25560
14476,25580
14476,25600
14476,25620
14476,25640
14476,25660
14476,25680
14476,25700
14476,25720
14476,25740
14476,25760
14476,25780
14476,25800
14476,25820
14476,25840
14476,25860
14476,25880
14476,25900
14476,25920
14476,25940
14476,25960
14476,25980
14486,24900
14486,24920
14486,24940
14486,24960
14486,24980
14486,25000
14486,25020
14486,25040
14486,25060
14486,25080
14486,25100
14486,25120
14486,25140
14486,25160
14486,25180
14486,25200
14486,25220
14486,25240
14486,25260
14486,25280
14486,25300
14486,25320
14486,25340
14486,25360
14486,25380
14486,25400
14486,25420
14486,25440
14486,25460
14486,25480
14486,25500
14486,25520
14486,25540
14486,25560
14486,25580
14486,25600
14486,25620
14486,25640
14486,25660
14486,25680
14486,25700
14486,25720
14486,25740
14486,25760
14486,25780
14486,25800
14486,25820
14486,25840
14486,25860
14486,25880
14486,25900
14486,25920
14486,25940
14486,25960
14486,25980
14496,24900
14496,24920
14496,24940
14496,24960
14496,24980
14496,25000
14496,25020
14496,25040
14496,25060
14496,25080
14496,25100
14496,25120
14496,25140
14496,25160
14496,25180
14496,25200
14496,25220
14496,25240
14496,25260
14496,25280
14496,25300
14496,25320
14496,25340
14496,25360
14496,25380
14496,25400
14496,25420
14496,25440
14496,25460
14496,25480
14496,25500
14496,25520
14496,25540
14496,25560
14496,25580
14496,25600
14496,25620
14496,25640
14496,25660
14496,25680
14496,25700
14496,25720
14496,25740
14496,25760
14496,25780
14496,25800
14496,25820
14496,25840
14496,25860
14496,25880
14496,25900
14496,25920
14496,25940
14496,25960
14496,25980
14506,24900
14506,24920
14506,24940
14506,24960
14506,24980
14506,25000
14506,25020
14506,25040
14506,25060
14506,25080
14506,25100
14506,25120
14506,25140
14506,25160
14506,25180
14506,25200
14506,25220
14506,25240
14506,25260
14506,25280
14506,25300
14506,25320
14506,25340
14506,25360
14506,25380
14506,25400
14506,25420
14506,25440
14506,25460
14506,25480
14506,25500
14506,25520
14506,25540
14506,25560
14506,25580
14506,25600
14506,25620
14506,25640
14506,25660
14506,25680
14506,25700
14506,25720
14506,25740
14506,25760
14506,25780
14506,25800
14506,25820
14506,25840
14506,25860
14506,25880
14506,25900
14506,25920
14506,25940
14506,25960
14506,25980
14516,24900
14516,24920
14516,24940
14516,24960
14516,24980
14516,25000
14516,25020
14516,25040
14516,25060
14516,25080
14516,25100
14516,25120
14516,25140
14516,25160
14516,25180
14516,25200
14516,25220
14516,25240
14516,25260
14516,25280
14516,25300
14516,25320
14516,25340
14516,25360
14516,25380
14516,25400
14516,25420
14516,25440
14516,25460
14516,25480
14516,25500
14516,25520
14516,25540
14516,25560
14516,25580
14516,25600
14516,25620
14516,25640
14516,25660
14516,25680
14516,25700
14516,25720
14516,25740
14516,25760
14516,25780
14516,25800
14516,25820
14516,25840
14516,25860
14516,25880
14516,25900
14516,25920
14516,25940
14516,25960
14516,25980
14526,24900
14526,24920
14526,24940
14526,24960
14526,24980
14526,25000
14526,25020
14526,25040
14526,25060
14526,25080
14526,25100
14526,25120
14526,25140
14526,25160
14526,25180
14526,25200
14526,25220
14526,25240
14526,25260
14526,25280
14526,25300
14526,25320
14526,25340
14526,25360
14526,25380
14526,25400
14526,25420
14526,25440
14526,25460
14526,25480
14526,25500
14526,25520
14526,25540
14526,25560
14526,25580
14526,25600
14526,25620
14526,25640
14526,25660
14526,25680
14526,25700
14526,25720
14526,25740
14526,25760
14526,25780
14526,25800
14526,25820
14526,25840
14526,25860
14526,25880
14526,25900
14526,25920
14526,25940
14526,25960
14526,25980
14536,24900
14536,24920
14536,24940
14536,24960
14536,24980
14536,25000
14536,25020
14536,25040
14536,25060
14536,25080
14536,25100
14536,25120
14536,25140
14536,25160
14536,25180
14536,25200
14536,25220
14536,25240
14536,25260
14536,25280
14536,25300
14536,25320
14536,25340
14536,25360
14536,25380
14536,25400
14536,25420
14536,25440
14536,25460
14536,25480
14536,25500
14536,25520
14536,25540
14536,25560
14536,25580
14536,25600
14536,25620
14536,25640
14536,25660
14536,25680
14536,25700
14536,25720
14536,25740
14536,25760
14536,25780
14536,25800
14536,25820
14536,25840
14536,25860
14536,25880
14536,25900
14536,25920
14536,25940
14536,25960
14536,25980
14546,24900
14546,24920
14546,24940
14546,24960
14546,24980
14546,25000
14546,25020
14546,25040
14546,25060
14546,25080
14546,25100
14546,25120
14546,25140
14546,25160
14546,25180
14546,25200
14546,25220
14546,25240
14546,25260
14546,25280
14546,25300
14546,25320
14546,25340
14546,25360
14546,25380
14546,25400
14546,25420
14546,25440
14546,25460
14546,25480
14546,25500
14546,25520
14546,25540
14546,25560
14546,25580
14546,25600
14546,25620
14546,25640
14546,25660
14546,25680
14546,25700
14546,25720
14546,25740
14546,25760
14546,25780
14546,25800
14546,25820
14546,25840
14546,25860
14546,25880
14546,25900
14546,25920
14546,25940
14546,25960
14546,25980
14556,24900
14556,24920
14556,24940
14556,24960
14556,24980
14556,25000
14556,25020
14556,25040
14556,25060
14556,25080
14556,25100
14556,25120
14556,25140
14556,25160
14556,25180
14556,25200
14556,25220
14556,25240
14556,25260
14556,25280
14556,25300
14556,25320
14556,25340
14556,25360
14556,25380
14556,25400
14556,25420
14556,25440
14556,25460
14556,25480
14556,25500
14556,25520
14556,25540
14556,25560
14556,25580
14556,25600
14556,25620
14556,25640
14556,25660
14556,25680
14556,25700
14556,25720
14556,25740
14556,25760
14556,25780
14556,25800
14556,25820
14556,25840
14556,25860
14556,25880
14556,25900
14556,25920
14556,25940
14556,25960
14556,25980
14566,24900
14566,24920
14566,24940
14566,24960
14566,24980
14566,25000
14566,25020
14566,25040
14566,25060
14566,25080
14566,25100
14566,25120
14566,25140
14566,25160
14566,25180
14566,25200
14566,25220
14566,25240
14566,25260
14566,25280
14566,25300
14566,25320
14566,25340
14566,25360
14566,25380
14566,25400
14566,25420
14566,25440
14566,25460
14566,25480
14566,25500
14566,25520
14566,25540
14566,25560
14566,25580
14566,25600
14566,25620
14566,25640
14566,25660
14566,25680
14566,25700
14566,25720
14566,25740
14566,25760
14566,25780
14566,25800
14566,25820
14566,25840
14566,25860
14566,25880
14566,25900
14566,25920
14566,25940
14566,25960
14566,25980
14576,24900
14576,24920
14576,24940
14576,24960
14576,24980
14576,25000
14576,25020
14576,25040
14576,25060
14576,25080
14576,25100
14576,25120
14576,25140
14576,25160
14576,25180
14576,25200
14576,25220
14576,25240
14576,25260
14576,25280
14576,25300
14576,25320
14576,25340
14576,25360
14576,25380
14576,25400
14576,25420
14576,25440
14576,25460
14576,25480
14576,25500
14576,25520
14576,25540
14576,25560
14576,25580
14576,25600
14576,25620
14576,25640
14576,25660
14576,25680
14576,25700
14576,25720
14576,25740
14576,25760
14576,25780
14576,25800
14576,25820
14576,25840
14576,25860
14576,25880
14576,25900
14576,25920
14576,25940
14576,25960
14576,25980
14586,24900
14586,24920
14586,24940
14586,24960
14586,24980
14586,25000
14586,25020
14586,25040
14586,25060
14586,25080
14586,25100
14586,25120
14586,25140
14586,25160
14586,25180
14586,25200
14586,25220
14586,25240
14586,25260
14586,25280
14586,25300
14586,25320
14586,25340
14586,25360
14586,25380
14586,25400
14586,25420
14586,25440
14586,25460
14586,25480
14586,25500
14586,25520
14586,25540
14586,25560
14586,25580
14586,25600
14586,25620
14586,25640
14586,25660
14586,25680
14586,25700
14586,25720
14586,25740
14586,25760
14586,25780
14586,25800
14586,25820
14586,25840
14586,25860
14586,25880
14586,25900
14586,25920
14586,25940
14586,25960
14586,25980
14596,24900
14596,24920
14596,24940
14596,24960
14596,24980
14596,25000
14596,25020
14596,25040
14596,25060
14596,25080
14596,25100
14596,25120
14596,25140
14596,25160
14596,25180
14596,25200
14596,25220
14596,25240
14596,25260
14596,25280
14596,25300
14596,25320
14596,25340
14596,25360
14596,25380
14596,25400
14596,25420
14596,25440
14596,25460
14596,25480
14596,25500
14596,25520
14596,25540
14596,25560
14596,25580
14596,25600
14596,25620
14596,25640
14596,25660
14596,25680
14596,25700
14596,25720
14596,25740
14596,25760
14596,25780
14596,25800
14596,25820
14596,25840
14596,25860
14596,25880
14596,25900
14596,25920
14596,25940
14596,25960
14596,25980
14606,24900
14606,24920
14606,24940
14606,24960
14606,24980
14606,25000
14606,25020
14606,25040
14606,25060
14606,25080
14606,25100
14606,25120
14606,25140
14606,25160
14606,25180
14606,25200
14606,25220
14606,25240
14606,25260
14606,25280
14606,25300
14606,25320
14606,25340
14606,25360
14606,25380
14606,25400
14606,25420
14606,25440
14606,25460
14606,25480
14606,25500
14606,25520
14606,25540
14606,25560
14606,25580
14606,25600
14606,25620
14606,25640
14606,25660
14606,25680
14606,25700
14606,25720
14606,25740
14606,25760
14606,25780
14606,25800
14606,25820
14606,25840
14606,25860
14606,25880
14606,25900
14606,25920
14606,25940
14606,25960
14606,25980
14616,24900
14616,24920
14616,24940
14616,24960
14616,24980
14616,25000
14616,25020
14616,25040
14616,25060
14616,25080
14616,25100
14616,25120
14616,25140
14616,25160
14616,25180
14616,25200
14616,25220
14616,25240
14616,25260
14616,25280
14616,25300
14616,25320
14616,25340
14616,25360
14616,25380
14616,25400
14616,25420
14616,25440
14616,25460
14616,25480
14616,25500
14616,25520
14616,25540
14616,25560
14616,25580
14616,25600
14616,25620
14616,25640
14616,25660
14616,25680
14616,25700
14616,25720
14616,25740
14616,25760
14616,25780
14616,25800
14616,25820
14616,25840
14616,25860
14616,25880
14616,25900
14616,25920
14616,25940
14616,25960
14616,25980
14626,24900
14626,24920
14626,24940
14626,24960
14626,24980
14626,25000
14626,25020
14626,25040
14626,25060
14626,25080
14626,25100
14626,25120
14626,25140
14626,25160
14626,25180
14626,25200
14626,25220
14626,25240
14626,25260
14626,25280
14626,25300
14626,25320
14626,25340
14626,25360
14626,25380
14626,25400
14626,25420
14626,25440
14626,25460
14626,25480
14626,25500
14626,25520
14626,25540
14626,25560
14626,25580
14626,25600
14626,25620
14626,25640
14626,25660
14626,25680
14626,25700
14626,25720
14626,25740
14626,25760
14626,25780
14626,25800
14626,25820
14626,25840
14626,25860
14626,25880
14626,25900
14626,25920
14626,25940
14626,25960
14626,25980
14636,24900
14636,24920
14636,24940
14636,24960
14636,24980
14636,25000
14636,25020
14636,25040
14636,25060
14636,25080
14636,25100
14636,25120
14636,25140
14636,25160
14636,25180
14636,25200
14636,25220
14636,25240
14636,25260
14636,25280
14636,25300
14636,25320
14636,25340
14636,25360
14636,25380
14636,25400
14636,25420
14636,25440
14636,25460
14636,25480
14636,25500
14636,25520
14636,25540
14636,25560
14636,25580
14636,25600
14636,25620
14636,25640
14636,25660
14636,25680
14636,25700
14636,25720
14636,25740
14636,25760
14636,25780
14636,25800
14636,25820
14636,25840
14636,25860
14636,25880
14636,25900
14636,25920
14636,25940
14636,25960
14636,25980
14646,24900
14646,24920
14646,24940
14646,24960
14646,24980
14646,25000
14646,25020
14646,25040
14646,25060
14646,25080
14646,25100
14646,25120
14646,25140
14646,25160
14646,25180
14646,25200
14646,25220
14646,25240
14646,25260
14646,25280
14646,25300
14646,25320
14646,25340
14646,25360
14646,25380
14646,25400
14646,25420
14646,25440
14646,25460
14646,25480
14646,25500
14646,25520
14646,25540
14646,25560
14646,25580
14646,25600
14646,25620
14646,25640
14646,25660
14646,25680
14646,25700
14646,25720
14646,25740
14646,25760
14646,25780
14646,25800
14646,25820
14646,25840
14646,25860
14646,25880
14646,25900
14646,25920
14646,25940
14646,25960
14646,25980
14656,24900
14656,24920
14656,24940
14656,24960
14656,24980
14656,25000
14656,25020
14656,25040
14656,25060
14656,25080
14656,25100
14656,25120
14656,25140
14656,25160
14656,25180
14656,25200
14656,25220
14656,25240
14656,25260
14656,25280
14656,25300
14656,25320
14656,25340
14656,25360
14656,25380
14656,25400
14656,25420
14656,25440
14656,25460
14656,25480
14656,25500
14656,25520
14656,25540
14656,25560
14656,25580
14656,25600
14656,25620
14656,25640
14656,25660
14656,25680
14656,25700
14656,25720
14656,25740
14656,25760
14656,25780
14656,25800
14656,25820
14656,25840
14656,25860
14656,25880
14656,25900
14656,25920
14656,25940
14656,25960
14656,25980
14666,24900
14666,24920
14666,24940
14666,24960
14666,24980
14666,25000
14666,25020
14666,25040
14666,25060
14666,25080
14666,25100
14666,25120
14666,25140
14666,25160
14666,25180
14666,25200
14666,25220
14666,25240
14666,25260
14666,25280
14666,25300
14666,25320
14666,25340
14666,25360
14666,25380
14666,25400
14666,25420
14666,25440
14666,25460
14666,25480
14666,25500
14666,25520
14666,25540
14666,25560
14666,25580
14666,25600
14666,25620
14666,25640
14666,25660
14666,25680
14666,25700
14666,25720
14666,25740
14666,25760
14666,25780
14666,25800
14666,25820
14666,25840
14666,25860
14666,25880
14666,25900
14666,25920
14666,25940
14666,25960
14666,25980
14676,24900
14676,24920
14676,24940
14676,24960
14676,24980
14676,25000
14676,25020
14676,25040
14676,25060
14676,25080
14676,25100
14676,25120
14676,25140
14676,25160
14676,25180
14676,25200
14676,25220
14676,25240
14676,25260
14676,25280
14676,25300
14676,25320
14676,25340
14676,25360
14676,25380
14676,25400
14676,25420
14676,25440
14676,25460
14676,25480
14676,25500
14676,25520
14676,25540
14676,25560
14676,25580
14676,25600
14676,25620
14676,25640
14676,25660
14676,25680
14676,25700
14676,25720
14676,25740
14676,25760
14676,25780
14676,25800
14676,25820
14676,25840
14676,25860
14676,25880
14676,25900
14676,25920
14676,25940
14676,25960
14676,25980
14686,24900
14686,24920
14686,24940
14686,24960
14686,24980
14686,25000
14686,25020
14686,25040
14686,25060
14686,25080
14686,25100
14686,25120
14686,25140
14686,25160
14686,25180
14686,25200
14686,25220
14686,25240
14686,25260
14686,25280
14686,25300
14686,25320
14686,25340
14686,25360
14686,25380
14686,25400
14686,25420
14686,25440
14686,25460
14686,25480
14686,25500
14686,25520
14686,25540
14686,25560
14686,25580
14686,25600
14686,25620
14686,25640
14686,25660
14686,25680
14686,25700
14686,25720
14686,25740
14686,25760
14686,25780
14686,25800
14686,25820
14686,25840
14686,25860
14686,25880
14686,25900
14686,25920
14686,25940
14686,25960
14686,25980
14696,24900
14696,24920
14696,24940
14696,24960
14696,24980
14696,25000
14696,25020
14696,25040
14696,25060
14696,25080
14696,25100
14696,25120
14696,25140
14696,25160
14696,25180
14696,25200
14696,25220
14696,25240
14696,25260
14696,25280
14696,25300
14696,25320
14696,25340
14696,25360
14696,25380
14696,25400
14696,25420
14696,25440
14696,25460
14696,25480
14696,25500
14696,25520
14696,25540
14696,25560
14696,25580
14696,25600
14696,25620
14696,25640
14696,25660
14696,25680
14696,25700
14696,25720
14696,25740
14696,25760
14696,25780
14696,25800
14696,25820
14696,25840
14696,25860
14696,25880
14696,25900
14696,25920
14696,25940
14696,25960
14696,25980
14706,24900
14706,24920
14706,24940
14706,24960
14706,24980
14706,25000
14706,25020
14706,25040
14706,25060
14706,25080
14706,25100
14706,25120
14706,25140
14706,25160
14706,25180
14706,25200
14706,25220
14706,25240
14706,25260
14706,25280
14706,25300
14706,25320
14706,25340
14706,25360
14706,25380
14706,25400
14706,25420
14706,25440
14706,25460
14706,25480
14706,25500
14706,25520
14706,25540
14706,25560
14706,25580
14706,25600
14706,25620
14706,25640
14706,25660
14706,25680
14706,25700
14706,25720
14706,25740
14706,25760
14706,25780
14706,25800
14706,25820
14706,25840
14706,25860
14706,25880
14706,25900
14706,25920
14706,25940
14706,25960
14706,25980
14716,24900
14716,24920
14716,24940
14716,24960
14716,24980
14716,25000
14716,25020
14716,25040
14716,25060
14716,25080
14716,25100
14716,25120
14716,25140
14716,25160
14716,25180
14716,25200
14716,25220
14716,25240
14716,25260
14716,25280
14716,25300
14716,25320
14716,25340
14716,25360
14716,25380
14716,25400
14716,25420
14716,25440
14716,25460
14716,25480
14716,25500
14716,25520
14716,25540
14716,25560
14716,25580
14716,25600
14716,25620
14716,25640
14716,25660
14716,25680
14716,25700
14716,25720
14716,25740
14716,25760
14716,25780
14716,25800
14716,25820
14716,25840
14716,25860
14716,25880
14716,25900
14716,25920
14716,25940
14716,25960
14716,25980
14726,24900
14726,24920
14726,24940
14726,24960
14726,24980
14726,25000
14726,25020
14726,25040
14726,25060
14726,25080
14726,25100
14726,25120
14726,25140
14726,25160
14726,25180
14726,25200
14726,25220
14726,25240
14726,25260
14726,25280
14726,25300
14726,25320
14726,25340
14726,25360
14726,25380
14726,25400
14726,25420
14726,25440
14726,25460
14726,25480
14726,25500
14726,25520
14726,25540
14726,25560
14726,25580
14726,25600
14726,25620
14726,25640
14726,25660
14726,25680
14726,25700
14726,25720
14726,25740
14726,25760
14726,25780
14726,25800
14726,25820
14726,25840
14726,25860
14726,25880
14726,25900
14726,25920
14726,25940
14726,25960
14726,25980
14736,24900
14736,24920
14736,24940
14736,24960
14736,24980
14736,25000
14736,25020
14736,25040
14736,25060
14736,25080
14736,25100
14736,25120
14736,25140
14736,25160
14736,25180
14736,25200
14736,25220
14736,25240
14736,25260
14736,25280
14736,25300
14736,25320
14736,25340
14736,25360
14736,25380
14736,25400
14736,25420
14736,25440
14736,25460
14736,25480
14736,25500
14736,25520
14736,25540
14736,25560
14736,25580
14736,25600
14736,25620
14736,25640
14736,25660
14736,25680
14736,25700
14736,25720
14736,25740
14736,25760
14736,25780
14736,25800
14736,25820
14736,25840
14736,25860
14736,25880
14736,25900
14736,25920
14736,25940
14736,25960
14736,25980
14746,24900
14746,24920
14746,24940
14746,24960
14746,24980
14746,25000
14746,25020
14746,25040
14746,25060
14746,25080
14746,25100
14746,25120
14746,25140
14746,25160
14746,25180
14746,25200
14746,25220
14746,25240
14746,25260
14746,25280
14746,25300
14746,25320
14746,25340
14746,25360
14746,25380
14746,25400
14746,25420
14746,25440
14746,25460
14746,25480
14746,25500
14746,25520
14746,25540
14746,25560
14746,25580
14746,25600
14746,25620
14746,25640
14746,25660
14746,25680
14746,25700
14746,25720
14746,25740
14746,25760
14746,25780
14746,25800
14746,25820
14746,25840
14746,25860
14746,25880
14746,25900
14746,25920
14746,25940
14746,25960
14746,25980
14756,24900
14756,24920
14756,24940
14756,24960
14756,24980
14756,25000
14756,25020
14756,25040
14756,25060
14756,25080
14756,25100
14756,25120
14756,25140
14756,25160
14756,25180
14756,25200
14756,25220
14756,25240
14756,25260
14756,25280
14756,25300
14756,25320
14756,25340
14756,25360
14756,25380
14756,25400
14756,25420
14756,25440
14756,25460
14756,25480
14756,25500
14756,25520
14756,25540
14756,25560
14756,25580
14756,25600
14756,25620
14756,25640
14756,25660
14756,25680
14756,25700
14756,25720
14756,25740
14756,25760
14756,25780
14756,25800
14756,25820
14756,25840
14756,25860
14756,25880
14756,25900
14756,25920
14756,25940
14756,25960
14756,25980
14766,24900
14766,24920
14766,24940
14766,24960
14766,24980
14766,25000
14766,25020
14766,25040
14766,25060
14766,25080
14766,25100
14766,25120
14766,25140
14766,25160
14766,25180
14766,25200
14766,25220
14766,25240
14766,25260
14766,25280
14766,25300
14766,25320
14766,25340
14766,25360
14766,25380
14766,25400
14766,25420
14766,25440
14766,25460
14766,25480
14766,25500
14766,25520
14766,25540
14766,25560
14766,25580
14766,25600
14766,25620
14766,25640
14766,25660
14766,25680
14766,25700
14766,25720
14766,25740
14766,25760
14766,25780
14766,25800
14766,25820
14766,25840
14766,25860
14766,25880
14766,25900
14766,25920
14766,25940
14766,25960
14766,25980
14776,24900
14776,24920
14776,24940
14776,24960
14776,24980
14776,25000
14776,25020
14776,25040
14776,25060
14776,25080
14776,25100
14776,25120
14776,25140
14776,25160
14776,25180
14776,25200
14776,25220
14776,25240
14776,25260
14776,25280
14776,25300
14776,25320
14776,25340
14776,25360
14776,25380
14776,25400
14776,25420
14776,25440
14776,25460
14776,25480
14776,25500
14776,25520
14776,25540
14776,25560
14776,25580
14776,25600
14776,25620
14776,25640
14776,25660
14776,25680
14776,25700
14776,25720
14776,25740
14776,25760
14776,25780
14776,25800
14776,25820
14776,25840
14776,25860
14776,25880
14776,25900
14776,25920
14776,25940
14776,25960
14776,25980
14786,24900
14786,24920
14786,24940
14786,24960
14786,24980
14786,25000
14786,25020
14786,25040
14786,25060
14786,25080
14786,25100
14786,25120
14786,25140
14786,25160
14786,25180
14786,25200
14786,25220
14786,25240
14786,25260
14786,25280
14786,25300
14786,25320
14786,25340
14786,25360
14786,25380
14786,25400
14786,25420
14786,25440
14786,25460
14786,25480
14786,25500
14786,25520
14786,25540
14786,25560
14786,25580
14786,25600
14786,25620
14786,25640
14786,25660
14786,25680
14786,25700
14786,25720
14786,25740
14786,25760
14786,25780
14786,25800
14786,25820
14786,25840
14786,25860
14786,25880
14786,25900
14786,25920
14786,25940
14786,25960
14786,25980
14796,24900
14796,24920
14796,24940
14796,24960
14796,24980
14796,25000
14796,25020
14796,25040
14796,25060
14796,25080
14796,25100
14796,25120
14796,25140
14796,25160
14796,25180
14796,25200
14796,25220
14796,25240
14796,25260
14796,25280
14796,25300
14796,25320
14796,25340
14796,25360
14796,25380
14796,25400
14796,25420
14796,25440
14796,25460
14796,25480
14796,25500
14796,25520
14796,25540
14796,25560
14796,25580
14796,25600
14796,25620
14796,25640
14796,25660
14796,25680
14796,25700
14796,25720
14796,25740
14796,25760
14796,25780
14796,25800
14796,25820
14796,25840
14796,25860
14796,25880
14796,25900
14796,25920
14796,25940
14796,25960
14796,25980
14806,24900
14806,24920
14806,24940
14806,24960
14806,24980
14806,25000
14806,25020
14806,25040
14806,25060
14806,25080
14806,25100
14806,25120
14806,25140
14806,25160
14806,25180
14806,25200
14806,25220
14806,25240
14806,25260
14806,25280
14806,25300
14806,25320
14806,25340
14806,25360
14806,25380
14806,25400
14806,25420
14806,25440
14806,25460
14806,25480
14806,25500
14806,25520
14806,25540
14806,25560
14806,25580
14806,25600
14806,25620
14806,25640
14806,25660
14806,25680
14806,25700
14806,25720
14806,25740
14806,25760
14806,25780
14806,25800
14806,25820
14806,25840
14806,25860
14806,25880
14806,25900
14806,25920
14806,25940
14806,25960
14806,25980
14816,24900
14816,24920
14816,24940
14816,24960
14816,24980
14816,25000
14816,25020
14816,25040
14816,25060
14816,25080
14816,25100
14816,25120
14816,25140
14816,25160
14816,25180
14816,25200
14816,25220
14816,25240
14816,25260
14816,25280
14816,25300
14816,25320
14816,25340
14816,25360
14816,25380
14816,25400
14816,25420
14816,25440
14816,25460
14816,25480
14816,25500
14816,25520
14816,25540
14816,25560
14816,25580
14816,25600
14816,25620
14816,25640
14816,25660
14816,25680
14816,25700
14816,25720
14816,25740
14816,25760
14816,25780
14816,25800
14816,25820
14816,25840
14816,25860
14816,25880
14816,25900
14816,25920
14816,25940
14816,25960
14816,25980
14826,24900
14826,24920
14826,24940
14826,24960
14826,24980
14826,25000
14826,25020
14826,25040
14826,25060
14826,25080
14826,25100
14826,25120
14826,25140
14826,25160
14826,25180
14826,25200
14826,25220
14826,25240
14826,25260
14826,25280
14826,25300
14826,25320
14826,25340
14826,25360
14826,25380
14826,25400
14826,25420
14826,25440
14826,25460
14826,25480
14826,25500
14826,25520
14826,25540
14826,25560
14826,25580
14826,25600
14826,25620
14826,25640
14826,25660
14826,25680
14826,25700
14826,25720
14826,25740
14826,25760
14826,25780
14826,25800
14826,25820
14826,25840
14826,25860
14826,25880
14826,25900
14826,25920
14826,25940
14826,25960
14826,25980
14836,24900
14836,24920
14836,24940
14836,24960
14836,24980
14836,25000
14836,25020
14836,25040
14836,25060
14836,25080
14836,25100
14836,25120
14836,25140
14836,25160
14836,25180
14836,25200
14836,25220
14836,25240
14836,25260
14836,25280
14836,25300
14836,25320
14836,25340
14836,25360
14836,25380
14836,25400
14836,25420
14836,25440
14836,25460
14836,25480
14836,25500
14836,25520
14836,25540
14836,25560
14836,25580
14836,25600
14836,25620
14836,25640
14836,25660
14836,25680
14836,25700
14836,25720
14836,25740
14836,25760
14836,25780
14836,25800
14836,25820
14836,25840
14836,25860
14836,25880
14836,25900
14836,25920
14836,25940
14836,25960
14836,25980
14846,24900
14846,24920
14846,24940
14846,24960
14846,24980
14846,25000
14846,25020
14846,25040
14846,25060
14846,25080
14846,25100
14846,25120
14846,25140
14846,25160
14846,25180
14846,25200
14846,25220
14846,25240
14846,25260
14846,25280
14846,25300
14846,25320
14846,25340
14846,25360
14846,25380
14846,25400
14846,25420
14846,25440
14846,25460
14846,25480
14846,25500
14846,25520
14846,25540
14846,25560
14846,25580
14846,25600
14846,25620
14846,25640
14846,25660
14846,25680
14846,25700
14846,25720
14846,25740
14846,25760
14846,25780
14846,25800
14846,25820
14846,25840
14846,25860
14846,25880
14846,25900
14846,25920
14846,25940
14846,25960
14846,25980
14856,24900
14856,24920
14856,24940
14856,24960
14856,24980
14856,25000
14856,25020
14856,25040
14856,25060
14856,25080
14856,25100
14856,25120
14856,25140
14856,25160
14856,25180
14856,25200
14856,25220
14856,25240
14856,25260
14856,25280
14856,25300
14856,25320
14856,25340
14856,25360
14856,25380
14856,25400
14856,25420
14856,25440
14856,25460
14856,25480
14856,25500
14856,25520
14856,25540
14856,25560
14856,25580
14856,25600
14856,25620
14856,25640
14856,25660
14856,25680
14856,25700
14856,25720
14856,25740
14856,25760
14856,25780
14856,25800
14856,25820
14856,25840
14856,25860
14856,25880
14856,25900
14856,25920
14856,25940
14856,25960
14856,25980
14866,24900
14866,24920
14866,24940
14866,24960
14866,24980
14866,25000
14866,25020
14866,25040
14866,25060
14866,25080
14866,25100
14866,25120
14866,25140
14866,25160
14866,25180
14866,25200
14866,25220
14866,25240
14866,25260
14866,25280
14866,25300
14866,25320
14866,25340
14866,25360
14866,25380
14866,25400
14866,25420
14866,25440
14866,25460
14866,25480
14866,25500
14866,25520
14866,25540
14866,25560
14866,25580
14866,25600
14866,25620
14866,25640
14866,25660
14866,25680
14866,25700
14866,25720
14866,25740
14866,25760
14866,25780
14866,25800
14866,25820
14866,25840
14866,25860
14866,25880
14866,25900
14866,25920
14866,25940
14866,25960
14866,25980
14876,24900
14876,24920
14876,24940
14876,24960
14876,24980
14876,25000
14876,25020
14876,25040
14876,25060
14876,25080
14876,25100
14876,25120
14876,25140
14876,25160
14876,25180
14876,25200
14876,25220
14876,25240
14876,25260
14876,25280
14876,25300
14876,25320
14876,25340
14876,25360
14876,25380
14876,25400
14876,25420
14876,25440
14876,25460
14876,25480
14876,25500
14876,25520
14876,25540
14876,25560
14876,25580
14876,25600
14876,25620
14876,25640
14876,25660
14876,25680
14876,25700
14876,25720
14876,25740
14876,25760
14876,25780
14876,25800
14876,25820
14876,25840
14876,25860
14876,25880
14876,25900
14876,25920
14876,25940
14876,25960
14876,25980
14886,24900
14886,24920
14886,24940
14886,24960
14886,24980
14886,25000
14886,25020
14886,25040
14886,25060
14886,25080
14886,25100
14886,25120
14886,25140
14886,25160
14886,25180
14886,25200
14886,25220
14886,25240
14886,25260
14886,25280
14886,25300
14886,25320
14886,25340
14886,25360
14886,25380
14886,25400
14886,25420
14886,25440
14886,25460
14886,25480
14886,25500
14886,25520
14886,25540
14886,25560
14886,25580
14886,25600
14886,25620
14886,25640
14886,25660
14886,25680
14886,25700
14886,25720
14886,25740
14886,25760
14886,25780
14886,25800
14886,25820
14886,25840
14886,25860
14886,25880
14886,25900
14886,25920
14886,25940
14886,25960
14886,25980
14896,24900
14896,24920
14896,24940
14896,24960
14896,24980
14896,25000
14896,25020
14896,25040
14896,25060
14896,25080
14896,25100
14896,25120
14896,25140
14896,25160
14896,25180
14896,25200
14896,25220
14896,25240
14896,25260
14896,25280
14896,25300
14896,25320
14896,25340
14896,25360
14896,25380
14896,25400
14896,25420
14896,25440
14896,25460
14896,25480
14896,25500
14896,25520
14896,25540
14896,25560
14896,25580
14896,25600
14896,25620
14896,25640
14896,25660
14896,25680
14896,25700
14896,25720
14896,25740
14896,25760
14896,25780
14896,25800
14896,25820
14896,25840
14896,25860
14896,25880
14896,25900
14896,25920
14896,25940
14896,25960
14896,25980
14906,24900
14906,24920
14906,24940
14906,24960
14906,24980
14906,25000
14906,25020
14906,25040
14906,25060
14906,25080
14906,25100
14906,25120
14906,25140
14906,25160
14906,25180
14906,25200
14906,25220
14906,25240
14906,25260
14906,25280
14906,25300
14906,25320
14906,25340
14906,25360
14906,25380
14906,25400
14906,25420
14906,25440
14906,25460
14906,25480
14906,25500
14906,25520
14906,25540
14906,25560
14906,25580
14906,25600
14906,25620
14906,25640
14906,25660
14906,25680
14906,25700
14906,25720
14906,25740
14906,25760
14906,25780
14906,25800
14906,25820
14906,25840
14906,25860
14906,25880
14906,25900
14906,25920
14906,25940
14906,25960
14906,25980
14916,24900
14916,24920
14916,24940
14916,24960
14916,24980
14916,25000
14916,25020
14916,25040
14916,25060
14916,25080
14916,25100
14916,25120
14916,25140
14916,25160
14916,25180
14916,25200
14916,25220
14916,25240
14916,25260
14916,25280
14916,25300
14916,25320
14916,25340
14916,25360
14916,25380
14916,25400
14916,25420
14916,25440
14916,25460
14916,25480
14916,25500
14916,25520
14916,25540
14916,25560
14916,25580
14916,25600
14916,25620
14916,25640
14916,25660
14916,25680
14916,25700
14916,25720
14916,25740
14916,25760
14916,25780
14916,25800
14916,25820
14916,25840
14916,25860
14916,25880
14916,25900
14916,25920
14916,25940
14916,25960
14916,25980
14926,24900
14926,24920
14926,24940
14926,24960
14926,24980
14926,25000
14926,25020
14926,25040
14926,25060
14926,25080
14926,25100
14926,25120
14926,25140
14926,25160
14926,25180
14926,25200
14926,25220
14926,25240
14926,25260
14926,25280
14926,25300
14926,25320
14926,25340
14926,25360
14926,25380
14926,25400
14926,25420
14926,25440
14926,25460
14926,25480
14926,25500
14926,25520
14926,25540
14926,25560
14926,25580
14926,25600
14926,25620
14926,25640
14926,25660
14926,25680
14926,25700
14926,25720
14926,25740
14926,25760
14926,25780
14926,25800
14926,25820
14926,25840
14926,25860
14926,25880
14926,25900
14926,25920
14926,25940
14926,25960
14926,25980
14936,24900
14936,24920
14936,24940
14936,24960
14936,24980
14936,25000
14936,25020
14936,25040
14936,25060
14936,25080
14936,25100
14936,25120
14936,25140
14936,25160
14936,25180
14936,25200
14936,25220
14936,25240
14936,25260
14936,25280
14936,25300
14936,25320
14936,25340
14936,25360
14936,25380
14936,25400
14936,25420
14936,25440
14936,25460
14936,25480
14936,25500
14936,25520
14936,25540
14936,25560
14936,25580
14936,25600
14936,25620
14936,25640
14936,25660
14936,25680
14936,25700
14936,25720
14936,25740
14936,25760
14936,25780
14936,25800
14936,25820
14936,25840
14936,25860
14936,25880
14936,25900
14936,25920
14936,25940
14936,25960
14936,25980
14946,24900
14946,24920
14946,24940
14946,24960
14946,24980
14946,25000
14946,25020
14946,25040
14946,25060
14946,25080
14946,25100
14946,25120
14946,25140
14946,25160
14946,25180
14946,25200
14946,25220
14946,25240
14946,25260
14946,25280
14946,25300
14946,25320
14946,25340
14946,25360
14946,25380
14946,25400
14946,25420
14946,25440
14946,25460
14946,25480
14946,25500
14946,25520
14946,25540
14946,25560
14946,25580
14946,25600
14946,25620
14946,25640
14946,25660
14946,25680
14946,25700
14946,25720
14946,25740
14946,25760
14946,25780
14946,25800
14946,25820
14946,25840
14946,25860
14946,25880
14946,25900
14946,25920
14946,25940
14946,25960
14946,25980
14956,24900
14956,24920
14956,24940
14956,24960
14956,24980
14956,25000
14956,25020
14956,25040
14956,25060
14956,25080
14956,25100
14956,25120
14956,25140
14956,25160
14956,25180
14956,25200
14956,25220
14956,25240
14956,25260
14956,25280
14956,25300
14956,25320
14956,25340
14956,25360
14956,25380
14956,25400
14956,25420
14956,25440
14956,25460
14956,25480
14956,25500
14956,25520
14956,25540
14956,25560
14956,25580
14956,25600
14956,25620
14956,25640
14956,25660
14956,25680
14956,25700
14956,25720
14956,25740
14956,25760
14956,25780
14956,25800
14956,25820
14956,25840
14956,25860
14956,25880
14956,25900
14956,25920
14956,25940
14956,25960
14956,25980
14966,24900
14966,24920
14966,24940
14966,24960
14966,24980
14966,25000
14966,25020
14966,25040
14966,25060
14966,25080
14966,25100
14966,25120
14966,25140
14966,25160
14966,25180
14966,25200
14966,25220
14966,25240
14966,25260
14966,25280
14966,25300
14966,25320
14966,25340
14966,25360
14966,25380
14966,25400
14966,25420
14966,25440
14966,25460
14966,25480
14966,25500
14966,25520
14966,25540
14966,25560
14966,25580
14966,25600
14966,25620
14966,25640
14966,25660
14966,25680
14966,25700
14966,25720
14966,25740
14966,25760
14966,25780
14966,25800
14966,25820
14966,25840
14966,25860
14966,25880
14966,25900
14966,25920
14966,25940
14966,25960
14966,25980
14976,24900
14976,24920
14976,24940
14976,24960
14976,24980
14976,25000
14976,25020
14976,25040
14976,25060
14976,25080
14976,25100
14976,25120
14976,25140
14976,25160
14976,25180
14976,25200
14976,25220
14976,25240
14976,25260
14976,25280
14976,25300
14976,25320
14976,25340
14976,25360
14976,25380
14976,25400
14976,25420
14976,25440
14976,25460
14976,25480
14976,25500
14976,25520
14976,25540
14976,25560
14976,25580
14976,25600
14976,25620
14976,25640
14976,25660
14976,25680
14976,25700
14976,25720
14976,25740
14976,25760
14976,25780
14976,25800
14976,25820
14976,25840
14976,25860
14976,25880
14976,25900
14976,25920
14976,25940
14976,25960
14976,25980
14986,24900
14986,24920
14986,24940
14986,24960
14986,24980
14986,25000
14986,25020
14986,25040
14986,25060
14986,25080
14986,25100
14986,25120
14986,25140
14986,25160
14986,25180
14986,25200
14986,25220
14986,25240
14986,25260
14986,25280
14986,25300
14986,25320
14986,25340
14986,25360
14986,25380
14986,25400
14986,25420
14986,25440
14986,25460
14986,25480
14986,25500
14986,25520
14986,25540
14986,25560
14986,25580
14986,25600
14986,25620
14986,25640
14986,25660
14986,25680
14986,25700
14986,25720
14986,25740
14986,25760
14986,25780
14986,25800
14986,25820
14986,25840
14986,25860
14986,25880
14986,25900
14986,25920
14986,25940
14986,25960
14986,25980
14996,24900
14996,24920
14996,24940
14996,24960
14996,24980
14996,25000
14996,25020
14996,25040
14996,25060
14996,25080
14996,25100
14996,25120
14996,25140
14996,25160
14996,25180
14996,25200
14996,25220
14996,25240
14996,25260
14996,25280
14996,25300
14996,25320
14996,25340
14996,25360
14996,25380
14996,25400
14996,25420
14996,25440
14996,25460
14996,25480
14996,25500
14996,25520
14996,25540
14996,25560
14996,25580
14996,25600
14996,25620
14996,25640
14996,25660
14996,25680
14996,25700
14996,25720
14996,25740
14996,25760
14996,25780
14996,25800
14996,25820
14996,25840
14996,25860
14996,25880
14996,25900
14996,25920
14996,25940
14996,25960
14996,25980
15006,24900
15006,24920
15006,24940
15006,24960
15006,24980
15006,25000
15006,25020
15006,25040
15006,25060
15006,25080
15006,25100
15006,25120
15006,25140
15006,25160
15006,25180
15006,25200
15006,25220
15006,25240
15006,25260
15006,25280
15006,25300
15006,25320
15006,25340
15006,25360
15006,25380
15006,25400
15006,25420
15006,25440
15006,25460
15006,25480
15006,25500
15006,25520
15006,25540
15006,25560
15006,25580
15006,25600
15006,25620
15006,25640
15006,25660
15006,25680
15006,25700
15006,25720
15006,25740
15006,25760
15006,25780
15006,25800
15006,25820
15006,25840
15006,25860
15006,25880
15006,25900
15006,25920
15006,25940
15006,25960
15006,25980
15016,24900
15016,24920
15016,24940
15016,24960
15016,24980
15016,25000
15016,25020
15016,25040
15016,25060
15016,25080
15016,25100
15016,25120
15016,25140
15016,25160
15016,25180
15016,25200
15016,25220
15016,25240
15016,25260
15016,25280
15016,25300
15016,25320
15016,25340
15016,25360
15016,25380
15016,25400
15016,25420
15016,25440
15016,25460
15016,25480
15016,25500
15016,25520
15016,25540
15016,25560
15016,25580
15016,25600
15016,25620
15016,25640
15016,25660
15016,25680
15016,25700
15016,25720
15016,25740
15016,25760
15016,25780
15016,25800
15016,25820
15016,25840
15016,25860
15016,25880
15016,25900
15016,25920
15016,25940
15016,25960
15016,25980
15026,24900
15026,24920
15026,24940
15026,24960
15026,24980
15026,25000
15026,25020
15026,25040
15026,25060
15026,25080
15026,25100
15026,25120
15026,25140
15026,25160
15026,25180
15026,25200
15026,25220
15026,25240
15026,25260
15026,25280
15026,25300
15026,25320
15026,25340
15026,25360
15026,25380
15026,25400
15026,25420
15026,25440
15026,25460
15026,25480
15026,25500
15026,25520
15026,25540
15026,25560
15026,25580
15026,25600
15026,25620
15026,25640
15026,25660
15026,25680
15026,25700
15026,25720
15026,25740
15026,25760
15026,25780
15026,25800
15026,25820
15026,25840
15026,25860
15026,25880
15026,25900
15026,25920
15026,25940
15026,25960
15026,25980
15036,24900
15036,24920
15036,24940
15036,24960
15036,24980
15036,25000
15036,25020
15036,25040
15036,25060
15036,25080
15036,25100
15036,25120
15036,25140
15036,25160
15036,25180
15036,25200
15036,25220
15036,25240
15036,25260
15036,25280
15036,25300
15036,25320
15036,25340
15036,25360
15036,25380
15036,25400
15036,25420
15036,25440
15036,25460
15036,25480
15036,25500
15036,25520
15036,25540
15036,25560
15036,25580
15036,25600
15036,25620
15036,25640
15036,25660
15036,25680
15036,25700
15036,25720
15036,25740
15036,25760
15036,25780
15036,25800
15036,25820
15036,25840
15036,25860
15036,25880
15036,25900
15036,25920
15036,25940
15036,25960
15036,25980
15113,21360
15113,21380
15113,21400
15113,21420
15113,21440
15113,21460
15113,21480
15113,21500
15113,21520
15113,21540
15113,21560
15113,21580
15113,21600
15113,21620
15113,21640
15113,21660
15113,21680
15113,21700
15113,21720
15113,21740
15113,21760
15113,21780
15113,21800
15113,21820
15113,21840
15113,21860
15113,21880
15123,21360
15123,21380
15123,21400
15123,21420
15123,21440
15123,21460
15123,21480
15123,21500
15123,21520
15123,21540
15123,21560
15123,21580
15123,21600
15123,21620
15123,21640
15123,21660
15123,21680
15123,21700
15123,21720
15123,21740
15123,21760
15123,21780
15123,21800
15123,21820
15123,21840
15123,21860
15123,21880
15133,21360
15133,21380
15133,21400
15133,21420
15133,21440
15133,21460
15133,21480
15133,21500
15133,21520
15133,21540
15133,21560
15133,21580
15133,21600
15133,21620
15133,21640
15133,21660
15133,21680
15133,21700
15133,21720
15133,21740
15133,21760
15133,21780
15133,21800
15133,21820
15133,21840
15133,21860
15133,21880
15143,21360
15143,21380
15143,21400
15143,21420
15143,21440
15143,21460
15143,21480
15143,21500
15143,21520
15143,21540
15143,21560
15143,21580
15143,21600
15143,21620
15143,21640
15143,21660
15143,21680
15143,21700
15143,21720
15143,21740
15143,21760
15143,21780
15143,21800
15143,21820
15143,21840
15143,21860
15143,21880
15153,21360
15153,21380
15153,21400
15153,21420
15153,21440
15153,21460
15153,21480
15153,21500
15153,21520
15153,21540
15153,21560
15153,21580
15153,21600
15153,21620
15153,21640
15153,21660
15153,21680
15153,21700
15153,21720
15153,21740
15153,21760
15153,21780
15153,21800
15153,21820
15153,21840
15153,21860
15153,21880
15163,21360
15163,21380
15163,21400
15163,21420
15163,21440
15163,21460
15163,21480
15163,21500
15163,21520
15163,21540
15163,21560
15163,21580
15163,21600
15163,21620
15163,21640
15163,21660
15163,21680
15163,21700
15163,21720
15163,21740
15163,21760
15163,21780
15163,21800
15163,21820
15163,21840
15163,21860
15163,21880
15173,21360
15173,21380
15173,21400
15173,21420
15173,21440
15173,21460
15173,21480
15173,21500
15173,21520
15173,21540
15173,21560
15173,21580
15173,21600
15173,21620
15173,21640
15173,21660
15173,21680
15173,21700
15173,21720
15173,21740
15173,21760
15173,21780
15173,21800
15173,21820
15173,21840
15173,21860
15173,21880
15183,21360
15183,21380
15183,21400
15183,21420
15183,21440
15183,21460
15183,21480
15183,21500
15183,21520
15183,21540
15183,21560
15183,21580
15183,21600
15183,21620
15183,21640
15183,21660
15183,21680
15183,21700
15183,21720
15183,21740
15183,21760
15183,21780
15183,21800
15183,21820
15183,21840
15183,21860
15183,21880
15193,21360
15193,21380
15193,21400
15193,21420
15193,21440
15193,21460
15193,21480
15193,21500
15193,21520
15193,21540
15193,21560
15193,21580
15193,21600
15193,21620
15193,21640
15193,21660
15193,21680
15193,21700
15193,21720
15193,21740
15193,21760
15193,21780
15193,21800
15193,21820
15193,21840
15193,21860
15193,21880
15203,21360
15203,21380
15203,21400
15203,21420
15203,21440
15203,21460
15203,21480
15203,21500
15203,21520
15203,21540
15203,21560
15203,21580
15203,21600
15203,21620
15203,21640
15203,21660
15203,21680
15203,21700
15203,21720
15203,21740
15203,21760
15203,21780
15203,21800
15203,21820
15203,21840
15203,21860
15203,21880
15213,21360
15213,21380
15213,21400
15213,21420
15213,21440
15213,21460
15213,21480
15213,21500
15213,21520
15213,21540
15213,21560
15213,21580
15213,21600
15213,21620
15213,21640
15213,21660
15213,21680
15213,21700
15213,21720
15213,21740
15213,21760
15213,21780
15213,21800
15213,21820
15213,21840
15213,21860
15213,21880
15223,21360
15223,21380
15223,21400
15223,21420
15223,21440
15223,21460
15223,21480
15223,21500
15223,21520
15223,21540
15223,21560
15223,21580
15223,21600
15223,21620
15223,21640
15223,21660
15223,21680
15223,21700
15223,21720
15223,21740
15223,21760
15223,21780
15223,21800
15223,21820
15223,21840
15223,21860
15223,21880
15233,21360
15233,21380
15233,21400
15233,21420
15233,21440
15233,21460
15233,21480
15233,21500
15233,21520
15233,21540
15233,21560
15233,21580
15233,21600
15233,21620
15233,21640
15233,21660
15233,21680
15233,21700
15233,21720
15233,21740
15233,21760
15233,21780
15233,21800
15233,21820
15233,21840
15233,21860
15233,21880
15243,21360
15243,21380
15243,21400
15243,21420
15243,21440
15243,21460
15243,21480
15243,21500
15243,21520
15243,21540
15243,21560
15243,21580
15243,21600
15243,21620
15243,21640
15243,21660
15243,21680
15243,21700
15243,21720
15243,21740
15243,21760
15243,21780
15243,21800
15243,21820
15243,21840
15243,21860
15243,21880
15253,21360
15253,21380
15253,21400
15253,21420
15253,21440
15253,21460
15253,21480
15253,21500
15253,21520
15253,21540
15253,21560
15253,21580
15253,21600
15253,21620
15253,21640
15253,21660
15253,21680
15253,21700
15253,21720
15253,21740
15253,21760
15253,21780
15253,21800
15253,21820
15253,21840
15253,21860
15253,21880
15263,21360
15263,21380
15263,21400
15263,21420
15263,21440
15263,21460
15263,21480
15263,21500
15263,21520
15263,21540
15263,21560
15263,21580
15263,21600
15263,21620
15263,21640
15263,21660
15263,21680
15263,21700
15263,21720
15263,21740
15263,21760
15263,21780
15263,21800
15263,21820
15263,21840
15263,21860
15263,21880
15273,21360
15273,21380
15273,21400
15273,21420
15273,21440
15273,21460
15273,21480
15273,21500
15273,21520
15273,21540
15273,21560
15273,21580
15273,21600
15273,21620
15273,21640
15273,21660
15273,21680
15273,21700
15273,21720
15273,21740
15273,21760
15273,21780
15273,21800
15273,21820
15273,21840
15273,21860
15273,21880
15283,21360
15283,21380
15283,21400
15283,21420
15283,21440
15283,21460
15283,21480
15283,21500
15283,21520
15283,21540
15283,21560
15283,21580
15283,21600
15283,21620
15283,21640
15283,21660
15283,21680
15283,21700
15283,21720
15283,21740
15283,21760
15283,21780
15283,21800
15283,21820
15283,21840
15283,21860
15283,21880
15293,21360
15293,21380
15293,21400
15293,21420
15293,21440
15293,21460
15293,21480
15293,21500
15293,21520
15293,21540
15293,21560
15293,21580
15293,21600
15293,21620
15293,21640
15293,21660
15293,21680
15293,21700
15293,21720
15293,21740
15293,21760
15293,21780
15293,21800
15293,21820
15293,21840
15293,21860
15293,21880
15303,21360
15303,21380
15303,21400
15303,21420
15303,21440
15303,21460
15303,21480
15303,21500
15303,21520
15303,21540
15303,21560
15303,21580
15303,21600
15303,21620
15303,21640
15303,21660
15303,21680
15303,21700
15303,21720
15303,21740
15303,21760
15303,21780
15303,21800
15303,21820
15303,21840
15303,21860
15303,21880
15313,21360
15313,21380
15313,21400
15313,21420
15313,21440
15313,21460
15313,21480
15313,21500
15313,21520
15313,21540
15313,21560
15313,21580
15313,21600
15313,21620
15313,21640
15313,21660
15313,21680
15313,21700
15313,21720
15313,21740
15313,21760
15313,21780
15313,21800
15313,21820
15313,21840
15313,21860
15313,21880
15323,21360
15323,21380
15323,21400
15323,21420
15323,21440
15323,21460
15323,21480
15323,21500
15323,21520
15323,21540
15323,21560
15323,21580
15323,21600
15323,21620
15323,21640
15323,21660
15323,21680
15323,21700
15323,21720
15323,21740
15323,21760
15323,21780
15323,21800
15323,21820
15323,21840
15323,21860
15323,21880
15333,21360
15333,21380
15333,21400
15333,21420
15333,21440
15333,21460
15333,21480
15333,21500
15333,21520
15333,21540
15333,21560
15333,21580
15333,21600
15333,21620
15333,21640
15333,21660
15333,21680
15333,21700
15333,21720
15333,21740
15333,21760
15333,21780
15333,21800
15333,21820
15333,21840
15333,21860
15333,21880
15343,21360
15343,21380
15343,21400
15343,21420
15343,21440
15343,21460
15343,21480
15343,21500
15343,21520
15343,21540
15343,21560
15343,21580
15343,21600
15343,21620
15343,21640
15343,21660
15343,21680
15343,21700
15343,21720
15343,21740
15343,21760
15343,21780
15343,21800
15343,21820
15343,21840
15343,21860
15343,21880
15353,21360
15353,21380
15353,21400
15353,21420
15353,21440
15353,21460
15353,21480
15353,21500
15353,21520
15353,21540
15353,21560
15353,21580
15353,21600
15353,21620
15353,21640
15353,21660
15353,21680
15353,21700
15353,21720
15353,21740
15353,21760
15353,21780
15353,21800
15353,21820
15353,21840
15353,21860
15353,21880
15363,21360
15363,21380
15363,21400
15363,21420
15363,21440
15363,21460
15363,21480
15363,21500
15363,21520
15363,21540
15363,21560
15363,21580
15363,21600
15363,21620
15363,21640
15363,21660
15363,21680
15363,21700
15363,21720
15363,21740
15363,21760
15363,21780
15363,21800
15363,21820
15363,21840
15363,21860
15363,21880
15373,21360
15373,21380
15373,21400
15373,21420
15373,21440
15373,21460
15373,21480
15373,21500
15373,21520
15373,21540
15373,21560
15373,21580
15373,21600
15373,21620
15373,21640
15373,21660
15373,21680
15373,21700
15373,21720
15373,21740
15373,21760
15373,21780
15373,21800
15373,21820
15373,21840
15373,21860
15373,21880
15383,21360
15383,21380
15383,21400
15383,21420
15383,21440
15383,21460
15383,21480
15383,21500
15383,21520
15383,21540
15383,21560
15383,21580
15383,21600
15383,21620
15383,21640
15383,21660
15383,21680
15383,21700
15383,21720
15383,21740
15383,21760
15383,21780
15383,21800
15383,21820
15383,21840
15383,21860
15383,21880
15393,21360
15393,21380
15393,21400
15393,21420
15393,21440
15393,21460
15393,21480
15393,21500
15393,21520
15393,21540
15393,21560
15393,21580
15393,21600
15393,21620
15393,21640
15393,21660
15393,21680
15393,21700
15393,21720
15393,21740
15393,21760
15393,21780
15393,21800
15393,21820
15393,21840
15393,21860
15393,21880
15403,21360
15403,21380
15403,21400
15403,21420
15403,21440
15403,21460
15403,21480
15403,21500
15403,21520
15403,21540
15403,21560
15403,21580
15403,21600
15403,21620
15403,21640
15403,21660
15403,21680
15403,21700
15403,21720
15403,21740
15403,21760
15403,21780
15403,21800
15403,21820
15403,21840
15403,21860
15403,21880
15413,21360
15413,21380
15413,21400
15413,21420
15413,21440
15413,21460
15413,21480
15413,21500
15413,21520
15413,21540
15413,21560
15413,21580
15413,21600
15413,21620
15413,21640
15413,21660
15413,21680
15413,21700
15413,21720
15413,21740
15413,21760
15413,21780
15413,21800
15413,21820
15413,21840
15413,21860
15413,21880
15423,21360
15423,21380
15423,21400
15423,21420
15423,21440
15423,21460
15423,21480
15423,21500
15423,21520
15423,21540
15423,21560
15423,21580
15423,21600
15423,21620
15423,21640
15423,21660
15423,21680
15423,21700
15423,21720
15423,21740
15423,21760
15423,21780
15423,21800
15423,21820
15423,21840
15423,21860
15423,21880
15433,21360
15433,21380
15433,21400
15433,21420
15433,21440
15433,21460
15433,21480
15433,21500
15433,21520
15433,21540
15433,21560
15433,21580
15433,21600
15433,21620
15433,21640
15433,21660
15433,21680
15433,21700
15433,21720
15433,21740
15433,21760
15433,21780
15433,21800
15433,21820
15433,21840
15433,21860
15433,21880
15443,21360
15443,21380
15443,21400
15443,21420
15443,21440
15443,21460
15443,21480
15443,21500
15443,21520
15443,21540
15443,21560
15443,21580
15443,21600
15443,21620
15443,21640
15443,21660
15443,21680
15443,21700
15443,21720
15443,21740
15443,21760
15443,21780
15443,21800
15443,21820
15443,21840
15443,21860
15443,21880
15453,21360
15453,21380
15453,21400
15453,21420
15453,21440
15453,21460
15453,21480
15453,21500
15453,21520
15453,21540
15453,21560
15453,21580
15453,21600
15453,21620
15453,21640
15453,21660
15453,21680
15453,21700
15453,21720
15453,21740
15453,21760
15453,21780
15453,21800
15453,21820
15453,21840
15453,21860
15453,21880
15463,21360
15463,21380
15463,21400
15463,21420
15463,21440
15463,21460
15463,21480
15463,21500
15463,21520
15463,21540
15463,21560
15463,21580
15463,21600
15463,21620
15463,21640
15463,21660
15463,21680
15463,21700
15463,21720
15463,21740
15463,21760
15463,21780
15463,21800
15463,21820
15463,21840
15463,21860
15463,21880
15473,21360
15473,21380
15473,21400
15473,21420
15473,21440
15473,21460
15473,21480
15473,21500
15473,21520
15473,21540
15473,21560
15473,21580
15473,21600
15473,21620
15473,21640
15473,21660
15473,21680
15473,21700
15473,21720
15473,21740
15473,21760
15473,21780
15473,21800
15473,21820
15473,21840
15473,21860
15473,21880
15483,21360
15483,21380
15483,21400
15483,21420
15483,21440
15483,21460
15483,21480
15483,21500
15483,21520
15483,21540
15483,21560
15483,21580
15483,21600
15483,21620
15483,21640
15483,21660
15483,21680
15483,21700
15483,21720
15483,21740
15483,21760
15483,21780
15483,21800
15483,21820
15483,21840
15483,21860
15483,21880
15493,21360
15493,21380
15493,21400
15493,21420
15493,21440
15493,21460
15493,21480
15493,21500
15493,21520
15493,21540
15493,21560
15493,21580
15493,21600
15493,21620
15493,21640
15493,21660
15493,21680
15493,21700
15493,21720
15493,21740
15493,21760
15493,21780
15493,21800
15493,21820
15493,21840
15493,21860
15493,21880
15503,21360
15503,21380
15503,21400
15503,21420
15503,21440
15503,21460
15503,21480
15503,21500
15503,21520
15503,21540
15503,21560
15503,21580
15503,21600
15503,21620
15503,21640
15503,21660
15503,21680
15503,21700
15503,21720
15503,21740
15503,21760
15503,21780
15503,21800
15503,21820
15503,21840
15503,21860
15503,21880
15513,21360
15513,21380
15513,21400
15513,21420
15513,21440
15513,21460
15513,21480
15513,21500
15513,21520
15513,21540
15513,21560
15513,21580
15513,21600
15513,21620
15513,21640
15513,21660
15513,21680
15513,21700
15513,21720
15513,21740
15513,21760
15513,21780
15513,21800
15513,21820
15513,21840
15513,21860
15513,21880
15523,21360
15523,21380
15523,21400
15523,21420
15523,21440
15523,21460
15523,21480
15523,21500
15523,21520
15523,21540
15523,21560
15523,21580
15523,21600
15523,21620
15523,21640
15523,21660
15523,21680
15523,21700
15523,21720
15523,21740
15523,21760
15523,21780
15523,21800
15523,21820
15523,21840
15523,21860
15523,21880
15533,21360
15533,21380
15533,21400
15533,21420
15533,21440
15533,21460
15533,21480
15533,21500
15533,21520
15533,21540
15533,21560
15533,21580
15533,21600
15533,21620
15533,21640
15533,21660
15533,21680
15533,21700
15533,21720
15533,21740
15533,21760
15533,21780
15533,21800
15533,21820
15533,21840
15533,21860
15533,21880
15543,21360
15543,21380
15543,21400
15543,21420
15543,21440
15543,21460
15543,21480
15543,21500
15543,21520
15543,21540
15543,21560
15543,21580
15543,21600
15543,21620
15543,21640
15543,21660
15543,21680
15543,21700
15543,21720
15543,21740
15543,21760
15543,21780
15543,21800
15543,21820
15543,21840
15543,21860
15543,21880
15553,21360
15553,21380
15553,21400
15553,21420
15553,21440
15553,21460
15553,21480
15553,21500
15553,21520
15553,21540
15553,21560
15553,21580
15553,21600
15553,21620
15553,21640
15553,21660
15553,21680
15553,21700
15553,21720
15553,21740
15553,21760
15553,21780
15553,21800
15553,21820
15553,21840
15553,21860
15553,21880
15563,21360
15563,21380
15563,21400
15563,21420
15563,21440
15563,21460
15563,21480
15563,21500
15563,21520
15563,21540
15563,21560
15563,21580
15563,21600
15563,21620
15563,21640
15563,21660
15563,21680
15563,21700
15563,21720
15563,21740
15563,21760
15563,21780
15563,21800
15563,21820
15563,21840
15563,21860
15563,21880
15573,21360
15573,21380
15573,21400
15573,21420
15573,21440
15573,21460
15573,21480
15573,21500
15573,21520
15573,21540
15573,21560
15573,21580
15573,21600
15573,21620
15573,21640
15573,21660
15573,21680
15573,21700
15573,21720
15573,21740
15573,21760
15573,21780
15573,21800
15573,21820
15573,21840
15573,21860
15573,21880
15583,21360
15583,21380
15583,21400
15583,21420
15583,21440
15583,21460
15583,21480
15583,21500
15583,21520
15583,21540
15583,21560
15583,21580
15583,21600
15583,21620
15583,21640
15583,21660
15583,21680
15583,21700
15583,21720
15583,21740
15583,21760
15583,21780
15583,21800
15583,21820
15583,21840
15583,21860
15583,21880
15593,21360
15593,21380
15593,21400
15593,21420
15593,21440
15593,21460
15593,21480
15593,21500
15593,21520
15593,21540
15593,21560
15593,21580
15593,21600
15593,21620
15593,21640
15593,21660
15593,21680
15593,21700
15593,21720
15593,21740
15593,21760
15593,21780
15593,21800
15593,21820
15593,21840
15593,21860
15593,21880
15603,21360
15603,21380
15603,21400
15603,21420
15603,21440
15603,21460
15603,21480
15603,21500
15603,21520
15603,21540
15603,21560
15603,21580
15603,21600
15603,21620
15603,21640
15603,21660
15603,21680
15603,21700
15603,21720
15603,21740
15603,21760
15603,21780
15603,21800
15603,21820
15603,21840
15603,21860
15603,21880
15613,21360
15613,21380
15613,21400
15613,21420
15613,21440
15613,21460
15613,21480
15613,21500
15613,21520
15613,21540
15613,21560
15613,21580
15613,21600
15613,21620
15613,21640
15613,21660
15613,21680
15613,21700
15613,21720
15613,21740
15613,21760
15613,21780
15613,21800
15613,21820
15613,21840
15613,21860
15613,21880
15623,21360
15623,21380
15623,21400
15623,21420
15623,21440
15623,21460
15623,21480
15623,21500
15623,21520
15623,21540
15623,21560
15623,21580
15623,21600
15623,21620
15623,21640
15623,21660
15623,21680
15623,21700
15623,21720
15623,21740
15623,21760
15623,21780
15623,21800
15623,21820
15623,21840
15623,21860
15623,21880
15633,21360
15633,21380
15633,21400
15633,21420
15633,21440
15633,21460
15633,21480
15633,21500
15633,21520
15633,21540
15633,21560
15633,21580
15633,21600
15633,21620
15633,21640
15633,21660
15633,21680
15633,21700
15633,21720
15633,21740
15633,21760
15633,21780
15633,21800
15633,21820
15633,21840
15633,21860
15633,21880
15643,21360
15643,21380
15643,21400
15643,21420
15643,21440
15643,21460
15643,21480
15643,21500
15643,21520
15643,21540
15643,21560
15643,21580
15643,21600
15643,21620
15643,21640
15643,21660
15643,21680
15643,21700
15643,21720
15643,21740
15643,21760
15643,21780
15643,21800
15643,21820
15643,21840
15643,21860
15643,21880
15653,21360
15653,21380
15653,21400
15653,21420
15653,21440
15653,21460
15653,21480
15653,21500
15653,21520
15653,21540
15653,21560
15653,21580
15653,21600
15653,21620
15653,21640
15653,21660
15653,21680
15653,21700
15653,21720
15653,21740
15653,21760
15653,21780
15653,21800
15653,21820
15653,21840
15653,21860
15653,21880
15663,21360
15663,21380
15663,21400
15663,21420
15663,21440
15663,21460
15663,21480
15663,21500
15663,21520
15663,21540
15663,21560
15663,21580
15663,21600
15663,21620
15663,21640
15663,21660
15663,21680
15663,21700
15663,21720
15663,21740
15663,21760
15663,21780
15663,21800
15663,21820
15663,21840
15663,21860
15663,21880
15673,21360
15673,21380
15673,21400
15673,21420
15673,21440
15673,21460
15673,21480
15673,21500
15673,21520
15673,21540
15673,21560
15673,21580
15673,21600
15673,21620
15673,21640
15673,21660
15673,21680
15673,21700
15673,21720
15673,21740
15673,21760
15673,21780
15673,21800
15673,21820
15673,21840
15673,21860
15673,21880
15683,21360
15683,21380
15683,21400
15683,21420
15683,21440
15683,21460
15683,21480
15683,21500
15683,21520
15683,21540
15683,21560
15683,21580
15683,21600
15683,21620
15683,21640
15683,21660
15683,21680
15683,21700
15683,21720
15683,21740
15683,21760
15683,21780
15683,21800
15683,21820
15683,21840
15683,21860
15683,21880
15693,21360
15693,21380
15693,21400
15693,21420
15693,21440
15693,21460
15693,21480
15693,21500
15693,21520
15693,21540
15693,21560
15693,21580
15693,21600
15693,21620
15693,21640
15693,21660
15693,21680
15693,21700
15693,21720
15693,21740
15693,21760
15693,21780
15693,21800
15693,21820
15693,21840
15693,21860
15693,21880
15703,21360
15703,21380
15703,21400
15703,21420
15703,21440
15703,21460
15703,21480
15703,21500
15703,21520
15703,21540
15703,21560
15703,21580
15703,21600
15703,21620
15703,21640
15703,21660
15703,21680
15703,21700
15703,21720
15703,21740
15703,21760
15703,21780
15703,21800
15703,21820
15703,21840
15703,21860
15703,21880
15713,21360
15713,21380
15713,21400
15713,21420
15713,21440
15713,21460
15713,21480
15713,21500
15713,21520
15713,21540
15713,21560
15713,21580
15713,21600
15713,21620
15713,21640
15713,21660
15713,21680
15713,21700
15713,21720
15713,21740
15713,21760
15713,21780
15713,21800
15713,21820
15713,21840
15713,21860
15713,21880
15723,21360
15723,21380
15723,21400
15723,21420
15723,21440
15723,21460
15723,21480
15723,21500
15723,21520
15723,21540
15723,21560
15723,21580
15723,21600
15723,21620
15723,21640
15723,21660
15723,21680
15723,21700
15723,21720
15723,21740
15723,21760
15723,21780
15723,21800
15723,21820
15723,21840
15723,21860
15723,21880
15733,21360
15733,21380
15733,21400
15733,21420
15733,21440
15733,21460
15733,21480
15733,21500
15733,21520
15733,21540
15733,21560
15733,21580
15733,21600
15733,21620
15733,21640
15733,21660
15733,21680
15733,21700
15733,21720
15733,21740
15733,21760
15733,21780
15733,21800
15733,21820
15733,21840
15733,21860
15733,21880
15743,21360
15743,21380
15743,21400
15743,21420
15743,21440
15743,21460
15743,21480
15743,21500
15743,21520
15743,21540
15743,21560
15743,21580
15743,21600
15743,21620
15743,21640
15743,21660
15743,21680
15743,21700
15743,21720
15743,21740
15743,21760
15743,21780
15743,21800
15743,21820
15743,21840
15743,21860
15743,21880
15753,21360
15753,21380
15753,21400
15753,21420
15753,21440
15753,21460
15753,21480
15753,21500
15753,21520
15753,21540
15753,21560
15753,21580
15753,21600
15753,21620
15753,21640
15753,21660
15753,21680
15753,21700
15753,21720
15753,21740
15753,21760
15753,21780
15753,21800
15753,21820
15753,21840
15753,21860
15753,21880
15763,21360
15763,21380
15763,21400
15763,21420
15763,21440
15763,21460
15763,21480
15763,21500
15763,21520
15763,21540
15763,21560
15763,21580
15763,21600
15763,21620
15763,21640
15763,21660
15763,21680
15763,21700
15763,21720
15763,21740
15763,21760
15763,21780
15763,21800
15763,21820
15763,21840
15763,21860
15763,21880
15773,21360
15773,21380
15773,21400
15773,21420
15773,21440
15773,21460
15773,21480
15773,21500
15773,21520
15773,21540
15773,21560
15773,21580
15773,21600
15773,21620
15773,21640
15773,21660
15773,21680
15773,21700
15773,21720
15773,21740
15773,21760
15773,21780
15773,21800
15773,21820
15773,21840
15773,21860
15773,21880
15783,21360
15783,21380
15783,21400
15783,21420
15783,21440
15783,21460
15783,21480
15783,21500
15783,21520
15783,21540
15783,21560
15783,21580
15783,21600
15783,21620
15783,21640
15783,21660
15783,21680
15783,21700
15783,21720
15783,21740
15783,21760
15783,21780
15783,21800
15783,21820
15783,21840
15783,21860
15783,21880
15793,21360
15793,21380
15793,21400
15793,21420
15793,21440
15793,21460
15793,21480
15793,21500
15793,21520
15793,21540
15793,21560
15793,21580
15793,21600
15793,21620
15793,21640
15793,21660
15793,21680
15793,21700
15793,21720
15793,21740
15793,21760
15793,21780
15793,21800
15793,21820
15793,21840
15793,21860
15793,21880
15803,21360
15803,21380
15803,21400
15803,21420
15803,21440
15803,21460
15803,21480
15803,21500
15803,21520
15803,21540
15803,21560
15803,21580
15803,21600
15803,21620
15803,21640
15803,21660
15803,21680
15803,21700
15803,21720
15803,21740
15803,21760
15803,21780
15803,21800
15803,21820
15803,21840
15803,21860
15803,21880
15813,21360
15813,21380
15813,21400
15813,21420
15813,21440
15813,21460
15813,21480
15813,21500
15813,21520
15813,21540
15813,21560
15813,21580
15813,21600
15813,21620
15813,21640
15813,21660
15813,21680
15813,21700
15813,21720
15813,21740
15813,21760
15813,21780
15813,21800
15813,21820
15813,21840
15813,21860
15813,21880
15823,21360
15823,21380
15823,21400
15823,21420
15823,21440
15823,21460
15823,21480
15823,21500
15823,21520
15823,21540
15823,21560
15823,21580
15823,21600
15823,21620
15823,21640
15823,21660
15823,21680
15823,21700
15823,21720
15823,21740
15823,21760
15823,21780
15823,21800
15823,21820
15823,21840
15823,21860
15823,21880
15833,21360
15833,21380
15833,21400
15833,21420
15833,21440
15833,21460
15833,21480
15833,21500
15833,21520
15833,21540
15833,21560
15833,21580
15833,21600
15833,21620
15833,21640
15833,21660
15833,21680
15833,21700
15833,21720
15833,21740
15833,21760
15833,21780
15833,21800
15833,21820
15833,21840
15833,21860
15833,21880
15843,21360
15843,21380
15843,21400
15843,21420
15843,21440
15843,21460
15843,21480
15843,21500
15843,21520
15843,21540
15843,21560
15843,21580
15843,21600
15843,21620
15843,21640
15843,21660
15843,21680
15843,21700
15843,21720
15843,21740
15843,21760
15843,21780
15843,21800
15843,21820
15843,21840
15843,21860
15843,21880
15853,21360
15853,21380
15853,21400
15853,21420
15853,21440
15853,21460
15853,21480
15853,21500
15853,21520
15853,21540
15853,21560
15853,21580
15853,21600
15853,21620
15853,21640
15853,21660
15853,21680
15853,21700
15853,21720
15853,21740
15853,21760
15853,21780
15853,21800
15853,21820
15853,21840
15853,21860
15853,21880
15863,21360
15863,21380
15863,21400
15863,21420
15863,21440
15863,21460
15863,21480
15863,21500
15863,21520
15863,21540
15863,21560
15863,21580
15863,21600
15863,21620
15863,21640
15863,21660
15863,21680
15863,21700
15863,21720
15863,21740
15863,21760
15863,21780
15863,21800
15863,21820
15863,21840
15863,21860
15863,21880
15873,21360
15873,21380
15873,21400
15873,21420
15873,21440
15873,21460
15873,21480
15873,21500
15873,21520
15873,21540
15873,21560
15873,21580
15873,21600
15873,21620
15873,21640
15873,21660
15873,21680
15873,21700
15873,21720
15873,21740
15873,21760
15873,21780
15873,21800
15873,21820
15873,21840
15873,21860
15873,21880
15883,21360
15883,21380
15883,21400
15883,21420
15883,21440
15883,21460
15883,21480
15883,21500
15883,21520
15883,21540
15883,21560
15883,21580
15883,21600
15883,21620
15883,21640
15883,21660
15883,21680
15883,21700
15883,21720
15883,21740
15883,21760
15883,21780
15883,21800
15883,21820
15883,21840
15883,21860
15883,21880
15893,21360
15893,21380
15893,21400
15893,21420
15893,21440
15893,21460
15893,21480
15893,21500
15893,21520
15893,21540
15893,21560
15893,21580
15893,21600
15893,21620
15893,21640
15893,21660
15893,21680
15893,21700
15893,21720
15893,21740
15893,21760
15893,21780
15893,21800
15893,21820
15893,21840
15893,21860
15893,21880
15903,21360
15903,21380
15903,21400
15903,21420
15903,21440
15903,21460
15903,21480
15903,21500
15903,21520
15903,21540
15903,21560
15903,21580
15903,21600
15903,21620
15903,21640
15903,21660
15903,21680
15903,21700
15903,21720
15903,21740
15903,21760
15903,21780
15903,21800
15903,21820
15903,21840
15903,21860
15903,21880
15913,21360
15913,21380
15913,21400
15913,21420
15913,21440
15913,21460
15913,21480
15913,21500
15913,21520
15913,21540
15913,21560
15913,21580
15913,21600
15913,21620
15913,21640
15913,21660
15913,21680
15913,21700
15913,21720
15913,21740
15913,21760
15913,21780
15913,21800
15913,21820
15913,21840
15913,21860
15913,21880
15923,21360
15923,21380
15923,21400
15923,21420
15923,21440
15923,21460
15923,21480
15923,21500
15923,21520
15923,21540
15923,21560
15923,21580
15923,21600
15923,21620
15923,21640
15923,21660
15923,21680
15923,21700
15923,21720
15923,21740
15923,21760
15923,21780
15923,21800
15923,21820
15923,21840
15923,21860
15923,21880
15933,21360
15933,21380
15933,21400
15933,21420
15933,21440
15933,21460
15933,21480
15933,21500
15933,21520
15933,21540
15933,21560
15933,21580
15933,21600
15933,21620
15933,21640
15933,21660
15933,21680
15933,21700
15933,21720
15933,21740
15933,21760
15933,21780
15933,21800
15933,21820
15933,21840
15933,21860
15933,21880
15943,21360
15943,21380
15943,21400
15943,21420
15943,21440
15943,21460
15943,21480
15943,21500
15943,21520
15943,21540
15943,21560
15943,21580
15943,21600
15943,21620
15943,21640
15943,21660
15943,21680
15943,21700
15943,21720
15943,21740
15943,21760
15943,21780
15943,21800
15943,21820
15943,21840
15943,21860
15943,21880
15953,21360
15953,21380
15953,21400
15953,21420
15953,21440
15953,21460
15953,21480
15953,21500
15953,21520
15953,21540
15953,21560
15953,21580
15953,21600
15953,21620
15953,21640
15953,21660
15953,21680
15953,21700
15953,21720
15953,21740
15953,21760
15953,21780
15953,21800
15953,21820
15953,21840
15953,21860
15953,21880
15963,21360
15963,21380
15963,21400
15963,21420
15963,21440
15963,21460
15963,21480
15963,21500
15963,21520
15963,21540
15963,21560
15963,21580
15963,21600
15963,21620
15963,21640
15963,21660
15963,21680
15963,21700
15963,21720
15963,21740
15963,21760
15963,21780
15963,21800
15963,21820
15963,21840
15963,21860
15963,21880
15973,21360
15973,21380
15973,21400
15973,21420
15973,21440
15973,21460
15973,21480
15973,21500
15973,21520
15973,21540
15973,21560
15973,21580
15973,21600
15973,21620
15973,21640
15973,21660
15973,21680
15973,21700
15973,21720
15973,21740
15973,21760
15973,21780
15973,21800
15973,21820
15973,21840
15973,21860
15973,21880
15983,21360
15983,21380
15983,21400
15983,21420
15983,21440
15983,21460
15983,21480
15983,21500
15983,21520
15983,21540
15983,21560
15983,21580
15983,21600
15983,21620
15983,21640
15983,21660
15983,21680
15983,21700
15983,21720
15983,21740
15983,21760
15983,21780
15983,21800
15983,21820
15983,21840
15983,21860
15983,21880
15993,21360
15993,21380
15993,21400
15993,21420
15993,21440
15993,21460
15993,21480
15993,21500
15993,21520
15993,21540
15993,21560
15993,21580
15993,21600
15993,21620
15993,21640
15993,21660
15993,21680
15993,21700
15993,21720
15993,21740
15993,21760
15993,21780
15993,21800
15993,21820
15993,21840
15993,21860
15993,21880
16003,21360
16003,21380
16003,21400
16003,21420
16003,21440
16003,21460
16003,21480
16003,21500
16003,21520
16003,21540
16003,21560
16003,21580
16003,21600
16003,21620
16003,21640
16003,21660
16003,21680
16003,21700
16003,21720
16003,21740
16003,21760
16003,21780
16003,21800
16003,21820
16003,21840
16003,21860
16003,21880
16013,21360
16013,21380
16013,21400
16013,21420
16013,21440
16013,21460
16013,21480
16013,21500
16013,21520
16013,21540
16013,21560
16013,21580
16013,21600
16013,21620
16013,21640
16013,21660
16013,21680
16013,21700
16013,21720
16013,21740
16013,21760
16013,21780
16013,21800
16013,21820
16013,21840
16013,21860
16013,21880
16023,21360
16023,21380
16023,21400
16023,21420
16023,21440
16023,21460
16023,21480
16023,21500
16023,21520
16023,21540
16023,21560
16023,21580
16023,21600
16023,21620
16023,21640
16023,21660
16023,21680
16023,21700
16023,21720
16023,21740
16023,21760
16023,21780
16023,21800
16023,21820
16023,21840
16023,21860
16023,21880
16033,21360
16033,21380
16033,21400
16033,21420
16033,21440
16033,21460
16033,21480
16033,21500
16033,21520
16033,21540
16033,21560
16033,21580
16033,21600
16033,21620
16033,21640
16033,21660
16033,21680
16033,21700
16033,21720
16033,21740
16033,21760
16033,21780
16033,21800
16033,21820
16033,21840
16033,21860
16033,21880
16043,21360
16043,21380
16043,21400
16043,21420
16043,21440
16043,21460
16043,21480
16043,21500
16043,21520
16043,21540
16043,21560
16043,21580
16043,21600
16043,21620
16043,21640
16043,21660
16043,21680
16043,21700
16043,21720
16043,21740
16043,21760
16043,21780
16043,21800
16043,21820
16043,21840
16043,21860
16043,21880
16053,21360
16053,21380
16053,21400
16053,21420
16053,21440
16053,21460
16053,21480
16053,21500
16053,21520
16053,21540
16053,21560
16053,21580
16053,21600
16053,21620
16053,21640
16053,21660
16053,21680
16053,21700
16053,21720
16053,21740
16053,21760
16053,21780
16053,21800
16053,21820
16053,21840
16053,21860
16053,21880
16063,21360
16063,21380
16063,21400
16063,21420
16063,21440
16063,21460
16063,21480
16063,21500
16063,21520
16063,21540
16063,21560
16063,21580
16063,21600
16063,21620
16063,21640
16063,21660
16063,21680
16063,21700
16063,21720
16063,21740
16063,21760
16063,21780
16063,21800
16063,21820
16063,21840
16063,21860
16063,21880
16073,21360
16073,21380
16073,21400
16073,21420
16073,21440
16073,21460
16073,21480
16073,21500
16073,21520
16073,21540
16073,21560
16073,21580
16073,21600
16073,21620
16073,21640
16073,21660
16073,21680
16073,21700
16073,21720
16073,21740
16073,21760
16073,21780
16073,21800
16073,21820
16073,21840
16073,21860
16073,21880
16083,21360
16083,21380
16083,21400
16083,21420
16083,21440
16083,21460
16083,21480
16083,21500
16083,21520
16083,21540
16083,21560
16083,21580
16083,21600
16083,21620
16083,21640
16083,21660
16083,21680
16083,21700
16083,21720
16083,21740
16083,21760
16083,21780
16083,21800
16083,21820
16083,21840
16083,21860
16083,21880
16093,21360
16093,21380
16093,21400
16093,21420
16093,21440
16093,21460
16093,21480
16093,21500
16093,21520
16093,21540
16093,21560
16093,21580
16093,21600
16093,21620
16093,21640
16093,21660
16093,21680
16093,21700
16093,21720
16093,21740
16093,21760
16093,21780
16093,21800
16093,21820
16093,21840
16093,21860
16093,21880
16103,21360
16103,21380
16103,21400
16103,21420
16103,21440
16103,21460
16103,21480
16103,21500
16103,21520
16103,21540
16103,21560
16103,21580
16103,21600
16103,21620
16103,21640
16103,21660
16103,21680
16103,21700
16103,21720
16103,21740
16103,21760
16103,21780
16103,21800
16103,21820
16103,21840
16103,21860
16103,21880
16113,21360
16113,21380
16113,21400
16113,21420
16113,21440
16113,21460
16113,21480
16113,21500
16113,21520
16113,21540
16113,21560
16113,21580
16113,21600
16113,21620
16113,21640
16113,21660
16113,21680
16113,21700
16113,21720
16113,21740
16113,21760
16113,21780
16113,21800
16113,21820
16113,21840
16113,21860
16113,21880
16123,21360
16123,21380
16123,21400
16123,21420
16123,21440
16123,21460
16123,21480
16123,21500
16123,21520
16123,21540
16123,21560
16123,21580
16123,21600
16123,21620
16123,21640
16123,21660
16123,21680
16123,21700
16123,21720
16123,21740
16123,21760
16123,21780
16123,21800
16123,21820
16123,21840
16123,21860
16123,21880
16133,21360
16133,21380
16133,21400
16133,21420
16133,21440
16133,21460
16133,21480
16133,21500
16133,21520
16133,21540
16133,21560
16133,21580
16133,21600
16133,21620
16133,21640
16133,21660
16133,21680
16133,21700
16133,21720
16133,21740
16133,21760
16133,21780
16133,21800
16133,21820
16133,21840
16133,21860
16133,21880
16143,21360
16143,21380
16143,21400
16143,21420
16143,21440
16143,21460
16143,21480
16143,21500
16143,21520
16143,21540
16143,21560
16143,21580
16143,21600
16143,21620
16143,21640
16143,21660
16143,21680
16143,21700
16143,21720
16143,21740
16143,21760
16143,21780
16143,21800
16143,21820
16143,21840
16143,21860
16143,21880
16153,21360
16153,21380
16153,21400
16153,21420
16153,21440
16153,21460
16153,21480
16153,21500
16153,21520
16153,21540
16153,21560
16153,21580
16153,21600
16153,21620
16153,21640
16153,21660
16153,21680
16153,21700
16153,21720
16153,21740
16153,21760
16153,21780
16153,21800
16153,21820
16153,21840
16153,21860
16153,21880
16163,21360
16163,21380
16163,21400
16163,21420
16163,21440
16163,21460
16163,21480
16163,21500
16163,21520
16163,21540
16163,21560
16163,21580
16163,21600
16163,21620
16163,21640
16163,21660
16163,21680
16163,21700
16163,21720
16163,21740
16163,21760
16163,21780
16163,21800
16163,21820
16163,21840
16163,21860
16163,21880
16173,21360
16173,21380
16173,21400
16173,21420
16173,21440
16173,21460
16173,21480
16173,21500
16173,21520
16173,21540
16173,21560
16173,21580
16173,21600
16173,21620
16173,21640
16173,21660
16173,21680
16173,21700
16173,21720
16173,21740
16173,21760
16173,21780
16173,21800
16173,21820
16173,21840
16173,21860
16173,21880
16183,21360
16183,21380
16183,21400
16183,21420
16183,21440
16183,21460
16183,21480
16183,21500
16183,21520
16183,21540
16183,21560
16183,21580
16183,21600
16183,21620
16183,21640
16183,21660
16183,21680
16183,21700
16183,21720
16183,21740
16183,21760
16183,21780
16183,21800
16183,21820
16183,21840
16183,21860
16183,21880
16193,21360
16193,21380
16193,21400
16193,21420
16193,21440
16193,21460
16193,21480
16193,21500
16193,21520
16193,21540
16193,21560
16193,21580
16193,21600
16193,21620
16193,21640
16193,21660
16193,21680
16193,21700
16193,21720
16193,21740
16193,21760
16193,21780
16193,21800
16193,21820
16193,21840
16193,21860
16193,21880
16203,21360
16203,21380
16203,21400
16203,21420
16203,21440
16203,21460
16203,21480
16203,21500
16203,21520
16203,21540
16203,21560
16203,21580
16203,21600
16203,21620
16203,21640
16203,21660
16203,21680
16203,21700
16203,21720
16203,21740
16203,21760
16203,21780
16203,21800
16203,21820
16203,21840
16203,21860
16203,21880
16213,21360
16213,21380
16213,21400
16213,21420
16213,21440
16213,21460
16213,21480
16213,21500
16213,21520
16213,21540
16213,21560
16213,21580
16213,21600
16213,21620
16213,21640
16213,21660
16213,21680
16213,21700
16213,21720
16213,21740
16213,21760
16213,21780
16213,21800
16213,21820
16213,21840
16213,21860
16213,21880
16223,21360
16223,21380
16223,21400
16223,21420
16223,21440
16223,21460
16223,21480
16223,21500
16223,21520
16223,21540
16223,21560
16223,21580
16223,21600
16223,21620
16223,21640
16223,21660
16223,21680
16223,21700
16223,21720
16223,21740
16223,21760
16223,21780
16223,21800
16223,21820
16223,21840
16223,21860
16223,21880
16233,21360
16233,21380
16233,21400
16233,21420
16233,21440
16233,21460
16233,21480
16233,21500
16233,21520
16233,21540
16233,21560
16233,21580
16233,21600
16233,21620
16233,21640
16233,21660
16233,21680
16233,21700
16233,21720
16233,21740
16233,21760
16233,21780
16233,21800
16233,21820
16233,21840
16233,21860
16233,21880
16243,21360
16243,21380
16243,21400
16243,21420
16243,21440
16243,21460
16243,21480
16243,21500
16243,21520
16243,21540
16243,21560
16243,21580
16243,21600
16243,21620
16243,21640
16243,21660
16243,21680
16243,21700
16243,21720
16243,21740
16243,21760
16243,21780
16243,21800
16243,21820
16243,21840
16243,21860
16243,21880
16253,21360
16253,21380
16253,21400
16253,21420
16253,21440
16253,21460
16253,21480
16253,21500
16253,21520
16253,21540
16253,21560
16253,21580
16253,21600
16253,21620
16253,21640
16253,21660
16253,21680
16253,21700
16253,21720
16253,21740
16253,21760
16253,21780
16253,21800
16253,21820
16253,21840
16253,21860
16253,21880
16263,21360
16263,21380
16263,21400
16263,21420
16263,21440
16263,21460
16263,21480
16263,21500
16263,21520
16263,21540
16263,21560
16263,21580
16263,21600
16263,21620
16263,21640
16263,21660
16263,21680
16263,21700
16263,21720
16263,21740
16263,21760
16263,21780
16263,21800
16263,21820
16263,21840
16263,21860
16263,21880
16273,21360
16273,21380
16273,21400
16273,21420
16273,21440
16273,21460
16273,21480
16273,21500
16273,21520
16273,21540
16273,21560
16273,21580
16273,21600
16273,21620
16273,21640
16273,21660
16273,21680
16273,21700
16273,21720
16273,21740
16273,21760
16273,21780
16273,21800
16273,21820
16273,21840
16273,21860
16273,21880
16283,21360
16283,21380
16283,21400
16283,21420
16283,21440
16283,21460
16283,21480
16283,21500
16283,21520
16283,21540
16283,21560
16283,21580
16283,21600
16283,21620
16283,21640
16283,21660
16283,21680
16283,21700
16283,21720
16283,21740
16283,21760
16283,21780
16283,21800
16283,21820
16283,21840
16283,21860
16283,21880
16293,21360
16293,21380
16293,21400
16293,21420
16293,21440
16293,21460
16293,21480
16293,21500
16293,21520
16293,21540
16293,21560
16293,21580
16293,21600
16293,21620
16293,21640
16293,21660
16293,21680
16293,21700
16293,21720
16293,21740
16293,21760
16293,21780
16293,21800
16293,21820
16293,21840
16293,21860
16293,21880
16303,21360
16303,21380
16303,21400
16303,21420
16303,21440
16303,21460
16303,21480
16303,21500
16303,21520
16303,21540
16303,21560
16303,21580
16303,21600
16303,21620
16303,21640
16303,21660
16303,21680
16303,21700
16303,21720
16303,21740
16303,21760
16303,21780
16303,21800
16303,21820
16303,21840
16303,21860
16303,21880
16313,21360
16313,21380
16313,21400
16313,21420
16313,21440
16313,21460
16313,21480
16313,21500
16313,21520
16313,21540
16313,21560
16313,21580
16313,21600
16313,21620
16313,21640
16313,21660
16313,21680
16313,21700
16313,21720
16313,21740
16313,21760
16313,21780
16313,21800
16313,21820
16313,21840
16313,21860
16313,21880
16323,21360
16323,21380
16323,21400
16323,21420
16323,21440
16323,21460
16323,21480
16323,21500
16323,21520
16323,21540
16323,21560
16323,21580
16323,21600
16323,21620
16323,21640
16323,21660
16323,21680
16323,21700
16323,21720
16323,21740
16323,21760
16323,21780
16323,21800
16323,21820
16323,21840
16323,21860
16323,21880
16333,21360
16333,21380
16333,21400
16333,21420
16333,21440
16333,21460
16333,21480
16333,21500
16333,21520
16333,21540
16333,21560
16333,21580
16333,21600
16333,21620
16333,21640
16333,21660
16333,21680
16333,21700
16333,21720
16333,21740
16333,21760
16333,21780
16333,21800
16333,21820
16333,21840
16333,21860
16333,21880
16343,21360
16343,21380
16343,21400
16343,21420
16343,21440
16343,21460
16343,21480
16343,21500
16343,21520
16343,21540
16343,21560
16343,21580
16343,21600
16343,21620
16343,21640
16343,21660
16343,21680
16343,21700
16343,21720
16343,21740
16343,21760
16343,21780
16343,21800
16343,21820
16343,21840
16343,21860
16343,21880
16353,21360
16353,21380
16353,21400
16353,21420
16353,21440
16353,21460
16353,21480
16353,21500
16353,21520
16353,21540
16353,21560
16353,21580
16353,21600
16353,21620
16353,21640
16353,21660
16353,21680
16353,21700
16353,21720
16353,21740
16353,21760
16353,21780
16353,21800
16353,21820
16353,21840
16353,21860
16353,21880
16363,21360
16363,21380
16363,21400
16363,21420
16363,21440
16363,21460
16363,21480
16363,21500
16363,21520
16363,21540
16363,21560
16363,21580
16363,21600
16363,21620
16363,21640
16363,21660
16363,21680
16363,21700
16363,21720
16363,21740
16363,21760
16363,21780
16363,21800
16363,21820
16363,21840
16363,21860
16363,21880
16373,21360
16373,21380
16373,21400
16373,21420
16373,21440
16373,21460
16373,21480
16373,21500
16373,21520
16373,21540
16373,21560
16373,21580
16373,21600
16373,21620
16373,21640
16373,21660
16373,21680
16373,21700
16373,21720
16373,21740
16373,21760
16373,21780
16373,21800
16373,21820
16373,21840
16373,21860
16373,21880
16383,21360
16383,21380
16383,21400
16383,21420
16383,21440
16383,21460
16383,21480
16383,21500
16383,21520
16383,21540
16383,21560
16383,21580
16383,21600
16383,21620
16383,21640
16383,21660
16383,21680
16383,21700
16383,21720
16383,21740
16383,21760
16383,21780
16383,21800
16383,21820
16383,21840
16383,21860
16383,21880
16393,21360
16393,21380
16393,21400
16393,21420
16393,21440
16393,21460
16393,21480
16393,21500
16393,21520
16393,21540
16393,21560
16393,21580
16393,21600
16393,21620
16393,21640
16393,21660
16393,21680
16393,21700
16393,21720
16393,21740
16393,21760
16393,21780
16393,21800
16393,21820
16393,21840
16393,21860
16393,21880
16403,21360
16403,21380
16403,21400
16403,21420
16403,21440
16403,21460
16403,21480
16403,21500
16403,21520
16403,21540
16403,21560
16403,21580
16403,21600
16403,21620
16403,21640
16403,21660
16403,21680
16403,21700
16403,21720
16403,21740
16403,21760
16403,21780
16403,21800
16403,21820
16403,21840
16403,21860
16403,21880
16413,21360
16413,21380
16413,21400
16413,21420
16413,21440
16413,21460
16413,21480
16413,21500
16413,21520
16413,21540
16413,21560
16413,21580
16413,21600
16413,21620
16413,21640
16413,21660
16413,21680
16413,21700
16413,21720
16413,21740
16413,21760
16413,21780
16413,21800
16413,21820
16413,21840
16413,21860
16413,21880
16423,21360
16423,21380
16423,21400
16423,21420
16423,21440
16423,21460
16423,21480
16423,21500
16423,21520
16423,21540
16423,21560
16423,21580
16423,21600
16423,21620
16423,21640
16423,21660
16423,21680
16423,21700
16423,21720
16423,21740
16423,21760
16423,21780
16423,21800
16423,21820
16423,21840
16423,21860
16423,21880
16433,21360
16433,21380
16433,21400
16433,21420
16433,21440
16433,21460
16433,21480
16433,21500
16433,21520
16433,21540
16433,21560
16433,21580
16433,21600
16433,21620
16433,21640
16433,21660
16433,21680
16433,21700
16433,21720
16433,21740
16433,21760
16433,21780
16433,21800
16433,21820
16433,21840
16433,21860
16433,21880
16443,21360
16443,21380
16443,21400
16443,21420
16443,21440
16443,21460
16443,21480
16443,21500
16443,21520
16443,21540
16443,21560
16443,21580
16443,21600
16443,21620
16443,21640
16443,21660
16443,21680
16443,21700
16443,21720
16443,21740
16443,21760
16443,21780
16443,21800
16443,21820
16443,21840
16443,21860
16443,21880
16453,21360
16453,21380
16453,21400
16453,21420
16453,21440
16453,21460
16453,21480
16453,21500
16453,21520
16453,21540
16453,21560
16453,21580
16453,21600
16453,21620
16453,21640
16453,21660
16453,21680
16453,21700
16453,21720
16453,21740
16453,21760
16453,21780
16453,21800
16453,21820
16453,21840
16453,21860
16453,21880
16463,21360
16463,21380
16463,21400
16463,21420
16463,21440
16463,21460
16463,21480
16463,21500
16463,21520
16463,21540
16463,21560
16463,21580
16463,21600
16463,21620
16463,21640
16463,21660
16463,21680
16463,21700
16463,21720
16463,21740
16463,21760
16463,21780
16463,21800
16463,21820
16463,21840
16463,21860
16463,21880
16473,21360
16473,21380
16473,21400
16473,21420
16473,21440
16473,21460
16473,21480
16473,21500
16473,21520
16473,21540
16473,21560
16473,21580
16473,21600
16473,21620
16473,21640
16473,21660
16473,21680
16473,21700
16473,21720
16473,21740
16473,21760
16473,21780
16473,21800
16473,21820
16473,21840
16473,21860
16473,21880
16483,21360
16483,21380
16483,21400
16483,21420
16483,21440
16483,21460
16483,21480
16483,21500
16483,21520
16483,21540
16483,21560
16483,21580
16483,21600
16483,21620
16483,21640
16483,21660
16483,21680
16483,21700
16483,21720
16483,21740
16483,21760
16483,21780
16483,21800
16483,21820
16483,21840
16483,21860
16483,21880
16493,21360
16493,21380
16493,21400
16493,21420
16493,21440
16493,21460
16493,21480
16493,21500
16493,21520
16493,21540
16493,21560
16493,21580
16493,21600
16493,21620
16493,21640
16493,21660
16493,21680
16493,21700
16493,21720
16493,21740
16493,21760
16493,21780
16493,21800
16493,21820
16493,21840
16493,21860
16493,21880
16503,21360
16503,21380
16503,21400
16503,21420
16503,21440
16503,21460
16503,21480
16503,21500
16503,21520
16503,21540
16503,21560
16503,21580
16503,21600
16503,21620
16503,21640
16503,21660
16503,21680
16503,21700
16503,21720
16503,21740
16503,21760
16503,21780
16503,21800
16503,21820
16503,21840
16503,21860
16503,21880
16513,21360
16513,21380
16513,21400
16513,21420
16513,21440
16513,21460
16513,21480
16513,21500
16513,21520
16513,21540
16513,21560
16513,21580
16513,21600
16513,21620
16513,21640
16513,21660
16513,21680
16513,21700
16513,21720
16513,21740
16513,21760
16513,21780
16513,21800
16513,21820
16513,21840
16513,21860
16513,21880
16523,21360
16523,21380
16523,21400
16523,21420
16523,21440
16523,21460
16523,21480
16523,21500
16523,21520
16523,21540
16523,21560
16523,21580
16523,21600
16523,21620
16523,21640
16523,21660
16523,21680
16523,21700
16523,21720
16523,21740
16523,21760
16523,21780
16523,21800
16523,21820
16523,21840
16523,21860
16523,21880
16533,21360
16533,21380
16533,21400
16533,21420
16533,21440
16533,21460
16533,21480
16533,21500
16533,21520
16533,21540
16533,21560
16533,21580
16533,21600
16533,21620
16533,21640
16533,21660
16533,21680
16533,21700
16533,21720
16533,21740
16533,21760
16533,21780
16533,21800
16533,21820
16533,21840
16533,21860
16533,21880
16543,21360
16543,21380
16543,21400
16543,21420
16543,21440
16543,21460
16543,21480
16543,21500
16543,21520
16543,21540
16543,21560
16543,21580
16543,21600
16543,21620
16543,21640
16543,21660
16543,21680
16543,21700
16543,21720
16543,21740
16543,21760
16543,21780
16543,21800
16543,21820
16543,21840
16543,21860
16543,21880
16553,21360
16553,21380
16553,21400
16553,21420
16553,21440
16553,21460
16553,21480
16553,21500
16553,21520
16553,21540
16553,21560
16553,21580
16553,21600
16553,21620
16553,21640
16553,21660
16553,21680
16553,21700
16553,21720
16553,21740
16553,21760
16553,21780
16553,21800
16553,21820
16553,21840
16553,21860
16553,21880
16563,21360
16563,21380
16563,21400
16563,21420
16563,21440
16563,21460
16563,21480
16563,21500
16563,21520
16563,21540
16563,21560
16563,21580
16563,21600
16563,21620
16563,21640
16563,21660
16563,21680
16563,21700
16563,21720
16563,21740
16563,21760
16563,21780
16563,21800
16563,21820
16563,21840
16563,21860
16563,21880
16573,21360
16573,21380
16573,21400
16573,21420
16573,21440
16573,21460
16573,21480
16573,21500
16573,21520
16573,21540
16573,21560
16573,21580
16573,21600
16573,21620
16573,21640
16573,21660
16573,21680
16573,21700
16573,21720
16573,21740
16573,21760
16573,21780
16573,21800
16573,21820
16573,21840
16573,21860
16573,21880
16583,21360
16583,21380
16583,21400
16583,21420
16583,21440
16583,21460
16583,21480
16583,21500
16583,21520
16583,21540
16583,21560
16583,21580
16583,21600
16583,21620
16583,21640
16583,21660
16583,21680
16583,21700
16583,21720
16583,21740
16583,21760
16583,21780
16583,21800
16583,21820
16583,21840
16583,21860
16583,21880
16593,21360
16593,21380
16593,21400
16593,21420
16593,21440
16593,21460
16593,21480
16593,21500
16593,21520
16593,21540
16593,21560
16593,21580
16593,21600
16593,21620
16593,21640
16593,21660
16593,21680
16593,21700
16593,21720
16593,21740
16593,21760
16593,21780
16593,21800
16593,21820
16593,21840
16593,21860
16593,21880
16603,21360
16603,21380
16603,21400
16603,21420
16603,21440
16603,21460
16603,21480
16603,21500
16603,21520
16603,21540
16603,21560
16603,21580
16603,21600
16603,21620
16603,21640
16603,21660
16603,21680
16603,21700
16603,21720
16603,21740
16603,21760
16603,21780
16603,21800
16603,21820
16603,21840
16603,21860
16603,21880
15113,26986
15113,27006
15113,27026
15113,27046
15113,27066
15113,27086
15113,27106
15113,27126
15113,27146
15113,27166
15113,27186
15113,27206
15113,27226
15113,27246
15113,27266
15113,27286
15113,27306
15113,27326
15113,27346
15113,27366
15113,27386
15113,27406
15113,27426
15113,27446
15113,27466
15113,27486
15113,27506
15113,27526
15113,27546
15113,27566
15113,27586
15113,27606
15113,27626
15113,27646
15113,27666
15113,27686
15113,27706
15113,27726
15123,26986
15123,27006
15123,27026
15123,27046
15123,27066
15123,27086
15123,27106
15123,27126
15123,27146
15123,27166
15123,27186
15123,27206
15123,27226
15123,27246
15123,27266
15123,27286
15123,27306
15123,27326
15123,27346
15123,27366
15123,27386
15123,27406
15123,27426
15123,27446
15123,27466
15123,27486
15123,27506
15123,27526
15123,27546
15123,27566
15123,27586
15123,27606
15123,27626
15123,27646
15123,27666
15123,27686
15123,27706
15123,27726
15133,26986
15133,27006
15133,27026
15133,27046
15133,27066
15133,27086
15133,27106
15133,27126
15133,27146
15133,27166
15133,27186
15133,27206
15133,27226
15133,27246
15133,27266
15133,27286
15133,27306
15133,27326
15133,27346
15133,27366
15133,27386
15133,27406
15133,27426
15133,27446
15133,27466
15133,27486
15133,27506
15133,27526
15133,27546
15133,27566
15133,27586
15133,27606
15133,27626
15133,27646
15133,27666
15133,27686
15133,27706
15133,27726
15143,26986
15143,27006
15143,27026
15143,27046
15143,27066
15143,27086
15143,27106
15143,27126
15143,27146
15143,27166
15143,27186
15143,27206
15143,27226
15143,27246
15143,27266
15143,27286
15143,27306
15143,27326
15143,27346
15143,27366
15143,27386
15143,27406
15143,27426
15143,27446
15143,27466
15143,27486
15143,27506
15143,27526
15143,27546
15143,27566
15143,27586
15143,27606
15143,27626
15143,27646
15143,27666
15143,27686
15143,27706
15143,27726
15153,26986
15153,27006
15153,27026
15153,27046
15153,27066
15153,27086
15153,27106
15153,27126
15153,27146
15153,27166
15153,27186
15153,27206
15153,27226
15153,27246
15153,27266
15153,27286
15153,27306
15153,27326
15153,27346
15153,27366
15153,27386
15153,27406
15153,27426
15153,27446
15153,27466
15153,27486
15153,27506
15153,27526
15153,27546
15153,27566
15153,27586
15153,27606
15153,27626
15153,27646
15153,27666
15153,27686
15153,27706
15153,27726
15163,26986
15163,27006
15163,27026
15163,27046
15163,27066
15163,27086
15163,27106
15163,27126
15163,27146
15163,27166
15163,27186
15163,27206
15163,27226
15163,27246
15163,27266
15163,27286
15163,27306
15163,27326
15163,27346
15163,27366
15163,27386
15163,27406
15163,27426
15163,27446
15163,27466
15163,27486
15163,27506
15163,27526
15163,27546
15163,27566
15163,27586
15163,27606
15163,27626
15163,27646
15163,27666
15163,27686
15163,27706
15163,27726
15173,26986
15173,27006
15173,27026
15173,27046
15173,27066
15173,27086
15173,27106
15173,27126
15173,27146
15173,27166
15173,27186
15173,27206
15173,27226
15173,27246
15173,27266
15173,27286
15173,27306
15173,27326
15173,27346
15173,27366
15173,27386
15173,27406
15173,27426
15173,27446
15173,27466
15173,27486
15173,27506
15173,27526
15173,27546
15173,27566
15173,27586
15173,27606
15173,27626
15173,27646
15173,27666
15173,27686
15173,27706
15173,27726
15183,26986
15183,27006
15183,27026
15183,27046
15183,27066
15183,27086
15183,27106
15183,27126
15183,27146
15183,27166
15183,27186
15183,27206
15183,27226
15183,27246
15183,27266
15183,27286
15183,27306
15183,27326
15183,27346
15183,27366
15183,27386
15183,27406
15183,27426
15183,27446
15183,27466
15183,27486
15183,27506
15183,27526
15183,27546
15183,27566
15183,27586
15183,27606
15183,27626
15183,27646
15183,27666
15183,27686
15183,27706
15183,27726
15193,26986
15193,27006
15193,27026
15193,27046
15193,27066
15193,27086
15193,27106
15193,27126
15193,27146
15193,27166
15193,27186
15193,27206
15193,27226
15193,27246
15193,27266
15193,27286
15193,27306
15193,27326
15193,27346
15193,27366
15193,27386
15193,27406
15193,27426
15193,27446
15193,27466
15193,27486
15193,27506
15193,27526
15193,27546
15193,27566
15193,27586
15193,27606
15193,27626
15193,27646
15193,27666
15193,27686
15193,27706
15193,27726
15203,26986
15203,27006
15203,27026
15203,27046
15203,27066
15203,27086
15203,27106
15203,27126
15203,27146
15203,27166
15203,27186
15203,27206
15203,27226
15203,27246
15203,27266
15203,27286
15203,27306
15203,27326
15203,27346
15203,27366
15203,27386
15203,27406
15203,27426
15203,27446
15203,27466
15203,27486
15203,27506
15203,27526
15203,27546
15203,27566
15203,27586
15203,27606
15203,27626
15203,27646
15203,27666
15203,27686
15203,27706
15203,27726
15213,26986
15213,27006
15213,27026
15213,27046
15213,27066
15213,27086
15213,27106
15213,27126
15213,27146
15213,27166
15213,27186
15213,27206
15213,27226
15213,27246
15213,27266
15213,27286
15213,27306
15213,27326
15213,27346
15213,27366
15213,27386
15213,27406
15213,27426
15213,27446
15213,27466
15213,27486
15213,27506
15213,27526
15213,27546
15213,27566
15213,27586
15213,27606
15213,27626
15213,27646
15213,27666
15213,27686
15213,27706
15213,27726
15223,26986
15223,27006
15223,27026
15223,27046
15223,27066
15223,27086
15223,27106
15223,27126
15223,27146
15223,27166
15223,27186
15223,27206
15223,27226
15223,27246
15223,27266
15223,27286
15223,27306
15223,27326
15223,27346
15223,27366
15223,27386
15223,27406
15223,27426
15223,27446
15223,27466
15223,27486
15223,27506
15223,27526
15223,27546
15223,27566
15223,27586
15223,27606
15223,27626
15223,27646
15223,27666
15223,27686
15223,27706
15223,27726
15233,26986
15233,27006
15233,27026
15233,27046
15233,27066
15233,27086
15233,27106
15233,27126
15233,27146
15233,27166
15233,27186
15233,27206
15233,27226
15233,27246
15233,27266
15233,27286
15233,27306
15233,27326
15233,27346
15233,27366
15233,27386
15233,27406
15233,27426
15233,27446
15233,27466
15233,27486
15233,27506
15233,27526
15233,27546
15233,27566
15233,27586
15233,27606
15233,27626
15233,27646
15233,27666
15233,27686
15233,27706
15233,27726
15243,26986
15243,27006
15243,27026
15243,27046
15243,27066
15243,27086
15243,27106
15243,27126
15243,27146
15243,27166
15243,27186
15243,27206
15243,27226
15243,27246
15243,27266
15243,27286
15243,27306
15243,27326
15243,27346
15243,27366
15243,27386
15243,27406
15243,27426
15243,27446
15243,27466
15243,27486
15243,27506
15243,27526
15243,27546
15243,27566
15243,27586
15243,27606
15243,27626
15243,27646
15243,27666
15243,27686
15243,27706
15243,27726
15253,26986
15253,27006
15253,27026
15253,27046
15253,27066
15253,27086
15253,27106
15253,27126
15253,27146
15253,27166
15253,27186
15253,27206
15253,27226
15253,27246
15253,27266
15253,27286
15253,27306
15253,27326
15253,27346
15253,27366
15253,27386
15253,27406
15253,27426
15253,27446
15253,27466
15253,27486
15253,27506
15253,27526
15253,27546
15253,27566
15253,27586
15253,27606
15253,27626
15253,27646
15253,27666
15253,27686
15253,27706
15253,27726
15263,26986
15263,27006
15263,27026
15263,27046
15263,27066
15263,27086
15263,27106
15263,27126
15263,27146
15263,27166
15263,27186
15263,27206
15263,27226
15263,27246
15263,27266
15263,27286
15263,27306
15263,27326
15263,27346
15263,27366
15263,27386
15263,27406
15263,27426
15263,27446
15263,27466
15263,27486
15263,27506
15263,27526
15263,27546
15263,27566
15263,27586
15263,27606
15263,27626
15263,27646
15263,27666
15263,27686
15263,27706
15263,27726
15273,26986
15273,27006
15273,27026
15273,27046
15273,27066
15273,27086
15273,27106
15273,27126
15273,27146
15273,27166
15273,27186
15273,27206
15273,27226
15273,27246
15273,27266
15273,27286
15273,27306
15273,27326
15273,27346
15273,27366
15273,27386
15273,27406
15273,27426
15273,27446
15273,27466
15273,27486
15273,27506
15273,27526
15273,27546
15273,27566
15273,27586
15273,27606
15273,27626
15273,27646
15273,27666
15273,27686
15273,27706
15273,27726
15283,26986
15283,27006
15283,27026
15283,27046
15283,27066
15283,27086
15283,27106
15283,27126
15283,27146
15283,27166
15283,27186
15283,27206
15283,27226
15283,27246
15283,27266
15283,27286
15283,27306
15283,27326
15283,27346
15283,27366
15283,27386
15283,27406
15283,27426
15283,27446
15283,27466
15283,27486
15283,27506
15283,27526
15283,27546
15283,27566
15283,27586
15283,27606
15283,27626
15283,27646
15283,27666
15283,27686
15283,27706
15283,27726
15293,26986
15293,27006
15293,27026
15293,27046
15293,27066
15293,27086
15293,27106
15293,27126
15293,27146
15293,27166
15293,27186
15293,27206
15293,27226
15293,27246
15293,27266
15293,27286
15293,27306
15293,27326
15293,27346
15293,27366
15293,27386
15293,27406
15293,27426
15293,27446
15293,27466
15293,27486
15293,27506
15293,27526
15293,27546
15293,27566
15293,27586
15293,27606
15293,27626
15293,27646
15293,27666
15293,27686
15293,27706
15293,27726
15303,26986
15303,27006
15303,27026
15303,27046
15303,27066
15303,27086
15303,27106
15303,27126
15303,27146
15303,27166
15303,27186
15303,27206
15303,27226
15303,27246
15303,27266
15303,27286
15303,27306
15303,27326
15303,27346
15303,27366
15303,27386
15303,27406
15303,27426
15303,27446
15303,27466
15303,27486
15303,27506
15303,27526
15303,27546
15303,27566
15303,27586
15303,27606
15303,27626
15303,27646
15303,27666
15303,27686
15303,27706
15303,27726
15313,26986
15313,27006
15313,27026
15313,27046
15313,27066
15313,27086
15313,27106
15313,27126
15313,27146
15313,27166
15313,27186
15313,27206
15313,27226
15313,27246
15313,27266
15313,27286
15313,27306
15313,27326
15313,27346
15313,27366
15313,27386
15313,27406
15313,27426
15313,27446
15313,27466
15313,27486
15313,27506
15313,27526
15313,27546
15313,27566
15313,27586
15313,27606
15313,27626
15313,27646
15313,27666
15313,27686
15313,27706
15313,27726
15323,26986
15323,27006
15323,27026
15323,27046
15323,27066
15323,27086
15323,27106
15323,27126
15323,27146
15323,27166
15323,27186
15323,27206
15323,27226
15323,27246
15323,27266
15323,27286
15323,27306
15323,27326
15323,27346
15323,27366
15323,27386
15323,27406
15323,27426
15323,27446
15323,27466
15323,27486
15323,27506
15323,27526
15323,27546
15323,27566
15323,27586
15323,27606
15323,27626
15323,27646
15323,27666
15323,27686
15323,27706
15323,27726
15333,26986
15333,27006
15333,27026
15333,27046
15333,27066
15333,27086
15333,27106
15333,27126
15333,27146
15333,27166
15333,27186
15333,27206
15333,27226
15333,27246
15333,27266
15333,27286
15333,27306
15333,27326
15333,27346
15333,27366
15333,27386
15333,27406
15333,27426
15333,27446
15333,27466
15333,27486
15333,27506
15333,27526
15333,27546
15333,27566
15333,27586
15333,27606
15333,27626
15333,27646
15333,27666
15333,27686
15333,27706
15333,27726
15343,26986
15343,27006
15343,27026
15343,27046
15343,27066
15343,27086
15343,27106
15343,27126
15343,27146
15343,27166
15343,27186
15343,27206
15343,27226
15343,27246
15343,27266
15343,27286
15343,27306
15343,27326
15343,27346
15343,27366
15343,27386
15343,27406
15343,27426
15343,27446
15343,27466
15343,27486
15343,27506
15343,27526
15343,27546
15343,27566
15343,27586
15343,27606
15343,27626
15343,27646
15343,27666
15343,27686
15343,27706
15343,27726
15353,26986
15353,27006
15353,27026
15353,27046
15353,27066
15353,27086
15353,27106
15353,27126
15353,27146
15353,27166
15353,27186
15353,27206
15353,27226
15353,27246
15353,27266
15353,27286
15353,27306
15353,27326
15353,27346
15353,27366
15353,27386
15353,27406
15353,27426
15353,27446
15353,27466
15353,27486
15353,27506
15353,27526
15353,27546
15353,27566
15353,27586
15353,27606
15353,27626
15353,27646
15353,27666
15353,27686
15353,27706
15353,27726
15363,26986
15363,27006
15363,27026
15363,27046
15363,27066
15363,27086
15363,27106
15363,27126
15363,27146
15363,27166
15363,27186
15363,27206
15363,27226
15363,27246
15363,27266
15363,27286
15363,27306
15363,27326
15363,27346
15363,27366
15363,27386
15363,27406
15363,27426
15363,27446
15363,27466
15363,27486
15363,27506
15363,27526
15363,27546
15363,27566
15363,27586
15363,27606
15363,27626
15363,27646
15363,27666
15363,27686
15363,27706
15363,27726
15373,26986
15373,27006
15373,27026
15373,27046
15373,27066
15373,27086
15373,27106
15373,27126
15373,27146
15373,27166
15373,27186
15373,27206
15373,27226
15373,27246
15373,27266
15373,27286
15373,27306
15373,27326
15373,27346
15373,27366
15373,27386
15373,27406
15373,27426
15373,27446
15373,27466
15373,27486
15373,27506
15373,27526
15373,27546
15373,27566
15373,27586
15373,27606
15373,27626
15373,27646
15373,27666
15373,27686
15373,27706
15373,27726
15383,26986
15383,27006
15383,27026
15383,27046
15383,27066
15383,27086
15383,27106
15383,27126
15383,27146
15383,27166
15383,27186
15383,27206
15383,27226
15383,27246
15383,27266
15383,27286
15383,27306
15383,27326
15383,27346
15383,27366
15383,27386
15383,27406
15383,27426
15383,27446
15383,27466
15383,27486
15383,27506
15383,27526
15383,27546
15383,27566
15383,27586
15383,27606
15383,27626
15383,27646
15383,27666
15383,27686
15383,27706
15383,27726
15393,26986
15393,27006
15393,27026
15393,27046
15393,27066
15393,27086
15393,27106
15393,27126
15393,27146
15393,27166
15393,27186
15393,27206
15393,27226
15393,27246
15393,27266
15393,27286
15393,27306
15393,27326
15393,27346
15393,27366
15393,27386
15393,27406
15393,27426
15393,27446
15393,27466
15393,27486
15393,27506
15393,27526
15393,27546
15393,27566
15393,27586
15393,27606
15393,27626
15393,27646
15393,27666
15393,27686
15393,27706
15393,27726
15403,26986
15403,27006
15403,27026
15403,27046
15403,27066
15403,27086
15403,27106
15403,27126
15403,27146
15403,27166
15403,27186
15403,27206
15403,27226
15403,27246
15403,27266
15403,27286
15403,27306
15403,27326
15403,27346
15403,27366
15403,27386
15403,27406
15403,27426
15403,27446
15403,27466
15403,27486
15403,27506
15403,27526
15403,27546
15403,27566
15403,27586
15403,27606
15403,27626
15403,27646
15403,27666
15403,27686
15403,27706
15403,27726
15413,26986
15413,27006
15413,27026
15413,27046
15413,27066
15413,27086
15413,27106
15413,27126
15413,27146
15413,27166
15413,27186
15413,27206
15413,27226
15413,27246
15413,27266
15413,27286
15413,27306
15413,27326
15413,27346
15413,27366
15413,27386
15413,27406
15413,27426
15413,27446
15413,27466
15413,27486
15413,27506
15413,27526
15413,27546
15413,27566
15413,27586
15413,27606
15413,27626
15413,27646
15413,27666
15413,27686
15413,27706
15413,27726
15423,26986
15423,27006
15423,27026
15423,27046
15423,27066
15423,27086
15423,27106
15423,27126
15423,27146
15423,27166
15423,27186
15423,27206
15423,27226
15423,27246
15423,27266
15423,27286
15423,27306
15423,27326
15423,27346
15423,27366
15423,27386
15423,27406
15423,27426
15423,27446
15423,27466
15423,27486
15423,27506
15423,27526
15423,27546
15423,27566
15423,27586
15423,27606
15423,27626
15423,27646
15423,27666
15423,27686
15423,27706
15423,27726
15433,26986
15433,27006
15433,27026
15433,27046
15433,27066
15433,27086
15433,27106
15433,27126
15433,27146
15433,27166
15433,27186
15433,27206
15433,27226
15433,27246
15433,27266
15433,27286
15433,27306
15433,27326
15433,27346
15433,27366
15433,27386
15433,27406
15433,27426
15433,27446
15433,27466
15433,27486
15433,27506
15433,27526
15433,27546
15433,27566
15433,27586
15433,27606
15433,27626
15433,27646
15433,27666
15433,27686
15433,27706
15433,27726
15443,26986
15443,27006
15443,27026
15443,27046
15443,27066
15443,27086
15443,27106
15443,27126
15443,27146
15443,27166
15443,27186
15443,27206
15443,27226
15443,27246
15443,27266
15443,27286
15443,27306
15443,27326
15443,27346
15443,27366
15443,27386
15443,27406
15443,27426
15443,27446
15443,27466
15443,27486
15443,27506
15443,27526
15443,27546
15443,27566
15443,27586
15443,27606
15443,27626
15443,27646
15443,27666
15443,27686
15443,27706
15443,27726
15453,26986
15453,27006
15453,27026
15453,27046
15453,27066
15453,27086
15453,27106
15453,27126
15453,27146
15453,27166
15453,27186
15453,27206
15453,27226
15453,27246
15453,27266
15453,27286
15453,27306
15453,27326
15453,27346
15453,27366
15453,27386
15453,27406
15453,27426
15453,27446
15453,27466
15453,27486
15453,27506
15453,27526
15453,27546
15453,27566
15453,27586
15453,27606
15453,27626
15453,27646
15453,27666
15453,27686
15453,27706
15453,27726
15463,26986
15463,27006
15463,27026
15463,27046
15463,27066
15463,27086
15463,27106
15463,27126
15463,27146
15463,27166
15463,27186
15463,27206
15463,27226
15463,27246
15463,27266
15463,27286
15463,27306
15463,27326
15463,27346
15463,27366
15463,27386
15463,27406
15463,27426
15463,27446
15463,27466
15463,27486
15463,27506
15463,27526
15463,27546
15463,27566
15463,27586
15463,27606
15463,27626
15463,27646
15463,27666
15463,27686
15463,27706
15463,27726
15473,26986
15473,27006
15473,27026
15473,27046
15473,27066
15473,27086
15473,27106
15473,27126
15473,27146
15473,27166
15473,27186
15473,27206
15473,27226
15473,27246
15473,27266
15473,27286
15473,27306
15473,27326
15473,27346
15473,27366
15473,27386
15473,27406
15473,27426
15473,27446
15473,27466
15473,27486
15473,27506
15473,27526
15473,27546
15473,27566
15473,27586
15473,27606
15473,27626
15473,27646
15473,27666
15473,27686
15473,27706
15473,27726
15483,26986
15483,27006
15483,27026
15483,27046
15483,27066
15483,27086
15483,27106
15483,27126
15483,27146
15483,27166
15483,27186
15483,27206
15483,27226
15483,27246
15483,27266
15483,27286
15483,27306
15483,27326
15483,27346
15483,27366
15483,27386
15483,27406
15483,27426
15483,27446
15483,27466
15483,27486
15483,27506
15483,27526
15483,27546
15483,27566
15483,27586
15483,27606
15483,27626
15483,27646
15483,27666
15483,27686
15483,27706
15483,27726
15493,26986
15493,27006
15493,27026
15493,27046
15493,27066
15493,27086
15493,27106
15493,27126
15493,27146
15493,27166
15493,27186
15493,27206
15493,27226
15493,27246
15493,27266
15493,27286
15493,27306
15493,27326
15493,27346
15493,27366
15493,27386
15493,27406
15493,27426
15493,27446
15493,27466
15493,27486
15493,27506
15493,27526
15493,27546
15493,27566
15493,27586
15493,27606
15493,27626
15493,27646
15493,27666
15493,27686
15493,27706
15493,27726
15503,26986
15503,27006
15503,27026
15503,27046
15503,27066
15503,27086
15503,27106
15503,27126
15503,27146
15503,27166
15503,27186
15503,27206
15503,27226
15503,27246
15503,27266
15503,27286
15503,27306
15503,27326
15503,27346
15503,27366
15503,27386
15503,27406
15503,27426
15503,27446
15503,27466
15503,27486
15503,27506
15503,27526
15503,27546
15503,27566
15503,27586
15503,27606
15503,27626
15503,27646
15503,27666
15503,27686
15503,27706
15503,27726
15513,26986
15513,27006
15513,27026
15513,27046
15513,27066
15513,27086
15513,27106
15513,27126
15513,27146
15513,27166
15513,27186
15513,27206
15513,27226
15513,27246
15513,27266
15513,27286
15513,27306
15513,27326
15513,27346
15513,27366
15513,27386
15513,27406
15513,27426
15513,27446
15513,27466
15513,27486
15513,27506
15513,27526
15513,27546
15513,27566
15513,27586
15513,27606
15513,27626
15513,27646
15513,27666
15513,27686
15513,27706
15513,27726
15523,26986
15523,27006
15523,27026
15523,27046
15523,27066
15523,27086
15523,27106
15523,27126
15523,27146
15523,27166
15523,27186
15523,27206
15523,27226
15523,27246
15523,27266
15523,27286
15523,27306
15523,27326
15523,27346
15523,27366
15523,27386
15523,27406
15523,27426
15523,27446
15523,27466
15523,27486
15523,27506
15523,27526
15523,27546
15523,27566
15523,27586
15523,27606
15523,27626
15523,27646
15523,27666
15523,27686
15523,27706
15523,27726
15533,26986
15533,27006
15533,27026
15533,27046
15533,27066
15533,27086
15533,27106
15533,27126
15533,27146
15533,27166
15533,27186
15533,27206
15533,27226
15533,27246
15533,27266
15533,27286
15533,27306
15533,27326
15533,27346
15533,27366
15533,27386
15533,27406
15533,27426
15533,27446
15533,27466
15533,27486
15533,27506
15533,27526
15533,27546
15533,27566
15533,27586
15533,27606
15533,27626
15533,27646
15533,27666
15533,27686
15533,27706
15533,27726
15543,26986
15543,27006
15543,27026
15543,27046
15543,27066
15543,27086
15543,27106
15543,27126
15543,27146
15543,27166
15543,27186
15543,27206
15543,27226
15543,27246
15543,27266
15543,27286
15543,27306
15543,27326
15543,27346
15543,27366
15543,27386
15543,27406
15543,27426
15543,27446
15543,27466
15543,27486
15543,27506
15543,27526
15543,27546
15543,27566
15543,27586
15543,27606
15543,27626
15543,27646
15543,27666
15543,27686
15543,27706
15543,27726
15553,26986
15553,27006
15553,27026
15553,27046
15553,27066
15553,27086
15553,27106
15553,27126
15553,27146
15553,27166
15553,27186
15553,27206
15553,27226
15553,27246
15553,27266
15553,27286
15553,27306
15553,27326
15553,27346
15553,27366
15553,27386
15553,27406
15553,27426
15553,27446
15553,27466
15553,27486
15553,27506
15553,27526
15553,27546
15553,27566
15553,27586
15553,27606
15553,27626
15553,27646
15553,27666
15553,27686
15553,27706
15553,27726
15563,26986
15563,27006
15563,27026
15563,27046
15563,27066
15563,27086
15563,27106
15563,27126
15563,27146
15563,27166
15563,27186
15563,27206
15563,27226
15563,27246
15563,27266
15563,27286
15563,27306
15563,27326
15563,27346
15563,27366
15563,27386
15563,27406
15563,27426
15563,27446
15563,27466
15563,27486
15563,27506
15563,27526
15563,27546
15563,27566
15563,27586
15563,27606
15563,27626
15563,27646
15563,27666
15563,27686
15563,27706
15563,27726
15573,26986
15573,27006
15573,27026
15573,27046
15573,27066
15573,27086
15573,27106
15573,27126
15573,27146
15573,27166
15573,27186
15573,27206
15573,27226
15573,27246
15573,27266
15573,27286
15573,27306
15573,27326
15573,27346
15573,27366
15573,27386
15573,27406
15573,27426
15573,27446
15573,27466
15573,27486
15573,27506
15573,27526
15573,27546
15573,27566
15573,27586
15573,27606
15573,27626
15573,27646
15573,27666
15573,27686
15573,27706
15573,27726
15583,26986
15583,27006
15583,27026
15583,27046
15583,27066
15583,27086
15583,27106
15583,27126
15583,27146
15583,27166
15583,27186
15583,27206
15583,27226
15583,27246
15583,27266
15583,27286
15583,27306
15583,27326
15583,27346
15583,27366
15583,27386
15583,27406
15583,27426
15583,27446
15583,27466
15583,27486
15583,27506
15583,27526
15583,27546
15583,27566
15583,27586
15583,27606
15583,27626
15583,27646
15583,27666
15583,27686
15583,27706
15583,27726
15593,26986
15593,27006
15593,27026
15593,27046
15593,27066
15593,27086
15593,27106
15593,27126
15593,27146
15593,27166
15593,27186
15593,27206
15593,27226
15593,27246
15593,27266
15593,27286
15593,27306
15593,27326
15593,27346
15593,27366
15593,27386
15593,27406
15593,27426
15593,27446
15593,27466
15593,27486
15593,27506
15593,27526
15593,27546
15593,27566
15593,27586
15593,27606
15593,27626
15593,27646
15593,27666
15593,27686
15593,27706
15593,27726
15603,26986
15603,27006
15603,27026
15603,27046
15603,27066
15603,27086
15603,27106
15603,27126
15603,27146
15603,27166
15603,27186
15603,27206
15603,27226
15603,27246
15603,27266
15603,27286
15603,27306
15603,27326
15603,27346
15603,27366
15603,27386
15603,27406
15603,27426
15603,27446
15603,27466
15603,27486
15603,27506
15603,27526
15603,27546
15603,27566
15603,27586
15603,27606
15603,27626
15603,27646
15603,27666
15603,27686
15603,27706
15603,27726
15613,26986
15613,27006
15613,27026
15613,27046
15613,27066
15613,27086
15613,27106
15613,27126
15613,27146
15613,27166
15613,27186
15613,27206
15613,27226
15613,27246
15613,27266
15613,27286
15613,27306
15613,27326
15613,27346
15613,27366
15613,27386
15613,27406
15613,27426
15613,27446
15613,27466
15613,27486
15613,27506
15613,27526
15613,27546
15613,27566
15613,27586
15613,27606
15613,27626
15613,27646
15613,27666
15613,27686
15613,27706
15613,27726
15623,26986
15623,27006
15623,27026
15623,27046
15623,27066
15623,27086
15623,27106
15623,27126
15623,27146
15623,27166
15623,27186
15623,27206
15623,27226
15623,27246
15623,27266
15623,27286
15623,27306
15623,27326
15623,27346
15623,27366
15623,27386
15623,27406
15623,27426
15623,27446
15623,27466
15623,27486
15623,27506
15623,27526
15623,27546
15623,27566
15623,27586
15623,27606
15623,27626
15623,27646
15623,27666
15623,27686
15623,27706
15623,27726
15633,26986
15633,27006
15633,27026
15633,27046
15633,27066
15633,27086
15633,27106
15633,27126
15633,27146
15633,27166
15633,27186
15633,27206
15633,27226
15633,27246
15633,27266
15633,27286
15633,27306
15633,27326
15633,27346
15633,27366
15633,27386
15633,27406
15633,27426
15633,27446
15633,27466
15633,27486
15633,27506
15633,27526
15633,27546
15633,27566
15633,27586
15633,27606
15633,27626
15633,27646
15633,27666
15633,27686
15633,27706
15633,27726
15643,26986
15643,27006
15643,27026
15643,27046
15643,27066
15643,27086
15643,27106
15643,27126
15643,27146
15643,27166
15643,27186
15643,27206
15643,27226
15643,27246
15643,27266
15643,27286
15643,27306
15643,27326
15643,27346
15643,27366
15643,27386
15643,27406
15643,27426
15643,27446
15643,27466
15643,27486
15643,27506
15643,27526
15643,27546
15643,27566
15643,27586
15643,27606
15643,27626
15643,27646
15643,27666
15643,27686
15643,27706
15643,27726
15653,26986
15653,27006
15653,27026
15653,27046
15653,27066
15653,27086
15653,27106
15653,27126
15653,27146
15653,27166
15653,27186
15653,27206
15653,27226
15653,27246
15653,27266
15653,27286
15653,27306
15653,27326
15653,27346
15653,27366
15653,27386
15653,27406
15653,27426
15653,27446
15653,27466
15653,27486
15653,27506
15653,27526
15653,27546
15653,27566
15653,27586
15653,27606
15653,27626
15653,27646
15653,27666
15653,27686
15653,27706
15653,27726
15663,26986
15663,27006
15663,27026
15663,27046
15663,27066
15663,27086
15663,27106
15663,27126
15663,27146
15663,27166
15663,27186
15663,27206
15663,27226
15663,27246
15663,27266
15663,27286
15663,27306
15663,27326
15663,27346
15663,27366
15663,27386
15663,27406
15663,27426
15663,27446
15663,27466
15663,27486
15663,27506
15663,27526
15663,27546
15663,27566
15663,27586
15663,27606
15663,27626
15663,27646
15663,27666
15663,27686
15663,27706
15663,27726
15673,26986
15673,27006
15673,27026
15673,27046
15673,27066
15673,27086
15673,27106
15673,27126
15673,27146
15673,27166
15673,27186
15673,27206
15673,27226
15673,27246
15673,27266
15673,27286
15673,27306
15673,27326
15673,27346
15673,27366
15673,27386
15673,27406
15673,27426
15673,27446
15673,27466
15673,27486
15673,27506
15673,27526
15673,27546
15673,27566
15673,27586
15673,27606
15673,27626
15673,27646
15673,27666
15673,27686
15673,27706
15673,27726
15683,26986
15683,27006
15683,27026
15683,27046
15683,27066
15683,27086
15683,27106
15683,27126
15683,27146
15683,27166
15683,27186
15683,27206
15683,27226
15683,27246
15683,27266
15683,27286
15683,27306
15683,27326
15683,27346
15683,27366
15683,27386
15683,27406
15683,27426
15683,27446
15683,27466
15683,27486
15683,27506
15683,27526
15683,27546
15683,27566
15683,27586
15683,27606
15683,27626
15683,27646
15683,27666
15683,27686
15683,27706
15683,27726
15693,26986
15693,27006
15693,27026
15693,27046
15693,27066
15693,27086
15693,27106
15693,27126
15693,27146
15693,27166
15693,27186
15693,27206
15693,27226
15693,27246
15693,27266
15693,27286
15693,27306
15693,27326
15693,27346
15693,27366
15693,27386
15693,27406
15693,27426
15693,27446
15693,27466
15693,27486
15693,27506
15693,27526
15693,27546
15693,27566
15693,27586
15693,27606
15693,27626
15693,27646
15693,27666
15693,27686
15693,27706
15693,27726
15703,26986
15703,27006
15703,27026
15703,27046
15703,27066
15703,27086
15703,27106
15703,27126
15703,27146
15703,27166
15703,27186
15703,27206
15703,27226
15703,27246
15703,27266
15703,27286
15703,27306
15703,27326
15703,27346
15703,27366
15703,27386
15703,27406
15703,27426
15703,27446
15703,27466
15703,27486
15703,27506
15703,27526
15703,27546
15703,27566
15703,27586
15703,27606
15703,27626
15703,27646
15703,27666
15703,27686
15703,27706
15703,27726
15713,26986
15713,27006
15713,27026
15713,27046
15713,27066
15713,27086
15713,27106
15713,27126
15713,27146
15713,27166
15713,27186
15713,27206
15713,27226
15713,27246
15713,27266
15713,27286
15713,27306
15713,27326
15713,27346
15713,27366
15713,27386
15713,27406
15713,27426
15713,27446
15713,27466
15713,27486
15713,27506
15713,27526
15713,27546
15713,27566
15713,27586
15713,27606
15713,27626
15713,27646
15713,27666
15713,27686
15713,27706
15713,27726
15723,26986
15723,27006
15723,27026
15723,27046
15723,27066
15723,27086
15723,27106
15723,27126
15723,27146
15723,27166
15723,27186
15723,27206
15723,27226
15723,27246
15723,27266
15723,27286
15723,27306
15723,27326
15723,27346
15723,27366
15723,27386
15723,27406
15723,27426
15723,27446
15723,27466
15723,27486
15723,27506
15723,27526
15723,27546
15723,27566
15723,27586
15723,27606
15723,27626
15723,27646
15723,27666
15723,27686
15723,27706
15723,27726
15733,26986
15733,27006
15733,27026
15733,27046
15733,27066
15733,27086
15733,27106
15733,27126
15733,27146
15733,27166
15733,27186
15733,27206
15733,27226
15733,27246
15733,27266
15733,27286
15733,27306
15733,27326
15733,27346
15733,27366
15733,27386
15733,27406
15733,27426
15733,27446
15733,27466
15733,27486
15733,27506
15733,27526
15733,27546
15733,27566
15733,27586
15733,27606
15733,27626
15733,27646
15733,27666
15733,27686
15733,27706
15733,27726
15743,26986
15743,27006
15743,27026
15743,27046
15743,27066
15743,27086
15743,27106
15743,27126
15743,27146
15743,27166
15743,27186
15743,27206
15743,27226
15743,27246
15743,27266
15743,27286
15743,27306
15743,27326
15743,27346
15743,27366
15743,27386
15743,27406
15743,27426
15743,27446
15743,27466
15743,27486
15743,27506
15743,27526
15743,27546
15743,27566
15743,27586
15743,27606
15743,27626
15743,27646
15743,27666
15743,27686
15743,27706
15743,27726
15753,26986
15753,27006
15753,27026
15753,27046
15753,27066
15753,27086
15753,27106
15753,27126
15753,27146
15753,27166
15753,27186
15753,27206
15753,27226
15753,27246
15753,27266
15753,27286
15753,27306
15753,27326
15753,27346
15753,27366
15753,27386
15753,27406
15753,27426
15753,27446
15753,27466
15753,27486
15753,27506
15753,27526
15753,27546
15753,27566
15753,27586
15753,27606
15753,27626
15753,27646
15753,27666
15753,27686
15753,27706
15753,27726
15763,26986
15763,27006
15763,27026
15763,27046
15763,27066
15763,27086
15763,27106
15763,27126
15763,27146
15763,27166
15763,27186
15763,27206
15763,27226
15763,27246
15763,27266
15763,27286
15763,27306
15763,27326
15763,27346
15763,27366
15763,27386
15763,27406
15763,27426
15763,27446
15763,27466
15763,27486
15763,27506
15763,27526
15763,27546
15763,27566
15763,27586
15763,27606
15763,27626
15763,27646
15763,27666
15763,27686
15763,27706
15763,27726
15773,26986
15773,27006
15773,27026
15773,27046
15773,27066
15773,27086
15773,27106
15773,27126
15773,27146
15773,27166
15773,27186
15773,27206
15773,27226
15773,27246
15773,27266
15773,27286
15773,27306
15773,27326
15773,27346
15773,27366
15773,27386
15773,27406
15773,27426
15773,27446
15773,27466
15773,27486
15773,27506
15773,27526
15773,27546
15773,27566
15773,27586
15773,27606
15773,27626
15773,27646
15773,27666
15773,27686
15773,27706
15773,27726
15783,26986
15783,27006
15783,27026
15783,27046
15783,27066
15783,27086
15783,27106
15783,27126
15783,27146
15783,27166
15783,27186
15783,27206
15783,27226
15783,27246
15783,27266
15783,27286
15783,27306
15783,27326
15783,27346
15783,27366
15783,27386
15783,27406
15783,27426
15783,27446
15783,27466
15783,27486
15783,27506
15783,27526
15783,27546
15783,27566
15783,27586
15783,27606
15783,27626
15783,27646
15783,27666
15783,27686
15783,27706
15783,27726
15793,26986
15793,27006
15793,27026
15793,27046
15793,27066
15793,27086
15793,27106
15793,27126
15793,27146
15793,27166
15793,27186
15793,27206
15793,27226
15793,27246
15793,27266
15793,27286
15793,27306
15793,27326
15793,27346
15793,27366
15793,27386
15793,27406
15793,27426
15793,27446
15793,27466
15793,27486
15793,27506
15793,27526
15793,27546
15793,27566
15793,27586
15793,27606
15793,27626
15793,27646
15793,27666
15793,27686
15793,27706
15793,27726
15803,26986
15803,27006
15803,27026
15803,27046
15803,27066
15803,27086
15803,27106
15803,27126
15803,27146
15803,27166
15803,27186
15803,27206
15803,27226
15803,27246
15803,27266
15803,27286
15803,27306
15803,27326
15803,27346
15803,27366
15803,27386
15803,27406
15803,27426
15803,27446
15803,27466
15803,27486
15803,27506
15803,27526
15803,27546
15803,27566
15803,27586
15803,27606
15803,27626
15803,27646
15803,27666
15803,27686
15803,27706
15803,27726
15813,26986
15813,27006
15813,27026
15813,27046
15813,27066
15813,27086
15813,27106
15813,27126
15813,27146
15813,27166
15813,27186
15813,27206
15813,27226
15813,27246
15813,27266
15813,27286
15813,27306
15813,27326
15813,27346
15813,27366
15813,27386
15813,27406
15813,27426
15813,27446
15813,27466
15813,27486
15813,27506
15813,27526
15813,27546
15813,27566
15813,27586
15813,27606
15813,27626
15813,27646
15813,27666
15813,27686
15813,27706
15813,27726
15823,26986
15823,27006
15823,27026
15823,27046
15823,27066
15823,27086
15823,27106
15823,27126
15823,27146
15823,27166
15823,27186
15823,27206
15823,27226
15823,27246
15823,27266
15823,27286
15823,27306
15823,27326
15823,27346
15823,27366
15823,27386
15823,27406
15823,27426
15823,27446
15823,27466
15823,27486
15823,27506
15823,27526
15823,27546
15823,27566
15823,27586
15823,27606
15823,27626
15823,27646
15823,27666
15823,27686
15823,27706
15823,27726
15833,26986
15833,27006
15833,27026
15833,27046
15833,27066
15833,27086
15833,27106
15833,27126
15833,27146
15833,27166
15833,27186
15833,27206
15833,27226
15833,27246
15833,27266
15833,27286
15833,27306
15833,27326
15833,27346
15833,27366
15833,27386
15833,27406
15833,27426
15833,27446
15833,27466
15833,27486
15833,27506
15833,27526
15833,27546
15833,27566
15833,27586
15833,27606
15833,27626
15833,27646
15833,27666
15833,27686
15833,27706
15833,27726
15843,26986
15843,27006
15843,27026
15843,27046
15843,27066
15843,27086
15843,27106
15843,27126
15843,27146
15843,27166
15843,27186
15843,27206
15843,27226
15843,27246
15843,27266
15843,27286
15843,27306
15843,27326
15843,27346
15843,27366
15843,27386
15843,27406
15843,27426
15843,27446
15843,27466
15843,27486
15843,27506
15843,27526
15843,27546
15843,27566
15843,27586
15843,27606
15843,27626
15843,27646
15843,27666
15843,27686
15843,27706
15843,27726
15853,26986
15853,27006
15853,27026
15853,27046
15853,27066
15853,27086
15853,27106
15853,27126
15853,27146
15853,27166
15853,27186
15853,27206
15853,27226
15853,27246
15853,27266
15853,27286
15853,27306
15853,27326
15853,27346
15853,27366
15853,27386
15853,27406
15853,27426
15853,27446
15853,27466
15853,27486
15853,27506
15853,27526
15853,27546
15853,27566
15853,27586
15853,27606
15853,27626
15853,27646
15853,27666
15853,27686
15853,27706
15853,27726
15863,26986
15863,27006
15863,27026
15863,27046
15863,27066
15863,27086
15863,27106
15863,27126
15863,27146
15863,27166
15863,27186
15863,27206
15863,27226
15863,27246
15863,27266
15863,27286
15863,27306
15863,27326
15863,27346
15863,27366
15863,27386
15863,27406
15863,27426
15863,27446
15863,27466
15863,27486
15863,27506
15863,27526
15863,27546
15863,27566
15863,27586
15863,27606
15863,27626
15863,27646
15863,27666
15863,27686
15863,27706
15863,27726
15873,26986
15873,27006
15873,27026
15873,27046
15873,27066
15873,27086
15873,27106
15873,27126
15873,27146
15873,27166
15873,27186
15873,27206
15873,27226
15873,27246
15873,27266
15873,27286
15873,27306
15873,27326
15873,27346
15873,27366
15873,27386
15873,27406
15873,27426
15873,27446
15873,27466
15873,27486
15873,27506
15873,27526
15873,27546
15873,27566
15873,27586
15873,27606
15873,27626
15873,27646
15873,27666
15873,27686
15873,27706
15873,27726
15883,26986
15883,27006
15883,27026
15883,27046
15883,27066
15883,27086
15883,27106
15883,27126
15883,27146
15883,27166
15883,27186
15883,27206
15883,27226
15883,27246
15883,27266
15883,27286
15883,27306
15883,27326
15883,27346
15883,27366
15883,27386
15883,27406
15883,27426
15883,27446
15883,27466
15883,27486
15883,27506
15883,27526
15883,27546
15883,27566
15883,27586
15883,27606
15883,27626
15883,27646
15883,27666
15883,27686
15883,27706
15883,27726
15893,26986
15893,27006
15893,27026
15893,27046
15893,27066
15893,27086
15893,27106
15893,27126
15893,27146
15893,27166
15893,27186
15893,27206
15893,27226
15893,27246
15893,27266
15893,27286
15893,27306
15893,27326
15893,27346
15893,27366
15893,27386
15893,27406
15893,27426
15893,27446
15893,27466
15893,27486
15893,27506
15893,27526
15893,27546
15893,27566
15893,27586
15893,27606
15893,27626
15893,27646
15893,27666
15893,27686
15893,27706
15893,27726
15903,26986
15903,27006
15903,27026
15903,27046
15903,27066
15903,27086
15903,27106
15903,27126
15903,27146
15903,27166
15903,27186
15903,27206
15903,27226
15903,27246
15903,27266
15903,27286
15903,27306
15903,27326
15903,27346
15903,27366
15903,27386
15903,27406
15903,27426
15903,27446
15903,27466
15903,27486
15903,27506
15903,27526
15903,27546
15903,27566
15903,27586
15903,27606
15903,27626
15903,27646
15903,27666
15903,27686
15903,27706
15903,27726
15913,26986
15913,27006
15913,27026
15913,27046
15913,27066
15913,27086
15913,27106
15913,27126
15913,27146
15913,27166
15913,27186
15913,27206
15913,27226
15913,27246
15913,27266
15913,27286
15913,27306
15913,27326
15913,27346
15913,27366
15913,27386
15913,27406
15913,27426
15913,27446
15913,27466
15913,27486
15913,27506
15913,27526
15913,27546
15913,27566
15913,27586
15913,27606
15913,27626
15913,27646
15913,27666
15913,27686
15913,27706
15913,27726
15923,26986
15923,27006
15923,27026
15923,27046
15923,27066
15923,27086
15923,27106
15923,27126
15923,27146
15923,27166
15923,27186
15923,27206
15923,27226
15923,27246
15923,27266
15923,27286
15923,27306
15923,27326
15923,27346
15923,27366
15923,27386
15923,27406
15923,27426
15923,27446
15923,27466
15923,27486
15923,27506
15923,27526
15923,27546
15923,27566
15923,27586
15923,27606
15923,27626
15923,27646
15923,27666
15923,27686
15923,27706
15923,27726
15933,26986
15933,27006
15933,27026
15933,27046
15933,27066
15933,27086
15933,27106
15933,27126
15933,27146
15933,27166
15933,27186
15933,27206
15933,27226
15933,27246
15933,27266
15933,27286
15933,27306
15933,27326
15933,27346
15933,27366
15933,27386
15933,27406
15933,27426
15933,27446
15933,27466
15933,27486
15933,27506
15933,27526
15933,27546
15933,27566
15933,27586
15933,27606
15933,27626
15933,27646
15933,27666
15933,27686
15933,27706
15933,27726
15943,26986
15943,27006
15943,27026
15943,27046
15943,27066
15943,27086
15943,27106
15943,27126
15943,27146
15943,27166
15943,27186
15943,27206
15943,27226
15943,27246
15943,27266
15943,27286
15943,27306
15943,27326
15943,27346
15943,27366
15943,27386
15943,27406
15943,27426
15943,27446
15943,27466
15943,27486
15943,27506
15943,27526
15943,27546
15943,27566
15943,27586
15943,27606
15943,27626
15943,27646
15943,27666
15943,27686
15943,27706
15943,27726
15953,26986
15953,27006
15953,27026
15953,27046
15953,27066
15953,27086
15953,27106
15953,27126
15953,27146
15953,27166
15953,27186
15953,27206
15953,27226
15953,27246
15953,27266
15953,27286
15953,27306
15953,27326
15953,27346
15953,27366
15953,27386
15953,27406
15953,27426
15953,27446
15953,27466
15953,27486
15953,27506
15953,27526
15953,27546
15953,27566
15953,27586
15953,27606
15953,27626
15953,27646
15953,27666
15953,27686
15953,27706
15953,27726
15963,26986
15963,27006
15963,27026
15963,27046
15963,27066
15963,27086
15963,27106
15963,27126
15963,27146
15963,27166
15963,27186
15963,27206
15963,27226
15963,27246
15963,27266
15963,27286
15963,27306
15963,27326
15963,27346
15963,27366
15963,27386
15963,27406
15963,27426
15963,27446
15963,27466
15963,27486
15963,27506
15963,27526
15963,27546
15963,27566
15963,27586
15963,27606
15963,27626
15963,27646
15963,27666
15963,27686
15963,27706
15963,27726
15973,26986
15973,27006
15973,27026
15973,27046
15973,27066
15973,27086
15973,27106
15973,27126
15973,27146
15973,27166
15973,27186
15973,27206
15973,27226
15973,27246
15973,27266
15973,27286
15973,27306
15973,27326
15973,27346
15973,27366
15973,27386
15973,27406
15973,27426
15973,27446
15973,27466
15973,27486
15973,27506
15973,27526
15973,27546
15973,27566
15973,27586
15973,27606
15973,27626
15973,27646
15973,27666
15973,27686
15973,27706
15973,27726
15983,26986
15983,27006
15983,27026
15983,27046
15983,27066
15983,27086
15983,27106
15983,27126
15983,27146
15983,27166
15983,27186
15983,27206
15983,27226
15983,27246
15983,27266
15983,27286
15983,27306
15983,27326
15983,27346
15983,27366
15983,27386
15983,27406
15983,27426
15983,27446
15983,27466
15983,27486
15983,27506
15983,27526
15983,27546
15983,27566
15983,27586
15983,27606
15983,27626
15983,27646
15983,27666
15983,27686
15983,27706
15983,27726
15993,26986
15993,27006
15993,27026
15993,27046
15993,27066
15993,27086
15993,27106
15993,27126
15993,27146
15993,27166
15993,27186
15993,27206
15993,27226
15993,27246
15993,27266
15993,27286
15993,27306
15993,27326
15993,27346
15993,27366
15993,27386
15993,27406
15993,27426
15993,27446
15993,27466
15993,27486
15993,27506
15993,27526
15993,27546
15993,27566
15993,27586
15993,27606
15993,27626
15993,27646
15993,27666
15993,27686
15993,27706
15993,27726
16003,26986
16003,27006
16003,27026
16003,27046
16003,27066
16003,27086
16003,27106
16003,27126
16003,27146
16003,27166
16003,27186
16003,27206
16003,27226
16003,27246
16003,27266
16003,27286
16003,27306
16003,27326
16003,27346
16003,27366
16003,27386
16003,27406
16003,27426
16003,27446
16003,27466
16003,27486
16003,27506
16003,27526
16003,27546
16003,27566
16003,27586
16003,27606
16003,27626
16003,27646
16003,27666
16003,27686
16003,27706
16003,27726
16013,26986
16013,27006
16013,27026
16013,27046
16013,27066
16013,27086
16013,27106
16013,27126
16013,27146
16013,27166
16013,27186
16013,27206
16013,27226
16013,27246
16013,27266
16013,27286
16013,27306
16013,27326
16013,27346
16013,27366
16013,27386
16013,27406
16013,27426
16013,27446
16013,27466
16013,27486
16013,27506
16013,27526
16013,27546
16013,27566
16013,27586
16013,27606
16013,27626
16013,27646
16013,27666
16013,27686
16013,27706
16013,27726
16023,26986
16023,27006
16023,27026
16023,27046
16023,27066
16023,27086
16023,27106
16023,27126
16023,27146
16023,27166
16023,27186
16023,27206
16023,27226
16023,27246
16023,27266
16023,27286
16023,27306
16023,27326
16023,27346
16023,27366
16023,27386
16023,27406
16023,27426
16023,27446
16023,27466
16023,27486
16023,27506
16023,27526
16023,27546
16023,27566
16023,27586
16023,27606
16023,27626
16023,27646
16023,27666
16023,27686
16023,27706
16023,27726
16033,26986
16033,27006
16033,27026
16033,27046
16033,27066
16033,27086
16033,27106
16033,27126
16033,27146
16033,27166
16033,27186
16033,27206
16033,27226
16033,27246
16033,27266
16033,27286
16033,27306
16033,27326
16033,27346
16033,27366
16033,27386
16033,27406
16033,27426
16033,27446
16033,27466
16033,27486
16033,27506
16033,27526
16033,27546
16033,27566
16033,27586
16033,27606
16033,27626
16033,27646
16033,27666
16033,27686
16033,27706
16033,27726
16043,26986
16043,27006
16043,27026
16043,27046
16043,27066
16043,27086
16043,27106
16043,27126
16043,27146
16043,27166
16043,27186
16043,27206
16043,27226
16043,27246
16043,27266
16043,27286
16043,27306
16043,27326
16043,27346
16043,27366
16043,27386
16043,27406
16043,27426
16043,27446
16043,27466
16043,27486
16043,27506
16043,27526
16043,27546
16043,27566
16043,27586
16043,27606
16043,27626
16043,27646
16043,27666
16043,27686
16043,27706
16043,27726
16053,26986
16053,27006
16053,27026
16053,27046
16053,27066
16053,27086
16053,27106
16053,27126
16053,27146
16053,27166
16053,27186
16053,27206
16053,27226
16053,27246
16053,27266
16053,27286
16053,27306
16053,27326
16053,27346
16053,27366
16053,27386
16053,27406
16053,27426
16053,27446
16053,27466
16053,27486
16053,27506
16053,27526
16053,27546
16053,27566
16053,27586
16053,27606
16053,27626
16053,27646
16053,27666
16053,27686
16053,27706
16053,27726
16063,26986
16063,27006
16063,27026
16063,27046
16063,27066
16063,27086
16063,27106
16063,27126
16063,27146
16063,27166
16063,27186
16063,27206
16063,27226
16063,27246
16063,27266
16063,27286
16063,27306
16063,27326
16063,27346
16063,27366
16063,27386
16063,27406
16063,27426
16063,27446
16063,27466
16063,27486
16063,27506
16063,27526
16063,27546
16063,27566
16063,27586
16063,27606
16063,27626
16063,27646
16063,27666
16063,27686
16063,27706
16063,27726
16073,26986
16073,27006
16073,27026
16073,27046
16073,27066
16073,27086
16073,27106
16073,27126
16073,27146
16073,27166
16073,27186
16073,27206
16073,27226
16073,27246
16073,27266
16073,27286
16073,27306
16073,27326
16073,27346
16073,27366
16073,27386
16073,27406
16073,27426
16073,27446
16073,27466
16073,27486
16073,27506
16073,27526
16073,27546
16073,27566
16073,27586
16073,27606
16073,27626
16073,27646
16073,27666
16073,27686
16073,27706
16073,27726
16083,26986
16083,27006
16083,27026
16083,27046
16083,27066
16083,27086
16083,27106
16083,27126
16083,27146
16083,27166
16083,27186
16083,27206
16083,27226
16083,27246
16083,27266
16083,27286
16083,27306
16083,27326
16083,27346
16083,27366
16083,27386
16083,27406
16083,27426
16083,27446
16083,27466
16083,27486
16083,27506
16083,27526
16083,27546
16083,27566
16083,27586
16083,27606
16083,27626
16083,27646
16083,27666
16083,27686
16083,27706
16083,27726
16093,26986
16093,27006
16093,27026
16093,27046
16093,27066
16093,27086
16093,27106
16093,27126
16093,27146
16093,27166
16093,27186
16093,27206
16093,27226
16093,27246
16093,27266
16093,27286
16093,27306
16093,27326
16093,27346
16093,27366
16093,27386
16093,27406
16093,27426
16093,27446
16093,27466
16093,27486
16093,27506
16093,27526
16093,27546
16093,27566
16093,27586
16093,27606
16093,27626
16093,27646
16093,27666
16093,27686
16093,27706
16093,27726
16103,26986
16103,27006
16103,27026
16103,27046
16103,27066
16103,27086
16103,27106
16103,27126
16103,27146
16103,27166
16103,27186
16103,27206
16103,27226
16103,27246
16103,27266
16103,27286
16103,27306
16103,27326
16103,27346
16103,27366
16103,27386
16103,27406
16103,27426
16103,27446
16103,27466
16103,27486
16103,27506
16103,27526
16103,27546
16103,27566
16103,27586
16103,27606
16103,27626
16103,27646
16103,27666
16103,27686
16103,27706
16103,27726
16113,26986
16113,27006
16113,27026
16113,27046
16113,27066
16113,27086
16113,27106
16113,27126
16113,27146
16113,27166
16113,27186
16113,27206
16113,27226
16113,27246
16113,27266
16113,27286
16113,27306
16113,27326
16113,27346
16113,27366
16113,27386
16113,27406
16113,27426
16113,27446
16113,27466
16113,27486
16113,27506
16113,27526
16113,27546
16113,27566
16113,27586
16113,27606
16113,27626
16113,27646
16113,27666
16113,27686
16113,27706
16113,27726
16123,26986
16123,27006
16123,27026
16123,27046
16123,27066
16123,27086
16123,27106
16123,27126
16123,27146
16123,27166
16123,27186
16123,27206
16123,27226
16123,27246
16123,27266
16123,27286
16123,27306
16123,27326
16123,27346
16123,27366
16123,27386
16123,27406
16123,27426
16123,27446
16123,27466
16123,27486
16123,27506
16123,27526
16123,27546
16123,27566
16123,27586
16123,27606
16123,27626
16123,27646
16123,27666
16123,27686
16123,27706
16123,27726
16133,26986
16133,27006
16133,27026
16133,27046
16133,27066
16133,27086
16133,27106
16133,27126
16133,27146
16133,27166
16133,27186
16133,27206
16133,27226
16133,27246
16133,27266
16133,27286
16133,27306
16133,27326
16133,27346
16133,27366
16133,27386
16133,27406
16133,27426
16133,27446
16133,27466
16133,27486
16133,27506
16133,27526
16133,27546
16133,27566
16133,27586
16133,27606
16133,27626
16133,27646
16133,27666
16133,27686
16133,27706
16133,27726
16143,26986
16143,27006
16143,27026
16143,27046
16143,27066
16143,27086
16143,27106
16143,27126
16143,27146
16143,27166
16143,27186
16143,27206
16143,27226
16143,27246
16143,27266
16143,27286
16143,27306
16143,27326
16143,27346
16143,27366
16143,27386
16143,27406
16143,27426
16143,27446
16143,27466
16143,27486
16143,27506
16143,27526
16143,27546
16143,27566
16143,27586
16143,27606
16143,27626
16143,27646
16143,27666
16143,27686
16143,27706
16143,27726
16153,26986
16153,27006
16153,27026
16153,27046
16153,27066
16153,27086
16153,27106
16153,27126
16153,27146
16153,27166
16153,27186
16153,27206
16153,27226
16153,27246
16153,27266
16153,27286
16153,27306
16153,27326
16153,27346
16153,27366
16153,27386
16153,27406
16153,27426
16153,27446
16153,27466
16153,27486
16153,27506
16153,27526
16153,27546
16153,27566
16153,27586
16153,27606
16153,27626
16153,27646
16153,27666
16153,27686
16153,27706
16153,27726
16163,26986
16163,27006
16163,27026
16163,27046
16163,27066
16163,27086
16163,27106
16163,27126
16163,27146
16163,27166
16163,27186
16163,27206
16163,27226
16163,27246
16163,27266
16163,27286
16163,27306
16163,27326
16163,27346
16163,27366
16163,27386
16163,27406
16163,27426
16163,27446
16163,27466
16163,27486
16163,27506
16163,27526
16163,27546
16163,27566
16163,27586
16163,27606
16163,27626
16163,27646
16163,27666
16163,27686
16163,27706
16163,27726
16173,26986
16173,27006
16173,27026
16173,27046
16173,27066
16173,27086
16173,27106
16173,27126
16173,27146
16173,27166
16173,27186
16173,27206
16173,27226
16173,27246
16173,27266
16173,27286
16173,27306
16173,27326
16173,27346
16173,27366
16173,27386
16173,27406
16173,27426
16173,27446
16173,27466
16173,27486
16173,27506
16173,27526
16173,27546
16173,27566
16173,27586
16173,27606
16173,27626
16173,27646
16173,27666
16173,27686
16173,27706
16173,27726
16183,26986
16183,27006
16183,27026
16183,27046
16183,27066
16183,27086
16183,27106
16183,27126
16183,27146
16183,27166
16183,27186
16183,27206
16183,27226
16183,27246
16183,27266
16183,27286
16183,27306
16183,27326
16183,27346
16183,27366
16183,27386
16183,27406
16183,27426
16183,27446
16183,27466
16183,27486
16183,27506
16183,27526
16183,27546
16183,27566
16183,27586
16183,27606
16183,27626
16183,27646
16183,27666
16183,27686
16183,27706
16183,27726
16193,26986
16193,27006
16193,27026
16193,27046
16193,27066
16193,27086
16193,27106
16193,27126
16193,27146
16193,27166
16193,27186
16193,27206
16193,27226
16193,27246
16193,27266
16193,27286
16193,27306
16193,27326
16193,27346
16193,27366
16193,27386
16193,27406
16193,27426
16193,27446
16193,27466
16193,27486
16193,27506
16193,27526
16193,27546
16193,27566
16193,27586
16193,27606
16193,27626
16193,27646
16193,27666
16193,27686
16193,27706
16193,27726
16203,26986
16203,27006
16203,27026
16203,27046
16203,27066
16203,27086
16203,27106
16203,27126
16203,27146
16203,27166
16203,27186
16203,27206
16203,27226
16203,27246
16203,27266
16203,27286
16203,27306
16203,27326
16203,27346
16203,27366
16203,27386
16203,27406
16203,27426
16203,27446
16203,27466
16203,27486
16203,27506
16203,27526
16203,27546
16203,27566
16203,27586
16203,27606
16203,27626
16203,27646
16203,27666
16203,27686
16203,27706
16203,27726
16213,26986
16213,27006
16213,27026
16213,27046
16213,27066
16213,27086
16213,27106
16213,27126
16213,27146
16213,27166
16213,27186
16213,27206
16213,27226
16213,27246
16213,27266
16213,27286
16213,27306
16213,27326
16213,27346
16213,27366
16213,27386
16213,27406
16213,27426
16213,27446
16213,27466
16213,27486
16213,27506
16213,27526
16213,27546
16213,27566
16213,27586
16213,27606
16213,27626
16213,27646
16213,27666
16213,27686
16213,27706
16213,27726
16223,26986
16223,27006
16223,27026
16223,27046
16223,27066
16223,27086
16223,27106
16223,27126
16223,27146
16223,27166
16223,27186
16223,27206
16223,27226
16223,27246
16223,27266
16223,27286
16223,27306
16223,27326
16223,27346
16223,27366
16223,27386
16223,27406
16223,27426
16223,27446
16223,27466
16223,27486
16223,27506
16223,27526
16223,27546
16223,27566
16223,27586
16223,27606
16223,27626
16223,27646
16223,27666
16223,27686
16223,27706
16223,27726
16233,26986
16233,27006
16233,27026
16233,27046
16233,27066
16233,27086
16233,27106
16233,27126
16233,27146
16233,27166
16233,27186
16233,27206
16233,27226
16233,27246
16233,27266
16233,27286
16233,27306
16233,27326
16233,27346
16233,27366
16233,27386
16233,27406
16233,27426
16233,27446
16233,27466
16233,27486
16233,27506
16233,27526
16233,27546
16233,27566
16233,27586
16233,27606
16233,27626
16233,27646
16233,27666
16233,27686
16233,27706
16233,27726
16243,26986
16243,27006
16243,27026
16243,27046
16243,27066
16243,27086
16243,27106
16243,27126
16243,27146
16243,27166
16243,27186
16243,27206
16243,27226
16243,27246
16243,27266
16243,27286
16243,27306
16243,27326
16243,27346
16243,27366
16243,27386
16243,27406
16243,27426
16243,27446
16243,27466
16243,27486
16243,27506
16243,27526
16243,27546
16243,27566
16243,27586
16243,27606
16243,27626
16243,27646
16243,27666
16243,27686
16243,27706
16243,27726
16253,26986
16253,27006
16253,27026
16253,27046
16253,27066
16253,27086
16253,27106
16253,27126
16253,27146
16253,27166
16253,27186
16253,27206
16253,27226
16253,27246
16253,27266
16253,27286
16253,27306
16253,27326
16253,27346
16253,27366
16253,27386
16253,27406
16253,27426
16253,27446
16253,27466
16253,27486
16253,27506
16253,27526
16253,27546
16253,27566
16253,27586
16253,27606
16253,27626
16253,27646
16253,27666
16253,27686
16253,27706
16253,27726
16263,26986
16263,27006
16263,27026
16263,27046
16263,27066
16263,27086
16263,27106
16263,27126
16263,27146
16263,27166
16263,27186
16263,27206
16263,27226
16263,27246
16263,27266
16263,27286
16263,27306
16263,27326
16263,27346
16263,27366
16263,27386
16263,27406
16263,27426
16263,27446
16263,27466
16263,27486
16263,27506
16263,27526
16263,27546
16263,27566
16263,27586
16263,27606
16263,27626
16263,27646
16263,27666
16263,27686
16263,27706
16263,27726
16273,26986
16273,27006
16273,27026
16273,27046
16273,27066
16273,27086
16273,27106
16273,27126
16273,27146
16273,27166
16273,27186
16273,27206
16273,27226
16273,27246
16273,27266
16273,27286
16273,27306
16273,27326
16273,27346
16273,27366
16273,27386
16273,27406
16273,27426
16273,27446
16273,27466
16273,27486
16273,27506
16273,27526
16273,27546
16273,27566
16273,27586
16273,27606
16273,27626
16273,27646
16273,27666
16273,27686
16273,27706
16273,27726
16283,26986
16283,27006
16283,27026
16283,27046
16283,27066
16283,27086
16283,27106
16283,27126
16283,27146
16283,27166
16283,27186
16283,27206
16283,27226
16283,27246
16283,27266
16283,27286
16283,27306
16283,27326
16283,27346
16283,27366
16283,27386
16283,27406
16283,27426
16283,27446
16283,27466
16283,27486
16283,27506
16283,27526
16283,27546
16283,27566
16283,27586
16283,27606
16283,27626
16283,27646
16283,27666
16283,27686
16283,27706
16283,27726
16293,26986
16293,27006
16293,27026
16293,27046
16293,27066
16293,27086
16293,27106
16293,27126
16293,27146
16293,27166
16293,27186
16293,27206
16293,27226
16293,27246
16293,27266
16293,27286
16293,27306
16293,27326
16293,27346
16293,27366
16293,27386
16293,27406
16293,27426
16293,27446
16293,27466
16293,27486
16293,27506
16293,27526
16293,27546
16293,27566
16293,27586
16293,27606
16293,27626
16293,27646
16293,27666
16293,27686
16293,27706
16293,27726
16303,26986
16303,27006
16303,27026
16303,27046
16303,27066
16303,27086
16303,27106
16303,27126
16303,27146
16303,27166
16303,27186
16303,27206
16303,27226
16303,27246
16303,27266
16303,27286
16303,27306
16303,27326
16303,27346
16303,27366
16303,27386
16303,27406
16303,27426
16303,27446
16303,27466
16303,27486
16303,27506
16303,27526
16303,27546
16303,27566
16303,27586
16303,27606
16303,27626
16303,27646
16303,27666
16303,27686
16303,27706
16303,27726
16313,26986
16313,27006
16313,27026
16313,27046
16313,27066
16313,27086
16313,27106
16313,27126
16313,27146
16313,27166
16313,27186
16313,27206
16313,27226
16313,27246
16313,27266
16313,27286
16313,27306
16313,27326
16313,27346
16313,27366
16313,27386
16313,27406
16313,27426
16313,27446
16313,27466
16313,27486
16313,27506
16313,27526
16313,27546
16313,27566
16313,27586
16313,27606
16313,27626
16313,27646
16313,27666
16313,27686
16313,27706
16313,27726
16323,26986
16323,27006
16323,27026
16323,27046
16323,27066
16323,27086
16323,27106
16323,27126
16323,27146
16323,27166
16323,27186
16323,27206
16323,27226
16323,27246
16323,27266
16323,27286
16323,27306
16323,27326
16323,27346
16323,27366
16323,27386
16323,27406
16323,27426
16323,27446
16323,27466
16323,27486
16323,27506
16323,27526
16323,27546
16323,27566
16323,27586
16323,27606
16323,27626
16323,27646
16323,27666
16323,27686
16323,27706
16323,27726
16333,26986
16333,27006
16333,27026
16333,27046
16333,27066
16333,27086
16333,27106
16333,27126
16333,27146
16333,27166
16333,27186
16333,27206
16333,27226
16333,27246
16333,27266
16333,27286
16333,27306
16333,27326
16333,27346
16333,27366
16333,27386
16333,27406
16333,27426
16333,27446
16333,27466
16333,27486
16333,27506
16333,27526
16333,27546
16333,27566
16333,27586
16333,27606
16333,27626
16333,27646
16333,27666
16333,27686
16333,27706
16333,27726
16343,26986
16343,27006
16343,27026
16343,27046
16343,27066
16343,27086
16343,27106
16343,27126
16343,27146
16343,27166
16343,27186
16343,27206
16343,27226
16343,27246
16343,27266
16343,27286
16343,27306
16343,27326
16343,27346
16343,27366
16343,27386
16343,27406
16343,27426
16343,27446
16343,27466
16343,27486
16343,27506
16343,27526
16343,27546
16343,27566
16343,27586
16343,27606
16343,27626
16343,27646
16343,27666
16343,27686
16343,27706
16343,27726
16353,26986
16353,27006
16353,27026
16353,27046
16353,27066
16353,27086
16353,27106
16353,27126
16353,27146
16353,27166
16353,27186
16353,27206
16353,27226
16353,27246
16353,27266
16353,27286
16353,27306
16353,27326
16353,27346
16353,27366
16353,27386
16353,27406
16353,27426
16353,27446
16353,27466
16353,27486
16353,27506
16353,27526
16353,27546
16353,27566
16353,27586
16353,27606
16353,27626
16353,27646
16353,27666
16353,27686
16353,27706
16353,27726
16363,26986
16363,27006
16363,27026
16363,27046
16363,27066
16363,27086
16363,27106
16363,27126
16363,27146
16363,27166
16363,27186
16363,27206
16363,27226
16363,27246
16363,27266
16363,27286
16363,27306
16363,27326
16363,27346
16363,27366
16363,27386
16363,27406
16363,27426
16363,27446
16363,27466
16363,27486
16363,27506
16363,27526
16363,27546
16363,27566
16363,27586
16363,27606
16363,27626
16363,27646
16363,27666
16363,27686
16363,27706
16363,27726
16373,26986
16373,27006
16373,27026
16373,27046
16373,27066
16373,27086
16373,27106
16373,27126
16373,27146
16373,27166
16373,27186
16373,27206
16373,27226
16373,27246
16373,27266
16373,27286
16373,27306
16373,27326
16373,27346
16373,27366
16373,27386
16373,27406
16373,27426
16373,27446
16373,27466
16373,27486
16373,27506
16373,27526
16373,27546
16373,27566
16373,27586
16373,27606
16373,27626
16373,27646
16373,27666
16373,27686
16373,27706
16373,27726
16383,26986
16383,27006
16383,27026
16383,27046
16383,27066
16383,27086
16383,27106
16383,27126
16383,27146
16383,27166
16383,27186
16383,27206
16383,27226
16383,27246
16383,27266
16383,27286
16383,27306
16383,27326
16383,27346
16383,27366
16383,27386
16383,27406
16383,27426
16383,27446
16383,27466
16383,27486
16383,27506
16383,27526
16383,27546
16383,27566
16383,27586
16383,27606
16383,27626
16383,27646
16383,27666
16383,27686
16383,27706
16383,27726
16393,26986
16393,27006
16393,27026
16393,27046
16393,27066
16393,27086
16393,27106
16393,27126
16393,27146
16393,27166
16393,27186
16393,27206
16393,27226
16393,27246
16393,27266
16393,27286
16393,27306
16393,27326
16393,27346
16393,27366
16393,27386
16393,27406
16393,27426
16393,27446
16393,27466
16393,27486
16393,27506
16393,27526
16393,27546
16393,27566
16393,27586
16393,27606
16393,27626
16393,27646
16393,27666
16393,27686
16393,27706
16393,27726
16403,26986
16403,27006
16403,27026
16403,27046
16403,27066
16403,27086
16403,27106
16403,27126
16403,27146
16403,27166
16403,27186
16403,27206
16403,27226
16403,27246
16403,27266
16403,27286
16403,27306
16403,27326
16403,27346
16403,27366
16403,27386
16403,27406
16403,27426
16403,27446
16403,27466
16403,27486
16403,27506
16403,27526
16403,27546
16403,27566
16403,27586
16403,27606
16403,27626
16403,27646
16403,27666
16403,27686
16403,27706
16403,27726
16413,26986
16413,27006
16413,27026
16413,27046
16413,27066
16413,27086
16413,27106
16413,27126
16413,27146
16413,27166
16413,27186
16413,27206
16413,27226
16413,27246
16413,27266
16413,27286
16413,27306
16413,27326
16413,27346
16413,27366
16413,27386
16413,27406
16413,27426
16413,27446
16413,27466
16413,27486
16413,27506
16413,27526
16413,27546
16413,27566
16413,27586
16413,27606
16413,27626
16413,27646
16413,27666
16413,27686
16413,27706
16413,27726
16423,26986
16423,27006
16423,27026
16423,27046
16423,27066
16423,27086
16423,27106
16423,27126
16423,27146
16423,27166
16423,27186
16423,27206
16423,27226
16423,27246
16423,27266
16423,27286
16423,27306
16423,27326
16423,27346
16423,27366
16423,27386
16423,27406
16423,27426
16423,27446
16423,27466
16423,27486
16423,27506
16423,27526
16423,27546
16423,27566
16423,27586
16423,27606
16423,27626
16423,27646
16423,27666
16423,27686
16423,27706
16423,27726
16433,26986
16433,27006
16433,27026
16433,27046
16433,27066
16433,27086
16433,27106
16433,27126
16433,27146
16433,27166
16433,27186
16433,27206
16433,27226
16433,27246
16433,27266
16433,27286
16433,27306
16433,27326
16433,27346
16433,27366
16433,27386
16433,27406
16433,27426
16433,27446
16433,27466
16433,27486
16433,27506
16433,27526
16433,27546
16433,27566
16433,27586
16433,27606
16433,27626
16433,27646
16433,27666
16433,27686
16433,27706
16433,27726
16443,26986
16443,27006
16443,27026
16443,27046
16443,27066
16443,27086
16443,27106
16443,27126
16443,27146
16443,27166
16443,27186
16443,27206
16443,27226
16443,27246
16443,27266
16443,27286
16443,27306
16443,27326
16443,27346
16443,27366
16443,27386
16443,27406
16443,27426
16443,27446
16443,27466
16443,27486
16443,27506
16443,27526
16443,27546
16443,27566
16443,27586
16443,27606
16443,27626
16443,27646
16443,27666
16443,27686
16443,27706
16443,27726
16453,26986
16453,27006
16453,27026
16453,27046
16453,27066
16453,27086
16453,27106
16453,27126
16453,27146
16453,27166
16453,27186
16453,27206
16453,27226
16453,27246
16453,27266
16453,27286
16453,27306
16453,27326
16453,27346
16453,27366
16453,27386
16453,27406
16453,27426
16453,27446
16453,27466
16453,27486
16453,27506
16453,27526
16453,27546
16453,27566
16453,27586
16453,27606
16453,27626
16453,27646
16453,27666
16453,27686
16453,27706
16453,27726
16463,26986
16463,27006
16463,27026
16463,27046
16463,27066
16463,27086
16463,27106
16463,27126
16463,27146
16463,27166
16463,27186
16463,27206
16463,27226
16463,27246
16463,27266
16463,27286
16463,27306
16463,27326
16463,27346
16463,27366
16463,27386
16463,27406
16463,27426
16463,27446
16463,27466
16463,27486
16463,27506
16463,27526
16463,27546
16463,27566
16463,27586
16463,27606
16463,27626
16463,27646
16463,27666
16463,27686
16463,27706
16463,27726
16473,26986
16473,27006
16473,27026
16473,27046
16473,27066
16473,27086
16473,27106
16473,27126
16473,27146
16473,27166
16473,27186
16473,27206
16473,27226
16473,27246
16473,27266
16473,27286
16473,27306
16473,27326
16473,27346
16473,27366
16473,27386
16473,27406
16473,27426
16473,27446
16473,27466
16473,27486
16473,27506
16473,27526
16473,27546
16473,27566
16473,27586
16473,27606
16473,27626
16473,27646
16473,27666
16473,27686
16473,27706
16473,27726
16483,26986
16483,27006
16483,27026
16483,27046
16483,27066
16483,27086
16483,27106
16483,27126
16483,27146
16483,27166
16483,27186
16483,27206
16483,27226
16483,27246
16483,27266
16483,27286
16483,27306
16483,27326
16483,27346
16483,27366
16483,27386
16483,27406
16483,27426
16483,27446
16483,27466
16483,27486
16483,27506
16483,27526
16483,27546
16483,27566
16483,27586
16483,27606
16483,27626
16483,27646
16483,27666
16483,27686
16483,27706
16483,27726
16493,26986
16493,27006
16493,27026
16493,27046
16493,27066
16493,27086
16493,27106
16493,27126
16493,27146
16493,27166
16493,27186
16493,27206
16493,27226
16493,27246
16493,27266
16493,27286
16493,27306
16493,27326
16493,27346
16493,27366
16493,27386
16493,27406
16493,27426
16493,27446
16493,27466
16493,27486
16493,27506
16493,27526
16493,27546
16493,27566
16493,27586
16493,27606
16493,27626
16493,27646
16493,27666
16493,27686
16493,27706
16493,27726
16503,26986
16503,27006
16503,27026
16503,27046
16503,27066
16503,27086
16503,27106
16503,27126
16503,27146
16503,27166
16503,27186
16503,27206
16503,27226
16503,27246
16503,27266
16503,27286
16503,27306
16503,27326
16503,27346
16503,27366
16503,27386
16503,27406
16503,27426
16503,27446
16503,27466
16503,27486
16503,27506
16503,27526
16503,27546
16503,27566
16503,27586
16503,27606
16503,27626
16503,27646
16503,27666
16503,27686
16503,27706
16503,27726
16513,26986
16513,27006
16513,27026
16513,27046
16513,27066
16513,27086
16513,27106
16513,27126
16513,27146
16513,27166
16513,27186
16513,27206
16513,27226
16513,27246
16513,27266
16513,27286
16513,27306
16513,27326
16513,27346
16513,27366
16513,27386
16513,27406
16513,27426
16513,27446
16513,27466
16513,27486
16513,27506
16513,27526
16513,27546
16513,27566
16513,27586
16513,27606
16513,27626
16513,27646
16513,27666
16513,27686
16513,27706
16513,27726
16523,26986
16523,27006
16523,27026
16523,27046
16523,27066
16523,27086
16523,27106
16523,27126
16523,27146
16523,27166
16523,27186
16523,27206
16523,27226
16523,27246
16523,27266
16523,27286
16523,27306
16523,27326
16523,27346
16523,27366
16523,27386
16523,27406
16523,27426
16523,27446
16523,27466
16523,27486
16523,27506
16523,27526
16523,27546
16523,27566
16523,27586
16523,27606
16523,27626
16523,27646
16523,27666
16523,27686
16523,27706
16523,27726
16533,26986
16533,27006
16533,27026
16533,27046
16533,27066
16533,27086
16533,27106
16533,27126
16533,27146
16533,27166
16533,27186
16533,27206
16533,27226
16533,27246
16533,27266
16533,27286
16533,27306
16533,27326
16533,27346
16533,27366
16533,27386
16533,27406
16533,27426
16533,27446
16533,27466
16533,27486
16533,27506
16533,27526
16533,27546
16533,27566
16533,27586
16533,27606
16533,27626
16533,27646
16533,27666
16533,27686
16533,27706
16533,27726
16543,26986
16543,27006
16543,27026
16543,27046
16543,27066
16543,27086
16543,27106
16543,27126
16543,27146
16543,27166
16543,27186
16543,27206
16543,27226
16543,27246
16543,27266
16543,27286
16543,27306
16543,27326
16543,27346
16543,27366
16543,27386
16543,27406
16543,27426
16543,27446
16543,27466
16543,27486
16543,27506
16543,27526
16543,27546
16543,27566
16543,27586
16543,27606
16543,27626
16543,27646
16543,27666
16543,27686
16543,27706
16543,27726
16553,26986
16553,27006
16553,27026
16553,27046
16553,27066
16553,27086
16553,27106
16553,27126
16553,27146
16553,27166
16553,27186
16553,27206
16553,27226
16553,27246
16553,27266
16553,27286
16553,27306
16553,27326
16553,27346
16553,27366
16553,27386
16553,27406
16553,27426
16553,27446
16553,27466
16553,27486
16553,27506
16553,27526
16553,27546
16553,27566
16553,27586
16553,27606
16553,27626
16553,27646
16553,27666
16553,27686
16553,27706
16553,27726
16563,26986
16563,27006
16563,27026
16563,27046
16563,27066
16563,27086
16563,27106
16563,27126
16563,27146
16563,27166
16563,27186
16563,27206
16563,27226
16563,27246
16563,27266
16563,27286
16563,27306
16563,27326
16563,27346
16563,27366
16563,27386
16563,27406
16563,27426
16563,27446
16563,27466
16563,27486
16563,27506
16563,27526
16563,27546
16563,27566
16563,27586
16563,27606
16563,27626
16563,27646
16563,27666
16563,27686
16563,27706
16563,27726
16573,26986
16573,27006
16573,27026
16573,27046
16573,27066
16573,27086
16573,27106
16573,27126
16573,27146
16573,27166
16573,27186
16573,27206
16573,27226
16573,27246
16573,27266
16573,27286
16573,27306
16573,27326
16573,27346
16573,27366
16573,27386
16573,27406
16573,27426
16573,27446
16573,27466
16573,27486
16573,27506
16573,27526
16573,27546
16573,27566
16573,27586
16573,27606
16573,27626
16573,27646
16573,27666
16573,27686
16573,27706
16573,27726
16583,26986
16583,27006
16583,27026
16583,27046
16583,27066
16583,27086
16583,27106
16583,27126
16583,27146
16583,27166
16583,27186
16583,27206
16583,27226
16583,27246
16583,27266
16583,27286
16583,27306
16583,27326
16583,27346
16583,27366
16583,27386
16583,27406
16583,27426
16583,27446
16583,27466
16583,27486
16583,27506
16583,27526
16583,27546
16583,27566
16583,27586
16583,27606
16583,27626
16583,27646
16583,27666
16583,27686
16583,27706
16583,27726
16593,26986
16593,27006
16593,27026
16593,27046
16593,27066
16593,27086
16593,27106
16593,27126
16593,27146
16593,27166
16593,27186
16593,27206
16593,27226
16593,27246
16593,27266
16593,27286
16593,27306
16593,27326
16593,27346
16593,27366
16593,27386
16593,27406
16593,27426
16593,27446
16593,27466
16593,27486
16593,27506
16593,27526
16593,27546
16593,27566
16593,27586
16593,27606
16593,27626
16593,27646
16593,27666
16593,27686
16593,27706
16593,27726
16603,26986
16603,27006
16603,27026
16603,27046
16603,27066
16603,27086
16603,27106
16603,27126
16603,27146
16603,27166
16603,27186
16603,27206
16603,27226
16603,27246
16603,27266
16603,27286
16603,27306
16603,27326
16603,27346
16603,27366
16603,27386
16603,27406
16603,27426
16603,27446
16603,27466
16603,27486
16603,27506
16603,27526
16603,27546
16603,27566
16603,27586
16603,27606
16603,27626
16603,27646
16603,27666
16603,27686
16603,27706
16603,27726
