{
    "image_indices": [649,1631,2764,7717,11373],
    "pixel_locations": [
        [[976,467],[840,468],[467,460],[374,498],[1116,470]],
        [[506,560],[817,574],[536,381],[586,500],[851,473]],
        [[346,535],[469,534],[741,542],[956,557],[1063,433]],
        [[319,542],[394,567],[824,411],[424,467],[760,573]],
        [[462,437],[749,436],[347,454],[456,433],[471,405]]
    ],
    "locations": [
        [[41.90287800699522, 12.516064202300308],[41.90288100145884, 12.51608431886817],[41.90289547469767, 12.516135280840087],[41.90292641747308, 12.516123210899371],[41.90287201806758, 12.516045426836968]],
        [[41.90365097840385, 12.514413755884826],[41.90365702985057, 12.514438148062698],[41.903812854407164, 12.514308734007878],[41.90367669704975, 12.51440494759837],[41.90371199713326, 12.51442459685277]],
        [[41.902910936903005, 12.515905552047425],[41.90290594613258, 12.515909575360995],[41.90288797935584, 12.515918963092666],[41.90287600150185, 12.515925668615285],[41.90287699965644, 12.516065143485799]],
        [[41.90320713801202, 12.517653298886358],[41.90320015096574, 12.517646593363736],[41.90316521572284, 12.517781374368415],[41.903209134310835, 12.517708284171848],[41.903178191672424, 12.517646593363736]],
        [[41.90287097392008, 12.516045629285479],[41.90288045638873, 12.516083180212156],[41.90292736963406, 12.516124754452406],[41.90289592778196, 12.516134812736336],[41.902830548641674, 12.51617638697622]]
    ],
    "gps": [41.90586084061788, 12.482333839228321]
}