{
    "image_indices": [1969, 2977, 3808, 4006, 5490, 6609, 7876, 10802],
    "pixel_locations": [
        [[538,569], [383,566], [633,418], [542,418],[689,573]],
        [[874,513], [767,510], [468,507], [665,424], [960,476]],
        [[208,494], [456,436], [510,464], [581,461], [653,461]],
        [[762,451], [737,524], [853,528], [1104,539], [457,498]],
        [[1131,599],[977,599], [376,541], [947,604]],
        [[414,462], [558,467], [641,469], [840,408], [623,403]],
        [[873,441], [504,422], [616,454], [968,445], [300,559]],
        [[950,483], [1093,486], [559,527], [682, 528], [273, 532]]
    ],
    "locations": [
        [[41.90389214123585, 12.514674746627094], [41.903901124483575, 12.51467072331352], [41.903921087251796, 12.514816903706654], [41.90393456211681, 12.514811539288557],[41.903883657056284, 12.514678099388405]],
        [[41.904504069742245, 12.515375584918845], [41.904507177541305, 12.515385606588382], [41.904518780492104, 12.515415832247927], [41.904430015454544, 12.515443939585102], [41.904480735774854, 12.515372039414252]],
        [[41.90397064507775, 12.514690651008793], [41.90403951652672, 12.514656452843427], [41.90401905472717, 12.514688639352006], [41.904022548206605, 12.514699368188353], [41.90402604168484, 12.514710097024546]],
        [[41.90374550541819, 12.51418868092058], [41.90377644778168, 12.514289934312151], [41.90378493197549, 12.514285910998579], [41.903804395710004, 12.514271158848814], [41.90374949798207, 12.51428658155084]],
        [[41.9033625266482, 12.51277954108434],[41.903358034986596, 12.512782893845651],[41.903312120205484, 12.512778199979815],[41.903353044251126, 12.512787587713238]],
        [[41.90136316715444, 12.51367937533834],[41.901354183549635, 12.513662611531789],[41.90135118901443, 12.51365054159107],[41.901237895660834, 12.51365925877007],[41.90125187018211, 12.513711561846513]],
        [[41.9029210092338, 12.516334963437528],[41.90293198892562, 12.516262543793223],[41.90287858767946, 12.516298753615375],[41.902926998156836, 12.516354409453127],[41.90279723803177, 12.516305459137996]],
        [[41.90292150831085, 12.516334292885265],[41.90292649908005, 12.516353738900868],[41.90287958583411, 12.516298083063113],[41.90288208122039, 12.516310823556095],[41.90287110151996, 12.516274613733941]]
    ],
    "gps": [41.90586084061788, 12.482333839228321]
}