{
    "image_indices": [5518,7842,10076],
    "pixel_locations": [
        [[827,488],[731,489],[639,487],[546,487]],
        [[1244,532],[632,443],[703,446],[762,449],[626,464]],
        [[789,545],[685,542],[527,538],[577,480],[670,482]]
    ],
    "locations": [
        [[41.807150565986134, 12.608635147720916],[41.80714356843832, 12.608641853243537],[41.80713707071462, 12.608651240975206],[41.807130572990275, 12.60865928760235]],
        [[41.80512254546615, 12.610735226595382],[41.805220841305214, 12.61076992847015],[41.805213943356506, 12.61077841115065],[41.80520762023623, 12.610786122678375],[41.80519497399375, 12.610733684289839]],
        [[41.80586450174415, 12.60697932974414],[41.80587149943172, 12.606969271460208],[41.80587749744901, 12.606961224833062],[41.80590198934713, 12.606994081893903],[41.805895491497495, 12.607002799073312]]
    ],
    "gps": [41.8003228771083, 12.600510972421665]
}