
{
    "image_indices": [1495, 5052, 9713, 17205],
    "pixel_locations": [
        [[322,557],[448,564],[424,490],[1118,525],[618,499]],
        [[909,524],[626,517],[564,518],[472,611]],
        [[272,507],[464,511],[590,516],[655,516],[842,522]],
        [[379,484],[528,490],[625,496],[726,500],[832,505]]
    ],
    "locations": [
        [[41.8023104867199, 12.602286146631693],[41.802315985208025, 12.602294193258837],[41.80232798190772, 12.60224591349597],[41.802367471028454, 12.602302910438247],[41.8023409783299, 12.602264018407045]],
        [[41.801969850031476, 12.600309041865799],[41.80197234935763, 12.600339216717591],[41.801972849222814, 12.600345251687951],[41.802008339642676, 12.600338546164997]],
        [[41.80050752521562, 12.60002151794632],[41.80049552817507, 12.600010118557865],[41.80048952965395, 12.600001401378456],[41.800487030269984, 12.599996036960361],[41.80047753261001, 12.599984637571906]],
        [[41.80232856965347, 12.602244981664635],[41.80233706731435, 12.602260404366662],[41.802343565524836, 12.60226845099381],[41.80234856414785, 12.602276497620954],[41.80235606208163, 12.602285885352622]]
    ],
    "gps": [41.8003228771083, 12.600510972421665]
}