{
    "image_indices": [1528, 4295, 28500, 34155],
    "pixel_locations": [
        [[691, 373], [772, 405], [861, 442], [624, 299]],
        [[267, 455], [286, 429], [335, 427], [945, 466], [1069, 475]],
        [[464, 518], [537, 445], [915, 420], [1054, 424], [665, 494]],
        [[740, 472], [637, 395], [691, 401], [749, 411], [558, 338]]
    ],
    "locations": [
        [[41.906007, 12.482320], [41.906009, 12.482314], [41.906011, 12.482305], [41.905936, 12.482357]],
        [[41.906504, 12.481393], [41.906526, 12.481384], [41.906527, 12.481390], [41.906519, 12.481462], [41.906516, 12.481475]],
        [[41.906321, 12.483133], [41.906405, 12.483123], [41.906550282055896, 12.48325648701337], [41.90648072377736, 12.483287043089026], [41.906333057517706, 12.483160715391396]],
        [[41.90526774909037, 12.483338742048957], [41.90522682627199, 12.483357517512294], [41.90522433097734, 12.48334947088515], [41.9052218356826, 12.483339412601218], [41.90516644011402, 12.483383669050516]]
    ],
    "gps": [41.90586084061788, 12.482333839228321]
}