0,2244
0,2264
0,2284
0,2304
0,2324
0,2344
0,2364
0,2384
0,2404
0,2424
0,2444
0,2464
0,2484
0,2504
0,2524
0,2544
0,2564
0,2584
0,2604
0,2624
10,2244
10,2264
10,2284
10,2304
10,2324
10,2344
10,2364
10,2384
10,2404
10,2424
10,2444
10,2464
10,2484
10,2504
10,2524
10,2544
10,2564
10,2584
10,2604
10,2624
20,2244
20,2264
20,2284
20,2304
20,2324
20,2344
20,2364
20,2384
20,2404
20,2424
20,2444
20,2464
20,2484
20,2504
20,2524
20,2544
20,2564
20,2584
20,2604
20,2624
30,2244
30,2264
30,2284
30,2304
30,2324
30,2344
30,2364
30,2384
30,2404
30,2424
30,2444
30,2464
30,2484
30,2504
30,2524
30,2544
30,2564
30,2584
30,2604
30,2624
40,2244
40,2264
40,2284
40,2304
40,2324
40,2344
40,2364
40,2384
40,2404
40,2424
40,2444
40,2464
40,2484
40,2504
40,2524
40,2544
40,2564
40,2584
40,2604
40,2624
50,2244
50,2264
50,2284
50,2304
50,2324
50,2344
50,2364
50,2384
50,2404
50,2424
50,2444
50,2464
50,2484
50,2504
50,2524
50,2544
50,2564
50,2584
50,2604
50,2624
60,2244
60,2264
60,2284
60,2304
60,2324
60,2344
60,2364
60,2384
60,2404
60,2424
60,2444
60,2464
60,2484
60,2504
60,2524
60,2544
60,2564
60,2584
60,2604
60,2624
70,2244
70,2264
70,2284
70,2304
70,2324
70,2344
70,2364
70,2384
70,2404
70,2424
70,2444
70,2464
70,2484
70,2504
70,2524
70,2544
70,2564
70,2584
70,2604
70,2624
80,2244
80,2264
80,2284
80,2304
80,2324
80,2344
80,2364
80,2384
80,2404
80,2424
80,2444
80,2464
80,2484
80,2504
80,2524
80,2544
80,2564
80,2584
80,2604
80,2624
90,2244
90,2264
90,2284
90,2304
90,2324
90,2344
90,2364
90,2384
90,2404
90,2424
90,2444
90,2464
90,2484
90,2504
90,2524
90,2544
90,2564
90,2584
90,2604
90,2624
100,2244
100,2264
100,2284
100,2304
100,2324
100,2344
100,2364
100,2384
100,2404
100,2424
100,2444
100,2464
100,2484
100,2504
100,2524
100,2544
100,2564
100,2584
100,2604
100,2624
110,2244
110,2264
110,2284
110,2304
110,2324
110,2344
110,2364
110,2384
110,2404
110,2424
110,2444
110,2464
110,2484
110,2504
110,2524
110,2544
110,2564
110,2584
110,2604
110,2624
120,2244
120,2264
120,2284
120,2304
120,2324
120,2344
120,2364
120,2384
120,2404
120,2424
120,2444
120,2464
120,2484
120,2504
120,2524
120,2544
120,2564
120,2584
120,2604
120,2624
130,2244
130,2264
130,2284
130,2304
130,2324
130,2344
130,2364
130,2384
130,2404
130,2424
130,2444
130,2464
130,2484
130,2504
130,2524
130,2544
130,2564
130,2584
130,2604
130,2624
140,2244
140,2264
140,2284
140,2304
140,2324
140,2344
140,2364
140,2384
140,2404
140,2424
140,2444
140,2464
140,2484
140,2504
140,2524
140,2544
140,2564
140,2584
140,2604
140,2624
150,2244
150,2264
150,2284
150,2304
150,2324
150,2344
150,2364
150,2384
150,2404
150,2424
150,2444
150,2464
150,2484
150,2504
150,2524
150,2544
150,2564
150,2584
150,2604
150,2624
160,2244
160,2264
160,2284
160,2304
160,2324
160,2344
160,2364
160,2384
160,2404
160,2424
160,2444
160,2464
160,2484
160,2504
160,2524
160,2544
160,2564
160,2584
160,2604
160,2624
170,2244
170,2264
170,2284
170,2304
170,2324
170,2344
170,2364
170,2384
170,2404
170,2424
170,2444
170,2464
170,2484
170,2504
170,2524
170,2544
170,2564
170,2584
170,2604
170,2624
180,2244
180,2264
180,2284
180,2304
180,2324
180,2344
180,2364
180,2384
180,2404
180,2424
180,2444
180,2464
180,2484
180,2504
180,2524
180,2544
180,2564
180,2584
180,2604
180,2624
190,2244
190,2264
190,2284
190,2304
190,2324
190,2344
190,2364
190,2384
190,2404
190,2424
190,2444
190,2464
190,2484
190,2504
190,2524
190,2544
190,2564
190,2584
190,2604
190,2624
200,2244
200,2264
200,2284
200,2304
200,2324
200,2344
200,2364
200,2384
200,2404
200,2424
200,2444
200,2464
200,2484
200,2504
200,2524
200,2544
200,2564
200,2584
200,2604
200,2624
210,2244
210,2264
210,2284
210,2304
210,2324
210,2344
210,2364
210,2384
210,2404
210,2424
210,2444
210,2464
210,2484
210,2504
210,2524
210,2544
210,2564
210,2584
210,2604
210,2624
220,2244
220,2264
220,2284
220,2304
220,2324
220,2344
220,2364
220,2384
220,2404
220,2424
220,2444
220,2464
220,2484
220,2504
220,2524
220,2544
220,2564
220,2584
220,2604
220,2624
230,2244
230,2264
230,2284
230,2304
230,2324
230,2344
230,2364
230,2384
230,2404
230,2424
230,2444
230,2464
230,2484
230,2504
230,2524
230,2544
230,2564
230,2584
230,2604
230,2624
240,2244
240,2264
240,2284
240,2304
240,2324
240,2344
240,2364
240,2384
240,2404
240,2424
240,2444
240,2464
240,2484
240,2504
240,2524
240,2544
240,2564
240,2584
240,2604
240,2624
250,2244
250,2264
250,2284
250,2304
250,2324
250,2344
250,2364
250,2384
250,2404
250,2424
250,2444
250,2464
250,2484
250,2504
250,2524
250,2544
250,2564
250,2584
250,2604
250,2624
260,2244
260,2264
260,2284
260,2304
260,2324
260,2344
260,2364
260,2384
260,2404
260,2424
260,2444
260,2464
260,2484
260,2504
260,2524
260,2544
260,2564
260,2584
260,2604
260,2624
270,2244
270,2264
270,2284
270,2304
270,2324
270,2344
270,2364
270,2384
270,2404
270,2424
270,2444
270,2464
270,2484
270,2504
270,2524
270,2544
270,2564
270,2584
270,2604
270,2624
280,2244
280,2264
280,2284
280,2304
280,2324
280,2344
280,2364
280,2384
280,2404
280,2424
280,2444
280,2464
280,2484
280,2504
280,2524
280,2544
280,2564
280,2584
280,2604
280,2624
290,2244
290,2264
290,2284
290,2304
290,2324
290,2344
290,2364
290,2384
290,2404
290,2424
290,2444
290,2464
290,2484
290,2504
290,2524
290,2544
290,2564
290,2584
290,2604
290,2624
300,2244
300,2264
300,2284
300,2304
300,2324
300,2344
300,2364
300,2384
300,2404
300,2424
300,2444
300,2464
300,2484
300,2504
300,2524
300,2544
300,2564
300,2584
300,2604
300,2624
310,2244
310,2264
310,2284
310,2304
310,2324
310,2344
310,2364
310,2384
310,2404
310,2424
310,2444
310,2464
310,2484
310,2504
310,2524
310,2544
310,2564
310,2584
310,2604
310,2624
320,2244
320,2264
320,2284
320,2304
320,2324
320,2344
320,2364
320,2384
320,2404
320,2424
320,2444
320,2464
320,2484
320,2504
320,2524
320,2544
320,2564
320,2584
320,2604
320,2624
330,2244
330,2264
330,2284
330,2304
330,2324
330,2344
330,2364
330,2384
330,2404
330,2424
330,2444
330,2464
330,2484
330,2504
330,2524
330,2544
330,2564
330,2584
330,2604
330,2624
340,2244
340,2264
340,2284
340,2304
340,2324
340,2344
340,2364
340,2384
340,2404
340,2424
340,2444
340,2464
340,2484
340,2504
340,2524
340,2544
340,2564
340,2584
340,2604
340,2624
350,2244
350,2264
350,2284
350,2304
350,2324
350,2344
350,2364
350,2384
350,2404
350,2424
350,2444
350,2464
350,2484
350,2504
350,2524
350,2544
350,2564
350,2584
350,2604
350,2624
360,2244
360,2264
360,2284
360,2304
360,2324
360,2344
360,2364
360,2384
360,2404
360,2424
360,2444
360,2464
360,2484
360,2504
360,2524
360,2544
360,2564
360,2584
360,2604
360,2624
370,2244
370,2264
370,2284
370,2304
370,2324
370,2344
370,2364
370,2384
370,2404
370,2424
370,2444
370,2464
370,2484
370,2504
370,2524
370,2544
370,2564
370,2584
370,2604
370,2624
380,2244
380,2264
380,2284
380,2304
380,2324
380,2344
380,2364
380,2384
380,2404
380,2424
380,2444
380,2464
380,2484
380,2504
380,2524
380,2544
380,2564
380,2584
380,2604
380,2624
390,2244
390,2264
390,2284
390,2304
390,2324
390,2344
390,2364
390,2384
390,2404
390,2424
390,2444
390,2464
390,2484
390,2504
390,2524
390,2544
390,2564
390,2584
390,2604
390,2624
400,2244
400,2264
400,2284
400,2304
400,2324
400,2344
400,2364
400,2384
400,2404
400,2424
400,2444
400,2464
400,2484
400,2504
400,2524
400,2544
400,2564
400,2584
400,2604
400,2624
410,2244
410,2264
410,2284
410,2304
410,2324
410,2344
410,2364
410,2384
410,2404
410,2424
410,2444
410,2464
410,2484
410,2504
410,2524
410,2544
410,2564
410,2584
410,2604
410,2624
420,2244
420,2264
420,2284
420,2304
420,2324
420,2344
420,2364
420,2384
420,2404
420,2424
420,2444
420,2464
420,2484
420,2504
420,2524
420,2544
420,2564
420,2584
420,2604
420,2624
430,2244
430,2264
430,2284
430,2304
430,2324
430,2344
430,2364
430,2384
430,2404
430,2424
430,2444
430,2464
430,2484
430,2504
430,2524
430,2544
430,2564
430,2584
430,2604
430,2624
440,2244
440,2264
440,2284
440,2304
440,2324
440,2344
440,2364
440,2384
440,2404
440,2424
440,2444
440,2464
440,2484
440,2504
440,2524
440,2544
440,2564
440,2584
440,2604
440,2624
450,2244
450,2264
450,2284
450,2304
450,2324
450,2344
450,2364
450,2384
450,2404
450,2424
450,2444
450,2464
450,2484
450,2504
450,2524
450,2544
450,2564
450,2584
450,2604
450,2624
460,2244
460,2264
460,2284
460,2304
460,2324
460,2344
460,2364
460,2384
460,2404
460,2424
460,2444
460,2464
460,2484
460,2504
460,2524
460,2544
460,2564
460,2584
460,2604
460,2624
470,2244
470,2264
470,2284
470,2304
470,2324
470,2344
470,2364
470,2384
470,2404
470,2424
470,2444
470,2464
470,2484
470,2504
470,2524
470,2544
470,2564
470,2584
470,2604
470,2624
480,2244
480,2264
480,2284
480,2304
480,2324
480,2344
480,2364
480,2384
480,2404
480,2424
480,2444
480,2464
480,2484
480,2504
480,2524
480,2544
480,2564
480,2584
480,2604
480,2624
490,2244
490,2264
490,2284
490,2304
490,2324
490,2344
490,2364
490,2384
490,2404
490,2424
490,2444
490,2464
490,2484
490,2504
490,2524
490,2544
490,2564
490,2584
490,2604
490,2624
500,2244
500,2264
500,2284
500,2304
500,2324
500,2344
500,2364
500,2384
500,2404
500,2424
500,2444
500,2464
500,2484
500,2504
500,2524
500,2544
500,2564
500,2584
500,2604
500,2624
510,2244
510,2264
510,2284
510,2304
510,2324
510,2344
510,2364
510,2384
510,2404
510,2424
510,2444
510,2464
510,2484
510,2504
510,2524
510,2544
510,2564
510,2584
510,2604
510,2624
520,2244
520,2264
520,2284
520,2304
520,2324
520,2344
520,2364
520,2384
520,2404
520,2424
520,2444
520,2464
520,2484
520,2504
520,2524
520,2544
520,2564
520,2584
520,2604
520,2624
530,2244
530,2264
530,2284
530,2304
530,2324
530,2344
530,2364
530,2384
530,2404
530,2424
530,2444
530,2464
530,2484
530,2504
530,2524
530,2544
530,2564
530,2584
530,2604
530,2624
540,2244
540,2264
540,2284
540,2304
540,2324
540,2344
540,2364
540,2384
540,2404
540,2424
540,2444
540,2464
540,2484
540,2504
540,2524
540,2544
540,2564
540,2584
540,2604
540,2624
550,2244
550,2264
550,2284
550,2304
550,2324
550,2344
550,2364
550,2384
550,2404
550,2424
550,2444
550,2464
550,2484
550,2504
550,2524
550,2544
550,2564
550,2584
550,2604
550,2624
560,2244
560,2264
560,2284
560,2304
560,2324
560,2344
560,2364
560,2384
560,2404
560,2424
560,2444
560,2464
560,2484
560,2504
560,2524
560,2544
560,2564
560,2584
560,2604
560,2624
570,2244
570,2264
570,2284
570,2304
570,2324
570,2344
570,2364
570,2384
570,2404
570,2424
570,2444
570,2464
570,2484
570,2504
570,2524
570,2544
570,2564
570,2584
570,2604
570,2624
580,2244
580,2264
580,2284
580,2304
580,2324
580,2344
580,2364
580,2384
580,2404
580,2424
580,2444
580,2464
580,2484
580,2504
580,2524
580,2544
580,2564
580,2584
580,2604
580,2624
590,2244
590,2264
590,2284
590,2304
590,2324
590,2344
590,2364
590,2384
590,2404
590,2424
590,2444
590,2464
590,2484
590,2504
590,2524
590,2544
590,2564
590,2584
590,2604
590,2624
600,2244
600,2264
600,2284
600,2304
600,2324
600,2344
600,2364
600,2384
600,2404
600,2424
600,2444
600,2464
600,2484
600,2504
600,2524
600,2544
600,2564
600,2584
600,2604
600,2624
610,2244
610,2264
610,2284
610,2304
610,2324
610,2344
610,2364
610,2384
610,2404
610,2424
610,2444
610,2464
610,2484
610,2504
610,2524
610,2544
610,2564
610,2584
610,2604
610,2624
620,2244
620,2264
620,2284
620,2304
620,2324
620,2344
620,2364
620,2384
620,2404
620,2424
620,2444
620,2464
620,2484
620,2504
620,2524
620,2544
620,2564
620,2584
620,2604
620,2624
630,2244
630,2264
630,2284
630,2304
630,2324
630,2344
630,2364
630,2384
630,2404
630,2424
630,2444
630,2464
630,2484
630,2504
630,2524
630,2544
630,2564
630,2584
630,2604
630,2624
640,2244
640,2264
640,2284
640,2304
640,2324
640,2344
640,2364
640,2384
640,2404
640,2424
640,2444
640,2464
640,2484
640,2504
640,2524
640,2544
640,2564
640,2584
640,2604
640,2624
650,2244
650,2264
650,2284
650,2304
650,2324
650,2344
650,2364
650,2384
650,2404
650,2424
650,2444
650,2464
650,2484
650,2504
650,2524
650,2544
650,2564
650,2584
650,2604
650,2624
660,2244
660,2264
660,2284
660,2304
660,2324
660,2344
660,2364
660,2384
660,2404
660,2424
660,2444
660,2464
660,2484
660,2504
660,2524
660,2544
660,2564
660,2584
660,2604
660,2624
670,2244
670,2264
670,2284
670,2304
670,2324
670,2344
670,2364
670,2384
670,2404
670,2424
670,2444
670,2464
670,2484
670,2504
670,2524
670,2544
670,2564
670,2584
670,2604
670,2624
680,2244
680,2264
680,2284
680,2304
680,2324
680,2344
680,2364
680,2384
680,2404
680,2424
680,2444
680,2464
680,2484
680,2504
680,2524
680,2544
680,2564
680,2584
680,2604
680,2624
690,2244
690,2264
690,2284
690,2304
690,2324
690,2344
690,2364
690,2384
690,2404
690,2424
690,2444
690,2464
690,2484
690,2504
690,2524
690,2544
690,2564
690,2584
690,2604
690,2624
700,2244
700,2264
700,2284
700,2304
700,2324
700,2344
700,2364
700,2384
700,2404
700,2424
700,2444
700,2464
700,2484
700,2504
700,2524
700,2544
700,2564
700,2584
700,2604
700,2624
710,2244
710,2264
710,2284
710,2304
710,2324
710,2344
710,2364
710,2384
710,2404
710,2424
710,2444
710,2464
710,2484
710,2504
710,2524
710,2544
710,2564
710,2584
710,2604
710,2624
720,2244
720,2264
720,2284
720,2304
720,2324
720,2344
720,2364
720,2384
720,2404
720,2424
720,2444
720,2464
720,2484
720,2504
720,2524
720,2544
720,2564
720,2584
720,2604
720,2624
730,2244
730,2264
730,2284
730,2304
730,2324
730,2344
730,2364
730,2384
730,2404
730,2424
730,2444
730,2464
730,2484
730,2504
730,2524
730,2544
730,2564
730,2584
730,2604
730,2624
740,2244
740,2264
740,2284
740,2304
740,2324
740,2344
740,2364
740,2384
740,2404
740,2424
740,2444
740,2464
740,2484
740,2504
740,2524
740,2544
740,2564
740,2584
740,2604
740,2624
750,2244
750,2264
750,2284
750,2304
750,2324
750,2344
750,2364
750,2384
750,2404
750,2424
750,2444
750,2464
750,2484
750,2504
750,2524
750,2544
750,2564
750,2584
750,2604
750,2624
760,2244
760,2264
760,2284
760,2304
760,2324
760,2344
760,2364
760,2384
760,2404
760,2424
760,2444
760,2464
760,2484
760,2504
760,2524
760,2544
760,2564
760,2584
760,2604
760,2624
770,2244
770,2264
770,2284
770,2304
770,2324
770,2344
770,2364
770,2384
770,2404
770,2424
770,2444
770,2464
770,2484
770,2504
770,2524
770,2544
770,2564
770,2584
770,2604
770,2624
780,2244
780,2264
780,2284
780,2304
780,2324
780,2344
780,2364
780,2384
780,2404
780,2424
780,2444
780,2464
780,2484
780,2504
780,2524
780,2544
780,2564
780,2584
780,2604
780,2624
790,2244
790,2264
790,2284
790,2304
790,2324
790,2344
790,2364
790,2384
790,2404
790,2424
790,2444
790,2464
790,2484
790,2504
790,2524
790,2544
790,2564
790,2584
790,2604
790,2624
800,2244
800,2264
800,2284
800,2304
800,2324
800,2344
800,2364
800,2384
800,2404
800,2424
800,2444
800,2464
800,2484
800,2504
800,2524
800,2544
800,2564
800,2584
800,2604
800,2624
810,2244
810,2264
810,2284
810,2304
810,2324
810,2344
810,2364
810,2384
810,2404
810,2424
810,2444
810,2464
810,2484
810,2504
810,2524
810,2544
810,2564
810,2584
810,2604
810,2624
820,2244
820,2264
820,2284
820,2304
820,2324
820,2344
820,2364
820,2384
820,2404
820,2424
820,2444
820,2464
820,2484
820,2504
820,2524
820,2544
820,2564
820,2584
820,2604
820,2624
830,2244
830,2264
830,2284
830,2304
830,2324
830,2344
830,2364
830,2384
830,2404
830,2424
830,2444
830,2464
830,2484
830,2504
830,2524
830,2544
830,2564
830,2584
830,2604
830,2624
840,2244
840,2264
840,2284
840,2304
840,2324
840,2344
840,2364
840,2384
840,2404
840,2424
840,2444
840,2464
840,2484
840,2504
840,2524
840,2544
840,2564
840,2584
840,2604
840,2624
850,2244
850,2264
850,2284
850,2304
850,2324
850,2344
850,2364
850,2384
850,2404
850,2424
850,2444
850,2464
850,2484
850,2504
850,2524
850,2544
850,2564
850,2584
850,2604
850,2624
860,2244
860,2264
860,2284
860,2304
860,2324
860,2344
860,2364
860,2384
860,2404
860,2424
860,2444
860,2464
860,2484
860,2504
860,2524
860,2544
860,2564
860,2584
860,2604
860,2624
870,2244
870,2264
870,2284
870,2304
870,2324
870,2344
870,2364
870,2384
870,2404
870,2424
870,2444
870,2464
870,2484
870,2504
870,2524
870,2544
870,2564
870,2584
870,2604
870,2624
880,2244
880,2264
880,2284
880,2304
880,2324
880,2344
880,2364
880,2384
880,2404
880,2424
880,2444
880,2464
880,2484
880,2504
880,2524
880,2544
880,2564
880,2584
880,2604
880,2624
890,2244
890,2264
890,2284
890,2304
890,2324
890,2344
890,2364
890,2384
890,2404
890,2424
890,2444
890,2464
890,2484
890,2504
890,2524
890,2544
890,2564
890,2584
890,2604
890,2624
900,2244
900,2264
900,2284
900,2304
900,2324
900,2344
900,2364
900,2384
900,2404
900,2424
900,2444
900,2464
900,2484
900,2504
900,2524
900,2544
900,2564
900,2584
900,2604
900,2624
910,2244
910,2264
910,2284
910,2304
910,2324
910,2344
910,2364
910,2384
910,2404
910,2424
910,2444
910,2464
910,2484
910,2504
910,2524
910,2544
910,2564
910,2584
910,2604
910,2624
920,2244
920,2264
920,2284
920,2304
920,2324
920,2344
920,2364
920,2384
920,2404
920,2424
920,2444
920,2464
920,2484
920,2504
920,2524
920,2544
920,2564
920,2584
920,2604
920,2624
930,2244
930,2264
930,2284
930,2304
930,2324
930,2344
930,2364
930,2384
930,2404
930,2424
930,2444
930,2464
930,2484
930,2504
930,2524
930,2544
930,2564
930,2584
930,2604
930,2624
940,2244
940,2264
940,2284
940,2304
940,2324
940,2344
940,2364
940,2384
940,2404
940,2424
940,2444
940,2464
940,2484
940,2504
940,2524
940,2544
940,2564
940,2584
940,2604
940,2624
950,2244
950,2264
950,2284
950,2304
950,2324
950,2344
950,2364
950,2384
950,2404
950,2424
950,2444
950,2464
950,2484
950,2504
950,2524
950,2544
950,2564
950,2584
950,2604
950,2624
960,2244
960,2264
960,2284
960,2304
960,2324
960,2344
960,2364
960,2384
960,2404
960,2424
960,2444
960,2464
960,2484
960,2504
960,2524
960,2544
960,2564
960,2584
960,2604
960,2624
970,2244
970,2264
970,2284
970,2304
970,2324
970,2344
970,2364
970,2384
970,2404
970,2424
970,2444
970,2464
970,2484
970,2504
970,2524
970,2544
970,2564
970,2584
970,2604
970,2624
980,2244
980,2264
980,2284
980,2304
980,2324
980,2344
980,2364
980,2384
980,2404
980,2424
980,2444
980,2464
980,2484
980,2504
980,2524
980,2544
980,2564
980,2584
980,2604
980,2624
990,2244
990,2264
990,2284
990,2304
990,2324
990,2344
990,2364
990,2384
990,2404
990,2424
990,2444
990,2464
990,2484
990,2504
990,2524
990,2544
990,2564
990,2584
990,2604
990,2624
1000,2244
1000,2264
1000,2284
1000,2304
1000,2324
1000,2344
1000,2364
1000,2384
1000,2404
1000,2424
1000,2444
1000,2464
1000,2484
1000,2504
1000,2524
1000,2544
1000,2564
1000,2584
1000,2604
1000,2624
1010,2244
1010,2264
1010,2284
1010,2304
1010,2324
1010,2344
1010,2364
1010,2384
1010,2404
1010,2424
1010,2444
1010,2464
1010,2484
1010,2504
1010,2524
1010,2544
1010,2564
1010,2584
1010,2604
1010,2624
1020,2244
1020,2264
1020,2284
1020,2304
1020,2324
1020,2344
1020,2364
1020,2384
1020,2404
1020,2424
1020,2444
1020,2464
1020,2484
1020,2504
1020,2524
1020,2544
1020,2564
1020,2584
1020,2604
1020,2624
1030,2244
1030,2264
1030,2284
1030,2304
1030,2324
1030,2344
1030,2364
1030,2384
1030,2404
1030,2424
1030,2444
1030,2464
1030,2484
1030,2504
1030,2524
1030,2544
1030,2564
1030,2584
1030,2604
1030,2624
1040,2244
1040,2264
1040,2284
1040,2304
1040,2324
1040,2344
1040,2364
1040,2384
1040,2404
1040,2424
1040,2444
1040,2464
1040,2484
1040,2504
1040,2524
1040,2544
1040,2564
1040,2584
1040,2604
1040,2624
1050,2244
1050,2264
1050,2284
1050,2304
1050,2324
1050,2344
1050,2364
1050,2384
1050,2404
1050,2424
1050,2444
1050,2464
1050,2484
1050,2504
1050,2524
1050,2544
1050,2564
1050,2584
1050,2604
1050,2624
1060,2244
1060,2264
1060,2284
1060,2304
1060,2324
1060,2344
1060,2364
1060,2384
1060,2404
1060,2424
1060,2444
1060,2464
1060,2484
1060,2504
1060,2524
1060,2544
1060,2564
1060,2584
1060,2604
1060,2624
1070,2244
1070,2264
1070,2284
1070,2304
1070,2324
1070,2344
1070,2364
1070,2384
1070,2404
1070,2424
1070,2444
1070,2464
1070,2484
1070,2504
1070,2524
1070,2544
1070,2564
1070,2584
1070,2604
1070,2624
1080,2244
1080,2264
1080,2284
1080,2304
1080,2324
1080,2344
1080,2364
1080,2384
1080,2404
1080,2424
1080,2444
1080,2464
1080,2484
1080,2504
1080,2524
1080,2544
1080,2564
1080,2584
1080,2604
1080,2624
1090,2244
1090,2264
1090,2284
1090,2304
1090,2324
1090,2344
1090,2364
1090,2384
1090,2404
1090,2424
1090,2444
1090,2464
1090,2484
1090,2504
1090,2524
1090,2544
1090,2564
1090,2584
1090,2604
1090,2624
1100,2244
1100,2264
1100,2284
1100,2304
1100,2324
1100,2344
1100,2364
1100,2384
1100,2404
1100,2424
1100,2444
1100,2464
1100,2484
1100,2504
1100,2524
1100,2544
1100,2564
1100,2584
1100,2604
1100,2624
1110,2244
1110,2264
1110,2284
1110,2304
1110,2324
1110,2344
1110,2364
1110,2384
1110,2404
1110,2424
1110,2444
1110,2464
1110,2484
1110,2504
1110,2524
1110,2544
1110,2564
1110,2584
1110,2604
1110,2624
1120,2244
1120,2264
1120,2284
1120,2304
1120,2324
1120,2344
1120,2364
1120,2384
1120,2404
1120,2424
1120,2444
1120,2464
1120,2484
1120,2504
1120,2524
1120,2544
1120,2564
1120,2584
1120,2604
1120,2624
1130,2244
1130,2264
1130,2284
1130,2304
1130,2324
1130,2344
1130,2364
1130,2384
1130,2404
1130,2424
1130,2444
1130,2464
1130,2484
1130,2504
1130,2524
1130,2544
1130,2564
1130,2584
1130,2604
1130,2624
1140,2244
1140,2264
1140,2284
1140,2304
1140,2324
1140,2344
1140,2364
1140,2384
1140,2404
1140,2424
1140,2444
1140,2464
1140,2484
1140,2504
1140,2524
1140,2544
1140,2564
1140,2584
1140,2604
1140,2624
1150,2244
1150,2264
1150,2284
1150,2304
1150,2324
1150,2344
1150,2364
1150,2384
1150,2404
1150,2424
1150,2444
1150,2464
1150,2484
1150,2504
1150,2524
1150,2544
1150,2564
1150,2584
1150,2604
1150,2624
1160,2244
1160,2264
1160,2284
1160,2304
1160,2324
1160,2344
1160,2364
1160,2384
1160,2404
1160,2424
1160,2444
1160,2464
1160,2484
1160,2504
1160,2524
1160,2544
1160,2564
1160,2584
1160,2604
1160,2624
1170,2244
1170,2264
1170,2284
1170,2304
1170,2324
1170,2344
1170,2364
1170,2384
1170,2404
1170,2424
1170,2444
1170,2464
1170,2484
1170,2504
1170,2524
1170,2544
1170,2564
1170,2584
1170,2604
1170,2624
1180,2244
1180,2264
1180,2284
1180,2304
1180,2324
1180,2344
1180,2364
1180,2384
1180,2404
1180,2424
1180,2444
1180,2464
1180,2484
1180,2504
1180,2524
1180,2544
1180,2564
1180,2584
1180,2604
1180,2624
1190,2244
1190,2264
1190,2284
1190,2304
1190,2324
1190,2344
1190,2364
1190,2384
1190,2404
1190,2424
1190,2444
1190,2464
1190,2484
1190,2504
1190,2524
1190,2544
1190,2564
1190,2584
1190,2604
1190,2624
1200,2244
1200,2264
1200,2284
1200,2304
1200,2324
1200,2344
1200,2364
1200,2384
1200,2404
1200,2424
1200,2444
1200,2464
1200,2484
1200,2504
1200,2524
1200,2544
1200,2564
1200,2584
1200,2604
1200,2624
1210,2244
1210,2264
1210,2284
1210,2304
1210,2324
1210,2344
1210,2364
1210,2384
1210,2404
1210,2424
1210,2444
1210,2464
1210,2484
1210,2504
1210,2524
1210,2544
1210,2564
1210,2584
1210,2604
1210,2624
1220,2244
1220,2264
1220,2284
1220,2304
1220,2324
1220,2344
1220,2364
1220,2384
1220,2404
1220,2424
1220,2444
1220,2464
1220,2484
1220,2504
1220,2524
1220,2544
1220,2564
1220,2584
1220,2604
1220,2624
1230,2244
1230,2264
1230,2284
1230,2304
1230,2324
1230,2344
1230,2364
1230,2384
1230,2404
1230,2424
1230,2444
1230,2464
1230,2484
1230,2504
1230,2524
1230,2544
1230,2564
1230,2584
1230,2604
1230,2624
1240,2244
1240,2264
1240,2284
1240,2304
1240,2324
1240,2344
1240,2364
1240,2384
1240,2404
1240,2424
1240,2444
1240,2464
1240,2484
1240,2504
1240,2524
1240,2544
1240,2564
1240,2584
1240,2604
1240,2624
1250,2244
1250,2264
1250,2284
1250,2304
1250,2324
1250,2344
1250,2364
1250,2384
1250,2404
1250,2424
1250,2444
1250,2464
1250,2484
1250,2504
1250,2524
1250,2544
1250,2564
1250,2584
1250,2604
1250,2624
1260,2244
1260,2264
1260,2284
1260,2304
1260,2324
1260,2344
1260,2364
1260,2384
1260,2404
1260,2424
1260,2444
1260,2464
1260,2484
1260,2504
1260,2524
1260,2544
1260,2564
1260,2584
1260,2604
1260,2624
1270,2244
1270,2264
1270,2284
1270,2304
1270,2324
1270,2344
1270,2364
1270,2384
1270,2404
1270,2424
1270,2444
1270,2464
1270,2484
1270,2504
1270,2524
1270,2544
1270,2564
1270,2584
1270,2604
1270,2624
1280,2244
1280,2264
1280,2284
1280,2304
1280,2324
1280,2344
1280,2364
1280,2384
1280,2404
1280,2424
1280,2444
1280,2464
1280,2484
1280,2504
1280,2524
1280,2544
1280,2564
1280,2584
1280,2604
1280,2624
1290,2244
1290,2264
1290,2284
1290,2304
1290,2324
1290,2344
1290,2364
1290,2384
1290,2404
1290,2424
1290,2444
1290,2464
1290,2484
1290,2504
1290,2524
1290,2544
1290,2564
1290,2584
1290,2604
1290,2624
1300,2244
1300,2264
1300,2284
1300,2304
1300,2324
1300,2344
1300,2364
1300,2384
1300,2404
1300,2424
1300,2444
1300,2464
1300,2484
1300,2504
1300,2524
1300,2544
1300,2564
1300,2584
1300,2604
1300,2624
1310,2244
1310,2264
1310,2284
1310,2304
1310,2324
1310,2344
1310,2364
1310,2384
1310,2404
1310,2424
1310,2444
1310,2464
1310,2484
1310,2504
1310,2524
1310,2544
1310,2564
1310,2584
1310,2604
1310,2624
1320,2244
1320,2264
1320,2284
1320,2304
1320,2324
1320,2344
1320,2364
1320,2384
1320,2404
1320,2424
1320,2444
1320,2464
1320,2484
1320,2504
1320,2524
1320,2544
1320,2564
1320,2584
1320,2604
1320,2624
1330,2244
1330,2264
1330,2284
1330,2304
1330,2324
1330,2344
1330,2364
1330,2384
1330,2404
1330,2424
1330,2444
1330,2464
1330,2484
1330,2504
1330,2524
1330,2544
1330,2564
1330,2584
1330,2604
1330,2624
1340,2244
1340,2264
1340,2284
1340,2304
1340,2324
1340,2344
1340,2364
1340,2384
1340,2404
1340,2424
1340,2444
1340,2464
1340,2484
1340,2504
1340,2524
1340,2544
1340,2564
1340,2584
1340,2604
1340,2624
1350,2244
1350,2264
1350,2284
1350,2304
1350,2324
1350,2344
1350,2364
1350,2384
1350,2404
1350,2424
1350,2444
1350,2464
1350,2484
1350,2504
1350,2524
1350,2544
1350,2564
1350,2584
1350,2604
1350,2624
1360,2244
1360,2264
1360,2284
1360,2304
1360,2324
1360,2344
1360,2364
1360,2384
1360,2404
1360,2424
1360,2444
1360,2464
1360,2484
1360,2504
1360,2524
1360,2544
1360,2564
1360,2584
1360,2604
1360,2624
1370,2244
1370,2264
1370,2284
1370,2304
1370,2324
1370,2344
1370,2364
1370,2384
1370,2404
1370,2424
1370,2444
1370,2464
1370,2484
1370,2504
1370,2524
1370,2544
1370,2564
1370,2584
1370,2604
1370,2624
1380,2244
1380,2264
1380,2284
1380,2304
1380,2324
1380,2344
1380,2364
1380,2384
1380,2404
1380,2424
1380,2444
1380,2464
1380,2484
1380,2504
1380,2524
1380,2544
1380,2564
1380,2584
1380,2604
1380,2624
1390,2244
1390,2264
1390,2284
1390,2304
1390,2324
1390,2344
1390,2364
1390,2384
1390,2404
1390,2424
1390,2444
1390,2464
1390,2484
1390,2504
1390,2524
1390,2544
1390,2564
1390,2584
1390,2604
1390,2624
1400,2244
1400,2264
1400,2284
1400,2304
1400,2324
1400,2344
1400,2364
1400,2384
1400,2404
1400,2424
1400,2444
1400,2464
1400,2484
1400,2504
1400,2524
1400,2544
1400,2564
1400,2584
1400,2604
1400,2624
1410,2244
1410,2264
1410,2284
1410,2304
1410,2324
1410,2344
1410,2364
1410,2384
1410,2404
1410,2424
1410,2444
1410,2464
1410,2484
1410,2504
1410,2524
1410,2544
1410,2564
1410,2584
1410,2604
1410,2624
1420,2244
1420,2264
1420,2284
1420,2304
1420,2324
1420,2344
1420,2364
1420,2384
1420,2404
1420,2424
1420,2444
1420,2464
1420,2484
1420,2504
1420,2524
1420,2544
1420,2564
1420,2584
1420,2604
1420,2624
1430,2244
1430,2264
1430,2284
1430,2304
1430,2324
1430,2344
1430,2364
1430,2384
1430,2404
1430,2424
1430,2444
1430,2464
1430,2484
1430,2504
1430,2524
1430,2544
1430,2564
1430,2584
1430,2604
1430,2624
1440,2244
1440,2264
1440,2284
1440,2304
1440,2324
1440,2344
1440,2364
1440,2384
1440,2404
1440,2424
1440,2444
1440,2464
1440,2484
1440,2504
1440,2524
1440,2544
1440,2564
1440,2584
1440,2604
1440,2624
1450,2244
1450,2264
1450,2284
1450,2304
1450,2324
1450,2344
1450,2364
1450,2384
1450,2404
1450,2424
1450,2444
1450,2464
1450,2484
1450,2504
1450,2524
1450,2544
1450,2564
1450,2584
1450,2604
1450,2624
1460,2244
1460,2264
1460,2284
1460,2304
1460,2324
1460,2344
1460,2364
1460,2384
1460,2404
1460,2424
1460,2444
1460,2464
1460,2484
1460,2504
1460,2524
1460,2544
1460,2564
1460,2584
1460,2604
1460,2624
1470,2244
1470,2264
1470,2284
1470,2304
1470,2324
1470,2344
1470,2364
1470,2384
1470,2404
1470,2424
1470,2444
1470,2464
1470,2484
1470,2504
1470,2524
1470,2544
1470,2564
1470,2584
1470,2604
1470,2624
1480,2244
1480,2264
1480,2284
1480,2304
1480,2324
1480,2344
1480,2364
1480,2384
1480,2404
1480,2424
1480,2444
1480,2464
1480,2484
1480,2504
1480,2524
1480,2544
1480,2564
1480,2584
1480,2604
1480,2624
1490,2244
1490,2264
1490,2284
1490,2304
1490,2324
1490,2344
1490,2364
1490,2384
1490,2404
1490,2424
1490,2444
1490,2464
1490,2484
1490,2504
1490,2524
1490,2544
1490,2564
1490,2584
1490,2604
1490,2624
1500,2244
1500,2264
1500,2284
1500,2304
1500,2324
1500,2344
1500,2364
1500,2384
1500,2404
1500,2424
1500,2444
1500,2464
1500,2484
1500,2504
1500,2524
1500,2544
1500,2564
1500,2584
1500,2604
1500,2624
1510,2244
1510,2264
1510,2284
1510,2304
1510,2324
1510,2344
1510,2364
1510,2384
1510,2404
1510,2424
1510,2444
1510,2464
1510,2484
1510,2504
1510,2524
1510,2544
1510,2564
1510,2584
1510,2604
1510,2624
1520,2244
1520,2264
1520,2284
1520,2304
1520,2324
1520,2344
1520,2364
1520,2384
1520,2404
1520,2424
1520,2444
1520,2464
1520,2484
1520,2504
1520,2524
1520,2544
1520,2564
1520,2584
1520,2604
1520,2624
1530,2244
1530,2264
1530,2284
1530,2304
1530,2324
1530,2344
1530,2364
1530,2384
1530,2404
1530,2424
1530,2444
1530,2464
1530,2484
1530,2504
1530,2524
1530,2544
1530,2564
1530,2584
1530,2604
1530,2624
1540,2244
1540,2264
1540,2284
1540,2304
1540,2324
1540,2344
1540,2364
1540,2384
1540,2404
1540,2424
1540,2444
1540,2464
1540,2484
1540,2504
1540,2524
1540,2544
1540,2564
1540,2584
1540,2604
1540,2624
1550,2244
1550,2264
1550,2284
1550,2304
1550,2324
1550,2344
1550,2364
1550,2384
1550,2404
1550,2424
1550,2444
1550,2464
1550,2484
1550,2504
1550,2524
1550,2544
1550,2564
1550,2584
1550,2604
1550,2624
1560,2244
1560,2264
1560,2284
1560,2304
1560,2324
1560,2344
1560,2364
1560,2384
1560,2404
1560,2424
1560,2444
1560,2464
1560,2484
1560,2504
1560,2524
1560,2544
1560,2564
1560,2584
1560,2604
1560,2624
1570,2244
1570,2264
1570,2284
1570,2304
1570,2324
1570,2344
1570,2364
1570,2384
1570,2404
1570,2424
1570,2444
1570,2464
1570,2484
1570,2504
1570,2524
1570,2544
1570,2564
1570,2584
1570,2604
1570,2624
1580,2244
1580,2264
1580,2284
1580,2304
1580,2324
1580,2344
1580,2364
1580,2384
1580,2404
1580,2424
1580,2444
1580,2464
1580,2484
1580,2504
1580,2524
1580,2544
1580,2564
1580,2584
1580,2604
1580,2624
1590,2244
1590,2264
1590,2284
1590,2304
1590,2324
1590,2344
1590,2364
1590,2384
1590,2404
1590,2424
1590,2444
1590,2464
1590,2484
1590,2504
1590,2524
1590,2544
1590,2564
1590,2584
1590,2604
1590,2624
1600,2244
1600,2264
1600,2284
1600,2304
1600,2324
1600,2344
1600,2364
1600,2384
1600,2404
1600,2424
1600,2444
1600,2464
1600,2484
1600,2504
1600,2524
1600,2544
1600,2564
1600,2584
1600,2604
1600,2624
1610,2244
1610,2264
1610,2284
1610,2304
1610,2324
1610,2344
1610,2364
1610,2384
1610,2404
1610,2424
1610,2444
1610,2464
1610,2484
1610,2504
1610,2524
1610,2544
1610,2564
1610,2584
1610,2604
1610,2624
1620,2244
1620,2264
1620,2284
1620,2304
1620,2324
1620,2344
1620,2364
1620,2384
1620,2404
1620,2424
1620,2444
1620,2464
1620,2484
1620,2504
1620,2524
1620,2544
1620,2564
1620,2584
1620,2604
1620,2624
1630,2244
1630,2264
1630,2284
1630,2304
1630,2324
1630,2344
1630,2364
1630,2384
1630,2404
1630,2424
1630,2444
1630,2464
1630,2484
1630,2504
1630,2524
1630,2544
1630,2564
1630,2584
1630,2604
1630,2624
1640,2244
1640,2264
1640,2284
1640,2304
1640,2324
1640,2344
1640,2364
1640,2384
1640,2404
1640,2424
1640,2444
1640,2464
1640,2484
1640,2504
1640,2524
1640,2544
1640,2564
1640,2584
1640,2604
1640,2624
1650,2244
1650,2264
1650,2284
1650,2304
1650,2324
1650,2344
1650,2364
1650,2384
1650,2404
1650,2424
1650,2444
1650,2464
1650,2484
1650,2504
1650,2524
1650,2544
1650,2564
1650,2584
1650,2604
1650,2624
1660,2244
1660,2264
1660,2284
1660,2304
1660,2324
1660,2344
1660,2364
1660,2384
1660,2404
1660,2424
1660,2444
1660,2464
1660,2484
1660,2504
1660,2524
1660,2544
1660,2564
1660,2584
1660,2604
1660,2624
1670,2244
1670,2264
1670,2284
1670,2304
1670,2324
1670,2344
1670,2364
1670,2384
1670,2404
1670,2424
1670,2444
1670,2464
1670,2484
1670,2504
1670,2524
1670,2544
1670,2564
1670,2584
1670,2604
1670,2624
1680,2244
1680,2264
1680,2284
1680,2304
1680,2324
1680,2344
1680,2364
1680,2384
1680,2404
1680,2424
1680,2444
1680,2464
1680,2484
1680,2504
1680,2524
1680,2544
1680,2564
1680,2584
1680,2604
1680,2624
1690,2244
1690,2264
1690,2284
1690,2304
1690,2324
1690,2344
1690,2364
1690,2384
1690,2404
1690,2424
1690,2444
1690,2464
1690,2484
1690,2504
1690,2524
1690,2544
1690,2564
1690,2584
1690,2604
1690,2624
1700,2244
1700,2264
1700,2284
1700,2304
1700,2324
1700,2344
1700,2364
1700,2384
1700,2404
1700,2424
1700,2444
1700,2464
1700,2484
1700,2504
1700,2524
1700,2544
1700,2564
1700,2584
1700,2604
1700,2624
1710,2244
1710,2264
1710,2284
1710,2304
1710,2324
1710,2344
1710,2364
1710,2384
1710,2404
1710,2424
1710,2444
1710,2464
1710,2484
1710,2504
1710,2524
1710,2544
1710,2564
1710,2584
1710,2604
1710,2624
1720,2244
1720,2264
1720,2284
1720,2304
1720,2324
1720,2344
1720,2364
1720,2384
1720,2404
1720,2424
1720,2444
1720,2464
1720,2484
1720,2504
1720,2524
1720,2544
1720,2564
1720,2584
1720,2604
1720,2624
1730,2244
1730,2264
1730,2284
1730,2304
1730,2324
1730,2344
1730,2364
1730,2384
1730,2404
1730,2424
1730,2444
1730,2464
1730,2484
1730,2504
1730,2524
1730,2544
1730,2564
1730,2584
1730,2604
1730,2624
1740,2244
1740,2264
1740,2284
1740,2304
1740,2324
1740,2344
1740,2364
1740,2384
1740,2404
1740,2424
1740,2444
1740,2464
1740,2484
1740,2504
1740,2524
1740,2544
1740,2564
1740,2584
1740,2604
1740,2624
1750,2244
1750,2264
1750,2284
1750,2304
1750,2324
1750,2344
1750,2364
1750,2384
1750,2404
1750,2424
1750,2444
1750,2464
1750,2484
1750,2504
1750,2524
1750,2544
1750,2564
1750,2584
1750,2604
1750,2624
1760,2244
1760,2264
1760,2284
1760,2304
1760,2324
1760,2344
1760,2364
1760,2384
1760,2404
1760,2424
1760,2444
1760,2464
1760,2484
1760,2504
1760,2524
1760,2544
1760,2564
1760,2584
1760,2604
1760,2624
1770,2244
1770,2264
1770,2284
1770,2304
1770,2324
1770,2344
1770,2364
1770,2384
1770,2404
1770,2424
1770,2444
1770,2464
1770,2484
1770,2504
1770,2524
1770,2544
1770,2564
1770,2584
1770,2604
1770,2624
1780,2244
1780,2264
1780,2284
1780,2304
1780,2324
1780,2344
1780,2364
1780,2384
1780,2404
1780,2424
1780,2444
1780,2464
1780,2484
1780,2504
1780,2524
1780,2544
1780,2564
1780,2584
1780,2604
1780,2624
1790,2244
1790,2264
1790,2284
1790,2304
1790,2324
1790,2344
1790,2364
1790,2384
1790,2404
1790,2424
1790,2444
1790,2464
1790,2484
1790,2504
1790,2524
1790,2544
1790,2564
1790,2584
1790,2604
1790,2624
1800,2244
1800,2264
1800,2284
1800,2304
1800,2324
1800,2344
1800,2364
1800,2384
1800,2404
1800,2424
1800,2444
1800,2464
1800,2484
1800,2504
1800,2524
1800,2544
1800,2564
1800,2584
1800,2604
1800,2624
1810,2244
1810,2264
1810,2284
1810,2304
1810,2324
1810,2344
1810,2364
1810,2384
1810,2404
1810,2424
1810,2444
1810,2464
1810,2484
1810,2504
1810,2524
1810,2544
1810,2564
1810,2584
1810,2604
1810,2624
1820,2244
1820,2264
1820,2284
1820,2304
1820,2324
1820,2344
1820,2364
1820,2384
1820,2404
1820,2424
1820,2444
1820,2464
1820,2484
1820,2504
1820,2524
1820,2544
1820,2564
1820,2584
1820,2604
1820,2624
1830,2244
1830,2264
1830,2284
1830,2304
1830,2324
1830,2344
1830,2364
1830,2384
1830,2404
1830,2424
1830,2444
1830,2464
1830,2484
1830,2504
1830,2524
1830,2544
1830,2564
1830,2584
1830,2604
1830,2624
1840,2244
1840,2264
1840,2284
1840,2304
1840,2324
1840,2344
1840,2364
1840,2384
1840,2404
1840,2424
1840,2444
1840,2464
1840,2484
1840,2504
1840,2524
1840,2544
1840,2564
1840,2584
1840,2604
1840,2624
1850,2244
1850,2264
1850,2284
1850,2304
1850,2324
1850,2344
1850,2364
1850,2384
1850,2404
1850,2424
1850,2444
1850,2464
1850,2484
1850,2504
1850,2524
1850,2544
1850,2564
1850,2584
1850,2604
1850,2624
1860,2244
1860,2264
1860,2284
1860,2304
1860,2324
1860,2344
1860,2364
1860,2384
1860,2404
1860,2424
1860,2444
1860,2464
1860,2484
1860,2504
1860,2524
1860,2544
1860,2564
1860,2584
1860,2604
1860,2624
1870,2244
1870,2264
1870,2284
1870,2304
1870,2324
1870,2344
1870,2364
1870,2384
1870,2404
1870,2424
1870,2444
1870,2464
1870,2484
1870,2504
1870,2524
1870,2544
1870,2564
1870,2584
1870,2604
1870,2624
1880,2244
1880,2264
1880,2284
1880,2304
1880,2324
1880,2344
1880,2364
1880,2384
1880,2404
1880,2424
1880,2444
1880,2464
1880,2484
1880,2504
1880,2524
1880,2544
1880,2564
1880,2584
1880,2604
1880,2624
1890,2244
1890,2264
1890,2284
1890,2304
1890,2324
1890,2344
1890,2364
1890,2384
1890,2404
1890,2424
1890,2444
1890,2464
1890,2484
1890,2504
1890,2524
1890,2544
1890,2564
1890,2584
1890,2604
1890,2624
1900,2244
1900,2264
1900,2284
1900,2304
1900,2324
1900,2344
1900,2364
1900,2384
1900,2404
1900,2424
1900,2444
1900,2464
1900,2484
1900,2504
1900,2524
1900,2544
1900,2564
1900,2584
1900,2604
1900,2624
1910,2244
1910,2264
1910,2284
1910,2304
1910,2324
1910,2344
1910,2364
1910,2384
1910,2404
1910,2424
1910,2444
1910,2464
1910,2484
1910,2504
1910,2524
1910,2544
1910,2564
1910,2584
1910,2604
1910,2624
1920,2244
1920,2264
1920,2284
1920,2304
1920,2324
1920,2344
1920,2364
1920,2384
1920,2404
1920,2424
1920,2444
1920,2464
1920,2484
1920,2504
1920,2524
1920,2544
1920,2564
1920,2584
1920,2604
1920,2624
1930,2244
1930,2264
1930,2284
1930,2304
1930,2324
1930,2344
1930,2364
1930,2384
1930,2404
1930,2424
1930,2444
1930,2464
1930,2484
1930,2504
1930,2524
1930,2544
1930,2564
1930,2584
1930,2604
1930,2624
1940,2244
1940,2264
1940,2284
1940,2304
1940,2324
1940,2344
1940,2364
1940,2384
1940,2404
1940,2424
1940,2444
1940,2464
1940,2484
1940,2504
1940,2524
1940,2544
1940,2564
1940,2584
1940,2604
1940,2624
1950,2244
1950,2264
1950,2284
1950,2304
1950,2324
1950,2344
1950,2364
1950,2384
1950,2404
1950,2424
1950,2444
1950,2464
1950,2484
1950,2504
1950,2524
1950,2544
1950,2564
1950,2584
1950,2604
1950,2624
1960,2244
1960,2264
1960,2284
1960,2304
1960,2324
1960,2344
1960,2364
1960,2384
1960,2404
1960,2424
1960,2444
1960,2464
1960,2484
1960,2504
1960,2524
1960,2544
1960,2564
1960,2584
1960,2604
1960,2624
1970,2244
1970,2264
1970,2284
1970,2304
1970,2324
1970,2344
1970,2364
1970,2384
1970,2404
1970,2424
1970,2444
1970,2464
1970,2484
1970,2504
1970,2524
1970,2544
1970,2564
1970,2584
1970,2604
1970,2624
1980,2244
1980,2264
1980,2284
1980,2304
1980,2324
1980,2344
1980,2364
1980,2384
1980,2404
1980,2424
1980,2444
1980,2464
1980,2484
1980,2504
1980,2524
1980,2544
1980,2564
1980,2584
1980,2604
1980,2624
1990,2244
1990,2264
1990,2284
1990,2304
1990,2324
1990,2344
1990,2364
1990,2384
1990,2404
1990,2424
1990,2444
1990,2464
1990,2484
1990,2504
1990,2524
1990,2544
1990,2564
1990,2584
1990,2604
1990,2624
2000,2244
2000,2264
2000,2284
2000,2304
2000,2324
2000,2344
2000,2364
2000,2384
2000,2404
2000,2424
2000,2444
2000,2464
2000,2484
2000,2504
2000,2524
2000,2544
2000,2564
2000,2584
2000,2604
2000,2624
2010,2244
2010,2264
2010,2284
2010,2304
2010,2324
2010,2344
2010,2364
2010,2384
2010,2404
2010,2424
2010,2444
2010,2464
2010,2484
2010,2504
2010,2524
2010,2544
2010,2564
2010,2584
2010,2604
2010,2624
2020,2244
2020,2264
2020,2284
2020,2304
2020,2324
2020,2344
2020,2364
2020,2384
2020,2404
2020,2424
2020,2444
2020,2464
2020,2484
2020,2504
2020,2524
2020,2544
2020,2564
2020,2584
2020,2604
2020,2624
2030,2244
2030,2264
2030,2284
2030,2304
2030,2324
2030,2344
2030,2364
2030,2384
2030,2404
2030,2424
2030,2444
2030,2464
2030,2484
2030,2504
2030,2524
2030,2544
2030,2564
2030,2584
2030,2604
2030,2624
2040,2244
2040,2264
2040,2284
2040,2304
2040,2324
2040,2344
2040,2364
2040,2384
2040,2404
2040,2424
2040,2444
2040,2464
2040,2484
2040,2504
2040,2524
2040,2544
2040,2564
2040,2584
2040,2604
2040,2624
2050,2244
2050,2264
2050,2284
2050,2304
2050,2324
2050,2344
2050,2364
2050,2384
2050,2404
2050,2424
2050,2444
2050,2464
2050,2484
2050,2504
2050,2524
2050,2544
2050,2564
2050,2584
2050,2604
2050,2624
2060,2244
2060,2264
2060,2284
2060,2304
2060,2324
2060,2344
2060,2364
2060,2384
2060,2404
2060,2424
2060,2444
2060,2464
2060,2484
2060,2504
2060,2524
2060,2544
2060,2564
2060,2584
2060,2604
2060,2624
2070,2244
2070,2264
2070,2284
2070,2304
2070,2324
2070,2344
2070,2364
2070,2384
2070,2404
2070,2424
2070,2444
2070,2464
2070,2484
2070,2504
2070,2524
2070,2544
2070,2564
2070,2584
2070,2604
2070,2624
2080,2244
2080,2264
2080,2284
2080,2304
2080,2324
2080,2344
2080,2364
2080,2384
2080,2404
2080,2424
2080,2444
2080,2464
2080,2484
2080,2504
2080,2524
2080,2544
2080,2564
2080,2584
2080,2604
2080,2624
2090,2244
2090,2264
2090,2284
2090,2304
2090,2324
2090,2344
2090,2364
2090,2384
2090,2404
2090,2424
2090,2444
2090,2464
2090,2484
2090,2504
2090,2524
2090,2544
2090,2564
2090,2584
2090,2604
2090,2624
2100,2244
2100,2264
2100,2284
2100,2304
2100,2324
2100,2344
2100,2364
2100,2384
2100,2404
2100,2424
2100,2444
2100,2464
2100,2484
2100,2504
2100,2524
2100,2544
2100,2564
2100,2584
2100,2604
2100,2624
2110,2244
2110,2264
2110,2284
2110,2304
2110,2324
2110,2344
2110,2364
2110,2384
2110,2404
2110,2424
2110,2444
2110,2464
2110,2484
2110,2504
2110,2524
2110,2544
2110,2564
2110,2584
2110,2604
2110,2624
2120,2244
2120,2264
2120,2284
2120,2304
2120,2324
2120,2344
2120,2364
2120,2384
2120,2404
2120,2424
2120,2444
2120,2464
2120,2484
2120,2504
2120,2524
2120,2544
2120,2564
2120,2584
2120,2604
2120,2624
2130,2244
2130,2264
2130,2284
2130,2304
2130,2324
2130,2344
2130,2364
2130,2384
2130,2404
2130,2424
2130,2444
2130,2464
2130,2484
2130,2504
2130,2524
2130,2544
2130,2564
2130,2584
2130,2604
2130,2624
2140,2244
2140,2264
2140,2284
2140,2304
2140,2324
2140,2344
2140,2364
2140,2384
2140,2404
2140,2424
2140,2444
2140,2464
2140,2484
2140,2504
2140,2524
2140,2544
2140,2564
2140,2584
2140,2604
2140,2624
2150,2244
2150,2264
2150,2284
2150,2304
2150,2324
2150,2344
2150,2364
2150,2384
2150,2404
2150,2424
2150,2444
2150,2464
2150,2484
2150,2504
2150,2524
2150,2544
2150,2564
2150,2584
2150,2604
2150,2624
2160,2244
2160,2264
2160,2284
2160,2304
2160,2324
2160,2344
2160,2364
2160,2384
2160,2404
2160,2424
2160,2444
2160,2464
2160,2484
2160,2504
2160,2524
2160,2544
2160,2564
2160,2584
2160,2604
2160,2624
2170,2244
2170,2264
2170,2284
2170,2304
2170,2324
2170,2344
2170,2364
2170,2384
2170,2404
2170,2424
2170,2444
2170,2464
2170,2484
2170,2504
2170,2524
2170,2544
2170,2564
2170,2584
2170,2604
2170,2624
2180,2244
2180,2264
2180,2284
2180,2304
2180,2324
2180,2344
2180,2364
2180,2384
2180,2404
2180,2424
2180,2444
2180,2464
2180,2484
2180,2504
2180,2524
2180,2544
2180,2564
2180,2584
2180,2604
2180,2624
2190,2244
2190,2264
2190,2284
2190,2304
2190,2324
2190,2344
2190,2364
2190,2384
2190,2404
2190,2424
2190,2444
2190,2464
2190,2484
2190,2504
2190,2524
2190,2544
2190,2564
2190,2584
2190,2604
2190,2624
2200,2244
2200,2264
2200,2284
2200,2304
2200,2324
2200,2344
2200,2364
2200,2384
2200,2404
2200,2424
2200,2444
2200,2464
2200,2484
2200,2504
2200,2524
2200,2544
2200,2564
2200,2584
2200,2604
2200,2624
2210,2244
2210,2264
2210,2284
2210,2304
2210,2324
2210,2344
2210,2364
2210,2384
2210,2404
2210,2424
2210,2444
2210,2464
2210,2484
2210,2504
2210,2524
2210,2544
2210,2564
2210,2584
2210,2604
2210,2624
2220,2244
2220,2264
2220,2284
2220,2304
2220,2324
2220,2344
2220,2364
2220,2384
2220,2404
2220,2424
2220,2444
2220,2464
2220,2484
2220,2504
2220,2524
2220,2544
2220,2564
2220,2584
2220,2604
2220,2624
2230,2244
2230,2264
2230,2284
2230,2304
2230,2324
2230,2344
2230,2364
2230,2384
2230,2404
2230,2424
2230,2444
2230,2464
2230,2484
2230,2504
2230,2524
2230,2544
2230,2564
2230,2584
2230,2604
2230,2624
2240,2244
2240,2264
2240,2284
2240,2304
2240,2324
2240,2344
2240,2364
2240,2384
2240,2404
2240,2424
2240,2444
2240,2464
2240,2484
2240,2504
2240,2524
2240,2544
2240,2564
2240,2584
2240,2604
2240,2624
0,4210
0,4230
0,4250
0,4270
0,4290
0,4310
0,4330
0,4350
0,4370
0,4390
0,4410
0,4430
0,4450
0,4470
0,4490
10,4210
10,4230
10,4250
10,4270
10,4290
10,4310
10,4330
10,4350
10,4370
10,4390
10,4410
10,4430
10,4450
10,4470
10,4490
20,4210
20,4230
20,4250
20,4270
20,4290
20,4310
20,4330
20,4350
20,4370
20,4390
20,4410
20,4430
20,4450
20,4470
20,4490
30,4210
30,4230
30,4250
30,4270
30,4290
30,4310
30,4330
30,4350
30,4370
30,4390
30,4410
30,4430
30,4450
30,4470
30,4490
40,4210
40,4230
40,4250
40,4270
40,4290
40,4310
40,4330
40,4350
40,4370
40,4390
40,4410
40,4430
40,4450
40,4470
40,4490
50,4210
50,4230
50,4250
50,4270
50,4290
50,4310
50,4330
50,4350
50,4370
50,4390
50,4410
50,4430
50,4450
50,4470
50,4490
60,4210
60,4230
60,4250
60,4270
60,4290
60,4310
60,4330
60,4350
60,4370
60,4390
60,4410
60,4430
60,4450
60,4470
60,4490
70,4210
70,4230
70,4250
70,4270
70,4290
70,4310
70,4330
70,4350
70,4370
70,4390
70,4410
70,4430
70,4450
70,4470
70,4490
80,4210
80,4230
80,4250
80,4270
80,4290
80,4310
80,4330
80,4350
80,4370
80,4390
80,4410
80,4430
80,4450
80,4470
80,4490
90,4210
90,4230
90,4250
90,4270
90,4290
90,4310
90,4330
90,4350
90,4370
90,4390
90,4410
90,4430
90,4450
90,4470
90,4490
100,4210
100,4230
100,4250
100,4270
100,4290
100,4310
100,4330
100,4350
100,4370
100,4390
100,4410
100,4430
100,4450
100,4470
100,4490
110,4210
110,4230
110,4250
110,4270
110,4290
110,4310
110,4330
110,4350
110,4370
110,4390
110,4410
110,4430
110,4450
110,4470
110,4490
120,4210
120,4230
120,4250
120,4270
120,4290
120,4310
120,4330
120,4350
120,4370
120,4390
120,4410
120,4430
120,4450
120,4470
120,4490
130,4210
130,4230
130,4250
130,4270
130,4290
130,4310
130,4330
130,4350
130,4370
130,4390
130,4410
130,4430
130,4450
130,4470
130,4490
140,4210
140,4230
140,4250
140,4270
140,4290
140,4310
140,4330
140,4350
140,4370
140,4390
140,4410
140,4430
140,4450
140,4470
140,4490
150,4210
150,4230
150,4250
150,4270
150,4290
150,4310
150,4330
150,4350
150,4370
150,4390
150,4410
150,4430
150,4450
150,4470
150,4490
160,4210
160,4230
160,4250
160,4270
160,4290
160,4310
160,4330
160,4350
160,4370
160,4390
160,4410
160,4430
160,4450
160,4470
160,4490
170,4210
170,4230
170,4250
170,4270
170,4290
170,4310
170,4330
170,4350
170,4370
170,4390
170,4410
170,4430
170,4450
170,4470
170,4490
180,4210
180,4230
180,4250
180,4270
180,4290
180,4310
180,4330
180,4350
180,4370
180,4390
180,4410
180,4430
180,4450
180,4470
180,4490
190,4210
190,4230
190,4250
190,4270
190,4290
190,4310
190,4330
190,4350
190,4370
190,4390
190,4410
190,4430
190,4450
190,4470
190,4490
200,4210
200,4230
200,4250
200,4270
200,4290
200,4310
200,4330
200,4350
200,4370
200,4390
200,4410
200,4430
200,4450
200,4470
200,4490
210,4210
210,4230
210,4250
210,4270
210,4290
210,4310
210,4330
210,4350
210,4370
210,4390
210,4410
210,4430
210,4450
210,4470
210,4490
220,4210
220,4230
220,4250
220,4270
220,4290
220,4310
220,4330
220,4350
220,4370
220,4390
220,4410
220,4430
220,4450
220,4470
220,4490
230,4210
230,4230
230,4250
230,4270
230,4290
230,4310
230,4330
230,4350
230,4370
230,4390
230,4410
230,4430
230,4450
230,4470
230,4490
240,4210
240,4230
240,4250
240,4270
240,4290
240,4310
240,4330
240,4350
240,4370
240,4390
240,4410
240,4430
240,4450
240,4470
240,4490
250,4210
250,4230
250,4250
250,4270
250,4290
250,4310
250,4330
250,4350
250,4370
250,4390
250,4410
250,4430
250,4450
250,4470
250,4490
260,4210
260,4230
260,4250
260,4270
260,4290
260,4310
260,4330
260,4350
260,4370
260,4390
260,4410
260,4430
260,4450
260,4470
260,4490
270,4210
270,4230
270,4250
270,4270
270,4290
270,4310
270,4330
270,4350
270,4370
270,4390
270,4410
270,4430
270,4450
270,4470
270,4490
280,4210
280,4230
280,4250
280,4270
280,4290
280,4310
280,4330
280,4350
280,4370
280,4390
280,4410
280,4430
280,4450
280,4470
280,4490
290,4210
290,4230
290,4250
290,4270
290,4290
290,4310
290,4330
290,4350
290,4370
290,4390
290,4410
290,4430
290,4450
290,4470
290,4490
300,4210
300,4230
300,4250
300,4270
300,4290
300,4310
300,4330
300,4350
300,4370
300,4390
300,4410
300,4430
300,4450
300,4470
300,4490
310,4210
310,4230
310,4250
310,4270
310,4290
310,4310
310,4330
310,4350
310,4370
310,4390
310,4410
310,4430
310,4450
310,4470
310,4490
320,4210
320,4230
320,4250
320,4270
320,4290
320,4310
320,4330
320,4350
320,4370
320,4390
320,4410
320,4430
320,4450
320,4470
320,4490
330,4210
330,4230
330,4250
330,4270
330,4290
330,4310
330,4330
330,4350
330,4370
330,4390
330,4410
330,4430
330,4450
330,4470
330,4490
340,4210
340,4230
340,4250
340,4270
340,4290
340,4310
340,4330
340,4350
340,4370
340,4390
340,4410
340,4430
340,4450
340,4470
340,4490
350,4210
350,4230
350,4250
350,4270
350,4290
350,4310
350,4330
350,4350
350,4370
350,4390
350,4410
350,4430
350,4450
350,4470
350,4490
360,4210
360,4230
360,4250
360,4270
360,4290
360,4310
360,4330
360,4350
360,4370
360,4390
360,4410
360,4430
360,4450
360,4470
360,4490
370,4210
370,4230
370,4250
370,4270
370,4290
370,4310
370,4330
370,4350
370,4370
370,4390
370,4410
370,4430
370,4450
370,4470
370,4490
380,4210
380,4230
380,4250
380,4270
380,4290
380,4310
380,4330
380,4350
380,4370
380,4390
380,4410
380,4430
380,4450
380,4470
380,4490
390,4210
390,4230
390,4250
390,4270
390,4290
390,4310
390,4330
390,4350
390,4370
390,4390
390,4410
390,4430
390,4450
390,4470
390,4490
400,4210
400,4230
400,4250
400,4270
400,4290
400,4310
400,4330
400,4350
400,4370
400,4390
400,4410
400,4430
400,4450
400,4470
400,4490
410,4210
410,4230
410,4250
410,4270
410,4290
410,4310
410,4330
410,4350
410,4370
410,4390
410,4410
410,4430
410,4450
410,4470
410,4490
420,4210
420,4230
420,4250
420,4270
420,4290
420,4310
420,4330
420,4350
420,4370
420,4390
420,4410
420,4430
420,4450
420,4470
420,4490
430,4210
430,4230
430,4250
430,4270
430,4290
430,4310
430,4330
430,4350
430,4370
430,4390
430,4410
430,4430
430,4450
430,4470
430,4490
440,4210
440,4230
440,4250
440,4270
440,4290
440,4310
440,4330
440,4350
440,4370
440,4390
440,4410
440,4430
440,4450
440,4470
440,4490
450,4210
450,4230
450,4250
450,4270
450,4290
450,4310
450,4330
450,4350
450,4370
450,4390
450,4410
450,4430
450,4450
450,4470
450,4490
460,4210
460,4230
460,4250
460,4270
460,4290
460,4310
460,4330
460,4350
460,4370
460,4390
460,4410
460,4430
460,4450
460,4470
460,4490
470,4210
470,4230
470,4250
470,4270
470,4290
470,4310
470,4330
470,4350
470,4370
470,4390
470,4410
470,4430
470,4450
470,4470
470,4490
480,4210
480,4230
480,4250
480,4270
480,4290
480,4310
480,4330
480,4350
480,4370
480,4390
480,4410
480,4430
480,4450
480,4470
480,4490
490,4210
490,4230
490,4250
490,4270
490,4290
490,4310
490,4330
490,4350
490,4370
490,4390
490,4410
490,4430
490,4450
490,4470
490,4490
500,4210
500,4230
500,4250
500,4270
500,4290
500,4310
500,4330
500,4350
500,4370
500,4390
500,4410
500,4430
500,4450
500,4470
500,4490
510,4210
510,4230
510,4250
510,4270
510,4290
510,4310
510,4330
510,4350
510,4370
510,4390
510,4410
510,4430
510,4450
510,4470
510,4490
520,4210
520,4230
520,4250
520,4270
520,4290
520,4310
520,4330
520,4350
520,4370
520,4390
520,4410
520,4430
520,4450
520,4470
520,4490
530,4210
530,4230
530,4250
530,4270
530,4290
530,4310
530,4330
530,4350
530,4370
530,4390
530,4410
530,4430
530,4450
530,4470
530,4490
540,4210
540,4230
540,4250
540,4270
540,4290
540,4310
540,4330
540,4350
540,4370
540,4390
540,4410
540,4430
540,4450
540,4470
540,4490
550,4210
550,4230
550,4250
550,4270
550,4290
550,4310
550,4330
550,4350
550,4370
550,4390
550,4410
550,4430
550,4450
550,4470
550,4490
560,4210
560,4230
560,4250
560,4270
560,4290
560,4310
560,4330
560,4350
560,4370
560,4390
560,4410
560,4430
560,4450
560,4470
560,4490
570,4210
570,4230
570,4250
570,4270
570,4290
570,4310
570,4330
570,4350
570,4370
570,4390
570,4410
570,4430
570,4450
570,4470
570,4490
580,4210
580,4230
580,4250
580,4270
580,4290
580,4310
580,4330
580,4350
580,4370
580,4390
580,4410
580,4430
580,4450
580,4470
580,4490
590,4210
590,4230
590,4250
590,4270
590,4290
590,4310
590,4330
590,4350
590,4370
590,4390
590,4410
590,4430
590,4450
590,4470
590,4490
600,4210
600,4230
600,4250
600,4270
600,4290
600,4310
600,4330
600,4350
600,4370
600,4390
600,4410
600,4430
600,4450
600,4470
600,4490
610,4210
610,4230
610,4250
610,4270
610,4290
610,4310
610,4330
610,4350
610,4370
610,4390
610,4410
610,4430
610,4450
610,4470
610,4490
620,4210
620,4230
620,4250
620,4270
620,4290
620,4310
620,4330
620,4350
620,4370
620,4390
620,4410
620,4430
620,4450
620,4470
620,4490
630,4210
630,4230
630,4250
630,4270
630,4290
630,4310
630,4330
630,4350
630,4370
630,4390
630,4410
630,4430
630,4450
630,4470
630,4490
640,4210
640,4230
640,4250
640,4270
640,4290
640,4310
640,4330
640,4350
640,4370
640,4390
640,4410
640,4430
640,4450
640,4470
640,4490
650,4210
650,4230
650,4250
650,4270
650,4290
650,4310
650,4330
650,4350
650,4370
650,4390
650,4410
650,4430
650,4450
650,4470
650,4490
660,4210
660,4230
660,4250
660,4270
660,4290
660,4310
660,4330
660,4350
660,4370
660,4390
660,4410
660,4430
660,4450
660,4470
660,4490
670,4210
670,4230
670,4250
670,4270
670,4290
670,4310
670,4330
670,4350
670,4370
670,4390
670,4410
670,4430
670,4450
670,4470
670,4490
680,4210
680,4230
680,4250
680,4270
680,4290
680,4310
680,4330
680,4350
680,4370
680,4390
680,4410
680,4430
680,4450
680,4470
680,4490
690,4210
690,4230
690,4250
690,4270
690,4290
690,4310
690,4330
690,4350
690,4370
690,4390
690,4410
690,4430
690,4450
690,4470
690,4490
700,4210
700,4230
700,4250
700,4270
700,4290
700,4310
700,4330
700,4350
700,4370
700,4390
700,4410
700,4430
700,4450
700,4470
700,4490
710,4210
710,4230
710,4250
710,4270
710,4290
710,4310
710,4330
710,4350
710,4370
710,4390
710,4410
710,4430
710,4450
710,4470
710,4490
720,4210
720,4230
720,4250
720,4270
720,4290
720,4310
720,4330
720,4350
720,4370
720,4390
720,4410
720,4430
720,4450
720,4470
720,4490
730,4210
730,4230
730,4250
730,4270
730,4290
730,4310
730,4330
730,4350
730,4370
730,4390
730,4410
730,4430
730,4450
730,4470
730,4490
740,4210
740,4230
740,4250
740,4270
740,4290
740,4310
740,4330
740,4350
740,4370
740,4390
740,4410
740,4430
740,4450
740,4470
740,4490
750,4210
750,4230
750,4250
750,4270
750,4290
750,4310
750,4330
750,4350
750,4370
750,4390
750,4410
750,4430
750,4450
750,4470
750,4490
760,4210
760,4230
760,4250
760,4270
760,4290
760,4310
760,4330
760,4350
760,4370
760,4390
760,4410
760,4430
760,4450
760,4470
760,4490
770,4210
770,4230
770,4250
770,4270
770,4290
770,4310
770,4330
770,4350
770,4370
770,4390
770,4410
770,4430
770,4450
770,4470
770,4490
780,4210
780,4230
780,4250
780,4270
780,4290
780,4310
780,4330
780,4350
780,4370
780,4390
780,4410
780,4430
780,4450
780,4470
780,4490
790,4210
790,4230
790,4250
790,4270
790,4290
790,4310
790,4330
790,4350
790,4370
790,4390
790,4410
790,4430
790,4450
790,4470
790,4490
800,4210
800,4230
800,4250
800,4270
800,4290
800,4310
800,4330
800,4350
800,4370
800,4390
800,4410
800,4430
800,4450
800,4470
800,4490
810,4210
810,4230
810,4250
810,4270
810,4290
810,4310
810,4330
810,4350
810,4370
810,4390
810,4410
810,4430
810,4450
810,4470
810,4490
820,4210
820,4230
820,4250
820,4270
820,4290
820,4310
820,4330
820,4350
820,4370
820,4390
820,4410
820,4430
820,4450
820,4470
820,4490
830,4210
830,4230
830,4250
830,4270
830,4290
830,4310
830,4330
830,4350
830,4370
830,4390
830,4410
830,4430
830,4450
830,4470
830,4490
840,4210
840,4230
840,4250
840,4270
840,4290
840,4310
840,4330
840,4350
840,4370
840,4390
840,4410
840,4430
840,4450
840,4470
840,4490
850,4210
850,4230
850,4250
850,4270
850,4290
850,4310
850,4330
850,4350
850,4370
850,4390
850,4410
850,4430
850,4450
850,4470
850,4490
860,4210
860,4230
860,4250
860,4270
860,4290
860,4310
860,4330
860,4350
860,4370
860,4390
860,4410
860,4430
860,4450
860,4470
860,4490
870,4210
870,4230
870,4250
870,4270
870,4290
870,4310
870,4330
870,4350
870,4370
870,4390
870,4410
870,4430
870,4450
870,4470
870,4490
880,4210
880,4230
880,4250
880,4270
880,4290
880,4310
880,4330
880,4350
880,4370
880,4390
880,4410
880,4430
880,4450
880,4470
880,4490
890,4210
890,4230
890,4250
890,4270
890,4290
890,4310
890,4330
890,4350
890,4370
890,4390
890,4410
890,4430
890,4450
890,4470
890,4490
900,4210
900,4230
900,4250
900,4270
900,4290
900,4310
900,4330
900,4350
900,4370
900,4390
900,4410
900,4430
900,4450
900,4470
900,4490
910,4210
910,4230
910,4250
910,4270
910,4290
910,4310
910,4330
910,4350
910,4370
910,4390
910,4410
910,4430
910,4450
910,4470
910,4490
920,4210
920,4230
920,4250
920,4270
920,4290
920,4310
920,4330
920,4350
920,4370
920,4390
920,4410
920,4430
920,4450
920,4470
920,4490
930,4210
930,4230
930,4250
930,4270
930,4290
930,4310
930,4330
930,4350
930,4370
930,4390
930,4410
930,4430
930,4450
930,4470
930,4490
940,4210
940,4230
940,4250
940,4270
940,4290
940,4310
940,4330
940,4350
940,4370
940,4390
940,4410
940,4430
940,4450
940,4470
940,4490
950,4210
950,4230
950,4250
950,4270
950,4290
950,4310
950,4330
950,4350
950,4370
950,4390
950,4410
950,4430
950,4450
950,4470
950,4490
960,4210
960,4230
960,4250
960,4270
960,4290
960,4310
960,4330
960,4350
960,4370
960,4390
960,4410
960,4430
960,4450
960,4470
960,4490
970,4210
970,4230
970,4250
970,4270
970,4290
970,4310
970,4330
970,4350
970,4370
970,4390
970,4410
970,4430
970,4450
970,4470
970,4490
980,4210
980,4230
980,4250
980,4270
980,4290
980,4310
980,4330
980,4350
980,4370
980,4390
980,4410
980,4430
980,4450
980,4470
980,4490
990,4210
990,4230
990,4250
990,4270
990,4290
990,4310
990,4330
990,4350
990,4370
990,4390
990,4410
990,4430
990,4450
990,4470
990,4490
1000,4210
1000,4230
1000,4250
1000,4270
1000,4290
1000,4310
1000,4330
1000,4350
1000,4370
1000,4390
1000,4410
1000,4430
1000,4450
1000,4470
1000,4490
1010,4210
1010,4230
1010,4250
1010,4270
1010,4290
1010,4310
1010,4330
1010,4350
1010,4370
1010,4390
1010,4410
1010,4430
1010,4450
1010,4470
1010,4490
1020,4210
1020,4230
1020,4250
1020,4270
1020,4290
1020,4310
1020,4330
1020,4350
1020,4370
1020,4390
1020,4410
1020,4430
1020,4450
1020,4470
1020,4490
1030,4210
1030,4230
1030,4250
1030,4270
1030,4290
1030,4310
1030,4330
1030,4350
1030,4370
1030,4390
1030,4410
1030,4430
1030,4450
1030,4470
1030,4490
1040,4210
1040,4230
1040,4250
1040,4270
1040,4290
1040,4310
1040,4330
1040,4350
1040,4370
1040,4390
1040,4410
1040,4430
1040,4450
1040,4470
1040,4490
1050,4210
1050,4230
1050,4250
1050,4270
1050,4290
1050,4310
1050,4330
1050,4350
1050,4370
1050,4390
1050,4410
1050,4430
1050,4450
1050,4470
1050,4490
1060,4210
1060,4230
1060,4250
1060,4270
1060,4290
1060,4310
1060,4330
1060,4350
1060,4370
1060,4390
1060,4410
1060,4430
1060,4450
1060,4470
1060,4490
1070,4210
1070,4230
1070,4250
1070,4270
1070,4290
1070,4310
1070,4330
1070,4350
1070,4370
1070,4390
1070,4410
1070,4430
1070,4450
1070,4470
1070,4490
1080,4210
1080,4230
1080,4250
1080,4270
1080,4290
1080,4310
1080,4330
1080,4350
1080,4370
1080,4390
1080,4410
1080,4430
1080,4450
1080,4470
1080,4490
1090,4210
1090,4230
1090,4250
1090,4270
1090,4290
1090,4310
1090,4330
1090,4350
1090,4370
1090,4390
1090,4410
1090,4430
1090,4450
1090,4470
1090,4490
1100,4210
1100,4230
1100,4250
1100,4270
1100,4290
1100,4310
1100,4330
1100,4350
1100,4370
1100,4390
1100,4410
1100,4430
1100,4450
1100,4470
1100,4490
1110,4210
1110,4230
1110,4250
1110,4270
1110,4290
1110,4310
1110,4330
1110,4350
1110,4370
1110,4390
1110,4410
1110,4430
1110,4450
1110,4470
1110,4490
1120,4210
1120,4230
1120,4250
1120,4270
1120,4290
1120,4310
1120,4330
1120,4350
1120,4370
1120,4390
1120,4410
1120,4430
1120,4450
1120,4470
1120,4490
1130,4210
1130,4230
1130,4250
1130,4270
1130,4290
1130,4310
1130,4330
1130,4350
1130,4370
1130,4390
1130,4410
1130,4430
1130,4450
1130,4470
1130,4490
1140,4210
1140,4230
1140,4250
1140,4270
1140,4290
1140,4310
1140,4330
1140,4350
1140,4370
1140,4390
1140,4410
1140,4430
1140,4450
1140,4470
1140,4490
1150,4210
1150,4230
1150,4250
1150,4270
1150,4290
1150,4310
1150,4330
1150,4350
1150,4370
1150,4390
1150,4410
1150,4430
1150,4450
1150,4470
1150,4490
1160,4210
1160,4230
1160,4250
1160,4270
1160,4290
1160,4310
1160,4330
1160,4350
1160,4370
1160,4390
1160,4410
1160,4430
1160,4450
1160,4470
1160,4490
1170,4210
1170,4230
1170,4250
1170,4270
1170,4290
1170,4310
1170,4330
1170,4350
1170,4370
1170,4390
1170,4410
1170,4430
1170,4450
1170,4470
1170,4490
1180,4210
1180,4230
1180,4250
1180,4270
1180,4290
1180,4310
1180,4330
1180,4350
1180,4370
1180,4390
1180,4410
1180,4430
1180,4450
1180,4470
1180,4490
1190,4210
1190,4230
1190,4250
1190,4270
1190,4290
1190,4310
1190,4330
1190,4350
1190,4370
1190,4390
1190,4410
1190,4430
1190,4450
1190,4470
1190,4490
1200,4210
1200,4230
1200,4250
1200,4270
1200,4290
1200,4310
1200,4330
1200,4350
1200,4370
1200,4390
1200,4410
1200,4430
1200,4450
1200,4470
1200,4490
1210,4210
1210,4230
1210,4250
1210,4270
1210,4290
1210,4310
1210,4330
1210,4350
1210,4370
1210,4390
1210,4410
1210,4430
1210,4450
1210,4470
1210,4490
1220,4210
1220,4230
1220,4250
1220,4270
1220,4290
1220,4310
1220,4330
1220,4350
1220,4370
1220,4390
1220,4410
1220,4430
1220,4450
1220,4470
1220,4490
1230,4210
1230,4230
1230,4250
1230,4270
1230,4290
1230,4310
1230,4330
1230,4350
1230,4370
1230,4390
1230,4410
1230,4430
1230,4450
1230,4470
1230,4490
1240,4210
1240,4230
1240,4250
1240,4270
1240,4290
1240,4310
1240,4330
1240,4350
1240,4370
1240,4390
1240,4410
1240,4430
1240,4450
1240,4470
1240,4490
1250,4210
1250,4230
1250,4250
1250,4270
1250,4290
1250,4310
1250,4330
1250,4350
1250,4370
1250,4390
1250,4410
1250,4430
1250,4450
1250,4470
1250,4490
1260,4210
1260,4230
1260,4250
1260,4270
1260,4290
1260,4310
1260,4330
1260,4350
1260,4370
1260,4390
1260,4410
1260,4430
1260,4450
1260,4470
1260,4490
1270,4210
1270,4230
1270,4250
1270,4270
1270,4290
1270,4310
1270,4330
1270,4350
1270,4370
1270,4390
1270,4410
1270,4430
1270,4450
1270,4470
1270,4490
1280,4210
1280,4230
1280,4250
1280,4270
1280,4290
1280,4310
1280,4330
1280,4350
1280,4370
1280,4390
1280,4410
1280,4430
1280,4450
1280,4470
1280,4490
1290,4210
1290,4230
1290,4250
1290,4270
1290,4290
1290,4310
1290,4330
1290,4350
1290,4370
1290,4390
1290,4410
1290,4430
1290,4450
1290,4470
1290,4490
1300,4210
1300,4230
1300,4250
1300,4270
1300,4290
1300,4310
1300,4330
1300,4350
1300,4370
1300,4390
1300,4410
1300,4430
1300,4450
1300,4470
1300,4490
1310,4210
1310,4230
1310,4250
1310,4270
1310,4290
1310,4310
1310,4330
1310,4350
1310,4370
1310,4390
1310,4410
1310,4430
1310,4450
1310,4470
1310,4490
1320,4210
1320,4230
1320,4250
1320,4270
1320,4290
1320,4310
1320,4330
1320,4350
1320,4370
1320,4390
1320,4410
1320,4430
1320,4450
1320,4470
1320,4490
1330,4210
1330,4230
1330,4250
1330,4270
1330,4290
1330,4310
1330,4330
1330,4350
1330,4370
1330,4390
1330,4410
1330,4430
1330,4450
1330,4470
1330,4490
1340,4210
1340,4230
1340,4250
1340,4270
1340,4290
1340,4310
1340,4330
1340,4350
1340,4370
1340,4390
1340,4410
1340,4430
1340,4450
1340,4470
1340,4490
1350,4210
1350,4230
1350,4250
1350,4270
1350,4290
1350,4310
1350,4330
1350,4350
1350,4370
1350,4390
1350,4410
1350,4430
1350,4450
1350,4470
1350,4490
1360,4210
1360,4230
1360,4250
1360,4270
1360,4290
1360,4310
1360,4330
1360,4350
1360,4370
1360,4390
1360,4410
1360,4430
1360,4450
1360,4470
1360,4490
1370,4210
1370,4230
1370,4250
1370,4270
1370,4290
1370,4310
1370,4330
1370,4350
1370,4370
1370,4390
1370,4410
1370,4430
1370,4450
1370,4470
1370,4490
1380,4210
1380,4230
1380,4250
1380,4270
1380,4290
1380,4310
1380,4330
1380,4350
1380,4370
1380,4390
1380,4410
1380,4430
1380,4450
1380,4470
1380,4490
1390,4210
1390,4230
1390,4250
1390,4270
1390,4290
1390,4310
1390,4330
1390,4350
1390,4370
1390,4390
1390,4410
1390,4430
1390,4450
1390,4470
1390,4490
1400,4210
1400,4230
1400,4250
1400,4270
1400,4290
1400,4310
1400,4330
1400,4350
1400,4370
1400,4390
1400,4410
1400,4430
1400,4450
1400,4470
1400,4490
1410,4210
1410,4230
1410,4250
1410,4270
1410,4290
1410,4310
1410,4330
1410,4350
1410,4370
1410,4390
1410,4410
1410,4430
1410,4450
1410,4470
1410,4490
1420,4210
1420,4230
1420,4250
1420,4270
1420,4290
1420,4310
1420,4330
1420,4350
1420,4370
1420,4390
1420,4410
1420,4430
1420,4450
1420,4470
1420,4490
1430,4210
1430,4230
1430,4250
1430,4270
1430,4290
1430,4310
1430,4330
1430,4350
1430,4370
1430,4390
1430,4410
1430,4430
1430,4450
1430,4470
1430,4490
1440,4210
1440,4230
1440,4250
1440,4270
1440,4290
1440,4310
1440,4330
1440,4350
1440,4370
1440,4390
1440,4410
1440,4430
1440,4450
1440,4470
1440,4490
1450,4210
1450,4230
1450,4250
1450,4270
1450,4290
1450,4310
1450,4330
1450,4350
1450,4370
1450,4390
1450,4410
1450,4430
1450,4450
1450,4470
1450,4490
1460,4210
1460,4230
1460,4250
1460,4270
1460,4290
1460,4310
1460,4330
1460,4350
1460,4370
1460,4390
1460,4410
1460,4430
1460,4450
1460,4470
1460,4490
1470,4210
1470,4230
1470,4250
1470,4270
1470,4290
1470,4310
1470,4330
1470,4350
1470,4370
1470,4390
1470,4410
1470,4430
1470,4450
1470,4470
1470,4490
1480,4210
1480,4230
1480,4250
1480,4270
1480,4290
1480,4310
1480,4330
1480,4350
1480,4370
1480,4390
1480,4410
1480,4430
1480,4450
1480,4470
1480,4490
1490,4210
1490,4230
1490,4250
1490,4270
1490,4290
1490,4310
1490,4330
1490,4350
1490,4370
1490,4390
1490,4410
1490,4430
1490,4450
1490,4470
1490,4490
1500,4210
1500,4230
1500,4250
1500,4270
1500,4290
1500,4310
1500,4330
1500,4350
1500,4370
1500,4390
1500,4410
1500,4430
1500,4450
1500,4470
1500,4490
1510,4210
1510,4230
1510,4250
1510,4270
1510,4290
1510,4310
1510,4330
1510,4350
1510,4370
1510,4390
1510,4410
1510,4430
1510,4450
1510,4470
1510,4490
1520,4210
1520,4230
1520,4250
1520,4270
1520,4290
1520,4310
1520,4330
1520,4350
1520,4370
1520,4390
1520,4410
1520,4430
1520,4450
1520,4470
1520,4490
1530,4210
1530,4230
1530,4250
1530,4270
1530,4290
1530,4310
1530,4330
1530,4350
1530,4370
1530,4390
1530,4410
1530,4430
1530,4450
1530,4470
1530,4490
1540,4210
1540,4230
1540,4250
1540,4270
1540,4290
1540,4310
1540,4330
1540,4350
1540,4370
1540,4390
1540,4410
1540,4430
1540,4450
1540,4470
1540,4490
1550,4210
1550,4230
1550,4250
1550,4270
1550,4290
1550,4310
1550,4330
1550,4350
1550,4370
1550,4390
1550,4410
1550,4430
1550,4450
1550,4470
1550,4490
1560,4210
1560,4230
1560,4250
1560,4270
1560,4290
1560,4310
1560,4330
1560,4350
1560,4370
1560,4390
1560,4410
1560,4430
1560,4450
1560,4470
1560,4490
1570,4210
1570,4230
1570,4250
1570,4270
1570,4290
1570,4310
1570,4330
1570,4350
1570,4370
1570,4390
1570,4410
1570,4430
1570,4450
1570,4470
1570,4490
1580,4210
1580,4230
1580,4250
1580,4270
1580,4290
1580,4310
1580,4330
1580,4350
1580,4370
1580,4390
1580,4410
1580,4430
1580,4450
1580,4470
1580,4490
1590,4210
1590,4230
1590,4250
1590,4270
1590,4290
1590,4310
1590,4330
1590,4350
1590,4370
1590,4390
1590,4410
1590,4430
1590,4450
1590,4470
1590,4490
1600,4210
1600,4230
1600,4250
1600,4270
1600,4290
1600,4310
1600,4330
1600,4350
1600,4370
1600,4390
1600,4410
1600,4430
1600,4450
1600,4470
1600,4490
1610,4210
1610,4230
1610,4250
1610,4270
1610,4290
1610,4310
1610,4330
1610,4350
1610,4370
1610,4390
1610,4410
1610,4430
1610,4450
1610,4470
1610,4490
1620,4210
1620,4230
1620,4250
1620,4270
1620,4290
1620,4310
1620,4330
1620,4350
1620,4370
1620,4390
1620,4410
1620,4430
1620,4450
1620,4470
1620,4490
1630,4210
1630,4230
1630,4250
1630,4270
1630,4290
1630,4310
1630,4330
1630,4350
1630,4370
1630,4390
1630,4410
1630,4430
1630,4450
1630,4470
1630,4490
1640,4210
1640,4230
1640,4250
1640,4270
1640,4290
1640,4310
1640,4330
1640,4350
1640,4370
1640,4390
1640,4410
1640,4430
1640,4450
1640,4470
1640,4490
1650,4210
1650,4230
1650,4250
1650,4270
1650,4290
1650,4310
1650,4330
1650,4350
1650,4370
1650,4390
1650,4410
1650,4430
1650,4450
1650,4470
1650,4490
1660,4210
1660,4230
1660,4250
1660,4270
1660,4290
1660,4310
1660,4330
1660,4350
1660,4370
1660,4390
1660,4410
1660,4430
1660,4450
1660,4470
1660,4490
1670,4210
1670,4230
1670,4250
1670,4270
1670,4290
1670,4310
1670,4330
1670,4350
1670,4370
1670,4390
1670,4410
1670,4430
1670,4450
1670,4470
1670,4490
1680,4210
1680,4230
1680,4250
1680,4270
1680,4290
1680,4310
1680,4330
1680,4350
1680,4370
1680,4390
1680,4410
1680,4430
1680,4450
1680,4470
1680,4490
1690,4210
1690,4230
1690,4250
1690,4270
1690,4290
1690,4310
1690,4330
1690,4350
1690,4370
1690,4390
1690,4410
1690,4430
1690,4450
1690,4470
1690,4490
1700,4210
1700,4230
1700,4250
1700,4270
1700,4290
1700,4310
1700,4330
1700,4350
1700,4370
1700,4390
1700,4410
1700,4430
1700,4450
1700,4470
1700,4490
1710,4210
1710,4230
1710,4250
1710,4270
1710,4290
1710,4310
1710,4330
1710,4350
1710,4370
1710,4390
1710,4410
1710,4430
1710,4450
1710,4470
1710,4490
1720,4210
1720,4230
1720,4250
1720,4270
1720,4290
1720,4310
1720,4330
1720,4350
1720,4370
1720,4390
1720,4410
1720,4430
1720,4450
1720,4470
1720,4490
1730,4210
1730,4230
1730,4250
1730,4270
1730,4290
1730,4310
1730,4330
1730,4350
1730,4370
1730,4390
1730,4410
1730,4430
1730,4450
1730,4470
1730,4490
1740,4210
1740,4230
1740,4250
1740,4270
1740,4290
1740,4310
1740,4330
1740,4350
1740,4370
1740,4390
1740,4410
1740,4430
1740,4450
1740,4470
1740,4490
1750,4210
1750,4230
1750,4250
1750,4270
1750,4290
1750,4310
1750,4330
1750,4350
1750,4370
1750,4390
1750,4410
1750,4430
1750,4450
1750,4470
1750,4490
1760,4210
1760,4230
1760,4250
1760,4270
1760,4290
1760,4310
1760,4330
1760,4350
1760,4370
1760,4390
1760,4410
1760,4430
1760,4450
1760,4470
1760,4490
1770,4210
1770,4230
1770,4250
1770,4270
1770,4290
1770,4310
1770,4330
1770,4350
1770,4370
1770,4390
1770,4410
1770,4430
1770,4450
1770,4470
1770,4490
1780,4210
1780,4230
1780,4250
1780,4270
1780,4290
1780,4310
1780,4330
1780,4350
1780,4370
1780,4390
1780,4410
1780,4430
1780,4450
1780,4470
1780,4490
1790,4210
1790,4230
1790,4250
1790,4270
1790,4290
1790,4310
1790,4330
1790,4350
1790,4370
1790,4390
1790,4410
1790,4430
1790,4450
1790,4470
1790,4490
1800,4210
1800,4230
1800,4250
1800,4270
1800,4290
1800,4310
1800,4330
1800,4350
1800,4370
1800,4390
1800,4410
1800,4430
1800,4450
1800,4470
1800,4490
1810,4210
1810,4230
1810,4250
1810,4270
1810,4290
1810,4310
1810,4330
1810,4350
1810,4370
1810,4390
1810,4410
1810,4430
1810,4450
1810,4470
1810,4490
1820,4210
1820,4230
1820,4250
1820,4270
1820,4290
1820,4310
1820,4330
1820,4350
1820,4370
1820,4390
1820,4410
1820,4430
1820,4450
1820,4470
1820,4490
1830,4210
1830,4230
1830,4250
1830,4270
1830,4290
1830,4310
1830,4330
1830,4350
1830,4370
1830,4390
1830,4410
1830,4430
1830,4450
1830,4470
1830,4490
1840,4210
1840,4230
1840,4250
1840,4270
1840,4290
1840,4310
1840,4330
1840,4350
1840,4370
1840,4390
1840,4410
1840,4430
1840,4450
1840,4470
1840,4490
1850,4210
1850,4230
1850,4250
1850,4270
1850,4290
1850,4310
1850,4330
1850,4350
1850,4370
1850,4390
1850,4410
1850,4430
1850,4450
1850,4470
1850,4490
1860,4210
1860,4230
1860,4250
1860,4270
1860,4290
1860,4310
1860,4330
1860,4350
1860,4370
1860,4390
1860,4410
1860,4430
1860,4450
1860,4470
1860,4490
1870,4210
1870,4230
1870,4250
1870,4270
1870,4290
1870,4310
1870,4330
1870,4350
1870,4370
1870,4390
1870,4410
1870,4430
1870,4450
1870,4470
1870,4490
1880,4210
1880,4230
1880,4250
1880,4270
1880,4290
1880,4310
1880,4330
1880,4350
1880,4370
1880,4390
1880,4410
1880,4430
1880,4450
1880,4470
1880,4490
1890,4210
1890,4230
1890,4250
1890,4270
1890,4290
1890,4310
1890,4330
1890,4350
1890,4370
1890,4390
1890,4410
1890,4430
1890,4450
1890,4470
1890,4490
1900,4210
1900,4230
1900,4250
1900,4270
1900,4290
1900,4310
1900,4330
1900,4350
1900,4370
1900,4390
1900,4410
1900,4430
1900,4450
1900,4470
1900,4490
1910,4210
1910,4230
1910,4250
1910,4270
1910,4290
1910,4310
1910,4330
1910,4350
1910,4370
1910,4390
1910,4410
1910,4430
1910,4450
1910,4470
1910,4490
1920,4210
1920,4230
1920,4250
1920,4270
1920,4290
1920,4310
1920,4330
1920,4350
1920,4370
1920,4390
1920,4410
1920,4430
1920,4450
1920,4470
1920,4490
1930,4210
1930,4230
1930,4250
1930,4270
1930,4290
1930,4310
1930,4330
1930,4350
1930,4370
1930,4390
1930,4410
1930,4430
1930,4450
1930,4470
1930,4490
1940,4210
1940,4230
1940,4250
1940,4270
1940,4290
1940,4310
1940,4330
1940,4350
1940,4370
1940,4390
1940,4410
1940,4430
1940,4450
1940,4470
1940,4490
1950,4210
1950,4230
1950,4250
1950,4270
1950,4290
1950,4310
1950,4330
1950,4350
1950,4370
1950,4390
1950,4410
1950,4430
1950,4450
1950,4470
1950,4490
1960,4210
1960,4230
1960,4250
1960,4270
1960,4290
1960,4310
1960,4330
1960,4350
1960,4370
1960,4390
1960,4410
1960,4430
1960,4450
1960,4470
1960,4490
1970,4210
1970,4230
1970,4250
1970,4270
1970,4290
1970,4310
1970,4330
1970,4350
1970,4370
1970,4390
1970,4410
1970,4430
1970,4450
1970,4470
1970,4490
1980,4210
1980,4230
1980,4250
1980,4270
1980,4290
1980,4310
1980,4330
1980,4350
1980,4370
1980,4390
1980,4410
1980,4430
1980,4450
1980,4470
1980,4490
1990,4210
1990,4230
1990,4250
1990,4270
1990,4290
1990,4310
1990,4330
1990,4350
1990,4370
1990,4390
1990,4410
1990,4430
1990,4450
1990,4470
1990,4490
2000,4210
2000,4230
2000,4250
2000,4270
2000,4290
2000,4310
2000,4330
2000,4350
2000,4370
2000,4390
2000,4410
2000,4430
2000,4450
2000,4470
2000,4490
2010,4210
2010,4230
2010,4250
2010,4270
2010,4290
2010,4310
2010,4330
2010,4350
2010,4370
2010,4390
2010,4410
2010,4430
2010,4450
2010,4470
2010,4490
2020,4210
2020,4230
2020,4250
2020,4270
2020,4290
2020,4310
2020,4330
2020,4350
2020,4370
2020,4390
2020,4410
2020,4430
2020,4450
2020,4470
2020,4490
2030,4210
2030,4230
2030,4250
2030,4270
2030,4290
2030,4310
2030,4330
2030,4350
2030,4370
2030,4390
2030,4410
2030,4430
2030,4450
2030,4470
2030,4490
2040,4210
2040,4230
2040,4250
2040,4270
2040,4290
2040,4310
2040,4330
2040,4350
2040,4370
2040,4390
2040,4410
2040,4430
2040,4450
2040,4470
2040,4490
2050,4210
2050,4230
2050,4250
2050,4270
2050,4290
2050,4310
2050,4330
2050,4350
2050,4370
2050,4390
2050,4410
2050,4430
2050,4450
2050,4470
2050,4490
2060,4210
2060,4230
2060,4250
2060,4270
2060,4290
2060,4310
2060,4330
2060,4350
2060,4370
2060,4390
2060,4410
2060,4430
2060,4450
2060,4470
2060,4490
2070,4210
2070,4230
2070,4250
2070,4270
2070,4290
2070,4310
2070,4330
2070,4350
2070,4370
2070,4390
2070,4410
2070,4430
2070,4450
2070,4470
2070,4490
2080,4210
2080,4230
2080,4250
2080,4270
2080,4290
2080,4310
2080,4330
2080,4350
2080,4370
2080,4390
2080,4410
2080,4430
2080,4450
2080,4470
2080,4490
2090,4210
2090,4230
2090,4250
2090,4270
2090,4290
2090,4310
2090,4330
2090,4350
2090,4370
2090,4390
2090,4410
2090,4430
2090,4450
2090,4470
2090,4490
2100,4210
2100,4230
2100,4250
2100,4270
2100,4290
2100,4310
2100,4330
2100,4350
2100,4370
2100,4390
2100,4410
2100,4430
2100,4450
2100,4470
2100,4490
2110,4210
2110,4230
2110,4250
2110,4270
2110,4290
2110,4310
2110,4330
2110,4350
2110,4370
2110,4390
2110,4410
2110,4430
2110,4450
2110,4470
2110,4490
2120,4210
2120,4230
2120,4250
2120,4270
2120,4290
2120,4310
2120,4330
2120,4350
2120,4370
2120,4390
2120,4410
2120,4430
2120,4450
2120,4470
2120,4490
2130,4210
2130,4230
2130,4250
2130,4270
2130,4290
2130,4310
2130,4330
2130,4350
2130,4370
2130,4390
2130,4410
2130,4430
2130,4450
2130,4470
2130,4490
2140,4210
2140,4230
2140,4250
2140,4270
2140,4290
2140,4310
2140,4330
2140,4350
2140,4370
2140,4390
2140,4410
2140,4430
2140,4450
2140,4470
2140,4490
2150,4210
2150,4230
2150,4250
2150,4270
2150,4290
2150,4310
2150,4330
2150,4350
2150,4370
2150,4390
2150,4410
2150,4430
2150,4450
2150,4470
2150,4490
2160,4210
2160,4230
2160,4250
2160,4270
2160,4290
2160,4310
2160,4330
2160,4350
2160,4370
2160,4390
2160,4410
2160,4430
2160,4450
2160,4470
2160,4490
2170,4210
2170,4230
2170,4250
2170,4270
2170,4290
2170,4310
2170,4330
2170,4350
2170,4370
2170,4390
2170,4410
2170,4430
2170,4450
2170,4470
2170,4490
2180,4210
2180,4230
2180,4250
2180,4270
2180,4290
2180,4310
2180,4330
2180,4350
2180,4370
2180,4390
2180,4410
2180,4430
2180,4450
2180,4470
2180,4490
2190,4210
2190,4230
2190,4250
2190,4270
2190,4290
2190,4310
2190,4330
2190,4350
2190,4370
2190,4390
2190,4410
2190,4430
2190,4450
2190,4470
2190,4490
2200,4210
2200,4230
2200,4250
2200,4270
2200,4290
2200,4310
2200,4330
2200,4350
2200,4370
2200,4390
2200,4410
2200,4430
2200,4450
2200,4470
2200,4490
2210,4210
2210,4230
2210,4250
2210,4270
2210,4290
2210,4310
2210,4330
2210,4350
2210,4370
2210,4390
2210,4410
2210,4430
2210,4450
2210,4470
2210,4490
2220,4210
2220,4230
2220,4250
2220,4270
2220,4290
2220,4310
2220,4330
2220,4350
2220,4370
2220,4390
2220,4410
2220,4430
2220,4450
2220,4470
2220,4490
2230,4210
2230,4230
2230,4250
2230,4270
2230,4290
2230,4310
2230,4330
2230,4350
2230,4370
2230,4390
2230,4410
2230,4430
2230,4450
2230,4470
2230,4490
2240,4210
2240,4230
2240,4250
2240,4270
2240,4290
2240,4310
2240,4330
2240,4350
2240,4370
2240,4390
2240,4410
2240,4430
2240,4450
2240,4470
2240,4490
0,7345
0,7365
0,7385
0,7405
0,7425
0,7445
0,7465
0,7485
0,7505
0,7525
0,7545
0,7565
0,7585
0,7605
0,7625
0,7645
0,7665
0,7685
0,7705
0,7725
0,7745
0,7765
0,7785
0,7805
0,7825
0,7845
0,7865
0,7885
0,7905
0,7925
0,7945
0,7965
0,7985
0,8005
0,8025
0,8045
10,7345
10,7365
10,7385
10,7405
10,7425
10,7445
10,7465
10,7485
10,7505
10,7525
10,7545
10,7565
10,7585
10,7605
10,7625
10,7645
10,7665
10,7685
10,7705
10,7725
10,7745
10,7765
10,7785
10,7805
10,7825
10,7845
10,7865
10,7885
10,7905
10,7925
10,7945
10,7965
10,7985
10,8005
10,8025
10,8045
20,7345
20,7365
20,7385
20,7405
20,7425
20,7445
20,7465
20,7485
20,7505
20,7525
20,7545
20,7565
20,7585
20,7605
20,7625
20,7645
20,7665
20,7685
20,7705
20,7725
20,7745
20,7765
20,7785
20,7805
20,7825
20,7845
20,7865
20,7885
20,7905
20,7925
20,7945
20,7965
20,7985
20,8005
20,8025
20,8045
30,7345
30,7365
30,7385
30,7405
30,7425
30,7445
30,7465
30,7485
30,7505
30,7525
30,7545
30,7565
30,7585
30,7605
30,7625
30,7645
30,7665
30,7685
30,7705
30,7725
30,7745
30,7765
30,7785
30,7805
30,7825
30,7845
30,7865
30,7885
30,7905
30,7925
30,7945
30,7965
30,7985
30,8005
30,8025
30,8045
40,7345
40,7365
40,7385
40,7405
40,7425
40,7445
40,7465
40,7485
40,7505
40,7525
40,7545
40,7565
40,7585
40,7605
40,7625
40,7645
40,7665
40,7685
40,7705
40,7725
40,7745
40,7765
40,7785
40,7805
40,7825
40,7845
40,7865
40,7885
40,7905
40,7925
40,7945
40,7965
40,7985
40,8005
40,8025
40,8045
50,7345
50,7365
50,7385
50,7405
50,7425
50,7445
50,7465
50,7485
50,7505
50,7525
50,7545
50,7565
50,7585
50,7605
50,7625
50,7645
50,7665
50,7685
50,7705
50,7725
50,7745
50,7765
50,7785
50,7805
50,7825
50,7845
50,7865
50,7885
50,7905
50,7925
50,7945
50,7965
50,7985
50,8005
50,8025
50,8045
60,7345
60,7365
60,7385
60,7405
60,7425
60,7445
60,7465
60,7485
60,7505
60,7525
60,7545
60,7565
60,7585
60,7605
60,7625
60,7645
60,7665
60,7685
60,7705
60,7725
60,7745
60,7765
60,7785
60,7805
60,7825
60,7845
60,7865
60,7885
60,7905
60,7925
60,7945
60,7965
60,7985
60,8005
60,8025
60,8045
70,7345
70,7365
70,7385
70,7405
70,7425
70,7445
70,7465
70,7485
70,7505
70,7525
70,7545
70,7565
70,7585
70,7605
70,7625
70,7645
70,7665
70,7685
70,7705
70,7725
70,7745
70,7765
70,7785
70,7805
70,7825
70,7845
70,7865
70,7885
70,7905
70,7925
70,7945
70,7965
70,7985
70,8005
70,8025
70,8045
80,7345
80,7365
80,7385
80,7405
80,7425
80,7445
80,7465
80,7485
80,7505
80,7525
80,7545
80,7565
80,7585
80,7605
80,7625
80,7645
80,7665
80,7685
80,7705
80,7725
80,7745
80,7765
80,7785
80,7805
80,7825
80,7845
80,7865
80,7885
80,7905
80,7925
80,7945
80,7965
80,7985
80,8005
80,8025
80,8045
90,7345
90,7365
90,7385
90,7405
90,7425
90,7445
90,7465
90,7485
90,7505
90,7525
90,7545
90,7565
90,7585
90,7605
90,7625
90,7645
90,7665
90,7685
90,7705
90,7725
90,7745
90,7765
90,7785
90,7805
90,7825
90,7845
90,7865
90,7885
90,7905
90,7925
90,7945
90,7965
90,7985
90,8005
90,8025
90,8045
100,7345
100,7365
100,7385
100,7405
100,7425
100,7445
100,7465
100,7485
100,7505
100,7525
100,7545
100,7565
100,7585
100,7605
100,7625
100,7645
100,7665
100,7685
100,7705
100,7725
100,7745
100,7765
100,7785
100,7805
100,7825
100,7845
100,7865
100,7885
100,7905
100,7925
100,7945
100,7965
100,7985
100,8005
100,8025
100,8045
110,7345
110,7365
110,7385
110,7405
110,7425
110,7445
110,7465
110,7485
110,7505
110,7525
110,7545
110,7565
110,7585
110,7605
110,7625
110,7645
110,7665
110,7685
110,7705
110,7725
110,7745
110,7765
110,7785
110,7805
110,7825
110,7845
110,7865
110,7885
110,7905
110,7925
110,7945
110,7965
110,7985
110,8005
110,8025
110,8045
120,7345
120,7365
120,7385
120,7405
120,7425
120,7445
120,7465
120,7485
120,7505
120,7525
120,7545
120,7565
120,7585
120,7605
120,7625
120,7645
120,7665
120,7685
120,7705
120,7725
120,7745
120,7765
120,7785
120,7805
120,7825
120,7845
120,7865
120,7885
120,7905
120,7925
120,7945
120,7965
120,7985
120,8005
120,8025
120,8045
130,7345
130,7365
130,7385
130,7405
130,7425
130,7445
130,7465
130,7485
130,7505
130,7525
130,7545
130,7565
130,7585
130,7605
130,7625
130,7645
130,7665
130,7685
130,7705
130,7725
130,7745
130,7765
130,7785
130,7805
130,7825
130,7845
130,7865
130,7885
130,7905
130,7925
130,7945
130,7965
130,7985
130,8005
130,8025
130,8045
140,7345
140,7365
140,7385
140,7405
140,7425
140,7445
140,7465
140,7485
140,7505
140,7525
140,7545
140,7565
140,7585
140,7605
140,7625
140,7645
140,7665
140,7685
140,7705
140,7725
140,7745
140,7765
140,7785
140,7805
140,7825
140,7845
140,7865
140,7885
140,7905
140,7925
140,7945
140,7965
140,7985
140,8005
140,8025
140,8045
150,7345
150,7365
150,7385
150,7405
150,7425
150,7445
150,7465
150,7485
150,7505
150,7525
150,7545
150,7565
150,7585
150,7605
150,7625
150,7645
150,7665
150,7685
150,7705
150,7725
150,7745
150,7765
150,7785
150,7805
150,7825
150,7845
150,7865
150,7885
150,7905
150,7925
150,7945
150,7965
150,7985
150,8005
150,8025
150,8045
160,7345
160,7365
160,7385
160,7405
160,7425
160,7445
160,7465
160,7485
160,7505
160,7525
160,7545
160,7565
160,7585
160,7605
160,7625
160,7645
160,7665
160,7685
160,7705
160,7725
160,7745
160,7765
160,7785
160,7805
160,7825
160,7845
160,7865
160,7885
160,7905
160,7925
160,7945
160,7965
160,7985
160,8005
160,8025
160,8045
170,7345
170,7365
170,7385
170,7405
170,7425
170,7445
170,7465
170,7485
170,7505
170,7525
170,7545
170,7565
170,7585
170,7605
170,7625
170,7645
170,7665
170,7685
170,7705
170,7725
170,7745
170,7765
170,7785
170,7805
170,7825
170,7845
170,7865
170,7885
170,7905
170,7925
170,7945
170,7965
170,7985
170,8005
170,8025
170,8045
180,7345
180,7365
180,7385
180,7405
180,7425
180,7445
180,7465
180,7485
180,7505
180,7525
180,7545
180,7565
180,7585
180,7605
180,7625
180,7645
180,7665
180,7685
180,7705
180,7725
180,7745
180,7765
180,7785
180,7805
180,7825
180,7845
180,7865
180,7885
180,7905
180,7925
180,7945
180,7965
180,7985
180,8005
180,8025
180,8045
190,7345
190,7365
190,7385
190,7405
190,7425
190,7445
190,7465
190,7485
190,7505
190,7525
190,7545
190,7565
190,7585
190,7605
190,7625
190,7645
190,7665
190,7685
190,7705
190,7725
190,7745
190,7765
190,7785
190,7805
190,7825
190,7845
190,7865
190,7885
190,7905
190,7925
190,7945
190,7965
190,7985
190,8005
190,8025
190,8045
200,7345
200,7365
200,7385
200,7405
200,7425
200,7445
200,7465
200,7485
200,7505
200,7525
200,7545
200,7565
200,7585
200,7605
200,7625
200,7645
200,7665
200,7685
200,7705
200,7725
200,7745
200,7765
200,7785
200,7805
200,7825
200,7845
200,7865
200,7885
200,7905
200,7925
200,7945
200,7965
200,7985
200,8005
200,8025
200,8045
210,7345
210,7365
210,7385
210,7405
210,7425
210,7445
210,7465
210,7485
210,7505
210,7525
210,7545
210,7565
210,7585
210,7605
210,7625
210,7645
210,7665
210,7685
210,7705
210,7725
210,7745
210,7765
210,7785
210,7805
210,7825
210,7845
210,7865
210,7885
210,7905
210,7925
210,7945
210,7965
210,7985
210,8005
210,8025
210,8045
220,7345
220,7365
220,7385
220,7405
220,7425
220,7445
220,7465
220,7485
220,7505
220,7525
220,7545
220,7565
220,7585
220,7605
220,7625
220,7645
220,7665
220,7685
220,7705
220,7725
220,7745
220,7765
220,7785
220,7805
220,7825
220,7845
220,7865
220,7885
220,7905
220,7925
220,7945
220,7965
220,7985
220,8005
220,8025
220,8045
230,7345
230,7365
230,7385
230,7405
230,7425
230,7445
230,7465
230,7485
230,7505
230,7525
230,7545
230,7565
230,7585
230,7605
230,7625
230,7645
230,7665
230,7685
230,7705
230,7725
230,7745
230,7765
230,7785
230,7805
230,7825
230,7845
230,7865
230,7885
230,7905
230,7925
230,7945
230,7965
230,7985
230,8005
230,8025
230,8045
240,7345
240,7365
240,7385
240,7405
240,7425
240,7445
240,7465
240,7485
240,7505
240,7525
240,7545
240,7565
240,7585
240,7605
240,7625
240,7645
240,7665
240,7685
240,7705
240,7725
240,7745
240,7765
240,7785
240,7805
240,7825
240,7845
240,7865
240,7885
240,7905
240,7925
240,7945
240,7965
240,7985
240,8005
240,8025
240,8045
250,7345
250,7365
250,7385
250,7405
250,7425
250,7445
250,7465
250,7485
250,7505
250,7525
250,7545
250,7565
250,7585
250,7605
250,7625
250,7645
250,7665
250,7685
250,7705
250,7725
250,7745
250,7765
250,7785
250,7805
250,7825
250,7845
250,7865
250,7885
250,7905
250,7925
250,7945
250,7965
250,7985
250,8005
250,8025
250,8045
260,7345
260,7365
260,7385
260,7405
260,7425
260,7445
260,7465
260,7485
260,7505
260,7525
260,7545
260,7565
260,7585
260,7605
260,7625
260,7645
260,7665
260,7685
260,7705
260,7725
260,7745
260,7765
260,7785
260,7805
260,7825
260,7845
260,7865
260,7885
260,7905
260,7925
260,7945
260,7965
260,7985
260,8005
260,8025
260,8045
270,7345
270,7365
270,7385
270,7405
270,7425
270,7445
270,7465
270,7485
270,7505
270,7525
270,7545
270,7565
270,7585
270,7605
270,7625
270,7645
270,7665
270,7685
270,7705
270,7725
270,7745
270,7765
270,7785
270,7805
270,7825
270,7845
270,7865
270,7885
270,7905
270,7925
270,7945
270,7965
270,7985
270,8005
270,8025
270,8045
280,7345
280,7365
280,7385
280,7405
280,7425
280,7445
280,7465
280,7485
280,7505
280,7525
280,7545
280,7565
280,7585
280,7605
280,7625
280,7645
280,7665
280,7685
280,7705
280,7725
280,7745
280,7765
280,7785
280,7805
280,7825
280,7845
280,7865
280,7885
280,7905
280,7925
280,7945
280,7965
280,7985
280,8005
280,8025
280,8045
290,7345
290,7365
290,7385
290,7405
290,7425
290,7445
290,7465
290,7485
290,7505
290,7525
290,7545
290,7565
290,7585
290,7605
290,7625
290,7645
290,7665
290,7685
290,7705
290,7725
290,7745
290,7765
290,7785
290,7805
290,7825
290,7845
290,7865
290,7885
290,7905
290,7925
290,7945
290,7965
290,7985
290,8005
290,8025
290,8045
300,7345
300,7365
300,7385
300,7405
300,7425
300,7445
300,7465
300,7485
300,7505
300,7525
300,7545
300,7565
300,7585
300,7605
300,7625
300,7645
300,7665
300,7685
300,7705
300,7725
300,7745
300,7765
300,7785
300,7805
300,7825
300,7845
300,7865
300,7885
300,7905
300,7925
300,7945
300,7965
300,7985
300,8005
300,8025
300,8045
310,7345
310,7365
310,7385
310,7405
310,7425
310,7445
310,7465
310,7485
310,7505
310,7525
310,7545
310,7565
310,7585
310,7605
310,7625
310,7645
310,7665
310,7685
310,7705
310,7725
310,7745
310,7765
310,7785
310,7805
310,7825
310,7845
310,7865
310,7885
310,7905
310,7925
310,7945
310,7965
310,7985
310,8005
310,8025
310,8045
320,7345
320,7365
320,7385
320,7405
320,7425
320,7445
320,7465
320,7485
320,7505
320,7525
320,7545
320,7565
320,7585
320,7605
320,7625
320,7645
320,7665
320,7685
320,7705
320,7725
320,7745
320,7765
320,7785
320,7805
320,7825
320,7845
320,7865
320,7885
320,7905
320,7925
320,7945
320,7965
320,7985
320,8005
320,8025
320,8045
330,7345
330,7365
330,7385
330,7405
330,7425
330,7445
330,7465
330,7485
330,7505
330,7525
330,7545
330,7565
330,7585
330,7605
330,7625
330,7645
330,7665
330,7685
330,7705
330,7725
330,7745
330,7765
330,7785
330,7805
330,7825
330,7845
330,7865
330,7885
330,7905
330,7925
330,7945
330,7965
330,7985
330,8005
330,8025
330,8045
340,7345
340,7365
340,7385
340,7405
340,7425
340,7445
340,7465
340,7485
340,7505
340,7525
340,7545
340,7565
340,7585
340,7605
340,7625
340,7645
340,7665
340,7685
340,7705
340,7725
340,7745
340,7765
340,7785
340,7805
340,7825
340,7845
340,7865
340,7885
340,7905
340,7925
340,7945
340,7965
340,7985
340,8005
340,8025
340,8045
350,7345
350,7365
350,7385
350,7405
350,7425
350,7445
350,7465
350,7485
350,7505
350,7525
350,7545
350,7565
350,7585
350,7605
350,7625
350,7645
350,7665
350,7685
350,7705
350,7725
350,7745
350,7765
350,7785
350,7805
350,7825
350,7845
350,7865
350,7885
350,7905
350,7925
350,7945
350,7965
350,7985
350,8005
350,8025
350,8045
360,7345
360,7365
360,7385
360,7405
360,7425
360,7445
360,7465
360,7485
360,7505
360,7525
360,7545
360,7565
360,7585
360,7605
360,7625
360,7645
360,7665
360,7685
360,7705
360,7725
360,7745
360,7765
360,7785
360,7805
360,7825
360,7845
360,7865
360,7885
360,7905
360,7925
360,7945
360,7965
360,7985
360,8005
360,8025
360,8045
370,7345
370,7365
370,7385
370,7405
370,7425
370,7445
370,7465
370,7485
370,7505
370,7525
370,7545
370,7565
370,7585
370,7605
370,7625
370,7645
370,7665
370,7685
370,7705
370,7725
370,7745
370,7765
370,7785
370,7805
370,7825
370,7845
370,7865
370,7885
370,7905
370,7925
370,7945
370,7965
370,7985
370,8005
370,8025
370,8045
380,7345
380,7365
380,7385
380,7405
380,7425
380,7445
380,7465
380,7485
380,7505
380,7525
380,7545
380,7565
380,7585
380,7605
380,7625
380,7645
380,7665
380,7685
380,7705
380,7725
380,7745
380,7765
380,7785
380,7805
380,7825
380,7845
380,7865
380,7885
380,7905
380,7925
380,7945
380,7965
380,7985
380,8005
380,8025
380,8045
390,7345
390,7365
390,7385
390,7405
390,7425
390,7445
390,7465
390,7485
390,7505
390,7525
390,7545
390,7565
390,7585
390,7605
390,7625
390,7645
390,7665
390,7685
390,7705
390,7725
390,7745
390,7765
390,7785
390,7805
390,7825
390,7845
390,7865
390,7885
390,7905
390,7925
390,7945
390,7965
390,7985
390,8005
390,8025
390,8045
400,7345
400,7365
400,7385
400,7405
400,7425
400,7445
400,7465
400,7485
400,7505
400,7525
400,7545
400,7565
400,7585
400,7605
400,7625
400,7645
400,7665
400,7685
400,7705
400,7725
400,7745
400,7765
400,7785
400,7805
400,7825
400,7845
400,7865
400,7885
400,7905
400,7925
400,7945
400,7965
400,7985
400,8005
400,8025
400,8045
410,7345
410,7365
410,7385
410,7405
410,7425
410,7445
410,7465
410,7485
410,7505
410,7525
410,7545
410,7565
410,7585
410,7605
410,7625
410,7645
410,7665
410,7685
410,7705
410,7725
410,7745
410,7765
410,7785
410,7805
410,7825
410,7845
410,7865
410,7885
410,7905
410,7925
410,7945
410,7965
410,7985
410,8005
410,8025
410,8045
420,7345
420,7365
420,7385
420,7405
420,7425
420,7445
420,7465
420,7485
420,7505
420,7525
420,7545
420,7565
420,7585
420,7605
420,7625
420,7645
420,7665
420,7685
420,7705
420,7725
420,7745
420,7765
420,7785
420,7805
420,7825
420,7845
420,7865
420,7885
420,7905
420,7925
420,7945
420,7965
420,7985
420,8005
420,8025
420,8045
430,7345
430,7365
430,7385
430,7405
430,7425
430,7445
430,7465
430,7485
430,7505
430,7525
430,7545
430,7565
430,7585
430,7605
430,7625
430,7645
430,7665
430,7685
430,7705
430,7725
430,7745
430,7765
430,7785
430,7805
430,7825
430,7845
430,7865
430,7885
430,7905
430,7925
430,7945
430,7965
430,7985
430,8005
430,8025
430,8045
440,7345
440,7365
440,7385
440,7405
440,7425
440,7445
440,7465
440,7485
440,7505
440,7525
440,7545
440,7565
440,7585
440,7605
440,7625
440,7645
440,7665
440,7685
440,7705
440,7725
440,7745
440,7765
440,7785
440,7805
440,7825
440,7845
440,7865
440,7885
440,7905
440,7925
440,7945
440,7965
440,7985
440,8005
440,8025
440,8045
450,7345
450,7365
450,7385
450,7405
450,7425
450,7445
450,7465
450,7485
450,7505
450,7525
450,7545
450,7565
450,7585
450,7605
450,7625
450,7645
450,7665
450,7685
450,7705
450,7725
450,7745
450,7765
450,7785
450,7805
450,7825
450,7845
450,7865
450,7885
450,7905
450,7925
450,7945
450,7965
450,7985
450,8005
450,8025
450,8045
460,7345
460,7365
460,7385
460,7405
460,7425
460,7445
460,7465
460,7485
460,7505
460,7525
460,7545
460,7565
460,7585
460,7605
460,7625
460,7645
460,7665
460,7685
460,7705
460,7725
460,7745
460,7765
460,7785
460,7805
460,7825
460,7845
460,7865
460,7885
460,7905
460,7925
460,7945
460,7965
460,7985
460,8005
460,8025
460,8045
470,7345
470,7365
470,7385
470,7405
470,7425
470,7445
470,7465
470,7485
470,7505
470,7525
470,7545
470,7565
470,7585
470,7605
470,7625
470,7645
470,7665
470,7685
470,7705
470,7725
470,7745
470,7765
470,7785
470,7805
470,7825
470,7845
470,7865
470,7885
470,7905
470,7925
470,7945
470,7965
470,7985
470,8005
470,8025
470,8045
480,7345
480,7365
480,7385
480,7405
480,7425
480,7445
480,7465
480,7485
480,7505
480,7525
480,7545
480,7565
480,7585
480,7605
480,7625
480,7645
480,7665
480,7685
480,7705
480,7725
480,7745
480,7765
480,7785
480,7805
480,7825
480,7845
480,7865
480,7885
480,7905
480,7925
480,7945
480,7965
480,7985
480,8005
480,8025
480,8045
490,7345
490,7365
490,7385
490,7405
490,7425
490,7445
490,7465
490,7485
490,7505
490,7525
490,7545
490,7565
490,7585
490,7605
490,7625
490,7645
490,7665
490,7685
490,7705
490,7725
490,7745
490,7765
490,7785
490,7805
490,7825
490,7845
490,7865
490,7885
490,7905
490,7925
490,7945
490,7965
490,7985
490,8005
490,8025
490,8045
500,7345
500,7365
500,7385
500,7405
500,7425
500,7445
500,7465
500,7485
500,7505
500,7525
500,7545
500,7565
500,7585
500,7605
500,7625
500,7645
500,7665
500,7685
500,7705
500,7725
500,7745
500,7765
500,7785
500,7805
500,7825
500,7845
500,7865
500,7885
500,7905
500,7925
500,7945
500,7965
500,7985
500,8005
500,8025
500,8045
510,7345
510,7365
510,7385
510,7405
510,7425
510,7445
510,7465
510,7485
510,7505
510,7525
510,7545
510,7565
510,7585
510,7605
510,7625
510,7645
510,7665
510,7685
510,7705
510,7725
510,7745
510,7765
510,7785
510,7805
510,7825
510,7845
510,7865
510,7885
510,7905
510,7925
510,7945
510,7965
510,7985
510,8005
510,8025
510,8045
520,7345
520,7365
520,7385
520,7405
520,7425
520,7445
520,7465
520,7485
520,7505
520,7525
520,7545
520,7565
520,7585
520,7605
520,7625
520,7645
520,7665
520,7685
520,7705
520,7725
520,7745
520,7765
520,7785
520,7805
520,7825
520,7845
520,7865
520,7885
520,7905
520,7925
520,7945
520,7965
520,7985
520,8005
520,8025
520,8045
530,7345
530,7365
530,7385
530,7405
530,7425
530,7445
530,7465
530,7485
530,7505
530,7525
530,7545
530,7565
530,7585
530,7605
530,7625
530,7645
530,7665
530,7685
530,7705
530,7725
530,7745
530,7765
530,7785
530,7805
530,7825
530,7845
530,7865
530,7885
530,7905
530,7925
530,7945
530,7965
530,7985
530,8005
530,8025
530,8045
540,7345
540,7365
540,7385
540,7405
540,7425
540,7445
540,7465
540,7485
540,7505
540,7525
540,7545
540,7565
540,7585
540,7605
540,7625
540,7645
540,7665
540,7685
540,7705
540,7725
540,7745
540,7765
540,7785
540,7805
540,7825
540,7845
540,7865
540,7885
540,7905
540,7925
540,7945
540,7965
540,7985
540,8005
540,8025
540,8045
550,7345
550,7365
550,7385
550,7405
550,7425
550,7445
550,7465
550,7485
550,7505
550,7525
550,7545
550,7565
550,7585
550,7605
550,7625
550,7645
550,7665
550,7685
550,7705
550,7725
550,7745
550,7765
550,7785
550,7805
550,7825
550,7845
550,7865
550,7885
550,7905
550,7925
550,7945
550,7965
550,7985
550,8005
550,8025
550,8045
560,7345
560,7365
560,7385
560,7405
560,7425
560,7445
560,7465
560,7485
560,7505
560,7525
560,7545
560,7565
560,7585
560,7605
560,7625
560,7645
560,7665
560,7685
560,7705
560,7725
560,7745
560,7765
560,7785
560,7805
560,7825
560,7845
560,7865
560,7885
560,7905
560,7925
560,7945
560,7965
560,7985
560,8005
560,8025
560,8045
570,7345
570,7365
570,7385
570,7405
570,7425
570,7445
570,7465
570,7485
570,7505
570,7525
570,7545
570,7565
570,7585
570,7605
570,7625
570,7645
570,7665
570,7685
570,7705
570,7725
570,7745
570,7765
570,7785
570,7805
570,7825
570,7845
570,7865
570,7885
570,7905
570,7925
570,7945
570,7965
570,7985
570,8005
570,8025
570,8045
580,7345
580,7365
580,7385
580,7405
580,7425
580,7445
580,7465
580,7485
580,7505
580,7525
580,7545
580,7565
580,7585
580,7605
580,7625
580,7645
580,7665
580,7685
580,7705
580,7725
580,7745
580,7765
580,7785
580,7805
580,7825
580,7845
580,7865
580,7885
580,7905
580,7925
580,7945
580,7965
580,7985
580,8005
580,8025
580,8045
590,7345
590,7365
590,7385
590,7405
590,7425
590,7445
590,7465
590,7485
590,7505
590,7525
590,7545
590,7565
590,7585
590,7605
590,7625
590,7645
590,7665
590,7685
590,7705
590,7725
590,7745
590,7765
590,7785
590,7805
590,7825
590,7845
590,7865
590,7885
590,7905
590,7925
590,7945
590,7965
590,7985
590,8005
590,8025
590,8045
600,7345
600,7365
600,7385
600,7405
600,7425
600,7445
600,7465
600,7485
600,7505
600,7525
600,7545
600,7565
600,7585
600,7605
600,7625
600,7645
600,7665
600,7685
600,7705
600,7725
600,7745
600,7765
600,7785
600,7805
600,7825
600,7845
600,7865
600,7885
600,7905
600,7925
600,7945
600,7965
600,7985
600,8005
600,8025
600,8045
610,7345
610,7365
610,7385
610,7405
610,7425
610,7445
610,7465
610,7485
610,7505
610,7525
610,7545
610,7565
610,7585
610,7605
610,7625
610,7645
610,7665
610,7685
610,7705
610,7725
610,7745
610,7765
610,7785
610,7805
610,7825
610,7845
610,7865
610,7885
610,7905
610,7925
610,7945
610,7965
610,7985
610,8005
610,8025
610,8045
620,7345
620,7365
620,7385
620,7405
620,7425
620,7445
620,7465
620,7485
620,7505
620,7525
620,7545
620,7565
620,7585
620,7605
620,7625
620,7645
620,7665
620,7685
620,7705
620,7725
620,7745
620,7765
620,7785
620,7805
620,7825
620,7845
620,7865
620,7885
620,7905
620,7925
620,7945
620,7965
620,7985
620,8005
620,8025
620,8045
630,7345
630,7365
630,7385
630,7405
630,7425
630,7445
630,7465
630,7485
630,7505
630,7525
630,7545
630,7565
630,7585
630,7605
630,7625
630,7645
630,7665
630,7685
630,7705
630,7725
630,7745
630,7765
630,7785
630,7805
630,7825
630,7845
630,7865
630,7885
630,7905
630,7925
630,7945
630,7965
630,7985
630,8005
630,8025
630,8045
640,7345
640,7365
640,7385
640,7405
640,7425
640,7445
640,7465
640,7485
640,7505
640,7525
640,7545
640,7565
640,7585
640,7605
640,7625
640,7645
640,7665
640,7685
640,7705
640,7725
640,7745
640,7765
640,7785
640,7805
640,7825
640,7845
640,7865
640,7885
640,7905
640,7925
640,7945
640,7965
640,7985
640,8005
640,8025
640,8045
650,7345
650,7365
650,7385
650,7405
650,7425
650,7445
650,7465
650,7485
650,7505
650,7525
650,7545
650,7565
650,7585
650,7605
650,7625
650,7645
650,7665
650,7685
650,7705
650,7725
650,7745
650,7765
650,7785
650,7805
650,7825
650,7845
650,7865
650,7885
650,7905
650,7925
650,7945
650,7965
650,7985
650,8005
650,8025
650,8045
660,7345
660,7365
660,7385
660,7405
660,7425
660,7445
660,7465
660,7485
660,7505
660,7525
660,7545
660,7565
660,7585
660,7605
660,7625
660,7645
660,7665
660,7685
660,7705
660,7725
660,7745
660,7765
660,7785
660,7805
660,7825
660,7845
660,7865
660,7885
660,7905
660,7925
660,7945
660,7965
660,7985
660,8005
660,8025
660,8045
670,7345
670,7365
670,7385
670,7405
670,7425
670,7445
670,7465
670,7485
670,7505
670,7525
670,7545
670,7565
670,7585
670,7605
670,7625
670,7645
670,7665
670,7685
670,7705
670,7725
670,7745
670,7765
670,7785
670,7805
670,7825
670,7845
670,7865
670,7885
670,7905
670,7925
670,7945
670,7965
670,7985
670,8005
670,8025
670,8045
680,7345
680,7365
680,7385
680,7405
680,7425
680,7445
680,7465
680,7485
680,7505
680,7525
680,7545
680,7565
680,7585
680,7605
680,7625
680,7645
680,7665
680,7685
680,7705
680,7725
680,7745
680,7765
680,7785
680,7805
680,7825
680,7845
680,7865
680,7885
680,7905
680,7925
680,7945
680,7965
680,7985
680,8005
680,8025
680,8045
690,7345
690,7365
690,7385
690,7405
690,7425
690,7445
690,7465
690,7485
690,7505
690,7525
690,7545
690,7565
690,7585
690,7605
690,7625
690,7645
690,7665
690,7685
690,7705
690,7725
690,7745
690,7765
690,7785
690,7805
690,7825
690,7845
690,7865
690,7885
690,7905
690,7925
690,7945
690,7965
690,7985
690,8005
690,8025
690,8045
700,7345
700,7365
700,7385
700,7405
700,7425
700,7445
700,7465
700,7485
700,7505
700,7525
700,7545
700,7565
700,7585
700,7605
700,7625
700,7645
700,7665
700,7685
700,7705
700,7725
700,7745
700,7765
700,7785
700,7805
700,7825
700,7845
700,7865
700,7885
700,7905
700,7925
700,7945
700,7965
700,7985
700,8005
700,8025
700,8045
710,7345
710,7365
710,7385
710,7405
710,7425
710,7445
710,7465
710,7485
710,7505
710,7525
710,7545
710,7565
710,7585
710,7605
710,7625
710,7645
710,7665
710,7685
710,7705
710,7725
710,7745
710,7765
710,7785
710,7805
710,7825
710,7845
710,7865
710,7885
710,7905
710,7925
710,7945
710,7965
710,7985
710,8005
710,8025
710,8045
720,7345
720,7365
720,7385
720,7405
720,7425
720,7445
720,7465
720,7485
720,7505
720,7525
720,7545
720,7565
720,7585
720,7605
720,7625
720,7645
720,7665
720,7685
720,7705
720,7725
720,7745
720,7765
720,7785
720,7805
720,7825
720,7845
720,7865
720,7885
720,7905
720,7925
720,7945
720,7965
720,7985
720,8005
720,8025
720,8045
730,7345
730,7365
730,7385
730,7405
730,7425
730,7445
730,7465
730,7485
730,7505
730,7525
730,7545
730,7565
730,7585
730,7605
730,7625
730,7645
730,7665
730,7685
730,7705
730,7725
730,7745
730,7765
730,7785
730,7805
730,7825
730,7845
730,7865
730,7885
730,7905
730,7925
730,7945
730,7965
730,7985
730,8005
730,8025
730,8045
740,7345
740,7365
740,7385
740,7405
740,7425
740,7445
740,7465
740,7485
740,7505
740,7525
740,7545
740,7565
740,7585
740,7605
740,7625
740,7645
740,7665
740,7685
740,7705
740,7725
740,7745
740,7765
740,7785
740,7805
740,7825
740,7845
740,7865
740,7885
740,7905
740,7925
740,7945
740,7965
740,7985
740,8005
740,8025
740,8045
750,7345
750,7365
750,7385
750,7405
750,7425
750,7445
750,7465
750,7485
750,7505
750,7525
750,7545
750,7565
750,7585
750,7605
750,7625
750,7645
750,7665
750,7685
750,7705
750,7725
750,7745
750,7765
750,7785
750,7805
750,7825
750,7845
750,7865
750,7885
750,7905
750,7925
750,7945
750,7965
750,7985
750,8005
750,8025
750,8045
760,7345
760,7365
760,7385
760,7405
760,7425
760,7445
760,7465
760,7485
760,7505
760,7525
760,7545
760,7565
760,7585
760,7605
760,7625
760,7645
760,7665
760,7685
760,7705
760,7725
760,7745
760,7765
760,7785
760,7805
760,7825
760,7845
760,7865
760,7885
760,7905
760,7925
760,7945
760,7965
760,7985
760,8005
760,8025
760,8045
770,7345
770,7365
770,7385
770,7405
770,7425
770,7445
770,7465
770,7485
770,7505
770,7525
770,7545
770,7565
770,7585
770,7605
770,7625
770,7645
770,7665
770,7685
770,7705
770,7725
770,7745
770,7765
770,7785
770,7805
770,7825
770,7845
770,7865
770,7885
770,7905
770,7925
770,7945
770,7965
770,7985
770,8005
770,8025
770,8045
780,7345
780,7365
780,7385
780,7405
780,7425
780,7445
780,7465
780,7485
780,7505
780,7525
780,7545
780,7565
780,7585
780,7605
780,7625
780,7645
780,7665
780,7685
780,7705
780,7725
780,7745
780,7765
780,7785
780,7805
780,7825
780,7845
780,7865
780,7885
780,7905
780,7925
780,7945
780,7965
780,7985
780,8005
780,8025
780,8045
790,7345
790,7365
790,7385
790,7405
790,7425
790,7445
790,7465
790,7485
790,7505
790,7525
790,7545
790,7565
790,7585
790,7605
790,7625
790,7645
790,7665
790,7685
790,7705
790,7725
790,7745
790,7765
790,7785
790,7805
790,7825
790,7845
790,7865
790,7885
790,7905
790,7925
790,7945
790,7965
790,7985
790,8005
790,8025
790,8045
800,7345
800,7365
800,7385
800,7405
800,7425
800,7445
800,7465
800,7485
800,7505
800,7525
800,7545
800,7565
800,7585
800,7605
800,7625
800,7645
800,7665
800,7685
800,7705
800,7725
800,7745
800,7765
800,7785
800,7805
800,7825
800,7845
800,7865
800,7885
800,7905
800,7925
800,7945
800,7965
800,7985
800,8005
800,8025
800,8045
810,7345
810,7365
810,7385
810,7405
810,7425
810,7445
810,7465
810,7485
810,7505
810,7525
810,7545
810,7565
810,7585
810,7605
810,7625
810,7645
810,7665
810,7685
810,7705
810,7725
810,7745
810,7765
810,7785
810,7805
810,7825
810,7845
810,7865
810,7885
810,7905
810,7925
810,7945
810,7965
810,7985
810,8005
810,8025
810,8045
820,7345
820,7365
820,7385
820,7405
820,7425
820,7445
820,7465
820,7485
820,7505
820,7525
820,7545
820,7565
820,7585
820,7605
820,7625
820,7645
820,7665
820,7685
820,7705
820,7725
820,7745
820,7765
820,7785
820,7805
820,7825
820,7845
820,7865
820,7885
820,7905
820,7925
820,7945
820,7965
820,7985
820,8005
820,8025
820,8045
830,7345
830,7365
830,7385
830,7405
830,7425
830,7445
830,7465
830,7485
830,7505
830,7525
830,7545
830,7565
830,7585
830,7605
830,7625
830,7645
830,7665
830,7685
830,7705
830,7725
830,7745
830,7765
830,7785
830,7805
830,7825
830,7845
830,7865
830,7885
830,7905
830,7925
830,7945
830,7965
830,7985
830,8005
830,8025
830,8045
840,7345
840,7365
840,7385
840,7405
840,7425
840,7445
840,7465
840,7485
840,7505
840,7525
840,7545
840,7565
840,7585
840,7605
840,7625
840,7645
840,7665
840,7685
840,7705
840,7725
840,7745
840,7765
840,7785
840,7805
840,7825
840,7845
840,7865
840,7885
840,7905
840,7925
840,7945
840,7965
840,7985
840,8005
840,8025
840,8045
850,7345
850,7365
850,7385
850,7405
850,7425
850,7445
850,7465
850,7485
850,7505
850,7525
850,7545
850,7565
850,7585
850,7605
850,7625
850,7645
850,7665
850,7685
850,7705
850,7725
850,7745
850,7765
850,7785
850,7805
850,7825
850,7845
850,7865
850,7885
850,7905
850,7925
850,7945
850,7965
850,7985
850,8005
850,8025
850,8045
860,7345
860,7365
860,7385
860,7405
860,7425
860,7445
860,7465
860,7485
860,7505
860,7525
860,7545
860,7565
860,7585
860,7605
860,7625
860,7645
860,7665
860,7685
860,7705
860,7725
860,7745
860,7765
860,7785
860,7805
860,7825
860,7845
860,7865
860,7885
860,7905
860,7925
860,7945
860,7965
860,7985
860,8005
860,8025
860,8045
870,7345
870,7365
870,7385
870,7405
870,7425
870,7445
870,7465
870,7485
870,7505
870,7525
870,7545
870,7565
870,7585
870,7605
870,7625
870,7645
870,7665
870,7685
870,7705
870,7725
870,7745
870,7765
870,7785
870,7805
870,7825
870,7845
870,7865
870,7885
870,7905
870,7925
870,7945
870,7965
870,7985
870,8005
870,8025
870,8045
880,7345
880,7365
880,7385
880,7405
880,7425
880,7445
880,7465
880,7485
880,7505
880,7525
880,7545
880,7565
880,7585
880,7605
880,7625
880,7645
880,7665
880,7685
880,7705
880,7725
880,7745
880,7765
880,7785
880,7805
880,7825
880,7845
880,7865
880,7885
880,7905
880,7925
880,7945
880,7965
880,7985
880,8005
880,8025
880,8045
890,7345
890,7365
890,7385
890,7405
890,7425
890,7445
890,7465
890,7485
890,7505
890,7525
890,7545
890,7565
890,7585
890,7605
890,7625
890,7645
890,7665
890,7685
890,7705
890,7725
890,7745
890,7765
890,7785
890,7805
890,7825
890,7845
890,7865
890,7885
890,7905
890,7925
890,7945
890,7965
890,7985
890,8005
890,8025
890,8045
900,7345
900,7365
900,7385
900,7405
900,7425
900,7445
900,7465
900,7485
900,7505
900,7525
900,7545
900,7565
900,7585
900,7605
900,7625
900,7645
900,7665
900,7685
900,7705
900,7725
900,7745
900,7765
900,7785
900,7805
900,7825
900,7845
900,7865
900,7885
900,7905
900,7925
900,7945
900,7965
900,7985
900,8005
900,8025
900,8045
910,7345
910,7365
910,7385
910,7405
910,7425
910,7445
910,7465
910,7485
910,7505
910,7525
910,7545
910,7565
910,7585
910,7605
910,7625
910,7645
910,7665
910,7685
910,7705
910,7725
910,7745
910,7765
910,7785
910,7805
910,7825
910,7845
910,7865
910,7885
910,7905
910,7925
910,7945
910,7965
910,7985
910,8005
910,8025
910,8045
920,7345
920,7365
920,7385
920,7405
920,7425
920,7445
920,7465
920,7485
920,7505
920,7525
920,7545
920,7565
920,7585
920,7605
920,7625
920,7645
920,7665
920,7685
920,7705
920,7725
920,7745
920,7765
920,7785
920,7805
920,7825
920,7845
920,7865
920,7885
920,7905
920,7925
920,7945
920,7965
920,7985
920,8005
920,8025
920,8045
930,7345
930,7365
930,7385
930,7405
930,7425
930,7445
930,7465
930,7485
930,7505
930,7525
930,7545
930,7565
930,7585
930,7605
930,7625
930,7645
930,7665
930,7685
930,7705
930,7725
930,7745
930,7765
930,7785
930,7805
930,7825
930,7845
930,7865
930,7885
930,7905
930,7925
930,7945
930,7965
930,7985
930,8005
930,8025
930,8045
940,7345
940,7365
940,7385
940,7405
940,7425
940,7445
940,7465
940,7485
940,7505
940,7525
940,7545
940,7565
940,7585
940,7605
940,7625
940,7645
940,7665
940,7685
940,7705
940,7725
940,7745
940,7765
940,7785
940,7805
940,7825
940,7845
940,7865
940,7885
940,7905
940,7925
940,7945
940,7965
940,7985
940,8005
940,8025
940,8045
950,7345
950,7365
950,7385
950,7405
950,7425
950,7445
950,7465
950,7485
950,7505
950,7525
950,7545
950,7565
950,7585
950,7605
950,7625
950,7645
950,7665
950,7685
950,7705
950,7725
950,7745
950,7765
950,7785
950,7805
950,7825
950,7845
950,7865
950,7885
950,7905
950,7925
950,7945
950,7965
950,7985
950,8005
950,8025
950,8045
960,7345
960,7365
960,7385
960,7405
960,7425
960,7445
960,7465
960,7485
960,7505
960,7525
960,7545
960,7565
960,7585
960,7605
960,7625
960,7645
960,7665
960,7685
960,7705
960,7725
960,7745
960,7765
960,7785
960,7805
960,7825
960,7845
960,7865
960,7885
960,7905
960,7925
960,7945
960,7965
960,7985
960,8005
960,8025
960,8045
970,7345
970,7365
970,7385
970,7405
970,7425
970,7445
970,7465
970,7485
970,7505
970,7525
970,7545
970,7565
970,7585
970,7605
970,7625
970,7645
970,7665
970,7685
970,7705
970,7725
970,7745
970,7765
970,7785
970,7805
970,7825
970,7845
970,7865
970,7885
970,7905
970,7925
970,7945
970,7965
970,7985
970,8005
970,8025
970,8045
980,7345
980,7365
980,7385
980,7405
980,7425
980,7445
980,7465
980,7485
980,7505
980,7525
980,7545
980,7565
980,7585
980,7605
980,7625
980,7645
980,7665
980,7685
980,7705
980,7725
980,7745
980,7765
980,7785
980,7805
980,7825
980,7845
980,7865
980,7885
980,7905
980,7925
980,7945
980,7965
980,7985
980,8005
980,8025
980,8045
990,7345
990,7365
990,7385
990,7405
990,7425
990,7445
990,7465
990,7485
990,7505
990,7525
990,7545
990,7565
990,7585
990,7605
990,7625
990,7645
990,7665
990,7685
990,7705
990,7725
990,7745
990,7765
990,7785
990,7805
990,7825
990,7845
990,7865
990,7885
990,7905
990,7925
990,7945
990,7965
990,7985
990,8005
990,8025
990,8045
1000,7345
1000,7365
1000,7385
1000,7405
1000,7425
1000,7445
1000,7465
1000,7485
1000,7505
1000,7525
1000,7545
1000,7565
1000,7585
1000,7605
1000,7625
1000,7645
1000,7665
1000,7685
1000,7705
1000,7725
1000,7745
1000,7765
1000,7785
1000,7805
1000,7825
1000,7845
1000,7865
1000,7885
1000,7905
1000,7925
1000,7945
1000,7965
1000,7985
1000,8005
1000,8025
1000,8045
1010,7345
1010,7365
1010,7385
1010,7405
1010,7425
1010,7445
1010,7465
1010,7485
1010,7505
1010,7525
1010,7545
1010,7565
1010,7585
1010,7605
1010,7625
1010,7645
1010,7665
1010,7685
1010,7705
1010,7725
1010,7745
1010,7765
1010,7785
1010,7805
1010,7825
1010,7845
1010,7865
1010,7885
1010,7905
1010,7925
1010,7945
1010,7965
1010,7985
1010,8005
1010,8025
1010,8045
1020,7345
1020,7365
1020,7385
1020,7405
1020,7425
1020,7445
1020,7465
1020,7485
1020,7505
1020,7525
1020,7545
1020,7565
1020,7585
1020,7605
1020,7625
1020,7645
1020,7665
1020,7685
1020,7705
1020,7725
1020,7745
1020,7765
1020,7785
1020,7805
1020,7825
1020,7845
1020,7865
1020,7885
1020,7905
1020,7925
1020,7945
1020,7965
1020,7985
1020,8005
1020,8025
1020,8045
1030,7345
1030,7365
1030,7385
1030,7405
1030,7425
1030,7445
1030,7465
1030,7485
1030,7505
1030,7525
1030,7545
1030,7565
1030,7585
1030,7605
1030,7625
1030,7645
1030,7665
1030,7685
1030,7705
1030,7725
1030,7745
1030,7765
1030,7785
1030,7805
1030,7825
1030,7845
1030,7865
1030,7885
1030,7905
1030,7925
1030,7945
1030,7965
1030,7985
1030,8005
1030,8025
1030,8045
1040,7345
1040,7365
1040,7385
1040,7405
1040,7425
1040,7445
1040,7465
1040,7485
1040,7505
1040,7525
1040,7545
1040,7565
1040,7585
1040,7605
1040,7625
1040,7645
1040,7665
1040,7685
1040,7705
1040,7725
1040,7745
1040,7765
1040,7785
1040,7805
1040,7825
1040,7845
1040,7865
1040,7885
1040,7905
1040,7925
1040,7945
1040,7965
1040,7985
1040,8005
1040,8025
1040,8045
1050,7345
1050,7365
1050,7385
1050,7405
1050,7425
1050,7445
1050,7465
1050,7485
1050,7505
1050,7525
1050,7545
1050,7565
1050,7585
1050,7605
1050,7625
1050,7645
1050,7665
1050,7685
1050,7705
1050,7725
1050,7745
1050,7765
1050,7785
1050,7805
1050,7825
1050,7845
1050,7865
1050,7885
1050,7905
1050,7925
1050,7945
1050,7965
1050,7985
1050,8005
1050,8025
1050,8045
1060,7345
1060,7365
1060,7385
1060,7405
1060,7425
1060,7445
1060,7465
1060,7485
1060,7505
1060,7525
1060,7545
1060,7565
1060,7585
1060,7605
1060,7625
1060,7645
1060,7665
1060,7685
1060,7705
1060,7725
1060,7745
1060,7765
1060,7785
1060,7805
1060,7825
1060,7845
1060,7865
1060,7885
1060,7905
1060,7925
1060,7945
1060,7965
1060,7985
1060,8005
1060,8025
1060,8045
1070,7345
1070,7365
1070,7385
1070,7405
1070,7425
1070,7445
1070,7465
1070,7485
1070,7505
1070,7525
1070,7545
1070,7565
1070,7585
1070,7605
1070,7625
1070,7645
1070,7665
1070,7685
1070,7705
1070,7725
1070,7745
1070,7765
1070,7785
1070,7805
1070,7825
1070,7845
1070,7865
1070,7885
1070,7905
1070,7925
1070,7945
1070,7965
1070,7985
1070,8005
1070,8025
1070,8045
1080,7345
1080,7365
1080,7385
1080,7405
1080,7425
1080,7445
1080,7465
1080,7485
1080,7505
1080,7525
1080,7545
1080,7565
1080,7585
1080,7605
1080,7625
1080,7645
1080,7665
1080,7685
1080,7705
1080,7725
1080,7745
1080,7765
1080,7785
1080,7805
1080,7825
1080,7845
1080,7865
1080,7885
1080,7905
1080,7925
1080,7945
1080,7965
1080,7985
1080,8005
1080,8025
1080,8045
1090,7345
1090,7365
1090,7385
1090,7405
1090,7425
1090,7445
1090,7465
1090,7485
1090,7505
1090,7525
1090,7545
1090,7565
1090,7585
1090,7605
1090,7625
1090,7645
1090,7665
1090,7685
1090,7705
1090,7725
1090,7745
1090,7765
1090,7785
1090,7805
1090,7825
1090,7845
1090,7865
1090,7885
1090,7905
1090,7925
1090,7945
1090,7965
1090,7985
1090,8005
1090,8025
1090,8045
1100,7345
1100,7365
1100,7385
1100,7405
1100,7425
1100,7445
1100,7465
1100,7485
1100,7505
1100,7525
1100,7545
1100,7565
1100,7585
1100,7605
1100,7625
1100,7645
1100,7665
1100,7685
1100,7705
1100,7725
1100,7745
1100,7765
1100,7785
1100,7805
1100,7825
1100,7845
1100,7865
1100,7885
1100,7905
1100,7925
1100,7945
1100,7965
1100,7985
1100,8005
1100,8025
1100,8045
1110,7345
1110,7365
1110,7385
1110,7405
1110,7425
1110,7445
1110,7465
1110,7485
1110,7505
1110,7525
1110,7545
1110,7565
1110,7585
1110,7605
1110,7625
1110,7645
1110,7665
1110,7685
1110,7705
1110,7725
1110,7745
1110,7765
1110,7785
1110,7805
1110,7825
1110,7845
1110,7865
1110,7885
1110,7905
1110,7925
1110,7945
1110,7965
1110,7985
1110,8005
1110,8025
1110,8045
1120,7345
1120,7365
1120,7385
1120,7405
1120,7425
1120,7445
1120,7465
1120,7485
1120,7505
1120,7525
1120,7545
1120,7565
1120,7585
1120,7605
1120,7625
1120,7645
1120,7665
1120,7685
1120,7705
1120,7725
1120,7745
1120,7765
1120,7785
1120,7805
1120,7825
1120,7845
1120,7865
1120,7885
1120,7905
1120,7925
1120,7945
1120,7965
1120,7985
1120,8005
1120,8025
1120,8045
1130,7345
1130,7365
1130,7385
1130,7405
1130,7425
1130,7445
1130,7465
1130,7485
1130,7505
1130,7525
1130,7545
1130,7565
1130,7585
1130,7605
1130,7625
1130,7645
1130,7665
1130,7685
1130,7705
1130,7725
1130,7745
1130,7765
1130,7785
1130,7805
1130,7825
1130,7845
1130,7865
1130,7885
1130,7905
1130,7925
1130,7945
1130,7965
1130,7985
1130,8005
1130,8025
1130,8045
1140,7345
1140,7365
1140,7385
1140,7405
1140,7425
1140,7445
1140,7465
1140,7485
1140,7505
1140,7525
1140,7545
1140,7565
1140,7585
1140,7605
1140,7625
1140,7645
1140,7665
1140,7685
1140,7705
1140,7725
1140,7745
1140,7765
1140,7785
1140,7805
1140,7825
1140,7845
1140,7865
1140,7885
1140,7905
1140,7925
1140,7945
1140,7965
1140,7985
1140,8005
1140,8025
1140,8045
1150,7345
1150,7365
1150,7385
1150,7405
1150,7425
1150,7445
1150,7465
1150,7485
1150,7505
1150,7525
1150,7545
1150,7565
1150,7585
1150,7605
1150,7625
1150,7645
1150,7665
1150,7685
1150,7705
1150,7725
1150,7745
1150,7765
1150,7785
1150,7805
1150,7825
1150,7845
1150,7865
1150,7885
1150,7905
1150,7925
1150,7945
1150,7965
1150,7985
1150,8005
1150,8025
1150,8045
1160,7345
1160,7365
1160,7385
1160,7405
1160,7425
1160,7445
1160,7465
1160,7485
1160,7505
1160,7525
1160,7545
1160,7565
1160,7585
1160,7605
1160,7625
1160,7645
1160,7665
1160,7685
1160,7705
1160,7725
1160,7745
1160,7765
1160,7785
1160,7805
1160,7825
1160,7845
1160,7865
1160,7885
1160,7905
1160,7925
1160,7945
1160,7965
1160,7985
1160,8005
1160,8025
1160,8045
1170,7345
1170,7365
1170,7385
1170,7405
1170,7425
1170,7445
1170,7465
1170,7485
1170,7505
1170,7525
1170,7545
1170,7565
1170,7585
1170,7605
1170,7625
1170,7645
1170,7665
1170,7685
1170,7705
1170,7725
1170,7745
1170,7765
1170,7785
1170,7805
1170,7825
1170,7845
1170,7865
1170,7885
1170,7905
1170,7925
1170,7945
1170,7965
1170,7985
1170,8005
1170,8025
1170,8045
1180,7345
1180,7365
1180,7385
1180,7405
1180,7425
1180,7445
1180,7465
1180,7485
1180,7505
1180,7525
1180,7545
1180,7565
1180,7585
1180,7605
1180,7625
1180,7645
1180,7665
1180,7685
1180,7705
1180,7725
1180,7745
1180,7765
1180,7785
1180,7805
1180,7825
1180,7845
1180,7865
1180,7885
1180,7905
1180,7925
1180,7945
1180,7965
1180,7985
1180,8005
1180,8025
1180,8045
1190,7345
1190,7365
1190,7385
1190,7405
1190,7425
1190,7445
1190,7465
1190,7485
1190,7505
1190,7525
1190,7545
1190,7565
1190,7585
1190,7605
1190,7625
1190,7645
1190,7665
1190,7685
1190,7705
1190,7725
1190,7745
1190,7765
1190,7785
1190,7805
1190,7825
1190,7845
1190,7865
1190,7885
1190,7905
1190,7925
1190,7945
1190,7965
1190,7985
1190,8005
1190,8025
1190,8045
1200,7345
1200,7365
1200,7385
1200,7405
1200,7425
1200,7445
1200,7465
1200,7485
1200,7505
1200,7525
1200,7545
1200,7565
1200,7585
1200,7605
1200,7625
1200,7645
1200,7665
1200,7685
1200,7705
1200,7725
1200,7745
1200,7765
1200,7785
1200,7805
1200,7825
1200,7845
1200,7865
1200,7885
1200,7905
1200,7925
1200,7945
1200,7965
1200,7985
1200,8005
1200,8025
1200,8045
1210,7345
1210,7365
1210,7385
1210,7405
1210,7425
1210,7445
1210,7465
1210,7485
1210,7505
1210,7525
1210,7545
1210,7565
1210,7585
1210,7605
1210,7625
1210,7645
1210,7665
1210,7685
1210,7705
1210,7725
1210,7745
1210,7765
1210,7785
1210,7805
1210,7825
1210,7845
1210,7865
1210,7885
1210,7905
1210,7925
1210,7945
1210,7965
1210,7985
1210,8005
1210,8025
1210,8045
1220,7345
1220,7365
1220,7385
1220,7405
1220,7425
1220,7445
1220,7465
1220,7485
1220,7505
1220,7525
1220,7545
1220,7565
1220,7585
1220,7605
1220,7625
1220,7645
1220,7665
1220,7685
1220,7705
1220,7725
1220,7745
1220,7765
1220,7785
1220,7805
1220,7825
1220,7845
1220,7865
1220,7885
1220,7905
1220,7925
1220,7945
1220,7965
1220,7985
1220,8005
1220,8025
1220,8045
1230,7345
1230,7365
1230,7385
1230,7405
1230,7425
1230,7445
1230,7465
1230,7485
1230,7505
1230,7525
1230,7545
1230,7565
1230,7585
1230,7605
1230,7625
1230,7645
1230,7665
1230,7685
1230,7705
1230,7725
1230,7745
1230,7765
1230,7785
1230,7805
1230,7825
1230,7845
1230,7865
1230,7885
1230,7905
1230,7925
1230,7945
1230,7965
1230,7985
1230,8005
1230,8025
1230,8045
1240,7345
1240,7365
1240,7385
1240,7405
1240,7425
1240,7445
1240,7465
1240,7485
1240,7505
1240,7525
1240,7545
1240,7565
1240,7585
1240,7605
1240,7625
1240,7645
1240,7665
1240,7685
1240,7705
1240,7725
1240,7745
1240,7765
1240,7785
1240,7805
1240,7825
1240,7845
1240,7865
1240,7885
1240,7905
1240,7925
1240,7945
1240,7965
1240,7985
1240,8005
1240,8025
1240,8045
1250,7345
1250,7365
1250,7385
1250,7405
1250,7425
1250,7445
1250,7465
1250,7485
1250,7505
1250,7525
1250,7545
1250,7565
1250,7585
1250,7605
1250,7625
1250,7645
1250,7665
1250,7685
1250,7705
1250,7725
1250,7745
1250,7765
1250,7785
1250,7805
1250,7825
1250,7845
1250,7865
1250,7885
1250,7905
1250,7925
1250,7945
1250,7965
1250,7985
1250,8005
1250,8025
1250,8045
1260,7345
1260,7365
1260,7385
1260,7405
1260,7425
1260,7445
1260,7465
1260,7485
1260,7505
1260,7525
1260,7545
1260,7565
1260,7585
1260,7605
1260,7625
1260,7645
1260,7665
1260,7685
1260,7705
1260,7725
1260,7745
1260,7765
1260,7785
1260,7805
1260,7825
1260,7845
1260,7865
1260,7885
1260,7905
1260,7925
1260,7945
1260,7965
1260,7985
1260,8005
1260,8025
1260,8045
1270,7345
1270,7365
1270,7385
1270,7405
1270,7425
1270,7445
1270,7465
1270,7485
1270,7505
1270,7525
1270,7545
1270,7565
1270,7585
1270,7605
1270,7625
1270,7645
1270,7665
1270,7685
1270,7705
1270,7725
1270,7745
1270,7765
1270,7785
1270,7805
1270,7825
1270,7845
1270,7865
1270,7885
1270,7905
1270,7925
1270,7945
1270,7965
1270,7985
1270,8005
1270,8025
1270,8045
1280,7345
1280,7365
1280,7385
1280,7405
1280,7425
1280,7445
1280,7465
1280,7485
1280,7505
1280,7525
1280,7545
1280,7565
1280,7585
1280,7605
1280,7625
1280,7645
1280,7665
1280,7685
1280,7705
1280,7725
1280,7745
1280,7765
1280,7785
1280,7805
1280,7825
1280,7845
1280,7865
1280,7885
1280,7905
1280,7925
1280,7945
1280,7965
1280,7985
1280,8005
1280,8025
1280,8045
1290,7345
1290,7365
1290,7385
1290,7405
1290,7425
1290,7445
1290,7465
1290,7485
1290,7505
1290,7525
1290,7545
1290,7565
1290,7585
1290,7605
1290,7625
1290,7645
1290,7665
1290,7685
1290,7705
1290,7725
1290,7745
1290,7765
1290,7785
1290,7805
1290,7825
1290,7845
1290,7865
1290,7885
1290,7905
1290,7925
1290,7945
1290,7965
1290,7985
1290,8005
1290,8025
1290,8045
1300,7345
1300,7365
1300,7385
1300,7405
1300,7425
1300,7445
1300,7465
1300,7485
1300,7505
1300,7525
1300,7545
1300,7565
1300,7585
1300,7605
1300,7625
1300,7645
1300,7665
1300,7685
1300,7705
1300,7725
1300,7745
1300,7765
1300,7785
1300,7805
1300,7825
1300,7845
1300,7865
1300,7885
1300,7905
1300,7925
1300,7945
1300,7965
1300,7985
1300,8005
1300,8025
1300,8045
1310,7345
1310,7365
1310,7385
1310,7405
1310,7425
1310,7445
1310,7465
1310,7485
1310,7505
1310,7525
1310,7545
1310,7565
1310,7585
1310,7605
1310,7625
1310,7645
1310,7665
1310,7685
1310,7705
1310,7725
1310,7745
1310,7765
1310,7785
1310,7805
1310,7825
1310,7845
1310,7865
1310,7885
1310,7905
1310,7925
1310,7945
1310,7965
1310,7985
1310,8005
1310,8025
1310,8045
1320,7345
1320,7365
1320,7385
1320,7405
1320,7425
1320,7445
1320,7465
1320,7485
1320,7505
1320,7525
1320,7545
1320,7565
1320,7585
1320,7605
1320,7625
1320,7645
1320,7665
1320,7685
1320,7705
1320,7725
1320,7745
1320,7765
1320,7785
1320,7805
1320,7825
1320,7845
1320,7865
1320,7885
1320,7905
1320,7925
1320,7945
1320,7965
1320,7985
1320,8005
1320,8025
1320,8045
1330,7345
1330,7365
1330,7385
1330,7405
1330,7425
1330,7445
1330,7465
1330,7485
1330,7505
1330,7525
1330,7545
1330,7565
1330,7585
1330,7605
1330,7625
1330,7645
1330,7665
1330,7685
1330,7705
1330,7725
1330,7745
1330,7765
1330,7785
1330,7805
1330,7825
1330,7845
1330,7865
1330,7885
1330,7905
1330,7925
1330,7945
1330,7965
1330,7985
1330,8005
1330,8025
1330,8045
1340,7345
1340,7365
1340,7385
1340,7405
1340,7425
1340,7445
1340,7465
1340,7485
1340,7505
1340,7525
1340,7545
1340,7565
1340,7585
1340,7605
1340,7625
1340,7645
1340,7665
1340,7685
1340,7705
1340,7725
1340,7745
1340,7765
1340,7785
1340,7805
1340,7825
1340,7845
1340,7865
1340,7885
1340,7905
1340,7925
1340,7945
1340,7965
1340,7985
1340,8005
1340,8025
1340,8045
1350,7345
1350,7365
1350,7385
1350,7405
1350,7425
1350,7445
1350,7465
1350,7485
1350,7505
1350,7525
1350,7545
1350,7565
1350,7585
1350,7605
1350,7625
1350,7645
1350,7665
1350,7685
1350,7705
1350,7725
1350,7745
1350,7765
1350,7785
1350,7805
1350,7825
1350,7845
1350,7865
1350,7885
1350,7905
1350,7925
1350,7945
1350,7965
1350,7985
1350,8005
1350,8025
1350,8045
1360,7345
1360,7365
1360,7385
1360,7405
1360,7425
1360,7445
1360,7465
1360,7485
1360,7505
1360,7525
1360,7545
1360,7565
1360,7585
1360,7605
1360,7625
1360,7645
1360,7665
1360,7685
1360,7705
1360,7725
1360,7745
1360,7765
1360,7785
1360,7805
1360,7825
1360,7845
1360,7865
1360,7885
1360,7905
1360,7925
1360,7945
1360,7965
1360,7985
1360,8005
1360,8025
1360,8045
1370,7345
1370,7365
1370,7385
1370,7405
1370,7425
1370,7445
1370,7465
1370,7485
1370,7505
1370,7525
1370,7545
1370,7565
1370,7585
1370,7605
1370,7625
1370,7645
1370,7665
1370,7685
1370,7705
1370,7725
1370,7745
1370,7765
1370,7785
1370,7805
1370,7825
1370,7845
1370,7865
1370,7885
1370,7905
1370,7925
1370,7945
1370,7965
1370,7985
1370,8005
1370,8025
1370,8045
1380,7345
1380,7365
1380,7385
1380,7405
1380,7425
1380,7445
1380,7465
1380,7485
1380,7505
1380,7525
1380,7545
1380,7565
1380,7585
1380,7605
1380,7625
1380,7645
1380,7665
1380,7685
1380,7705
1380,7725
1380,7745
1380,7765
1380,7785
1380,7805
1380,7825
1380,7845
1380,7865
1380,7885
1380,7905
1380,7925
1380,7945
1380,7965
1380,7985
1380,8005
1380,8025
1380,8045
1390,7345
1390,7365
1390,7385
1390,7405
1390,7425
1390,7445
1390,7465
1390,7485
1390,7505
1390,7525
1390,7545
1390,7565
1390,7585
1390,7605
1390,7625
1390,7645
1390,7665
1390,7685
1390,7705
1390,7725
1390,7745
1390,7765
1390,7785
1390,7805
1390,7825
1390,7845
1390,7865
1390,7885
1390,7905
1390,7925
1390,7945
1390,7965
1390,7985
1390,8005
1390,8025
1390,8045
1400,7345
1400,7365
1400,7385
1400,7405
1400,7425
1400,7445
1400,7465
1400,7485
1400,7505
1400,7525
1400,7545
1400,7565
1400,7585
1400,7605
1400,7625
1400,7645
1400,7665
1400,7685
1400,7705
1400,7725
1400,7745
1400,7765
1400,7785
1400,7805
1400,7825
1400,7845
1400,7865
1400,7885
1400,7905
1400,7925
1400,7945
1400,7965
1400,7985
1400,8005
1400,8025
1400,8045
1410,7345
1410,7365
1410,7385
1410,7405
1410,7425
1410,7445
1410,7465
1410,7485
1410,7505
1410,7525
1410,7545
1410,7565
1410,7585
1410,7605
1410,7625
1410,7645
1410,7665
1410,7685
1410,7705
1410,7725
1410,7745
1410,7765
1410,7785
1410,7805
1410,7825
1410,7845
1410,7865
1410,7885
1410,7905
1410,7925
1410,7945
1410,7965
1410,7985
1410,8005
1410,8025
1410,8045
1420,7345
1420,7365
1420,7385
1420,7405
1420,7425
1420,7445
1420,7465
1420,7485
1420,7505
1420,7525
1420,7545
1420,7565
1420,7585
1420,7605
1420,7625
1420,7645
1420,7665
1420,7685
1420,7705
1420,7725
1420,7745
1420,7765
1420,7785
1420,7805
1420,7825
1420,7845
1420,7865
1420,7885
1420,7905
1420,7925
1420,7945
1420,7965
1420,7985
1420,8005
1420,8025
1420,8045
1430,7345
1430,7365
1430,7385
1430,7405
1430,7425
1430,7445
1430,7465
1430,7485
1430,7505
1430,7525
1430,7545
1430,7565
1430,7585
1430,7605
1430,7625
1430,7645
1430,7665
1430,7685
1430,7705
1430,7725
1430,7745
1430,7765
1430,7785
1430,7805
1430,7825
1430,7845
1430,7865
1430,7885
1430,7905
1430,7925
1430,7945
1430,7965
1430,7985
1430,8005
1430,8025
1430,8045
1440,7345
1440,7365
1440,7385
1440,7405
1440,7425
1440,7445
1440,7465
1440,7485
1440,7505
1440,7525
1440,7545
1440,7565
1440,7585
1440,7605
1440,7625
1440,7645
1440,7665
1440,7685
1440,7705
1440,7725
1440,7745
1440,7765
1440,7785
1440,7805
1440,7825
1440,7845
1440,7865
1440,7885
1440,7905
1440,7925
1440,7945
1440,7965
1440,7985
1440,8005
1440,8025
1440,8045
1450,7345
1450,7365
1450,7385
1450,7405
1450,7425
1450,7445
1450,7465
1450,7485
1450,7505
1450,7525
1450,7545
1450,7565
1450,7585
1450,7605
1450,7625
1450,7645
1450,7665
1450,7685
1450,7705
1450,7725
1450,7745
1450,7765
1450,7785
1450,7805
1450,7825
1450,7845
1450,7865
1450,7885
1450,7905
1450,7925
1450,7945
1450,7965
1450,7985
1450,8005
1450,8025
1450,8045
1460,7345
1460,7365
1460,7385
1460,7405
1460,7425
1460,7445
1460,7465
1460,7485
1460,7505
1460,7525
1460,7545
1460,7565
1460,7585
1460,7605
1460,7625
1460,7645
1460,7665
1460,7685
1460,7705
1460,7725
1460,7745
1460,7765
1460,7785
1460,7805
1460,7825
1460,7845
1460,7865
1460,7885
1460,7905
1460,7925
1460,7945
1460,7965
1460,7985
1460,8005
1460,8025
1460,8045
1470,7345
1470,7365
1470,7385
1470,7405
1470,7425
1470,7445
1470,7465
1470,7485
1470,7505
1470,7525
1470,7545
1470,7565
1470,7585
1470,7605
1470,7625
1470,7645
1470,7665
1470,7685
1470,7705
1470,7725
1470,7745
1470,7765
1470,7785
1470,7805
1470,7825
1470,7845
1470,7865
1470,7885
1470,7905
1470,7925
1470,7945
1470,7965
1470,7985
1470,8005
1470,8025
1470,8045
1480,7345
1480,7365
1480,7385
1480,7405
1480,7425
1480,7445
1480,7465
1480,7485
1480,7505
1480,7525
1480,7545
1480,7565
1480,7585
1480,7605
1480,7625
1480,7645
1480,7665
1480,7685
1480,7705
1480,7725
1480,7745
1480,7765
1480,7785
1480,7805
1480,7825
1480,7845
1480,7865
1480,7885
1480,7905
1480,7925
1480,7945
1480,7965
1480,7985
1480,8005
1480,8025
1480,8045
1490,7345
1490,7365
1490,7385
1490,7405
1490,7425
1490,7445
1490,7465
1490,7485
1490,7505
1490,7525
1490,7545
1490,7565
1490,7585
1490,7605
1490,7625
1490,7645
1490,7665
1490,7685
1490,7705
1490,7725
1490,7745
1490,7765
1490,7785
1490,7805
1490,7825
1490,7845
1490,7865
1490,7885
1490,7905
1490,7925
1490,7945
1490,7965
1490,7985
1490,8005
1490,8025
1490,8045
1500,7345
1500,7365
1500,7385
1500,7405
1500,7425
1500,7445
1500,7465
1500,7485
1500,7505
1500,7525
1500,7545
1500,7565
1500,7585
1500,7605
1500,7625
1500,7645
1500,7665
1500,7685
1500,7705
1500,7725
1500,7745
1500,7765
1500,7785
1500,7805
1500,7825
1500,7845
1500,7865
1500,7885
1500,7905
1500,7925
1500,7945
1500,7965
1500,7985
1500,8005
1500,8025
1500,8045
1510,7345
1510,7365
1510,7385
1510,7405
1510,7425
1510,7445
1510,7465
1510,7485
1510,7505
1510,7525
1510,7545
1510,7565
1510,7585
1510,7605
1510,7625
1510,7645
1510,7665
1510,7685
1510,7705
1510,7725
1510,7745
1510,7765
1510,7785
1510,7805
1510,7825
1510,7845
1510,7865
1510,7885
1510,7905
1510,7925
1510,7945
1510,7965
1510,7985
1510,8005
1510,8025
1510,8045
1520,7345
1520,7365
1520,7385
1520,7405
1520,7425
1520,7445
1520,7465
1520,7485
1520,7505
1520,7525
1520,7545
1520,7565
1520,7585
1520,7605
1520,7625
1520,7645
1520,7665
1520,7685
1520,7705
1520,7725
1520,7745
1520,7765
1520,7785
1520,7805
1520,7825
1520,7845
1520,7865
1520,7885
1520,7905
1520,7925
1520,7945
1520,7965
1520,7985
1520,8005
1520,8025
1520,8045
1530,7345
1530,7365
1530,7385
1530,7405
1530,7425
1530,7445
1530,7465
1530,7485
1530,7505
1530,7525
1530,7545
1530,7565
1530,7585
1530,7605
1530,7625
1530,7645
1530,7665
1530,7685
1530,7705
1530,7725
1530,7745
1530,7765
1530,7785
1530,7805
1530,7825
1530,7845
1530,7865
1530,7885
1530,7905
1530,7925
1530,7945
1530,7965
1530,7985
1530,8005
1530,8025
1530,8045
1540,7345
1540,7365
1540,7385
1540,7405
1540,7425
1540,7445
1540,7465
1540,7485
1540,7505
1540,7525
1540,7545
1540,7565
1540,7585
1540,7605
1540,7625
1540,7645
1540,7665
1540,7685
1540,7705
1540,7725
1540,7745
1540,7765
1540,7785
1540,7805
1540,7825
1540,7845
1540,7865
1540,7885
1540,7905
1540,7925
1540,7945
1540,7965
1540,7985
1540,8005
1540,8025
1540,8045
1550,7345
1550,7365
1550,7385
1550,7405
1550,7425
1550,7445
1550,7465
1550,7485
1550,7505
1550,7525
1550,7545
1550,7565
1550,7585
1550,7605
1550,7625
1550,7645
1550,7665
1550,7685
1550,7705
1550,7725
1550,7745
1550,7765
1550,7785
1550,7805
1550,7825
1550,7845
1550,7865
1550,7885
1550,7905
1550,7925
1550,7945
1550,7965
1550,7985
1550,8005
1550,8025
1550,8045
1560,7345
1560,7365
1560,7385
1560,7405
1560,7425
1560,7445
1560,7465
1560,7485
1560,7505
1560,7525
1560,7545
1560,7565
1560,7585
1560,7605
1560,7625
1560,7645
1560,7665
1560,7685
1560,7705
1560,7725
1560,7745
1560,7765
1560,7785
1560,7805
1560,7825
1560,7845
1560,7865
1560,7885
1560,7905
1560,7925
1560,7945
1560,7965
1560,7985
1560,8005
1560,8025
1560,8045
1570,7345
1570,7365
1570,7385
1570,7405
1570,7425
1570,7445
1570,7465
1570,7485
1570,7505
1570,7525
1570,7545
1570,7565
1570,7585
1570,7605
1570,7625
1570,7645
1570,7665
1570,7685
1570,7705
1570,7725
1570,7745
1570,7765
1570,7785
1570,7805
1570,7825
1570,7845
1570,7865
1570,7885
1570,7905
1570,7925
1570,7945
1570,7965
1570,7985
1570,8005
1570,8025
1570,8045
1580,7345
1580,7365
1580,7385
1580,7405
1580,7425
1580,7445
1580,7465
1580,7485
1580,7505
1580,7525
1580,7545
1580,7565
1580,7585
1580,7605
1580,7625
1580,7645
1580,7665
1580,7685
1580,7705
1580,7725
1580,7745
1580,7765
1580,7785
1580,7805
1580,7825
1580,7845
1580,7865
1580,7885
1580,7905
1580,7925
1580,7945
1580,7965
1580,7985
1580,8005
1580,8025
1580,8045
1590,7345
1590,7365
1590,7385
1590,7405
1590,7425
1590,7445
1590,7465
1590,7485
1590,7505
1590,7525
1590,7545
1590,7565
1590,7585
1590,7605
1590,7625
1590,7645
1590,7665
1590,7685
1590,7705
1590,7725
1590,7745
1590,7765
1590,7785
1590,7805
1590,7825
1590,7845
1590,7865
1590,7885
1590,7905
1590,7925
1590,7945
1590,7965
1590,7985
1590,8005
1590,8025
1590,8045
1600,7345
1600,7365
1600,7385
1600,7405
1600,7425
1600,7445
1600,7465
1600,7485
1600,7505
1600,7525
1600,7545
1600,7565
1600,7585
1600,7605
1600,7625
1600,7645
1600,7665
1600,7685
1600,7705
1600,7725
1600,7745
1600,7765
1600,7785
1600,7805
1600,7825
1600,7845
1600,7865
1600,7885
1600,7905
1600,7925
1600,7945
1600,7965
1600,7985
1600,8005
1600,8025
1600,8045
1610,7345
1610,7365
1610,7385
1610,7405
1610,7425
1610,7445
1610,7465
1610,7485
1610,7505
1610,7525
1610,7545
1610,7565
1610,7585
1610,7605
1610,7625
1610,7645
1610,7665
1610,7685
1610,7705
1610,7725
1610,7745
1610,7765
1610,7785
1610,7805
1610,7825
1610,7845
1610,7865
1610,7885
1610,7905
1610,7925
1610,7945
1610,7965
1610,7985
1610,8005
1610,8025
1610,8045
1620,7345
1620,7365
1620,7385
1620,7405
1620,7425
1620,7445
1620,7465
1620,7485
1620,7505
1620,7525
1620,7545
1620,7565
1620,7585
1620,7605
1620,7625
1620,7645
1620,7665
1620,7685
1620,7705
1620,7725
1620,7745
1620,7765
1620,7785
1620,7805
1620,7825
1620,7845
1620,7865
1620,7885
1620,7905
1620,7925
1620,7945
1620,7965
1620,7985
1620,8005
1620,8025
1620,8045
1630,7345
1630,7365
1630,7385
1630,7405
1630,7425
1630,7445
1630,7465
1630,7485
1630,7505
1630,7525
1630,7545
1630,7565
1630,7585
1630,7605
1630,7625
1630,7645
1630,7665
1630,7685
1630,7705
1630,7725
1630,7745
1630,7765
1630,7785
1630,7805
1630,7825
1630,7845
1630,7865
1630,7885
1630,7905
1630,7925
1630,7945
1630,7965
1630,7985
1630,8005
1630,8025
1630,8045
1640,7345
1640,7365
1640,7385
1640,7405
1640,7425
1640,7445
1640,7465
1640,7485
1640,7505
1640,7525
1640,7545
1640,7565
1640,7585
1640,7605
1640,7625
1640,7645
1640,7665
1640,7685
1640,7705
1640,7725
1640,7745
1640,7765
1640,7785
1640,7805
1640,7825
1640,7845
1640,7865
1640,7885
1640,7905
1640,7925
1640,7945
1640,7965
1640,7985
1640,8005
1640,8025
1640,8045
1650,7345
1650,7365
1650,7385
1650,7405
1650,7425
1650,7445
1650,7465
1650,7485
1650,7505
1650,7525
1650,7545
1650,7565
1650,7585
1650,7605
1650,7625
1650,7645
1650,7665
1650,7685
1650,7705
1650,7725
1650,7745
1650,7765
1650,7785
1650,7805
1650,7825
1650,7845
1650,7865
1650,7885
1650,7905
1650,7925
1650,7945
1650,7965
1650,7985
1650,8005
1650,8025
1650,8045
1660,7345
1660,7365
1660,7385
1660,7405
1660,7425
1660,7445
1660,7465
1660,7485
1660,7505
1660,7525
1660,7545
1660,7565
1660,7585
1660,7605
1660,7625
1660,7645
1660,7665
1660,7685
1660,7705
1660,7725
1660,7745
1660,7765
1660,7785
1660,7805
1660,7825
1660,7845
1660,7865
1660,7885
1660,7905
1660,7925
1660,7945
1660,7965
1660,7985
1660,8005
1660,8025
1660,8045
1670,7345
1670,7365
1670,7385
1670,7405
1670,7425
1670,7445
1670,7465
1670,7485
1670,7505
1670,7525
1670,7545
1670,7565
1670,7585
1670,7605
1670,7625
1670,7645
1670,7665
1670,7685
1670,7705
1670,7725
1670,7745
1670,7765
1670,7785
1670,7805
1670,7825
1670,7845
1670,7865
1670,7885
1670,7905
1670,7925
1670,7945
1670,7965
1670,7985
1670,8005
1670,8025
1670,8045
1680,7345
1680,7365
1680,7385
1680,7405
1680,7425
1680,7445
1680,7465
1680,7485
1680,7505
1680,7525
1680,7545
1680,7565
1680,7585
1680,7605
1680,7625
1680,7645
1680,7665
1680,7685
1680,7705
1680,7725
1680,7745
1680,7765
1680,7785
1680,7805
1680,7825
1680,7845
1680,7865
1680,7885
1680,7905
1680,7925
1680,7945
1680,7965
1680,7985
1680,8005
1680,8025
1680,8045
1690,7345
1690,7365
1690,7385
1690,7405
1690,7425
1690,7445
1690,7465
1690,7485
1690,7505
1690,7525
1690,7545
1690,7565
1690,7585
1690,7605
1690,7625
1690,7645
1690,7665
1690,7685
1690,7705
1690,7725
1690,7745
1690,7765
1690,7785
1690,7805
1690,7825
1690,7845
1690,7865
1690,7885
1690,7905
1690,7925
1690,7945
1690,7965
1690,7985
1690,8005
1690,8025
1690,8045
1700,7345
1700,7365
1700,7385
1700,7405
1700,7425
1700,7445
1700,7465
1700,7485
1700,7505
1700,7525
1700,7545
1700,7565
1700,7585
1700,7605
1700,7625
1700,7645
1700,7665
1700,7685
1700,7705
1700,7725
1700,7745
1700,7765
1700,7785
1700,7805
1700,7825
1700,7845
1700,7865
1700,7885
1700,7905
1700,7925
1700,7945
1700,7965
1700,7985
1700,8005
1700,8025
1700,8045
1710,7345
1710,7365
1710,7385
1710,7405
1710,7425
1710,7445
1710,7465
1710,7485
1710,7505
1710,7525
1710,7545
1710,7565
1710,7585
1710,7605
1710,7625
1710,7645
1710,7665
1710,7685
1710,7705
1710,7725
1710,7745
1710,7765
1710,7785
1710,7805
1710,7825
1710,7845
1710,7865
1710,7885
1710,7905
1710,7925
1710,7945
1710,7965
1710,7985
1710,8005
1710,8025
1710,8045
1720,7345
1720,7365
1720,7385
1720,7405
1720,7425
1720,7445
1720,7465
1720,7485
1720,7505
1720,7525
1720,7545
1720,7565
1720,7585
1720,7605
1720,7625
1720,7645
1720,7665
1720,7685
1720,7705
1720,7725
1720,7745
1720,7765
1720,7785
1720,7805
1720,7825
1720,7845
1720,7865
1720,7885
1720,7905
1720,7925
1720,7945
1720,7965
1720,7985
1720,8005
1720,8025
1720,8045
1730,7345
1730,7365
1730,7385
1730,7405
1730,7425
1730,7445
1730,7465
1730,7485
1730,7505
1730,7525
1730,7545
1730,7565
1730,7585
1730,7605
1730,7625
1730,7645
1730,7665
1730,7685
1730,7705
1730,7725
1730,7745
1730,7765
1730,7785
1730,7805
1730,7825
1730,7845
1730,7865
1730,7885
1730,7905
1730,7925
1730,7945
1730,7965
1730,7985
1730,8005
1730,8025
1730,8045
1740,7345
1740,7365
1740,7385
1740,7405
1740,7425
1740,7445
1740,7465
1740,7485
1740,7505
1740,7525
1740,7545
1740,7565
1740,7585
1740,7605
1740,7625
1740,7645
1740,7665
1740,7685
1740,7705
1740,7725
1740,7745
1740,7765
1740,7785
1740,7805
1740,7825
1740,7845
1740,7865
1740,7885
1740,7905
1740,7925
1740,7945
1740,7965
1740,7985
1740,8005
1740,8025
1740,8045
1750,7345
1750,7365
1750,7385
1750,7405
1750,7425
1750,7445
1750,7465
1750,7485
1750,7505
1750,7525
1750,7545
1750,7565
1750,7585
1750,7605
1750,7625
1750,7645
1750,7665
1750,7685
1750,7705
1750,7725
1750,7745
1750,7765
1750,7785
1750,7805
1750,7825
1750,7845
1750,7865
1750,7885
1750,7905
1750,7925
1750,7945
1750,7965
1750,7985
1750,8005
1750,8025
1750,8045
1760,7345
1760,7365
1760,7385
1760,7405
1760,7425
1760,7445
1760,7465
1760,7485
1760,7505
1760,7525
1760,7545
1760,7565
1760,7585
1760,7605
1760,7625
1760,7645
1760,7665
1760,7685
1760,7705
1760,7725
1760,7745
1760,7765
1760,7785
1760,7805
1760,7825
1760,7845
1760,7865
1760,7885
1760,7905
1760,7925
1760,7945
1760,7965
1760,7985
1760,8005
1760,8025
1760,8045
1770,7345
1770,7365
1770,7385
1770,7405
1770,7425
1770,7445
1770,7465
1770,7485
1770,7505
1770,7525
1770,7545
1770,7565
1770,7585
1770,7605
1770,7625
1770,7645
1770,7665
1770,7685
1770,7705
1770,7725
1770,7745
1770,7765
1770,7785
1770,7805
1770,7825
1770,7845
1770,7865
1770,7885
1770,7905
1770,7925
1770,7945
1770,7965
1770,7985
1770,8005
1770,8025
1770,8045
1780,7345
1780,7365
1780,7385
1780,7405
1780,7425
1780,7445
1780,7465
1780,7485
1780,7505
1780,7525
1780,7545
1780,7565
1780,7585
1780,7605
1780,7625
1780,7645
1780,7665
1780,7685
1780,7705
1780,7725
1780,7745
1780,7765
1780,7785
1780,7805
1780,7825
1780,7845
1780,7865
1780,7885
1780,7905
1780,7925
1780,7945
1780,7965
1780,7985
1780,8005
1780,8025
1780,8045
1790,7345
1790,7365
1790,7385
1790,7405
1790,7425
1790,7445
1790,7465
1790,7485
1790,7505
1790,7525
1790,7545
1790,7565
1790,7585
1790,7605
1790,7625
1790,7645
1790,7665
1790,7685
1790,7705
1790,7725
1790,7745
1790,7765
1790,7785
1790,7805
1790,7825
1790,7845
1790,7865
1790,7885
1790,7905
1790,7925
1790,7945
1790,7965
1790,7985
1790,8005
1790,8025
1790,8045
1800,7345
1800,7365
1800,7385
1800,7405
1800,7425
1800,7445
1800,7465
1800,7485
1800,7505
1800,7525
1800,7545
1800,7565
1800,7585
1800,7605
1800,7625
1800,7645
1800,7665
1800,7685
1800,7705
1800,7725
1800,7745
1800,7765
1800,7785
1800,7805
1800,7825
1800,7845
1800,7865
1800,7885
1800,7905
1800,7925
1800,7945
1800,7965
1800,7985
1800,8005
1800,8025
1800,8045
1810,7345
1810,7365
1810,7385
1810,7405
1810,7425
1810,7445
1810,7465
1810,7485
1810,7505
1810,7525
1810,7545
1810,7565
1810,7585
1810,7605
1810,7625
1810,7645
1810,7665
1810,7685
1810,7705
1810,7725
1810,7745
1810,7765
1810,7785
1810,7805
1810,7825
1810,7845
1810,7865
1810,7885
1810,7905
1810,7925
1810,7945
1810,7965
1810,7985
1810,8005
1810,8025
1810,8045
1820,7345
1820,7365
1820,7385
1820,7405
1820,7425
1820,7445
1820,7465
1820,7485
1820,7505
1820,7525
1820,7545
1820,7565
1820,7585
1820,7605
1820,7625
1820,7645
1820,7665
1820,7685
1820,7705
1820,7725
1820,7745
1820,7765
1820,7785
1820,7805
1820,7825
1820,7845
1820,7865
1820,7885
1820,7905
1820,7925
1820,7945
1820,7965
1820,7985
1820,8005
1820,8025
1820,8045
1830,7345
1830,7365
1830,7385
1830,7405
1830,7425
1830,7445
1830,7465
1830,7485
1830,7505
1830,7525
1830,7545
1830,7565
1830,7585
1830,7605
1830,7625
1830,7645
1830,7665
1830,7685
1830,7705
1830,7725
1830,7745
1830,7765
1830,7785
1830,7805
1830,7825
1830,7845
1830,7865
1830,7885
1830,7905
1830,7925
1830,7945
1830,7965
1830,7985
1830,8005
1830,8025
1830,8045
1840,7345
1840,7365
1840,7385
1840,7405
1840,7425
1840,7445
1840,7465
1840,7485
1840,7505
1840,7525
1840,7545
1840,7565
1840,7585
1840,7605
1840,7625
1840,7645
1840,7665
1840,7685
1840,7705
1840,7725
1840,7745
1840,7765
1840,7785
1840,7805
1840,7825
1840,7845
1840,7865
1840,7885
1840,7905
1840,7925
1840,7945
1840,7965
1840,7985
1840,8005
1840,8025
1840,8045
1850,7345
1850,7365
1850,7385
1850,7405
1850,7425
1850,7445
1850,7465
1850,7485
1850,7505
1850,7525
1850,7545
1850,7565
1850,7585
1850,7605
1850,7625
1850,7645
1850,7665
1850,7685
1850,7705
1850,7725
1850,7745
1850,7765
1850,7785
1850,7805
1850,7825
1850,7845
1850,7865
1850,7885
1850,7905
1850,7925
1850,7945
1850,7965
1850,7985
1850,8005
1850,8025
1850,8045
1860,7345
1860,7365
1860,7385
1860,7405
1860,7425
1860,7445
1860,7465
1860,7485
1860,7505
1860,7525
1860,7545
1860,7565
1860,7585
1860,7605
1860,7625
1860,7645
1860,7665
1860,7685
1860,7705
1860,7725
1860,7745
1860,7765
1860,7785
1860,7805
1860,7825
1860,7845
1860,7865
1860,7885
1860,7905
1860,7925
1860,7945
1860,7965
1860,7985
1860,8005
1860,8025
1860,8045
1870,7345
1870,7365
1870,7385
1870,7405
1870,7425
1870,7445
1870,7465
1870,7485
1870,7505
1870,7525
1870,7545
1870,7565
1870,7585
1870,7605
1870,7625
1870,7645
1870,7665
1870,7685
1870,7705
1870,7725
1870,7745
1870,7765
1870,7785
1870,7805
1870,7825
1870,7845
1870,7865
1870,7885
1870,7905
1870,7925
1870,7945
1870,7965
1870,7985
1870,8005
1870,8025
1870,8045
1880,7345
1880,7365
1880,7385
1880,7405
1880,7425
1880,7445
1880,7465
1880,7485
1880,7505
1880,7525
1880,7545
1880,7565
1880,7585
1880,7605
1880,7625
1880,7645
1880,7665
1880,7685
1880,7705
1880,7725
1880,7745
1880,7765
1880,7785
1880,7805
1880,7825
1880,7845
1880,7865
1880,7885
1880,7905
1880,7925
1880,7945
1880,7965
1880,7985
1880,8005
1880,8025
1880,8045
1890,7345
1890,7365
1890,7385
1890,7405
1890,7425
1890,7445
1890,7465
1890,7485
1890,7505
1890,7525
1890,7545
1890,7565
1890,7585
1890,7605
1890,7625
1890,7645
1890,7665
1890,7685
1890,7705
1890,7725
1890,7745
1890,7765
1890,7785
1890,7805
1890,7825
1890,7845
1890,7865
1890,7885
1890,7905
1890,7925
1890,7945
1890,7965
1890,7985
1890,8005
1890,8025
1890,8045
1900,7345
1900,7365
1900,7385
1900,7405
1900,7425
1900,7445
1900,7465
1900,7485
1900,7505
1900,7525
1900,7545
1900,7565
1900,7585
1900,7605
1900,7625
1900,7645
1900,7665
1900,7685
1900,7705
1900,7725
1900,7745
1900,7765
1900,7785
1900,7805
1900,7825
1900,7845
1900,7865
1900,7885
1900,7905
1900,7925
1900,7945
1900,7965
1900,7985
1900,8005
1900,8025
1900,8045
1910,7345
1910,7365
1910,7385
1910,7405
1910,7425
1910,7445
1910,7465
1910,7485
1910,7505
1910,7525
1910,7545
1910,7565
1910,7585
1910,7605
1910,7625
1910,7645
1910,7665
1910,7685
1910,7705
1910,7725
1910,7745
1910,7765
1910,7785
1910,7805
1910,7825
1910,7845
1910,7865
1910,7885
1910,7905
1910,7925
1910,7945
1910,7965
1910,7985
1910,8005
1910,8025
1910,8045
1920,7345
1920,7365
1920,7385
1920,7405
1920,7425
1920,7445
1920,7465
1920,7485
1920,7505
1920,7525
1920,7545
1920,7565
1920,7585
1920,7605
1920,7625
1920,7645
1920,7665
1920,7685
1920,7705
1920,7725
1920,7745
1920,7765
1920,7785
1920,7805
1920,7825
1920,7845
1920,7865
1920,7885
1920,7905
1920,7925
1920,7945
1920,7965
1920,7985
1920,8005
1920,8025
1920,8045
1930,7345
1930,7365
1930,7385
1930,7405
1930,7425
1930,7445
1930,7465
1930,7485
1930,7505
1930,7525
1930,7545
1930,7565
1930,7585
1930,7605
1930,7625
1930,7645
1930,7665
1930,7685
1930,7705
1930,7725
1930,7745
1930,7765
1930,7785
1930,7805
1930,7825
1930,7845
1930,7865
1930,7885
1930,7905
1930,7925
1930,7945
1930,7965
1930,7985
1930,8005
1930,8025
1930,8045
1940,7345
1940,7365
1940,7385
1940,7405
1940,7425
1940,7445
1940,7465
1940,7485
1940,7505
1940,7525
1940,7545
1940,7565
1940,7585
1940,7605
1940,7625
1940,7645
1940,7665
1940,7685
1940,7705
1940,7725
1940,7745
1940,7765
1940,7785
1940,7805
1940,7825
1940,7845
1940,7865
1940,7885
1940,7905
1940,7925
1940,7945
1940,7965
1940,7985
1940,8005
1940,8025
1940,8045
1950,7345
1950,7365
1950,7385
1950,7405
1950,7425
1950,7445
1950,7465
1950,7485
1950,7505
1950,7525
1950,7545
1950,7565
1950,7585
1950,7605
1950,7625
1950,7645
1950,7665
1950,7685
1950,7705
1950,7725
1950,7745
1950,7765
1950,7785
1950,7805
1950,7825
1950,7845
1950,7865
1950,7885
1950,7905
1950,7925
1950,7945
1950,7965
1950,7985
1950,8005
1950,8025
1950,8045
1960,7345
1960,7365
1960,7385
1960,7405
1960,7425
1960,7445
1960,7465
1960,7485
1960,7505
1960,7525
1960,7545
1960,7565
1960,7585
1960,7605
1960,7625
1960,7645
1960,7665
1960,7685
1960,7705
1960,7725
1960,7745
1960,7765
1960,7785
1960,7805
1960,7825
1960,7845
1960,7865
1960,7885
1960,7905
1960,7925
1960,7945
1960,7965
1960,7985
1960,8005
1960,8025
1960,8045
1970,7345
1970,7365
1970,7385
1970,7405
1970,7425
1970,7445
1970,7465
1970,7485
1970,7505
1970,7525
1970,7545
1970,7565
1970,7585
1970,7605
1970,7625
1970,7645
1970,7665
1970,7685
1970,7705
1970,7725
1970,7745
1970,7765
1970,7785
1970,7805
1970,7825
1970,7845
1970,7865
1970,7885
1970,7905
1970,7925
1970,7945
1970,7965
1970,7985
1970,8005
1970,8025
1970,8045
1980,7345
1980,7365
1980,7385
1980,7405
1980,7425
1980,7445
1980,7465
1980,7485
1980,7505
1980,7525
1980,7545
1980,7565
1980,7585
1980,7605
1980,7625
1980,7645
1980,7665
1980,7685
1980,7705
1980,7725
1980,7745
1980,7765
1980,7785
1980,7805
1980,7825
1980,7845
1980,7865
1980,7885
1980,7905
1980,7925
1980,7945
1980,7965
1980,7985
1980,8005
1980,8025
1980,8045
1990,7345
1990,7365
1990,7385
1990,7405
1990,7425
1990,7445
1990,7465
1990,7485
1990,7505
1990,7525
1990,7545
1990,7565
1990,7585
1990,7605
1990,7625
1990,7645
1990,7665
1990,7685
1990,7705
1990,7725
1990,7745
1990,7765
1990,7785
1990,7805
1990,7825
1990,7845
1990,7865
1990,7885
1990,7905
1990,7925
1990,7945
1990,7965
1990,7985
1990,8005
1990,8025
1990,8045
2000,7345
2000,7365
2000,7385
2000,7405
2000,7425
2000,7445
2000,7465
2000,7485
2000,7505
2000,7525
2000,7545
2000,7565
2000,7585
2000,7605
2000,7625
2000,7645
2000,7665
2000,7685
2000,7705
2000,7725
2000,7745
2000,7765
2000,7785
2000,7805
2000,7825
2000,7845
2000,7865
2000,7885
2000,7905
2000,7925
2000,7945
2000,7965
2000,7985
2000,8005
2000,8025
2000,8045
2010,7345
2010,7365
2010,7385
2010,7405
2010,7425
2010,7445
2010,7465
2010,7485
2010,7505
2010,7525
2010,7545
2010,7565
2010,7585
2010,7605
2010,7625
2010,7645
2010,7665
2010,7685
2010,7705
2010,7725
2010,7745
2010,7765
2010,7785
2010,7805
2010,7825
2010,7845
2010,7865
2010,7885
2010,7905
2010,7925
2010,7945
2010,7965
2010,7985
2010,8005
2010,8025
2010,8045
2020,7345
2020,7365
2020,7385
2020,7405
2020,7425
2020,7445
2020,7465
2020,7485
2020,7505
2020,7525
2020,7545
2020,7565
2020,7585
2020,7605
2020,7625
2020,7645
2020,7665
2020,7685
2020,7705
2020,7725
2020,7745
2020,7765
2020,7785
2020,7805
2020,7825
2020,7845
2020,7865
2020,7885
2020,7905
2020,7925
2020,7945
2020,7965
2020,7985
2020,8005
2020,8025
2020,8045
2030,7345
2030,7365
2030,7385
2030,7405
2030,7425
2030,7445
2030,7465
2030,7485
2030,7505
2030,7525
2030,7545
2030,7565
2030,7585
2030,7605
2030,7625
2030,7645
2030,7665
2030,7685
2030,7705
2030,7725
2030,7745
2030,7765
2030,7785
2030,7805
2030,7825
2030,7845
2030,7865
2030,7885
2030,7905
2030,7925
2030,7945
2030,7965
2030,7985
2030,8005
2030,8025
2030,8045
2040,7345
2040,7365
2040,7385
2040,7405
2040,7425
2040,7445
2040,7465
2040,7485
2040,7505
2040,7525
2040,7545
2040,7565
2040,7585
2040,7605
2040,7625
2040,7645
2040,7665
2040,7685
2040,7705
2040,7725
2040,7745
2040,7765
2040,7785
2040,7805
2040,7825
2040,7845
2040,7865
2040,7885
2040,7905
2040,7925
2040,7945
2040,7965
2040,7985
2040,8005
2040,8025
2040,8045
2050,7345
2050,7365
2050,7385
2050,7405
2050,7425
2050,7445
2050,7465
2050,7485
2050,7505
2050,7525
2050,7545
2050,7565
2050,7585
2050,7605
2050,7625
2050,7645
2050,7665
2050,7685
2050,7705
2050,7725
2050,7745
2050,7765
2050,7785
2050,7805
2050,7825
2050,7845
2050,7865
2050,7885
2050,7905
2050,7925
2050,7945
2050,7965
2050,7985
2050,8005
2050,8025
2050,8045
2060,7345
2060,7365
2060,7385
2060,7405
2060,7425
2060,7445
2060,7465
2060,7485
2060,7505
2060,7525
2060,7545
2060,7565
2060,7585
2060,7605
2060,7625
2060,7645
2060,7665
2060,7685
2060,7705
2060,7725
2060,7745
2060,7765
2060,7785
2060,7805
2060,7825
2060,7845
2060,7865
2060,7885
2060,7905
2060,7925
2060,7945
2060,7965
2060,7985
2060,8005
2060,8025
2060,8045
2070,7345
2070,7365
2070,7385
2070,7405
2070,7425
2070,7445
2070,7465
2070,7485
2070,7505
2070,7525
2070,7545
2070,7565
2070,7585
2070,7605
2070,7625
2070,7645
2070,7665
2070,7685
2070,7705
2070,7725
2070,7745
2070,7765
2070,7785
2070,7805
2070,7825
2070,7845
2070,7865
2070,7885
2070,7905
2070,7925
2070,7945
2070,7965
2070,7985
2070,8005
2070,8025
2070,8045
2080,7345
2080,7365
2080,7385
2080,7405
2080,7425
2080,7445
2080,7465
2080,7485
2080,7505
2080,7525
2080,7545
2080,7565
2080,7585
2080,7605
2080,7625
2080,7645
2080,7665
2080,7685
2080,7705
2080,7725
2080,7745
2080,7765
2080,7785
2080,7805
2080,7825
2080,7845
2080,7865
2080,7885
2080,7905
2080,7925
2080,7945
2080,7965
2080,7985
2080,8005
2080,8025
2080,8045
2090,7345
2090,7365
2090,7385
2090,7405
2090,7425
2090,7445
2090,7465
2090,7485
2090,7505
2090,7525
2090,7545
2090,7565
2090,7585
2090,7605
2090,7625
2090,7645
2090,7665
2090,7685
2090,7705
2090,7725
2090,7745
2090,7765
2090,7785
2090,7805
2090,7825
2090,7845
2090,7865
2090,7885
2090,7905
2090,7925
2090,7945
2090,7965
2090,7985
2090,8005
2090,8025
2090,8045
2100,7345
2100,7365
2100,7385
2100,7405
2100,7425
2100,7445
2100,7465
2100,7485
2100,7505
2100,7525
2100,7545
2100,7565
2100,7585
2100,7605
2100,7625
2100,7645
2100,7665
2100,7685
2100,7705
2100,7725
2100,7745
2100,7765
2100,7785
2100,7805
2100,7825
2100,7845
2100,7865
2100,7885
2100,7905
2100,7925
2100,7945
2100,7965
2100,7985
2100,8005
2100,8025
2100,8045
2110,7345
2110,7365
2110,7385
2110,7405
2110,7425
2110,7445
2110,7465
2110,7485
2110,7505
2110,7525
2110,7545
2110,7565
2110,7585
2110,7605
2110,7625
2110,7645
2110,7665
2110,7685
2110,7705
2110,7725
2110,7745
2110,7765
2110,7785
2110,7805
2110,7825
2110,7845
2110,7865
2110,7885
2110,7905
2110,7925
2110,7945
2110,7965
2110,7985
2110,8005
2110,8025
2110,8045
2120,7345
2120,7365
2120,7385
2120,7405
2120,7425
2120,7445
2120,7465
2120,7485
2120,7505
2120,7525
2120,7545
2120,7565
2120,7585
2120,7605
2120,7625
2120,7645
2120,7665
2120,7685
2120,7705
2120,7725
2120,7745
2120,7765
2120,7785
2120,7805
2120,7825
2120,7845
2120,7865
2120,7885
2120,7905
2120,7925
2120,7945
2120,7965
2120,7985
2120,8005
2120,8025
2120,8045
2130,7345
2130,7365
2130,7385
2130,7405
2130,7425
2130,7445
2130,7465
2130,7485
2130,7505
2130,7525
2130,7545
2130,7565
2130,7585
2130,7605
2130,7625
2130,7645
2130,7665
2130,7685
2130,7705
2130,7725
2130,7745
2130,7765
2130,7785
2130,7805
2130,7825
2130,7845
2130,7865
2130,7885
2130,7905
2130,7925
2130,7945
2130,7965
2130,7985
2130,8005
2130,8025
2130,8045
2140,7345
2140,7365
2140,7385
2140,7405
2140,7425
2140,7445
2140,7465
2140,7485
2140,7505
2140,7525
2140,7545
2140,7565
2140,7585
2140,7605
2140,7625
2140,7645
2140,7665
2140,7685
2140,7705
2140,7725
2140,7745
2140,7765
2140,7785
2140,7805
2140,7825
2140,7845
2140,7865
2140,7885
2140,7905
2140,7925
2140,7945
2140,7965
2140,7985
2140,8005
2140,8025
2140,8045
2150,7345
2150,7365
2150,7385
2150,7405
2150,7425
2150,7445
2150,7465
2150,7485
2150,7505
2150,7525
2150,7545
2150,7565
2150,7585
2150,7605
2150,7625
2150,7645
2150,7665
2150,7685
2150,7705
2150,7725
2150,7745
2150,7765
2150,7785
2150,7805
2150,7825
2150,7845
2150,7865
2150,7885
2150,7905
2150,7925
2150,7945
2150,7965
2150,7985
2150,8005
2150,8025
2150,8045
2160,7345
2160,7365
2160,7385
2160,7405
2160,7425
2160,7445
2160,7465
2160,7485
2160,7505
2160,7525
2160,7545
2160,7565
2160,7585
2160,7605
2160,7625
2160,7645
2160,7665
2160,7685
2160,7705
2160,7725
2160,7745
2160,7765
2160,7785
2160,7805
2160,7825
2160,7845
2160,7865
2160,7885
2160,7905
2160,7925
2160,7945
2160,7965
2160,7985
2160,8005
2160,8025
2160,8045
2170,7345
2170,7365
2170,7385
2170,7405
2170,7425
2170,7445
2170,7465
2170,7485
2170,7505
2170,7525
2170,7545
2170,7565
2170,7585
2170,7605
2170,7625
2170,7645
2170,7665
2170,7685
2170,7705
2170,7725
2170,7745
2170,7765
2170,7785
2170,7805
2170,7825
2170,7845
2170,7865
2170,7885
2170,7905
2170,7925
2170,7945
2170,7965
2170,7985
2170,8005
2170,8025
2170,8045
2180,7345
2180,7365
2180,7385
2180,7405
2180,7425
2180,7445
2180,7465
2180,7485
2180,7505
2180,7525
2180,7545
2180,7565
2180,7585
2180,7605
2180,7625
2180,7645
2180,7665
2180,7685
2180,7705
2180,7725
2180,7745
2180,7765
2180,7785
2180,7805
2180,7825
2180,7845
2180,7865
2180,7885
2180,7905
2180,7925
2180,7945
2180,7965
2180,7985
2180,8005
2180,8025
2180,8045
2190,7345
2190,7365
2190,7385
2190,7405
2190,7425
2190,7445
2190,7465
2190,7485
2190,7505
2190,7525
2190,7545
2190,7565
2190,7585
2190,7605
2190,7625
2190,7645
2190,7665
2190,7685
2190,7705
2190,7725
2190,7745
2190,7765
2190,7785
2190,7805
2190,7825
2190,7845
2190,7865
2190,7885
2190,7905
2190,7925
2190,7945
2190,7965
2190,7985
2190,8005
2190,8025
2190,8045
2200,7345
2200,7365
2200,7385
2200,7405
2200,7425
2200,7445
2200,7465
2200,7485
2200,7505
2200,7525
2200,7545
2200,7565
2200,7585
2200,7605
2200,7625
2200,7645
2200,7665
2200,7685
2200,7705
2200,7725
2200,7745
2200,7765
2200,7785
2200,7805
2200,7825
2200,7845
2200,7865
2200,7885
2200,7905
2200,7925
2200,7945
2200,7965
2200,7985
2200,8005
2200,8025
2200,8045
2210,7345
2210,7365
2210,7385
2210,7405
2210,7425
2210,7445
2210,7465
2210,7485
2210,7505
2210,7525
2210,7545
2210,7565
2210,7585
2210,7605
2210,7625
2210,7645
2210,7665
2210,7685
2210,7705
2210,7725
2210,7745
2210,7765
2210,7785
2210,7805
2210,7825
2210,7845
2210,7865
2210,7885
2210,7905
2210,7925
2210,7945
2210,7965
2210,7985
2210,8005
2210,8025
2210,8045
2220,7345
2220,7365
2220,7385
2220,7405
2220,7425
2220,7445
2220,7465
2220,7485
2220,7505
2220,7525
2220,7545
2220,7565
2220,7585
2220,7605
2220,7625
2220,7645
2220,7665
2220,7685
2220,7705
2220,7725
2220,7745
2220,7765
2220,7785
2220,7805
2220,7825
2220,7845
2220,7865
2220,7885
2220,7905
2220,7925
2220,7945
2220,7965
2220,7985
2220,8005
2220,8025
2220,8045
2230,7345
2230,7365
2230,7385
2230,7405
2230,7425
2230,7445
2230,7465
2230,7485
2230,7505
2230,7525
2230,7545
2230,7565
2230,7585
2230,7605
2230,7625
2230,7645
2230,7665
2230,7685
2230,7705
2230,7725
2230,7745
2230,7765
2230,7785
2230,7805
2230,7825
2230,7845
2230,7865
2230,7885
2230,7905
2230,7925
2230,7945
2230,7965
2230,7985
2230,8005
2230,8025
2230,8045
2240,7345
2240,7365
2240,7385
2240,7405
2240,7425
2240,7445
2240,7465
2240,7485
2240,7505
2240,7525
2240,7545
2240,7565
2240,7585
2240,7605
2240,7625
2240,7645
2240,7665
2240,7685
2240,7705
2240,7725
2240,7745
2240,7765
2240,7785
2240,7805
2240,7825
2240,7845
2240,7865
2240,7885
2240,7905
2240,7925
2240,7945
2240,7965
2240,7985
2240,8005
2240,8025
2240,8045
0,10815
0,10835
0,10855
0,10875
0,10895
0,10915
0,10935
0,10955
0,10975
0,10995
0,11015
0,11035
0,11055
0,11075
0,11095
0,11115
0,11135
0,11155
0,11175
0,11195
0,11215
0,11235
0,11255
10,10815
10,10835
10,10855
10,10875
10,10895
10,10915
10,10935
10,10955
10,10975
10,10995
10,11015
10,11035
10,11055
10,11075
10,11095
10,11115
10,11135
10,11155
10,11175
10,11195
10,11215
10,11235
10,11255
20,10815
20,10835
20,10855
20,10875
20,10895
20,10915
20,10935
20,10955
20,10975
20,10995
20,11015
20,11035
20,11055
20,11075
20,11095
20,11115
20,11135
20,11155
20,11175
20,11195
20,11215
20,11235
20,11255
30,10815
30,10835
30,10855
30,10875
30,10895
30,10915
30,10935
30,10955
30,10975
30,10995
30,11015
30,11035
30,11055
30,11075
30,11095
30,11115
30,11135
30,11155
30,11175
30,11195
30,11215
30,11235
30,11255
40,10815
40,10835
40,10855
40,10875
40,10895
40,10915
40,10935
40,10955
40,10975
40,10995
40,11015
40,11035
40,11055
40,11075
40,11095
40,11115
40,11135
40,11155
40,11175
40,11195
40,11215
40,11235
40,11255
50,10815
50,10835
50,10855
50,10875
50,10895
50,10915
50,10935
50,10955
50,10975
50,10995
50,11015
50,11035
50,11055
50,11075
50,11095
50,11115
50,11135
50,11155
50,11175
50,11195
50,11215
50,11235
50,11255
60,10815
60,10835
60,10855
60,10875
60,10895
60,10915
60,10935
60,10955
60,10975
60,10995
60,11015
60,11035
60,11055
60,11075
60,11095
60,11115
60,11135
60,11155
60,11175
60,11195
60,11215
60,11235
60,11255
70,10815
70,10835
70,10855
70,10875
70,10895
70,10915
70,10935
70,10955
70,10975
70,10995
70,11015
70,11035
70,11055
70,11075
70,11095
70,11115
70,11135
70,11155
70,11175
70,11195
70,11215
70,11235
70,11255
80,10815
80,10835
80,10855
80,10875
80,10895
80,10915
80,10935
80,10955
80,10975
80,10995
80,11015
80,11035
80,11055
80,11075
80,11095
80,11115
80,11135
80,11155
80,11175
80,11195
80,11215
80,11235
80,11255
90,10815
90,10835
90,10855
90,10875
90,10895
90,10915
90,10935
90,10955
90,10975
90,10995
90,11015
90,11035
90,11055
90,11075
90,11095
90,11115
90,11135
90,11155
90,11175
90,11195
90,11215
90,11235
90,11255
100,10815
100,10835
100,10855
100,10875
100,10895
100,10915
100,10935
100,10955
100,10975
100,10995
100,11015
100,11035
100,11055
100,11075
100,11095
100,11115
100,11135
100,11155
100,11175
100,11195
100,11215
100,11235
100,11255
110,10815
110,10835
110,10855
110,10875
110,10895
110,10915
110,10935
110,10955
110,10975
110,10995
110,11015
110,11035
110,11055
110,11075
110,11095
110,11115
110,11135
110,11155
110,11175
110,11195
110,11215
110,11235
110,11255
120,10815
120,10835
120,10855
120,10875
120,10895
120,10915
120,10935
120,10955
120,10975
120,10995
120,11015
120,11035
120,11055
120,11075
120,11095
120,11115
120,11135
120,11155
120,11175
120,11195
120,11215
120,11235
120,11255
130,10815
130,10835
130,10855
130,10875
130,10895
130,10915
130,10935
130,10955
130,10975
130,10995
130,11015
130,11035
130,11055
130,11075
130,11095
130,11115
130,11135
130,11155
130,11175
130,11195
130,11215
130,11235
130,11255
140,10815
140,10835
140,10855
140,10875
140,10895
140,10915
140,10935
140,10955
140,10975
140,10995
140,11015
140,11035
140,11055
140,11075
140,11095
140,11115
140,11135
140,11155
140,11175
140,11195
140,11215
140,11235
140,11255
150,10815
150,10835
150,10855
150,10875
150,10895
150,10915
150,10935
150,10955
150,10975
150,10995
150,11015
150,11035
150,11055
150,11075
150,11095
150,11115
150,11135
150,11155
150,11175
150,11195
150,11215
150,11235
150,11255
160,10815
160,10835
160,10855
160,10875
160,10895
160,10915
160,10935
160,10955
160,10975
160,10995
160,11015
160,11035
160,11055
160,11075
160,11095
160,11115
160,11135
160,11155
160,11175
160,11195
160,11215
160,11235
160,11255
170,10815
170,10835
170,10855
170,10875
170,10895
170,10915
170,10935
170,10955
170,10975
170,10995
170,11015
170,11035
170,11055
170,11075
170,11095
170,11115
170,11135
170,11155
170,11175
170,11195
170,11215
170,11235
170,11255
180,10815
180,10835
180,10855
180,10875
180,10895
180,10915
180,10935
180,10955
180,10975
180,10995
180,11015
180,11035
180,11055
180,11075
180,11095
180,11115
180,11135
180,11155
180,11175
180,11195
180,11215
180,11235
180,11255
190,10815
190,10835
190,10855
190,10875
190,10895
190,10915
190,10935
190,10955
190,10975
190,10995
190,11015
190,11035
190,11055
190,11075
190,11095
190,11115
190,11135
190,11155
190,11175
190,11195
190,11215
190,11235
190,11255
200,10815
200,10835
200,10855
200,10875
200,10895
200,10915
200,10935
200,10955
200,10975
200,10995
200,11015
200,11035
200,11055
200,11075
200,11095
200,11115
200,11135
200,11155
200,11175
200,11195
200,11215
200,11235
200,11255
210,10815
210,10835
210,10855
210,10875
210,10895
210,10915
210,10935
210,10955
210,10975
210,10995
210,11015
210,11035
210,11055
210,11075
210,11095
210,11115
210,11135
210,11155
210,11175
210,11195
210,11215
210,11235
210,11255
220,10815
220,10835
220,10855
220,10875
220,10895
220,10915
220,10935
220,10955
220,10975
220,10995
220,11015
220,11035
220,11055
220,11075
220,11095
220,11115
220,11135
220,11155
220,11175
220,11195
220,11215
220,11235
220,11255
230,10815
230,10835
230,10855
230,10875
230,10895
230,10915
230,10935
230,10955
230,10975
230,10995
230,11015
230,11035
230,11055
230,11075
230,11095
230,11115
230,11135
230,11155
230,11175
230,11195
230,11215
230,11235
230,11255
240,10815
240,10835
240,10855
240,10875
240,10895
240,10915
240,10935
240,10955
240,10975
240,10995
240,11015
240,11035
240,11055
240,11075
240,11095
240,11115
240,11135
240,11155
240,11175
240,11195
240,11215
240,11235
240,11255
250,10815
250,10835
250,10855
250,10875
250,10895
250,10915
250,10935
250,10955
250,10975
250,10995
250,11015
250,11035
250,11055
250,11075
250,11095
250,11115
250,11135
250,11155
250,11175
250,11195
250,11215
250,11235
250,11255
260,10815
260,10835
260,10855
260,10875
260,10895
260,10915
260,10935
260,10955
260,10975
260,10995
260,11015
260,11035
260,11055
260,11075
260,11095
260,11115
260,11135
260,11155
260,11175
260,11195
260,11215
260,11235
260,11255
270,10815
270,10835
270,10855
270,10875
270,10895
270,10915
270,10935
270,10955
270,10975
270,10995
270,11015
270,11035
270,11055
270,11075
270,11095
270,11115
270,11135
270,11155
270,11175
270,11195
270,11215
270,11235
270,11255
280,10815
280,10835
280,10855
280,10875
280,10895
280,10915
280,10935
280,10955
280,10975
280,10995
280,11015
280,11035
280,11055
280,11075
280,11095
280,11115
280,11135
280,11155
280,11175
280,11195
280,11215
280,11235
280,11255
290,10815
290,10835
290,10855
290,10875
290,10895
290,10915
290,10935
290,10955
290,10975
290,10995
290,11015
290,11035
290,11055
290,11075
290,11095
290,11115
290,11135
290,11155
290,11175
290,11195
290,11215
290,11235
290,11255
300,10815
300,10835
300,10855
300,10875
300,10895
300,10915
300,10935
300,10955
300,10975
300,10995
300,11015
300,11035
300,11055
300,11075
300,11095
300,11115
300,11135
300,11155
300,11175
300,11195
300,11215
300,11235
300,11255
310,10815
310,10835
310,10855
310,10875
310,10895
310,10915
310,10935
310,10955
310,10975
310,10995
310,11015
310,11035
310,11055
310,11075
310,11095
310,11115
310,11135
310,11155
310,11175
310,11195
310,11215
310,11235
310,11255
320,10815
320,10835
320,10855
320,10875
320,10895
320,10915
320,10935
320,10955
320,10975
320,10995
320,11015
320,11035
320,11055
320,11075
320,11095
320,11115
320,11135
320,11155
320,11175
320,11195
320,11215
320,11235
320,11255
330,10815
330,10835
330,10855
330,10875
330,10895
330,10915
330,10935
330,10955
330,10975
330,10995
330,11015
330,11035
330,11055
330,11075
330,11095
330,11115
330,11135
330,11155
330,11175
330,11195
330,11215
330,11235
330,11255
340,10815
340,10835
340,10855
340,10875
340,10895
340,10915
340,10935
340,10955
340,10975
340,10995
340,11015
340,11035
340,11055
340,11075
340,11095
340,11115
340,11135
340,11155
340,11175
340,11195
340,11215
340,11235
340,11255
350,10815
350,10835
350,10855
350,10875
350,10895
350,10915
350,10935
350,10955
350,10975
350,10995
350,11015
350,11035
350,11055
350,11075
350,11095
350,11115
350,11135
350,11155
350,11175
350,11195
350,11215
350,11235
350,11255
360,10815
360,10835
360,10855
360,10875
360,10895
360,10915
360,10935
360,10955
360,10975
360,10995
360,11015
360,11035
360,11055
360,11075
360,11095
360,11115
360,11135
360,11155
360,11175
360,11195
360,11215
360,11235
360,11255
370,10815
370,10835
370,10855
370,10875
370,10895
370,10915
370,10935
370,10955
370,10975
370,10995
370,11015
370,11035
370,11055
370,11075
370,11095
370,11115
370,11135
370,11155
370,11175
370,11195
370,11215
370,11235
370,11255
380,10815
380,10835
380,10855
380,10875
380,10895
380,10915
380,10935
380,10955
380,10975
380,10995
380,11015
380,11035
380,11055
380,11075
380,11095
380,11115
380,11135
380,11155
380,11175
380,11195
380,11215
380,11235
380,11255
390,10815
390,10835
390,10855
390,10875
390,10895
390,10915
390,10935
390,10955
390,10975
390,10995
390,11015
390,11035
390,11055
390,11075
390,11095
390,11115
390,11135
390,11155
390,11175
390,11195
390,11215
390,11235
390,11255
400,10815
400,10835
400,10855
400,10875
400,10895
400,10915
400,10935
400,10955
400,10975
400,10995
400,11015
400,11035
400,11055
400,11075
400,11095
400,11115
400,11135
400,11155
400,11175
400,11195
400,11215
400,11235
400,11255
410,10815
410,10835
410,10855
410,10875
410,10895
410,10915
410,10935
410,10955
410,10975
410,10995
410,11015
410,11035
410,11055
410,11075
410,11095
410,11115
410,11135
410,11155
410,11175
410,11195
410,11215
410,11235
410,11255
420,10815
420,10835
420,10855
420,10875
420,10895
420,10915
420,10935
420,10955
420,10975
420,10995
420,11015
420,11035
420,11055
420,11075
420,11095
420,11115
420,11135
420,11155
420,11175
420,11195
420,11215
420,11235
420,11255
430,10815
430,10835
430,10855
430,10875
430,10895
430,10915
430,10935
430,10955
430,10975
430,10995
430,11015
430,11035
430,11055
430,11075
430,11095
430,11115
430,11135
430,11155
430,11175
430,11195
430,11215
430,11235
430,11255
440,10815
440,10835
440,10855
440,10875
440,10895
440,10915
440,10935
440,10955
440,10975
440,10995
440,11015
440,11035
440,11055
440,11075
440,11095
440,11115
440,11135
440,11155
440,11175
440,11195
440,11215
440,11235
440,11255
450,10815
450,10835
450,10855
450,10875
450,10895
450,10915
450,10935
450,10955
450,10975
450,10995
450,11015
450,11035
450,11055
450,11075
450,11095
450,11115
450,11135
450,11155
450,11175
450,11195
450,11215
450,11235
450,11255
460,10815
460,10835
460,10855
460,10875
460,10895
460,10915
460,10935
460,10955
460,10975
460,10995
460,11015
460,11035
460,11055
460,11075
460,11095
460,11115
460,11135
460,11155
460,11175
460,11195
460,11215
460,11235
460,11255
470,10815
470,10835
470,10855
470,10875
470,10895
470,10915
470,10935
470,10955
470,10975
470,10995
470,11015
470,11035
470,11055
470,11075
470,11095
470,11115
470,11135
470,11155
470,11175
470,11195
470,11215
470,11235
470,11255
480,10815
480,10835
480,10855
480,10875
480,10895
480,10915
480,10935
480,10955
480,10975
480,10995
480,11015
480,11035
480,11055
480,11075
480,11095
480,11115
480,11135
480,11155
480,11175
480,11195
480,11215
480,11235
480,11255
490,10815
490,10835
490,10855
490,10875
490,10895
490,10915
490,10935
490,10955
490,10975
490,10995
490,11015
490,11035
490,11055
490,11075
490,11095
490,11115
490,11135
490,11155
490,11175
490,11195
490,11215
490,11235
490,11255
500,10815
500,10835
500,10855
500,10875
500,10895
500,10915
500,10935
500,10955
500,10975
500,10995
500,11015
500,11035
500,11055
500,11075
500,11095
500,11115
500,11135
500,11155
500,11175
500,11195
500,11215
500,11235
500,11255
510,10815
510,10835
510,10855
510,10875
510,10895
510,10915
510,10935
510,10955
510,10975
510,10995
510,11015
510,11035
510,11055
510,11075
510,11095
510,11115
510,11135
510,11155
510,11175
510,11195
510,11215
510,11235
510,11255
520,10815
520,10835
520,10855
520,10875
520,10895
520,10915
520,10935
520,10955
520,10975
520,10995
520,11015
520,11035
520,11055
520,11075
520,11095
520,11115
520,11135
520,11155
520,11175
520,11195
520,11215
520,11235
520,11255
530,10815
530,10835
530,10855
530,10875
530,10895
530,10915
530,10935
530,10955
530,10975
530,10995
530,11015
530,11035
530,11055
530,11075
530,11095
530,11115
530,11135
530,11155
530,11175
530,11195
530,11215
530,11235
530,11255
540,10815
540,10835
540,10855
540,10875
540,10895
540,10915
540,10935
540,10955
540,10975
540,10995
540,11015
540,11035
540,11055
540,11075
540,11095
540,11115
540,11135
540,11155
540,11175
540,11195
540,11215
540,11235
540,11255
550,10815
550,10835
550,10855
550,10875
550,10895
550,10915
550,10935
550,10955
550,10975
550,10995
550,11015
550,11035
550,11055
550,11075
550,11095
550,11115
550,11135
550,11155
550,11175
550,11195
550,11215
550,11235
550,11255
560,10815
560,10835
560,10855
560,10875
560,10895
560,10915
560,10935
560,10955
560,10975
560,10995
560,11015
560,11035
560,11055
560,11075
560,11095
560,11115
560,11135
560,11155
560,11175
560,11195
560,11215
560,11235
560,11255
570,10815
570,10835
570,10855
570,10875
570,10895
570,10915
570,10935
570,10955
570,10975
570,10995
570,11015
570,11035
570,11055
570,11075
570,11095
570,11115
570,11135
570,11155
570,11175
570,11195
570,11215
570,11235
570,11255
580,10815
580,10835
580,10855
580,10875
580,10895
580,10915
580,10935
580,10955
580,10975
580,10995
580,11015
580,11035
580,11055
580,11075
580,11095
580,11115
580,11135
580,11155
580,11175
580,11195
580,11215
580,11235
580,11255
590,10815
590,10835
590,10855
590,10875
590,10895
590,10915
590,10935
590,10955
590,10975
590,10995
590,11015
590,11035
590,11055
590,11075
590,11095
590,11115
590,11135
590,11155
590,11175
590,11195
590,11215
590,11235
590,11255
600,10815
600,10835
600,10855
600,10875
600,10895
600,10915
600,10935
600,10955
600,10975
600,10995
600,11015
600,11035
600,11055
600,11075
600,11095
600,11115
600,11135
600,11155
600,11175
600,11195
600,11215
600,11235
600,11255
610,10815
610,10835
610,10855
610,10875
610,10895
610,10915
610,10935
610,10955
610,10975
610,10995
610,11015
610,11035
610,11055
610,11075
610,11095
610,11115
610,11135
610,11155
610,11175
610,11195
610,11215
610,11235
610,11255
620,10815
620,10835
620,10855
620,10875
620,10895
620,10915
620,10935
620,10955
620,10975
620,10995
620,11015
620,11035
620,11055
620,11075
620,11095
620,11115
620,11135
620,11155
620,11175
620,11195
620,11215
620,11235
620,11255
630,10815
630,10835
630,10855
630,10875
630,10895
630,10915
630,10935
630,10955
630,10975
630,10995
630,11015
630,11035
630,11055
630,11075
630,11095
630,11115
630,11135
630,11155
630,11175
630,11195
630,11215
630,11235
630,11255
640,10815
640,10835
640,10855
640,10875
640,10895
640,10915
640,10935
640,10955
640,10975
640,10995
640,11015
640,11035
640,11055
640,11075
640,11095
640,11115
640,11135
640,11155
640,11175
640,11195
640,11215
640,11235
640,11255
650,10815
650,10835
650,10855
650,10875
650,10895
650,10915
650,10935
650,10955
650,10975
650,10995
650,11015
650,11035
650,11055
650,11075
650,11095
650,11115
650,11135
650,11155
650,11175
650,11195
650,11215
650,11235
650,11255
660,10815
660,10835
660,10855
660,10875
660,10895
660,10915
660,10935
660,10955
660,10975
660,10995
660,11015
660,11035
660,11055
660,11075
660,11095
660,11115
660,11135
660,11155
660,11175
660,11195
660,11215
660,11235
660,11255
670,10815
670,10835
670,10855
670,10875
670,10895
670,10915
670,10935
670,10955
670,10975
670,10995
670,11015
670,11035
670,11055
670,11075
670,11095
670,11115
670,11135
670,11155
670,11175
670,11195
670,11215
670,11235
670,11255
680,10815
680,10835
680,10855
680,10875
680,10895
680,10915
680,10935
680,10955
680,10975
680,10995
680,11015
680,11035
680,11055
680,11075
680,11095
680,11115
680,11135
680,11155
680,11175
680,11195
680,11215
680,11235
680,11255
690,10815
690,10835
690,10855
690,10875
690,10895
690,10915
690,10935
690,10955
690,10975
690,10995
690,11015
690,11035
690,11055
690,11075
690,11095
690,11115
690,11135
690,11155
690,11175
690,11195
690,11215
690,11235
690,11255
700,10815
700,10835
700,10855
700,10875
700,10895
700,10915
700,10935
700,10955
700,10975
700,10995
700,11015
700,11035
700,11055
700,11075
700,11095
700,11115
700,11135
700,11155
700,11175
700,11195
700,11215
700,11235
700,11255
710,10815
710,10835
710,10855
710,10875
710,10895
710,10915
710,10935
710,10955
710,10975
710,10995
710,11015
710,11035
710,11055
710,11075
710,11095
710,11115
710,11135
710,11155
710,11175
710,11195
710,11215
710,11235
710,11255
720,10815
720,10835
720,10855
720,10875
720,10895
720,10915
720,10935
720,10955
720,10975
720,10995
720,11015
720,11035
720,11055
720,11075
720,11095
720,11115
720,11135
720,11155
720,11175
720,11195
720,11215
720,11235
720,11255
730,10815
730,10835
730,10855
730,10875
730,10895
730,10915
730,10935
730,10955
730,10975
730,10995
730,11015
730,11035
730,11055
730,11075
730,11095
730,11115
730,11135
730,11155
730,11175
730,11195
730,11215
730,11235
730,11255
740,10815
740,10835
740,10855
740,10875
740,10895
740,10915
740,10935
740,10955
740,10975
740,10995
740,11015
740,11035
740,11055
740,11075
740,11095
740,11115
740,11135
740,11155
740,11175
740,11195
740,11215
740,11235
740,11255
750,10815
750,10835
750,10855
750,10875
750,10895
750,10915
750,10935
750,10955
750,10975
750,10995
750,11015
750,11035
750,11055
750,11075
750,11095
750,11115
750,11135
750,11155
750,11175
750,11195
750,11215
750,11235
750,11255
760,10815
760,10835
760,10855
760,10875
760,10895
760,10915
760,10935
760,10955
760,10975
760,10995
760,11015
760,11035
760,11055
760,11075
760,11095
760,11115
760,11135
760,11155
760,11175
760,11195
760,11215
760,11235
760,11255
770,10815
770,10835
770,10855
770,10875
770,10895
770,10915
770,10935
770,10955
770,10975
770,10995
770,11015
770,11035
770,11055
770,11075
770,11095
770,11115
770,11135
770,11155
770,11175
770,11195
770,11215
770,11235
770,11255
780,10815
780,10835
780,10855
780,10875
780,10895
780,10915
780,10935
780,10955
780,10975
780,10995
780,11015
780,11035
780,11055
780,11075
780,11095
780,11115
780,11135
780,11155
780,11175
780,11195
780,11215
780,11235
780,11255
790,10815
790,10835
790,10855
790,10875
790,10895
790,10915
790,10935
790,10955
790,10975
790,10995
790,11015
790,11035
790,11055
790,11075
790,11095
790,11115
790,11135
790,11155
790,11175
790,11195
790,11215
790,11235
790,11255
800,10815
800,10835
800,10855
800,10875
800,10895
800,10915
800,10935
800,10955
800,10975
800,10995
800,11015
800,11035
800,11055
800,11075
800,11095
800,11115
800,11135
800,11155
800,11175
800,11195
800,11215
800,11235
800,11255
810,10815
810,10835
810,10855
810,10875
810,10895
810,10915
810,10935
810,10955
810,10975
810,10995
810,11015
810,11035
810,11055
810,11075
810,11095
810,11115
810,11135
810,11155
810,11175
810,11195
810,11215
810,11235
810,11255
820,10815
820,10835
820,10855
820,10875
820,10895
820,10915
820,10935
820,10955
820,10975
820,10995
820,11015
820,11035
820,11055
820,11075
820,11095
820,11115
820,11135
820,11155
820,11175
820,11195
820,11215
820,11235
820,11255
830,10815
830,10835
830,10855
830,10875
830,10895
830,10915
830,10935
830,10955
830,10975
830,10995
830,11015
830,11035
830,11055
830,11075
830,11095
830,11115
830,11135
830,11155
830,11175
830,11195
830,11215
830,11235
830,11255
840,10815
840,10835
840,10855
840,10875
840,10895
840,10915
840,10935
840,10955
840,10975
840,10995
840,11015
840,11035
840,11055
840,11075
840,11095
840,11115
840,11135
840,11155
840,11175
840,11195
840,11215
840,11235
840,11255
850,10815
850,10835
850,10855
850,10875
850,10895
850,10915
850,10935
850,10955
850,10975
850,10995
850,11015
850,11035
850,11055
850,11075
850,11095
850,11115
850,11135
850,11155
850,11175
850,11195
850,11215
850,11235
850,11255
860,10815
860,10835
860,10855
860,10875
860,10895
860,10915
860,10935
860,10955
860,10975
860,10995
860,11015
860,11035
860,11055
860,11075
860,11095
860,11115
860,11135
860,11155
860,11175
860,11195
860,11215
860,11235
860,11255
870,10815
870,10835
870,10855
870,10875
870,10895
870,10915
870,10935
870,10955
870,10975
870,10995
870,11015
870,11035
870,11055
870,11075
870,11095
870,11115
870,11135
870,11155
870,11175
870,11195
870,11215
870,11235
870,11255
880,10815
880,10835
880,10855
880,10875
880,10895
880,10915
880,10935
880,10955
880,10975
880,10995
880,11015
880,11035
880,11055
880,11075
880,11095
880,11115
880,11135
880,11155
880,11175
880,11195
880,11215
880,11235
880,11255
890,10815
890,10835
890,10855
890,10875
890,10895
890,10915
890,10935
890,10955
890,10975
890,10995
890,11015
890,11035
890,11055
890,11075
890,11095
890,11115
890,11135
890,11155
890,11175
890,11195
890,11215
890,11235
890,11255
900,10815
900,10835
900,10855
900,10875
900,10895
900,10915
900,10935
900,10955
900,10975
900,10995
900,11015
900,11035
900,11055
900,11075
900,11095
900,11115
900,11135
900,11155
900,11175
900,11195
900,11215
900,11235
900,11255
910,10815
910,10835
910,10855
910,10875
910,10895
910,10915
910,10935
910,10955
910,10975
910,10995
910,11015
910,11035
910,11055
910,11075
910,11095
910,11115
910,11135
910,11155
910,11175
910,11195
910,11215
910,11235
910,11255
920,10815
920,10835
920,10855
920,10875
920,10895
920,10915
920,10935
920,10955
920,10975
920,10995
920,11015
920,11035
920,11055
920,11075
920,11095
920,11115
920,11135
920,11155
920,11175
920,11195
920,11215
920,11235
920,11255
930,10815
930,10835
930,10855
930,10875
930,10895
930,10915
930,10935
930,10955
930,10975
930,10995
930,11015
930,11035
930,11055
930,11075
930,11095
930,11115
930,11135
930,11155
930,11175
930,11195
930,11215
930,11235
930,11255
940,10815
940,10835
940,10855
940,10875
940,10895
940,10915
940,10935
940,10955
940,10975
940,10995
940,11015
940,11035
940,11055
940,11075
940,11095
940,11115
940,11135
940,11155
940,11175
940,11195
940,11215
940,11235
940,11255
950,10815
950,10835
950,10855
950,10875
950,10895
950,10915
950,10935
950,10955
950,10975
950,10995
950,11015
950,11035
950,11055
950,11075
950,11095
950,11115
950,11135
950,11155
950,11175
950,11195
950,11215
950,11235
950,11255
960,10815
960,10835
960,10855
960,10875
960,10895
960,10915
960,10935
960,10955
960,10975
960,10995
960,11015
960,11035
960,11055
960,11075
960,11095
960,11115
960,11135
960,11155
960,11175
960,11195
960,11215
960,11235
960,11255
970,10815
970,10835
970,10855
970,10875
970,10895
970,10915
970,10935
970,10955
970,10975
970,10995
970,11015
970,11035
970,11055
970,11075
970,11095
970,11115
970,11135
970,11155
970,11175
970,11195
970,11215
970,11235
970,11255
980,10815
980,10835
980,10855
980,10875
980,10895
980,10915
980,10935
980,10955
980,10975
980,10995
980,11015
980,11035
980,11055
980,11075
980,11095
980,11115
980,11135
980,11155
980,11175
980,11195
980,11215
980,11235
980,11255
990,10815
990,10835
990,10855
990,10875
990,10895
990,10915
990,10935
990,10955
990,10975
990,10995
990,11015
990,11035
990,11055
990,11075
990,11095
990,11115
990,11135
990,11155
990,11175
990,11195
990,11215
990,11235
990,11255
1000,10815
1000,10835
1000,10855
1000,10875
1000,10895
1000,10915
1000,10935
1000,10955
1000,10975
1000,10995
1000,11015
1000,11035
1000,11055
1000,11075
1000,11095
1000,11115
1000,11135
1000,11155
1000,11175
1000,11195
1000,11215
1000,11235
1000,11255
1010,10815
1010,10835
1010,10855
1010,10875
1010,10895
1010,10915
1010,10935
1010,10955
1010,10975
1010,10995
1010,11015
1010,11035
1010,11055
1010,11075
1010,11095
1010,11115
1010,11135
1010,11155
1010,11175
1010,11195
1010,11215
1010,11235
1010,11255
1020,10815
1020,10835
1020,10855
1020,10875
1020,10895
1020,10915
1020,10935
1020,10955
1020,10975
1020,10995
1020,11015
1020,11035
1020,11055
1020,11075
1020,11095
1020,11115
1020,11135
1020,11155
1020,11175
1020,11195
1020,11215
1020,11235
1020,11255
1030,10815
1030,10835
1030,10855
1030,10875
1030,10895
1030,10915
1030,10935
1030,10955
1030,10975
1030,10995
1030,11015
1030,11035
1030,11055
1030,11075
1030,11095
1030,11115
1030,11135
1030,11155
1030,11175
1030,11195
1030,11215
1030,11235
1030,11255
1040,10815
1040,10835
1040,10855
1040,10875
1040,10895
1040,10915
1040,10935
1040,10955
1040,10975
1040,10995
1040,11015
1040,11035
1040,11055
1040,11075
1040,11095
1040,11115
1040,11135
1040,11155
1040,11175
1040,11195
1040,11215
1040,11235
1040,11255
1050,10815
1050,10835
1050,10855
1050,10875
1050,10895
1050,10915
1050,10935
1050,10955
1050,10975
1050,10995
1050,11015
1050,11035
1050,11055
1050,11075
1050,11095
1050,11115
1050,11135
1050,11155
1050,11175
1050,11195
1050,11215
1050,11235
1050,11255
1060,10815
1060,10835
1060,10855
1060,10875
1060,10895
1060,10915
1060,10935
1060,10955
1060,10975
1060,10995
1060,11015
1060,11035
1060,11055
1060,11075
1060,11095
1060,11115
1060,11135
1060,11155
1060,11175
1060,11195
1060,11215
1060,11235
1060,11255
1070,10815
1070,10835
1070,10855
1070,10875
1070,10895
1070,10915
1070,10935
1070,10955
1070,10975
1070,10995
1070,11015
1070,11035
1070,11055
1070,11075
1070,11095
1070,11115
1070,11135
1070,11155
1070,11175
1070,11195
1070,11215
1070,11235
1070,11255
1080,10815
1080,10835
1080,10855
1080,10875
1080,10895
1080,10915
1080,10935
1080,10955
1080,10975
1080,10995
1080,11015
1080,11035
1080,11055
1080,11075
1080,11095
1080,11115
1080,11135
1080,11155
1080,11175
1080,11195
1080,11215
1080,11235
1080,11255
1090,10815
1090,10835
1090,10855
1090,10875
1090,10895
1090,10915
1090,10935
1090,10955
1090,10975
1090,10995
1090,11015
1090,11035
1090,11055
1090,11075
1090,11095
1090,11115
1090,11135
1090,11155
1090,11175
1090,11195
1090,11215
1090,11235
1090,11255
1100,10815
1100,10835
1100,10855
1100,10875
1100,10895
1100,10915
1100,10935
1100,10955
1100,10975
1100,10995
1100,11015
1100,11035
1100,11055
1100,11075
1100,11095
1100,11115
1100,11135
1100,11155
1100,11175
1100,11195
1100,11215
1100,11235
1100,11255
1110,10815
1110,10835
1110,10855
1110,10875
1110,10895
1110,10915
1110,10935
1110,10955
1110,10975
1110,10995
1110,11015
1110,11035
1110,11055
1110,11075
1110,11095
1110,11115
1110,11135
1110,11155
1110,11175
1110,11195
1110,11215
1110,11235
1110,11255
1120,10815
1120,10835
1120,10855
1120,10875
1120,10895
1120,10915
1120,10935
1120,10955
1120,10975
1120,10995
1120,11015
1120,11035
1120,11055
1120,11075
1120,11095
1120,11115
1120,11135
1120,11155
1120,11175
1120,11195
1120,11215
1120,11235
1120,11255
1130,10815
1130,10835
1130,10855
1130,10875
1130,10895
1130,10915
1130,10935
1130,10955
1130,10975
1130,10995
1130,11015
1130,11035
1130,11055
1130,11075
1130,11095
1130,11115
1130,11135
1130,11155
1130,11175
1130,11195
1130,11215
1130,11235
1130,11255
1140,10815
1140,10835
1140,10855
1140,10875
1140,10895
1140,10915
1140,10935
1140,10955
1140,10975
1140,10995
1140,11015
1140,11035
1140,11055
1140,11075
1140,11095
1140,11115
1140,11135
1140,11155
1140,11175
1140,11195
1140,11215
1140,11235
1140,11255
1150,10815
1150,10835
1150,10855
1150,10875
1150,10895
1150,10915
1150,10935
1150,10955
1150,10975
1150,10995
1150,11015
1150,11035
1150,11055
1150,11075
1150,11095
1150,11115
1150,11135
1150,11155
1150,11175
1150,11195
1150,11215
1150,11235
1150,11255
1160,10815
1160,10835
1160,10855
1160,10875
1160,10895
1160,10915
1160,10935
1160,10955
1160,10975
1160,10995
1160,11015
1160,11035
1160,11055
1160,11075
1160,11095
1160,11115
1160,11135
1160,11155
1160,11175
1160,11195
1160,11215
1160,11235
1160,11255
1170,10815
1170,10835
1170,10855
1170,10875
1170,10895
1170,10915
1170,10935
1170,10955
1170,10975
1170,10995
1170,11015
1170,11035
1170,11055
1170,11075
1170,11095
1170,11115
1170,11135
1170,11155
1170,11175
1170,11195
1170,11215
1170,11235
1170,11255
1180,10815
1180,10835
1180,10855
1180,10875
1180,10895
1180,10915
1180,10935
1180,10955
1180,10975
1180,10995
1180,11015
1180,11035
1180,11055
1180,11075
1180,11095
1180,11115
1180,11135
1180,11155
1180,11175
1180,11195
1180,11215
1180,11235
1180,11255
1190,10815
1190,10835
1190,10855
1190,10875
1190,10895
1190,10915
1190,10935
1190,10955
1190,10975
1190,10995
1190,11015
1190,11035
1190,11055
1190,11075
1190,11095
1190,11115
1190,11135
1190,11155
1190,11175
1190,11195
1190,11215
1190,11235
1190,11255
1200,10815
1200,10835
1200,10855
1200,10875
1200,10895
1200,10915
1200,10935
1200,10955
1200,10975
1200,10995
1200,11015
1200,11035
1200,11055
1200,11075
1200,11095
1200,11115
1200,11135
1200,11155
1200,11175
1200,11195
1200,11215
1200,11235
1200,11255
1210,10815
1210,10835
1210,10855
1210,10875
1210,10895
1210,10915
1210,10935
1210,10955
1210,10975
1210,10995
1210,11015
1210,11035
1210,11055
1210,11075
1210,11095
1210,11115
1210,11135
1210,11155
1210,11175
1210,11195
1210,11215
1210,11235
1210,11255
1220,10815
1220,10835
1220,10855
1220,10875
1220,10895
1220,10915
1220,10935
1220,10955
1220,10975
1220,10995
1220,11015
1220,11035
1220,11055
1220,11075
1220,11095
1220,11115
1220,11135
1220,11155
1220,11175
1220,11195
1220,11215
1220,11235
1220,11255
1230,10815
1230,10835
1230,10855
1230,10875
1230,10895
1230,10915
1230,10935
1230,10955
1230,10975
1230,10995
1230,11015
1230,11035
1230,11055
1230,11075
1230,11095
1230,11115
1230,11135
1230,11155
1230,11175
1230,11195
1230,11215
1230,11235
1230,11255
1240,10815
1240,10835
1240,10855
1240,10875
1240,10895
1240,10915
1240,10935
1240,10955
1240,10975
1240,10995
1240,11015
1240,11035
1240,11055
1240,11075
1240,11095
1240,11115
1240,11135
1240,11155
1240,11175
1240,11195
1240,11215
1240,11235
1240,11255
1250,10815
1250,10835
1250,10855
1250,10875
1250,10895
1250,10915
1250,10935
1250,10955
1250,10975
1250,10995
1250,11015
1250,11035
1250,11055
1250,11075
1250,11095
1250,11115
1250,11135
1250,11155
1250,11175
1250,11195
1250,11215
1250,11235
1250,11255
1260,10815
1260,10835
1260,10855
1260,10875
1260,10895
1260,10915
1260,10935
1260,10955
1260,10975
1260,10995
1260,11015
1260,11035
1260,11055
1260,11075
1260,11095
1260,11115
1260,11135
1260,11155
1260,11175
1260,11195
1260,11215
1260,11235
1260,11255
1270,10815
1270,10835
1270,10855
1270,10875
1270,10895
1270,10915
1270,10935
1270,10955
1270,10975
1270,10995
1270,11015
1270,11035
1270,11055
1270,11075
1270,11095
1270,11115
1270,11135
1270,11155
1270,11175
1270,11195
1270,11215
1270,11235
1270,11255
1280,10815
1280,10835
1280,10855
1280,10875
1280,10895
1280,10915
1280,10935
1280,10955
1280,10975
1280,10995
1280,11015
1280,11035
1280,11055
1280,11075
1280,11095
1280,11115
1280,11135
1280,11155
1280,11175
1280,11195
1280,11215
1280,11235
1280,11255
1290,10815
1290,10835
1290,10855
1290,10875
1290,10895
1290,10915
1290,10935
1290,10955
1290,10975
1290,10995
1290,11015
1290,11035
1290,11055
1290,11075
1290,11095
1290,11115
1290,11135
1290,11155
1290,11175
1290,11195
1290,11215
1290,11235
1290,11255
1300,10815
1300,10835
1300,10855
1300,10875
1300,10895
1300,10915
1300,10935
1300,10955
1300,10975
1300,10995
1300,11015
1300,11035
1300,11055
1300,11075
1300,11095
1300,11115
1300,11135
1300,11155
1300,11175
1300,11195
1300,11215
1300,11235
1300,11255
1310,10815
1310,10835
1310,10855
1310,10875
1310,10895
1310,10915
1310,10935
1310,10955
1310,10975
1310,10995
1310,11015
1310,11035
1310,11055
1310,11075
1310,11095
1310,11115
1310,11135
1310,11155
1310,11175
1310,11195
1310,11215
1310,11235
1310,11255
1320,10815
1320,10835
1320,10855
1320,10875
1320,10895
1320,10915
1320,10935
1320,10955
1320,10975
1320,10995
1320,11015
1320,11035
1320,11055
1320,11075
1320,11095
1320,11115
1320,11135
1320,11155
1320,11175
1320,11195
1320,11215
1320,11235
1320,11255
1330,10815
1330,10835
1330,10855
1330,10875
1330,10895
1330,10915
1330,10935
1330,10955
1330,10975
1330,10995
1330,11015
1330,11035
1330,11055
1330,11075
1330,11095
1330,11115
1330,11135
1330,11155
1330,11175
1330,11195
1330,11215
1330,11235
1330,11255
1340,10815
1340,10835
1340,10855
1340,10875
1340,10895
1340,10915
1340,10935
1340,10955
1340,10975
1340,10995
1340,11015
1340,11035
1340,11055
1340,11075
1340,11095
1340,11115
1340,11135
1340,11155
1340,11175
1340,11195
1340,11215
1340,11235
1340,11255
1350,10815
1350,10835
1350,10855
1350,10875
1350,10895
1350,10915
1350,10935
1350,10955
1350,10975
1350,10995
1350,11015
1350,11035
1350,11055
1350,11075
1350,11095
1350,11115
1350,11135
1350,11155
1350,11175
1350,11195
1350,11215
1350,11235
1350,11255
1360,10815
1360,10835
1360,10855
1360,10875
1360,10895
1360,10915
1360,10935
1360,10955
1360,10975
1360,10995
1360,11015
1360,11035
1360,11055
1360,11075
1360,11095
1360,11115
1360,11135
1360,11155
1360,11175
1360,11195
1360,11215
1360,11235
1360,11255
1370,10815
1370,10835
1370,10855
1370,10875
1370,10895
1370,10915
1370,10935
1370,10955
1370,10975
1370,10995
1370,11015
1370,11035
1370,11055
1370,11075
1370,11095
1370,11115
1370,11135
1370,11155
1370,11175
1370,11195
1370,11215
1370,11235
1370,11255
1380,10815
1380,10835
1380,10855
1380,10875
1380,10895
1380,10915
1380,10935
1380,10955
1380,10975
1380,10995
1380,11015
1380,11035
1380,11055
1380,11075
1380,11095
1380,11115
1380,11135
1380,11155
1380,11175
1380,11195
1380,11215
1380,11235
1380,11255
1390,10815
1390,10835
1390,10855
1390,10875
1390,10895
1390,10915
1390,10935
1390,10955
1390,10975
1390,10995
1390,11015
1390,11035
1390,11055
1390,11075
1390,11095
1390,11115
1390,11135
1390,11155
1390,11175
1390,11195
1390,11215
1390,11235
1390,11255
1400,10815
1400,10835
1400,10855
1400,10875
1400,10895
1400,10915
1400,10935
1400,10955
1400,10975
1400,10995
1400,11015
1400,11035
1400,11055
1400,11075
1400,11095
1400,11115
1400,11135
1400,11155
1400,11175
1400,11195
1400,11215
1400,11235
1400,11255
1410,10815
1410,10835
1410,10855
1410,10875
1410,10895
1410,10915
1410,10935
1410,10955
1410,10975
1410,10995
1410,11015
1410,11035
1410,11055
1410,11075
1410,11095
1410,11115
1410,11135
1410,11155
1410,11175
1410,11195
1410,11215
1410,11235
1410,11255
1420,10815
1420,10835
1420,10855
1420,10875
1420,10895
1420,10915
1420,10935
1420,10955
1420,10975
1420,10995
1420,11015
1420,11035
1420,11055
1420,11075
1420,11095
1420,11115
1420,11135
1420,11155
1420,11175
1420,11195
1420,11215
1420,11235
1420,11255
1430,10815
1430,10835
1430,10855
1430,10875
1430,10895
1430,10915
1430,10935
1430,10955
1430,10975
1430,10995
1430,11015
1430,11035
1430,11055
1430,11075
1430,11095
1430,11115
1430,11135
1430,11155
1430,11175
1430,11195
1430,11215
1430,11235
1430,11255
1440,10815
1440,10835
1440,10855
1440,10875
1440,10895
1440,10915
1440,10935
1440,10955
1440,10975
1440,10995
1440,11015
1440,11035
1440,11055
1440,11075
1440,11095
1440,11115
1440,11135
1440,11155
1440,11175
1440,11195
1440,11215
1440,11235
1440,11255
1450,10815
1450,10835
1450,10855
1450,10875
1450,10895
1450,10915
1450,10935
1450,10955
1450,10975
1450,10995
1450,11015
1450,11035
1450,11055
1450,11075
1450,11095
1450,11115
1450,11135
1450,11155
1450,11175
1450,11195
1450,11215
1450,11235
1450,11255
1460,10815
1460,10835
1460,10855
1460,10875
1460,10895
1460,10915
1460,10935
1460,10955
1460,10975
1460,10995
1460,11015
1460,11035
1460,11055
1460,11075
1460,11095
1460,11115
1460,11135
1460,11155
1460,11175
1460,11195
1460,11215
1460,11235
1460,11255
1470,10815
1470,10835
1470,10855
1470,10875
1470,10895
1470,10915
1470,10935
1470,10955
1470,10975
1470,10995
1470,11015
1470,11035
1470,11055
1470,11075
1470,11095
1470,11115
1470,11135
1470,11155
1470,11175
1470,11195
1470,11215
1470,11235
1470,11255
1480,10815
1480,10835
1480,10855
1480,10875
1480,10895
1480,10915
1480,10935
1480,10955
1480,10975
1480,10995
1480,11015
1480,11035
1480,11055
1480,11075
1480,11095
1480,11115
1480,11135
1480,11155
1480,11175
1480,11195
1480,11215
1480,11235
1480,11255
1490,10815
1490,10835
1490,10855
1490,10875
1490,10895
1490,10915
1490,10935
1490,10955
1490,10975
1490,10995
1490,11015
1490,11035
1490,11055
1490,11075
1490,11095
1490,11115
1490,11135
1490,11155
1490,11175
1490,11195
1490,11215
1490,11235
1490,11255
1500,10815
1500,10835
1500,10855
1500,10875
1500,10895
1500,10915
1500,10935
1500,10955
1500,10975
1500,10995
1500,11015
1500,11035
1500,11055
1500,11075
1500,11095
1500,11115
1500,11135
1500,11155
1500,11175
1500,11195
1500,11215
1500,11235
1500,11255
1510,10815
1510,10835
1510,10855
1510,10875
1510,10895
1510,10915
1510,10935
1510,10955
1510,10975
1510,10995
1510,11015
1510,11035
1510,11055
1510,11075
1510,11095
1510,11115
1510,11135
1510,11155
1510,11175
1510,11195
1510,11215
1510,11235
1510,11255
1520,10815
1520,10835
1520,10855
1520,10875
1520,10895
1520,10915
1520,10935
1520,10955
1520,10975
1520,10995
1520,11015
1520,11035
1520,11055
1520,11075
1520,11095
1520,11115
1520,11135
1520,11155
1520,11175
1520,11195
1520,11215
1520,11235
1520,11255
1530,10815
1530,10835
1530,10855
1530,10875
1530,10895
1530,10915
1530,10935
1530,10955
1530,10975
1530,10995
1530,11015
1530,11035
1530,11055
1530,11075
1530,11095
1530,11115
1530,11135
1530,11155
1530,11175
1530,11195
1530,11215
1530,11235
1530,11255
1540,10815
1540,10835
1540,10855
1540,10875
1540,10895
1540,10915
1540,10935
1540,10955
1540,10975
1540,10995
1540,11015
1540,11035
1540,11055
1540,11075
1540,11095
1540,11115
1540,11135
1540,11155
1540,11175
1540,11195
1540,11215
1540,11235
1540,11255
1550,10815
1550,10835
1550,10855
1550,10875
1550,10895
1550,10915
1550,10935
1550,10955
1550,10975
1550,10995
1550,11015
1550,11035
1550,11055
1550,11075
1550,11095
1550,11115
1550,11135
1550,11155
1550,11175
1550,11195
1550,11215
1550,11235
1550,11255
1560,10815
1560,10835
1560,10855
1560,10875
1560,10895
1560,10915
1560,10935
1560,10955
1560,10975
1560,10995
1560,11015
1560,11035
1560,11055
1560,11075
1560,11095
1560,11115
1560,11135
1560,11155
1560,11175
1560,11195
1560,11215
1560,11235
1560,11255
1570,10815
1570,10835
1570,10855
1570,10875
1570,10895
1570,10915
1570,10935
1570,10955
1570,10975
1570,10995
1570,11015
1570,11035
1570,11055
1570,11075
1570,11095
1570,11115
1570,11135
1570,11155
1570,11175
1570,11195
1570,11215
1570,11235
1570,11255
1580,10815
1580,10835
1580,10855
1580,10875
1580,10895
1580,10915
1580,10935
1580,10955
1580,10975
1580,10995
1580,11015
1580,11035
1580,11055
1580,11075
1580,11095
1580,11115
1580,11135
1580,11155
1580,11175
1580,11195
1580,11215
1580,11235
1580,11255
1590,10815
1590,10835
1590,10855
1590,10875
1590,10895
1590,10915
1590,10935
1590,10955
1590,10975
1590,10995
1590,11015
1590,11035
1590,11055
1590,11075
1590,11095
1590,11115
1590,11135
1590,11155
1590,11175
1590,11195
1590,11215
1590,11235
1590,11255
1600,10815
1600,10835
1600,10855
1600,10875
1600,10895
1600,10915
1600,10935
1600,10955
1600,10975
1600,10995
1600,11015
1600,11035
1600,11055
1600,11075
1600,11095
1600,11115
1600,11135
1600,11155
1600,11175
1600,11195
1600,11215
1600,11235
1600,11255
1610,10815
1610,10835
1610,10855
1610,10875
1610,10895
1610,10915
1610,10935
1610,10955
1610,10975
1610,10995
1610,11015
1610,11035
1610,11055
1610,11075
1610,11095
1610,11115
1610,11135
1610,11155
1610,11175
1610,11195
1610,11215
1610,11235
1610,11255
1620,10815
1620,10835
1620,10855
1620,10875
1620,10895
1620,10915
1620,10935
1620,10955
1620,10975
1620,10995
1620,11015
1620,11035
1620,11055
1620,11075
1620,11095
1620,11115
1620,11135
1620,11155
1620,11175
1620,11195
1620,11215
1620,11235
1620,11255
1630,10815
1630,10835
1630,10855
1630,10875
1630,10895
1630,10915
1630,10935
1630,10955
1630,10975
1630,10995
1630,11015
1630,11035
1630,11055
1630,11075
1630,11095
1630,11115
1630,11135
1630,11155
1630,11175
1630,11195
1630,11215
1630,11235
1630,11255
1640,10815
1640,10835
1640,10855
1640,10875
1640,10895
1640,10915
1640,10935
1640,10955
1640,10975
1640,10995
1640,11015
1640,11035
1640,11055
1640,11075
1640,11095
1640,11115
1640,11135
1640,11155
1640,11175
1640,11195
1640,11215
1640,11235
1640,11255
1650,10815
1650,10835
1650,10855
1650,10875
1650,10895
1650,10915
1650,10935
1650,10955
1650,10975
1650,10995
1650,11015
1650,11035
1650,11055
1650,11075
1650,11095
1650,11115
1650,11135
1650,11155
1650,11175
1650,11195
1650,11215
1650,11235
1650,11255
1660,10815
1660,10835
1660,10855
1660,10875
1660,10895
1660,10915
1660,10935
1660,10955
1660,10975
1660,10995
1660,11015
1660,11035
1660,11055
1660,11075
1660,11095
1660,11115
1660,11135
1660,11155
1660,11175
1660,11195
1660,11215
1660,11235
1660,11255
1670,10815
1670,10835
1670,10855
1670,10875
1670,10895
1670,10915
1670,10935
1670,10955
1670,10975
1670,10995
1670,11015
1670,11035
1670,11055
1670,11075
1670,11095
1670,11115
1670,11135
1670,11155
1670,11175
1670,11195
1670,11215
1670,11235
1670,11255
1680,10815
1680,10835
1680,10855
1680,10875
1680,10895
1680,10915
1680,10935
1680,10955
1680,10975
1680,10995
1680,11015
1680,11035
1680,11055
1680,11075
1680,11095
1680,11115
1680,11135
1680,11155
1680,11175
1680,11195
1680,11215
1680,11235
1680,11255
1690,10815
1690,10835
1690,10855
1690,10875
1690,10895
1690,10915
1690,10935
1690,10955
1690,10975
1690,10995
1690,11015
1690,11035
1690,11055
1690,11075
1690,11095
1690,11115
1690,11135
1690,11155
1690,11175
1690,11195
1690,11215
1690,11235
1690,11255
1700,10815
1700,10835
1700,10855
1700,10875
1700,10895
1700,10915
1700,10935
1700,10955
1700,10975
1700,10995
1700,11015
1700,11035
1700,11055
1700,11075
1700,11095
1700,11115
1700,11135
1700,11155
1700,11175
1700,11195
1700,11215
1700,11235
1700,11255
1710,10815
1710,10835
1710,10855
1710,10875
1710,10895
1710,10915
1710,10935
1710,10955
1710,10975
1710,10995
1710,11015
1710,11035
1710,11055
1710,11075
1710,11095
1710,11115
1710,11135
1710,11155
1710,11175
1710,11195
1710,11215
1710,11235
1710,11255
1720,10815
1720,10835
1720,10855
1720,10875
1720,10895
1720,10915
1720,10935
1720,10955
1720,10975
1720,10995
1720,11015
1720,11035
1720,11055
1720,11075
1720,11095
1720,11115
1720,11135
1720,11155
1720,11175
1720,11195
1720,11215
1720,11235
1720,11255
1730,10815
1730,10835
1730,10855
1730,10875
1730,10895
1730,10915
1730,10935
1730,10955
1730,10975
1730,10995
1730,11015
1730,11035
1730,11055
1730,11075
1730,11095
1730,11115
1730,11135
1730,11155
1730,11175
1730,11195
1730,11215
1730,11235
1730,11255
1740,10815
1740,10835
1740,10855
1740,10875
1740,10895
1740,10915
1740,10935
1740,10955
1740,10975
1740,10995
1740,11015
1740,11035
1740,11055
1740,11075
1740,11095
1740,11115
1740,11135
1740,11155
1740,11175
1740,11195
1740,11215
1740,11235
1740,11255
1750,10815
1750,10835
1750,10855
1750,10875
1750,10895
1750,10915
1750,10935
1750,10955
1750,10975
1750,10995
1750,11015
1750,11035
1750,11055
1750,11075
1750,11095
1750,11115
1750,11135
1750,11155
1750,11175
1750,11195
1750,11215
1750,11235
1750,11255
1760,10815
1760,10835
1760,10855
1760,10875
1760,10895
1760,10915
1760,10935
1760,10955
1760,10975
1760,10995
1760,11015
1760,11035
1760,11055
1760,11075
1760,11095
1760,11115
1760,11135
1760,11155
1760,11175
1760,11195
1760,11215
1760,11235
1760,11255
1770,10815
1770,10835
1770,10855
1770,10875
1770,10895
1770,10915
1770,10935
1770,10955
1770,10975
1770,10995
1770,11015
1770,11035
1770,11055
1770,11075
1770,11095
1770,11115
1770,11135
1770,11155
1770,11175
1770,11195
1770,11215
1770,11235
1770,11255
1780,10815
1780,10835
1780,10855
1780,10875
1780,10895
1780,10915
1780,10935
1780,10955
1780,10975
1780,10995
1780,11015
1780,11035
1780,11055
1780,11075
1780,11095
1780,11115
1780,11135
1780,11155
1780,11175
1780,11195
1780,11215
1780,11235
1780,11255
1790,10815
1790,10835
1790,10855
1790,10875
1790,10895
1790,10915
1790,10935
1790,10955
1790,10975
1790,10995
1790,11015
1790,11035
1790,11055
1790,11075
1790,11095
1790,11115
1790,11135
1790,11155
1790,11175
1790,11195
1790,11215
1790,11235
1790,11255
1800,10815
1800,10835
1800,10855
1800,10875
1800,10895
1800,10915
1800,10935
1800,10955
1800,10975
1800,10995
1800,11015
1800,11035
1800,11055
1800,11075
1800,11095
1800,11115
1800,11135
1800,11155
1800,11175
1800,11195
1800,11215
1800,11235
1800,11255
1810,10815
1810,10835
1810,10855
1810,10875
1810,10895
1810,10915
1810,10935
1810,10955
1810,10975
1810,10995
1810,11015
1810,11035
1810,11055
1810,11075
1810,11095
1810,11115
1810,11135
1810,11155
1810,11175
1810,11195
1810,11215
1810,11235
1810,11255
1820,10815
1820,10835
1820,10855
1820,10875
1820,10895
1820,10915
1820,10935
1820,10955
1820,10975
1820,10995
1820,11015
1820,11035
1820,11055
1820,11075
1820,11095
1820,11115
1820,11135
1820,11155
1820,11175
1820,11195
1820,11215
1820,11235
1820,11255
1830,10815
1830,10835
1830,10855
1830,10875
1830,10895
1830,10915
1830,10935
1830,10955
1830,10975
1830,10995
1830,11015
1830,11035
1830,11055
1830,11075
1830,11095
1830,11115
1830,11135
1830,11155
1830,11175
1830,11195
1830,11215
1830,11235
1830,11255
1840,10815
1840,10835
1840,10855
1840,10875
1840,10895
1840,10915
1840,10935
1840,10955
1840,10975
1840,10995
1840,11015
1840,11035
1840,11055
1840,11075
1840,11095
1840,11115
1840,11135
1840,11155
1840,11175
1840,11195
1840,11215
1840,11235
1840,11255
1850,10815
1850,10835
1850,10855
1850,10875
1850,10895
1850,10915
1850,10935
1850,10955
1850,10975
1850,10995
1850,11015
1850,11035
1850,11055
1850,11075
1850,11095
1850,11115
1850,11135
1850,11155
1850,11175
1850,11195
1850,11215
1850,11235
1850,11255
1860,10815
1860,10835
1860,10855
1860,10875
1860,10895
1860,10915
1860,10935
1860,10955
1860,10975
1860,10995
1860,11015
1860,11035
1860,11055
1860,11075
1860,11095
1860,11115
1860,11135
1860,11155
1860,11175
1860,11195
1860,11215
1860,11235
1860,11255
1870,10815
1870,10835
1870,10855
1870,10875
1870,10895
1870,10915
1870,10935
1870,10955
1870,10975
1870,10995
1870,11015
1870,11035
1870,11055
1870,11075
1870,11095
1870,11115
1870,11135
1870,11155
1870,11175
1870,11195
1870,11215
1870,11235
1870,11255
1880,10815
1880,10835
1880,10855
1880,10875
1880,10895
1880,10915
1880,10935
1880,10955
1880,10975
1880,10995
1880,11015
1880,11035
1880,11055
1880,11075
1880,11095
1880,11115
1880,11135
1880,11155
1880,11175
1880,11195
1880,11215
1880,11235
1880,11255
1890,10815
1890,10835
1890,10855
1890,10875
1890,10895
1890,10915
1890,10935
1890,10955
1890,10975
1890,10995
1890,11015
1890,11035
1890,11055
1890,11075
1890,11095
1890,11115
1890,11135
1890,11155
1890,11175
1890,11195
1890,11215
1890,11235
1890,11255
1900,10815
1900,10835
1900,10855
1900,10875
1900,10895
1900,10915
1900,10935
1900,10955
1900,10975
1900,10995
1900,11015
1900,11035
1900,11055
1900,11075
1900,11095
1900,11115
1900,11135
1900,11155
1900,11175
1900,11195
1900,11215
1900,11235
1900,11255
1910,10815
1910,10835
1910,10855
1910,10875
1910,10895
1910,10915
1910,10935
1910,10955
1910,10975
1910,10995
1910,11015
1910,11035
1910,11055
1910,11075
1910,11095
1910,11115
1910,11135
1910,11155
1910,11175
1910,11195
1910,11215
1910,11235
1910,11255
1920,10815
1920,10835
1920,10855
1920,10875
1920,10895
1920,10915
1920,10935
1920,10955
1920,10975
1920,10995
1920,11015
1920,11035
1920,11055
1920,11075
1920,11095
1920,11115
1920,11135
1920,11155
1920,11175
1920,11195
1920,11215
1920,11235
1920,11255
1930,10815
1930,10835
1930,10855
1930,10875
1930,10895
1930,10915
1930,10935
1930,10955
1930,10975
1930,10995
1930,11015
1930,11035
1930,11055
1930,11075
1930,11095
1930,11115
1930,11135
1930,11155
1930,11175
1930,11195
1930,11215
1930,11235
1930,11255
1940,10815
1940,10835
1940,10855
1940,10875
1940,10895
1940,10915
1940,10935
1940,10955
1940,10975
1940,10995
1940,11015
1940,11035
1940,11055
1940,11075
1940,11095
1940,11115
1940,11135
1940,11155
1940,11175
1940,11195
1940,11215
1940,11235
1940,11255
1950,10815
1950,10835
1950,10855
1950,10875
1950,10895
1950,10915
1950,10935
1950,10955
1950,10975
1950,10995
1950,11015
1950,11035
1950,11055
1950,11075
1950,11095
1950,11115
1950,11135
1950,11155
1950,11175
1950,11195
1950,11215
1950,11235
1950,11255
1960,10815
1960,10835
1960,10855
1960,10875
1960,10895
1960,10915
1960,10935
1960,10955
1960,10975
1960,10995
1960,11015
1960,11035
1960,11055
1960,11075
1960,11095
1960,11115
1960,11135
1960,11155
1960,11175
1960,11195
1960,11215
1960,11235
1960,11255
1970,10815
1970,10835
1970,10855
1970,10875
1970,10895
1970,10915
1970,10935
1970,10955
1970,10975
1970,10995
1970,11015
1970,11035
1970,11055
1970,11075
1970,11095
1970,11115
1970,11135
1970,11155
1970,11175
1970,11195
1970,11215
1970,11235
1970,11255
1980,10815
1980,10835
1980,10855
1980,10875
1980,10895
1980,10915
1980,10935
1980,10955
1980,10975
1980,10995
1980,11015
1980,11035
1980,11055
1980,11075
1980,11095
1980,11115
1980,11135
1980,11155
1980,11175
1980,11195
1980,11215
1980,11235
1980,11255
1990,10815
1990,10835
1990,10855
1990,10875
1990,10895
1990,10915
1990,10935
1990,10955
1990,10975
1990,10995
1990,11015
1990,11035
1990,11055
1990,11075
1990,11095
1990,11115
1990,11135
1990,11155
1990,11175
1990,11195
1990,11215
1990,11235
1990,11255
2000,10815
2000,10835
2000,10855
2000,10875
2000,10895
2000,10915
2000,10935
2000,10955
2000,10975
2000,10995
2000,11015
2000,11035
2000,11055
2000,11075
2000,11095
2000,11115
2000,11135
2000,11155
2000,11175
2000,11195
2000,11215
2000,11235
2000,11255
2010,10815
2010,10835
2010,10855
2010,10875
2010,10895
2010,10915
2010,10935
2010,10955
2010,10975
2010,10995
2010,11015
2010,11035
2010,11055
2010,11075
2010,11095
2010,11115
2010,11135
2010,11155
2010,11175
2010,11195
2010,11215
2010,11235
2010,11255
2020,10815
2020,10835
2020,10855
2020,10875
2020,10895
2020,10915
2020,10935
2020,10955
2020,10975
2020,10995
2020,11015
2020,11035
2020,11055
2020,11075
2020,11095
2020,11115
2020,11135
2020,11155
2020,11175
2020,11195
2020,11215
2020,11235
2020,11255
2030,10815
2030,10835
2030,10855
2030,10875
2030,10895
2030,10915
2030,10935
2030,10955
2030,10975
2030,10995
2030,11015
2030,11035
2030,11055
2030,11075
2030,11095
2030,11115
2030,11135
2030,11155
2030,11175
2030,11195
2030,11215
2030,11235
2030,11255
2040,10815
2040,10835
2040,10855
2040,10875
2040,10895
2040,10915
2040,10935
2040,10955
2040,10975
2040,10995
2040,11015
2040,11035
2040,11055
2040,11075
2040,11095
2040,11115
2040,11135
2040,11155
2040,11175
2040,11195
2040,11215
2040,11235
2040,11255
2050,10815
2050,10835
2050,10855
2050,10875
2050,10895
2050,10915
2050,10935
2050,10955
2050,10975
2050,10995
2050,11015
2050,11035
2050,11055
2050,11075
2050,11095
2050,11115
2050,11135
2050,11155
2050,11175
2050,11195
2050,11215
2050,11235
2050,11255
2060,10815
2060,10835
2060,10855
2060,10875
2060,10895
2060,10915
2060,10935
2060,10955
2060,10975
2060,10995
2060,11015
2060,11035
2060,11055
2060,11075
2060,11095
2060,11115
2060,11135
2060,11155
2060,11175
2060,11195
2060,11215
2060,11235
2060,11255
2070,10815
2070,10835
2070,10855
2070,10875
2070,10895
2070,10915
2070,10935
2070,10955
2070,10975
2070,10995
2070,11015
2070,11035
2070,11055
2070,11075
2070,11095
2070,11115
2070,11135
2070,11155
2070,11175
2070,11195
2070,11215
2070,11235
2070,11255
2080,10815
2080,10835
2080,10855
2080,10875
2080,10895
2080,10915
2080,10935
2080,10955
2080,10975
2080,10995
2080,11015
2080,11035
2080,11055
2080,11075
2080,11095
2080,11115
2080,11135
2080,11155
2080,11175
2080,11195
2080,11215
2080,11235
2080,11255
2090,10815
2090,10835
2090,10855
2090,10875
2090,10895
2090,10915
2090,10935
2090,10955
2090,10975
2090,10995
2090,11015
2090,11035
2090,11055
2090,11075
2090,11095
2090,11115
2090,11135
2090,11155
2090,11175
2090,11195
2090,11215
2090,11235
2090,11255
2100,10815
2100,10835
2100,10855
2100,10875
2100,10895
2100,10915
2100,10935
2100,10955
2100,10975
2100,10995
2100,11015
2100,11035
2100,11055
2100,11075
2100,11095
2100,11115
2100,11135
2100,11155
2100,11175
2100,11195
2100,11215
2100,11235
2100,11255
2110,10815
2110,10835
2110,10855
2110,10875
2110,10895
2110,10915
2110,10935
2110,10955
2110,10975
2110,10995
2110,11015
2110,11035
2110,11055
2110,11075
2110,11095
2110,11115
2110,11135
2110,11155
2110,11175
2110,11195
2110,11215
2110,11235
2110,11255
2120,10815
2120,10835
2120,10855
2120,10875
2120,10895
2120,10915
2120,10935
2120,10955
2120,10975
2120,10995
2120,11015
2120,11035
2120,11055
2120,11075
2120,11095
2120,11115
2120,11135
2120,11155
2120,11175
2120,11195
2120,11215
2120,11235
2120,11255
2130,10815
2130,10835
2130,10855
2130,10875
2130,10895
2130,10915
2130,10935
2130,10955
2130,10975
2130,10995
2130,11015
2130,11035
2130,11055
2130,11075
2130,11095
2130,11115
2130,11135
2130,11155
2130,11175
2130,11195
2130,11215
2130,11235
2130,11255
2140,10815
2140,10835
2140,10855
2140,10875
2140,10895
2140,10915
2140,10935
2140,10955
2140,10975
2140,10995
2140,11015
2140,11035
2140,11055
2140,11075
2140,11095
2140,11115
2140,11135
2140,11155
2140,11175
2140,11195
2140,11215
2140,11235
2140,11255
2150,10815
2150,10835
2150,10855
2150,10875
2150,10895
2150,10915
2150,10935
2150,10955
2150,10975
2150,10995
2150,11015
2150,11035
2150,11055
2150,11075
2150,11095
2150,11115
2150,11135
2150,11155
2150,11175
2150,11195
2150,11215
2150,11235
2150,11255
2160,10815
2160,10835
2160,10855
2160,10875
2160,10895
2160,10915
2160,10935
2160,10955
2160,10975
2160,10995
2160,11015
2160,11035
2160,11055
2160,11075
2160,11095
2160,11115
2160,11135
2160,11155
2160,11175
2160,11195
2160,11215
2160,11235
2160,11255
2170,10815
2170,10835
2170,10855
2170,10875
2170,10895
2170,10915
2170,10935
2170,10955
2170,10975
2170,10995
2170,11015
2170,11035
2170,11055
2170,11075
2170,11095
2170,11115
2170,11135
2170,11155
2170,11175
2170,11195
2170,11215
2170,11235
2170,11255
2180,10815
2180,10835
2180,10855
2180,10875
2180,10895
2180,10915
2180,10935
2180,10955
2180,10975
2180,10995
2180,11015
2180,11035
2180,11055
2180,11075
2180,11095
2180,11115
2180,11135
2180,11155
2180,11175
2180,11195
2180,11215
2180,11235
2180,11255
2190,10815
2190,10835
2190,10855
2190,10875
2190,10895
2190,10915
2190,10935
2190,10955
2190,10975
2190,10995
2190,11015
2190,11035
2190,11055
2190,11075
2190,11095
2190,11115
2190,11135
2190,11155
2190,11175
2190,11195
2190,11215
2190,11235
2190,11255
2200,10815
2200,10835
2200,10855
2200,10875
2200,10895
2200,10915
2200,10935
2200,10955
2200,10975
2200,10995
2200,11015
2200,11035
2200,11055
2200,11075
2200,11095
2200,11115
2200,11135
2200,11155
2200,11175
2200,11195
2200,11215
2200,11235
2200,11255
2210,10815
2210,10835
2210,10855
2210,10875
2210,10895
2210,10915
2210,10935
2210,10955
2210,10975
2210,10995
2210,11015
2210,11035
2210,11055
2210,11075
2210,11095
2210,11115
2210,11135
2210,11155
2210,11175
2210,11195
2210,11215
2210,11235
2210,11255
2220,10815
2220,10835
2220,10855
2220,10875
2220,10895
2220,10915
2220,10935
2220,10955
2220,10975
2220,10995
2220,11015
2220,11035
2220,11055
2220,11075
2220,11095
2220,11115
2220,11135
2220,11155
2220,11175
2220,11195
2220,11215
2220,11235
2220,11255
2230,10815
2230,10835
2230,10855
2230,10875
2230,10895
2230,10915
2230,10935
2230,10955
2230,10975
2230,10995
2230,11015
2230,11035
2230,11055
2230,11075
2230,11095
2230,11115
2230,11135
2230,11155
2230,11175
2230,11195
2230,11215
2230,11235
2230,11255
2240,10815
2240,10835
2240,10855
2240,10875
2240,10895
2240,10915
2240,10935
2240,10955
2240,10975
2240,10995
2240,11015
2240,11035
2240,11055
2240,11075
2240,11095
2240,11115
2240,11135
2240,11155
2240,11175
2240,11195
2240,11215
2240,11235
2240,11255
0,17364
0,17384
0,17404
0,17424
0,17444
0,17464
0,17484
0,17504
0,17524
0,17544
10,17364
10,17384
10,17404
10,17424
10,17444
10,17464
10,17484
10,17504
10,17524
10,17544
20,17364
20,17384
20,17404
20,17424
20,17444
20,17464
20,17484
20,17504
20,17524
20,17544
30,17364
30,17384
30,17404
30,17424
30,17444
30,17464
30,17484
30,17504
30,17524
30,17544
40,17364
40,17384
40,17404
40,17424
40,17444
40,17464
40,17484
40,17504
40,17524
40,17544
50,17364
50,17384
50,17404
50,17424
50,17444
50,17464
50,17484
50,17504
50,17524
50,17544
60,17364
60,17384
60,17404
60,17424
60,17444
60,17464
60,17484
60,17504
60,17524
60,17544
70,17364
70,17384
70,17404
70,17424
70,17444
70,17464
70,17484
70,17504
70,17524
70,17544
80,17364
80,17384
80,17404
80,17424
80,17444
80,17464
80,17484
80,17504
80,17524
80,17544
90,17364
90,17384
90,17404
90,17424
90,17444
90,17464
90,17484
90,17504
90,17524
90,17544
100,17364
100,17384
100,17404
100,17424
100,17444
100,17464
100,17484
100,17504
100,17524
100,17544
110,17364
110,17384
110,17404
110,17424
110,17444
110,17464
110,17484
110,17504
110,17524
110,17544
120,17364
120,17384
120,17404
120,17424
120,17444
120,17464
120,17484
120,17504
120,17524
120,17544
130,17364
130,17384
130,17404
130,17424
130,17444
130,17464
130,17484
130,17504
130,17524
130,17544
140,17364
140,17384
140,17404
140,17424
140,17444
140,17464
140,17484
140,17504
140,17524
140,17544
150,17364
150,17384
150,17404
150,17424
150,17444
150,17464
150,17484
150,17504
150,17524
150,17544
160,17364
160,17384
160,17404
160,17424
160,17444
160,17464
160,17484
160,17504
160,17524
160,17544
170,17364
170,17384
170,17404
170,17424
170,17444
170,17464
170,17484
170,17504
170,17524
170,17544
180,17364
180,17384
180,17404
180,17424
180,17444
180,17464
180,17484
180,17504
180,17524
180,17544
190,17364
190,17384
190,17404
190,17424
190,17444
190,17464
190,17484
190,17504
190,17524
190,17544
200,17364
200,17384
200,17404
200,17424
200,17444
200,17464
200,17484
200,17504
200,17524
200,17544
210,17364
210,17384
210,17404
210,17424
210,17444
210,17464
210,17484
210,17504
210,17524
210,17544
220,17364
220,17384
220,17404
220,17424
220,17444
220,17464
220,17484
220,17504
220,17524
220,17544
230,17364
230,17384
230,17404
230,17424
230,17444
230,17464
230,17484
230,17504
230,17524
230,17544
240,17364
240,17384
240,17404
240,17424
240,17444
240,17464
240,17484
240,17504
240,17524
240,17544
250,17364
250,17384
250,17404
250,17424
250,17444
250,17464
250,17484
250,17504
250,17524
250,17544
260,17364
260,17384
260,17404
260,17424
260,17444
260,17464
260,17484
260,17504
260,17524
260,17544
270,17364
270,17384
270,17404
270,17424
270,17444
270,17464
270,17484
270,17504
270,17524
270,17544
280,17364
280,17384
280,17404
280,17424
280,17444
280,17464
280,17484
280,17504
280,17524
280,17544
290,17364
290,17384
290,17404
290,17424
290,17444
290,17464
290,17484
290,17504
290,17524
290,17544
300,17364
300,17384
300,17404
300,17424
300,17444
300,17464
300,17484
300,17504
300,17524
300,17544
310,17364
310,17384
310,17404
310,17424
310,17444
310,17464
310,17484
310,17504
310,17524
310,17544
320,17364
320,17384
320,17404
320,17424
320,17444
320,17464
320,17484
320,17504
320,17524
320,17544
330,17364
330,17384
330,17404
330,17424
330,17444
330,17464
330,17484
330,17504
330,17524
330,17544
340,17364
340,17384
340,17404
340,17424
340,17444
340,17464
340,17484
340,17504
340,17524
340,17544
350,17364
350,17384
350,17404
350,17424
350,17444
350,17464
350,17484
350,17504
350,17524
350,17544
360,17364
360,17384
360,17404
360,17424
360,17444
360,17464
360,17484
360,17504
360,17524
360,17544
370,17364
370,17384
370,17404
370,17424
370,17444
370,17464
370,17484
370,17504
370,17524
370,17544
380,17364
380,17384
380,17404
380,17424
380,17444
380,17464
380,17484
380,17504
380,17524
380,17544
390,17364
390,17384
390,17404
390,17424
390,17444
390,17464
390,17484
390,17504
390,17524
390,17544
400,17364
400,17384
400,17404
400,17424
400,17444
400,17464
400,17484
400,17504
400,17524
400,17544
410,17364
410,17384
410,17404
410,17424
410,17444
410,17464
410,17484
410,17504
410,17524
410,17544
420,17364
420,17384
420,17404
420,17424
420,17444
420,17464
420,17484
420,17504
420,17524
420,17544
430,17364
430,17384
430,17404
430,17424
430,17444
430,17464
430,17484
430,17504
430,17524
430,17544
440,17364
440,17384
440,17404
440,17424
440,17444
440,17464
440,17484
440,17504
440,17524
440,17544
450,17364
450,17384
450,17404
450,17424
450,17444
450,17464
450,17484
450,17504
450,17524
450,17544
460,17364
460,17384
460,17404
460,17424
460,17444
460,17464
460,17484
460,17504
460,17524
460,17544
470,17364
470,17384
470,17404
470,17424
470,17444
470,17464
470,17484
470,17504
470,17524
470,17544
480,17364
480,17384
480,17404
480,17424
480,17444
480,17464
480,17484
480,17504
480,17524
480,17544
490,17364
490,17384
490,17404
490,17424
490,17444
490,17464
490,17484
490,17504
490,17524
490,17544
500,17364
500,17384
500,17404
500,17424
500,17444
500,17464
500,17484
500,17504
500,17524
500,17544
510,17364
510,17384
510,17404
510,17424
510,17444
510,17464
510,17484
510,17504
510,17524
510,17544
520,17364
520,17384
520,17404
520,17424
520,17444
520,17464
520,17484
520,17504
520,17524
520,17544
530,17364
530,17384
530,17404
530,17424
530,17444
530,17464
530,17484
530,17504
530,17524
530,17544
540,17364
540,17384
540,17404
540,17424
540,17444
540,17464
540,17484
540,17504
540,17524
540,17544
550,17364
550,17384
550,17404
550,17424
550,17444
550,17464
550,17484
550,17504
550,17524
550,17544
560,17364
560,17384
560,17404
560,17424
560,17444
560,17464
560,17484
560,17504
560,17524
560,17544
570,17364
570,17384
570,17404
570,17424
570,17444
570,17464
570,17484
570,17504
570,17524
570,17544
580,17364
580,17384
580,17404
580,17424
580,17444
580,17464
580,17484
580,17504
580,17524
580,17544
590,17364
590,17384
590,17404
590,17424
590,17444
590,17464
590,17484
590,17504
590,17524
590,17544
600,17364
600,17384
600,17404
600,17424
600,17444
600,17464
600,17484
600,17504
600,17524
600,17544
610,17364
610,17384
610,17404
610,17424
610,17444
610,17464
610,17484
610,17504
610,17524
610,17544
620,17364
620,17384
620,17404
620,17424
620,17444
620,17464
620,17484
620,17504
620,17524
620,17544
630,17364
630,17384
630,17404
630,17424
630,17444
630,17464
630,17484
630,17504
630,17524
630,17544
640,17364
640,17384
640,17404
640,17424
640,17444
640,17464
640,17484
640,17504
640,17524
640,17544
650,17364
650,17384
650,17404
650,17424
650,17444
650,17464
650,17484
650,17504
650,17524
650,17544
660,17364
660,17384
660,17404
660,17424
660,17444
660,17464
660,17484
660,17504
660,17524
660,17544
670,17364
670,17384
670,17404
670,17424
670,17444
670,17464
670,17484
670,17504
670,17524
670,17544
680,17364
680,17384
680,17404
680,17424
680,17444
680,17464
680,17484
680,17504
680,17524
680,17544
690,17364
690,17384
690,17404
690,17424
690,17444
690,17464
690,17484
690,17504
690,17524
690,17544
700,17364
700,17384
700,17404
700,17424
700,17444
700,17464
700,17484
700,17504
700,17524
700,17544
710,17364
710,17384
710,17404
710,17424
710,17444
710,17464
710,17484
710,17504
710,17524
710,17544
720,17364
720,17384
720,17404
720,17424
720,17444
720,17464
720,17484
720,17504
720,17524
720,17544
730,17364
730,17384
730,17404
730,17424
730,17444
730,17464
730,17484
730,17504
730,17524
730,17544
740,17364
740,17384
740,17404
740,17424
740,17444
740,17464
740,17484
740,17504
740,17524
740,17544
750,17364
750,17384
750,17404
750,17424
750,17444
750,17464
750,17484
750,17504
750,17524
750,17544
760,17364
760,17384
760,17404
760,17424
760,17444
760,17464
760,17484
760,17504
760,17524
760,17544
770,17364
770,17384
770,17404
770,17424
770,17444
770,17464
770,17484
770,17504
770,17524
770,17544
780,17364
780,17384
780,17404
780,17424
780,17444
780,17464
780,17484
780,17504
780,17524
780,17544
790,17364
790,17384
790,17404
790,17424
790,17444
790,17464
790,17484
790,17504
790,17524
790,17544
800,17364
800,17384
800,17404
800,17424
800,17444
800,17464
800,17484
800,17504
800,17524
800,17544
810,17364
810,17384
810,17404
810,17424
810,17444
810,17464
810,17484
810,17504
810,17524
810,17544
820,17364
820,17384
820,17404
820,17424
820,17444
820,17464
820,17484
820,17504
820,17524
820,17544
830,17364
830,17384
830,17404
830,17424
830,17444
830,17464
830,17484
830,17504
830,17524
830,17544
840,17364
840,17384
840,17404
840,17424
840,17444
840,17464
840,17484
840,17504
840,17524
840,17544
850,17364
850,17384
850,17404
850,17424
850,17444
850,17464
850,17484
850,17504
850,17524
850,17544
860,17364
860,17384
860,17404
860,17424
860,17444
860,17464
860,17484
860,17504
860,17524
860,17544
870,17364
870,17384
870,17404
870,17424
870,17444
870,17464
870,17484
870,17504
870,17524
870,17544
880,17364
880,17384
880,17404
880,17424
880,17444
880,17464
880,17484
880,17504
880,17524
880,17544
890,17364
890,17384
890,17404
890,17424
890,17444
890,17464
890,17484
890,17504
890,17524
890,17544
900,17364
900,17384
900,17404
900,17424
900,17444
900,17464
900,17484
900,17504
900,17524
900,17544
910,17364
910,17384
910,17404
910,17424
910,17444
910,17464
910,17484
910,17504
910,17524
910,17544
920,17364
920,17384
920,17404
920,17424
920,17444
920,17464
920,17484
920,17504
920,17524
920,17544
930,17364
930,17384
930,17404
930,17424
930,17444
930,17464
930,17484
930,17504
930,17524
930,17544
940,17364
940,17384
940,17404
940,17424
940,17444
940,17464
940,17484
940,17504
940,17524
940,17544
950,17364
950,17384
950,17404
950,17424
950,17444
950,17464
950,17484
950,17504
950,17524
950,17544
960,17364
960,17384
960,17404
960,17424
960,17444
960,17464
960,17484
960,17504
960,17524
960,17544
970,17364
970,17384
970,17404
970,17424
970,17444
970,17464
970,17484
970,17504
970,17524
970,17544
980,17364
980,17384
980,17404
980,17424
980,17444
980,17464
980,17484
980,17504
980,17524
980,17544
990,17364
990,17384
990,17404
990,17424
990,17444
990,17464
990,17484
990,17504
990,17524
990,17544
1000,17364
1000,17384
1000,17404
1000,17424
1000,17444
1000,17464
1000,17484
1000,17504
1000,17524
1000,17544
1010,17364
1010,17384
1010,17404
1010,17424
1010,17444
1010,17464
1010,17484
1010,17504
1010,17524
1010,17544
1020,17364
1020,17384
1020,17404
1020,17424
1020,17444
1020,17464
1020,17484
1020,17504
1020,17524
1020,17544
1030,17364
1030,17384
1030,17404
1030,17424
1030,17444
1030,17464
1030,17484
1030,17504
1030,17524
1030,17544
1040,17364
1040,17384
1040,17404
1040,17424
1040,17444
1040,17464
1040,17484
1040,17504
1040,17524
1040,17544
1050,17364
1050,17384
1050,17404
1050,17424
1050,17444
1050,17464
1050,17484
1050,17504
1050,17524
1050,17544
1060,17364
1060,17384
1060,17404
1060,17424
1060,17444
1060,17464
1060,17484
1060,17504
1060,17524
1060,17544
1070,17364
1070,17384
1070,17404
1070,17424
1070,17444
1070,17464
1070,17484
1070,17504
1070,17524
1070,17544
1080,17364
1080,17384
1080,17404
1080,17424
1080,17444
1080,17464
1080,17484
1080,17504
1080,17524
1080,17544
1090,17364
1090,17384
1090,17404
1090,17424
1090,17444
1090,17464
1090,17484
1090,17504
1090,17524
1090,17544
1100,17364
1100,17384
1100,17404
1100,17424
1100,17444
1100,17464
1100,17484
1100,17504
1100,17524
1100,17544
1110,17364
1110,17384
1110,17404
1110,17424
1110,17444
1110,17464
1110,17484
1110,17504
1110,17524
1110,17544
1120,17364
1120,17384
1120,17404
1120,17424
1120,17444
1120,17464
1120,17484
1120,17504
1120,17524
1120,17544
1130,17364
1130,17384
1130,17404
1130,17424
1130,17444
1130,17464
1130,17484
1130,17504
1130,17524
1130,17544
1140,17364
1140,17384
1140,17404
1140,17424
1140,17444
1140,17464
1140,17484
1140,17504
1140,17524
1140,17544
1150,17364
1150,17384
1150,17404
1150,17424
1150,17444
1150,17464
1150,17484
1150,17504
1150,17524
1150,17544
1160,17364
1160,17384
1160,17404
1160,17424
1160,17444
1160,17464
1160,17484
1160,17504
1160,17524
1160,17544
1170,17364
1170,17384
1170,17404
1170,17424
1170,17444
1170,17464
1170,17484
1170,17504
1170,17524
1170,17544
1180,17364
1180,17384
1180,17404
1180,17424
1180,17444
1180,17464
1180,17484
1180,17504
1180,17524
1180,17544
1190,17364
1190,17384
1190,17404
1190,17424
1190,17444
1190,17464
1190,17484
1190,17504
1190,17524
1190,17544
1200,17364
1200,17384
1200,17404
1200,17424
1200,17444
1200,17464
1200,17484
1200,17504
1200,17524
1200,17544
1210,17364
1210,17384
1210,17404
1210,17424
1210,17444
1210,17464
1210,17484
1210,17504
1210,17524
1210,17544
1220,17364
1220,17384
1220,17404
1220,17424
1220,17444
1220,17464
1220,17484
1220,17504
1220,17524
1220,17544
1230,17364
1230,17384
1230,17404
1230,17424
1230,17444
1230,17464
1230,17484
1230,17504
1230,17524
1230,17544
1240,17364
1240,17384
1240,17404
1240,17424
1240,17444
1240,17464
1240,17484
1240,17504
1240,17524
1240,17544
1250,17364
1250,17384
1250,17404
1250,17424
1250,17444
1250,17464
1250,17484
1250,17504
1250,17524
1250,17544
1260,17364
1260,17384
1260,17404
1260,17424
1260,17444
1260,17464
1260,17484
1260,17504
1260,17524
1260,17544
1270,17364
1270,17384
1270,17404
1270,17424
1270,17444
1270,17464
1270,17484
1270,17504
1270,17524
1270,17544
1280,17364
1280,17384
1280,17404
1280,17424
1280,17444
1280,17464
1280,17484
1280,17504
1280,17524
1280,17544
1290,17364
1290,17384
1290,17404
1290,17424
1290,17444
1290,17464
1290,17484
1290,17504
1290,17524
1290,17544
1300,17364
1300,17384
1300,17404
1300,17424
1300,17444
1300,17464
1300,17484
1300,17504
1300,17524
1300,17544
1310,17364
1310,17384
1310,17404
1310,17424
1310,17444
1310,17464
1310,17484
1310,17504
1310,17524
1310,17544
1320,17364
1320,17384
1320,17404
1320,17424
1320,17444
1320,17464
1320,17484
1320,17504
1320,17524
1320,17544
1330,17364
1330,17384
1330,17404
1330,17424
1330,17444
1330,17464
1330,17484
1330,17504
1330,17524
1330,17544
1340,17364
1340,17384
1340,17404
1340,17424
1340,17444
1340,17464
1340,17484
1340,17504
1340,17524
1340,17544
1350,17364
1350,17384
1350,17404
1350,17424
1350,17444
1350,17464
1350,17484
1350,17504
1350,17524
1350,17544
1360,17364
1360,17384
1360,17404
1360,17424
1360,17444
1360,17464
1360,17484
1360,17504
1360,17524
1360,17544
1370,17364
1370,17384
1370,17404
1370,17424
1370,17444
1370,17464
1370,17484
1370,17504
1370,17524
1370,17544
1380,17364
1380,17384
1380,17404
1380,17424
1380,17444
1380,17464
1380,17484
1380,17504
1380,17524
1380,17544
1390,17364
1390,17384
1390,17404
1390,17424
1390,17444
1390,17464
1390,17484
1390,17504
1390,17524
1390,17544
1400,17364
1400,17384
1400,17404
1400,17424
1400,17444
1400,17464
1400,17484
1400,17504
1400,17524
1400,17544
1410,17364
1410,17384
1410,17404
1410,17424
1410,17444
1410,17464
1410,17484
1410,17504
1410,17524
1410,17544
1420,17364
1420,17384
1420,17404
1420,17424
1420,17444
1420,17464
1420,17484
1420,17504
1420,17524
1420,17544
1430,17364
1430,17384
1430,17404
1430,17424
1430,17444
1430,17464
1430,17484
1430,17504
1430,17524
1430,17544
1440,17364
1440,17384
1440,17404
1440,17424
1440,17444
1440,17464
1440,17484
1440,17504
1440,17524
1440,17544
1450,17364
1450,17384
1450,17404
1450,17424
1450,17444
1450,17464
1450,17484
1450,17504
1450,17524
1450,17544
1460,17364
1460,17384
1460,17404
1460,17424
1460,17444
1460,17464
1460,17484
1460,17504
1460,17524
1460,17544
1470,17364
1470,17384
1470,17404
1470,17424
1470,17444
1470,17464
1470,17484
1470,17504
1470,17524
1470,17544
1480,17364
1480,17384
1480,17404
1480,17424
1480,17444
1480,17464
1480,17484
1480,17504
1480,17524
1480,17544
1490,17364
1490,17384
1490,17404
1490,17424
1490,17444
1490,17464
1490,17484
1490,17504
1490,17524
1490,17544
1500,17364
1500,17384
1500,17404
1500,17424
1500,17444
1500,17464
1500,17484
1500,17504
1500,17524
1500,17544
1510,17364
1510,17384
1510,17404
1510,17424
1510,17444
1510,17464
1510,17484
1510,17504
1510,17524
1510,17544
1520,17364
1520,17384
1520,17404
1520,17424
1520,17444
1520,17464
1520,17484
1520,17504
1520,17524
1520,17544
1530,17364
1530,17384
1530,17404
1530,17424
1530,17444
1530,17464
1530,17484
1530,17504
1530,17524
1530,17544
1540,17364
1540,17384
1540,17404
1540,17424
1540,17444
1540,17464
1540,17484
1540,17504
1540,17524
1540,17544
1550,17364
1550,17384
1550,17404
1550,17424
1550,17444
1550,17464
1550,17484
1550,17504
1550,17524
1550,17544
1560,17364
1560,17384
1560,17404
1560,17424
1560,17444
1560,17464
1560,17484
1560,17504
1560,17524
1560,17544
1570,17364
1570,17384
1570,17404
1570,17424
1570,17444
1570,17464
1570,17484
1570,17504
1570,17524
1570,17544
1580,17364
1580,17384
1580,17404
1580,17424
1580,17444
1580,17464
1580,17484
1580,17504
1580,17524
1580,17544
1590,17364
1590,17384
1590,17404
1590,17424
1590,17444
1590,17464
1590,17484
1590,17504
1590,17524
1590,17544
1600,17364
1600,17384
1600,17404
1600,17424
1600,17444
1600,17464
1600,17484
1600,17504
1600,17524
1600,17544
1610,17364
1610,17384
1610,17404
1610,17424
1610,17444
1610,17464
1610,17484
1610,17504
1610,17524
1610,17544
1620,17364
1620,17384
1620,17404
1620,17424
1620,17444
1620,17464
1620,17484
1620,17504
1620,17524
1620,17544
1630,17364
1630,17384
1630,17404
1630,17424
1630,17444
1630,17464
1630,17484
1630,17504
1630,17524
1630,17544
1640,17364
1640,17384
1640,17404
1640,17424
1640,17444
1640,17464
1640,17484
1640,17504
1640,17524
1640,17544
1650,17364
1650,17384
1650,17404
1650,17424
1650,17444
1650,17464
1650,17484
1650,17504
1650,17524
1650,17544
1660,17364
1660,17384
1660,17404
1660,17424
1660,17444
1660,17464
1660,17484
1660,17504
1660,17524
1660,17544
1670,17364
1670,17384
1670,17404
1670,17424
1670,17444
1670,17464
1670,17484
1670,17504
1670,17524
1670,17544
1680,17364
1680,17384
1680,17404
1680,17424
1680,17444
1680,17464
1680,17484
1680,17504
1680,17524
1680,17544
1690,17364
1690,17384
1690,17404
1690,17424
1690,17444
1690,17464
1690,17484
1690,17504
1690,17524
1690,17544
1700,17364
1700,17384
1700,17404
1700,17424
1700,17444
1700,17464
1700,17484
1700,17504
1700,17524
1700,17544
1710,17364
1710,17384
1710,17404
1710,17424
1710,17444
1710,17464
1710,17484
1710,17504
1710,17524
1710,17544
1720,17364
1720,17384
1720,17404
1720,17424
1720,17444
1720,17464
1720,17484
1720,17504
1720,17524
1720,17544
1730,17364
1730,17384
1730,17404
1730,17424
1730,17444
1730,17464
1730,17484
1730,17504
1730,17524
1730,17544
1740,17364
1740,17384
1740,17404
1740,17424
1740,17444
1740,17464
1740,17484
1740,17504
1740,17524
1740,17544
1750,17364
1750,17384
1750,17404
1750,17424
1750,17444
1750,17464
1750,17484
1750,17504
1750,17524
1750,17544
1760,17364
1760,17384
1760,17404
1760,17424
1760,17444
1760,17464
1760,17484
1760,17504
1760,17524
1760,17544
1770,17364
1770,17384
1770,17404
1770,17424
1770,17444
1770,17464
1770,17484
1770,17504
1770,17524
1770,17544
1780,17364
1780,17384
1780,17404
1780,17424
1780,17444
1780,17464
1780,17484
1780,17504
1780,17524
1780,17544
1790,17364
1790,17384
1790,17404
1790,17424
1790,17444
1790,17464
1790,17484
1790,17504
1790,17524
1790,17544
1800,17364
1800,17384
1800,17404
1800,17424
1800,17444
1800,17464
1800,17484
1800,17504
1800,17524
1800,17544
1810,17364
1810,17384
1810,17404
1810,17424
1810,17444
1810,17464
1810,17484
1810,17504
1810,17524
1810,17544
1820,17364
1820,17384
1820,17404
1820,17424
1820,17444
1820,17464
1820,17484
1820,17504
1820,17524
1820,17544
1830,17364
1830,17384
1830,17404
1830,17424
1830,17444
1830,17464
1830,17484
1830,17504
1830,17524
1830,17544
1840,17364
1840,17384
1840,17404
1840,17424
1840,17444
1840,17464
1840,17484
1840,17504
1840,17524
1840,17544
1850,17364
1850,17384
1850,17404
1850,17424
1850,17444
1850,17464
1850,17484
1850,17504
1850,17524
1850,17544
1860,17364
1860,17384
1860,17404
1860,17424
1860,17444
1860,17464
1860,17484
1860,17504
1860,17524
1860,17544
1870,17364
1870,17384
1870,17404
1870,17424
1870,17444
1870,17464
1870,17484
1870,17504
1870,17524
1870,17544
1880,17364
1880,17384
1880,17404
1880,17424
1880,17444
1880,17464
1880,17484
1880,17504
1880,17524
1880,17544
1890,17364
1890,17384
1890,17404
1890,17424
1890,17444
1890,17464
1890,17484
1890,17504
1890,17524
1890,17544
1900,17364
1900,17384
1900,17404
1900,17424
1900,17444
1900,17464
1900,17484
1900,17504
1900,17524
1900,17544
1910,17364
1910,17384
1910,17404
1910,17424
1910,17444
1910,17464
1910,17484
1910,17504
1910,17524
1910,17544
1920,17364
1920,17384
1920,17404
1920,17424
1920,17444
1920,17464
1920,17484
1920,17504
1920,17524
1920,17544
1930,17364
1930,17384
1930,17404
1930,17424
1930,17444
1930,17464
1930,17484
1930,17504
1930,17524
1930,17544
1940,17364
1940,17384
1940,17404
1940,17424
1940,17444
1940,17464
1940,17484
1940,17504
1940,17524
1940,17544
1950,17364
1950,17384
1950,17404
1950,17424
1950,17444
1950,17464
1950,17484
1950,17504
1950,17524
1950,17544
1960,17364
1960,17384
1960,17404
1960,17424
1960,17444
1960,17464
1960,17484
1960,17504
1960,17524
1960,17544
1970,17364
1970,17384
1970,17404
1970,17424
1970,17444
1970,17464
1970,17484
1970,17504
1970,17524
1970,17544
1980,17364
1980,17384
1980,17404
1980,17424
1980,17444
1980,17464
1980,17484
1980,17504
1980,17524
1980,17544
1990,17364
1990,17384
1990,17404
1990,17424
1990,17444
1990,17464
1990,17484
1990,17504
1990,17524
1990,17544
2000,17364
2000,17384
2000,17404
2000,17424
2000,17444
2000,17464
2000,17484
2000,17504
2000,17524
2000,17544
2010,17364
2010,17384
2010,17404
2010,17424
2010,17444
2010,17464
2010,17484
2010,17504
2010,17524
2010,17544
2020,17364
2020,17384
2020,17404
2020,17424
2020,17444
2020,17464
2020,17484
2020,17504
2020,17524
2020,17544
2030,17364
2030,17384
2030,17404
2030,17424
2030,17444
2030,17464
2030,17484
2030,17504
2030,17524
2030,17544
2040,17364
2040,17384
2040,17404
2040,17424
2040,17444
2040,17464
2040,17484
2040,17504
2040,17524
2040,17544
2050,17364
2050,17384
2050,17404
2050,17424
2050,17444
2050,17464
2050,17484
2050,17504
2050,17524
2050,17544
2060,17364
2060,17384
2060,17404
2060,17424
2060,17444
2060,17464
2060,17484
2060,17504
2060,17524
2060,17544
2070,17364
2070,17384
2070,17404
2070,17424
2070,17444
2070,17464
2070,17484
2070,17504
2070,17524
2070,17544
2080,17364
2080,17384
2080,17404
2080,17424
2080,17444
2080,17464
2080,17484
2080,17504
2080,17524
2080,17544
2090,17364
2090,17384
2090,17404
2090,17424
2090,17444
2090,17464
2090,17484
2090,17504
2090,17524
2090,17544
2100,17364
2100,17384
2100,17404
2100,17424
2100,17444
2100,17464
2100,17484
2100,17504
2100,17524
2100,17544
2110,17364
2110,17384
2110,17404
2110,17424
2110,17444
2110,17464
2110,17484
2110,17504
2110,17524
2110,17544
2120,17364
2120,17384
2120,17404
2120,17424
2120,17444
2120,17464
2120,17484
2120,17504
2120,17524
2120,17544
2130,17364
2130,17384
2130,17404
2130,17424
2130,17444
2130,17464
2130,17484
2130,17504
2130,17524
2130,17544
2140,17364
2140,17384
2140,17404
2140,17424
2140,17444
2140,17464
2140,17484
2140,17504
2140,17524
2140,17544
2150,17364
2150,17384
2150,17404
2150,17424
2150,17444
2150,17464
2150,17484
2150,17504
2150,17524
2150,17544
2160,17364
2160,17384
2160,17404
2160,17424
2160,17444
2160,17464
2160,17484
2160,17504
2160,17524
2160,17544
2170,17364
2170,17384
2170,17404
2170,17424
2170,17444
2170,17464
2170,17484
2170,17504
2170,17524
2170,17544
2180,17364
2180,17384
2180,17404
2180,17424
2180,17444
2180,17464
2180,17484
2180,17504
2180,17524
2180,17544
2190,17364
2190,17384
2190,17404
2190,17424
2190,17444
2190,17464
2190,17484
2190,17504
2190,17524
2190,17544
2200,17364
2200,17384
2200,17404
2200,17424
2200,17444
2200,17464
2200,17484
2200,17504
2200,17524
2200,17544
2210,17364
2210,17384
2210,17404
2210,17424
2210,17444
2210,17464
2210,17484
2210,17504
2210,17524
2210,17544
2220,17364
2220,17384
2220,17404
2220,17424
2220,17444
2220,17464
2220,17484
2220,17504
2220,17524
2220,17544
2230,17364
2230,17384
2230,17404
2230,17424
2230,17444
2230,17464
2230,17484
2230,17504
2230,17524
2230,17544
2240,17364
2240,17384
2240,17404
2240,17424
2240,17444
2240,17464
2240,17484
2240,17504
2240,17524
2240,17544
2668,16480
2668,16500
2668,16520
2668,16540
2668,16560
2668,16580
2668,16600
2668,16620
2668,16640
2668,16660
2668,16680
2668,16700
2668,16720
2668,16740
2668,16760
2668,16780
2668,16800
2668,16820
2668,16840
2668,16860
2668,16880
2668,16900
2668,16920
2668,16940
2668,16960
2668,16980
2668,17000
2668,17020
2668,17040
2668,17060
2668,17080
2668,17100
2668,17120
2668,17140
2668,17160
2668,17180
2668,17200
2668,17220
2668,17240
2668,17260
2668,17280
2668,17300
2668,17320
2668,17340
2668,17360
2678,16480
2678,16500
2678,16520
2678,16540
2678,16560
2678,16580
2678,16600
2678,16620
2678,16640
2678,16660
2678,16680
2678,16700
2678,16720
2678,16740
2678,16760
2678,16780
2678,16800
2678,16820
2678,16840
2678,16860
2678,16880
2678,16900
2678,16920
2678,16940
2678,16960
2678,16980
2678,17000
2678,17020
2678,17040
2678,17060
2678,17080
2678,17100
2678,17120
2678,17140
2678,17160
2678,17180
2678,17200
2678,17220
2678,17240
2678,17260
2678,17280
2678,17300
2678,17320
2678,17340
2678,17360
2688,16480
2688,16500
2688,16520
2688,16540
2688,16560
2688,16580
2688,16600
2688,16620
2688,16640
2688,16660
2688,16680
2688,16700
2688,16720
2688,16740
2688,16760
2688,16780
2688,16800
2688,16820
2688,16840
2688,16860
2688,16880
2688,16900
2688,16920
2688,16940
2688,16960
2688,16980
2688,17000
2688,17020
2688,17040
2688,17060
2688,17080
2688,17100
2688,17120
2688,17140
2688,17160
2688,17180
2688,17200
2688,17220
2688,17240
2688,17260
2688,17280
2688,17300
2688,17320
2688,17340
2688,17360
2698,16480
2698,16500
2698,16520
2698,16540
2698,16560
2698,16580
2698,16600
2698,16620
2698,16640
2698,16660
2698,16680
2698,16700
2698,16720
2698,16740
2698,16760
2698,16780
2698,16800
2698,16820
2698,16840
2698,16860
2698,16880
2698,16900
2698,16920
2698,16940
2698,16960
2698,16980
2698,17000
2698,17020
2698,17040
2698,17060
2698,17080
2698,17100
2698,17120
2698,17140
2698,17160
2698,17180
2698,17200
2698,17220
2698,17240
2698,17260
2698,17280
2698,17300
2698,17320
2698,17340
2698,17360
2708,16480
2708,16500
2708,16520
2708,16540
2708,16560
2708,16580
2708,16600
2708,16620
2708,16640
2708,16660
2708,16680
2708,16700
2708,16720
2708,16740
2708,16760
2708,16780
2708,16800
2708,16820
2708,16840
2708,16860
2708,16880
2708,16900
2708,16920
2708,16940
2708,16960
2708,16980
2708,17000
2708,17020
2708,17040
2708,17060
2708,17080
2708,17100
2708,17120
2708,17140
2708,17160
2708,17180
2708,17200
2708,17220
2708,17240
2708,17260
2708,17280
2708,17300
2708,17320
2708,17340
2708,17360
2718,16480
2718,16500
2718,16520
2718,16540
2718,16560
2718,16580
2718,16600
2718,16620
2718,16640
2718,16660
2718,16680
2718,16700
2718,16720
2718,16740
2718,16760
2718,16780
2718,16800
2718,16820
2718,16840
2718,16860
2718,16880
2718,16900
2718,16920
2718,16940
2718,16960
2718,16980
2718,17000
2718,17020
2718,17040
2718,17060
2718,17080
2718,17100
2718,17120
2718,17140
2718,17160
2718,17180
2718,17200
2718,17220
2718,17240
2718,17260
2718,17280
2718,17300
2718,17320
2718,17340
2718,17360
2728,16480
2728,16500
2728,16520
2728,16540
2728,16560
2728,16580
2728,16600
2728,16620
2728,16640
2728,16660
2728,16680
2728,16700
2728,16720
2728,16740
2728,16760
2728,16780
2728,16800
2728,16820
2728,16840
2728,16860
2728,16880
2728,16900
2728,16920
2728,16940
2728,16960
2728,16980
2728,17000
2728,17020
2728,17040
2728,17060
2728,17080
2728,17100
2728,17120
2728,17140
2728,17160
2728,17180
2728,17200
2728,17220
2728,17240
2728,17260
2728,17280
2728,17300
2728,17320
2728,17340
2728,17360
2738,16480
2738,16500
2738,16520
2738,16540
2738,16560
2738,16580
2738,16600
2738,16620
2738,16640
2738,16660
2738,16680
2738,16700
2738,16720
2738,16740
2738,16760
2738,16780
2738,16800
2738,16820
2738,16840
2738,16860
2738,16880
2738,16900
2738,16920
2738,16940
2738,16960
2738,16980
2738,17000
2738,17020
2738,17040
2738,17060
2738,17080
2738,17100
2738,17120
2738,17140
2738,17160
2738,17180
2738,17200
2738,17220
2738,17240
2738,17260
2738,17280
2738,17300
2738,17320
2738,17340
2738,17360
2748,16480
2748,16500
2748,16520
2748,16540
2748,16560
2748,16580
2748,16600
2748,16620
2748,16640
2748,16660
2748,16680
2748,16700
2748,16720
2748,16740
2748,16760
2748,16780
2748,16800
2748,16820
2748,16840
2748,16860
2748,16880
2748,16900
2748,16920
2748,16940
2748,16960
2748,16980
2748,17000
2748,17020
2748,17040
2748,17060
2748,17080
2748,17100
2748,17120
2748,17140
2748,17160
2748,17180
2748,17200
2748,17220
2748,17240
2748,17260
2748,17280
2748,17300
2748,17320
2748,17340
2748,17360
2758,16480
2758,16500
2758,16520
2758,16540
2758,16560
2758,16580
2758,16600
2758,16620
2758,16640
2758,16660
2758,16680
2758,16700
2758,16720
2758,16740
2758,16760
2758,16780
2758,16800
2758,16820
2758,16840
2758,16860
2758,16880
2758,16900
2758,16920
2758,16940
2758,16960
2758,16980
2758,17000
2758,17020
2758,17040
2758,17060
2758,17080
2758,17100
2758,17120
2758,17140
2758,17160
2758,17180
2758,17200
2758,17220
2758,17240
2758,17260
2758,17280
2758,17300
2758,17320
2758,17340
2758,17360
2768,16480
2768,16500
2768,16520
2768,16540
2768,16560
2768,16580
2768,16600
2768,16620
2768,16640
2768,16660
2768,16680
2768,16700
2768,16720
2768,16740
2768,16760
2768,16780
2768,16800
2768,16820
2768,16840
2768,16860
2768,16880
2768,16900
2768,16920
2768,16940
2768,16960
2768,16980
2768,17000
2768,17020
2768,17040
2768,17060
2768,17080
2768,17100
2768,17120
2768,17140
2768,17160
2768,17180
2768,17200
2768,17220
2768,17240
2768,17260
2768,17280
2768,17300
2768,17320
2768,17340
2768,17360
2778,16480
2778,16500
2778,16520
2778,16540
2778,16560
2778,16580
2778,16600
2778,16620
2778,16640
2778,16660
2778,16680
2778,16700
2778,16720
2778,16740
2778,16760
2778,16780
2778,16800
2778,16820
2778,16840
2778,16860
2778,16880
2778,16900
2778,16920
2778,16940
2778,16960
2778,16980
2778,17000
2778,17020
2778,17040
2778,17060
2778,17080
2778,17100
2778,17120
2778,17140
2778,17160
2778,17180
2778,17200
2778,17220
2778,17240
2778,17260
2778,17280
2778,17300
2778,17320
2778,17340
2778,17360
2788,16480
2788,16500
2788,16520
2788,16540
2788,16560
2788,16580
2788,16600
2788,16620
2788,16640
2788,16660
2788,16680
2788,16700
2788,16720
2788,16740
2788,16760
2788,16780
2788,16800
2788,16820
2788,16840
2788,16860
2788,16880
2788,16900
2788,16920
2788,16940
2788,16960
2788,16980
2788,17000
2788,17020
2788,17040
2788,17060
2788,17080
2788,17100
2788,17120
2788,17140
2788,17160
2788,17180
2788,17200
2788,17220
2788,17240
2788,17260
2788,17280
2788,17300
2788,17320
2788,17340
2788,17360
2798,16480
2798,16500
2798,16520
2798,16540
2798,16560
2798,16580
2798,16600
2798,16620
2798,16640
2798,16660
2798,16680
2798,16700
2798,16720
2798,16740
2798,16760
2798,16780
2798,16800
2798,16820
2798,16840
2798,16860
2798,16880
2798,16900
2798,16920
2798,16940
2798,16960
2798,16980
2798,17000
2798,17020
2798,17040
2798,17060
2798,17080
2798,17100
2798,17120
2798,17140
2798,17160
2798,17180
2798,17200
2798,17220
2798,17240
2798,17260
2798,17280
2798,17300
2798,17320
2798,17340
2798,17360
2808,16480
2808,16500
2808,16520
2808,16540
2808,16560
2808,16580
2808,16600
2808,16620
2808,16640
2808,16660
2808,16680
2808,16700
2808,16720
2808,16740
2808,16760
2808,16780
2808,16800
2808,16820
2808,16840
2808,16860
2808,16880
2808,16900
2808,16920
2808,16940
2808,16960
2808,16980
2808,17000
2808,17020
2808,17040
2808,17060
2808,17080
2808,17100
2808,17120
2808,17140
2808,17160
2808,17180
2808,17200
2808,17220
2808,17240
2808,17260
2808,17280
2808,17300
2808,17320
2808,17340
2808,17360
2818,16480
2818,16500
2818,16520
2818,16540
2818,16560
2818,16580
2818,16600
2818,16620
2818,16640
2818,16660
2818,16680
2818,16700
2818,16720
2818,16740
2818,16760
2818,16780
2818,16800
2818,16820
2818,16840
2818,16860
2818,16880
2818,16900
2818,16920
2818,16940
2818,16960
2818,16980
2818,17000
2818,17020
2818,17040
2818,17060
2818,17080
2818,17100
2818,17120
2818,17140
2818,17160
2818,17180
2818,17200
2818,17220
2818,17240
2818,17260
2818,17280
2818,17300
2818,17320
2818,17340
2818,17360
2828,16480
2828,16500
2828,16520
2828,16540
2828,16560
2828,16580
2828,16600
2828,16620
2828,16640
2828,16660
2828,16680
2828,16700
2828,16720
2828,16740
2828,16760
2828,16780
2828,16800
2828,16820
2828,16840
2828,16860
2828,16880
2828,16900
2828,16920
2828,16940
2828,16960
2828,16980
2828,17000
2828,17020
2828,17040
2828,17060
2828,17080
2828,17100
2828,17120
2828,17140
2828,17160
2828,17180
2828,17200
2828,17220
2828,17240
2828,17260
2828,17280
2828,17300
2828,17320
2828,17340
2828,17360
2838,16480
2838,16500
2838,16520
2838,16540
2838,16560
2838,16580
2838,16600
2838,16620
2838,16640
2838,16660
2838,16680
2838,16700
2838,16720
2838,16740
2838,16760
2838,16780
2838,16800
2838,16820
2838,16840
2838,16860
2838,16880
2838,16900
2838,16920
2838,16940
2838,16960
2838,16980
2838,17000
2838,17020
2838,17040
2838,17060
2838,17080
2838,17100
2838,17120
2838,17140
2838,17160
2838,17180
2838,17200
2838,17220
2838,17240
2838,17260
2838,17280
2838,17300
2838,17320
2838,17340
2838,17360
2848,16480
2848,16500
2848,16520
2848,16540
2848,16560
2848,16580
2848,16600
2848,16620
2848,16640
2848,16660
2848,16680
2848,16700
2848,16720
2848,16740
2848,16760
2848,16780
2848,16800
2848,16820
2848,16840
2848,16860
2848,16880
2848,16900
2848,16920
2848,16940
2848,16960
2848,16980
2848,17000
2848,17020
2848,17040
2848,17060
2848,17080
2848,17100
2848,17120
2848,17140
2848,17160
2848,17180
2848,17200
2848,17220
2848,17240
2848,17260
2848,17280
2848,17300
2848,17320
2848,17340
2848,17360
2858,16480
2858,16500
2858,16520
2858,16540
2858,16560
2858,16580
2858,16600
2858,16620
2858,16640
2858,16660
2858,16680
2858,16700
2858,16720
2858,16740
2858,16760
2858,16780
2858,16800
2858,16820
2858,16840
2858,16860
2858,16880
2858,16900
2858,16920
2858,16940
2858,16960
2858,16980
2858,17000
2858,17020
2858,17040
2858,17060
2858,17080
2858,17100
2858,17120
2858,17140
2858,17160
2858,17180
2858,17200
2858,17220
2858,17240
2858,17260
2858,17280
2858,17300
2858,17320
2858,17340
2858,17360
2868,16480
2868,16500
2868,16520
2868,16540
2868,16560
2868,16580
2868,16600
2868,16620
2868,16640
2868,16660
2868,16680
2868,16700
2868,16720
2868,16740
2868,16760
2868,16780
2868,16800
2868,16820
2868,16840
2868,16860
2868,16880
2868,16900
2868,16920
2868,16940
2868,16960
2868,16980
2868,17000
2868,17020
2868,17040
2868,17060
2868,17080
2868,17100
2868,17120
2868,17140
2868,17160
2868,17180
2868,17200
2868,17220
2868,17240
2868,17260
2868,17280
2868,17300
2868,17320
2868,17340
2868,17360
2878,16480
2878,16500
2878,16520
2878,16540
2878,16560
2878,16580
2878,16600
2878,16620
2878,16640
2878,16660
2878,16680
2878,16700
2878,16720
2878,16740
2878,16760
2878,16780
2878,16800
2878,16820
2878,16840
2878,16860
2878,16880
2878,16900
2878,16920
2878,16940
2878,16960
2878,16980
2878,17000
2878,17020
2878,17040
2878,17060
2878,17080
2878,17100
2878,17120
2878,17140
2878,17160
2878,17180
2878,17200
2878,17220
2878,17240
2878,17260
2878,17280
2878,17300
2878,17320
2878,17340
2878,17360
2888,16480
2888,16500
2888,16520
2888,16540
2888,16560
2888,16580
2888,16600
2888,16620
2888,16640
2888,16660
2888,16680
2888,16700
2888,16720
2888,16740
2888,16760
2888,16780
2888,16800
2888,16820
2888,16840
2888,16860
2888,16880
2888,16900
2888,16920
2888,16940
2888,16960
2888,16980
2888,17000
2888,17020
2888,17040
2888,17060
2888,17080
2888,17100
2888,17120
2888,17140
2888,17160
2888,17180
2888,17200
2888,17220
2888,17240
2888,17260
2888,17280
2888,17300
2888,17320
2888,17340
2888,17360
2898,16480
2898,16500
2898,16520
2898,16540
2898,16560
2898,16580
2898,16600
2898,16620
2898,16640
2898,16660
2898,16680
2898,16700
2898,16720
2898,16740
2898,16760
2898,16780
2898,16800
2898,16820
2898,16840
2898,16860
2898,16880
2898,16900
2898,16920
2898,16940
2898,16960
2898,16980
2898,17000
2898,17020
2898,17040
2898,17060
2898,17080
2898,17100
2898,17120
2898,17140
2898,17160
2898,17180
2898,17200
2898,17220
2898,17240
2898,17260
2898,17280
2898,17300
2898,17320
2898,17340
2898,17360
2908,16480
2908,16500
2908,16520
2908,16540
2908,16560
2908,16580
2908,16600
2908,16620
2908,16640
2908,16660
2908,16680
2908,16700
2908,16720
2908,16740
2908,16760
2908,16780
2908,16800
2908,16820
2908,16840
2908,16860
2908,16880
2908,16900
2908,16920
2908,16940
2908,16960
2908,16980
2908,17000
2908,17020
2908,17040
2908,17060
2908,17080
2908,17100
2908,17120
2908,17140
2908,17160
2908,17180
2908,17200
2908,17220
2908,17240
2908,17260
2908,17280
2908,17300
2908,17320
2908,17340
2908,17360
2918,16480
2918,16500
2918,16520
2918,16540
2918,16560
2918,16580
2918,16600
2918,16620
2918,16640
2918,16660
2918,16680
2918,16700
2918,16720
2918,16740
2918,16760
2918,16780
2918,16800
2918,16820
2918,16840
2918,16860
2918,16880
2918,16900
2918,16920
2918,16940
2918,16960
2918,16980
2918,17000
2918,17020
2918,17040
2918,17060
2918,17080
2918,17100
2918,17120
2918,17140
2918,17160
2918,17180
2918,17200
2918,17220
2918,17240
2918,17260
2918,17280
2918,17300
2918,17320
2918,17340
2918,17360
2928,16480
2928,16500
2928,16520
2928,16540
2928,16560
2928,16580
2928,16600
2928,16620
2928,16640
2928,16660
2928,16680
2928,16700
2928,16720
2928,16740
2928,16760
2928,16780
2928,16800
2928,16820
2928,16840
2928,16860
2928,16880
2928,16900
2928,16920
2928,16940
2928,16960
2928,16980
2928,17000
2928,17020
2928,17040
2928,17060
2928,17080
2928,17100
2928,17120
2928,17140
2928,17160
2928,17180
2928,17200
2928,17220
2928,17240
2928,17260
2928,17280
2928,17300
2928,17320
2928,17340
2928,17360
2938,16480
2938,16500
2938,16520
2938,16540
2938,16560
2938,16580
2938,16600
2938,16620
2938,16640
2938,16660
2938,16680
2938,16700
2938,16720
2938,16740
2938,16760
2938,16780
2938,16800
2938,16820
2938,16840
2938,16860
2938,16880
2938,16900
2938,16920
2938,16940
2938,16960
2938,16980
2938,17000
2938,17020
2938,17040
2938,17060
2938,17080
2938,17100
2938,17120
2938,17140
2938,17160
2938,17180
2938,17200
2938,17220
2938,17240
2938,17260
2938,17280
2938,17300
2938,17320
2938,17340
2938,17360
2948,16480
2948,16500
2948,16520
2948,16540
2948,16560
2948,16580
2948,16600
2948,16620
2948,16640
2948,16660
2948,16680
2948,16700
2948,16720
2948,16740
2948,16760
2948,16780
2948,16800
2948,16820
2948,16840
2948,16860
2948,16880
2948,16900
2948,16920
2948,16940
2948,16960
2948,16980
2948,17000
2948,17020
2948,17040
2948,17060
2948,17080
2948,17100
2948,17120
2948,17140
2948,17160
2948,17180
2948,17200
2948,17220
2948,17240
2948,17260
2948,17280
2948,17300
2948,17320
2948,17340
2948,17360
2958,16480
2958,16500
2958,16520
2958,16540
2958,16560
2958,16580
2958,16600
2958,16620
2958,16640
2958,16660
2958,16680
2958,16700
2958,16720
2958,16740
2958,16760
2958,16780
2958,16800
2958,16820
2958,16840
2958,16860
2958,16880
2958,16900
2958,16920
2958,16940
2958,16960
2958,16980
2958,17000
2958,17020
2958,17040
2958,17060
2958,17080
2958,17100
2958,17120
2958,17140
2958,17160
2958,17180
2958,17200
2958,17220
2958,17240
2958,17260
2958,17280
2958,17300
2958,17320
2958,17340
2958,17360
2968,16480
2968,16500
2968,16520
2968,16540
2968,16560
2968,16580
2968,16600
2968,16620
2968,16640
2968,16660
2968,16680
2968,16700
2968,16720
2968,16740
2968,16760
2968,16780
2968,16800
2968,16820
2968,16840
2968,16860
2968,16880
2968,16900
2968,16920
2968,16940
2968,16960
2968,16980
2968,17000
2968,17020
2968,17040
2968,17060
2968,17080
2968,17100
2968,17120
2968,17140
2968,17160
2968,17180
2968,17200
2968,17220
2968,17240
2968,17260
2968,17280
2968,17300
2968,17320
2968,17340
2968,17360
2978,16480
2978,16500
2978,16520
2978,16540
2978,16560
2978,16580
2978,16600
2978,16620
2978,16640
2978,16660
2978,16680
2978,16700
2978,16720
2978,16740
2978,16760
2978,16780
2978,16800
2978,16820
2978,16840
2978,16860
2978,16880
2978,16900
2978,16920
2978,16940
2978,16960
2978,16980
2978,17000
2978,17020
2978,17040
2978,17060
2978,17080
2978,17100
2978,17120
2978,17140
2978,17160
2978,17180
2978,17200
2978,17220
2978,17240
2978,17260
2978,17280
2978,17300
2978,17320
2978,17340
2978,17360
2988,16480
2988,16500
2988,16520
2988,16540
2988,16560
2988,16580
2988,16600
2988,16620
2988,16640
2988,16660
2988,16680
2988,16700
2988,16720
2988,16740
2988,16760
2988,16780
2988,16800
2988,16820
2988,16840
2988,16860
2988,16880
2988,16900
2988,16920
2988,16940
2988,16960
2988,16980
2988,17000
2988,17020
2988,17040
2988,17060
2988,17080
2988,17100
2988,17120
2988,17140
2988,17160
2988,17180
2988,17200
2988,17220
2988,17240
2988,17260
2988,17280
2988,17300
2988,17320
2988,17340
2988,17360
2998,16480
2998,16500
2998,16520
2998,16540
2998,16560
2998,16580
2998,16600
2998,16620
2998,16640
2998,16660
2998,16680
2998,16700
2998,16720
2998,16740
2998,16760
2998,16780
2998,16800
2998,16820
2998,16840
2998,16860
2998,16880
2998,16900
2998,16920
2998,16940
2998,16960
2998,16980
2998,17000
2998,17020
2998,17040
2998,17060
2998,17080
2998,17100
2998,17120
2998,17140
2998,17160
2998,17180
2998,17200
2998,17220
2998,17240
2998,17260
2998,17280
2998,17300
2998,17320
2998,17340
2998,17360
3008,16480
3008,16500
3008,16520
3008,16540
3008,16560
3008,16580
3008,16600
3008,16620
3008,16640
3008,16660
3008,16680
3008,16700
3008,16720
3008,16740
3008,16760
3008,16780
3008,16800
3008,16820
3008,16840
3008,16860
3008,16880
3008,16900
3008,16920
3008,16940
3008,16960
3008,16980
3008,17000
3008,17020
3008,17040
3008,17060
3008,17080
3008,17100
3008,17120
3008,17140
3008,17160
3008,17180
3008,17200
3008,17220
3008,17240
3008,17260
3008,17280
3008,17300
3008,17320
3008,17340
3008,17360
3018,16480
3018,16500
3018,16520
3018,16540
3018,16560
3018,16580
3018,16600
3018,16620
3018,16640
3018,16660
3018,16680
3018,16700
3018,16720
3018,16740
3018,16760
3018,16780
3018,16800
3018,16820
3018,16840
3018,16860
3018,16880
3018,16900
3018,16920
3018,16940
3018,16960
3018,16980
3018,17000
3018,17020
3018,17040
3018,17060
3018,17080
3018,17100
3018,17120
3018,17140
3018,17160
3018,17180
3018,17200
3018,17220
3018,17240
3018,17260
3018,17280
3018,17300
3018,17320
3018,17340
3018,17360
3028,16480
3028,16500
3028,16520
3028,16540
3028,16560
3028,16580
3028,16600
3028,16620
3028,16640
3028,16660
3028,16680
3028,16700
3028,16720
3028,16740
3028,16760
3028,16780
3028,16800
3028,16820
3028,16840
3028,16860
3028,16880
3028,16900
3028,16920
3028,16940
3028,16960
3028,16980
3028,17000
3028,17020
3028,17040
3028,17060
3028,17080
3028,17100
3028,17120
3028,17140
3028,17160
3028,17180
3028,17200
3028,17220
3028,17240
3028,17260
3028,17280
3028,17300
3028,17320
3028,17340
3028,17360
3038,16480
3038,16500
3038,16520
3038,16540
3038,16560
3038,16580
3038,16600
3038,16620
3038,16640
3038,16660
3038,16680
3038,16700
3038,16720
3038,16740
3038,16760
3038,16780
3038,16800
3038,16820
3038,16840
3038,16860
3038,16880
3038,16900
3038,16920
3038,16940
3038,16960
3038,16980
3038,17000
3038,17020
3038,17040
3038,17060
3038,17080
3038,17100
3038,17120
3038,17140
3038,17160
3038,17180
3038,17200
3038,17220
3038,17240
3038,17260
3038,17280
3038,17300
3038,17320
3038,17340
3038,17360
3048,16480
3048,16500
3048,16520
3048,16540
3048,16560
3048,16580
3048,16600
3048,16620
3048,16640
3048,16660
3048,16680
3048,16700
3048,16720
3048,16740
3048,16760
3048,16780
3048,16800
3048,16820
3048,16840
3048,16860
3048,16880
3048,16900
3048,16920
3048,16940
3048,16960
3048,16980
3048,17000
3048,17020
3048,17040
3048,17060
3048,17080
3048,17100
3048,17120
3048,17140
3048,17160
3048,17180
3048,17200
3048,17220
3048,17240
3048,17260
3048,17280
3048,17300
3048,17320
3048,17340
3048,17360
3058,16480
3058,16500
3058,16520
3058,16540
3058,16560
3058,16580
3058,16600
3058,16620
3058,16640
3058,16660
3058,16680
3058,16700
3058,16720
3058,16740
3058,16760
3058,16780
3058,16800
3058,16820
3058,16840
3058,16860
3058,16880
3058,16900
3058,16920
3058,16940
3058,16960
3058,16980
3058,17000
3058,17020
3058,17040
3058,17060
3058,17080
3058,17100
3058,17120
3058,17140
3058,17160
3058,17180
3058,17200
3058,17220
3058,17240
3058,17260
3058,17280
3058,17300
3058,17320
3058,17340
3058,17360
3068,16480
3068,16500
3068,16520
3068,16540
3068,16560
3068,16580
3068,16600
3068,16620
3068,16640
3068,16660
3068,16680
3068,16700
3068,16720
3068,16740
3068,16760
3068,16780
3068,16800
3068,16820
3068,16840
3068,16860
3068,16880
3068,16900
3068,16920
3068,16940
3068,16960
3068,16980
3068,17000
3068,17020
3068,17040
3068,17060
3068,17080
3068,17100
3068,17120
3068,17140
3068,17160
3068,17180
3068,17200
3068,17220
3068,17240
3068,17260
3068,17280
3068,17300
3068,17320
3068,17340
3068,17360
3078,16480
3078,16500
3078,16520
3078,16540
3078,16560
3078,16580
3078,16600
3078,16620
3078,16640
3078,16660
3078,16680
3078,16700
3078,16720
3078,16740
3078,16760
3078,16780
3078,16800
3078,16820
3078,16840
3078,16860
3078,16880
3078,16900
3078,16920
3078,16940
3078,16960
3078,16980
3078,17000
3078,17020
3078,17040
3078,17060
3078,17080
3078,17100
3078,17120
3078,17140
3078,17160
3078,17180
3078,17200
3078,17220
3078,17240
3078,17260
3078,17280
3078,17300
3078,17320
3078,17340
3078,17360
3088,16480
3088,16500
3088,16520
3088,16540
3088,16560
3088,16580
3088,16600
3088,16620
3088,16640
3088,16660
3088,16680
3088,16700
3088,16720
3088,16740
3088,16760
3088,16780
3088,16800
3088,16820
3088,16840
3088,16860
3088,16880
3088,16900
3088,16920
3088,16940
3088,16960
3088,16980
3088,17000
3088,17020
3088,17040
3088,17060
3088,17080
3088,17100
3088,17120
3088,17140
3088,17160
3088,17180
3088,17200
3088,17220
3088,17240
3088,17260
3088,17280
3088,17300
3088,17320
3088,17340
3088,17360
3098,16480
3098,16500
3098,16520
3098,16540
3098,16560
3098,16580
3098,16600
3098,16620
3098,16640
3098,16660
3098,16680
3098,16700
3098,16720
3098,16740
3098,16760
3098,16780
3098,16800
3098,16820
3098,16840
3098,16860
3098,16880
3098,16900
3098,16920
3098,16940
3098,16960
3098,16980
3098,17000
3098,17020
3098,17040
3098,17060
3098,17080
3098,17100
3098,17120
3098,17140
3098,17160
3098,17180
3098,17200
3098,17220
3098,17240
3098,17260
3098,17280
3098,17300
3098,17320
3098,17340
3098,17360
3108,16480
3108,16500
3108,16520
3108,16540
3108,16560
3108,16580
3108,16600
3108,16620
3108,16640
3108,16660
3108,16680
3108,16700
3108,16720
3108,16740
3108,16760
3108,16780
3108,16800
3108,16820
3108,16840
3108,16860
3108,16880
3108,16900
3108,16920
3108,16940
3108,16960
3108,16980
3108,17000
3108,17020
3108,17040
3108,17060
3108,17080
3108,17100
3108,17120
3108,17140
3108,17160
3108,17180
3108,17200
3108,17220
3108,17240
3108,17260
3108,17280
3108,17300
3108,17320
3108,17340
3108,17360
3118,16480
3118,16500
3118,16520
3118,16540
3118,16560
3118,16580
3118,16600
3118,16620
3118,16640
3118,16660
3118,16680
3118,16700
3118,16720
3118,16740
3118,16760
3118,16780
3118,16800
3118,16820
3118,16840
3118,16860
3118,16880
3118,16900
3118,16920
3118,16940
3118,16960
3118,16980
3118,17000
3118,17020
3118,17040
3118,17060
3118,17080
3118,17100
3118,17120
3118,17140
3118,17160
3118,17180
3118,17200
3118,17220
3118,17240
3118,17260
3118,17280
3118,17300
3118,17320
3118,17340
3118,17360
3128,16480
3128,16500
3128,16520
3128,16540
3128,16560
3128,16580
3128,16600
3128,16620
3128,16640
3128,16660
3128,16680
3128,16700
3128,16720
3128,16740
3128,16760
3128,16780
3128,16800
3128,16820
3128,16840
3128,16860
3128,16880
3128,16900
3128,16920
3128,16940
3128,16960
3128,16980
3128,17000
3128,17020
3128,17040
3128,17060
3128,17080
3128,17100
3128,17120
3128,17140
3128,17160
3128,17180
3128,17200
3128,17220
3128,17240
3128,17260
3128,17280
3128,17300
3128,17320
3128,17340
3128,17360
3138,16480
3138,16500
3138,16520
3138,16540
3138,16560
3138,16580
3138,16600
3138,16620
3138,16640
3138,16660
3138,16680
3138,16700
3138,16720
3138,16740
3138,16760
3138,16780
3138,16800
3138,16820
3138,16840
3138,16860
3138,16880
3138,16900
3138,16920
3138,16940
3138,16960
3138,16980
3138,17000
3138,17020
3138,17040
3138,17060
3138,17080
3138,17100
3138,17120
3138,17140
3138,17160
3138,17180
3138,17200
3138,17220
3138,17240
3138,17260
3138,17280
3138,17300
3138,17320
3138,17340
3138,17360
3148,16480
3148,16500
3148,16520
3148,16540
3148,16560
3148,16580
3148,16600
3148,16620
3148,16640
3148,16660
3148,16680
3148,16700
3148,16720
3148,16740
3148,16760
3148,16780
3148,16800
3148,16820
3148,16840
3148,16860
3148,16880
3148,16900
3148,16920
3148,16940
3148,16960
3148,16980
3148,17000
3148,17020
3148,17040
3148,17060
3148,17080
3148,17100
3148,17120
3148,17140
3148,17160
3148,17180
3148,17200
3148,17220
3148,17240
3148,17260
3148,17280
3148,17300
3148,17320
3148,17340
3148,17360
3158,16480
3158,16500
3158,16520
3158,16540
3158,16560
3158,16580
3158,16600
3158,16620
3158,16640
3158,16660
3158,16680
3158,16700
3158,16720
3158,16740
3158,16760
3158,16780
3158,16800
3158,16820
3158,16840
3158,16860
3158,16880
3158,16900
3158,16920
3158,16940
3158,16960
3158,16980
3158,17000
3158,17020
3158,17040
3158,17060
3158,17080
3158,17100
3158,17120
3158,17140
3158,17160
3158,17180
3158,17200
3158,17220
3158,17240
3158,17260
3158,17280
3158,17300
3158,17320
3158,17340
3158,17360
3168,16480
3168,16500
3168,16520
3168,16540
3168,16560
3168,16580
3168,16600
3168,16620
3168,16640
3168,16660
3168,16680
3168,16700
3168,16720
3168,16740
3168,16760
3168,16780
3168,16800
3168,16820
3168,16840
3168,16860
3168,16880
3168,16900
3168,16920
3168,16940
3168,16960
3168,16980
3168,17000
3168,17020
3168,17040
3168,17060
3168,17080
3168,17100
3168,17120
3168,17140
3168,17160
3168,17180
3168,17200
3168,17220
3168,17240
3168,17260
3168,17280
3168,17300
3168,17320
3168,17340
3168,17360
3178,16480
3178,16500
3178,16520
3178,16540
3178,16560
3178,16580
3178,16600
3178,16620
3178,16640
3178,16660
3178,16680
3178,16700
3178,16720
3178,16740
3178,16760
3178,16780
3178,16800
3178,16820
3178,16840
3178,16860
3178,16880
3178,16900
3178,16920
3178,16940
3178,16960
3178,16980
3178,17000
3178,17020
3178,17040
3178,17060
3178,17080
3178,17100
3178,17120
3178,17140
3178,17160
3178,17180
3178,17200
3178,17220
3178,17240
3178,17260
3178,17280
3178,17300
3178,17320
3178,17340
3178,17360
3188,16480
3188,16500
3188,16520
3188,16540
3188,16560
3188,16580
3188,16600
3188,16620
3188,16640
3188,16660
3188,16680
3188,16700
3188,16720
3188,16740
3188,16760
3188,16780
3188,16800
3188,16820
3188,16840
3188,16860
3188,16880
3188,16900
3188,16920
3188,16940
3188,16960
3188,16980
3188,17000
3188,17020
3188,17040
3188,17060
3188,17080
3188,17100
3188,17120
3188,17140
3188,17160
3188,17180
3188,17200
3188,17220
3188,17240
3188,17260
3188,17280
3188,17300
3188,17320
3188,17340
3188,17360
3198,16480
3198,16500
3198,16520
3198,16540
3198,16560
3198,16580
3198,16600
3198,16620
3198,16640
3198,16660
3198,16680
3198,16700
3198,16720
3198,16740
3198,16760
3198,16780
3198,16800
3198,16820
3198,16840
3198,16860
3198,16880
3198,16900
3198,16920
3198,16940
3198,16960
3198,16980
3198,17000
3198,17020
3198,17040
3198,17060
3198,17080
3198,17100
3198,17120
3198,17140
3198,17160
3198,17180
3198,17200
3198,17220
3198,17240
3198,17260
3198,17280
3198,17300
3198,17320
3198,17340
3198,17360
3208,16480
3208,16500
3208,16520
3208,16540
3208,16560
3208,16580
3208,16600
3208,16620
3208,16640
3208,16660
3208,16680
3208,16700
3208,16720
3208,16740
3208,16760
3208,16780
3208,16800
3208,16820
3208,16840
3208,16860
3208,16880
3208,16900
3208,16920
3208,16940
3208,16960
3208,16980
3208,17000
3208,17020
3208,17040
3208,17060
3208,17080
3208,17100
3208,17120
3208,17140
3208,17160
3208,17180
3208,17200
3208,17220
3208,17240
3208,17260
3208,17280
3208,17300
3208,17320
3208,17340
3208,17360
3218,16480
3218,16500
3218,16520
3218,16540
3218,16560
3218,16580
3218,16600
3218,16620
3218,16640
3218,16660
3218,16680
3218,16700
3218,16720
3218,16740
3218,16760
3218,16780
3218,16800
3218,16820
3218,16840
3218,16860
3218,16880
3218,16900
3218,16920
3218,16940
3218,16960
3218,16980
3218,17000
3218,17020
3218,17040
3218,17060
3218,17080
3218,17100
3218,17120
3218,17140
3218,17160
3218,17180
3218,17200
3218,17220
3218,17240
3218,17260
3218,17280
3218,17300
3218,17320
3218,17340
3218,17360
3228,16480
3228,16500
3228,16520
3228,16540
3228,16560
3228,16580
3228,16600
3228,16620
3228,16640
3228,16660
3228,16680
3228,16700
3228,16720
3228,16740
3228,16760
3228,16780
3228,16800
3228,16820
3228,16840
3228,16860
3228,16880
3228,16900
3228,16920
3228,16940
3228,16960
3228,16980
3228,17000
3228,17020
3228,17040
3228,17060
3228,17080
3228,17100
3228,17120
3228,17140
3228,17160
3228,17180
3228,17200
3228,17220
3228,17240
3228,17260
3228,17280
3228,17300
3228,17320
3228,17340
3228,17360
3238,16480
3238,16500
3238,16520
3238,16540
3238,16560
3238,16580
3238,16600
3238,16620
3238,16640
3238,16660
3238,16680
3238,16700
3238,16720
3238,16740
3238,16760
3238,16780
3238,16800
3238,16820
3238,16840
3238,16860
3238,16880
3238,16900
3238,16920
3238,16940
3238,16960
3238,16980
3238,17000
3238,17020
3238,17040
3238,17060
3238,17080
3238,17100
3238,17120
3238,17140
3238,17160
3238,17180
3238,17200
3238,17220
3238,17240
3238,17260
3238,17280
3238,17300
3238,17320
3238,17340
3238,17360
3248,16480
3248,16500
3248,16520
3248,16540
3248,16560
3248,16580
3248,16600
3248,16620
3248,16640
3248,16660
3248,16680
3248,16700
3248,16720
3248,16740
3248,16760
3248,16780
3248,16800
3248,16820
3248,16840
3248,16860
3248,16880
3248,16900
3248,16920
3248,16940
3248,16960
3248,16980
3248,17000
3248,17020
3248,17040
3248,17060
3248,17080
3248,17100
3248,17120
3248,17140
3248,17160
3248,17180
3248,17200
3248,17220
3248,17240
3248,17260
3248,17280
3248,17300
3248,17320
3248,17340
3248,17360
3258,16480
3258,16500
3258,16520
3258,16540
3258,16560
3258,16580
3258,16600
3258,16620
3258,16640
3258,16660
3258,16680
3258,16700
3258,16720
3258,16740
3258,16760
3258,16780
3258,16800
3258,16820
3258,16840
3258,16860
3258,16880
3258,16900
3258,16920
3258,16940
3258,16960
3258,16980
3258,17000
3258,17020
3258,17040
3258,17060
3258,17080
3258,17100
3258,17120
3258,17140
3258,17160
3258,17180
3258,17200
3258,17220
3258,17240
3258,17260
3258,17280
3258,17300
3258,17320
3258,17340
3258,17360
3268,16480
3268,16500
3268,16520
3268,16540
3268,16560
3268,16580
3268,16600
3268,16620
3268,16640
3268,16660
3268,16680
3268,16700
3268,16720
3268,16740
3268,16760
3268,16780
3268,16800
3268,16820
3268,16840
3268,16860
3268,16880
3268,16900
3268,16920
3268,16940
3268,16960
3268,16980
3268,17000
3268,17020
3268,17040
3268,17060
3268,17080
3268,17100
3268,17120
3268,17140
3268,17160
3268,17180
3268,17200
3268,17220
3268,17240
3268,17260
3268,17280
3268,17300
3268,17320
3268,17340
3268,17360
3278,16480
3278,16500
3278,16520
3278,16540
3278,16560
3278,16580
3278,16600
3278,16620
3278,16640
3278,16660
3278,16680
3278,16700
3278,16720
3278,16740
3278,16760
3278,16780
3278,16800
3278,16820
3278,16840
3278,16860
3278,16880
3278,16900
3278,16920
3278,16940
3278,16960
3278,16980
3278,17000
3278,17020
3278,17040
3278,17060
3278,17080
3278,17100
3278,17120
3278,17140
3278,17160
3278,17180
3278,17200
3278,17220
3278,17240
3278,17260
3278,17280
3278,17300
3278,17320
3278,17340
3278,17360
3288,16480
3288,16500
3288,16520
3288,16540
3288,16560
3288,16580
3288,16600
3288,16620
3288,16640
3288,16660
3288,16680
3288,16700
3288,16720
3288,16740
3288,16760
3288,16780
3288,16800
3288,16820
3288,16840
3288,16860
3288,16880
3288,16900
3288,16920
3288,16940
3288,16960
3288,16980
3288,17000
3288,17020
3288,17040
3288,17060
3288,17080
3288,17100
3288,17120
3288,17140
3288,17160
3288,17180
3288,17200
3288,17220
3288,17240
3288,17260
3288,17280
3288,17300
3288,17320
3288,17340
3288,17360
3298,16480
3298,16500
3298,16520
3298,16540
3298,16560
3298,16580
3298,16600
3298,16620
3298,16640
3298,16660
3298,16680
3298,16700
3298,16720
3298,16740
3298,16760
3298,16780
3298,16800
3298,16820
3298,16840
3298,16860
3298,16880
3298,16900
3298,16920
3298,16940
3298,16960
3298,16980
3298,17000
3298,17020
3298,17040
3298,17060
3298,17080
3298,17100
3298,17120
3298,17140
3298,17160
3298,17180
3298,17200
3298,17220
3298,17240
3298,17260
3298,17280
3298,17300
3298,17320
3298,17340
3298,17360
3308,16480
3308,16500
3308,16520
3308,16540
3308,16560
3308,16580
3308,16600
3308,16620
3308,16640
3308,16660
3308,16680
3308,16700
3308,16720
3308,16740
3308,16760
3308,16780
3308,16800
3308,16820
3308,16840
3308,16860
3308,16880
3308,16900
3308,16920
3308,16940
3308,16960
3308,16980
3308,17000
3308,17020
3308,17040
3308,17060
3308,17080
3308,17100
3308,17120
3308,17140
3308,17160
3308,17180
3308,17200
3308,17220
3308,17240
3308,17260
3308,17280
3308,17300
3308,17320
3308,17340
3308,17360
3318,16480
3318,16500
3318,16520
3318,16540
3318,16560
3318,16580
3318,16600
3318,16620
3318,16640
3318,16660
3318,16680
3318,16700
3318,16720
3318,16740
3318,16760
3318,16780
3318,16800
3318,16820
3318,16840
3318,16860
3318,16880
3318,16900
3318,16920
3318,16940
3318,16960
3318,16980
3318,17000
3318,17020
3318,17040
3318,17060
3318,17080
3318,17100
3318,17120
3318,17140
3318,17160
3318,17180
3318,17200
3318,17220
3318,17240
3318,17260
3318,17280
3318,17300
3318,17320
3318,17340
3318,17360
3328,16480
3328,16500
3328,16520
3328,16540
3328,16560
3328,16580
3328,16600
3328,16620
3328,16640
3328,16660
3328,16680
3328,16700
3328,16720
3328,16740
3328,16760
3328,16780
3328,16800
3328,16820
3328,16840
3328,16860
3328,16880
3328,16900
3328,16920
3328,16940
3328,16960
3328,16980
3328,17000
3328,17020
3328,17040
3328,17060
3328,17080
3328,17100
3328,17120
3328,17140
3328,17160
3328,17180
3328,17200
3328,17220
3328,17240
3328,17260
3328,17280
3328,17300
3328,17320
3328,17340
3328,17360
3338,16480
3338,16500
3338,16520
3338,16540
3338,16560
3338,16580
3338,16600
3338,16620
3338,16640
3338,16660
3338,16680
3338,16700
3338,16720
3338,16740
3338,16760
3338,16780
3338,16800
3338,16820
3338,16840
3338,16860
3338,16880
3338,16900
3338,16920
3338,16940
3338,16960
3338,16980
3338,17000
3338,17020
3338,17040
3338,17060
3338,17080
3338,17100
3338,17120
3338,17140
3338,17160
3338,17180
3338,17200
3338,17220
3338,17240
3338,17260
3338,17280
3338,17300
3338,17320
3338,17340
3338,17360
3348,16480
3348,16500
3348,16520
3348,16540
3348,16560
3348,16580
3348,16600
3348,16620
3348,16640
3348,16660
3348,16680
3348,16700
3348,16720
3348,16740
3348,16760
3348,16780
3348,16800
3348,16820
3348,16840
3348,16860
3348,16880
3348,16900
3348,16920
3348,16940
3348,16960
3348,16980
3348,17000
3348,17020
3348,17040
3348,17060
3348,17080
3348,17100
3348,17120
3348,17140
3348,17160
3348,17180
3348,17200
3348,17220
3348,17240
3348,17260
3348,17280
3348,17300
3348,17320
3348,17340
3348,17360
3358,16480
3358,16500
3358,16520
3358,16540
3358,16560
3358,16580
3358,16600
3358,16620
3358,16640
3358,16660
3358,16680
3358,16700
3358,16720
3358,16740
3358,16760
3358,16780
3358,16800
3358,16820
3358,16840
3358,16860
3358,16880
3358,16900
3358,16920
3358,16940
3358,16960
3358,16980
3358,17000
3358,17020
3358,17040
3358,17060
3358,17080
3358,17100
3358,17120
3358,17140
3358,17160
3358,17180
3358,17200
3358,17220
3358,17240
3358,17260
3358,17280
3358,17300
3358,17320
3358,17340
3358,17360
3368,16480
3368,16500
3368,16520
3368,16540
3368,16560
3368,16580
3368,16600
3368,16620
3368,16640
3368,16660
3368,16680
3368,16700
3368,16720
3368,16740
3368,16760
3368,16780
3368,16800
3368,16820
3368,16840
3368,16860
3368,16880
3368,16900
3368,16920
3368,16940
3368,16960
3368,16980
3368,17000
3368,17020
3368,17040
3368,17060
3368,17080
3368,17100
3368,17120
3368,17140
3368,17160
3368,17180
3368,17200
3368,17220
3368,17240
3368,17260
3368,17280
3368,17300
3368,17320
3368,17340
3368,17360
3378,16480
3378,16500
3378,16520
3378,16540
3378,16560
3378,16580
3378,16600
3378,16620
3378,16640
3378,16660
3378,16680
3378,16700
3378,16720
3378,16740
3378,16760
3378,16780
3378,16800
3378,16820
3378,16840
3378,16860
3378,16880
3378,16900
3378,16920
3378,16940
3378,16960
3378,16980
3378,17000
3378,17020
3378,17040
3378,17060
3378,17080
3378,17100
3378,17120
3378,17140
3378,17160
3378,17180
3378,17200
3378,17220
3378,17240
3378,17260
3378,17280
3378,17300
3378,17320
3378,17340
3378,17360
3388,16480
3388,16500
3388,16520
3388,16540
3388,16560
3388,16580
3388,16600
3388,16620
3388,16640
3388,16660
3388,16680
3388,16700
3388,16720
3388,16740
3388,16760
3388,16780
3388,16800
3388,16820
3388,16840
3388,16860
3388,16880
3388,16900
3388,16920
3388,16940
3388,16960
3388,16980
3388,17000
3388,17020
3388,17040
3388,17060
3388,17080
3388,17100
3388,17120
3388,17140
3388,17160
3388,17180
3388,17200
3388,17220
3388,17240
3388,17260
3388,17280
3388,17300
3388,17320
3388,17340
3388,17360
3398,16480
3398,16500
3398,16520
3398,16540
3398,16560
3398,16580
3398,16600
3398,16620
3398,16640
3398,16660
3398,16680
3398,16700
3398,16720
3398,16740
3398,16760
3398,16780
3398,16800
3398,16820
3398,16840
3398,16860
3398,16880
3398,16900
3398,16920
3398,16940
3398,16960
3398,16980
3398,17000
3398,17020
3398,17040
3398,17060
3398,17080
3398,17100
3398,17120
3398,17140
3398,17160
3398,17180
3398,17200
3398,17220
3398,17240
3398,17260
3398,17280
3398,17300
3398,17320
3398,17340
3398,17360
3408,16480
3408,16500
3408,16520
3408,16540
3408,16560
3408,16580
3408,16600
3408,16620
3408,16640
3408,16660
3408,16680
3408,16700
3408,16720
3408,16740
3408,16760
3408,16780
3408,16800
3408,16820
3408,16840
3408,16860
3408,16880
3408,16900
3408,16920
3408,16940
3408,16960
3408,16980
3408,17000
3408,17020
3408,17040
3408,17060
3408,17080
3408,17100
3408,17120
3408,17140
3408,17160
3408,17180
3408,17200
3408,17220
3408,17240
3408,17260
3408,17280
3408,17300
3408,17320
3408,17340
3408,17360
3418,16480
3418,16500
3418,16520
3418,16540
3418,16560
3418,16580
3418,16600
3418,16620
3418,16640
3418,16660
3418,16680
3418,16700
3418,16720
3418,16740
3418,16760
3418,16780
3418,16800
3418,16820
3418,16840
3418,16860
3418,16880
3418,16900
3418,16920
3418,16940
3418,16960
3418,16980
3418,17000
3418,17020
3418,17040
3418,17060
3418,17080
3418,17100
3418,17120
3418,17140
3418,17160
3418,17180
3418,17200
3418,17220
3418,17240
3418,17260
3418,17280
3418,17300
3418,17320
3418,17340
3418,17360
3428,16480
3428,16500
3428,16520
3428,16540
3428,16560
3428,16580
3428,16600
3428,16620
3428,16640
3428,16660
3428,16680
3428,16700
3428,16720
3428,16740
3428,16760
3428,16780
3428,16800
3428,16820
3428,16840
3428,16860
3428,16880
3428,16900
3428,16920
3428,16940
3428,16960
3428,16980
3428,17000
3428,17020
3428,17040
3428,17060
3428,17080
3428,17100
3428,17120
3428,17140
3428,17160
3428,17180
3428,17200
3428,17220
3428,17240
3428,17260
3428,17280
3428,17300
3428,17320
3428,17340
3428,17360
3438,16480
3438,16500
3438,16520
3438,16540
3438,16560
3438,16580
3438,16600
3438,16620
3438,16640
3438,16660
3438,16680
3438,16700
3438,16720
3438,16740
3438,16760
3438,16780
3438,16800
3438,16820
3438,16840
3438,16860
3438,16880
3438,16900
3438,16920
3438,16940
3438,16960
3438,16980
3438,17000
3438,17020
3438,17040
3438,17060
3438,17080
3438,17100
3438,17120
3438,17140
3438,17160
3438,17180
3438,17200
3438,17220
3438,17240
3438,17260
3438,17280
3438,17300
3438,17320
3438,17340
3438,17360
3448,16480
3448,16500
3448,16520
3448,16540
3448,16560
3448,16580
3448,16600
3448,16620
3448,16640
3448,16660
3448,16680
3448,16700
3448,16720
3448,16740
3448,16760
3448,16780
3448,16800
3448,16820
3448,16840
3448,16860
3448,16880
3448,16900
3448,16920
3448,16940
3448,16960
3448,16980
3448,17000
3448,17020
3448,17040
3448,17060
3448,17080
3448,17100
3448,17120
3448,17140
3448,17160
3448,17180
3448,17200
3448,17220
3448,17240
3448,17260
3448,17280
3448,17300
3448,17320
3448,17340
3448,17360
3458,16480
3458,16500
3458,16520
3458,16540
3458,16560
3458,16580
3458,16600
3458,16620
3458,16640
3458,16660
3458,16680
3458,16700
3458,16720
3458,16740
3458,16760
3458,16780
3458,16800
3458,16820
3458,16840
3458,16860
3458,16880
3458,16900
3458,16920
3458,16940
3458,16960
3458,16980
3458,17000
3458,17020
3458,17040
3458,17060
3458,17080
3458,17100
3458,17120
3458,17140
3458,17160
3458,17180
3458,17200
3458,17220
3458,17240
3458,17260
3458,17280
3458,17300
3458,17320
3458,17340
3458,17360
3468,16480
3468,16500
3468,16520
3468,16540
3468,16560
3468,16580
3468,16600
3468,16620
3468,16640
3468,16660
3468,16680
3468,16700
3468,16720
3468,16740
3468,16760
3468,16780
3468,16800
3468,16820
3468,16840
3468,16860
3468,16880
3468,16900
3468,16920
3468,16940
3468,16960
3468,16980
3468,17000
3468,17020
3468,17040
3468,17060
3468,17080
3468,17100
3468,17120
3468,17140
3468,17160
3468,17180
3468,17200
3468,17220
3468,17240
3468,17260
3468,17280
3468,17300
3468,17320
3468,17340
3468,17360
3478,16480
3478,16500
3478,16520
3478,16540
3478,16560
3478,16580
3478,16600
3478,16620
3478,16640
3478,16660
3478,16680
3478,16700
3478,16720
3478,16740
3478,16760
3478,16780
3478,16800
3478,16820
3478,16840
3478,16860
3478,16880
3478,16900
3478,16920
3478,16940
3478,16960
3478,16980
3478,17000
3478,17020
3478,17040
3478,17060
3478,17080
3478,17100
3478,17120
3478,17140
3478,17160
3478,17180
3478,17200
3478,17220
3478,17240
3478,17260
3478,17280
3478,17300
3478,17320
3478,17340
3478,17360
3488,16480
3488,16500
3488,16520
3488,16540
3488,16560
3488,16580
3488,16600
3488,16620
3488,16640
3488,16660
3488,16680
3488,16700
3488,16720
3488,16740
3488,16760
3488,16780
3488,16800
3488,16820
3488,16840
3488,16860
3488,16880
3488,16900
3488,16920
3488,16940
3488,16960
3488,16980
3488,17000
3488,17020
3488,17040
3488,17060
3488,17080
3488,17100
3488,17120
3488,17140
3488,17160
3488,17180
3488,17200
3488,17220
3488,17240
3488,17260
3488,17280
3488,17300
3488,17320
3488,17340
3488,17360
3498,16480
3498,16500
3498,16520
3498,16540
3498,16560
3498,16580
3498,16600
3498,16620
3498,16640
3498,16660
3498,16680
3498,16700
3498,16720
3498,16740
3498,16760
3498,16780
3498,16800
3498,16820
3498,16840
3498,16860
3498,16880
3498,16900
3498,16920
3498,16940
3498,16960
3498,16980
3498,17000
3498,17020
3498,17040
3498,17060
3498,17080
3498,17100
3498,17120
3498,17140
3498,17160
3498,17180
3498,17200
3498,17220
3498,17240
3498,17260
3498,17280
3498,17300
3498,17320
3498,17340
3498,17360
3508,16480
3508,16500
3508,16520
3508,16540
3508,16560
3508,16580
3508,16600
3508,16620
3508,16640
3508,16660
3508,16680
3508,16700
3508,16720
3508,16740
3508,16760
3508,16780
3508,16800
3508,16820
3508,16840
3508,16860
3508,16880
3508,16900
3508,16920
3508,16940
3508,16960
3508,16980
3508,17000
3508,17020
3508,17040
3508,17060
3508,17080
3508,17100
3508,17120
3508,17140
3508,17160
3508,17180
3508,17200
3508,17220
3508,17240
3508,17260
3508,17280
3508,17300
3508,17320
3508,17340
3508,17360
3518,16480
3518,16500
3518,16520
3518,16540
3518,16560
3518,16580
3518,16600
3518,16620
3518,16640
3518,16660
3518,16680
3518,16700
3518,16720
3518,16740
3518,16760
3518,16780
3518,16800
3518,16820
3518,16840
3518,16860
3518,16880
3518,16900
3518,16920
3518,16940
3518,16960
3518,16980
3518,17000
3518,17020
3518,17040
3518,17060
3518,17080
3518,17100
3518,17120
3518,17140
3518,17160
3518,17180
3518,17200
3518,17220
3518,17240
3518,17260
3518,17280
3518,17300
3518,17320
3518,17340
3518,17360
3528,16480
3528,16500
3528,16520
3528,16540
3528,16560
3528,16580
3528,16600
3528,16620
3528,16640
3528,16660
3528,16680
3528,16700
3528,16720
3528,16740
3528,16760
3528,16780
3528,16800
3528,16820
3528,16840
3528,16860
3528,16880
3528,16900
3528,16920
3528,16940
3528,16960
3528,16980
3528,17000
3528,17020
3528,17040
3528,17060
3528,17080
3528,17100
3528,17120
3528,17140
3528,17160
3528,17180
3528,17200
3528,17220
3528,17240
3528,17260
3528,17280
3528,17300
3528,17320
3528,17340
3528,17360
3538,16480
3538,16500
3538,16520
3538,16540
3538,16560
3538,16580
3538,16600
3538,16620
3538,16640
3538,16660
3538,16680
3538,16700
3538,16720
3538,16740
3538,16760
3538,16780
3538,16800
3538,16820
3538,16840
3538,16860
3538,16880
3538,16900
3538,16920
3538,16940
3538,16960
3538,16980
3538,17000
3538,17020
3538,17040
3538,17060
3538,17080
3538,17100
3538,17120
3538,17140
3538,17160
3538,17180
3538,17200
3538,17220
3538,17240
3538,17260
3538,17280
3538,17300
3538,17320
3538,17340
3538,17360
3548,16480
3548,16500
3548,16520
3548,16540
3548,16560
3548,16580
3548,16600
3548,16620
3548,16640
3548,16660
3548,16680
3548,16700
3548,16720
3548,16740
3548,16760
3548,16780
3548,16800
3548,16820
3548,16840
3548,16860
3548,16880
3548,16900
3548,16920
3548,16940
3548,16960
3548,16980
3548,17000
3548,17020
3548,17040
3548,17060
3548,17080
3548,17100
3548,17120
3548,17140
3548,17160
3548,17180
3548,17200
3548,17220
3548,17240
3548,17260
3548,17280
3548,17300
3548,17320
3548,17340
3548,17360
3558,16480
3558,16500
3558,16520
3558,16540
3558,16560
3558,16580
3558,16600
3558,16620
3558,16640
3558,16660
3558,16680
3558,16700
3558,16720
3558,16740
3558,16760
3558,16780
3558,16800
3558,16820
3558,16840
3558,16860
3558,16880
3558,16900
3558,16920
3558,16940
3558,16960
3558,16980
3558,17000
3558,17020
3558,17040
3558,17060
3558,17080
3558,17100
3558,17120
3558,17140
3558,17160
3558,17180
3558,17200
3558,17220
3558,17240
3558,17260
3558,17280
3558,17300
3558,17320
3558,17340
3558,17360
3568,16480
3568,16500
3568,16520
3568,16540
3568,16560
3568,16580
3568,16600
3568,16620
3568,16640
3568,16660
3568,16680
3568,16700
3568,16720
3568,16740
3568,16760
3568,16780
3568,16800
3568,16820
3568,16840
3568,16860
3568,16880
3568,16900
3568,16920
3568,16940
3568,16960
3568,16980
3568,17000
3568,17020
3568,17040
3568,17060
3568,17080
3568,17100
3568,17120
3568,17140
3568,17160
3568,17180
3568,17200
3568,17220
3568,17240
3568,17260
3568,17280
3568,17300
3568,17320
3568,17340
3568,17360
3578,16480
3578,16500
3578,16520
3578,16540
3578,16560
3578,16580
3578,16600
3578,16620
3578,16640
3578,16660
3578,16680
3578,16700
3578,16720
3578,16740
3578,16760
3578,16780
3578,16800
3578,16820
3578,16840
3578,16860
3578,16880
3578,16900
3578,16920
3578,16940
3578,16960
3578,16980
3578,17000
3578,17020
3578,17040
3578,17060
3578,17080
3578,17100
3578,17120
3578,17140
3578,17160
3578,17180
3578,17200
3578,17220
3578,17240
3578,17260
3578,17280
3578,17300
3578,17320
3578,17340
3578,17360
3588,16480
3588,16500
3588,16520
3588,16540
3588,16560
3588,16580
3588,16600
3588,16620
3588,16640
3588,16660
3588,16680
3588,16700
3588,16720
3588,16740
3588,16760
3588,16780
3588,16800
3588,16820
3588,16840
3588,16860
3588,16880
3588,16900
3588,16920
3588,16940
3588,16960
3588,16980
3588,17000
3588,17020
3588,17040
3588,17060
3588,17080
3588,17100
3588,17120
3588,17140
3588,17160
3588,17180
3588,17200
3588,17220
3588,17240
3588,17260
3588,17280
3588,17300
3588,17320
3588,17340
3588,17360
3598,16480
3598,16500
3598,16520
3598,16540
3598,16560
3598,16580
3598,16600
3598,16620
3598,16640
3598,16660
3598,16680
3598,16700
3598,16720
3598,16740
3598,16760
3598,16780
3598,16800
3598,16820
3598,16840
3598,16860
3598,16880
3598,16900
3598,16920
3598,16940
3598,16960
3598,16980
3598,17000
3598,17020
3598,17040
3598,17060
3598,17080
3598,17100
3598,17120
3598,17140
3598,17160
3598,17180
3598,17200
3598,17220
3598,17240
3598,17260
3598,17280
3598,17300
3598,17320
3598,17340
3598,17360
3608,16480
3608,16500
3608,16520
3608,16540
3608,16560
3608,16580
3608,16600
3608,16620
3608,16640
3608,16660
3608,16680
3608,16700
3608,16720
3608,16740
3608,16760
3608,16780
3608,16800
3608,16820
3608,16840
3608,16860
3608,16880
3608,16900
3608,16920
3608,16940
3608,16960
3608,16980
3608,17000
3608,17020
3608,17040
3608,17060
3608,17080
3608,17100
3608,17120
3608,17140
3608,17160
3608,17180
3608,17200
3608,17220
3608,17240
3608,17260
3608,17280
3608,17300
3608,17320
3608,17340
3608,17360
3618,16480
3618,16500
3618,16520
3618,16540
3618,16560
3618,16580
3618,16600
3618,16620
3618,16640
3618,16660
3618,16680
3618,16700
3618,16720
3618,16740
3618,16760
3618,16780
3618,16800
3618,16820
3618,16840
3618,16860
3618,16880
3618,16900
3618,16920
3618,16940
3618,16960
3618,16980
3618,17000
3618,17020
3618,17040
3618,17060
3618,17080
3618,17100
3618,17120
3618,17140
3618,17160
3618,17180
3618,17200
3618,17220
3618,17240
3618,17260
3618,17280
3618,17300
3618,17320
3618,17340
3618,17360
3628,16480
3628,16500
3628,16520
3628,16540
3628,16560
3628,16580
3628,16600
3628,16620
3628,16640
3628,16660
3628,16680
3628,16700
3628,16720
3628,16740
3628,16760
3628,16780
3628,16800
3628,16820
3628,16840
3628,16860
3628,16880
3628,16900
3628,16920
3628,16940
3628,16960
3628,16980
3628,17000
3628,17020
3628,17040
3628,17060
3628,17080
3628,17100
3628,17120
3628,17140
3628,17160
3628,17180
3628,17200
3628,17220
3628,17240
3628,17260
3628,17280
3628,17300
3628,17320
3628,17340
3628,17360
3638,16480
3638,16500
3638,16520
3638,16540
3638,16560
3638,16580
3638,16600
3638,16620
3638,16640
3638,16660
3638,16680
3638,16700
3638,16720
3638,16740
3638,16760
3638,16780
3638,16800
3638,16820
3638,16840
3638,16860
3638,16880
3638,16900
3638,16920
3638,16940
3638,16960
3638,16980
3638,17000
3638,17020
3638,17040
3638,17060
3638,17080
3638,17100
3638,17120
3638,17140
3638,17160
3638,17180
3638,17200
3638,17220
3638,17240
3638,17260
3638,17280
3638,17300
3638,17320
3638,17340
3638,17360
3648,16480
3648,16500
3648,16520
3648,16540
3648,16560
3648,16580
3648,16600
3648,16620
3648,16640
3648,16660
3648,16680
3648,16700
3648,16720
3648,16740
3648,16760
3648,16780
3648,16800
3648,16820
3648,16840
3648,16860
3648,16880
3648,16900
3648,16920
3648,16940
3648,16960
3648,16980
3648,17000
3648,17020
3648,17040
3648,17060
3648,17080
3648,17100
3648,17120
3648,17140
3648,17160
3648,17180
3648,17200
3648,17220
3648,17240
3648,17260
3648,17280
3648,17300
3648,17320
3648,17340
3648,17360
3658,16480
3658,16500
3658,16520
3658,16540
3658,16560
3658,16580
3658,16600
3658,16620
3658,16640
3658,16660
3658,16680
3658,16700
3658,16720
3658,16740
3658,16760
3658,16780
3658,16800
3658,16820
3658,16840
3658,16860
3658,16880
3658,16900
3658,16920
3658,16940
3658,16960
3658,16980
3658,17000
3658,17020
3658,17040
3658,17060
3658,17080
3658,17100
3658,17120
3658,17140
3658,17160
3658,17180
3658,17200
3658,17220
3658,17240
3658,17260
3658,17280
3658,17300
3658,17320
3658,17340
3658,17360
3668,16480
3668,16500
3668,16520
3668,16540
3668,16560
3668,16580
3668,16600
3668,16620
3668,16640
3668,16660
3668,16680
3668,16700
3668,16720
3668,16740
3668,16760
3668,16780
3668,16800
3668,16820
3668,16840
3668,16860
3668,16880
3668,16900
3668,16920
3668,16940
3668,16960
3668,16980
3668,17000
3668,17020
3668,17040
3668,17060
3668,17080
3668,17100
3668,17120
3668,17140
3668,17160
3668,17180
3668,17200
3668,17220
3668,17240
3668,17260
3668,17280
3668,17300
3668,17320
3668,17340
3668,17360
11333,17564
11333,17584
11333,17604
11333,17624
11333,17644
11333,17664
11333,17684
11333,17704
11333,17724
11333,17744
11333,17764
11333,17784
11333,17804
11333,17824
11333,17844
11333,17864
11333,17884
11333,17904
11333,17924
11333,17944
11333,17964
11333,17984
11333,18004
11333,18024
11333,18044
11333,18064
11333,18084
11333,18104
11333,18124
11333,18144
11333,18164
11333,18184
11333,18204
11333,18224
11333,18244
11333,18264
11333,18284
11333,18304
11333,18324
11333,18344
11333,18364
11333,18384
11333,18404
11333,18424
11333,18444
11333,18464
11333,18484
11333,18504
11333,18524
11343,17564
11343,17584
11343,17604
11343,17624
11343,17644
11343,17664
11343,17684
11343,17704
11343,17724
11343,17744
11343,17764
11343,17784
11343,17804
11343,17824
11343,17844
11343,17864
11343,17884
11343,17904
11343,17924
11343,17944
11343,17964
11343,17984
11343,18004
11343,18024
11343,18044
11343,18064
11343,18084
11343,18104
11343,18124
11343,18144
11343,18164
11343,18184
11343,18204
11343,18224
11343,18244
11343,18264
11343,18284
11343,18304
11343,18324
11343,18344
11343,18364
11343,18384
11343,18404
11343,18424
11343,18444
11343,18464
11343,18484
11343,18504
11343,18524
11353,17564
11353,17584
11353,17604
11353,17624
11353,17644
11353,17664
11353,17684
11353,17704
11353,17724
11353,17744
11353,17764
11353,17784
11353,17804
11353,17824
11353,17844
11353,17864
11353,17884
11353,17904
11353,17924
11353,17944
11353,17964
11353,17984
11353,18004
11353,18024
11353,18044
11353,18064
11353,18084
11353,18104
11353,18124
11353,18144
11353,18164
11353,18184
11353,18204
11353,18224
11353,18244
11353,18264
11353,18284
11353,18304
11353,18324
11353,18344
11353,18364
11353,18384
11353,18404
11353,18424
11353,18444
11353,18464
11353,18484
11353,18504
11353,18524
11363,17564
11363,17584
11363,17604
11363,17624
11363,17644
11363,17664
11363,17684
11363,17704
11363,17724
11363,17744
11363,17764
11363,17784
11363,17804
11363,17824
11363,17844
11363,17864
11363,17884
11363,17904
11363,17924
11363,17944
11363,17964
11363,17984
11363,18004
11363,18024
11363,18044
11363,18064
11363,18084
11363,18104
11363,18124
11363,18144
11363,18164
11363,18184
11363,18204
11363,18224
11363,18244
11363,18264
11363,18284
11363,18304
11363,18324
11363,18344
11363,18364
11363,18384
11363,18404
11363,18424
11363,18444
11363,18464
11363,18484
11363,18504
11363,18524
11373,17564
11373,17584
11373,17604
11373,17624
11373,17644
11373,17664
11373,17684
11373,17704
11373,17724
11373,17744
11373,17764
11373,17784
11373,17804
11373,17824
11373,17844
11373,17864
11373,17884
11373,17904
11373,17924
11373,17944
11373,17964
11373,17984
11373,18004
11373,18024
11373,18044
11373,18064
11373,18084
11373,18104
11373,18124
11373,18144
11373,18164
11373,18184
11373,18204
11373,18224
11373,18244
11373,18264
11373,18284
11373,18304
11373,18324
11373,18344
11373,18364
11373,18384
11373,18404
11373,18424
11373,18444
11373,18464
11373,18484
11373,18504
11373,18524
11383,17564
11383,17584
11383,17604
11383,17624
11383,17644
11383,17664
11383,17684
11383,17704
11383,17724
11383,17744
11383,17764
11383,17784
11383,17804
11383,17824
11383,17844
11383,17864
11383,17884
11383,17904
11383,17924
11383,17944
11383,17964
11383,17984
11383,18004
11383,18024
11383,18044
11383,18064
11383,18084
11383,18104
11383,18124
11383,18144
11383,18164
11383,18184
11383,18204
11383,18224
11383,18244
11383,18264
11383,18284
11383,18304
11383,18324
11383,18344
11383,18364
11383,18384
11383,18404
11383,18424
11383,18444
11383,18464
11383,18484
11383,18504
11383,18524
11393,17564
11393,17584
11393,17604
11393,17624
11393,17644
11393,17664
11393,17684
11393,17704
11393,17724
11393,17744
11393,17764
11393,17784
11393,17804
11393,17824
11393,17844
11393,17864
11393,17884
11393,17904
11393,17924
11393,17944
11393,17964
11393,17984
11393,18004
11393,18024
11393,18044
11393,18064
11393,18084
11393,18104
11393,18124
11393,18144
11393,18164
11393,18184
11393,18204
11393,18224
11393,18244
11393,18264
11393,18284
11393,18304
11393,18324
11393,18344
11393,18364
11393,18384
11393,18404
11393,18424
11393,18444
11393,18464
11393,18484
11393,18504
11393,18524
11403,17564
11403,17584
11403,17604
11403,17624
11403,17644
11403,17664
11403,17684
11403,17704
11403,17724
11403,17744
11403,17764
11403,17784
11403,17804
11403,17824
11403,17844
11403,17864
11403,17884
11403,17904
11403,17924
11403,17944
11403,17964
11403,17984
11403,18004
11403,18024
11403,18044
11403,18064
11403,18084
11403,18104
11403,18124
11403,18144
11403,18164
11403,18184
11403,18204
11403,18224
11403,18244
11403,18264
11403,18284
11403,18304
11403,18324
11403,18344
11403,18364
11403,18384
11403,18404
11403,18424
11403,18444
11403,18464
11403,18484
11403,18504
11403,18524
11413,17564
11413,17584
11413,17604
11413,17624
11413,17644
11413,17664
11413,17684
11413,17704
11413,17724
11413,17744
11413,17764
11413,17784
11413,17804
11413,17824
11413,17844
11413,17864
11413,17884
11413,17904
11413,17924
11413,17944
11413,17964
11413,17984
11413,18004
11413,18024
11413,18044
11413,18064
11413,18084
11413,18104
11413,18124
11413,18144
11413,18164
11413,18184
11413,18204
11413,18224
11413,18244
11413,18264
11413,18284
11413,18304
11413,18324
11413,18344
11413,18364
11413,18384
11413,18404
11413,18424
11413,18444
11413,18464
11413,18484
11413,18504
11413,18524
11423,17564
11423,17584
11423,17604
11423,17624
11423,17644
11423,17664
11423,17684
11423,17704
11423,17724
11423,17744
11423,17764
11423,17784
11423,17804
11423,17824
11423,17844
11423,17864
11423,17884
11423,17904
11423,17924
11423,17944
11423,17964
11423,17984
11423,18004
11423,18024
11423,18044
11423,18064
11423,18084
11423,18104
11423,18124
11423,18144
11423,18164
11423,18184
11423,18204
11423,18224
11423,18244
11423,18264
11423,18284
11423,18304
11423,18324
11423,18344
11423,18364
11423,18384
11423,18404
11423,18424
11423,18444
11423,18464
11423,18484
11423,18504
11423,18524
11433,17564
11433,17584
11433,17604
11433,17624
11433,17644
11433,17664
11433,17684
11433,17704
11433,17724
11433,17744
11433,17764
11433,17784
11433,17804
11433,17824
11433,17844
11433,17864
11433,17884
11433,17904
11433,17924
11433,17944
11433,17964
11433,17984
11433,18004
11433,18024
11433,18044
11433,18064
11433,18084
11433,18104
11433,18124
11433,18144
11433,18164
11433,18184
11433,18204
11433,18224
11433,18244
11433,18264
11433,18284
11433,18304
11433,18324
11433,18344
11433,18364
11433,18384
11433,18404
11433,18424
11433,18444
11433,18464
11433,18484
11433,18504
11433,18524
11443,17564
11443,17584
11443,17604
11443,17624
11443,17644
11443,17664
11443,17684
11443,17704
11443,17724
11443,17744
11443,17764
11443,17784
11443,17804
11443,17824
11443,17844
11443,17864
11443,17884
11443,17904
11443,17924
11443,17944
11443,17964
11443,17984
11443,18004
11443,18024
11443,18044
11443,18064
11443,18084
11443,18104
11443,18124
11443,18144
11443,18164
11443,18184
11443,18204
11443,18224
11443,18244
11443,18264
11443,18284
11443,18304
11443,18324
11443,18344
11443,18364
11443,18384
11443,18404
11443,18424
11443,18444
11443,18464
11443,18484
11443,18504
11443,18524
11453,17564
11453,17584
11453,17604
11453,17624
11453,17644
11453,17664
11453,17684
11453,17704
11453,17724
11453,17744
11453,17764
11453,17784
11453,17804
11453,17824
11453,17844
11453,17864
11453,17884
11453,17904
11453,17924
11453,17944
11453,17964
11453,17984
11453,18004
11453,18024
11453,18044
11453,18064
11453,18084
11453,18104
11453,18124
11453,18144
11453,18164
11453,18184
11453,18204
11453,18224
11453,18244
11453,18264
11453,18284
11453,18304
11453,18324
11453,18344
11453,18364
11453,18384
11453,18404
11453,18424
11453,18444
11453,18464
11453,18484
11453,18504
11453,18524
11463,17564
11463,17584
11463,17604
11463,17624
11463,17644
11463,17664
11463,17684
11463,17704
11463,17724
11463,17744
11463,17764
11463,17784
11463,17804
11463,17824
11463,17844
11463,17864
11463,17884
11463,17904
11463,17924
11463,17944
11463,17964
11463,17984
11463,18004
11463,18024
11463,18044
11463,18064
11463,18084
11463,18104
11463,18124
11463,18144
11463,18164
11463,18184
11463,18204
11463,18224
11463,18244
11463,18264
11463,18284
11463,18304
11463,18324
11463,18344
11463,18364
11463,18384
11463,18404
11463,18424
11463,18444
11463,18464
11463,18484
11463,18504
11463,18524
11473,17564
11473,17584
11473,17604
11473,17624
11473,17644
11473,17664
11473,17684
11473,17704
11473,17724
11473,17744
11473,17764
11473,17784
11473,17804
11473,17824
11473,17844
11473,17864
11473,17884
11473,17904
11473,17924
11473,17944
11473,17964
11473,17984
11473,18004
11473,18024
11473,18044
11473,18064
11473,18084
11473,18104
11473,18124
11473,18144
11473,18164
11473,18184
11473,18204
11473,18224
11473,18244
11473,18264
11473,18284
11473,18304
11473,18324
11473,18344
11473,18364
11473,18384
11473,18404
11473,18424
11473,18444
11473,18464
11473,18484
11473,18504
11473,18524
11483,17564
11483,17584
11483,17604
11483,17624
11483,17644
11483,17664
11483,17684
11483,17704
11483,17724
11483,17744
11483,17764
11483,17784
11483,17804
11483,17824
11483,17844
11483,17864
11483,17884
11483,17904
11483,17924
11483,17944
11483,17964
11483,17984
11483,18004
11483,18024
11483,18044
11483,18064
11483,18084
11483,18104
11483,18124
11483,18144
11483,18164
11483,18184
11483,18204
11483,18224
11483,18244
11483,18264
11483,18284
11483,18304
11483,18324
11483,18344
11483,18364
11483,18384
11483,18404
11483,18424
11483,18444
11483,18464
11483,18484
11483,18504
11483,18524
11493,17564
11493,17584
11493,17604
11493,17624
11493,17644
11493,17664
11493,17684
11493,17704
11493,17724
11493,17744
11493,17764
11493,17784
11493,17804
11493,17824
11493,17844
11493,17864
11493,17884
11493,17904
11493,17924
11493,17944
11493,17964
11493,17984
11493,18004
11493,18024
11493,18044
11493,18064
11493,18084
11493,18104
11493,18124
11493,18144
11493,18164
11493,18184
11493,18204
11493,18224
11493,18244
11493,18264
11493,18284
11493,18304
11493,18324
11493,18344
11493,18364
11493,18384
11493,18404
11493,18424
11493,18444
11493,18464
11493,18484
11493,18504
11493,18524
11503,17564
11503,17584
11503,17604
11503,17624
11503,17644
11503,17664
11503,17684
11503,17704
11503,17724
11503,17744
11503,17764
11503,17784
11503,17804
11503,17824
11503,17844
11503,17864
11503,17884
11503,17904
11503,17924
11503,17944
11503,17964
11503,17984
11503,18004
11503,18024
11503,18044
11503,18064
11503,18084
11503,18104
11503,18124
11503,18144
11503,18164
11503,18184
11503,18204
11503,18224
11503,18244
11503,18264
11503,18284
11503,18304
11503,18324
11503,18344
11503,18364
11503,18384
11503,18404
11503,18424
11503,18444
11503,18464
11503,18484
11503,18504
11503,18524
11513,17564
11513,17584
11513,17604
11513,17624
11513,17644
11513,17664
11513,17684
11513,17704
11513,17724
11513,17744
11513,17764
11513,17784
11513,17804
11513,17824
11513,17844
11513,17864
11513,17884
11513,17904
11513,17924
11513,17944
11513,17964
11513,17984
11513,18004
11513,18024
11513,18044
11513,18064
11513,18084
11513,18104
11513,18124
11513,18144
11513,18164
11513,18184
11513,18204
11513,18224
11513,18244
11513,18264
11513,18284
11513,18304
11513,18324
11513,18344
11513,18364
11513,18384
11513,18404
11513,18424
11513,18444
11513,18464
11513,18484
11513,18504
11513,18524
11523,17564
11523,17584
11523,17604
11523,17624
11523,17644
11523,17664
11523,17684
11523,17704
11523,17724
11523,17744
11523,17764
11523,17784
11523,17804
11523,17824
11523,17844
11523,17864
11523,17884
11523,17904
11523,17924
11523,17944
11523,17964
11523,17984
11523,18004
11523,18024
11523,18044
11523,18064
11523,18084
11523,18104
11523,18124
11523,18144
11523,18164
11523,18184
11523,18204
11523,18224
11523,18244
11523,18264
11523,18284
11523,18304
11523,18324
11523,18344
11523,18364
11523,18384
11523,18404
11523,18424
11523,18444
11523,18464
11523,18484
11523,18504
11523,18524
11533,17564
11533,17584
11533,17604
11533,17624
11533,17644
11533,17664
11533,17684
11533,17704
11533,17724
11533,17744
11533,17764
11533,17784
11533,17804
11533,17824
11533,17844
11533,17864
11533,17884
11533,17904
11533,17924
11533,17944
11533,17964
11533,17984
11533,18004
11533,18024
11533,18044
11533,18064
11533,18084
11533,18104
11533,18124
11533,18144
11533,18164
11533,18184
11533,18204
11533,18224
11533,18244
11533,18264
11533,18284
11533,18304
11533,18324
11533,18344
11533,18364
11533,18384
11533,18404
11533,18424
11533,18444
11533,18464
11533,18484
11533,18504
11533,18524
11543,17564
11543,17584
11543,17604
11543,17624
11543,17644
11543,17664
11543,17684
11543,17704
11543,17724
11543,17744
11543,17764
11543,17784
11543,17804
11543,17824
11543,17844
11543,17864
11543,17884
11543,17904
11543,17924
11543,17944
11543,17964
11543,17984
11543,18004
11543,18024
11543,18044
11543,18064
11543,18084
11543,18104
11543,18124
11543,18144
11543,18164
11543,18184
11543,18204
11543,18224
11543,18244
11543,18264
11543,18284
11543,18304
11543,18324
11543,18344
11543,18364
11543,18384
11543,18404
11543,18424
11543,18444
11543,18464
11543,18484
11543,18504
11543,18524
11553,17564
11553,17584
11553,17604
11553,17624
11553,17644
11553,17664
11553,17684
11553,17704
11553,17724
11553,17744
11553,17764
11553,17784
11553,17804
11553,17824
11553,17844
11553,17864
11553,17884
11553,17904
11553,17924
11553,17944
11553,17964
11553,17984
11553,18004
11553,18024
11553,18044
11553,18064
11553,18084
11553,18104
11553,18124
11553,18144
11553,18164
11553,18184
11553,18204
11553,18224
11553,18244
11553,18264
11553,18284
11553,18304
11553,18324
11553,18344
11553,18364
11553,18384
11553,18404
11553,18424
11553,18444
11553,18464
11553,18484
11553,18504
11553,18524
11563,17564
11563,17584
11563,17604
11563,17624
11563,17644
11563,17664
11563,17684
11563,17704
11563,17724
11563,17744
11563,17764
11563,17784
11563,17804
11563,17824
11563,17844
11563,17864
11563,17884
11563,17904
11563,17924
11563,17944
11563,17964
11563,17984
11563,18004
11563,18024
11563,18044
11563,18064
11563,18084
11563,18104
11563,18124
11563,18144
11563,18164
11563,18184
11563,18204
11563,18224
11563,18244
11563,18264
11563,18284
11563,18304
11563,18324
11563,18344
11563,18364
11563,18384
11563,18404
11563,18424
11563,18444
11563,18464
11563,18484
11563,18504
11563,18524
11573,17564
11573,17584
11573,17604
11573,17624
11573,17644
11573,17664
11573,17684
11573,17704
11573,17724
11573,17744
11573,17764
11573,17784
11573,17804
11573,17824
11573,17844
11573,17864
11573,17884
11573,17904
11573,17924
11573,17944
11573,17964
11573,17984
11573,18004
11573,18024
11573,18044
11573,18064
11573,18084
11573,18104
11573,18124
11573,18144
11573,18164
11573,18184
11573,18204
11573,18224
11573,18244
11573,18264
11573,18284
11573,18304
11573,18324
11573,18344
11573,18364
11573,18384
11573,18404
11573,18424
11573,18444
11573,18464
11573,18484
11573,18504
11573,18524
11583,17564
11583,17584
11583,17604
11583,17624
11583,17644
11583,17664
11583,17684
11583,17704
11583,17724
11583,17744
11583,17764
11583,17784
11583,17804
11583,17824
11583,17844
11583,17864
11583,17884
11583,17904
11583,17924
11583,17944
11583,17964
11583,17984
11583,18004
11583,18024
11583,18044
11583,18064
11583,18084
11583,18104
11583,18124
11583,18144
11583,18164
11583,18184
11583,18204
11583,18224
11583,18244
11583,18264
11583,18284
11583,18304
11583,18324
11583,18344
11583,18364
11583,18384
11583,18404
11583,18424
11583,18444
11583,18464
11583,18484
11583,18504
11583,18524
11593,17564
11593,17584
11593,17604
11593,17624
11593,17644
11593,17664
11593,17684
11593,17704
11593,17724
11593,17744
11593,17764
11593,17784
11593,17804
11593,17824
11593,17844
11593,17864
11593,17884
11593,17904
11593,17924
11593,17944
11593,17964
11593,17984
11593,18004
11593,18024
11593,18044
11593,18064
11593,18084
11593,18104
11593,18124
11593,18144
11593,18164
11593,18184
11593,18204
11593,18224
11593,18244
11593,18264
11593,18284
11593,18304
11593,18324
11593,18344
11593,18364
11593,18384
11593,18404
11593,18424
11593,18444
11593,18464
11593,18484
11593,18504
11593,18524
11603,17564
11603,17584
11603,17604
11603,17624
11603,17644
11603,17664
11603,17684
11603,17704
11603,17724
11603,17744
11603,17764
11603,17784
11603,17804
11603,17824
11603,17844
11603,17864
11603,17884
11603,17904
11603,17924
11603,17944
11603,17964
11603,17984
11603,18004
11603,18024
11603,18044
11603,18064
11603,18084
11603,18104
11603,18124
11603,18144
11603,18164
11603,18184
11603,18204
11603,18224
11603,18244
11603,18264
11603,18284
11603,18304
11603,18324
11603,18344
11603,18364
11603,18384
11603,18404
11603,18424
11603,18444
11603,18464
11603,18484
11603,18504
11603,18524
11613,17564
11613,17584
11613,17604
11613,17624
11613,17644
11613,17664
11613,17684
11613,17704
11613,17724
11613,17744
11613,17764
11613,17784
11613,17804
11613,17824
11613,17844
11613,17864
11613,17884
11613,17904
11613,17924
11613,17944
11613,17964
11613,17984
11613,18004
11613,18024
11613,18044
11613,18064
11613,18084
11613,18104
11613,18124
11613,18144
11613,18164
11613,18184
11613,18204
11613,18224
11613,18244
11613,18264
11613,18284
11613,18304
11613,18324
11613,18344
11613,18364
11613,18384
11613,18404
11613,18424
11613,18444
11613,18464
11613,18484
11613,18504
11613,18524
11623,17564
11623,17584
11623,17604
11623,17624
11623,17644
11623,17664
11623,17684
11623,17704
11623,17724
11623,17744
11623,17764
11623,17784
11623,17804
11623,17824
11623,17844
11623,17864
11623,17884
11623,17904
11623,17924
11623,17944
11623,17964
11623,17984
11623,18004
11623,18024
11623,18044
11623,18064
11623,18084
11623,18104
11623,18124
11623,18144
11623,18164
11623,18184
11623,18204
11623,18224
11623,18244
11623,18264
11623,18284
11623,18304
11623,18324
11623,18344
11623,18364
11623,18384
11623,18404
11623,18424
11623,18444
11623,18464
11623,18484
11623,18504
11623,18524
11633,17564
11633,17584
11633,17604
11633,17624
11633,17644
11633,17664
11633,17684
11633,17704
11633,17724
11633,17744
11633,17764
11633,17784
11633,17804
11633,17824
11633,17844
11633,17864
11633,17884
11633,17904
11633,17924
11633,17944
11633,17964
11633,17984
11633,18004
11633,18024
11633,18044
11633,18064
11633,18084
11633,18104
11633,18124
11633,18144
11633,18164
11633,18184
11633,18204
11633,18224
11633,18244
11633,18264
11633,18284
11633,18304
11633,18324
11633,18344
11633,18364
11633,18384
11633,18404
11633,18424
11633,18444
11633,18464
11633,18484
11633,18504
11633,18524
11643,17564
11643,17584
11643,17604
11643,17624
11643,17644
11643,17664
11643,17684
11643,17704
11643,17724
11643,17744
11643,17764
11643,17784
11643,17804
11643,17824
11643,17844
11643,17864
11643,17884
11643,17904
11643,17924
11643,17944
11643,17964
11643,17984
11643,18004
11643,18024
11643,18044
11643,18064
11643,18084
11643,18104
11643,18124
11643,18144
11643,18164
11643,18184
11643,18204
11643,18224
11643,18244
11643,18264
11643,18284
11643,18304
11643,18324
11643,18344
11643,18364
11643,18384
11643,18404
11643,18424
11643,18444
11643,18464
11643,18484
11643,18504
11643,18524
11653,17564
11653,17584
11653,17604
11653,17624
11653,17644
11653,17664
11653,17684
11653,17704
11653,17724
11653,17744
11653,17764
11653,17784
11653,17804
11653,17824
11653,17844
11653,17864
11653,17884
11653,17904
11653,17924
11653,17944
11653,17964
11653,17984
11653,18004
11653,18024
11653,18044
11653,18064
11653,18084
11653,18104
11653,18124
11653,18144
11653,18164
11653,18184
11653,18204
11653,18224
11653,18244
11653,18264
11653,18284
11653,18304
11653,18324
11653,18344
11653,18364
11653,18384
11653,18404
11653,18424
11653,18444
11653,18464
11653,18484
11653,18504
11653,18524
11663,17564
11663,17584
11663,17604
11663,17624
11663,17644
11663,17664
11663,17684
11663,17704
11663,17724
11663,17744
11663,17764
11663,17784
11663,17804
11663,17824
11663,17844
11663,17864
11663,17884
11663,17904
11663,17924
11663,17944
11663,17964
11663,17984
11663,18004
11663,18024
11663,18044
11663,18064
11663,18084
11663,18104
11663,18124
11663,18144
11663,18164
11663,18184
11663,18204
11663,18224
11663,18244
11663,18264
11663,18284
11663,18304
11663,18324
11663,18344
11663,18364
11663,18384
11663,18404
11663,18424
11663,18444
11663,18464
11663,18484
11663,18504
11663,18524
11673,17564
11673,17584
11673,17604
11673,17624
11673,17644
11673,17664
11673,17684
11673,17704
11673,17724
11673,17744
11673,17764
11673,17784
11673,17804
11673,17824
11673,17844
11673,17864
11673,17884
11673,17904
11673,17924
11673,17944
11673,17964
11673,17984
11673,18004
11673,18024
11673,18044
11673,18064
11673,18084
11673,18104
11673,18124
11673,18144
11673,18164
11673,18184
11673,18204
11673,18224
11673,18244
11673,18264
11673,18284
11673,18304
11673,18324
11673,18344
11673,18364
11673,18384
11673,18404
11673,18424
11673,18444
11673,18464
11673,18484
11673,18504
11673,18524
11683,17564
11683,17584
11683,17604
11683,17624
11683,17644
11683,17664
11683,17684
11683,17704
11683,17724
11683,17744
11683,17764
11683,17784
11683,17804
11683,17824
11683,17844
11683,17864
11683,17884
11683,17904
11683,17924
11683,17944
11683,17964
11683,17984
11683,18004
11683,18024
11683,18044
11683,18064
11683,18084
11683,18104
11683,18124
11683,18144
11683,18164
11683,18184
11683,18204
11683,18224
11683,18244
11683,18264
11683,18284
11683,18304
11683,18324
11683,18344
11683,18364
11683,18384
11683,18404
11683,18424
11683,18444
11683,18464
11683,18484
11683,18504
11683,18524
11693,17564
11693,17584
11693,17604
11693,17624
11693,17644
11693,17664
11693,17684
11693,17704
11693,17724
11693,17744
11693,17764
11693,17784
11693,17804
11693,17824
11693,17844
11693,17864
11693,17884
11693,17904
11693,17924
11693,17944
11693,17964
11693,17984
11693,18004
11693,18024
11693,18044
11693,18064
11693,18084
11693,18104
11693,18124
11693,18144
11693,18164
11693,18184
11693,18204
11693,18224
11693,18244
11693,18264
11693,18284
11693,18304
11693,18324
11693,18344
11693,18364
11693,18384
11693,18404
11693,18424
11693,18444
11693,18464
11693,18484
11693,18504
11693,18524
11703,17564
11703,17584
11703,17604
11703,17624
11703,17644
11703,17664
11703,17684
11703,17704
11703,17724
11703,17744
11703,17764
11703,17784
11703,17804
11703,17824
11703,17844
11703,17864
11703,17884
11703,17904
11703,17924
11703,17944
11703,17964
11703,17984
11703,18004
11703,18024
11703,18044
11703,18064
11703,18084
11703,18104
11703,18124
11703,18144
11703,18164
11703,18184
11703,18204
11703,18224
11703,18244
11703,18264
11703,18284
11703,18304
11703,18324
11703,18344
11703,18364
11703,18384
11703,18404
11703,18424
11703,18444
11703,18464
11703,18484
11703,18504
11703,18524
11713,17564
11713,17584
11713,17604
11713,17624
11713,17644
11713,17664
11713,17684
11713,17704
11713,17724
11713,17744
11713,17764
11713,17784
11713,17804
11713,17824
11713,17844
11713,17864
11713,17884
11713,17904
11713,17924
11713,17944
11713,17964
11713,17984
11713,18004
11713,18024
11713,18044
11713,18064
11713,18084
11713,18104
11713,18124
11713,18144
11713,18164
11713,18184
11713,18204
11713,18224
11713,18244
11713,18264
11713,18284
11713,18304
11713,18324
11713,18344
11713,18364
11713,18384
11713,18404
11713,18424
11713,18444
11713,18464
11713,18484
11713,18504
11713,18524
11723,17564
11723,17584
11723,17604
11723,17624
11723,17644
11723,17664
11723,17684
11723,17704
11723,17724
11723,17744
11723,17764
11723,17784
11723,17804
11723,17824
11723,17844
11723,17864
11723,17884
11723,17904
11723,17924
11723,17944
11723,17964
11723,17984
11723,18004
11723,18024
11723,18044
11723,18064
11723,18084
11723,18104
11723,18124
11723,18144
11723,18164
11723,18184
11723,18204
11723,18224
11723,18244
11723,18264
11723,18284
11723,18304
11723,18324
11723,18344
11723,18364
11723,18384
11723,18404
11723,18424
11723,18444
11723,18464
11723,18484
11723,18504
11723,18524
11733,17564
11733,17584
11733,17604
11733,17624
11733,17644
11733,17664
11733,17684
11733,17704
11733,17724
11733,17744
11733,17764
11733,17784
11733,17804
11733,17824
11733,17844
11733,17864
11733,17884
11733,17904
11733,17924
11733,17944
11733,17964
11733,17984
11733,18004
11733,18024
11733,18044
11733,18064
11733,18084
11733,18104
11733,18124
11733,18144
11733,18164
11733,18184
11733,18204
11733,18224
11733,18244
11733,18264
11733,18284
11733,18304
11733,18324
11733,18344
11733,18364
11733,18384
11733,18404
11733,18424
11733,18444
11733,18464
11733,18484
11733,18504
11733,18524
11743,17564
11743,17584
11743,17604
11743,17624
11743,17644
11743,17664
11743,17684
11743,17704
11743,17724
11743,17744
11743,17764
11743,17784
11743,17804
11743,17824
11743,17844
11743,17864
11743,17884
11743,17904
11743,17924
11743,17944
11743,17964
11743,17984
11743,18004
11743,18024
11743,18044
11743,18064
11743,18084
11743,18104
11743,18124
11743,18144
11743,18164
11743,18184
11743,18204
11743,18224
11743,18244
11743,18264
11743,18284
11743,18304
11743,18324
11743,18344
11743,18364
11743,18384
11743,18404
11743,18424
11743,18444
11743,18464
11743,18484
11743,18504
11743,18524
11753,17564
11753,17584
11753,17604
11753,17624
11753,17644
11753,17664
11753,17684
11753,17704
11753,17724
11753,17744
11753,17764
11753,17784
11753,17804
11753,17824
11753,17844
11753,17864
11753,17884
11753,17904
11753,17924
11753,17944
11753,17964
11753,17984
11753,18004
11753,18024
11753,18044
11753,18064
11753,18084
11753,18104
11753,18124
11753,18144
11753,18164
11753,18184
11753,18204
11753,18224
11753,18244
11753,18264
11753,18284
11753,18304
11753,18324
11753,18344
11753,18364
11753,18384
11753,18404
11753,18424
11753,18444
11753,18464
11753,18484
11753,18504
11753,18524
11763,17564
11763,17584
11763,17604
11763,17624
11763,17644
11763,17664
11763,17684
11763,17704
11763,17724
11763,17744
11763,17764
11763,17784
11763,17804
11763,17824
11763,17844
11763,17864
11763,17884
11763,17904
11763,17924
11763,17944
11763,17964
11763,17984
11763,18004
11763,18024
11763,18044
11763,18064
11763,18084
11763,18104
11763,18124
11763,18144
11763,18164
11763,18184
11763,18204
11763,18224
11763,18244
11763,18264
11763,18284
11763,18304
11763,18324
11763,18344
11763,18364
11763,18384
11763,18404
11763,18424
11763,18444
11763,18464
11763,18484
11763,18504
11763,18524
11773,17564
11773,17584
11773,17604
11773,17624
11773,17644
11773,17664
11773,17684
11773,17704
11773,17724
11773,17744
11773,17764
11773,17784
11773,17804
11773,17824
11773,17844
11773,17864
11773,17884
11773,17904
11773,17924
11773,17944
11773,17964
11773,17984
11773,18004
11773,18024
11773,18044
11773,18064
11773,18084
11773,18104
11773,18124
11773,18144
11773,18164
11773,18184
11773,18204
11773,18224
11773,18244
11773,18264
11773,18284
11773,18304
11773,18324
11773,18344
11773,18364
11773,18384
11773,18404
11773,18424
11773,18444
11773,18464
11773,18484
11773,18504
11773,18524
11783,17564
11783,17584
11783,17604
11783,17624
11783,17644
11783,17664
11783,17684
11783,17704
11783,17724
11783,17744
11783,17764
11783,17784
11783,17804
11783,17824
11783,17844
11783,17864
11783,17884
11783,17904
11783,17924
11783,17944
11783,17964
11783,17984
11783,18004
11783,18024
11783,18044
11783,18064
11783,18084
11783,18104
11783,18124
11783,18144
11783,18164
11783,18184
11783,18204
11783,18224
11783,18244
11783,18264
11783,18284
11783,18304
11783,18324
11783,18344
11783,18364
11783,18384
11783,18404
11783,18424
11783,18444
11783,18464
11783,18484
11783,18504
11783,18524
11793,17564
11793,17584
11793,17604
11793,17624
11793,17644
11793,17664
11793,17684
11793,17704
11793,17724
11793,17744
11793,17764
11793,17784
11793,17804
11793,17824
11793,17844
11793,17864
11793,17884
11793,17904
11793,17924
11793,17944
11793,17964
11793,17984
11793,18004
11793,18024
11793,18044
11793,18064
11793,18084
11793,18104
11793,18124
11793,18144
11793,18164
11793,18184
11793,18204
11793,18224
11793,18244
11793,18264
11793,18284
11793,18304
11793,18324
11793,18344
11793,18364
11793,18384
11793,18404
11793,18424
11793,18444
11793,18464
11793,18484
11793,18504
11793,18524
11803,17564
11803,17584
11803,17604
11803,17624
11803,17644
11803,17664
11803,17684
11803,17704
11803,17724
11803,17744
11803,17764
11803,17784
11803,17804
11803,17824
11803,17844
11803,17864
11803,17884
11803,17904
11803,17924
11803,17944
11803,17964
11803,17984
11803,18004
11803,18024
11803,18044
11803,18064
11803,18084
11803,18104
11803,18124
11803,18144
11803,18164
11803,18184
11803,18204
11803,18224
11803,18244
11803,18264
11803,18284
11803,18304
11803,18324
11803,18344
11803,18364
11803,18384
11803,18404
11803,18424
11803,18444
11803,18464
11803,18484
11803,18504
11803,18524
11813,17564
11813,17584
11813,17604
11813,17624
11813,17644
11813,17664
11813,17684
11813,17704
11813,17724
11813,17744
11813,17764
11813,17784
11813,17804
11813,17824
11813,17844
11813,17864
11813,17884
11813,17904
11813,17924
11813,17944
11813,17964
11813,17984
11813,18004
11813,18024
11813,18044
11813,18064
11813,18084
11813,18104
11813,18124
11813,18144
11813,18164
11813,18184
11813,18204
11813,18224
11813,18244
11813,18264
11813,18284
11813,18304
11813,18324
11813,18344
11813,18364
11813,18384
11813,18404
11813,18424
11813,18444
11813,18464
11813,18484
11813,18504
11813,18524
11823,17564
11823,17584
11823,17604
11823,17624
11823,17644
11823,17664
11823,17684
11823,17704
11823,17724
11823,17744
11823,17764
11823,17784
11823,17804
11823,17824
11823,17844
11823,17864
11823,17884
11823,17904
11823,17924
11823,17944
11823,17964
11823,17984
11823,18004
11823,18024
11823,18044
11823,18064
11823,18084
11823,18104
11823,18124
11823,18144
11823,18164
11823,18184
11823,18204
11823,18224
11823,18244
11823,18264
11823,18284
11823,18304
11823,18324
11823,18344
11823,18364
11823,18384
11823,18404
11823,18424
11823,18444
11823,18464
11823,18484
11823,18504
11823,18524
11833,17564
11833,17584
11833,17604
11833,17624
11833,17644
11833,17664
11833,17684
11833,17704
11833,17724
11833,17744
11833,17764
11833,17784
11833,17804
11833,17824
11833,17844
11833,17864
11833,17884
11833,17904
11833,17924
11833,17944
11833,17964
11833,17984
11833,18004
11833,18024
11833,18044
11833,18064
11833,18084
11833,18104
11833,18124
11833,18144
11833,18164
11833,18184
11833,18204
11833,18224
11833,18244
11833,18264
11833,18284
11833,18304
11833,18324
11833,18344
11833,18364
11833,18384
11833,18404
11833,18424
11833,18444
11833,18464
11833,18484
11833,18504
11833,18524
11843,17564
11843,17584
11843,17604
11843,17624
11843,17644
11843,17664
11843,17684
11843,17704
11843,17724
11843,17744
11843,17764
11843,17784
11843,17804
11843,17824
11843,17844
11843,17864
11843,17884
11843,17904
11843,17924
11843,17944
11843,17964
11843,17984
11843,18004
11843,18024
11843,18044
11843,18064
11843,18084
11843,18104
11843,18124
11843,18144
11843,18164
11843,18184
11843,18204
11843,18224
11843,18244
11843,18264
11843,18284
11843,18304
11843,18324
11843,18344
11843,18364
11843,18384
11843,18404
11843,18424
11843,18444
11843,18464
11843,18484
11843,18504
11843,18524
11853,17564
11853,17584
11853,17604
11853,17624
11853,17644
11853,17664
11853,17684
11853,17704
11853,17724
11853,17744
11853,17764
11853,17784
11853,17804
11853,17824
11853,17844
11853,17864
11853,17884
11853,17904
11853,17924
11853,17944
11853,17964
11853,17984
11853,18004
11853,18024
11853,18044
11853,18064
11853,18084
11853,18104
11853,18124
11853,18144
11853,18164
11853,18184
11853,18204
11853,18224
11853,18244
11853,18264
11853,18284
11853,18304
11853,18324
11853,18344
11853,18364
11853,18384
11853,18404
11853,18424
11853,18444
11853,18464
11853,18484
11853,18504
11853,18524
11863,17564
11863,17584
11863,17604
11863,17624
11863,17644
11863,17664
11863,17684
11863,17704
11863,17724
11863,17744
11863,17764
11863,17784
11863,17804
11863,17824
11863,17844
11863,17864
11863,17884
11863,17904
11863,17924
11863,17944
11863,17964
11863,17984
11863,18004
11863,18024
11863,18044
11863,18064
11863,18084
11863,18104
11863,18124
11863,18144
11863,18164
11863,18184
11863,18204
11863,18224
11863,18244
11863,18264
11863,18284
11863,18304
11863,18324
11863,18344
11863,18364
11863,18384
11863,18404
11863,18424
11863,18444
11863,18464
11863,18484
11863,18504
11863,18524
11873,17564
11873,17584
11873,17604
11873,17624
11873,17644
11873,17664
11873,17684
11873,17704
11873,17724
11873,17744
11873,17764
11873,17784
11873,17804
11873,17824
11873,17844
11873,17864
11873,17884
11873,17904
11873,17924
11873,17944
11873,17964
11873,17984
11873,18004
11873,18024
11873,18044
11873,18064
11873,18084
11873,18104
11873,18124
11873,18144
11873,18164
11873,18184
11873,18204
11873,18224
11873,18244
11873,18264
11873,18284
11873,18304
11873,18324
11873,18344
11873,18364
11873,18384
11873,18404
11873,18424
11873,18444
11873,18464
11873,18484
11873,18504
11873,18524
11883,17564
11883,17584
11883,17604
11883,17624
11883,17644
11883,17664
11883,17684
11883,17704
11883,17724
11883,17744
11883,17764
11883,17784
11883,17804
11883,17824
11883,17844
11883,17864
11883,17884
11883,17904
11883,17924
11883,17944
11883,17964
11883,17984
11883,18004
11883,18024
11883,18044
11883,18064
11883,18084
11883,18104
11883,18124
11883,18144
11883,18164
11883,18184
11883,18204
11883,18224
11883,18244
11883,18264
11883,18284
11883,18304
11883,18324
11883,18344
11883,18364
11883,18384
11883,18404
11883,18424
11883,18444
11883,18464
11883,18484
11883,18504
11883,18524
11893,17564
11893,17584
11893,17604
11893,17624
11893,17644
11893,17664
11893,17684
11893,17704
11893,17724
11893,17744
11893,17764
11893,17784
11893,17804
11893,17824
11893,17844
11893,17864
11893,17884
11893,17904
11893,17924
11893,17944
11893,17964
11893,17984
11893,18004
11893,18024
11893,18044
11893,18064
11893,18084
11893,18104
11893,18124
11893,18144
11893,18164
11893,18184
11893,18204
11893,18224
11893,18244
11893,18264
11893,18284
11893,18304
11893,18324
11893,18344
11893,18364
11893,18384
11893,18404
11893,18424
11893,18444
11893,18464
11893,18484
11893,18504
11893,18524
11903,17564
11903,17584
11903,17604
11903,17624
11903,17644
11903,17664
11903,17684
11903,17704
11903,17724
11903,17744
11903,17764
11903,17784
11903,17804
11903,17824
11903,17844
11903,17864
11903,17884
11903,17904
11903,17924
11903,17944
11903,17964
11903,17984
11903,18004
11903,18024
11903,18044
11903,18064
11903,18084
11903,18104
11903,18124
11903,18144
11903,18164
11903,18184
11903,18204
11903,18224
11903,18244
11903,18264
11903,18284
11903,18304
11903,18324
11903,18344
11903,18364
11903,18384
11903,18404
11903,18424
11903,18444
11903,18464
11903,18484
11903,18504
11903,18524
11913,17564
11913,17584
11913,17604
11913,17624
11913,17644
11913,17664
11913,17684
11913,17704
11913,17724
11913,17744
11913,17764
11913,17784
11913,17804
11913,17824
11913,17844
11913,17864
11913,17884
11913,17904
11913,17924
11913,17944
11913,17964
11913,17984
11913,18004
11913,18024
11913,18044
11913,18064
11913,18084
11913,18104
11913,18124
11913,18144
11913,18164
11913,18184
11913,18204
11913,18224
11913,18244
11913,18264
11913,18284
11913,18304
11913,18324
11913,18344
11913,18364
11913,18384
11913,18404
11913,18424
11913,18444
11913,18464
11913,18484
11913,18504
11913,18524
11923,17564
11923,17584
11923,17604
11923,17624
11923,17644
11923,17664
11923,17684
11923,17704
11923,17724
11923,17744
11923,17764
11923,17784
11923,17804
11923,17824
11923,17844
11923,17864
11923,17884
11923,17904
11923,17924
11923,17944
11923,17964
11923,17984
11923,18004
11923,18024
11923,18044
11923,18064
11923,18084
11923,18104
11923,18124
11923,18144
11923,18164
11923,18184
11923,18204
11923,18224
11923,18244
11923,18264
11923,18284
11923,18304
11923,18324
11923,18344
11923,18364
11923,18384
11923,18404
11923,18424
11923,18444
11923,18464
11923,18484
11923,18504
11923,18524
11933,17564
11933,17584
11933,17604
11933,17624
11933,17644
11933,17664
11933,17684
11933,17704
11933,17724
11933,17744
11933,17764
11933,17784
11933,17804
11933,17824
11933,17844
11933,17864
11933,17884
11933,17904
11933,17924
11933,17944
11933,17964
11933,17984
11933,18004
11933,18024
11933,18044
11933,18064
11933,18084
11933,18104
11933,18124
11933,18144
11933,18164
11933,18184
11933,18204
11933,18224
11933,18244
11933,18264
11933,18284
11933,18304
11933,18324
11933,18344
11933,18364
11933,18384
11933,18404
11933,18424
11933,18444
11933,18464
11933,18484
11933,18504
11933,18524
11943,17564
11943,17584
11943,17604
11943,17624
11943,17644
11943,17664
11943,17684
11943,17704
11943,17724
11943,17744
11943,17764
11943,17784
11943,17804
11943,17824
11943,17844
11943,17864
11943,17884
11943,17904
11943,17924
11943,17944
11943,17964
11943,17984
11943,18004
11943,18024
11943,18044
11943,18064
11943,18084
11943,18104
11943,18124
11943,18144
11943,18164
11943,18184
11943,18204
11943,18224
11943,18244
11943,18264
11943,18284
11943,18304
11943,18324
11943,18344
11943,18364
11943,18384
11943,18404
11943,18424
11943,18444
11943,18464
11943,18484
11943,18504
11943,18524
11953,17564
11953,17584
11953,17604
11953,17624
11953,17644
11953,17664
11953,17684
11953,17704
11953,17724
11953,17744
11953,17764
11953,17784
11953,17804
11953,17824
11953,17844
11953,17864
11953,17884
11953,17904
11953,17924
11953,17944
11953,17964
11953,17984
11953,18004
11953,18024
11953,18044
11953,18064
11953,18084
11953,18104
11953,18124
11953,18144
11953,18164
11953,18184
11953,18204
11953,18224
11953,18244
11953,18264
11953,18284
11953,18304
11953,18324
11953,18344
11953,18364
11953,18384
11953,18404
11953,18424
11953,18444
11953,18464
11953,18484
11953,18504
11953,18524
11963,17564
11963,17584
11963,17604
11963,17624
11963,17644
11963,17664
11963,17684
11963,17704
11963,17724
11963,17744
11963,17764
11963,17784
11963,17804
11963,17824
11963,17844
11963,17864
11963,17884
11963,17904
11963,17924
11963,17944
11963,17964
11963,17984
11963,18004
11963,18024
11963,18044
11963,18064
11963,18084
11963,18104
11963,18124
11963,18144
11963,18164
11963,18184
11963,18204
11963,18224
11963,18244
11963,18264
11963,18284
11963,18304
11963,18324
11963,18344
11963,18364
11963,18384
11963,18404
11963,18424
11963,18444
11963,18464
11963,18484
11963,18504
11963,18524
11973,17564
11973,17584
11973,17604
11973,17624
11973,17644
11973,17664
11973,17684
11973,17704
11973,17724
11973,17744
11973,17764
11973,17784
11973,17804
11973,17824
11973,17844
11973,17864
11973,17884
11973,17904
11973,17924
11973,17944
11973,17964
11973,17984
11973,18004
11973,18024
11973,18044
11973,18064
11973,18084
11973,18104
11973,18124
11973,18144
11973,18164
11973,18184
11973,18204
11973,18224
11973,18244
11973,18264
11973,18284
11973,18304
11973,18324
11973,18344
11973,18364
11973,18384
11973,18404
11973,18424
11973,18444
11973,18464
11973,18484
11973,18504
11973,18524
11983,17564
11983,17584
11983,17604
11983,17624
11983,17644
11983,17664
11983,17684
11983,17704
11983,17724
11983,17744
11983,17764
11983,17784
11983,17804
11983,17824
11983,17844
11983,17864
11983,17884
11983,17904
11983,17924
11983,17944
11983,17964
11983,17984
11983,18004
11983,18024
11983,18044
11983,18064
11983,18084
11983,18104
11983,18124
11983,18144
11983,18164
11983,18184
11983,18204
11983,18224
11983,18244
11983,18264
11983,18284
11983,18304
11983,18324
11983,18344
11983,18364
11983,18384
11983,18404
11983,18424
11983,18444
11983,18464
11983,18484
11983,18504
11983,18524
11993,17564
11993,17584
11993,17604
11993,17624
11993,17644
11993,17664
11993,17684
11993,17704
11993,17724
11993,17744
11993,17764
11993,17784
11993,17804
11993,17824
11993,17844
11993,17864
11993,17884
11993,17904
11993,17924
11993,17944
11993,17964
11993,17984
11993,18004
11993,18024
11993,18044
11993,18064
11993,18084
11993,18104
11993,18124
11993,18144
11993,18164
11993,18184
11993,18204
11993,18224
11993,18244
11993,18264
11993,18284
11993,18304
11993,18324
11993,18344
11993,18364
11993,18384
11993,18404
11993,18424
11993,18444
11993,18464
11993,18484
11993,18504
11993,18524
12003,17564
12003,17584
12003,17604
12003,17624
12003,17644
12003,17664
12003,17684
12003,17704
12003,17724
12003,17744
12003,17764
12003,17784
12003,17804
12003,17824
12003,17844
12003,17864
12003,17884
12003,17904
12003,17924
12003,17944
12003,17964
12003,17984
12003,18004
12003,18024
12003,18044
12003,18064
12003,18084
12003,18104
12003,18124
12003,18144
12003,18164
12003,18184
12003,18204
12003,18224
12003,18244
12003,18264
12003,18284
12003,18304
12003,18324
12003,18344
12003,18364
12003,18384
12003,18404
12003,18424
12003,18444
12003,18464
12003,18484
12003,18504
12003,18524
12013,17564
12013,17584
12013,17604
12013,17624
12013,17644
12013,17664
12013,17684
12013,17704
12013,17724
12013,17744
12013,17764
12013,17784
12013,17804
12013,17824
12013,17844
12013,17864
12013,17884
12013,17904
12013,17924
12013,17944
12013,17964
12013,17984
12013,18004
12013,18024
12013,18044
12013,18064
12013,18084
12013,18104
12013,18124
12013,18144
12013,18164
12013,18184
12013,18204
12013,18224
12013,18244
12013,18264
12013,18284
12013,18304
12013,18324
12013,18344
12013,18364
12013,18384
12013,18404
12013,18424
12013,18444
12013,18464
12013,18484
12013,18504
12013,18524
12023,17564
12023,17584
12023,17604
12023,17624
12023,17644
12023,17664
12023,17684
12023,17704
12023,17724
12023,17744
12023,17764
12023,17784
12023,17804
12023,17824
12023,17844
12023,17864
12023,17884
12023,17904
12023,17924
12023,17944
12023,17964
12023,17984
12023,18004
12023,18024
12023,18044
12023,18064
12023,18084
12023,18104
12023,18124
12023,18144
12023,18164
12023,18184
12023,18204
12023,18224
12023,18244
12023,18264
12023,18284
12023,18304
12023,18324
12023,18344
12023,18364
12023,18384
12023,18404
12023,18424
12023,18444
12023,18464
12023,18484
12023,18504
12023,18524
12033,17564
12033,17584
12033,17604
12033,17624
12033,17644
12033,17664
12033,17684
12033,17704
12033,17724
12033,17744
12033,17764
12033,17784
12033,17804
12033,17824
12033,17844
12033,17864
12033,17884
12033,17904
12033,17924
12033,17944
12033,17964
12033,17984
12033,18004
12033,18024
12033,18044
12033,18064
12033,18084
12033,18104
12033,18124
12033,18144
12033,18164
12033,18184
12033,18204
12033,18224
12033,18244
12033,18264
12033,18284
12033,18304
12033,18324
12033,18344
12033,18364
12033,18384
12033,18404
12033,18424
12033,18444
12033,18464
12033,18484
12033,18504
12033,18524
12043,17564
12043,17584
12043,17604
12043,17624
12043,17644
12043,17664
12043,17684
12043,17704
12043,17724
12043,17744
12043,17764
12043,17784
12043,17804
12043,17824
12043,17844
12043,17864
12043,17884
12043,17904
12043,17924
12043,17944
12043,17964
12043,17984
12043,18004
12043,18024
12043,18044
12043,18064
12043,18084
12043,18104
12043,18124
12043,18144
12043,18164
12043,18184
12043,18204
12043,18224
12043,18244
12043,18264
12043,18284
12043,18304
12043,18324
12043,18344
12043,18364
12043,18384
12043,18404
12043,18424
12043,18444
12043,18464
12043,18484
12043,18504
12043,18524
12053,17564
12053,17584
12053,17604
12053,17624
12053,17644
12053,17664
12053,17684
12053,17704
12053,17724
12053,17744
12053,17764
12053,17784
12053,17804
12053,17824
12053,17844
12053,17864
12053,17884
12053,17904
12053,17924
12053,17944
12053,17964
12053,17984
12053,18004
12053,18024
12053,18044
12053,18064
12053,18084
12053,18104
12053,18124
12053,18144
12053,18164
12053,18184
12053,18204
12053,18224
12053,18244
12053,18264
12053,18284
12053,18304
12053,18324
12053,18344
12053,18364
12053,18384
12053,18404
12053,18424
12053,18444
12053,18464
12053,18484
12053,18504
12053,18524
12063,17564
12063,17584
12063,17604
12063,17624
12063,17644
12063,17664
12063,17684
12063,17704
12063,17724
12063,17744
12063,17764
12063,17784
12063,17804
12063,17824
12063,17844
12063,17864
12063,17884
12063,17904
12063,17924
12063,17944
12063,17964
12063,17984
12063,18004
12063,18024
12063,18044
12063,18064
12063,18084
12063,18104
12063,18124
12063,18144
12063,18164
12063,18184
12063,18204
12063,18224
12063,18244
12063,18264
12063,18284
12063,18304
12063,18324
12063,18344
12063,18364
12063,18384
12063,18404
12063,18424
12063,18444
12063,18464
12063,18484
12063,18504
12063,18524
12073,17564
12073,17584
12073,17604
12073,17624
12073,17644
12073,17664
12073,17684
12073,17704
12073,17724
12073,17744
12073,17764
12073,17784
12073,17804
12073,17824
12073,17844
12073,17864
12073,17884
12073,17904
12073,17924
12073,17944
12073,17964
12073,17984
12073,18004
12073,18024
12073,18044
12073,18064
12073,18084
12073,18104
12073,18124
12073,18144
12073,18164
12073,18184
12073,18204
12073,18224
12073,18244
12073,18264
12073,18284
12073,18304
12073,18324
12073,18344
12073,18364
12073,18384
12073,18404
12073,18424
12073,18444
12073,18464
12073,18484
12073,18504
12073,18524
12083,17564
12083,17584
12083,17604
12083,17624
12083,17644
12083,17664
12083,17684
12083,17704
12083,17724
12083,17744
12083,17764
12083,17784
12083,17804
12083,17824
12083,17844
12083,17864
12083,17884
12083,17904
12083,17924
12083,17944
12083,17964
12083,17984
12083,18004
12083,18024
12083,18044
12083,18064
12083,18084
12083,18104
12083,18124
12083,18144
12083,18164
12083,18184
12083,18204
12083,18224
12083,18244
12083,18264
12083,18284
12083,18304
12083,18324
12083,18344
12083,18364
12083,18384
12083,18404
12083,18424
12083,18444
12083,18464
12083,18484
12083,18504
12083,18524
12093,17564
12093,17584
12093,17604
12093,17624
12093,17644
12093,17664
12093,17684
12093,17704
12093,17724
12093,17744
12093,17764
12093,17784
12093,17804
12093,17824
12093,17844
12093,17864
12093,17884
12093,17904
12093,17924
12093,17944
12093,17964
12093,17984
12093,18004
12093,18024
12093,18044
12093,18064
12093,18084
12093,18104
12093,18124
12093,18144
12093,18164
12093,18184
12093,18204
12093,18224
12093,18244
12093,18264
12093,18284
12093,18304
12093,18324
12093,18344
12093,18364
12093,18384
12093,18404
12093,18424
12093,18444
12093,18464
12093,18484
12093,18504
12093,18524
12103,17564
12103,17584
12103,17604
12103,17624
12103,17644
12103,17664
12103,17684
12103,17704
12103,17724
12103,17744
12103,17764
12103,17784
12103,17804
12103,17824
12103,17844
12103,17864
12103,17884
12103,17904
12103,17924
12103,17944
12103,17964
12103,17984
12103,18004
12103,18024
12103,18044
12103,18064
12103,18084
12103,18104
12103,18124
12103,18144
12103,18164
12103,18184
12103,18204
12103,18224
12103,18244
12103,18264
12103,18284
12103,18304
12103,18324
12103,18344
12103,18364
12103,18384
12103,18404
12103,18424
12103,18444
12103,18464
12103,18484
12103,18504
12103,18524
12113,17564
12113,17584
12113,17604
12113,17624
12113,17644
12113,17664
12113,17684
12113,17704
12113,17724
12113,17744
12113,17764
12113,17784
12113,17804
12113,17824
12113,17844
12113,17864
12113,17884
12113,17904
12113,17924
12113,17944
12113,17964
12113,17984
12113,18004
12113,18024
12113,18044
12113,18064
12113,18084
12113,18104
12113,18124
12113,18144
12113,18164
12113,18184
12113,18204
12113,18224
12113,18244
12113,18264
12113,18284
12113,18304
12113,18324
12113,18344
12113,18364
12113,18384
12113,18404
12113,18424
12113,18444
12113,18464
12113,18484
12113,18504
12113,18524
12123,17564
12123,17584
12123,17604
12123,17624
12123,17644
12123,17664
12123,17684
12123,17704
12123,17724
12123,17744
12123,17764
12123,17784
12123,17804
12123,17824
12123,17844
12123,17864
12123,17884
12123,17904
12123,17924
12123,17944
12123,17964
12123,17984
12123,18004
12123,18024
12123,18044
12123,18064
12123,18084
12123,18104
12123,18124
12123,18144
12123,18164
12123,18184
12123,18204
12123,18224
12123,18244
12123,18264
12123,18284
12123,18304
12123,18324
12123,18344
12123,18364
12123,18384
12123,18404
12123,18424
12123,18444
12123,18464
12123,18484
12123,18504
12123,18524
12133,17564
12133,17584
12133,17604
12133,17624
12133,17644
12133,17664
12133,17684
12133,17704
12133,17724
12133,17744
12133,17764
12133,17784
12133,17804
12133,17824
12133,17844
12133,17864
12133,17884
12133,17904
12133,17924
12133,17944
12133,17964
12133,17984
12133,18004
12133,18024
12133,18044
12133,18064
12133,18084
12133,18104
12133,18124
12133,18144
12133,18164
12133,18184
12133,18204
12133,18224
12133,18244
12133,18264
12133,18284
12133,18304
12133,18324
12133,18344
12133,18364
12133,18384
12133,18404
12133,18424
12133,18444
12133,18464
12133,18484
12133,18504
12133,18524
12143,17564
12143,17584
12143,17604
12143,17624
12143,17644
12143,17664
12143,17684
12143,17704
12143,17724
12143,17744
12143,17764
12143,17784
12143,17804
12143,17824
12143,17844
12143,17864
12143,17884
12143,17904
12143,17924
12143,17944
12143,17964
12143,17984
12143,18004
12143,18024
12143,18044
12143,18064
12143,18084
12143,18104
12143,18124
12143,18144
12143,18164
12143,18184
12143,18204
12143,18224
12143,18244
12143,18264
12143,18284
12143,18304
12143,18324
12143,18344
12143,18364
12143,18384
12143,18404
12143,18424
12143,18444
12143,18464
12143,18484
12143,18504
12143,18524
12153,17564
12153,17584
12153,17604
12153,17624
12153,17644
12153,17664
12153,17684
12153,17704
12153,17724
12153,17744
12153,17764
12153,17784
12153,17804
12153,17824
12153,17844
12153,17864
12153,17884
12153,17904
12153,17924
12153,17944
12153,17964
12153,17984
12153,18004
12153,18024
12153,18044
12153,18064
12153,18084
12153,18104
12153,18124
12153,18144
12153,18164
12153,18184
12153,18204
12153,18224
12153,18244
12153,18264
12153,18284
12153,18304
12153,18324
12153,18344
12153,18364
12153,18384
12153,18404
12153,18424
12153,18444
12153,18464
12153,18484
12153,18504
12153,18524
12163,17564
12163,17584
12163,17604
12163,17624
12163,17644
12163,17664
12163,17684
12163,17704
12163,17724
12163,17744
12163,17764
12163,17784
12163,17804
12163,17824
12163,17844
12163,17864
12163,17884
12163,17904
12163,17924
12163,17944
12163,17964
12163,17984
12163,18004
12163,18024
12163,18044
12163,18064
12163,18084
12163,18104
12163,18124
12163,18144
12163,18164
12163,18184
12163,18204
12163,18224
12163,18244
12163,18264
12163,18284
12163,18304
12163,18324
12163,18344
12163,18364
12163,18384
12163,18404
12163,18424
12163,18444
12163,18464
12163,18484
12163,18504
12163,18524
12173,17564
12173,17584
12173,17604
12173,17624
12173,17644
12173,17664
12173,17684
12173,17704
12173,17724
12173,17744
12173,17764
12173,17784
12173,17804
12173,17824
12173,17844
12173,17864
12173,17884
12173,17904
12173,17924
12173,17944
12173,17964
12173,17984
12173,18004
12173,18024
12173,18044
12173,18064
12173,18084
12173,18104
12173,18124
12173,18144
12173,18164
12173,18184
12173,18204
12173,18224
12173,18244
12173,18264
12173,18284
12173,18304
12173,18324
12173,18344
12173,18364
12173,18384
12173,18404
12173,18424
12173,18444
12173,18464
12173,18484
12173,18504
12173,18524
12183,17564
12183,17584
12183,17604
12183,17624
12183,17644
12183,17664
12183,17684
12183,17704
12183,17724
12183,17744
12183,17764
12183,17784
12183,17804
12183,17824
12183,17844
12183,17864
12183,17884
12183,17904
12183,17924
12183,17944
12183,17964
12183,17984
12183,18004
12183,18024
12183,18044
12183,18064
12183,18084
12183,18104
12183,18124
12183,18144
12183,18164
12183,18184
12183,18204
12183,18224
12183,18244
12183,18264
12183,18284
12183,18304
12183,18324
12183,18344
12183,18364
12183,18384
12183,18404
12183,18424
12183,18444
12183,18464
12183,18484
12183,18504
12183,18524
12193,17564
12193,17584
12193,17604
12193,17624
12193,17644
12193,17664
12193,17684
12193,17704
12193,17724
12193,17744
12193,17764
12193,17784
12193,17804
12193,17824
12193,17844
12193,17864
12193,17884
12193,17904
12193,17924
12193,17944
12193,17964
12193,17984
12193,18004
12193,18024
12193,18044
12193,18064
12193,18084
12193,18104
12193,18124
12193,18144
12193,18164
12193,18184
12193,18204
12193,18224
12193,18244
12193,18264
12193,18284
12193,18304
12193,18324
12193,18344
12193,18364
12193,18384
12193,18404
12193,18424
12193,18444
12193,18464
12193,18484
12193,18504
12193,18524
12203,17564
12203,17584
12203,17604
12203,17624
12203,17644
12203,17664
12203,17684
12203,17704
12203,17724
12203,17744
12203,17764
12203,17784
12203,17804
12203,17824
12203,17844
12203,17864
12203,17884
12203,17904
12203,17924
12203,17944
12203,17964
12203,17984
12203,18004
12203,18024
12203,18044
12203,18064
12203,18084
12203,18104
12203,18124
12203,18144
12203,18164
12203,18184
12203,18204
12203,18224
12203,18244
12203,18264
12203,18284
12203,18304
12203,18324
12203,18344
12203,18364
12203,18384
12203,18404
12203,18424
12203,18444
12203,18464
12203,18484
12203,18504
12203,18524
12213,17564
12213,17584
12213,17604
12213,17624
12213,17644
12213,17664
12213,17684
12213,17704
12213,17724
12213,17744
12213,17764
12213,17784
12213,17804
12213,17824
12213,17844
12213,17864
12213,17884
12213,17904
12213,17924
12213,17944
12213,17964
12213,17984
12213,18004
12213,18024
12213,18044
12213,18064
12213,18084
12213,18104
12213,18124
12213,18144
12213,18164
12213,18184
12213,18204
12213,18224
12213,18244
12213,18264
12213,18284
12213,18304
12213,18324
12213,18344
12213,18364
12213,18384
12213,18404
12213,18424
12213,18444
12213,18464
12213,18484
12213,18504
12213,18524
12223,17564
12223,17584
12223,17604
12223,17624
12223,17644
12223,17664
12223,17684
12223,17704
12223,17724
12223,17744
12223,17764
12223,17784
12223,17804
12223,17824
12223,17844
12223,17864
12223,17884
12223,17904
12223,17924
12223,17944
12223,17964
12223,17984
12223,18004
12223,18024
12223,18044
12223,18064
12223,18084
12223,18104
12223,18124
12223,18144
12223,18164
12223,18184
12223,18204
12223,18224
12223,18244
12223,18264
12223,18284
12223,18304
12223,18324
12223,18344
12223,18364
12223,18384
12223,18404
12223,18424
12223,18444
12223,18464
12223,18484
12223,18504
12223,18524
12233,17564
12233,17584
12233,17604
12233,17624
12233,17644
12233,17664
12233,17684
12233,17704
12233,17724
12233,17744
12233,17764
12233,17784
12233,17804
12233,17824
12233,17844
12233,17864
12233,17884
12233,17904
12233,17924
12233,17944
12233,17964
12233,17984
12233,18004
12233,18024
12233,18044
12233,18064
12233,18084
12233,18104
12233,18124
12233,18144
12233,18164
12233,18184
12233,18204
12233,18224
12233,18244
12233,18264
12233,18284
12233,18304
12233,18324
12233,18344
12233,18364
12233,18384
12233,18404
12233,18424
12233,18444
12233,18464
12233,18484
12233,18504
12233,18524
12243,17564
12243,17584
12243,17604
12243,17624
12243,17644
12243,17664
12243,17684
12243,17704
12243,17724
12243,17744
12243,17764
12243,17784
12243,17804
12243,17824
12243,17844
12243,17864
12243,17884
12243,17904
12243,17924
12243,17944
12243,17964
12243,17984
12243,18004
12243,18024
12243,18044
12243,18064
12243,18084
12243,18104
12243,18124
12243,18144
12243,18164
12243,18184
12243,18204
12243,18224
12243,18244
12243,18264
12243,18284
12243,18304
12243,18324
12243,18344
12243,18364
12243,18384
12243,18404
12243,18424
12243,18444
12243,18464
12243,18484
12243,18504
12243,18524
12253,17564
12253,17584
12253,17604
12253,17624
12253,17644
12253,17664
12253,17684
12253,17704
12253,17724
12253,17744
12253,17764
12253,17784
12253,17804
12253,17824
12253,17844
12253,17864
12253,17884
12253,17904
12253,17924
12253,17944
12253,17964
12253,17984
12253,18004
12253,18024
12253,18044
12253,18064
12253,18084
12253,18104
12253,18124
12253,18144
12253,18164
12253,18184
12253,18204
12253,18224
12253,18244
12253,18264
12253,18284
12253,18304
12253,18324
12253,18344
12253,18364
12253,18384
12253,18404
12253,18424
12253,18444
12253,18464
12253,18484
12253,18504
12253,18524
12263,17564
12263,17584
12263,17604
12263,17624
12263,17644
12263,17664
12263,17684
12263,17704
12263,17724
12263,17744
12263,17764
12263,17784
12263,17804
12263,17824
12263,17844
12263,17864
12263,17884
12263,17904
12263,17924
12263,17944
12263,17964
12263,17984
12263,18004
12263,18024
12263,18044
12263,18064
12263,18084
12263,18104
12263,18124
12263,18144
12263,18164
12263,18184
12263,18204
12263,18224
12263,18244
12263,18264
12263,18284
12263,18304
12263,18324
12263,18344
12263,18364
12263,18384
12263,18404
12263,18424
12263,18444
12263,18464
12263,18484
12263,18504
12263,18524
12273,17564
12273,17584
12273,17604
12273,17624
12273,17644
12273,17664
12273,17684
12273,17704
12273,17724
12273,17744
12273,17764
12273,17784
12273,17804
12273,17824
12273,17844
12273,17864
12273,17884
12273,17904
12273,17924
12273,17944
12273,17964
12273,17984
12273,18004
12273,18024
12273,18044
12273,18064
12273,18084
12273,18104
12273,18124
12273,18144
12273,18164
12273,18184
12273,18204
12273,18224
12273,18244
12273,18264
12273,18284
12273,18304
12273,18324
12273,18344
12273,18364
12273,18384
12273,18404
12273,18424
12273,18444
12273,18464
12273,18484
12273,18504
12273,18524
12283,17564
12283,17584
12283,17604
12283,17624
12283,17644
12283,17664
12283,17684
12283,17704
12283,17724
12283,17744
12283,17764
12283,17784
12283,17804
12283,17824
12283,17844
12283,17864
12283,17884
12283,17904
12283,17924
12283,17944
12283,17964
12283,17984
12283,18004
12283,18024
12283,18044
12283,18064
12283,18084
12283,18104
12283,18124
12283,18144
12283,18164
12283,18184
12283,18204
12283,18224
12283,18244
12283,18264
12283,18284
12283,18304
12283,18324
12283,18344
12283,18364
12283,18384
12283,18404
12283,18424
12283,18444
12283,18464
12283,18484
12283,18504
12283,18524
11333,4494
11333,4514
11333,4534
11333,4554
11333,4574
11333,4594
11333,4614
11333,4634
11333,4654
11333,4674
11333,4694
11333,4714
11333,4734
11333,4754
11333,4774
11333,4794
11333,4814
11333,4834
11333,4854
11333,4874
11333,4894
11333,4914
11333,4934
11333,4954
11333,4974
11333,4994
11333,5014
11333,5034
11333,5054
11333,5074
11333,5094
11333,5114
11333,5134
11333,5154
11333,5174
11333,5194
11333,5214
11333,5234
11343,4494
11343,4514
11343,4534
11343,4554
11343,4574
11343,4594
11343,4614
11343,4634
11343,4654
11343,4674
11343,4694
11343,4714
11343,4734
11343,4754
11343,4774
11343,4794
11343,4814
11343,4834
11343,4854
11343,4874
11343,4894
11343,4914
11343,4934
11343,4954
11343,4974
11343,4994
11343,5014
11343,5034
11343,5054
11343,5074
11343,5094
11343,5114
11343,5134
11343,5154
11343,5174
11343,5194
11343,5214
11343,5234
11353,4494
11353,4514
11353,4534
11353,4554
11353,4574
11353,4594
11353,4614
11353,4634
11353,4654
11353,4674
11353,4694
11353,4714
11353,4734
11353,4754
11353,4774
11353,4794
11353,4814
11353,4834
11353,4854
11353,4874
11353,4894
11353,4914
11353,4934
11353,4954
11353,4974
11353,4994
11353,5014
11353,5034
11353,5054
11353,5074
11353,5094
11353,5114
11353,5134
11353,5154
11353,5174
11353,5194
11353,5214
11353,5234
11363,4494
11363,4514
11363,4534
11363,4554
11363,4574
11363,4594
11363,4614
11363,4634
11363,4654
11363,4674
11363,4694
11363,4714
11363,4734
11363,4754
11363,4774
11363,4794
11363,4814
11363,4834
11363,4854
11363,4874
11363,4894
11363,4914
11363,4934
11363,4954
11363,4974
11363,4994
11363,5014
11363,5034
11363,5054
11363,5074
11363,5094
11363,5114
11363,5134
11363,5154
11363,5174
11363,5194
11363,5214
11363,5234
11373,4494
11373,4514
11373,4534
11373,4554
11373,4574
11373,4594
11373,4614
11373,4634
11373,4654
11373,4674
11373,4694
11373,4714
11373,4734
11373,4754
11373,4774
11373,4794
11373,4814
11373,4834
11373,4854
11373,4874
11373,4894
11373,4914
11373,4934
11373,4954
11373,4974
11373,4994
11373,5014
11373,5034
11373,5054
11373,5074
11373,5094
11373,5114
11373,5134
11373,5154
11373,5174
11373,5194
11373,5214
11373,5234
11383,4494
11383,4514
11383,4534
11383,4554
11383,4574
11383,4594
11383,4614
11383,4634
11383,4654
11383,4674
11383,4694
11383,4714
11383,4734
11383,4754
11383,4774
11383,4794
11383,4814
11383,4834
11383,4854
11383,4874
11383,4894
11383,4914
11383,4934
11383,4954
11383,4974
11383,4994
11383,5014
11383,5034
11383,5054
11383,5074
11383,5094
11383,5114
11383,5134
11383,5154
11383,5174
11383,5194
11383,5214
11383,5234
11393,4494
11393,4514
11393,4534
11393,4554
11393,4574
11393,4594
11393,4614
11393,4634
11393,4654
11393,4674
11393,4694
11393,4714
11393,4734
11393,4754
11393,4774
11393,4794
11393,4814
11393,4834
11393,4854
11393,4874
11393,4894
11393,4914
11393,4934
11393,4954
11393,4974
11393,4994
11393,5014
11393,5034
11393,5054
11393,5074
11393,5094
11393,5114
11393,5134
11393,5154
11393,5174
11393,5194
11393,5214
11393,5234
11403,4494
11403,4514
11403,4534
11403,4554
11403,4574
11403,4594
11403,4614
11403,4634
11403,4654
11403,4674
11403,4694
11403,4714
11403,4734
11403,4754
11403,4774
11403,4794
11403,4814
11403,4834
11403,4854
11403,4874
11403,4894
11403,4914
11403,4934
11403,4954
11403,4974
11403,4994
11403,5014
11403,5034
11403,5054
11403,5074
11403,5094
11403,5114
11403,5134
11403,5154
11403,5174
11403,5194
11403,5214
11403,5234
11413,4494
11413,4514
11413,4534
11413,4554
11413,4574
11413,4594
11413,4614
11413,4634
11413,4654
11413,4674
11413,4694
11413,4714
11413,4734
11413,4754
11413,4774
11413,4794
11413,4814
11413,4834
11413,4854
11413,4874
11413,4894
11413,4914
11413,4934
11413,4954
11413,4974
11413,4994
11413,5014
11413,5034
11413,5054
11413,5074
11413,5094
11413,5114
11413,5134
11413,5154
11413,5174
11413,5194
11413,5214
11413,5234
11423,4494
11423,4514
11423,4534
11423,4554
11423,4574
11423,4594
11423,4614
11423,4634
11423,4654
11423,4674
11423,4694
11423,4714
11423,4734
11423,4754
11423,4774
11423,4794
11423,4814
11423,4834
11423,4854
11423,4874
11423,4894
11423,4914
11423,4934
11423,4954
11423,4974
11423,4994
11423,5014
11423,5034
11423,5054
11423,5074
11423,5094
11423,5114
11423,5134
11423,5154
11423,5174
11423,5194
11423,5214
11423,5234
11433,4494
11433,4514
11433,4534
11433,4554
11433,4574
11433,4594
11433,4614
11433,4634
11433,4654
11433,4674
11433,4694
11433,4714
11433,4734
11433,4754
11433,4774
11433,4794
11433,4814
11433,4834
11433,4854
11433,4874
11433,4894
11433,4914
11433,4934
11433,4954
11433,4974
11433,4994
11433,5014
11433,5034
11433,5054
11433,5074
11433,5094
11433,5114
11433,5134
11433,5154
11433,5174
11433,5194
11433,5214
11433,5234
11443,4494
11443,4514
11443,4534
11443,4554
11443,4574
11443,4594
11443,4614
11443,4634
11443,4654
11443,4674
11443,4694
11443,4714
11443,4734
11443,4754
11443,4774
11443,4794
11443,4814
11443,4834
11443,4854
11443,4874
11443,4894
11443,4914
11443,4934
11443,4954
11443,4974
11443,4994
11443,5014
11443,5034
11443,5054
11443,5074
11443,5094
11443,5114
11443,5134
11443,5154
11443,5174
11443,5194
11443,5214
11443,5234
11453,4494
11453,4514
11453,4534
11453,4554
11453,4574
11453,4594
11453,4614
11453,4634
11453,4654
11453,4674
11453,4694
11453,4714
11453,4734
11453,4754
11453,4774
11453,4794
11453,4814
11453,4834
11453,4854
11453,4874
11453,4894
11453,4914
11453,4934
11453,4954
11453,4974
11453,4994
11453,5014
11453,5034
11453,5054
11453,5074
11453,5094
11453,5114
11453,5134
11453,5154
11453,5174
11453,5194
11453,5214
11453,5234
11463,4494
11463,4514
11463,4534
11463,4554
11463,4574
11463,4594
11463,4614
11463,4634
11463,4654
11463,4674
11463,4694
11463,4714
11463,4734
11463,4754
11463,4774
11463,4794
11463,4814
11463,4834
11463,4854
11463,4874
11463,4894
11463,4914
11463,4934
11463,4954
11463,4974
11463,4994
11463,5014
11463,5034
11463,5054
11463,5074
11463,5094
11463,5114
11463,5134
11463,5154
11463,5174
11463,5194
11463,5214
11463,5234
11473,4494
11473,4514
11473,4534
11473,4554
11473,4574
11473,4594
11473,4614
11473,4634
11473,4654
11473,4674
11473,4694
11473,4714
11473,4734
11473,4754
11473,4774
11473,4794
11473,4814
11473,4834
11473,4854
11473,4874
11473,4894
11473,4914
11473,4934
11473,4954
11473,4974
11473,4994
11473,5014
11473,5034
11473,5054
11473,5074
11473,5094
11473,5114
11473,5134
11473,5154
11473,5174
11473,5194
11473,5214
11473,5234
11483,4494
11483,4514
11483,4534
11483,4554
11483,4574
11483,4594
11483,4614
11483,4634
11483,4654
11483,4674
11483,4694
11483,4714
11483,4734
11483,4754
11483,4774
11483,4794
11483,4814
11483,4834
11483,4854
11483,4874
11483,4894
11483,4914
11483,4934
11483,4954
11483,4974
11483,4994
11483,5014
11483,5034
11483,5054
11483,5074
11483,5094
11483,5114
11483,5134
11483,5154
11483,5174
11483,5194
11483,5214
11483,5234
11493,4494
11493,4514
11493,4534
11493,4554
11493,4574
11493,4594
11493,4614
11493,4634
11493,4654
11493,4674
11493,4694
11493,4714
11493,4734
11493,4754
11493,4774
11493,4794
11493,4814
11493,4834
11493,4854
11493,4874
11493,4894
11493,4914
11493,4934
11493,4954
11493,4974
11493,4994
11493,5014
11493,5034
11493,5054
11493,5074
11493,5094
11493,5114
11493,5134
11493,5154
11493,5174
11493,5194
11493,5214
11493,5234
11503,4494
11503,4514
11503,4534
11503,4554
11503,4574
11503,4594
11503,4614
11503,4634
11503,4654
11503,4674
11503,4694
11503,4714
11503,4734
11503,4754
11503,4774
11503,4794
11503,4814
11503,4834
11503,4854
11503,4874
11503,4894
11503,4914
11503,4934
11503,4954
11503,4974
11503,4994
11503,5014
11503,5034
11503,5054
11503,5074
11503,5094
11503,5114
11503,5134
11503,5154
11503,5174
11503,5194
11503,5214
11503,5234
11513,4494
11513,4514
11513,4534
11513,4554
11513,4574
11513,4594
11513,4614
11513,4634
11513,4654
11513,4674
11513,4694
11513,4714
11513,4734
11513,4754
11513,4774
11513,4794
11513,4814
11513,4834
11513,4854
11513,4874
11513,4894
11513,4914
11513,4934
11513,4954
11513,4974
11513,4994
11513,5014
11513,5034
11513,5054
11513,5074
11513,5094
11513,5114
11513,5134
11513,5154
11513,5174
11513,5194
11513,5214
11513,5234
11523,4494
11523,4514
11523,4534
11523,4554
11523,4574
11523,4594
11523,4614
11523,4634
11523,4654
11523,4674
11523,4694
11523,4714
11523,4734
11523,4754
11523,4774
11523,4794
11523,4814
11523,4834
11523,4854
11523,4874
11523,4894
11523,4914
11523,4934
11523,4954
11523,4974
11523,4994
11523,5014
11523,5034
11523,5054
11523,5074
11523,5094
11523,5114
11523,5134
11523,5154
11523,5174
11523,5194
11523,5214
11523,5234
11533,4494
11533,4514
11533,4534
11533,4554
11533,4574
11533,4594
11533,4614
11533,4634
11533,4654
11533,4674
11533,4694
11533,4714
11533,4734
11533,4754
11533,4774
11533,4794
11533,4814
11533,4834
11533,4854
11533,4874
11533,4894
11533,4914
11533,4934
11533,4954
11533,4974
11533,4994
11533,5014
11533,5034
11533,5054
11533,5074
11533,5094
11533,5114
11533,5134
11533,5154
11533,5174
11533,5194
11533,5214
11533,5234
11543,4494
11543,4514
11543,4534
11543,4554
11543,4574
11543,4594
11543,4614
11543,4634
11543,4654
11543,4674
11543,4694
11543,4714
11543,4734
11543,4754
11543,4774
11543,4794
11543,4814
11543,4834
11543,4854
11543,4874
11543,4894
11543,4914
11543,4934
11543,4954
11543,4974
11543,4994
11543,5014
11543,5034
11543,5054
11543,5074
11543,5094
11543,5114
11543,5134
11543,5154
11543,5174
11543,5194
11543,5214
11543,5234
11553,4494
11553,4514
11553,4534
11553,4554
11553,4574
11553,4594
11553,4614
11553,4634
11553,4654
11553,4674
11553,4694
11553,4714
11553,4734
11553,4754
11553,4774
11553,4794
11553,4814
11553,4834
11553,4854
11553,4874
11553,4894
11553,4914
11553,4934
11553,4954
11553,4974
11553,4994
11553,5014
11553,5034
11553,5054
11553,5074
11553,5094
11553,5114
11553,5134
11553,5154
11553,5174
11553,5194
11553,5214
11553,5234
11563,4494
11563,4514
11563,4534
11563,4554
11563,4574
11563,4594
11563,4614
11563,4634
11563,4654
11563,4674
11563,4694
11563,4714
11563,4734
11563,4754
11563,4774
11563,4794
11563,4814
11563,4834
11563,4854
11563,4874
11563,4894
11563,4914
11563,4934
11563,4954
11563,4974
11563,4994
11563,5014
11563,5034
11563,5054
11563,5074
11563,5094
11563,5114
11563,5134
11563,5154
11563,5174
11563,5194
11563,5214
11563,5234
11573,4494
11573,4514
11573,4534
11573,4554
11573,4574
11573,4594
11573,4614
11573,4634
11573,4654
11573,4674
11573,4694
11573,4714
11573,4734
11573,4754
11573,4774
11573,4794
11573,4814
11573,4834
11573,4854
11573,4874
11573,4894
11573,4914
11573,4934
11573,4954
11573,4974
11573,4994
11573,5014
11573,5034
11573,5054
11573,5074
11573,5094
11573,5114
11573,5134
11573,5154
11573,5174
11573,5194
11573,5214
11573,5234
11583,4494
11583,4514
11583,4534
11583,4554
11583,4574
11583,4594
11583,4614
11583,4634
11583,4654
11583,4674
11583,4694
11583,4714
11583,4734
11583,4754
11583,4774
11583,4794
11583,4814
11583,4834
11583,4854
11583,4874
11583,4894
11583,4914
11583,4934
11583,4954
11583,4974
11583,4994
11583,5014
11583,5034
11583,5054
11583,5074
11583,5094
11583,5114
11583,5134
11583,5154
11583,5174
11583,5194
11583,5214
11583,5234
11593,4494
11593,4514
11593,4534
11593,4554
11593,4574
11593,4594
11593,4614
11593,4634
11593,4654
11593,4674
11593,4694
11593,4714
11593,4734
11593,4754
11593,4774
11593,4794
11593,4814
11593,4834
11593,4854
11593,4874
11593,4894
11593,4914
11593,4934
11593,4954
11593,4974
11593,4994
11593,5014
11593,5034
11593,5054
11593,5074
11593,5094
11593,5114
11593,5134
11593,5154
11593,5174
11593,5194
11593,5214
11593,5234
11603,4494
11603,4514
11603,4534
11603,4554
11603,4574
11603,4594
11603,4614
11603,4634
11603,4654
11603,4674
11603,4694
11603,4714
11603,4734
11603,4754
11603,4774
11603,4794
11603,4814
11603,4834
11603,4854
11603,4874
11603,4894
11603,4914
11603,4934
11603,4954
11603,4974
11603,4994
11603,5014
11603,5034
11603,5054
11603,5074
11603,5094
11603,5114
11603,5134
11603,5154
11603,5174
11603,5194
11603,5214
11603,5234
11613,4494
11613,4514
11613,4534
11613,4554
11613,4574
11613,4594
11613,4614
11613,4634
11613,4654
11613,4674
11613,4694
11613,4714
11613,4734
11613,4754
11613,4774
11613,4794
11613,4814
11613,4834
11613,4854
11613,4874
11613,4894
11613,4914
11613,4934
11613,4954
11613,4974
11613,4994
11613,5014
11613,5034
11613,5054
11613,5074
11613,5094
11613,5114
11613,5134
11613,5154
11613,5174
11613,5194
11613,5214
11613,5234
11623,4494
11623,4514
11623,4534
11623,4554
11623,4574
11623,4594
11623,4614
11623,4634
11623,4654
11623,4674
11623,4694
11623,4714
11623,4734
11623,4754
11623,4774
11623,4794
11623,4814
11623,4834
11623,4854
11623,4874
11623,4894
11623,4914
11623,4934
11623,4954
11623,4974
11623,4994
11623,5014
11623,5034
11623,5054
11623,5074
11623,5094
11623,5114
11623,5134
11623,5154
11623,5174
11623,5194
11623,5214
11623,5234
11633,4494
11633,4514
11633,4534
11633,4554
11633,4574
11633,4594
11633,4614
11633,4634
11633,4654
11633,4674
11633,4694
11633,4714
11633,4734
11633,4754
11633,4774
11633,4794
11633,4814
11633,4834
11633,4854
11633,4874
11633,4894
11633,4914
11633,4934
11633,4954
11633,4974
11633,4994
11633,5014
11633,5034
11633,5054
11633,5074
11633,5094
11633,5114
11633,5134
11633,5154
11633,5174
11633,5194
11633,5214
11633,5234
11643,4494
11643,4514
11643,4534
11643,4554
11643,4574
11643,4594
11643,4614
11643,4634
11643,4654
11643,4674
11643,4694
11643,4714
11643,4734
11643,4754
11643,4774
11643,4794
11643,4814
11643,4834
11643,4854
11643,4874
11643,4894
11643,4914
11643,4934
11643,4954
11643,4974
11643,4994
11643,5014
11643,5034
11643,5054
11643,5074
11643,5094
11643,5114
11643,5134
11643,5154
11643,5174
11643,5194
11643,5214
11643,5234
11653,4494
11653,4514
11653,4534
11653,4554
11653,4574
11653,4594
11653,4614
11653,4634
11653,4654
11653,4674
11653,4694
11653,4714
11653,4734
11653,4754
11653,4774
11653,4794
11653,4814
11653,4834
11653,4854
11653,4874
11653,4894
11653,4914
11653,4934
11653,4954
11653,4974
11653,4994
11653,5014
11653,5034
11653,5054
11653,5074
11653,5094
11653,5114
11653,5134
11653,5154
11653,5174
11653,5194
11653,5214
11653,5234
11663,4494
11663,4514
11663,4534
11663,4554
11663,4574
11663,4594
11663,4614
11663,4634
11663,4654
11663,4674
11663,4694
11663,4714
11663,4734
11663,4754
11663,4774
11663,4794
11663,4814
11663,4834
11663,4854
11663,4874
11663,4894
11663,4914
11663,4934
11663,4954
11663,4974
11663,4994
11663,5014
11663,5034
11663,5054
11663,5074
11663,5094
11663,5114
11663,5134
11663,5154
11663,5174
11663,5194
11663,5214
11663,5234
11673,4494
11673,4514
11673,4534
11673,4554
11673,4574
11673,4594
11673,4614
11673,4634
11673,4654
11673,4674
11673,4694
11673,4714
11673,4734
11673,4754
11673,4774
11673,4794
11673,4814
11673,4834
11673,4854
11673,4874
11673,4894
11673,4914
11673,4934
11673,4954
11673,4974
11673,4994
11673,5014
11673,5034
11673,5054
11673,5074
11673,5094
11673,5114
11673,5134
11673,5154
11673,5174
11673,5194
11673,5214
11673,5234
11683,4494
11683,4514
11683,4534
11683,4554
11683,4574
11683,4594
11683,4614
11683,4634
11683,4654
11683,4674
11683,4694
11683,4714
11683,4734
11683,4754
11683,4774
11683,4794
11683,4814
11683,4834
11683,4854
11683,4874
11683,4894
11683,4914
11683,4934
11683,4954
11683,4974
11683,4994
11683,5014
11683,5034
11683,5054
11683,5074
11683,5094
11683,5114
11683,5134
11683,5154
11683,5174
11683,5194
11683,5214
11683,5234
11693,4494
11693,4514
11693,4534
11693,4554
11693,4574
11693,4594
11693,4614
11693,4634
11693,4654
11693,4674
11693,4694
11693,4714
11693,4734
11693,4754
11693,4774
11693,4794
11693,4814
11693,4834
11693,4854
11693,4874
11693,4894
11693,4914
11693,4934
11693,4954
11693,4974
11693,4994
11693,5014
11693,5034
11693,5054
11693,5074
11693,5094
11693,5114
11693,5134
11693,5154
11693,5174
11693,5194
11693,5214
11693,5234
11703,4494
11703,4514
11703,4534
11703,4554
11703,4574
11703,4594
11703,4614
11703,4634
11703,4654
11703,4674
11703,4694
11703,4714
11703,4734
11703,4754
11703,4774
11703,4794
11703,4814
11703,4834
11703,4854
11703,4874
11703,4894
11703,4914
11703,4934
11703,4954
11703,4974
11703,4994
11703,5014
11703,5034
11703,5054
11703,5074
11703,5094
11703,5114
11703,5134
11703,5154
11703,5174
11703,5194
11703,5214
11703,5234
11713,4494
11713,4514
11713,4534
11713,4554
11713,4574
11713,4594
11713,4614
11713,4634
11713,4654
11713,4674
11713,4694
11713,4714
11713,4734
11713,4754
11713,4774
11713,4794
11713,4814
11713,4834
11713,4854
11713,4874
11713,4894
11713,4914
11713,4934
11713,4954
11713,4974
11713,4994
11713,5014
11713,5034
11713,5054
11713,5074
11713,5094
11713,5114
11713,5134
11713,5154
11713,5174
11713,5194
11713,5214
11713,5234
11723,4494
11723,4514
11723,4534
11723,4554
11723,4574
11723,4594
11723,4614
11723,4634
11723,4654
11723,4674
11723,4694
11723,4714
11723,4734
11723,4754
11723,4774
11723,4794
11723,4814
11723,4834
11723,4854
11723,4874
11723,4894
11723,4914
11723,4934
11723,4954
11723,4974
11723,4994
11723,5014
11723,5034
11723,5054
11723,5074
11723,5094
11723,5114
11723,5134
11723,5154
11723,5174
11723,5194
11723,5214
11723,5234
11733,4494
11733,4514
11733,4534
11733,4554
11733,4574
11733,4594
11733,4614
11733,4634
11733,4654
11733,4674
11733,4694
11733,4714
11733,4734
11733,4754
11733,4774
11733,4794
11733,4814
11733,4834
11733,4854
11733,4874
11733,4894
11733,4914
11733,4934
11733,4954
11733,4974
11733,4994
11733,5014
11733,5034
11733,5054
11733,5074
11733,5094
11733,5114
11733,5134
11733,5154
11733,5174
11733,5194
11733,5214
11733,5234
11743,4494
11743,4514
11743,4534
11743,4554
11743,4574
11743,4594
11743,4614
11743,4634
11743,4654
11743,4674
11743,4694
11743,4714
11743,4734
11743,4754
11743,4774
11743,4794
11743,4814
11743,4834
11743,4854
11743,4874
11743,4894
11743,4914
11743,4934
11743,4954
11743,4974
11743,4994
11743,5014
11743,5034
11743,5054
11743,5074
11743,5094
11743,5114
11743,5134
11743,5154
11743,5174
11743,5194
11743,5214
11743,5234
11753,4494
11753,4514
11753,4534
11753,4554
11753,4574
11753,4594
11753,4614
11753,4634
11753,4654
11753,4674
11753,4694
11753,4714
11753,4734
11753,4754
11753,4774
11753,4794
11753,4814
11753,4834
11753,4854
11753,4874
11753,4894
11753,4914
11753,4934
11753,4954
11753,4974
11753,4994
11753,5014
11753,5034
11753,5054
11753,5074
11753,5094
11753,5114
11753,5134
11753,5154
11753,5174
11753,5194
11753,5214
11753,5234
11763,4494
11763,4514
11763,4534
11763,4554
11763,4574
11763,4594
11763,4614
11763,4634
11763,4654
11763,4674
11763,4694
11763,4714
11763,4734
11763,4754
11763,4774
11763,4794
11763,4814
11763,4834
11763,4854
11763,4874
11763,4894
11763,4914
11763,4934
11763,4954
11763,4974
11763,4994
11763,5014
11763,5034
11763,5054
11763,5074
11763,5094
11763,5114
11763,5134
11763,5154
11763,5174
11763,5194
11763,5214
11763,5234
11773,4494
11773,4514
11773,4534
11773,4554
11773,4574
11773,4594
11773,4614
11773,4634
11773,4654
11773,4674
11773,4694
11773,4714
11773,4734
11773,4754
11773,4774
11773,4794
11773,4814
11773,4834
11773,4854
11773,4874
11773,4894
11773,4914
11773,4934
11773,4954
11773,4974
11773,4994
11773,5014
11773,5034
11773,5054
11773,5074
11773,5094
11773,5114
11773,5134
11773,5154
11773,5174
11773,5194
11773,5214
11773,5234
11783,4494
11783,4514
11783,4534
11783,4554
11783,4574
11783,4594
11783,4614
11783,4634
11783,4654
11783,4674
11783,4694
11783,4714
11783,4734
11783,4754
11783,4774
11783,4794
11783,4814
11783,4834
11783,4854
11783,4874
11783,4894
11783,4914
11783,4934
11783,4954
11783,4974
11783,4994
11783,5014
11783,5034
11783,5054
11783,5074
11783,5094
11783,5114
11783,5134
11783,5154
11783,5174
11783,5194
11783,5214
11783,5234
11793,4494
11793,4514
11793,4534
11793,4554
11793,4574
11793,4594
11793,4614
11793,4634
11793,4654
11793,4674
11793,4694
11793,4714
11793,4734
11793,4754
11793,4774
11793,4794
11793,4814
11793,4834
11793,4854
11793,4874
11793,4894
11793,4914
11793,4934
11793,4954
11793,4974
11793,4994
11793,5014
11793,5034
11793,5054
11793,5074
11793,5094
11793,5114
11793,5134
11793,5154
11793,5174
11793,5194
11793,5214
11793,5234
11803,4494
11803,4514
11803,4534
11803,4554
11803,4574
11803,4594
11803,4614
11803,4634
11803,4654
11803,4674
11803,4694
11803,4714
11803,4734
11803,4754
11803,4774
11803,4794
11803,4814
11803,4834
11803,4854
11803,4874
11803,4894
11803,4914
11803,4934
11803,4954
11803,4974
11803,4994
11803,5014
11803,5034
11803,5054
11803,5074
11803,5094
11803,5114
11803,5134
11803,5154
11803,5174
11803,5194
11803,5214
11803,5234
11813,4494
11813,4514
11813,4534
11813,4554
11813,4574
11813,4594
11813,4614
11813,4634
11813,4654
11813,4674
11813,4694
11813,4714
11813,4734
11813,4754
11813,4774
11813,4794
11813,4814
11813,4834
11813,4854
11813,4874
11813,4894
11813,4914
11813,4934
11813,4954
11813,4974
11813,4994
11813,5014
11813,5034
11813,5054
11813,5074
11813,5094
11813,5114
11813,5134
11813,5154
11813,5174
11813,5194
11813,5214
11813,5234
11823,4494
11823,4514
11823,4534
11823,4554
11823,4574
11823,4594
11823,4614
11823,4634
11823,4654
11823,4674
11823,4694
11823,4714
11823,4734
11823,4754
11823,4774
11823,4794
11823,4814
11823,4834
11823,4854
11823,4874
11823,4894
11823,4914
11823,4934
11823,4954
11823,4974
11823,4994
11823,5014
11823,5034
11823,5054
11823,5074
11823,5094
11823,5114
11823,5134
11823,5154
11823,5174
11823,5194
11823,5214
11823,5234
11833,4494
11833,4514
11833,4534
11833,4554
11833,4574
11833,4594
11833,4614
11833,4634
11833,4654
11833,4674
11833,4694
11833,4714
11833,4734
11833,4754
11833,4774
11833,4794
11833,4814
11833,4834
11833,4854
11833,4874
11833,4894
11833,4914
11833,4934
11833,4954
11833,4974
11833,4994
11833,5014
11833,5034
11833,5054
11833,5074
11833,5094
11833,5114
11833,5134
11833,5154
11833,5174
11833,5194
11833,5214
11833,5234
11843,4494
11843,4514
11843,4534
11843,4554
11843,4574
11843,4594
11843,4614
11843,4634
11843,4654
11843,4674
11843,4694
11843,4714
11843,4734
11843,4754
11843,4774
11843,4794
11843,4814
11843,4834
11843,4854
11843,4874
11843,4894
11843,4914
11843,4934
11843,4954
11843,4974
11843,4994
11843,5014
11843,5034
11843,5054
11843,5074
11843,5094
11843,5114
11843,5134
11843,5154
11843,5174
11843,5194
11843,5214
11843,5234
11853,4494
11853,4514
11853,4534
11853,4554
11853,4574
11853,4594
11853,4614
11853,4634
11853,4654
11853,4674
11853,4694
11853,4714
11853,4734
11853,4754
11853,4774
11853,4794
11853,4814
11853,4834
11853,4854
11853,4874
11853,4894
11853,4914
11853,4934
11853,4954
11853,4974
11853,4994
11853,5014
11853,5034
11853,5054
11853,5074
11853,5094
11853,5114
11853,5134
11853,5154
11853,5174
11853,5194
11853,5214
11853,5234
11863,4494
11863,4514
11863,4534
11863,4554
11863,4574
11863,4594
11863,4614
11863,4634
11863,4654
11863,4674
11863,4694
11863,4714
11863,4734
11863,4754
11863,4774
11863,4794
11863,4814
11863,4834
11863,4854
11863,4874
11863,4894
11863,4914
11863,4934
11863,4954
11863,4974
11863,4994
11863,5014
11863,5034
11863,5054
11863,5074
11863,5094
11863,5114
11863,5134
11863,5154
11863,5174
11863,5194
11863,5214
11863,5234
11873,4494
11873,4514
11873,4534
11873,4554
11873,4574
11873,4594
11873,4614
11873,4634
11873,4654
11873,4674
11873,4694
11873,4714
11873,4734
11873,4754
11873,4774
11873,4794
11873,4814
11873,4834
11873,4854
11873,4874
11873,4894
11873,4914
11873,4934
11873,4954
11873,4974
11873,4994
11873,5014
11873,5034
11873,5054
11873,5074
11873,5094
11873,5114
11873,5134
11873,5154
11873,5174
11873,5194
11873,5214
11873,5234
11883,4494
11883,4514
11883,4534
11883,4554
11883,4574
11883,4594
11883,4614
11883,4634
11883,4654
11883,4674
11883,4694
11883,4714
11883,4734
11883,4754
11883,4774
11883,4794
11883,4814
11883,4834
11883,4854
11883,4874
11883,4894
11883,4914
11883,4934
11883,4954
11883,4974
11883,4994
11883,5014
11883,5034
11883,5054
11883,5074
11883,5094
11883,5114
11883,5134
11883,5154
11883,5174
11883,5194
11883,5214
11883,5234
11893,4494
11893,4514
11893,4534
11893,4554
11893,4574
11893,4594
11893,4614
11893,4634
11893,4654
11893,4674
11893,4694
11893,4714
11893,4734
11893,4754
11893,4774
11893,4794
11893,4814
11893,4834
11893,4854
11893,4874
11893,4894
11893,4914
11893,4934
11893,4954
11893,4974
11893,4994
11893,5014
11893,5034
11893,5054
11893,5074
11893,5094
11893,5114
11893,5134
11893,5154
11893,5174
11893,5194
11893,5214
11893,5234
11903,4494
11903,4514
11903,4534
11903,4554
11903,4574
11903,4594
11903,4614
11903,4634
11903,4654
11903,4674
11903,4694
11903,4714
11903,4734
11903,4754
11903,4774
11903,4794
11903,4814
11903,4834
11903,4854
11903,4874
11903,4894
11903,4914
11903,4934
11903,4954
11903,4974
11903,4994
11903,5014
11903,5034
11903,5054
11903,5074
11903,5094
11903,5114
11903,5134
11903,5154
11903,5174
11903,5194
11903,5214
11903,5234
11913,4494
11913,4514
11913,4534
11913,4554
11913,4574
11913,4594
11913,4614
11913,4634
11913,4654
11913,4674
11913,4694
11913,4714
11913,4734
11913,4754
11913,4774
11913,4794
11913,4814
11913,4834
11913,4854
11913,4874
11913,4894
11913,4914
11913,4934
11913,4954
11913,4974
11913,4994
11913,5014
11913,5034
11913,5054
11913,5074
11913,5094
11913,5114
11913,5134
11913,5154
11913,5174
11913,5194
11913,5214
11913,5234
11923,4494
11923,4514
11923,4534
11923,4554
11923,4574
11923,4594
11923,4614
11923,4634
11923,4654
11923,4674
11923,4694
11923,4714
11923,4734
11923,4754
11923,4774
11923,4794
11923,4814
11923,4834
11923,4854
11923,4874
11923,4894
11923,4914
11923,4934
11923,4954
11923,4974
11923,4994
11923,5014
11923,5034
11923,5054
11923,5074
11923,5094
11923,5114
11923,5134
11923,5154
11923,5174
11923,5194
11923,5214
11923,5234
11933,4494
11933,4514
11933,4534
11933,4554
11933,4574
11933,4594
11933,4614
11933,4634
11933,4654
11933,4674
11933,4694
11933,4714
11933,4734
11933,4754
11933,4774
11933,4794
11933,4814
11933,4834
11933,4854
11933,4874
11933,4894
11933,4914
11933,4934
11933,4954
11933,4974
11933,4994
11933,5014
11933,5034
11933,5054
11933,5074
11933,5094
11933,5114
11933,5134
11933,5154
11933,5174
11933,5194
11933,5214
11933,5234
11943,4494
11943,4514
11943,4534
11943,4554
11943,4574
11943,4594
11943,4614
11943,4634
11943,4654
11943,4674
11943,4694
11943,4714
11943,4734
11943,4754
11943,4774
11943,4794
11943,4814
11943,4834
11943,4854
11943,4874
11943,4894
11943,4914
11943,4934
11943,4954
11943,4974
11943,4994
11943,5014
11943,5034
11943,5054
11943,5074
11943,5094
11943,5114
11943,5134
11943,5154
11943,5174
11943,5194
11943,5214
11943,5234
11953,4494
11953,4514
11953,4534
11953,4554
11953,4574
11953,4594
11953,4614
11953,4634
11953,4654
11953,4674
11953,4694
11953,4714
11953,4734
11953,4754
11953,4774
11953,4794
11953,4814
11953,4834
11953,4854
11953,4874
11953,4894
11953,4914
11953,4934
11953,4954
11953,4974
11953,4994
11953,5014
11953,5034
11953,5054
11953,5074
11953,5094
11953,5114
11953,5134
11953,5154
11953,5174
11953,5194
11953,5214
11953,5234
11963,4494
11963,4514
11963,4534
11963,4554
11963,4574
11963,4594
11963,4614
11963,4634
11963,4654
11963,4674
11963,4694
11963,4714
11963,4734
11963,4754
11963,4774
11963,4794
11963,4814
11963,4834
11963,4854
11963,4874
11963,4894
11963,4914
11963,4934
11963,4954
11963,4974
11963,4994
11963,5014
11963,5034
11963,5054
11963,5074
11963,5094
11963,5114
11963,5134
11963,5154
11963,5174
11963,5194
11963,5214
11963,5234
11973,4494
11973,4514
11973,4534
11973,4554
11973,4574
11973,4594
11973,4614
11973,4634
11973,4654
11973,4674
11973,4694
11973,4714
11973,4734
11973,4754
11973,4774
11973,4794
11973,4814
11973,4834
11973,4854
11973,4874
11973,4894
11973,4914
11973,4934
11973,4954
11973,4974
11973,4994
11973,5014
11973,5034
11973,5054
11973,5074
11973,5094
11973,5114
11973,5134
11973,5154
11973,5174
11973,5194
11973,5214
11973,5234
11983,4494
11983,4514
11983,4534
11983,4554
11983,4574
11983,4594
11983,4614
11983,4634
11983,4654
11983,4674
11983,4694
11983,4714
11983,4734
11983,4754
11983,4774
11983,4794
11983,4814
11983,4834
11983,4854
11983,4874
11983,4894
11983,4914
11983,4934
11983,4954
11983,4974
11983,4994
11983,5014
11983,5034
11983,5054
11983,5074
11983,5094
11983,5114
11983,5134
11983,5154
11983,5174
11983,5194
11983,5214
11983,5234
11993,4494
11993,4514
11993,4534
11993,4554
11993,4574
11993,4594
11993,4614
11993,4634
11993,4654
11993,4674
11993,4694
11993,4714
11993,4734
11993,4754
11993,4774
11993,4794
11993,4814
11993,4834
11993,4854
11993,4874
11993,4894
11993,4914
11993,4934
11993,4954
11993,4974
11993,4994
11993,5014
11993,5034
11993,5054
11993,5074
11993,5094
11993,5114
11993,5134
11993,5154
11993,5174
11993,5194
11993,5214
11993,5234
12003,4494
12003,4514
12003,4534
12003,4554
12003,4574
12003,4594
12003,4614
12003,4634
12003,4654
12003,4674
12003,4694
12003,4714
12003,4734
12003,4754
12003,4774
12003,4794
12003,4814
12003,4834
12003,4854
12003,4874
12003,4894
12003,4914
12003,4934
12003,4954
12003,4974
12003,4994
12003,5014
12003,5034
12003,5054
12003,5074
12003,5094
12003,5114
12003,5134
12003,5154
12003,5174
12003,5194
12003,5214
12003,5234
12013,4494
12013,4514
12013,4534
12013,4554
12013,4574
12013,4594
12013,4614
12013,4634
12013,4654
12013,4674
12013,4694
12013,4714
12013,4734
12013,4754
12013,4774
12013,4794
12013,4814
12013,4834
12013,4854
12013,4874
12013,4894
12013,4914
12013,4934
12013,4954
12013,4974
12013,4994
12013,5014
12013,5034
12013,5054
12013,5074
12013,5094
12013,5114
12013,5134
12013,5154
12013,5174
12013,5194
12013,5214
12013,5234
12023,4494
12023,4514
12023,4534
12023,4554
12023,4574
12023,4594
12023,4614
12023,4634
12023,4654
12023,4674
12023,4694
12023,4714
12023,4734
12023,4754
12023,4774
12023,4794
12023,4814
12023,4834
12023,4854
12023,4874
12023,4894
12023,4914
12023,4934
12023,4954
12023,4974
12023,4994
12023,5014
12023,5034
12023,5054
12023,5074
12023,5094
12023,5114
12023,5134
12023,5154
12023,5174
12023,5194
12023,5214
12023,5234
12033,4494
12033,4514
12033,4534
12033,4554
12033,4574
12033,4594
12033,4614
12033,4634
12033,4654
12033,4674
12033,4694
12033,4714
12033,4734
12033,4754
12033,4774
12033,4794
12033,4814
12033,4834
12033,4854
12033,4874
12033,4894
12033,4914
12033,4934
12033,4954
12033,4974
12033,4994
12033,5014
12033,5034
12033,5054
12033,5074
12033,5094
12033,5114
12033,5134
12033,5154
12033,5174
12033,5194
12033,5214
12033,5234
12043,4494
12043,4514
12043,4534
12043,4554
12043,4574
12043,4594
12043,4614
12043,4634
12043,4654
12043,4674
12043,4694
12043,4714
12043,4734
12043,4754
12043,4774
12043,4794
12043,4814
12043,4834
12043,4854
12043,4874
12043,4894
12043,4914
12043,4934
12043,4954
12043,4974
12043,4994
12043,5014
12043,5034
12043,5054
12043,5074
12043,5094
12043,5114
12043,5134
12043,5154
12043,5174
12043,5194
12043,5214
12043,5234
12053,4494
12053,4514
12053,4534
12053,4554
12053,4574
12053,4594
12053,4614
12053,4634
12053,4654
12053,4674
12053,4694
12053,4714
12053,4734
12053,4754
12053,4774
12053,4794
12053,4814
12053,4834
12053,4854
12053,4874
12053,4894
12053,4914
12053,4934
12053,4954
12053,4974
12053,4994
12053,5014
12053,5034
12053,5054
12053,5074
12053,5094
12053,5114
12053,5134
12053,5154
12053,5174
12053,5194
12053,5214
12053,5234
12063,4494
12063,4514
12063,4534
12063,4554
12063,4574
12063,4594
12063,4614
12063,4634
12063,4654
12063,4674
12063,4694
12063,4714
12063,4734
12063,4754
12063,4774
12063,4794
12063,4814
12063,4834
12063,4854
12063,4874
12063,4894
12063,4914
12063,4934
12063,4954
12063,4974
12063,4994
12063,5014
12063,5034
12063,5054
12063,5074
12063,5094
12063,5114
12063,5134
12063,5154
12063,5174
12063,5194
12063,5214
12063,5234
12073,4494
12073,4514
12073,4534
12073,4554
12073,4574
12073,4594
12073,4614
12073,4634
12073,4654
12073,4674
12073,4694
12073,4714
12073,4734
12073,4754
12073,4774
12073,4794
12073,4814
12073,4834
12073,4854
12073,4874
12073,4894
12073,4914
12073,4934
12073,4954
12073,4974
12073,4994
12073,5014
12073,5034
12073,5054
12073,5074
12073,5094
12073,5114
12073,5134
12073,5154
12073,5174
12073,5194
12073,5214
12073,5234
12083,4494
12083,4514
12083,4534
12083,4554
12083,4574
12083,4594
12083,4614
12083,4634
12083,4654
12083,4674
12083,4694
12083,4714
12083,4734
12083,4754
12083,4774
12083,4794
12083,4814
12083,4834
12083,4854
12083,4874
12083,4894
12083,4914
12083,4934
12083,4954
12083,4974
12083,4994
12083,5014
12083,5034
12083,5054
12083,5074
12083,5094
12083,5114
12083,5134
12083,5154
12083,5174
12083,5194
12083,5214
12083,5234
12093,4494
12093,4514
12093,4534
12093,4554
12093,4574
12093,4594
12093,4614
12093,4634
12093,4654
12093,4674
12093,4694
12093,4714
12093,4734
12093,4754
12093,4774
12093,4794
12093,4814
12093,4834
12093,4854
12093,4874
12093,4894
12093,4914
12093,4934
12093,4954
12093,4974
12093,4994
12093,5014
12093,5034
12093,5054
12093,5074
12093,5094
12093,5114
12093,5134
12093,5154
12093,5174
12093,5194
12093,5214
12093,5234
12103,4494
12103,4514
12103,4534
12103,4554
12103,4574
12103,4594
12103,4614
12103,4634
12103,4654
12103,4674
12103,4694
12103,4714
12103,4734
12103,4754
12103,4774
12103,4794
12103,4814
12103,4834
12103,4854
12103,4874
12103,4894
12103,4914
12103,4934
12103,4954
12103,4974
12103,4994
12103,5014
12103,5034
12103,5054
12103,5074
12103,5094
12103,5114
12103,5134
12103,5154
12103,5174
12103,5194
12103,5214
12103,5234
12113,4494
12113,4514
12113,4534
12113,4554
12113,4574
12113,4594
12113,4614
12113,4634
12113,4654
12113,4674
12113,4694
12113,4714
12113,4734
12113,4754
12113,4774
12113,4794
12113,4814
12113,4834
12113,4854
12113,4874
12113,4894
12113,4914
12113,4934
12113,4954
12113,4974
12113,4994
12113,5014
12113,5034
12113,5054
12113,5074
12113,5094
12113,5114
12113,5134
12113,5154
12113,5174
12113,5194
12113,5214
12113,5234
12123,4494
12123,4514
12123,4534
12123,4554
12123,4574
12123,4594
12123,4614
12123,4634
12123,4654
12123,4674
12123,4694
12123,4714
12123,4734
12123,4754
12123,4774
12123,4794
12123,4814
12123,4834
12123,4854
12123,4874
12123,4894
12123,4914
12123,4934
12123,4954
12123,4974
12123,4994
12123,5014
12123,5034
12123,5054
12123,5074
12123,5094
12123,5114
12123,5134
12123,5154
12123,5174
12123,5194
12123,5214
12123,5234
12133,4494
12133,4514
12133,4534
12133,4554
12133,4574
12133,4594
12133,4614
12133,4634
12133,4654
12133,4674
12133,4694
12133,4714
12133,4734
12133,4754
12133,4774
12133,4794
12133,4814
12133,4834
12133,4854
12133,4874
12133,4894
12133,4914
12133,4934
12133,4954
12133,4974
12133,4994
12133,5014
12133,5034
12133,5054
12133,5074
12133,5094
12133,5114
12133,5134
12133,5154
12133,5174
12133,5194
12133,5214
12133,5234
12143,4494
12143,4514
12143,4534
12143,4554
12143,4574
12143,4594
12143,4614
12143,4634
12143,4654
12143,4674
12143,4694
12143,4714
12143,4734
12143,4754
12143,4774
12143,4794
12143,4814
12143,4834
12143,4854
12143,4874
12143,4894
12143,4914
12143,4934
12143,4954
12143,4974
12143,4994
12143,5014
12143,5034
12143,5054
12143,5074
12143,5094
12143,5114
12143,5134
12143,5154
12143,5174
12143,5194
12143,5214
12143,5234
12153,4494
12153,4514
12153,4534
12153,4554
12153,4574
12153,4594
12153,4614
12153,4634
12153,4654
12153,4674
12153,4694
12153,4714
12153,4734
12153,4754
12153,4774
12153,4794
12153,4814
12153,4834
12153,4854
12153,4874
12153,4894
12153,4914
12153,4934
12153,4954
12153,4974
12153,4994
12153,5014
12153,5034
12153,5054
12153,5074
12153,5094
12153,5114
12153,5134
12153,5154
12153,5174
12153,5194
12153,5214
12153,5234
12163,4494
12163,4514
12163,4534
12163,4554
12163,4574
12163,4594
12163,4614
12163,4634
12163,4654
12163,4674
12163,4694
12163,4714
12163,4734
12163,4754
12163,4774
12163,4794
12163,4814
12163,4834
12163,4854
12163,4874
12163,4894
12163,4914
12163,4934
12163,4954
12163,4974
12163,4994
12163,5014
12163,5034
12163,5054
12163,5074
12163,5094
12163,5114
12163,5134
12163,5154
12163,5174
12163,5194
12163,5214
12163,5234
12173,4494
12173,4514
12173,4534
12173,4554
12173,4574
12173,4594
12173,4614
12173,4634
12173,4654
12173,4674
12173,4694
12173,4714
12173,4734
12173,4754
12173,4774
12173,4794
12173,4814
12173,4834
12173,4854
12173,4874
12173,4894
12173,4914
12173,4934
12173,4954
12173,4974
12173,4994
12173,5014
12173,5034
12173,5054
12173,5074
12173,5094
12173,5114
12173,5134
12173,5154
12173,5174
12173,5194
12173,5214
12173,5234
12183,4494
12183,4514
12183,4534
12183,4554
12183,4574
12183,4594
12183,4614
12183,4634
12183,4654
12183,4674
12183,4694
12183,4714
12183,4734
12183,4754
12183,4774
12183,4794
12183,4814
12183,4834
12183,4854
12183,4874
12183,4894
12183,4914
12183,4934
12183,4954
12183,4974
12183,4994
12183,5014
12183,5034
12183,5054
12183,5074
12183,5094
12183,5114
12183,5134
12183,5154
12183,5174
12183,5194
12183,5214
12183,5234
12193,4494
12193,4514
12193,4534
12193,4554
12193,4574
12193,4594
12193,4614
12193,4634
12193,4654
12193,4674
12193,4694
12193,4714
12193,4734
12193,4754
12193,4774
12193,4794
12193,4814
12193,4834
12193,4854
12193,4874
12193,4894
12193,4914
12193,4934
12193,4954
12193,4974
12193,4994
12193,5014
12193,5034
12193,5054
12193,5074
12193,5094
12193,5114
12193,5134
12193,5154
12193,5174
12193,5194
12193,5214
12193,5234
12203,4494
12203,4514
12203,4534
12203,4554
12203,4574
12203,4594
12203,4614
12203,4634
12203,4654
12203,4674
12203,4694
12203,4714
12203,4734
12203,4754
12203,4774
12203,4794
12203,4814
12203,4834
12203,4854
12203,4874
12203,4894
12203,4914
12203,4934
12203,4954
12203,4974
12203,4994
12203,5014
12203,5034
12203,5054
12203,5074
12203,5094
12203,5114
12203,5134
12203,5154
12203,5174
12203,5194
12203,5214
12203,5234
12213,4494
12213,4514
12213,4534
12213,4554
12213,4574
12213,4594
12213,4614
12213,4634
12213,4654
12213,4674
12213,4694
12213,4714
12213,4734
12213,4754
12213,4774
12213,4794
12213,4814
12213,4834
12213,4854
12213,4874
12213,4894
12213,4914
12213,4934
12213,4954
12213,4974
12213,4994
12213,5014
12213,5034
12213,5054
12213,5074
12213,5094
12213,5114
12213,5134
12213,5154
12213,5174
12213,5194
12213,5214
12213,5234
12223,4494
12223,4514
12223,4534
12223,4554
12223,4574
12223,4594
12223,4614
12223,4634
12223,4654
12223,4674
12223,4694
12223,4714
12223,4734
12223,4754
12223,4774
12223,4794
12223,4814
12223,4834
12223,4854
12223,4874
12223,4894
12223,4914
12223,4934
12223,4954
12223,4974
12223,4994
12223,5014
12223,5034
12223,5054
12223,5074
12223,5094
12223,5114
12223,5134
12223,5154
12223,5174
12223,5194
12223,5214
12223,5234
12233,4494
12233,4514
12233,4534
12233,4554
12233,4574
12233,4594
12233,4614
12233,4634
12233,4654
12233,4674
12233,4694
12233,4714
12233,4734
12233,4754
12233,4774
12233,4794
12233,4814
12233,4834
12233,4854
12233,4874
12233,4894
12233,4914
12233,4934
12233,4954
12233,4974
12233,4994
12233,5014
12233,5034
12233,5054
12233,5074
12233,5094
12233,5114
12233,5134
12233,5154
12233,5174
12233,5194
12233,5214
12233,5234
12243,4494
12243,4514
12243,4534
12243,4554
12243,4574
12243,4594
12243,4614
12243,4634
12243,4654
12243,4674
12243,4694
12243,4714
12243,4734
12243,4754
12243,4774
12243,4794
12243,4814
12243,4834
12243,4854
12243,4874
12243,4894
12243,4914
12243,4934
12243,4954
12243,4974
12243,4994
12243,5014
12243,5034
12243,5054
12243,5074
12243,5094
12243,5114
12243,5134
12243,5154
12243,5174
12243,5194
12243,5214
12243,5234
12253,4494
12253,4514
12253,4534
12253,4554
12253,4574
12253,4594
12253,4614
12253,4634
12253,4654
12253,4674
12253,4694
12253,4714
12253,4734
12253,4754
12253,4774
12253,4794
12253,4814
12253,4834
12253,4854
12253,4874
12253,4894
12253,4914
12253,4934
12253,4954
12253,4974
12253,4994
12253,5014
12253,5034
12253,5054
12253,5074
12253,5094
12253,5114
12253,5134
12253,5154
12253,5174
12253,5194
12253,5214
12253,5234
12263,4494
12263,4514
12263,4534
12263,4554
12263,4574
12263,4594
12263,4614
12263,4634
12263,4654
12263,4674
12263,4694
12263,4714
12263,4734
12263,4754
12263,4774
12263,4794
12263,4814
12263,4834
12263,4854
12263,4874
12263,4894
12263,4914
12263,4934
12263,4954
12263,4974
12263,4994
12263,5014
12263,5034
12263,5054
12263,5074
12263,5094
12263,5114
12263,5134
12263,5154
12263,5174
12263,5194
12263,5214
12263,5234
12273,4494
12273,4514
12273,4534
12273,4554
12273,4574
12273,4594
12273,4614
12273,4634
12273,4654
12273,4674
12273,4694
12273,4714
12273,4734
12273,4754
12273,4774
12273,4794
12273,4814
12273,4834
12273,4854
12273,4874
12273,4894
12273,4914
12273,4934
12273,4954
12273,4974
12273,4994
12273,5014
12273,5034
12273,5054
12273,5074
12273,5094
12273,5114
12273,5134
12273,5154
12273,5174
12273,5194
12273,5214
12273,5234
12283,4494
12283,4514
12283,4534
12283,4554
12283,4574
12283,4594
12283,4614
12283,4634
12283,4654
12283,4674
12283,4694
12283,4714
12283,4734
12283,4754
12283,4774
12283,4794
12283,4814
12283,4834
12283,4854
12283,4874
12283,4894
12283,4914
12283,4934
12283,4954
12283,4974
12283,4994
12283,5014
12283,5034
12283,5054
12283,5074
12283,5094
12283,5114
12283,5134
12283,5154
12283,5174
12283,5194
12283,5214
12283,5234
5872,9561
5872,9581
5872,9601
5872,9621
5872,9641
5872,9661
5872,9681
5872,9701
5872,9721
5872,9741
5872,9761
5872,9781
5872,9801
5872,9821
5872,9841
5872,9861
5872,9881
5872,9901
5872,9921
5872,9941
5872,9961
5872,9981
5872,10001
5872,10021
5872,10041
5872,10061
5872,10081
5872,10101
5872,10121
5872,10141
5872,10161
5872,10181
5872,10201
5872,10221
5872,10241
5882,9561
5882,9581
5882,9601
5882,9621
5882,9641
5882,9661
5882,9681
5882,9701
5882,9721
5882,9741
5882,9761
5882,9781
5882,9801
5882,9821
5882,9841
5882,9861
5882,9881
5882,9901
5882,9921
5882,9941
5882,9961
5882,9981
5882,10001
5882,10021
5882,10041
5882,10061
5882,10081
5882,10101
5882,10121
5882,10141
5882,10161
5882,10181
5882,10201
5882,10221
5882,10241
5892,9561
5892,9581
5892,9601
5892,9621
5892,9641
5892,9661
5892,9681
5892,9701
5892,9721
5892,9741
5892,9761
5892,9781
5892,9801
5892,9821
5892,9841
5892,9861
5892,9881
5892,9901
5892,9921
5892,9941
5892,9961
5892,9981
5892,10001
5892,10021
5892,10041
5892,10061
5892,10081
5892,10101
5892,10121
5892,10141
5892,10161
5892,10181
5892,10201
5892,10221
5892,10241
5902,9561
5902,9581
5902,9601
5902,9621
5902,9641
5902,9661
5902,9681
5902,9701
5902,9721
5902,9741
5902,9761
5902,9781
5902,9801
5902,9821
5902,9841
5902,9861
5902,9881
5902,9901
5902,9921
5902,9941
5902,9961
5902,9981
5902,10001
5902,10021
5902,10041
5902,10061
5902,10081
5902,10101
5902,10121
5902,10141
5902,10161
5902,10181
5902,10201
5902,10221
5902,10241
5912,9561
5912,9581
5912,9601
5912,9621
5912,9641
5912,9661
5912,9681
5912,9701
5912,9721
5912,9741
5912,9761
5912,9781
5912,9801
5912,9821
5912,9841
5912,9861
5912,9881
5912,9901
5912,9921
5912,9941
5912,9961
5912,9981
5912,10001
5912,10021
5912,10041
5912,10061
5912,10081
5912,10101
5912,10121
5912,10141
5912,10161
5912,10181
5912,10201
5912,10221
5912,10241
5922,9561
5922,9581
5922,9601
5922,9621
5922,9641
5922,9661
5922,9681
5922,9701
5922,9721
5922,9741
5922,9761
5922,9781
5922,9801
5922,9821
5922,9841
5922,9861
5922,9881
5922,9901
5922,9921
5922,9941
5922,9961
5922,9981
5922,10001
5922,10021
5922,10041
5922,10061
5922,10081
5922,10101
5922,10121
5922,10141
5922,10161
5922,10181
5922,10201
5922,10221
5922,10241
5932,9561
5932,9581
5932,9601
5932,9621
5932,9641
5932,9661
5932,9681
5932,9701
5932,9721
5932,9741
5932,9761
5932,9781
5932,9801
5932,9821
5932,9841
5932,9861
5932,9881
5932,9901
5932,9921
5932,9941
5932,9961
5932,9981
5932,10001
5932,10021
5932,10041
5932,10061
5932,10081
5932,10101
5932,10121
5932,10141
5932,10161
5932,10181
5932,10201
5932,10221
5932,10241
5942,9561
5942,9581
5942,9601
5942,9621
5942,9641
5942,9661
5942,9681
5942,9701
5942,9721
5942,9741
5942,9761
5942,9781
5942,9801
5942,9821
5942,9841
5942,9861
5942,9881
5942,9901
5942,9921
5942,9941
5942,9961
5942,9981
5942,10001
5942,10021
5942,10041
5942,10061
5942,10081
5942,10101
5942,10121
5942,10141
5942,10161
5942,10181
5942,10201
5942,10221
5942,10241
5952,9561
5952,9581
5952,9601
5952,9621
5952,9641
5952,9661
5952,9681
5952,9701
5952,9721
5952,9741
5952,9761
5952,9781
5952,9801
5952,9821
5952,9841
5952,9861
5952,9881
5952,9901
5952,9921
5952,9941
5952,9961
5952,9981
5952,10001
5952,10021
5952,10041
5952,10061
5952,10081
5952,10101
5952,10121
5952,10141
5952,10161
5952,10181
5952,10201
5952,10221
5952,10241
5962,9561
5962,9581
5962,9601
5962,9621
5962,9641
5962,9661
5962,9681
5962,9701
5962,9721
5962,9741
5962,9761
5962,9781
5962,9801
5962,9821
5962,9841
5962,9861
5962,9881
5962,9901
5962,9921
5962,9941
5962,9961
5962,9981
5962,10001
5962,10021
5962,10041
5962,10061
5962,10081
5962,10101
5962,10121
5962,10141
5962,10161
5962,10181
5962,10201
5962,10221
5962,10241
5972,9561
5972,9581
5972,9601
5972,9621
5972,9641
5972,9661
5972,9681
5972,9701
5972,9721
5972,9741
5972,9761
5972,9781
5972,9801
5972,9821
5972,9841
5972,9861
5972,9881
5972,9901
5972,9921
5972,9941
5972,9961
5972,9981
5972,10001
5972,10021
5972,10041
5972,10061
5972,10081
5972,10101
5972,10121
5972,10141
5972,10161
5972,10181
5972,10201
5972,10221
5972,10241
5982,9561
5982,9581
5982,9601
5982,9621
5982,9641
5982,9661
5982,9681
5982,9701
5982,9721
5982,9741
5982,9761
5982,9781
5982,9801
5982,9821
5982,9841
5982,9861
5982,9881
5982,9901
5982,9921
5982,9941
5982,9961
5982,9981
5982,10001
5982,10021
5982,10041
5982,10061
5982,10081
5982,10101
5982,10121
5982,10141
5982,10161
5982,10181
5982,10201
5982,10221
5982,10241
5992,9561
5992,9581
5992,9601
5992,9621
5992,9641
5992,9661
5992,9681
5992,9701
5992,9721
5992,9741
5992,9761
5992,9781
5992,9801
5992,9821
5992,9841
5992,9861
5992,9881
5992,9901
5992,9921
5992,9941
5992,9961
5992,9981
5992,10001
5992,10021
5992,10041
5992,10061
5992,10081
5992,10101
5992,10121
5992,10141
5992,10161
5992,10181
5992,10201
5992,10221
5992,10241
6002,9561
6002,9581
6002,9601
6002,9621
6002,9641
6002,9661
6002,9681
6002,9701
6002,9721
6002,9741
6002,9761
6002,9781
6002,9801
6002,9821
6002,9841
6002,9861
6002,9881
6002,9901
6002,9921
6002,9941
6002,9961
6002,9981
6002,10001
6002,10021
6002,10041
6002,10061
6002,10081
6002,10101
6002,10121
6002,10141
6002,10161
6002,10181
6002,10201
6002,10221
6002,10241
6012,9561
6012,9581
6012,9601
6012,9621
6012,9641
6012,9661
6012,9681
6012,9701
6012,9721
6012,9741
6012,9761
6012,9781
6012,9801
6012,9821
6012,9841
6012,9861
6012,9881
6012,9901
6012,9921
6012,9941
6012,9961
6012,9981
6012,10001
6012,10021
6012,10041
6012,10061
6012,10081
6012,10101
6012,10121
6012,10141
6012,10161
6012,10181
6012,10201
6012,10221
6012,10241
6022,9561
6022,9581
6022,9601
6022,9621
6022,9641
6022,9661
6022,9681
6022,9701
6022,9721
6022,9741
6022,9761
6022,9781
6022,9801
6022,9821
6022,9841
6022,9861
6022,9881
6022,9901
6022,9921
6022,9941
6022,9961
6022,9981
6022,10001
6022,10021
6022,10041
6022,10061
6022,10081
6022,10101
6022,10121
6022,10141
6022,10161
6022,10181
6022,10201
6022,10221
6022,10241
6032,9561
6032,9581
6032,9601
6032,9621
6032,9641
6032,9661
6032,9681
6032,9701
6032,9721
6032,9741
6032,9761
6032,9781
6032,9801
6032,9821
6032,9841
6032,9861
6032,9881
6032,9901
6032,9921
6032,9941
6032,9961
6032,9981
6032,10001
6032,10021
6032,10041
6032,10061
6032,10081
6032,10101
6032,10121
6032,10141
6032,10161
6032,10181
6032,10201
6032,10221
6032,10241
6042,9561
6042,9581
6042,9601
6042,9621
6042,9641
6042,9661
6042,9681
6042,9701
6042,9721
6042,9741
6042,9761
6042,9781
6042,9801
6042,9821
6042,9841
6042,9861
6042,9881
6042,9901
6042,9921
6042,9941
6042,9961
6042,9981
6042,10001
6042,10021
6042,10041
6042,10061
6042,10081
6042,10101
6042,10121
6042,10141
6042,10161
6042,10181
6042,10201
6042,10221
6042,10241
6052,9561
6052,9581
6052,9601
6052,9621
6052,9641
6052,9661
6052,9681
6052,9701
6052,9721
6052,9741
6052,9761
6052,9781
6052,9801
6052,9821
6052,9841
6052,9861
6052,9881
6052,9901
6052,9921
6052,9941
6052,9961
6052,9981
6052,10001
6052,10021
6052,10041
6052,10061
6052,10081
6052,10101
6052,10121
6052,10141
6052,10161
6052,10181
6052,10201
6052,10221
6052,10241
6062,9561
6062,9581
6062,9601
6062,9621
6062,9641
6062,9661
6062,9681
6062,9701
6062,9721
6062,9741
6062,9761
6062,9781
6062,9801
6062,9821
6062,9841
6062,9861
6062,9881
6062,9901
6062,9921
6062,9941
6062,9961
6062,9981
6062,10001
6062,10021
6062,10041
6062,10061
6062,10081
6062,10101
6062,10121
6062,10141
6062,10161
6062,10181
6062,10201
6062,10221
6062,10241
6072,9561
6072,9581
6072,9601
6072,9621
6072,9641
6072,9661
6072,9681
6072,9701
6072,9721
6072,9741
6072,9761
6072,9781
6072,9801
6072,9821
6072,9841
6072,9861
6072,9881
6072,9901
6072,9921
6072,9941
6072,9961
6072,9981
6072,10001
6072,10021
6072,10041
6072,10061
6072,10081
6072,10101
6072,10121
6072,10141
6072,10161
6072,10181
6072,10201
6072,10221
6072,10241
6082,9561
6082,9581
6082,9601
6082,9621
6082,9641
6082,9661
6082,9681
6082,9701
6082,9721
6082,9741
6082,9761
6082,9781
6082,9801
6082,9821
6082,9841
6082,9861
6082,9881
6082,9901
6082,9921
6082,9941
6082,9961
6082,9981
6082,10001
6082,10021
6082,10041
6082,10061
6082,10081
6082,10101
6082,10121
6082,10141
6082,10161
6082,10181
6082,10201
6082,10221
6082,10241
6092,9561
6092,9581
6092,9601
6092,9621
6092,9641
6092,9661
6092,9681
6092,9701
6092,9721
6092,9741
6092,9761
6092,9781
6092,9801
6092,9821
6092,9841
6092,9861
6092,9881
6092,9901
6092,9921
6092,9941
6092,9961
6092,9981
6092,10001
6092,10021
6092,10041
6092,10061
6092,10081
6092,10101
6092,10121
6092,10141
6092,10161
6092,10181
6092,10201
6092,10221
6092,10241
6102,9561
6102,9581
6102,9601
6102,9621
6102,9641
6102,9661
6102,9681
6102,9701
6102,9721
6102,9741
6102,9761
6102,9781
6102,9801
6102,9821
6102,9841
6102,9861
6102,9881
6102,9901
6102,9921
6102,9941
6102,9961
6102,9981
6102,10001
6102,10021
6102,10041
6102,10061
6102,10081
6102,10101
6102,10121
6102,10141
6102,10161
6102,10181
6102,10201
6102,10221
6102,10241
6112,9561
6112,9581
6112,9601
6112,9621
6112,9641
6112,9661
6112,9681
6112,9701
6112,9721
6112,9741
6112,9761
6112,9781
6112,9801
6112,9821
6112,9841
6112,9861
6112,9881
6112,9901
6112,9921
6112,9941
6112,9961
6112,9981
6112,10001
6112,10021
6112,10041
6112,10061
6112,10081
6112,10101
6112,10121
6112,10141
6112,10161
6112,10181
6112,10201
6112,10221
6112,10241
6122,9561
6122,9581
6122,9601
6122,9621
6122,9641
6122,9661
6122,9681
6122,9701
6122,9721
6122,9741
6122,9761
6122,9781
6122,9801
6122,9821
6122,9841
6122,9861
6122,9881
6122,9901
6122,9921
6122,9941
6122,9961
6122,9981
6122,10001
6122,10021
6122,10041
6122,10061
6122,10081
6122,10101
6122,10121
6122,10141
6122,10161
6122,10181
6122,10201
6122,10221
6122,10241
6132,9561
6132,9581
6132,9601
6132,9621
6132,9641
6132,9661
6132,9681
6132,9701
6132,9721
6132,9741
6132,9761
6132,9781
6132,9801
6132,9821
6132,9841
6132,9861
6132,9881
6132,9901
6132,9921
6132,9941
6132,9961
6132,9981
6132,10001
6132,10021
6132,10041
6132,10061
6132,10081
6132,10101
6132,10121
6132,10141
6132,10161
6132,10181
6132,10201
6132,10221
6132,10241
6142,9561
6142,9581
6142,9601
6142,9621
6142,9641
6142,9661
6142,9681
6142,9701
6142,9721
6142,9741
6142,9761
6142,9781
6142,9801
6142,9821
6142,9841
6142,9861
6142,9881
6142,9901
6142,9921
6142,9941
6142,9961
6142,9981
6142,10001
6142,10021
6142,10041
6142,10061
6142,10081
6142,10101
6142,10121
6142,10141
6142,10161
6142,10181
6142,10201
6142,10221
6142,10241
6152,9561
6152,9581
6152,9601
6152,9621
6152,9641
6152,9661
6152,9681
6152,9701
6152,9721
6152,9741
6152,9761
6152,9781
6152,9801
6152,9821
6152,9841
6152,9861
6152,9881
6152,9901
6152,9921
6152,9941
6152,9961
6152,9981
6152,10001
6152,10021
6152,10041
6152,10061
6152,10081
6152,10101
6152,10121
6152,10141
6152,10161
6152,10181
6152,10201
6152,10221
6152,10241
6162,9561
6162,9581
6162,9601
6162,9621
6162,9641
6162,9661
6162,9681
6162,9701
6162,9721
6162,9741
6162,9761
6162,9781
6162,9801
6162,9821
6162,9841
6162,9861
6162,9881
6162,9901
6162,9921
6162,9941
6162,9961
6162,9981
6162,10001
6162,10021
6162,10041
6162,10061
6162,10081
6162,10101
6162,10121
6162,10141
6162,10161
6162,10181
6162,10201
6162,10221
6162,10241
6172,9561
6172,9581
6172,9601
6172,9621
6172,9641
6172,9661
6172,9681
6172,9701
6172,9721
6172,9741
6172,9761
6172,9781
6172,9801
6172,9821
6172,9841
6172,9861
6172,9881
6172,9901
6172,9921
6172,9941
6172,9961
6172,9981
6172,10001
6172,10021
6172,10041
6172,10061
6172,10081
6172,10101
6172,10121
6172,10141
6172,10161
6172,10181
6172,10201
6172,10221
6172,10241
6182,9561
6182,9581
6182,9601
6182,9621
6182,9641
6182,9661
6182,9681
6182,9701
6182,9721
6182,9741
6182,9761
6182,9781
6182,9801
6182,9821
6182,9841
6182,9861
6182,9881
6182,9901
6182,9921
6182,9941
6182,9961
6182,9981
6182,10001
6182,10021
6182,10041
6182,10061
6182,10081
6182,10101
6182,10121
6182,10141
6182,10161
6182,10181
6182,10201
6182,10221
6182,10241
6192,9561
6192,9581
6192,9601
6192,9621
6192,9641
6192,9661
6192,9681
6192,9701
6192,9721
6192,9741
6192,9761
6192,9781
6192,9801
6192,9821
6192,9841
6192,9861
6192,9881
6192,9901
6192,9921
6192,9941
6192,9961
6192,9981
6192,10001
6192,10021
6192,10041
6192,10061
6192,10081
6192,10101
6192,10121
6192,10141
6192,10161
6192,10181
6192,10201
6192,10221
6192,10241
6202,9561
6202,9581
6202,9601
6202,9621
6202,9641
6202,9661
6202,9681
6202,9701
6202,9721
6202,9741
6202,9761
6202,9781
6202,9801
6202,9821
6202,9841
6202,9861
6202,9881
6202,9901
6202,9921
6202,9941
6202,9961
6202,9981
6202,10001
6202,10021
6202,10041
6202,10061
6202,10081
6202,10101
6202,10121
6202,10141
6202,10161
6202,10181
6202,10201
6202,10221
6202,10241
6212,9561
6212,9581
6212,9601
6212,9621
6212,9641
6212,9661
6212,9681
6212,9701
6212,9721
6212,9741
6212,9761
6212,9781
6212,9801
6212,9821
6212,9841
6212,9861
6212,9881
6212,9901
6212,9921
6212,9941
6212,9961
6212,9981
6212,10001
6212,10021
6212,10041
6212,10061
6212,10081
6212,10101
6212,10121
6212,10141
6212,10161
6212,10181
6212,10201
6212,10221
6212,10241
6222,9561
6222,9581
6222,9601
6222,9621
6222,9641
6222,9661
6222,9681
6222,9701
6222,9721
6222,9741
6222,9761
6222,9781
6222,9801
6222,9821
6222,9841
6222,9861
6222,9881
6222,9901
6222,9921
6222,9941
6222,9961
6222,9981
6222,10001
6222,10021
6222,10041
6222,10061
6222,10081
6222,10101
6222,10121
6222,10141
6222,10161
6222,10181
6222,10201
6222,10221
6222,10241
6232,9561
6232,9581
6232,9601
6232,9621
6232,9641
6232,9661
6232,9681
6232,9701
6232,9721
6232,9741
6232,9761
6232,9781
6232,9801
6232,9821
6232,9841
6232,9861
6232,9881
6232,9901
6232,9921
6232,9941
6232,9961
6232,9981
6232,10001
6232,10021
6232,10041
6232,10061
6232,10081
6232,10101
6232,10121
6232,10141
6232,10161
6232,10181
6232,10201
6232,10221
6232,10241
6242,9561
6242,9581
6242,9601
6242,9621
6242,9641
6242,9661
6242,9681
6242,9701
6242,9721
6242,9741
6242,9761
6242,9781
6242,9801
6242,9821
6242,9841
6242,9861
6242,9881
6242,9901
6242,9921
6242,9941
6242,9961
6242,9981
6242,10001
6242,10021
6242,10041
6242,10061
6242,10081
6242,10101
6242,10121
6242,10141
6242,10161
6242,10181
6242,10201
6242,10221
6242,10241
6252,9561
6252,9581
6252,9601
6252,9621
6252,9641
6252,9661
6252,9681
6252,9701
6252,9721
6252,9741
6252,9761
6252,9781
6252,9801
6252,9821
6252,9841
6252,9861
6252,9881
6252,9901
6252,9921
6252,9941
6252,9961
6252,9981
6252,10001
6252,10021
6252,10041
6252,10061
6252,10081
6252,10101
6252,10121
6252,10141
6252,10161
6252,10181
6252,10201
6252,10221
6252,10241
6262,9561
6262,9581
6262,9601
6262,9621
6262,9641
6262,9661
6262,9681
6262,9701
6262,9721
6262,9741
6262,9761
6262,9781
6262,9801
6262,9821
6262,9841
6262,9861
6262,9881
6262,9901
6262,9921
6262,9941
6262,9961
6262,9981
6262,10001
6262,10021
6262,10041
6262,10061
6262,10081
6262,10101
6262,10121
6262,10141
6262,10161
6262,10181
6262,10201
6262,10221
6262,10241
6272,9561
6272,9581
6272,9601
6272,9621
6272,9641
6272,9661
6272,9681
6272,9701
6272,9721
6272,9741
6272,9761
6272,9781
6272,9801
6272,9821
6272,9841
6272,9861
6272,9881
6272,9901
6272,9921
6272,9941
6272,9961
6272,9981
6272,10001
6272,10021
6272,10041
6272,10061
6272,10081
6272,10101
6272,10121
6272,10141
6272,10161
6272,10181
6272,10201
6272,10221
6272,10241
6282,9561
6282,9581
6282,9601
6282,9621
6282,9641
6282,9661
6282,9681
6282,9701
6282,9721
6282,9741
6282,9761
6282,9781
6282,9801
6282,9821
6282,9841
6282,9861
6282,9881
6282,9901
6282,9921
6282,9941
6282,9961
6282,9981
6282,10001
6282,10021
6282,10041
6282,10061
6282,10081
6282,10101
6282,10121
6282,10141
6282,10161
6282,10181
6282,10201
6282,10221
6282,10241
6292,9561
6292,9581
6292,9601
6292,9621
6292,9641
6292,9661
6292,9681
6292,9701
6292,9721
6292,9741
6292,9761
6292,9781
6292,9801
6292,9821
6292,9841
6292,9861
6292,9881
6292,9901
6292,9921
6292,9941
6292,9961
6292,9981
6292,10001
6292,10021
6292,10041
6292,10061
6292,10081
6292,10101
6292,10121
6292,10141
6292,10161
6292,10181
6292,10201
6292,10221
6292,10241
6302,9561
6302,9581
6302,9601
6302,9621
6302,9641
6302,9661
6302,9681
6302,9701
6302,9721
6302,9741
6302,9761
6302,9781
6302,9801
6302,9821
6302,9841
6302,9861
6302,9881
6302,9901
6302,9921
6302,9941
6302,9961
6302,9981
6302,10001
6302,10021
6302,10041
6302,10061
6302,10081
6302,10101
6302,10121
6302,10141
6302,10161
6302,10181
6302,10201
6302,10221
6302,10241
6312,9561
6312,9581
6312,9601
6312,9621
6312,9641
6312,9661
6312,9681
6312,9701
6312,9721
6312,9741
6312,9761
6312,9781
6312,9801
6312,9821
6312,9841
6312,9861
6312,9881
6312,9901
6312,9921
6312,9941
6312,9961
6312,9981
6312,10001
6312,10021
6312,10041
6312,10061
6312,10081
6312,10101
6312,10121
6312,10141
6312,10161
6312,10181
6312,10201
6312,10221
6312,10241
6322,9561
6322,9581
6322,9601
6322,9621
6322,9641
6322,9661
6322,9681
6322,9701
6322,9721
6322,9741
6322,9761
6322,9781
6322,9801
6322,9821
6322,9841
6322,9861
6322,9881
6322,9901
6322,9921
6322,9941
6322,9961
6322,9981
6322,10001
6322,10021
6322,10041
6322,10061
6322,10081
6322,10101
6322,10121
6322,10141
6322,10161
6322,10181
6322,10201
6322,10221
6322,10241
6332,9561
6332,9581
6332,9601
6332,9621
6332,9641
6332,9661
6332,9681
6332,9701
6332,9721
6332,9741
6332,9761
6332,9781
6332,9801
6332,9821
6332,9841
6332,9861
6332,9881
6332,9901
6332,9921
6332,9941
6332,9961
6332,9981
6332,10001
6332,10021
6332,10041
6332,10061
6332,10081
6332,10101
6332,10121
6332,10141
6332,10161
6332,10181
6332,10201
6332,10221
6332,10241
6342,9561
6342,9581
6342,9601
6342,9621
6342,9641
6342,9661
6342,9681
6342,9701
6342,9721
6342,9741
6342,9761
6342,9781
6342,9801
6342,9821
6342,9841
6342,9861
6342,9881
6342,9901
6342,9921
6342,9941
6342,9961
6342,9981
6342,10001
6342,10021
6342,10041
6342,10061
6342,10081
6342,10101
6342,10121
6342,10141
6342,10161
6342,10181
6342,10201
6342,10221
6342,10241
6352,9561
6352,9581
6352,9601
6352,9621
6352,9641
6352,9661
6352,9681
6352,9701
6352,9721
6352,9741
6352,9761
6352,9781
6352,9801
6352,9821
6352,9841
6352,9861
6352,9881
6352,9901
6352,9921
6352,9941
6352,9961
6352,9981
6352,10001
6352,10021
6352,10041
6352,10061
6352,10081
6352,10101
6352,10121
6352,10141
6352,10161
6352,10181
6352,10201
6352,10221
6352,10241
6362,9561
6362,9581
6362,9601
6362,9621
6362,9641
6362,9661
6362,9681
6362,9701
6362,9721
6362,9741
6362,9761
6362,9781
6362,9801
6362,9821
6362,9841
6362,9861
6362,9881
6362,9901
6362,9921
6362,9941
6362,9961
6362,9981
6362,10001
6362,10021
6362,10041
6362,10061
6362,10081
6362,10101
6362,10121
6362,10141
6362,10161
6362,10181
6362,10201
6362,10221
6362,10241
6372,9561
6372,9581
6372,9601
6372,9621
6372,9641
6372,9661
6372,9681
6372,9701
6372,9721
6372,9741
6372,9761
6372,9781
6372,9801
6372,9821
6372,9841
6372,9861
6372,9881
6372,9901
6372,9921
6372,9941
6372,9961
6372,9981
6372,10001
6372,10021
6372,10041
6372,10061
6372,10081
6372,10101
6372,10121
6372,10141
6372,10161
6372,10181
6372,10201
6372,10221
6372,10241
6382,9561
6382,9581
6382,9601
6382,9621
6382,9641
6382,9661
6382,9681
6382,9701
6382,9721
6382,9741
6382,9761
6382,9781
6382,9801
6382,9821
6382,9841
6382,9861
6382,9881
6382,9901
6382,9921
6382,9941
6382,9961
6382,9981
6382,10001
6382,10021
6382,10041
6382,10061
6382,10081
6382,10101
6382,10121
6382,10141
6382,10161
6382,10181
6382,10201
6382,10221
6382,10241
6392,9561
6392,9581
6392,9601
6392,9621
6392,9641
6392,9661
6392,9681
6392,9701
6392,9721
6392,9741
6392,9761
6392,9781
6392,9801
6392,9821
6392,9841
6392,9861
6392,9881
6392,9901
6392,9921
6392,9941
6392,9961
6392,9981
6392,10001
6392,10021
6392,10041
6392,10061
6392,10081
6392,10101
6392,10121
6392,10141
6392,10161
6392,10181
6392,10201
6392,10221
6392,10241
6402,9561
6402,9581
6402,9601
6402,9621
6402,9641
6402,9661
6402,9681
6402,9701
6402,9721
6402,9741
6402,9761
6402,9781
6402,9801
6402,9821
6402,9841
6402,9861
6402,9881
6402,9901
6402,9921
6402,9941
6402,9961
6402,9981
6402,10001
6402,10021
6402,10041
6402,10061
6402,10081
6402,10101
6402,10121
6402,10141
6402,10161
6402,10181
6402,10201
6402,10221
6402,10241
6412,9561
6412,9581
6412,9601
6412,9621
6412,9641
6412,9661
6412,9681
6412,9701
6412,9721
6412,9741
6412,9761
6412,9781
6412,9801
6412,9821
6412,9841
6412,9861
6412,9881
6412,9901
6412,9921
6412,9941
6412,9961
6412,9981
6412,10001
6412,10021
6412,10041
6412,10061
6412,10081
6412,10101
6412,10121
6412,10141
6412,10161
6412,10181
6412,10201
6412,10221
6412,10241
6422,9561
6422,9581
6422,9601
6422,9621
6422,9641
6422,9661
6422,9681
6422,9701
6422,9721
6422,9741
6422,9761
6422,9781
6422,9801
6422,9821
6422,9841
6422,9861
6422,9881
6422,9901
6422,9921
6422,9941
6422,9961
6422,9981
6422,10001
6422,10021
6422,10041
6422,10061
6422,10081
6422,10101
6422,10121
6422,10141
6422,10161
6422,10181
6422,10201
6422,10221
6422,10241
6432,9561
6432,9581
6432,9601
6432,9621
6432,9641
6432,9661
6432,9681
6432,9701
6432,9721
6432,9741
6432,9761
6432,9781
6432,9801
6432,9821
6432,9841
6432,9861
6432,9881
6432,9901
6432,9921
6432,9941
6432,9961
6432,9981
6432,10001
6432,10021
6432,10041
6432,10061
6432,10081
6432,10101
6432,10121
6432,10141
6432,10161
6432,10181
6432,10201
6432,10221
6432,10241
6442,9561
6442,9581
6442,9601
6442,9621
6442,9641
6442,9661
6442,9681
6442,9701
6442,9721
6442,9741
6442,9761
6442,9781
6442,9801
6442,9821
6442,9841
6442,9861
6442,9881
6442,9901
6442,9921
6442,9941
6442,9961
6442,9981
6442,10001
6442,10021
6442,10041
6442,10061
6442,10081
6442,10101
6442,10121
6442,10141
6442,10161
6442,10181
6442,10201
6442,10221
6442,10241
6452,9561
6452,9581
6452,9601
6452,9621
6452,9641
6452,9661
6452,9681
6452,9701
6452,9721
6452,9741
6452,9761
6452,9781
6452,9801
6452,9821
6452,9841
6452,9861
6452,9881
6452,9901
6452,9921
6452,9941
6452,9961
6452,9981
6452,10001
6452,10021
6452,10041
6452,10061
6452,10081
6452,10101
6452,10121
6452,10141
6452,10161
6452,10181
6452,10201
6452,10221
6452,10241
6462,9561
6462,9581
6462,9601
6462,9621
6462,9641
6462,9661
6462,9681
6462,9701
6462,9721
6462,9741
6462,9761
6462,9781
6462,9801
6462,9821
6462,9841
6462,9861
6462,9881
6462,9901
6462,9921
6462,9941
6462,9961
6462,9981
6462,10001
6462,10021
6462,10041
6462,10061
6462,10081
6462,10101
6462,10121
6462,10141
6462,10161
6462,10181
6462,10201
6462,10221
6462,10241
6472,9561
6472,9581
6472,9601
6472,9621
6472,9641
6472,9661
6472,9681
6472,9701
6472,9721
6472,9741
6472,9761
6472,9781
6472,9801
6472,9821
6472,9841
6472,9861
6472,9881
6472,9901
6472,9921
6472,9941
6472,9961
6472,9981
6472,10001
6472,10021
6472,10041
6472,10061
6472,10081
6472,10101
6472,10121
6472,10141
6472,10161
6472,10181
6472,10201
6472,10221
6472,10241
6482,9561
6482,9581
6482,9601
6482,9621
6482,9641
6482,9661
6482,9681
6482,9701
6482,9721
6482,9741
6482,9761
6482,9781
6482,9801
6482,9821
6482,9841
6482,9861
6482,9881
6482,9901
6482,9921
6482,9941
6482,9961
6482,9981
6482,10001
6482,10021
6482,10041
6482,10061
6482,10081
6482,10101
6482,10121
6482,10141
6482,10161
6482,10181
6482,10201
6482,10221
6482,10241
6492,9561
6492,9581
6492,9601
6492,9621
6492,9641
6492,9661
6492,9681
6492,9701
6492,9721
6492,9741
6492,9761
6492,9781
6492,9801
6492,9821
6492,9841
6492,9861
6492,9881
6492,9901
6492,9921
6492,9941
6492,9961
6492,9981
6492,10001
6492,10021
6492,10041
6492,10061
6492,10081
6492,10101
6492,10121
6492,10141
6492,10161
6492,10181
6492,10201
6492,10221
6492,10241
6502,9561
6502,9581
6502,9601
6502,9621
6502,9641
6502,9661
6502,9681
6502,9701
6502,9721
6502,9741
6502,9761
6502,9781
6502,9801
6502,9821
6502,9841
6502,9861
6502,9881
6502,9901
6502,9921
6502,9941
6502,9961
6502,9981
6502,10001
6502,10021
6502,10041
6502,10061
6502,10081
6502,10101
6502,10121
6502,10141
6502,10161
6502,10181
6502,10201
6502,10221
6502,10241
6512,9561
6512,9581
6512,9601
6512,9621
6512,9641
6512,9661
6512,9681
6512,9701
6512,9721
6512,9741
6512,9761
6512,9781
6512,9801
6512,9821
6512,9841
6512,9861
6512,9881
6512,9901
6512,9921
6512,9941
6512,9961
6512,9981
6512,10001
6512,10021
6512,10041
6512,10061
6512,10081
6512,10101
6512,10121
6512,10141
6512,10161
6512,10181
6512,10201
6512,10221
6512,10241
6522,9561
6522,9581
6522,9601
6522,9621
6522,9641
6522,9661
6522,9681
6522,9701
6522,9721
6522,9741
6522,9761
6522,9781
6522,9801
6522,9821
6522,9841
6522,9861
6522,9881
6522,9901
6522,9921
6522,9941
6522,9961
6522,9981
6522,10001
6522,10021
6522,10041
6522,10061
6522,10081
6522,10101
6522,10121
6522,10141
6522,10161
6522,10181
6522,10201
6522,10221
6522,10241
6532,9561
6532,9581
6532,9601
6532,9621
6532,9641
6532,9661
6532,9681
6532,9701
6532,9721
6532,9741
6532,9761
6532,9781
6532,9801
6532,9821
6532,9841
6532,9861
6532,9881
6532,9901
6532,9921
6532,9941
6532,9961
6532,9981
6532,10001
6532,10021
6532,10041
6532,10061
6532,10081
6532,10101
6532,10121
6532,10141
6532,10161
6532,10181
6532,10201
6532,10221
6532,10241
6542,9561
6542,9581
6542,9601
6542,9621
6542,9641
6542,9661
6542,9681
6542,9701
6542,9721
6542,9741
6542,9761
6542,9781
6542,9801
6542,9821
6542,9841
6542,9861
6542,9881
6542,9901
6542,9921
6542,9941
6542,9961
6542,9981
6542,10001
6542,10021
6542,10041
6542,10061
6542,10081
6542,10101
6542,10121
6542,10141
6542,10161
6542,10181
6542,10201
6542,10221
6542,10241
6552,9561
6552,9581
6552,9601
6552,9621
6552,9641
6552,9661
6552,9681
6552,9701
6552,9721
6552,9741
6552,9761
6552,9781
6552,9801
6552,9821
6552,9841
6552,9861
6552,9881
6552,9901
6552,9921
6552,9941
6552,9961
6552,9981
6552,10001
6552,10021
6552,10041
6552,10061
6552,10081
6552,10101
6552,10121
6552,10141
6552,10161
6552,10181
6552,10201
6552,10221
6552,10241
6562,9561
6562,9581
6562,9601
6562,9621
6562,9641
6562,9661
6562,9681
6562,9701
6562,9721
6562,9741
6562,9761
6562,9781
6562,9801
6562,9821
6562,9841
6562,9861
6562,9881
6562,9901
6562,9921
6562,9941
6562,9961
6562,9981
6562,10001
6562,10021
6562,10041
6562,10061
6562,10081
6562,10101
6562,10121
6562,10141
6562,10161
6562,10181
6562,10201
6562,10221
6562,10241
6572,9561
6572,9581
6572,9601
6572,9621
6572,9641
6572,9661
6572,9681
6572,9701
6572,9721
6572,9741
6572,9761
6572,9781
6572,9801
6572,9821
6572,9841
6572,9861
6572,9881
6572,9901
6572,9921
6572,9941
6572,9961
6572,9981
6572,10001
6572,10021
6572,10041
6572,10061
6572,10081
6572,10101
6572,10121
6572,10141
6572,10161
6572,10181
6572,10201
6572,10221
6572,10241
6582,9561
6582,9581
6582,9601
6582,9621
6582,9641
6582,9661
6582,9681
6582,9701
6582,9721
6582,9741
6582,9761
6582,9781
6582,9801
6582,9821
6582,9841
6582,9861
6582,9881
6582,9901
6582,9921
6582,9941
6582,9961
6582,9981
6582,10001
6582,10021
6582,10041
6582,10061
6582,10081
6582,10101
6582,10121
6582,10141
6582,10161
6582,10181
6582,10201
6582,10221
6582,10241
6592,9561
6592,9581
6592,9601
6592,9621
6592,9641
6592,9661
6592,9681
6592,9701
6592,9721
6592,9741
6592,9761
6592,9781
6592,9801
6592,9821
6592,9841
6592,9861
6592,9881
6592,9901
6592,9921
6592,9941
6592,9961
6592,9981
6592,10001
6592,10021
6592,10041
6592,10061
6592,10081
6592,10101
6592,10121
6592,10141
6592,10161
6592,10181
6592,10201
6592,10221
6592,10241
6602,9561
6602,9581
6602,9601
6602,9621
6602,9641
6602,9661
6602,9681
6602,9701
6602,9721
6602,9741
6602,9761
6602,9781
6602,9801
6602,9821
6602,9841
6602,9861
6602,9881
6602,9901
6602,9921
6602,9941
6602,9961
6602,9981
6602,10001
6602,10021
6602,10041
6602,10061
6602,10081
6602,10101
6602,10121
6602,10141
6602,10161
6602,10181
6602,10201
6602,10221
6602,10241
6612,9561
6612,9581
6612,9601
6612,9621
6612,9641
6612,9661
6612,9681
6612,9701
6612,9721
6612,9741
6612,9761
6612,9781
6612,9801
6612,9821
6612,9841
6612,9861
6612,9881
6612,9901
6612,9921
6612,9941
6612,9961
6612,9981
6612,10001
6612,10021
6612,10041
6612,10061
6612,10081
6612,10101
6612,10121
6612,10141
6612,10161
6612,10181
6612,10201
6612,10221
6612,10241
6622,9561
6622,9581
6622,9601
6622,9621
6622,9641
6622,9661
6622,9681
6622,9701
6622,9721
6622,9741
6622,9761
6622,9781
6622,9801
6622,9821
6622,9841
6622,9861
6622,9881
6622,9901
6622,9921
6622,9941
6622,9961
6622,9981
6622,10001
6622,10021
6622,10041
6622,10061
6622,10081
6622,10101
6622,10121
6622,10141
6622,10161
6622,10181
6622,10201
6622,10221
6622,10241
7029,8719
7029,8739
7029,8759
7029,8779
7029,8799
7029,8819
7029,8839
7029,8859
7029,8879
7029,8899
7029,8919
7029,8939
7029,8959
7029,8979
7039,8719
7039,8739
7039,8759
7039,8779
7039,8799
7039,8819
7039,8839
7039,8859
7039,8879
7039,8899
7039,8919
7039,8939
7039,8959
7039,8979
7049,8719
7049,8739
7049,8759
7049,8779
7049,8799
7049,8819
7049,8839
7049,8859
7049,8879
7049,8899
7049,8919
7049,8939
7049,8959
7049,8979
7059,8719
7059,8739
7059,8759
7059,8779
7059,8799
7059,8819
7059,8839
7059,8859
7059,8879
7059,8899
7059,8919
7059,8939
7059,8959
7059,8979
7069,8719
7069,8739
7069,8759
7069,8779
7069,8799
7069,8819
7069,8839
7069,8859
7069,8879
7069,8899
7069,8919
7069,8939
7069,8959
7069,8979
7079,8719
7079,8739
7079,8759
7079,8779
7079,8799
7079,8819
7079,8839
7079,8859
7079,8879
7079,8899
7079,8919
7079,8939
7079,8959
7079,8979
7089,8719
7089,8739
7089,8759
7089,8779
7089,8799
7089,8819
7089,8839
7089,8859
7089,8879
7089,8899
7089,8919
7089,8939
7089,8959
7089,8979
7099,8719
7099,8739
7099,8759
7099,8779
7099,8799
7099,8819
7099,8839
7099,8859
7099,8879
7099,8899
7099,8919
7099,8939
7099,8959
7099,8979
7109,8719
7109,8739
7109,8759
7109,8779
7109,8799
7109,8819
7109,8839
7109,8859
7109,8879
7109,8899
7109,8919
7109,8939
7109,8959
7109,8979
7119,8719
7119,8739
7119,8759
7119,8779
7119,8799
7119,8819
7119,8839
7119,8859
7119,8879
7119,8899
7119,8919
7119,8939
7119,8959
7119,8979
7129,8719
7129,8739
7129,8759
7129,8779
7129,8799
7129,8819
7129,8839
7129,8859
7129,8879
7129,8899
7129,8919
7129,8939
7129,8959
7129,8979
7139,8719
7139,8739
7139,8759
7139,8779
7139,8799
7139,8819
7139,8839
7139,8859
7139,8879
7139,8899
7139,8919
7139,8939
7139,8959
7139,8979
7149,8719
7149,8739
7149,8759
7149,8779
7149,8799
7149,8819
7149,8839
7149,8859
7149,8879
7149,8899
7149,8919
7149,8939
7149,8959
7149,8979
7159,8719
7159,8739
7159,8759
7159,8779
7159,8799
7159,8819
7159,8839
7159,8859
7159,8879
7159,8899
7159,8919
7159,8939
7159,8959
7159,8979
7169,8719
7169,8739
7169,8759
7169,8779
7169,8799
7169,8819
7169,8839
7169,8859
7169,8879
7169,8899
7169,8919
7169,8939
7169,8959
7169,8979
7179,8719
7179,8739
7179,8759
7179,8779
7179,8799
7179,8819
7179,8839
7179,8859
7179,8879
7179,8899
7179,8919
7179,8939
7179,8959
7179,8979
7189,8719
7189,8739
7189,8759
7189,8779
7189,8799
7189,8819
7189,8839
7189,8859
7189,8879
7189,8899
7189,8919
7189,8939
7189,8959
7189,8979
7199,8719
7199,8739
7199,8759
7199,8779
7199,8799
7199,8819
7199,8839
7199,8859
7199,8879
7199,8899
7199,8919
7199,8939
7199,8959
7199,8979
7209,8719
7209,8739
7209,8759
7209,8779
7209,8799
7209,8819
7209,8839
7209,8859
7209,8879
7209,8899
7209,8919
7209,8939
7209,8959
7209,8979
7219,8719
7219,8739
7219,8759
7219,8779
7219,8799
7219,8819
7219,8839
7219,8859
7219,8879
7219,8899
7219,8919
7219,8939
7219,8959
7219,8979
7229,8719
7229,8739
7229,8759
7229,8779
7229,8799
7229,8819
7229,8839
7229,8859
7229,8879
7229,8899
7229,8919
7229,8939
7229,8959
7229,8979
7239,8719
7239,8739
7239,8759
7239,8779
7239,8799
7239,8819
7239,8839
7239,8859
7239,8879
7239,8899
7239,8919
7239,8939
7239,8959
7239,8979
7249,8719
7249,8739
7249,8759
7249,8779
7249,8799
7249,8819
7249,8839
7249,8859
7249,8879
7249,8899
7249,8919
7249,8939
7249,8959
7249,8979
7259,8719
7259,8739
7259,8759
7259,8779
7259,8799
7259,8819
7259,8839
7259,8859
7259,8879
7259,8899
7259,8919
7259,8939
7259,8959
7259,8979
7269,8719
7269,8739
7269,8759
7269,8779
7269,8799
7269,8819
7269,8839
7269,8859
7269,8879
7269,8899
7269,8919
7269,8939
7269,8959
7269,8979
13000,14458
13000,14478
13000,14498
13000,14518
13000,14538
13000,14558
13000,14578
13000,14598
13000,14618
13000,14638
13000,14658
13000,14678
13000,14698
13000,14718
13000,14738
13000,14758
13000,14778
13000,14798
13000,14818
13000,14838
13000,14858
13000,14878
13000,14898
13000,14918
13000,14938
13000,14958
13000,14978
13000,14998
13000,15018
13000,15038
13000,15058
13010,14458
13010,14478
13010,14498
13010,14518
13010,14538
13010,14558
13010,14578
13010,14598
13010,14618
13010,14638
13010,14658
13010,14678
13010,14698
13010,14718
13010,14738
13010,14758
13010,14778
13010,14798
13010,14818
13010,14838
13010,14858
13010,14878
13010,14898
13010,14918
13010,14938
13010,14958
13010,14978
13010,14998
13010,15018
13010,15038
13010,15058
13020,14458
13020,14478
13020,14498
13020,14518
13020,14538
13020,14558
13020,14578
13020,14598
13020,14618
13020,14638
13020,14658
13020,14678
13020,14698
13020,14718
13020,14738
13020,14758
13020,14778
13020,14798
13020,14818
13020,14838
13020,14858
13020,14878
13020,14898
13020,14918
13020,14938
13020,14958
13020,14978
13020,14998
13020,15018
13020,15038
13020,15058
13030,14458
13030,14478
13030,14498
13030,14518
13030,14538
13030,14558
13030,14578
13030,14598
13030,14618
13030,14638
13030,14658
13030,14678
13030,14698
13030,14718
13030,14738
13030,14758
13030,14778
13030,14798
13030,14818
13030,14838
13030,14858
13030,14878
13030,14898
13030,14918
13030,14938
13030,14958
13030,14978
13030,14998
13030,15018
13030,15038
13030,15058
13040,14458
13040,14478
13040,14498
13040,14518
13040,14538
13040,14558
13040,14578
13040,14598
13040,14618
13040,14638
13040,14658
13040,14678
13040,14698
13040,14718
13040,14738
13040,14758
13040,14778
13040,14798
13040,14818
13040,14838
13040,14858
13040,14878
13040,14898
13040,14918
13040,14938
13040,14958
13040,14978
13040,14998
13040,15018
13040,15038
13040,15058
13050,14458
13050,14478
13050,14498
13050,14518
13050,14538
13050,14558
13050,14578
13050,14598
13050,14618
13050,14638
13050,14658
13050,14678
13050,14698
13050,14718
13050,14738
13050,14758
13050,14778
13050,14798
13050,14818
13050,14838
13050,14858
13050,14878
13050,14898
13050,14918
13050,14938
13050,14958
13050,14978
13050,14998
13050,15018
13050,15038
13050,15058
13060,14458
13060,14478
13060,14498
13060,14518
13060,14538
13060,14558
13060,14578
13060,14598
13060,14618
13060,14638
13060,14658
13060,14678
13060,14698
13060,14718
13060,14738
13060,14758
13060,14778
13060,14798
13060,14818
13060,14838
13060,14858
13060,14878
13060,14898
13060,14918
13060,14938
13060,14958
13060,14978
13060,14998
13060,15018
13060,15038
13060,15058
13070,14458
13070,14478
13070,14498
13070,14518
13070,14538
13070,14558
13070,14578
13070,14598
13070,14618
13070,14638
13070,14658
13070,14678
13070,14698
13070,14718
13070,14738
13070,14758
13070,14778
13070,14798
13070,14818
13070,14838
13070,14858
13070,14878
13070,14898
13070,14918
13070,14938
13070,14958
13070,14978
13070,14998
13070,15018
13070,15038
13070,15058
13080,14458
13080,14478
13080,14498
13080,14518
13080,14538
13080,14558
13080,14578
13080,14598
13080,14618
13080,14638
13080,14658
13080,14678
13080,14698
13080,14718
13080,14738
13080,14758
13080,14778
13080,14798
13080,14818
13080,14838
13080,14858
13080,14878
13080,14898
13080,14918
13080,14938
13080,14958
13080,14978
13080,14998
13080,15018
13080,15038
13080,15058
13090,14458
13090,14478
13090,14498
13090,14518
13090,14538
13090,14558
13090,14578
13090,14598
13090,14618
13090,14638
13090,14658
13090,14678
13090,14698
13090,14718
13090,14738
13090,14758
13090,14778
13090,14798
13090,14818
13090,14838
13090,14858
13090,14878
13090,14898
13090,14918
13090,14938
13090,14958
13090,14978
13090,14998
13090,15018
13090,15038
13090,15058
13100,14458
13100,14478
13100,14498
13100,14518
13100,14538
13100,14558
13100,14578
13100,14598
13100,14618
13100,14638
13100,14658
13100,14678
13100,14698
13100,14718
13100,14738
13100,14758
13100,14778
13100,14798
13100,14818
13100,14838
13100,14858
13100,14878
13100,14898
13100,14918
13100,14938
13100,14958
13100,14978
13100,14998
13100,15018
13100,15038
13100,15058
13110,14458
13110,14478
13110,14498
13110,14518
13110,14538
13110,14558
13110,14578
13110,14598
13110,14618
13110,14638
13110,14658
13110,14678
13110,14698
13110,14718
13110,14738
13110,14758
13110,14778
13110,14798
13110,14818
13110,14838
13110,14858
13110,14878
13110,14898
13110,14918
13110,14938
13110,14958
13110,14978
13110,14998
13110,15018
13110,15038
13110,15058
13120,14458
13120,14478
13120,14498
13120,14518
13120,14538
13120,14558
13120,14578
13120,14598
13120,14618
13120,14638
13120,14658
13120,14678
13120,14698
13120,14718
13120,14738
13120,14758
13120,14778
13120,14798
13120,14818
13120,14838
13120,14858
13120,14878
13120,14898
13120,14918
13120,14938
13120,14958
13120,14978
13120,14998
13120,15018
13120,15038
13120,15058
13130,14458
13130,14478
13130,14498
13130,14518
13130,14538
13130,14558
13130,14578
13130,14598
13130,14618
13130,14638
13130,14658
13130,14678
13130,14698
13130,14718
13130,14738
13130,14758
13130,14778
13130,14798
13130,14818
13130,14838
13130,14858
13130,14878
13130,14898
13130,14918
13130,14938
13130,14958
13130,14978
13130,14998
13130,15018
13130,15038
13130,15058
13140,14458
13140,14478
13140,14498
13140,14518
13140,14538
13140,14558
13140,14578
13140,14598
13140,14618
13140,14638
13140,14658
13140,14678
13140,14698
13140,14718
13140,14738
13140,14758
13140,14778
13140,14798
13140,14818
13140,14838
13140,14858
13140,14878
13140,14898
13140,14918
13140,14938
13140,14958
13140,14978
13140,14998
13140,15018
13140,15038
13140,15058
13150,14458
13150,14478
13150,14498
13150,14518
13150,14538
13150,14558
13150,14578
13150,14598
13150,14618
13150,14638
13150,14658
13150,14678
13150,14698
13150,14718
13150,14738
13150,14758
13150,14778
13150,14798
13150,14818
13150,14838
13150,14858
13150,14878
13150,14898
13150,14918
13150,14938
13150,14958
13150,14978
13150,14998
13150,15018
13150,15038
13150,15058
13160,14458
13160,14478
13160,14498
13160,14518
13160,14538
13160,14558
13160,14578
13160,14598
13160,14618
13160,14638
13160,14658
13160,14678
13160,14698
13160,14718
13160,14738
13160,14758
13160,14778
13160,14798
13160,14818
13160,14838
13160,14858
13160,14878
13160,14898
13160,14918
13160,14938
13160,14958
13160,14978
13160,14998
13160,15018
13160,15038
13160,15058
13170,14458
13170,14478
13170,14498
13170,14518
13170,14538
13170,14558
13170,14578
13170,14598
13170,14618
13170,14638
13170,14658
13170,14678
13170,14698
13170,14718
13170,14738
13170,14758
13170,14778
13170,14798
13170,14818
13170,14838
13170,14858
13170,14878
13170,14898
13170,14918
13170,14938
13170,14958
13170,14978
13170,14998
13170,15018
13170,15038
13170,15058
13180,14458
13180,14478
13180,14498
13180,14518
13180,14538
13180,14558
13180,14578
13180,14598
13180,14618
13180,14638
13180,14658
13180,14678
13180,14698
13180,14718
13180,14738
13180,14758
13180,14778
13180,14798
13180,14818
13180,14838
13180,14858
13180,14878
13180,14898
13180,14918
13180,14938
13180,14958
13180,14978
13180,14998
13180,15018
13180,15038
13180,15058
13190,14458
13190,14478
13190,14498
13190,14518
13190,14538
13190,14558
13190,14578
13190,14598
13190,14618
13190,14638
13190,14658
13190,14678
13190,14698
13190,14718
13190,14738
13190,14758
13190,14778
13190,14798
13190,14818
13190,14838
13190,14858
13190,14878
13190,14898
13190,14918
13190,14938
13190,14958
13190,14978
13190,14998
13190,15018
13190,15038
13190,15058
13200,14458
13200,14478
13200,14498
13200,14518
13200,14538
13200,14558
13200,14578
13200,14598
13200,14618
13200,14638
13200,14658
13200,14678
13200,14698
13200,14718
13200,14738
13200,14758
13200,14778
13200,14798
13200,14818
13200,14838
13200,14858
13200,14878
13200,14898
13200,14918
13200,14938
13200,14958
13200,14978
13200,14998
13200,15018
13200,15038
13200,15058
13210,14458
13210,14478
13210,14498
13210,14518
13210,14538
13210,14558
13210,14578
13210,14598
13210,14618
13210,14638
13210,14658
13210,14678
13210,14698
13210,14718
13210,14738
13210,14758
13210,14778
13210,14798
13210,14818
13210,14838
13210,14858
13210,14878
13210,14898
13210,14918
13210,14938
13210,14958
13210,14978
13210,14998
13210,15018
13210,15038
13210,15058
13220,14458
13220,14478
13220,14498
13220,14518
13220,14538
13220,14558
13220,14578
13220,14598
13220,14618
13220,14638
13220,14658
13220,14678
13220,14698
13220,14718
13220,14738
13220,14758
13220,14778
13220,14798
13220,14818
13220,14838
13220,14858
13220,14878
13220,14898
13220,14918
13220,14938
13220,14958
13220,14978
13220,14998
13220,15018
13220,15038
13220,15058
13230,14458
13230,14478
13230,14498
13230,14518
13230,14538
13230,14558
13230,14578
13230,14598
13230,14618
13230,14638
13230,14658
13230,14678
13230,14698
13230,14718
13230,14738
13230,14758
13230,14778
13230,14798
13230,14818
13230,14838
13230,14858
13230,14878
13230,14898
13230,14918
13230,14938
13230,14958
13230,14978
13230,14998
13230,15018
13230,15038
13230,15058
13240,14458
13240,14478
13240,14498
13240,14518
13240,14538
13240,14558
13240,14578
13240,14598
13240,14618
13240,14638
13240,14658
13240,14678
13240,14698
13240,14718
13240,14738
13240,14758
13240,14778
13240,14798
13240,14818
13240,14838
13240,14858
13240,14878
13240,14898
13240,14918
13240,14938
13240,14958
13240,14978
13240,14998
13240,15018
13240,15038
13240,15058
13250,14458
13250,14478
13250,14498
13250,14518
13250,14538
13250,14558
13250,14578
13250,14598
13250,14618
13250,14638
13250,14658
13250,14678
13250,14698
13250,14718
13250,14738
13250,14758
13250,14778
13250,14798
13250,14818
13250,14838
13250,14858
13250,14878
13250,14898
13250,14918
13250,14938
13250,14958
13250,14978
13250,14998
13250,15018
13250,15038
13250,15058
13260,14458
13260,14478
13260,14498
13260,14518
13260,14538
13260,14558
13260,14578
13260,14598
13260,14618
13260,14638
13260,14658
13260,14678
13260,14698
13260,14718
13260,14738
13260,14758
13260,14778
13260,14798
13260,14818
13260,14838
13260,14858
13260,14878
13260,14898
13260,14918
13260,14938
13260,14958
13260,14978
13260,14998
13260,15018
13260,15038
13260,15058
13270,14458
13270,14478
13270,14498
13270,14518
13270,14538
13270,14558
13270,14578
13270,14598
13270,14618
13270,14638
13270,14658
13270,14678
13270,14698
13270,14718
13270,14738
13270,14758
13270,14778
13270,14798
13270,14818
13270,14838
13270,14858
13270,14878
13270,14898
13270,14918
13270,14938
13270,14958
13270,14978
13270,14998
13270,15018
13270,15038
13270,15058
13280,14458
13280,14478
13280,14498
13280,14518
13280,14538
13280,14558
13280,14578
13280,14598
13280,14618
13280,14638
13280,14658
13280,14678
13280,14698
13280,14718
13280,14738
13280,14758
13280,14778
13280,14798
13280,14818
13280,14838
13280,14858
13280,14878
13280,14898
13280,14918
13280,14938
13280,14958
13280,14978
13280,14998
13280,15018
13280,15038
13280,15058
13290,14458
13290,14478
13290,14498
13290,14518
13290,14538
13290,14558
13290,14578
13290,14598
13290,14618
13290,14638
13290,14658
13290,14678
13290,14698
13290,14718
13290,14738
13290,14758
13290,14778
13290,14798
13290,14818
13290,14838
13290,14858
13290,14878
13290,14898
13290,14918
13290,14938
13290,14958
13290,14978
13290,14998
13290,15018
13290,15038
13290,15058
13300,14458
13300,14478
13300,14498
13300,14518
13300,14538
13300,14558
13300,14578
13300,14598
13300,14618
13300,14638
13300,14658
13300,14678
13300,14698
13300,14718
13300,14738
13300,14758
13300,14778
13300,14798
13300,14818
13300,14838
13300,14858
13300,14878
13300,14898
13300,14918
13300,14938
13300,14958
13300,14978
13300,14998
13300,15018
13300,15038
13300,15058
13310,14458
13310,14478
13310,14498
13310,14518
13310,14538
13310,14558
13310,14578
13310,14598
13310,14618
13310,14638
13310,14658
13310,14678
13310,14698
13310,14718
13310,14738
13310,14758
13310,14778
13310,14798
13310,14818
13310,14838
13310,14858
13310,14878
13310,14898
13310,14918
13310,14938
13310,14958
13310,14978
13310,14998
13310,15018
13310,15038
13310,15058
13320,14458
13320,14478
13320,14498
13320,14518
13320,14538
13320,14558
13320,14578
13320,14598
13320,14618
13320,14638
13320,14658
13320,14678
13320,14698
13320,14718
13320,14738
13320,14758
13320,14778
13320,14798
13320,14818
13320,14838
13320,14858
13320,14878
13320,14898
13320,14918
13320,14938
13320,14958
13320,14978
13320,14998
13320,15018
13320,15038
13320,15058
13330,14458
13330,14478
13330,14498
13330,14518
13330,14538
13330,14558
13330,14578
13330,14598
13330,14618
13330,14638
13330,14658
13330,14678
13330,14698
13330,14718
13330,14738
13330,14758
13330,14778
13330,14798
13330,14818
13330,14838
13330,14858
13330,14878
13330,14898
13330,14918
13330,14938
13330,14958
13330,14978
13330,14998
13330,15018
13330,15038
13330,15058
13340,14458
13340,14478
13340,14498
13340,14518
13340,14538
13340,14558
13340,14578
13340,14598
13340,14618
13340,14638
13340,14658
13340,14678
13340,14698
13340,14718
13340,14738
13340,14758
13340,14778
13340,14798
13340,14818
13340,14838
13340,14858
13340,14878
13340,14898
13340,14918
13340,14938
13340,14958
13340,14978
13340,14998
13340,15018
13340,15038
13340,15058
13350,14458
13350,14478
13350,14498
13350,14518
13350,14538
13350,14558
13350,14578
13350,14598
13350,14618
13350,14638
13350,14658
13350,14678
13350,14698
13350,14718
13350,14738
13350,14758
13350,14778
13350,14798
13350,14818
13350,14838
13350,14858
13350,14878
13350,14898
13350,14918
13350,14938
13350,14958
13350,14978
13350,14998
13350,15018
13350,15038
13350,15058
13360,14458
13360,14478
13360,14498
13360,14518
13360,14538
13360,14558
13360,14578
13360,14598
13360,14618
13360,14638
13360,14658
13360,14678
13360,14698
13360,14718
13360,14738
13360,14758
13360,14778
13360,14798
13360,14818
13360,14838
13360,14858
13360,14878
13360,14898
13360,14918
13360,14938
13360,14958
13360,14978
13360,14998
13360,15018
13360,15038
13360,15058
13370,14458
13370,14478
13370,14498
13370,14518
13370,14538
13370,14558
13370,14578
13370,14598
13370,14618
13370,14638
13370,14658
13370,14678
13370,14698
13370,14718
13370,14738
13370,14758
13370,14778
13370,14798
13370,14818
13370,14838
13370,14858
13370,14878
13370,14898
13370,14918
13370,14938
13370,14958
13370,14978
13370,14998
13370,15018
13370,15038
13370,15058
13380,14458
13380,14478
13380,14498
13380,14518
13380,14538
13380,14558
13380,14578
13380,14598
13380,14618
13380,14638
13380,14658
13380,14678
13380,14698
13380,14718
13380,14738
13380,14758
13380,14778
13380,14798
13380,14818
13380,14838
13380,14858
13380,14878
13380,14898
13380,14918
13380,14938
13380,14958
13380,14978
13380,14998
13380,15018
13380,15038
13380,15058
13390,14458
13390,14478
13390,14498
13390,14518
13390,14538
13390,14558
13390,14578
13390,14598
13390,14618
13390,14638
13390,14658
13390,14678
13390,14698
13390,14718
13390,14738
13390,14758
13390,14778
13390,14798
13390,14818
13390,14838
13390,14858
13390,14878
13390,14898
13390,14918
13390,14938
13390,14958
13390,14978
13390,14998
13390,15018
13390,15038
13390,15058
13400,14458
13400,14478
13400,14498
13400,14518
13400,14538
13400,14558
13400,14578
13400,14598
13400,14618
13400,14638
13400,14658
13400,14678
13400,14698
13400,14718
13400,14738
13400,14758
13400,14778
13400,14798
13400,14818
13400,14838
13400,14858
13400,14878
13400,14898
13400,14918
13400,14938
13400,14958
13400,14978
13400,14998
13400,15018
13400,15038
13400,15058
13410,14458
13410,14478
13410,14498
13410,14518
13410,14538
13410,14558
13410,14578
13410,14598
13410,14618
13410,14638
13410,14658
13410,14678
13410,14698
13410,14718
13410,14738
13410,14758
13410,14778
13410,14798
13410,14818
13410,14838
13410,14858
13410,14878
13410,14898
13410,14918
13410,14938
13410,14958
13410,14978
13410,14998
13410,15018
13410,15038
13410,15058
13420,14458
13420,14478
13420,14498
13420,14518
13420,14538
13420,14558
13420,14578
13420,14598
13420,14618
13420,14638
13420,14658
13420,14678
13420,14698
13420,14718
13420,14738
13420,14758
13420,14778
13420,14798
13420,14818
13420,14838
13420,14858
13420,14878
13420,14898
13420,14918
13420,14938
13420,14958
13420,14978
13420,14998
13420,15018
13420,15038
13420,15058
13430,14458
13430,14478
13430,14498
13430,14518
13430,14538
13430,14558
13430,14578
13430,14598
13430,14618
13430,14638
13430,14658
13430,14678
13430,14698
13430,14718
13430,14738
13430,14758
13430,14778
13430,14798
13430,14818
13430,14838
13430,14858
13430,14878
13430,14898
13430,14918
13430,14938
13430,14958
13430,14978
13430,14998
13430,15018
13430,15038
13430,15058
13440,14458
13440,14478
13440,14498
13440,14518
13440,14538
13440,14558
13440,14578
13440,14598
13440,14618
13440,14638
13440,14658
13440,14678
13440,14698
13440,14718
13440,14738
13440,14758
13440,14778
13440,14798
13440,14818
13440,14838
13440,14858
13440,14878
13440,14898
13440,14918
13440,14938
13440,14958
13440,14978
13440,14998
13440,15018
13440,15038
13440,15058
13450,14458
13450,14478
13450,14498
13450,14518
13450,14538
13450,14558
13450,14578
13450,14598
13450,14618
13450,14638
13450,14658
13450,14678
13450,14698
13450,14718
13450,14738
13450,14758
13450,14778
13450,14798
13450,14818
13450,14838
13450,14858
13450,14878
13450,14898
13450,14918
13450,14938
13450,14958
13450,14978
13450,14998
13450,15018
13450,15038
13450,15058
13460,14458
13460,14478
13460,14498
13460,14518
13460,14538
13460,14558
13460,14578
13460,14598
13460,14618
13460,14638
13460,14658
13460,14678
13460,14698
13460,14718
13460,14738
13460,14758
13460,14778
13460,14798
13460,14818
13460,14838
13460,14858
13460,14878
13460,14898
13460,14918
13460,14938
13460,14958
13460,14978
13460,14998
13460,15018
13460,15038
13460,15058
13470,14458
13470,14478
13470,14498
13470,14518
13470,14538
13470,14558
13470,14578
13470,14598
13470,14618
13470,14638
13470,14658
13470,14678
13470,14698
13470,14718
13470,14738
13470,14758
13470,14778
13470,14798
13470,14818
13470,14838
13470,14858
13470,14878
13470,14898
13470,14918
13470,14938
13470,14958
13470,14978
13470,14998
13470,15018
13470,15038
13470,15058
13480,14458
13480,14478
13480,14498
13480,14518
13480,14538
13480,14558
13480,14578
13480,14598
13480,14618
13480,14638
13480,14658
13480,14678
13480,14698
13480,14718
13480,14738
13480,14758
13480,14778
13480,14798
13480,14818
13480,14838
13480,14858
13480,14878
13480,14898
13480,14918
13480,14938
13480,14958
13480,14978
13480,14998
13480,15018
13480,15038
13480,15058
13490,14458
13490,14478
13490,14498
13490,14518
13490,14538
13490,14558
13490,14578
13490,14598
13490,14618
13490,14638
13490,14658
13490,14678
13490,14698
13490,14718
13490,14738
13490,14758
13490,14778
13490,14798
13490,14818
13490,14838
13490,14858
13490,14878
13490,14898
13490,14918
13490,14938
13490,14958
13490,14978
13490,14998
13490,15018
13490,15038
13490,15058
13500,14458
13500,14478
13500,14498
13500,14518
13500,14538
13500,14558
13500,14578
13500,14598
13500,14618
13500,14638
13500,14658
13500,14678
13500,14698
13500,14718
13500,14738
13500,14758
13500,14778
13500,14798
13500,14818
13500,14838
13500,14858
13500,14878
13500,14898
13500,14918
13500,14938
13500,14958
13500,14978
13500,14998
13500,15018
13500,15038
13500,15058
13510,14458
13510,14478
13510,14498
13510,14518
13510,14538
13510,14558
13510,14578
13510,14598
13510,14618
13510,14638
13510,14658
13510,14678
13510,14698
13510,14718
13510,14738
13510,14758
13510,14778
13510,14798
13510,14818
13510,14838
13510,14858
13510,14878
13510,14898
13510,14918
13510,14938
13510,14958
13510,14978
13510,14998
13510,15018
13510,15038
13510,15058
13520,14458
13520,14478
13520,14498
13520,14518
13520,14538
13520,14558
13520,14578
13520,14598
13520,14618
13520,14638
13520,14658
13520,14678
13520,14698
13520,14718
13520,14738
13520,14758
13520,14778
13520,14798
13520,14818
13520,14838
13520,14858
13520,14878
13520,14898
13520,14918
13520,14938
13520,14958
13520,14978
13520,14998
13520,15018
13520,15038
13520,15058
13530,14458
13530,14478
13530,14498
13530,14518
13530,14538
13530,14558
13530,14578
13530,14598
13530,14618
13530,14638
13530,14658
13530,14678
13530,14698
13530,14718
13530,14738
13530,14758
13530,14778
13530,14798
13530,14818
13530,14838
13530,14858
13530,14878
13530,14898
13530,14918
13530,14938
13530,14958
13530,14978
13530,14998
13530,15018
13530,15038
13530,15058
13540,14458
13540,14478
13540,14498
13540,14518
13540,14538
13540,14558
13540,14578
13540,14598
13540,14618
13540,14638
13540,14658
13540,14678
13540,14698
13540,14718
13540,14738
13540,14758
13540,14778
13540,14798
13540,14818
13540,14838
13540,14858
13540,14878
13540,14898
13540,14918
13540,14938
13540,14958
13540,14978
13540,14998
13540,15018
13540,15038
13540,15058
13550,14458
13550,14478
13550,14498
13550,14518
13550,14538
13550,14558
13550,14578
13550,14598
13550,14618
13550,14638
13550,14658
13550,14678
13550,14698
13550,14718
13550,14738
13550,14758
13550,14778
13550,14798
13550,14818
13550,14838
13550,14858
13550,14878
13550,14898
13550,14918
13550,14938
13550,14958
13550,14978
13550,14998
13550,15018
13550,15038
13550,15058
13560,14458
13560,14478
13560,14498
13560,14518
13560,14538
13560,14558
13560,14578
13560,14598
13560,14618
13560,14638
13560,14658
13560,14678
13560,14698
13560,14718
13560,14738
13560,14758
13560,14778
13560,14798
13560,14818
13560,14838
13560,14858
13560,14878
13560,14898
13560,14918
13560,14938
13560,14958
13560,14978
13560,14998
13560,15018
13560,15038
13560,15058
13570,14458
13570,14478
13570,14498
13570,14518
13570,14538
13570,14558
13570,14578
13570,14598
13570,14618
13570,14638
13570,14658
13570,14678
13570,14698
13570,14718
13570,14738
13570,14758
13570,14778
13570,14798
13570,14818
13570,14838
13570,14858
13570,14878
13570,14898
13570,14918
13570,14938
13570,14958
13570,14978
13570,14998
13570,15018
13570,15038
13570,15058
13580,14458
13580,14478
13580,14498
13580,14518
13580,14538
13580,14558
13580,14578
13580,14598
13580,14618
13580,14638
13580,14658
13580,14678
13580,14698
13580,14718
13580,14738
13580,14758
13580,14778
13580,14798
13580,14818
13580,14838
13580,14858
13580,14878
13580,14898
13580,14918
13580,14938
13580,14958
13580,14978
13580,14998
13580,15018
13580,15038
13580,15058
13590,14458
13590,14478
13590,14498
13590,14518
13590,14538
13590,14558
13590,14578
13590,14598
13590,14618
13590,14638
13590,14658
13590,14678
13590,14698
13590,14718
13590,14738
13590,14758
13590,14778
13590,14798
13590,14818
13590,14838
13590,14858
13590,14878
13590,14898
13590,14918
13590,14938
13590,14958
13590,14978
13590,14998
13590,15018
13590,15038
13590,15058
13600,14458
13600,14478
13600,14498
13600,14518
13600,14538
13600,14558
13600,14578
13600,14598
13600,14618
13600,14638
13600,14658
13600,14678
13600,14698
13600,14718
13600,14738
13600,14758
13600,14778
13600,14798
13600,14818
13600,14838
13600,14858
13600,14878
13600,14898
13600,14918
13600,14938
13600,14958
13600,14978
13600,14998
13600,15018
13600,15038
13600,15058
13610,14458
13610,14478
13610,14498
13610,14518
13610,14538
13610,14558
13610,14578
13610,14598
13610,14618
13610,14638
13610,14658
13610,14678
13610,14698
13610,14718
13610,14738
13610,14758
13610,14778
13610,14798
13610,14818
13610,14838
13610,14858
13610,14878
13610,14898
13610,14918
13610,14938
13610,14958
13610,14978
13610,14998
13610,15018
13610,15038
13610,15058
13620,14458
13620,14478
13620,14498
13620,14518
13620,14538
13620,14558
13620,14578
13620,14598
13620,14618
13620,14638
13620,14658
13620,14678
13620,14698
13620,14718
13620,14738
13620,14758
13620,14778
13620,14798
13620,14818
13620,14838
13620,14858
13620,14878
13620,14898
13620,14918
13620,14938
13620,14958
13620,14978
13620,14998
13620,15018
13620,15038
13620,15058
13630,14458
13630,14478
13630,14498
13630,14518
13630,14538
13630,14558
13630,14578
13630,14598
13630,14618
13630,14638
13630,14658
13630,14678
13630,14698
13630,14718
13630,14738
13630,14758
13630,14778
13630,14798
13630,14818
13630,14838
13630,14858
13630,14878
13630,14898
13630,14918
13630,14938
13630,14958
13630,14978
13630,14998
13630,15018
13630,15038
13630,15058
13640,14458
13640,14478
13640,14498
13640,14518
13640,14538
13640,14558
13640,14578
13640,14598
13640,14618
13640,14638
13640,14658
13640,14678
13640,14698
13640,14718
13640,14738
13640,14758
13640,14778
13640,14798
13640,14818
13640,14838
13640,14858
13640,14878
13640,14898
13640,14918
13640,14938
13640,14958
13640,14978
13640,14998
13640,15018
13640,15038
13640,15058
13650,14458
13650,14478
13650,14498
13650,14518
13650,14538
13650,14558
13650,14578
13650,14598
13650,14618
13650,14638
13650,14658
13650,14678
13650,14698
13650,14718
13650,14738
13650,14758
13650,14778
13650,14798
13650,14818
13650,14838
13650,14858
13650,14878
13650,14898
13650,14918
13650,14938
13650,14958
13650,14978
13650,14998
13650,15018
13650,15038
13650,15058
13660,14458
13660,14478
13660,14498
13660,14518
13660,14538
13660,14558
13660,14578
13660,14598
13660,14618
13660,14638
13660,14658
13660,14678
13660,14698
13660,14718
13660,14738
13660,14758
13660,14778
13660,14798
13660,14818
13660,14838
13660,14858
13660,14878
13660,14898
13660,14918
13660,14938
13660,14958
13660,14978
13660,14998
13660,15018
13660,15038
13660,15058
13670,14458
13670,14478
13670,14498
13670,14518
13670,14538
13670,14558
13670,14578
13670,14598
13670,14618
13670,14638
13670,14658
13670,14678
13670,14698
13670,14718
13670,14738
13670,14758
13670,14778
13670,14798
13670,14818
13670,14838
13670,14858
13670,14878
13670,14898
13670,14918
13670,14938
13670,14958
13670,14978
13670,14998
13670,15018
13670,15038
13670,15058
13680,14458
13680,14478
13680,14498
13680,14518
13680,14538
13680,14558
13680,14578
13680,14598
13680,14618
13680,14638
13680,14658
13680,14678
13680,14698
13680,14718
13680,14738
13680,14758
13680,14778
13680,14798
13680,14818
13680,14838
13680,14858
13680,14878
13680,14898
13680,14918
13680,14938
13680,14958
13680,14978
13680,14998
13680,15018
13680,15038
13680,15058
13690,14458
13690,14478
13690,14498
13690,14518
13690,14538
13690,14558
13690,14578
13690,14598
13690,14618
13690,14638
13690,14658
13690,14678
13690,14698
13690,14718
13690,14738
13690,14758
13690,14778
13690,14798
13690,14818
13690,14838
13690,14858
13690,14878
13690,14898
13690,14918
13690,14938
13690,14958
13690,14978
13690,14998
13690,15018
13690,15038
13690,15058
13700,14458
13700,14478
13700,14498
13700,14518
13700,14538
13700,14558
13700,14578
13700,14598
13700,14618
13700,14638
13700,14658
13700,14678
13700,14698
13700,14718
13700,14738
13700,14758
13700,14778
13700,14798
13700,14818
13700,14838
13700,14858
13700,14878
13700,14898
13700,14918
13700,14938
13700,14958
13700,14978
13700,14998
13700,15018
13700,15038
13700,15058
13710,14458
13710,14478
13710,14498
13710,14518
13710,14538
13710,14558
13710,14578
13710,14598
13710,14618
13710,14638
13710,14658
13710,14678
13710,14698
13710,14718
13710,14738
13710,14758
13710,14778
13710,14798
13710,14818
13710,14838
13710,14858
13710,14878
13710,14898
13710,14918
13710,14938
13710,14958
13710,14978
13710,14998
13710,15018
13710,15038
13710,15058
13720,14458
13720,14478
13720,14498
13720,14518
13720,14538
13720,14558
13720,14578
13720,14598
13720,14618
13720,14638
13720,14658
13720,14678
13720,14698
13720,14718
13720,14738
13720,14758
13720,14778
13720,14798
13720,14818
13720,14838
13720,14858
13720,14878
13720,14898
13720,14918
13720,14938
13720,14958
13720,14978
13720,14998
13720,15018
13720,15038
13720,15058
13730,14458
13730,14478
13730,14498
13730,14518
13730,14538
13730,14558
13730,14578
13730,14598
13730,14618
13730,14638
13730,14658
13730,14678
13730,14698
13730,14718
13730,14738
13730,14758
13730,14778
13730,14798
13730,14818
13730,14838
13730,14858
13730,14878
13730,14898
13730,14918
13730,14938
13730,14958
13730,14978
13730,14998
13730,15018
13730,15038
13730,15058
13740,14458
13740,14478
13740,14498
13740,14518
13740,14538
13740,14558
13740,14578
13740,14598
13740,14618
13740,14638
13740,14658
13740,14678
13740,14698
13740,14718
13740,14738
13740,14758
13740,14778
13740,14798
13740,14818
13740,14838
13740,14858
13740,14878
13740,14898
13740,14918
13740,14938
13740,14958
13740,14978
13740,14998
13740,15018
13740,15038
13740,15058
13750,14458
13750,14478
13750,14498
13750,14518
13750,14538
13750,14558
13750,14578
13750,14598
13750,14618
13750,14638
13750,14658
13750,14678
13750,14698
13750,14718
13750,14738
13750,14758
13750,14778
13750,14798
13750,14818
13750,14838
13750,14858
13750,14878
13750,14898
13750,14918
13750,14938
13750,14958
13750,14978
13750,14998
13750,15018
13750,15038
13750,15058
13760,14458
13760,14478
13760,14498
13760,14518
13760,14538
13760,14558
13760,14578
13760,14598
13760,14618
13760,14638
13760,14658
13760,14678
13760,14698
13760,14718
13760,14738
13760,14758
13760,14778
13760,14798
13760,14818
13760,14838
13760,14858
13760,14878
13760,14898
13760,14918
13760,14938
13760,14958
13760,14978
13760,14998
13760,15018
13760,15038
13760,15058
13770,14458
13770,14478
13770,14498
13770,14518
13770,14538
13770,14558
13770,14578
13770,14598
13770,14618
13770,14638
13770,14658
13770,14678
13770,14698
13770,14718
13770,14738
13770,14758
13770,14778
13770,14798
13770,14818
13770,14838
13770,14858
13770,14878
13770,14898
13770,14918
13770,14938
13770,14958
13770,14978
13770,14998
13770,15018
13770,15038
13770,15058
13780,14458
13780,14478
13780,14498
13780,14518
13780,14538
13780,14558
13780,14578
13780,14598
13780,14618
13780,14638
13780,14658
13780,14678
13780,14698
13780,14718
13780,14738
13780,14758
13780,14778
13780,14798
13780,14818
13780,14838
13780,14858
13780,14878
13780,14898
13780,14918
13780,14938
13780,14958
13780,14978
13780,14998
13780,15018
13780,15038
13780,15058
13790,14458
13790,14478
13790,14498
13790,14518
13790,14538
13790,14558
13790,14578
13790,14598
13790,14618
13790,14638
13790,14658
13790,14678
13790,14698
13790,14718
13790,14738
13790,14758
13790,14778
13790,14798
13790,14818
13790,14838
13790,14858
13790,14878
13790,14898
13790,14918
13790,14938
13790,14958
13790,14978
13790,14998
13790,15018
13790,15038
13790,15058
13800,14458
13800,14478
13800,14498
13800,14518
13800,14538
13800,14558
13800,14578
13800,14598
13800,14618
13800,14638
13800,14658
13800,14678
13800,14698
13800,14718
13800,14738
13800,14758
13800,14778
13800,14798
13800,14818
13800,14838
13800,14858
13800,14878
13800,14898
13800,14918
13800,14938
13800,14958
13800,14978
13800,14998
13800,15018
13800,15038
13800,15058
13810,14458
13810,14478
13810,14498
13810,14518
13810,14538
13810,14558
13810,14578
13810,14598
13810,14618
13810,14638
13810,14658
13810,14678
13810,14698
13810,14718
13810,14738
13810,14758
13810,14778
13810,14798
13810,14818
13810,14838
13810,14858
13810,14878
13810,14898
13810,14918
13810,14938
13810,14958
13810,14978
13810,14998
13810,15018
13810,15038
13810,15058
13820,14458
13820,14478
13820,14498
13820,14518
13820,14538
13820,14558
13820,14578
13820,14598
13820,14618
13820,14638
13820,14658
13820,14678
13820,14698
13820,14718
13820,14738
13820,14758
13820,14778
13820,14798
13820,14818
13820,14838
13820,14858
13820,14878
13820,14898
13820,14918
13820,14938
13820,14958
13820,14978
13820,14998
13820,15018
13820,15038
13820,15058
13830,14458
13830,14478
13830,14498
13830,14518
13830,14538
13830,14558
13830,14578
13830,14598
13830,14618
13830,14638
13830,14658
13830,14678
13830,14698
13830,14718
13830,14738
13830,14758
13830,14778
13830,14798
13830,14818
13830,14838
13830,14858
13830,14878
13830,14898
13830,14918
13830,14938
13830,14958
13830,14978
13830,14998
13830,15018
13830,15038
13830,15058
13840,14458
13840,14478
13840,14498
13840,14518
13840,14538
13840,14558
13840,14578
13840,14598
13840,14618
13840,14638
13840,14658
13840,14678
13840,14698
13840,14718
13840,14738
13840,14758
13840,14778
13840,14798
13840,14818
13840,14838
13840,14858
13840,14878
13840,14898
13840,14918
13840,14938
13840,14958
13840,14978
13840,14998
13840,15018
13840,15038
13840,15058
