query_idx,anchor_idx,status,n_matches,n_inliers,n_overlapping,median_depth,x_error,y_error,z_error,pos_error,rot_error,distance_anchor_query,pointmap_error,pointmap_error_x,pointmap_error_y,pointmap_error_z,scale,pose_x,pose_y,pose_z,pose_qx,pose_qy,pose_qz,pose_qw
11540,800,OK,1305,1305,,27.607553,0.3438016910507051,0.06049970104593373,1.128544325521375,1.1813010248291784,0.005196961724960914,1.3033169354949938,1.0524009525989781,0.4874558360728578,0.3759029034038739,0.8319511473923784,1.1139858477898708,-2.820977222913088,1.3912347088792092,-0.719684981122296,0.448783827700125,-0.54629060801954,0.5501285050523863,-0.4444302819490275
7320,2870,OK,1811,1811,,29.334604,0.008979154325692962,0.04321427225281089,0.4078342972288247,0.4102156902592513,0.007929145016168237,2.128807534437674,1.9417981806534712,0.20949351627263102,0.2351919589028455,1.8697071582016802,1.0342029795199852,-11.347836509429548,17.873563176753123,-0.8287741401636106,0.023469985920664196,-0.7058850462294138,0.7078490162461657,-0.011190686749157618
3019,860,OK,1524,1524,,41.05193,0.03260926459486471,0.028659556177210107,1.4495241724356194,1.4501741484293738,0.007949031835610075,0.919288125694955,1.8187988143384215,0.5620797906911434,0.42898949538054065,1.651722256581806,1.1695644489285024,11.595394579524548,0.019078716548652924,-0.7159731529940084,-0.5004792681211406,0.49716146677227085,-0.4942609691064262,0.5079931816036
11580,100,OK,1746,1746,,24.67249,0.01572611704489904,0.052507370674674425,0.24736668296994085,0.25336655378330575,0.00939900187672631,0.1363640716704028,2.8999873108951135,0.7795972662571526,0.5761966338181645,2.7082436770233365,1.271068803913378,5.226640661338417,0.16510868983929666,-0.7456406942242002,-0.5039145176791542,0.5044508212192983,-0.49612082883024505,0.49544288373550366
11420,670,OK,1435,1435,,35.199986,0.14301399028022005,0.0052680482411491866,0.2562254074299551,0.2934829009683331,0.006932618145701184,0.6105202614074254,0.34850824432862576,0.13102409219001832,0.05909051103983609,0.2839746127324698,0.9499963736130812,-6.283089623993254,14.727944637981508,-0.787349953094048,-0.4232082733092823,-0.5616497269387445,0.5790153740477456,0.4125354993798215
3430,9180,OK,1725,1725,,20.059576,0.007860136094132109,0.08058012717663406,0.16637615344041912,0.18502962754340366,0.009290619512087603,5.001097698778856,0.8972504589503119,0.1938856692766806,0.11128733565521981,0.8504396982065803,1.0066487064127527,68.4087623032773,43.735655831572146,-0.45970758937681755,-0.6895709816471629,-0.01713633862444194,-0.004490288121642144,0.7240014119332234
3350,9110,OK,1902,1902,,17.570389,0.013666314796293766,0.11783968200589767,0.5549665120175338,0.567503998467209,0.00841297488611006,1.6592498861887115,0.8633381190174125,0.29767540502434553,0.121827759234938,0.6995965523645644,1.0849919298350468,68.29045083271659,28.821478295613495,-0.9652872658507637,-0.7031072047274104,-0.026922381343510673,0.0061480646573663705,0.7105474265270201
11220,470,OK,752,752,,64.728455,0.6897505640391409,0.22493645474762158,8.75941033147057,8.789403939081426,0.010868537517008201,6.940530530387305,0.3999707734875071,0.15722568161420902,0.15439059102492497,0.29557081791529427,1.100681175627676,56.91993258520072,12.656437935616932,-1.1393401435828454,-0.4939955715902058,-0.5016817748917759,0.5147845324749255,0.4891632213436289
3690,9360,OK,1149,1149,,26.525984,0.5631833997035939,1.369461304386144,6.961309598608534,7.117052137900354,0.04269719832961894,3.410251718643819,2.273806915288163,0.1604425953561952,0.06861684088894138,2.1042447580528814,1.1061988300508434,71.3971177049504,114.70928380146519,1.8014916861047054,0.7169391331643462,-0.09850506964638894,0.06977983049049469,-0.6866045483742689
11540,30,OK,1534,1534,,19.960524,0.0941764868137552,0.0360628066677728,0.1538984504444878,0.1839958416447313,0.010824925375824117,2.0144942336153395,2.674165143607853,0.598904380592568,0.43181105364346006,2.535778209119968,1.212127568183858,-1.9125650049386285,0.9460337140430009,-0.676579712691441,0.4510968406026837,-0.5488468464649802,0.5500603546356276,-0.43899018870796064
11660,120,OK,1075,1075,,63.561848,0.04775666935493787,0.027669580772458048,0.553466495713081,0.5562117106326676,0.009738538230438359,2.382976070795696,1.7004591775584736,0.2788526591026885,0.2302563779898137,1.6016523853051985,1.0623716559537164,12.382518005620977,-0.07912287782001187,-0.7269431658815333,0.5039806077331952,-0.5015823088061653,0.4951896680306876,-0.49920529564219707
7240,2760,OK,1289,1289,,40.755127,0.06669924753259458,0.0564656672317562,1.2745422599705933,1.2775347876470093,0.006167480058306205,2.398792352677947,0.9794000324869632,0.07382015120313956,0.08899661633314249,0.9544627951187197,1.005068520736914,-11.016973506168501,36.779960611198824,-0.4522974628297637,-0.015886048549986716,0.7227338508596315,-0.6908337496032894,-0.012334694651054974
11580,30,OK,1040,1040,,73.89353,0.2193768143320277,0.10500536593801874,0.37887315048760417,0.4502190330302007,0.010926624042686134,5.3949702239158634,1.2044520762524473,0.3854471464758725,0.29753411641059,1.0892041034878899,1.1256376192212254,5.098368617934461,0.012038372499677819,-0.6105453381575905,0.5053929331367513,-0.5031793980357747,0.4966643195067249,-0.49468477867901756
3019,110,OK,932,932,,73.50731,0.275334946031961,0.04604671827022039,0.813377666129381,0.8599493360239071,0.010643897771570349,5.7794292438002834,1.6459649980984126,0.34555701279417605,0.26973965663003296,1.524915363827927,1.1358220563144907,13.865631758548536,-0.20254541355261774,-0.6790471850558122,-0.5003500117548607,0.4969372666375194,-0.4934651489963535,0.5091123309150427
1600,4730,OK,936,936,,43.386635,1.7222972291717644,0.03716686911724862,6.498427995317661,6.72289041500016,0.04789043311552826,4.2461408292345615,1.8778620090014706,0.18370807280807422,0.14685095160493278,1.7129504680234033,1.1512384846243013,102.84103182490796,112.08731938446537,0.1404713346659913,0.5160642435981224,-0.4922789561003829,0.49856713526239665,-0.4927168938614365
11580,90,OK,1281,1281,,42.636684,0.1120502568279449,0.05868359659344508,0.24894394505752504,0.2792348695008463,0.009413652356997978,1.762621855232931,1.6627789957631518,0.4882204861873729,0.3989077665249914,1.5323753109807763,1.1846911099827162,5.225190519668498,0.0821653268677476,-0.7551995481559163,-0.5025409570264741,0.5044954680156823,-0.49612033283692425,0.49679122839310774
2060,4410,OK,1423,1423,,16.52135,0.15667898947652328,0.13896305084583183,1.2458082517907263,1.263288263015861,0.03001707725533805,5.589101650256235,2.440861502218339,0.22530212763633584,0.1661460360201188,2.4082056812321113,1.3444502595474075,81.49679520583484,157.9217382070467,0.11365678721953358,-0.4786549015939437,-0.5184466032843911,0.5211833050535819,0.4800735019311045
3390,9100,OK,764,764,,39.76799,0.10731320130738053,0.027987573154787032,0.6812949423174777,0.6902624325959715,0.009903134584855524,6.923044590658931,0.7757635700303525,0.2444662894528331,0.119682163257675,0.6629264569360434,1.000821526666628,68.1769791222127,33.947129391932485,-0.7990324760298481,-0.6953135278952897,-0.023736205732033045,0.00513077593247228,0.7182961545223416
3039,900,OK,1840,1840,,32.462112,0.009198341738300225,0.02089591277295743,0.30727110457942963,0.3081181272999243,0.0037440680296104553,4.164937005113263,1.1854680329638239,0.13110877435260937,0.06820093604110622,1.1622626087688719,1.1573438482979193,19.904348541811782,-0.21863916603298467,-0.7961124714158875,-0.4980379180553844,0.4999506699245541,-0.49857160181803617,0.5034222061864625
1840,4940,OK,744,744,,43.814705,0.19450784273097532,0.5756593842821516,6.836497366204766,6.863447622421305,0.017870210854995686,9.87753208615797,1.3186095601250165,0.1942582132210391,0.08816269417257372,1.1113535737840792,0.896058275226492,130.44884849128343,133.5108899864293,-0.3571322362468124,-0.6975905234697417,-0.006057451597669616,-0.013211834011145515,0.7163492278821939
3490,9200,OK,1046,1046,,25.161552,0.4863032997140368,0.15266538168908456,0.7632339146206659,0.9177819057413478,0.018956574513050984,3.687086262978468,0.8107357872482092,0.30221331455177214,0.2131722008024619,0.6554389836882111,1.1884374713767256,68.28306024402617,57.23520107521354,0.07278945897763531,-0.6852179100871255,-0.005045137146779031,-0.0022612796906475658,0.7283171348397365
1800,4960,OK,1632,1632,,30.474049,0.16590502532735546,0.12201722840967123,1.6323448795488993,1.6452849258554456,0.006417683694656393,8.560337571802103,0.6873663636305422,0.20330822956792227,0.11968639837816353,0.5028041108953722,1.0365545202250348,130.19373664825423,126.90380549820614,0.10610393763609403,-0.7064717438773988,-0.010135846282072444,-0.011746770653308309,0.7075711646910096
3059,910,OK,1761,1761,,32.198578,0.04586351261975083,0.05098779484706081,0.6999624648565101,0.7033140615835781,0.008103318249174754,0.35210073224731203,3.009655546089603,0.503434551758821,0.41404996683837725,2.87190112656569,1.2307177499804376,27.1202331462658,-0.5054297596729176,-0.8483557289305828,-0.4989609826037514,0.5012566856260671,-0.4970920720039539,0.5026720052928002
11600,140,OK,1645,1645,,30.585154,0.0458688312378558,0.007172854130522793,1.085718825552867,1.0867109862679227,0.009801792160219095,5.496500194128854,1.5110693291750001,0.33962858329462164,0.24566876140932492,1.4297468289763509,1.1535334778310047,7.3314690313260105,-0.05338256274031331,-0.7422028477139713,-0.49741738498575955,0.49855468268949155,-0.496085203361251,0.5078569134001581
2959,20,OK,1275,1275,,24.471601,0.05551061819618747,0.06967258922036462,0.6292271973165517,0.6355018208188198,0.012843825549358624,3.658597354436368,2.548903213172782,0.5792787057533229,0.444002865023835,2.388356751107567,1.2077921542441514,-3.9970298178913506,1.260505262689566,-0.6662604017930561,-0.417192435304985,0.5740220689804908,-0.5734495821065376,0.4093955459326466
2959,10,OK,1277,1277,,19.934128,0.053035191164279516,0.06884649526357109,0.6852239679571523,0.6907130067364109,0.013148543011946812,3.6604595615008235,2.683052050757533,0.6095368132492638,0.46736867770070467,2.4955085977897196,1.2195853091526596,-4.047648704817641,1.287171783327463,-0.6622975742060333,-0.4167471348136829,0.5746389874439429,-0.5734879045429511,0.4089296798679707
3650,9330,OK,1022,1022,,35.71512,0.02446750177625584,0.2047037986086074,1.0510770632806112,1.0711047085894816,0.02003029074607675,4.68279504639848,1.1364805228202042,0.2059620513000675,0.20703895793865312,1.052871906041012,1.104770000458051,69.13664226242354,101.89528395082054,0.777316491165785,0.7080915071346724,-0.001351779762349979,-0.008236840239165832,-0.7060713453172397
3019,120,OK,1178,1178,,64.940445,0.16927352222399789,0.0548999000034026,0.14023683285503452,0.22656984273224184,0.0083513509781428,3.5983081846944533,1.3578058496278849,0.35722733057983214,0.28751505285797424,1.246331214055958,1.071075914170422,13.18984922620971,-0.14122147512670313,-0.7077259053155155,-0.5032394129672841,0.4982243864511631,-0.49383673328426353,0.5046264309772455
7340,2890,OK,1743,1743,,24.898657,0.23142853679712938,0.02391140055384853,0.7629164804792867,0.7976042119418684,0.006972607822673231,1.7651398760723744,1.592014598525659,0.5411472030709183,0.3844166158137313,1.4467700140855495,1.1187735286158005,-11.045463264121834,14.244774743955118,-0.7661237827601548,0.033970308768100754,-0.6961404053562347,0.7167929049662796,-0.02103534032668266
3410,9150,OK,1766,1766,,18.944891,0.033175070938214035,0.09958003851508501,0.757972286015322,0.7652050416520492,0.012032875226243585,1.5201386043384,0.7847025113369644,0.26679687849965195,0.15449668018351126,0.6079456941412502,1.0491529741895658,68.30504546813388,39.59462814032069,-0.6155356635903129,-0.6882612134624592,-0.023092039668742674,0.003181874654692799,0.7250883638707784
1720,4860,OK,1828,1828,,23.154785,1.8025255081261173,0.6241950375525234,6.5244710277167925,6.797605449264199,0.056343082856918886,0.3333987563886123,3.4018795883267265,0.27904976801501125,0.17751417436226113,3.162535223522955,1.207926091201309,130.4660172801447,117.24619546012283,-0.1138592334239778,-0.5544180090743916,0.4114941036123175,-0.43238981840396873,0.5799416512433521
3059,160,OK,878,878,,67.351746,0.3641659233128313,0.00780811454100018,0.933635036077761,1.0021737209420802,0.01297327271011995,7.637881631424789,0.760563554400233,0.15696128032519452,0.14813481488008584,0.7207865894896681,1.0977315506650458,27.359994448721036,-0.7173238081216803,-0.8068375616197171,-0.5007011260117173,0.4979359105432498,-0.49658363585480153,0.5047404323048518
7000,2550,OK,1717,1717,,22.086899,0.0054769524312370255,0.10783557817704177,0.539745234376336,0.5504393036118304,0.006157870566229623,2.8400765175908207,0.9878175967481923,0.24227056099399213,0.11983463276021855,0.8895948063821457,1.0842764252960821,-8.829381095006443,117.96219662450456,1.074776612729498,0.0022609067534458465,-0.6988432463394011,0.7150540401265105,-0.01762739473700065
3019,140,OK,1883,1883,,27.947042,0.13147816767188092,0.03789374999787931,1.8981773737694354,1.9031026738338337,0.00611080697972444,0.8637227857317271,1.4722414384534013,0.5497734367692757,0.4183199330433913,1.2970596945600814,1.2077258788535585,11.147462893468179,0.11852045646404825,-0.7236612234494316,-0.4982087319469756,0.4973345614566157,-0.4978443206555759,0.5065544647750434
11320,610,OK,1526,1526,,27.934643,0.292489227769942,0.23124313509192423,0.209883967058893,0.42787219530717047,0.03547791741509585,9.803088999762352,0.48878857938933284,0.13200313591381807,0.08711426635295227,0.4063782669287832,1.0016194885862708,17.870468617010896,13.155258511978824,-1.3502394153164816,-0.5201748277032842,-0.46374545463465044,0.4931111472890565,0.5207683730304964
11560,50,OK,1274,1274,,44.9652,0.04275617799135997,0.020378746443577123,0.6607781563260939,0.6624735133880844,0.010095731935373171,1.656333828320115,2.812051167628378,0.6335632509594369,0.44149128757385947,2.6880944668828395,1.217948753256136,2.642829058382456,0.2477231056899526,-0.6647174478624295,-0.4838932377586153,0.5193421348438039,-0.5149463674837211,0.48058435268190436
11500,780,OK,1208,1208,,15.614876,0.45794565520553265,0.10650205635088507,1.5724101801626085,1.6411979422993432,0.01701871995902397,3.0796180026164004,0.6661682672128424,0.32201710265562467,0.10960492772253883,0.45693387198765834,0.8249006349439083,-7.133046039361792,2.6014241384642016,-0.7046910547523109,-0.19731631774822375,0.6832213674421482,-0.6774460648199067,0.18799378468658445
3039,160,OK,1558,1558,,40.500195,0.047857680034226066,0.03594051030855634,0.14533335724261442,0.15717462437336122,0.007173665129368308,0.8136741690173037,1.3509780667299454,0.308296923267239,0.24920949292085903,1.2820588858221456,1.1994547872098171,19.452866716905742,-0.25702896374305695,-0.7400316908618781,-0.49993774948379543,0.499218771680929,-0.49781931122195866,0.5030097394851881
11160,440,OK,1432,1432,,16.137142,0.014706852175883078,0.0008929657031751664,1.5509825028959208,1.551052485629666,0.023081896402947263,2.530248868389882,1.613665700536983,0.1410635911437821,0.12347801577291206,1.480469284525821,1.176042027570922,61.28978276042888,12.291111645913963,-0.7579510485526759,0.5895244555766438,0.3969033418145083,-0.4167850435110769,-0.5667617498023371
7320,2810,OK,726,726,,44.352196,0.21213423462965714,0.22908295692091601,2.131610244816722,2.1543542351389537,0.018566865791135537,9.476644243816892,0.34644398067784316,0.17053850741289933,0.07958725369273734,0.2122069822949264,0.9398150615341985,-11.459624671611753,16.142077884187707,-0.7385479066530916,-0.022653396169062937,0.7094006291807767,-0.7043152227449389,0.013328089498230502
2999,830,OK,1231,1231,,64.05225,0.08240820157111006,0.002986983303513123,0.7887223478858685,0.7930214220372845,0.007933167533004272,3.1460527370068387,1.8458070337975574,0.5760874307031217,0.4354081069336757,1.6809445563973582,1.1772868114362849,6.212820255728641,0.22778558826433903,-0.707534252185755,-0.5033360745784901,0.49895810627064835,-0.49251527150198826,0.505096338882047
3670,9370,OK,1590,1590,,16.866547,0.2501001808717087,0.020579329011638135,2.9199772385136793,2.930740637226809,0.024792907003373204,1.9250988482736162,1.4397744909163228,0.32761060992166735,0.1636837150856748,1.0558535079088145,1.0137430346494518,69.98564155882418,107.75316819056876,0.8584281935363147,0.7098362378957347,-0.04146838998382943,0.027234751837537593,-0.7026173612248181
7240,2780,OK,1768,1768,,24.531649,0.04096676759704773,0.015037587810270849,1.259641587542951,1.2603972921909297,0.008719162824395988,3.5584355506872796,0.8241946258376984,0.1105014318704628,0.06790824179974764,0.7744620195527352,1.0181487136819494,-10.924192073604067,36.797447775182455,-0.48826744236202557,-0.015665199254195013,0.7239062944918409,-0.689578244434918,-0.014004396790831557
9580,4800,OK,975,975,,34.799828,0.15301417046384214,0.08753822432122026,0.959667149502546,0.9757239952539816,0.015167961149639468,4.88743248543344,1.0699074995209212,0.25648319462688696,0.2450329034415879,0.9868253947134202,1.2348868411011793,115.86137828874882,112.9395307468499,0.20529175193594343,0.4876440323759912,-0.5045278498536624,0.5225863432284948,-0.4843123581751691
3250,9050,OK,1765,1765,,19.081324,0.5130792343332671,0.15515645355075985,3.303233530454952,3.3464422275760786,0.009125636227862905,6.521656292695147,1.0206608896813147,0.3721411725900823,0.20498399853320182,0.6706742328937345,1.0486961191079534,68.39718113762655,12.77290425894641,-0.8869318559159172,0.7129571132953305,-0.04237092209925057,0.04048014197905004,-0.6987547621786948
7080,2600,OK,1409,1409,,21.17856,0.07476264355655388,0.08125384606651163,0.006362876096561942,0.11059894468024953,0.0064102334969629565,1.4616480460625658,0.790667304970347,0.19789451929701363,0.13640920002970613,0.7360960349280767,0.924063624362601,-9.145394219424885,96.7629496261782,1.1820519109705392,0.004811716271145815,-0.7040248176968912,0.7101427735099743,-0.004810892323293338
3159,1050,OK,1592,1592,,36.298515,0.30852891357928913,0.11493835087174259,1.3854049955919732,1.4239901393010863,0.010655219185895714,5.136849612001354,2.172219092631928,0.15002026582128125,0.12850637394645759,2.038510968000738,1.2709721653911759,58.46460565305464,-0.6597890086289737,-0.8228431612822841,-0.5113149839567445,0.48553661850099356,-0.48492914307281815,0.5173537527404213
2919,740,OK,945,945,,22.987247,1.13524847371168,0.23897258710742153,2.7087748757596124,2.9467538617943676,0.022055526552713707,1.1444213151820464,2.530987568902601,0.22718597129010643,0.23517633170731145,2.393264446618538,1.093639335053095,-10.239410269339459,3.060304677005043,-0.7563311449435083,0.1453686991093032,-0.6811635030715946,0.698636381903486,-0.16368087635184847
3510,9230,OK,1773,1773,,19.663782,0.00574615602072992,0.1342039795378529,0.6767395447174884,0.68994212642601,0.012674922678906677,0.8972397880338701,0.6591752408470836,0.15913807124679025,0.10693490979524611,0.5682942637114445,1.0873092190015552,68.8150618067105,63.50916173247411,0.3998344903661515,-0.6850783816181919,-0.01433134860038397,0.0006472491200837354,0.728328088539272
3630,9350,OK,1834,1834,,20.03625,0.04797924718498575,0.19041635588162575,2.1570084611339984,2.165928414826154,0.028619056099103268,5.863666569269513,0.9711184802615747,0.15562622759738232,0.06436834086105425,0.8508028697437973,1.0459430481371061,68.99875613329438,98.1266611535353,0.8278728388311828,-0.7054780177402522,-0.010550138778488746,0.010061982795448768,0.7085818354708671
1780,4910,OK,1495,1495,,34.97018,0.017027746311574513,0.10562617184940024,1.839193161005569,1.8423024496031228,0.013281869678941878,1.2138816725766044,1.9893448771961033,0.17465758441854046,0.12164776874139771,1.7696489544438858,1.102731396584234,130.25644047459033,125.26331377887068,0.21594244648210792,-0.7009193855036059,0.03406983985183857,-0.035849804593070286,0.711523754029587
2979,10,OK,1403,1403,,47.147457,0.02415253219427904,0.013761746751095422,0.17568182913745756,0.1778674663172549,0.009103786125659019,1.4045241258696393,2.5181543538500293,0.6243966937669585,0.4100742336337977,2.3689195655984405,1.2145187836928557,1.6793905842424768,0.3643254110909585,-0.653427230989465,-0.48289037487948744,0.5172048633924375,-0.5165057511550981,0.482221758276901
3650,9350,OK,1796,1796,,19.577904,0.3394752297780268,0.07523055043887937,2.5665130660837185,2.589959919715097,0.033547427553658304,0.9834760509537922,1.1215910249233891,0.16141492812723168,0.06724548484642973,0.9875618022677219,1.0625155830135067,68.85389363229693,103.41538153108098,0.870507597458161,0.7112454695425341,-0.007121625426533645,0.004806358089535959,-0.7028912173504654
11440,680,OK,915,915,,34.96677,1.6134047081285001,0.12511108276893865,3.730662957553202,4.066518614011552,0.01609176008719769,2.1531551260829973,0.7940689447548064,0.4279484062322758,0.19137989018766288,0.5215194565219141,1.0471549106709237,-12.250042805896488,12.10882846777975,-0.731603877907318,-0.3179005353078703,-0.6171763172581611,0.6479976083189669,0.31325986445684656
11320,570,OK,952,952,,43.718338,0.018497095544194736,0.15859068564915,0.8948479979168109,0.9089807959984432,0.025740020902521654,4.455906532600477,0.47453726624923875,0.11984957733781809,0.11824720400493471,0.38623327908088356,1.0599479157957383,18.61979783117579,13.716660616320883,-1.0628937204963567,0.5187875653067668,0.4688145551986939,-0.5021312289513308,-0.5088581372335063
3470,9200,OK,1934,1934,,20.92976,0.0671459105368257,0.18092909931325205,0.002163560420916144,0.19299894630235412,0.006793656172088606,0.9287949144940655,0.8880624467067233,0.24190982886504164,0.17513531166946272,0.7908113194248543,1.1625364067247959,68.58023879781062,53.416654041154466,-0.14191525210210243,-0.6851196897884817,-0.013838942833015538,-0.0059667277713915425,0.7282745996429514
3450,9200,OK,1764,1764,,21.11485,0.10098533303313062,0.10621197940110134,0.17283068393849366,0.22660420862543523,0.003408351412488764,5.6321187114485065,0.9307434682331923,0.2522349061345268,0.1184317252779965,0.8347416752392132,1.1513667735180535,68.43298229161907,48.51602635893844,-0.28588733661474025,-0.6900632990706778,-0.012455034499278334,-0.007604386843174686,0.7236018854950929
3330,9100,OK,1957,1957,,12.875337,0.01587090192984733,0.1636867182803904,1.7271834642937787,1.7349950854683505,0.013570394506022786,2.3871178689449004,0.9559102708639624,0.40639188176502206,0.21792087073061372,0.6275646690327967,0.9199564801064554,68.29020052890827,27.07566513908108,-0.9206462247981951,-0.6935496302608519,-0.03001833646661111,0.007902450199000545,0.7197397870909079
3350,9100,OK,1465,1465,,15.113374,0.016632906587773194,0.12719049719471523,0.17560030363086476,0.21746158923692327,0.010816596307169008,0.6274758436330488,0.8041471749582418,0.20874730262520902,0.09894967078122896,0.7042336362961539,0.9687233093647244,68.29214644311266,28.44051166850668,-0.9766467582019134,0.7083548723174535,0.027312238655276412,-0.005642518700882614,-0.7053053086901242
1980,4270,OK,813,813,,31.678387,0.027687585512816054,0.026718379713793546,0.45398292424551645,0.4556105460945458,0.006937518176837571,4.519757249161368,0.47175666514186965,0.13819531830237974,0.07864054640391815,0.40167486318616685,0.9068991220800479,106.57945648491238,157.70079045609995,0.15426742047068892,-0.491075685200048,-0.5042652444706193,0.5047248792271599,0.4998139963160483
11580,70,OK,1054,1054,,72.22388,0.006766415206386113,0.04284263407281981,0.4201948538393001,0.4224274977579863,0.00935154017221133,4.08681770486836,1.4675895631147402,0.39747521292148935,0.30798483054459647,1.3623204401890554,1.1397259188840114,5.055807446931306,0.2080026358022782,-0.6552091871403679,-0.5029868458405109,0.5040589407877555,-0.4962966977122365,0.4966068917798754
1640,4780,OK,1166,1166,,28.84969,0.03899142109099668,0.08446283878419401,0.6752907352209134,0.6816684524967999,0.013028129277208223,1.8852270029481635,0.7581288626942417,0.23252268703407086,0.1698609383857717,0.6665880752725739,1.0953646707967892,107.39014645289421,112.98332383154808,0.2101324126425868,0.5080630026966735,-0.4942917695270255,0.5108529746897068,-0.48639168385094694
11240,520,OK,1595,1595,,15.185241,0.07450201784152571,0.12206797546475744,0.03414152111481128,0.14702647639305222,0.009276688773240355,2.4033900657205844,0.5391657230744278,0.14199729401638894,0.10314132396646913,0.4830121498255231,1.0904357274319694,42.70395834689306,12.845808494406983,-1.039622519799962,-0.4945342231997386,-0.5005977127239801,0.516863182173059,0.48753490440551006
2899,730,OK,1408,1408,,23.18547,0.22806118684195686,0.18930469609969244,0.987093621474528,1.0306318404090073,0.007552060667520557,1.4873896788103835,2.570608041433875,0.28637606791576453,0.30239222335627636,2.507879761811939,1.150656584111754,-11.888036354461867,8.988047229258168,-0.8123471521536978,0.052678138116228096,-0.6977815203029867,0.7128094859206087,-0.04720805513742163
2060,4380,OK,1701,1701,,15.161767,0.21454975046808994,0.04587479757454528,0.22956380119446954,0.3175462663885046,0.008253514467299897,0.3950610828177521,1.516464458353404,0.3546445523589048,0.20097597054418115,1.4607464380462858,1.2750660120774648,82.52505147540404,157.79018063207516,0.22965920719987115,-0.4875172229550678,-0.5101714790287867,0.5119996887127048,0.4898043875526762
2080,4410,OK,1402,1402,,19.006748,0.16882734647135977,0.07221712815356075,1.4046031412212305,1.4165549656980687,0.016831999644282374,1.2799928534978593,2.748101698509404,0.2308052970791148,0.1769295253887413,2.711664556376439,1.3234675462277883,77.0418183474845,157.50835236727676,0.22413551239891474,0.47251407265530115,0.5304137339501579,-0.5230174914933311,-0.47100363647404586
1820,4970,OK,1815,1815,,27.851267,0.1035647848635747,0.0090344166159361,2.573316022965906,2.5754150421632036,0.005616257009978974,6.3966315540835135,0.8902730179074985,0.22619089925250335,0.15316303012059151,0.5917568006951743,1.0073888577655135,130.4257381335692,131.67272069236088,0.1791340178504244,-0.7048416396686638,-0.013614059963172194,-0.00871694268706536,0.7091804673499541
1560,4690,OK,1202,1202,,27.863468,0.08107161324196126,0.09141823294102075,0.11736454897813609,0.16942354365481258,0.0184778009368607,3.242232966858693,0.8387795190958759,0.21266100644505226,0.18857030265656294,0.7317299087208262,1.0319268997686026,85.49101703254898,113.95641234493027,0.3715785054939031,0.5140750133687438,-0.48245622102569935,0.5041325756671595,-0.4988118097787212
11380,630,OK,1356,1356,,24.21313,0.09202911208774714,0.6590772268020564,4.002969034988009,4.057907495672318,0.03750381103166155,1.4572750878386236,0.5624960179368423,0.26136993663836927,0.15875919648908066,0.45231570729470727,1.0543908631350964,4.5026297368251065,15.198167596503648,-1.6439177009708283,-0.5018968032653662,-0.4754295244513152,0.509770366886106,0.5120552110825624
1680,4820,OK,1536,1536,,30.287504,1.1586886241155854,0.1608423488025016,2.069979579083448,2.377655367509274,0.04231466784490805,0.8126917551451481,1.5284347800013318,0.17226373792740235,0.1743726432484758,1.413987335287711,1.3244214531906247,119.8492802589618,111.50769199872843,0.3743498971912512,-0.5126779764167514,0.4795577315949175,-0.4936669480544641,0.5133016841618125
11420,700,OK,1289,1289,,26.059143,0.21716014827191799,0.14429388281961986,1.1958229395190587,1.223916564679409,0.016647141448769127,3.913517523649434,0.764086282819827,0.25938598742365515,0.0860614323786697,0.5952513904916987,0.9310670414887916,-7.092094278219131,14.143095565387044,-0.8900573345523484,-0.418633554178791,-0.5647694372813256,0.5806813579691373,0.41059784526430065
1760,4900,OK,1759,1759,,22.442768,0.05196126983729923,0.11696596047015127,1.6042335542167874,1.6093310119260225,0.030042826616434534,0.9759897913944965,1.9152817324361628,0.2117989626702257,0.16095957433214025,1.77892732135758,1.1011347529605164,129.91890649447927,120.58508916797551,0.4147817610180494,0.6951765843574103,-0.15302631701141828,0.14048981088537923,-0.6881679125769202
11300,570,OK,1690,1690,,16.827797,0.006455023383515862,0.2387385395809995,0.1988118863855295,0.3107473632652784,0.031535095961787364,2.0560800810234574,0.5500804342251264,0.13525477817095644,0.1007161061000621,0.4705934182222764,1.0277049171168862,24.415856587946944,13.199769100044573,-1.2131638495625154,-0.5096889292186406,-0.4767154924714464,0.5097817835722501,0.503072626772276
1560,4730,OK,1803,1803,,18.311453,0.009032426054626452,0.19463565871163133,0.48098254358713266,0.5189497389902907,0.013557313021728162,6.4677201268345215,1.2092281007515422,0.18875533023286306,0.15049805432410945,1.1422667653610965,1.1589400406695072,86.08516125194313,113.9384840371489,0.22275082726022383,0.5175051121803994,-0.4821550907379955,0.5039108291396733,-0.4957709184879186
7280,2860,OK,1645,1645,,30.00942,0.09057563178721717,0.05471210063060944,0.00912781140511676,0.10621052664456032,0.0047993032615071245,9.131730069016841,0.8277710093130196,0.09273799089983914,0.12418419387909596,0.7923310914973509,1.0455210865758682,-11.247779822080465,27.44749884841218,-0.7803051325621465,-0.010723896422857126,0.7233545445638138,-0.6903635289063706,-0.006434194614087038
2060,4390,OK,1561,1561,,15.460883,0.06623306856522498,0.030253135432812245,0.833928357263737,0.8371012941237619,0.007971175759164575,2.216377620556568,1.6226891096277762,0.19098812348511507,0.11290005984866053,1.590903729454984,1.225283048287492,81.91915224483918,157.9134956524843,0.24844784951418758,-0.487865638922036,-0.5127681203359689,0.5149016774838633,0.48366541705047994
11660,150,OK,1666,1666,,29.462143,0.049001514529862934,0.0814400299189587,0.847067988064381,0.8523836010288206,0.00797038142365365,4.413369770013436,1.5903069443349025,0.13254244959103528,0.11874824297434783,1.5405006078466954,1.1712463357907876,12.675396050746206,-0.11928488305436488,-0.8244875989307177,-0.5005499218520004,0.5003659335894404,-0.49516891768095217,0.503876424532641
7300,2880,OK,1740,1740,,27.707117,0.1127526540437036,0.15811780006568737,0.04666022399536374,0.19972875655450648,0.004915567239016564,8.838449820276448,1.7475945657574545,0.31665434444550566,0.28217248440163334,1.6732951130331086,1.081641655202212,-11.311332323065022,22.959674172283542,-0.9420987972169703,-0.016881608927609,0.7097969001771618,-0.7042023655214787,-0.001549249128151096
7280,2780,OK,884,884,,47.18232,0.06812565887013064,0.17334944000112745,0.8220758584112904,0.8429115319699061,0.008670487674139108,7.0591927871576035,0.7115098721997724,0.11068948922995148,0.12724484839645722,0.6754041425759332,1.0250922159111102,-11.350763824470882,26.622553003143835,-0.6517692768057451,-0.010199775357319968,0.7247256497226799,-0.6889399611724563,-0.005516077990205273
3099,960,OK,1782,1782,,19.44698,0.21141516933660454,0.0369607477267554,0.3963374996070246,0.45071707788023097,0.012084462001412543,1.6609533867942086,0.410215097049344,0.1333740377372551,0.11511956411117596,0.3575734656742151,0.9947545931641425,39.904138503175,-1.079661312678521,-0.8683616725992367,-0.5014559852331522,0.49552579162283006,-0.4892692945293419,0.5134312438303463
3119,240,OK,1327,1327,,47.459633,0.06917796253130298,0.030462266128177148,0.1623970398320589,0.17912659965471786,0.004734493201708775,2.5763871154190765,0.46681345037869215,0.12367267492778389,0.10617959454262565,0.417420201665756,0.9553061227278661,46.65364662146929,-1.029735450593947,-0.8162687806135045,-0.5023225752051919,0.4969411112598861,-0.49268436700647245,0.5079209356646421
3079,950,OK,1772,1772,,29.049099,0.02315964178503238,0.02038188165871521,0.8269506150537476,0.8275258967822894,0.009990254632117345,5.459002208653774,0.7637021100239473,0.162873781002856,0.1086809833220923,0.716759229619429,1.0437515817980354,32.525161323933055,-0.7542697782490553,-0.8245092057144958,-0.5019468300619765,0.49737538043202373,-0.49719135740703113,0.5034559214574666
3139,1010,OK,1781,1781,,33.50034,0.033508820084332744,0.08018467973608487,0.2750515748904916,0.28845414321441526,0.009124936709668033,2.9028713875066985,0.5485818659422121,0.14310135888677622,0.10596224501727636,0.5113008510188264,1.0337098390240693,52.24035160066638,-1.1143868703754127,-0.8478390935158288,-0.5026915570117656,0.4924179469591492,-0.4923223202493323,0.5122933700585408
9460,4690,OK,1083,1083,,30.18466,0.033489838128823085,0.1260269074579265,0.02839942563750597,0.1334574015850892,0.01472171827687843,4.061800395996259,0.9048586256623355,0.2394949334097447,0.18654275482606097,0.8173008486119357,1.0721530164523223,86.46144163683579,113.72372715759477,0.3529605189333618,0.5179684668381184,-0.479032886030833,0.4995686300922961,-0.5026602682628165
3199,1040,OK,883,883,,53.216297,1.9817849483276273,0.141506892260152,8.959042026787166,9.176705826151004,0.030071795447849176,3.8969840895890155,2.2376681517526467,0.09274870992148061,0.09160156603720226,1.9314323524172892,1.2682540457585303,73.18831194277172,2.8216325995523244,-0.35222706871816606,-0.5933687009461194,0.3733983863378828,-0.3761323524462656,0.6058148919109022
11140,430,OK,1611,1611,,15.756155,0.048636187620599514,0.09048298333101344,1.9757827302961473,1.97845142633203,0.03632959618977787,5.277098401490747,1.2957353749217488,0.16846453727574517,0.14662901207215262,1.22435394546162,1.1708115447156462,65.06904001078335,11.14080208580684,-0.7867110004230428,0.6332881665787754,0.32839043964677916,-0.3425910002720613,-0.6113405137502967
11520,810,OK,1207,1207,,19.67246,0.05674383974896202,0.06793928475634603,0.669997345806224,0.6758195418527381,0.016282066360821204,5.067284917072255,2.5898296404067236,0.6022093629761911,0.4601363595391148,2.431136185035811,1.1366114858323475,-5.983008913972774,2.0655036116663292,-0.6174098974889641,-0.3609814865181033,0.6127801322854207,-0.6089473046284425,0.35124927907854453
11640,850,OK,1241,1241,,61.776936,0.017190295769084152,0.005826069998979956,0.7197235464301803,0.7199523822075301,0.011783263981247908,2.445207427849094,2.014767313074559,0.3883343177997691,0.3226414768590131,1.9058473957063757,1.1077351883406328,12.243765769521644,-0.020492857031847472,-0.750834003612122,0.505705878306786,-0.5010963119050131,0.493214649427853,-0.49990335108990425
3610,9310,OK,1547,1547,,23.328562,0.06512021332509313,0.08570991982243638,0.3257888202757683,0.34311104318595015,0.009703317662235575,0.36288230663952503,1.6499495839657428,0.3956854977983387,0.3029314685742821,1.5398287046262347,1.0583996852051345,69.09595831034133,89.97860944968048,0.8502875177057755,-0.7009407990267674,-0.01490485189364546,0.024540450123765954,0.7126412898208105
11480,740,OK,1854,1854,,19.637205,0.026659685711149517,0.059184154386469526,1.176472297880688,1.178261673251458,0.01320120921566928,0.8483854293083448,1.9802326237288157,0.21758932616747861,0.19889553428062007,1.9361289702615707,1.0592331047801269,-10.02136311946017,5.844128254702551,-0.6447173854575275,0.0013738592090668988,-0.7014923079599408,0.7125220441298191,-0.014798344940347333
3410,9160,OK,1939,1939,,20.267132,0.09911860668485595,0.07380331984486452,0.40959311578740865,0.4278293453138857,0.007932472992500708,4.319053563898685,0.6640868349744568,0.24666820928079747,0.11735831358748938,0.5328443287846754,1.051882680366657,68.20229535368523,39.241515735188855,-0.6209833878773954,-0.6883040903526303,-0.02415809130629215,-0.0004070968316379624,0.7250197929025418
11660,160,OK,1717,1717,,38.3476,0.04686973228964264,0.09291242390085208,0.5026805532953338,0.5133392922632528,0.011997991357210351,6.953300860614471,1.2528883356665756,0.19023480049159613,0.12436848254087884,1.2189591921897698,1.1509303636338832,11.325838976291573,-0.16050403937184668,-0.8762112272211572,-0.4995145629608422,0.4988922584572848,-0.49575223310589595,0.5057879389743751
2979,50,OK,1395,1395,,41.1608,0.014018948692638838,0.022838046413683654,0.2907663758600838,0.2919986174920147,0.00875640884316114,1.1737930996312804,2.7248373522208356,0.6416119013819013,0.4310652873016927,2.5896515267883427,1.220460686150553,1.7934951564229873,0.3467219367809017,-0.6451993175929776,-0.48285019321822326,0.5180723457244254,-0.5154157202706949,0.4824970163664814
11200,470,OK,1111,1111,,24.93886,0.11077787243068077,0.08612584230063512,0.8976256945395129,0.9085269865170792,0.004548428818167993,1.8858907153476068,1.7090303546390428,0.22612128424155253,0.19258140891139508,1.6537485896186261,1.1932966257966053,52.34502329858478,12.902967053528544,-0.9260046155350384,-0.5044881774299296,-0.49361719556087486,0.5090120564154419,0.4926869893794315
3119,250,OK,1845,1845,,30.10348,0.07102596491241085,0.09953431806662429,0.08118255525691487,0.1467732109166008,0.01557107449991818,0.7322638251097217,1.0282195700122858,0.2653150872343919,0.1685630149662356,0.9371872398544383,1.0506169052309924,46.73651186330277,-1.0463352457742126,-0.8931309749574814,-0.5006467665073435,0.49705538735905175,-0.4881468271405269,0.5138106968872107
9440,4690,OK,1635,1635,,19.173115,0.6636299513756755,0.04186379944899882,2.860732796360631,2.9369966670462024,0.018788191288201667,0.28273013407966474,1.8256252092511982,0.23900019563017239,0.09855983161880344,1.6631437812547105,1.0857303825131628,84.99787600173788,113.46567762550751,0.4670052712775203,0.5526192452738534,-0.45730977710098875,0.46150092228529255,-0.5220121035480165
1560,4710,OK,1823,1823,,19.017502,0.026792118655248498,0.07071865776590658,0.5836339306145072,0.5885129659937729,0.0069717766036071285,1.3884242685158685,1.0241699328472473,0.16934879473060915,0.14117342413422485,0.9641963964063329,1.0909254583017363,86.18913634105415,114.03250045796516,0.3577016945696398,0.517585709470941,-0.4835279049978779,0.5053760817701429,-0.4928496874448475
3450,9180,OK,1598,1598,,21.951225,0.023101236719653445,0.06939351998124553,0.289070789341799,0.2981795583269512,0.011411786917020623,0.24751124817841144,0.969388924344898,0.1773792141514211,0.08711189232623773,0.9230575413634776,1.0168606999731227,68.54519609137135,48.397661851039295,-0.2409234975163155,-0.6902351659856707,-0.012354524921594152,-0.003424002496390138,0.7234715319607262
1620,4770,OK,1946,1946,,18.191927,0.016625323177868717,0.10395446851112208,0.2272763540509345,0.2504744977136079,0.00971651371903811,1.0671982788298155,0.7619600575245673,0.23632287490462434,0.11726831332779564,0.6909355436076128,1.0880444012900912,102.4277649694111,113.2100262104741,0.0718433684109304,0.5091704581503983,-0.4944306934642417,0.5114419810804617,-0.4844696418723006
11640,100,OK,949,949,,74.11367,0.3769803811152931,0.012177394063693744,0.889126995324327,0.965820537411832,0.009959217311394968,6.168454684391957,1.300829679593986,0.25514241283036965,0.21054475503434444,1.2451856570937725,1.1158265605356072,12.420244966029799,-0.3400209088312437,-0.7465305346029034,0.5041073086343282,-0.4989681332019386,0.4948011565348954,-0.5020741368783666
3310,9100,OK,1625,1625,,14.405356,0.039952377203656166,0.1553237231377173,1.60933364716999,1.6173053018298824,0.012805961030886017,5.690995984434414,0.8215553475188805,0.29934144212081515,0.1367817663642703,0.6838803493950163,0.9400313198612334,68.29503276240006,23.606360169396318,-1.0390243110175452,0.7089257514876285,0.02864550007012402,-0.010762366363963043,-0.7046189648836324
11640,880,OK,1670,1670,,42.84805,0.009630415007366444,0.041194501523839765,0.23359750399863177,0.23739740041416318,0.006055880302379037,6.3686464455448375,0.8032367588692721,0.16477557966639,0.11372704024386815,0.7685735023437088,1.0546162203036362,11.290172596279653,-0.056102298998054634,-0.7607940332717311,0.5031613677860999,-0.5004005889104417,0.4954489902264723,-0.5009572703028404
11300,560,OK,1213,1213,,23.712692,0.21262282548005756,0.16398360973320505,1.8133077028512603,1.833080444332973,0.029836226156961767,1.6340748432905416,0.8198038229160269,0.19210146441559584,0.1590825838410479,0.7093450008111235,0.9604329817982664,26.02292556110284,12.952251322392268,-1.107712100937849,0.5105811852030108,0.4756520872130109,-0.5042067742105514,-0.5087607238051944
7280,2800,OK,1356,1356,,38.32338,0.14915846734425614,0.012499657228613962,0.28355076250679856,0.3206330063008287,0.012162207541364316,2.318988095118119,0.46279199058516146,0.14248131370320394,0.048780914988442614,0.4112402147542422,1.0007320164283113,-11.437899506431297,27.166865864542316,-0.744271574391766,-0.011517901020897102,0.7233285727150468,-0.690402942603735,-0.0026250131789341703
11100,430,OK,1430,1430,,15.700083,0.6064964002065611,0.048306979824865065,1.3448228105299727,1.4760487253085692,0.046368440211193934,12.876849078279044,1.1396720315159148,0.2835300857780555,0.23316072550186728,1.060035628771701,1.3462644341578287,73.79229704138874,4.298188076966838,-0.5187591808650156,0.582817560153944,0.4044018348196704,-0.4028344538941366,-0.5783660176103889
1560,4720,OK,1758,1758,,18.781796,0.03210485085409559,0.142974378774753,1.3122215047755392,1.3203778519915315,0.010366820452780017,3.9051145888901844,0.8403526981177769,0.15065769813826407,0.07800605966754232,0.7574238779883116,1.0551722965445207,86.91790779118526,113.96037745107533,0.2834254430968509,0.5178479160563426,-0.4824172632820553,0.504825356253237,-0.49422513048948435
11560,820,OK,1450,1450,,26.594624,0.1749107879335815,0.015110547654600353,0.24707166267814368,0.30309490078935786,0.007160602271624037,0.7357698557161652,3.0339556267234493,0.7280287618464425,0.5263967482067633,2.873127967862988,1.2451772940364796,2.2439640496004136,0.48316335014714135,-0.6531785380584691,-0.48114230158622495,0.5205149852390872,-0.5149986169839634,0.48201935673836566
3430,9140,OK,780,780,,35.03887,0.10327793790237927,0.3337823846613112,0.48560517368378164,0.5982385790602399,0.016031574906861863,6.104914492737572,0.7346621755256084,0.2383100900914401,0.1280059260293917,0.6229779877965842,1.10241208892329,68.26818903392923,43.09934884300167,-0.6527729408647236,-0.6843823684773512,-0.016340894437725285,-0.007792301378296848,0.7288985038573861
3590,9300,OK,1715,1715,,15.198036,0.02674525648835993,0.014134081070507343,0.900369257049886,0.9008772835591424,0.011388749205286913,2.0383769513447403,1.199588577277359,0.06854773402336423,0.059195096500608835,1.163596970538494,0.9270548648153615,69.0424261789598,85.4955164878735,0.918780016475544,-0.705860744402725,-0.02153881058293113,0.005525750323023817,0.7080015220557591
9460,4700,OK,1410,1410,,24.52419,0.0911018925976832,0.18647713089956836,0.3934675374795733,0.4448482642808152,0.010189144247651789,1.8373604892890345,0.9988027551874495,0.3423030832951679,0.24525236452775045,0.8630765288942843,1.1265472388867834,86.0345015610519,113.80657721493723,0.26078513051923197,0.5200736299330547,-0.4780400278887396,0.5011840356500243,-0.4998156796199418
7380,2900,OK,880,880,,24.334337,0.021146774378374533,0.08755191250027564,0.11342727821698606,0.14483877551532723,0.014003180466328698,5.330260570447431,0.6534975428792852,0.1771314498706562,0.06172857691970579,0.5911865096025615,0.9856158540627938,-10.845470924223468,4.643869347680965,-0.5136161114048673,0.03288427850691188,-0.704246666881561,0.7089437262595483,-0.018816200746115178
2060,4370,OK,1177,1177,,19.296339,0.014168315761202865,0.08006592822322167,0.6032637553858873,0.6087186974260269,0.018664729224882645,2.1056397923103685,1.2382229933719335,0.21618003898104832,0.1768299454905966,1.2010597019736662,1.2020786246273982,82.14578142347285,157.96609488825635,0.21841887327384202,-0.489702432052045,-0.5073001184170844,0.5187176168436409,0.4834978302664633
3230,9010,OK,1708,1708,,19.907951,0.14526260593962342,0.4830211374507988,3.845993384800974,3.8789271403110277,0.026096676719723322,1.5068062729059741,1.046682665315346,0.5535725116023418,0.3013971351005056,0.5282243255094858,1.1824927014489124,69.26237115665138,8.996884203704582,-1.0555010547778323,-0.6845298945395348,0.14151887568397656,-0.1597835729860064,0.6970369008242404
11180,480,OK,1467,1467,,14.912056,0.05795171956483798,0.019098153583554055,1.6154699165381277,1.6166218458596084,0.02811418603911414,5.623936203206544,2.2006003627120494,0.1259562315667614,0.0873766181188338,2.115732167993043,1.2217923215340907,56.486509673426646,13.027574792531716,-0.8270230501345809,0.537324393104908,0.46458344405608426,-0.4794912396656144,-0.5152988173549033
3139,290,OK,1781,1781,,31.290506,0.0384758661077759,0.205274597441855,1.2428967643147741,1.2603215539582724,0.01001850022163893,6.4348322189429945,0.8740417745210464,0.11867665260096505,0.10645610743563427,0.8249558333022433,1.15203160924512,53.755981912946496,-1.0177056791828538,-0.985083194505664,-0.5007034502673137,0.4930235368995041,-0.49220809728366105,0.5137655456742005
3079,910,OK,922,922,,60.848694,0.3147385039200948,0.032224821600556786,2.4263804147638828,2.4469206530099825,0.01166998410406675,6.640773811445701,1.874124474727807,0.298905415589539,0.24630197058176284,1.807719981188674,1.124434540194237,35.784872898780485,-0.8994723341469082,-0.8880606296701363,-0.5018086457549945,0.4979381919332414,-0.4932141527669774,0.5069373132549482
7320,2850,OK,1217,1217,,34.311127,0.0913359732307723,0.12800019590312717,3.4765321385402457,3.4800864961176563,0.012311027494647086,2.0736445280724314,1.488954573238762,0.07350605335530158,0.10484764123612367,1.4266318540729621,0.9834770870454206,-11.182447452619105,14.804292014055601,-0.9205735241588906,0.021021584745045424,-0.7050088748297876,0.7088671156444442,-0.005290722443114449
7240,2810,OK,1663,1663,,34.054127,0.0006711655352271695,0.11016838023548478,1.3644509408777878,1.3688914831092955,0.011114742995694513,10.291831144508249,0.33898886093229486,0.07583293856465084,0.03214805441975571,0.3056519441870913,1.006734014235408,-11.020450958715589,36.697855117444526,-0.523551096782265,-0.016201603315551823,0.7240205166534143,-0.689505801138561,-0.01065597068312833
9480,4750,OK,1578,1578,,15.204037,0.07100703653736763,0.13293018339587243,0.5429414415478604,0.5634694684235767,0.006226292522815491,5.923250744497979,0.7147157104383063,0.2094670333962232,0.11638319928703744,0.6305410125928255,1.1510668078890307,92.0556239478235,113.67817815269589,0.19952975454930444,0.5177358133458843,-0.48732009091872197,0.5058654437319645,-0.48843516397154185
11180,430,OK,746,746,,36.42682,0.6197247099923207,0.17666144240049517,1.9506481042678399,2.0543359043958236,0.013922213971273672,4.873069928889962,2.0010886955254197,0.304729013177803,0.17972055529993014,1.940831571596361,1.3254689214068356,56.05459913076739,12.493962408080877,-0.6758186972102332,0.5439222554160872,0.4564651299920232,-0.46690503368071373,-0.5270558364045064
11280,530,OK,723,723,,55.739216,1.354758014203511,0.47305207097124946,9.842738686750405,9.94679106016367,0.01366892691031894,6.121607432071837,0.6364877523826652,0.16062166761050412,0.14165748838947723,0.524937163814676,1.0678142158453674,40.51790968296461,11.729196035717203,-1.4707931908854206,-0.49822371893829187,-0.4938757599398187,0.5132843301854447,0.4943673290350446
1620,4740,OK,817,817,,47.04707,0.09613876031977386,0.16735624287820794,0.9929018055363494,1.0114864154814316,0.02217886279568613,7.523715616355701,0.7339744677360671,0.23449367899379325,0.1880178521301739,0.6476548317248119,1.1890784392473464,101.21074733242001,113.19709281919597,0.02863292460806987,0.5073250798612711,-0.49520046860391537,0.5079229904085102,-0.48929745048660744
11440,700,OK,1951,1951,,30.256851,1.5836114833458894,0.21113409309256922,5.211486506130481,5.450870989028367,0.05664263915814859,1.218236517072383,1.0591390238664347,0.5155370517881637,0.23013923166550998,0.5051509290691572,1.0256945838364429,-13.269489156564312,10.926003479195362,-0.8047676310917212,-0.30064955603004245,-0.6261265086633612,0.6582637987662961,0.2902829840719803
1600,4760,OK,1808,1808,,18.186377,0.04542634992589555,0.08880356977290034,1.239644172104415,1.2436507953217577,0.00835430567623536,4.015940601681537,0.7790909251150258,0.24459710022274628,0.1277519943089911,0.6297417786183228,1.0707802537503694,97.549462952765,113.50206755992117,0.16662857370984907,0.5111239300535584,-0.4972079555115616,0.5118494737740281,-0.47911031433258516
3079,190,OK,1019,1019,,54.44258,0.19365484290627222,0.2775037604929018,1.118427204952157,1.168499014995669,0.008050845647309991,5.874386784942334,0.60179730151967,0.1230832303290631,0.10400990443882563,0.563101370268555,1.064717058286955,32.230743460726124,-0.49755007718050537,-0.5837583611219872,-0.501059110495186,0.4999922668076575,-0.4946480275653242,0.5042527439172217
1860,4110,OK,1303,1303,,26.67581,0.21916890749703472,0.03617532816908476,2.5853763164364083,2.5949016093046526,0.015256634078539836,2.411774383000055,1.0489195954930095,0.1691246501755903,0.10795750836862866,0.8518880861160891,0.8966883703727873,131.2314184436986,143.47851057875747,0.18654400798150314,-0.702643078074814,-0.005834838142825015,0.0008853083692918972,0.7115180080127903
1580,4710,OK,1074,1074,,30.384949,0.16386611302981513,0.07457036156518208,0.7786247978703109,0.7991679533627738,0.01691419660383859,3.6685707089578226,1.021060969759713,0.20025372934456698,0.1404940365668459,0.9070281220149283,1.0394220444547528,91.41124265384235,113.70727150370787,0.2809888790235151,0.5132991073717338,-0.4920714666615,0.5059276661196418,-0.4882897651228357
2959,790,OK,1135,1135,,33.68667,0.020238262648329508,0.06508289425758235,0.4100075538024599,0.4156339309717669,0.011331827145426972,1.5128709756117307,0.43892131363859277,0.1089298816143991,0.0884777792338643,0.38394820210528113,0.8885726468110136,-3.0009316252621328,0.9712866052213456,-0.7002431478773226,-0.4116969483400751,0.575896158669975,-0.5704003763822256,0.41652448641064554
3390,9120,OK,1302,1302,,27.764606,0.024493151843828664,0.17262212431283888,0.3326415379393768,0.37556451516643036,0.005194749264005641,2.330485164506753,0.6830730787919177,0.22340276274221738,0.10177801392915092,0.599316392328431,1.051561228481953,68.2469678755566,34.967914470921535,-0.8402389982375689,-0.6909228753376614,-0.024096009452827565,0.002993702455778228,0.7225205882251343
11120,420,OK,1942,1942,,14.761534,0.23839969152180385,0.1680617587701585,1.218760423414997,1.2531784140182565,0.032318058599047766,7.945681623656351,2.221723417174034,0.5838983174995787,0.24636247484973528,2.093472647024494,1.3439951365172882,70.62070245265741,6.546536681482544,-0.7912040873936177,0.6387650912013852,0.30477352888133175,-0.3105428562678987,-0.6345513287171347
11200,500,OK,1460,1460,,25.584799,0.05209824558517326,0.10558933909756914,0.9638077406796608,0.9709730669375679,0.005069118508518058,6.466968529931463,0.6406374218400496,0.10668016320665441,0.06305935735365775,0.5873298477881548,1.085110446340728,52.27643755355752,12.973838256546705,-0.9421003674139407,-0.5075552592156727,-0.4914113251781135,0.5093930844770301,0.4913463684776544
11600,100,OK,1181,1181,,59.036095,0.32463914478301814,0.0030894577632020956,0.6218038830508346,0.7014557634318902,0.01312110426577355,3.050669413885013,1.6851418987405908,0.3740381767657903,0.2629075098854048,1.5819200034348082,1.1283177942112395,9.042980082202572,-0.23864058946385397,-0.7115195360606342,-0.49607497371182285,0.500024363366584,-0.49459186896527985,0.5091798696434181
9460,4730,OK,1821,1821,,17.972979,0.06583240285898109,0.17038272813365526,0.1656549169839625,0.24658818064420235,0.011201830673603001,5.631770712990243,1.0781933665136505,0.25152088576897813,0.17092947329451358,0.9893292290012794,1.1641514029353175,86.59223250049062,113.735521398638,0.25929636222787045,0.521515095307337,-0.47992751367468345,0.4974190434049598,-0.5002658115869105
2020,4360,OK,1634,1634,,16.1997,0.11543491467728084,0.16629461839175014,0.4572932243590788,0.5000962034222333,0.00863801984601459,6.632634080609375,1.2872166461473622,0.21415630474395092,0.16094416385057442,1.2528406585393386,1.260741287605101,93.48453101802895,157.85020292184933,0.09103084726958102,-0.49205280277699653,-0.5008624245804971,0.5044154433286109,0.5025792787752486
1660,4800,OK,1516,1516,,32.498528,0.21980534753049782,0.029994327427169783,0.30623841103606475,0.37814813879577003,0.026157711847522646,1.524270066172745,0.8819240891195108,0.16886048961348954,0.11728286576471492,0.7918110951654063,1.1487330931187187,113.73025415511366,112.46087892727145,0.1034251198559866,0.5050907243516427,-0.49660611547488304,0.5034970247013162,-0.4947286856083869
11520,790,OK,1706,1706,,17.370823,0.03069836576531748,0.0008332288824069525,0.5227979285356502,0.5236991101884731,0.012060030686977016,1.3108090161877426,0.5320652520320128,0.18669001219872583,0.07468785635935826,0.4146048541376399,0.8467141938872615,-4.899614130390181,1.5480122971284311,-0.6192461843117447,-0.35562651935834816,0.6147866708555824,-0.6083668659638036,0.35419893346078196
3159,270,OK,1248,1248,,42.580956,0.1185309206462327,0.04108612608210881,0.11660583243360678,0.1712733752315661,0.007843826284556817,3.4700714880301917,0.7419013709995705,0.19816799959438858,0.12780759117720786,0.6353660503603411,0.9820778340675033,56.98128015981107,-1.1146695202671024,-0.6688463510171535,-0.5097486743513905,0.483667528466016,-0.48818735958166526,0.5175858507042649
1980,4280,OK,1302,1302,,21.395714,0.03247962904524006,0.043670355140089975,1.2687346534903878,1.2699014320758728,0.015009371032625868,1.8745601767248579,0.9758093387840419,0.12096252128886098,0.07613111021930075,0.9050914576581661,0.9013079656284978,105.76411254479068,157.70407885883898,0.11167001758952995,-0.49391341300646385,-0.5004943533728633,0.5070980055208656,0.4984040083014438
9480,4710,OK,994,994,,30.376995,0.04143435227841662,0.047547032914603195,0.19870555591399341,0.20847403636617068,0.010916859830875753,4.552705475709633,0.8146130585585463,0.24558374314246478,0.17029179613001766,0.7046807232396723,1.121339990344005,91.31847722212137,113.64242499133415,0.38401624895059144,0.5183067404104342,-0.4887607373117704,0.5029433106931298,-0.48940687647048775
3690,9350,OK,881,881,,33.327415,0.9167913316186329,0.5491314532633004,4.035065473913959,4.174183162903446,0.023059955811974075,5.975156808785276,1.8760023181646897,0.24381586691174328,0.08901966087981616,1.7344497348456374,1.0898662594563382,70.27887968165057,111.9214585489862,1.1798736546161936,0.7123834828732042,-0.09093729648920343,0.07440825346518165,-0.6918840894636464
7340,2880,OK,1512,1512,,28.951828,0.15005158558712306,0.10781848575080054,0.6654870335206895,0.6906614916085684,0.006795028049744348,1.0755285428465882,2.144093095265036,0.3897393704647445,0.3183923765200656,2.076610420113691,1.1005052459610776,-11.01109050321873,12.807092621638441,-0.8054924362454612,0.031179523233611874,-0.6951183566824651,0.7179331942374321,-0.020254287102531965
9440,4710,OK,1866,1866,,18.607021,0.28429492615515123,0.0293773114872682,2.120273086651127,2.1394496005853654,0.015200353463654209,4.860587380051733,0.9186386408701448,0.3204275181420986,0.19749580393997945,0.6608627958838227,1.0354422424640564,84.20606915188378,113.65473336060535,0.42725579944764475,0.5553722984862289,-0.4547070970271474,0.46437008913318156,-0.5188096821626484
3550,9250,OK,946,946,,21.624472,0.1528735589011868,0.08796862043989476,1.608807016339331,1.6184464214226784,0.013572456306636806,3.2331058278313223,0.9236089362308655,0.09920137242250349,0.07896490184886651,0.8974907817856481,0.8851168485825335,68.84857176549741,71.6486925877379,0.7897393157438021,-0.6974167798450938,-0.0163232257411472,-0.00335332988865084,0.7164720110866588
3159,1010,OK,1567,1567,,39.381927,0.12486668299323478,0.036429140696343905,0.22739398678222522,0.2619671659546704,0.01690973078453371,1.6947526677464524,0.948762226878171,0.17564461767082995,0.10931676410398067,0.8828322273415963,1.021639436134223,57.32779042569739,-1.107581536567992,-0.7502598681568184,-0.5070110717789234,0.48534129806628895,-0.4855775700404161,0.52115067011236
3179,1010,OK,1019,1019,,52.072117,0.43104327127170905,0.03467902215107936,2.6052667394892515,2.6409119107185166,0.006310808768928598,5.512015145498418,1.3072808215267933,0.126055466535563,0.09900562637343913,1.2111797417279795,1.0594597537084762,63.522118157117916,-0.6127740496635778,-0.6770154802200784,-0.536264134231424,0.45318891455772703,-0.4566148857323838,0.5463912812139415
3550,9280,OK,1513,1513,,16.459782,0.11999003706140449,0.057935224592405105,1.5875900579859223,1.5931717708578426,0.0016633033943956573,6.571218850727703,0.4838304774193918,0.2438430962539213,0.17653516411416076,0.34780537032802084,1.038780572475766,68.87476318040012,71.67482988790022,0.6692642215986042,-0.6929245820551329,-0.017803450558679986,-0.002103223222287094,0.7207871649689673
1940,4250,OK,1785,1785,,14.242535,0.05788742120149894,0.022379632518145218,0.8745249703912179,0.8767244295231926,0.009393381315672708,2.2820299784063134,1.4069025435723377,0.1106973337026762,0.0842698763890749,1.3259299239411995,0.9339948785344614,117.74731099753495,157.2516561051775,0.15377903120559386,0.5269354170566818,0.48114098288123686,-0.4639057401246546,-0.5250084619534953
7260,2840,OK,1598,1598,,32.64474,0.08966688242188958,0.00013894107477196993,1.4711047082830824,1.473834872650439,0.009757299311372153,9.975342732226588,0.621366267276289,0.14741467546363474,0.053542567673452446,0.5609208543329096,0.9914605415849138,-11.034264107136265,30.701109576433808,-0.597772959709083,-0.011171234403371751,0.7214786067653554,-0.6922221063019083,-0.013129320194743855
3390,9130,OK,1839,1839,,20.147875,0.0058252582127356865,0.029635332604724427,0.9061691091056354,0.9066722896775542,0.003957476023945337,0.16637477318231866,1.1208583643295627,0.25087808049161997,0.1042418876213993,0.7535613065959259,1.0873974232689605,68.24549993408534,35.53495827336118,-0.6891325961727153,-0.6939355369367349,-0.02394612801568734,0.001117228232951196,0.7196379682385144
3410,9120,OK,902,902,,36.84974,0.057550964731461735,0.14427464050750016,1.2402292854053343,1.2499183836603558,0.009261649949264168,6.525968757882481,0.951455790219546,0.2596853222511393,0.13378843658669903,0.8549821364956123,1.0859334867708053,68.24727126649559,37.60103764592141,-0.7146785704971357,-0.6862264017375679,-0.02106164353076163,-0.0004833408259594921,0.7270828694940756
3630,9320,OK,1035,1035,,39.647453,0.05458358206350947,0.20897229870242773,0.2703403953449519,0.34602415871023434,0.014381032449051498,2.8416224276989,1.6519343667298374,0.46525116884198137,0.3368392139799141,1.5452058397556065,1.093388669435985,69.05840669603965,96.24246089131445,0.7909935694688313,-0.702226729195802,-0.007209237314182257,0.017033251015767744,0.7117130854917222
3019,150,OK,1692,1692,,34.634247,0.03519573157998038,0.01832912442326592,0.7450027217466979,0.746058812516521,0.0075934761719546814,3.198651264629269,1.047460111116789,0.2498754137698337,0.1760657152071856,0.9897735289238612,1.1694380283155534,12.301466474305158,0.02138579585196787,-0.7831480498821055,-0.5003887778810483,0.49542674555503574,-0.498077336159748,0.5060458259520241
7060,2600,OK,1752,1752,,16.558506,0.004444763248138847,0.09729408110580344,0.5332691430717604,0.5420902813102669,0.014488939857144738,4.691337314569658,0.7754283373524911,0.16759506324486018,0.11735695172656296,0.7260546543717328,0.9752758127371217,-9.000703743427646,102.38657894629722,1.1887354476584293,0.003043252222242556,-0.7041464830418381,0.7098167514547032,-0.018128662113187075
3179,1040,OK,1672,1672,,39.652542,0.2728135937508032,0.41569590481975405,4.047623170506861,4.0780490032174885,0.010656223826242936,0.21574891461012727,2.0029292895315605,0.25251293208438397,0.1842638437086106,1.7728372650786897,1.2374936117661388,64.82751044745893,0.36074936758675424,-1.0227109890133095,-0.5346742436398195,0.45172544385802965,-0.4581871250530395,0.5478431664218174
7100,2610,OK,850,850,,25.697815,0.37797646383772976,0.2382842723936457,1.5746102931058634,1.6367782919016176,0.017827781389686253,4.70208148722436,0.8365982204864388,0.17677830552371832,0.11060260883017925,0.7745489361977005,0.9780225567459796,-8.92919875361563,91.5670104849296,1.027920088151174,0.00047767028536394544,-0.700000295995515,0.714085365737016,0.009024847783853759
1540,4710,OK,1679,1679,,18.851841,0.2956957900483792,0.05291527991998962,1.5348798402572958,1.5639987695422295,0.02538819216597943,5.723273970413231,0.9888889195553277,0.21133114412838827,0.12685650292962292,0.8212566339400311,1.0580738082784422,82.75456561014863,113.9174917676597,0.4365712153608329,0.5717331098518001,-0.4432563087424195,0.45181504017389346,-0.5220232421376441
1980,4300,OK,1638,1638,,16.949041,0.007333495313750216,0.03351080893960005,0.18169390922708217,0.18490384290090445,0.008877886081713585,3.466986964646975,0.8997740832305149,0.12414682738789784,0.0822957478410255,0.8602782762263965,0.9859083923271224,106.85245991701794,157.6877780145521,0.1279134145184862,-0.49110447323677076,-0.5029669190076629,0.50658690524253,0.4992097577046834
11540,10,OK,1571,1571,,20.46997,0.14998886626647198,0.04545669043710559,0.018276132472325513,0.1577877933413813,0.011274987107862051,2.013089422926463,2.6039934049805655,0.5703150678239151,0.41014096046284587,2.473910395324486,1.204215785687884,-1.7669873660140938,0.975793303711526,-0.691084892749161,0.4507858836775704,-0.5485490671619407,0.5512042513559017,-0.43824637052687243
3159,290,OK,1818,1818,,34.75255,0.0057011919910730235,0.12671954471706123,0.25955400908225434,0.2888920736781979,0.013012441674439504,1.85019017005015,0.8823563289734513,0.19047190185728624,0.160752427550368,0.8091278488481803,1.1717236292742599,57.35329222553104,-1.013458325871458,-0.8597184451044869,-0.5089623338409712,0.48317862237243286,-0.48709208811574056,0.519843302648478
3350,9080,OK,866,866,,33.70308,0.0188607805994897,0.16991633374586795,0.2236811915283079,0.28153252913647975,0.014716488218489117,5.269162875373367,0.8830238660159746,0.25970666663291664,0.12819461586477043,0.7784011172944503,1.0353264570016665,68.27124521366143,28.04337571386116,-0.9851608908449536,-0.7028946673599963,-0.023977674521112515,0.010291616642038034,0.7108151942300707
9540,4800,OK,1650,1650,,30.763939,0.02551246803242746,0.07602408449116997,0.8922096737000946,0.8958061449286088,0.007824226477144588,4.090304254469829,0.9105131808220412,0.228595042672377,0.09524698859346992,0.7863061622501073,1.0873751144427424,108.72945206654467,113.18884254706414,0.05363533683126454,0.5187699018768149,-0.4816110090102091,0.5050203802780571,-0.4938451583347707
11480,730,OK,1041,1041,,25.713148,0.04042776689497607,0.057937803680205,1.2677313735079567,1.2696984007266336,0.012645182977450143,1.9629898176110294,1.8131572508141571,0.14263237208866464,0.17642366795535835,1.7581170434692446,1.0454302749595852,-10.068500387292184,5.73751601432374,-0.6386954393915023,-0.004004503353635356,-0.7006215997082899,0.7134722895958985,-0.0084041628895563
1880,4170,OK,1662,1662,,17.30362,0.3632273211036463,0.21438221846119015,2.017706150280138,2.061318008281781,0.025704212129698374,2.3933097602983224,1.0540725592388194,0.3400331468205704,0.21005344049098484,0.6514212845546279,0.8901824891654396,129.37568370068698,152.74899207931043,0.06442760598746726,-0.6951322072653354,-0.09788191789665224,0.09588302849815437,0.7057030462009627
3530,9260,OK,1697,1697,,15.636027,0.2903336559349775,0.020741060679524914,2.1968699110757752,2.2160688684146903,0.013104337201271205,5.295242506074775,0.8151251265779779,0.4136049540771993,0.2157842082514163,0.5681172993069676,1.1416742564930462,68.57729461202484,65.71693133836669,0.4894790038065015,-0.6803569738386964,-0.010055334766930024,-0.005331536385107032,0.7327925034493398
1800,4940,OK,1771,1771,,22.27061,0.043335351341330555,0.04615808062260947,0.051548986215604,0.08164446743347896,0.004562784078398864,1.9126099415129874,0.9962604085985988,0.24903397482404374,0.13909718607985322,0.9299378707611519,1.0779611736214902,130.29415032833802,128.58711966830998,0.21628737357773037,0.7079600667006083,0.009149352692160658,0.010275013182919613,-0.7061184443184271
7300,2830,OK,1445,1445,,33.223038,0.015781998601428288,0.01712145153606935,1.728692884635579,1.7288497057211873,0.011694995125137707,1.1859358882687132,0.4685645564668903,0.2907969514233848,0.09136308554472905,0.18645987306832934,0.9178350255741632,-11.388991751149389,21.178110464028755,-0.8216175649627253,-0.01298343173411706,0.7114405980682341,-0.7026243522083636,-0.0016509404884861175
11160,420,OK,997,997,,21.968098,0.13526461941689205,0.22212716466169727,0.2294174164357362,0.3467987103648014,0.04028209765528859,2.065535195399709,3.581814763473167,0.5808526202069108,0.1900841322349483,3.482406610161539,1.443090774285668,62.58745760216084,11.926813618185083,-0.5008831316967555,0.5903055556573966,0.3950105861840813,-0.42409005969630714,-0.5618305874810514
1580,4740,OK,1662,1662,,18.09682,0.01735298158371698,0.13230555885052905,0.6123428924727827,0.6267134152342118,0.011227583962315893,4.055735867800818,0.8509586631584717,0.17721459214577195,0.1042681032158912,0.7942922110586093,1.1603801146022081,91.24366988930869,113.7920027980839,0.20748527647795928,0.5136475943663008,-0.49080220709927963,0.5086991211220898,-0.4863173310481554
3630,9310,OK,879,879,,49.474125,0.2627952873189844,0.3590980979458525,0.8041037816664005,0.9190188783020743,0.02183249206512554,6.026527183908761,1.152918666074167,0.3419327084139855,0.25789876071838735,1.042311932021473,1.0476872472021583,69.22838992133161,95.18125535939593,0.6634884495761315,-0.7002439717437501,-0.01116146215145878,0.02142907627228624,0.7134946366226562
1640,4770,OK,946,946,,40.638412,0.27767003173230226,0.11860034989328253,1.2428753245771338,1.2790253171691883,0.02521641012167578,4.81502343512205,0.6706737129511928,0.22431280731056047,0.17763410309249023,0.5315669387531523,1.1390887482203742,106.82566228199877,112.71481287092904,0.029255478636327388,0.5062674310448676,-0.49257496552237057,0.5082051095844327,-0.4927380218697765
3099,940,OK,1098,1098,,52.47789,0.41221426009966955,0.011352910729098716,1.8560895831040556,1.9013463717373875,0.016352718669337497,4.610900663751773,0.7478352665799256,0.2001088985717221,0.15045094743349985,0.6681613746118789,1.0460245007593147,38.45636736980201,-1.2477212659687869,-0.8299147781728066,-0.5054595208877076,0.4920467239184954,-0.4908983071039373,0.5112920362254173
3179,1020,OK,1214,1214,,48.77574,0.09041257085801291,0.03704390304942512,3.282991106302173,3.28444474573427,0.016454936631849285,3.5405062255793496,1.2990581572006268,0.15511373145263718,0.1128991122463292,1.1678809385017495,1.088888367323931,64.10908602147055,-0.041113294529901534,-0.6747744005930042,-0.5346294657643632,0.4553669156247493,-0.46005727046295475,0.5432859416413145
9520,4770,OK,1989,1989,,17.078382,0.025072211044119486,0.07662855356915564,0.8091664552719703,0.8131733537974221,0.00687116900022935,0.7781415254168694,0.8067181891578118,0.23343676616796283,0.12806499184125442,0.676821147783274,1.1153946693454397,103.2860146960837,113.27365937712864,0.08553304462556985,0.5185850579829023,-0.48676779460046976,0.5048775897238003,-0.48910660511932463
7240,2740,OK,717,717,,57.136795,0.4358370772995536,0.3686680259612626,0.4398306052813865,0.7206393221698231,0.018575782796663342,9.186590864831176,0.7477059225397499,0.20217058830894774,0.17222620672027755,0.6743299467287995,1.0059090526340777,-11.275184060605284,38.47161261535357,-0.12655980987481752,-0.016355690205312266,0.724142716362881,-0.6894315824839063,-0.005823298913196513
3370,9140,OK,1734,1734,,20.0613,0.046183407710958246,0.12928929810322415,0.884735624489223,0.8953243853443044,0.007881460854429211,6.367833880546657,0.6996037534668367,0.23416251020690393,0.12068360370175801,0.5780791413043094,1.068463768270661,68.26317404307325,31.97420458678007,-0.8979080668319412,-0.6934421768301048,-0.026982148143218705,0.004283348809801438,0.7199941416412196
1940,4220,OK,866,866,,26.996597,0.06680008308492189,0.23001583024423805,2.1695698769133607,2.1827512419130484,0.01836756296140897,4.091361840105045,0.9262885663010185,0.4727357312742897,0.2384351566841738,0.5090274239566472,0.8133846341644728,116.47587135016965,157.59248961388388,0.3044738999653775,0.5309406372047415,0.47847729883962753,-0.45978738889930554,-0.5270266324095164
11560,30,OK,1299,1299,,55.804058,0.04954795812413959,0.016405619961019784,0.3920503989309103,0.3955093675533651,0.0076128993024615794,1.88658292849622,2.860139514380335,0.6979260348747899,0.48102252208249263,2.6914494705197494,1.2410635300920418,2.3741692658941598,0.2592294059775851,-0.69270089794978,-0.48176624259452794,0.5197454860947128,-0.5150325134294758,0.48219023973016895
1800,4920,OK,988,988,,46.090588,0.018561581666749816,0.035800501433019744,0.8404515690916985,0.8414184738912767,0.009556996648461961,3.8422803699471335,2.0554178774423386,0.3102944589538619,0.209906749078141,1.9708233571667115,1.2018749878018682,130.31907291404994,129.3767313601975,0.30424310832123164,-0.7069567978809733,-0.0073821486883974335,-0.006841001708459713,0.7071851175655833
9460,4670,OK,757,757,,43.14261,0.16944136278385957,0.2902729767802341,1.5454440134522223,1.5815707303773114,0.022474583147834373,8.195970820470052,1.2870676745932077,0.27577800833199484,0.16127217970746216,1.195519135820553,1.1215881850514986,87.98825104489268,113.75333119209937,0.26076010899884605,0.5183194119276068,-0.47740254028865164,0.4974366357949452,-0.505953155058815
7280,2840,OK,1851,1851,,29.677895,0.028354865876647983,0.03434251177599246,0.5333118466809808,0.5351681346495182,0.008131333493010175,5.241469853568095,0.29492092940946224,0.08782436548143163,0.05226050840620733,0.24468240912720018,1.010000605901256,-11.370495373125223,26.92286585051872,-0.7877959237639794,-0.011580021481658214,0.7234395661579627,-0.6902743764525898,-0.004731007572539038
11540,20,OK,1399,1399,,19.610804,0.08003982076010657,0.04620123623745878,0.09769949244463128,0.13448463838341546,0.009458775216090669,2.0112800337463197,2.495380032119777,0.5371940823149173,0.39352552709635225,2.3635300305763955,1.195488589416321,-1.8606869774931625,0.9203874659253972,-0.685195905157342,-0.4500111385545223,0.5498844593411758,-0.5490017363326027,0.44012969685731596
11600,860,OK,1742,1742,,34.73233,0.017716876355108102,0.012832288035745407,0.7279437864083618,0.7282724157171938,0.004560796369661501,3.7536476277310107,1.860987776302509,0.4644735543268197,0.32339459675815707,1.7469165786542886,1.1387533475490068,7.688440193869236,0.052805493568512996,-0.7294775816621051,-0.4970846428757525,0.5001783432034782,-0.49709865522942887,0.5055901598888201
11360,650,OK,1473,1473,,21.499954,0.09905551443909259,0.04244583608966562,1.6885249886953773,1.691960484583156,0.0075452832342398106,7.993039470650806,0.5180001973765153,0.09353496473440187,0.11812561119726311,0.446559128352058,1.0157056867867504,7.116636545630206,14.829646900257046,-0.902909770755375,0.5176677613769838,0.47645738864647896,-0.48775103680881915,-0.5168243141794338
2899,720,OK,868,868,,22.474972,0.3180011902573501,0.20085710879648216,1.1331588092508946,1.1939502594924458,0.025351650316846767,1.1353289745895248,2.128574166877942,0.15897937640690962,0.18196336411888803,2.0849386144936037,1.0768615829318569,-11.99227537576079,8.848472585404757,-0.8030204988447136,0.05248386576867948,-0.6979532170002317,0.7132378461150608,-0.037396865940229
7280,2870,OK,1513,1513,,27.996737,0.17938893439479175,0.13339706488482983,0.7756323208328872,0.8072054656800816,0.002834990532553105,11.201282406310861,1.0495271515561333,0.20277694936898205,0.17867985032648925,0.9902635178510852,1.053258154816561,-11.134435134514261,28.23332197176796,-0.832763200838148,-0.009972318007525646,0.723025450712285,-0.690705064995941,-0.007827112162666112
3179,300,OK,1808,1808,,31.722641,0.04892721247990475,0.0690128246162381,0.712116139686092,0.717123447172094,0.006538183712811467,0.36057706981248594,1.4179849649137672,0.1803967594860757,0.16458406025355887,1.2732315135343204,1.213382896843418,61.57226035555567,-0.42966278254233325,-0.7512953475461235,-0.5372377427569565,0.45346495718749275,-0.45227601014178703,0.5488092118492377
1880,4120,OK,768,768,,26.442299,0.2995964646051157,0.006415585403955471,0.15426963162314777,0.33704349953841495,0.01418126297196858,5.173998224818476,0.5750306504137849,0.1645290039737728,0.1485440292164646,0.49906383617258676,0.9444833222098702,130.67662167605008,150.857678635358,0.2848657291387802,-0.697668130837166,-0.09776000162362555,0.1086649876281784,0.7013516106493888
11380,680,OK,1264,1264,,25.081764,0.008252756593003174,0.164358370337079,0.04805463680825284,0.171438122977408,0.011579037061664249,7.78027279288868,0.7323564046031628,0.13222575906761247,0.06821285396847987,0.6796370576773207,0.9607790171498278,0.4795360692555821,15.489185559372617,-1.0154184191808202,0.5077005102274642,0.4894391759470248,-0.5032910367335808,-0.4993872418341374
11620,870,OK,1527,1527,,21.219364,0.008413580838106394,0.03687974173715196,0.8127935708677585,0.813673332816727,0.010310053753288952,4.564563396081956,1.5188667193952798,0.3693597021171411,0.30359996001778145,1.4197193417587055,1.1317523590061156,9.631312305304707,-0.046279118487729726,-0.7403998820707081,0.5052073134018207,-0.49952745603629434,0.49168144613022957,-0.5034751698768357
11280,550,OK,1614,1614,,14.691116,0.16330300133988412,0.05244332503571002,0.2486558572265607,0.302072686485374,0.008588072591235615,1.1281192760712044,0.6293668688544398,0.22951301786538825,0.14267512830237172,0.541367637687634,1.0882561753202038,30.91288471680323,12.760227607011347,-0.9795837236003789,-0.4984003501824481,-0.49742591503681294,0.5073896470108265,0.4967094684964554
7120,2660,OK,1787,1787,,18.329672,0.03885910515725827,0.11878200085792807,2.092927573302717,2.096655675324929,0.011480210911324673,5.839277650974571,0.7824092548064082,0.32603750714608015,0.21819859199319191,0.4206610012625953,1.0911526060195127,-9.543224767616325,84.94107691499981,1.0389981375534125,0.010942137894292443,-0.7069292114922832,0.7071693782707985,0.006544462796411756
3470,9210,OK,1787,1787,,17.755798,0.11274292910393269,0.10714424694084497,0.0075567554729571995,0.15571757212573417,0.0020011361539677246,3.976003378978149,0.7214599596513465,0.1873522641328942,0.1141661874600095,0.6274512559722396,1.123128216786919,68.53154804596913,53.40277630120971,-0.07281139093439065,-0.6863373396543602,-0.013029016171651893,-0.007604268843230155,0.7271268637790342
11620,850,OK,1514,1514,,44.414192,0.030994001036786456,0.02651172537681599,0.3839470685695765,0.38610730522213005,0.01334664635571186,1.378370063899974,2.2953998752357903,0.5372396249806832,0.44154184458345025,2.150658864465796,1.151140291012873,10.828444283765783,-0.004005842345431915,-0.7654822431039544,0.5068680296294363,-0.5003595213515307,0.490342051990589,-0.5022846025731812
11460,730,OK,1404,1404,,21.067379,0.5234977546107047,0.16626912438851513,1.4384618563602176,1.5397622650950558,0.014656741891342757,2.1366794109606433,1.572416981804243,0.08253309138938902,0.07054894911605025,1.5216915125073296,1.143470052078075,-10.022267362383925,8.831304975523205,-0.8034870812140628,-0.16464914064628125,-0.6776949888275084,0.6967475416130197,0.16781843122475484
2919,760,OK,1791,1791,,15.860659,0.28999286813230485,0.10790998209675268,3.297873542755557,3.312357216818683,0.012194010200582032,2.653376936239893,1.3130188097354332,0.38144603110756803,0.17018421720108523,1.031565229223835,0.8325356039686883,-8.693566682107154,3.143616924849393,-0.633131696434831,0.1537130585775155,-0.6869066867118527,0.6930948464799686,-0.1554060267692301
1640,4760,OK,821,821,,44.56899,0.13038701932554247,0.16762741952515325,1.4868130021316626,1.5019030028244262,0.020422188955558824,7.751269641414668,0.8070887766243257,0.21050331051904347,0.15739366624870232,0.7190668414863524,1.1060104521909204,106.58228016666506,112.89352785516655,0.2709128269104403,0.5083766586929145,-0.49440325023358306,0.5079597520216869,-0.48897391482651054
3270,9060,OK,1813,1813,,16.257702,0.025488383905368478,0.11861919852089425,1.6783090531137463,1.6826887560494979,0.010107659757273506,4.5736920252412725,0.7311173903507635,0.36827795937842644,0.16921806321957789,0.5106286623567868,0.9826519324194591,68.54882360864235,15.3851864843754,-0.947423647334557,0.7122339489884232,0.01216452055051765,-0.007427231661282639,-0.7017974512478523
1940,4210,OK,728,728,,31.626272,0.02114473423891608,0.3590455751894261,1.8890081149007942,1.9229437025067042,0.037366352707242576,5.956190878569761,1.0353909473427043,0.5239865315249193,0.29225490313420766,0.82748765185482,0.780705732978772,116.76345748809054,157.62532549867223,0.3788210508328565,-0.5303400946124568,-0.48167727752362105,0.4499196341702976,0.5331966871164415
11200,480,OK,1586,1586,,15.868534,0.36914439141309924,0.02863570757148114,1.578773206600288,1.6216079746161902,0.02051056305541397,0.7862556999396902,2.7450925615330735,0.24911333807368274,0.14387968396049766,2.574576470508685,1.21113451671739,51.65316442791994,12.667681036186552,-0.8701912931463535,0.5051930348603414,0.49278907992182036,-0.501445866495541,-0.5004907224044614
1900,4210,OK,1215,1215,,12.662145,0.4107545560876676,0.055504742390300274,3.10015411004116,3.1277396930978267,0.06572069186636938,3.8675860297017195,1.7013100284130482,0.8611431157724967,0.4350738077580747,1.2683168843532946,0.8062977078919756,125.09383536466959,156.2850893666652,0.1593385914419915,0.6496774897424228,0.29715560868351915,-0.2900828042340633,-0.6367650039359994
2080,4420,OK,1147,1147,,18.8838,0.36075887995679023,0.0004542396939710841,1.3208006390409612,1.3691827868814261,0.0192405490368276,2.7480385172346344,2.54110267049543,0.1983435070789077,0.17190958513033616,2.469025572500774,1.2770220035875197,77.1365684001679,157.34467413578304,0.31149905045673176,0.47638253955286686,0.5333784258318605,-0.5187360002542998,-0.4684870253341695
3510,9240,OK,1712,1712,,17.184168,0.0024788500265266467,0.09566957631809156,0.6330035492994583,0.6401970836828679,0.014365794092738098,4.085697050028078,0.5387454359683854,0.1505659471023677,0.10004334252395775,0.4872849976752818,1.0451921310358687,68.84539363196747,63.46145626133513,0.44886520171615274,-0.6877511489666047,-0.014365427858052553,0.0016901267605652305,0.7258024077179019
9500,4740,OK,1326,1326,,26.92405,0.02756134969583207,0.02112924529344258,0.2885464320375335,0.2906288293430597,0.011907856193370838,2.302817720985052,0.7957953748798321,0.22481957751890402,0.14049974687930233,0.7149460055193755,1.1487015413725299,97.26793113954322,113.43820761729064,0.21954477298853964,0.5169209271934841,-0.49126303622725603,0.5060643823327726,-0.4851311422701655
2939,770,OK,1368,1368,,20.0564,0.011953571792971962,0.057722336662880847,0.3523867117451699,0.357283011970911,0.0026937433365974025,0.7584633339288062,0.8749130574882353,0.10365409386397106,0.11375417791332315,0.8190378811191135,0.9430169119604588,-7.18238227371774,2.679228368055008,-0.6763499346837216,0.29837887402841545,-0.6419610284482905,0.6421739616492959,-0.29405558737557896
3530,9250,OK,1646,1646,,14.032449,0.09332548012383507,0.039108718188792774,0.7377952208639815,0.7447019034542922,0.015281286957366386,2.162900818497539,1.0449841769270307,0.1057874121269805,0.061679011445124665,1.0120383825413786,0.8897053691718013,68.8314793248259,67.16272784960354,0.7405467518732552,-0.6878910062952346,-0.01656999289630501,-0.003163723267302981,0.7256179364160135
2000,4310,OK,1455,1455,,17.889406,0.11198403657533794,0.05434803006414363,1.5447470047097869,1.5497539938259293,0.02110327511582328,0.5090992736427448,1.0570651757187597,0.24538377867520023,0.11607923317950108,0.8673702847709528,0.9168947423068081,98.93613649249409,157.9113888098344,0.16429705780477297,-0.49735754856441916,-0.49576708099559347,0.5078936103616093,0.49889332611385945
7320,2840,OK,1069,1069,,37.221943,0.028146386790396133,0.1790027530780272,3.514837829047405,3.5195055290767114,0.015233936099282015,3.9324032831762685,0.9793075223819858,0.130355354383219,0.05920961221245269,0.8997564281196677,0.96003313265031,-11.29021398307507,14.765005204034072,-0.6629349641598183,-0.019489760690401932,0.707297147167034,-0.706584421464114,0.009452522511440282
3199,310,OK,1310,1310,,35.52909,0.026573693631771755,0.08597454661052564,5.589910499572717,5.590634774074535,0.01595030869944203,1.291318824387389,1.5940494110600083,0.24562420620318748,0.09974813081733352,1.34262696102811,1.1756143872421785,69.20229746377663,3.3449448447085173,-0.6135705092960715,-0.5946290813108684,0.36983869964491856,-0.36818344945353526,0.6116179685496856
3310,9040,OK,760,760,,41.366753,0.10027350003263547,0.014690918852988955,0.23722618938070816,0.25796678629938324,0.00876125595712479,8.410196843585718,0.6414135442998755,0.23185024586612957,0.13064287499083083,0.4871029456496494,1.0735879752128465,68.4228365292099,22.245532263112576,-0.9292072834907719,-0.7051801817293131,-0.02850509201867975,0.01547243300648543,0.7082859414403757
3059,180,OK,1416,1416,,48.250954,0.2204153985328063,0.08666665762928466,0.5645275074137981,0.6121971611187391,0.013284892207137768,2.0277411160188605,1.1095269623152548,0.17125199153202342,0.1399518905498356,1.0665633021346164,1.0936493763443453,26.987605304580264,-0.6574063131440103,-0.7299624460646624,-0.5000411408300061,0.5010246855773998,-0.4949351558087952,0.5039566583189642
9500,4730,OK,975,975,,37.137363,0.1818092068761787,0.08342335490326744,2.1148395365427577,2.1242787738836557,0.01749208197277799,4.9196351291690785,0.954778870006307,0.16570085457163308,0.11484861864069251,0.901090021925862,1.1364982086415358,99.09752025636301,113.34667124322006,0.27578841783835195,0.5164907954414915,-0.49247257406875933,0.5033752017756573,-0.4871564720411938
7200,2740,OK,1586,1586,,16.904774,0.0409733385314954,0.0682052031567558,0.8034499565002315,0.8073800819987417,0.014328372836203663,5.310940439902947,0.9069689398792886,0.2329660463947265,0.15492963310615382,0.835046365674776,1.0311054655906167,-10.627093296106116,53.33996312520447,0.1564710267826835,-0.014582918633671973,0.7226863592336641,-0.69098601446546,-0.007077603750859841
9580,4820,OK,1968,1968,,28.423222,0.40120081755263903,0.0858768204082955,1.9301036199323292,1.973230069698976,0.009332451954426257,0.42017115573353386,1.1621777630442678,0.18147058270361405,0.1145549624429183,0.9913815848557412,1.2431196501661843,118.76840548863392,112.99984710024319,0.12187708011736864,0.4852046174307032,-0.5030011357765727,0.5284279676082505,-0.4820064519078727
1620,4750,OK,947,947,,42.882267,0.1160885826970049,0.0028167627865573613,0.47481962804851996,0.48881302393177894,0.01498189130023873,4.770126616480338,0.706988148739284,0.232574967347158,0.16054741980657417,0.5990951939276279,1.1389669928964365,101.72758960241164,113.13635515930675,0.1697862039428874,0.5095751986958009,-0.4951194494367277,0.5091302087384999,-0.48577389618370637
3139,1020,OK,1798,1798,,32.251076,0.06566797011125036,0.19117635078484782,0.3321945830200148,0.38886234117716356,0.014406875919627261,4.875462563984463,0.6082554856675831,0.12913391351187542,0.13287162805859554,0.5248909464254519,1.0788577608136938,52.18232809470672,-0.9739828560320842,-1.0121038370724476,-0.49580030545460946,0.4948999453454505,-0.4952049477569017,0.5138367064790821
11400,670,OK,1758,1758,,25.78972,0.10468871388070755,0.016226575199817884,0.8005839251613938,0.8075627838029289,0.007467941046033893,2.598417822235342,0.36981790749618515,0.08989624973275223,0.05592950295292254,0.3300339235674685,1.0031062875306584,-2.38076566424941,15.550837057971588,-0.8154434813825655,-0.48217165796630884,-0.5121325651346966,0.5279079309157751,0.4759663270219878
9560,4820,OK,1825,1825,,28.952972,0.07399122735697194,0.1351727274381866,0.937104533294836,0.949690093815136,0.022090589111802127,4.271072438451567,1.0386346167466036,0.1726415572327209,0.134944187842434,0.9604723665411719,1.1998673146897272,113.65449370992717,112.94099320481749,0.007149732173250031,0.5103281747199204,-0.4899222841761609,0.5065288634566167,-0.4929196892395305
1880,4140,OK,1158,1158,,20.820492,0.09186931642104279,0.046869880865446224,0.09093585559402761,0.13749940677918815,0.012971443270467202,1.70552746103214,0.4616343879035884,0.10562341034780176,0.06879448770426935,0.40622317068395564,0.9015921931146507,130.44838126051565,150.85924056112427,0.23359295464466012,-0.6979904754174221,-0.0976779073585109,0.1067110438638136,0.7013423384896411
1920,4200,OK,1034,1034,,20.350557,0.3951786349799802,0.12548708073219336,2.5355804737436856,2.5692569937251473,0.06034593059065682,2.694797063096738,1.4007223913197449,0.6615508032495507,0.37403501639811787,1.1305633441940626,0.8090169466244453,121.03219180820007,157.03490383887583,0.2389864816170169,-0.5783025813189259,-0.4092406421295809,0.37546918682540364,0.5975877433598397
3039,880,OK,1431,1431,,46.215702,0.06899603565266511,0.04103704215527433,0.05473367781678107,0.09716103772597733,0.007155253602689616,1.707394218281905,0.9939181285586121,0.22868451108492904,0.21784692653872484,0.9316481340817715,1.0954743164089855,19.65195932790102,-0.27043115001978246,-0.819669207181837,-0.4995234246797718,0.49994178853449106,-0.4970583988454942,0.5034555634912381
11640,870,OK,1603,1603,,43.102104,0.0263181864092443,0.04375900201746723,0.1905741584892695,0.1972967487753654,0.009240426182289868,3.4875593027805536,1.3045619665984498,0.2710171328845723,0.23018092108095844,1.2328660504447635,1.099346965262565,11.333299580096977,-0.08455971303706844,-0.7604914920871729,-0.501961251664951,0.5022164286664339,-0.49254164933093125,0.5032060058056288
1660,4790,OK,1129,1129,,36.219418,0.2569163885365242,0.10504237591054452,0.5449635214254744,0.6115759733017935,0.01077908401225545,4.335628173500106,0.8750055265984307,0.2141092365584344,0.17723925398105322,0.8146496584653624,1.1301925716948384,112.88392106515651,112.90637183702944,0.20325703440572396,0.507967354823323,-0.4957879591900068,0.5140946776990627,-0.48152894857682377
1680,4850,OK,1435,1435,,23.497335,0.01649362969502821,0.5380396281676714,6.407939283234427,6.430508886466005,0.053751972128586484,5.599695597106708,1.9475010746518613,0.38139127556123853,0.20174639093289692,1.5064676977747284,1.1822391300240367,124.16847884046982,112.66488949187644,-0.22907775646265421,-0.5099952171984848,0.4695806068842358,-0.4982940445446048,0.5206745406146552
11280,540,OK,1146,1146,,44.761536,0.5750877724640499,0.40214513119454726,4.574223710716171,4.627739103305108,0.017167404580485882,2.5437819704099933,0.5698384916161932,0.13307368200201852,0.13193855748915495,0.46577144504632795,1.0171962838397084,35.242672371009995,12.420734920671364,-0.5373412080329617,0.4985769084866886,0.5022312554593411,-0.502192151695179,-0.49697874717069807
2959,810,OK,1350,1350,,16.120687,0.09390033484376878,0.021949192270157677,0.06828466004965517,0.11816020786703627,0.02610371906546009,2.9322234701058165,1.8453864948302854,0.36816097574152984,0.324927219624203,1.7624478564460784,1.0736149087909383,-3.36982127307865,0.9496007534493628,-0.6168775540957329,-0.4226205206712302,0.5726407519806621,-0.5661550420713632,0.41586407997778907
11620,840,OK,1061,1061,,69.04318,0.04566825556462961,0.007968958701397907,0.22707129408554128,0.23175518649381566,0.011236214193783067,4.009729352542224,1.5556623334454465,0.4216402082649229,0.3140375213642175,1.4430397859640465,1.0956356956116338,10.672396442158156,0.07088323065695579,-0.7376981116389941,0.5066451927173694,-0.4990923467593082,0.49493379127157244,-0.4992574690079397
3039,870,OK,1009,1009,,65.097084,0.12978172237545568,0.1379742885233815,1.1065307328240177,1.1226265908307762,0.013294603842767254,4.5862766672822115,1.3659681712631602,0.1618776812731797,0.1576989232316066,1.3061840827323756,1.0726606374983314,20.70484328046209,-0.2944587551346625,-0.6853689289820947,0.5027872282140808,-0.5000772872785909,0.4958885883795393,-0.5012207276318841
7360,2900,OK,1473,1473,,20.551584,0.04271113622738776,0.01433682920343895,0.5802950419010795,0.5820413400132491,0.016619643418645372,1.349162952887593,0.46452216548322506,0.18325549172477062,0.06591659188547805,0.336918369169533,0.9657579537634045,-10.988427060707844,8.0885052689288,-0.6406655727198405,0.03831779916345927,-0.7007894955094687,0.7118339032514814,-0.026801556533411385
3210,9000,OK,1225,1225,,21.601185,1.10512393608001,0.4315713892027094,4.282621942234713,4.443917582289928,0.02422669143993797,3.2838734428457856,1.306396941680873,0.42233905358194,0.228506744322309,1.050316909548298,1.2442393333970827,68.3481041035658,5.754284161880218,-0.9991766102123497,-0.6355323767609216,0.2895965530449677,-0.2921216456569097,0.6533738429810196
2919,770,OK,1412,1412,,13.01021,0.15832477687843394,0.13840601080951306,0.9279909904670989,0.9515199615299282,0.017264196519597073,4.445460639803869,1.0856439154365063,0.11562239617281372,0.11865018351460033,1.023209262525639,0.9499243758728683,-9.874736915164931,5.1975417043798515,-0.6866129237362592,0.16130257695970637,-0.6826819952955926,0.6942162800482505,-0.16121578235816608
11660,850,OK,1146,1146,,67.75232,0.12425442998146896,0.02040577499206654,0.686032197583808,0.6974924624286025,0.011450695365838957,2.7447465872238497,2.341089171439816,0.4566364276350283,0.36600188613750495,2.2128541476793515,1.1219980144967014,12.513205244220043,0.0909345064702223,-0.7430750024013345,0.5045793863881312,-0.5014739592841321,0.4959600238428193,-0.49794293422229
3470,9220,OK,1730,1730,,16.909832,0.1312854234095377,0.14565377764518952,0.18250757110457716,0.26788038161206984,0.008322728718277841,7.132880309675167,1.0241566928918546,0.20424758563901857,0.12387936752877726,0.9716449460402004,1.126001272955614,68.53290138570019,53.23060763195302,-0.14270534186302575,-0.6854431700311248,-0.011814608726685164,-0.004751729647772153,0.7280147640973174
3179,280,OK,1052,1052,,52.914722,1.6157562574219937,0.35017806612635277,5.726662082805384,5.960532826185527,0.01835948681278798,4.5536384878492155,1.8071006892795558,0.12826204025826482,0.1108120465947442,1.5652993617017366,1.1383937756405602,66.80822841049394,-1.1706507332343954,-0.8736819337218893,-0.5400600211391416,0.4457628743274526,-0.4604702094373618,0.5455252694965006
9420,4680,OK,1035,1035,,26.896637,0.9594602908288077,0.5653523316831883,3.2603395718817345,3.445286843296925,0.0472956578222922,2.3004846359847204,2.3567450063490027,0.275049474165991,0.11053575875918753,2.0254078659015367,1.091380973475402,81.41000631278101,113.40320206390834,0.04008975762854222,-0.5781920529666636,0.40210987681753146,-0.4089066246353118,0.5803421139132855
11340,610,OK,1812,1812,,23.56743,0.08473117986923355,0.22653152001670412,0.44053832196763976,0.502563344788669,0.0340788087118518,3.3788615871370564,0.6844351221647909,0.14499502547819687,0.0859134049379815,0.5492587624484697,1.0231573634097302,10.875223686899037,14.310379450954319,-1.2033274804112892,0.5244090761703871,0.45808626798554664,-0.4950153199988968,-0.519722930877198
9500,4770,OK,1800,1800,,16.850845,0.04064577224493114,0.1701257441086725,1.290255453591726,1.302057595935413,0.006418412666435618,6.279268670823157,0.7742982347421039,0.27011331676294636,0.10751493103228515,0.6693999479161326,1.1237727393354162,98.26529709729492,113.43456016702122,0.056053680851174174,0.514547516142111,-0.4905678902026753,0.5092445797962187,-0.4850298513310829
7200,2730,OK,1798,1798,,16.453602,0.01901876950219125,0.05064901024836003,0.6005422478207927,0.6029743172392721,0.009248578421193292,1.7186784750940545,1.5551040111443077,0.4291464880496947,0.26697152045447137,1.4321815312554662,1.0615167104997927,-10.556752234273176,53.13636586645379,0.14134581106707866,-0.015175730541314816,0.7214616974699125,-0.6922218837755569,-0.009569739212185301
7160,2680,OK,1174,1174,,23.314243,0.07142206995619484,0.061155129379024856,1.944759047465996,1.9470307687930977,0.010936622166673309,1.8240887785584192,0.8630331885355753,0.175971832437336,0.1195238200283486,0.6478332259960364,0.942256767945838,-9.905493555751667,69.81382034227947,0.829179240010403,-0.012349586001806467,0.7175416419670977,-0.6961292906343189,-0.019633911727038475
11500,750,OK,1010,1010,,22.248985,0.35070940171964415,0.3437291711807848,2.3502449480146086,2.400999405090174,0.029248877946862973,2.5025721865455606,1.0284880960330067,0.29495161148212645,0.12639661138465996,0.7970381990809301,0.9154314054819075,-7.496506797062225,1.4492637232934746,-0.34867583401260427,-0.18496158442575952,0.6897243062179204,-0.6764976550910438,0.18005698085672864
11140,420,OK,1689,1689,,15.700227,0.2680708051876628,0.158226438549829,0.7501260202211735,0.8121493758311835,0.02384680441194468,3.980450908519501,2.714630135989129,0.6600787921788918,0.3221114819203197,2.575929027421907,1.3929785023473777,67.10235330738644,9.285721396146474,-0.8161987820349087,0.6345776995258874,0.3221022207230729,-0.3397399902720302,-0.614929298114554
11480,720,OK,710,710,,27.066936,0.10101672252150895,0.11051857759287347,1.5509179955049075,1.5581288018014108,0.02839798231590638,3.4852687562186064,1.5852217958326462,0.08702355031342579,0.08619018168964176,1.5201790931497143,1.0147161922342067,-10.238496358392368,5.446091051722851,-0.48626434247596845,-0.0076545905422482075,-0.7015270058175235,0.712599761135782,0.0016875371277332422
1660,4770,OK,705,705,,42.407104,0.5687740508920416,0.7132410830008646,1.6622991373964773,1.8961685541210362,0.025691519573202252,10.181261927127018,0.9906912638447911,0.22161202241701594,0.1653247743545756,0.9141189547246089,1.2503119957473723,111.78101822935486,113.2066276614588,0.6793338864690589,0.5044932223289644,-0.5045695637574483,0.5060729646109702,-0.48454751928332085
1980,4290,OK,1801,1801,,14.83327,0.00532984861227645,0.033893469412529506,0.04193274319891738,0.05418052701141075,0.003897752226519758,0.8313635040427919,0.5585509926775023,0.11389277878592552,0.0738185857304301,0.5246526674422771,0.9204142319597827,106.99179640698502,157.6859712700464,0.1149163856386729,0.488148974999785,0.505098441092019,-0.5047168980649369,-0.5018435969709879
7020,2550,OK,1178,1178,,28.015951,0.02113761136949599,0.004722902133261105,0.02020217108672817,0.02961810486148032,0.007107926039574193,2.34315282041063,0.8826163072718285,0.17651272819530028,0.11436731127358035,0.767348581413696,1.0814977010451137,-8.835478117005087,113.44898716164215,1.2192849583000747,0.002634075367745521,-0.7027214001808406,0.711077011538998,-0.023349069266324605
3610,9330,OK,1656,1656,,24.084412,0.09715011163785792,0.14716697081991933,2.080364901520081,2.087825276446335,0.00849548712660893,5.866006669088737,1.2403694179077243,0.4237326172866771,0.3096617509776597,1.1060800281948509,1.1239304372410341,69.06699933096773,88.2206195397102,0.7180524849838011,-0.6995693044401252,-0.016280587980155525,0.02186282576535619,0.7140446397738264
1860,4120,OK,1497,1497,,23.66312,0.1521081357882986,0.06999530124930713,2.2293975271333273,2.235676533212747,0.00639435475792563,0.366954119748418,0.9177426202110304,0.1643346282650162,0.07160232635404862,0.7305253999828025,0.9256887936696997,130.8571767095506,143.829470486063,0.14290899438172736,-0.7018484692533378,-0.0038278177057067516,-0.006410929239113918,0.7122871429449289
3350,9130,OK,1673,1673,,20.887367,0.014927091081727878,0.16833465575361095,1.3923260869052987,1.4025445827683591,0.009191563566146825,6.502769172698135,0.7037894465927964,0.2576633093551062,0.12206175190988033,0.5584694875104477,1.059820463832552,68.31824597694836,29.65963748297852,-1.031832054293342,-0.7032504975124108,-0.028127879606467277,0.005850254423585782,0.7103614112974956
7020,2560,OK,1937,1937,,19.894865,0.04527230290071671,0.055900895617257154,0.3878569949424817,0.3944712157642912,0.017349698934171646,1.328102032169536,0.8921700581878196,0.2080885455811795,0.1249189913753721,0.7938865466458447,1.0514811711139793,-8.811394455060627,113.0811697733697,1.1678686826052591,0.0002090194254672945,-0.7032357015321025,0.7104059722176355,-0.027979618279163697
7320,2900,OK,1651,1651,,21.76377,0.06455967472778568,0.1368874342360094,0.6608546872425256,0.6779638920348867,0.01758083863841322,8.519704778546885,1.090502853376403,0.15113904037751524,0.16189445551188442,1.0575839192267242,1.0582966859372338,-11.389663700955369,17.630664310158746,-0.8644119909362866,0.02792827720052291,-0.7066139292244641,0.7068520300124578,-0.016642536640859268
11380,640,OK,1731,1731,,20.612806,0.2146265476709885,0.2190825201947945,0.39337492078976166,0.4988041037586007,0.06200586524040374,1.0096999666450697,1.1431943802210118,0.11472647265623082,0.07997382760411686,1.1050455177273486,1.0565409343971763,0.9129399646504108,15.689367175504154,-1.12107067324522,-0.48280955843802736,-0.4990496784635677,0.5112652784656142,0.5064110620254703
3310,9050,OK,854,854,,32.86761,0.2642194551116847,0.13345388935404381,0.5613264702833938,0.6345937813153,0.015542034909128047,6.078494482041575,0.6208598462820331,0.1737826341495663,0.09656958074424238,0.5065084450501587,1.0670714070664244,68.56157768658053,22.58196022345365,-1.0325291970800166,-0.7041608423904433,-0.026094340273319572,0.02045665136224727,0.7092659013830602
11560,80,OK,1575,1575,,33.942688,0.10378614100995127,0.021042653831494243,0.42402340050716963,0.43704713764498354,0.007473740677481749,0.43645563430353657,3.5504053896474397,0.786565670152706,0.5875258836351516,3.3902387816643857,1.3115501376970642,2.418045729035573,0.39489920168559073,-0.6909328295434172,-0.48253460768195994,0.5198447044785834,-0.518054804661953,0.4780596772176639
3059,920,OK,1802,1802,,30.663754,0.036637224589955775,0.0028709271744610104,0.47522731752171543,0.47664612845105675,0.005721919548420825,3.30634207281359,0.7950892675249994,0.0811072864341792,0.05006697101416574,0.7577884744663792,1.0626306499948297,26.89532857519056,-0.4330650577820655,-0.7841263269899948,-0.49917428308099365,0.5007937612138472,-0.49868441634937205,0.5013426939032325
7260,2790,OK,1905,1905,,23.965755,0.00019752783321280026,0.015194062849922193,0.62301705399825,0.6232023332239623,0.006408979827988644,0.24330294786526394,0.45370847431683387,0.14098003456928665,0.036919024441226966,0.3591522949473669,0.9615059236113065,-11.15540455784398,31.553210365383045,-0.6558855633977057,-0.01590943686898099,0.7200434146673593,-0.693603882240657,-0.014072148143403556
11220,520,OK,1603,1603,,21.71665,0.18420894224486153,0.12974064215001588,0.2170038156596359,0.312819795791939,0.016052116597073163,7.883754311645492,0.5652778028837406,0.143096000131552,0.06936574860890055,0.5056384384802719,1.0709759358316715,47.93611893579434,12.71389139240412,-1.0289856411676241,-0.4954860070486992,-0.500792145112657,0.5126196204758421,0.4908380271694556
3590,9280,OK,861,861,,43.083347,0.14596443377341525,0.042559563483552956,0.858158177734051,0.8715230291750938,0.008408156055741004,4.792486643781017,0.6363323958212694,0.08847370167418189,0.07452756745762573,0.5912896674052028,0.9501770849453993,69.11194060702245,85.4570173374658,0.9215914297339222,-0.7046090144386205,-0.020169979149098665,0.00728721759373967,0.7092716018371965
3570,9270,OK,1084,1084,,34.878708,0.017293850437196626,0.04083872092455143,0.7722471023144457,0.7735195313776864,0.00748235589404307,2.4228463170052987,0.5803614977899332,0.11257365912940376,0.10620710195857885,0.5587289332242982,0.9870444122076962,69.0480542007485,78.1033993542247,0.8052653837580054,-0.700293880998766,-0.014102216297605353,0.006587803924751067,0.7136849505003106
1840,4120,OK,1718,1718,,22.91103,0.20270177840658077,0.11049422714579826,3.6239900465845816,3.6313359584243723,0.010463966070227808,5.508498605142713,1.1433153825419196,0.23945774568162648,0.13662511383253673,0.8028775865486963,0.9728486219880467,130.37969539615804,136.70882890037402,0.3416879574076529,-0.7052884748197159,-0.002832443165152564,-0.018226173499376344,0.7086804294967978
1860,4960,OK,802,802,,42.67663,0.07082007265705303,0.34361512753780693,5.826604242864812,5.837157171220782,0.01407553021235645,8.980121041380354,1.488817504341949,0.19119040485457006,0.09697657094895007,1.20284424100719,0.8964371348567699,130.9226452729165,140.24110415572468,-0.10900485164395354,-0.6993871789541669,-0.005026062273729913,-0.0037787706359479895,0.7147153513847551
7160,2670,OK,807,807,,31.842329,0.1282497544666653,0.21260706497945636,2.6742984318816614,2.68580004214101,0.01569478600962265,5.53033606251357,1.087280715684232,0.23105467009111336,0.1425198650360075,0.9216052002374235,0.9717166403570405,-9.869982427146287,70.54637646869597,0.7306820993883604,-0.016463465880981423,0.7174098434465627,-0.6960846365835838,-0.02276509454107901
7180,2720,OK,1473,1473,,18.71141,0.02099740821751503,0.013471701046355034,0.6898824453399657,0.6903333732836521,0.012472193364846661,5.727304075186645,0.9149338036392601,0.2527118834469313,0.11712186444239814,0.8481984339426791,0.9989906954803875,-10.287242130414993,60.90018652809648,0.5418096516831343,-0.009893219348759743,0.7217499295503631,-0.6920469261880869,-0.007086279601014511
9520,4750,OK,939,939,,41.83689,0.07569140483625497,0.10035227052419621,0.022054865136308166,0.12761733440888054,0.01113868717479813,5.047042300011128,0.7945958792455374,0.20036925796773808,0.16056103740121586,0.7144058114426466,1.2001756786849043,102.45720499835066,113.24533959617,0.06515244160369868,0.5162253566866756,-0.48788946713022935,0.503683547047289,-0.4917093993518495
2040,4390,OK,1680,1680,,16.833403,0.0767922485001784,0.11720266213558325,0.13382167011328505,0.19375694267119753,0.018794822267139025,7.393808386224496,1.5774726044680536,0.3088998131642864,0.14230423814867943,1.5243323775097792,1.2717245172184393,87.79109251922831,158.03968874961927,0.17582621055275127,-0.49625453442788453,-0.5033198568468247,0.511511480444115,0.4886272241057854
3079,220,OK,1789,1789,,25.068272,0.10719115716325112,0.009954619375526903,0.8064880811893049,0.8136412377217095,0.005355135771728052,4.13859547297132,1.175923343558322,0.28360825450597726,0.15944180997040291,1.0910259526702877,1.098621212532541,32.54482668665052,-0.829213523712959,-0.8501028537240304,-0.49744856011610533,0.4993600495803217,-0.49552458876342204,0.5075823606592271
3650,9340,OK,1364,1364,,27.565266,0.07387035821173779,0.34122177993268843,2.276791692634087,2.30340390391489,0.02271868228564905,1.7669575408508347,2.055383806697477,0.24298149032251382,0.2236613844843316,1.9849223490688468,1.1389502588509197,69.19164612314175,103.12231294455863,0.6457815847841468,-0.7065466920366011,0.0003422458737714393,0.008557367083741406,0.707614602950287
1660,4810,OK,1977,1977,,28.233976,0.007872322006133164,0.06126921228648763,0.5712141376100867,0.5745445855924586,0.00930643793802025,1.148811669684266,0.8690779398745953,0.21123884390117986,0.12251385485338284,0.7982782704853264,1.1806374727167488,113.99380663265326,112.65301755249133,0.07525536479278225,0.5078380592858672,-0.494250044922704,0.509212745529262,-0.48838486711324314
1800,4910,OK,841,841,,49.198074,0.5630237362598869,0.5829380902741081,3.866556012591431,3.9505781783419263,0.017363139332802355,6.353123407520425,1.8935348498058362,0.25314218745293093,0.14572415866127403,1.7002921492188499,1.1434697620300767,130.9100828474766,132.40701513652792,-0.1711644144857026,-0.7029433371445468,-0.01217184222143035,-0.014746670714566774,0.7109887810112482
7300,2850,OK,1725,1725,,30.326263,0.06467144642210143,0.04557295014584878,0.8574123884257192,0.8610547564430611,0.008478714237592761,2.6231329297383184,1.1675928903648876,0.056920796127089224,0.10589623281158178,1.1344443707114777,1.0139394023524098,-11.458123755672517,22.05164478906148,-0.8493450281924133,-0.01826697476462628,0.7102958495615705,-0.7036661958194275,-9.267993607639958e-05
3179,1030,OK,1296,1296,,47.061554,0.5091329768159829,0.4096431408131611,5.990302143443923,6.025839664365924,0.013415442583981373,1.8120302125358354,1.9253873854220958,0.14499945060667163,0.13478205422750378,1.7679466151384702,1.1631127264770806,66.87844890600934,-0.10508422588255473,-0.9564521558461739,-0.5342618835470972,0.45152790791224917,-0.45973268824600655,0.547113008000354
3670,9380,OK,1316,1316,,15.805244,0.9298880618869577,0.1806445460682744,2.8070275405546816,2.9625542818818627,0.029729467692273408,4.120842955604033,2.9868214009839638,0.2479019077404212,0.08636686397395943,2.8115549144682337,1.1310015977562131,70.59485570428473,107.6027007277,0.6786911036401252,0.7062625400562236,-0.04616505829432611,0.024484181845427225,-0.7060187934788794
9560,4770,OK,781,781,,42.17465,0.03058038075570535,0.560399105752488,1.0967464798509194,1.2320045285958714,0.021608437154652303,9.467282287315829,0.7547229134966534,0.22681200290721892,0.12494779436670789,0.6766110322635992,1.153290686473488,111.63984925702545,113.15924902622798,0.5777174712951525,0.5113374723509536,-0.49484185988173823,0.5052813383883435,-0.4882174640004228
3450,9190,OK,1653,1653,,21.289518,0.01614339942177967,0.09478449977348646,0.015696203739302028,0.09742218204303808,0.011437826459944971,2.7065473533632938,0.6870497763899588,0.16898836812548357,0.0956300999388402,0.6289555223697718,1.0582623205182744,68.5302375391997,48.67073389861279,-0.2599404380613786,-0.6899047822819456,-0.013907272637037888,-0.0036690451540461523,0.7237572225960568
11520,780,OK,1386,1386,,20.601608,0.06744373308767393,0.007770601173144678,0.04089788177098597,0.07925702561127958,0.008276733024553286,1.2078900586988843,0.6545296993953995,0.17391773496582363,0.07445233933453466,0.585830903184906,0.8350811202541386,-5.444660916217931,1.7410839371035793,-0.6352797250972552,-0.3559734877276539,0.6125665911271198,-0.6079635844490929,0.3583647966161307
2020,4370,OK,1500,1500,,16.148539,0.14736171878815152,0.2396610818950607,0.2713666444545595,0.39088715259245416,0.011428866378884016,9.16000172522865,1.3645238257916699,0.19996584497669068,0.18012033060039978,1.3278749970497565,1.2518613560078287,93.66700912934294,157.80020080151485,-0.01586473671475747,-0.49259576555164214,-0.4986541714832897,0.5050759184260268,0.5035789368599632
9520,4780,OK,1693,1693,,15.590739,0.0006824279830699165,0.07696898545715897,1.5884532103581943,1.5903170413246253,0.005896695079440742,3.7060144621666997,0.9264517902705727,0.2993753527091827,0.17203900546805406,0.7851254598115878,1.0830316524851167,104.06397474464008,113.29413745691,0.07956954565095857,0.5178628747050864,-0.4862858505826642,0.5055431885267998,-0.4896633527837624
3370,9130,OK,1797,1797,,19.659426,0.03639189993457566,0.09570817277645058,0.7657132174784382,0.772529064914866,0.006894271480469736,3.700126889391222,0.6095086864404725,0.23093653998931174,0.12500519488031853,0.4913159569388643,1.0621015597554517,68.2552923341447,31.854571899585714,-0.8523816734174989,-0.6945026159182971,-0.027048147976657506,0.0035813111769457838,0.7189726617778516
11360,620,OK,1835,1835,,25.628527,0.21544457612298834,0.10621480285460136,0.7061350785819394,0.7458717711042413,0.031145835576390408,0.6237065779610744,0.595609521853069,0.3254819656908501,0.16537692027468753,0.36732887342571985,1.0482630213142194,6.1183265636812685,14.746776466468745,-1.0240881257118868,0.5241205148420826,0.46400132009086886,-0.48606352948512355,-0.5232042681210329
2000,4330,OK,1480,1480,,17.453007,0.10599281138213767,0.03687364728927644,2.329929650556789,2.332630771998171,0.01465429033844247,5.0305780818329815,0.7507590526531508,0.44918742509127885,0.24143849223941327,0.4571214067931484,0.8471691584909472,98.15516486887353,157.90561559299903,0.21557579851280978,0.4887307493155081,0.508150861320559,-0.5021100094210053,-0.5008098394120408
11160,450,OK,1187,1187,,17.923435,0.26188077073770666,0.15015908180433618,1.5644256959492426,1.5932849858317153,0.03588717635023549,3.923256322699909,1.7498353615139075,0.13102229558557243,0.06939787647853102,1.6545210455102763,1.2329127612266666,61.20588673238538,12.121385048741399,-0.5723744152543025,0.5903478292869303,0.40710997324547765,-0.41257144653358246,-0.5617256551426711
2979,820,OK,1642,1642,,23.50595,0.13675204159462762,0.01281138321763447,0.1412854980871536,0.1970452851249756,0.0065935108739289955,0.5615857252800782,2.6596139150960685,0.6949957711368391,0.4821918235988609,2.5229772820798058,1.2319510313534803,1.3678782011736321,0.4964466389985575,-0.6420178075606963,-0.4807379076345014,0.518440306716229,-0.5134991714038027,0.4862399752208696
9580,4850,OK,1411,1411,,23.433187,0.3473292518723527,0.3438836802040669,5.912453809542098,5.932621987341329,0.05361124647379757,6.527420911778374,1.6285701341972378,0.3508553137402295,0.21369797935998092,1.1820556401887714,1.1662263096394812,122.75128494868389,112.70256523183907,-0.04869030253143202,0.4963587513094484,-0.48954826728030304,0.51309310287601,-0.5007054541169351
11640,150,OK,1697,1697,,27.453102,0.008397269320249756,0.11464661985632055,0.3654966457990474,0.38314769954531996,0.0063658472401031275,4.714739237333892,1.3240761371560954,0.15387335519152073,0.15250260468366683,1.2758347959914866,1.1984111838991478,11.89046796154541,-0.05992385453619174,-0.8610824331500517,-0.5010704822945351,0.5000200442896986,-0.4958560368490389,0.5030259613598632
7260,2770,OK,1026,1026,,47.948387,0.03733908709671055,0.1680909802883371,0.8020730818152915,0.8203474956700905,0.011911210481219911,5.169046135904922,0.6099639823909793,0.07741826806901697,0.06309124007254052,0.5478364308834189,0.9389962820022774,-11.175501415502932,31.36811455268282,-0.5450163079476451,-0.013679182535299149,0.7225856085575562,-0.69104659232557,-0.011727126923925794
2979,80,OK,1570,1570,,34.468098,0.04229973676862734,0.03668441463489305,0.09284252374647828,0.10841931665259334,0.01136573052979393,0.9145326294553628,2.612557726736285,0.6247337233701322,0.4707751259824362,2.48697878804216,1.2516990656493285,1.4065203701509583,0.3120572641646274,-0.6874537747259388,-0.48017937363378216,0.5208349426457324,-0.5115969966564663,0.48623784783577756
9460,4680,OK,912,912,,34.10856,0.05001659327309366,0.19312746718607365,0.5387465019469602,0.5744977559089678,0.01502713107555007,6.134493086723649,1.0709829888476647,0.2637264477449155,0.18014824751404718,0.983670750712581,1.043170747677139,85.8945203755808,113.71753043324964,0.2513984394332167,0.5205325953781765,-0.4810884467283725,0.4957193712466285,-0.5018585742459609
3390,9140,OK,1788,1788,,20.544773,0.07968020007086313,0.11801766505132036,1.3200319389360762,1.327690258817483,0.01010057992095295,2.8297996231400844,0.7777074386232915,0.2780976597451057,0.14893187192673768,0.535633494759681,1.057923198864987,68.33171286902027,35.954806443518194,-0.7591564297816966,-0.6916665807754397,-0.026880507208475634,0.0058933702349614325,0.7216924882232743
3570,9280,OK,1470,1470,,14.07401,0.029212920854621266,0.025999584291362635,0.25675517841256434,0.2597163737037959,0.005295016448592062,0.9532433090963548,0.7123224560242396,0.079449545023342,0.08565969107385113,0.6646940278572968,0.9806953219028731,69.04036909484712,79.1319356762297,0.8359108788447844,-0.7022752005370017,-0.014692092515885304,0.005142856600260807,0.7117353694697264
1980,4260,OK,702,702,,36.731236,0.11266774570768873,0.16017373448062802,0.5709790036365536,0.6036279224274791,0.017603433831672,7.006196679811883,0.5638641026885108,0.10595565355204606,0.07901592751708097,0.5112178102386178,0.9049940907963947,107.60325184040452,157.78439237445866,0.2634869566645611,-0.49343824451320895,-0.5017680485106701,0.5084497473914553,0.4962120300064091
7260,2830,OK,1781,1781,,29.18614,0.012590038583937369,0.04696433800429496,1.1894427486792223,1.1904361429750485,0.006870892154322819,8.101201213747458,0.4111749227869632,0.20935616131870083,0.08270516776341452,0.3314743325211498,0.9575263959712123,-11.150156771541607,30.987646218703727,-0.6657162906658745,-0.01257437748461171,0.7204583888993749,-0.6932908794976396,-0.011373271331556837
11420,690,OK,1638,1638,,26.935814,0.01712472179673208,0.08959941753100176,1.0130873392777942,1.017185955822961,0.01177568983864265,2.5129897287300795,1.1373899948051913,0.39031046491531396,0.1822606111914733,0.9207144904956834,0.8663668403208558,-6.973507824559576,14.39874482222396,-0.848477150959614,-0.4214456578724207,-0.562629883523008,0.5805895203290711,0.41078824290798316
2979,60,OK,1497,1497,,39.003098,0.03290123321742652,0.005857651279501224,0.3238222227843528,0.3255420636334708,0.0077343955470930365,0.7721109658672621,3.285199441177128,0.7936153120707297,0.5165588146954101,3.145655714194195,1.2913114914728403,1.827473335082158,0.36439687009238503,-0.6695827504980185,-0.48271353598059674,0.5176427355861823,-0.5151479792937786,0.48337997466330734
11300,580,OK,1524,1524,,21.234604,0.25032451910398396,0.11570436231164127,0.1660775808363173,0.3219186654716186,0.021282238045945746,5.723714580780396,0.5470811975307603,0.135071131186961,0.09535194327890917,0.4437364304437228,1.0525380701840317,24.365351647950366,12.837438210894428,-1.061178769165488,0.5114003069589516,0.4839968973397807,-0.49375230346384824,-0.5103189122812323
3670,9330,OK,843,843,,52.789036,0.3004846101349328,0.31361703189573675,2.948806454347002,2.9806217721847186,0.02795122431876836,8.687784281663788,1.9013265644866433,0.14809573449110114,0.1646097771920625,1.7742528845851941,1.1826769688094656,69.2499711044895,107.82397933280994,1.1073437598911318,0.7134108701780324,-0.036696865988969804,0.004146003201800582,-0.6997721636331791
9440,4670,OK,930,930,,31.457184,0.9083506655492235,0.12905696546726855,3.055002193852288,3.1897954536900373,0.02026727167040087,3.8745361961884948,1.8325382163244117,0.23041753027377898,0.12636472559725725,1.6141444030077903,1.1039946095959567,85.22523009757353,113.28033838942261,0.34829927915266223,0.5474453382187249,-0.4571841790317503,0.46426155099775523,-0.5251165969294908
1700,4800,OK,711,711,,35.186306,2.5997385392070287,1.7564190613055297,1.3541926477529138,3.4172336938500036,0.09607483916489332,9.530208004929026,1.1166540805142382,0.20602875649081887,0.13205758742486662,1.0104970057829687,1.1887205725721988,122.69914998538532,114.62627625368069,1.3544430312594842,0.5228779616382389,-0.4936118486338384,0.4897664319822445,-0.49302618817331256
9580,4840,OK,1700,1700,,24.889595,0.47987968843572576,0.35929064774718095,5.165693917636718,5.200362288883413,0.05256251304887148,4.5182991719344345,1.708385132000601,0.25338505432706837,0.14840464936378028,1.4482817322688604,1.2302169565008998,121.97563895507024,111.97933142178755,-0.054543356857780195,0.494187715602632,-0.4910668024046069,0.5130037346686679,-0.5014569428570772
7280,2820,OK,1887,1887,,18.908976,0.04571069199212885,0.0013587057485505774,0.1801770034560395,0.1858899298458851,0.009154345433855907,1.5337711901647135,0.2871051747769562,0.11838545422326852,0.03050859857671462,0.24184332503216677,0.9746412458532815,-11.36985212056208,27.273066602401705,-0.744236247912205,-0.012694384742496699,0.7234464796621962,-0.6902491665101776,-0.004486846597538518
3250,9010,OK,1149,1149,,28.321493,0.0449711097977743,0.2636894552690396,3.227037638897129,3.2381053800633612,0.028039673814214468,2.683713732782052,1.1980373878607875,0.44185399556210037,0.2601110985648809,0.8680943253476423,1.1757926457570689,69.09300111657419,12.607144504109932,-0.5206941778634526,0.7137046394001205,-0.05052804873391503,0.051220809330107704,-0.6967417259511991
3450,9160,OK,853,853,,29.749653,0.06457632093974297,0.11817877460534928,0.9750340648772431,0.9842904813439854,0.008713854885302685,5.546674111680777,0.7647153715876989,0.19177530462778036,0.12394050352627722,0.6620212720240968,1.0752484396832127,68.5572737332571,47.71603358873018,-0.30742061194156256,-0.689538319721401,-0.013790262761912317,-0.005253745632433176,0.7240988416270076
3370,9090,OK,796,796,,42.691223,0.07773373205414702,0.12232768198416799,0.27781928802467526,0.313353078295432,0.014274622077437338,5.806932949022155,1.2373039737272515,0.3665145419767504,0.19920306185120912,1.1366269229905832,1.1445709642327286,68.34274168853376,30.820402419747023,-0.8647587130111796,-0.6911903768038583,-0.024245922404213725,0.007888356336111828,0.7222227994842199
7300,2800,OK,936,936,,44.416878,0.15730244296473733,0.08474631849368275,0.9486368328077752,0.9653174802211312,0.008121090063018416,6.840676234498482,0.4100846829907821,0.1394891624148178,0.04679298760556794,0.3085013093405191,0.9943315748759395,-11.230018354158707,21.9622581088377,-0.784902528583953,-0.014920706089565366,0.7110486792180172,-0.702980742196366,-0.0022856975190419545
3690,9370,OK,1321,1321,,20.43061,0.04645622431437041,0.10569074480970536,2.860543317418723,2.862872121689142,0.010366404566610869,1.1015578090232032,1.9240461166984488,0.20405263316424138,0.10079409222089719,1.786619415176233,1.0122279532926026,70.98812435567784,110.53409729356873,0.7536797441355149,0.703364464157556,-0.08931891323253568,0.0828564878052024,-0.7003109057610761
3079,960,OK,1708,1708,,28.020199,0.06558123464954696,0.05088391475139354,0.2417192244822779,0.2555743621784076,0.007811963901335353,8.484968999089643,0.5082693573738148,0.11724121531788567,0.06423942134557148,0.4778646355878804,0.974817091262388,33.10913139703224,-0.6702239875983492,-0.8682825938419653,-0.5008107593579771,0.49719910337644907,-0.4974417814887509,0.5045129422940897
11120,410,OK,1666,1666,,15.25564,0.2533958969285156,0.09879670401773524,1.6296020428080427,1.6521419694533277,0.016388653432726826,6.588995782077606,2.1041279819378405,0.1267986098495989,0.10178144999339628,2.027932998441644,1.1694212845037473,68.63176327918102,8.631662352011162,-0.7257972968725508,0.6395822629603818,0.3057236895963792,-0.3020906739804235,-0.6373451021386354
3630,9330,OK,1690,1690,,24.44187,0.03481656083450744,0.12308589576461819,0.21204564896780026,0.24764023883589067,0.004946956213521709,0.1979895801459977,1.5292639425770158,0.39257763239220145,0.3039205774656774,1.4309552026708143,1.107916007646366,69.06491751075713,95.75861540253085,0.8584377021697736,-0.7024021328122906,-0.0031724424289906066,0.02066847147374903,0.7114731152452065
3490,9210,OK,1576,1576,,20.642382,0.022817324966760588,0.02400374316678971,0.5007990204645839,0.5018928858859654,0.018236756410878522,0.6441307340772072,0.9967679461728121,0.3697675146443482,0.22219946282304304,0.8526991247352056,1.1681998681295358,68.76848809149234,57.4894519630651,0.21366125211547568,-0.6867195917329818,-0.01244240423720775,0.002620193400963897,0.7268112020968212
1920,4210,OK,1589,1589,,16.97352,0.07558517298980305,0.038203539045924405,1.9142124713859645,1.9160850749330245,0.009845730880344532,0.9991301300663893,1.2279903880114083,0.6089353000553499,0.34162390238902063,0.9677187853517162,0.8261978830477427,121.73552036302625,157.04933575256604,0.21584212031370353,-0.5754133893105563,-0.4107556312275311,0.3972187880015397,0.5851465434193374
1840,4100,OK,1775,1775,,25.78968,0.11727309708471048,0.027062636496463018,0.7843238111977415,0.793504383356343,0.018664081746000732,0.9052297949839357,0.7362101541470754,0.29999272005398425,0.17235473427939962,0.4407564718773118,0.9595014785200854,130.56028575725568,139.54636351629875,0.19846551711573876,-0.704411622205703,0.0008256789774840515,-0.020874138069229328,0.7094842176649336
3139,1030,OK,1797,1797,,31.26003,0.00891620167438903,0.20639161391832284,1.0371849678099805,1.05755834562406,0.008777284750640608,6.60564518265964,1.0532214714781163,0.12916084114639825,0.12141968554877591,1.014958693582349,1.1550131498038751,53.55279202299394,-1.0451349588039873,-0.992841592868834,-0.5008294732790182,0.49270264177131473,-0.4934452490652142,0.5127628415374865
2959,800,OK,1447,1447,,20.84546,0.03006644921549928,0.037080781360061495,0.2923077767102766,0.296180370787812,0.009591428532421077,1.121308792854939,0.7599809970469075,0.10548517501510224,0.15764378744862606,0.7296890764814403,0.9649911985420673,-3.1009767247995517,1.0490135424122176,-0.6699922114245502,-0.41593447839321,0.5741736101809097,-0.5709983322311686,0.4138648084155173
3490,9230,OK,1759,1759,,19.157125,0.06527734970420873,0.12734764892032702,0.024623004948934657,0.14520622728607643,0.012280655000557354,5.723586469087905,0.6767066341126701,0.19159961693445204,0.09524532933440266,0.5845630725381135,1.0693085586295128,68.71551561199138,58.01933851009995,0.12723714774334893,-0.6853666577223849,-0.012278684895332072,-0.0005099852981494268,0.7280944432521678
3079,920,OK,1028,1028,,49.373833,0.08192653316491805,0.020600591768826275,1.3958428481555551,1.3983967956072627,0.010732636451991868,3.6782775904137575,0.9888225809016189,0.12046278895633533,0.1066234398443986,0.9565417095868982,1.0465637104265697,34.751303122801886,-0.723460878452638,-0.8510457354069398,-0.5019684241572745,0.4969112493033883,-0.49482796633293563,0.5062135865419057
3179,290,OK,1340,1340,,46.288704,0.7577716591282453,0.47832235665213835,5.213096777785819,5.289554629532823,0.012202534757910924,2.0207244908717388,1.4458050815894592,0.11109380844750372,0.11187506505359734,1.2662807763500599,1.141823494863148,66.15376225814832,-0.4208972182742562,-1.0287528633284935,-0.5359495760977993,0.4486291197224749,-0.4579597963994075,0.5493293999955217
11640,130,OK,1907,1907,,24.354609,0.0731800946980689,0.08468242666341014,0.36879379730761397,0.38540278226576363,0.01174880560426,0.14823741368854698,1.6168037936799382,0.49265278301775206,0.39125683835625913,1.49087177975521,1.1268216981877757,11.15729629697309,-0.10904621061483505,-0.8116886073487533,-0.500796190383512,0.5016157312764823,-0.49240011957919694,0.5051009365183493
7060,2570,OK,734,734,,26.632673,0.06331149944576131,0.10743994799359877,0.27389475518482254,0.3009485426193184,0.010022819141646695,5.839610394912485,1.2234899166296054,0.32056223191019084,0.19566919909400604,1.1284960351021605,1.003876563652614,-8.988529218338527,103.18892435870636,1.1651081876703575,0.0021135781985721475,-0.7025172565293981,0.7114838136441779,-0.01599437363397721
2060,4400,OK,1669,1669,,16.02113,0.10248615151280663,0.0908241308001045,1.1558331169564995,1.163916933565655,0.02442354722137651,4.057755410196987,3.2262793134172822,0.31591033738043867,0.16895043179314706,3.173444336466492,1.3768981775039,81.59890322812049,157.89655805436615,0.19649586211552827,-0.4888383221459308,-0.5129066248285779,0.5198711160373243,0.47717702346049173
7260,2800,OK,1874,1874,,28.968288,0.020196131877446344,0.04627110420707305,0.04291110148669741,0.06625904812291422,0.008100618658555702,2.4219981007160767,0.41452826330286385,0.09850576783135478,0.04195917631953616,0.3767628886207639,1.0400406069759094,-11.195959308862122,32.134936971353305,-0.6606348967111015,-0.016830183436030016,0.7191629669420114,-0.6945544888477432,-0.010744018155381386
11180,450,OK,1335,1335,,21.263073,0.12119610017992088,0.03423628330228785,1.2775423407168618,1.2837348052138706,0.02134440111217355,1.6463539634611308,1.5617471719640585,0.11488071441824088,0.06937168617591377,1.4571591459637592,1.20692761323859,56.80790224468076,12.795789585413857,-0.8328503574116506,0.544784750182129,0.4530320756098445,-0.4794726305498247,-0.5177620215806318
3310,9070,OK,1548,1548,,19.233835,0.11442232709995559,0.17898642858810881,0.17780576057696673,0.27702617033783833,0.010576761683408181,1.379151532717419,0.6534934365194502,0.19852524001158922,0.10797933030845885,0.5551439263266023,0.9949773158694498,68.50402257883742,22.19044380125523,-1.0945580883091701,-0.703313346854678,-0.02637831747884737,0.016957082260696327,0.7101879876935828
11220,490,OK,1273,1273,,27.00693,0.07822523275342655,0.06407703514327394,0.39686246639165135,0.4095422697384785,0.01437245138040925,1.6392196368393799,1.8566513304729966,0.3877998731309762,0.26814504289447183,1.729654775303099,1.214034116565821,47.750057840137615,13.041592679779974,-0.94419610725422,-0.4917615957377036,-0.5062061661912396,0.5206192960412377,0.48050119547926284
3610,9340,OK,1319,1319,,22.136189,0.10735032489223328,0.22848558602360147,0.9599219531919481,0.9925622960272373,0.012276492071033152,8.78199029443019,1.7158109293728114,0.41883853813539307,0.2747724137369818,1.6088640850681148,1.166998404586995,69.02073159102049,89.33908790762912,0.6689308595846292,-0.7006275731346959,-0.019720720909883388,0.018762432446164913,0.7130077615698751
3159,1020,OK,1752,1752,,34.789017,0.09636139316574506,0.11318030127031185,0.7834196760242913,0.7973968193255396,0.019784063859838684,0.31501144936066683,1.3659747623849836,0.49434931773574853,0.3230312723198625,1.1742512343196951,1.1436132499920892,56.32143909452972,-1.1638635210298056,-0.849755664468206,-0.5133078746525981,0.479496142865853,-0.4853801794141179,0.520580979510701
3330,9090,OK,1907,1907,,20.365688,0.01250917976274002,0.15092635674395205,0.5120440494027219,0.5339703674054173,0.011948474997692402,0.27462797305567005,1.0987869406742963,0.34620693851408557,0.17335823282703466,0.9317520037590565,1.1108651219018313,68.31076555603352,25.863018252756056,-0.9672310781957442,-0.6856466590860973,-0.028085250997556672,0.00769456836557517,0.7273518207704883
7080,2590,OK,780,780,,25.881914,0.05397996296150992,0.0074022251967953215,0.5584324914948384,0.5610841976890125,0.017199517605028455,4.980239386103398,0.9022779639995365,0.19668085550925696,0.15238414787912546,0.8576006356384109,0.9764544256212979,-9.09179378865482,97.3264657683977,1.2411875955724982,0.00324742328482171,-0.7044060573878654,0.7097182593463145,-0.010077346264272332
3570,9260,OK,802,802,,44.446243,0.10732677917536357,0.03027683063704168,0.33530703986484944,0.35336459214883015,0.005903391309634396,5.720433950331569,0.6237801599425726,0.3155208869912136,0.23821639758021096,0.4081623993494521,1.0808094960811625,68.9097109512805,78.53590264875899,0.8686017590403007,-0.701539806354337,-0.01755941273300272,0.0016524568287249477,0.7124119850979634
1580,4720,OK,1617,1617,,22.094818,0.3398783502522116,0.010737572991447116,1.473473908897235,1.5122030117166176,0.028052827053887352,1.1397633021200553,1.2454317491916442,0.20845758810726656,0.11301348719079529,1.120618086075572,1.0335869316120105,92.10916280631541,113.5318801933195,0.3238841814517515,0.5174790066238427,-0.4912565161405115,0.5009970386837146,-0.48978003254852764
11240,490,OK,788,788,,63.49881,0.43062725359275295,0.37109162017244046,4.632809177968632,4.667555002522137,0.013242805837408689,7.112789851865197,0.6365464871855424,0.14645948491547445,0.11668823274565193,0.5646767800430061,1.0988923632455743,47.316187670073255,12.705151096955257,-0.557862756440163,-0.4963545389930184,-0.5035567548305521,0.5186757292868821,0.4806643882526273
11380,670,OK,1498,1498,,27.808397,0.08353223462685638,0.05990057414216263,0.3632492413977486,0.3775125486395873,0.004462035014193007,6.324035300175616,0.3170193451106365,0.07013447105913373,0.05616188792421317,0.27896015254007933,1.0221603920879005,0.16960556820185868,15.363179747782533,-0.9042195497321224,0.5087682008443118,0.4886462161387866,-0.5004530790829369,-0.5019228116944835
9540,4760,OK,799,799,,43.394386,0.1382350782008709,0.1666590641203562,0.8510191800095761,0.8781331477873074,0.022002298013222687,7.521024690543502,0.7787026637926691,0.20024920007272673,0.13631477293406036,0.7102185305720781,1.1215017753199255,106.99746516648425,113.15883499305023,0.2700384295213068,0.5170735344375774,-0.4851508530171562,0.49916589557521096,-0.49809338330834585
7240,2770,OK,1682,1682,,25.300905,0.0008927985272381145,0.008050676219069575,0.7507111081560437,0.7507548057692802,0.011220479452358836,0.7128990341247003,0.797571916139143,0.11127487232776212,0.05570805979473947,0.7265633250754395,0.9589230026578526,-10.965499342846035,37.30626088631766,-0.47957015714122275,-0.01784335043696822,0.724288184394185,-0.6891291101612804,-0.013759008702682847
3230,9000,OK,1553,1553,,23.1799,0.020678191287033076,0.24685998650930746,3.2964603729770907,3.3057553495596945,0.031622867432417,0.7715144884859229,1.356349512268962,0.5391491547018223,0.3049299205321603,0.8312077272094598,1.1694231663453314,69.21026581714037,8.395392728521003,-0.8225195246564765,-0.6855521296820993,0.1482276773942551,-0.17018679455064184,0.6921584270260823
7040,2580,OK,1959,1959,,18.405502,0.0002911802144506953,0.0705171879160858,0.9765991771065115,0.9791418238961224,0.010023102524213966,3.192460184347272,1.0589887675347172,0.2952216946632982,0.20832971267541578,0.9418231395236312,1.0130944547990755,-8.883875754462261,107.45818789526446,1.202102555922238,0.004113225466851688,-0.7030533178332152,0.7107914657253003,-0.021785451843972074
11320,600,OK,1691,1691,,23.955833,0.10579258382583423,0.1879928914957694,0.35183663418909195,0.4127013632192111,0.0191064632763815,6.402634276843884,0.5130316328847042,0.15817857430955728,0.08096715470625798,0.3986758349169608,1.0894174563013332,17.354885613853916,13.57180482235626,-1.1786708549848397,0.5189825491441673,0.4699240801294726,-0.49427682659553834,-0.5152852523495459
3670,9360,OK,1592,1592,,20.896908,0.3962792228932417,0.3286157044864696,3.6638949741626434,3.699885388147353,0.04475514128020565,0.4733119920513839,2.432972438314049,0.15449284814525965,0.08873377152363005,2.2863571705323085,1.1406112320970894,69.51474757921804,108.54870099909603,1.1155889960387337,0.7176542379534934,-0.04031215184093249,0.035482938817956645,-0.6943257781576208
11340,630,OK,1602,1602,,25.172947,0.09049172062322658,0.04599506864056088,1.7950229190967733,1.7978908693030573,0.007698210539657387,9.402332032523793,0.757879917367509,0.1681379474604927,0.11435368378967325,0.6390480241481229,1.1443559903075418,13.134027252372912,14.39929333692636,-1.03775219349992,0.5216569821285382,0.4708646790629346,-0.49216294067851873,-0.5137471039628139
7280,2790,OK,1087,1087,,43.35205,0.16312578323522026,0.22296529174604046,1.2990256674545453,1.328078019991758,0.020757610775155262,4.498891840133809,0.3034808794250111,0.13946926072993648,0.04417203973331835,0.213230180002411,0.9417423759472235,-11.449257900544032,26.142889774889156,-0.6412090741788399,-0.00622325590781943,0.7265128526467888,-0.6871235969850323,-0.0012282065307665316
2959,60,OK,1183,1183,,21.697893,0.0633053004309505,0.04532678517571444,0.8937670518641054,0.8971519500702614,0.013792865891928654,4.284067768883441,2.9392351043743847,0.6805587026785578,0.5091591512125406,2.7913489663993722,1.2580785206491159,-4.246177574627179,1.3538599786909309,-0.6223492707784467,-0.4160641736189874,0.5757978690665763,-0.5730724988114742,0.4085772001900157
1840,4110,OK,1608,1608,,25.01242,0.37482678733500846,0.18703664349593283,2.435380115603906,2.4711442964733976,0.017996560496895003,3.3432829295511928,1.2429384589709631,0.14376005469721997,0.09042543210029996,0.9897917341198381,0.9069961313378846,130.22306630718768,137.90351827341382,0.4445749694185783,0.7073432974012097,7.05261821738316e-05,0.019043982623145425,-0.706613601180653
3270,9040,OK,1829,1829,,18.363432,0.05145820157280201,0.1641865179413706,0.10104488399835415,0.19953753472732888,0.01197992309380235,0.24398648534643697,0.5941239141892039,0.16729643125903837,0.09679408237565079,0.5174517580990781,1.0944156783684806,68.64102450136124,13.81089929454407,-0.9555202785722892,0.7105849190311865,0.014260866766698346,-0.007188108552473523,-0.7034301895852512
3330,9080,OK,1209,1209,,26.553406,0.19327479511052106,0.3372874841883487,1.049886715994878,1.1195445993070705,0.021910292896027486,2.3272893357228375,0.5255744122110643,0.20909859220521643,0.09762696538818627,0.3917720037584971,1.0549034951866645,68.09027541693179,26.400248540918092,-1.0994354179042722,-0.6852866159420499,-0.02209027621558577,0.01401081749028306,0.727803524792692
9580,4790,OK,867,867,,37.27349,0.8646181751481239,0.19997178570801705,1.4396365813977559,1.6911850254701117,0.02054299928736159,7.693420613603305,1.1856101622776711,0.3292949368200304,0.23660685217875188,1.0773761971666604,1.1971642589105056,115.43439082758692,113.55863144879791,0.2733253725620937,0.4838310311361587,-0.5074649965017501,0.5291939387941403,-0.4778499615765853
1880,4160,OK,1716,1716,,17.72519,0.05292678469250234,0.044201637617334,1.156523604621118,1.1585775232377697,0.005461376949116275,1.1211729683921987,0.8215025171515333,0.21103290780651895,0.19598523574958704,0.6364795950314104,0.8656626049702036,130.03555664870586,152.03836604171352,0.2366176840852149,-0.6971519718166853,-0.10622575594680952,0.10474919523877492,0.7012295081230291
11160,430,OK,1345,1345,,17.960781,0.4355424840053994,0.1319114979346113,1.112674198327141,1.2021404952350172,0.022754373577619696,1.7912585382678483,1.5920777479559112,0.4915381266954061,0.30437128576946293,1.4718112517957183,1.4001807474330776,63.619275826336036,10.964375603198022,-0.5538456116314999,0.5952694380574981,0.3927197087839841,-0.41367754933040674,-0.5659473576467358
2080,4400,OK,1560,1560,,18.551086,0.6446563959310971,0.0882713528059056,3.0529646156628445,3.1215327397018338,0.011582895861080841,0.2943324850801868,3.4666951305863867,0.3352369480061439,0.18750754578688578,3.442690469611157,1.3274108988289457,75.43968790501498,156.90033053091545,0.32987629371282673,0.48018546546522956,0.5286053930392657,-0.5143654030278177,-0.47479099546408293
9480,4700,OK,813,813,,41.204144,0.158334491839525,0.08746568574237518,0.7723853237576206,0.7932837738442838,0.006542572162741927,6.9222711907641825,1.0226146158847327,0.332916981470726,0.2364170265679113,0.8627633965454482,1.1642329384521077,90.74145826299967,113.81180702729083,0.2817499135515307,0.5153031458589536,-0.4885930024901888,0.5062163172695942,-0.4893716235290905
1840,4130,OK,1776,1776,,20.598797,0.26797205405786784,0.0895844048486882,3.5686032347416266,3.5797714220822097,0.021776102600645674,7.389939730639054,1.184351607400384,0.24671339220726018,0.1601866469169111,0.9514452715113428,0.9868046684900237,131.15512009940278,136.7635681508489,0.04894274190911345,-0.7015750832476071,-0.010279878915369129,-0.005312398934170308,0.7125015825057252
1860,4150,OK,1835,1835,,17.70855,0.04895963482566679,0.0014667002511669237,0.9183242315426048,0.9196295946141604,0.012612091309066119,4.733421386482708,1.0501125676524785,0.13277187685315228,0.07112745862652892,1.0108797743572575,0.8504032785057667,131.0627023852766,145.13892147538,0.2621971599220362,-0.7059167661829707,-0.0006938109525363866,-0.002345412564719665,0.7082905737676032
3039,170,OK,1799,1799,,24.093948,0.21189882609601654,0.11493239730018845,0.3576946358216382,0.4313421158959702,0.017317065693040628,1.9043350721408498,1.737761174539511,0.24553562248892824,0.2305071412587414,1.6958058799931948,1.2993397515526368,19.958121655434326,-0.43690032878240154,-0.8996157100024008,-0.49481550274484287,0.5011288252224883,-0.49478052399534916,0.5091362802328911
9580,4780,OK,764,764,,40.28769,0.5902837220831327,0.553286143561069,0.9936232772717197,1.2813460291229648,0.020258521155157836,10.605109917035252,1.1847882180176388,0.26364493995160476,0.19551290809043004,1.1135371638011282,1.25200530957567,115.85091093768354,113.26903654683265,0.5539326115040469,0.4866685135761743,-0.5082691758821425,0.5253331631642227,-0.4783735678541583
2939,760,OK,943,943,,21.133966,0.45584389972250616,0.012245689296613689,1.2663769745925495,1.3459770650344494,0.008790814771430809,1.984167970723739,1.2899850461251927,0.1406131503958541,0.08565153331418562,1.2500391846374992,0.9118013839730247,-6.788645492115795,1.7308487595510345,-0.6253209234304933,0.29445499915364437,-0.6426145340148078,0.6435828622777607,-0.2935028339364433
7340,2840,OK,789,789,,38.13593,0.2366036411172197,0.30379927831566994,0.292209347094996,0.4833855469754261,0.011338783240239632,8.74142810922092,0.4759465503948575,0.1061839033730616,0.07451037566754937,0.4339632767031949,1.0224691868344327,-10.959162445526585,13.194876746109745,-0.46825729135911803,0.029659338569338008,-0.6977345250012907,0.7154460840820828,-0.020585359566105663
11520,800,OK,1235,1235,,24.43654,0.11819889855500781,0.07935844922386749,0.3486504496540972,0.37659776835084713,0.013554998292276303,3.056636319528868,0.998471239417225,0.1661933316441091,0.22427699491998343,0.9483943104096095,0.9795881554529118,-5.011285512608559,1.7130182999177306,-0.6716239177753214,-0.3574592836832324,0.6148897803898399,-0.6068639686206336,0.3547527900817969
1940,4230,OK,1266,1266,,20.942774,0.08594553967882645,0.014209594026208545,0.40186531492998956,0.41119858912313173,0.00948891420153957,2.076890167638274,0.5914792019645765,0.11203130998690192,0.07519525864327647,0.5296516941183516,0.8840727444177982,118.23209755699337,157.3360214196352,0.16466365936891986,0.5267532543232888,0.4807030382824533,-0.46633518866297846,-0.5234377612099714
11320,580,OK,1361,1361,,34.71653,0.1583706032809707,0.16937959270146746,0.9650185534275136,0.9924875328519873,0.019099139543891072,0.7908073935776773,0.9590662768653202,0.3686490107848279,0.2906924381829297,0.7976666709353837,1.1295242903741152,18.678451366113542,13.531791539173003,-1.1128484281758677,0.5183928068564664,0.47025694368835924,-0.4989074074981542,-0.5110955913093245
7100,2620,OK,1422,1422,,17.291914,0.22099096550737593,0.054759484476679915,0.7199217863954583,0.75506488893529,0.01196022254165071,1.2001041688500345,0.7450596484370502,0.2077366412952414,0.12542474163180506,0.5720923357379046,1.0244977152409724,-9.050058941796095,90.7176491185502,1.2902697935182859,0.004765650200061033,-0.7055235572332904,0.7085638323787883,0.012292038550997213
2979,30,OK,1421,1421,,46.617153,0.07169154607215328,0.028083939725820413,0.09535443971824398,0.12255959620820972,0.006588261319619876,1.4031577011496257,2.6915970621388365,0.6894947253912757,0.4474877943059115,2.5301314880761,1.2364325308627688,1.592414746761389,0.281581540150859,-0.6906536030649271,-0.4814091278407155,0.5175732490148899,-0.5138385174195079,0.48614109222728175
3470,9170,OK,730,730,,31.204117,0.1634349608573957,0.06235654080945964,1.3973665985103336,1.4082729619092034,0.006826062116751324,7.594098669052488,0.9635351614468137,0.2319740329890867,0.11317579619494511,0.9064636523017136,1.0628775785791718,68.47245183978437,52.003314118506495,0.05183672072572154,-0.6853744772946505,-0.0121090395334834,-0.005689587707485336,0.7280678715795524
1820,4940,OK,1035,1035,,39.138798,0.4763038254229884,0.7097480958484002,2.323194441449578,2.475447455805762,0.021252404275202776,3.7982515808804895,0.6995898116558164,0.18003107950305441,0.09778019284587647,0.5479078518278975,0.9810081432021291,130.04656606634057,131.93856023189673,-0.4900939332853946,-0.6999044602898868,-0.014238066132392223,-0.016696926038843023,0.71389931825152
1560,4670,OK,774,774,,43.719284,0.3388491975843082,0.3214755578244287,2.1052540721237563,2.1564461554084104,0.022690060411018013,7.365614552422604,1.0784694411561606,0.16376726501436,0.10785457749753036,0.9868762185995767,1.053331615194576,87.7253753605413,113.84207562109935,0.23011522991480368,0.5146803439896549,-0.4800511821988256,0.5041562503919019,-0.5004812495698299
2979,0,OK,1413,1413,,45.619045,0.09987062371212022,0.06884737818679251,0.40521188049862644,0.4229784522420454,0.00413348612736733,1.4154844935315822,2.690782910444339,0.676073254430444,0.4324757483910739,2.5241890610859175,1.2346974160408197,1.9136988437002829,0.4239204058073708,-0.7309467558078528,-0.48108195489636635,0.5178649930756767,-0.5159829933864276,0.4838776210528875
1820,4960,OK,1786,1786,,29.44054,0.09614766020310558,0.12802926662399516,0.4257750393737232,0.45488487535694727,0.018062465033673303,2.8539790191995418,0.7088178052515379,0.17914894377707835,0.11071444002814035,0.5348716824460347,0.9944157122745195,130.35520989731057,133.8224083300954,0.04648893414036268,-0.7011118500337186,-0.005478679474300464,-0.010964482425274974,0.7129459572356522
1800,4930,OK,1379,1379,,32.202503,0.18315487968484137,0.05126665501865624,0.22944223794843144,0.29802301995643765,0.009986229563525026,1.0735847185464975,2.127842777169595,0.5484490330748883,0.3670783769551287,1.9675782270830808,1.2201243478272503,130.14751272756547,128.30740273275376,0.20040871345307806,0.7091289137826267,0.009463374753954026,0.01542687745739877,-0.7048465362244839
1880,4990,OK,917,917,,25.217577,0.03403646475958422,0.24317296739513372,0.2716294902598051,0.3661613756035537,0.024740065462362935,2.9881158657864635,0.6412841025282616,0.16476514884478843,0.15929324262329603,0.5663716679100084,0.959000704398851,130.2462738852066,151.1719348763964,0.06153621104318195,-0.6954174367601714,-0.09283358593310816,0.10772635371607835,0.7043944539018969
3550,9240,OK,729,729,,38.80803,0.05403466899945825,0.08593853105505188,1.2090993301400923,1.2133533560834622,0.0086401648294333,6.376099211879857,0.651030853620457,0.24631519178584937,0.185215029850828,0.5173500350078681,1.0146257015031517,68.91928106753451,72.04918227733569,0.7948069908844376,-0.6950945046150465,-0.016344210305325714,0.0013187641996907343,0.7187313526655449
7140,2660,OK,1181,1181,,23.898024,0.23792619891026687,0.019366905306106196,1.1970222663140218,1.2205925852636417,0.029312703933747918,1.5816715196596742,1.0831907939834622,0.4808637494930127,0.2573519531727,0.8119781927823695,1.1245021704803382,-9.950926705367348,76.62655844422895,1.1160520801134928,-0.02457070813236912,0.7151699626217283,-0.6985051898594373,-0.004324882072503104
2979,70,OK,1530,1530,,22.535803,0.08194189578722694,0.036773545260488844,0.10574328756249428,0.13873864198828795,0.009536219129721041,0.17823756833847004,3.886635603337888,0.9534024049756376,0.6500703919446593,3.68671080368396,1.3400248264874595,1.613945294585155,0.425135564242048,-0.6966051328995648,0.48246101721292267,-0.516942246760286,0.5175737449849492,-0.48178781521179453
3119,230,OK,874,874,,60.70342,0.025889139134506578,0.003442292846555055,1.023624105964302,1.0239572291928916,0.006290268975115356,5.952650411061204,0.3151286679684315,0.06085375355097011,0.056493871023022724,0.28925031044201255,0.9565127363767292,45.792659591566746,-0.9845742053446347,-0.7736590854201219,-0.5023684553420021,0.4962329725474691,-0.4925407249818023,0.5087066013611325
2080,4390,OK,1124,1124,,20.00848,0.04176786734674981,0.04974765558164451,0.5299431455440182,0.5339092820766971,0.02087583782821832,2.1613677883007516,1.1840745275130682,0.42821578073097477,0.2675051621964457,0.9990824797244997,1.211663722890637,78.95597998065651,157.8699861846581,0.25820999556585517,0.47163616817293735,0.5338109193274717,-0.5209865259464957,-0.4702959356193819
1680,4810,OK,1333,1333,,32.19789,0.8887660019410968,0.44069272014286015,2.5609178164871422,2.7463457798672306,0.03467627377601007,3.169281768643871,0.8651180192976521,0.20716140403263741,0.10495561596138048,0.7086482879185461,1.1690020818125912,120.32100328200386,113.25683298939275,-0.15902148390231108,0.4941645317313215,-0.4882025398322815,0.520099730785154,-0.49694664272664446
7220,2770,OK,1541,1541,,27.113173,0.023311758089024553,0.04199229843057976,1.5833905005221567,1.5841187671183277,0.01582339003122957,7.69930344039948,0.4818347178207939,0.19744246743239757,0.06945709368327124,0.3800950076207843,0.935898558897428,-10.802136342722866,43.45363344989175,-0.1747737000376279,-0.010916251322100558,0.72657153067009,-0.6869649962065194,-0.007330775113998644
11660,130,OK,1649,1649,,30.766539,0.12567340574177013,0.08734293605385877,0.005340765296886846,0.15313757593484517,0.01889227060803071,0.1551124619587977,1.7987607676868493,0.5091332923224128,0.3948649599248253,1.6707776642821148,1.1432500145833753,11.835292702010138,-0.16824888407295205,-0.8220226453830296,-0.4991612847807778,0.5029722829259946,-0.4902875934016522,0.5074199150019957
3290,9030,OK,824,824,,36.676384,0.02869499076287796,0.11349940506575457,1.0419145917339456,1.048471045815418,0.004660301567137569,6.800973854837691,0.9180617863615126,0.23146357229147352,0.09966362078791846,0.7124373448454691,1.0915212987935647,68.39095331432446,19.1124129687472,-0.795208130334065,0.7123913664452809,0.026128777555875116,-0.015769092591606932,-0.7011185090385922
3550,9260,OK,1476,1476,,18.709759,0.2899931242508563,0.06511790090331333,1.4488834786050886,1.4790536459863817,0.01601121819563005,0.23210606563466107,0.8653125385333017,0.4253636305267223,0.2339538581790639,0.6480066235757871,1.0737899218519602,68.67958415263506,71.81228663158595,0.792018236255963,-0.6934521372885155,-0.012383625548027898,-0.007621036996323754,0.7203559529172899
2080,4370,OK,825,825,,32.30085,0.09651445582257859,0.0259836957186573,0.35639450562823427,0.3701448855082584,0.0036846593337791296,6.432995760066058,0.9379182797227205,0.1536313369865181,0.13221530585809882,0.896016291758774,1.19336728193751,78.07985536092016,157.67944702538816,0.3478792118332736,0.4771003163613013,0.525543345713644,-0.5200174648782199,-0.4751434689919298
7140,2650,OK,776,776,,30.85809,0.66668492952782,0.15413690391136495,5.520177028562457,5.56242585632164,0.013637724496071854,5.170448310700346,0.8787263544769185,0.38616783553842327,0.23226104204634757,0.4638631943118625,1.045483207253092,-9.062518908719657,80.9516586695481,0.9796542747005846,-0.014233338562433142,0.7104871462220227,-0.7032493335834087,-0.021114022381941138
2899,740,OK,1729,1729,,20.368862,0.14898347686653873,0.16362450729841063,0.9946638997724842,1.0189824970422683,0.008353452202631083,3.1774977392235915,1.6829289666323393,0.18265097434017585,0.19247520225387937,1.624099300961035,1.0819283802235757,-11.824604999733955,8.98042751491001,-0.7811556799128353,0.05689873992947264,-0.6986692605491681,0.7111962375484089,-0.05313858725167619
2000,4290,OK,706,706,,36.859863,0.21492221640241088,0.15619758201494077,1.887375432244366,1.905984067606612,0.015907104328579554,5.7275026881921605,1.1717491501003767,0.12096643962118758,0.06627848533564601,1.0995651319162878,0.9655016084699828,98.59442124110768,157.96841102781028,0.3396532699643744,-0.4943633297182473,-0.5005134109815285,0.5079814220004779,0.49703732109359305
9500,4750,OK,1984,1984,,17.077906,0.024150484307458725,0.07977519838125997,0.7140311698852327,0.718879572485356,0.008681706696605949,0.48327093681263944,1.0092109427566862,0.20576956604839358,0.07789894472810421,0.9134436878651311,1.1233218275853063,97.69174895880958,113.41007841078195,0.1659117966222859,0.5147779542183197,-0.4917592890830483,0.5073436300265688,-0.485570695700225
9500,4760,OK,1916,1916,,16.500065,0.03382276374998591,0.08523804229283345,0.9044893107776995,0.909126182943116,0.00688660526787148,3.344905267684577,0.8195886307918518,0.25216490564798577,0.11588529942670334,0.7003993067857532,1.0446677246231957,97.88125745194695,113.44852118428308,0.1604704558001997,0.515527169742283,-0.491483596409058,0.5080351024446607,-0.4843304103629803
11580,850,OK,1732,1732,,25.107983,0.02006429666080195,0.06715916883343723,0.5385722480060293,0.5431141650529461,0.010766994758699367,3.6315910879472977,1.5533402457800518,0.4237264456193435,0.3428135857141785,1.4372884045333887,1.1443728940422553,4.933029617098155,0.13284730903469957,-0.7277841382633031,-0.5040393273461778,0.5055324953987368,-0.49525683291375194,0.4950776929296843
1760,4880,OK,904,904,,30.528202,0.06896769121444592,0.2449083570184926,3.43460850816862,3.444019780743604,0.043756867317284225,3.295298327303233,3.2727749142703138,0.1739702133866563,0.15740441911267777,3.1897335744541664,1.152511963847406,131.0226785925417,122.08141985079843,0.529369927350149,0.6919554245409605,-0.15505029733526612,0.16906533017772585,-0.6845246598015892
3470,9180,OK,921,921,,26.592628,0.17727017961993607,0.13396036457709637,0.48192819680837307,0.5306834110268409,0.01851101719916165,4.851615588283637,0.9040869911799667,0.18656440021218812,0.10225181653660753,0.8523678070525342,1.0167105657230606,68.7599484059141,52.93279629637772,-0.08827370293077466,-0.6849673533568574,-0.014523201159970621,0.0006297384816487583,0.7284287232755265
7120,2650,OK,1782,1782,,19.139538,0.22136654154353957,0.11716446449450581,1.5728324787329995,1.5926495733878885,0.039942128397870764,2.2559117278723333,1.084421527492332,0.34446003240851386,0.18391574419850976,0.680649215789245,0.9989749284528198,-9.884122075127069,84.41524854851134,1.0607975792039561,0.02275502585621784,-0.7053019941106976,0.7085366848360577,-0.0026593501622029173
9520,4760,OK,1231,1231,,29.884563,0.07320916791492896,0.012749413453791426,0.012985333455632464,0.07543705120937555,0.012673153048652479,2.1632453223314925,0.6866183322942391,0.1724126511961379,0.12725231150124217,0.5861234845566443,1.105615776908935,102.49287097479846,113.24053714076184,0.14665507935132482,0.518462234006278,-0.4876221861283658,0.5023391893267246,-0.4909957783639102
1580,4700,OK,832,832,,33.022335,0.025191477364857356,0.13094455641818736,0.655585242801541,0.6690090417674005,0.013839509460538139,6.03754443103528,0.8483624209641628,0.3126334333959502,0.20244807534946763,0.699027750679873,1.0609541036227488,89.97780820933583,113.84339032165741,0.26926177316765554,0.5109201181991115,-0.49144431468917443,0.5091011233674158,-0.48811798221857045
3119,970,OK,1431,1431,,45.19976,0.17299697491470456,0.022123428436159838,0.3122032989727148,0.35761473586089143,0.007581550474370068,2.1043765009875774,0.2926168082650117,0.10121172074403673,0.06531715390322312,0.23593548352699711,0.9470778418232699,47.134382068536574,-1.1174939108256567,-0.8053783768195434,-0.5018868946340924,0.4963159296989908,-0.4914946295382781,0.5101108429122095
1760,4910,OK,1323,1323,,25.110865,0.48955699076694403,0.1407034465628429,2.128672868944894,2.188769446530524,0.01492939270154652,3.265978229932244,2.1455798010336076,0.2246865009620762,0.15513391444301017,1.682485353645185,1.1034750116717422,129.73173899609162,121.24406214437714,0.45250526125446117,0.6983409739310112,-0.14522233344429344,0.14917138764379295,-0.6848198705546638
3310,9060,OK,1001,1001,,28.220394,0.21867265586774226,0.13996463074301177,0.2493078702111795,0.35994755511395543,0.012010897129235129,3.734339549266003,0.675364747827744,0.20276770646325204,0.10136536116858264,0.5451337339457059,1.0344131888376835,68.57690002124842,22.267610746146758,-1.0507312609593915,-0.704285625625893,-0.02601793003597089,0.01864422938907462,0.7091947670167028
1640,4810,OK,1818,1818,,29.164814,0.05448598438045554,0.127249980081076,0.04770675119066059,0.14641452808280017,0.009597279267582413,6.50888271276473,0.8709496106950577,0.22506463232392182,0.16584931440490092,0.7813482136862291,1.153552631071561,108.10838993241747,112.92781583979693,0.010637983524838667,0.5087674051643091,-0.49207086089180757,0.5123810960531431,-0.48629991539270384
11400,640,OK,1305,1305,,36.01024,0.13991367700462398,0.10912783420785305,1.1643986457885065,1.1778407903982433,0.006120310686793858,2.717638553923085,0.36766464771011614,0.0734291975806658,0.04504364062979627,0.3069994581285922,1.0178914217365078,-1.9964325675184504,15.310123636143308,-0.7285739698418113,-0.4813531460768624,-0.5127125325901352,0.5247101544334297,0.47969184016549915
3610,9300,OK,871,871,,41.184326,0.2393865053807025,0.02773944170489994,0.23375602594085265,0.3357339054193741,0.0181394928470852,3.6700461299590397,0.9636902940601693,0.18085355427135008,0.14711923475686017,0.8963673389877682,0.9794541506421898,69.1798494896999,90.54521045043167,0.9776542733810752,-0.7007747817005908,-0.017416125105379623,0.028169146185725802,0.7126134177251859
3139,1000,OK,1774,1774,,32.178753,0.045038859974458334,0.07642271411398473,0.16814923018756223,0.19011337078968565,0.01235581767004782,0.6496800054834383,1.1494789592204135,0.2983870478930797,0.23534186613934138,1.0260039222149615,1.04893488830648,52.34840168217094,-1.107057259776616,-0.829120669477561,-0.5054817688908225,0.49262413179326964,-0.4903091288740894,0.5112793798273739
7280,2850,OK,1604,1604,,30.839878,0.048398939407443775,0.05676012224805188,0.019963448937823536,0.07721857358739732,0.009054102257299976,7.1308111368718805,0.8619669831658593,0.11192429790671055,0.14288180636543046,0.8198105884643443,1.0655223325006689,-11.309323054860025,27.437891163866034,-0.7788154374338165,-0.011039243550399995,0.7236250805357044,-0.6900916408149629,-0.004290128068338878
3330,9070,OK,915,915,,33.471455,0.17848374140556714,0.14911129681674673,0.8412758069357418,0.8728319472383471,0.017140885727384876,4.670073433092402,0.7042967880960154,0.2720424841959209,0.10783114470395638,0.5245016155079147,1.0039173204163327,68.09884995712801,26.18122745196932,-0.9205223425720455,-0.6869432472365135,-0.023364385947057836,0.013051896832734021,0.726218099839531
3119,260,OK,1788,1788,,23.361382,0.015029136044332439,0.0463281515349469,0.006141949289035775,0.04909069255931456,0.007826122657420479,3.859129237363229,0.3792810031358187,0.09199940382659744,0.058559252947345986,0.3128118689399635,0.972314767799781,46.820389060727344,-1.009317355055798,-0.8439187466849705,-0.5020521711338456,0.49635441328773927,-0.49124931149380796,0.5101470649003437
2999,20,OK,973,973,,74.11618,0.31601188115281187,0.1507848617384349,2.5983481493909313,2.6218338408454676,0.008877201065304666,6.925310340402897,0.9210867274792788,0.3012121637570293,0.23210370961512972,0.8214692492907538,1.0923861003478852,4.413729439726833,-0.17612123542956412,-0.5732358237760141,-0.50383674456836,0.49885841005300613,-0.4924268249882037,0.5047817781716973
11480,750,OK,1446,1446,,18.889618,0.26418788747130195,0.08453234149707108,1.2381287452468541,1.2688198242666593,0.016229522849513896,1.8766003834861331,1.3106688325497107,0.08998829697078747,0.08035915517117864,1.2425723118969625,1.0049212679236477,-9.739819573281977,5.7826338825191215,-0.6609811151558971,-0.0008047079521111277,-0.7039342980252479,0.7101203614511995,-0.014315333081379313
1780,4940,OK,1393,1393,,35.067024,0.12015118023208793,0.07977295406305934,1.5619627374478888,1.568606905342066,0.0022637708724693247,7.051261067846786,0.9445993237057481,0.17378827618937764,0.1120229691360426,0.8309467478541182,1.0314338908815266,130.1345191822564,124.99646816272673,0.2239734156039791,-0.7038176212021893,0.03237982602309922,-0.04038281587068497,0.7084924354813957
1920,4240,OK,1515,1515,,14.020783,0.4147184573328547,0.015801045443424,1.5788160658616164,1.6324525235707161,0.017176116662656223,5.123719142653617,1.0952672616869505,0.19766032105276876,0.11643889050483547,0.9994510309032356,0.9153292628668345,121.8657972056366,156.40738707589014,0.1878813554003922,-0.5794622236333601,-0.40910482719731106,0.39448471216939573,0.5841563006682106
3199,1030,OK,806,806,,52.807526,1.280866325922984,0.6771314653707063,8.692797888498395,8.812710178858755,0.05162765583788756,5.460360992866884,2.010932041002706,0.09533046452103244,0.13316026034393458,1.8238805979208745,1.220169358990859,72.72403740897856,3.0925992125092034,-0.9250338725110457,-0.5829696589833414,0.37713906430071675,-0.38160680033422595,0.6101546958123824
1720,4870,OK,1362,1362,,24.401356,0.7667456946960722,0.9041385224317112,7.268360250735292,7.3644026344672895,0.045046016967157626,2.2872335570119473,3.847811497703948,0.20686436392027763,0.1278832009810782,3.4884065931058252,1.2397075058914269,131.27031689247386,116.96381947245342,-0.38407316490561016,-0.5716517172573305,0.38458545760928314,-0.40917848482373964,0.5982318175335979
11260,520,OK,1000,1000,,50.942856,0.8307346064614187,0.5268697930879928,4.813396510336348,4.912890974870023,0.02534069205825157,3.438446547501819,0.8194474330062501,0.1462259112651596,0.16415543459722537,0.745793564044515,1.069846260382958,41.64114577745869,12.218032798990546,-1.4872213744404519,-0.49437265557211335,-0.4936918812518981,0.5157905309748863,0.4958065469164189
7300,2840,OK,1711,1711,,29.70926,0.05463139549163154,0.02002482673337209,0.8471973023226154,0.849193059393317,0.011180582464078548,0.7678567839228142,0.663794244809014,0.13554957408243865,0.05064612197609719,0.5955805751183991,0.9602425570590002,-11.328322778919073,22.058987760752508,-0.839010557351768,-0.016217780972343446,0.7110439935389128,-0.7029153915326082,-0.00796085291457796
1540,4690,OK,1443,1443,,18.97943,0.3684126995251287,0.1460488282858189,2.2681062453800154,2.302469135025893,0.016910904496196734,1.154312332828256,2.089593969722291,0.21234410377394775,0.10929147940899098,1.96493829963838,1.1016177368903277,83.49111248648055,114.07367915177016,0.28571895818684223,0.5606165460597653,-0.4498826985628478,0.4562626700163786,-0.5245369593911892
1600,4740,OK,1441,1441,,25.759802,0.09243298150414543,0.022455764136701778,1.2168550984507127,1.2205672648560597,0.009703627121366685,1.6281955661050265,1.4644700713959717,0.25836194633498955,0.17223486051618142,1.3728042102426294,1.184534144486759,97.5290793634233,113.59052658223223,0.19988777876027827,0.5125392238827733,-0.4968732045653657,0.5117452681527589,-0.478055794954783
11300,550,OK,765,765,,49.680393,0.22376426295463914,0.19274640065926552,2.3790130079968113,2.3972743924216875,0.02359876907598416,5.314412592971593,0.60366978071922,0.14568031305548518,0.13094433798379984,0.5153072100524421,1.0211925541527642,26.59248361295035,12.950884465501634,-1.0957454292096762,0.5101197475033804,0.4788309183787627,-0.505703938925153,-0.504739854744227
9540,4780,OK,1457,1457,,31.76947,0.061201829663343435,0.0198854164756323,0.3516897800383101,0.3575287332871936,0.00845461244414279,1.6609264625352185,0.8077935230256892,0.17897578816589194,0.11218982563633312,0.7514178242935374,1.0808804285957925,108.19341521131116,113.18161029091026,0.10869449462765374,0.5178453834759558,-0.4829225699622298,0.5043902366516139,-0.4941785501256044
3530,9240,OK,1331,1331,,18.460634,0.029233940120888813,0.11281530107811433,0.7521388280383492,0.7611141386515158,0.005886145089610478,1.013980178737798,0.6210935544379637,0.17548032161388838,0.11427174268218177,0.5116613660720093,0.9820836741260913,68.9190539084101,68.66157416095616,0.6506912325756244,-0.6834370301687955,-0.01459480975187034,0.001281009294922685,0.7298624365848334
1660,4780,OK,838,838,,39.62496,0.338549724618789,0.4243567719451436,1.2871027071276018,1.3968994110637893,0.017766018663679713,7.250184494936712,0.8406247019509755,0.20613544085227709,0.15685298532345682,0.7699523492347717,1.184813954196416,112.14687470388279,113.01703759696869,0.4757673803480043,0.5055257098104394,-0.5007445689986585,0.5072357174844087,-0.4862206908874573
1600,4720,OK,738,738,,51.47875,1.2106012716123458,0.34179149968656547,7.339619088888004,7.44663583358664,0.03767464441265172,6.811422746868639,1.3742786146710042,0.2630985966098254,0.13871461577023347,1.218913914594368,1.0996947739175322,103.66749679139993,112.59568875001575,0.3970769323594705,0.5166491338912966,-0.49482702449891247,0.5009186474588516,-0.48713488573794494
9560,4800,OK,1445,1445,,32.84904,0.03020771758875551,0.05315436395068202,0.05559805093815062,0.08263798083838185,0.010224516840987713,0.9298425012418883,0.9837968009391729,0.21627372760410346,0.15895310752111264,0.8674806076960229,1.1219415446824386,112.78164427988571,113.1165030023934,0.07365753580830954,0.5096533789432729,-0.4908546079979342,0.5105490177199059,-0.4885231700176957
11420,640,OK,946,946,,55.49985,0.4011841222079875,0.16791834698620198,0.5637625772396353,0.7120207262869864,0.013025717363301301,5.647059224576721,0.4906296880206863,0.07401055435699244,0.08527685419668862,0.45445333761096496,1.0355489399276852,-5.347515066377103,14.496374078149753,-0.6368165167249401,-0.4241387461541212,-0.5616237144047923,0.5737815619544605,0.41887927448141143
3079,930,OK,1562,1562,,38.05007,0.10241327279422419,0.04289907183046531,0.6128726170634643,0.6228496235485411,0.01285449184500769,0.8859948796367958,1.097122692303779,0.1322638975912963,0.1168518569612933,1.0694336402158582,1.0436707776286194,33.970362052495034,-0.7854267816623859,-0.7893399027038727,-0.5027417723923501,0.4985112301490014,-0.49282088470622765,0.5058308406023684
3570,9300,OK,1506,1506,,19.32228,0.12806065291332436,0.02993717574669849,0.3252475440331182,0.35083005888300217,0.015402653939842425,7.763856396246865,1.0593159154916973,0.10992835981560911,0.10657778081484537,1.0284403999987877,0.973876817367376,68.88576986499861,79.1963326643829,0.9159008984389333,-0.7054013199888032,-0.01869965175124586,0.00021379619939683944,0.7085613982384457
3199,330,OK,1285,1285,,25.745932,0.6143310462882229,0.01848591780151801,5.380844030343482,5.415831131273725,0.062459273776265395,2.56394931635282,1.4620306774243677,0.5560022068960493,0.2188183084023736,0.8998791160218591,1.1565311472122293,68.64148255637018,3.9566073376372524,-0.6280531651773952,-0.6061936176364474,0.3641157750999406,-0.3384631079154421,0.6207992629187197
3310,9080,OK,1879,1879,,12.838307,0.030130625962664692,0.10176975934617165,0.36192419288335087,0.37716582550987393,0.013226928487149034,1.0362588935848829,0.7048015053478724,0.23495580312742415,0.10444795913383143,0.5723860247369572,1.0436756384855121,68.42635921433087,22.368708370671254,-1.0296653580066422,-0.7054209043258302,-0.025080608920921336,0.019643369149393627,0.7080723471826479
11240,530,OK,1645,1645,,18.779192,0.21268206921692318,0.12015698302380062,0.32970497549059097,0.41033734170682684,0.01836409080055023,5.874499054635195,0.7339708123807059,0.16270145952645265,0.08008692497531145,0.6826621017835901,1.0135040079029285,43.00253771972077,12.664278335743376,-1.0686834016713804,-0.49693631438343583,-0.49671009914447023,0.5183486900608438,0.487491551072534
11460,720,OK,1845,1845,,22.51662,0.7641013809775032,0.4419776353516561,4.7927614653907895,4.873372304133723,0.05124738872938931,0.9883757701096559,1.8319061040403748,0.3288247410375562,0.11473467174534857,1.7347320892936313,1.0723619835704026,-12.49031030761131,6.34478472346109,-0.19156795927533465,-0.14946008501257502,-0.6885371288334008,0.6949807432590325,0.14345756064081627
11580,840,OK,1686,1686,,17.509832,0.015278038885536693,0.013576633106072912,0.07375504699436519,0.076534635269438,0.01203014500741726,1.0471795649919042,1.8859320655921468,0.4236221258447357,0.3134434975629725,1.8029311442281903,1.1198752730446844,5.5460747218789646,0.15683172462990475,-0.7040794489224746,-0.5024859639736374,0.5061942747013959,-0.4945774328983976,0.49665720083035453
1860,4980,OK,1359,1359,,26.726496,0.2641743500926372,0.1029759850658351,2.115870718285027,2.1347836043128923,0.01066110266319543,1.8469402438293816,1.2488006349883527,0.16578854972380336,0.09708923848236051,1.0077805692692285,0.917220087808617,130.74241302435735,143.93879839016947,0.3271690010919575,-0.7052157355535208,0.00010423743123380932,-0.007882354847164886,0.7089489572207072
3179,1050,OK,1498,1498,,35.445248,0.07773948643234335,0.1430771023492664,6.578133785930732,6.580148827387632,0.010170832128229475,1.3209697886567513,2.0510953726312415,0.12140027752223881,0.08800622503670552,1.7389417525939663,1.221667973519651,67.33229851605633,0.6921578639635707,-0.7473968847100664,-0.5400354632702797,0.4489074132043615,-0.45246760131280944,0.5496516192488253
1960,4250,OK,1050,1050,,24.74797,0.05282061848748221,0.004895495898454363,0.07109826362929583,0.0887070837565568,0.007109394538856239,3.259651363694341,0.9116256259439328,0.22676397687242966,0.13878289558778656,0.8425122176164788,0.9599509851750618,113.04139890242612,157.5269483656768,0.15730975180854595,-0.4993242834206842,-0.495899478244141,0.49835213605844025,0.5063636202864489
1940,4260,OK,1573,1573,,14.737358,0.03289669103009166,0.024786853296180668,0.790720547572858,0.7917926273532585,0.015107159360581358,4.6091753721253585,0.7165091019335025,0.13119870408378675,0.07002993089750842,0.6411043889750108,0.8808277327575555,117.83235298215183,157.25796740207542,0.18891261188367525,0.5302949893944193,0.4794433727481799,-0.4644105708555206,-0.522727556408376
1780,4920,OK,1638,1638,,18.92966,0.05953825542717827,0.011497716783235308,1.00532237476919,1.0071494817365012,0.014601010021553442,1.3014584322537937,2.0594554001197367,0.1895110130002564,0.12683195643945594,1.949043821394751,1.1517225331535337,130.26156349030566,124.42389408186861,0.30565932372525173,-0.7033758163600028,0.02936402722278451,-0.0339192681202556,0.7094009431311362
7260,2760,OK,852,852,,52.3307,0.1842551048854034,0.2775758950098287,0.08087800786124966,0.3428404487840413,0.009885649444675204,8.28019892236435,0.4695194452122856,0.07645803591005085,0.08344855020016118,0.4293372581180108,0.9873973307265153,-10.99265583681869,32.08590098014275,-0.4181299023082362,-0.013859801306580675,0.7213745163798413,-0.6922223531831012,-0.015966426624073434
3390,9150,OK,1685,1685,,20.40158,0.04082381159239351,0.1301814176400531,1.1756362298769458,1.1835262270397662,0.012645065973271329,5.70982222784761,0.6944287394565523,0.24029665133158584,0.12821385274134656,0.5065657564080048,1.0974518343141995,68.32789975561204,35.80910682140298,-0.7896622113783613,-0.691214596241545,-0.025098757672030892,0.007836858403215614,0.7221710448060946
1680,4800,OK,1036,1036,,35.021698,1.2871163849661997,0.9485887744346034,1.7422079657744804,2.3646940282920017,0.041009192549403384,5.825951503684746,1.0049457173407585,0.1828121563133882,0.12504498391302588,0.9045046761737279,1.1697746684094075,119.53591181020816,111.51439083861791,0.9764518604246786,0.5188156693497182,-0.4842911725937264,0.49303517601204966,-0.5031984465394984
11620,880,OK,1644,1644,,43.284203,0.01437396903148902,0.011774471106830334,1.1475251442636498,1.1476755664702782,0.010756854884977194,7.4461106376828665,1.0021038906927138,0.2400768670567366,0.18247405733988686,0.9447351336034364,1.0748360554142136,9.29648650784898,-0.07500708321139316,-0.6943757868292729,0.5050793610983826,-0.5002236012989034,0.4909935041463387,-0.5035837235079235
7160,2700,OK,1680,1680,,18.91504,0.017211317179664565,0.06536836175222775,2.1481573667076423,2.14922063183321,0.01220447389134611,5.768555841939057,0.762530135592421,0.2944069811869858,0.15697001696400292,0.47221199619850296,1.0032097334393295,-10.079019646396338,70.01964097574266,0.7927787109755644,-0.018192962430323992,0.7184676113241744,-0.6951955316608527,-0.013284590882983801
1720,4830,OK,739,739,,29.963142,0.4672604050312983,0.6476898347241109,4.745984253686349,4.812712431088495,0.08038600558350634,5.690113663111949,2.2215239349812306,0.22796122685360642,0.1846498449034193,2.016128791275261,1.2586702798869072,129.28385841774374,114.87374679046631,-0.14460922765438977,-0.5537200464406398,0.4155372151508133,-0.4439147999934306,0.5689135113013883
1680,4840,OK,1697,1697,,25.062931,0.8904541556382424,0.45287850717399447,4.141637938460048,4.26041927031192,0.027788049365659356,3.574131790614564,1.5043763008354105,0.25477176197505,0.16850319502775246,1.2167497096257645,1.2202458208682057,121.89074026156617,113.4555175799888,-0.20408177999292748,0.49399479698165283,-0.48693732264988177,0.5137897775662743,-0.5048576520505743
3270,9030,OK,1365,1365,,25.086763,0.0015100199730759267,0.10809332301023632,2.8844566438186727,2.886481695197355,0.007752241477665679,2.4391622737367813,1.181346767146201,0.315924643382651,0.1435394311287559,0.8121670815118787,1.0766733795084562,68.54454947412901,16.592644433942368,-0.7532325610489061,0.714537379288266,0.01356792201517295,0.0006105652873306769,-0.6994654189465529
11360,610,OK,1217,1217,,29.633453,0.13023556502412567,0.3393453530749903,3.786980859390322,3.8043843917826448,0.03319907831759424,2.5534965923502884,0.48287679480723383,0.20017998365024692,0.13114226500363513,0.3769575711229871,0.9957267151845798,9.211805599252939,14.90699160339748,-1.3040773510313282,-0.5156642016166297,-0.4655029346776809,0.5006058723831062,0.5165183535104052
3119,960,OK,1041,1041,,52.840034,0.04877671475741996,0.003725618109474048,0.44728867891359414,0.4499557871803547,0.00710899130699057,5.057946533380584,0.3162277614247817,0.07067128519368487,0.0652042877153794,0.27605744627867823,0.936857747867975,46.37061824389423,-1.0032854642644926,-0.7664832327817696,-0.5023162450385278,0.49574333993327285,-0.4934615607871799,0.5083430130410741
3530,9220,OK,743,743,,29.234426,0.1341407117572916,0.13183507408158168,0.6571026774916593,0.6834896824938592,0.00865464011531121,7.384514869923143,1.870077458995417,0.6357048004679626,0.36937759629845907,1.6713061457211413,1.1974626950688445,68.75534775627823,67.25372288168832,0.5474588243899607,-0.6821941048685735,-0.013603739660764516,0.0027260305417429334,0.731039472468685
3270,9020,OK,1043,1043,,28.660036,0.11797848264663668,0.14629739618271953,0.8264229867469917,0.8475239250435734,0.010469383729627394,4.749702612701879,1.2102621517199763,0.6042341665935105,0.2876824792230184,0.8659669894756572,0.9855155404548402,68.69778965855377,14.538579458786588,-0.6793160403505245,0.7148057544291359,0.015476986092747154,0.00117126687976407,-0.699150788078205
11200,460,OK,980,980,,35.650772,0.15485173920361017,0.07992019006650823,0.34246790694672224,0.38425325659403137,0.013690595320550135,4.167563448967294,0.6953002463253494,0.2113455518412608,0.1883251553801919,0.5986904979189442,1.1508058012145475,53.57981529478358,12.88427007161324,-0.8907706561410902,-0.5083744761502708,-0.48691466444853626,0.5118870845926446,0.49238309695921717
11660,110,OK,1044,1044,,73.442024,0.3406667527078222,0.02709882933469073,2.210520937328461,2.236781392384893,0.01077460798096724,4.564333195340172,1.9082616652623625,0.2527668557570858,0.23898799748800847,1.7958847512009615,1.110210539237643,14.04288602685526,-0.32115340326221836,-0.788678507729564,0.504099024597133,-0.49944798272581087,0.49512636082425154,-0.501284123794351
3250,9040,OK,1660,1660,,19.398708,0.32361443983136295,0.08693605020897488,2.6678722986367047,2.6888337219557474,0.006456864210384516,4.187436328363129,1.0747121998484175,0.45123605585997595,0.2325802353248424,0.6490515952635114,1.0923578844427955,68.50469765148375,12.120471719171068,-0.8112199575658497,0.7130523207463138,-0.04190013261935191,0.04380556596773322,-0.6984853893640318
3510,9250,OK,1494,1494,,15.003082,0.0341835171925054,0.2001277484859673,0.1943578977099234,0.28105981741247527,0.009750733846893934,7.23251131764656,0.43568485477609364,0.13176252897541973,0.0983608128701643,0.3797797566294605,1.0628616561807083,68.82313904718218,63.02965417020767,0.3213134313754157,-0.6872918951367636,-0.013794800819517212,-0.0007161158285949108,0.7262499855612982
3179,310,OK,1578,1578,,31.554836,0.2482525925550927,0.46330965403950536,8.116141487962283,8.133144400406225,0.04639271098708542,2.447302400810563,1.5395565574010837,0.13645343369009288,0.0633976300607968,1.3294549314458641,1.2267304668523813,68.88697965836036,0.8110347247151785,-0.2027286428021435,-0.5453223554845456,0.4490988446587478,-0.43551790022913517,0.5579049335818512
2000,4300,OK,947,947,,26.564833,0.019763171407809782,0.09945415696368275,1.210146614954951,1.2143873113502042,0.00995499010006596,3.093329997568319,1.1695405333896207,0.10539496952281108,0.07048779967765817,1.1225606222884847,0.983440334072219,99.27387861072441,157.8122682388769,0.2761682825013402,0.4912765149883862,0.5052396134544964,-0.5010930777017203,-0.502280844047068
3330,9110,OK,1947,1947,,18.65479,0.06980764430022002,0.19662291884206365,1.849193824764844,1.8609275861690997,0.015886750983830873,4.600285562256504,1.110830012827204,0.4051080515241624,0.2150968932490911,0.8932276270503934,1.0362111942366965,68.35957967247793,27.204757646319017,-0.9858041288002852,-0.6854046498469919,-0.027650460499117333,0.011300031531189714,0.7275494672458386
3119,980,OK,1848,1848,,25.128298,0.10595903037784976,0.047871111687314644,0.1467233336139826,0.18720762826229456,0.010792400724254513,1.0505396039667017,0.9569817276047285,0.19801680779004216,0.1480767503983922,0.8835776021197717,1.0504283943604737,46.96829078690946,-1.0776185072041962,-0.8378810560393861,-0.5031377107550318,0.49644418126885403,-0.4895072162586303,0.5106645710554136
3570,9290,OK,1669,1669,,15.951361,0.000799493560334763,0.022087257077169315,0.8632593081404476,0.8635421930665984,0.012500680897397995,4.383227369229769,0.5538679944356435,0.11770853665645387,0.051015856492746814,0.48339377167015485,0.8937476804163142,69.00537162877895,79.73694799856125,0.8859501792436679,-0.705107197917116,-0.01763366320955993,0.0031714403669680404,0.7088743438249712
11540,810,OK,1509,1509,,26.580862,0.12751474788106654,0.00991317262632392,0.3646028945230998,0.3863852386069037,0.008545873863459277,1.398212076271086,1.9029758900226885,0.36023674004392836,0.25385782961411385,1.8328787369472295,1.0693518249526524,-1.402573334745902,0.8678913265650798,-0.6601096433366807,-0.4495501364678824,0.5492332577234363,-0.5476454257979884,0.4430936594160987
9560,4840,OK,1655,1655,,25.71414,0.25368665138737245,0.17304827357937233,4.04672627543836,4.058361266620328,0.016196783369664763,8.59139535525185,1.2715650034768557,0.2614358386990334,0.16233177775684426,0.9424169536329838,1.1030969202775287,116.76937872491555,113.2331313906455,-0.0771041446776258,0.5090932272728429,-0.487841550891249,0.5106691804540233,-0.4919874950680749
1960,4280,OK,1615,1615,,14.896459,0.0007289085515176236,0.015065892122544038,0.6348432209006347,0.6350223834925953,0.012033466985375683,4.208066821831999,0.8079718094566287,0.08368961392378249,0.05043286090458965,0.7413013164710174,0.9364917681179588,112.47820785795703,157.58861836593866,0.15247501723505152,-0.5030313811453132,-0.4970406079205428,0.4967620791261259,0.5031277177847634
2919,750,OK,1671,1671,,20.94116,0.0750773954975043,0.14061876809066953,1.6786940567689932,1.6862455306050677,0.016620605667271682,0.7507215817080785,1.8427922004817825,0.14808871820123884,0.15638395743014533,1.6900956641792817,1.0171350982982816,-9.72946519899366,4.441189712552237,-0.6953557429487298,0.1502838461014482,-0.6846114133107484,0.6972486027475163,-0.15022105156153087
1900,4190,OK,1749,1749,,14.932176,0.5071695072839706,0.21599860426047288,3.9306977578453397,3.9691637872090286,0.029663857823054997,0.8107348670337957,1.3932410155920374,0.5507332022674976,0.2978606942413826,0.8392177220784713,0.9153927155377448,124.46480153898888,156.85194389769188,0.010755437547804957,0.6564508369222837,0.26486167817601086,-0.2619912725908808,-0.6559582023452648
3650,9370,OK,1611,1611,,15.353265,0.3913630271536669,0.13097813041516493,1.5516422582479974,1.6055883617075948,0.007166352797557662,5.868374468994047,0.9789277508849135,0.229102345967239,0.0876065929062273,0.784013382842879,0.9792563356073862,69.53753523910501,102.39757619260914,0.8015205432801107,0.7072503162478886,-0.013506342035836299,-0.011336272383397452,-0.7067432757518971
7220,2740,OK,1153,1153,,28.528051,0.0665832067708758,0.028984314054892796,0.20350351875303163,0.21607196956105007,0.00857415472245849,2.1998363958264053,0.9048393653757647,0.17769893574269502,0.15587174920970703,0.8468182380070743,1.0039228941120535,-10.811368843036984,44.833130360515575,-0.17321263573631263,-0.012955506223585808,0.7225830698091028,-0.691117495771994,-0.007903740987152017
3650,9320,OK,806,806,,47.505516,0.11479779743273616,0.059088045525577504,0.1654453512329308,0.20986208724785924,0.01427018024795091,7.721159678143374,0.7157060768606373,0.1922886770315877,0.06587624066731745,0.6299270159613215,0.9716716266733397,69.19659646936742,101.0108850131636,0.9102083506183272,0.7089670433042612,-0.0036955380776991266,-0.011685906716734001,-0.7051351034312061
2060,4350,OK,733,733,,40.290176,0.029828882173378705,0.04673850595452139,1.5438534929851784,1.5448488139468892,0.013840656450588011,7.261842304371727,1.9675809209291788,0.2898422658355162,0.22143051368117495,1.912957188133185,1.2441875369198478,81.20747061959555,157.89530349665097,0.253679019596474,-0.48962698835976737,-0.5091722902189558,0.5167972199729217,0.4836627177808798
7040,2560,OK,960,960,,25.620953,0.01369113223559637,0.05623314893008477,0.5596329453525635,0.5626176745041618,0.0105345740965457,3.823586551973851,0.7412104884424008,0.16201663926086585,0.11415750314764406,0.6342790603743711,1.0288608655788798,-8.876343466618339,108.99326813369602,1.188636357889006,0.0008462955340400237,-0.701910477007296,0.7119145513735683,-0.022330194666191513
7060,2580,OK,1171,1171,,22.152655,0.1413314908441651,0.18540925707360487,0.5424895665966303,0.5904626260645294,0.014064521398684296,2.3471457930875244,0.7352584123030161,0.20119773658140838,0.14257193911329713,0.6532629631691416,1.0193500855689441,-8.804427041875213,102.37847104339234,1.100778808222372,-0.0026113077253995354,-0.7017683165654525,0.7122236066239246,-0.01587277872534131
3079,940,OK,1645,1645,,16.91612,0.1206608734313056,0.01812875637180835,0.6055380346406753,0.6177086769515915,0.005183691345436669,2.4768306774854434,1.222334465428165,0.3514605088993128,0.18459370461629954,1.159145970793766,1.1137604412363236,32.74505592876533,-0.826779165582369,-0.8077439955439975,-0.49760839111176874,0.5012778191305193,-0.4950305898783719,0.5060149723353832
1860,4130,OK,1757,1757,,20.481974,0.13023574592352588,0.02143567736577482,1.2242340254557358,1.231328464246621,0.01686390002847772,1.6781163076347625,1.025079725292047,0.13957485443944684,0.09469887998517024,0.9302289977164353,0.924826803159903,130.83544635007905,144.83218400621328,0.20537165050134287,-0.7031310688216484,0.0016951189550665285,-0.011719739643537497,0.7109616546144679
3099,980,OK,1710,1710,,31.88139,0.03492177487836523,0.05664251003089774,0.1440916235253198,0.15871452445639014,0.010872247707875827,7.477349021866519,0.6257039102027377,0.07454171888245331,0.06732996254239021,0.6006684052862856,1.0027913249261171,40.43415561278033,-0.9251230788595325,-0.8321441581744531,-0.5042085100033696,0.49535651395445185,-0.49142321074835404,0.5088211183322223
7260,2850,OK,1737,1737,,31.696281,0.08619709901987982,0.11543788237613223,1.9294639302148262,1.934835109916856,0.004674684550038622,11.864884616486593,1.121287392866231,0.06724716804819608,0.06901108792998056,1.0699954409659016,1.0312945272084049,-11.059986785074466,30.249561602025082,-0.7578942899103476,-0.012693921434411353,0.7200352518575484,-0.693698943727208,-0.013033645415221267
7240,2800,OK,1624,1624,,34.673916,0.0618158812668968,0.08263997336190848,1.6717155708189813,1.6748980620003988,0.009908305884985672,8.301588238398228,0.40451962040929784,0.17696971225910696,0.06292132352792112,0.27746971209148086,1.0097382301115008,-11.070537779761485,36.38978892461805,-0.5451777993700948,-0.01586875972966989,0.723052806957926,-0.6905386396335949,-0.00996032067208345
3139,270,OK,1759,1759,,35.177086,0.007507720505055555,0.06034568251255233,0.1440586400102617,0.1563677045514641,0.01006319480096676,1.1175200856797867,0.41615205019652335,0.10646205689038801,0.062083676341234906,0.35210214412205687,1.0012310678286342,52.368227975895095,-1.072217888846059,-0.817832825534502,-0.5035059934681123,0.4924573305364399,-0.4914859257287431,0.5122587988050309
3199,320,OK,1647,1647,,27.564835,0.19652508617374562,0.44862251546805504,5.807166629638701,5.827784187430914,0.03600913534705949,0.7183921732922065,1.6781406048918723,0.3839187521678853,0.1546376417969717,1.0079935345338242,1.1884470821272852,69.40294166590988,3.4409151254966504,-0.21292564810011433,-0.60926726566276,0.3621662501253521,-0.3518632453969486,0.6114092433065527
7020,2570,OK,1779,1779,,18.691156,0.03370473939027391,0.0626326535205172,0.6480779686414806,0.6519692570841475,0.01804114939065373,4.732378738429895,0.9882633514020434,0.22818763344569137,0.13828242824769377,0.89342351392883,1.0175730115996495,-8.93020935144121,112.81682439801273,1.1806293958126308,0.004003702074022229,-0.7044452013361869,0.7091666849936522,-0.028697414155907233
1540,4700,OK,1612,1612,,16.721622,0.38925391292274175,0.007526794919321726,1.6423660992543347,1.6878808208363891,0.02058527709857167,3.3585677671007086,1.3653077773485904,0.22368769683113543,0.13813359358219524,1.260007180499164,1.0683274072267412,82.88006202576776,113.91323575161768,0.4563246553883753,0.5704121627261983,-0.44411952176693836,0.4534810327698085,-0.5212895240819202
1640,4800,OK,1754,1754,,29.987974,0.03440793797284675,0.09658271406557414,0.20332369047820809,0.22771176948391114,0.01328755739528753,3.845451216924874,0.8209883278768317,0.27189444282653175,0.15135173445724254,0.7005862033041064,1.108822573036771,108.26424922318546,112.9140339917709,0.04480747788854401,0.5095474438099564,-0.49205771944350296,0.5107856902623202,-0.4871740775801225
3410,9130,OK,1066,1066,,34.289272,0.012622762685283506,0.08973197012690245,0.13486926435708124,0.1624834732176924,0.006899252817822,4.037701297705579,0.6684584482767406,0.22827002984698153,0.13312268627343693,0.5674923887992005,1.0716279116692158,68.27658746365665,38.97276341181263,-0.6126505805632164,-0.6873071247842314,-0.02273631052215785,-0.0012614665713630811,0.7260099070307252
7180,2700,OK,1188,1188,,24.303375,0.08775803009935769,0.00686518226756469,0.5457953801694702,0.55284826090784,0.007487680064144893,1.904140252028354,0.5931188412406682,0.21510958321054519,0.14523118275837277,0.4938016051444247,0.9614764225275305,-10.192205853630265,60.75697511924583,0.5084210897001223,-0.0093128808612839,0.7200885869579363,-0.6936394383638095,-0.01581223353372642
9480,4730,OK,2010,2010,,17.977018,0.0028332962399638673,0.09549295385048481,0.5139424983322248,0.5227464236077021,0.005092711638168033,0.5486277985995021,1.3927061538436067,0.22729661816851188,0.1837523152490974,1.3309956592839614,1.2466495563724946,92.02831022025909,113.63920972634526,0.24527341122299373,0.5174499758480954,-0.4888037547943068,0.5052709208420274,-0.4878705856528375
2000,4320,OK,1780,1780,,12.526088,0.05933695754842955,0.025870232274969557,1.6811612326996803,1.6824069762638805,0.015261218956833182,2.269824857899188,0.8018630112303116,0.5084304711924716,0.29145929581382024,0.5097680254114305,0.8134120970144608,98.7975011141254,157.83877494894213,0.19906370312313654,-0.4964232050946695,-0.4984078152551693,0.5013153093822218,0.5038220040005321
3230,9020,OK,1526,1526,,17.29444,0.8564939122375238,0.21736788927873832,4.0676951512769834,4.162568253459842,0.012925589893924094,3.682816202327101,1.6042127380613935,0.8660207711942043,0.39900087810453044,0.6481945808411069,1.0826924291384847,68.71128399553142,9.48960640862482,-0.8417400393615508,-0.6893756698626827,0.14653065737727294,-0.15152455739367185,0.69305862721462
3270,9070,OK,1778,1778,,14.272921,0.042350010576860386,0.11897340435784659,2.062404386423335,2.066267177176894,0.009807231954464044,6.944524887369079,0.7909137186960313,0.4035952052496287,0.18234559222211466,0.5393759082597223,0.9716337214031464,68.53993472898702,15.769350501678197,-0.9675751797690524,0.7115930581164623,0.013199223117204279,-0.00697454410859901,-0.7024332394498713
11440,670,OK,802,802,,41.962364,0.1988893362777201,0.06395968969864022,0.8158527579492456,0.8421778509582929,0.020759323396967774,3.4303039108961344,0.6151323352350753,0.08623459957023405,0.10563919752641526,0.5543502113405343,1.1181240682096025,-9.097415561739545,12.777854034714794,-0.758797050247577,-0.3174549353878281,-0.6204223404794501,0.6418834691017437,0.31981884798401405
2959,40,OK,1263,1263,,20.538696,0.010736741606728772,0.05978957973407438,0.6113506651339407,0.6143612188483405,0.01789189572643342,3.7045503719669672,2.7533592462968484,0.6168042739325164,0.48296722257490643,2.5919803827107657,1.2189914176399732,-3.9549845485814377,1.3324351508009253,-0.6486182367539045,0.4179021324867491,-0.5741857713228912,0.5747497498256284,-0.4066094351447609
11340,590,OK,1047,1047,,37.72502,0.33768444363619365,0.401385936376008,1.531300077743424,1.6186480103751237,0.03875652016544507,3.562630579622449,0.9202704714021817,0.21798319097916807,0.21352983949127058,0.8088996379137878,1.1788876178173204,12.872075112228105,14.60438536078798,-1.3056482706854422,0.522370805007494,0.4616656512229498,-0.5041630254656347,-0.5097187580519771
1880,4180,OK,1407,1407,,16.443205,0.5338848808512003,0.5776620806902308,3.561885899064321,3.6477058137166316,0.036780586227550045,3.7509134181500796,0.9874926054843999,0.45022491761884753,0.21792761350511203,0.7333567267546677,0.9314226539041162,128.7581475251732,154.17816209994348,-0.2884298811667997,-0.6893319258725819,-0.10506074323654482,0.12018408478239727,0.7066395983585975
2020,4350,OK,1661,1661,,18.706566,0.006008258261467836,0.10110580987530014,0.7318848793949462,0.7388599059665044,0.011839456126767789,3.982197176527129,1.34766564144192,0.1555904893522989,0.11034609175998922,1.3071925846708243,1.1773254290439625,93.21245780578056,157.9836319491943,0.17030444496158814,-0.4904514621169275,-0.503582624727586,0.5051986339142114,0.5006358393793414
3350,9090,OK,1065,1065,,28.9517,0.09152965824780163,0.27117795695618857,1.3553867220094031,1.385275542582517,0.016488964001187538,3.009803788800246,1.3799961098590163,0.4649649353988461,0.2622438312812556,1.156044799571605,1.070769522968883,68.31923450773617,29.629937800916565,-1.0475324362627159,-0.7003281550861258,-0.028717742307903128,0.0067275116434953475,0.7132114041835609
3270,9010,OK,746,746,,47.582634,0.10080296118838106,0.4563568937656277,3.9214055377789148,3.9491574092703496,0.028900807280231637,6.930960590821461,1.5801959365266542,0.3909461073100151,0.16345915181091752,1.1262334893712946,1.233018872888837,68.88640146230897,17.61431930785889,-0.5126674248899867,0.7166375670368105,0.0012702581151332072,0.004576606655812669,-0.69742959402896
11580,80,OK,1223,1223,,62.038425,0.14348364672700387,0.0007954030143378886,0.013671768776329696,0.1441357235577228,0.011476429862081059,3.09826774756759,1.2603001304928791,0.28166202662417517,0.25770991259699616,1.1950319767944007,1.1279210422658446,5.489134276980455,0.07040622598301756,-0.7043847591402421,0.5043639304255976,-0.5031299180893949,0.4959524366081392,-0.4964962153243984
1920,4230,OK,1515,1515,,16.22698,0.0413374644373973,0.035586301393474296,1.6262288225071628,1.6271433108260667,0.03412933262274913,3.025029202349829,1.0547642015743839,0.28178755683851486,0.14937772338406574,0.6207569160282231,0.888232044742229,122.00052781435296,156.93846934362668,0.2425816116348876,0.5735493267152862,0.4229803807719115,-0.40606276970425864,-0.572050517320452
9540,4820,OK,1635,1635,,29.241455,0.23242078577327163,0.12380024601010173,0.6473700978568129,0.6988805092222605,0.012737156476033367,9.128282558924846,1.07892702073719,0.2761847600563172,0.20286224969201294,0.9837516699268889,1.2446933379491165,107.18243969810602,113.38235749018789,0.03457419179164839,0.5170860217742507,-0.4847469293396638,0.50266301122753,-0.4949468231286248
11360,600,OK,793,793,,43.485516,0.1808781552980101,0.6840574341674278,3.228919862530152,3.3055370152133334,0.03626394274480743,5.95419105383587,0.4836619739720748,0.14063736345317912,0.14514766603092788,0.358512271286171,1.0666578223096417,8.643759593131607,14.964575467069022,-1.5287496186369423,-0.5148269404364886,-0.46516319735859707,0.502149278852383,0.5161613342473097
3099,230,OK,1721,1721,,28.70483,0.018739244486707607,0.06848965587476688,0.7528368951524667,0.7561781423372291,0.005760136464317766,0.6444828483815721,1.1598656473519162,0.37792275611328985,0.3109608081807971,1.0372005788026284,1.1078403546145321,39.536314619771005,-0.879862276402198,-0.8970247975901928,-0.5011019145055231,0.49584712148603777,-0.4917284466279171,0.5111121581119018
3139,260,OK,1313,1313,,43.212196,0.0208946074796319,0.08441942851614756,0.12903984051684736,0.1556101056272832,0.005790130109334741,1.838681271969252,0.3591615935947357,0.1030596084437625,0.07257947323156655,0.3186086846359508,0.9683184982073756,52.641009060965274,-1.0258811381331707,-0.831863235433503,-0.5018434932704201,0.4939503589765537,-0.4950389122461328,0.509021243654173
3159,280,OK,1586,1586,,37.14878,0.06841694526220651,0.18895173990564582,1.8442801333211407,1.855196175226606,0.007958374108160825,0.7199297267517544,1.3262946715107162,0.18136695812541737,0.1169716461613759,1.1948433301990775,1.0975426871205993,58.93996348847716,-0.9799656991318223,-0.8805933735783632,-0.5095482047933662,0.4825513924607908,-0.4911173983894555,0.5160508517822469
3250,9000,OK,738,738,,33.13913,0.5991971078704713,0.23566453651075875,3.6246309672199795,3.6813753674923198,0.04753799404503908,4.725883054867386,1.453050814139007,0.40814240055349527,0.2515248645625113,1.233701645130103,1.2415556968326071,69.84162611451293,12.87037482536152,-0.5298287194999354,0.7140963878176946,-0.044396075166455815,0.06616276615842964,-0.6954982572155016
11460,700,OK,724,724,,33.166084,1.070330548290358,0.09214707863132579,5.716569185486764,5.816636641493143,0.0660244736728314,2.8496491616048116,1.3689828330935208,0.7116415317481919,0.34244925965095363,0.794914671211238,0.9515653269309894,-13.80262839492612,5.987394858320229,-0.4474167117267154,-0.1773177589367913,-0.6759061896278352,0.6894837851449309,0.19058159725071408
7220,2730,OK,769,769,,50.517277,0.2101616609340266,0.019737356352218977,0.6324036071668866,0.6667021893769459,0.017394607861634485,5.792127330689512,0.8920807978235056,0.13364135283757794,0.1325511008957675,0.8512450519939119,0.9781316494990767,-10.89671217743086,44.40066711731231,-0.17930333978837742,-0.01233415636982523,0.7223946036538489,-0.6913619750795846,-0.0035390129272243227
3199,1060,OK,1636,1636,,31.115986,1.1961971102754967,0.02558618300745594,5.572228802202053,5.699234685769877,0.02191682373464003,0.8460764288766262,2.1193534039066315,0.15571503073721127,0.11009535331752374,1.8438318958928201,1.201727883769606,69.68130682016053,2.4375543198835454,-0.553854455714383,-0.6016823165805394,0.36151818676746766,-0.35825023723007593,0.6155808298470903
1580,4690,OK,706,706,,43.216904,0.1052833280178079,0.013670525066116143,0.5746533610541746,0.5843782574539784,0.01421015581899457,8.26142384187893,0.804757117268086,0.24927264354506162,0.18220237315907262,0.6829106056962022,1.0344719909559232,90.06051313028372,113.97349106051999,0.4051199715657119,0.5094245229299675,-0.49237901060328265,0.5097295755899913,-0.48808331780932124
7220,2750,OK,1804,1804,,17.993595,0.017207135925376885,0.011497219170247246,0.7840294977184897,0.7843025722692171,0.008553240331827448,1.2945996988159294,0.9542868134728794,0.07076439346608443,0.06518681038463636,0.9266021797345738,0.9848168588054208,-10.741381641266157,44.25326524982542,-0.17964705233742406,-0.014991006757464037,0.7252345049206882,-0.688233693489918,-0.012023549146049486
11520,770,OK,885,885,,23.85099,0.1403502235091303,0.007194190357907346,0.2823236170452561,0.3153673514419098,0.005302226876903347,2.711117090603443,0.5980417384753745,0.17010708860299517,0.07698756666397544,0.5195011865265897,0.864403513024104,-5.199231388401833,1.513916919257154,-0.6495297760400003,-0.35757122852178297,0.6112067242268107,-0.6103429562914154,0.35503610027546467
1900,4180,OK,1121,1121,,17.143923,0.4630152953552602,0.2539884714491708,3.5897804975294916,3.628418019992334,0.08705625707297733,1.2281815298937828,1.1466227488340617,0.6440582044223673,0.35879221996721755,0.6058608558020442,0.894689124536577,124.89998829950362,156.8891789003515,-0.01353421979648842,-0.6570621973163112,-0.25538460138272207,0.2358109771505057,0.668910425460519
3139,280,OK,1942,1942,,34.25885,0.05845658049158653,0.2020610042000332,0.019617689403504723,0.21125973340565293,0.015471945446071647,3.883420112948649,0.7737773145994643,0.18034956837648775,0.17356757463416583,0.7008097424441013,1.1547768542802546,52.535713993328535,-1.143238482680283,-0.9899886071125183,-0.499672115009279,0.49287238930451466,-0.49073484094948727,0.5163176359777907
3670,9340,OK,856,856,,43.62725,0.08509478602893039,0.2784569312739711,5.535979096873558,5.54363093524495,0.017551293219310034,5.77399260187561,2.672302521868972,0.15806209605429788,0.17263097981203712,2.5554286233522485,1.1728398864128924,69.70490622393216,110.39020119524976,1.0245109405967432,0.7137738609786708,-0.03417498718417068,0.00990206041269559,-0.6994718685080524
7100,2630,OK,1596,1596,,14.047365,0.2560278214057293,0.037039565661782396,0.46428314195943665,0.5314894266736676,0.010349534361162128,2.3189475380374858,0.5830197442204592,0.1868046003634969,0.10643332249485771,0.452730786114822,1.0591915425973233,-8.989817302964804,90.46001580699638,1.1876021083685435,0.005608522576178152,-0.7024443390028422,0.711623614916149,0.01150329392152914
1700,4860,OK,1408,1408,,22.508343,0.05640460152236032,0.5682407437329434,6.213567074799389,6.239751182133956,0.07305330813809922,3.8008240686325587,2.262985971449025,0.2707300599612059,0.16748149800649692,2.008556136806476,1.20585348569574,127.6042405712984,113.67692232655926,-0.2766652914875086,-0.5370954638875753,0.43977438358001303,-0.4638810871346494,0.5504010276307502
2959,820,OK,1235,1235,,23.421986,0.2271822453184591,0.0026408495060480583,1.2712549602563472,1.2913976617023963,0.021924159324522262,5.107564984871453,2.775261307539687,0.6944870418499902,0.5503699211811202,2.594178473091418,1.239690262130986,-4.679912149247846,1.2135857513273625,-0.5390394091069967,-0.42119281907447476,0.5740510003247105,-0.5675098323451219,0.4135149917208659
1880,4130,OK,1039,1039,,22.760418,0.05723666817529649,0.3007116010145597,0.4879182545780072,0.5759928179404651,0.029637226484449386,3.303969537724675,0.5743846419576765,0.14637650627077758,0.11242131978693237,0.4126297101468728,0.9697307427139058,130.27997005328524,151.41067976338422,0.024979375278666987,-0.6943708061940594,-0.09098634499621992,0.10856757303874015,0.7055379157877474
11360,630,OK,1496,1496,,23.187954,0.22068180878597338,0.0021744281642951495,1.4034899778212528,1.4207354809082482,0.02575320925889013,3.4723886718434698,0.49226392343833214,0.17894850146737884,0.08547183179794904,0.4039606826046671,1.0338825412828034,6.812978071001588,14.643856453555074,-0.9643836235680253,0.5239504720583005,0.46452871333059914,-0.4904854202214009,-0.5187610527704812
3290,9050,OK,1360,1360,,21.087101,0.03418378067080946,0.16800479623086056,0.39783390706888566,0.4332042936435623,0.00549550059917102,2.1693468099340047,0.6226270150970779,0.15836899485288414,0.09838062962902216,0.49623668032011503,1.0662808738467913,68.45134169878834,18.46589770951854,-1.0441396789061304,0.7102033467678657,0.025735579410834993,-0.013273124914941386,-0.7034008177043184
1620,4800,OK,1649,1649,,32.603497,0.08777280065916132,0.17431638180135772,0.1160766734819525,0.22707721071588272,0.014825348473569101,9.711174272543122,0.8832917719164621,0.24511484040268328,0.1600678854256259,0.777125547413144,1.1507392813874615,102.07962804727586,113.20666249797355,0.014475891341879356,0.5090535019668542,-0.4948121059099203,0.5095696847356418,-0.4861730642257862
3159,1040,OK,1788,1788,,29.594376,0.1857646985724578,0.13963160696603605,1.4935453241970418,1.5115168356093425,0.002819973830181725,3.6229743267462253,1.382278522749293,0.14094320608067923,0.11462255630748697,1.2538486521821706,1.2238558575371437,58.576259039745125,-0.7510611809103939,-0.8576922689745667,-0.5101516225715698,0.48445850146907105,-0.4894569584198172,0.515244765326498
1640,4790,OK,1928,1928,,24.624786,0.012283280698902603,0.011807477841716641,0.17626596522472493,0.17708750948137084,0.014638833906703603,1.032574377128347,0.7811847756532996,0.3233874387060969,0.1301077878519079,0.6462065328890594,1.0448242354010273,107.88716422592178,112.9258677363472,0.14796912356286665,0.5096887522048719,-0.49222050751194524,0.5101918701737849,-0.48748395201185807
7300,2820,OK,1230,1230,,37.746822,0.04596573029488487,0.08599988639973637,2.6134846108785452,2.61530316409423,0.01596224710483034,3.0034699742989903,0.7731926219984815,0.14546037758839692,0.03220639475309417,0.7101232412675733,0.9572420218936147,-11.3391159541022,20.29363172894595,-0.7971877830045409,-0.011192241513717966,0.7125539233558192,-0.7015234281853681,-0.0025533795598103857
3610,9320,OK,1615,1615,,13.2258625,0.023514049851862784,0.02194496193383702,0.5718737109343923,0.5727774726301537,0.009429764960899622,2.826567079185698,1.8163350661735813,0.3940646505292047,0.24682762234675826,1.7444668524734164,1.0629983481072727,69.03908905287112,89.72724054971219,0.9195885295157924,-0.7025864109585477,-0.018325072644959285,0.01924945691842221,0.7111019513805945
1640,4820,OK,1739,1739,,28.929537,0.0787821060627244,0.07260921619210875,0.49814619522685,0.5095373885503376,0.013089716287392665,8.889075759911572,0.8857809539128648,0.22325713812887527,0.1683226445396131,0.8082930900070124,1.19615508780384,107.55947875390524,112.76751676655036,0.11479471448577297,0.5099452513480437,-0.49300783875829873,0.5104187203331018,-0.48618087321898085
3079,200,OK,1139,1139,,51.59154,0.6043462804861781,0.020634489541273466,0.7302912256180931,0.9481484499332812,0.018451838183990692,2.638877070116726,0.6148918083516274,0.1435470823508549,0.11592358561383298,0.568631516770381,1.047857292024225,32.64031269259879,-1.2749427980408308,-0.8148500390215379,-0.5013574874711614,0.4954770264635999,-0.4919716720089459,0.5109863598415474
7140,2680,OK,1599,1599,,20.779776,0.13389791378987415,0.01570385320317364,1.7607516474132296,1.7659053276410686,0.007717303959677977,5.769787299944557,0.8531136691707972,0.1682136868109857,0.10573604850906815,0.6867241300036406,1.021291643336296,-9.579217861113873,77.19810697431703,1.0531748251433255,-0.018139954715341217,0.7123667421329792,-0.7013101819631293,-0.019198839043378164
1620,4760,OK,1252,1252,,32.528984,0.06040413591991248,0.0799799673624499,0.4903491716371753,0.5004875272579665,0.017044612967632256,1.8910665000912632,0.6214296805548863,0.19915609419228675,0.15206233793347224,0.5394603873443398,1.0635420725285976,101.71159640212908,113.16590576981116,0.10003872291475883,0.5091229062161529,-0.4948596363944219,0.5087334084588905,-0.4869272283939342
11200,490,OK,1696,1696,,17.669628,0.17682194538092244,0.07664533865395337,1.0111679083218097,1.0293692472216065,0.005082709162634941,3.4781229561596434,2.1328108977095153,0.20791151744728542,0.12181590358029815,1.9733644662063479,1.1693848837609773,52.22842321722902,12.84203972093046,-0.9148029277525204,-0.5059263717478146,-0.49301926257467654,0.506425456366131,0.4944732250029014
7140,2670,OK,1717,1717,,19.098278,0.11593583258708537,0.08079931934525746,0.3439780012379954,0.3718743236901466,0.009567419248533823,2.059936999407958,0.8202613951117447,0.23263793646217445,0.1361675040849985,0.7346107765678611,1.05134347301935,-9.598287426727191,75.7816086987012,0.9857390054033971,-0.016537798807359394,0.7134197516818097,-0.7002285061390301,-0.02094751324560293
11240,500,OK,973,973,,52.555717,0.14843801618319136,0.15001057801517215,1.0521776112813255,1.0731331435784301,0.01885003883370345,4.1162378949251615,0.6532892461221455,0.14750477528976247,0.09695243480816829,0.6102618479685749,1.0796578617080557,43.721537592861054,12.858486368418701,-1.0328941996744814,-0.4968381440002957,-0.49656517908655073,0.519344768825977,0.48667842840850856
1700,4850,OK,1752,1752,,22.460983,0.6071082855170521,0.2940631950885942,4.702068066150119,4.750210282898841,0.0503851387464738,1.8887779761906025,1.6953168917432453,0.2597127643244508,0.19064162508014348,1.3728742316141478,1.2071895822737462,126.16490017800197,112.80744068640648,-0.03946588843936836,-0.5347521567959153,0.4495860615188215,-0.46558920718877267,0.5432671481319677
3199,1050,OK,1139,1139,,48.507374,2.7277520896257306,0.4651077645125829,8.674768987598593,9.105414525614403,0.00868790833927577,2.38154583235713,2.4777548852439693,0.08528096214930136,0.11319832676346042,2.1532691150053886,1.2312434480396266,73.15281029987639,2.488775930343565,-0.10225612289091734,-0.6023269163422454,0.3627928482711192,-0.363857071020052,0.6108941536483052
7340,2900,OK,1837,1837,,22.083374,0.019638543807827924,0.12282543625304188,0.6762998423000672,0.6876432482681247,0.015574603496109878,3.7453668116072825,0.760469661797769,0.10214201173563076,0.12540205624578754,0.7295248851920251,1.037433815515931,-11.179098494780138,12.79436073497858,-0.8118627580831022,0.03494478310894463,-0.6961253190615655,0.7166226597965341,-0.025305449236150915
9580,4810,OK,1464,1464,,31.648643,0.05823014321339809,0.0049104190349565525,0.20489021596076906,0.21306070118677986,0.01461346923600755,2.247936790182136,0.9583826392592385,0.22503195637067996,0.21533419240388518,0.8787099086038417,1.2520711111666891,117.0188582274249,112.7808206818965,0.1680669382894774,0.48808271008873144,-0.503489061072582,0.5224174415598383,-0.48513302324904867
2999,850,OK,1636,1636,,40.65849,0.0986281752141629,0.0263815763502134,0.21461386278878658,0.23766071324037102,0.01414664671749993,2.1118198521754747,1.7890438303095892,0.38458290942059437,0.33485965828767306,1.7228882420876293,1.1443263355321656,6.78960477145866,0.017561789911454434,-0.7062349336636458,-0.503005155904599,0.5015635440005265,-0.48870970128340285,0.5065398822743468
3159,300,OK,1785,1785,,32.39302,0.24768454222612846,0.09119148510410093,1.5067858358167352,1.529727777884417,0.010157256163985056,4.182661858153412,1.755407911636515,0.11690751854132153,0.09396093957556051,1.5452635749091854,1.2096536935727422,58.58547161303657,-0.6979778319085252,-0.8030708252014184,-0.509483526378956,0.4863973953719047,-0.4856438743817271,0.5176815018902995
7320,2820,OK,819,819,,41.987587,0.12421584829945306,0.2726135158546079,4.076178808609353,4.08717278638319,0.02332646874930411,7.626833646829979,0.7921321364049019,0.25363798903239654,0.08900198177211616,0.6779400300996485,0.9350194825255862,-11.365372417765442,14.201900139454535,-0.681360041206728,-0.017674810424378472,0.7095073666366432,-0.704356948547347,0.012968685279089455
2020,4340,OK,1734,1734,,16.893017,0.028304148296615483,0.1361112797932206,0.7659873252383156,0.7785011160708084,0.011403183342991341,1.302327651283586,0.7947075217486597,0.14475944429284238,0.07184260288291178,0.7007362532280865,1.0670059944948533,93.17673864168138,157.98002822129175,0.1279610135311804,-0.48749508190326135,-0.5039005980279173,0.5052347737867073,0.5031605666026844
7180,2690,OK,800,800,,33.399006,0.014156631394217467,0.014554192898979447,1.5394120348568778,1.5395459226036636,0.004366913428875011,5.729110458304869,0.6509038250954345,0.15564620378745786,0.12013556233267031,0.48821923247472254,0.9465772215627913,-10.277461758281923,61.74884686570926,0.5523535098253249,-0.010579636089915828,0.7190462511821215,-0.6947906051418912,-0.011250554106665428
7360,2890,OK,1121,1121,,27.482466,0.4756393268688339,0.0672241952799375,1.2815642728489385,1.368633934672855,0.006163001344119564,3.4129757482776863,1.129972147602939,0.4427041032921606,0.3077560269987645,0.9333924498077293,1.0886543689562551,-10.639643454876488,9.973749760109932,-0.6005451200278671,0.03248919623035675,-0.7006728827697435,0.7124114166033486,-0.021724110399571585
3139,990,OK,1240,1240,,45.74552,0.035735626768622575,0.0024905957868742844,0.030300111946268027,0.046918385222386595,0.005555405022802155,2.0102728835631827,0.4680072021578983,0.0954270115859559,0.04890254391626048,0.4292407315318858,0.9536323701616652,52.4845878699052,-1.0756987234767175,-0.7592276184400081,-0.5026763737312433,0.494901557736136,-0.49123300708769624,0.5109589456994884
7000,2520,OK,772,772,,40.234406,0.1651616016868206,0.09177743005005073,0.8388511075572129,0.8598677991344429,0.010385332555609056,7.795129801624592,0.9202814199441993,0.22562737002586575,0.19000087765709672,0.7685600762329905,1.1764422782728576,-8.68375520622883,119.34669022847078,1.0786266727201643,-0.002116909316071008,-0.6990768001438218,0.7147916936484575,-0.01897316227707083
9540,4770,OK,1001,1001,,41.179485,0.015813017007524827,0.21162516954643507,0.1936054201175894,0.2872600260936874,0.014677389250586858,4.584608775353843,0.6699479288439565,0.19482056702651396,0.15009711143792115,0.5899980584529039,1.1491461570906651,108.03633511649844,113.23451225095862,-0.06208627281114154,0.5148163753872438,-0.4831744233048296,0.5041961328005445,-0.49728546727826406
3470,9190,OK,1221,1221,,23.226536,0.1314516337033797,0.07829275100046382,0.20754649874160003,0.25784653575800687,0.018178148138317196,2.0342054724139813,0.8150627720540571,0.18157344173314094,0.1043150057725244,0.7181026381396158,1.046057694943799,68.74791732317848,53.20211554819545,-0.03525048976308247,-0.6857895899797674,-0.0141071119536965,0.000795149362582435,0.7276626934268375
1540,4680,OK,1219,1219,,24.954409,0.9012479617680349,0.18580114887919338,2.313345982671878,2.4896464791331283,0.032576385822149063,0.979811225629848,2.2859878507371043,0.19082707640097957,0.11353009102842537,2.1526670843792024,1.0508217855685447,83.63055311468572,113.62813013455367,0.22251465530986464,0.5668086959482718,-0.4488803500830179,0.44680275877993353,-0.5268791400818668
11420,660,OK,1125,1125,,41.785442,0.05919432953772574,0.043334805243226894,0.41433240856514253,0.4207769228252441,0.005700643038895599,1.9546599531632871,0.4771280511617258,0.13802503785693743,0.12511520578528623,0.38753172740695163,1.0202475787593102,-5.5819528246334915,14.731939755274881,-0.7469267188483804,-0.4216625901701276,-0.562108962478372,0.5784084992206713,0.41434017712719806
2040,4340,OK,923,923,,26.633429,0.10139680593985184,0.02008267678845599,0.3874199065480024,0.4009723309050844,0.01931671342979745,4.786285382114786,1.1634171448173283,0.23579956924946177,0.17825566684298666,1.1005332641692567,1.1819498994117326,87.53282923984962,158.15166490869478,0.2740139581280422,-0.495977692451528,-0.5014537450923693,0.5122872946150467,0.4900122426014386
9480,4720,OK,1356,1356,,23.9025,0.06517499437224315,0.018800365544109278,0.7154501794405261,0.7186586066398253,0.013434890514527557,2.019580813425084,0.8231356574256323,0.1991861786172695,0.11431171383935013,0.7405599420281295,1.1069371116816877,92.23203597178183,113.61318443721404,0.3093626919790488,0.5190690047375749,-0.4886438226921938,0.5019220981350334,-0.48976401487780774
11400,680,OK,1651,1651,,19.458904,0.029076005385124226,0.0797948926492616,0.6051540928898187,0.6110843764353351,0.01445554348673015,4.06729022007239,0.6803236789021037,0.20865111775218526,0.07400609583148837,0.6123729190956393,0.9299082341491675,-3.7774585309494246,15.33317025765792,-0.882022218107688,-0.48089735528238253,-0.5147829400368625,0.5284968162574557,0.47373766320100325
2999,840,OK,1610,1610,,30.892527,0.029323800657774735,0.0181602666645911,0.2276761685476028,0.2302740069892006,0.015149780563123586,0.6584603282315401,2.442988368619168,0.6751636771757821,0.4697047448393592,2.273519806064119,1.2055949014600276,6.774072595397529,0.11113816022506254,-0.7191831420464719,-0.5028984786158833,0.5002284920118045,-0.48849234352619325,0.508173008238054
7160,2690,OK,1757,1757,,17.860998,0.2557331328340619,0.09471122349769075,0.7140082212369321,0.764314981587749,0.03087837136432607,1.9436592115877296,0.879120061632745,0.3208256367042991,0.18370936944877791,0.5995124029901477,1.017722933795874,-9.655183723315345,68.5774354593572,0.718971209966743,-0.007838793329758507,0.7180579269193047,-0.6952744409632912,-0.030410831140680775
9440,4720,OK,1588,1588,,19.1454,0.3827782611932501,0.19840990621761337,3.010485907824674,3.041202244070322,0.01637452146451412,7.393746463678225,1.0092585812506525,0.3711168560561974,0.18646434167865067,0.7124426857782984,1.0508196797983311,85.09765477849604,113.6663455324404,0.2168332776880379,0.54966218662931,-0.4568726409577187,0.46411722455003407,-0.5231960171964026
11400,690,OK,1245,1245,,16.290604,0.08310496809689105,0.11208253013939469,0.7086599538662952,0.722265781758082,0.02002612711627575,5.478621688763513,0.7654319547045373,0.18480535290468736,0.06456428263355818,0.6765142335971643,0.9547046674414791,-3.888534490895622,15.301480913401246,-0.8933010210874374,-0.4822117320844643,-0.5154162036535699,0.5294390876655792,0.4706508630644184
2040,4380,OK,1721,1721,,15.936658,0.14681780511128317,0.08977158386058201,0.06030765065813881,0.1823497131734414,0.004905137696253444,5.4163328688661245,1.797310355267177,0.3160466317045312,0.17313270034497474,1.7604175676185498,1.3468822486171972,87.86466268098562,157.92570976375336,0.18478287319339612,-0.49412168450809385,-0.5043121600853349,0.5072064781014854,0.4942212001329309
3039,150,OK,1153,1153,,58.659058,0.05953573328310102,0.026354810044175364,1.1624477483656537,1.164269662591274,0.003893320637996001,3.3526538199619202,1.4392446199643874,0.11746216001612808,0.11702342472054078,1.3695633487035028,1.2079314813579654,20.7605315531483,-0.25708346337034976,-0.7463852542913245,-0.4986054492214082,0.4999231406539777,-0.4985586594866256,0.5029003106941569
11640,860,OK,1843,1843,,21.33508,0.0710584054966864,0.03336364946398175,0.07723356489163968,0.1101247185837861,0.010316543590547919,0.6560049795157537,1.430407675414995,0.4076577207529941,0.33537781048676907,1.3182356957768118,1.127379844851825,11.447198511543977,-0.10884376173536604,-0.7594444710636938,-0.5024191008322283,0.5012118221346923,-0.4925317335075486,0.5037601095356855
1580,4730,OK,1988,1988,,18.168598,0.17539397227693343,0.11680016306474032,1.5638559723443368,1.5779894885074752,0.01674622727859219,1.4389502630874882,1.0999026752191972,0.1629510186808163,0.07601037136128963,1.042060607082238,1.127447122043971,92.19586145909184,113.62825486662986,0.22817935007119666,0.5146489433634092,-0.49063798464393443,0.5063352034482952,-0.4878888140431572
1680,4830,OK,1764,1764,,24.374304,0.06234992571605305,0.11880628982044171,1.529586685811502,1.5354601515993538,0.0031417517862462867,1.524880300529425,0.9800615326209001,0.18950793702921054,0.10270519553819002,0.8158324315954593,1.17151915022801,119.26131460411344,112.60410659507896,0.07884367783057776,0.5065914288592918,-0.4833649281429189,0.5078423896035831,-0.5018162789003705
7340,2860,OK,1008,1008,,34.317535,0.13622696199520395,0.0902537685861345,0.620028499493662,0.6412011136163164,0.012491421155618382,4.89012284579867,1.1713022542764442,0.22983659933607115,0.18359803705778388,1.097339894616855,1.0500996200205321,-11.021329137776888,12.858165226518059,-0.6104650081207718,0.02936054833993363,-0.6955962152547501,0.7174804654349761,-0.02248655695422989
3670,9350,OK,1249,1249,,29.869337,0.209071477674934,0.671601672178368,8.35595976355646,8.385512701023384,0.02157255393204211,3.0248304172477023,2.816515763505417,0.1368521837979504,0.1094318180557543,2.6729283177949488,1.1442645557657218,69.8839181184675,113.21750455363642,1.2745713836182606,0.7171572191867802,-0.03621607953473593,0.01331556287023861,-0.6958423775086329
1760,4920,OK,1062,1062,,31.077038,0.8488247254096737,0.07896202201930146,5.134516359818381,5.204805151456756,0.038624329740055426,5.763293318951579,2.209727480649171,0.1966742160901831,0.14392512639947874,1.9224908464174812,1.1308129669547,130.64694848719367,124.14603274818668,0.35964726441309075,0.7004786050886903,-0.13884095537304195,0.13419675394219854,-0.6870546878928057
3059,150,OK,883,883,,71.82959,0.16363788532073503,0.04471522069536285,1.7928665066591307,1.8008739875888573,0.010590829967952015,10.177464735752316,0.747254802018505,0.062440214270902517,0.07999364833088746,0.7204278024691586,1.103027997360168,28.212974753034267,-0.5929983431545777,-0.7932510805514831,0.501245290490143,-0.49847453759363974,0.5009647818352028,-0.49931010553869937
11600,110,OK,1382,1382,,45.00663,0.22775121009086033,0.03461107186976495,0.20501271333748416,0.30838085644835783,0.012070105901589821,1.1453311772209835,2.060455980736738,0.4861136027748789,0.39600466303677195,1.9411098810513896,1.1925054314693397,8.625245480876874,-0.1611573937969366,-0.7538505911381285,-0.497247830205772,0.4994684882139522,-0.4946879836309338,0.5084875843991492
9460,4710,OK,1803,1803,,20.511635,0.027819627767243962,0.055762285470665106,0.5010374575206544,0.5048979085010964,0.0077366502109595045,0.5324628710733793,0.9769963749965153,0.22824852322376632,0.1005577426935842,0.9050245221113613,1.096570029964679,86.92967351500634,113.7697830307379,0.3781129330147311,0.5215498425969621,-0.48054912697602664,0.49829111871050724,-0.49876272842293873
2899,750,OK,1687,1687,,18.806854,0.35111238000001127,0.1259317512400222,1.6700369373563353,1.711187330917974,0.009450192519680843,5.053531185193709,1.2904091869681178,0.13464551191241192,0.05962958013795028,1.1859124415488598,1.0075498997670962,-11.205044146961512,8.397992819568522,-0.7124829457686735,0.053974827358234875,-0.7007207501671582,0.7097135882871182,-0.04882387630501028
11260,510,OK,716,716,,59.271748,0.12752677240044288,0.15377320428378136,10.361549570962252,10.363475227332895,0.010341519503101112,6.763046595377063,1.0532947462614999,0.11256016948544412,0.10227866351600978,1.0011495692052357,1.0244893428708541,47.17078381938888,13.451504900372809,-0.8469191435601817,-0.4914902592179606,-0.5040233717464907,0.5186174778291005,0.48521508376939765
1960,4270,OK,1876,1876,,13.082032,0.01674361861578133,0.007510897023461341,0.4245496495885188,0.42494607576042154,0.008246329804350826,1.5617777494527734,0.43971054531175296,0.14767100998864868,0.08808413248368718,0.398892747150998,0.8760644524170543,112.68884016109847,157.60482270842638,0.1569083363340372,-0.5012739347922034,-0.4982896122103511,0.49647934908162006,0.5039247568801225
11600,90,OK,1119,1119,,73.617546,0.17857028974952993,0.001233730186074089,0.3937894437910394,0.43238755360516484,0.009877430624963502,4.695671461880585,1.6274430767087744,0.40369175356361975,0.30588859012402514,1.5475198028123085,1.1615512025456711,8.813777950286527,-0.07737749573717809,-0.7207858242883931,-0.49992577879767996,0.49752592441816346,-0.4967798130648157,0.5057192774224373
11420,680,OK,1636,1636,,31.00618,0.09103301443526995,0.06078570089661718,0.42668835515551884,0.44050523671800684,0.006957023537412059,1.153875512184449,1.2992085186224533,0.3686120353337361,0.1968231320074425,1.1845587339165968,0.8578250029615611,-6.4319962249567695,14.632529791606006,-0.8358248041552924,-0.4221394247684561,-0.5599264729496339,0.5811640834950651,0.4129515213698591
7380,2890,OK,801,801,,31.125542,0.5050410759610626,0.07875267992091574,0.28615963419408175,0.5857950232331484,0.013892690647571336,7.487779324172762,1.2194876008351514,0.3793779569653166,0.2611421282317148,1.11113830889151,1.1069558508709625,-10.374682334414192,4.263598863400041,-0.5051566527039214,0.026050339631822975,-0.7032704119075207,0.7102654881919669,-0.015970091543875967
11540,0,OK,1444,1444,,17.906424,0.13275656400411176,0.031383667526769354,0.09914460384319446,0.1686383477884926,0.012204896062652765,1.9963273725845292,2.684866923454261,0.5819541453878219,0.41535888381238695,2.5522334148803365,1.2122736983087727,-1.849618823654886,0.97586996980153,-0.6753435682869613,0.45116089347689237,-0.5484700119798848,0.5512336563726047,-0.43792231073331545
3059,930,OK,1803,1803,,31.132458,0.001985796285760455,0.04348846437271718,0.0315364947932153,0.05375630590198816,0.007604454318614977,6.314235442717195,0.9343249891309995,0.15750611286019633,0.10081810397691493,0.9098249834277827,1.0535280609625126,26.453171092832296,-0.49424143577626567,-0.8101493063340544,-0.5000971390905957,0.49983388543256735,-0.4982378261007076,0.5018246776407329
1860,4140,OK,1819,1819,,18.967411,0.025686738201468773,0.020691772159102725,1.0175312090702007,1.018065675379727,0.011274289086638684,3.284848093084437,0.8880854107643563,0.10194309596412987,0.09038221228650789,0.8017037728571337,0.8974267120253574,131.0302027334928,145.03919953688592,0.23131856564512776,-0.7054382450347341,-0.0003327482599655569,-0.0034834706465436136,0.7087627509633705
3290,9040,OK,1026,1026,,27.121677,0.11233131946018504,0.039649792178085105,0.48323747364415226,0.4977036138962769,0.008646458068490865,4.49422744294628,0.6575372739665274,0.1800483684798242,0.0886086058583122,0.5245646446836929,1.0721440296547715,68.54456575544468,18.562204586720526,-0.9216958836859132,0.7114773766630524,0.02934233867485575,-0.016679372023397095,-0.7018979756393774
3510,9210,OK,871,871,,27.807983,0.2173719319154575,0.0504760103008191,1.1104295116958385,1.132630603880014,0.007920747498910273,5.4677771338314045,0.9366661443289259,0.2908320403157212,0.16839281232782888,0.8375884493966446,1.1816786006542244,68.62043718407975,61.71323823278334,0.4605099705351985,-0.6879712431933234,-0.013342893346480006,-0.0023729117952934232,0.7256114008377964
1700,4810,OK,812,812,,33.031815,1.0408244817514114,0.5863172983091909,2.043567616094564,2.36711896145084,0.04870943058113568,6.8796053051934205,1.0340975089687254,0.22247241632888093,0.1373800514453209,0.86386601805415,1.2039528301205733,123.3820715459438,113.61385185199913,0.5951113615773386,0.5236118614832125,-0.47715336008526577,0.48716073832459733,-0.5107148955224028
1840,4980,OK,1780,1780,,24.86713,0.04346023867373566,0.09702471943488018,4.56905936629064,4.570296060564919,0.016124246989559346,3.995411751749427,1.28171964615983,0.23055950785693613,0.13559782422573763,0.9190679801395394,0.9523968634786356,130.65810599767332,135.7598616407857,0.3007120558242056,-0.7045952780357623,-0.0026085659104467577,-0.007821142598403944,0.7095614978858796
1680,4790,OK,806,806,,37.795578,0.4407825570992463,0.7215143240286827,0.5108077595271912,0.9878242503678,0.02151988451201214,8.637086921766006,1.0576800167055422,0.17390504524216677,0.14740910162876003,1.0056758658081253,1.1636006121041649,118.23324676463207,112.86939104298183,0.7341091105331575,0.5070149609533727,-0.4913821088042383,0.5080437736501279,-0.4933264401710973
7080,2610,OK,1820,1820,,19.121735,0.039257845231406054,0.08227921829041374,0.22525788904344735,0.24300651174609422,0.014159114315980022,2.07089189019581,0.5333649026551275,0.1642897682541118,0.1032114595679765,0.4420551633019123,1.0003966008964837,-9.138308654998655,96.54535156044221,1.1935723148279176,0.007641277232380547,-0.705709610187906,0.7084205545592936,-0.007474948066343074
3550,9270,OK,1686,1686,,13.973318,0.17295431371377296,0.004131199524741266,0.7870100125853656,0.8058008571299318,0.011101911769224896,3.2225318033534607,0.7481232491500892,0.10772444370984258,0.051523459985293396,0.7179075796076937,1.0064218354857584,68.76142480499041,72.47543270404218,0.7527836523093694,-0.6923797374185859,-0.014252673425297185,-0.005971907086705882,0.7213677958144161
9540,4790,OK,1825,1825,,26.94839,0.07251593945656282,0.05077177173287501,0.4177060958723251,0.42698327462450225,0.011533961798060313,1.2878084075339058,0.8294739864241454,0.20206056284938945,0.10176112065956722,0.7223094288400791,1.0543230264155645,108.25748085646289,113.15014262660603,0.08311157281435375,0.5186082798148143,-0.48252215149631117,0.5031839445821797,-0.49499873064242106
3330,9120,OK,1684,1684,,20.42847,0.06459079690741062,0.22103768782333746,2.309302773171914,2.320756111413458,0.011758688097980436,6.9677642115502465,0.9714545064612222,0.4095028909825027,0.19540260948148758,0.714359861295673,1.0253226659134893,68.34604226196043,27.663790968127756,-0.9927081422833719,-0.6867391341326962,-0.02813399196776647,0.010014255113032885,0.7262902689979837
3630,9340,OK,1847,1847,,21.632195,0.01230076583626516,0.12593985279882003,0.27634026849148974,0.3039343668509629,0.02005221493309781,3.1140747845824888,1.3194409803216443,0.24514119760423303,0.17001783818117006,1.2621096820983708,1.1028651334746682,69.06630502759134,95.69273247295638,0.8358614241783149,-0.7014029052274554,-0.01085155527902659,0.020786585323600493,0.7123792010980502
11580,830,OK,1408,1408,,47.923912,0.14838453802922413,0.00578130398783922,0.07701045260031703,0.16727822455912109,0.009026697569108653,1.6482483950685272,2.45149884029225,0.6734835097130096,0.5099189942260687,2.288489665495719,1.2274331307704234,5.396816949815873,0.33699452893002946,-0.7019762450676085,0.5050274011050604,-0.5043153194905735,0.497564708424368,-0.4929936547165317
1840,4970,OK,1691,1691,,26.729954,0.09827956074451477,0.05051233009781024,0.36342053399352975,0.3798484593626611,0.016290483148799884,0.4628260937313251,0.9802304319825391,0.18648990370737306,0.06157387798895941,0.6848809632497037,0.917773033312059,130.60745872218584,139.963496167291,0.17011238711417145,-0.701450529036744,0.0010149308009153304,-0.016212869505845644,0.7125329943882793
2939,780,OK,1741,1741,,15.183855,0.01612372739396628,0.03131005012814203,0.6177052930662106,0.6187084312550741,0.007907079566760223,1.8476937872021246,0.8179238108270276,0.24655368555328927,0.1217398479052143,0.7348718314001683,0.8255840285274426,-6.96098441049303,2.529569279822437,-0.6405545971226593,-0.2989783770528752,0.6437267820199469,-0.640596164690866,0.2930261318524774
3530,9230,OK,1024,1024,,23.665823,0.026110170203650807,0.05257278322641462,0.3283365972446024,0.3335424404995554,0.009951296829854657,4.206555313520222,1.2988165519905277,0.36641207835499934,0.20737487197768534,1.196914304269912,1.1087193312918053,68.91164346462374,67.57914477730483,0.6523160431856916,-0.6816933046310352,-0.015205160295177357,0.0031539248118511447,0.7314732355184965
9440,4680,OK,1248,1248,,25.034573,1.1098148795430407,0.21305719406441945,2.5904241849018024,2.8261953033224554,0.04271451008553288,1.8114182369919516,1.8950721764704095,0.19701456257632532,0.13083970789722477,1.7488394544632513,1.0504976922728346,84.80324169390303,113.06498852072691,0.20035530665345422,0.5496513926715103,-0.4596441752514836,0.4528710558147703,-0.5305830618262023
3059,190,OK,1877,1877,,32.46223,0.12212645069794353,0.04194908989402381,0.18147571173802857,0.22272860178665463,0.011409279511188539,1.0855425425162961,1.0745259110941499,0.27548739319947213,0.2183456525639203,0.9968287180489472,1.1565341815145243,26.239481704516706,-0.5896358245950402,-0.8419700757599954,-0.49665442497421225,0.5016124355671592,-0.49620635121026846,0.5054686970095268
7120,2640,OK,1344,1344,,20.967266,0.6592598231862814,0.09901994182350436,2.4966564752759615,2.5841288704094705,0.02943616772896391,1.3094547360116549,1.1226591855935921,0.3035052452188718,0.13004539284428906,0.6544316018381977,0.960861147779133,-8.823278159927915,85.31982776041626,1.0950237894378607,-0.0015643026305168961,-0.7059359084984804,0.7080110739811807,0.019296765783941575
1940,4240,OK,1682,1682,,15.742943,0.031092043500094202,0.0076084626056435786,0.47815758145786813,0.4792277919506245,0.007115480802001196,0.23673261707127577,1.0904535318673714,0.16602941733166787,0.10561394118811201,0.8717389398331257,0.9438420554315585,118.14433745070566,157.23619024873696,0.15690671350267218,0.52654874817079,0.4803629709893501,-0.46512455328180324,-0.5250304580083537
9520,4800,OK,1561,1561,,33.242207,0.10771013313840339,0.1656156277345004,0.4822321566463952,0.5211313287784747,0.015518928809774115,9.433675576319338,1.070987683113524,0.27132251875310365,0.1629100530976102,0.9575674595119921,1.1939440375218637,102.95202944594885,113.3387575545935,0.011021304747801962,0.5153667708828533,-0.48890737813844015,0.5022973528771588,-0.493015249626394
2999,100,OK,1450,1450,,48.51378,0.036997537690642686,0.0046856180825289515,0.8187849789994631,0.8196338296136495,0.004271322083391281,1.6444234539132523,1.6048083023114335,0.4818256353816013,0.35174788362752096,1.4866659271633393,1.151162392144984,6.185980540629468,0.16816802173752388,-0.7081802445584289,-0.50191945395976,0.5001174224159283,-0.4938949730704168,0.5040110922475383
9560,4830,OK,1568,1568,,23.924213,0.046705078834504477,0.1849718476952343,1.4433108412569222,1.4558647373016804,0.013474599009043436,6.552455378854124,0.8593143908396277,0.13927871511978462,0.09506861483648499,0.7431180326646145,1.108337775559848,114.164366612899,113.0523500948707,-0.05748246644802833,0.5102344516748745,-0.48926173816664437,0.5099533656954927,-0.49013398240280526
3119,270,OK,1596,1596,,35.089233,0.04185010396340033,0.08536825065615461,0.6039968350023681,0.6114338444302191,0.011681418380527487,6.813958438868392,0.7743504619061444,0.0835482684792801,0.05370667847526844,0.7023973957786538,0.980151393106014,46.20891995663309,-0.9960366269943085,-0.9187747997991959,-0.502856629829297,0.4937929521019996,-0.4933794705456612,0.509784688211795
3039,180,OK,1883,1883,,32.21844,0.08936235714579438,0.04778624880771615,0.20943817230680573,0.23266607932610353,0.01125843825823132,4.804614659603545,1.0090172115831308,0.18331578589161523,0.11107943852742208,0.9733901642708744,1.161976140086485,19.388893687950294,-0.34118786099301535,-0.8250550490127316,-0.49718316750715236,0.5009599451571901,-0.49548962188568174,0.5062983961057391
7280,2810,OK,1747,1747,,22.850502,0.10235951406764196,0.04558451695988773,0.03653128849560666,0.11785564621934466,0.013261285395125192,0.34945194914183003,0.31576107943395626,0.07167704263936192,0.03468376957217534,0.2995366754906108,0.981925908147094,-11.41373715293914,27.417296146651545,-0.7862870494709276,-0.010153231138250165,0.7223967591956013,-0.6914011359012833,-0.0020744819981360855
9480,4740,OK,1887,1887,,16.78454,0.06951883556581241,0.12157844721908205,0.07156034287229174,0.15727386940820634,0.005221025619696446,3.167152852218684,0.8773701387741094,0.2191444584440252,0.1908648049711697,0.8117830975005216,1.2237248708584894,91.58485864782578,113.69151966549401,0.21898367090717047,0.5178965129722097,-0.4872572137514009,0.5064640967548518,-0.4877066005261148
3270,9050,OK,1845,1845,,15.912378,0.05206420721603039,0.14036866202682707,1.4853767669473377,1.4929026032327632,0.008928411648230793,2.2312320889755646,0.7410387059612644,0.35512741532698544,0.16220824139681622,0.5116752290975439,1.0344677464568874,68.51228133907232,15.190540718312029,-0.9603372078716914,0.7123751780424742,0.011670121938198899,-0.0067595549495648895,-0.7016692400125466
11400,650,OK,1539,1539,,26.494635,0.06154431367555224,0.030982791170777853,0.8665811311815533,0.8693161063815781,0.004605705125992119,0.6619886151629276,0.5211166371304449,0.09333143714650771,0.05139998290311998,0.4891485768947881,1.0319902793019726,-2.2998976620366838,15.367463254367978,-0.804004242603838,-0.4810076110012816,-0.5114820257195414,0.5261963102550231,0.47972414844228317
1740,4880,OK,1646,1646,,21.187199,0.09769890024119308,0.0004727593818374936,1.321861320609099,1.325466955277348,0.025106630041797594,0.6852857447941879,2.9201644556890445,0.3519704713554044,0.18567159434630243,2.8704575349145127,1.236852064886432,128.49618433034948,116.5509429176172,0.32515992793126275,-0.6358410527695981,0.28385924507738175,-0.27701906665668236,0.662110656390311
11400,620,OK,744,744,,54.44532,0.35325422222250014,0.10806594215594813,1.6740427385909005,1.714317906340886,0.008938605052842316,8.023664483733857,0.5261314901127834,0.17820006659704113,0.13009519639124578,0.3510316482807849,1.002086811825264,-1.4722821572894311,15.136647139713551,-0.7301422395525659,-0.48081830117290053,-0.5130587871116157,0.5237662141796399,0.4808881315947517
1700,4820,OK,957,957,,31.059351,0.43234947751967817,0.12801805370908773,3.0344316679977608,3.0677500290171418,0.030335585681732554,4.513961482260748,1.8747272226382685,0.17033720696634713,0.12968355108844376,1.760832572746132,1.308013839799277,124.4076376646197,113.29698664196394,0.11307824928734683,-0.5192951984882576,0.4692727684078234,-0.4863470313175412,0.5230507917846156
1740,4860,OK,1019,1019,,27.154858,0.2924607278719193,0.10353480580285805,3.460725683974775,3.4746042930213914,0.03914074235708351,3.231915436285013,2.4352017363426253,0.19249569664796695,0.141182643014667,2.2685833317399187,1.1328693347797636,130.36893665359244,117.628795397671,0.47582693736013193,-0.6327053189954707,0.29506004082576526,-0.30213280642090634,0.6491065543552651
1560,4700,OK,1627,1627,,24.397625,0.014081185119921208,0.11471820857196277,0.3723474133624609,0.38987324015640923,0.01250782117484181,1.043234063622707,1.3517931910018655,0.38677351031328566,0.2827050672448981,1.1905323155139502,1.1004241051653014,85.23347460638585,114.01583780125802,0.32058314584004527,0.5160264939624386,-0.4823844104436546,0.504964507738412,-0.49601691908065443
11600,830,OK,1066,1066,,69.64162,0.16990617005933734,0.06281845781837102,0.6962976195862671,0.7194752534371234,0.010872579023466252,4.540321154228297,1.9837507499730105,0.5116588441406937,0.37415235025826005,1.8605779406723526,1.168163300998313,9.11242185407863,-0.06384559307511872,-0.6716275711455348,-0.5000307146994507,0.498723261953458,-0.4952653747059216,0.5059215363681034
3019,880,OK,1563,1563,,15.939996,0.04680065957863294,0.005778323992144917,0.45958624080748933,0.4619991379913093,0.007844121890735528,4.855816631151791,0.809138550784233,0.17158271377721168,0.11450051852670606,0.7688104542898322,1.0652630148682167,12.586192309599376,-0.07992687611813595,-0.7697249806110202,-0.5000294857004669,0.4964353971402759,-0.4953451351109775,0.5080901563878111
7360,2850,OK,724,724,,37.656696,0.26422868797663895,0.19814176802706765,0.9012093391908493,0.9598204169695264,0.012524823628248782,11.67951701945458,1.0210562912440548,0.12924083392237806,0.13422236399005594,0.9819630810362936,1.0690868639117588,-10.739909135985537,7.778676933147574,-0.44678589011939696,0.028657592807559168,-0.7004289392812842,0.7127977995125299,-0.022301130058059924
1600,4750,OK,1864,1864,,16.543865,0.03446705537049745,0.08529379297313364,1.10168961071925,1.1055238610687648,0.009330497665723107,1.135040263420852,0.8344988974284772,0.19314881887965774,0.08729666978032036,0.6963573008004715,1.1294001218346281,97.41174286722976,113.51270573450194,0.1599299496355998,0.50966609572515,-0.4985586917686887,0.5114336506220886,-0.47970336953323495
3290,9070,OK,1853,1853,,14.363803,0.008848136475740342,0.15721770788327566,0.45323878547681185,0.4798136032374028,0.007210344046374118,2.5815738579616023,0.5438042956864576,0.1936083787261902,0.08377415232648233,0.42175964317871095,1.021586999933888,68.49013318609407,18.52414687771562,-1.0602663779114552,0.7099662397559614,0.02557166976930976,-0.015398105337676143,-0.7036028186867929
11620,860,OK,1646,1646,,19.16218,0.1368409567812415,0.051189504661047845,1.1503470622754575,1.1595879339343025,0.004732440513694309,1.7191231802271076,1.6673353909491426,0.6127590655414785,0.4552744218691397,1.4812785936932418,1.163555710847465,9.296096899347031,0.14123930655049144,-0.7545659995950595,-0.5018766936640339,0.5033560393475324,-0.4942449893841551,0.5004741476618739
3019,870,OK,1688,1688,,34.428192,0.010492571942317286,0.011417163493124775,0.4168434906521621,0.417131803375471,0.0035113823749608718,1.9813234361485887,1.3063389809365757,0.3016371620748868,0.24192436127433803,1.2238709155384786,1.1261769422058263,12.629470356489158,0.0060804442021846206,-0.7577347766456998,-0.4996131149500636,0.49788497747574106,-0.4959432609464198,0.5064953765788061
3059,170,OK,986,986,,61.885986,0.3170846148137428,0.1005199994658913,1.0229080272722735,1.0756336530167958,0.013508269654813016,4.923112228815974,0.8360205184192732,0.07217854455906147,0.06070841219334211,0.813955246256036,1.1175102653954518,27.448355765180278,-0.7034140015123922,-0.7162832728165378,-0.5009738613440645,0.49838306415461986,-0.49604857506475447,0.5045545786038382
1880,4980,OK,793,793,,28.191563,0.08911418306100094,0.032603986397798095,0.012357669856111642,0.09569257837434438,0.019448492431433772,6.684059214129186,0.5593263677495474,0.15560867655118105,0.14890073404152027,0.49097313940804144,0.9288394535434555,130.3260751948307,150.90502806454887,0.23971572110695089,-0.6986112343257814,-0.09428778229006518,0.10534584591653243,0.7013946179810333
7000,2540,OK,1510,1510,,26.929705,0.1668454630535292,0.02089164920818315,0.3380965414803889,0.37760182852998037,0.009228047191673685,0.9888651631521601,0.8877819943188104,0.18299821032067998,0.09324994243597151,0.8300753850129663,1.028759334770398,-8.679855287888303,118.84973044994938,1.1583135507388187,0.003447259417596454,-0.7005179321425556,0.7135389892904676,-0.011173804704011818
7280,2830,OK,1898,1898,,28.808456,0.023870316963711613,0.028278030263059778,0.13631272594090627,0.14124658679397248,0.009117035528151279,3.368006338016908,0.5816718296674486,0.11931294921639862,0.03970895071224789,0.5544884997279196,0.9962618394347966,-11.365196343066854,27.591295083086575,-0.7536358816423542,-0.012178916775100043,0.7235617902673734,-0.6901382586656625,-0.0043810474986886025
3650,9360,OK,1714,1714,,17.595982,0.2630058411460446,0.18573639997456062,1.7827115448471544,1.8115547286471299,0.006999936039096752,3.5481329795080767,1.0626098682368168,0.2443826139418912,0.10386641932765267,0.8115711761994397,1.0571443361823454,69.42764380518733,102.6258954178221,0.7551083161680413,-0.7067273926862485,0.009299274178482392,0.01124045308433854,0.7073355414095276
11140,400,OK,904,904,,18.657722,0.6246121065427241,0.07499999302871528,1.8109089353761876,1.9170697574213005,0.02177631921960354,1.622467791892706,3.7761006869993112,0.35121395256659016,0.18652702058308862,3.5664424067945095,1.36491346131932,65.45141724020792,11.455507765054355,-0.81700059486816,0.6348455502392288,0.3198644735435391,-0.3201376000086248,-0.6262345910015538
11320,590,OK,1684,1684,,15.241571,0.02237591431513264,0.11105160803702442,0.38305540124762905,0.3994553562214796,0.014205967930499993,2.863200027197196,0.5299868562286794,0.13351394765320368,0.09474982241273189,0.44471838893017335,1.091735602926426,17.34540176906301,13.787785548939203,-1.0555357482125463,0.5187236197491625,0.4731728205326384,-0.4979357923427228,-0.509012018450978
3199,1070,OK,1546,1546,,31.061321,0.42373535184890454,0.02587388647304378,5.086098462498335,5.103784740428976,0.04595457108244437,0.8207297385487232,1.7316053533932354,0.263173767696371,0.1128994679863955,1.2600767057217208,1.2376875565818917,68.87701634363155,2.92119239196252,-0.6466431504516003,-0.6033407310241071,0.3635753857653681,-0.3464566269716965,0.6194842264176342
2959,30,OK,1329,1329,,20.535128,0.04001210345871442,0.06730378159265948,0.7736297464458457,0.777581990548731,0.013682673797654997,3.6618749426985375,2.7454314059936697,0.640160189377547,0.4845784593779454,2.5658683595322254,1.226512491489819,-4.124382557193352,1.3386390558462649,-0.6585290187645794,-0.41592490635614593,0.575412605091655,-0.5737883868719958,0.4082568961635542
11540,60,OK,1515,1515,,21.409838,0.08411146692696855,0.04448834705537271,0.2392939574789663,0.2575180575770778,0.01110861008617517,2.6305253673390663,2.839186891874883,0.5917050082381292,0.46324691139081864,2.7050657164179412,1.2456337357474678,-1.9979549346158145,0.9552269172306938,-0.676345910438335,0.45103333626693826,-0.5491075939825193,0.5499639207511248,-0.43885016312939223
11380,620,OK,985,985,,38.61146,0.683764659926583,0.8126754917901055,4.424480422239601,4.550165114795542,0.03471391633180815,4.306292482496805,0.5568185057852133,0.17283581895756583,0.08613625351095561,0.42782901435219545,1.007951982201288,4.911769468186669,14.624659705211345,-1.7085838441273256,-0.4984209304485852,-0.48477280892613406,0.49928942714173,0.516993198950543
3590,9320,OK,1465,1465,,28.091972,0.12986718530205948,0.06231969736882376,0.9432918326607069,0.9542267613428248,0.017992794416711852,8.53177284405216,1.7159263959067674,0.32022102476683156,0.23974335733752494,1.6505774424000892,1.0517118932823974,68.94514239109581,83.64807613112964,0.9138841172409043,0.7072225353674352,0.0224407208287498,-0.0002537296139055131,-0.7066347253980843
7300,2860,OK,1711,1711,,29.305285,0.05708248294767804,0.04292260084012224,0.5796217742674044,0.5840052745714257,0.006129907706666164,4.618692081955103,1.1216610852270579,0.08143682565538946,0.12422109940706116,1.0804162437762272,1.012074219844417,-11.313814964300102,22.32714792092411,-0.8394942986682816,-0.01555348283033001,0.7103769918392556,-0.7036326305160772,-0.004872361879237115
11340,580,OK,748,748,,47.591286,0.031196720124629054,0.4826906398923908,3.8623101629347607,3.8924803511251533,0.015649227614130432,7.207907572880919,0.6373106712053698,0.2238926095462267,0.17049889666548412,0.5259557070803829,1.120927598290651,15.17474299338634,14.073056705671167,-1.3876797297451144,-0.5158423735446894,-0.47417854576393037,0.49094049773180837,0.5177246179967007
2040,4330,OK,775,775,,31.067463,0.015841531445445558,0.1099181189887467,1.5987818784460286,1.6026342196047023,0.0025481934428887103,7.563415673514886,1.0492427089797969,0.14203643687976664,0.08325737798492217,0.9777378621899828,1.0711089423089832,86.32373857721802,158.0459686695067,0.38229522468473154,0.4936877095073384,0.5056479460461365,-0.5051235280826755,-0.49542186217206
7340,2850,OK,787,787,,37.446556,0.45842043554630474,0.19302518831465934,0.885567857923216,1.0156960421489722,0.013790360727784608,6.865162390519717,1.2306049220213915,0.1924040067191557,0.17401289408914966,1.172773685892114,1.0744939399530684,-10.75416401818853,12.60796472669727,-0.5441904000303236,0.0270215313722087,-0.6973784153416903,0.7159736930432806,-0.017744112482169803
7120,2630,OK,858,858,,33.948235,0.2631280440023099,0.18292073550343507,4.304999790604032,4.316910881651179,0.014178756896382205,4.850522562911449,0.8504431923493777,0.32762929900298365,0.1776049889098934,0.5728102070652477,0.9625137422376059,-9.252229469294884,87.14818056023188,1.0546952510077874,0.006346389318890045,-0.7050160937237179,0.7090758118522764,0.011114134208202456
1920,4220,OK,1584,1584,,14.128854,0.32607273932597547,0.0012416494110363825,1.3844865340846586,1.4223670187706674,0.044096169286651166,1.100973707300209,1.1943272225982124,0.5702991866498928,0.2627425519484462,0.8315812661801942,0.8500127365239079,122.3115201037655,157.0709002343878,0.1854694662857208,-0.5692236285891678,-0.4243629846724433,0.4124478906745771,0.5707777635593112
1900,4170,OK,830,830,,19.06792,0.3331611227335725,0.243865479174137,3.492642266381022,3.5169612887470185,0.07617073761338931,2.448583658907068,1.1149349917715263,0.4944762243728871,0.3064564917383792,0.6530009794121341,0.8914183215866072,125.61994069216782,157.3677000679532,0.42268595761651845,0.6649410547604571,0.2543353851051645,-0.24147041245375406,-0.6594383560931775
7300,2790,OK,757,757,,46.849617,0.29470444801484286,0.6283552174963318,4.125828454094657,4.183795098191558,0.02460207128167211,9.021499809712914,0.4245987275239893,0.1718332780918208,0.04295190271474336,0.3169819549114754,0.9487187102719101,-11.508386436748015,18.765795888004686,-0.4579059104367198,-0.014883719284160542,0.7155791181884282,-0.6983630655223506,0.003745560994956505
1740,4870,OK,1355,1355,,25.484327,0.33299299709828545,0.0625767485521841,2.6415721729692745,2.663213046412449,0.02330379862596791,1.268725940943191,2.568751692836526,0.16188816099342374,0.11445132596172991,2.476205645430799,1.12441397981609,129.25240529109138,117.68988092565137,0.31075640153357,-0.6320509546032155,0.29370734381980623,-0.29263255245220576,0.6546860134574324
7180,2710,OK,1731,1731,,19.62286,0.02502414356248813,0.05772362413093548,0.2694667350003981,0.2767138337987826,0.004746453148155057,1.9233710167609974,0.9074637812122947,0.23848872819886235,0.14518568580590951,0.8543103472363098,1.0122995924117637,-10.303537203585645,60.48210156446425,0.45380481154926655,-0.011067502535425893,0.720511810664446,-0.6932764015929592,-0.010395771976514048
1800,4950,OK,1663,1663,,31.293419,0.04003277868758002,0.1067601544135724,0.22356790225718726,0.2509640628845848,0.007765928943702648,5.146361180380979,0.5755366431882205,0.18368616211957273,0.08208023726629565,0.4708761089776372,0.9828674842139593,130.32496520834633,128.7590498091429,0.15263565711310267,0.7074767144344389,0.01109259886019586,0.010598914895149325,-0.7065701067740012
11560,60,OK,1462,1462,,44.508926,0.05772878933350217,0.02443243678420391,0.5588170798520222,0.5623220481356456,0.009279284599286801,1.251066662230932,3.147084444848768,0.7165757040541929,0.5000219545866318,3.002777372315318,1.2721301629186412,2.5488643073330652,0.3425877074764325,-0.657071036698149,-0.4836676573200994,0.5191957684177283,-0.5176192331889402,0.4780917074709672
11380,650,OK,1881,1881,,18.944975,0.010086687726307879,0.01599968717389117,0.8371299360491884,0.8373435741012578,0.019624867084325745,3.0691121522415163,0.8026726528447852,0.1401296808692587,0.1171919491132159,0.7474433326549321,1.0147949041821658,1.3708162360287552,15.339981972997064,-0.8947001245759837,0.5120551069121614,0.478484347192359,-0.5027587849155039,-0.506049307051559
3039,910,OK,1702,1702,,31.789356,0.010398060456339502,0.045559976750696035,0.1759834713780526,0.18208243556435505,0.010577149295505297,7.125650661336585,1.8179944204806242,0.2927555319519134,0.2148855454836549,1.770983573506983,1.1849009404359845,19.421414525028663,-0.25475650001216454,-0.7687778607111604,-0.500030932685296,0.5017605741050472,-0.495041118112666,0.5031298878116942
1700,4830,OK,1098,1098,,28.157074,0.7865959505004134,0.3874732048498193,3.115379494718866,3.236426744101435,0.035658083490729534,2.2274544531061244,1.604799402317107,0.1531321555588202,0.18363912328848175,1.5147045898573097,1.2590896565396308,124.47258214448588,113.68721841374075,-0.15971948137839975,-0.518229459066918,0.4698632990514005,-0.48875626736262234,0.5213290890344607
3039,140,OK,963,963,,68.37115,0.06881782492513289,0.057388667040424904,0.4973117999310519,0.5053200752817619,0.01064409076400141,5.688445383854254,0.7618507296505064,0.09694381238173722,0.09133219197482906,0.7215248593568298,1.1206938716506387,20.095512268356252,-0.25831136763711565,-0.7164827930899061,0.5009209039560996,-0.4975998760123721,0.5007750695471053,-0.5006964560413504
3179,1060,OK,1384,1384,,28.952682,0.556045942571979,0.06637676585379071,1.9880198745642115,2.065385190940971,0.006980609073113208,2.8512544914409204,1.8204797401393131,0.19838351022481282,0.10293569269389446,1.6382960412944616,1.2242083848263734,62.736990580321425,0.30012396798009344,-0.7316868420681878,-0.5369488012083595,0.4546150782618491,-0.4558402188455311,0.5451796129540581
3370,9120,OK,1794,1794,,18.78482,0.03611013558287755,0.06690558234058848,0.39460742003808114,0.40186479665337405,0.006948314752476909,1.2226779293338743,0.897216348887462,0.32395512545832705,0.10934001136763483,0.7624122956865294,1.0575061453520156,68.25563473749308,31.48355986075133,-0.8355554502142889,-0.6949566289032749,-0.02639609934614934,0.004626101214968795,0.7185521060231144
11220,500,OK,1696,1696,,17.710735,0.023688941731440566,0.052834418636517416,0.12545795942885052,0.1381750387626704,0.0030100030903334454,1.36637086818888,0.6821538741404701,0.15623507220405441,0.07972583030407954,0.6345767812064889,1.0908232011685297,48.023311280991464,12.982520101339132,-0.9327394873022993,-0.49443322211689833,-0.5023333221264127,0.5184359414324398,0.48417062796043636
1580,4750,OK,1704,1704,,16.090513,0.024167318839407897,0.14888590829449877,0.7506704663240669,0.7656743576741718,0.010923321626073948,6.811762312801806,0.6241207267246471,0.19227878214417427,0.08160497699588909,0.5339609158765004,1.1179651879622687,91.38156868627317,113.7781174081134,0.1755218242244699,0.5126857097262382,-0.49114072004697507,0.5090694633708046,-0.4866029568525077
7200,2720,OK,1294,1294,,22.599503,0.1288324241951042,0.054539676691923784,1.2316007449120792,1.239521183653444,0.007507914777602954,1.9641087774847128,1.1343967140670204,0.4651755221609237,0.26003408181653365,0.9356399096681756,1.019137924742626,-10.38968415603095,53.76224996398241,0.2670891704843316,-0.010153308766722366,0.7209101076640996,-0.6927946297884758,-0.014870370710660545
3250,9020,OK,1467,1467,,22.38138,0.1766703441090855,0.067148464498631,1.5502244181716758,1.5617032603756251,0.017492329551717735,0.5526282049673525,1.0023289217250086,0.46384254054337326,0.18490538457381656,0.4540172441067032,1.0614097022519884,68.54505395593425,10.9906440600007,-0.7796322283218405,0.7122738637892693,-0.03771328587002786,0.05195172741195051,-0.6989597048832683
9560,4810,OK,1918,1918,,27.638344,0.013910279637220468,0.14290307660721688,0.6152339029621514,0.6317654157497351,0.006700539139523635,1.932043873949496,0.7959029679464836,0.1672549421966918,0.12293727725058012,0.6858828694359911,1.1183472141591788,113.34044117451278,113.07759335768495,-0.014050693341079046,0.5103297597786828,-0.489876465658223,0.511955323313369,-0.48732569356595945
1520,4680,OK,894,894,,16.122593,0.48181078302825625,0.18446111099339224,1.1251608905064812,1.2378023112098941,0.007197106186516285,2.9319687316677925,1.455665880442861,0.19193846052083474,0.08194368023606757,1.2927879387024266,1.0192757351959008,78.52858082638902,113.40938346858017,0.430068353651194,0.6160106565896042,-0.3626879544017625,0.38289552995271586,-0.5851318926892797
7300,2810,OK,922,922,,39.78634,0.17256263110203565,0.12103930513198302,0.6225087693805564,0.6572256408535697,0.017121134725667998,4.852397411562067,0.3544545259739534,0.05641856480033014,0.07695738606877045,0.3291507576751713,0.9715329804090727,-11.523130176004273,22.280583719789206,-0.7491152426662144,-0.014930435882953962,0.7125712941835008,-0.70143528083774,0.002789190935839609
7320,2830,OK,946,946,,39.80974,0.06316940153701639,0.10948237515665628,2.3998534692175246,2.403179859576864,0.017630230038662667,5.796063207084831,0.5286175359904596,0.23956479728719215,0.07996275386250118,0.3809673355054328,0.9322651489478806,-11.278569211736054,15.88301763729543,-0.7622848332957814,-0.018504512259448925,0.7077892165247686,-0.7061249099481628,0.008922978650269489
2040,4360,OK,1672,1672,,16.869282,0.024078977077680308,0.029935403209362714,0.33955670143034,0.34172310280206053,0.015680766515385414,0.6717435742931291,1.3951156341376603,0.28296373422587817,0.20890629170240982,1.334348600007743,1.3121681924129331,87.58562729067816,158.09742804887225,0.2520100809412601,-0.49335769448135347,-0.5071780051372078,0.5104717405084855,0.4886586319132443
3410,9140,OK,1540,1540,,23.157734,0.011557377254438901,0.19319541681621477,0.9556970466270456,0.9750973730758635,0.011034742752490355,1.3720477587372035,0.6497523509876697,0.21659561505609726,0.13949106272786072,0.4654531714822894,1.0459935932452724,68.24499471221398,39.797607869931255,-0.6759869067152959,-0.6855635158087535,-0.022857469243453117,-0.0025590189312526043,0.7276494027440926
11280,560,OK,1522,1522,,18.982227,0.14882940440263048,0.14721507968731717,0.07750502659799796,0.22322522359747174,0.017743457797464494,4.807479249131301,1.416235222210253,0.1931670351600966,0.08865363382818836,1.3636060440932294,0.9332789310608751,30.735881490669637,12.725567494577403,-1.1304746225446565,-0.4978053207127646,-0.49217644677565625,0.5111210167201647,0.498705839324442
11620,140,OK,1556,1556,,43.516087,0.042503560420185646,0.0070295349626779404,1.6284746891884523,1.6290444378032203,0.005263841660197924,3.4562097780423033,1.3108184658646254,0.5007697881201822,0.39149523693748367,1.133002508477475,1.1669641315665564,8.818115098940147,0.0190245221738191,-0.6831633601378716,0.5036841744537528,-0.5018509427966786,0.49279688021013307,-0.501596569440109
11440,690,OK,1376,1376,,28.699873,1.5885462157811414,0.1689064392407819,5.770913070902883,5.9879417279067875,0.025257288775447157,1.0968285970402558,1.3601340870659426,0.7141388779001181,0.33916696741065033,0.8030301357162148,0.9668156056963985,-13.792998097413982,10.74241462078175,-0.7120543432074817,-0.31532348234499763,-0.6177841063343998,0.6533949176276815,0.3032968530346895
11540,820,OK,1651,1651,,20.519407,0.17770797245993336,0.008333218996619086,0.25267672878419045,0.30902280706081453,0.010052201330825572,3.4610583417908938,2.6783330665630958,0.5795897605938225,0.4257519263591458,2.572608256682134,1.2098182789150937,-1.9924933746363938,1.0457160611732508,-0.6296330366181098,-0.44933413104876907,0.5506773471691044,-0.5477915123262632,0.4413363309458567
3159,1000,OK,1079,1079,,48.84167,0.09207643775271707,0.039967420530712235,0.873845549115428,0.8795916716306224,0.006452980914267416,3.9876985260426148,0.4546040806217456,0.10254898382060973,0.07238727484442148,0.4006748002678351,0.9463873460164682,57.96039487108035,-0.8940177181856096,-0.7474625227101686,-0.5099214779220801,0.4850044185153622,-0.4918857292028704,0.5126394734907733
11180,460,OK,1485,1485,,18.348757,0.19578678215365086,0.05901485418787503,1.6176725274510189,1.6305458052905673,0.010318152695875603,1.1797548853043436,2.2109361899995763,0.11955696479216715,0.08246589073699157,2.05637183724399,1.224617446061036,56.45847278203391,12.778678625263206,-0.8704820042582931,0.5414479519621778,0.45467396696248347,-0.4768447209722817,-0.5222306110938238
1860,4990,OK,1821,1821,,21.110739,0.06776304320428594,0.02690619696310984,3.0800843433894234,3.0809471491494262,0.016813129269860026,2.029531892008642,1.1400209936205528,0.18698086499406252,0.11990793833968183,0.8699470562982397,0.9453098507660249,131.10433769108894,142.98061923220243,0.23256924696796488,-0.7036260957913874,-0.0011176272775460922,0.0011604862009612427,0.7105685902869723
7260,2810,OK,1750,1750,,23.000069,0.02870948610732338,0.0683628309222498,0.13628457941304806,0.15514895368658504,0.01131628201750254,4.411479447086872,0.32201560013416924,0.07060227051450296,0.04392859670373683,0.2963399625383829,1.0025750154570638,-11.2245945067038,32.0429002442572,-0.6675395529906112,-0.015207798030373351,0.7202577960277111,-0.693490296698958,-0.008284837038994434
2080,4380,OK,966,966,,26.662111,0.06197538684495385,0.09782047995536344,0.16393133506426816,0.20070694429748237,0.010927769535746298,4.144789254292889,1.4772207689445387,0.42239780747771416,0.26656291080068106,1.3929363496468934,1.2900094158010378,78.59742860468062,157.7362582707978,0.39916770748169417,0.47783775592977396,0.5274041719580872,-0.5213720436734435,-0.4708366069933169
7240,2750,OK,937,937,,50.19422,0.2332157807778061,0.23105973051470127,1.8198612989633514,1.8492358819074175,0.018797763941472652,5.692589218350639,1.0262597259386985,0.06645386714167978,0.0866549509272303,0.9627743888843865,0.9811477717547532,-11.134334265860884,36.22664508879088,-0.3691724522866068,-0.013277513617896254,0.7251389715098443,-0.6884408756998311,-0.006807370668720574
11340,600,OK,1819,1819,,30.144775,0.07021724705386843,0.010680265765958794,0.8652316669991158,0.8681419051276837,0.008790122157683298,0.04864725891438536,1.5772024769545194,0.5292934976444059,0.4079915287270373,1.4011931911069775,1.2600425963867359,12.19526352485903,14.290730864571168,-0.9283223357777164,0.5226889814709972,0.4747037082795817,-0.49071041253552,-0.5105447179470619
1540,4670,OK,1050,1050,,30.141678,0.5701568544698061,0.014897793192335237,1.756406039622354,1.8466897300203917,0.012343203919316615,3.0134769647980124,1.7662915904258645,0.2713443089420353,0.11045925355657565,1.517304326385755,1.0709378957228144,83.02791688918946,113.82941055620442,0.4257688853446167,0.5647255848110758,-0.44767174052561876,0.45571751762189916,-0.5224907374557807
11620,120,OK,1452,1452,,36.094753,0.007895889723957569,0.0497217891725968,0.4464622662582868,0.44929183899281144,0.010200224319419953,1.0040813083442013,1.5684860951170716,0.39969511233477206,0.34432843489615905,1.457152576616493,1.090976114124366,9.99965497416919,0.012263174724702902,-0.7731970087035072,0.506464057648597,-0.5004641725078143,0.49318797493669164,-0.4997953498423456
2020,4320,OK,863,863,,27.543259,0.17263437328009382,0.2362621173115106,3.056534726448599,3.0705092328310206,0.010165183601177631,4.304209759950313,0.7096532074561913,0.45560452628973724,0.26797682436523473,0.38355700625585776,0.8688647419264547,90.88431176730433,158.09328269106413,0.45982948411158703,0.49303313858295783,0.5054790227502366,-0.4985670765837034,-0.5028321309992863
3630,9300,OK,707,707,,57.801037,0.9749549448694761,0.7918820643692013,3.350511357910934,3.578203558754762,0.012325472600761021,9.337296029787062,0.6583097826038522,0.15075120785821405,0.13762132798286908,0.5833311756473059,0.9873867199000983,68.1944207599115,92.59386906537712,1.7011675483152318,0.7073995677985241,0.0015044058839781018,-0.01769077179764602,-0.7065908468375466
11540,50,OK,1566,1566,,20.797157,0.1442449800723003,0.04560565538693236,0.05009310905992592,0.15936062768017567,0.012273545924973338,2.2354887956048057,2.598977728063274,0.5148724954534643,0.40509043640945297,2.4899544165624903,1.1947207548193473,-1.7009235205793574,0.9575893269428475,-0.6879024307576002,0.450927253112334,-0.5488144083323031,0.5511899584283007,-0.4377864631703876
11660,880,OK,1644,1644,,29.434023,0.012250078495904315,0.046750861979695975,0.018860926793462518,0.05187911023243125,0.006902694469127346,6.067074106170294,0.8577373731798341,0.14438802107115256,0.10380513191026064,0.8303529417744677,1.0435775099457667,11.845423508542465,-0.09839173886563984,-0.7734383020899436,0.5021671220247809,-0.5002907932468186,0.4955800925638114,-0.5019339354977523
11600,850,OK,1739,1739,,21.55051,0.00758972399811908,0.0406400195078267,0.3296028418115803,0.3321855632417426,0.009951471808979755,0.7257653795727379,2.474751668104014,0.5287502585600956,0.4369209161083618,2.3439504883173257,1.1776741216145865,8.745285247216303,0.058774980679971334,-0.7521788393489878,-0.49851081759465643,0.5013005006972835,-0.49461139246374647,0.5055139396563008
11460,710,OK,1324,1324,,23.546314,0.12087843978485846,0.0940617158184561,6.461215601935748,6.463030733199824,0.04201812244177272,1.547297586367264,1.6265595289320576,0.6693794789260208,0.33236916779325854,0.8678376644828623,0.9360343310734002,-13.12723701368441,4.752730876604512,-0.44157149180058747,-0.1733674504867388,-0.6772052186888926,0.6921471976139004,0.17963595332639223
11560,40,OK,1312,1312,,55.008488,0.006496330843092674,0.018969593073913403,0.6193715703404818,0.6196960463984317,0.008170057556645188,1.8419598792749148,2.9489482500492112,0.6774381944570793,0.4704031501462498,2.7822846053050165,1.2381083247209084,2.6052214074947915,0.293207477079162,-0.6668952181870798,-0.4832495077125871,0.5198720579837667,-0.5159600668440204,0.4795708144222074
1880,4150,OK,1296,1296,,19.642471,0.17075122253038222,0.04185631849359791,0.28610036794463256,0.3357995710710658,0.006831097803825877,0.31868188659673663,0.775703825017767,0.17685451089966508,0.12081079876663692,0.7082613507272466,0.8748374259311326,130.40236258437685,151.24079876477919,0.23804124500352944,-0.6976477686843321,-0.10182614809780324,0.10795310605130569,0.7009030983718166
1560,4680,OK,876,876,,35.392357,0.2477826819914699,0.18657897804604584,0.0017895729841956864,0.3101792628707769,0.021819395875513906,5.309340355690324,0.9268810728149932,0.20581836144592924,0.1507987455407709,0.8605971900928076,0.9861580820132813,85.61012984813134,113.84409496788444,0.25774374916777304,0.5169918975509161,-0.4834934673248235,0.5002200749381087,-0.49873171299791613
7360,2870,OK,824,824,,33.78296,0.14555252779232947,0.13701052471757974,1.2104075277061765,1.2268022682396302,0.011416898536949754,7.652966424826605,1.7320948711995783,0.3000929702631093,0.22943168300121553,1.6625129138366104,1.0718871806366312,-10.793169244777967,7.4635510211172384,-0.4769500120193544,0.029729499124468112,-0.6999571994962838,0.7131873162963869,-0.02323634285091475
3079,210,OK,1931,1931,,26.771034,0.15964154336307107,0.009540044270594053,0.9104421766710962,0.9243816267503545,0.00787687091507085,0.7973377689857961,1.575083271580504,0.5334897306538149,0.34823853760390366,1.4056479711603238,1.1570457390512563,32.4433781484178,-0.8775055901606231,-0.8395302466884416,-0.49960473367244695,0.4989590684918364,-0.4940145026604164,0.5073308873142099
7300,2870,OK,1610,1610,,29.466381,0.11257307731186272,0.10799170212272338,0.1537329760391719,0.21901765541774534,0.0039700992433358544,6.686351996672031,1.5474596611412628,0.20594601330458673,0.21304554084161986,1.4851779696324963,1.0449699842657252,-11.281356682025988,22.75642911437115,-0.903991120567537,-0.0158022722959639,0.7096218415145208,-0.7044008312050394,-0.0025688973264736885
7080,2620,OK,1677,1677,,18.54787,0.19653173010364505,0.10643582984781536,1.1518326604954767,1.1733165747559409,0.004801488637187355,5.572701181008827,1.2436789715869097,0.493404438687868,0.21794112011360323,1.0464875782054044,1.0946857074133123,-8.914998131760663,97.9251575480533,1.1361867778271562,0.006899169053666853,-0.7034207042451682,0.7107381562435282,-0.001728457448273923
11260,550,OK,1475,1475,,20.541895,0.05144514199809713,0.15462416448780952,0.3415638967357406,0.37844567698952675,0.019767089378857274,7.2743973781391835,0.9720139560392629,0.19042901782184518,0.126814723843232,0.9112259232403881,0.952093675180699,36.48039712681051,12.791595879387808,-1.1565403898204027,-0.49495439267824654,-0.4953781223004429,0.5196319129716841,0.48949294186533854
3430,9150,OK,1087,1087,,30.861727,0.07220619761328902,0.06693858218779027,0.44680775990944577,0.45752779486538064,0.008870667282332398,3.228142689732077,0.6914491179983236,0.1853540748702227,0.12276148563038802,0.5897954055766164,1.0937838578706967,68.43136550961705,43.12546464864178,-0.4557394001785184,-0.6886149282004719,-0.016769379093823148,-0.005038515388543168,0.7249157757608439
3450,9170,OK,1198,1198,,25.784794,0.07752344457712804,0.09057108042414191,0.5177892277705549,0.5313367006555514,0.013414547200819714,2.8785707317751195,0.9269123492043562,0.21786277892853345,0.10353885147626185,0.8399128072534712,1.017561016504372,68.57993045920476,48.17116832377143,-0.2560067387842485,-0.6882027467281944,-0.012775604142944296,-0.003330186934676156,0.7253982859019805
1720,4850,OK,1411,1411,,25.999283,1.0206235599420461,0.44544367998162854,5.164337985303908,5.283036943803931,0.065567134416107,1.6433601969019254,2.5444356900164578,0.2916925192264229,0.209753453912644,2.2224312365419117,1.2003579610674675,129.45392025790437,115.94271242548915,0.016500123797222932,-0.5533009665583146,0.4157836887695333,-0.43464839875972033,0.5762488472998848
9540,4810,OK,1839,1839,,29.474487,0.04156929533628939,0.07464298520596703,0.487673913105934,0.49510143110201965,0.01637107268215,6.751057458616074,0.9385871724377661,0.20970330569583506,0.09907847877723741,0.8631490127459251,1.1473834500163596,108.32056821788683,113.11260453533862,0.07785746147123045,0.5186073829352328,-0.4828939605315393,0.5012893219070327,-0.4965569665096045
11600,120,OK,1744,1744,,28.081884,0.13060595120270682,0.07072037038751315,0.4008445968201435,0.42747593625514674,0.015640610381344854,1.0364058059994588,2.037582856751191,0.518638186847981,0.41414515767379556,1.8960934844113355,1.1499563703319287,8.01791041286361,-0.09150181517610133,-0.7875483086062983,-0.49701806098277956,0.501544125759171,-0.49260999609199324,0.5086864738949065
11600,840,OK,1260,1260,,59.74343,0.17860407098026432,0.010952833432095698,0.3317419405190192,0.37692452007031724,0.017870469514939816,1.9816368767122525,1.9785650268814707,0.5133065749789942,0.37043120873269464,1.8427975269736558,1.1473979818260043,8.7479230748743,-0.09201415842725633,-0.7117833899659766,-0.4985697211557002,0.4997395313329355,-0.4919767942054873,0.5095561479691488
11180,470,OK,1533,1533,,15.565069,0.17411083022506751,0.11989792107134456,1.8477807948284395,1.8598343900508216,0.022247254872673643,3.150016871375693,2.2642765246052177,0.10168385093747967,0.07093121656444851,2.1520097111880494,1.223436237172907,56.24373454624772,12.857145381170884,-0.9554754364379431,0.5340241806605549,0.4615637331089526,-0.4791963457423374,-0.5216780204067838
2000,4340,OK,1577,1577,,17.025629,0.09142847387940822,0.11911279582357773,2.2218239084536515,2.226892117759881,0.007113759293588112,7.808626214422007,0.6603619632230655,0.3443994138386943,0.1750296341624195,0.4257710237496024,0.9746756104131493,98.26225182633019,157.90591201140208,0.13098964785334846,-0.4900138624141293,-0.50417775395517,0.5052544357239187,0.5004089949631315
1860,4100,OK,1000,1000,,34.67296,0.3272960054125324,0.19300081087388093,3.7459810486872716,3.7652019873150455,0.014020196872408516,4.843730127836885,0.9566245919040133,0.16039436105347304,0.11161865187324249,0.7480566909012021,0.9199086363452516,130.68166891145407,142.31562462921923,0.024617178638661315,-0.701289809548853,-0.0002450081986650319,-0.002666528894328271,0.7128712594975138
1660,4840,OK,1655,1655,,25.609928,0.013037772786535187,0.1478891091648269,4.321763178878144,4.3243124478274835,0.02435137049311221,7.875873032024748,1.3096597932144969,0.29448315717290185,0.1953592251066607,1.012433814594898,1.152314892911904,117.7444222466354,112.53581280625468,-0.025903803878727642,0.5071651826973486,-0.49178552059047337,0.5054432174934091,-0.49543681038759335
1820,4100,OK,1809,1809,,27.02272,0.07849454829364141,0.04186773381367326,3.678386473617546,3.6794621007069823,0.008933300502347748,6.979971851825899,0.7900314136379941,0.20983386889591354,0.15216862287287447,0.50832016789809,0.9990976503697435,130.48929495951185,130.56573078633826,0.2212556884714957,-0.7047699042616581,-0.013166260922405715,-0.006324102393073925,0.709285582363873
7220,2760,OK,1791,1791,,20.169912,0.0005949306318091818,0.004221810457305641,0.8279968005974512,0.8280077773943971,0.011810509327736342,4.588170318300868,0.38957906648369356,0.12122660964829768,0.04054329702974835,0.3136680621853607,0.975510241023165,-10.765444979922684,44.20705884154851,-0.1330867348218403,-0.011730669288196008,0.725768417733633,-0.6877818661005886,-0.008871295376758686
7260,2820,OK,1527,1527,,16.141302,0.019479754414520045,0.06016158668137572,1.4346233417175709,1.4360163682719502,0.007309438560855905,6.264443938444517,0.3767415850114533,0.21935412929818832,0.0740679536997651,0.15660153063025595,0.9541269227890243,-11.118481289859893,30.741498674773293,-0.7034023870804668,-0.010850076006705399,0.7201648465581924,-0.6935946908029301,-0.013087189249484732
1940,4270,OK,1674,1674,,15.05132,0.001088439687455811,0.0036740444464259045,1.2338721103087273,1.2338780603857333,0.020185741020340323,7.094235220806416,0.4365748733470285,0.15919701159225286,0.10859997967368873,0.37690202078959567,0.8685492361086411,117.39597545467318,157.36625734708568,0.2531975765281431,0.530795954363995,0.48089599727751836,-0.465902467193375,-0.5195474816572618
11400,630,OK,962,962,,50.85076,0.08857221406157673,0.07159274715257517,2.651186592280032,2.653631644677541,0.014181521428614228,5.175916983810628,0.6235184554509814,0.31224702382898606,0.187429881475482,0.37577619673091256,1.0386833964292257,-0.5216869277443448,15.451474732064188,-0.9109341053192691,-0.4769589943540399,-0.514049132263146,0.5267573404578761,0.4804064025364721
11560,90,OK,1663,1663,,28.20391,0.04021314983580693,0.02676402673382521,0.24590273754790815,0.25060240796983846,0.009327968957759168,1.7581435370484035,3.014197999473676,0.6788177481701334,0.5209223830883154,2.865650555200039,1.2622143751614483,1.7385552468061085,0.2970328847312187,-0.6816662949260462,-0.4808959315288192,0.5221553187588133,-0.5141718270355128,0.48137330463360145
3490,9190,OK,781,781,,27.846378,0.5221235386796683,0.1913809726848153,1.350852228501311,1.460835859909019,0.020682449824024413,6.616801121610111,0.7381339449255601,0.2066268852271537,0.12675087494902026,0.6393273550469694,1.1245836400319014,68.27878939666928,56.6509672229464,0.028541076768799578,-0.6836280524608983,-0.004385560901862894,-0.002991260676359193,0.7298112804716443
9500,4720,OK,788,788,,45.60475,0.2988169978272198,0.016575678040163702,0.8608954211991735,0.9114314442319105,0.021631324989598556,7.484361192467099,0.7005703449098399,0.22878952364063,0.1112274948276828,0.5600613491587922,1.068930318931616,97.84514903759575,113.28424926318438,0.2308965691963941,0.5163648598605163,-0.4919841455803651,0.5020846893215136,-0.48911133369377857
3610,9290,OK,767,767,,50.66885,0.3334856580929847,0.0076307948749854415,0.13610999468405627,0.3602732904851941,0.014994347605099637,7.0527656119441025,0.5471775086915844,0.11777594842508665,0.1082119362168299,0.5065710295427839,0.9393610252374847,69.23563563802531,90.45286504994068,0.9512872628134882,-0.7014163785465333,-0.01935081561667441,0.024983592070076215,0.712050861925545
9500,4780,OK,1742,1742,,18.94662,0.06751631026476285,0.17627600536264434,0.3895000458075053,0.4328301836776491,0.007375758169505611,9.208188948355316,0.8166430202050056,0.2975916112459599,0.12935477650419913,0.7230342844178601,1.1493202486351757,97.36332652954894,113.44135098216256,0.053250771433952016,0.5141031082553912,-0.4910316318924141,0.5086409748553915,-0.48566479104560906
3099,950,OK,1269,1269,,42.248642,0.13049811479853657,0.03360043531724642,0.28610600738387904,0.31625210620741284,0.007947300419583591,1.680122046106036,0.49403684609217036,0.12136958676118859,0.10720868067301526,0.45279228850828446,1.0114758064004703,40.009037891792055,-0.9671418427808826,-0.8666975129424922,-0.50216729104316,0.4961517957778078,-0.49077476413553633,0.5106873194436489
7320,2890,OK,1736,1736,,25.533737,0.17032782233738708,0.14913722617033162,0.6333776997303406,0.6726223233045977,0.010997019851155993,6.400472981097744,2.1198285353601163,0.5091038576913736,0.37295495777356047,2.000242895089251,1.109358171924453,-11.28850534330846,18.92694490517605,-0.9165625579563443,0.025546282773121015,-0.7056038216620308,0.7080043295056391,-0.014159932686400098
11620,110,OK,1150,1150,,65.69601,0.260600808086847,0.040474700277505944,0.7969138225880803,0.8394180264743055,0.013162912183253276,3.1854066386331406,1.6035712085088796,0.3287133877626066,0.2810299439974986,1.4993397920524152,1.115965224940249,11.248495661262037,-0.2076069749775698,-0.7696167077889582,-0.5024629224208121,0.50056906056844,-0.4904184073401132,0.5064103207241666
3059,200,OK,1785,1785,,29.032585,0.17892568753327895,0.0018184154913135214,0.38118056860897287,0.4210894610165582,0.013702405160308987,4.319905960125362,0.6269952933556595,0.12352536516695123,0.09204751477086859,0.6012057154383257,1.067349546235874,26.041476510354958,-0.6929309556819295,-0.7881180678555885,-0.4988887953210316,0.499964748546343,-0.4952023589259008,0.505885208153337
11660,140,OK,1769,1769,,33.99105,0.07371300422883842,0.040764387460354976,0.6024764266481824,0.6083364093527703,0.012311289784523928,2.0775164341317365,1.2366351109763571,0.3502593289013022,0.27443842273358765,1.1461717906757252,1.1671155460670686,11.226593516513883,-0.14004579826639146,-0.7828850400592506,-0.49838726953625323,0.5013822833676262,-0.4940948577787933,0.5060594895917053
3099,240,OK,1810,1810,,21.711868,0.03938948716712056,0.05144811378012593,0.08692849648651446,0.10842049442899389,0.00797258514817658,3.9714006440661844,0.5929069720956335,0.1190932044036559,0.08942262184015615,0.5530480250788212,0.9958270030949462,40.20174347269548,-0.9072295965181937,-0.8592265885934638,-0.5026480085539548,0.49587702068302286,-0.49125169706727956,0.5100222838110018
1960,4240,OK,768,768,,30.919888,0.03379716805884509,0.14053666459347702,0.3391774788192432,0.36869250711403867,0.00811900191491235,5.473105436837977,0.5685875179311233,0.10404418657504122,0.0655886074793548,0.5335549311542156,0.9240742611608662,112.77393631221608,157.5411936894685,0.26675236834450416,-0.5009734753021906,-0.4973783740678989,0.4973916128372534,0.5042240707586009
7020,2540,OK,786,786,,32.037903,0.06137416251582839,0.024556227745590006,1.001134366588916,1.003314415380843,0.013605378041239602,5.793804946148119,0.8808361471462399,0.185515291709498,0.10541044344702888,0.8117566646392511,1.061556068937204,-8.918952729837283,114.46231618904162,1.221253253289655,0.002908349484712037,-0.7035541570816365,0.7101349534371932,-0.026672785066024357
11240,510,OK,1394,1394,,21.505005,0.13760147881569101,0.08718014134124182,0.441284031507185,0.4703893498792019,0.005016833131458308,0.9220985498354141,0.7132978939451482,0.2574399792054063,0.2357976447430019,0.5830958984806411,1.1402116479918651,43.11366953236853,12.819820359777703,-0.9939632863467815,-0.4940921252812286,-0.5031779520771877,0.5151341713991244,0.4871567568405713
3490,9220,OK,1519,1519,,18.930685,0.15068607609560059,0.19908493090429766,0.140083161337774,0.28629424606974363,0.013373117431831807,2.546127848118393,0.7053930136257062,0.17827478958790732,0.08462292090116286,0.6395382043693187,1.1034156357277984,68.59759159208234,58.14026077157978,0.06045708434587796,-0.6841821846151052,-0.010061180943228658,-0.0013990067671211,0.7292403949819259
7240,2790,OK,1846,1846,,27.72277,0.04215279761376306,0.004116936840662139,1.335488418423048,1.3361598419566842,0.01626151779014862,6.119120413337899,0.4148042918059769,0.19165262590765453,0.06467940488851509,0.2988005975108994,0.9573827691199013,-10.893951007821764,36.71774395104267,-0.435870180356003,-0.010349446018746034,0.7254860499734394,-0.68803595348495,-0.013015643399279407
11280,570,OK,1433,1433,,16.306572,0.014697210783674697,0.03917558808727149,0.24813087346361584,0.2516339902966614,0.01400569659505736,8.48603300157982,0.7129392980616003,0.16195989793602172,0.05752474997644824,0.6570905341582378,1.0137774806763202,30.918928992230008,13.029247475998035,-0.9283738523458325,-0.49608750707321003,-0.5022592666663019,0.5128323715537949,0.488503605984876
2999,110,OK,1810,1810,,33.437244,0.12445270299444033,0.06137771494220169,0.15477855481870068,0.20787520344166613,0.006721143409855779,0.2705254053394472,2.6256000961872745,0.6764716388751757,0.528706889548014,2.4619647178407265,1.2661775815749958,6.851681578293283,0.01098154523281561,-0.7617808796341066,-0.5023702974183812,0.49993503994778493,-0.4922357654363595,0.5053642165106816
3199,300,OK,1009,1009,,52.696198,1.64710111012167,0.06891583383697054,7.272699046450922,7.457200740181642,0.014283017253812313,3.4029273021651987,1.9563809936636591,0.09980953319516228,0.11701317981946602,1.7845842414703927,1.2276275620330317,71.46742870756295,2.600480309754202,-0.4482059948123341,-0.5952828833216721,0.3693442024852693,-0.3684432075217144,0.6111241704808178
9460,4720,OK,1721,1721,,17.46045,0.03720131396028248,0.0877384819006862,0.9828536197648949,0.9874630204982692,0.010210659169417529,3.0658600467211854,0.7029750483766237,0.1870300149323969,0.0980256805910924,0.6047722372049682,1.0788423392227038,87.41026695525451,113.77476435202668,0.3471141705720106,0.5239992508752542,-0.47895165268754397,0.498790705150288,-0.49723026046864915
2979,40,OK,1213,1213,,49.037746,0.00849722111723672,0.003500304878033299,0.2914962155427254,0.29164104405361985,0.0076671575249845315,1.358596321595333,2.796429718119448,0.6638027906410979,0.44715415750159515,2.638757919533459,1.2316089494296805,1.7937027435726565,0.3427470697407701,-0.6636124372655023,-0.4826195058200404,0.5176520598850533,-0.5154684189748483,0.48312220662928673
1720,4840,OK,1052,1052,,28.727787,0.15672030335898623,0.2996856411820874,4.772939954692288,4.784906325949723,0.05630879699948987,3.6647383572162733,2.579497150048365,0.2173626802633133,0.16635040856009609,2.4055403305836274,1.2860735090652513,129.31263571980645,114.94235388084398,0.15543582001147294,-0.5571707576533002,0.41224218789011313,-0.4336274886780193,0.5758335926310781
3099,210,OK,971,971,,60.232258,0.21693220992626194,0.019446446387775894,0.7556035828497683,0.7863679306762268,0.010429536535936052,6.212937765140838,0.6300648887774896,0.18762877663614996,0.15364355677072217,0.5480440032921088,1.0303237814135986,39.54029710997402,-1.0283289702183516,-0.8212284988631667,-0.49999424182749364,0.4966585814920064,-0.4897108367057935,0.5133413172369913
3510,9220,OK,1337,1337,,24.123114,0.02401695287284694,0.09158537640222013,0.037157241929191454,0.10171212230514785,0.0115651298334966,2.313221350393977,1.6272034639119566,0.43831129844915906,0.2547481422150786,1.5096468499984796,1.174178335535718,68.78879947004218,62.79354266948374,0.40536055481182065,-0.6859042382901702,-0.01489774159491049,0.00043604233752860265,0.7275391694321568
3199,1080,OK,1348,1348,,25.24327,0.5078807253310132,0.11748715415480493,5.835493529195292,5.858731158863177,0.05784724402685948,2.5667911653810638,1.5905179129258116,0.49492517215153153,0.22092400093699793,1.0117004620298218,1.1784869523902521,69.09305596949501,4.093472810175001,-0.5010165596545979,-0.6080586695568343,0.3616358819653179,-0.3409726389375301,0.6190491117414807
11640,120,OK,1232,1232,,55.244064,0.09138357474457466,0.017193256525446753,0.7525798470960248,0.7583027047677748,0.01102496900851067,2.0815029049886054,1.4211669016305357,0.27057640780991554,0.23278800244174436,1.3345806929205604,1.054824500687116,12.278972613371147,-0.09850512633409378,-0.7664531278010944,-0.5027040463948975,0.5030777424037303,-0.4915220254271933,0.5026007613962716
3019,160,OK,1748,1748,,38.22632,0.04542751124642744,0.03671524920318139,0.9660306833698042,0.9677948902086779,0.012595703477844427,5.738509482484092,0.9672587342221991,0.2476392686055484,0.12244258563709609,0.9079067224123305,1.1311843251285687,12.082005919897547,0.06370680721042901,-0.856641216952022,-0.4953354456170746,0.4974125518433437,-0.4992006524640548,0.5079589138537571
1700,4840,OK,1653,1653,,23.753506,0.1812046931162611,0.099032755888116,0.30495163924001295,0.3682908223419701,0.012339022228772464,0.28354195456067044,1.42771005224828,0.27748766008208214,0.2385308762663727,1.3700526752235387,1.3847840164421532,121.69621584289546,112.94491665736041,0.06226343249421334,-0.5253935471203574,0.465255570913074,-0.47769787563937244,0.5284918296324634
3250,9030,OK,1777,1777,,18.848106,0.04328252581314557,0.11818121709482471,2.0673850274372594,2.071212453802491,0.0059441227976709966,1.8849319792725572,0.9957296473538577,0.5072192566722338,0.2624115253085404,0.6218476673683142,1.0437692736369006,68.71754688972136,11.49254056275316,-0.8381754967122703,0.7111822080620008,-0.04042665962513374,0.04075695371019248,-0.7006599909027742
11380,610,OK,847,847,,47.979103,0.4624134416849665,0.3752839566793315,4.337788569477291,4.378478492887646,0.024145822367960798,7.480685205783046,0.49105833204997024,0.16053287669132965,0.07719378023896883,0.3784473259134886,0.9929485429807687,4.852004820727629,14.850740480706627,-1.2096107244908605,-0.500963694872073,-0.4867520972493463,0.49951874380280537,0.5124341878067376
2999,90,OK,1053,1053,,73.39063,0.2653961822833735,0.0854397673562663,1.447494210095986,1.4741012772797821,0.010988032725647799,3.2889161582724507,1.415377745203772,0.43824291935770987,0.3546885788976042,1.2874505598324943,1.162601918034344,5.563399823721867,-0.1271434415723862,-0.6297098257280385,-0.5044306844878389,0.4991284607204843,-0.4913349609272561,0.5049855645625346
9420,4670,OK,960,960,,23.424034,1.2143919072689597,0.2825311095576314,3.161954168093592,3.3989006595416478,0.02611538252249,0.8021628325762836,2.4648211608003114,0.34921941234334497,0.14527261148003756,2.0310013947965233,1.154109605188955,81.39992416197887,113.08712056423738,0.3703013649316211,0.5846449291958733,-0.3948221083683582,0.41735444342640615,-0.5728185385105403
11400,660,OK,1819,1819,,17.763668,0.25168608016398863,0.08670755108550958,1.4279101241441734,1.4525121014976048,0.018229701864796687,1.069859455299818,0.6875465306833928,0.17198621903726918,0.0868312659725663,0.6189780310631967,1.011725898250555,-1.7290053291519851,15.175948677245245,-0.7586982530584172,-0.48699588557271717,-0.505093450085607,0.523034278602562,0.4838912662185182
11220,510,OK,1565,1565,,19.76345,0.0586040058306716,0.12448729337358562,0.5080921474883651,0.5263925778829154,0.021950226112974633,4.558619249485413,0.4640514430234293,0.13884689677357373,0.09007635664043656,0.3939938228474178,1.1009783751435167,48.65653132892391,12.955372019335508,-1.0443110942093368,-0.4985270986057167,-0.49492111369407615,0.5236735381665815,0.4819645719341572
3099,930,OK,884,884,,58.430042,0.32515673261928657,0.09944991719763609,0.7901786510943571,0.8602322287868345,0.013653057609252603,7.606970092258355,0.6825073322177868,0.090295598076229,0.09142892331489527,0.641763824625051,0.9934841715995851,41.09486169649349,-1.0502564215652939,-0.7762239599825597,-0.5041832959463652,0.4953387946363536,-0.48897536225670657,0.511215979526058
3430,9160,OK,1552,1552,,22.76799,0.0973999318835419,0.14665886373394094,0.6452209089058971,0.6688090836195343,0.010820480496490002,0.46726325045017963,0.6979917855937325,0.20893645740235423,0.10417560818636534,0.5446936363897379,1.0602137053842378,68.28782695062449,42.930352689913846,-0.5624065340849698,-0.6867205595102076,-0.015132756722260427,-0.0058349868838705925,0.7267405491288054
7060,2590,OK,1864,1864,,16.07431,0.04821370937634101,0.067750399312874,0.6065331522856194,0.6122067814067487,0.004752656935638747,1.1836252614919078,0.9536315389643191,0.2491124867611405,0.17870367303742274,0.8382702921274081,0.9788485428663762,-8.90109357268658,102.31477383250537,1.2104452997259323,0.0036067733138885347,-0.7042954655299527,0.709828138635124,-0.009944949572754835
2040,4370,OK,1454,1454,,17.011127,0.03533306680565712,0.16322876237810113,0.6174060554968857,0.6395954126176978,0.01145009628034318,3.1355733265021706,1.0897296595624577,0.14270244350607197,0.12045951938167154,1.0549604681362252,1.2449673838365365,87.30536936735129,158.0315330662577,0.1096036527655075,-0.49414982653852957,-0.5026900582872673,0.5100701993743847,0.49289658747171317
11660,870,OK,1644,1644,,27.71537,0.10340498536331988,0.0030044726875945297,0.11583197152640734,0.1553018463567428,0.015383094604930824,3.186045299245091,1.4156653727065105,0.23813981587626332,0.20982553951730631,1.3388204833878046,1.07856925983275,11.943360392538425,-0.18210882538247503,-0.7237437727254985,-0.5007337182721135,0.5030010298544934,-0.4908494005611428,0.505294541153444
7320,2860,OK,1500,1500,,29.29981,0.047778322892652714,0.12211293082200807,0.987011928593778,0.9956841282248021,0.011494320898411774,0.5185022145779448,1.2777729824175732,0.0614262611537395,0.12578574549469623,1.2341210199425614,0.9923175657438962,-11.379374623072874,17.290044577083076,-0.908962307502415,0.020537763786474008,-0.7036740295889513,0.7101171095040405,-0.012439900736144208
2060,4360,OK,940,940,,26.342653,0.062188025221043025,0.03762572161441228,0.3444497058005016,0.3520350056939657,0.018120157364481464,4.614326962809091,1.2114239244761211,0.2561252521105999,0.19041687256322803,1.1621935262190908,1.2184999483641776,82.40251559767611,158.02635773725515,0.3217787255952602,-0.489328977413514,-0.5102037558631612,0.5185605912656267,0.48098252832385924
11500,760,OK,1485,1485,,16.345327,0.019691674851903485,0.025366243391987967,3.0668138650882226,3.066981984208524,0.013495579278820063,0.8944791295961538,1.3864791696972292,0.41127221873714426,0.1982628430658926,1.0446247326919345,0.8090210498584288,-6.788123526088231,1.0499032835166542,-0.6585923488132062,-0.18585265255997138,0.6855183927402384,-0.6786544271948979,0.1869531845142738
9580,4830,OK,1839,1839,,23.404745,0.5769731663506649,0.2593421064014072,2.7292147120914265,2.801565510127814,0.012990053768895225,2.4823705342409665,1.250028864657691,0.20206291527459774,0.10840292120237893,1.0665714861167368,1.1658940091435694,119.5847365951494,113.13261449081143,-0.0428293244050693,0.48572087810875153,-0.5032299512189845,0.530743857044086,-0.4786917619673107
1760,4890,OK,1460,1460,,26.157358,0.2788275579326309,0.21153679988624735,3.404615710242836,3.422557634167921,0.025852033744272765,1.1865075987533287,2.2490943204958795,0.18600976548558046,0.15263678242647205,2.1621939813379285,1.0767997237114733,130.54388116754416,122.2875975385083,0.4671100831098451,0.6946497318163872,-0.15393339686652222,0.15672845015924905,-0.6849835416469763
11260,530,OK,1850,1850,,18.073105,0.20603539199049978,0.040546961693876955,0.9229640770227774,0.9465502238813274,0.012993232013684703,0.03426294124126276,1.4428222267418227,0.5256047269151596,0.3335562120819908,1.2421886899046193,1.1491963083422154,37.75208893658797,12.721591502726806,-0.9681481361148405,-0.4953801244107454,-0.5001933169792363,0.5118938489062964,0.49231074073190934
11380,660,OK,1553,1553,,20.515862,0.0006587442559101986,0.02861690261531441,0.35185430439679877,0.3530167313058182,0.004114566947648284,4.795961459978352,0.4192077405216649,0.10051558036388752,0.08276340703217011,0.3576714534054082,1.0144587352925933,0.8873925025435652,15.420039779942575,-0.848025868660644,0.507264376684249,0.48783292368912834,-0.5005023611569358,-0.504181789822272
11620,130,OK,1820,1820,,20.317703,0.05954554604291339,0.05137316836571274,0.7997940079047512,0.8036512487154026,0.008362671137395377,1.2251845048248688,1.8634934702484465,0.6218766401905657,0.4761136664302774,1.7002761614246351,1.1679074120725845,9.647153116830163,-0.06276778548999871,-0.7629889679778123,-0.5012811922251695,0.503730944733379,-0.49181195423075535,0.5030837935325043
3099,970,OK,1596,1596,,17.068024,0.014706767479042038,0.05371914782248508,0.1417858269027148,0.15233271665319703,0.008446535880978875,4.556663901693509,0.3724027229160629,0.08585411911363776,0.05133413191254549,0.34229965635532267,0.9890867657165586,40.43178787500207,-0.8770639811826504,-0.8606045647501843,-0.5031177047760267,0.49486326803202,-0.4926791784116192,0.5091661303083931
11340,620,OK,1550,1550,,27.377773,0.1148649721539926,0.057723770504729086,2.8176738889635278,2.820604924489793,0.027207488423257035,6.553036553349677,0.6342888718748622,0.1396357332708844,0.09158123403890434,0.5201412868724207,1.0580151877368738,14.142103035234303,14.137124991986301,-0.9614229242161549,0.5247025039923726,0.46510843383981265,-0.4988447884814665,-0.509426446192276
2979,20,OK,1336,1336,,47.565617,0.03140598532887204,0.002253534534213443,0.08295180605636787,0.08872663895576959,0.005758965840610153,1.4065470778137754,2.5485042728037004,0.6315566297196149,0.4138577893404447,2.394070278976896,1.218290552614405,1.5827810381459917,0.31933966394858926,-0.6666821063269212,-0.4817817050116747,0.5177769533980541,-0.5146196501002623,0.4847267590886196
3330,9060,OK,721,721,,40.37089,0.0414381310813795,0.222837708012796,0.6317953974701958,0.6712221592620705,0.014028844946799394,7.039421855973628,0.5921247194985321,0.24023703832746857,0.10610580771714895,0.46636427833188066,1.0627419833713698,68.24290020916206,25.98328756568391,-0.9784393835233591,-0.6866512524281463,-0.0243692968838341,0.011241091210539822,0.726491454028636
3390,9110,OK,934,934,,35.640854,0.01958182016420501,0.12023569483000199,0.6680284822683644,0.6790450081651224,0.01610620271396727,4.702498886890554,1.0076261510402602,0.25345963841776253,0.1347563609235315,0.9132671814134978,1.1069089076417813,68.30822272379761,33.96889224603413,-0.7947049843949268,-0.6884403566306743,-0.022492755984553126,0.0072643334325091435,0.7249077049874907
2040,4350,OK,1127,1127,,24.933754,0.046940316450345326,0.060068757303347375,0.8877135622738836,0.8909809299628222,0.014931170716567925,2.0893874051625767,2.0102479526704924,0.3487954314063637,0.23605991451387354,1.9448403186905656,1.3009065126185182,87.03446885283883,158.09143407793854,0.3275010929006336,-0.49632259938290857,-0.5049986613807088,0.5092229299848285,0.4892159409945177
3370,9100,OK,1003,1003,,29.51809,0.06385983266131301,0.21085141762614434,0.07926089072384146,0.23413390899402498,0.007116320764408881,3.3886085687326855,0.7284630020636941,0.19628893782837342,0.10525497717061494,0.6400739965110542,1.0038197545737677,68.34442837556155,31.177959485437533,-1.0009998363348853,-0.6957207932291495,-0.025821494793763847,0.004775537022920658,0.7178321687702225
11200,450,OK,807,807,,50.954014,0.08527919519877214,0.05185589326325099,0.023735976543033388,0.10259128316933848,0.021156300389496764,6.234529451422825,0.8131415271588551,0.11933942800532793,0.11278681206706159,0.7783972785994226,1.1472354664477036,53.26909781436175,12.902255266306591,-0.831911303555329,-0.5071480755469872,-0.4871958046554819,0.5164383782359805,0.48860257764370757
7000,2530,OK,1058,1058,,35.936874,0.1914906888925353,0.02080518010159557,0.5654229656891112,0.5973312896377247,0.025197034284146796,4.30758611969898,0.7691203935640283,0.18398709116534878,0.140311835447414,0.6443918723188826,1.1050469964758438,-8.98561406909713,119.05259476032042,1.1663038411573832,-0.00036604057046337916,-0.6994931101390173,0.7141064739128498,-0.02758983142575739
11580,0,OK,1032,1032,,72.46442,0.17340765321210835,0.10101073751677539,0.10020320245596981,0.22430796924907906,0.009558967374107882,5.40892528647401,1.1707504304366845,0.36372824500750744,0.2835926753402811,1.0672461035128733,1.1204557856364816,5.577134558574018,0.04776097293886311,-0.6269879647556297,0.5049060760228998,-0.5040138940919775,0.4967701817330378,-0.4942258952122229
11580,110,OK,1764,1764,,31.608566,0.2375087224742059,0.028269211879397745,0.5201522688589195,0.5725101958836133,0.018402178560150417,1.7912839948287358,1.968066220065048,0.5177044122230758,0.42184405131033187,1.8301529546704778,1.2105458956839026,4.954467674045422,-0.08462094505470806,-0.7096651974850748,-0.5029511085657844,0.5054015401656768,-0.4923088430155954,0.49924089243496067
1840,4950,OK,779,779,,44.012386,0.20891798764267538,0.4689501532558198,4.630316002748398,4.658689435571684,0.014925928105264543,6.646920277377983,1.109636567581794,0.1810717091892431,0.07844830241888023,0.879466716016363,0.8721578391976664,130.46696706766684,135.71170704441528,-0.25420564506089305,-0.6986506778481905,-0.0077817462185111735,-0.015997282361872475,0.7152417505466868
11620,150,OK,1836,1836,,31.517513,0.028977106982134987,0.043069352413322146,0.5675312009023132,0.5699002595577395,0.005067753725161691,5.792149822762562,1.223907964280432,0.2654323927391903,0.1871368587994373,1.161902984600558,1.1254808185771004,9.878308261478674,9.97005067597534e-05,-0.7572246506368274,0.5039096652125535,-0.49995658094440437,0.4939395185589551,-0.5021376489385164
1780,4900,OK,902,902,,48.39811,0.16037710548694856,0.16367944890400066,3.44630612849445,3.453916285791579,0.015177288252963902,3.511598400512845,1.7753031001740727,0.1358450239990172,0.12996303644186336,1.6442342427206196,1.0438249027332605,130.70750228815234,126.82584515650046,0.46284413531576185,-0.7040482142708208,0.03651606147019965,-0.046440970448955676,0.7076905577302358
3139,980,OK,1021,1021,,55.92576,0.053745045463779895,0.1162254461434368,0.14451456030758436,0.1930837703796959,0.010578700415609744,4.790051878245262,0.5443040051132038,0.0935011136830386,0.09214894283396857,0.5153300647735497,1.0028846745129345,52.65967910736633,-1.0896220118991997,-0.844158132063641,-0.503160765438829,0.49191162377546593,-0.495901147931319,0.5088558243726768
3019,850,OK,1082,1082,,69.12378,0.08677675682394904,0.021529071052889683,0.3977402416850846,0.4076653115988564,0.008098934890240042,3.9617476678194548,1.7422789439361583,0.4558377861325025,0.3406207450770662,1.6229045729908993,1.122204109193629,13.444743002176661,-0.05429190361162872,-0.7355573784809473,-0.5034319042707857,0.4970537277443091,-0.49522211384887915,0.5042310655372438
11300,590,OK,1533,1533,,23.514776,0.07941855721508306,0.1947220941365067,1.081478018958924,1.1017344084062868,0.017298086900331737,9.369014748031377,0.4619956748750792,0.156949209086632,0.08237758346277546,0.3930212421763244,1.0984790210371107,25.301359595742362,13.131888894464705,-1.2686957164291854,-0.5062736159992658,-0.483281700631642,0.5062931467226813,0.5037787938761036
1660,4830,OK,1691,1691,,24.852152,0.1030080460686432,0.14996052590203862,2.0494664060569425,2.057525544541223,0.003727001976579256,5.822249917900168,0.8590260976740363,0.1863867260335943,0.08162112803208793,0.6958812000812671,1.129065202776487,115.47338369191505,112.71818678169771,-0.010266551410593489,0.5076174552050743,-0.4941501335886715,0.5117354292309401,-0.4860730553273326
1740,4890,OK,1336,1336,,20.318754,0.3114629976739199,0.011957052550653158,2.1676773247677006,2.1899719528655566,0.028047293348727624,2.8068592284659024,2.3821420056281535,0.22201776513571225,0.14655721977971892,2.3081046006397763,1.1144950112059182,128.86364756499907,117.40982985561412,0.3699459748328546,-0.6441182334874229,0.2846067126018034,-0.27634944084214697,0.6540196533570447
11440,710,OK,1578,1578,,29.191105,0.9494218279157429,0.3885467478340541,8.123439617835,8.187957108289378,0.10192432783734377,2.439958638690713,1.5848945016358549,0.6038138552950836,0.2822009628140046,1.0737717524882555,0.9906040645944217,-14.990354235690212,8.372592842173487,-0.8784427958732173,-0.28976799368365763,-0.6305605837926862,0.6664455225663569,0.27254031895268244
2939,790,OK,1465,1465,,16.601452,0.13995682309852353,0.047364741166966505,0.5733627359746074,0.5920947204982767,0.012990670592316823,3.5674944362558563,0.5109712887126272,0.13424912040047898,0.06364714771559377,0.4508967488489075,0.8888798229191083,-6.905720715492196,2.6625187305319935,-0.6319515827058901,-0.2990359436690719,0.6452896819673682,-0.6401468791465086,0.29050078116828865
9480,4760,OK,1693,1693,,18.896868,0.015953696340185702,0.20152915187238066,1.1750157702073363,1.1922795728004634,0.015708530031594177,8.807486307884322,0.849940828442673,0.2377402872981098,0.10583668627255616,0.7677301473289848,1.1017277009529007,92.68733480016411,113.55723680519036,0.10340986302000012,0.5147638845061363,-0.4888000009299041,0.5030710050342311,-0.49296274320979633
3370,9110,OK,1506,1506,,23.30645,0.10442677521176161,0.045894835155647365,0.1840111957909879,0.21649805415181245,0.006173088467006474,1.178940799046131,0.9284038424160823,0.2055879820251164,0.11443374772594117,0.8318107009101636,1.094920683791723,68.20698408137478,30.90143888681826,-0.8335748510979873,-0.6930922896940689,-0.023083879887108777,0.00016984278115305716,0.720479134749522
11140,410,OK,1369,1369,,15.685874,0.2771755926154853,0.0602365894282358,0.7385629712560473,0.7911573916473589,0.017415434370745605,2.7324197405256596,2.2082778083740564,0.14104683296692277,0.10276469779123532,2.1551625796861114,1.2100957717146152,66.14877205909251,10.55097829677729,-0.62834521905198,0.6373699913455295,0.3206684577434074,-0.33569889870830233,-0.615010149303812
11180,440,OK,1023,1023,,28.754362,0.022483689101608695,0.0394855530648067,0.6857453326499945,0.6872490716091969,0.014897125795367798,3.308667280996453,1.3617256103510842,0.18677137649216635,0.11304326793308567,1.330921160694769,1.229082849728667,57.409801457181956,12.796831088384941,-0.8304625618487002,0.5408232997561139,0.45500628610024996,-0.47892862290683386,-0.5206791835773059
3159,1030,OK,1804,1804,,27.814507,0.11825056041337259,0.1967773468646131,0.2708321821260713,0.35504167382480945,0.01577939939794812,2.025356914884951,0.8585118627609413,0.2042350799248509,0.17949326097517693,0.8059663658997085,1.1813636229694329,57.37450897843806,-1.1238750638005937,-0.9373656113962833,-0.5073933841131654,0.48387628196809934,-0.4867914161558568,0.521008459301664
7360,2880,OK,974,974,,31.07531,0.28010744476734006,0.020377949370492424,0.541627520780164,0.6101113117301643,0.011811285056564192,5.539606684976887,1.6412896406026367,0.368465225037234,0.2908338387273173,1.5538859289040916,1.0828882358822947,-10.694778831826936,8.14085468412165,-0.5996325592673195,0.03021188406348555,-0.699779833643312,0.7133119817533438,-0.02411313282405281
1780,4930,OK,1854,1854,,20.482727,0.1021951359732815,0.04485481048880317,1.2647677842457092,1.2696823807182585,0.007059694489951749,4.0671326860259,1.62255343390274,0.16677916712533092,0.10038211722926338,1.437587592793209,1.088330173383956,130.12173808365472,124.69881388029359,0.256260971807284,-0.7041443646563426,0.03421661264812847,-0.03879613648419346,0.7081700339152338
3410,9170,OK,1841,1841,,21.279095,0.08851371829334631,0.12635290833107196,0.5478478376906732,0.5691546266456774,0.009757566208224246,6.989945537098342,0.8484451364386411,0.24836432586438484,0.11495459060567281,0.747830119301705,1.0479867683847772,68.22901913245164,39.38382738610007,-0.6950642770080343,-0.6869799707488438,-0.022924212971649455,0.0008382755946400087,0.7263141865223175
1900,4200,OK,1424,1424,,14.830194,0.06850197447337489,0.10521075740168584,3.293844475249645,3.2962362250167074,0.061254526863682206,2.1771854527185073,1.3238053944841823,0.6468832830954643,0.3613389252016559,0.8697716197035454,0.863870738969196,125.22910634005004,156.66878603616448,0.10177642923930784,0.6471149808299971,0.2951694848945237,-0.2899501991474149,-0.6403483886033201
7320,2880,OK,1708,1708,,28.773262,0.018490499920099213,0.1338964493899549,0.5074131276854601,0.5251078364432138,0.007771357404626113,4.246464001055851,2.1860383543272617,0.2960477184265651,0.2965535313242318,2.1248973139168035,1.0663931833650067,-11.352454400440946,17.777721248211712,-0.9138995577620973,0.025323099562820455,-0.7051054619358624,0.7085359289072662,-0.012722642188752442
7040,2570,OK,1800,1800,,20.185465,0.11464251441268034,0.007639695003747823,0.5908249780198522,0.6018932012431863,0.0032438187726053424,0.4669329285400276,1.1782295763854984,0.38804603907690494,0.25554487823690186,1.0001304729916791,0.9621311713981823,-8.763152244401908,107.84969336484589,1.2547536718701227,0.0014691611799217642,-0.703230846919279,0.7107539862342722,-0.017116908561798032
11540,40,OK,1488,1488,,20.878176,0.16054500628070284,0.029225072077902477,0.02056367694983474,0.16447391492065444,0.014975512804626034,2.0563409204967047,2.812629480629979,0.5757869641969049,0.43704874385191195,2.691005955547812,1.2126976094261064,-1.7267670201210645,0.9779588887372155,-0.6729169103853556,0.45218889150300073,-0.5481466296904911,0.5515042075861265,-0.4369251512273492
1660,4820,OK,1947,1947,,28.661491,0.024725539546645303,0.13341057301481699,0.9811300576749256,0.9904675276712596,0.009877714750942729,3.5235332062619173,0.8403802776127092,0.15662234902667516,0.11014841627458605,0.7641338146762013,1.232797746155347,114.40391666455594,112.65469183735546,0.0034995752577307443,0.5054271327402068,-0.4952557521375425,0.5096004394623261,-0.4894614852718184
3099,220,OK,1212,1212,,48.115383,0.11924512254604352,0.012287194645277798,0.36061269198393164,0.3800156418138204,0.007699214714381002,2.826878388418035,0.7567698659275255,0.2170165600120817,0.1729244190936443,0.686443065143842,1.0555098411826387,39.9306285998735,-0.9548246435849564,-0.8396744978979256,-0.498770184267396,0.4967551372471861,-0.49132578765570506,0.5128953180610039
9560,4780,OK,820,820,,39.860695,0.1013241176921403,0.17458233825115754,0.7842788071361637,0.8098387598641202,0.012875248998317624,6.539398127329087,0.6464365010504014,0.1982890715599981,0.13900027323441466,0.5349675213973999,1.1010463271557502,111.94566276930735,113.23759247611687,0.27240364101320774,0.5097291348679792,-0.4921621971260907,0.509220184790132,-0.48851549022427576
3310,9090,OK,1777,1777,,19.308283,0.024896650693909034,0.0944560226060066,1.429339175030267,1.4326731171828853,0.007332664374875103,3.2768448552586076,1.151240713057347,0.38705421293962,0.2067639116382105,0.9526267675355626,1.091566888848338,68.31744656892002,23.430705717429905,-1.0275517086663877,-0.7036317789162945,-0.027063706426097726,0.013987324547935762,0.7099114242252788
3350,9120,OK,1852,1852,,18.804012,0.014449949840968115,0.13008648377592286,1.3103177119762863,1.316838562858166,0.006736903321968343,4.019049133835251,0.876408649048726,0.32757861210526196,0.15567280129309014,0.7208348381346639,1.0270294130719564,68.26661575585203,29.575468402833145,-0.976830746573639,-0.70395049534711,-0.027865588024042338,0.004370146845693737,0.7096887422815582
1840,4960,OK,1135,1135,,34.65523,0.6173626994923185,0.6361370555349464,3.906301982636071,4.005621329543722,0.017398811630067602,3.2427514508024413,0.976869771673094,0.1772191923004378,0.07701840548260996,0.8102077862115262,0.9063480761335876,130.06801699740242,136.44675620320757,-0.4661795710173786,-0.697914724088818,-0.003967834539932448,-0.01387879374448102,0.7160353854896355
3430,9170,OK,1860,1860,,20.198324,0.07134629094065564,0.08198960090086982,0.019332964821191734,0.11039180864380306,0.00623522639662565,2.2618509813642516,0.9784054928027585,0.22033982543057284,0.10756208716045723,0.9151049337886565,1.0175610218977436,68.31692628959392,43.55127201394456,-0.47463624499615886,-0.6887885663760943,-0.01686532631846831,-0.006829651785284482,0.7247339011349119
1820,4930,OK,754,754,,49.86827,0.24483637944175152,1.4431323365779378,2.0788314696268566,2.5424626000564885,0.029315141803503857,6.783893329400375,0.8511632418486375,0.2095237957155558,0.17067948357772833,0.7354965450582354,1.1037752736529947,130.71296498156505,132.21570134504213,-1.096346889357955,-0.6961944120696045,-0.013260791989440007,-0.004581968282161509,0.7177161678306626
11660,860,OK,1749,1749,,26.159567,0.05164635287932297,0.059468234618220914,0.3542852610602003,0.3629350670558545,0.015997668694841274,0.37124314995046503,1.8743711943626085,0.5613937617830222,0.4358335452086992,1.708481329706042,1.1707790175003743,11.472388218877658,-0.1056673913031518,-0.7869292131896827,-0.5008867067036457,0.502399220879005,-0.4907987507542655,0.5057905852878217
3290,9060,OK,1869,1869,,15.745957,0.02882694941919489,0.10636155547773099,0.5104732470665125,0.5222324285862455,0.005834183831251773,0.3300568139816712,0.5466790326558348,0.15056936424410305,0.08818180635088846,0.4664416155777502,1.0876743736228165,68.50221344352649,18.582789481951313,-0.9970579397603224,0.7111939987285367,0.02557118392222668,-0.01603185724273743,-0.7023476278017021
2999,120,OK,1833,1833,,27.123106,0.06604491722284049,0.0683432155540877,0.6000070965502102,0.6074876477047559,0.010693565314869284,2.4443201444523233,1.486332497667323,0.35431018973797734,0.3066249063857587,1.3962432331099022,1.1093064920327669,6.405320546254151,0.04994385401815914,-0.7450597814417271,-0.5025916165023269,0.5015803293347318,-0.4903205257158758,0.5053757239002948
2020,4330,OK,1298,1298,,19.720135,0.027628717009693382,0.06676798378236123,1.2437593352717229,1.2458565702911075,0.01783461295142638,1.5601399057025767,0.8720064610022479,0.4539248225814907,0.2536327803020306,0.6790724178387553,0.8736378474591668,92.69675329301654,157.97270647823902,0.19667601313941468,-0.48706403590235486,-0.5070187008820126,0.49636438828106316,0.5092377204536128
11600,130,OK,1707,1707,,36.703487,0.07299642743878319,0.07156465047188675,0.7463880291313032,0.7533558705197033,0.013550974558692643,3.265471434947428,1.4484301378015068,0.37794690223313787,0.2909487928933312,1.3600113851509383,1.1146188219247959,7.671728677332089,-0.053975462243418273,-0.7968892416091928,-0.49583471741879254,0.5005935868466712,-0.4942901650679483,0.5091475488768565
3290,9080,OK,1811,1811,,14.673978,0.0006567806033611068,0.14273226198066674,0.4329851847265145,0.45590470513423365,0.008996339094661557,4.926058758362508,0.5895998060307656,0.18508943647692666,0.09314456603990928,0.4899975070293401,1.0616467747300056,68.50312680895631,18.50479039981625,-1.048950706008787,0.710797443717121,0.026040362987862824,-0.01766026646167081,-0.7026926842433822
11640,140,OK,1579,1579,,15.300669,0.046329869599321935,0.072174597902929,0.6423173663296775,0.6480179229683641,0.011988672825791604,2.3788224329473064,1.223093229419979,0.3587985475125193,0.26669830721149634,1.131968737008819,1.185571431707843,10.88345207158979,-0.09055814687481026,-0.8141616537121813,-0.4979560981581033,0.5020767265921486,-0.49431010305861633,0.5055850145483454
11420,650,OK,1100,1100,,50.833576,0.4771532065420256,0.23968605955286512,1.3095910371527006,1.4142677519649534,0.008198243093562822,3.623975704962453,0.39678399032126865,0.1168146904221472,0.08562711157315767,0.36187149173220057,1.0303116226878641,-4.605942052297585,14.609667414657167,-0.5637952093796746,-0.4228415116358999,-0.5625782767318155,0.575882030218625,0.416017578785083
2020,4310,OK,780,780,,36.893158,0.011278019708453484,0.3652608947389575,3.6073320981592163,3.62579475168739,0.016006582977114676,6.991074607054168,1.1080459347790317,0.2525132962777974,0.12793219993174754,0.9553056079367064,0.9698559978052201,90.33561136511663,157.9835855401714,0.5905476553414486,-0.49770653911807056,-0.49949716308378816,0.5009772050598792,0.5018093512488102
1540,4720,OK,1506,1506,,18.97295,0.1799152509019677,0.1395907162810487,1.2453704248980424,1.2660183888039325,0.024593490470379488,8.254742241555967,0.9914095724593444,0.1903006771357556,0.10303491027910372,0.8385464246344663,1.088972460375961,82.44589848658171,113.91681495849782,0.38516391697249974,0.5713148473011346,-0.44392161775616534,0.4517334505210348,-0.5219864291553853
3119,1000,OK,1799,1799,,33.32583,0.009434576789790157,0.03763915913760263,0.3333944215537521,0.3356449878412445,0.010026616736958134,6.300935581673467,0.3635638421422194,0.07595176505409879,0.049437951021100934,0.3256202913416981,0.9670080763577243,46.48220130307455,-1.0386010260098582,-0.8256733835193792,-0.5042863076469845,0.495327714648948,-0.49169802847295485,0.5085064638883467
9520,4790,OK,1794,1794,,25.947155,0.10032200936551644,0.07338211875772495,0.7507104649352412,0.7609307741705507,0.017730699335012163,6.6198926040283785,0.9322078843703209,0.34066095483379977,0.14873019226217532,0.8110083738693712,1.1170143046222727,103.22504402265926,113.12467208245917,0.10528366979968283,0.5172400687970915,-0.487222183809901,0.501104668191998,-0.49393457699423987
3690,9380,OK,1457,1457,,16.80198,0.34658249807615965,0.2120922152154158,3.149786381422685,3.1758867713323014,0.028199674512431157,1.329825802754754,2.927912561676933,0.21805396120432197,0.0920284090060206,2.710534815512677,1.0878555475417682,71.37983926681919,110.74702769158615,0.6359016155540644,0.7015310773354921,-0.09625736902883525,0.09032405314126381,-0.7003072410480163
2999,70,OK,1010,1010,,76.06158,0.15140057908461735,0.06571712805658099,1.721584820290201,1.7294782940877882,0.008741465377124988,5.613688698205899,1.2830717939026688,0.38602282178735137,0.30017132843643735,1.1824541580699428,1.132056492045778,5.287103548034278,-0.001544599897488036,-0.6520232567543458,-0.5030031537397639,0.49917587323729135,-0.49167658450426643,0.5060290615724143
3590,9290,OK,1348,1348,,22.452904,0.06933964680745364,0.01913627774061944,0.662840228039139,0.6667318438863756,0.008156617045053568,1.3529506210090116,0.7447929369432198,0.13279589882431186,0.0724534316371453,0.6455241746727176,0.8768495132427789,69.07723557972349,85.25969562237145,0.9013260484024705,-0.7058004268274478,-0.01741090136110198,0.007311379411996952,0.708158994672157
11640,110,OK,1002,1002,,69.66528,0.140273187152823,0.04988048734379224,1.2196659594709498,1.2287187158759558,0.008963082119472273,4.262864974825472,1.4883108868376858,0.24353584224826064,0.23264467497498176,1.4145520338241422,1.0938872544928693,12.747303645156283,-0.13122094482745073,-0.7074146783701909,0.5046181967639574,-0.5004357698008812,0.4946220242599707,-0.5002734941164284
11420,630,OK,794,794,,58.716496,0.04590218876244134,0.11219361718964108,0.3645521723904208,0.38417796015109146,0.009817082269282637,8.080530383946297,0.7720782281878529,0.30106449928191603,0.19863785857285388,0.6423919422778539,1.060506194473637,-5.631229227880649,14.670356294617111,-0.6924867343625837,-0.4203153621708783,-0.5632800354367835,0.5791386758464087,0.4130968314334643
11260,540,OK,1695,1695,,15.590065,0.26069693139356664,0.010308636512395799,0.47523231726290893,0.5421392011244353,0.021914177605177523,3.612309530629454,1.113382831817399,0.16308255787416093,0.12071739384368874,1.0803762969240633,0.9029870991962516,37.30146579732949,12.574498206594415,-0.9447306306322278,-0.4980585447459812,-0.4970656248937344,0.5105960771895065,0.49412052832603925
11500,770,OK,1648,1648,,14.567312,0.1535036751807903,0.049496186981036874,1.0553784242784774,1.0676314294981173,0.03493815308005265,1.4435592838545872,0.7497014787227414,0.21010214965737478,0.0846025402672409,0.561812638524934,0.861291013437843,-7.927438428027147,2.7317771240810007,-0.6539071360113656,-0.2007574523107849,0.6827609258953965,-0.6725353295490683,0.2030521950643972
2959,0,OK,1295,1295,,24.767038,0.1029709596912658,0.00799285927126404,0.7069110142589583,0.7144159057717707,0.018620073729123904,3.644398705442969,2.7374280565828717,0.6295921133396059,0.47632912555423884,2.5632224646215764,1.2289662641259658,-4.088245693019166,1.2258945287785665,-0.5810560108726879,-0.41992208641429035,0.5742568545938709,-0.5717346294014513,0.4086734880520244
9440,4700,OK,1820,1820,,18.956867,0.24637337012063584,0.005619530116073725,1.810863307322381,1.8275550154317863,0.008539456033659631,2.4915419820795712,1.1435219566325239,0.3027591097034179,0.18256415297639172,0.9828086657827306,1.0534134536162698,83.89480643525108,113.68488829641721,0.45772445896911,0.5535617719467483,-0.4558291015292884,0.4667617285731666,-0.5176124839854305
1600,4780,OK,1651,1651,,28.51629,0.015608513152422704,0.17842456849131022,0.9991487783842867,1.0150749891859971,0.012135143075992075,9.881317799719993,1.018948637308657,0.23581008932008646,0.13883251272673602,0.9431479602982384,1.199208449697544,97.30431098525557,113.38915330289116,0.0767545603897132,0.5091701759577614,-0.4972758783576474,0.5110231993449784,-0.48199348797467684
9560,4790,OK,1170,1170,,35.530083,0.13292922639282748,0.020558189054651888,0.27470244712934466,0.30586639701911156,0.014380827628028248,3.6377551013291844,0.7524804957882436,0.2355589201955106,0.19544806851734764,0.6638207222603358,1.0740516344899993,112.45198319835086,112.99184670861025,0.10974419421908573,0.5106121694938422,-0.48952692167418604,0.5093190752090355,-0.4901353741051549
7260,2780,OK,1428,1428,,42.27742,0.04157987196057913,0.01362249605912762,1.037982995100184,1.0389047869118169,0.006452052646692581,2.3232760799778776,0.9679371103239264,0.08194665872650171,0.09768376103660531,0.93196991294848,1.0106842235715308,-11.187944055971725,31.13742235569824,-0.6524439576304751,-0.013160553630463635,0.7201063885400784,-0.6936536150200585,-0.010874345107164778
3039,890,OK,1644,1644,,33.12617,0.03314857721549572,0.054205574374314176,0.06358865796008262,0.0898921013539308,0.012989274921018328,1.2280917653141061,1.558473379699545,0.3081526830483764,0.2139010661537053,1.5125114907887074,1.1637842655540138,19.53399957958578,-0.24826526794738626,-0.8296784891621573,-0.49413337039107774,0.5031226220033415,-0.49624085686983643,0.5064038422716866
2999,130,OK,1822,1822,,31.482155,0.03937913146128866,0.03914063814452074,0.5927206197578654,0.5953154110512794,0.007508219197289015,4.672943580299226,1.3628531217152586,0.27107613195171176,0.195810769494706,1.307403065901,1.0919226563558402,6.4125931577999,0.07394200852922052,-0.7089938938889856,-0.501909673825052,0.5011891677767412,-0.49169655210074453,0.5051045417300537
1820,4110,OK,1712,1712,,25.182497,0.2906110591040105,0.01420154672305736,4.443343114750165,4.4528591384638005,0.008866791757672531,9.420571184287832,1.2113286455057257,0.18802303054100578,0.12452154680707506,0.9048781686549128,0.9407103052968623,130.15033941443102,129.80398295468643,0.16214999972901328,-0.704545986320309,-0.013117925645174281,-0.014159655203948773,0.7093957832911161
1620,4780,OK,1859,1859,,18.442451,0.08894434142585861,0.09733836186923062,0.460767470565679,0.47926246931567557,0.008894954500652344,3.986616816112234,0.7839794728915078,0.2869977403616222,0.1282926861696907,0.6611460863584311,1.077117061449857,102.6613452259254,113.26513103343315,0.07036456421396732,0.5089197341240804,-0.4939489234069168,0.5121114782666698,-0.4845172846367293
1620,4790,OK,1661,1661,,29.660656,0.07425246325509774,0.0948976522492732,0.22428140728893364,0.25459996535227214,0.008821480714966514,6.898441153026225,0.794114775460226,0.2918585620093479,0.13107497588733857,0.6516526802652662,1.0924897510235696,101.97408923054614,113.22247537258362,0.07024352454496514,0.5105607993862714,-0.49196455393188976,0.5125259626125126,-0.48437143335746563
3590,9310,OK,1572,1572,,21.922203,0.07302222670673986,0.034927982036507044,0.04774684930050732,0.09397856745278908,0.01464430232808961,5.347258001506932,1.805818522502317,0.26792720188276264,0.18898796898663384,1.757768115251312,1.0208237561354738,68.98184524265162,84.54491739282089,0.9061928099738988,0.7070983407368637,0.021613115494996272,-0.0026560850761608566,-0.7067798490179542
9520,4740,OK,778,778,,46.656956,0.09340788761852697,0.08643847206409254,0.6691365440229982,0.6811316741050676,0.010424462017393393,7.802346961069484,0.76714812170202,0.20221327531704136,0.15023412239157807,0.7016825554368449,1.2415914867057891,101.81295376769512,113.25543513535995,0.22989022075522006,0.5187639463317287,-0.48724364646402624,0.5032717998288988,-0.49009702352059936
1820,4950,OK,1603,1603,,27.953064,0.016039368954558944,0.01456252225757167,0.06673440186682777,0.07016273087249388,0.015359037573369315,0.5749820219023755,0.8368580519469724,0.19848393976937162,0.10973297100628132,0.6613858436158875,0.971320722596146,130.45724721038727,134.18019000090752,0.2366938650987499,-0.7061181826623402,-0.019278488315208293,-0.01097435390126891,0.7077464345077015
7340,2870,OK,1228,1228,,32.882248,0.08579580356786753,0.1058486292672188,1.2005733011009072,1.2082802255867364,0.011325742908776157,2.887619091631314,2.036081322371917,0.3784907803423604,0.3219758011358471,1.951082313315502,1.0716933114585028,-11.043977837083295,12.26701443328612,-0.779114012320384,0.028850201925268024,-0.6950011810241704,0.7181223394744818,-0.021007850236914486
11560,830,OK,1684,1684,,21.381634,0.10209714135111031,0.0016225203765102211,0.02277433023609854,0.10461897037413273,0.01000098266004417,1.9852554343372517,3.0800750331580558,0.635184902305022,0.4756404847177601,2.9720308670911004,1.2303534846444477,1.9709035752861432,0.4221025247873324,-0.6520862212959766,-0.4810356525072791,0.5224714773392841,-0.5139646907874004,0.4811117884729224
11360,640,OK,1722,1722,,21.27714,0.055836076699155926,0.05998588392692919,0.6692194209971536,0.6742185158918543,0.02418397957673664,5.9329429508577585,0.5547248806430967,0.12363573134099726,0.12971822992948656,0.45102139470288716,1.0330758535733688,6.105740570767436,15.017516697919723,-1.0660039697822363,0.5218568720019937,0.46596069685524344,-0.49538810429223185,-0.5149142261155927
1840,4140,OK,1552,1552,,19.246895,0.1307370187311806,0.06335999420922575,3.852374993479062,3.855113454532267,0.009994645234704613,9.00331030436085,1.0223841046807125,0.2448265284856017,0.15145183967579667,0.6993217909226486,0.9480580191376277,130.83838797532061,136.47469210553228,0.15852831829520705,-0.7044529711766068,-0.0039469515056398275,-0.010587568833581713,0.7096607191894287
11560,70,OK,1359,1359,,31.72086,0.05361817274639419,0.009777114279329029,0.5041578063259465,0.5070952514978659,0.006800077732783747,0.5900988604348361,3.7233083901678152,0.8554436992655461,0.5909166667129124,3.5623836704287086,1.3160703600095864,2.4937770384631057,0.34236322411332776,-0.6651334491158727,-0.4828411064126413,0.519439842905137,-0.5168268765898958,0.4795171479678652
1960,4260,OK,1522,1522,,16.129848,0.01228616851229945,0.011386487935379302,0.2445245438123519,0.24509764293206485,0.002649384310012326,0.9249323396735788,0.5273624798667649,0.13938687316882392,0.09346627683953868,0.46815290966650114,0.8916181498600457,113.35737032799233,157.56494320456136,0.1281551673682993,-0.4977704311450548,-0.49892454301583355,0.49584710242506247,0.5073800836362986
3019,130,OK,1456,1456,,52.986008,0.034429788725737875,0.002951174190774123,0.7891832310751358,0.7899394229882405,0.005533039393674483,1.369640112812699,1.4897315621055025,0.41600758184343345,0.3402007881410356,1.3778814554436853,1.1115718739333997,12.25827957949524,-0.03404909894146868,-0.7394686325159144,-0.5012676152133007,0.496837063806661,-0.49544161516304674,0.5063806038257957
3059,900,OK,1194,1194,,54.313457,0.2595822951051426,0.04373009655156766,0.914606935406872,0.9517358538853167,0.015461711513228123,2.6599641644374405,1.4546455955034847,0.19061374382232954,0.16039160039284117,1.4087907039239145,1.1027055514396515,27.337731872485342,-0.6736374282911177,-0.774748773179081,-0.5011810879331232,0.49951295692554504,-0.49458898143690705,0.504664306646381
3119,990,OK,1862,1862,,25.769844,0.03226007411904777,0.03251598686570773,0.025129205138775923,0.05224441343267255,0.009295628654467489,3.734967026153536,0.3768486708272226,0.08244449956664202,0.05808029436821116,0.3526601839826933,0.9833397239003772,46.84231610400245,-1.030164108325377,-0.8200391524317238,-0.5038447065011142,0.49576683330865046,-0.491212445224845,0.5089853557600136
11560,0,OK,1279,1279,,55.46991,0.01825739743333446,0.00774079359355476,0.4299985116344742,0.43045554062453395,0.006477245225198463,1.8995079285097898,2.8684811942980044,0.6906108996486863,0.4717756342153539,2.6944140087762714,1.2407788753710296,2.41445435637396,0.2838791843460449,-0.6852123912327213,-0.4814798220982691,0.5202246913778292,-0.5153588624892926,0.4816105213207074
1600,4770,OK,1757,1757,,19.3995,0.0407014141048031,0.14916966163654516,0.8465910664817047,0.8605955071399816,0.009720616177562515,6.951735572241377,0.9355716335223156,0.25720046769880134,0.1199077145223375,0.8375948199430931,1.1922632403449993,97.15466973911403,113.48113561549118,0.11661730213116248,0.5100314560427185,-0.497516864621264,0.5113980266549663,-0.48043411785361156
1860,4970,OK,833,833,,40.646835,0.42852649831468187,0.1946297718780639,3.754760054637729,3.7841430702025884,0.010449362846983513,5.449202194445557,1.2249417583665223,0.20589629614749683,0.10405504497957763,0.8375977313127088,0.9081555766204467,130.59196038337723,142.30550114398753,0.022868619278497267,-0.7017687075113429,-0.0006495321870499263,-0.007104799928608045,0.7123691326017515
11220,480,OK,905,905,,53.562542,0.05040674535932435,0.05775733231077004,0.6483820540415652,0.6528981830396955,0.01049860864992974,4.397270153609234,0.6116761782247739,0.19499300010556653,0.17812370844023678,0.5149877706616062,1.1172140017138361,48.79665715006091,12.989338725530693,-0.9161403402336232,-0.4963733817908808,-0.4987242027057364,0.5203360141509564,0.4838781539421963
1500,4680,FAILED,107,107,,,,,,,,,,,,,,,,,,,,
1500,4730,FAILED,183,183,,,,,,,,,,,,,,,,,,,,
1500,4720,FAILED,113,113,,,,,,,,,,,,,,,,,,,,
1500,4670,FAILED,147,147,,,,,,,,,,,,,,,,,,,,
1500,4710,FAILED,127,127,,,,,,,,,,,,,,,,,,,,
1500,4660,FAILED,75,75,,,,,,,,,,,,,,,,,,,,
1500,4690,FAILED,105,105,,,,,,,,,,,,,,,,,,,,
1500,4740,FAILED,108,108,,,,,,,,,,,,,,,,,,,,
1500,4240,FAILED,74,74,,,,,,,,,,,,,,,,,,,,
1500,4220,FAILED,50,50,,,,,,,,,,,,,,,,,,,,
1520,4670,OK,882,882,,24.427748,0.7694415474454018,0.1970049808213495,1.7040882655587386,1.8800978895309108,0.015754174301924283,1.0181103778712404,1.5947925557822453,0.36435420649472294,0.17100046633960297,1.222929423778424,1.0509180225958878,79.1707605531471,113.39976551818367,0.42247293629688665,0.611271852625547,-0.3623199471923693,0.3909427024927522,-0.5850083601299333
1520,4690,OK,996,996,,15.530472,0.4130454263698762,0.1361098487805584,0.8496036374019953,0.9544415937430851,0.019288168501622103,4.985491656462997,0.9811044230246884,0.19119540307340754,0.08437723903732364,0.9257669061040268,1.0298031494458355,78.25630909509775,113.30257354203624,0.4481807352815398,0.6139296198967363,-0.35806713120324596,0.381032801572997,-0.5913479140833755
1520,4700,OK,1003,1003,,19.777103,0.5015644040716936,0.16118136839371522,0.9925986058836545,1.1237429765525737,0.019640149088187602,7.202889655688983,0.8427890370442818,0.2318456777666802,0.10621520276135632,0.7459481838479398,1.0648996248017064,78.42592781431516,113.23501101796056,0.4109975478160401,0.6158875539866143,-0.35567382106560597,0.38102461564103574,-0.5907612852316725
1520,4660,OK,472,472,,31.958708,1.8518771830914758,0.2916131145919026,3.208919818319341,3.716403329868738,0.01372812353783951,1.2856905524099906,2.4958310170203206,0.24177066076481446,0.13451679444243742,2.402845511925405,1.1799232151655747,80.99307413086993,113.04637433896778,0.3829083072918626,0.6133871954498803,-0.3621179873366366,0.3913317013826476,-0.5826544526547071
1520,4710,OK,1056,1056,,17.048038,0.8024717057898734,0.24764717947478043,1.743920743327588,1.9356005587680973,0.02341163815300554,9.569442272044226,0.9768591013436597,0.3353427275284018,0.13053240599481075,0.7695979309748893,1.0427679369362368,79.23042591357765,113.30732849355451,0.31045224177344255,0.6118301782851845,-0.3591826681709543,0.3806570510512995,-0.593086716517949
1520,4720,OK,954,954,,17.866333,1.1315184979753665,0.250114692866075,2.6360366435785174,2.8795104891520396,0.015830512484720404,12.100737371172347,1.0024395500675713,0.42137316903850275,0.1840018144570974,0.6902913775848476,1.0067128486771237,80.17231207472977,113.45418990141991,0.3253255786905054,0.6124243533835454,-0.36126558261720426,0.38279326976517086,-0.5898244678050304
1520,4730,OK,912,912,,18.777733,0.5141131705518696,0.3479985978551635,1.3096544832818697,1.449348212757844,0.02637324010362414,14.664988986904143,1.2206699218925001,0.2114606956107365,0.09856897485325211,1.0639376665346436,1.2065359879491409,78.7128773449299,113.33140160034067,0.14025969072209216,0.6099732407780968,-0.3598636557456849,0.3812262427041504,-0.5942199480677951
1520,4750,OK,645,645,,20.526018,0.21534023166318228,0.23652001328953678,0.6713845938197345,0.7436870342272518,0.01619826686291574,20.038335976132878,1.3299006220654568,0.2038682451060776,0.10958375941903276,1.1285026682740433,1.2443862081199304,78.00632509394163,113.22430459619902,0.29778305452613263,0.6148528415423793,-0.3584003653098622,0.3813405885896889,-0.5899868785719636
1520,4740,OK,692,692,,18.337479,0.3082542079277397,0.2567822787769872,0.855040976336852,0.9444855036548405,0.01783969852060647,17.283634222408594,1.6133588078325305,0.1958530353334753,0.11821328683907883,1.4893613179660177,1.272316632454352,78.21223715046514,113.29038022393058,0.3041507794788253,0.61347187597206,-0.3601304881588503,0.38091797437887903,-0.5906435352095892
1540,4660,OK,698,698,,47.724915,0.6586663353616969,0.023133845960928184,2.2176315198770684,2.3134965040215705,0.005725982557097732,4.847282056206846,2.710106367300741,0.4010615390059308,0.19855434097884428,2.642694377191092,1.1432768855555755,83.49758849744899,113.81055046800896,0.4031638195805992,0.5665268428555623,-0.4462553306922509,0.4593240529619444,-0.5185797243659568
1540,4730,OK,1540,1540,,19.176168,0.2655224499915767,0.2051063956107706,0.20390319430764592,0.3926159925663152,0.018332522679697056,10.819767755254851,1.1745992005955266,0.2708307236176962,0.1470952172181742,1.0908793188030756,1.1955180169570143,80.93823134912583,114.06836362911291,0.35410865509625133,0.5696803364648754,-0.444371288360667,0.45431183859214386,-0.521151825901985
1540,4740,OK,1311,1311,,22.929682,0.6575261937053751,0.2809055767157871,1.7786801780206396,1.917016383373455,0.018984591302459518,13.43950766633183,1.6330377024906306,0.39175454725375003,0.24696079073624788,1.5374394496099164,1.2957731839996363,79.31587600469572,114.10092986795,0.3599711747358264,0.5693991969855351,-0.4450316910101676,0.4535335202570218,-0.5215732877287065
1540,4750,OK,1226,1226,,22.456156,0.5961765100293506,0.338573884306631,2.068988605230624,2.1796267007952115,0.025748002504885736,16.195871677037097,1.643297513375958,0.3065143194777846,0.2070441896417905,1.5637171640450909,1.276897973720804,79.03961121924557,113.8494405453967,0.36972085569784446,0.5686119026050408,-0.44595985523578674,0.45009773978006157,-0.5246068398132374
1560,4740,OK,1562,1562,,19.118675,0.12167838301701733,0.18089986420020457,0.17429145797155776,0.2791198704555799,0.012541741925863265,9.086656490366972,1.1752460566442577,0.2814718444132308,0.18469085083775183,1.1015887978843093,1.2217843796193968,85.42703817678357,114.01142809900142,0.23654500955352337,0.517408451538853,-0.48281009511374234,0.5038223192323558,-0.4953241130570525
1560,4660,OK,635,635,,57.20266,0.2854345960924883,0.17683267684781429,2.625595861525195,2.6469787177659505,0.01522446885796856,9.201067133435288,2.0826974692320093,0.3928763744273466,0.20284327188400547,2.0164234705380037,1.1203973489627272,88.24373657279627,113.8729516730857,0.3651399956015655,0.5182077974593393,-0.4780873134605798,0.5088776102469458,-0.4938995618035546
1560,4750,OK,1391,1391,,22.960648,0.06522453583666832,0.23279243715606396,0.24076423172411054,0.34119492104934684,0.020824562612877007,11.842754165796272,1.1387570905402962,0.25817067869164045,0.1584900044946096,1.0571415460388458,1.209668703009968,85.3603105791786,113.87374829241395,0.174427456171186,0.5158773363377825,-0.4837669508368838,0.50101309841267,-0.4988246047960693
1580,4680,OK,683,683,,41.27084,0.08208745053866777,0.03142055035415996,2.0332607796470885,2.035159698542496,0.014506943508727917,10.33355621770051,0.8834846553098155,0.2204404531779336,0.14665088121522585,0.7786431188499678,0.979358496552021,88.5999668742631,114.00959489626099,0.3352289383696839,0.5130614967133671,-0.49316420669895455,0.5063068032048869,-0.4870424897785389
1580,4760,OK,1657,1657,,19.125664,0.04799337210264004,0.13996782968960877,0.2706812909901508,0.30848455132452984,0.011953529136483097,9.696773536298517,0.6575869655975997,0.1814217258088292,0.09233431561386585,0.5772270820654484,1.0956385797653727,90.900301760347,113.76626442896178,0.2018266632189688,0.5133363461568321,-0.4917599200868617,0.5078493316506294,-0.48656657617691496
1580,4670,OK,576,576,,54.328026,0.016199842799573868,0.23050898453139052,1.6568495937112129,1.6728859503975262,0.023607421455651065,12.393447508459687,1.2948686756677315,0.25537802840729407,0.15419909942280313,1.2096729640346844,1.083792577377676,92.29355724885922,114.02043931231418,0.27523565951105167,0.5097944788842256,-0.4897675769011801,0.5077309038892015,-0.4923887073759531
1600,4710,OK,660,660,,54.21631,0.3090984231830167,0.3102461339131412,0.8328028275919053,0.940933073319963,0.024509311594513864,9.344490260025177,0.8509475376331646,0.20308296157627836,0.1351068912088924,0.7545595391613453,1.1262530941514037,97.14801944084867,113.35594913037886,0.4738834631573327,0.5116907729192185,-0.4992332879813719,0.5050745802669536,-0.4835683462022736
1600,4790,OK,1481,1481,,34.83556,0.049108053847815636,0.17319077514797235,2.1423928397965373,2.1499427261116857,0.016283636799471052,12.79431913604014,1.119302242093338,0.3364789595365109,0.2560484496122295,1.0217233377575994,1.2236405531727221,94.16220059650715,113.46470320539497,0.17418813982798356,0.509443658865902,-0.49866391730211207,0.5089379818478187,-0.48247651409670095
1600,4690,OK,550,550,,61.229248,0.1417905018960469,0.26259659111633826,2.1589808678809117,2.1795090970146624,0.024132786730997745,13.938243245674439,1.22904905372218,0.19140937991367624,0.12263195097089596,1.1433900418630003,1.1539356586007814,98.47298124885397,113.50382045031218,0.4700964038301987,0.5072460691396059,-0.49998025955128106,0.5069029823352759,-0.48556207831857584
1620,4730,OK,651,651,,48.904175,0.19725223424166444,0.10000375167881967,0.19211157235918996,0.29294376678381084,0.020484107766640593,10.142002936980782,0.8323455007277207,0.19563250222670414,0.1679451934976915,0.7377088815542527,1.194080736933817,102.01381006413871,113.15960390134275,0.22698004866125096,0.5113510356914784,-0.4949001120723242,0.5065449896376526,-0.4868327955685028
1620,4720,OK,619,619,,51.760796,0.1826954772519559,0.2618171004737374,0.5253862512927245,0.6147817047995304,0.016972431411095612,12.706615924081996,0.8718082260334432,0.2246087716062306,0.10516035408019131,0.7634868303507432,1.1444330530424311,101.6809889721406,113.18315380369354,0.3498289343374063,0.512217372709659,-0.49525077869419043,0.5075716314275663,-0.4844905244348658
1620,4820,OK,1652,1652,,29.552414,0.07562839001183852,0.26066514382079764,0.5582441891211651,0.620727432345669,0.008496263454701067,14.754446546305342,1.274902644353392,0.2867504970495123,0.23393546907584417,1.1699645454147856,1.2731594981710714,101.63777992600234,113.21790951555118,-0.06855830625496756,0.5090982555817545,-0.4946223158612936,0.5118487270206853,-0.4839200465603066
1640,4750,OK,678,678,,47.429413,0.030179556085233095,0.5197383077466847,2.0092513609030522,2.0756034653651105,0.017838174996049637,10.635130116242468,0.6970611969546837,0.20296862185003572,0.1507535662352666,0.6142392008094246,1.1727988682224078,106.0634158655301,113.00974424792014,0.553683785079782,0.510243022325141,-0.4958122175200068,0.5083327984881298,-0.4852010604972187
1640,4830,OK,1450,1450,,27.26781,0.14679848022549152,0.31327473117422755,0.8897430993435655,0.9546379595523595,0.004251708347404613,11.18972832680848,1.0811793379250243,0.17239887866461046,0.16477417659223415,1.012871346034732,1.1582844670574546,108.95375958803552,113.01199258278037,-0.2104492673011662,0.5081191436839291,-0.49120235565560355,0.5152194857500489,-0.48485468248100055
1640,4740,OK,555,555,,49.401424,0.054981238393141896,0.42239385016817105,2.7045179148401193,2.7378562148013326,0.02414005624252491,13.389735442877752,0.8693847017910925,0.22023127182890767,0.17738216626008652,0.7680394352814166,1.2279917554847004,105.36695024439113,113.02453864826742,0.4636502436833465,0.5076412957345494,-0.4968973908102076,0.5065096914132325,-0.48871385326735667
1660,4850,OK,1366,1366,,23.650316,0.8550688867281704,0.22564489123796239,6.5211017137691165,6.580792199979791,0.03623791345595304,9.89089053725201,1.478464682728228,0.5034011897478838,0.32932598704579075,0.8434924538632238,1.0731038353218187,119.94524656954646,113.32610851650915,-0.13449323802279003,0.5061941329984028,-0.49174174418664024,0.5017421058993311,-0.5002123708086201
1660,4760,OK,526,526,,45.979645,0.8005555030030661,1.1514550740562477,1.7376763922313234,2.232992867224712,0.04218503691290869,13.118115497047395,0.9598333744311297,0.18389039937055252,0.17259045491414282,0.9049508409998737,1.21734354021928,111.73655344012921,112.17871161697025,0.9708945325925036,0.5139849512877088,-0.5001545014936758,0.49489528150134404,-0.49065630010536887
1680,4780,OK,686,686,,40.735077,0.6744202820355957,0.7735940170211278,0.34667956377064435,1.0832714987149166,0.030274626898565835,11.550781167356348,1.279596732696576,0.19250816817890115,0.1418676222720508,1.2330212717041706,1.229291266627749,118.10445017419816,112.07897329854366,0.7531869000944136,0.5099934792794854,-0.48791760442985893,0.4957898824950849,-0.5059994612599334
1680,4860,OK,1286,1286,,23.141628,1.1497903851220792,0.47063929712388225,7.5573034761518825,7.658743703008592,0.06890060195450551,7.473701645503882,2.5260838559067373,0.39316653267747537,0.21078048955084616,2.13334103514271,1.193848622616469,125.28179235056876,113.79096212497288,-0.1816862804079182,-0.5132699846535357,0.46729829827336805,-0.4923575274004858,0.5251383517670879
1680,4770,OK,549,549,,43.989536,0.027340333689296115,1.4366004435406632,0.19202778669365195,1.449635471106421,0.030855707626182973,14.481709161337873,1.3990491162136562,0.20209841945399243,0.1968616071942348,1.3473212178911917,1.2978428382358964,117.54726552884502,112.51403989659543,1.1656842482951089,0.5118427015348899,-0.4931880266040492,0.4999255194055095,-0.4948303692650656
1700,4870,OK,868,868,,22.231615,1.09873059041913,0.46935847716388945,4.375541753138554,4.535732787970119,0.043780626584982926,5.689616092246281,2.0887364811293008,0.13122437759668082,0.082857716030599,1.9875064454463072,1.2294269505420172,125.66330217048575,114.29205717199328,-0.29769078606483534,-0.5313508353728865,0.4526804453437994,-0.4673255130763219,0.5425436102101171
1700,4790,OK,544,544,,38.63102,2.5236230208164576,1.4169649840490983,0.20064563497398602,2.901158663025888,0.07694523535590635,12.335837563993596,1.1646618846681918,0.1826012568097048,0.10486731902926305,1.106802440741483,1.163592478410599,121.4724823331671,114.4422116971406,1.108433055263646,0.5222646299241955,-0.48692991495495824,0.48949541613131636,-0.500532867890341
1700,4780,OK,504,504,,41.085304,0.6903984385936035,2.2306330462040123,0.066748227314811,2.335985684176927,0.053154162179878915,15.246087405072192,1.4086810411967021,0.19552846154410403,0.1299263224121674,1.3635672255760007,1.2411154131413793,121.4568959254426,113.16594071501562,1.6279952741782437,0.5375330088060133,-0.4784504948787746,0.47250117253931595,-0.5088084416980341
1720,4880,OK,985,985,,23.98333,1.6047945672299022,0.4388494188382499,4.869876414889729,5.146226842233494,0.030367414582715867,4.210621534921608,3.6323324900640284,0.17811769085732831,0.13911952526652205,3.6004564932512073,1.2918189602847703,128.7683846827088,116.79542759391828,-0.10612694701323318,-0.5714709790752192,0.3911637456905284,-0.40992205259027265,0.593612461907888
1720,4820,OK,570,570,,32.523922,0.40201190606066384,0.7789693722331905,5.392414886927842,5.463199169740466,0.089147404102366,7.952312162860858,2.6964048623879955,0.27521929578076687,0.16036672571963673,2.384575885296009,1.338260661436953,129.93897865632522,114.73489647901842,-0.029984169176598713,-0.5481578083675871,0.4146936795900075,-0.44765599180494825,0.571975770671164
1720,4800,OK,526,526,,36.108246,2.3967930655222753,0.01951486359940971,3.347542045791851,4.117163535394393,0.1062405568491679,12.917410583277263,1.2421604294615818,0.3064488078178992,0.1783171774753285,1.0032870647615035,1.1625857344949528,127.43837142234298,115.37535505032045,0.33031414063233067,-0.5515302296459371,0.4268748308996686,-0.44814102217067053,0.5592512036454689
1720,4810,OK,518,518,,33.380417,0.5644810581446178,0.14586844606870109,3.9169042203254403,3.960057466725175,0.07456201404730975,10.291727814206011,1.4196772314684758,0.36682991204768456,0.1904929292566302,0.9874373307340463,1.2019199830186498,128.40452882130148,114.45192906653585,0.26733832900810106,-0.5575513256077989,0.4163146313995543,-0.4406954919347547,0.5671032801739238
1720,4790,OK,445,445,,38.394688,4.34306269461728,3.3082364989577355,2.3819751563718423,5.956544967343494,0.15757678448156195,15.703355177369568,0.974619519230437,0.23730467679462208,0.17322731945077563,0.8219382284474941,1.1009541168225854,126.23780172009442,116.27400669099914,2.16518059316734,0.5642022130685475,-0.4565371897706285,0.43485013193658184,-0.5330619287471466
1740,4900,OK,896,896,,12.721319,0.6243157219706226,0.015627736961850047,2.037140820792496,2.1307175013598996,0.03594374294440146,4.930180545146374,2.855616489046246,0.31906086709160575,0.11914016075097966,2.771839992482583,1.159235990993935,128.60340743357924,117.53130966198209,0.374419424134602,-0.6451847423661209,0.28530104208157664,-0.27234973764985193,0.6543436283843416
1740,4850,OK,625,625,,27.863926,0.6899790391879667,0.23793160660984475,3.079718727216769,3.165019741283199,0.04121219709107386,5.163751975937915,2.084703699650077,0.17158078834682244,0.1797934201668041,1.8918500301380305,1.1594102640475965,130.3660477685434,117.00099574508936,0.5821882002008083,-0.6338469620136306,0.2948773073467894,-0.30315225720767447,0.6475987270740194
1740,4910,OK,557,557,,29.71323,1.489369392523967,0.28495422143400423,3.5568485453434335,3.8665994970014634,0.029240746255041916,7.159497115265692,2.248847309860902,0.23667601521253334,0.11042317904656129,2.1655433189225937,1.1928724213484392,129.16921192553812,119.20009680002019,0.12399363029596489,-0.6422339577763071,0.2802912694951694,-0.2752386970717399,0.6581914670960252
1740,4840,OK,382,382,,28.729668,0.3151296529523715,3.1728796026844757,2.082091655276626,3.8080936611740053,0.11437400050262186,7.107634197095922,2.0412214677849443,0.19931216979693822,0.13300850626513894,1.983076422221906,1.2654217129750347,129.28073406386338,116.91567959505981,2.661415303080222,0.6508450152717191,-0.3285925034333915,0.2819656538106914,-0.6236369960597604
1740,4830,OK,349,349,,29.773891,0.6889453136782895,2.652559872004395,1.4696670858123255,3.1097654031980198,0.08422725593145632,9.041981988618925,1.4213095788675902,0.1690016434478443,0.1784203459589324,1.3529523930832767,1.2451269543871564,129.2157072341164,116.03370586243238,2.1096340076235216,0.654640688813156,-0.3104361456201179,0.27381773738047166,-0.6325336471197409
1740,4820,OK,274,274,,31.726265,1.4544874712914395,4.043821435624122,2.114719668632512,4.789578779418719,0.14889982800002566,11.211083620011248,1.6909148306893496,0.15441023334856507,0.11276077839864262,1.5808005103890101,1.2873437992840033,128.86504926132585,117.16342168928749,2.9652872139837303,0.6497775186373326,-0.343167525163685,0.2906792080756161,-0.612805698357216
1760,4870,OK,656,656,,31.524164,0.3716401322253452,0.18743099649220862,4.631379563938144,4.650045530055637,0.08197122323853694,5.189968098433766,2.661475183989936,0.1417294888501619,0.14223468000174522,2.4990341551110262,1.1161748293576876,132.14303090944804,122.78504109229438,0.49811135752977864,0.6912386936957585,-0.15828769113226143,0.18816334773511725,-0.6795061660815982
1760,4930,OK,1044,1044,,20.60517,0.47084398850424325,0.08142496779106795,1.8863006884749653,1.9458813875032284,0.0215383088628997,8.513840208682414,1.8892909454303572,0.16971176478474748,0.1140711481179082,1.7309025283650499,1.119795813399248,129.72179886464576,121.00855539946919,0.49540595303430623,0.7007701634450473,-0.14013575991919708,0.14670003813312898,-0.6839314626691839
1760,4940,OK,951,951,,29.524302,0.4042262523215365,0.06322221773662778,1.5391413310293718,1.5925928383501913,0.0226337694493734,11.485475062271524,1.5570053578340044,0.1968713776288813,0.0949267445717834,1.3971492169499182,1.103490196861317,129.59458439251532,120.6657145719875,0.30815348536518494,0.6972657265835358,-0.14930186085583796,0.14350750392943934,-0.6862470817372266
1760,4950,OK,707,707,,41.057674,0.1690066190552555,0.2253349645442991,0.2268710500465172,0.3616760385757924,0.014031481697326228,14.707982596903898,1.6399670261622576,0.2846275649350828,0.15643651074159576,1.5253668075582638,1.1134515708924384,129.5696427753847,119.23332612828858,0.16493093939619466,0.6962309885005279,-0.14701113489860276,0.14704624419810122,-0.6870426034349216
1760,4970,OK,629,629,,46.622616,2.8686618019331815,0.7622060075777791,9.49487059964592,9.948002122832435,0.018081129095572468,21.65461402781584,1.9282292639643452,0.3336143570149588,0.207791987830948,1.87218725439131,1.1912323254703734,130.49647784183662,128.94335709216168,-0.7000311293375892,-0.687199136942262,0.14445730779688698,-0.15483070942385616,0.6949222142291833
1780,4890,OK,678,678,,45.69708,0.5866863874980459,0.3595617718409656,3.0637818367401577,3.140102662045274,0.02564606892536067,5.642956725623751,2.1043228095195903,0.17815054670139974,0.13787691921640144,2.0063404085148235,1.0786870863548035,131.19335648139173,126.36535608863964,0.6107646726546938,-0.7054915866259016,0.04148479378071444,-0.048088723947014335,0.7058669192660806
1780,4950,OK,1448,1448,,33.026512,0.08369676330470088,0.18188785731427115,1.0417410316473248,1.060807578142093,0.005956803613243392,10.28360467886907,0.626227154746521,0.1439089828031319,0.07164274685217564,0.557085405096498,0.9926223114628625,130.14767660565306,124.47542745688405,0.10207585722982404,-0.7031292796123079,0.03237460759756674,-0.0380299248260563,0.7093058760171843
1780,4960,OK,1311,1311,,33.48518,0.10149814470120933,0.14978243987074213,2.2010220500257525,2.208446222431279,0.011521337258270002,13.696847863936823,0.9067204719503125,0.22983383612671604,0.17556563558640637,0.6605624420872331,1.0516165146864178,129.88091832274918,121.23431436964165,0.0421103419390183,-0.7014818818824763,0.030640272832399038,-0.045978085940468746,0.7105422990115554
1780,4100,OK,1245,1245,,30.640318,0.3523914844121656,0.1404627334319712,2.930352237846936,2.954805200960621,0.00962768487198186,17.829065085659888,0.9772849604518151,0.2858240422214732,0.18173615501390605,0.7740805162762538,1.0356148886318242,130.23336175246106,120.47808465925154,0.10920181617428507,-0.7032850816018064,0.03320087244463691,-0.036342675516830035,0.7092016680758259
1780,4970,OK,1267,1267,,31.195671,0.17476771174412886,0.12742331098549317,1.8831000521276238,1.895480482509341,0.0030581278688495044,17.240937108747026,0.9697348974698676,0.2566709264716689,0.16689752589005247,0.8137933006294533,1.0440932701078387,130.09487452249655,121.5397289896928,0.09433702756874984,-0.7024881496598391,0.031799512356797476,-0.04005303937173747,0.7098555801277128
1800,4900,OK,667,667,,59.69234,0.09804076291900599,0.41324895535266704,2.9493757361146447,2.979799309194432,0.019386833795557546,8.642921389144707,1.7565265346744194,0.1596868951343664,0.1084463623260663,1.6111869573397257,1.0871839917504778,130.57864278142137,131.47428181149792,0.6731453491377979,0.7078758529898705,0.007667648107495183,0.021198417079347286,-0.7059770612701892
1800,4970,OK,1547,1547,,28.822344,0.19701242555705062,0.14594641706086223,1.712265552843208,1.7297304922820296,0.0065952998617094406,12.104664963503355,0.7602470673363315,0.24103851714576496,0.13296109210282203,0.5096969601810866,1.0566959087417134,130.18081601555616,126.82401190880354,0.0623015506021298,-0.7062637758379352,-0.01006707566395498,-0.011457293423033697,0.7077844752141271
1800,4100,OK,1448,1448,,27.96022,0.07586951327890132,0.17625904315363627,2.375855830037356,2.3835927417369573,0.01230839969204716,12.690520125074071,0.744941236271651,0.19540805006336592,0.1295738663536381,0.45776481700878024,1.0478581476250284,130.56012946484947,126.15794475787862,0.031403163762063896,-0.7061338127441179,-0.009924906788688388,-0.006346897157664532,0.7079804034160557
1800,4110,OK,1433,1433,,26.569643,0.18774544288544381,0.19425719199994382,4.3807687243866855,4.389090888160383,0.008334328297946308,15.131085337199439,0.9477887548825037,0.2111102210605651,0.18323363773931978,0.7449949503118818,1.0145706120968399,130.14204469649735,124.156650675817,-0.05573914750516525,-0.7053350164732146,-0.009600792196768772,-0.013083798915939384,0.7086883331421874
1820,4920,OK,681,681,,60.54241,0.2992488638796106,1.0024529422569417,1.0539785573329041,1.485036222888313,0.02188528699041983,9.552897861084265,1.7173545678999316,0.3939036664331701,0.247148862830402,1.6213771239085597,1.1934758047517977,130.18850298146938,135.32383628322927,-0.5560277465378108,-0.6980534131235693,-0.01098524682541424,-0.00873019252799155,0.7159081927992894
1820,4980,OK,1644,1644,,25.334778,0.035466506121016615,0.0129810586210624,5.354045638373046,5.354178842616372,0.016647714024722662,10.05991112367045,1.1801478563178844,0.23606402170001828,0.1758585538828341,0.8316449914058701,1.0065206680905299,130.70139762355748,128.89451377493384,0.1380180050807227,-0.7045308889128145,-0.01159735862645128,-0.002159643702060479,0.7095752699888075
1820,4120,OK,1582,1582,,24.13362,0.3153792517751862,0.16307017106034027,3.4717493392890955,3.4898566486310285,0.012882977607618529,11.586162370609262,0.7771385536131331,0.2322909833784097,0.16667157632166685,0.588684579116233,1.0808148429690883,130.11452893625108,130.77877587146025,-0.08441043267156036,-0.7029676425332814,-0.013472507493653802,-0.015158570678550053,0.7109326288953248
1880,4110,OK,614,614,,25.989597,0.21909642157736897,0.08130412194669516,0.5596503928779271,0.6064834411935328,0.009171985121247212,7.333233416835959,0.5184320698726921,0.08942776589697732,0.10471424691266118,0.45480161338683933,0.8885764217959538,130.3339259729674,150.3212078959349,0.3430467323687135,-0.6993281967092719,-0.09985990360896228,0.10365555978449735,0.7001596945442726
1900,4160,OK,592,592,,18.950394,0.5109555271131052,0.11980338034123239,2.9846962705759084,3.0304851473350523,0.0848743776171055,3.6304863881872254,0.950380618024701,0.47655605575108284,0.23418726792048083,0.5331057417205667,0.9561070200761925,126.22403144492574,157.17844510613259,0.3720093109573859,0.6634143775407144,0.24767113639538157,-0.2421994870140721,-0.6632343329163585
1900,4220,OK,986,986,,14.535244,0.8449442168088367,0.13939732732805285,3.351740800645257,3.4594116174712446,0.053997364840789076,5.672221801642427,1.4223053254787008,0.6194210582811819,0.3726901485961065,1.0305074552116498,0.8608549576938073,124.635695087283,156.21409473742938,0.06251380844706146,0.6501186728486128,0.2896000829951257,-0.28974154042108535,-0.639943234120958
1900,4150,OK,426,426,,18.430944,0.01345482110991053,0.41601599077852763,1.144696351188661,1.2180230183453735,0.07070458637483543,4.8423662645971985,0.7832459794604893,0.4090409472052934,0.1679841198728682,0.45908499547648596,0.9017942521964817,127.05932482681715,155.42069084233327,0.5647638461959047,0.6657024169072931,0.2618166502692676,-0.23967523262145468,-0.6563902167410939
1900,4230,OK,695,695,,13.008327,1.090491237381273,0.178289216971386,3.1864589295661414,3.3726071063059524,0.04574088811517103,7.605016661683515,1.300810917937748,0.265629470632576,0.13018332548885003,1.003496520551057,0.9609603926657841,124.59052724746763,155.968821939916,0.01945257728583611,0.6547274428973995,0.2829372354951287,-0.2877198731725801,-0.6391367387883135
1900,4140,OK,302,302,,20.282463,0.8128791135229614,0.2149194118727167,1.0218589828326223,1.3233134880281814,0.03259700600391461,6.108913092400107,0.7442013951801241,0.31861007956344056,0.16742074634543513,0.5232903984367634,0.9185203611464428,127.54294751177609,155.7260471557727,0.18333834183369016,-0.6483199571624896,-0.2738817216168436,0.25872236375250646,0.6616137651253464
1920,4190,OK,663,663,,22.540285,0.04090574094165195,0.11140317297058516,3.681051886075312,3.6829644221154934,0.08980381530543796,4.317631500887246,1.1847842858132998,0.5835594776070985,0.33269434565367906,0.7252222674234723,0.951035244944951,120.25492319929931,158.14872350235083,0.22683240832702917,-0.588060959340653,-0.39631756230443416,0.36615348362802297,0.6025349154492916
1920,4250,OK,1443,1443,,16.898548,0.48899130119362266,0.00041814196814171645,1.87088824279944,1.933736146564705,0.014302124835005078,7.306977325105337,1.64786406828116,0.1422810612274774,0.08801187153321788,1.561839700264831,0.9540602605778938,121.57177630858573,156.443955579801,0.2358297596565995,-0.5788289241451641,-0.4118654773274314,0.39567980389166735,0.5820321279371532
1920,4260,OK,1207,1207,,14.1121435,0.4307160097395657,0.02176674088959071,1.859805085682706,1.9091529610762425,0.01591878826940398,9.621255348221021,0.9195898853052876,0.17824779854434536,0.11575763236857517,0.8100249618187085,0.8904912256252037,121.60892145941929,156.5262824268444,0.25239581912536113,-0.5758454871771362,-0.41578773855599943,0.39556115961921523,0.5822833505819277
1920,4270,OK,990,990,,14.705587,0.5813998504692544,0.09657436248245549,2.816648777410567,2.8776488195926557,0.03319261791655788,12.097397077252493,0.5858433536647663,0.2794516266782363,0.19476159109718472,0.4220591036306862,0.8702868887706241,120.65470679896822,156.73404293617244,0.5088111141042655,0.5861687048237537,0.41313712171582484,-0.39967109047065785,-0.5709527017079454
1920,4180,OK,408,408,,23.205826,1.4934613339474367,0.2840519014378021,2.634914778668951,3.0420204025539563,0.05251645290828549,5.771635839988581,1.0350274238742103,0.5761810318156586,0.3244327103010023,0.6535820912308168,0.956953588750327,121.7397073442298,158.93953210543313,0.07059038233945025,-0.5753324429608161,-0.4022938475347813,0.38354737650737175,0.6000363741363632
1940,4280,OK,1447,1447,,17.802364,0.06413310753378598,0.07324742658539327,1.5561941173218656,1.559236470767184,0.017066830768125554,9.739770167825872,0.7503630966625776,0.08533393728382288,0.05749038670934192,0.7111207721547199,0.9205839399662801,117.069437497733,157.31828437047912,0.19714202545134005,0.5305287220508558,0.479827700466175,-0.4654020620527909,-0.5212538475459328
1940,4290,OK,1202,1202,,21.105309,0.028988905927579633,0.11301196935111515,0.5296859261922862,0.542382929570682,0.014831834319491529,12.437381896237573,1.1313400815509431,0.14568992523855728,0.09610699821207663,1.0923254881319373,0.9694650563377515,118.10091933647975,157.30853955160467,0.21638562631616814,0.529300995809743,0.48092516332368324,-0.464597445184766,-0.5222074846693521
1940,4200,OK,478,478,,36.268654,0.15195427478453866,0.06126434855286213,2.8483133169730674,2.853021586612169,0.05717313813178318,7.720751310903109,1.0727828542634836,0.45425589022598534,0.2798396615457368,0.9092387876522214,0.7892245837029298,115.88611338902028,158.089446093718,0.14909770713662154,-0.5271383841225866,-0.4803173748391962,0.442978321532356,0.5433144117954061
1960,4290,OK,1717,1717,,15.614992,0.04858890890758599,0.022353493620976578,0.15574180652809222,0.16466958142451946,0.013109874792495996,6.905885652180788,1.0073311502196378,0.15965743646485575,0.10086323959879695,0.9675240835272678,0.9817419707760978,112.9588089264931,157.66790898295818,0.16612776021455247,-0.5016495232040727,-0.4986883697695009,0.49795837268027965,0.5016922610558906
1960,4230,OK,657,657,,35.30688,0.04696173717508448,0.041171559554414885,0.6603106112867305,0.6632575709726201,0.010449449317044222,7.60452564631813,0.7972229952538119,0.11648508875291086,0.088391013241301,0.7120453147394894,0.8962306437327333,112.45338778485305,157.62717865745958,0.15028217308479314,-0.5019914780586043,-0.49701965217058963,0.49743109329405666,0.5035258967888774
1960,4300,OK,1460,1460,,18.46914,0.05562001284331067,0.09341856365392924,0.9999044669392063,1.0057979702051658,0.010547914204384137,9.545158935242362,1.1508160999167245,0.2633168130713883,0.18425034886416136,1.088530765941464,1.038149567136406,114.11196437024398,157.507724560703,0.09506013904989175,-0.5025230859834148,-0.4968988911261688,0.4967737692700466,0.5037636968028957
1960,4220,OK,568,568,,40.713104,0.21173408510291347,0.23230486834106587,0.8440063105263693,0.9006350686363828,0.018200411205301015,9.624612095162217,0.7609943799323754,0.3640325161024007,0.17613936352692727,0.5250446690866255,0.8507318551463279,112.27806826127906,157.87251234785762,0.31949705416600527,0.5057289456193959,0.49357523188491703,-0.49699555775099696,-0.5036041497130658
1960,4310,OK,1316,1316,,18.493324,0.029368655939229382,0.07977735190981011,1.2267391024760688,1.2296811657389932,0.011100501896251343,12.190713742100325,1.0672100076344104,0.08662954481850704,0.06230254229702781,1.035624188539197,0.9579668504231913,111.88431168719133,157.52456895577507,0.1561125122134931,-0.5034648715423288,-0.4974141846890255,0.4946027710081796,0.5044505435660157
1980,4310,OK,1611,1611,,14.379226,0.07673272203091014,0.03988196565798049,1.7817702997936014,1.7838676753172016,0.009204054341140792,6.1120485671041775,1.0838235935072489,0.18842469523724947,0.09555244409975616,0.9732495921302986,0.9255289690745744,105.25019478307925,157.72891024483545,0.16884783650500246,0.49267554702440064,0.5038432539598349,-0.5034946960222318,-0.4999058630190823
1980,4320,OK,1346,1346,,16.653698,0.12201493920504214,0.031244855204287887,2.9461509656311504,2.9488420436936438,0.012788095478984782,8.804720813424261,0.6263439188532322,0.4154698697767736,0.2423042248542906,0.32737583100734735,0.8452698476248375,104.08497353255538,157.74882550414756,0.23388534050272752,0.49319544581383756,0.505762585164086,-0.5013057787411295,-0.49965485675351995
1980,4330,OK,1268,1268,,19.186205,0.07912806716728615,0.056279225242448924,3.1403861860111597,3.1418870125288145,0.014995707729254133,11.573968419102771,0.6132291627863835,0.3501068592031591,0.19555665266185374,0.3904673863145085,0.8618753642508021,103.89356251156806,157.73346924921728,0.24742753732135717,0.490388067785894,0.5090165347974066,-0.5001787661720388,-0.5002428531690132
1980,4250,OK,608,608,,40.0482,0.0006177458790124768,0.08425051517623328,0.9648466582708028,0.9685182522254122,0.009864096609798947,9.340959727084483,0.8512185638777808,0.12439584367453715,0.09697233042596132,0.8076346583798237,0.9611675731939446,106.07014126316734,157.67507030896203,0.2283720677192009,-0.49197271891257127,-0.5014489370748091,0.5066211998178856,0.4998467437599275
1980,4240,OK,532,532,,46.93209,0.09598477513162951,0.25605953851954133,0.25528416854286107,0.37409834406547415,0.016842365436169623,11.554288098840773,0.4463764411887794,0.13052710806349133,0.06319958525573388,0.36868232463804196,0.8985340144403434,106.77856401601503,157.7318256740977,0.3643761387677361,-0.4928885399538692,-0.5013702439543548,0.5088317086445804,0.49676861609519046
2000,4280,OK,634,634,,40.561203,0.19839544764584102,0.42741847973927344,1.8015565368453466,1.8621635980545381,0.02530046877356007,8.423931193535468,0.9597500608444297,0.10681105914683808,0.07522061569638083,0.9094081646930103,0.9400797508129403,98.68640973722273,157.632646961257,0.545588539543243,-0.4997432030363125,-0.49765000607867516,0.5068028940063406,0.4957338288796715
2000,4270,OK,531,531,,47.42675,0.18925222509250536,0.39640554221511953,0.3567457463910255,0.565880982335877,0.02415191012057399,11.069755769360402,0.596365712981007,0.11070782437737148,0.06476481070547385,0.5590528729523978,0.9633189916526791,100.84586564680848,157.64984102474256,0.5064146072623574,-0.49853579847788443,-0.4973510167787889,0.5080668641314978,0.4959557291903274
2000,4350,OK,1271,1271,,17.076393,0.11448333269579636,0.2968796539934955,3.244698782390498,3.260262895974313,0.0029729479011537455,10.517360643980602,1.0542476181069458,0.1723990800877011,0.06468217079058314,0.9138828819418774,1.1093834334105612,97.23461846039035,157.63977101356622,-0.06253932043140248,-0.49111908393012793,-0.5005726726256888,0.5048387506225626,0.5033556205009108
2000,4360,OK,1139,1139,,16.893757,0.15035570473529958,0.29709370485198383,1.2025101470154826,1.2477588553419783,0.0063499269423647085,13.172532241860553,1.2070301345514025,0.1569855385376987,0.12855108536440252,1.1748360874896835,1.242721048857982,99.27754848868975,157.63293911510104,-0.0970510593939648,-0.4919274298666364,-0.49973565084927724,0.5062278935358087,0.5020009988250549
2020,4300,OK,641,641,,42.984997,0.1164711441082488,0.07366041134778906,2.1266024229691034,2.1310629387673825,0.006381135447960855,9.63332791175629,1.6668741134096354,0.2663562087325113,0.2113412188067454,1.6032502862552995,1.1302866740927255,91.81706601720074,157.854618057851,0.36969388807966075,-0.4928607762413289,-0.5000287204204199,0.5022520232284506,0.5047795946355602
2020,4380,OK,1442,1442,,17.012375,0.18488105097303287,0.14416300138687804,0.6190265120444156,0.6619348884834831,0.009697329215877688,11.447629246602265,1.8297412162225248,0.32982566220436116,0.2122371564227592,1.7833245749745412,1.349508231823847,94.56097069612795,157.79318761101453,0.09335174851436967,-0.49267452440494613,-0.500285083403121,0.504488652164949,0.5024717386714258
2020,4390,OK,1224,1224,,16.229713,0.18031796087273122,0.18919882078700123,0.19010150689680572,0.32318623690517506,0.012940668369448375,13.425956934018314,2.104242795814164,0.35571981681825393,0.24503686630955013,2.052833069211501,1.323622473911823,94.13360910837548,157.86201165592547,0.09679973771778777,-0.49267742526136554,-0.5019424104500317,0.5052163867712878,0.5000791674997151
2040,4320,OK,663,663,,40.51006,0.14279359076030734,0.29561723572758414,2.5926559775333846,2.61335886886226,0.01721218882827559,10.330018872460203,1.234096883808018,0.3166043166420991,0.16725828475952165,1.0889673163159088,1.0094343003218023,85.32572325568634,158.19355431017416,0.5134209412823286,-0.4988036662055064,-0.5024683607064337,0.5083169474482974,0.4902390539377494
2040,4400,OK,1530,1530,,16.91458,0.17794825450753912,0.1670665475507149,0.15026176302094285,0.28662765047873034,0.021722276401735966,9.241054969960517,3.0283145178230964,0.39162818039638203,0.21357747394205862,2.9568933594141242,1.4158910688605173,87.77583770709508,158.00420212023587,0.15206216820748322,-0.4953553067148382,-0.5056670420555663,0.5122040493974898,0.4863856232137587
2040,4410,OK,1462,1462,,20.340649,0.08039163217872752,0.007042008598341712,1.5567938746639243,1.5588840792697107,0.05009760777391664,10.76055538386203,2.4282127283036217,0.15597840214284453,0.11479345207162739,2.388137579330344,1.354845060359511,86.33068746417962,158.39724573576268,0.3656661466565412,0.4859403695980895,0.5177524174315887,-0.5175128726369822,-0.47746708587465675
2060,4340,OK,637,637,,48.734104,1.0782002638546215,0.4181404473210878,2.555181672351102,2.804694390014896,0.022941186072521862,9.968394216548111,0.7339478718619246,0.1290570805146094,0.08874934331538564,0.6728282630176308,1.103030665544687,85.22694756252574,159.08947647595954,0.67995806998759,0.48021748496166883,0.5217508708975799,-0.5119163418033216,-0.4848802479472751
2060,4420,OK,1149,1149,,15.689511,0.13390999478642596,0.12493973167851408,0.728305836039369,0.7509801688890353,0.057947166749484455,6.989342673148935,2.3200819836910767,0.24235010814321756,0.20278302462794917,2.2529772165495814,1.3274365840494666,81.92504304484916,158.4581097653952,0.16668872373153085,-0.47464149634284486,-0.5263117486685133,0.5266315089399866,0.46943652068678016
2060,4330,OK,498,498,,42.441963,0.9447626431518565,0.33708195524597423,4.528628677684644,4.63839178991981,0.020081047103980277,12.746977567553891,1.0334329126861808,0.2547980465696158,0.13123846632970437,0.9901044463405952,0.8976034561427908,87.20304485805482,159.05266452976647,0.5428371369032566,0.4864680286338159,0.5174801662865182,-0.5161796633571236,-0.4786665747195358
2080,4360,OK,647,647,,43.64747,0.923995649603928,0.40959901927443654,3.6243433936925182,3.7626326358655007,0.0221770616858957,8.954941701636006,0.7836752088538853,0.14758358618156608,0.1409840544647416,0.7479599542814492,1.2398422088396224,81.92912608112465,158.9624147110703,0.7174245147089012,0.47544732617192165,0.5311512464623317,-0.5235439451695654,-0.46661539933200746
2080,4350,OK,613,613,,51.64589,0.21262239583506687,0.3479214857513706,5.060374570020719,5.076775397077407,0.025390121758269577,11.603938807551836,0.9552409513929865,0.13384290503110385,0.11199958717188196,0.9223040156259836,1.2385849800532467,83.47765570928482,158.05032121804132,0.6511810429014047,0.4838151446037177,0.5239613621987891,-0.5233731693557927,-0.46633456056070494
2080,4430,OK,781,781,,24.651476,0.40212797783577336,0.05612882012872633,1.6197223896688229,1.6698377090609173,0.041713908194731766,4.1162456308097255,5.9236264882661365,0.7131450629337035,0.4363733078654519,5.766807567992206,1.5389826542325071,76.80387889338479,157.3261403074803,0.3934086674309455,0.4742947101195762,0.5400164834347818,-0.5215341536054011,-0.4598139321447505
2080,4340,OK,511,511,,52.521866,1.505288297906251,0.07267866967472271,4.7979416751364266,5.029057502837895,0.02855419764953816,14.309923766750162,0.7289611830552662,0.1971754619880578,0.09778545791509535,0.6678850254506248,1.1140154001116531,83.02914524005246,159.50649318124658,0.31324634543746616,0.4670499901664782,0.5360079445897377,-0.521550229110757,-0.4717469115285168
2899,760,OK,1436,1436,,13.800226,0.9890932778713541,0.2307979504973432,2.987630084914271,3.155551731562791,0.004718535512893222,6.956235606558724,0.9166314631711174,0.4467999430573887,0.237362794246535,0.591413287822395,0.8231371038188785,-10.39211096389245,7.183114651562022,-0.8126651671271986,0.05713412159979736,-0.6982051192124537,0.7119781644483761,-0.048294896244469504
2899,770,OK,808,808,,14.804176,0.4792382344283532,0.2345522754834568,1.1400731678992297,1.2587497302626356,0.005636074971277814,8.695124992694005,0.5110725368802815,0.12343978387367283,0.06070919684747489,0.46523518074688397,0.9406993269252315,-11.19859295765484,8.920183294695633,-0.841169474751299,0.05814527932694831,-0.6979818235731005,0.7119827632459882,-0.05021001189172767
2899,710,OK,414,414,,19.625141,0.28583429337692,0.04135239089591649,0.5288592250981943,0.6025805701103831,0.022906861907802865,2.5569266638399473,0.8042898484314358,0.25751251744178916,0.07612343254388465,0.6093950406184785,0.9494299512847196,-12.06527870575759,9.466166452833196,-0.6763535083143895,0.0455186206409658,-0.696409800530311,0.7148079004165304,-0.04462186014038297
2899,780,OK,434,434,,15.002778,0.7466240713958441,0.2845014557174057,1.9482559490048645,2.1057278611268537,0.02227900671394095,10.335817818062903,0.6669586736086474,0.12990004158370372,0.06979788995148162,0.6006166785395113,0.9116393520008935,-10.92209847425274,8.087071747508851,-0.8467444387829824,0.06162680957319827,-0.6999640836460145,0.7091513413892795,-0.05793783697385991
2899,1030,FAILED,99,99,,,,,,,,,,,,,,,,,,,,
2899,840,FAILED,66,66,,,,,,,,,,,,,,,,,,,,
2919,730,OK,558,558,,31.569231,0.9787539031625021,0.26121931787867647,2.0680120098414405,2.302795780749406,0.04931118614899549,2.888838425962318,2.1104680810975815,0.14817902586142973,0.16581718165506043,2.0430782850274056,1.05876784328822,-10.48626877469635,3.691608186971367,-0.7615206261259309,0.13092279999993503,-0.6797937330915651,0.7031422230085462,-0.1622674185171221
2919,780,OK,1027,1027,,13.984591,0.6337922193718598,0.24073890797603487,1.8865722282194173,2.0046951317940036,0.01294653294565045,6.1785944504270915,0.4986462260014578,0.2038995949614959,0.06733108481990102,0.34566206477946615,0.886622811536449,-9.016997923146512,4.541264721465119,-0.7708963572395118,0.16047716014153351,-0.68188042817847,0.6960965184506791,-0.15727618936411858
2919,790,OK,611,611,,10.928649,0.8418918668710988,0.1406121494500144,2.1317311830371253,2.2962646904940027,0.06221525491549774,7.916381572808012,0.6560576330725694,0.10600607177914528,0.05187618890865786,0.5953146500931101,0.9089201479837136,-8.810674576114483,4.311232054282048,-0.5659998012409344,0.1835546243682795,-0.6763135064180783,0.697524496243436,-0.14955707288471715
2919,720,OK,230,230,,55.61063,0.22845206694700626,0.610538964263381,1.0048013433844005,1.1977369967748586,0.07907187579154085,4.540511446390924,2.1417459328361605,0.21254599666973162,0.07445081464134384,2.0223272937835777,0.9967540212305206,-10.567279106089847,4.96306815838114,-0.009662694376932596,0.1199328641656409,-0.6903506779589871,0.6997507097376009,-0.13921563761415784
2919,800,OK,216,216,,47.40126,0.36707136190696454,0.16182455041154686,3.006884557814675,3.0335265474151507,0.08041864959363328,9.72851273961948,2.415822918898708,0.6580117856075389,0.46692268775568513,2.252276826404282,1.1628284063197827,-8.894167577141026,3.1617922593438825,-0.24385558642968577,-0.15857555704834458,0.7002487173708856,-0.6716525788548788,0.1827247652750651
2919,150,FAILED,76,76,,,,,,,,,,,,,,,,,,,,
2939,800,OK,962,962,,18.442514,0.1390990542438516,0.056921363885063705,0.6782983125523963,0.6947497314641424,0.021747124406467044,5.4558405811826685,1.658855630730172,0.4698584425150827,0.3755108265883438,1.528473986955845,1.0871495903503035,-8.051594881819593,3.2469779971556902,-0.5753427437922961,-0.30608293123663843,0.64275754726981,-0.640863274182192,0.2871763194237398
2939,750,OK,518,518,,23.855427,0.6362147692899784,0.06003113853738963,1.9801730310910948,2.080735015161058,0.03775397078219197,3.7619602672350507,1.6919326558878824,0.13137984958688675,0.1441571685425448,1.5686196735098257,1.045647379532322,-6.4636424270745385,1.040786941852236,-0.6560399398128457,0.29775813618947683,-0.6410461159409129,0.6508308668127968,-0.27716268214487744
2939,810,OK,729,729,,15.113131,0.690139129940329,0.10088671795683316,1.8588927280886995,1.9854350462999144,0.026737006776519023,7.458563608350316,2.9898164120533837,0.8478548099399279,0.5930486863589793,2.7708238747131357,1.2358991730157658,-9.292754144176506,3.625790661256807,-0.5688266920032512,0.30665910507160404,-0.6405177032710118,0.6442766935231886,-0.2839098576237502
2939,10,OK,553,553,,18.966341,1.0151834515403357,0.172822587016471,1.5987206950282769,1.9016763519526951,0.0355384552849442,8.15791490666879,3.2471201503061375,0.9385234601658008,0.6361668271960976,2.949240381520966,1.3376325134348914,-9.32387946852895,3.1662160573031874,-0.6231039945688938,0.31059089763314707,-0.6362654060297633,0.6470139010696081,-0.28297109255170183
2939,0,OK,552,552,,15.088231,0.8769631800292288,0.2048223299542515,1.7391567760886177,1.958489953456443,0.047270679696128595,8.140755295512335,3.2663064934036434,0.9414937412835954,0.6356482238866858,2.990430309585437,1.341817394167721,-9.305464700698844,3.4703566409338693,-0.68765665508757,0.30913744269306365,-0.6341339143883107,0.6524529234170577,-0.276791262275901
2939,820,OK,533,533,,13.638426,1.332013035575943,0.21573863574883717,2.4489373725287535,2.7960858607108334,0.024403899843901858,9.604413767496883,3.4457068900510013,1.0527832268531867,0.7424986662670907,3.1500856090306026,1.3892799448816016,-10.170496649800707,3.4973324361895446,-0.6471579417049192,0.3066502729924375,-0.6393774115508585,0.6446495628878072,-0.2856380169738384
3190,9000,OK,481,481,,25.02248,1.5259479407201921,0.4303278267231185,3.8623515170279017,4.1750998068702705,0.059562339973282606,6.819324462799849,1.4688449050762153,0.26446584448532096,0.13794074035470216,1.191587121762133,1.295626339834155,66.09040286810351,2.6230681789309673,-1.0180141925714332,-0.578864374546888,0.3972698808477493,-0.39439901732536675,0.5929098521566667
3190,9010,FAILED,33,33,,,,,,,,,,,,,,,,,,,,
3190,9280,FAILED,48,48,,,,,,,,,,,,,,,,,,,,
3190,9310,FAILED,21,21,,,,,,,,,,,,,,,,,,,,
3190,9370,FAILED,20,20,,,,,,,,,,,,,,,,,,,,
3190,9380,FAILED,18,18,,,,,,,,,,,,,,,,,,,,
3190,9190,FAILED,17,17,,,,,,,,,,,,,,,,,,,,
3190,9140,FAILED,16,16,,,,,,,,,,,,,,,,,,,,
3190,9290,FAILED,16,16,,,,,,,,,,,,,,,,,,,,
3190,9300,FAILED,16,16,,,,,,,,,,,,,,,,,,,,
3210,9010,OK,830,830,,19.106743,1.7206049472338227,0.6276073021153837,5.11881464995985,5.436601487212175,0.04835290655145628,5.3211473425713605,1.2629362624979341,0.4602666918479166,0.2360790126497787,0.7333932767551552,1.2140347054324983,68.60512997850017,6.7870579072676875,-1.2064564476383308,-0.6346810676754607,0.2883635670588552,-0.2798648721614063,0.6600773052131924
3210,9020,OK,502,502,,14.770575,2.132205989644714,0.3322429518984353,4.1157989207952985,4.647202224756604,0.037276773254112945,7.473122392462176,1.5386649573840054,0.5978114073360685,0.2810054307011294,0.9716803546820056,1.083244051055046,67.65738452715846,6.383721969541326,-0.9367263298949184,-0.6405858361715968,0.2900294522424094,-0.281604925505939,0.6528639745453095
3210,9030,OK,216,216,,17.682198,1.8648627563701274,0.3168752381850274,3.6568320785559107,4.117103820336178,0.04604929642395584,9.727007865914242,1.416504865001791,0.23251479817668397,0.08862064155559501,1.051151830895698,1.204350382233645,67.63593019984137,5.8605159398131335,-0.8714931617128501,-0.6464015174805694,0.2827213345816184,-0.28218884157689805,0.6500793665858764
3210,9070,FAILED,60,60,,,,,,,,,,,,,,,,,,,,
3210,9180,FAILED,46,46,,,,,,,,,,,,,,,,,,,,
3210,9050,FAILED,36,36,,,,,,,,,,,,,,,,,,,,
3210,9100,FAILED,36,36,,,,,,,,,,,,,,,,,,,,
3210,9160,FAILED,58,58,,,,,,,,,,,,,,,,,,,,
3210,9280,FAILED,34,34,,,,,,,,,,,,,,,,,,,,
3230,9030,OK,1151,1151,,21.433762,1.0597768695912726,0.17808638864079246,4.28769395134006,4.420312341396016,0.030295168244214278,5.992440209156586,1.8771331616776368,0.5058848427471734,0.2699216962385007,1.1080194559220882,1.1263952235503714,68.66684799327388,9.774845296432554,-0.7819398927769952,0.6947589418442751,-0.1397367005219339,0.14848345338622668,-0.6897364216316016
3230,9040,OK,854,854,,23.124638,0.8551978936458204,0.2610031339897434,2.694713495904063,2.839184195901388,0.036098061197993005,8.291536097213125,2.039251492834643,0.2075494195508285,0.12451877668304112,1.667028325985676,1.209691026399417,68.19626971584258,8.235284579844333,-0.8239741736870034,0.6919024335584465,-0.13606434833430622,0.1632197279407544,-0.6900121998625864
3230,9060,OK,662,662,,29.432484,1.3619334890628596,0.29680408472744657,5.122107925738739,5.308384414890979,0.0221876738294281,12.955486208913156,2.129902740996895,0.22644554528423289,0.14663650177023435,1.8520769996795252,1.201539071158753,68.84266089086984,10.662035408327913,-0.8471710902804417,0.6922458203850715,-0.14152891882185673,0.15282779539212346,-0.6909478665225756
3230,9050,OK,683,683,,30.543785,1.6044989252490733,0.6108201969203872,6.279109976039785,6.509588328404005,0.04325649670883892,10.613709894311643,2.4782441302130476,0.23329904596360035,0.15526576932340275,2.2725123045457813,1.2279604319752842,69.10046719390395,11.822055752349666,-1.1794334415600265,-0.6899110300510499,0.13044346091978465,-0.15761495462536473,0.6943808754535311
3230,9070,OK,615,615,,34.249268,2.3652768424939867,0.5270314764892077,7.660122185655986,8.034287063456704,0.03364144830434448,15.324258442015292,2.189940653241077,0.1761875586340571,0.11413524857443114,1.9137921335429398,1.1974905783773855,68.96841948184523,13.385734258930633,-1.0961457312853755,-0.6879775441213465,0.13649291117467474,-0.16177331642428475,0.694180076116357
3230,9080,OK,564,564,,37.163418,3.17418092599937,0.5742091054844565,9.533681015166504,10.064602046119147,0.032801982226227905,17.67288487909532,1.9774846950912763,0.24759451504005092,0.10513092783472322,1.6314772554332233,1.2321081911153193,69.00588857109308,15.424601552198975,-1.1654823178887743,-0.6861114748734716,0.13802117410426973,-0.16292908982289514,0.6954533134835952
3230,9090,OK,480,480,,42.3008,1.9778606451304332,0.2970002191962169,7.165578530898568,7.43946621366297,0.025140267310942627,19.935086209671912,1.711554639126136,0.4987415532992876,0.1515102868201899,1.37202630034583,1.3442877256150205,69.19224438631653,12.779087444724087,-0.9516799933650318,-0.6863834544542553,0.14026447163165728,-0.15676131614413785,0.6961533747746202
3250,9060,OK,1679,1679,,17.134789,0.16038670327323024,0.17662718817118753,1.3579728346805542,1.3787716554667255,0.01178918892053996,8.870135594624532,0.8761813010405041,0.15784049862589977,0.08627775101671198,0.7822923482368758,1.0879057958737248,68.54376079484148,10.800769862800944,-0.8689650537593849,0.7128037293092013,-0.04217247401759936,0.03847755747572752,-0.6990363391761775
3250,9070,OK,1514,1514,,19.969933,0.3436708918042446,0.10702776169991811,2.105657817650741,2.1362021132565383,0.006162810951746891,11.243117124809485,0.6861809458857657,0.2172660966577329,0.10787602207592628,0.5301432635404755,1.050842315860507,68.4167866252698,11.564952506619655,-0.7988489591847886,0.7128904051245177,-0.0415524839213561,0.04208068554955295,-0.6987774161097695
3250,9090,OK,1384,1384,,27.069645,0.7170491156071179,0.11051049420164621,4.275380985154975,4.33650257370457,0.009470874628012148,15.8581551863848,1.2422554877553313,0.5124959877084061,0.2876633828746373,0.8267852698635458,1.1472760126683943,68.26496242122172,13.76259138730909,-0.9420404071630347,0.7094846842624557,-0.043097830715887346,0.04251807973752273,-0.7021155693189134
3250,9080,OK,1306,1306,,20.896759,0.318276115574853,0.09816324887284053,2.0629296772023586,2.0896446019017003,0.005048918765010043,13.59430970550333,0.7938622814130265,0.1740287012546231,0.1076709728978239,0.6685717801858502,1.0987725993788116,68.45167843929032,11.520284485854274,-0.7713092000767302,0.7131567164898269,-0.04019600935375881,0.042393567404008466,-0.6985660770465759
3270,9080,OK,1664,1664,,17.22829,0.040928005394847755,0.15141079214375816,1.7442451437179107,1.7512828015448323,0.00828951576880791,9.2945804449691,0.6969344885260267,0.29136642275643965,0.1671433308952932,0.5273044188510543,1.0349327952073775,68.55456983124995,15.450754141780589,-1.0121952796436657,0.7112741788627402,0.013206651269008893,-0.00580086733732159,-0.7027666588445473
3270,9090,OK,1481,1481,,23.427584,0.020038197200874186,0.1615835055642566,2.317963274016712,2.3236747832491043,0.01528370791808073,11.558061865351862,1.0006342300909838,0.33456350651621375,0.2012497407044383,0.7988311533169314,1.132122841150108,68.60055347998139,16.028303973413976,-1.0982271202202092,0.7091103198715558,0.013530361573965158,-0.007702509519547656,-0.7049256378614973
3270,9000,OK,539,539,,43.804604,0.9110253282352132,1.134175542963915,5.476800021355517,5.666715078849771,0.06419458578469116,8.937145590532708,1.84779051767784,0.1814443505391049,0.16250898639946354,1.6814982909521383,1.2954316503034458,70.18757087595232,19.082460157647766,0.008286906065108943,0.7203747151207116,-0.0029131064957688834,0.0233241239345127,-0.6931866767819368
3290,9090,OK,1544,1544,,22.306038,0.056516960577175195,0.15399017416998123,1.119262816584711,1.1312189855032153,0.01186122155343931,7.188513914118953,0.994199426794268,0.268046770235455,0.1627661917431252,0.8645345799586766,1.1371922596332389,68.42362967252691,19.188100839391744,-1.103410407938435,0.7092350182225506,0.02665746653579892,-0.01797595731209681,-0.704238548620753
3290,9020,OK,630,630,,38.484318,0.01610909764410684,0.24825249544025643,2.2260647908378957,2.2399226007894524,0.009255616777279032,9.107938078989479,1.415692039514687,0.3444580830022512,0.1673328679301771,1.1857303905148768,1.0660302147440686,68.45940123850461,20.297217939537305,-0.7315737266176452,0.7141300103845878,0.025409139278535338,-0.010087906914538985,-0.6994790476085159
3290,9100,OK,1415,1415,,21.468128,0.04390110668808932,0.2855005043283133,0.6200672673142584,0.6840477038443534,0.008025969492097015,9.607323145286385,0.7749363652177107,0.1747688466598427,0.10973564724053575,0.7165102263758882,1.0189048275373598,68.4680602814417,18.68495788078765,-1.1389669120338552,0.7135534493104397,0.026432555570991886,-0.016873717199088527,-0.6998986159802328
3290,9010,OK,507,507,,61.207592,0.1264474435154337,0.7188396157402498,4.385890241797108,4.44620653616319,0.031427130258631954,11.276473198061254,1.6446060314202051,0.34502518952206174,0.11797690477170875,1.2745366941135536,1.2724181205012703,68.81459754759754,22.448537711366797,-0.40832892136409993,0.7164716241497963,0.017497562652505468,-0.0021276005906341665,-0.6973935190443782
3310,9030,OK,661,661,,47.108578,0.020915622499428355,0.23363334706801323,0.7329087713691589,0.7695305525296519,0.006674608789738084,10.717075664395255,0.8444160388496237,0.2143163628509832,0.10014344810245479,0.618955200651218,1.1075979873573827,68.34581189769088,22.73455645703301,-0.7482195095041897,0.707427459097457,0.0270311233473931,-0.0134640394852036,-0.7061405158509421
3310,9020,OK,594,594,,48.685738,0.22412593444776763,0.4210739306767809,1.683375328882688,1.749653733593758,0.02389546875122703,13.021385425417453,1.3111452755007067,0.5245262306052358,0.2474875113944237,0.9791469104211163,1.0351974010515685,68.24518145515029,23.670658965189318,-0.6168152399684825,0.7085989166193225,0.028030261973385977,-0.002272938039518051,-0.7050508588267193
3310,9110,OK,1578,1578,,22.376225,0.03550300278341777,0.22931655556924785,0.8897621058597966,0.9195233280830037,0.012885339185640507,7.909133327175418,0.9682476607728576,0.3025520378992823,0.13174728965412402,0.8828521972135341,1.083151936821721,68.37467877748172,22.89490796316099,-1.2201660927593805,-0.7022861079645928,-0.025204855403157984,0.017436237321538376,0.7112347822288483
3330,9050,OK,624,624,,52.879356,0.0934903297028592,0.06539814555027679,1.446647326389341,1.451139499200126,0.01343544778009135,9.385694010938217,0.6327279308928323,0.2451944136191343,0.12386584161897196,0.440012788199418,1.0969934250532163,68.11774787397746,26.784220769158868,-0.8077950189103353,-0.6883228727918524,-0.024576438719414003,0.01218661365681645,0.7248855826259903
3330,9130,OK,1588,1588,,22.477613,0.07073500447466441,0.2358903441180754,2.861024598100114,2.871603984925514,0.010124896450323159,9.452249839001997,0.8475366229230441,0.3764511051557182,0.1756182496509151,0.5324869404142651,1.0664824674769124,68.33404337505722,28.214692202424967,-0.994043315632809,-0.6868643111175176,-0.028674726034418032,0.008527407573485635,0.7261697195008788
3330,9040,OK,580,580,,54.84744,0.08688705223014176,0.011434147486711121,0.2622672227487275,0.2765216007879346,0.010289845698198963,11.717884827302418,0.8366686972927142,0.3442857126589436,0.17230957621891108,0.6876694810546056,1.0776389756234719,68.32949954437406,25.609087833641183,-0.779515433067102,-0.6876745001081684,-0.03074596734450969,0.007126960549237259,0.7253328021166286
3350,9140,OK,1711,1711,,21.604792,0.03481239257864205,0.23212183932111746,0.7280009807575869,0.7649038364074772,0.01154308476334068,9.170265494665486,0.7360692663398389,0.2360438830051601,0.10081245935266492,0.5699911493529042,1.0651861002301566,68.32551747784176,28.995663987093856,-1.1427524608843038,-0.702193123363847,-0.028652249946211343,0.005490012107167139,0.7113885899004905
3350,9070,OK,654,654,,43.447945,0.013219913378430481,0.1484932543641917,1.1144651287467733,1.1243920739199311,0.010667507666089426,7.6177748250569355,1.190021733814036,0.31367001182994325,0.1291493524675975,1.0924003994895886,0.9843928859190099,68.32114747288722,27.152838735719083,-0.9407476102808948,-0.7020691905993772,-0.025360067708038257,0.006773361130784943,0.7116247888852462
3350,9060,OK,563,563,,50.427822,0.6193334067611936,0.08745884351911759,0.7083520779162402,0.9449791449171685,0.0128514064914195,9.988571578659887,0.6592623314958762,0.2515899657277183,0.1181669630764659,0.5575352611659365,1.0648478631481915,67.79084473270291,27.535762707514202,-0.9072170320804752,-0.7037302390840732,-0.019092799097397996,0.004912145448240716,0.7101936964296395
3350,9150,OK,1467,1467,,19.19428,0.11166495757876227,0.2100563730805063,0.6135084298164486,0.6580162126259868,0.00932069447635851,12.049107177708219,0.6112422815596125,0.21231400228134945,0.08774107331832337,0.48149559903576744,1.1471925200523512,68.24918858817183,28.87530332112427,-1.097535822499085,-0.7038451813077459,-0.029264925552615506,0.003127080913636981,0.7097434369173313
3370,9080,OK,679,679,,45.873035,0.2933231731374898,0.06541493950357963,1.311217884901093,1.3452174321997907,0.018945699704951583,8.07017411749774,0.714396305388909,0.17474615950823846,0.10267580435971269,0.6007425713479222,1.103044702133188,68.05193350481149,29.769607399401185,-0.8625354148850085,-0.6924316648939659,-0.017617997323513,0.00894910200694933,0.7212128043758986
3370,9150,OK,1888,1888,,20.3797,0.042419852582469886,0.1857203575033174,0.45406183876452744,0.4924059793569755,0.018286078309789917,9.24713024199274,0.799420206108716,0.29095519381148127,0.11308785035504487,0.6490398818289176,1.101038160721423,68.46417251943032,31.55072774293501,-0.995913413881372,-0.6924270023768716,-0.02645510446152889,0.010718534392589863,0.7209230797025329
3370,9070,OK,606,606,,49.836323,0.7836268638521604,0.25094026093760397,2.096669031215825,2.2523461329843846,0.021555839281041603,10.419765377708483,0.9052501816001712,0.2194986182012597,0.11567346407216927,0.7693870994827758,1.0561584312800292,67.66732489029465,28.980152009409544,-1.0275756772384954,-0.6905581626648153,-0.015031147987386683,0.005151670426140207,0.7231023087081082
3370,9160,OK,1567,1567,,24.225386,0.18384578285623188,0.16657609776404542,0.6943786844382025,0.7373660051985353,0.008317458596791833,12.049609936040058,0.6931486420591526,0.2643766887607344,0.08630468422053816,0.5688110316258088,1.0997428837419354,68.24994572663142,30.39143777029293,-0.9980218439425018,-0.6938400717951289,-0.026446766432063725,0.005515241574198443,0.719622196313452
3390,9090,OK,584,584,,47.279476,0.45779762910859534,0.06522552371818396,0.2985626427783714,0.5504295502828385,0.015953188166698218,9.343556737295797,1.1620156930799475,0.3591128457160795,0.17675806606319017,1.040676757326422,1.162908948307393,67.85745585342639,34.311062738565106,-0.5985272666874504,-0.6905464949689718,-0.018013318060766847,0.0061678565786654075,0.723037354639257
3390,9160,OK,1749,1749,,23.224813,0.11815427437482406,0.14289731297705274,0.6449371371429109,0.6710618343157334,0.006973408878752772,8.5126167586715,0.6942419065799411,0.24669716991170831,0.09752182839987178,0.5560556416054414,1.0831157941322602,68.19321573087932,35.273586706090086,-0.8386332914758446,-0.6913787222277618,-0.025849721256872765,0.004371740645619866,0.7220167188129212
3390,9170,OK,1601,1601,,24.229147,0.0254662948679778,0.23047024850556283,0.8469698790017635,0.8781361190366677,0.0132104795013738,11.184499477913894,0.6108794233731281,0.2101451744862839,0.09427149923451861,0.4561550176012972,1.0945289595999688,68.32209921878413,35.48538287058854,-0.9739514172584627,-0.6895048950488686,-0.025313392038689857,0.006779168202142098,0.7238067938100827
3390,9080,OK,573,573,,48.658382,0.0994246173140918,0.05305266452606419,1.1990477472802432,1.2043319060787165,0.016244451572330912,11.608102575657984,0.646146198155675,0.1911326130030111,0.11261740266580944,0.539651332182193,1.1244381176510356,68.1766620488007,33.425956244254536,-0.6675109042059463,-0.691711345862473,-0.020363906419504873,0.009015321466781525,0.7218306236918149
3410,9110,OK,597,597,,40.01116,0.4077434587926255,0.03601407366239898,2.2021482761771143,2.2398680255675263,0.019067305548955554,8.898722149005133,1.376143660997296,0.35775421313761585,0.17135780126312167,1.270111666849572,1.1362750279675995,68.64154805616496,36.65114283109166,-0.556673135804861,-0.6860373359486333,-0.024343207382562335,0.005457373557435897,0.7271385005710302
3410,9180,OK,1761,1761,,22.093374,0.08872447430802022,0.1341027505375499,0.07397774993485307,0.17699798735690336,0.008171638132130942,9.73391845408011,0.7382857373656968,0.1753310528239016,0.07957133163024804,0.6719009141452883,1.062144740715923,68.2663767498985,38.90904830190402,-0.7021947824666477,-0.6886028941583723,-0.022537424496705528,0.0013794384812971705,0.7247870140967243
3410,9100,OK,583,583,,41.656662,0.06265690224233428,0.13872209167523142,1.7797491809318995,1.7862465824026434,0.010125601314144706,11.119908165401068,0.8491806772949562,0.28076976498568396,0.12379419378112533,0.723100971128936,1.0329772471070882,68.22841312469063,37.05101188632696,-0.5709206465227776,-0.691861426618789,-0.020060205911605792,0.0013415198533794537,0.7217503410600379
3410,9090,OK,490,490,,47.163994,0.06962138689798714,0.11516134940173134,1.164334269369192,1.1720851354475568,0.009787784656257138,13.540672516239173,1.2570291744788347,0.37455275275123,0.18988245165973155,1.1377799019211414,1.1945194625888973,68.31131532158942,37.66720755980401,-0.44691110151836366,-0.6878876094928633,-0.020346824865217734,0.0021876807402364247,0.7255286744692292
3430,9130,OK,658,658,,37.693718,0.1716415279749295,0.027809715977310703,1.3381125338471689,1.349362570870853,0.003944463061914769,8.773760842136907,0.7408779351051396,0.21094139984457694,0.12020002839534794,0.6281821102795728,1.121329048268741,68.19912898018791,42.22798168380634,-0.39737917394861993,-0.6888705899607678,-0.01576641834473206,-0.007914121057258892,0.7246696468236915
3430,9190,OK,1726,1726,,22.109356,0.1265074056339679,0.12322519866216125,0.7455132816173027,0.7661453036685444,0.006212102224240682,7.824106658214913,0.748087219513877,0.21141240121661475,0.10957683439506205,0.6281771846013067,1.0925115799893483,68.30301568972871,42.827192185204034,-0.567409411190773,-0.6890324584506464,-0.016224101717833044,-0.006108269479802942,0.7245231112731118
3430,9200,OK,1716,1716,,21.679832,0.20649503547056225,0.24877950206125737,1.309969368016338,1.3492780237819633,0.004787664649083057,10.753829569673465,0.9266257650332946,0.36445468810890436,0.22958190279644342,0.749127729111855,1.2095730529125786,68.19732212285794,42.27302210032706,-0.7504842865665833,-0.6885035761547399,-0.014667752569645058,-0.007705344124586766,0.7250436609809174
3430,9120,OK,517,517,,40.229717,0.47898201535526075,0.08742158543700261,2.3812778544320974,2.4305453142541573,0.009723433282952753,11.262098875893093,1.1227639663294604,0.27547039230049797,0.1430071941357831,1.0490901080370456,1.1008411873924948,67.95764657425988,41.1810348010309,-0.38152649489449153,-0.6885672666230414,-0.01073890368853987,-0.00760775256597731,0.7250530445310444
3430,9110,OK,484,484,,41.67981,0.7876980498378856,0.2645012389567102,2.7086696127063536,2.8332525820912666,0.026579357903065228,13.63480936447407,1.3969103787189965,0.3617039519095908,0.17349394379040173,1.2927488179569275,1.1511147765726564,67.70320578398602,40.84395343156334,-0.20170892420141567,-0.6882648484046016,-0.0033014500844355146,-0.002794130048687971,0.7254466153447832
3450,9210,OK,1429,1429,,18.427338,0.08449816982331004,0.11078356125755116,0.9010631628589838,0.9117717705708102,0.010348162462949522,8.69398501393349,1.0537600245483056,0.3326564206066338,0.1634345780355529,0.9395608446702486,1.1506978829821997,68.50976539265592,47.78513333869979,-0.2978745985365198,-0.6911501076619607,-0.012523706281610942,-0.0039656755530235,0.7225918342171052
3450,9150,OK,629,629,,34.067284,0.2000161167518112,0.012238507786537081,1.3153889571617725,1.330565419908563,0.006973798968029784,8.347743736155104,0.7201729264190414,0.1857996800150972,0.10063617218864973,0.6441173344728428,1.1278054515730043,68.32135175930046,47.36792530481094,-0.1864957255153401,-0.6892747703132682,-0.010579949896706938,-0.006872472463188411,0.7243901744170866
3450,9140,OK,512,512,,35.31922,0.11176091651473032,0.01645735340747205,1.2917342160618954,1.2966644253184516,0.006920716359189156,11.226874647079274,0.7167761885665336,0.19669697793185348,0.10231474483667719,0.621598657554344,1.1290322933574022,68.38041273354517,47.392209823780064,-0.18011218469038953,-0.6884722955171726,-0.013238381452612616,-0.007587497433824524,0.7251021124259133
3450,9220,OK,1485,1485,,17.418098,0.1781712185551788,0.2011184170541236,0.6592406723082647,0.7118931554841966,0.00800569222403419,11.85217387898835,1.1748181457000664,0.2929717469231663,0.15446635901825245,1.1067417884632418,1.1501237396613342,68.36369521634703,48.036197952130706,-0.43421207034163356,-0.6894572200869077,-0.010413426796305275,-0.006087586218421063,0.724225961635196
3450,9230,OK,1185,1185,,21.090528,0.274276363938293,0.27186400717563,0.6494413406373827,0.7555869355287205,0.008563727968069203,15.032462963671346,0.8475212316403925,0.20931564602513575,0.16338346717886754,0.7945245822148923,1.1221202160551043,68.20947091672271,48.054350656396984,-0.5426971436814446,-0.6888866147215655,-0.009203301289428693,-0.007787738377559469,0.7247688475878363
3470,9230,OK,1588,1588,,19.935217,0.13315698338754373,0.1955468445615164,0.2892496350544782,0.3736772698760058,0.007350253177558081,10.3128493961575,0.7722612264465978,0.15182735444619655,0.10210869431113556,0.7337270775324454,1.0852509590196275,68.52211471754792,53.707151425891844,-0.19805757116352696,-0.6847344148758104,-0.012259038464290706,-0.006287771211726455,0.7286624465373536
3470,9160,OK,607,607,,34.815792,0.23483790743777602,0.07682190298656794,1.2318780746554996,1.2564131638776999,0.006865348390623968,10.26511447227842,0.7633248192720727,0.18550145549042463,0.11997201031906402,0.6688731458639205,1.1137187149785195,68.41134840830635,52.17602261773722,-0.06293257222338222,-0.6851992255290507,-0.011579454255217198,-0.006238372032981704,0.7282369259299604
3470,9150,OK,451,451,,37.88381,0.4384865889561048,0.33454109012407585,1.4734950278343213,1.5733327132962793,0.017344852628686017,13.06707681083802,0.8219645225412925,0.18822881880173747,0.09911049941701888,0.7202537566588383,1.1703024833251863,68.27643247985188,51.94789955383312,-0.22306533280681784,-0.6820152522642516,-0.008015125663307383,-0.0065425394152381884,0.7312647595895283
3470,9140,OK,427,427,,38.454445,0.5873476667910402,0.5067744599848598,2.212329694073098,2.344397643373537,0.008879241048218665,15.946558507321107,1.016043275830377,0.2065720054392508,0.09872964640981602,0.7957224108174952,1.1055025080298788,68.12436057421097,51.171076141333415,0.3277553556410659,-0.6892021234396161,-0.00986916705399838,-0.008290763766289124,0.7244544815405285
3490,9180,OK,653,653,,30.877903,0.08327692089596576,0.003831661395840874,1.6244615352289715,1.6265992151176738,0.014179376670353416,9.440035970597318,1.1428446785253756,0.2123213481567099,0.10271631833998107,1.0871737511938893,1.0870029021754908,68.64143815482726,56.36622620261992,0.1811235310790282,-0.6854543697021036,-0.01035908827210102,-0.00012796783884344538,0.7280418806433425
3490,9240,OK,1357,1357,,18.920559,0.08455392703771764,0.19102624233446877,0.3747360766427157,0.42903090678353484,0.014634956697476893,8.92869052382415,0.5303639503599753,0.1719587470612166,0.08718727211849536,0.4283116014297512,1.0428240278103809,68.70148237650548,58.37181117540593,0.09235482350796143,-0.6859441208430251,-0.010625411766930791,0.00032320737440195036,0.7275765658971334
3490,9250,OK,1337,1337,,14.990674,0.14589742825570529,0.21218608255440266,0.32025818926031313,0.4109431846249637,0.00804010398502894,12.076850499795713,0.563106390933146,0.13765013537573723,0.09688897452281453,0.5266310404488634,1.0105152838700469,68.59028896202834,58.31888381592661,0.09453746736032165,-0.686962920315589,-0.010541026688300722,-0.003808844482209928,0.7266060318849167
3490,9170,OK,512,512,,35.298927,0.16072135066948479,0.12653891311491028,1.9445995919885686,1.9553288782850402,0.01927683909108781,12.18366734486394,1.0162990081917527,0.2403181563097574,0.10137351699857777,0.914255039371052,1.1239305032190638,68.56528558083298,56.050815801116585,0.11163779814604602,-0.6830200433447884,-0.008906186941986683,0.0008303214783543512,0.730344857440429
3490,9160,OK,446,446,,38.17866,0.33330870614997354,0.1010819823079101,2.1788811516319786,2.2065437529493415,0.013795665917682748,14.855098010591373,0.9796938540478677,0.22939728528427406,0.11962375796468244,0.8563940682141031,1.1825850976746184,68.9477673494709,55.82754652832547,0.08064671837774207,-0.6850897882601714,-0.015592255377325307,-5.038886972429654e-05,0.7282917417181413
3510,9200,OK,646,646,,31.67974,0.3740394887505807,0.04618969678335799,1.3338789044995538,1.3860995487708176,0.017588915775083834,8.530262492733176,0.8584799490040451,0.2539596914691744,0.12247992514124029,0.7498317894377529,1.2420976373523678,68.48572029633334,61.49307579173713,0.377933680244412,-0.6861015942591477,-0.008644226136285809,0.00042841970001184225,0.7274542570953318
3510,9260,OK,1293,1293,,19.734161,0.20595325282727595,0.19182543018860537,2.4798388445756743,2.4957592898922756,0.012560954056142564,10.369268724086172,1.2065606838052656,0.4379496676075534,0.28124667254079805,1.0557311435955983,1.27274843944777,68.70419482722066,60.36517967152542,0.02976921968442703,-0.6828914212740916,-0.014091163337953903,-0.001791805574526724,0.7303817736627997
3510,9190,OK,520,520,,33.493084,0.28014824316528353,0.05018318240715822,1.5712707955854643,1.5968385337925945,0.019133039296522193,11.461295523705072,0.8026539799725433,0.21345580298308775,0.1136638739021657,0.7052339234277483,1.1714544045471493,68.56730010504693,61.25517342818571,0.40263603856252284,-0.684690453314529,-0.009060310484615416,0.0014691458504681905,0.7287761902836407
3510,9270,OK,1395,1395,,24.358599,0.2590425016081237,0.16728788651981796,2.28334751376247,2.304075546335431,0.013240461580172877,13.670106421630306,0.9736860698120074,0.3384942439696643,0.22974148427893715,0.8637618480328726,1.2512637946627447,68.64450600846297,60.554924961798996,0.13184519531734834,-0.6850912771778712,-0.011830804278111864,-3.343149438440606e-05,0.7283611555315546
3510,9280,OK,934,934,,43.748238,0.42287731677602136,0.11885957119868973,5.053016381835686,5.072073281983319,0.010881445588206263,17.021916976650108,1.4135628470658714,0.4237578959711809,0.32111109942866234,1.274557166327929,1.3086116098582055,68.50392695581462,57.78576891660745,0.009601919338088682,-0.6853709522741613,-0.012018650014259724,-0.001281590797439305,0.7280937902191392
3530,9270,OK,1650,1650,,17.59383,0.14195142681458556,0.12501918573666998,1.3543653012053323,1.3675106483994803,0.005751473195083502,8.595511324517217,0.49303190194634294,0.16227359508988748,0.12674052620762932,0.438186979360621,1.1277986044932689,68.7961029267474,66.5608745539961,0.44179723486123,-0.6808103832852571,-0.014900762922302373,-0.0022342368873777886,0.7323047162628721
3530,9280,OK,1222,1222,,22.161114,0.2877515907858376,0.006800029046211797,4.89381719838183,4.902274369063058,0.005093117847721431,11.947357693039208,1.0158401720965244,0.4215538529254943,0.3505483821404136,0.792670399327994,1.1509047317815906,68.7526472308517,63.01759313169043,0.3189495930590797,-0.6813216384517714,-0.01578685679441242,-0.001467933573492948,0.7318124386077147
3530,9210,OK,498,498,,37.50173,0.5293964065758279,0.044148793877744674,1.4145436185257427,1.5110073858218434,0.00508214638897666,10.542647052973392,1.1346161003359523,0.4551465476248376,0.2438967024453338,0.9209429860313989,1.1973105924438443,68.45105800164279,66.4835677652985,0.6412821458193909,-0.6832329311211824,-0.012452395270177103,-0.0032556849934198377,0.7300870497405199
3530,9300,OK,982,982,,38.203545,0.28842954493574613,0.1770267527420225,3.0033790241723963,3.02238575241761,0.009097166850393912,18.771394533191213,0.9926319345100069,0.35575680401221477,0.2874016692328949,0.8449870946659388,1.0834819395950566,68.5860179265762,64.91631350660596,0.35645509633263145,-0.6833105698928992,-0.015434561495088496,-0.005791003821767026,0.7299417125078083
3530,9290,OK,1135,1135,,33.943657,0.2194020144948048,0.04705981509211665,2.599434229704867,2.6091014132689856,0.008337574199807983,15.389859659202433,0.5649650110075302,0.15818754031880394,0.1265082924549854,0.5152010417488184,0.9744560731823452,68.75448316811035,65.3085244628131,0.5546422856925033,-0.6841797999018745,-0.017088506406415117,-0.0037261819645336737,0.7291036276984199
3550,9230,OK,660,660,,39.868813,0.7544293677167468,0.015547073805366046,10.5415405675123,10.5685137516533,0.011861347058364542,9.58111669012916,0.8943375978324771,0.35955412089876937,0.22650605243017363,0.6609153647321477,1.0601517734757229,68.45385276302913,62.70976634723048,0.3486775229782101,-0.6945688795554642,-0.01651947809761188,0.00391029816173581,0.7192258949486844
3550,9300,OK,1142,1142,,35.75277,0.2780849535496499,0.06270244261149838,4.398218034418784,4.407446507444735,0.003915246327129328,13.394223188844682,0.8836120487105603,0.40182782074860457,0.2966064613889108,0.6846181264497719,1.0633989776064914,68.81163687007813,68.86235033571234,0.5986457832086933,-0.6938417420003624,-0.018643184474803433,-0.001587484161365,0.7198843994868748
3550,9290,OK,1402,1402,,17.481548,0.19357628459315246,0.07669491334875603,1.5994205649152171,1.6129166225084837,0.008152306425118975,10.01291585846182,0.5585192212467751,0.14738604768368635,0.11135234770235297,0.5222562537788398,0.9389278547525074,68.79428098522747,71.66141892482953,0.7005178614656443,-0.6945726431061724,-0.019324688409790732,-0.003965510456108843,0.719152052484864
3550,9220,OK,551,551,,52.333317,0.13680625748033742,0.1152685463546768,14.009576600550371,14.010718729478263,0.015259852875991922,12.760069717701427,1.3824906988535435,0.5418436241084986,0.32714727017958767,1.1761594376765832,1.1924092537205517,69.1551544233985,59.26004051776877,0.3550635331378358,-0.6937987678854542,-0.024811160267383475,-0.002075892206619605,0.7197384015587597
3550,9310,OK,1112,1112,,33.521717,0.40555718917992223,0.08306072914691809,8.510239494127052,8.520302340047671,0.005939284687547641,16.70428257955502,1.5290236688883387,0.6238919640353348,0.4351155625383023,1.2464590291389541,1.1574934185219141,68.66204182854837,64.75459043296769,0.3980372548247692,-0.6933753715857793,-0.01767276360778611,-0.004257217744561237,0.720347238213503
3570,9320,OK,1231,1231,,35.39485,0.25438990259203736,0.17457099290236044,3.8062282517968278,3.8187121859181845,0.010857630169338007,14.258496488283514,2.1574763521373583,0.5203393091288795,0.4126677375617658,2.048734492612982,1.1501710442889592,68.85807972946179,75.06420399455325,0.7701432968429058,-0.7042057158184241,-0.017228235280569437,0.000849173555449804,0.7097864302887531
3570,9250,OK,616,616,,54.677067,0.031000709627823697,0.02346457087535808,1.1460248149082686,1.1466841354398014,0.018306090695701504,8.85847893380511,1.0369724688283455,0.2176876629516461,0.0953630305298388,1.009702386865257,0.8655345495143117,69.01230670158407,77.72911233837834,0.7676729813767247,-0.705182460408412,-0.022038237974599695,0.0022045363191784046,0.7086798668079479
3570,9310,OK,1399,1399,,31.126165,0.15857312509608945,0.1949437423992044,2.4947183799867005,2.5073428752659286,0.007506737049584946,11.073926154986259,1.8875249212891574,0.49572640388951017,0.3464081638619305,1.7533760974793458,1.112873521295018,68.96396745322565,76.37824226108977,0.6957406854456487,-0.7031730338938356,-0.01736963516845965,0.002906031341716495,0.7108006296849309
3570,9330,OK,1045,1045,,36.31655,0.2660919270640477,0.2577040387145572,4.437176067047989,4.45261133888889,0.009781587744506338,17.297959633102042,1.0254317472528025,0.3972678319850269,0.3244405433389752,0.8338893195140074,1.1207332407001147,68.81972876116201,74.43598368622949,0.5911383451139861,-0.7023070237974519,-0.017391391005064216,-0.0007969191036055733,0.7116612598446093
3570,9240,OK,539,539,,66.729454,0.2510708485911094,0.13176270569189918,1.8393289740627203,1.861055898260482,0.012357019067329769,12.0048834695267,0.916266947615377,0.33570805146280525,0.15048874419389535,0.7873722739317346,0.9158261825191039,69.11646640728974,80.72030405695799,0.9091445804147695,-0.7038989495345227,-0.019747385016351482,0.003646043980833118,0.7100162082604179
3590,9270,OK,690,690,,54.2491,2.0988093879324903,0.41776030955505133,4.759715070390243,5.218659988389077,0.017401920041912523,8.144649608987908,0.7157324026048475,0.09404549729226752,0.068228484714568,0.6993292750663986,0.9931208504477196,67.12460210888374,79.79502546454452,1.23161037637608,-0.7052050049287404,-0.00871662660597001,0.005050373590568718,0.7089318833080248
3590,9330,OK,1219,1219,,27.767149,0.15593354035897578,0.1381078832692545,2.2568112919234693,2.266403817456915,0.014026044218266184,11.571240533340337,0.9591402041710984,0.28499059963119855,0.23242764584592152,0.8804405978889163,1.0914774896631683,68.99556660875056,82.33539950406175,0.7752062223154894,-0.7047288388169108,-0.022766952375124654,0.001385534177476162,0.7091100125610695
3590,9340,OK,1088,1088,,28.42744,0.1340895966699575,0.2507718224332276,0.11072102979035492,0.3051649935681201,0.017361815400295647,14.48708100569841,1.4051740864789237,0.22676448523945153,0.1959171197204294,1.338796350885815,1.130495391250312,68.89323664353493,84.70343602204254,0.6894493640824173,-0.7048557769229506,-0.022695943740433603,-0.001265323148674526,0.7089863375505936
3590,9260,OK,553,553,,74.03618,2.267381425730232,0.07252022763365262,6.508556395471876,6.892574560075528,0.011343028119951911,11.44586495486318,0.6614117876364577,0.3140397526831378,0.24488951634397704,0.4813967744932981,1.0819765481369934,67.02330470785866,78.04153178223895,0.8513105310257234,-0.7045619921822055,-0.012142704808372375,0.0026726010349435348,0.7095335165415982
3590,9250,OK,480,480,,69.64299,0.8464959982238419,0.2111774389644775,4.238993847127093,4.327842444188319,0.01622193144504669,14.584642353418134,0.8398663501113424,0.18964960616229587,0.10052869958590982,0.809922576976501,0.8672631610989302,68.31647892603647,80.33290547342006,0.8787583356905062,0.7091237403743275,0.016466958939870224,-0.005961823892858481,-0.7048665240715198
3610,9280,OK,665,665,,64.746315,2.2759393776604564,0.246099335370215,3.841625394339208,4.471973904674199,0.018484232792778877,10.496353406756821,0.470013518242127,0.12123465582441939,0.1328496373732022,0.4265203284761152,1.0091497992046214,67.02105707563132,86.39135187077312,0.7053976262376433,-0.7002115009830827,-0.005060793933152295,0.018042866290979048,0.7136894963720501
3610,9350,OK,1429,1429,,22.05249,0.06978318701960118,0.15467270183970855,1.4988493631615967,1.5084239295817776,0.02868071571025143,11.530467905157938,1.2602472809404566,0.08902330425292732,0.0805415981417752,1.2274305713381874,1.056133546135696,68.79660435577344,91.79729493526354,0.8943922383008363,-0.7052715871846916,-0.020151500490228055,0.008024774087963989,0.7086053262139759
3610,9270,OK,541,541,,67.64479,0.17370394501870046,0.04138824240324659,13.027651197378088,13.02887492332592,0.022174503895301605,13.849288957731822,0.6552022327184752,0.1570476995097729,0.11207371292928858,0.6087764335084263,1.074065398322918,69.7993267566898,77.30516761215839,0.7988810786805216,-0.7007279452477879,-0.0248796341012022,0.019818395152963394,0.7127191464871447
3610,9360,OK,1443,1443,,21.614918,0.04551998907251731,0.11465411655344607,0.5696728817006633,0.5828763402240232,0.017142514009057246,14.08337437608862,1.1566341233934323,0.09092093053693828,0.09692803476461481,1.1113899019229843,1.0832345859259815,68.82580362697665,90.87360402925331,0.9392895583322214,-0.7047829345274926,-0.01506024213544119,0.012564447640313349,0.7091518447844098
3630,9360,OK,1558,1558,,18.707266,0.21547878168939183,0.18316068718725007,1.8860757638686945,1.907160383853998,0.009658269909746024,8.42162429780196,0.808679374508531,0.16233990894093164,0.06039780967731234,0.7290777201424774,1.0453670966701967,69.16316726140056,97.86215530129033,0.8174944341967305,-0.7039073798757551,-0.003731074092804165,0.016496092441501485,0.7100903876104256
3630,9290,OK,616,616,,62.55294,2.3344533524824227,0.009296950684440374,3.7782865106231824,4.44130699733373,0.023230936235786172,12.720116485238293,0.6532267275184526,0.13982908037870823,0.07979275022068777,0.6342811827971455,0.9172657895371229,66.94321996218599,92.1530271464634,1.0375197863790695,-0.70424198301486,0.010258610508886414,0.021635291178890112,0.7095561319905066
3630,9370,OK,1520,1520,,17.546333,0.35771193345735663,0.13992971044524205,2.405475346885421,2.4359494649266895,0.02427638058803123,10.717563793740666,1.152699959398001,0.20823604432161424,0.08511053737284824,1.0038562065572592,0.954118059417721,69.10459672464376,98.41021299069442,0.8660577957319987,-0.7037898773988882,0.006861332224261197,0.011601901884832651,0.7102803154133028
3630,9280,OK,544,544,,67.4212,1.547407491716524,0.2964828064769981,7.556295704081631,7.71880669323176,0.009889808245717968,16.163890452535103,0.5453381241176299,0.12386154706299557,0.12808345371037794,0.5116497276119727,1.008280426160333,67.78497057684349,88.37716273168911,1.2084887387094334,-0.7049100830247486,-0.00021456345015388948,0.016163835189305455,0.7091124447113735
3650,9310,OK,599,599,,64.79745,0.565975839424492,0.22102010424534063,1.7652454260065262,1.8668877714875745,0.006639234971901457,10.905000499731294,0.9477966831036406,0.11955892453228312,0.13644054193757765,0.874963237376436,1.032446110316729,68.57593839192046,99.07868671922941,1.1700028305187722,0.7108396284781454,-0.00988859371855117,-0.012931988412081888,-0.7031657002265053
3650,9290,OK,525,525,,64.46777,0.29847721341783057,0.608515075237708,4.469994047598499,4.521086819481267,0.02003061966010271,17.59767154622163,0.6584026427906191,0.22885126625281993,0.09574739247708108,0.5990405001901191,0.9133957743048007,68.78529416372716,96.3826200226554,1.434081141760393,0.7137692275509836,-0.011920001429454203,-0.01833304825338295,-0.7000395008204416
3650,9300,OK,496,496,,60.387726,1.1999422344500494,0.5849514132944338,3.037352247196896,3.317761021454705,0.01236184210171971,14.215237712647847,0.5361294354116296,0.1486068847059978,0.06127712553369724,0.4533192466680749,0.9676020971726728,68.05167840235598,97.82154734851252,1.4939844888059268,0.7126167772292035,-0.013977685607532346,-0.010456002664691799,-0.7013363138500648
3650,9280,OK,490,490,,71.73813,0.4409424399125487,0.5313381512181019,6.039584852645545,6.078925534875502,0.014008527702073963,21.041371155751726,0.5696642278040343,0.17439217828605247,0.08915854885407892,0.517678027907658,1.0095777966736779,68.70666808649155,94.81120305433875,1.4030791635366806,0.7123962199878486,-0.013065176819542643,-0.015607642707318988,-0.70148223668944
3670,9320,OK,668,668,,60.272564,0.13360018849717153,0.4056133926385781,2.4013460772457638,2.43902320968003,0.01694789278119151,11.723576696768655,0.8601245859345539,0.2778879944700643,0.08201442047597463,0.72222967010876,1.027752452222348,69.35567072487466,107.26889050380649,1.1744831627422663,0.713592322676692,-0.030844518871637593,0.01089629707320718,-0.6997970301327046
3670,9310,OK,563,563,,59.623653,0.06962133513881275,0.5758012391063205,1.1474271163228664,1.2856839364851276,0.024183243629492833,14.90497143976595,0.6966581624562106,0.28572774886952834,0.12116914582212784,0.5284933595912111,0.9491917907677254,69.36240491314804,106.01009554247398,1.3098502982763816,0.7142430786606601,-0.031073483834434,0.006861752572155388,-0.6991739265299958
3670,9300,OK,457,457,,63.024666,0.1935548749559184,0.972602334699205,0.7257758412459516,1.2288894835654727,0.03581921343618147,18.21357740192718,0.8197438003424219,0.27041214114497647,0.112587025015364,0.702808435163881,0.971070414396219,69.07704018762436,105.61487919858304,1.5719606689232528,0.7164568474337298,-0.03737877552009572,0.0019021678252334798,-0.6966267254875484
3670,9280,OK,431,431,,73.797905,0.20978084868286784,3.5916070437584353,1.9638881955452128,4.098842032312437,0.0448152260356114,25.037764349056363,0.7326264651628126,0.27356820014648986,0.1469529636731139,0.5612893953652645,1.012853766587802,69.38176135817746,103.05234530302377,3.529262322264006,0.7254165330976146,-0.03074631294683061,0.012413463483701257,-0.6875110353100902
3690,9340,OK,698,698,,46.77716,0.965628633757346,1.1483134122586698,7.25122313160837,7.4048159501420105,0.03775671983098157,8.712280866322434,2.1449634081071896,0.14388815446121617,0.0797694493228353,1.9504028607967512,1.1245567671724883,70.66516198999273,115.10984540155236,1.6038254731029993,0.7135800801050335,-0.08773250963489226,0.06331879473361565,-0.6921684811257587
3690,9330,OK,677,677,,40.653477,0.1861532530839849,0.3827548101934783,2.3869732519988904,2.4246227715086226,0.030347381480273612,11.615160849700592,1.0952028181458138,0.25843917923830884,0.07952409696738899,0.8714895160802811,1.0759777257158263,70.27621992161306,110.17398400500869,1.082220158512817,0.7095698653218456,-0.08508959853922393,0.06495777120222956,-0.6964559242392949
3690,9320,OK,556,556,,53.2207,0.05244263320626796,1.0607323162897493,2.917464891181245,3.1047551703595273,0.047786447559755585,14.641172301256985,0.8196253360471701,0.3992418677879289,0.1376809187528661,0.6026051370596397,0.9067640370002127,70.3962442771581,110.68741282038364,1.4678862501450032,0.7147029481012782,-0.08906614872143553,0.05799010625236786,-0.6913060571874889
3690,9310,OK,406,406,,60.235863,0.09816395138265666,0.678291294522887,2.708960613553021,2.7943125894141034,0.02744952437691461,17.814332752904356,0.6646075067964613,0.3265943162199947,0.1443049524032276,0.4511302329331386,0.871725638379656,70.33721880748307,110.46932506889266,1.2121455219311255,0.7109233293800057,-0.08173745244592007,0.07059791148488086,-0.6949265741823895
3690,9300,OK,373,373,,63.08148,0.651666453671556,0.7283261997439278,3.4985977765459424,3.632535563780003,0.02510032342059498,21.117053989375393,0.7178232230811874,0.3204920439249648,0.1385829772099093,0.5742497583008674,0.8834568904595252,70.02468517021973,111.35380018157213,1.1999023437400815,0.7109177062996723,-0.08697984716851061,0.06898277420649286,-0.6944579885917729
3690,9290,OK,346,346,,67.93657,0.7688337100740128,3.036928289602555,4.473467897666364,5.461314286999603,0.07160344488121693,24.493552301779005,0.6670193234538979,0.3781928671013467,0.16916814076805586,0.4698487300938803,0.8567978286175063,68.63208641965342,103.75341404076806,2.9275229817824986,0.7242289128828285,-0.1054735307794379,0.0630983965977856,-0.6785178025639889
7000,2560,OK,1859,1859,,19.81909,0.027487214210798305,0.12515812514667612,0.1944087673705548,0.23284087284203314,0.014923341632131623,6.301144284600566,0.7696273627011463,0.15101655245226198,0.07689950478687635,0.6873100976319813,1.0602162792390195,-8.92058433286782,118.30381442720163,1.0363809228375347,0.0012058046483718677,-0.6988307308051221,0.714934023137459,-0.022438767301616556
7000,2570,OK,1662,1662,,19.743338,0.002075766285172198,0.139983683663463,0.862555502900797,0.873843084359034,0.016808505158547624,9.770929683284887,0.983430325668655,0.18611146652136262,0.10768930460656084,0.8962434548592988,1.0343857354425414,-8.922704884101872,117.63823683825937,1.0613606792149841,0.0015605634892056045,-0.7000754347848804,0.7136813069871681,-0.023472160306289413
7000,2510,OK,591,591,,43.163986,0.22358244954589201,0.2062000693918363,1.8091631259862861,1.8345513884300462,0.013106988604400282,11.264696107419617,1.0739159324188414,0.24883414741673926,0.14332983735287597,1.0072327423308352,1.0774733795956604,-8.663498321211407,120.32383616862869,1.3101667651595246,-0.0033877772984742443,-0.7009344209875734,0.7129507080299791,-0.019512774260537206
7000,2580,OK,1481,1481,,19.3331,0.013348580998182036,0.14106940480749125,0.3613051683344555,0.3880981657423725,0.02236356760957744,13.262111210583765,0.7367056322770732,0.14673464051502472,0.09635305366421232,0.7042730064369493,1.111683772902454,-9.018094825680166,118.13931929182202,1.0465987033354125,-9.95535011798417e-05,-0.6998362024914413,0.7138228472350544,-0.02619584960826628
7000,2500,OK,486,486,,47.51482,0.27432012244751225,0.06357810995248439,1.630481993780469,1.6546193633845465,0.006249295775059388,14.606991639642171,1.090590338239723,0.24283547382598902,0.13810364448923174,1.0174356980186356,1.1639256799313982,-8.678719134048908,120.14957073807781,1.201098453776801,-0.0015673494291913613,-0.7001571976182944,0.7138564013059304,-0.013655780959344563
7000,2590,OK,1285,1285,,19.4769,0.17020217767181361,0.2383845721270366,0.06048895198886939,0.29909011823383547,0.007792552595248539,16.765787156814472,0.7197851086283182,0.16106367895611573,0.1038479612765193,0.6803949196158321,1.0863526578157492,-8.707744131409974,118.56642790183183,0.915371988077436,-0.0004036759401606648,-0.6991944493507064,0.7146908568666693,-0.018545569661880194
7020,2580,OK,1811,1811,,18.697681,0.029156408767278555,0.11247946041404172,0.2920534415713725,0.3143198019866418,0.014391907805942404,8.218138636866515,0.7885730144109152,0.19118890184051152,0.1055848712988281,0.7234120304722307,1.0974900475714482,-8.925271669198876,113.17636798209104,1.128107857775056,0.005663216205572969,-0.7036673460272727,0.7100049123670769,-0.026706151571555425
7020,2530,OK,569,569,,37.25837,0.8239538696198991,0.03927593152999475,0.7771997761271496,1.1333499327530072,0.034223896685448264,9.312997559231931,0.8256979547250408,0.21239870126074045,0.13675776945191087,0.7181769999205798,1.1529471352215324,-8.145561826793546,114.27515199061733,1.2096945371708936,-0.011459060221303604,-0.7020393645064309,0.7114843907413393,-0.02827335059161659
7020,2520,OK,532,532,,41.19886,0.7139432161785709,0.4321683128094719,1.0842079178536732,1.3682072853411447,0.02099021154187601,12.820922180985676,0.8996580082514907,0.22834886009072264,0.18292381071148456,0.7676776752792129,1.237494597511531,-8.319361639010435,114.57493119556844,0.9136720426372795,-0.005590021646881341,-0.6993203361799653,0.714500793652357,-0.02020977321197596
7020,2590,OK,1623,1623,,16.774446,0.09170478483221817,0.17456708549170744,0.16034872133430333,0.254155754079538,0.014242416141559543,11.720708776891373,0.7558435954099862,0.17833422875267368,0.09941396456403861,0.7145197563215246,1.0898565049599291,-8.84467758590946,113.31167918457326,1.0498528361880384,0.001544394145628798,-0.702887760670651,0.7107943432251828,-0.026792020924184614
7020,2510,OK,430,430,,44.597054,0.2562931699576354,0.2875996702585685,1.890416363432104,1.9292676813836984,0.010714032283138183,16.297151502293815,0.9262368391029236,0.24210141769675797,0.14362486496490678,0.8588577303049814,1.1293627219354874,-8.699816753928644,115.36669994372136,1.0373577398361777,0.0004533944809456603,-0.7001039658025839,0.7137258618940159,-0.02120437607153599
7020,2600,OK,1248,1248,,20.071472,0.13649431050193483,0.2934595047736118,0.30217890452310847,0.4427880622602172,0.012338807368039252,15.237762807529409,0.6704821678578406,0.16496876117329706,0.0950007176010707,0.615195042452938,1.059382091889509,-8.834133588396684,113.77391198161408,0.8709502352599505,0.0024424703743876146,-0.7016385362439488,0.7120661676353913,-0.025674339426085813
7040,2550,OK,681,681,,30.739641,0.37568540793527605,0.15197930779048816,0.23524688010333517,0.4685918590098676,0.019581715528202728,7.321822374938563,0.9034302752435318,0.2040958005538995,0.11069931852759574,0.8207370501696793,1.125859667885683,-8.542962128268442,108.68047121068412,1.1655550056135446,-0.004900702774494315,-0.6988899860301279,0.714871882076832,-0.022067232609721075
7040,2590,OK,1614,1614,,16.353115,0.020195098200635184,0.06371986227571759,1.1459098764334836,1.1478577907334913,0.01307682501758658,6.690277531705913,0.9336234079868135,0.21101645999291385,0.16695087715145895,0.8745580151605408,1.0179688582117912,-8.940942448519191,107.28920649422714,1.2267406284785782,0.004008597925636141,-0.7035202624023031,0.7102821559464771,-0.023290136884302905
7040,2540,OK,558,558,,33.258266,0.213683066019149,0.11988822393746829,1.323317008027125,1.345808880441828,0.008790527633401574,10.805129517040498,1.2470813670477243,0.2687949459589243,0.13781367319700788,1.193003554059505,1.0656505659674755,-8.71518075479041,109.76384591070001,1.1449809497128498,-0.0007012624234518779,-0.701087438142431,0.7127920854445146,-0.020083705772501233
7040,2600,OK,1485,1485,,19.315813,0.015150914197884835,0.10033775783532192,0.39800569110177264,0.4107380503409089,0.01462532817532418,10.206880590050293,0.6706314984602402,0.15821287745789792,0.1029128773654,0.6233803991754456,1.0209886062478954,-8.968435459376176,108.03874038311051,1.1824168427149522,0.0025514370971049033,-0.7029246882340424,0.7108375114073312,-0.02450316746965656
7040,2530,OK,449,449,,39.67989,0.6365331602263424,0.08017911344643404,0.8070355564772136,1.0309750451486577,0.024059726521055095,14.33170226015315,0.8991100614270248,0.26943142827676336,0.13605995518813074,0.8040820676619092,1.1716505489428566,-8.363232741971192,109.26396342854814,1.329781992174775,-0.008054610855556024,-0.7020049638405941,0.7117417743227828,-0.023405141977538218
7040,2520,OK,426,426,,44.63986,0.5973246009389369,0.48141617195713315,0.850195332738501,1.145159514355555,0.01764059978079022,17.843040500575892,0.8969106652208672,0.286733586128574,0.1377299680332555,0.7555925683585283,1.2460819643120207,-8.510447637937919,109.30017811567335,0.9559710899918045,-0.004288073746793944,-0.698280557420047,0.7156446751568118,-0.015445856155992005
7040,2610,OK,1291,1291,,21.409666,0.153834109611936,0.17242974408943182,1.878384565590924,1.8925447223717193,0.015162025168322301,13.735529883946327,1.2197409070310483,0.4070250885814657,0.22731394510912084,1.0755741150297178,1.1225356559198714,-8.965675070947423,110.3193849878665,1.0982684340423736,0.0029239772330090525,-0.7029555944843983,0.7107971344340225,-0.024745024158594343
7060,2560,OK,605,605,,31.368307,0.43904668061792945,0.15888192572247642,1.0371677639626942,1.137419194794197,0.02825031209508641,9.323149145943358,0.9637385915800967,0.17841347625254578,0.109103101720186,0.8957902750911333,1.082897125478552,-8.58485901999113,103.96457803301807,1.149723481001455,-0.009507280048296924,-0.7008868823635337,0.7129705765763813,-0.018443066262191766
7060,2610,OK,1626,1626,,20.342417,0.07456889260126764,0.14774236903414298,1.2241035217544045,1.235239960219526,0.012288456330754273,8.219763157919518,1.0582060584413726,0.3933251367860482,0.20132140371565457,0.9260658099972665,1.077107458878306,-9.010063604754592,104.14644968681904,1.1335224940253497,0.004199535359073281,-0.7040934466752707,0.709898164353126,-0.016714619342596878
7060,2620,OK,1357,1357,,20.646288,0.1847975473454615,0.15721664384595388,3.2444986569439553,3.253557858947373,0.012986676049599626,11.721362404290776,2.018477516161406,0.7384687013991889,0.35178121693444697,1.7525034897545142,1.1897310215601105,-9.021425877628227,106.17078826854804,1.1114580670667549,0.005527975314356261,-0.7039561386002411,0.7100303550286315,-0.01649519184118808
7060,2550,OK,447,447,,37.767323,0.5594682573295273,0.033748677578204135,1.374641886151995,1.484514742049108,0.021142686189926645,12.82882392050141,1.0873804836794683,0.2635328212164376,0.1351122592497629,0.9976670828912688,1.17462690581959,-8.515379814450466,104.3079068324835,1.3359219995041858,-0.00738935570501318,-0.7017035970725269,0.7122686796855339,-0.015191682486401539
7060,2630,OK,1347,1347,,17.528925,0.252890569469977,0.21417235853888006,3.04103860252739,3.0590422065330674,0.009640858988484812,15.239004394741091,1.7948766019874154,0.63807121988557,0.35294345609903055,1.6121651038308231,1.2317763845282161,-8.915909211483582,105.96814308723548,1.004110771046977,0.0035447129381187374,-0.70275111282415,0.7112550756319913,-0.01563732145654723
7060,2540,OK,410,410,,39.54519,0.8993826548235,0.2869915130628657,3.506732426071469,3.6315872007193457,0.03318913724671477,16.314707728302242,1.6443026775178147,0.32500087152445367,0.17283856363288352,1.5703740582743713,1.0947256535596075,-8.243934706579777,106.43937416599734,1.0641654954995028,-0.012141823883351738,-0.6999253193369691,0.7138790026048215,-0.018272742097802476
7080,2630,OK,1652,1652,,16.722736,0.1900904474029021,0.16003496706175802,1.9457828078772916,1.9615851509193096,0.008289332321745375,9.090642957268537,1.678985112403483,0.5766278942298193,0.29394131989350125,1.4812713233093424,1.171403537876058,-8.972402703104963,98.7196087951917,1.046773803664184,0.005293243030999019,-0.7025758190318853,0.7115698771193131,-0.005245003936694198
7080,2580,OK,559,559,,31.257442,0.3086685194282433,0.013151609414497972,1.734267992200568,1.7615716529530112,0.025414486687188542,8.487184262998987,1.1906509967512826,0.24472971383203057,0.18808627975098968,1.1329458022341292,1.018539399907452,-8.773962127412549,98.508107438837,1.2483111376964189,-0.003853245194469079,-0.7029699053718863,0.7111238903071256,-0.01101259630476646
7080,2640,OK,1281,1281,,24.249245,0.12712156952472364,0.19406879974506225,1.9543157081684885,1.9680377231310935,0.011691743970844784,12.637862394557411,1.1271415133515315,0.4060745734509974,0.224228522925928,0.9512662678435877,1.1241985730979265,-9.124520747324327,98.730415373083,1.003238284528455,0.007287072877368075,-0.7026512090130236,0.7114674050562725,-0.006504504893509349
7080,2650,OK,1188,1188,,26.60841,0.24435008319464224,0.2350900400621329,2.583747204346029,2.605901745281192,0.008617592326327946,16.193602517198592,1.1687041547856882,0.4578677290890045,0.279486521783721,0.9934764078209177,1.1892185131989745,-8.990836307143836,99.36054159469242,0.9772734747424157,0.0055376873939261394,-0.7033047122765411,0.7108438080085664,-0.005735531694552467
7080,2570,OK,404,404,,32.812626,0.010676748260902147,0.051913334621562696,2.8063557747963372,2.8068561990236884,0.026075956703385954,11.984257044898717,1.70834615792348,0.3193031796900545,0.2262536155619883,1.6374136694527364,1.0128372302892248,-8.991391063613387,99.57185664758134,1.1921849807018767,-7.126902876272854e-06,-0.703169591810605,0.71088878171231,-0.013771896663205468
7080,2560,OK,398,398,,41.90582,0.7837385237877079,0.3503591271480987,4.668162710318979,4.746445057267339,0.032432875935737356,15.468585401544955,1.3510154795189269,0.21814084861004002,0.15916834295400006,1.2754400545977473,1.0957389120066698,-8.429488318495624,101.44034928442247,0.95473604903241,-0.00938944514576998,-0.7010095686548949,0.7130363164974508,-0.008754103602298745
7100,2640,OK,1662,1662,,19.480528,0.4190575761196848,0.012785752401196865,1.350556764203887,1.414134470587802,0.01569723017786908,5.866691698845552,1.0206101610561065,0.22127045587861094,0.10314158035722532,0.9011830615977878,1.0171021430598952,-8.833092342917642,91.34799674586986,1.1480085515567913,0.010852553119389785,-0.7012076925922055,0.7127635017800347,0.012577140794645721
7100,2650,OK,1435,1435,,21.012657,0.2394522008490768,0.1081716602663729,2.6400422673545574,2.653085305450023,0.006818264233877338,9.421893862439324,1.0657178421476732,0.41307415263481584,0.2563022937752275,0.8291235041529657,1.1138052747470786,-9.009779912752066,92.63710772594689,1.0560232038735144,0.00804017371774464,-0.7025164393416821,0.7115599636706583,0.009403518611909228
7100,2600,OK,648,648,,30.791159,0.8469643952346362,0.25248889776338956,2.7928044928572993,2.9293098616590325,0.03013905380315519,8.23235658599417,1.008806756739118,0.2314269068753274,0.14205528971079673,0.9592832483895406,0.947151900817176,-8.505901616980218,92.77941771021571,1.0235296505833271,-0.007026427104908022,-0.7005563317957849,0.7135478758801612,0.004569915741417966
7100,2590,OK,464,464,,33.607418,0.3126223886563942,0.14853349635511956,9.757115264901818,9.763252186131872,0.011938925462900814,11.751956259495229,1.1178695946178323,0.25868926300953676,0.17821064901392614,1.0615629725652136,0.9852729142301402,-9.55734820420814,99.75094325847769,1.3258415552475902,0.008088761014322994,-0.702697512162626,0.711440944566487,0.0016002312501919003
7100,2660,OK,1492,1492,,21.096905,0.14369734768294457,0.09059940386826157,1.3619405130601674,1.3724937671359347,0.005976596565786369,13.007399863572342,0.7824787209055142,0.22881197450776208,0.11325961888994751,0.6318574623661832,1.12864235679175,-9.183215332900982,91.36311575960485,1.1305712467322784,0.006841418551264134,-0.7037471785585286,0.7104053751118653,0.004160129239173789
7100,2580,OK,371,371,,38.28542,0.8976270521010447,0.08802496704186999,6.661134588055015,6.72191912474921,0.048869540508865446,15.259093571021499,1.0951803771452664,0.23073578352932334,0.15423321103744936,1.0273870816294952,1.0875464549789093,-8.40078954104542,96.65738980551846,1.1582728202989978,-0.011717569913328403,-0.7017799406221519,0.7122486453782747,-0.008335505534030235
7100,2670,OK,1158,1158,,25.028774,0.07957424390216356,0.18434762254632342,0.6152972485240173,0.6472301061232466,0.006701862619599054,16.648195079612055,0.8108878915402421,0.23211694743546152,0.09164915450049071,0.735648077925112,1.0515537283059406,-9.226194235398518,89.38415544835581,1.0257227712487322,0.005680036759606929,-0.7031430476776294,0.7110125092134437,0.004336291852188044
7120,2670,OK,1645,1645,,20.411297,0.10915856472345387,0.09806651294477045,2.1808439760958382,2.185775167140284,0.007156396988421053,9.48038214092495,1.057066088061242,0.17872017949686858,0.10994500442838162,0.8608905320442997,0.9792794909134412,-9.39474046001873,85.02725025824566,1.0448170506274996,-0.00914279354514885,0.7074602704119266,-0.7066032320381022,-0.01132464516806183
7120,2620,OK,577,577,,37.92653,0.00014320465544592764,0.17785602067612688,7.858366031414075,7.86037845579212,0.02321683723295626,8.368087788493863,1.2640196591496216,0.32200467048114323,0.17352902658280533,0.8851228315760991,0.992649277914473,-9.49123050568623,90.70163247881915,1.4453008264257854,-0.016934378600350474,0.7108845921278992,-0.7028863395987486,-0.017524756832638037
7120,2680,OK,1282,1282,,21.580894,0.13635286786670903,0.04918157606370649,2.4397005776465015,2.444002831538511,0.007216501240319779,13.189894107299363,0.9086448199082398,0.13444953539958393,0.09570547078324765,0.6551836200979126,0.946998296401681,-9.376806844156704,85.28719282709255,1.0589885671247146,-0.00805818071518126,0.7071996888246429,-0.7069030526427308,-0.009578100765713127
7120,2610,OK,476,476,,44.61653,0.16764224845955794,0.2596571075127028,9.142812062338564,9.14803466019855,0.022860931387741194,11.870382958509026,0.8727486644968787,0.3364290791339073,0.19391401670302108,0.5951972160761683,1.0201828888424525,-9.321072833015442,91.98530025794506,1.522599122643266,-0.015921613961465575,0.7110058823230387,-0.702769175699518,-0.018237960344268764
7120,2600,OK,382,382,,44.17261,0.12153945134325861,1.1451229883921274,10.682657226871427,10.744544844878504,0.02676058818138071,15.40064491085132,1.1985784382523328,0.2666251946086161,0.1554294085940111,1.150086272370081,0.9728001498477404,-9.551449069963631,93.49922052465794,2.3667866993423163,-0.01669393798978144,0.715439373201416,-0.6982860372813716,-0.016261176016419514
7120,2690,OK,1165,1165,,25.082056,0.2772459730517893,0.02823448750147478,3.142221643093581,3.1545553363641647,0.002876216892496202,16.95160579435037,0.9278715216239216,0.173181979260293,0.12073197870850394,0.7122473094957433,0.9917088191266724,-9.272732264544812,85.989661818955,1.1654440688755257,-0.009696944894115602,0.7092427583475512,-0.70483002212773,-0.00976313979726827
7140,2640,OK,602,602,,36.897682,0.6338474991980535,0.36668402945047596,7.3938018409761455,7.429974797623199,0.013528761514451804,8.725360592097903,1.1875306367918226,0.408863439949827,0.18618833824493164,0.511025936805714,1.03779189161311,-9.11418713534685,82.82987810129349,0.8238933492058684,-0.01608515970156888,0.7091750293312525,-0.7045902715480706,-0.019094361738697375
7140,2690,OK,1456,1456,,23.46487,0.0723117458224275,0.11915925678618103,1.759619481114008,1.7651313365802708,0.009030770263504422,9.531736234659645,0.8734883197283607,0.24338998946999135,0.13015948858284987,0.7102153522627925,1.0869294552995323,-9.746806925438637,77.20165100335625,0.928593751707592,-0.01940789655983339,0.7119048071493204,-0.7018722593346269,-0.013791688994378763
7140,2630,OK,535,535,,40.161724,0.010737985403075523,0.02969194976706012,16.63856949152973,16.6385994494932,0.02133954912244392,12.270914547034092,0.7078288987612638,0.24401784939736326,0.15197093869990064,0.4381291708288666,1.0709215122350297,-9.743737243364935,92.06942322816417,1.4151841986643718,-0.02619516104235155,0.7133959486923691,-0.6999818351428213,-0.020136146537210166
7140,2700,OK,1406,1406,,22.91409,0.22880287099907842,0.1668797152070678,1.9403406745331697,1.9608981427837726,0.0077584203849251675,13.357961649575051,0.8137606010659131,0.22102723634143762,0.14881784488208583,0.7258291509499779,1.1189844468700763,-9.526796512471511,77.38352824310846,0.8114144793152666,-0.01733873008470423,0.7108580674311709,-0.7029334616394719,-0.01627036922199017
7140,2620,OK,375,375,,40.598156,0.5832169528959626,0.2377539566959745,20.44427606310511,20.453974985379308,0.0064026704255271604,15.788171293779719,1.0285001344229365,0.2016100299547543,0.10605647176985133,0.9048229133304799,0.9679013160024492,-9.154724765502275,95.88277436612151,1.185385403678875,-0.01893477703291065,0.7135467162699692,-0.700121073995313,-0.017973304279052787
7140,2710,OK,1196,1196,,24.351295,0.4018916575466458,0.18153937753282112,3.7495565066626853,3.775400302836386,0.009888592097261348,17.180992471732957,0.9234112672572676,0.2570033256111377,0.1899013296087284,0.8097121811487389,1.1448966915807584,-9.272634784135192,79.19046727455674,0.7718884461868827,-0.01725791380761993,0.7107833921179132,-0.7029371578317691,-0.019195990199942326
7160,2710,OK,1418,1418,,19.464848,0.09033761297813622,0.054794166319881925,2.6063040072490704,2.6084447211286346,0.004979260550973626,9.591365263076549,0.6655012354811576,0.25917598564751676,0.15954075526248296,0.4104127234251864,1.0260407388485395,-9.942323006932687,70.47636990955583,0.8587701310464169,-0.015230261645498185,0.7204186744338075,-0.6932209367637926,-0.014481211605923859
7160,2660,OK,547,547,,37.934185,0.8395914043550593,0.573357708276027,14.356309296264682,14.392264220681962,0.017957386988718405,9.17090985105598,1.0175646155350244,0.2388544240285455,0.17016776499677533,0.72180983300579,1.0491155036766848,-9.064510115003106,82.22648179191631,0.7312631697792138,-0.0065838621248674135,0.7177572605174365,-0.6961236002087947,-0.013896077373543985
7160,2720,OK,1290,1290,,21.664597,0.0934262682242672,0.0775337500241834,3.16578397182562,3.1681111259321577,0.011403010205791098,13.396335168131774,0.6942119299812247,0.33417974420536045,0.18085864832250875,0.48551781003217975,1.01040192605031,-10.064194528340398,71.03893602055851,0.8746842754531746,-0.017170312118872866,0.7207414301295653,-0.6928891193873803,-0.011901239898021406
7160,2650,OK,434,434,,46.185204,1.3077038211564278,0.4670943348546607,14.147708563461466,14.215692877878352,0.022846591792381153,12.75830591430394,1.172090218832797,0.23111020843500318,0.13819347734612086,0.7781510104134313,0.9627149853249554,-8.614881620942063,82.0099318483654,0.8630036683719808,-0.0037306309630250234,0.7198358130769036,-0.6940314407720243,-0.011951728930950083
7160,2640,OK,398,398,,54.033234,0.055852213748412094,0.5061107823058808,19.89033237789502,19.896848737850068,0.014255713102966222,16.31381463640971,1.2490028390390624,0.2930840521678677,0.165134791791282,0.7513508273593033,0.9821726557491636,-9.906736143867278,87.75968091211065,1.087115206552121,-0.02083541763369247,0.720746847940064,-0.6927337971490536,-0.014482846541541979
7160,2730,OK,1199,1199,,21.512772,0.15898016640447,0.09367850415327561,1.404717144412004,1.4167853088084317,0.004762205025084566,17.07868246096778,0.7254431547493475,0.17722693401358525,0.10923865921536446,0.6702816185598746,0.993174362297521,-9.87870939303131,69.27519136406515,0.8308491156409099,-0.014411711493581288,0.7215807816529799,-0.6920208340340948,-0.014854069599142632
7180,2680,OK,615,615,,39.845333,0.2853258186443718,0.043860037891593366,2.1190527920475057,2.1386255542271218,0.00871251082678511,9.4914155777532,0.7986918289896925,0.13652490410568707,0.05670211515284729,0.7288677583918837,0.9131238514367451,-10.040411386934053,62.32806239991951,0.6076540289932449,-0.009375831982863512,0.720248503514024,-0.6934555382479184,-0.016540962297516962
7180,2730,OK,1435,1435,,18.277645,0.015322551345886393,0.04303350575038307,0.0856679209962401,0.09708581711420887,0.013626088583120345,9.409402266456382,1.0976908970001924,0.18491320425031788,0.1141933884010502,1.0613379039874609,1.0095140072209225,-10.338241371971694,60.29612918252616,0.552710351647699,-0.012991189061167153,0.7234551648106881,-0.690200212522357,-0.008217064537318195
7180,2760,OK,1138,1138,,43.76554,0.022681259107767304,0.22742470903161255,2.2558697960360234,2.2674181296047795,0.014739264182175471,19.789595451102684,0.4612217247367444,0.09556238671815476,0.03597757084561337,0.4277186424614081,1.0130140687450815,-10.42990813616632,57.96380054476795,0.3324801302635455,-0.010148992349407382,0.7228192935122495,-0.6909315947866036,-0.006542033811050244
7180,2740,OK,1395,1395,,18.359005,0.02080649950216351,0.11448273678509588,1.05954698372123,1.0659169846456595,0.014399746247383882,13.00168019946855,0.7859343531653415,0.15374057011011089,0.10445033374462342,0.7403589758995448,1.0227829358242848,-10.390159129032405,61.27338829773363,0.5323584616754381,-0.01221682313189562,0.7226771230625172,-0.6910465045840898,-0.006576742108293783
7180,2670,OK,418,418,,57.16146,0.0883576047007319,0.6754661658542352,12.769311089697434,12.787469151985945,0.024039257405761336,13.199649939263981,1.0051840088025599,0.1838315304744207,0.08270149941828192,0.8980125301570601,0.9533109147083129,-10.11685000158165,72.93516233420367,1.6432374136768637,-0.017687361434640645,0.7257263808480705,-0.687508278853228,-0.018459249576136146
7180,2780,OK,1046,1046,,43.984604,0.05596860185917174,0.3016526132066939,3.916026917768505,3.928026680680262,0.00764184650244631,25.74635791506372,0.5554738465177695,0.13192487283554072,0.060877255604647074,0.50445591317721,1.049439948126181,-10.253284114825215,56.30449545276289,0.20675954774519373,-0.012412291715871226,0.7225668963368566,-0.6910664402488813,-0.013045707885050146
7200,2710,OK,671,671,,47.921436,0.1492106405412975,0.6466073037782419,8.316458457233566,8.342891950123878,0.04275567342953376,5.768992818387922,0.7570793212963843,0.2969266091737538,0.19013719701697918,0.5969657780369557,1.0088446990263324,-10.614979451082135,60.80389988682211,1.2092207330887887,-0.029728687772214324,0.7257247398522684,-0.6868385141669177,-0.026318482985924967
7200,2750,OK,1531,1531,,18.317371,0.021788093703522138,0.04964565618600076,0.5379588981072292,0.5406840003718588,0.013463009111466926,8.805086695469173,0.30042175280533506,0.09654189507280175,0.03620584748542677,0.2738446022035843,0.9643765893344698,-10.556240666524275,51.99729107741699,0.17593543631519135,-0.014096488073032497,0.7247799501251976,-0.6887734250258533,-0.009299564434871142
7200,2700,OK,583,583,,50.404846,0.6573832807684943,0.292390582291132,10.546891131654634,10.571402819560973,0.021667440505506914,9.592316373202136,0.5953224778602246,0.24722913556056825,0.1692733803855626,0.4185301214418429,0.98341105787695,-9.828730192661302,63.05726352686121,0.868530415587763,-0.019935424236306676,0.7239522320573752,-0.6892142130072452,-0.02189778866613474
7200,2760,OK,1245,1245,,34.26045,0.04472580866788539,0.09775938156603016,0.5181908709423517,0.5292249742530695,0.012673058857795646,12.09884831466087,0.3416957033000035,0.09887557172647465,0.03548753139743832,0.30936449822508294,0.9898393750337936,-10.561050298153361,52.019943393268946,0.13188593864346798,-0.01361982981983022,0.723900065679176,-0.6897153434965431,-0.008714361181927838
7200,2770,OK,1194,1194,,34.311844,0.06585663266112574,0.19159532722381553,2.4557009243574175,2.464044012465958,0.017957696612484926,15.210019947937862,0.4273595373866298,0.16297577775723315,0.06305355863587536,0.37715014040955586,0.9478826643832327,-10.7383828699343,50.08830537023206,-0.0004625135535766267,-0.01411498251468139,0.7246316391102692,-0.6889633978545638,-0.006260294375563618
7200,2780,OK,1134,1134,,43.42158,0.012050506584214249,0.19750210881830219,1.5198852965611884,1.5327111966706268,0.009476695969409909,18.055642318693717,0.5777350908422624,0.1460526743604606,0.07703671394157086,0.5193318667075317,1.038536550451048,-10.632024020865913,51.024407611935146,0.0025316220917820376,-0.015377538120644421,0.7233664554852939,-0.690212640733517,-0.01053626934238962
7200,2690,OK,462,462,,60.159622,0.4559752330453882,0.11217027108688095,13.76385135080016,13.771858973638595,0.022357174725220096,13.418904983096462,0.748003926517726,0.26901399561036676,0.19344542184894875,0.498067099290215,0.9779949675332202,-10.039339932636913,66.28105848956123,0.8315648158296551,-0.02086515785307699,0.7239541873730534,-0.6891946940983436,-0.021579003672057288
7220,2790,OK,1495,1495,,38.850166,0.0348807118095249,0.043746885652993894,2.5726800851291607,2.5732884164976264,0.01350270781244866,13.105360193703401,0.4258390240924793,0.23798262683430282,0.09724664644664349,0.24386410334150543,0.9511399343822848,-10.678001853935278,42.4607506002334,-0.16375558081971986,-0.010733117134527227,0.7268498260119559,-0.686600011322656,-0.012432018126372572
7220,2780,OK,1539,1539,,40.0354,0.12209060317710504,0.13547777846108813,2.2369981618104067,2.2444199962983844,0.016240381867975735,10.54492152229769,0.5871923607261447,0.13093339577302293,0.05155018106690479,0.519667939197948,1.0227605109742206,-10.98697347655154,42.807771322278995,-0.318040539235878,-0.014727345480926645,0.724451374010811,-0.6891528274317809,-0.004657513469174104
7220,2810,OK,1399,1399,,36.32972,0.03247636077449423,0.15073140978286692,1.5663859925940198,1.573956717860767,0.014658328045344325,17.277516791454865,0.28911452559286405,0.09567845854837537,0.038657198964032524,0.2477382910935262,1.0085435682143733,-10.951957821500885,43.479626140037055,-0.2219588985494908,-0.014489988175248004,0.7253458027379117,-0.6882045272257208,-0.006167284588680647
7220,2720,OK,581,581,,58.09124,0.293937581581211,0.1582950555482408,2.289706934951708,2.3139175599927446,0.012107406187395305,9.474446329465964,0.4182790338445949,0.11520923178002107,0.10175527404246443,0.30787129897037957,0.9489569090272395,-10.444897705969044,47.3169606411562,0.11332732525918077,-0.009859502433301809,0.7225362823221829,-0.6912250958105354,-0.007209567360298585
7220,2800,OK,1559,1559,,38.335533,0.01199556391621348,0.1531601510699131,1.8385207624810658,1.8449283236763931,0.008808487447270034,15.28723484423097,0.5181231263853953,0.17055959977000956,0.07136290393972233,0.4437588903244212,1.0241980320212032,-10.854752111030406,43.207598521153884,-0.30315240508924696,-0.013986828177320748,0.7241930654976042,-0.6894027400761594,-0.008522587529872389
7240,2820,OK,1508,1508,,35.215866,0.36420177612545385,0.05436237477003969,3.238702723012146,3.2595695313292308,0.030844651842488833,12.144967952010857,0.6905648230199803,0.2529269157507468,0.10564102342833914,0.5580139296516871,0.9663836141030082,-11.568438207399732,34.82079365243208,-0.5268829536544173,-0.020581631751415624,0.7239143198826101,-0.689582810345506,-3.974092673434206e-05
7240,2830,OK,1361,1361,,33.958565,0.03389708415279924,0.037154407823510316,2.3633667608825046,2.3639018399203975,0.008627734851235708,13.981688985802634,0.5330706585980322,0.21968522557859527,0.09537396835402134,0.3443601387012407,0.9815743823052084,-10.921862098421025,35.69307736250687,-0.4777805414406294,-0.013905782407717726,0.7237500245685874,-0.6897999687305008,-0.012982075796970482
7340,2830,OK,694,694,,40.081673,0.28970876715010013,0.3139649278123373,0.14231114414261192,0.4502861394791276,0.009101403435768035,10.607286484916107,0.301207738403073,0.1278318033364642,0.054594766864088484,0.2557715784593979,1.0223807344852418,-10.936507476085083,13.347141681693966,-0.48642267401492706,0.030692048147046326,-0.6980567341748694,0.7151490535408649,-0.018347350578773628
7340,2820,OK,648,648,,41.701797,0.21333077908672737,0.13236591843589327,1.5198122800618048,1.5404090769324197,0.006879796992338548,12.43733108383182,0.29555732430035886,0.11758434599470757,0.04746352514529095,0.22211499496392184,1.0057554571966028,-10.966283936513099,11.963089812381073,-0.5921187115699111,0.030924244399046355,-0.6966475974795732,0.7165675264433086,-0.01602485822729697
7340,2810,OK,632,632,,44.313877,0.3482679506319418,0.057792787318737604,0.49288606339970187,0.6062732413665446,0.003851824017829569,14.285814604893567,0.26175718295936456,0.07658033216173733,0.046721816349711176,0.23367083824950274,1.0234580068844565,-10.846512519169067,12.997290471444698,-0.6971233788666684,0.03207676473090031,-0.6964227646334685,0.7166878728829602,-0.018025174816708255
7360,2860,OK,685,685,,36.18369,0.16362022742309323,0.2640211199835221,0.4541001553407771,0.5501687756496692,0.01587140082555759,9.695076028342374,0.8726191751678115,0.14457309598926898,0.12037955727955296,0.8224638311724259,1.0384891268154237,-10.804653666426102,8.224745963387855,-0.36755473132520977,0.029219460745278144,-0.6999872489648492,0.713086243215472,-0.025924585574737914
7360,2830,OK,541,541,,39.28324,0.2947381307834667,0.3617236744699466,0.3304369568688337,0.5717544620503694,0.012039277112261923,15.424326722584,0.5089416867948171,0.17865496713989915,0.08407728224438227,0.45878366472414633,0.9857286421676558,-10.796145581351771,9.012453757416578,-0.3640606942509991,0.02950544047594187,-0.7015020217498458,0.7117084781469528,-0.022257236956730188
7360,2840,OK,539,539,,40.464878,0.3893092956257853,0.3283507596592872,0.1286453293806762,0.5252861789548043,0.02487318166807354,13.55817427432549,0.2824066187154451,0.12468411626392101,0.05149124479723777,0.23009787047532848,1.0108806123443042,-10.656798927196293,8.561837956352093,-0.3572321030580909,0.024757597468821852,-0.7011035459928755,0.7120972489013078,-0.027538832055413656
7360,2820,OK,516,516,,43.462074,0.13837771681680466,0.4748722241390892,1.088873258710553,1.1959502478385862,0.013039726001903063,17.253757584726618,0.3016915490168893,0.13880149393054309,0.05718550695586222,0.16743054120615453,0.9965858990316057,-10.876853246536932,7.585030519435932,-0.31717925163159044,0.03001638096305884,-0.7029925084825208,0.7102591693972555,-0.020795725004291197
7360,2800,OK,462,462,,53.208515,0.6365631763093129,0.28884791153708245,1.4029112184154755,1.567420071387479,0.011297075002011365,21.086237746672055,0.5031308743872405,0.12506200207145612,0.060129001346121314,0.4142821569759185,1.066491037567696,-10.531567470555702,10.108810648998794,-0.4682954566670089,0.029861668601293228,-0.7010627739263334,0.7121147455727173,-0.022624254705194226
7380,2880,OK,695,695,,34.63991,0.028639790333113035,0.15121263457754774,1.2610390471616952,1.2703955985883626,0.008543883779978037,9.651942348421725,1.8504213223813932,0.2974096087290101,0.22449179186607204,1.7929782493755066,1.1025880204697434,-10.734495536167813,3.270231252878691,-0.431060506239338,0.030071533856524942,-0.7033584629743016,0.7100179175185587,-0.016035342732628285
7380,2870,OK,586,586,,38.64605,0.09471535413788817,0.28238411909632,2.1633608373251914,2.183767822251171,0.02173802612950528,11.783106102716186,1.9592312277141466,0.23490854872167777,0.19300300177589125,1.8925923754044804,1.0753257354383927,-10.792404974973788,2.362310592248388,-0.3063190281567628,0.02544300904485386,-0.7039399151412125,0.7094969554375552,-0.020864308916572667
7380,2860,OK,506,506,,39.28351,0.2688830526837812,0.3029729557628477,2.1150970441720354,2.1535380689018493,0.013767699963081801,13.8326691571313,1.2548245567939007,0.05955508794280795,0.08430964741785996,1.1971454542261135,1.0365799515037495,-10.96800382714823,2.398793058902223,-0.2890112776170125,0.028085748550822236,-0.7037040928165249,0.7097134672250379,-0.017847546638874872
7380,2840,OK,501,501,,43.018494,0.33640376161931634,0.4489084748338628,0.4015368444483549,0.6898682099204406,0.011281069946963441,17.699740903911195,0.6776738877204598,0.11320518415176828,0.0529393367060394,0.6288942172046958,1.0143670047040474,-11.172529295402844,4.902901192169725,-0.29990499526076586,0.03145440490047414,-0.7061779958403755,0.707177740736595,-0.01492988981582782
7380,2850,OK,496,496,,43.47827,0.13069329493337378,0.4172768528643685,0.9118820125493929,1.0113009018526904,0.013038911576342202,15.820015575008979,1.6092548978846897,0.09182525184102108,0.12058604667613926,1.5590065267169981,1.0738954769110594,-10.960304401726354,3.6025564746672494,-0.3004911222794845,0.028243862330229887,-0.7059662224414329,0.707519769001767,-0.01515762132164937
7380,2830,OK,467,467,,45.56103,0.47956853368177477,0.5720605724072694,0.17177293718367537,0.7659929627283316,0.01274414349129342,19.566176168180792,0.4653824421997842,0.26334289947774203,0.125831102766222,0.3267133928056354,0.9691773433292111,-11.239783392503428,4.321003230060104,-0.2303718933246534,-0.033724355824521664,0.7068395084188588,-0.7064382363035158,0.013623342129789424
7380,2820,OK,394,394,,47.528694,0.6429275898936833,0.6871203485231636,0.38660410535391065,1.0173263947610873,0.01702816295544728,21.39546250699434,0.4424150288420798,0.16614570632129944,0.07144372012030181,0.34520610867806356,0.9948999443414689,-11.426959609817473,4.864762509391483,-0.22646785962610327,-0.033441089802025384,0.7084182114298241,-0.7048605406993902,0.014033865910198107
7380,2800,OK,360,360,,61.195244,0.15731846577596365,0.3369849678879413,0.7571032431621276,0.8435124711959816,0.006298679220283265,25.22702869318067,0.35568406260534624,0.10051488672766862,0.0465058895114816,0.3018494267491256,1.0730380775014037,-10.7784722412802,5.289424607226749,-0.3789547927713133,0.03026188260410967,-0.704465668191905,0.7089677146833321,-0.0133086564641749
9400,4680,OK,552,552,,14.886965,0.8592043234351909,0.41563006814041836,1.9467707960657492,2.1681551963285757,0.02943456045520199,6.2102945288983475,1.3639727360034102,0.22209062974234106,0.10575402784151616,1.2710038882486803,1.1608390901167032,76.31453572159326,112.33342949884714,0.19011098682996225,0.6470205307297578,-0.29789025965306687,0.30210477617530285,-0.6335286341043165
9400,4670,OK,437,437,,21.367447,1.164232948608442,0.3661947210605347,2.348058611834993,2.6463023593252877,0.04057549983815439,4.412983261544027,2.1436778432656043,0.2148873633878201,0.10757603771269819,1.954309387538336,1.1797438122932884,76.80268163891346,112.31900194762935,0.23973820880721508,0.6429745003212037,-0.30033190582984154,0.30514620756038296,-0.6350356921377169
9400,4690,OK,576,576,,15.565561,0.4930033647929646,0.2865512812403591,0.9458495298787666,1.1044434289041518,0.019866094913199333,8.167650785957134,1.3544900548040855,0.20859353248981094,0.10268480081544906,1.2744918706712873,1.2112830824616678,75.35434045918275,111.87676439501499,0.26102664334975534,0.6485656021836474,-0.28915874468984726,0.29672037238311566,-0.6385193032684129
9400,4700,OK,504,504,,13.941124,0.19720215308758338,0.1934524676496893,0.2535366795270839,0.37495785668225706,0.025873733390043962,10.323173962752943,1.2636386706471516,0.2106511881373061,0.0970766296318959,1.2256031198797643,1.2126443010655354,74.68456363696265,111.44074068005332,0.4108919705788246,0.6508545964985695,-0.2866528231915086,0.28513842434096387,-0.6425842607295751
9400,4710,OK,345,345,,14.764708,0.3188163979369181,0.1502429039460097,0.5001362947312078,0.6118440480114706,0.03673828798107496,12.648427508946911,1.133545077968767,0.21282862253826718,0.10349730602056928,1.083242360790213,1.238554797721217,74.93527862624622,111.55431821587365,0.5632879535591299,0.6467113329851149,-0.29526951287961395,0.28071129759193886,-0.644811239012396
9400,4660,FAILED,119,119,,,,,,,,,,,,,,,,,,,,
9400,4730,FAILED,142,142,,,,,,,,,,,,,,,,,,,,
9400,4720,FAILED,145,145,,,,,,,,,,,,,,,,,,,,
9400,4740,FAILED,105,105,,,,,,,,,,,,,,,,,,,,
9400,4650,FAILED,79,79,,,,,,,,,,,,,,,,,,,,
9420,4690,OK,1274,1274,,20.099655,0.8685707937648539,0.31506808386071117,2.6929381575601408,2.847033375584553,0.020472079518520113,4.319035723993345,1.8129756628193612,0.3092741398251788,0.10188793554627473,1.6729911259079442,1.103185441228628,80.85298092467917,113.29730930569039,0.2826670016213889,0.5876387210872069,-0.38997863723103343,0.4115753255303854,-0.5772375138510792
9420,4700,OK,1354,1354,,19.157965,1.0523304744760742,0.2133025756906592,2.6487967651255775,2.858150051912431,0.02346804814771863,6.525338308556419,1.617030507030183,0.31038403963815675,0.12080583882717422,1.4587198296467552,1.1414491283784178,80.88750433230851,113.04287313166832,0.3981931069406301,0.5939074030071609,-0.38577152086755195,0.40477621299310473,-0.5784553117880292
9420,4710,OK,1400,1400,,17.690628,1.1054402463983017,0.27179301047420534,3.1063383129087825,3.308354166824458,0.016736356534739164,8.886829793072886,1.4496732345463412,0.3765243896104331,0.14164294222909835,1.259489664505006,1.102897851486266,81.32826149711754,113.15584705212059,0.3349114871371004,0.5933564103204287,-0.3871889176660973,0.40723706398435316,-0.5763426811243594
9420,4660,OK,540,540,,36.81929,2.063207734074216,0.2643470103678925,4.101382366109171,4.598700121650178,0.015347355133530157,1.9758837454988378,2.5740659557953336,0.20840803310246647,0.11842423078471337,2.415331703561753,1.1699945976666273,82.57075306260704,112.593311008283,0.41326095341842645,0.5910376301018105,-0.3931083683835952,0.41699734107624953,-0.5676738042624137
9420,4720,OK,1258,1258,,17.809834,1.4197996127461567,0.28116646536439394,4.266037031266883,4.504881516060107,0.010445597898186705,11.415014200906487,1.297015826536141,0.5228274031344661,0.1755627291293167,0.9680226411528947,1.0750762172357864,82.51954604623795,113.29943925941927,0.33352811387832265,0.5933689781943974,-0.3884796703519881,0.4092202767894459,-0.5740518848537269
9420,4730,OK,1148,1148,,18.745403,0.9850564825873676,0.2807082129089175,2.73272298624571,2.9183742553410768,0.022342255181220756,13.977180544659383,1.7314036643416653,0.25861297801366634,0.10847163444632968,1.604245568314786,1.2246092298195703,80.93762313159584,113.0421400000112,0.34367479663412925,0.5928008614418323,-0.38868990811481624,0.40443642910218114,-0.5778740942615387
9420,4740,OK,1034,1034,,19.773098,1.0687124352130848,0.21402324219273142,2.7801454415055886,2.9861615651705913,0.02201992970682534,16.594252917458167,1.8814264723364391,0.22070277972998786,0.11126452742380044,1.7425943607013497,1.3052575441103638,81.0168267270522,112.86807892219358,0.47318126502980973,0.5973670613361172,-0.38617657356587126,0.40344248281525713,-0.5755470537839941
9420,4750,OK,920,920,,22.1455,0.6935315728103815,0.19125919096547017,2.0780130128362906,2.1990234655706984,0.01702437720712822,19.347548977038404,1.804645038318304,0.17168709433002127,0.10974837940785465,1.7233349877902562,1.3221575602044853,80.22103293652538,112.98089753605105,0.47120893464319863,0.5962188854958121,-0.3869722143250692,0.4055274663169797,-0.5747373486915699
9440,4660,OK,673,673,,53.426785,0.8820557733268759,0.2761377274812231,3.5072318399480906,3.6269752702415046,0.014490053457359875,5.721245660300711,2.5831304430530455,0.40152341380626055,0.19262900913190706,2.488504170926647,1.1717814698076936,85.66544443259178,113.33010460980991,0.24128946343395688,0.5468623232785224,-0.4563001787348651,0.46845171565380805,-0.5227664262038553
9440,4750,OK,1276,1276,,23.336906,0.11049426817110408,0.20106567976305126,1.38682056478744,1.4056698295811147,0.01817541550262873,15.335330141306978,1.2478665689350672,0.20817827216600815,0.12209298904457533,1.1830599650478266,1.2193040104955788,83.45050456254191,113.52824968462426,0.26616574277954264,0.5524907870215857,-0.45541706140555566,0.4627884222922193,-0.5226625169545598
9440,4730,OK,1621,1621,,18.687346,0.13724329524004308,0.12334719997850657,1.5354025655775345,1.5464511929617948,0.016436604565142877,9.959418310524633,1.28216332703979,0.21191406832075632,0.1016555312314314,1.1917897382997547,1.168139485035102,83.60379456749833,113.61828134996298,0.3562932305743771,0.5546615718978766,-0.4545894198503939,0.46366886419663533,-0.5202981687402534
9440,4740,OK,1373,1373,,19.33086,0.1430585557019337,0.1301064067187852,0.34132101180300545,0.39229257006349816,0.014750851672405758,12.57931486761252,1.3497492654974885,0.28335641058332695,0.15473575593487343,1.2690920594233641,1.2316009607640894,82.3806901701767,113.70156462316994,0.3859677184181088,0.5559466124071505,-0.45386490666227663,0.4658472531925066,-0.5176063633171962
9460,4740,OK,1570,1570,,18.022232,0.1748014796214613,0.11753382538924058,0.3241372384485963,0.3865678552823072,0.0070934346710494235,8.25185592679271,0.6872378053887829,0.21787583246197106,0.12963718686634934,0.5933092278025764,1.1836635297495244,86.74634625816591,113.85743824559306,0.30701710671716004,0.5209512384821007,-0.48071737464563846,0.4986239116381766,-0.49889358342277196
9460,4750,OK,1605,1605,,17.744762,0.0042021283429505285,0.17822988440541165,0.6670036864294957,0.6904183277465293,0.015564042489078707,11.00815514254283,0.6561092237810795,0.2008619427300924,0.09891155983299205,0.5764907077740045,1.1508770112587527,87.09482121863414,113.59157330094762,0.25940653449372264,0.5229735357699612,-0.4789625994247623,0.4959694493002044,-0.5011065900558402
9460,4660,OK,547,547,,58.06087,0.27424964445185007,0.3562649608161641,2.9565163825687026,2.9905060959951975,0.0204829951872443,10.037404135643776,2.21976761093139,0.4657305303429644,0.23816610627992202,2.1137250636867,1.1769803012090672,89.40722709237554,113.7266433970536,0.2629794944198826,0.520582009522475,-0.47402303027111287,0.501227177313972,-0.5030585004311143
9480,4690,OK,687,687,,50.804924,0.09033647965617417,0.15484355136870206,0.40446816756756654,0.44241575868475497,0.01922097015322628,9.146677333432732,1.075923680306785,0.2626173443579427,0.1890302982114349,0.9810522106017796,1.1240796685502772,91.91986879948482,113.79234124223363,0.2697663858227094,0.5119167592007212,-0.48914029047738306,0.5042194611165249,-0.4944145456117703
9480,4770,OK,1532,1532,,18.602242,0.15106193679043195,0.16603261697094238,0.1010648033708943,0.24617195844672002,0.004071911626862136,11.74358966224836,0.70553282385784,0.22231689284389033,0.15552892961805442,0.621145014968957,1.2183074363984001,91.40984707366466,113.74334243933612,0.19390259884185823,0.5175119650692425,-0.48878954309276046,0.5056776374246772,-0.4873974513494488
9480,4680,OK,592,592,,55.931076,0.11439260770189133,0.1869053863811965,0.8240177843016276,0.8526573760898962,0.019262576956916144,11.219419045348843,1.3346628048306957,0.26484498346670493,0.18299217031131154,1.2458062510728816,1.1155882278486633,90.69233724881462,113.65565034726373,0.14798729562204177,0.5169253904621134,-0.489706490359528,0.5000344033236996,-0.4928907480244044
9500,4710,OK,682,682,,51.027596,0.12485111125357731,0.05755042298731147,0.4062046591394104,0.42883805366809064,0.012149208879064122,10.017096079829253,0.6771584937546891,0.19984583018730473,0.12185831341491538,0.5906430590959779,1.1057616036219695,97.38703698060577,113.41342095990464,0.28453611685070834,0.5149438784510824,-0.4924424044807454,0.5057217379142732,-0.48639367195302413
9500,4790,OK,1459,1459,,35.411472,0.11074635917521808,0.1814742088946069,0.6808415124516944,0.7132620904281963,0.013691030260303928,12.120740870908621,1.0231578084832402,0.32902097087052606,0.20592036902787503,0.9391389729995971,1.1716348602466795,96.28959603346354,113.4215894811221,0.06979992316692278,0.5137166014140747,-0.4919851860831357,0.5059671624386548,-0.48789656756334215
9500,4800,OK,1421,1421,,33.700405,0.03749305636399758,0.25979446804906553,0.642044550645215,0.6936282144763338,0.022112814632139433,14.933178995604514,0.981876016457572,0.2569317311515765,0.16858253002074686,0.9013839041048719,1.2172970357689916,97.60785091579726,113.19304948699543,-0.029492967826836546,0.5125138794606924,-0.4926880811997129,0.503377661210581,-0.49112005477078763
9520,4730,OK,681,681,,49.466896,0.24620346866268716,0.05077517021692236,0.15899470038515418,0.29744508844938283,0.024276008646316908,10.421566316840522,0.7972433427223465,0.2175045651919436,0.1322514542650754,0.6770752988975701,1.2442884916686079,102.64685070103623,113.2111632680651,0.17818274629630654,0.5168050278140295,-0.48882167796550874,0.4983700073027028,-0.495573673834909
9520,4810,OK,1618,1618,,31.527401,0.09853074491101044,0.1945034601044295,0.21123915951608652,0.30358176196599274,0.010043446092093398,12.097017032237037,1.21308614334137,0.22929967271363383,0.20642998226685183,1.1158113574268285,1.2526357106461652,102.68069330721134,113.32380500616581,0.012102530375957304,0.5170183078860086,-0.48837742504392107,0.5035556214516328,-0.4905214532745917
9520,4820,OK,1569,1569,,29.964722,0.10364779339821739,0.2464821784930989,0.05766856745538007,0.2735360909704223,0.014471838351175978,14.477179904362519,1.4395227807148625,0.2719905976891749,0.23331126874090646,1.3253016411447227,1.328000929058351,102.40881675516944,113.27742042405475,-0.059873910434307676,0.5158954307660925,-0.4882722421632278,0.5025510501000814,-0.4928332010841677
9540,4750,OK,677,677,,46.971203,0.02789625815508623,0.37683975449215634,1.8922228034933415,1.9295837737307402,0.02123843128521759,10.405968335444356,0.7268251725288281,0.18721691967912246,0.16020038194287345,0.6512526502992202,1.1928309665372163,105.95496426853973,113.25462331379163,0.4424312240385168,0.5171589071195024,-0.4866676783933665,0.49912766459498653,-0.4965609831935322
9540,4830,OK,1460,1460,,26.931974,0.2458123254104132,0.25562100678140953,1.207512174693509,1.2585116012435735,0.015814639922484705,11.42431861657634,1.1720926268081913,0.35058444793771815,0.3012204230040292,1.045925398452443,1.240551424302628,106.61924406185787,113.32674007386244,-0.1104200118735135,0.5167700140585273,-0.48405591337366605,0.5019052051652907,-0.4967190255324663
9540,4740,OK,514,514,,49.09752,0.1042028012026105,0.23745479415385384,3.53397311784539,3.543474142800958,0.020541307436963738,13.162180150026892,0.9202421518183319,0.2178579884317995,0.1871223034611249,0.8249647981511199,1.2459969395181683,104.30884091216697,113.35371096643064,0.3181402395140199,0.5161427440112883,-0.48636463995772955,0.4999307878531139,-0.49710694237744296
9560,4760,OK,603,603,,45.4963,0.28241372703050455,0.012930402847722455,0.7607793535619507,0.811609470952135,0.024384236781369296,12.403676540304275,0.8283236600313383,0.18234788416872938,0.12562992620096702,0.7585945595553234,1.1236249126236986,111.97411774163878,112.99083540068263,0.1349095927250631,0.5088584311521754,-0.4912383650920338,0.5058468639206193,-0.49382883266241856
9560,4850,OK,1451,1451,,24.322523,0.5605690484995829,0.16929567917560645,6.22514680752201,6.252627564498363,0.04000193932563501,10.586525121873938,1.5640028723308506,0.5072414206876901,0.318191041512049,0.8618671556184907,1.0247581267135075,118.93859348726964,113.42276642390121,-0.07681139820494588,0.5129620659704844,-0.48442981056145984,0.5024370307395294,-0.49975464745845594
9580,4770,OK,641,641,,43.109417,0.09937266998221697,0.9174533086590662,1.5421077338467022,1.7971343199379044,0.028663779304158223,13.535432060803968,1.3586677890163816,0.29225938750771896,0.23656478568390327,1.290959360351263,1.3201010691178299,115.26713441526496,112.7915084727082,0.7792218266345086,0.49129358595371203,-0.5083320491286911,0.5170605538645069,-0.4825738532770897
9580,4860,OK,1153,1153,,22.372356,1.8425109038744063,0.5867623541116702,6.985217925303008,7.247924251471811,0.05448038143866219,8.374191164063168,2.281925467222156,0.3905433551738211,0.2524541623096048,1.9721349303005162,1.1400012082952204,123.89015135351526,114.099773094774,-0.3238241051479149,0.4931648197041891,-0.48688420571673857,0.5163853307033275,-0.5030690022890799
11000,460,OK,793,793,,52.70675,0.857398681808311,0.2639881404750573,1.9435460329512537,2.1406058535093897,0.004398686480210318,30.42973700082211,0.8747957727502826,0.2786386814959245,0.1810686784836648,0.7892875866342584,1.0964021659770302,87.85019740415287,2.266399221870053,-0.7381944721958951,0.5036348436222701,0.5033798091931225,-0.49061129296020795,-0.5022561808541333
11000,450,OK,791,791,,43.110615,0.702566554510641,0.23717929077909555,2.1096684966819836,2.236192063617043,0.006799426742050572,28.518023748503655,0.7302906786358876,0.22526524013629778,0.15390566417624268,0.6322607848295752,1.0840459164914193,88.12492618680531,2.70166970181241,-0.8066091877979777,0.4995820294161801,0.5065965902046233,-0.4921823320022987,-0.5015318960367713
11000,470,OK,765,765,,67.84791,0.09762988989669452,0.20273008864018613,1.0648991307289606,1.0884122577721156,0.0061484727150983975,32.556377442436144,0.8054277057136052,0.25481488325228985,0.18781873738965005,0.7255774868522957,1.085639216062264,84.86340928937688,3.27992241556643,-0.5880178529592848,0.504850745507077,0.5037195366658725,-0.4908186662698641,-0.5004891507147171
11000,490,OK,689,689,,71.01659,0.6112363596858543,0.39969052714064046,1.8071629991260565,1.9491537933929846,0.004473761293478555,37.53058969825684,1.187057798798509,0.3957340719923941,0.33827876711879634,1.0252120795432784,1.1546268051790225,87.72174139524887,2.4911739467660183,-0.8165219463496467,0.5040489210165526,0.5037397155110159,-0.4903170615417837,-0.5017670409661844
11000,430,OK,834,834,,23.159412,1.9788933465712937,0.17101997308428327,4.43563801989832,4.86005672311192,0.020827544701146214,25.20438352829631,0.9920720104119638,0.28691970923307086,0.2605839554812616,0.8779990434512,1.3864075120811399,90.62194346044114,1.8074684975810982,-0.728994891814148,0.4957723019683906,0.5102745163582663,-0.495855935432165,-0.49795244135659467
11000,440,OK,943,943,,24.800777,0.45324853647017527,0.21222717656433188,1.2140318792970746,1.3131443234596913,0.018869344653862356,26.816102327485208,0.5157756983698112,0.1579723117777312,0.06665010353641487,0.4385809080924812,1.062957687213921,87.30258339625716,3.120399020245433,-0.980387368706063,0.4945004973521579,0.5098983144129381,-0.4922000344915403,-0.5032018413358991
11000,480,OK,727,727,,71.53325,1.0154511986603296,0.21375343280033918,2.3371119063728045,2.5571319343757284,0.020946108918123114,34.92316744972337,1.025615308098269,0.3544374095072822,0.27013652688149237,0.9051766298124617,1.1209472153485578,88.19011363477665,1.9284904653265524,-0.39441137482066,0.5097271231117736,0.49873057026273876,-0.4930547165920904,-0.49834037032523415
11000,500,OK,741,741,,66.59763,1.509342897707663,0.33711437050771564,4.798448836571218,5.0415149825082395,0.015556956813077305,40.387744487841914,0.49566051460877586,0.2359630975648197,0.24409811207035625,0.3038826815265878,1.0918229727953779,90.61782984701753,1.2380467472211816,-0.44791575654118343,0.5087556618225735,0.5010522564371193,-0.48948091875857147,-0.500522470079028
11000,510,OK,675,675,,63.459778,1.8488047531995555,0.7381582453522976,5.9162090194712675,6.242153936960224,0.016155383951261752,43.462235882155774,0.5639764100752652,0.3163045291285842,0.2878320698813206,0.27734257556584563,1.1160978999846944,91.68962757984725,0.6594270292742515,-1.2659464683199373,0.5066271165450988,0.49899429248025684,-0.4895891102684916,-0.5046148669627498
11000,520,OK,686,686,,61.207108,1.97764130560798,0.5694085688802875,6.295753821207661,6.623579653722902,0.017402375783817328,46.696989314463956,1.0414179775999184,0.4648811947423861,0.3890555377812288,0.7800850301714721,1.1809723148022686,92.04264757922984,0.3797840489805182,-1.0447153780962861,0.5072486667180179,0.4990114212132333,-0.48866628360764686,-0.5048679578628783
11020,450,OK,890,890,,43.234238,0.27494746121411495,0.22539872818569212,0.53702680451579,0.6440485089372192,0.006685595329336363,25.167740006889826,0.753210529754947,0.21851425557558724,0.14377642127059032,0.6736611761249924,1.0730843280924887,81.88869693252713,3.7801861167043587,-0.8243925895728159,0.4982800803657599,0.5065535487228052,-0.49421403143389453,-0.5008721941981624
11020,440,OK,1030,1030,,21.428814,0.37192050547404953,0.1659847187344257,0.8618521507825285,0.9532391720097791,0.014857563555678046,23.503853111270434,0.5130984707681768,0.1596878337450348,0.057262199828881366,0.44945426955301704,1.093468180653863,83.33327444665892,3.219406593330387,-0.9072511012694228,0.4938277327243714,0.5104553534109559,-0.4923485193975206,-0.5031524997587433
11020,470,OK,682,682,,72.3775,0.23291463396322776,0.16985285803335726,0.4819802279319063,0.5616085471336922,0.009413043119429103,29.133185547116526,0.8250820677484818,0.25373631881674963,0.1729613400561938,0.7468772630767133,1.0774931391718154,81.80443247424503,2.940609619847997,-0.6144811177488626,0.5036498174085753,0.5040174097337125,-0.49013976143488347,-0.5020620742200942
11020,460,OK,814,814,,53.711617,0.8069035986389519,0.2886083720468162,1.7623345528811853,1.9596457042513915,0.008178396677021887,27.041620430705127,0.8935218959119606,0.28820626458751886,0.1924263605089036,0.7950206675787461,1.0878787838412785,80.67948356714047,4.363971852187781,-0.9078487315483654,0.4976668262431744,0.507055925914734,-0.49460773104417666,-0.5005848683721168
11020,480,OK,737,737,,70.37,0.7090077268601753,0.2556458095860245,2.4504693062134137,2.56375633736913,0.004590138382233902,31.469012217698733,1.0852100769213342,0.36817324409783814,0.26066987911062345,0.9683198673967133,1.1062470899008596,79.9125206219471,4.068349585126203,-0.8562661599943449,0.4991813327719321,0.5073730345836928,-0.4900695881636955,-0.5032120820751806
11020,430,OK,761,761,,30.578314,2.204985685960482,0.08467147748774449,4.436881745876235,4.955305314638072,0.01641109510482569,21.92080859830395,1.3380828782464194,0.3076842186464205,0.2685545343385198,1.2447142131836144,1.4174073950712385,86.99456551449522,1.5483991192738156,-0.5842625200501759,0.49645669246266366,0.5096141927371545,-0.49654454956748695,-0.497260130479724
11020,490,OK,712,712,,70.096954,0.48780435219673457,0.36551544915670664,0.8347674586778027,1.0336301754794612,0.00721504757095214,34.051240138543825,1.0879354390515559,0.3056067748557192,0.27256423898088444,0.9756618069833274,1.1323269556344948,83.17786064262879,2.8038646157895215,-0.8305927605899852,0.5023550606229576,0.5042983252258374,-0.49247744255513753,-0.5007879399658818
11020,500,OK,682,682,,67.54166,0.049008310472034466,0.30482477580881945,2.191999030738934,2.2136349539168934,0.014085369793319346,36.88745883255433,0.5706447871365289,0.26132935797215273,0.2588973667123793,0.3953107441880217,1.088913422080109,80.04089446618886,2.8767109601719056,-0.8457174381321025,-0.5037441304707156,-0.5032694955672607,0.48778032923160625,0.5050069467467584
11020,310,OK,371,371,,9.875163,0.7410528819851416,0.07259983614560905,2.838127647891433,2.9341776796630112,0.020997285901951872,19.606811949528254,1.678150474571636,0.526073520262726,0.2978469402995936,1.5612311841346358,1.1690348246785807,85.19462446679259,4.196318427101783,-0.7422652552755367,0.5029204279039805,0.5014549888850213,-0.49865966053536,-0.49694313585556266
11020,1060,OK,339,339,,9.823291,0.6029827726803996,0.10775758329837398,3.7525891012738413,3.802252606535613,0.018868449817801215,19.244167137872562,1.719610118056225,0.5996680090032569,0.3430625873970212,1.5654360063896822,1.1820441620350275,86.08237876848688,4.227542255044028,-0.4640757798634494,0.502261898542409,0.5080419159119063,-0.49576483446049424,-0.4938052509456466
11040,460,OK,794,794,,62.651016,0.24364422235851357,0.20171064115113718,0.2860143831718034,0.42644333412944185,0.004658017428044443,24.525766456800415,0.5180637563200575,0.16248335537738273,0.11994395786307083,0.45983169363776444,1.0515283256906487,79.9047266495509,3.143987699078851,-0.8093217849577933,-0.49904378412371314,-0.5047747595728291,0.48874744331015335,0.5072313873208809
11040,440,OK,896,896,,31.198406,0.00032223955457588715,0.1655961310846862,0.1178644786989409,0.2032589919475156,0.020765067951896254,21.06732765879458,0.5193841853415958,0.14001306859380258,0.05320409421223765,0.47385009747739737,1.113888848356889,79.60722025532573,3.5948220846151155,-0.9897641620215688,0.491453327236442,0.511006014832078,-0.4874216848740459,-0.509673013870869
11040,480,OK,680,680,,72.52696,0.3813184046878959,0.29841044752777784,1.7855069242562998,1.8499966209468173,0.003367192806758377,28.88737675962084,0.7147557584047464,0.24469441364853028,0.2078032435367867,0.6109917339632456,1.078332595449062,77.85662776736291,3.8128715872925927,-0.8292261233228188,-0.5000334627023728,-0.5046954319883916,0.48955938761297146,0.5055498621381851
11040,450,OK,907,907,,44.123783,0.5582510740560167,0.14636452593020802,1.4179282016484045,1.5308779249715991,0.003482954464245868,22.690874486365693,0.5089162797140387,0.16682008801975368,0.1190749392338577,0.4213007730796168,1.0571508406960821,81.1107692529124,2.979943390805502,-0.7512964495112169,0.4973404725831123,0.5062328197492824,-0.4909555305838105,-0.5053152021547209
11040,490,OK,660,660,,70.97382,0.9613595573493878,0.2743115574941735,1.5795695096437221,1.8693578750143052,0.012106115641570821,31.445194746796194,0.802405119542398,0.24042924278720967,0.23344508446010637,0.7103953381213146,1.1165856169328319,81.12254396049623,2.1833455283806913,-0.7274151706576677,-0.5032464955063227,-0.501883735860515,0.4885311413008946,0.5061551189295063
11040,470,OK,705,705,,71.267296,0.2995199563960895,0.21804346538125072,1.4050783418577772,1.453100238742249,0.00878097593057614,26.582047270788685,0.4771452153969437,0.1675589043848716,0.13220296119686759,0.4082536900164033,1.0513499945916973,78.29693080435662,3.8813000648757985,-0.6806825625717532,0.5001006934621629,0.5048197781526235,-0.4926903649367897,-0.5023071692530906
11040,430,OK,686,686,,34.546867,1.968655007593945,0.08592900802345182,3.580581642075373,4.086997825900056,0.012070714038585268,19.51707430600278,1.4845827420893167,0.2787759650464936,0.23336470612055793,1.4195682366891624,1.4093157359688897,83.34252526675718,1.6830368651478516,-0.35537960726027684,0.4984955851230126,0.5074196737668045,-0.4932245024766283,-0.5007564442360553
11040,500,OK,764,764,,65.73425,1.308168089512506,0.34494565008817324,3.753232230759423,3.989616952784428,0.015996136765073058,34.2614943788253,0.45539703615790317,0.1900007780874704,0.208150775311581,0.3213622098775293,1.0702646308589348,83.37509590376428,2.042881996302338,-0.6126909023872842,0.5041299999565105,0.5018514212671673,-0.49242038362019425,-0.5015179557217405
11040,510,OK,750,750,,64.41287,1.306580792763878,0.4459109036398003,3.138049108809156,3.4283147625768384,0.015276079794256487,37.30360750587263,0.527570118023499,0.29254531323996646,0.283894698589394,0.291155518063106,1.110582213748748,82.62733453778374,1.570777304679618,-1.0126556623211174,-0.5030449363341432,-0.5007131116084332,0.4873972123856644,0.5086021325659793
11040,310,OK,340,340,,8.274954,0.6863513837488124,0.09142525080552102,1.949535239872965,2.0688461639197104,0.01918790528845592,16.984888747538875,1.344204892628503,0.49756836223391754,0.286800421512188,1.1427982408367328,1.1748140667980085,81.64110407256065,4.044990663113951,-0.6130896761408087,0.5057363461402273,0.5008624067279013,-0.4919810401684746,-0.5013205100873218
11060,460,OK,830,830,,51.31176,0.5657837166894009,0.01940704973626839,1.3839782738310689,1.4952871664288314,0.01029085490509563,22.554486991771018,0.6908987956323618,0.22327929844396166,0.17181228672953908,0.6179688588305012,1.077595014876515,78.88851427524213,3.0251057516194226,-0.5346559171271865,-0.49345389232197623,-0.49302781591372663,0.5003316316359383,0.5129279552453266
11060,450,OK,856,856,,44.742584,0.151888393983155,0.08095999041100876,0.16035080153211823,0.23523814279603025,0.010412659849039338,20.75877460346206,0.628773500840376,0.21835398511049076,0.16741854623951657,0.5030323357346882,1.084517983903607,77.74484679256872,3.885520542519304,-0.6619736066916921,-0.4894686392842977,-0.4954872692870651,0.5014464983964708,0.5132876643535704
11060,440,OK,710,710,,41.67724,0.7283150500321582,0.011353626588968324,1.663039057388037,1.815563445142625,0.01692359693343995,19.176854588594292,0.49511180216806844,0.12646275137985508,0.06495593513029241,0.4490156364237303,1.0508943738501348,79.21413946517826,2.9276165903753473,-0.8302121908748972,-0.48514107944012064,-0.499808327895341,0.495736737232145,0.5187242579295527
11060,480,OK,775,775,,68.89795,0.06086297316973521,0.2114539190307494,0.6249109005119884,0.6625184487659396,0.00760367195495319,26.85217258165051,0.82106212756738,0.2493519508153328,0.21348085906670566,0.7297204956743095,1.076741202827455,76.82085275534213,3.41422091312268,-0.6948727779801008,-0.4941149412605901,-0.4928227551289248,0.4974609644829481,0.5152754075888686
11060,470,OK,787,787,,64.35155,0.10434702560661968,0.09757351012776638,0.010913339571068548,0.14327593172684422,0.0120988336866805,24.576136364827303,0.7690180964404731,0.24833415670468395,0.18994869782262702,0.6906883926249652,1.0782660648205036,77.50316079462297,3.521535938143682,-0.5199380065507705,-0.4941886707974571,-0.49311817984887896,0.5005315033326075,0.5119377232921708
11060,500,OK,630,630,,66.154655,1.0326446229905244,0.0413443866622385,3.4926030418272163,3.642298763621738,0.014904699304143048,32.18495691036318,0.483927920818606,0.20207669070729561,0.21825057047840613,0.3412848802659152,1.0737315067456656,80.97441948706745,2.5056609570039896,-0.43979781073538243,-0.496012465029297,-0.49275466718208155,0.5000182347174358,0.5110246935872039
11060,430,OK,609,609,,33.158566,2.248481345330374,0.2867969354107994,4.631057934937173,5.156027389299273,0.035857795940647814,17.66252539474894,0.6807251054820612,0.18073748414477064,0.1367683576629214,0.5895881891798203,1.2385734679336615,82.40457554475907,1.7393120648634017,-0.747836674958378,-0.47847916246635963,-0.5078829465709914,0.4972978819937577,0.5155651464484202
11060,490,OK,644,644,,72.07829,1.388673300712357,0.17831665057843793,2.210856021843231,2.6168864540337515,0.016406883859591943,29.38701806542916,1.0704439659479652,0.3412302483877493,0.30172012992240216,0.9296753617716949,1.1258330098064626,79.51581028567304,1.717148787569462,-0.7071935064121518,-0.4971625208014206,-0.49050013232837414,0.4946612993498547,0.5172516283413112
11060,510,OK,692,692,,64.09235,2.4721220994920348,0.21970564886682586,6.299565046566016,6.77083288989303,0.026637199173639103,35.21292278098312,0.4916641336026867,0.28499613090940645,0.260572553716762,0.23714834058461332,1.089061729448481,83.4686416183155,0.09784235812039555,-0.9125003076736248,-0.49998520451085426,-0.4860288446511222,0.4949330774268483,0.5184901217054416
11060,530,OK,721,721,,60.34332,0.7020020016262691,0.25828232882205526,3.452932331614683,3.5330239538360115,0.00738372422944908,41.795040818769806,1.4726570178448077,0.6410436934250452,0.44847405672306273,1.2031112905541441,1.183687479951273,80.92858420239745,2.8134704638926777,-1.1937778570907394,-0.4904791377274095,-0.4930913112224156,0.4993181784769864,0.5166938463863878
11080,460,OK,770,770,,61.39508,0.41332894498025574,0.05004221648502927,0.5846583074040801,0.7177537019102233,0.009054896200095818,20.32935261261736,0.8322029366522286,0.20566563198975923,0.1252014779562789,0.7827375418385434,1.0588277690216552,75.75310159049843,3.4753889344237496,-0.5300606128984553,0.5205293033245363,0.4969096980275857,-0.47142912638909823,-0.5097887554454471
11080,450,OK,946,946,,34.431625,0.30016318828618793,0.11569390851686653,0.6126682433431192,0.6919865580133635,0.01173400106600674,18.58544364731182,0.7470332550135919,0.21880071639779564,0.15285125964062884,0.6642944043109287,1.0764513879461635,74.63999833860555,4.301734610072399,-0.8059375506504403,0.5157881970342402,0.4988276428382267,-0.47121501436592367,-0.5129229267411906
11080,440,OK,825,825,,27.590948,0.9614490755704157,0.10813943848973717,2.051684162595304,2.2683664532249805,0.024076037081509974,17.060638862681905,0.49823509319365733,0.14900999217359218,0.09163834725890041,0.3753166282651663,1.0767277318886854,77.18827949398847,2.8138570884794074,-0.9740609891630502,-0.5114495139726024,-0.50173858138019,0.46628460772512303,0.5188992727017561
11080,470,OK,752,752,,54.76201,0.5004457438184859,0.09597215750415122,1.744174393433692,1.8170858296271606,0.016554227498024956,22.30688914210409,1.0296406048621378,0.27069451879116024,0.1940966610801676,0.9520567748024904,1.067978501899554,73.57105360881438,4.721358033200799,-0.6543068707040804,0.5177788622661988,0.4998975474627212,-0.47326169587346617,-0.5079673799074583
11080,490,OK,738,738,,68.730774,0.2725770695967418,0.29165036034597813,1.5998147444666095,1.648867917139711,0.011723109138677601,27.054790454132174,0.988486346119555,0.2545637417723249,0.2338647090654955,0.8950487516229808,1.0963817271041922,73.66403811055699,4.462116953511973,-0.9592192746100745,0.517366807412115,0.49832521051647755,-0.47241807702535915,-0.5107100269737863
11080,480,OK,752,752,,69.80789,0.11210170197397318,0.16519148213961599,1.335061502957906,1.3499052685418957,0.006596195044074201,24.54703942779331,1.0802539270645926,0.26145389266808006,0.20381380377275593,0.9993305622743742,1.0743862526179704,73.8304238013125,3.86362970510989,-0.7274509419546706,0.5209649494423749,0.4961056642337966,-0.4706629208109241,-0.5108337364949354
11080,500,OK,690,690,,66.63272,0.9448454730566427,0.26179311656752513,0.8266536695195441,1.2824292936329458,0.010658520230693587,29.831998400811663,0.5245291607920214,0.20263685000070342,0.20688988711336975,0.4165036658813186,1.0605995561514836,75.85786526432561,2.6963818148503655,-0.6698849970285433,0.5242756572531516,0.493640543858315,-0.46930782115220726,-0.5110814198113746
11080,510,OK,737,737,,64.23699,1.6564303053608729,0.5836311523041243,4.051023027323872,4.4153339903529405,0.015695096236017732,32.84470903579845,0.8150145993747177,0.39604073508271,0.3359981860519379,0.576000473680927,1.1154555422684913,78.92949058446322,1.4223820042569688,-1.0696569795002866,0.5249316469191145,0.4903722946974504,-0.4678798222921508,-0.5148497358917535
11080,430,OK,624,624,,36.929844,2.123567124271773,0.03597921887140189,3.614317309757567,4.192149979556034,0.02581673099344742,15.598880021695566,1.1615661438551408,0.2626447130477082,0.23024144932162005,1.0756719654667268,1.3631929801560323,78.75908659161354,1.6594261830023793,-0.6764118294861818,-0.511795394118093,-0.5057457945006159,0.46617821294792194,0.5147470637867969
11080,520,OK,722,722,,60.999657,0.3737155796447107,0.48378026040945277,0.21963488225049588,0.6495738266988667,0.010558303773549542,36.03480980969677,1.0452149959152581,0.41118986362957877,0.354218255460792,0.8419378567306719,1.1358473638111375,75.30000100871955,3.284608402298046,-1.3358709092162586,0.5180290320366374,0.4956655388894842,-0.46700055972992777,-0.5175635929395691
11100,440,OK,1081,1081,,19.356138,0.06255217213132536,0.009732448963326507,3.298730900264152,3.299338274132968,0.045199447317881114,14.294792026201039,0.8335645654891524,0.20249172939510507,0.15768205435699945,0.6560933648952716,1.1603005734032867,69.68033635556716,6.608649476336903,-0.46271751165177555,0.5838134000602175,0.4073440685536226,-0.4001960180072098,-0.5771272571066829
11100,420,OK,1328,1328,,18.668972,1.8740835085630057,0.08660684771075394,3.9904921523450074,4.409503074164402,0.04729266391741394,11.508772009587144,3.1578791974268468,0.754212006830915,0.3840557116842361,3.017093436393294,1.5213842322741031,75.73760837708996,2.0556076002813395,-0.3238131530743354,0.5857620755318675,0.399339062897737,-0.40371802466183265,-0.5782930574334294
11100,450,OK,838,838,,19.696896,0.12913861573654506,0.13714644194326786,4.510383284747325,4.514315374886886,0.04118614590880405,15.780945686039686,1.0047957252822703,0.21344851033832102,0.08697843266858585,0.8485361910827942,1.2098004785904708,68.49544173355204,6.939414641304156,-0.7583476211567023,-0.5763179494814467,-0.41397939464749023,0.39492722393769564,0.5835333492660582
11100,460,OK,741,741,,24.620691,0.4958116074285597,0.07255926395561729,3.3338225558702437,3.37127080355107,0.03672321594878146,17.498173612992282,1.1801884193363432,0.12152964332370864,0.09532760950349695,1.1092098669812374,1.223643416827683,69.42725695040158,6.209020626650883,-0.6203680791647433,-0.5802369164631734,-0.410246247095396,0.39564342561953586,0.5817984335502204
11100,410,OK,960,960,,17.664316,0.33776674682865515,0.017297328479151663,0.3161563915493506,0.4629691531335914,0.03403904980113593,10.133744320017327,2.473830877950446,0.2006420144424511,0.17055596863778522,2.42370608719749,1.317790115865019,72.62776642137126,4.5663354673114895,-0.5894948936426533,-0.5870794390271088,-0.39070937285703145,0.39721670735574743,0.5872842630538799
11100,480,OK,525,525,,74.40253,1.1482399213731351,0.17087965061593724,13.045590017874492,13.097139904822587,0.040262675339929825,21.696926514521557,1.7088535566851748,0.09731631356428294,0.11632755684697987,1.6404647820298628,1.2783711133161917,60.10701835599629,9.204975767458171,-0.9412430798372677,-0.5738199751442318,-0.41109007270965503,0.39690345005017524,0.5866883666677837
11100,470,OK,606,606,,46.23121,1.2696838244955921,0.16622142276838242,6.306250083664075,6.434944964277943,0.014977515645361072,19.461100684776117,1.530969476629287,0.11626660852401027,0.09636915909734967,1.4508028121671517,1.2475983762850396,66.21137954294531,6.359585491254127,-0.804511664386729,-0.5835717862212708,-0.40302227262322177,0.3898705814805173,0.5873822842001385
11100,490,OK,482,482,,71.519135,1.479307313886531,0.057700022698295106,10.97026849507369,11.069709584065155,0.027594425696871133,24.207856724705678,1.668968419457253,0.18989755599509878,0.19197603577585642,1.5745795119722952,1.3161192418838357,61.86502158137832,8.126514667598661,-0.6187692068733455,-0.5807505668800524,-0.40705756328101805,0.3937022691554458,0.5848345428461547
11100,500,OK,469,469,,69.85656,1.5708888793064637,0.15990434450032343,10.739890351049869,10.855344583342017,0.03138398098490055,26.993082762472017,1.0188480253609609,0.0948702503790847,0.10438142052466715,0.9550426234523419,1.2436919960823087,62.0429645731049,8.036573478471675,-0.9494331699118702,-0.5741070229059456,-0.4115799158916726,0.3887496345533539,0.591503863655437
11120,430,OK,1396,1396,,15.785412,0.13257948184209006,0.12079141851206465,2.8890870851187715,2.894648868376224,0.05218948400159537,9.299967615272719,1.6659960070311564,0.16790669505165712,0.14233057555943196,1.5625485387293345,1.2085250385499455,67.57917160647311,9.331311527720022,-0.719444029784146,0.6361998831648575,0.3158975292450731,-0.31443919253581865,-0.6297511047035186
11120,400,OK,1294,1294,,17.335474,0.6119054436327601,0.31848766944927265,2.544021913983552,2.6358888759519377,0.025435551431959132,5.337269184053518,3.201753072185097,0.1182690808675202,0.09942676658678651,3.0311904222204733,1.25007952904666,68.05200806802372,9.407710243827694,-0.9978108194340713,-0.6399353228422722,-0.2924701108046009,0.29081041887774906,0.6483620262915228
11120,390,OK,948,948,,15.661662,0.7113866418575113,0.27737269903836326,2.327847298975194,2.4498733876939927,0.04389711004552118,4.186551785193488,1.2195232609796822,0.37064626111308596,0.1794592744155894,0.9788025558298088,1.121943381244313,68.27811483034527,9.327903394515863,-0.94958861771124,-0.6415354216475742,-0.28794516706260376,0.28308166885722413,0.65221518864081
11120,380,OK,732,732,,17.46223,0.8663700733896071,0.4511950837540661,2.2176340924792237,2.4232364877979,0.057124190635823094,3.1143230358260925,1.9292742266655591,0.19464887338343728,0.08900805145165203,1.692989959466761,1.291531076132511,68.50452104577103,9.380748540642287,-1.1211731056537835,-0.6379802452340303,-0.2838025784587194,0.281566995825221,0.6581468909090653
11120,440,OK,990,990,,17.23285,0.7872587242798279,0.24846107752809599,3.875160678275054,3.9621180558446643,0.061446755752787664,10.72145986980556,1.8846550779253792,0.08932982358152741,0.07781805456850721,1.818995564279219,1.222951440193259,66.45126933085687,9.538712097480285,-0.8645988127452157,0.6328803162021108,0.3212935784854699,-0.3156815783675944,-0.6297444583855119
11120,370,OK,451,451,,16.641388,0.6503215506210344,0.2678665938967186,1.7312347631229656,1.8686477560988874,0.0683425492257969,2.237810108703224,1.2327711136981279,0.387626970172549,0.1793633967690833,0.816273972148359,1.1713078429322872,68.78897363140015,8.889732797335347,-0.8759062964302746,-0.6423692499662526,-0.29397425607443717,0.2663534590545603,0.6557413501625058
11120,450,OK,759,759,,17.50884,0.9989330316431392,0.2592383616790982,3.378099659421469,3.532227206573391,0.0631401876126456,12.234200436137433,1.6661365694203196,0.10953001910912041,0.057269822481329447,1.5831427834087126,1.264301137813985,66.72460449989137,9.188457904870448,-0.8512981257725218,0.6345703002801548,0.3197647897515608,-0.3176730613914237,-0.627817520704619
11120,460,OK,634,634,,17.494055,0.9305099179437994,0.14024552175505348,2.0604666321014538,2.2651799610114054,0.0438768181677321,13.998010724046695,1.8443433757727872,0.13054543658507423,0.13080419734419335,1.797507905809275,1.2652922366273287,67.71296188741024,8.384232383674446,-0.6602553952952047,0.636348726184019,0.3182515429025734,-0.30675087455965344,-0.6322026218555216
11140,440,OK,1196,1196,,16.212723,0.36473078817565596,0.14098040092892145,2.372404183545413,2.4044137812350628,0.043415566729698256,6.696659723414374,1.7636022823330544,0.16604887579142313,0.08040092988783293,1.6850218171861258,1.1812520987635218,64.5396647985474,11.095700293381812,-0.8331990771823271,0.6298490159994381,0.33569623900541823,-0.34071741146546797,-0.6119721379984776
11140,390,OK,580,580,,16.969936,0.7575191056697297,0.03130942488195514,1.6041674364466183,1.774307932602687,0.04617155860837224,0.7185875447737989,1.880853600866161,0.11305178090191703,0.09233509098522608,1.7434221120065443,1.2001509949064721,65.73014678955701,11.479016552535557,-0.7140609559568699,0.6398756954266155,0.31656373122001263,-0.3086261651126544,-0.6285669325427687
11140,450,OK,815,815,,17.531029,0.7690833786154898,0.03352823030644723,2.9150002721829535,3.0149361473034206,0.050481682925439385,8.256908798065117,2.0288857508882243,0.1722563759705109,0.08394656458254635,1.9127664607467745,1.2137887766634676,63.874145261700306,11.154399897881676,-0.6700638067479583,0.6323706517783759,0.3376930903765162,-0.341822756257441,-0.6076412912121067
11140,380,OK,351,351,,18.112772,1.0680863647003471,0.37779687709349535,1.743270897667544,2.0790700770909587,0.037943460736680264,0.922536236727735,2.460723348908912,0.32341692220411333,0.1833200820812857,2.316966313744441,1.372734453156637,65.80995135950361,11.80176135050642,-1.0408495566375169,-0.6280955603406957,-0.3150958397601053,0.32073449333945436,0.6350905160907893
11140,460,OK,743,743,,18.827103,0.9305220118354616,0.0348274378746732,2.459897183921708,2.630243015465525,0.03729940150311636,10.09944652226198,2.1813234367144103,0.2114246315386119,0.12289051692987524,2.1133400792127164,1.265702011626152,64.12243182196482,10.771851362431146,-0.6364135305298267,0.6320605203225844,0.33613718471918,-0.33434668032820025,-0.6129629589560205
11140,470,OK,613,613,,19.154171,0.8833534871988542,0.019436410561474382,2.124155010330936,2.300592459632064,0.041305539134246706,12.214136341155685,2.203850881834131,0.20699998046964146,0.11419192686175195,2.1317294449483226,1.2812444465454438,64.42140295346817,10.713016219795396,-0.4628111453583326,0.6368683046276752,0.3350321659430918,-0.33565796608778975,-0.607853551561525
11160,460,OK,1119,1119,,17.208307,0.26619993528771185,0.03138815008698737,1.7749032822586654,1.7950290479225257,0.0473462549857304,5.774024626092148,1.9151494231705444,0.1174371411958266,0.06508466903834931,1.8533666489400717,1.252555553493973,61.029547325039516,12.301129475870253,-0.7647259661937268,0.5831140118893999,0.41085695895202456,-0.4187018129093209,-0.5620172597753481
11160,470,OK,1078,1078,,16.39623,0.45572217950158567,0.049251087282076667,1.5432989436603606,1.6099316768084684,0.026574410872046008,7.944886189570841,1.8566209035311494,0.12613701300536345,0.055149216103815624,1.8015466442045454,1.2344268591842207,61.144087148207,12.006934775284341,-0.6186575830018948,0.5892336350544354,0.40531808202890873,-0.40995218503131986,-0.5660920258129325
11160,480,OK,957,957,,18.851082,0.4680740417772109,0.03351041061883563,1.8288914289109108,1.8881366780371833,0.02721664432972475,10.403594393987534,1.9362283898127801,0.12649195865441704,0.06124063917843575,1.8602619423267637,1.2534694006382558,60.87072229982469,12.161793581581332,-0.6909993841325516,0.5891909391220219,0.4042844273319956,-0.41226631408194897,-0.5651943252958525
11160,410,OK,461,461,,22.209352,0.6096993115911855,0.5158632036429104,2.310356903826108,2.444503450290969,0.08315296601809913,2.863465155403149,2.80883011420631,0.2151621659010925,0.13820071944028472,2.7490631443913527,1.307168629160664,60.30891221249143,12.384783224767114,-0.43809766799479455,0.6063810445380065,0.3867235069932146,-0.3728225225827411,-0.5863022468137974
11160,510,OK,617,617,,54.99297,1.0818376540274022,0.2617631512226815,3.6835254816905465,3.8480193127468985,0.009987503773159885,19.25417513076484,1.2690141536435067,0.1540294263573867,0.08105452273507696,1.2070526605293024,1.2224007232271188,58.89236515413973,12.087548551208496,-0.898144632541883,0.5924868518376354,0.39696885219664346,-0.40759470285518845,-0.5702995870501731
11160,490,OK,903,903,,23.477703,0.6868180440170804,0.07645249131690748,1.7513089148787788,1.882723273439274,0.01326204155113718,13.115338197691765,2.0430059420455633,0.15711160343176622,0.07270048764186676,1.9348896332335057,1.2394773515920734,60.84020380398415,11.770787384406875,-0.6939520856817972,0.59193066844258,0.39951327868358655,-0.4054141893394844,-0.5706545005472399
11180,490,OK,1508,1508,,17.583221,0.18388162503957461,0.018666443242744274,1.0661170350776494,1.0820196026936328,0.012674979223126442,8.360535241548028,2.1240013656700323,0.14122504630648336,0.07590020307942913,1.9953162137831715,1.2098913012870598,57.008071282701216,12.799796330922513,-0.7953870139376265,0.5401411733403859,0.461821405551893,-0.47361874954563143,-0.5202439642277245
11180,500,OK,1052,1052,,33.541084,0.31043141248198647,0.12814877512657877,2.583727175878799,2.6054627016705956,0.012396014760208877,11.345559190752427,1.0511018125764258,0.11896443454015926,0.07436681884107399,0.9883059618767289,1.1449634380444522,55.48358851992245,12.821119575434818,-0.9256208509389636,0.544448501279303,0.45569352631787835,-0.47533775443930965,-0.5195895098356897
11180,520,OK,817,817,,63.15097,1.19383542752545,0.44509841336066003,4.300301812588627,4.485080969719954,0.014390696794297617,17.85877854765177,1.7189287636417847,0.2089071382895158,0.15685163924359802,1.6181165186639719,1.2204754977018715,53.64973561117405,11.960452826451625,-1.2854352129184754,0.5446305278458419,0.4517083164184173,-0.47065356973562583,-0.5270886095448383
11180,530,OK,763,763,,60.975853,0.5011238845109736,0.45320517959020085,5.466206474184279,5.50780657801714,0.009888428445482768,21.330629738335748,1.817442883940892,0.2652108098798128,0.13412339729468092,1.7650670451852033,1.1977762189036698,52.59901891043875,12.900668096032652,-1.3616261641350982,0.5398362392682844,0.4556365478969682,-0.47107145847460197,-0.5282649448939621
11200,520,OK,1261,1261,,43.08841,0.12468558746596961,0.17995282231263915,0.6208248067894324,0.6582954919374386,0.0031005473466138933,12.984811183379882,0.7800359463282557,0.15762659841307403,0.11689418383843275,0.7450575154773187,1.1374714347110066,53.86056447640067,12.876899174537845,-1.0573185999900603,-0.5057228548646598,-0.4915686013124508,0.5082583354091257,0.4942450493008541
11200,440,OK,647,647,,69.784256,0.10899949579606127,0.11928652295190408,2.981730761630602,2.986105908954999,0.023391899906712144,8.06468406471577,1.8204887571215718,0.15418922926186251,0.06918794561288721,1.7375950681584342,1.171544582855319,50.26042602176885,13.117865823415995,-0.6763624052948886,-0.5106346536795418,-0.4861812344079144,0.5152011113286973,0.48728623277992006
11200,510,OK,1381,1381,,28.388979,0.12359097935378213,0.15394923145292988,0.31887744959634823,0.37504389596905374,0.006177382849268239,9.659738614038284,0.5292503557653749,0.12305070037183752,0.08078542756249929,0.4966555892317981,1.1128086781124944,52.92104042260085,12.844375330111658,-0.9801308266086733,0.5080763430479727,0.49123325167626014,-0.5064148375023151,-0.4940570153738035
11200,530,OK,1068,1068,,53.187355,0.08295320073406114,0.3156462503163111,0.3728016929832556,0.4954744101787239,0.008177741140405082,16.456180861901725,1.124315763143093,0.1792716732618871,0.13243963645430812,1.0816060507971343,1.103549560963665,53.61101667879453,12.9711387193781,-1.2376070391842402,-0.5060899666026301,-0.49008952548303003,0.5115886947049286,0.4918965441696804
11220,460,OK,693,693,,73.141045,0.27268080360062746,0.5805715084680236,11.632236955130992,11.649907925705346,0.013728776188738995,9.24388189545785,0.45208283343071654,0.14664451029491232,0.15501526665703125,0.3523493165769285,1.07682063551848,59.75041165863807,13.755172303370975,-1.5403456753651232,-0.48921046596605045,-0.5036690183293903,0.5193607580580497,0.48708833177746746
11220,530,OK,1295,1295,,35.76631,0.028719828700111638,0.1508090973224821,1.4099007531851964,1.418234235317978,0.01774559079062569,11.354902825559417,0.4938272140519856,0.1419346399259247,0.07620425054882984,0.4096470806455379,1.0338652421357692,49.554973223470085,13.10089284345919,-1.1404920647734866,-0.49523022770339686,-0.4981850084098129,0.5241883198298646,0.4814408835137498
11220,450,OK,564,564,,75.93007,0.25543732566705774,0.24161935291364614,2.916079503744065,2.9372006760183376,0.014743628868930323,11.318972784348519,0.5076890289260605,0.13859598555053765,0.07335814568971699,0.46166358829266096,1.121652388457243,51.08100266911184,12.80733443023992,-0.6144892088495677,-0.4950961715422713,-0.50127617547596,0.522766097872518,0.4799141420499307
11220,540,OK,1091,1091,,46.285408,0.15850174466146272,0.0619086399825285,3.089747915782663,3.0944301035648754,0.009373545289142462,14.93259536777598,0.6386605038857249,0.15599514894525812,0.07223912232799834,0.5754010489209356,0.9701654907840327,51.24062621017781,13.114279812618864,-0.9887031196580534,-0.49142050335464055,-0.5053024147847539,0.5183544690381253,0.4842354829249621
11240,540,OK,1427,1427,,22.259731,0.041791861298728694,0.23414237234636495,0.048855512666166945,0.2428087134282252,0.025892822987328368,9.45264482526592,1.2518631920481074,0.24478735898043114,0.12350200980616205,1.17933349476602,0.9433201845152753,42.61560262367344,12.85038808289288,-1.272332776194486,-0.49534700044092295,-0.4946449627562513,0.5242140616977808,0.4849302295097327
11240,480,OK,649,649,,69.71223,0.5075991871987204,0.24786049932411133,5.482889823467773,5.511911880487248,0.014389629693376208,9.872848534771379,0.5441314856509597,0.12818105490287224,0.09813179120408078,0.48155516769001316,1.094482087584319,48.12206859239014,13.634681164959266,-0.7056596104477897,-0.49303503525719367,-0.5050292645411033,0.520825696736148,0.4802108803279203
11240,560,OK,1161,1161,,43.182236,0.05954392264569597,0.11695544527151969,3.462548063969667,3.465034364938216,0.014041323730970801,16.795412112446066,1.1001776872203493,0.1789375922194485,0.06954965847781536,1.0394373341105947,0.9760093186346632,46.13026451305801,13.294104227093664,-1.1141265111313856,-0.48818737129940465,-0.5074272940814892,0.5198960231580272,0.48363080632790867
11240,470,OK,530,530,,76.18895,1.7569006607701432,0.47609923184229586,8.33110533411917,8.527642493594831,0.019717855315055235,12.415569320343796,0.52311654489902,0.145354476792263,0.11096316677223217,0.45677678044033376,1.1101426696214673,51.02391911271149,11.598027716182171,-1.3620637537297515,-0.4961485876792413,-0.4980816626240695,0.5135674860272729,0.49193462329578275
11240,460,OK,522,522,,79.799324,1.6967844573665978,0.4308847675288413,10.23842717304576,10.387017384957582,0.022132212338530275,14.718979031097065,0.4933460214751084,0.1187486330812848,0.09104947722322315,0.4260354881298549,1.088161877124049,52.954642094904706,11.723271413826971,-0.4603115229757251,-0.5003170540417438,-0.4976017846300312,0.5191617270463068,0.48223066113458074
11260,500,OK,641,641,,62.863884,0.6724233590649333,0.07105864585251498,7.917837947192973,7.946657175377305,0.007066358109609178,9.956552721941895,1.1975523368414323,0.12922233308570308,0.05358540534093592,1.1627559654583415,0.9961914839045767,44.75996423107187,12.5305699199277,-1.0272689935148565,-0.495085113822917,-0.5010366886846084,0.5159443329032588,0.4874981148762767
11260,490,OK,576,576,,69.402374,0.37060576067537576,0.1623043285535904,6.638567201112971,6.650884588429264,0.0065140354374218085,12.95214323122771,0.7171534623582421,0.13089860971184564,0.08786842007837681,0.638671648983479,1.072988532517099,43.441730967610404,13.488336813222734,-1.114737327834161,-0.4919547956458907,-0.5032387758698417,0.5174141544491854,0.48684063745507916
11260,560,OK,1375,1375,,25.080517,0.1053769516937938,0.19926381495285878,0.48844774578331673,0.5379512712678044,0.020319602398849314,10.957040494260031,1.4649764283287363,0.17131903915132618,0.10249582200090623,1.397406814499167,0.8854701978655526,37.308848676254215,12.752694438320786,-1.2997287412165635,-0.49314807324679794,-0.4954696162278638,0.520209698345315,0.49060850685191004
11260,480,OK,518,518,,82.18185,1.302348016764424,0.024302778184492196,13.87884037623546,13.939831820033604,0.019417071367643247,15.711437423109386,0.4391253071891519,0.12499053897515633,0.11654642515436664,0.3620403744831098,1.064100339673333,50.71888226873157,12.15190976613585,-1.0092464580738967,-0.498855560118198,-0.4979129373636007,0.5110075336963691,0.49203367511854734
11260,570,OK,1294,1294,,39.760525,0.0705441252917065,0.17828927075113227,1.2716143820006547,1.2859885980011836,0.019542634571982066,14.634200224653348,0.7773078138889133,0.17263043887049856,0.0629589366041231,0.7212600755684635,1.0261352982403964,38.10339251868718,13.1345279260146,-1.209528254654146,-0.48948722645266557,-0.5036866056954861,0.5224638537610938,0.4834600085795545
11280,520,OK,656,656,,61.048546,0.9035490454670062,1.3697663422034727,10.376452242209787,10.50539965182945,0.019589672127610886,9.593458609396304,0.8628374259370637,0.1766521218811774,0.1282345393476083,0.7255180787284949,1.0969335941760214,41.016730062409074,12.188304945952039,-2.3691170014513414,-0.49384291926793034,-0.4929936411825066,0.5148018017546161,0.498051750074973
11280,580,OK,1473,1473,,32.213356,0.31745166446343,0.17716746100619757,0.902090964589835,0.9725903438265278,0.011114970062842518,12.155365083520158,0.5614957722906541,0.15561972054859696,0.08235567682937539,0.48258279382085245,1.094187572903144,31.566216735229936,12.594406213726403,-1.20712114239035,-0.4970949131736127,-0.49500084624674273,0.5127238458120593,0.49495966244494966
11280,510,OK,575,575,,64.44104,0.15791505564856811,0.7662821841152161,15.272832172638928,15.292858729619114,0.014093721385503086,12.917979766960604,0.8103668777458221,0.13301872474815557,0.10121112062588145,0.7182358586603517,1.1104341002211107,45.93546754864758,13.36484402267257,-0.259273673101803,-0.4942372107453346,-0.5034651179651072,0.505362820765309,0.4968509574260502
11280,600,OK,1213,1213,,33.002625,0.17810539732651143,0.33799081627302896,1.8030695458420212,1.843100407352973,0.014920675778187632,19.339519167441164,0.7403094605776345,0.1645165404565378,0.1056451784013821,0.7023706206706581,1.183509441280467,32.48181538704385,13.023743095352483,-1.4662512675004822,-0.4909120541266208,-0.5010454290319697,0.5135834739650308,0.4941567043250162
11280,590,OK,1272,1272,,35.936356,0.21786108946999194,0.2089925453622658,1.1033100376532925,1.143868164391579,0.014053961290533375,15.79993688524543,0.5387858860279672,0.16604728260458046,0.07694662253738294,0.4980324625238364,1.1481006840843833,31.775873909082804,12.832703077194072,-1.2775316829094119,-0.4910329616609178,-0.5017258626105502,0.5101999471286041,0.4968438419666452
11300,540,OK,644,644,,56.578037,1.7535887114943818,1.830990226686694,12.889671289898102,13.136636728665604,0.033425953351999826,8.976563706285102,1.3218653389912123,0.14707305894849387,0.07658025677214564,1.2395810061422372,0.9415266803363225,36.97379493990216,11.097560843399709,-2.9534337830145345,-0.5018110194762381,-0.4804092355691153,0.5001088721748472,0.5169949546021889
11300,600,OK,1387,1387,,32.610344,0.1356021242129758,0.256913240031176,0.7002847010122633,0.7581497289231349,0.01718225521549705,12.90927286499212,0.5249772339604282,0.11726543610584628,0.07969026340724872,0.4318792354276759,1.115768465825618,24.912899487684722,13.043100440522334,-1.3797412517534564,0.5066253168508214,0.4824501758391164,-0.5053335912926847,-0.5051837068531091
11300,610,OK,1370,1370,,28.588121,0.06210037000281199,0.20719534003313667,4.08882369467241,4.094540947530073,0.021976440936743308,16.31012735027451,0.477008104839019,0.13105933595486796,0.10804398103528601,0.3978507948456844,1.0276764109412264,28.331841649998573,13.420559931729485,-1.4272117466922676,-0.5000751287226124,-0.49010707538528087,0.5072671953307338,0.5023941807302712
11300,530,OK,511,511,,67.43795,1.1035896917305061,1.2995096882184356,11.306848219535889,11.434660130370702,0.026689951286435847,12.555461298463822,0.9685458009097001,0.1602121753246868,0.09288933903703789,0.8731939834868676,1.0266590467847438,35.45451832582042,11.860147958408618,-2.282401994739824,-0.5012982440198769,-0.4843528153826593,0.4993060305111159,0.5145832378427344
11300,510,OK,470,470,,72.22818,0.617088875555667,1.1118887481493844,18.978285607032753,19.0208417229812,0.024504377363956054,19.35005984456149,0.8333045906534042,0.11078710851476314,0.08041015997776668,0.7755834148228775,1.1006451461200217,43.21618338973363,13.388368074687483,0.045128815157854385,-0.5052434115658992,-0.49431301210491746,0.49077710226893523,0.5094326030217562
11320,560,OK,643,643,,46.316338,1.6704340050992532,0.4093745554316193,5.3967528269065514,5.664174994361546,0.04775048609946917,8.134454555939737,0.9985217921542845,0.18967460570606054,0.11106559399673133,0.8797467703773183,0.9586214131099622,23.129813631577946,15.005430830887756,-0.6451312313933188,0.5087983701487321,0.4873179665673462,-0.5077434818578528,-0.4958245401606551
11320,620,OK,1438,1438,,27.278051,0.32304517499779584,0.08477986164198056,5.412337242681684,5.422632224164622,0.012957849131031145,12.97714575899068,0.6106696663622515,0.1526072374323162,0.13106825617330398,0.48498750425275006,1.0574696112967987,23.124054558878296,13.257071743103,-1.2671561700454685,-0.5118337819149621,-0.4773089759150574,0.4981491665981623,0.5119079302170486
11320,630,OK,1290,1290,,28.137798,0.020699807371022727,0.09842843909174949,4.771262824519438,4.772322870499066,0.01343009580884496,15.826070662964044,0.6130301744203068,0.16041119045512375,0.11654179766614114,0.4699374925654318,1.1216731477657695,22.51070036904632,13.727004135456177,-1.1546170696153417,0.5126382917746177,0.4802394636936123,-0.4981156507968076,-0.5083825702647036
11320,550,OK,554,554,,52.546326,0.11132707670397725,1.5048035525992731,4.628146416816306,4.867911945116968,0.02770008261482291,11.817307066331106,0.6662166398691253,0.17165970946889839,0.09850409041434083,0.5928959281553134,1.0513017300855112,22.300951602641856,13.519719526262557,-2.3184660170927245,-0.5053173453978005,-0.47748734168618684,0.49928382626661794,0.5170840161889982
11320,540,OK,516,516,,58.754158,0.4236242536569006,0.9620747749810397,12.512005754153936,12.556087502598984,0.02601364210614598,15.478546660467762,1.2095555817785697,0.16630513019022908,0.061009747015299653,1.1353732495646005,0.9730401288554896,30.16645678911355,12.653914639359785,-1.9689883538557522,-0.5094367307694543,-0.4762650725227636,0.491535277146785,0.5215734553809757
11340,640,OK,1636,1636,,24.202515,0.10582220463954907,0.11198070632214308,1.5190330641344616,1.5268266003436382,0.004831516214701501,11.861758848431881,0.4963099845843104,0.1728507341576544,0.08258814875676346,0.3610088551197741,1.166665497095466,12.84001597874249,14.181550093507035,-1.0955278485549906,0.5211653853801004,0.47195080392069133,-0.4893001999339806,-0.5159790636302906
11340,570,OK,637,637,,52.077087,0.757422371087292,1.4763288806101034,4.358769388215341,4.663915328518531,0.028082673958828817,10.877392968098306,0.6471670302727464,0.2149849176147416,0.1565386798591989,0.5198626078659063,1.1142026260656377,15.580798788036521,13.359442234126172,-2.2545139188349683,-0.5140925556750096,-0.4691700133668011,0.49008890824615897,0.5247868184044077
11340,650,OK,1332,1332,,31.450851,0.07638553631715783,0.34743560504778,1.7018610339548825,1.7386423521550827,0.017443895140454004,13.920049851950541,0.5569204951556048,0.11928465808606159,0.07261088145889105,0.46583407435637003,1.1126072181641322,13.01434365753307,14.178570431554402,-1.5028020803002942,-0.5168737333951838,-0.47124108000854636,0.4895681060448452,0.52066924028808
11340,670,OK,1309,1309,,39.48637,0.30928958544820523,0.2493437420351172,0.4153574007644707,0.574764403672161,0.0070206995216665095,17.15325667580656,0.7271189690006905,0.10363159738193208,0.08279045763964837,0.6887456267236503,1.152725062234802,10.893291048289026,14.099403966840011,-1.2157329346284849,0.5233221780894799,0.46999651464086656,-0.49076502832015234,-0.5141856290514549
11360,660,OK,1523,1523,,24.274336,0.052875264002969935,0.032466271596708424,1.0225695617186865,1.024450272530747,0.0013415282804710288,9.716813726858257,0.4848083495580061,0.09674928721460851,0.07498529701336698,0.42960991279628225,1.0179475276450038,6.456300418264852,14.93415958185778,-0.8675831127577998,0.519840230723289,0.4763567854058692,-0.48842623951726993,-0.5140915833490788
11360,590,OK,672,672,,56.173027,1.1699919607372073,1.2012241460022026,7.480327475995349,7.665971548685747,0.03758117672518128,9.494471175508753,0.5139462128449763,0.13144775477770487,0.1357148027051096,0.4008275898450604,1.0630432849064848,12.772139177453486,13.39457750278737,-2.093867421634052,-0.510700225655194,-0.47231295853849303,0.48529639274909275,0.5297104491107082
11360,580,OK,626,626,,55.842007,0.8726227965717659,1.4522479972602969,6.070106665712084,6.302117876060835,0.03767203720969641,13.139792189851535,0.8658570214006309,0.12943746310262066,0.09693516959258375,0.7036579518180783,1.0800979791909109,11.3845422541769,13.82160090952454,-2.1698581487587063,-0.5093179435295907,-0.47159915860845036,0.48819124528214386,0.5290167993820801
11360,670,OK,1443,1443,,30.228207,0.018508746189129233,0.1171330898588159,0.6566979155167729,0.6673191790061497,0.007527845509403555,11.236615710343614,0.3065743740205069,0.1006023514654596,0.06440822053224649,0.26238706774672993,1.0277296925052966,6.096340861753002,15.08906721745227,-0.9866231249303549,0.5203588643880914,0.47718698653767444,-0.4902068840779537,-0.5110933798577445
11380,600,OK,699,699,,52.96618,0.7585584798574103,0.8330095949842001,5.325456266283225,5.443326225461284,0.03285726574411074,10.881557849195728,0.6103966564368677,0.15678175184882104,0.14650752979783888,0.5204617888975833,1.1017108249106622,5.817019317533193,14.56655321737636,-1.5914383378024797,-0.49941364302662755,-0.48478678879020787,0.49876920311909606,0.5165240213129422
11380,690,OK,986,986,,17.075642,0.07570778685368507,0.16826819965819287,0.7813832936619569,0.8028734069705512,0.02493644341111786,9.1561311056333,0.862368276758582,0.1580353327604358,0.05674279148409722,0.8203687600959535,0.9732555138733209,-0.2690433495760125,15.49907136222794,-0.952457146535385,0.5108623836524046,0.4909020764414195,-0.5051254318194924,-0.49283168977213465
11400,610,OK,609,609,,57.02171,0.7343559999128506,0.2429221909815073,2.734761166489582,2.8420430262785814,0.011478972720204176,11.195526955896517,0.3750892369972499,0.1582714732576278,0.10724713409297237,0.24756432370280912,0.9891516925913914,-0.3901850233901456,14.864291854667426,-1.04186018613441,-0.48026447149442414,-0.5109785132254242,0.5239988587499694,0.4833965168170394
11400,600,OK,555,555,,59.75359,1.285580014842719,0.2678220970340977,4.14587699860844,4.348878101052416,0.015354062178229587,14.594579759188989,0.43448640254291826,0.20616965542994525,0.11849429171262793,0.2818071876355508,1.0222437565897398,1.0571561711406563,14.480074191321803,-1.0461752055284474,-0.48089123077893137,-0.5095667968119854,0.5229559848873067,0.4853888560909124
11420,620,OK,621,621,,64.974686,0.6361101449404565,0.22533728058602834,0.26556861409385313,0.725216998773336,0.014746783378773384,10.909458789463518,0.5571312249317475,0.19675867435069017,0.1769529351394692,0.46523424830005267,1.0282277022621766,-5.563337291710643,14.239307003331836,-0.6064963813356012,-0.4247786164980186,-0.561987163561906,0.572982948512835,0.4188365978173475
11420,610,OK,543,543,,65.91069,1.0388036513512215,0.1620731056281666,0.2593321825682473,1.0828822182232931,0.016596623855406712,14.06606180347918,0.8821549908940556,0.2952398810723835,0.2255101981758818,0.7744560761150199,1.0366764035490348,-5.952728013148213,13.810666661723124,-0.6468191836153044,-0.4267306034774223,-0.5593368946436825,0.5731992517162785,0.4201021877806107
11440,660,OK,609,609,,50.41035,0.06891152522538424,0.15149089782679423,0.34762168258643555,0.3854077381650264,0.01487546421779185,4.7999300349288365,0.46221329769852054,0.1170539597444912,0.12076669238864612,0.42061402205259935,1.0740567450385639,-8.611313771794983,12.911337382130398,-0.8082696780096607,-0.3154100120532716,-0.617603539929033,0.6492282713551782,0.3123860487231291
11440,720,OK,1037,1037,,27.216959,0.8399440081154719,0.7449910920302454,6.299459208413349,6.398726746973748,0.07357738349537078,3.857341066640319,1.4483573087629014,0.3615017646918388,0.13401952228358738,1.293492921696421,1.0359852823409554,-12.655364516008456,8.393190779502348,-1.236262279833452,-0.2896597862559619,-0.6258650628955889,0.6631003633342719,0.29101209496996455
11440,650,OK,488,488,,50.905693,0.32903856458928216,0.1316020380886494,1.307911356305092,1.3550710643238926,0.016045230229444245,6.375846992090205,0.4915467209747002,0.12508402357114567,0.0697979536291713,0.4539478851579437,1.103323577802459,-9.554734207073203,12.599669925593284,-0.7529222266780335,-0.316639046004576,-0.6179530045709324,0.6464979490954355,0.3160920759880972
11440,640,OK,441,441,,56.75511,0.8822694809849598,0.03632229971777365,2.6421255964219075,2.7857757292722036,0.02466833351571665,8.304793827092428,0.6847719707925526,0.10644569141455373,0.08285765403232515,0.5395216263984253,1.2000926577873854,-10.983270312403436,12.37914677633757,-0.6281694795567629,-0.31776738302496876,-0.61980683691355,0.6414303255420101,0.3216061452705062
11440,630,OK,353,353,,60.425507,1.412011896031566,0.23506084560057058,3.1059407477164083,3.419926771729809,0.017747439147812856,10.6573724453936,0.9311376170541854,0.220316132580769,0.17059499559198565,0.7900071578487387,1.2042383482382177,-11.627952428215867,12.376455858867676,-0.7274306832481294,-0.3111000732928825,-0.621955964314364,0.644063695381682,0.31869966919067366
11460,740,OK,870,870,,19.439133,1.1126229637817109,0.2543535699001017,2.1504468498255154,2.4345527827467217,0.03249729554648911,3.7030795430267545,2.595763340985058,0.24047252079824233,0.2107620939026853,2.5116942780212703,1.0997762110758442,-9.830327906182331,7.947722111076729,-0.8764107083433378,-0.1520298550426351,-0.6809901409100669,0.6960832942207191,0.16913721845245785
11460,690,OK,419,419,,28.75772,1.6991717203893932,0.49864218452845455,2.308648117377057,2.9095849692749978,0.05349934175592339,4.15717173012145,1.741157193412236,0.8001926414330833,0.397849215740397,1.3280531476980189,0.8922478161149666,-12.61322982169159,9.21961729421393,-0.9957437766338568,-0.16746663300191725,-0.6729576451954534,0.6958698908057676,0.18667626971299964
11460,750,OK,548,548,,23.636534,1.1981829203490015,0.2959075764206903,2.7733024112622298,3.0355246447215887,0.06456510573894177,5.339256051014357,2.330547729306137,0.16514453876674107,0.15054847701270235,2.2131769620678696,1.0802310816672365,-10.136744740002024,7.355083474087661,-0.85538921130339,-0.1344327210550861,-0.6855351210551281,0.6981655644639492,0.1566342424452309
11460,680,OK,204,204,,32.26427,0.84046043622612,1.0578790094501818,2.8073958317410446,3.1155983533783185,0.07136078226733508,5.366642471403359,1.0829405695180385,0.44223960722937883,0.2385383682315012,0.8989416504098688,1.001868471373729,-12.310872876485995,8.590561109389508,0.3245956603070207,-0.1908325763994206,-0.6780606292994478,0.6856716513472703,0.18349685914887942
11460,530,FAILED,151,151,,,,,,,,,,,,,,,,,,,,
11460,500,FAILED,127,127,,,,,,,,,,,,,,,,,,,,
11480,760,OK,1092,1092,,13.470503,0.403456135036331,0.15262856223473284,1.5968537753775487,1.6540901761529891,0.03493406974543408,3.596803799202172,0.666836271855306,0.2997674173526226,0.14214948232660118,0.3922232561172194,0.8628603052439794,-9.65254539828348,5.409207333326802,-0.7279036331467169,0.011690004164685108,-0.7021799642257321,0.7115345874769705,-0.022916641694553364
11480,710,OK,394,394,,19.807829,0.1506751877400852,0.15448148654144245,0.15373194252294997,0.2649548113102372,0.02685042119833581,4.947292725255245,0.8020967576097578,0.3357013584320716,0.11528119935195513,0.5408767867865016,0.9197535233309454,-10.303502262766006,6.860173054048552,-0.45371456225984774,-0.008801946517149717,-0.7005062070245471,0.7135915260634876,-0.0008447413655023331
11480,770,OK,552,552,,12.661329,0.47040970746565614,0.18773749885521082,0.8685885952364201,1.005473425371905,0.012156348763613257,5.26601629344744,0.6526217637004388,0.18557463666593188,0.09147643599584043,0.5836831649378027,0.9434632906537584,-9.517359189320393,6.15850753602644,-0.7812188313520815,0.003899178448928758,-0.6992825210715613,0.7148290020971851,-0.0028722625171002146
11480,700,FAILED,93,93,,,,,,,,,,,,,,,,,,,,
11480,960,FAILED,93,93,,,,,,,,,,,,,,,,,,,,
11480,570,FAILED,70,70,,,,,,,,,,,,,,,,,,,,
11500,740,OK,551,551,,24.86039,0.5721010626003754,0.02903848077777901,2.081297205588297,2.15868962965592,0.03507729536564804,4.213538159441505,2.166464117258387,0.11291322479235477,0.1297080324994535,2.0864602540073047,1.0394496576293384,-7.919036479518993,1.5340503378934063,-0.6502202194425053,-0.18226932616719504,0.6849841005735114,-0.6830435595234456,0.17614247214569057
11500,790,OK,826,826,,16.722755,0.3436462488354306,0.04790691389636027,1.1608978011735083,1.2116400131669565,0.03253455586621982,4.828077258986954,0.36662338114525417,0.1302342627239178,0.04834498286774869,0.29976898753719006,0.8900647070910203,-7.478342640715642,2.846126775512888,-0.5784613584262835,-0.20489612044756889,0.6840464964547848,-0.6739867892677929,0.18931396780470572
11500,730,OK,297,297,,26.964304,0.9286157718992833,0.1887728135244557,2.151264005760714,2.350723133299129,0.04029029598396824,5.801153880265821,2.1887358160283026,0.18141500142577538,0.16453316357933012,2.128743250609812,1.0564095594122231,-8.284431808087229,1.282733491477705,-0.3838282305817401,-0.1717409345784143,0.68442549567295,-0.6842312355505082,0.18410434150229701
11500,800,OK,301,301,,33.712067,0.6191229338791975,0.2455962914083103,3.6766156638139567,3.736460020528902,0.051643060548222854,6.697175073423522,1.5702373261621314,0.4500455692628127,0.34835290478900927,1.4439801507975893,1.1205588076843358,-5.912515701526132,0.7926309813677341,-0.32794285244609134,-0.19617636495059562,0.6946494221789326,-0.6614502788665452,0.20361862068242995
11500,810,FAILED,104,104,,,,,,,,,,,,,,,,,,,,
11500,240,FAILED,90,90,,,,,,,,,,,,,,,,,,,,
11520,30,OK,924,924,,17.707718,0.42909142535149636,0.07076713951696173,1.326946424242296,1.3963933013857548,0.023025321565323734,5.801356333265317,3.1483454803876705,0.8087325595376531,0.5728710292294923,2.936710451530085,1.264787998443063,-6.734850004974028,2.0797189196514463,-0.5949782412235632,0.36319796530407,-0.6103170760866038,0.6120449657167497,-0.34785236031521294
11520,50,OK,988,988,,21.21568,0.3360067452390374,0.0747143489283382,1.0952212673498911,1.148038497280217,0.023636648821727495,6.023781515574695,2.9204125812221884,0.7305252450227075,0.5266221833033449,2.746292993047323,1.2388307806396368,-6.485501593480705,2.0541383527396784,-0.5987153744775289,0.36301308137529964,-0.6103481567322596,0.6123918840164511,-0.34737992272830703
11520,10,OK,937,937,,20.205194,0.4095203060460506,0.06041373460146119,1.2915927516269203,1.356306947725236,0.02342967177293352,5.799945089601189,3.0715557971872895,0.783966201128252,0.5585495956669904,2.854883341426837,1.2572904837285401,-6.6933211629194584,2.082700677909347,-0.582025806878754,0.36317073428210883,-0.6105194899965045,0.6120139818118295,-0.34757999965796554
11520,0,OK,873,873,,28.811651,0.4224991013088719,0.035205727461199626,1.2890395829037624,1.3569701471092068,0.023488579048267386,5.783549860110664,3.133572473752758,0.8125309748939329,0.5693806167905877,2.9230803937736702,1.2661748609159253,-6.700926159809535,2.055658604919385,-0.5456298798681128,0.3639516925894092,-0.610787778103432,0.6109685424072212,-0.34813057287398985
11520,40,OK,934,934,,25.040747,0.3432443850017901,0.05622678028893936,1.189208887715906,1.2390302406638105,0.022954118917903863,5.843657733210846,3.1883724773732722,0.7939326801378801,0.5626954238259096,2.9886138069098296,1.2598487866397456,-6.568226024734786,2.1013299635990625,-0.5752769384946483,0.3623497521704246,-0.6114012422299713,0.6117478082100303,-0.34735543360066173
