query_idx,anchor_idx,status,n_matches,n_inliers,n_overlapping,median_depth,x_error,y_error,z_error,pos_error,rot_error,distance_anchor_query,pointmap_error,pointmap_error_x,pointmap_error_y,pointmap_error_z,scale,pose_x,pose_y,pose_z,pose_qx,pose_qy,pose_qz,pose_qw
11540,800,OK,1305,1305,,27.816236,0.3531620704737548,0.0610147903714348,1.130037068739529,1.1855083421852444,0.005196961705388465,1.3033169354949938,1.1283558220326864,0.5055427360959155,0.3900918860131348,0.9027014749272606,1.122406395491619,-2.8205476432261465,1.4006991114622547,-0.7202772978858013,0.4487838276675569,-0.5462906078900023,0.550128505211869,-0.44443028194372963
7320,2870,OK,1811,1811,,28.544361,0.010944554033646803,0.04450457514426185,0.4663624571509588,0.46860898616186025,0.007947522565765254,2.128807534437674,1.5963250468147248,0.14845392669816126,0.1916670070385018,1.524582676968878,1.0063426495657286,-11.364637582094932,17.81402356786113,-0.8296123355879638,0.023385464252028625,-0.705866569141285,0.7078706227764661,-0.011166379918604013
3019,860,OK,1524,1524,,42.37732,0.04070253054935993,0.02925081744478943,1.4673927726657614,1.4682485673706684,0.007949032121952021,0.919288125694955,2.2058161326094767,0.6712495605370963,0.4846891899678126,2.0315139168231315,1.2073247446041109,11.57738791618309,0.026859972661572695,-0.7153819833477056,-0.5004792679171407,0.49716146664880695,-0.4942609691999433,0.5079931818344248
11580,100,OK,1746,1746,,24.682026,0.015706389017790673,0.05252714943855408,0.2474180032146036,0.2534195343670649,0.009399001672469683,0.1363640716704028,2.9017939991483424,0.7811181383732415,0.5770045801422006,2.708306353639938,1.2715601239212018,5.226589040020732,0.16512847775531117,-0.7456596108688166,-0.5039145173765689,0.5044508216936644,-0.49612082867075163,0.49544288371998346
11420,670,OK,1435,1435,,36.835396,0.12898887717664065,0.005687949496084688,0.2866129321232506,0.31435243925417145,0.006932617219567913,0.6105202614074254,0.5683557609128712,0.08007891379132936,0.07648782558692208,0.5210238105620295,0.9941337112300781,-6.307837350118553,14.705411326439767,-0.7870645076946078,-0.42320827335337474,-0.5616497268290017,0.5790153737854145,0.4125354998521942
3430,9180,OK,1725,1725,,21.166368,0.030415662666329835,0.0832498815710377,0.09970227485383987,0.13340239476131754,0.00929061928681738,5.001097698778856,0.7545339170836571,0.2262989034018532,0.10485785399984698,0.6448344290305448,1.0621908296288418,68.39125596472682,43.46967966251565,-0.47594952411270763,-0.6895709815607661,-0.01713633905128113,-0.004490288497833442,0.7240014120030757
3350,9110,OK,1902,1902,,18.199642,0.008544079307121505,0.12274981834792698,0.5147725963606875,0.5292743571717591,0.008412974130026077,1.6592498861887115,0.809729338101598,0.249882697904088,0.1376311130397594,0.6424066441960878,1.1238491373222985,68.29759353261682,28.781624258651917,-0.9704384621977806,-0.703107204897134,-0.02692238145713676,0.006148064189575638,0.7105474263588161
11220,470,OK,752,752,,70.787094,0.7755810074246184,0.2509852171145095,8.929448523008071,8.966580753182276,0.01086853769332139,6.940530530387305,1.103707924017696,0.3674537568561713,0.3042375462058924,0.9568624656854929,1.2037059376008017,57.09252764050038,12.575848095039314,-1.1653133641027844,-0.49399557050241055,-0.5016817754483747,0.5147845328359545,0.4891632214913878
3690,9360,OK,1149,1149,,27.011992,0.5762626451218944,1.394302074133146,7.151863828780754,7.309262147133415,0.042697200889494066,3.410251718643819,2.50422441938108,0.13314022623864397,0.07623219363864964,2.3689203239662895,1.1264664911255566,71.43038992518628,114.89830439731907,1.8177154767342052,0.7169391337485542,-0.098505070206064,0.06977982953817365,-0.68660454778074
11540,30,OK,1534,1534,,20.509502,0.10236024311338301,0.036791302270026714,0.21178754523056265,0.238086504463699,0.010824925896497516,2.0144942336153395,3.0031709300014646,0.6790107286699691,0.4833558853387483,2.8467934210302834,1.2454650170448842,-1.9674984784454288,0.9660555784336251,-0.6768792008949113,0.45109684072235134,-0.5488468464098974,0.5500603548621268,-0.43899018837005355
11660,120,OK,1075,1075,,67.06174,0.054125572104090275,0.028686620212139125,0.7151067776655022,0.717725715853855,0.009738538093592885,2.382976070795696,2.240799997560588,0.41641228500741834,0.31462760719838756,2.1529750832941312,1.1208687403166768,12.544197020134183,-0.08445507814804801,-0.7277410212112244,0.5039806076302347,-0.5015823090221099,0.4951896679351104,-0.4992052956239777
7240,2760,OK,1289,1289,,41.73642,0.06956193589991068,0.05784234098250308,1.3629476987645965,1.3659469348785804,0.0061674790349026615,2.398792352677947,1.2288019084612476,0.11360509255422935,0.11760742285776304,1.1981974723900715,1.0292684422677094,-11.019414594085328,36.69156737093345,-0.4548047275482352,-0.015886048702723487,0.7227338506421979,-0.6908337498162981,-0.012334695264505077
11580,30,OK,1040,1040,,77.78015,0.2302959248627537,0.11240145461065171,0.11526116148201204,0.28099009831872,0.0109266241202506,5.3949702239158634,1.755866444441081,0.5364959047405258,0.3890450919676076,1.6254162624280752,1.1848435961200603,5.362071797672039,0.0012025232954501752,-0.6076448315470707,0.5053929331715766,-0.5031793981763332,0.49666431939115374,-0.4946847786165
3019,110,OK,932,932,,76.264305,0.290014794532164,0.04530393241206489,1.060478630963086,1.1003526498667922,0.010643899643747219,5.7794292438002834,2.049339794265574,0.4527036418499507,0.33332275316866844,1.924331929836554,1.1784225210775947,14.112968452114263,-0.21251096680298814,-0.6786328158521763,-0.5003500113536931,0.4969372665233199,-0.49346514858042306,0.509112331823922
1600,4730,OK,936,936,,43.84655,1.7412235747803695,0.03780241981630838,6.612429068763866,6.837946091462572,0.04789043298998202,4.2461408292345615,2.0354588914303084,0.18087491984792547,0.1535865735421439,1.8669185257009087,1.1634420605494955,102.95533145907504,112.07040088501938,0.13841935964478305,0.5160642447041169,-0.4922789551973604,0.4985671355564389,-0.4927168933077208
11580,90,OK,1281,1281,,44.021248,0.11479666728679686,0.05972191492208788,0.19332291993410777,0.23263433391046576,0.009443567578884243,1.762621855232931,2.021383409585214,0.5785452346897411,0.4603785101486102,1.882356487510104,1.223162210841145,5.280787820952064,0.07944639039162578,-0.7571097281929335,-0.5025887466715067,0.5044746364752914,-0.4961088390986335,0.49677551533916514
2060,4410,OK,1423,1423,,16.981949,0.09622842542335652,0.04274855609683413,1.305299742719809,1.3095399067047258,0.03577976156892107,5.589101650256235,2.801890440141794,0.2966595127097378,0.20792553646663725,2.752027021744528,1.3819321440117467,81.43031185311918,158.00208132828976,0.2422583851638624,0.4796596391926114,0.5212495579873218,-0.5212189047630846,-0.47597939256359234
3390,9100,OK,764,764,,41.23822,0.0942232503095013,0.03373175625093833,0.44967359151752184,0.46067579835164635,0.009903133852939904,6.923044590658931,0.7877890436545567,0.20525422896833811,0.11751436887708622,0.6868260387446128,1.0378219530289547,68.18065017115872,34.17915363021927,-0.7970180649187806,-0.6953135280801336,-0.023736205883836597,0.005130775089951841,0.7182961543444136
3039,900,OK,1840,1840,,33.47032,0.014378488897087316,0.02054854345153985,0.18781193023670095,0.18947903504129135,0.003744069252784752,4.164937005113263,1.4931904203358448,0.19767639864196962,0.09496504197849093,1.462774712943073,1.1932886363737123,19.78487417702967,-0.21381084191897087,-0.7962097506404049,-0.4980379184020701,0.49995066930678567,-0.49857160182597887,0.5034222064491272
1840,4940,OK,744,744,,50.851845,0.1874537239142309,0.6885283059901408,6.347446932341329,6.387432401650003,0.01787021075486139,9.87753208615797,0.8124895883902696,0.2902613263446061,0.19845612668108403,0.6920622541670127,1.0399754508781678,130.46376035541093,134.002647471967,-0.4566894621606693,-0.6975905233774141,-0.006057451671511617,-0.01321183486526235,0.7163492279557266
3490,9200,OK,1046,1046,,24.64925,0.15973574410630342,0.06401571742288945,0.7260524968126689,0.7461673727457349,0.011050153020058634,3.687086262978468,0.6395315445233573,0.24220000583326096,0.18345558700429265,0.49464563090689495,1.1642403988662258,68.58381297031414,57.26624480439705,0.15381547587896993,-0.686565567693178,-0.01050654040643385,-0.0017548103027810757,0.7269898586002651
1800,4960,OK,1632,1632,,32.82168,0.1765252518565667,0.12938271060533107,2.426707109200306,2.436556677811931,0.006462081837064074,8.560337571802103,1.1460087467575504,0.32168451292940614,0.22303270264947261,0.8855243446751917,1.1164075812978291,130.18131373371503,126.10948730384064,0.09703590830028166,-0.7064681644686409,-0.010155744521706738,-0.011783144521245868,0.7075738484078609
3059,910,OK,1761,1761,,32.076054,0.04500098117188586,0.05079199194296088,0.6984009662785375,0.7016899774478478,0.008103317373397574,0.35210073224731203,2.9450405650556495,0.49383009664767386,0.40756689005440183,2.8247498830255537,1.22603458330782,27.118668916628437,-0.5045739326482966,-0.848152449926148,-0.49896098285670876,0.5012566851722025,-0.4970920724868584,0.5026720050167532
11600,140,OK,1645,1645,,32.262646,0.04174719350874749,0.00475445489629879,1.4462977940955835,1.446907993693092,0.009801791900387774,5.496500194128854,2.077848472156038,0.4989499148526726,0.33640154364459174,1.9684725495586948,1.2168009024837796,6.970858792175148,-0.05310863221869535,-0.7426301472926358,-0.4974173849501546,0.4985546828067592,-0.49608520338212847,0.5078569132995177
2959,20,OK,1275,1275,,25.811043,0.07120499617799847,0.07161031101048555,0.8597030600319613,0.865613966818954,0.012833558223226921,3.658597354436368,3.1791747253536595,0.7408319770165921,0.5483000367805815,2.9695627351770773,1.2738999879798953,-4.220524556265458,1.3189865948629862,-0.6664845635082912,-0.4171645231375336,0.5740368468986585,-0.5734708657428355,0.40937345441814227
2959,10,OK,1277,1277,,20.771713,0.06568955860482978,0.07020986636511686,0.8640502275319841,0.86938330967576,0.013148543163702937,3.6604595615008235,3.1679529913248428,0.736574821378656,0.5473085207492971,2.9497993164508935,1.270829401022716,-4.221211221427144,1.3320811706471032,-0.6621687013943796,-0.4167471349746222,0.5746389876449606,-0.5734879040992059,0.4089296800437928
3650,9330,OK,1022,1022,,36.611153,0.02890322148644514,0.20951627181862817,1.1948735307488247,1.2134476580607976,0.020030291616220847,4.68279504639848,1.3825035569380137,0.23809577125875903,0.24589182458527326,1.311267151080873,1.1324869028417544,69.13960929674214,102.03910203706735,0.7720429642134687,0.7080915073216617,-0.0013517791046874495,-0.0082368407448565,-0.7060713451250751
3019,120,OK,1178,1178,,68.542725,0.1813671446791405,0.055845398950985864,0.3477293877648324,0.3961419907916406,0.00835135069037184,3.5983081846944533,1.9189493513395868,0.5104246437553019,0.377675215683144,1.765492414696181,1.1304891604293428,13.397508815141164,-0.15003779708923737,-0.7074636716569209,-0.5032394130033214,0.4982243866220108,-0.4938367336202285,0.5046264304438454
7340,2890,OK,1743,1743,,23.986715,0.1886668528714872,0.02402078621628038,0.6803940877905381,0.7064759686239852,0.0069726080303600755,1.7651398760723744,1.1764885016087698,0.4171802479098765,0.31422159766359203,1.044351250195882,1.0777971593058433,-11.08165465715464,14.159221983013069,-0.7630536681672956,0.03397030894443501,-0.6961404052903053,0.716792905018762,-0.021035340435402377
3410,9150,OK,1766,1766,,19.865917,0.023713628039038454,0.10313117722720563,0.7215778790194994,0.7292962438963487,0.012032875728205194,1.5201386043384,0.6333847567850348,0.20769704682114076,0.10190315464577004,0.4800766592763992,1.1001586954990692,68.29706896584378,39.558150506920214,-0.6212312538989404,-0.688261213497989,-0.02309204016368041,0.003181874750054561,0.7250883638208723
1720,4860,OK,1828,1828,,21.739754,1.690897538331067,0.5861285876326996,6.144956764172169,6.400248029562578,0.05634308329365901,0.3333987563886123,2.3944651933699657,0.40045798965930457,0.1688809560354283,2.011794358282721,1.134107641555661,130.1332851721942,117.0298474857238,-0.09327285588215162,-0.5544180087151878,0.4114941037012034,-0.43238981833494844,0.5799416515751388
3059,160,OK,878,878,,70.37851,0.39384125051628255,0.004864331179028167,1.3187437915657254,1.3763065719959322,0.01297327090244956,7.637881631424789,1.228917906001552,0.2716224993305172,0.2174154630168612,1.1635240934755444,1.1470632503865335,27.745410948495383,-0.7427777635659621,-0.808894735433909,-0.5007011256292141,0.4979359106498439,-0.49658363660357835,0.5047404318424608
7000,2550,OK,1717,1717,,23.077463,0.01709163294228866,0.11201750961325187,0.4383119807964788,0.45272225357974366,0.006157870505201857,2.8400765175908207,1.0846459398961885,0.20077974602111537,0.12465616541992075,1.0034804909198147,1.132904683087529,-8.85467025494133,118.06282826554406,1.0677578180302925,0.0022609070324581112,-0.698843246258301,0.7150540402102908,-0.01762739451790669
3019,140,OK,1883,1883,,29.207464,0.14065630217072078,0.039412883799405204,2.022513054811134,2.027781208027925,0.006110807066370115,0.8637227857317271,1.9475552623604948,0.7003167187158255,0.4972443817972345,1.7367413502553877,1.2621948066813544,11.023036134323913,0.12649860479938038,-0.7231763555537851,-0.4982087316412603,0.4973345617634705,-0.49784432080790403,0.5065544646247431
11320,610,OK,1526,1526,,29.219677,0.3279131699868836,0.23944058920336886,0.6698614472499624,0.7833091352210297,0.035477918797888766,9.803088999762352,0.7136545752722394,0.16285468841623807,0.1264994213816677,0.5209764702918811,1.047695374879464,18.325398109647452,13.080915580287531,-1.3705760496822705,-0.5201748280586627,-0.4637454540008697,0.49311114730701144,0.5207683732229048
11560,50,OK,1274,1274,,46.14809,0.03765913000704499,0.0208559349137844,0.7217410801182664,0.7230237664311578,0.010095731706379237,1.656333828320115,3.1351118599089496,0.7145840657875999,0.48838031329793496,3.001874251641529,1.2499891023460392,2.704000900616312,0.24855408749965618,-0.6647078283658111,-0.48389323767465836,0.5193421348802858,-0.5149463675594327,0.48058435264589006
11500,780,OK,1208,1208,,17.389566,0.4719649964828111,0.11756812079131156,1.4140646684019265,1.4953769114688344,0.017137473841025232,3.0796180026164004,1.0913767962716157,0.1051647099187436,0.10717806557063092,0.9911310929197192,0.9186537959008307,-7.204173931937204,2.7437131751143866,-0.7140349072351778,-0.19734408081349675,0.6832308956502805,-0.6774532461525737,0.1879041145747797
3039,160,OK,1558,1558,,41.82312,0.05144979249314807,0.03660667180629283,0.12349424508404516,0.13870096660513884,0.007173665693619379,0.8136741690173037,1.6957671234607903,0.3946001644476289,0.30079641341752206,1.6116328786148593,1.2386346299710174,19.4747255500747,-0.2604949866312446,-0.7393447668111348,-0.49993774970615995,0.49921877149384025,-0.4978193111631728,0.5030097395080396
11160,440,OK,1432,1432,,17.071442,0.09292671426102883,0.00020140992303509242,1.5197219802830806,1.5225604461382924,0.02308189618165723,2.530248868389882,2.318107368452762,0.15359883722014467,0.07857593738918345,2.2577749158484464,1.244131979968837,61.29281301752045,12.207052795852173,-0.7532936413183873,0.5895244559066867,0.3969033413448861,-0.41678504349163137,-0.5667617498022153
7320,2810,OK,726,726,,45.186287,0.22387337097704513,0.2301884535356399,2.3499770741337436,2.3718132850896896,0.01856686651851821,9.476644243816892,0.407068452514187,0.13439052622568792,0.06386888337015573,0.33090193306064064,0.9574893286156342,-11.46023535544191,15.923394161898042,-0.7389330826037659,-0.022653396140606036,0.7094006289413671,-0.7043152229592773,0.01332809096282192
2999,830,OK,1231,1231,,64.5188,0.08528755438429175,0.0028587539446289084,0.7716599159227959,0.7763640674638065,0.007933167526418587,3.1460527370068387,1.9279055537315029,0.5970891708614845,0.4495698982161891,1.7601211098787077,1.1858619282759815,6.229830662434946,0.23095515280614973,-0.7077174475831474,-0.5033360746489015,0.49895810589353223,-0.492515271762826,0.5050963389300736
3670,9370,OK,1590,1590,,18.135231,0.220913535441507,0.02188644640932537,2.9991799442122873,3.0073846020159962,0.024792907504502942,1.9250988482736162,2.029560829211233,0.24185167420829767,0.10991305900198345,1.8486309285028462,1.0899957626069645,69.9642493593759,107.83481613606916,0.8568086870838473,0.7098362382596405,-0.041468389472477996,0.027234752516654852,-0.7026173608610297
7240,2780,OK,1768,1768,,25.007963,0.04452802433838027,0.015923652540603135,1.2149032850839414,1.2158233012117616,0.008719163374944251,3.5584355506872796,0.9888131423303352,0.08969816426675914,0.08576773261206305,0.9512086579740346,1.0379174257844324,-10.92073062637939,36.842188166528146,-0.4871278274020112,-0.01566519918155415,0.723906294671578,-0.689578244238849,-0.014004397235700688
9580,4800,OK,975,975,,34.9101,0.1545729779194483,0.08760540971136888,0.9472083651774876,0.9637277625843265,0.015167960583318195,4.88743248543344,1.0957268829277407,0.26313281452677006,0.2501754359576722,1.007675278424649,1.2387999702939796,115.87390200502138,112.94040337431514,0.20551696355118468,0.48764403242633936,-0.5045278496020343,0.5225863433980066,-0.4843123582036978
3250,9050,OK,1765,1765,,19.482447,0.5033241041876835,0.1572596344213455,3.237975707740551,3.2806329313704987,0.00912563559808497,6.521656292695147,1.172249269312847,0.31465118544414294,0.17876229557469991,0.8218685837965918,1.0707415178802455,68.39923025810106,12.706924476766309,-0.887730549538135,0.7129571133957509,-0.04237092170559987,0.04048014216722085,-0.6987547620892025
7080,2600,OK,1409,1409,,22.060347,0.08345980945310749,0.08519983902871463,0.06720238236695608,0.13689672224075514,0.006410233506477228,1.4616480460625658,0.668378863923021,0.19084770332825424,0.11771399087764872,0.6044756903597408,0.96253777923358,-9.15326244700084,96.70196554573462,1.178632957606697,0.0048117168035520805,-0.7040248176646802,0.7101427735384889,-0.004810892295483446
3159,1050,OK,1592,1592,,35.4109,0.3145534049160849,0.11179283788416461,1.4753109915190596,1.5126083448280485,0.010655218430074354,5.136849612001354,1.8580258602061346,0.1154345462975165,0.09980754438942241,1.6729012024504928,1.2398928961596478,58.553990963625616,-0.6485673436573539,-0.8191532121016175,-0.5113149840730892,0.48553661841834445,-0.4849291433531301,0.5173537524402574
2919,740,OK,945,945,,22.542608,1.1137675754673937,0.23273019299778094,2.658413363170749,2.891678260868611,0.021872959989291178,1.1444213151820464,2.3151562033138013,0.18418527951505692,0.205308297110131,2.160601946809634,1.0724853160313907,-10.242739919189676,3.11495295555889,-0.7514060501710605,0.14535093937000984,-0.6812114568834848,0.6986338320917658,-0.1635078716506036
3510,9230,OK,1773,1773,,19.970818,0.009341894991045124,0.1360599659292029,0.6736934262606145,0.6873590167572151,0.012674921449613706,0.8972397880338701,0.6791702987401756,0.13874597594048144,0.09662770527537923,0.5872919750824064,1.1042867910377423,68.811568534438,63.5061618345767,0.3977248647973871,-0.6850783816131192,-0.014331348800318416,0.000647248491475351,0.728328088540668
3630,9350,OK,1834,1834,,20.90995,0.033642779633772824,0.19536786828642222,1.995768472673622,2.005590246560416,0.028619054812712673,5.863666569269513,1.3823181880550726,0.10501675702615376,0.07141076675266761,1.3430818795840578,1.091552477451786,68.98912873393694,97.96509518082425,0.8222045116890907,-0.7054780178233757,-0.01055013829067411,0.010061983267411005,0.7085818353886689
1780,4910,OK,1495,1495,,35.75584,0.023411151453472806,0.11198474755133916,1.9206631653835486,1.924067478171612,0.013296584255425781,1.2138816725766044,2.299559746817925,0.18957720760903674,0.13961911926815795,2.1260646150114404,1.1275058435541423,130.25850771764786,125.34508297431077,0.21105655063428438,-0.7008885813070196,0.03411051174173051,-0.035889525347090535,0.7115501468993674
2979,10,OK,1403,1403,,48.8479,0.033352156966703295,0.014270515542726736,0.23275910656892207,0.23556913142207245,0.009103786359858087,1.4045241258696393,2.9342166978606734,0.7418487778938111,0.47275924691518645,2.755923163459209,1.2583222646091285,1.7369649104651084,0.36959024107364546,-0.6529966932342559,-0.4828903747288228,0.5172048636193756,-0.5165057514350786,0.4822217578844871
3650,9350,OK,1796,1796,,20.432632,0.3565914667711716,0.07828297464209842,2.635410917961536,2.6605782087365326,0.03354742819048219,0.9834760509537922,1.5903966919377774,0.1094502641566586,0.07104487432521539,1.4980286505911313,1.108902653917065,68.83793044908633,103.48451783188385,0.8666938762821353,0.7112454693433329,-0.007121624802105004,0.004806358335393946,-0.7028912175566798
11440,680,OK,915,915,,37.403854,1.676559608437003,0.13508401960053834,4.127702188913615,4.457244123150102,0.016091760254870822,2.1531551260829973,0.8371529601792322,0.2473550501880566,0.11816688651953444,0.5777561016344723,1.1201387014995434,-12.605276764103793,11.920336151624316,-0.7288471641405798,-0.3179005356778741,-0.6171763172022507,0.6479976084131763,0.3132598639966369
11320,570,OK,952,952,,46.58082,0.0205755148484496,0.17137542121236216,0.6612204268103543,0.6833778893396102,0.02574002126405164,4.455906532600477,0.8932181999141517,0.23297222541602391,0.197647200264569,0.8064653198046248,1.1293486844215839,18.3864119674895,13.731545200212418,-1.0705805751577004,0.5187875651310014,0.4688145553603787,-0.5021312293611834,-0.5088581368593058
3470,9200,OK,1934,1934,,20.46401,0.06076733728012876,0.1770122463050205,0.02222373783823861,0.18846723626553483,0.0067936558117879485,0.9287949144940655,0.7521834922151189,0.20695080780714648,0.14567968666401,0.6436146913094731,1.1366664830513147,68.58626581164123,53.43650161587519,-0.13660606647515025,-0.6851196897575511,-0.013838942608434678,-0.005966728033903467,0.7282745996741659
3450,9200,OK,1764,1764,,20.638107,0.09049415133019917,0.10406742746335108,0.041856685838168595,0.1441221809201067,0.0034083515560651913,5.6321187114485065,0.6478910598077637,0.18699433962685763,0.09545375123510969,0.5605167915119935,1.1253707843995064,68.44242231133131,48.64681293318622,-0.27724981987912417,-0.6900632989680239,-0.012455034692789848,-0.007604386840211134,0.7236018855896891
3330,9100,OK,1957,1957,,13.521597,0.024824226078188516,0.1662434909466485,1.6966579197423646,1.704963705510178,0.013570393826080794,2.3871178689449004,0.9674268196552106,0.31118457423543866,0.16498683662509217,0.7048007575139543,0.966132457296747,68.30086761233815,27.045775862586286,-0.9240155346460036,-0.6935496301510584,-0.030018335994676126,0.007902450342100418,0.7197397872148179
3350,9100,OK,1465,1465,,15.741763,0.00639362846858299,0.13246645498274837,0.20716522186134545,0.24597900180615265,0.010816595951932517,0.6274758436330488,0.8111632023368729,0.20342650942691853,0.12981911179922045,0.6885673162601993,1.0090012462803566,68.30106352292543,28.472500724746325,-0.9817661696583672,0.7083548722975814,0.027312238660881828,-0.005642518256062257,-0.705305308713424
1980,4270,OK,813,813,,35.390297,0.046703121036265866,0.022347202104056017,1.0366508239729502,1.0379429222265568,0.00693751883894241,4.519757249161368,1.2843226355520048,0.16153562060146287,0.14244582387281285,1.244481158842491,1.0131648650595435,105.99652476615556,157.70926998331075,0.15537092559244875,-0.49107568558910947,-0.5042652446168814,0.5047248788220904,0.49981399619527395
11580,70,OK,1054,1054,,76.77194,0.0059276511846734475,0.04695166699891201,0.18986279321561872,0.19567185881005136,0.009351540752945997,4.08681770486836,2.143433999561018,0.584249247725869,0.41907369353796176,2.020044837765938,1.2114963015711129,5.286175137719881,0.2086624695491948,-0.6543568484704055,-0.5029868458476835,0.5040589403483247,-0.4962966977375651,0.4966068921933233
1640,4780,OK,1166,1166,,29.179127,0.03743247955093426,0.08523370907990921,0.6616097703636048,0.6681268322178294,0.013028127866401637,1.8852270029481635,0.8745342679768882,0.24306722338756592,0.18673065384985854,0.7883289331811367,1.1078727998332167,107.4038140425352,112.98164800737226,0.2108952413532176,0.5080630027110599,-0.49429176905564576,0.5108529752779911,-0.48639168369708613
11240,520,OK,1595,1595,,16.388477,0.08379171673307248,0.13077075604732152,0.22740364757187015,0.27538057549372447,0.009276689092299608,2.4033900657205844,0.9089453087266706,0.23253328083535418,0.18635587224435524,0.7742289920007508,1.1768389079982822,42.89734378239413,12.843140721257186,-1.0499779586349998,-0.49453422318212087,-0.5005977124625989,0.5168631827780947,0.4875349040503332
2899,730,OK,1408,1408,,22.25941,0.1956075526729758,0.1820061083978263,1.0047212326368338,1.0396409444938723,0.007552060797099676,1.4873896788103835,2.0057634396318984,0.186128424806562,0.2283911702107866,1.9416002513256085,1.1046976672803328,-11.853376975872994,8.97532818446445,-0.8049855156770427,0.05267813843914753,-0.6977815200613249,0.7128094861653452,-0.04720805465372897
2060,4380,OK,1701,1701,,15.80807,0.2378538553673551,0.04880604617889847,0.23053559903689091,0.33481808356184944,0.008253514306543482,0.3950610828177521,1.9797120549556269,0.45983912790078296,0.2608651615982436,1.9198324930051314,1.3294184145139527,82.52511346419834,157.76685746853136,0.2267191294909926,-0.4875172230821599,-0.5101714789026435,0.5119996889112283,0.48980438735004667
2080,4410,OK,1402,1402,,19.633,0.16480664884601423,0.0754552049079091,1.410540919081876,1.4221393756787313,0.016832000050639652,1.2799928534978593,3.1980104704590033,0.3100883805321595,0.2263096285484938,3.126571306322761,1.3670744221152689,77.03550306160588,157.51171783252033,0.2208645555342226,0.4725140726018967,0.5304137341651639,-0.5230174914774847,-0.47100363630309233
1820,4970,OK,1815,1815,,29.314112,0.10464335162571704,0.00880947146285244,3.0445679924175186,3.0463785218321373,0.0056162573546227985,6.3966315540835135,0.937722951523136,0.3215997110961162,0.2267758718249664,0.6889595827070361,1.0603003212473838,130.42796194978018,131.2014801757299,0.1764850990034171,-0.7048416398223247,-0.013614060233323344,-0.008716942541606614,0.7091804671938348
1560,4690,OK,1202,1202,,29.141636,0.07629575261673917,0.0972310086699372,0.02587579543982299,0.1262714049338631,0.018477800598916218,3.242232966858693,1.2352128567748553,0.28862401183743425,0.2536369439443078,1.1262333565505855,1.0792638844162274,85.63411998063067,113.96475202495277,0.3664418600831433,0.5140750133605458,-0.48245622100650787,0.5041325758261784,-0.49881180964501703
11380,630,OK,1356,1356,,24.397976,0.09174567977087383,0.6641102277808637,4.022462136291461,4.077948173076533,0.03750381216466195,1.4572750878386236,0.6087865327655045,0.27891167060523747,0.16860954091316796,0.4954693309100069,1.0624402589987108,4.521877852197345,15.197761674137668,-1.6498115653254588,-0.5018968029639287,-0.4754295241762614,0.5097703674180686,0.5120552111038109
1680,4820,OK,1536,1536,,29.643543,1.1376955248770892,0.15768117274038926,2.0092609050602324,2.3143776364641973,0.04231466630661044,0.8126917551451481,1.2101134804667253,0.1789918959289909,0.17312124937402418,1.1074818526984131,1.2962621272320343,119.78759538772941,111.5254046189608,0.37002559434854754,-0.5126779761551334,0.4795577321905515,-0.49366694836058117,0.5133016835722273
11420,700,OK,1289,1289,,27.11562,0.2078930672598925,0.1498757511406179,1.0903548230824223,1.120069599807883,0.016647141597344633,3.913517523649434,0.7662626529603651,0.19806408866586878,0.05010313997078608,0.6369832101735335,0.9688139264510522,-6.994819048316479,14.184676650349914,-0.8970645133712072,-0.41863355373725475,-0.56476943758993,0.5806813576640205,0.4105978457215052
1760,4900,OK,1759,1759,,23.004429,0.05195059252787052,0.1200345322798469,1.6203771956016704,1.6256473815159216,0.03004282851769837,0.9759897913944965,2.2376072621978964,0.18823952222126294,0.13750485588751626,2.1497114716842134,1.128692148239008,129.92552922647033,120.5998553354681,0.41763361481126515,0.6951765843525153,-0.15302631754641519,0.14048981006717734,-0.6881679126299354
11300,570,OK,1690,1690,,18.078592,0.010072021636046036,0.2555708662027887,0.362894751597413,0.44397129863137413,0.03155706899887836,2.0560800810234574,0.6739583513997534,0.2440152927646264,0.1909946426236313,0.5671145734784817,1.1040934613817517,24.578923989523805,13.17807979060669,-1.2336196445196497,-0.5096967036233562,-0.4766957864542714,0.5097752893394218,0.5030900037479745
1560,4730,OK,1803,1803,,18.542824,0.014366109999884968,0.19585412907017652,0.40562477537546826,0.45066249387847357,0.01355731292343741,6.4677201268345215,1.3663811954662406,0.1991992812228549,0.16858541583148118,1.3078941800181987,1.173583592876027,86.00968705623116,113.94170788237776,0.22134458194660045,0.5175051121465513,-0.4821550908759073,0.5039108290775854,-0.49577091845223376
7280,2860,OK,1645,1645,,29.952728,0.0892313988775173,0.053960766555418094,0.026389237619669714,0.10756578793944808,0.004799302753635834,9.131730069016841,0.8082626037469507,0.08912289425956743,0.12135383751925222,0.7718703775608198,1.0435459202604473,-11.249010394594105,27.430212629304783,-0.7803287665967814,-0.010723896628052922,0.7233545444594305,-0.6903635290108304,-0.0064341947990906945
2060,4390,OK,1561,1561,,16.491537,0.08939714550156713,0.0344505823603571,0.7428938763445314,0.7490460625081744,0.007971176021518285,2.216377620556568,2.3387804204879776,0.35702286972155317,0.18180836801881806,2.2844355842242354,1.3069629587402487,82.01135221994639,157.89545132081432,0.24457037727631495,-0.48786563892907725,-0.5127681199995103,0.5149016777553036,0.4836654171111106
11660,150,OK,1666,1666,,30.646235,0.04850809822452312,0.08458743924541437,0.703640570095621,0.7103647811905847,0.00797038108358031,4.413369770013436,2.016575174829102,0.2137820466656405,0.1711313944287638,1.9571738820703102,1.2183189088858073,12.531964178391794,-0.12004109801032528,-0.827367832751174,-0.5005499218646153,0.5003659335722778,-0.4951689178333321,0.5038764243874058
7300,2880,OK,1740,1740,,26.823128,0.1420477075815948,0.13532424429783466,0.03153796235771722,0.19870793993608582,0.003988741175036617,8.838449820276448,1.3114391127379377,0.23065911995533406,0.2289286760428002,1.2582783989378545,1.0471321072211508,-11.254480657254996,22.87968086434141,-0.91737545536715,-0.016258669093835693,0.7099906369942964,-0.7040171293626305,-0.002971973036839639
7280,2780,OK,884,884,,47.784355,0.0719849248646385,0.17701637327845327,0.922421484797602,0.9420074423446118,0.008670486946458346,7.0591927871576035,0.8162354215362955,0.12026982591445634,0.1415750789759586,0.7768232126823533,1.0381722158610196,-11.353932011731384,26.522125133003787,-0.6531066170498497,-0.010199775061540396,0.7247256497578416,-0.6889399611347488,-0.0055160786269958075
3099,960,OK,1782,1782,,20.314152,0.2477836095892767,0.03780805650886681,0.47647351298039387,0.5383801397618102,0.012009420920800241,1.6609533867942086,0.7519444295979903,0.23708476493258102,0.1782665838227051,0.6623164155255008,1.0391123504774973,39.82512793590205,-1.11838083128392,-0.8702013485606864,-0.501494344702401,0.4954888787756699,-0.4893139264974218,0.5133868663851993
3119,240,OK,1327,1327,,49.088463,0.08208325435796732,0.03126185583663528,0.08056509215144025,0.1191876602241834,0.004734492606437091,2.5763871154190765,0.7853250060072854,0.19340240315289892,0.1548447881211925,0.7251527055189744,0.9880925080807573,46.735728233861444,-1.0409429257793645,-0.8170772344921224,-0.5023225748988922,0.49694111140184993,-0.49268436728868015,0.5079209355549285
3079,950,OK,1772,1772,,29.487774,0.03178427208658252,0.020368707630604804,0.9214425134724431,0.9222155007572951,0.00999025451266302,5.459002208653774,0.9101303104954996,0.19994264264630734,0.12904728256303022,0.8538642790097963,1.0595134714227143,32.43076851311214,-0.7639177010733109,-0.8246366418953994,-0.501946830071689,0.4973753805392236,-0.49719135726198593,0.5034559214851182
3139,1010,OK,1781,1781,,33.54264,0.03369630956295187,0.0802861254021408,0.2790658040326144,0.29233375821245844,0.009124937104561782,2.9028713875066985,0.560496830428447,0.14588492163946332,0.10699038102515956,0.5200479962827855,1.0350150528575004,52.23634601715198,-1.1146944752762205,-0.8479810642460306,-0.5026915571786966,0.4924179467657506,-0.4923223202676525,0.5122933700630281
9460,4690,OK,1083,1083,,31.126123,0.04027538390279073,0.1309168929752349,0.15576777839381162,0.20742454097948462,0.014721716838503197,4.061800395996259,1.127656516222586,0.2906721616083501,0.21904120349589506,1.0392621887197802,1.1055935593618964,86.58900941976655,113.72214008909938,0.3488872575474817,0.5179684672937594,-0.47903288561148577,0.4995686307492554,-0.5026602675400162
3199,1040,OK,883,883,,53.110813,1.977030983219357,0.14122323993672845,8.933756568078408,9.150989123028811,0.03007179338074937,3.8969840895890155,2.208979946535959,0.09779791088336831,0.08956516846114737,1.9126323662143396,1.2657401587209771,73.16350600363849,2.8148331593410214,-0.3529111169422696,-0.593368701424163,0.3733983855544699,-0.3761323520017753,0.6058148922015127
11140,430,OK,1611,1611,,16.432074,0.057583522751533556,0.09462494434513621,1.8386440144790925,1.8419776204298983,0.038734358984352325,5.277098401490747,1.8036890344668661,0.17829378452739264,0.10689198253902782,1.730192017298906,1.2210377186449735,65.19534150619852,11.079231347379833,-0.7928986346396183,0.632429285973925,0.32910361818496386,-0.34360899219997737,-0.6112747886338786
11520,810,OK,1207,1207,,20.22883,0.07562059781081054,0.06871853777818547,0.8284178448141013,0.834695655825569,0.01628206633863704,5.067284917072255,2.9658956180055323,0.6884316575530425,0.5146265268903369,2.780278403590623,1.1687567292375138,-6.1301635822698675,2.127131289196152,-0.6161762129638481,-0.36098148640914207,0.6127801324158259,-0.6089473045552132,0.35124927908997905
11640,850,OK,1241,1241,,64.04605,0.01175763651181666,0.00619721415869998,0.8355265583223122,0.8356322619080722,0.011783264348984038,2.445207427849094,2.4215159986867962,0.4938583438501887,0.3844994887240474,2.3148254218278623,1.1484231214851468,12.359494319486409,-0.013751342990019177,-0.7520344176999725,0.5057058787036184,-0.5010963115244683,0.49321464998865927,-0.49990335051661566
3610,9310,OK,1547,1547,,23.374584,0.06516802261913959,0.08587550449823851,0.3257151423729316,0.3430915729305148,0.009703317595938048,0.36288230663952503,1.6734289762071555,0.4009602015705779,0.3063977654948917,1.566873000890883,1.0604877946279991,69.09599960913127,89.97868834978372,0.8501225885443607,-0.7009407991827598,-0.014904852232939953,0.024540450055757723,0.7126412896626247
11480,740,OK,1854,1854,,19.349995,0.03860406147919626,0.058117828397803814,1.1601660078367906,1.1622620708258193,0.01320121003945678,0.8483854293083448,1.7926230467588107,0.18322885263587518,0.1755754650953385,1.7498474151186096,1.0437410078044878,-10.033693121996956,5.8601697848702035,-0.6441338393428893,0.001373859569366756,-0.7014923078459041,0.7125220442309776,-0.014798345441973488
3410,9160,OK,1939,1939,,20.99892,0.1171314804260678,0.0740959201377997,0.2690909038416578,0.3026877989252124,0.007932473068137706,4.319053563898685,0.7334636875317226,0.21089808846717917,0.11027674902992796,0.5801652401915818,1.089863114547552,68.18915649666495,39.10070914587412,-0.6291253519934062,-0.688304090186975,-0.02415809123411548,-0.00040709679203375815,0.7250197930622353
11660,160,OK,1717,1717,,39.6335,0.04455839119493944,0.09599945868841475,0.7527621829434876,0.7601659360719834,0.011997991206997986,6.953300860614471,1.6001872532179124,0.271086297748651,0.1692491166150898,1.5524816587775518,1.1895241815837658,11.075757653709834,-0.16082542221718768,-0.8800725024045756,-0.4995145630562555,0.4988922584501854,-0.4957522331085538,0.5057879388845425
2979,50,OK,1395,1395,,42.345768,0.037571905344376405,0.024233955352542656,0.39955878805856404,0.4020524316280954,0.010921941608548735,1.1737930996312804,3.049938352593633,0.7392673077999945,0.4830800637718411,2.9017946268096892,1.2555961962237152,1.8981624389818843,0.29573527929666665,-0.6454486386016621,-0.4840835146944814,0.5173467284979898,-0.5137183534238224,0.4838480822210433
11200,470,OK,1111,1111,,26.669088,0.15819680779899475,0.08882049011051868,1.068179875479218,1.083477528996362,0.004231450019474609,1.8858907153476068,2.5484727484073026,0.4024230006039242,0.29911510526671553,2.4259604591220274,1.2760861863232895,52.17448300710505,12.855620271298255,-0.9267063114470896,-0.5045767621775721,-0.4935153690144937,0.5089333588063165,0.492779573349999
3119,250,OK,1845,1845,,30.755674,0.07497248908962688,0.10150443067733163,0.09876723059423276,0.16024665177992892,0.015571074570943248,0.7322638251097217,1.2403988205499132,0.29742276475697604,0.19938741340714916,1.138587497390878,1.0733785593953529,46.719058242184076,-1.0507490493676015,-0.8952679317721215,-0.5006467669953789,0.49705538743574396,-0.4881468267604154,0.5138106966986129
9440,4690,OK,1635,1635,,19.682901,0.6826028870926307,0.04277171788377852,2.928434916926604,3.007242455139401,0.01878819114006802,0.28273013407966474,2.146430489653982,0.19121745916513921,0.09838105112453066,2.006157055421248,1.1145985060664745,85.06770943172707,113.45746354219627,0.46656523514870957,0.5526192451376791,-0.45730977747613033,0.46150092222649053,-0.5220121034155174
1560,4710,OK,1823,1823,,19.299688,0.031530144843853525,0.07158959706927095,0.5722346796393893,0.577556706327967,0.006971776126812343,1.3884242685158685,1.200429056611009,0.18077188532525845,0.15760302071753796,1.1399720143118799,1.1071129316329749,86.17763540270136,114.03694706604335,0.3566498309141621,0.5175857094979516,-0.4835279048509942,0.5053760820638539,-0.49284968725941064
3450,9180,OK,1598,1598,,23.244368,0.012237112868258099,0.0731655347646346,0.2984690924665505,0.3075495757866554,0.011411787801778159,0.24751124817841144,0.7345542221591814,0.2127018982497006,0.12100851558926928,0.6418228852261336,1.076763776115897,68.5345421428599,48.38832098108641,-0.2453762366452351,-0.6902351659167101,-0.012354525032824477,-0.003424002059997709,0.7234715320266846
1620,4770,OK,1946,1946,,18.669254,0.013029085402897309,0.10617011011923772,0.20350662965041233,0.22990606268830133,0.00977218421887475,1.0671982788298155,0.8762210419712593,0.2544251663883115,0.13370800388406212,0.7826032769186209,1.1165928728772532,102.40394119400602,113.20659859133187,0.0699602181982477,0.5091756379225043,-0.49443012137128056,0.5114195395030219,-0.48448847193871264
11640,100,OK,949,949,,77.31818,0.40039789982108354,0.012395871687634476,1.1941310638159521,1.2595321089143572,0.009959218993525778,6.168454684391957,1.7255129431509013,0.37025629648560354,0.28026937568876376,1.6526654179989162,1.1640723688161432,12.725508787703184,-0.3596484461250892,-0.7486868298179729,0.5041073090787719,-0.4989681324736228,0.4948011565207954,-0.5020741371698286
3310,9100,OK,1625,1625,,14.967505,0.040516471307868375,0.1636300410409888,1.4505375499085345,1.46029981800758,0.012805961539910872,5.690995984434414,0.7867353847390522,0.2557366956107092,0.10759648561625312,0.627141762576386,0.9767147855324607,68.30351456815316,23.447737460990258,-1.0462633562196735,0.7089257515249916,0.028645500041659104,-0.010762365693069249,-0.7046189648574454
11640,880,OK,1670,1670,,44.871117,0.02504602534670025,0.04306331401935155,0.5450941290453839,0.5473658391969145,0.006055880022451029,6.3686464455448375,1.2490460367992007,0.2727008777426807,0.179766508234789,1.1926611688755604,1.1044098014139216,10.978553916222689,-0.04326097171630178,-0.7603946049615044,0.5031613676744854,-0.5004005891135559,0.4954489900254195,-0.5009572704109
11300,560,OK,1213,1213,,25.580435,0.23558256081179957,0.1773898980834148,1.82739435813628,1.8510365904133272,0.02983622496713962,1.6340748432905416,0.7216413800584268,0.3324398200226608,0.27095779680194454,0.521799681590494,1.0360820082460134,26.035733064106445,12.928358415253323,-1.1207661661744128,0.5105811850235776,0.4756520877348377,-0.5042067743053606,-0.5087607234034411
7280,2800,OK,1356,1356,,39.413643,0.1529679118575499,0.013024114383825568,0.35680775053108515,0.3884334955337853,0.012162206125348362,2.318988095118119,0.2706952845894545,0.08685315061634569,0.04257259839168004,0.2355109071668906,1.0292019516680528,-11.440810369512326,27.0936200820632,-0.7470919161711004,-0.011517900623580542,0.7233285728464697,-0.690402942469957,-0.00262501389322356
11100,430,OK,1430,1430,,16.241356,0.7737501590884328,0.04116982924797602,1.8096202051243164,1.9685297941163744,0.04636844075231707,12.876849078279044,1.4066011964894978,0.3900076985139731,0.25789132121684255,1.2955481990456654,1.3926780434026966,74.16966703559852,3.9795275139729256,-0.5083349296831037,0.5828175600484913,0.4044018351460609,-0.4028344540101214,-0.5783660174076525
1560,4720,OK,1758,1758,,19.460085,0.021058592102023987,0.14655992211405056,1.2210140937132734,1.2299588172446436,0.010382302537980899,3.9051145888901844,1.1881144879591639,0.11798313960097229,0.09262199051068531,1.135908003035385,1.0932789973040038,86.82644973671196,113.96895172381497,0.27947580469833067,0.5178451058441679,-0.4824150602818187,0.5048217776861692,-0.49423388060745893
11560,820,OK,1450,1450,,26.614698,0.17547202290004582,0.015117278971065818,0.2476112687002759,0.3038590188417705,0.007160601129727453,0.7357698557161652,3.044938763970884,0.727290107800509,0.5279543367840338,2.8831279994126575,1.2461171978789884,2.2445428553238793,0.4836840523695329,-0.6531709432324215,-0.48114230191359697,0.5205149850570769,-0.5149986174713207,0.4820193560874339
3430,9140,OK,780,780,,36.034405,0.1042616135632684,0.3450301398770199,0.3260823112517821,0.4860513915191235,0.01603157535829606,6.104914492737572,0.6912136748556421,0.21358953010533988,0.12183999766895193,0.5405242620310293,1.1337342388070002,68.26548668675734,43.25924303861321,-0.6540225039876704,-0.6843823683009548,-0.016340894690922033,-0.007792301883350464,0.728898504011934
3590,9300,OK,1715,1715,,15.803968,0.02180140147484877,0.015160948282274284,0.8546604615623328,0.8550728974871237,0.011382472903623287,2.0383769513447403,1.5959904316673643,0.10559634210253988,0.08983094327220298,1.5657019164548949,0.9640157431930159,69.03918740659965,85.4496506940052,0.9195743094048778,-0.7058609481648149,-0.02153621518067041,0.005512191645159704,0.7080015035540728
9460,4700,OK,1410,1410,,24.943325,0.09124189060816923,0.1899537999037172,0.36891276013466023,0.42485780361173536,0.010189144245807283,1.8373604892890345,1.1686638213746878,0.3718827391359678,0.26948458096963446,1.031980216098063,1.145800556121196,86.05904334694226,113.80756596127385,0.25735483697334816,0.5200736299874333,-0.4780400278976907,0.5011840355629203,-0.4998156796421407
7380,2900,OK,880,880,,26.05423,0.017184796498074917,0.0952460257445025,0.2540419885582814,0.27185373751605596,0.014003180164080198,5.330260570447431,0.37271142726133377,0.11255157422780737,0.08817190298702338,0.31116717879201605,1.0552767235669318,-10.780225757247386,4.280245189498719,-0.5045231446578594,0.03288427777853145,-0.7042466668650239,0.7089437263106791,-0.01881620071154528
2060,4370,OK,1177,1177,,19.423618,0.016202036172429102,0.08055311360727499,0.6209549911708576,0.6263676325832611,0.0186647299477256,2.1056397923103685,1.3095310132706826,0.22745616061576757,0.18496725331007435,1.2656424627886484,1.2100075726232353,82.12822026178432,157.96312244357378,0.21806773621696932,-0.4897024319304042,-0.5073001181387886,0.5187176171991797,0.4834978303002241
3230,9010,OK,1708,1708,,20.534147,0.13044937392395534,0.4981097198366733,3.9245402818787243,3.9581746748017146,0.026096675775150888,1.5068062729059741,1.1129208214608521,0.46841619288561454,0.25815167708835984,0.7540004359421211,1.219687585835812,69.30895098653005,9.062296074413469,-1.068474782784789,-0.6845298947661921,0.14151887598055635,-0.15978357277697347,0.6970369005893531
11180,480,OK,1467,1467,,15.575911,0.05313985220744327,0.01912646781295334,1.4393219102112882,1.4404295286052353,0.028114186754497436,5.623936203206544,2.6981844985723544,0.20779977047318443,0.14133319821212376,2.59941866172346,1.2761840552786057,56.66213767964693,13.013288096166558,-0.8256221063671253,0.5373243927606353,0.46458344400215723,-0.47949124017224576,-0.5152988172910851
3139,290,OK,1781,1781,,31.134724,0.03749090597652638,0.2041753305917799,1.2686792145112404,1.2855504980303425,0.010018501069453635,6.4348322189429945,0.8301423492027178,0.11949552220244475,0.10366333416488249,0.7832146691646127,1.1462961363468886,53.78176704707546,-1.0179540727701084,-0.9836766752847576,-0.5007034504537079,0.493023536679095,-0.49220809696776197,0.5137655460067002
3079,910,OK,922,922,,62.092438,0.3306698052226584,0.034062488778104236,2.6116347724871867,2.6327056345311277,0.011669984050990444,6.640773811445701,2.120437743265881,0.36224364224631334,0.27967486009271925,2.05058900406868,1.147417857595314,35.97037944149871,-0.9121235363545039,-0.8899641046637378,-0.5018086454145426,0.4979381923422601,-0.4932141523912034,0.5069373135557997
7320,2850,OK,1217,1217,,34.02163,0.02522638371634378,0.02075939996102569,2.8815331448300032,2.881718339441944,0.011635268479609318,2.0736445280724314,1.391340953208942,0.08707251257987081,0.09290846797587404,1.3311477851834095,0.9751791439977688,-11.252805203447327,15.398796869539522,-0.8320807613377645,0.021097182816802628,-0.7063215134584816,0.7075373260070414,-0.0074673160988507495
7240,2810,OK,1663,1663,,34.311943,0.008415574428879802,0.11571236422676687,1.3592297109332439,1.3641721226485994,0.010824732762639714,10.291831144508249,0.39665400322714506,0.06864334339996869,0.03485762660752295,0.37283019615551627,1.0143558030933104,-11.009457589517233,36.70334573499891,-0.5304654433494769,-0.01619097039827078,0.7239748864176172,-0.6895514289765496,-0.01081864642915428
9480,4750,OK,1578,1578,,15.5958805,0.07536943163526975,0.13531057796117843,0.4042951567427977,0.4329481233345343,0.006226291701863316,5.923250744497979,0.9090153760595334,0.2062612749661632,0.14005224949714368,0.8263835950276412,1.180732535043126,91.91691478012659,113.68065704978032,0.19847763299192459,0.5177358133072826,-0.4873200911137547,0.5058654439166987,-0.48843516362654466
11180,430,OK,746,746,,36.613026,0.5214126831251444,0.27919377531874234,1.9951729245896308,2.0809938369240872,0.025163036474839136,4.873069928889962,2.0680077917494186,0.3202246992068347,0.18402533840784446,2.000514186977532,1.3322444020403919,56.03382044799983,12.550038619413948,-0.5241505747129315,0.5490587845143904,0.45081108129837255,-0.4769250397577054,-0.5175387198831443
11280,530,OK,723,723,,59.863636,0.5732314564813403,0.304384782265825,3.751951561687158,3.8076744765829753,0.025227087456422423,6.121607432071837,0.7748513768105141,0.29911684725454624,0.2355496071938834,0.5726782517265949,1.1468271012159639,34.41258101167777,12.450767814207877,-1.206433843172542,-0.5000989639575549,-0.48847618817586685,0.5133540981935208,0.49775456773561844
1620,4740,OK,817,817,,48.044724,0.10455710745935859,0.17249390587683722,0.8543371976960117,0.8778259415464943,0.022178865474527104,7.523715616355701,0.8209422276159828,0.2501751767168644,0.2137977842581863,0.7198767147229921,1.214293407464926,101.34922525063884,113.18760879682553,0.02303558158210675,0.507325079903804,-0.4952004681474267,0.5079229896145131,-0.48929745172872424
11440,700,OK,1951,1951,,31.44581,1.6150064316883195,0.2194705420534509,5.377255510838279,5.618833501899172,0.05668188160218232,1.218236517072383,1.2120911568631576,0.3985440612585611,0.17611452351957246,0.7846494199540901,1.0659998683222254,-13.415775981949682,10.841610251329964,-0.8082799531811992,-0.3006572961262222,-0.6261186778365392,0.6582783039022996,0.2902589639646035
1600,4760,OK,1808,1808,,18.793901,0.04483844462844954,0.09133902096575394,1.1469825808116294,1.1514870140618116,0.008354306110099683,4.015940601681537,0.7985584456275924,0.21056728321320017,0.11538884385934667,0.6479126746532486,1.1065501746839859,97.45677580072844,113.50314367330421,0.16569225316620612,0.5111239303142296,-0.497207955261898,0.5118494736699826,-0.4791103144247461
3079,190,OK,1019,1019,,56.728058,0.18298434600887903,0.286835250522135,0.9195062640989242,0.9804333233542981,0.008050845885574682,5.874386784942334,1.0319803312096973,0.2218933005187511,0.16417543255493205,0.986882490920534,1.1094133838238704,32.42978685772379,-0.5061745647980106,-0.5749371845862055,-0.5010591107051943,0.4999922660642088,-0.49464802699814914,0.504252745002083
1860,4110,OK,1303,1303,,28.066076,0.24717741791064424,0.03880976432457713,2.594988057332003,2.607022418666097,0.015256633715614013,2.411774383000055,0.6788165394619559,0.25103820872741145,0.17580898766055442,0.5196418347627434,0.9434211861820785,131.25953505088708,143.4691981275141,0.1839872456633291,-0.7026430785211459,-0.00583483882979665,0.0008853082454808504,0.711518007566546
1580,4710,OK,1074,1074,,31.580942,0.16531181236695516,0.07847487189119198,0.9537154452897685,0.9711124813381031,0.016914195391518158,3.6685707089578226,1.5044188119438844,0.2354353646520324,0.1777775097681542,1.401631799329368,1.080335139102126,91.5862835010993,113.70626554007424,0.275179099626244,0.5132991074235562,-0.4920714667422438,0.5059276664710689,-0.48828976462286844
2959,790,OK,1135,1135,,35.765484,0.03487639007778154,0.06997733124529354,0.5086054138034228,0.5145800777558553,0.011331825700893604,1.5128709756117307,0.810115152093281,0.1310736873592624,0.15399292534164877,0.7608458715168931,0.9434066854142177,-2.8900092205208607,0.992699095504995,-0.7048083837639311,-0.41169694860391515,0.5758961584112808,-0.5704003768188067,0.4165244859096728
3390,9120,OK,1302,1302,,28.688747,0.017165451140966487,0.20016291717150092,0.49762691711796014,0.5366492287927033,0.005949525012888298,2.330485164506753,0.7288134138914093,0.18564678939353962,0.1039850089917227,0.6179269061085337,1.086562238998149,68.24903764601856,35.13419551997568,-0.8580488555106422,-0.6906403895839882,-0.02394507250029824,0.003030146738804857,0.7227954786721994
11120,420,OK,1942,1942,,14.679016,0.23170809458673736,0.16793863758381175,1.1679961875635367,1.2025419415777063,0.03231805916540261,7.945681623656351,2.1380306607559767,0.5697919409954264,0.23722664440008923,2.0222494788052714,1.3364820865958613,70.58508625523085,6.583323703206012,-0.7912396362244701,0.6387650913370445,0.3047735289834063,-0.31054285644215474,-0.6345513284462693
11200,500,OK,1460,1460,,27.372152,0.05833272424500345,0.10916479911651564,0.580584694107916,0.5936314067806514,0.005069118640729048,6.466968529931463,1.2154839210953623,0.14101912956315799,0.09470051526996315,1.177344425146977,1.1609162557812103,52.65966509371512,12.968202647061782,-0.9461523713441989,-0.5075552592087141,-0.4914113253067838,0.5093930845117266,0.4913463683201843
11600,100,OK,1181,1181,,60.90029,0.3370236300216979,0.001946429613451213,0.7379671364711586,0.8112855294485931,0.013121104418505447,3.050669413885013,1.989249448033816,0.4618371935886283,0.31473166097473504,1.9058851599350355,1.1639469669999556,9.159274613184575,-0.24977354008447591,-0.7119887447807013,-0.4960749739650968,0.5000243631506909,-0.4945918688789894,0.509179869692492
9460,4730,OK,1821,1821,,18.182045,0.06930067838347001,0.17141212310352508,0.10216471922920434,0.21123998160019172,0.011201830690508556,5.631770712990243,1.2079040530199854,0.267800747860768,0.18727013922321056,1.1194954511710717,1.177693095730483,86.52864815928918,113.73612841251001,0.2584268466236573,0.5215150950072055,-0.47992751375837206,0.4974190434536362,-0.500265811771105
2020,4360,OK,1634,1634,,16.609642,0.1311202396746025,0.1687152902593992,0.30175433989510303,0.3697472759401587,0.008638020415559968,6.632634080609375,1.5416271785740914,0.2569374085598952,0.19318957317077534,1.4967946562632508,1.2926448634594632,93.6401776910191,157.83619895463994,0.08631588869808662,-0.492052802746169,-0.5008624245155845,0.5044154435832188,0.502579278614583
1660,4800,OK,1516,1516,,32.877388,0.22216302060649937,0.03032033098760524,0.3274702113935608,0.396878406500461,0.026157711665855926,1.524270066172745,0.9325298813540969,0.17165553856891597,0.12630606577101888,0.8608757112942742,1.1621247843995404,113.75148409352539,112.45850931863482,0.1030661999466945,0.5050907243976601,-0.49660611585785985,0.5034970246156997,-0.49472868526410957
11520,790,OK,1706,1706,,18.931135,0.05327059770230058,0.00041753253427386313,0.6015276900837023,0.6038820189825262,0.015441756324308685,1.3108090161877426,0.9108304836814356,0.10323011654159342,0.138660690125105,0.8486087180900825,0.9227691877405202,-4.823152475234439,1.5284197569543772,-0.6145851284087891,-0.3552486753295889,0.6159313758536551,-0.6059852365666185,0.356663443569558
3159,270,OK,1248,1248,,44.202545,0.12640138931600975,0.04243852099942401,0.01053039163132663,0.13375062031087978,0.007843826595835535,3.4700714880301917,0.4979824902507508,0.15065898670104438,0.09962622365661478,0.4291583915381967,1.019477716019667,57.10863105684224,-1.1154847795154423,-0.6659353831762675,-0.5097486744157358,0.48366752825792225,-0.48818735961771653,0.5175858508013472
1980,4280,OK,1302,1302,,23.365383,0.13205363074347512,0.2478680136441804,2.1546657133040217,2.1728923235329387,0.019412007284157713,1.8745601767248579,1.7299718268048676,0.1489053779035059,0.137271835061067,1.6765388686263254,0.9842813993714823,104.87712650417193,157.76416987576414,0.372960259489192,-0.49439237211462495,-0.504971785980414,0.5058549451317272,0.4946619575471743
9480,4710,OK,994,994,,31.071526,0.04508025789145846,0.04787011680957838,0.09919181363455287,0.11900753600942653,0.010916858743368084,4.552705475709633,1.0432726484577548,0.2771960930236217,0.19703126372507462,0.9240325170174764,1.1469780601090476,91.4180315740495,113.64035803687725,0.3829971392861956,0.5183067405288053,-0.4887607373926789,0.5029433110483553,-0.4894068758992744
3690,9350,OK,881,881,,34.380745,1.510275369839649,0.6965653484398695,5.683342534662114,5.921698856214408,0.024136395715339157,5.975156808785276,2.2472509506565883,0.17565519506587945,0.061414986178287334,2.1318191083503732,1.1243120611298887,70.193597065846,113.65714507148654,1.302613519974562,0.7112619385937099,-0.08774641406027411,0.08443995840659646,-0.6922982846662074
7340,2880,OK,1512,1512,,27.549435,0.10245621900756585,0.1027918376140132,0.6008365620551273,0.6181165043870102,0.006795027213112066,1.0755285428465882,1.4697693921504542,0.25648535875342393,0.2368572267469089,1.4116630674262924,1.047197912416054,-11.063197397514532,12.868255977173467,-0.8017262867178699,0.031179523196727864,-0.6951183564736212,0.7179331944598594,-0.020254286442582464
9440,4710,OK,1866,1866,,19.135624,0.27432170190057387,0.03134173188381302,2.0425478250767313,2.061125012709513,0.015200353985057955,4.860587380051733,1.08948909507093,0.2663508070631734,0.16485971566426771,0.9222770510399663,1.0648577941956339,84.12771345293368,113.65251476534353,0.4272178947738657,0.555372298687976,-0.45470709682876004,0.4643700890558753,-0.5188096821897531
3550,9250,OK,946,946,,22.201147,0.1600133239257852,0.08746189682800674,1.5653822657511236,1.57596811045105,0.013572455302214065,3.2331058278313223,0.7425308188773678,0.13301449602401083,0.10452454022969948,0.7038992456666393,0.9087209211621317,68.84063733071467,71.69197979014224,0.7901914422627307,-0.6974167796835697,-0.016323225886561023,-0.0033533289558626686,0.7164720112449399
3159,1010,OK,1567,1567,,38.820305,0.11992727584832963,0.03588403358012032,0.20032620510433485,0.23622193761351756,0.016909730936154357,1.6947526677464524,0.8269601437155973,0.16480040770860827,0.09216252477578357,0.7654736365631609,1.0070699425263587,57.3004790656437,-1.1042045184906382,-0.7500479745392479,-0.5070110716471249,0.485341298220759,-0.4855775700086536,0.5211506701263209
3179,1010,OK,1019,1019,,51.04795,0.40857535733860273,0.03372624085834701,2.447276111601555,2.4813769661948646,0.006310808672413161,5.512015145498418,1.1263323162127192,0.10205589584826269,0.07853559159060808,1.054213173076858,1.038622172011222,63.362619947449154,-0.617848549350879,-0.6781638251834998,-0.5362641341791375,0.45318891480162643,-0.45661488552097135,0.5463912812396391
3550,9280,OK,1513,1513,,17.03431,0.13736863681680417,0.05324427118309427,1.871309946663441,1.8771004265292406,0.0016633023187635433,6.571218850727703,0.7756930093934966,0.3347367566841619,0.23068178574676046,0.6411819900676639,1.0750391598261457,68.8637204905493,71.39083789183859,0.6623660536895608,-0.6929245820921383,-0.017803450163233932,-0.0021032228064861874,0.7207871649443732
1940,4250,OK,1785,1785,,15.051105,0.06274635948481144,0.023199346526333788,0.7934704600219367,0.7962855557118124,0.009398639808038555,2.2820299784063134,1.9958156172454027,0.18161230025009178,0.13294396769445527,1.9554808731642712,0.9870191569393836,117.82742327752835,157.23837166550706,0.15436834874354294,0.52689347124646,0.4811900265314023,-0.46392800388107436,-0.5249859384207219
7260,2840,OK,1598,1598,,33.063118,0.09788874510210399,0.001715204337408488,1.361981146917076,1.3654954386233362,0.00975729899221708,9.975342732226588,0.7506072203653711,0.1222558944748704,0.05086934454746306,0.7003447205399853,1.0041672405601412,-11.02572153840723,30.81018765986672,-0.5951217228942404,-0.011171234384080249,0.7214786066276118,-0.6922221064490187,-0.013129320024251889
3390,9130,OK,1839,1839,,20.593,0.1209052035400838,0.11741131076516881,1.1892907256598921,1.2011727245818136,0.005868355901788211,0.16637477318231866,1.202851339158909,0.21986839201788366,0.09378863966624407,0.8860352051853226,1.1114212605070575,68.35731861300857,35.826347883200846,-0.7600232114967657,-0.6929437182446664,-0.026130313999398823,0.003910338081185688,0.7205074040505345
3410,9120,OK,902,902,,37.870827,0.05065642125024328,0.15151444745990217,1.0938465389583243,1.1054514695788624,0.009261649970087264,6.525968757882481,0.8553477255094541,0.26590925017479383,0.13157866868260615,0.6819235188617521,1.1160239834649244,68.24998786845278,37.747729744943186,-0.7132995518161935,-0.6862264018084555,-0.02106164403574062,-0.000483340579371664,0.7270828694127073
3630,9320,OK,1035,1035,,38.98335,0.017524618894161667,0.14246713545347328,0.30679559268514023,0.33871452971895133,0.014482657583328,2.8416224276989,1.4372125590756664,0.41832064082156406,0.3078439851409367,1.3492313190022411,1.075074217616186,69.03954347597683,95.6634579763792,0.8475014486579229,-0.702589892509765,-0.007583014674878785,0.017353081658587316,0.7113429632663192
3019,150,OK,1692,1692,,35.978962,0.04190428695417531,0.018252239825010248,0.8980158495223107,0.8991782801630859,0.007593475898177696,3.198651264629269,1.4316560784178956,0.34613403190527303,0.2366236709738243,1.3431078308313396,1.2148429156789078,12.148383971094674,0.02611696686297446,-0.7843254686758926,-0.5003887778725937,0.4954267456979095,-0.4980773362743648,0.5060458257076961
7060,2600,OK,1752,1752,,17.128777,0.0017239455339846527,0.09875592216715039,0.39003837297989197,0.4023501417274383,0.014488939400237799,4.691337314569658,0.7079442351549017,0.1780550406755334,0.09835863758517127,0.6583432601559287,1.008864066361119,-9.002228956799486,102.52981132369554,1.186137593329923,0.003043252100316645,-0.7041464829542015,0.7098167515471149,-0.01812866191928378
3179,1040,OK,1672,1672,,38.970596,0.2687069758463706,0.40860572705963855,3.9745103687865706,4.004484330178656,0.01065622457497935,0.21574891461012727,1.8971035453423006,0.20787129752807681,0.1628643486852388,1.6593718903242598,1.216211099886867,64.75607270000145,0.34407759118775905,-1.017114949003474,-0.5346742432173034,0.45172544352944766,-0.45818712493431674,0.5478431672044038
7100,2610,OK,850,850,,27.15206,0.39028683870961384,0.2545364296339035,1.397552321714283,1.4731819651386253,0.017827780822960836,4.70208148722436,0.6554962990181938,0.21938145596746206,0.12759058737352746,0.5284592351478903,1.0333691051200924,-8.919227031110745,91.38952777595188,1.0150496101306694,0.00047767026916676784,-0.7000002961992762,0.7140853655438031,0.009024847268110198
1540,4710,OK,1679,1679,,19.141188,0.2800857544973563,0.054887248147555134,1.4721491168657552,1.4995611565288651,0.025388192555339462,5.723273970413231,1.1140719225158613,0.19999039070090951,0.11376312046286996,0.9935985966840946,1.074313513035103,82.68995402844487,113.92032605298603,0.4366937227810036,0.5717331098189553,-0.4432563089749728,0.45181503981216936,-0.5220232422892276
1980,4300,OK,1638,1638,,18.364967,0.03310983560787151,0.03383682820565253,0.09208407152110709,0.10354066053924654,0.008877885529325365,3.466986964646975,1.6295887878887276,0.2700780552762758,0.188984965613763,1.5748052283249887,1.0682712670292076,107.12665975696902,157.66728234284471,0.12427081677408652,-0.49110447327657175,-0.502966918992053,0.5065869049850877,0.49920975794250294
11540,10,OK,1571,1571,,21.31786,0.1646285964824792,0.046956402362381036,0.09976946588483182,0.1981449591222381,0.011274986705453164,2.013089422926463,3.07434444132154,0.6918719176735145,0.4861678211298206,2.9282945864666345,1.254095707356428,-1.843618062710834,1.0071674063828233,-0.6921502751151286,0.45078588334535313,-0.5485490672670347,0.5512042514900835,-0.43824637056828303
3159,290,OK,1818,1818,,34.453644,0.006953912253806704,0.12556307935099476,0.2731277021719962,0.3006878539041651,0.01301244126579505,1.85019017005015,0.8097403391441613,0.18421663868659666,0.15122168411834247,0.7372565837589917,1.1616458020099951,57.36689767081784,-1.01392395687672,-0.8583668262650143,-0.5089623341593187,0.483178622092458,-0.48709208828316497,0.5198433024401459
3350,9080,OK,866,866,,35.14791,0.0027406936652489278,0.17705375630733022,0.0024902613725981126,0.1770924770452039,0.014711474564591511,5.269162875373367,0.6330630056492789,0.21223149836886054,0.11396852675587077,0.5200216611273873,1.0797102975199475,68.2769658807893,28.265152720333,-0.9892895164717216,-0.7028738871090612,-0.02396643529063762,0.010272182366287484,0.7108364024647951
9540,4800,OK,1650,1650,,31.058966,0.019657731039247506,0.07657975567881833,0.8618588616832343,0.8654776616593632,0.007824226628307432,4.090304254469829,0.9569574632625593,0.23311543295753767,0.09663020120055266,0.8453896499620406,1.0978031462039077,108.69895876108488,113.19387439486252,0.05286258586383934,0.5187699019561297,-0.4816110090047655,0.5050203802013594,-0.4938451583351949
11480,730,OK,1041,1041,,25.058657,0.06416876987965348,0.05588796106600384,1.192971120908546,1.1960021699569678,0.01264518374662654,1.9629898176110294,1.4918545692834178,0.10101058963262965,0.1390109024169135,1.445983607017581,1.0188204629293378,-10.09272656400203,5.81214811164007,-0.6384241203908388,-0.004004503736211412,-0.7006215996471914,0.7134722896538482,-0.008404162881127717
1880,4170,OK,1662,1662,,17.920534,0.3764624639846202,0.2215664517030584,2.005157801080005,2.052187488155421,0.025704210803473713,2.3933097602983224,1.1175078419009095,0.2645434867156429,0.15776449026598716,0.728925304579267,0.921919620484985,129.36635722307724,152.73343325325132,0.05699908108302536,-0.6951322074361018,-0.09788191752565018,0.09588302943857598,0.7057030459564387
3530,9260,OK,1697,1697,,15.613135,0.28685289127046554,0.023260747022291972,2.1978406073378665,2.216603026896233,0.013036056804322996,5.295242506074775,0.8128718644180563,0.40870807488103233,0.21294869609016143,0.5677190966867691,1.1400028276116398,68.58229584531674,65.7161010286759,0.4858892816686754,-0.6802958633162602,-0.010028833189852307,-0.005167102979621558,0.7328507773799741
1800,4940,OK,1771,1771,,24.592505,0.04961264543243925,0.05133109891259129,0.14257533746828543,0.1594491240382795,0.0045627831418409235,1.9126099415129874,2.1830993454354677,0.525370509709207,0.25792234563649263,2.0735989731536915,1.19034757426015,130.2877015349485,128.39299245223182,0.21144517330954402,0.7079600666027466,0.009149352712596804,0.0102750140070082,-0.7061184444042876
7300,2830,OK,1445,1445,,34.46985,0.00923940309503124,0.017776994971165694,1.837292803752802,1.837402034080073,0.011694995252818766,1.1859358882687132,0.6177575152846402,0.21504082927921409,0.06117112248141421,0.5088994339865103,0.952279971727665,-11.380711479479773,21.069630568855708,-0.8224688434608156,-0.012983431793581739,0.7114405980810702,-0.7026243521949598,-0.0016509401938937173
11160,420,OK,997,997,,21.118647,0.20077790539880191,0.2139569554378236,0.18405961076560484,0.34636294026893094,0.04028209769531312,2.065535195399709,3.004445903797353,0.4617030042299298,0.14638450491184063,2.9166218635269265,1.387290117359963,62.65172017644294,11.973233320243121,-0.5123550836299654,0.5903055554585851,0.3950105864838107,-0.42409005971220254,-0.5618305874672077
1580,4740,OK,1662,1662,,18.378937,0.019748938048691517,0.13403149151003593,0.5587814268717537,0.5749705594961266,0.01122758411669943,4.055735867800818,1.0275046508041126,0.18886799980945423,0.12192361134692714,0.966027761199455,1.1784697075609356,91.19009293789888,113.79430486649967,0.20615854326330418,0.513647594551708,-0.49080220687125053,0.5086991211719099,-0.486317331030348
3630,9310,OK,879,879,,50.335255,0.2697447721034756,0.36544223339130943,0.7131776832242034,0.8455369157359284,0.021832493770229177,6.026527183908761,1.3308303883839925,0.38700150568553005,0.286730872966825,1.2118227874737704,1.0659229815251552,69.23105944111533,95.27250676866774,0.6587819605074635,-0.7002439717277293,-0.011161462988703102,0.02142907760510454,0.7134946365852524
1640,4770,OK,946,946,,41.109837,0.284558007949346,0.12037274027683192,1.201532782961611,1.2406223780914671,0.025216407939279286,4.81502343512205,0.6942185941998318,0.23379787283309428,0.19209818446816218,0.551589743620073,1.1523027180160381,106.86699590564453,112.70780405469789,0.02777256523458485,0.5062674308578179,-0.49257496636166165,0.5082051100617748,-0.49273802073062295
3099,940,OK,1098,1098,,53.682144,0.441306290872325,0.011241226096894886,1.7946624606984494,1.848158801447501,0.01635271820232617,4.610900663751773,0.9677968330144056,0.258291661253613,0.1849342127655791,0.8882867984885419,1.0700284734082963,38.518743045171085,-1.274719861055656,-0.8299322827371409,-0.5054595209693462,0.4920467242600707,-0.49089830714839655,0.5112920357733062
3179,1020,OK,1214,1214,,47.935425,0.0949267305333138,0.03627263223231875,3.1663359493456986,3.167966245422721,0.016454935847506114,3.5405062255793496,1.125085623588609,0.1493166523266387,0.10390342766901517,1.036451404272631,1.0701288535102387,63.993240112797714,-0.05555186474985763,-0.6755796322426296,-0.5346294656403482,0.4553669155416342,-0.46005727014935394,0.543285942098577
9520,4770,OK,1989,1989,,17.787998,0.026828523502428762,0.079677243812087,0.8101455372832936,0.8144961782813027,0.006871169684578253,0.7781415254168694,1.003954152775493,0.22239374199918371,0.10056853457088333,0.8167370419237479,1.1617399124996883,103.28698875281121,113.27177540814576,0.08255989458830945,0.5185850581351142,-0.48676779446444146,0.5048775894904065,-0.4891066053342361
7240,2740,OK,717,717,,59.0946,0.4601898246885375,0.38031603088137006,0.1403373961746066,0.6132777045167177,0.018575784118012265,9.186590864831176,0.9873962197961346,0.25813008378467206,0.21427581884354208,0.9161933503885038,1.040376728803438,-11.294924295383641,38.1715633793123,-0.1289420974614766,-0.016355691352284974,0.7241427169537433,-0.6894315818368377,-0.0058232988241647314
3370,9140,OK,1734,1734,,20.719643,0.05764046804356554,0.1317640583999543,0.7044275988171016,0.7189592704858428,0.00788146111638469,6.367833880546657,0.6183546346086476,0.2015162932763812,0.09762477700367067,0.4551846201563028,1.1035270770399856,68.25988823925418,31.793795184407237,-0.9073957988649416,-0.6934421769673759,-0.026982148501925495,0.004283348624014272,0.7199941414966735
1940,4220,OK,866,866,,29.918213,0.05239007048208835,0.2573089932482331,2.8414670120667838,2.8535744984414326,0.018367563069266436,4.091361840105045,1.2449260939746443,0.17375966234203122,0.11354338445972179,1.1118507764096766,0.9014104869796168,115.80660047653402,157.65820729883512,0.3169604238193333,0.5309406371015731,0.478477298659507,-0.45978738872288505,-0.5270266328308917
11560,30,OK,1299,1299,,56.594856,0.046671293317496476,0.01665830334640329,0.42437201376530664,0.4272555614120549,0.007612900165197487,1.88658292849622,3.047388289877045,0.7425885428169423,0.5077273311590744,2.863039293090522,1.2586505421324996,2.406612117900992,0.2598128960566881,-0.693083661818508,-0.48176624284174874,0.5197454857269415,-0.5150325132212523,0.4821902401019866
1800,4920,OK,988,988,,47.15497,0.020446092287164097,0.03594875455934191,0.948139338434133,0.9490408635725326,0.009556998316856021,3.8422803699471335,2.3835843720728858,0.3781453472338079,0.23648764609696848,2.250406158771175,1.2296302077243293,130.32087129798785,129.48442046819162,0.30446317518345956,-0.7069567977075429,-0.007382148248462145,-0.006841000902712353,0.7071851177513444
9460,4670,OK,757,757,,43.06063,0.24717847809653948,0.16414177760898957,0.448497353709822,0.5377635163112813,0.021751498922597187,8.195970820470052,1.264191592609051,0.2721485995037273,0.15937296794742734,1.1771303596606226,1.1194570399386563,86.89523672607059,113.64009257600262,0.35456592896345984,0.5197891148883698,-0.4775056344420144,0.4964174489390449,-0.5053487523567713
7280,2840,OK,1851,1851,,30.166826,0.02212388557811662,0.0375856793758316,0.4554671180329004,0.4575504837899447,0.008131334062192748,5.241469853568095,0.42828339982847285,0.06978920144437639,0.0722348853890713,0.40204840852184187,1.0266399688962478,-11.365053488026753,27.0008366953556,-0.7875184000223273,-0.01158002142531126,0.7234395660834593,-0.6902743765339093,-0.004731007238243499
11540,20,OK,1399,1399,,20.660154,0.0952452043675926,0.04819780923628135,0.20712599503327356,0.23301471109937483,0.009458775616669588,2.0112800337463197,3.103812995711526,0.693468938546201,0.4919200989180901,2.9578241579990348,1.2594578111210093,-1.9645903684850958,0.9579675710604187,-0.6862767937634126,-0.4500111388113808,0.5498844593464017,-0.5490017360112801,0.44012969698896764
11600,860,OK,1742,1742,,36.056778,0.02911910443472543,0.011852109355054305,0.8981341842899364,0.8986842647612086,0.004560797106561062,3.7536476277310107,2.2966878666804997,0.5942787777839613,0.384774084787459,2.170430207357988,1.182177561433824,7.518187606797428,0.06328214268016191,-0.7292942761018568,-0.49708464293584037,0.5001783430416333,-0.49709865500973416,0.5055901602058603
11360,650,OK,1473,1473,,22.100433,0.09725590751732928,0.0432244350763821,1.9583969712946026,1.9612867614172498,0.0075452841627656735,7.993039470650806,0.41899178662893766,0.10370443136779117,0.09836503719789813,0.3345215657848004,1.0440737072034232,7.385961959276477,14.812478714683454,-0.9048570489385253,0.5176677609974599,0.476457388617958,-0.48775103688085925,-0.5168243145178829
2899,720,OK,868,868,,21.633492,0.26767120587319027,0.19343358348224182,1.0840421558223943,1.1332307008162343,0.025351651812415325,1.1353289745895248,1.6116924392307246,0.10441530415991174,0.12420238747898271,1.5609222329922723,1.0365431362238855,-11.948456820794451,8.903723350428447,-0.7977339147086524,0.052483865723421896,-0.6979532173383605,0.7132378458273883,-0.03739686517963876
7280,2870,OK,1513,1513,,27.663025,0.1684135556381514,0.1264483797354139,0.6326791914431613,0.6668097762822381,0.002834990672472853,11.201282406310861,0.908364621020745,0.17328229375974025,0.1622446538462481,0.8549603519042828,1.040703617275049,-11.144880349974757,28.090162009366402,-0.8320858707129872,-0.009972317853868625,0.7230254506352123,-0.6907050650786009,-0.007827112183651007
3179,300,OK,1808,1808,,31.528645,0.0478516854608535,0.0685486596027264,0.7097547350203407,0.7146610989962787,0.006538181859919073,0.36057706981248594,1.3651149434116387,0.17014467228429764,0.156476836987141,1.2218733119067489,1.2059625141846184,61.570126396943735,-0.43115094309955293,-0.7508710400601808,-0.537237743115315,0.4534649569447108,-0.4522760107030487,0.5488092112365008
1880,4120,OK,768,768,,27.269243,0.34337575123957387,0.007299844897069235,0.003165214316411813,0.34346792114625757,0.014181263715790943,5.173998224818476,0.7490087766016378,0.1863539408592665,0.18438341793097823,0.6790866380235823,0.9740206461951746,130.67491264595787,151.01498456180573,0.2862340741986993,-0.697668130394508,-0.09776000166265424,0.10866498833676061,0.7013516109744963
11380,680,OK,1264,1264,,25.961895,0.019476025480547277,0.17087676159585677,0.21945533134850237,0.27881683177184113,0.01157903759114861,7.78027279288868,0.48909257121364447,0.1052158549563279,0.10476952317725341,0.437349211777879,0.9944932754694252,0.7473735779168376,15.512903611261848,-1.0239896876363361,0.5077005104399542,0.48943917603418785,-0.5032910367857047,-0.4993872414801521
11620,870,OK,1527,1527,,21.927898,0.019001481321209712,0.03826492654108953,0.9920680890994031,0.9929875902069152,0.010310054826061057,4.564563396081956,1.9027452735270831,0.46717190913961537,0.35926384196876215,1.784435810292802,1.1695426651148757,9.451875368602682,-0.038822316162627796,-0.7400119253734361,0.50520731355774,-0.49952745606205173,0.4916814455941922,-0.5034751702183058
11280,550,OK,1614,1614,,15.720451,0.18713183846609732,0.055078864075858346,0.3443770263154011,0.39578724397007403,0.008588072641900837,1.1281192760712044,0.9980813858786114,0.32415839825656967,0.23416929511772988,0.8942101117404602,1.1645050020605991,31.00880885441038,12.737295081637859,-0.9827395125470214,-0.4984003500727008,-0.49742591547359705,0.5073896465991649,0.4967094685896757
7120,2660,OK,1787,1787,,19.093626,0.04820102703890586,0.1210213478140795,2.4229463431941127,2.426445649016698,0.011480211253778266,5.839277650974571,0.9149450198429456,0.45004761665535886,0.2880636438936537,0.5517379190735547,1.1366301293138334,-9.535994951019035,85.27114637296293,1.0364417694946821,0.010942137854546164,-0.706929211444679,0.7071693783212616,0.0065444625521762344
3470,9210,OK,1787,1787,,17.4968,0.10724170762833535,0.10601581293324493,0.05101626343086485,0.15919420712257573,0.0019748446204997097,3.976003378978149,0.669734132606585,0.1664966119664968,0.09955249324610915,0.5947226060271209,1.1067454894207258,68.5363711454426,53.46123287309379,-0.06811056289523407,-0.686341886564139,-0.01301999405918555,-0.007621650317897374,0.7271225515335836
11620,850,OK,1514,1514,,45.576214,0.02660441066739369,0.027112446673622875,0.4294532715962964,0.43112990144079744,0.013346646293578478,1.378370063899974,2.617212769715364,0.620605291383753,0.4902080052998463,2.4785681132683264,1.1812579794615876,10.873848272756291,0.001227495749377694,-0.7667205470581405,0.5068680301275772,-0.5003595209335578,0.49034205256493923,-0.5022846019261713
11460,730,OK,1404,1404,,21.022934,0.5217817532065079,0.1659302339962828,1.4397371736889326,1.5403350836214547,0.014656741740746807,2.1366794109606433,1.5473100713079837,0.08375055454097691,0.06842858189273526,1.4913304447538138,1.1410578980223478,-10.024372734903526,8.830963848938788,-0.8031169723901411,-0.1646491405239596,-0.6776949885556697,0.6967475419414759,0.16781843107884054
2919,760,OK,1791,1791,,17.035116,0.31147933145557816,0.1100592510083499,3.3443355739029506,3.36061197455602,0.012225898219193591,2.653376936239893,1.8597057646541868,0.23560093741910393,0.09135411482561612,1.6988191835660373,0.8941835805275935,-8.654339055170569,3.1107097580003,-0.6348761474504918,0.153708660746941,-0.6869139376252559,0.6930971272089346,-0.15536815041143362
1640,4760,OK,821,821,,45.229294,0.13850228766284406,0.16902487831813143,1.394061121502106,1.4110842298254238,0.020422189614610585,7.751269641414668,0.817754581436597,0.23089039820156287,0.1774967809805802,0.7277079374879634,1.1223963427987398,106.67499768205528,112.88498934737079,0.27204256111678604,0.5083766586310005,-0.4944032497215293,0.5079597519397577,-0.4889739154937307
3270,9060,OK,1813,1813,,16.813114,0.017402655323548927,0.1220677406768187,1.5798170798091427,1.5846215293826285,0.010107659870923791,4.5736920252412725,0.5697723045622859,0.2839901441257098,0.13387493628270963,0.3791499767636086,1.0162223337604703,68.55965354275062,15.286916883389988,-0.9493565898763692,0.7122339491553278,0.012164520608828371,-0.007427231785456225,-0.701797451076141
1940,4210,OK,728,728,,35.150883,0.13072388231718185,0.35119479906946705,2.387864338325052,2.4170897001447957,0.035327764342806996,5.956190878569761,0.8150833342050161,0.21903818928702046,0.15629681269061452,0.5735832446641957,0.8677120372136629,116.25161008163433,157.55617542830242,0.3643308506937385,-0.531608871521785,-0.47954179599392455,0.4512029086129174,0.5327735061670194
11200,480,OK,1586,1586,,16.58955,0.4011536503006316,0.029428272366271144,1.6194267094432715,1.668632116921596,0.0205443354630374,0.7862556999396902,3.2561490430998106,0.36448550740906005,0.20336743247049993,3.083589828499682,1.2661647911171146,51.61212779609964,12.636155704973985,-0.8704256523748783,0.5051958118797829,0.49279182399121596,-0.5014308837225915,-0.5005002284871789
1900,4210,OK,1215,1215,,14.585827,0.3775612500462043,0.0620962584529201,3.0056959622447934,3.0299532439139982,0.06572069267941597,3.8675860297017195,1.1461412180692534,0.4954961790790473,0.2791714235566034,0.8018053436970201,0.9287935533840221,125.18703991410764,156.24821751220568,0.15476020937370963,0.6496774901453132,0.2971556080200226,-0.290082805234384,-0.6367650033788663
2080,4420,OK,1147,1147,,20.12515,0.32977603750843165,0.00544693020995321,1.2389655793836911,1.2821145077024283,0.019240548491354082,2.7480385172346344,3.281935660728147,0.3737232110915687,0.2677305842436133,3.215710798185139,1.3609687588585722,77.21470251313472,157.38427468800288,0.3085502329821201,0.47638253940209246,0.533378425961376,-0.5187359998014873,-0.46848702584141017
3510,9240,OK,1712,1712,,17.497356,0.00839808578220902,0.09592252882422667,0.5706408416478106,0.5787077237581694,0.014365793578837402,4.085697050028078,0.6295105386147835,0.14479589139670412,0.0856296104040335,0.5702846501102989,1.064241294395789,68.84092667563849,63.399082103350594,0.44516134349555475,-0.6877511489518453,-0.014365428051031835,0.0016901265252297997,0.725802407728616
9500,4740,OK,1326,1326,,27.501911,0.032191810365989476,0.021964286082186812,0.3440798182634843,0.3462797479697194,0.011907856181841831,2.302817720985052,0.9966599145342814,0.2423505355873996,0.16842912762643825,0.9041711031787738,1.1733557395140382,97.32346549972092,113.43378361915151,0.21797700545890325,0.5169209268110444,-0.49126303641276975,0.506064382215499,-0.48513114261214146
2939,770,OK,1368,1368,,21.366034,0.037452419931551684,0.06211457873849316,0.3779806370594951,0.38487695000154465,0.0026937435403117547,0.7584633339288062,1.4327104512710385,0.19129662843511386,0.19097889370959198,1.3779064174502302,1.0045936233135038,-7.130870478768411,2.7001912601214944,-0.6810811684106308,0.298378873946284,-0.6419610285602885,0.6421739617450217,-0.29405558700536116
3530,9250,OK,1646,1646,,14.656544,0.10966908099811024,0.04488415333490056,0.8647132515524585,0.8727948796584374,0.015281286485702475,2.162900818497539,0.8166113442832363,0.10218749768260882,0.07831194548447917,0.7736566535861105,0.9292751552007493,68.81748641781994,67.03540622959964,0.7391129456863361,-0.6878910062784711,-0.01656999214929896,-0.0031637234050665435,0.7256179364483633
2000,4310,OK,1455,1455,,20.661572,0.09319403383367991,0.06254350464083736,1.8532920056485396,1.8566873932129064,0.021103273319579265,0.5090992736427448,2.509632688603455,0.13768921556284786,0.10958016691422667,2.467753434897677,1.058977888555075,98.62765773092339,157.89024935044537,0.1605281966178689,-0.4973575484427567,-0.49576708150642484,0.5078936094071483,0.49889332669919745
7320,2840,OK,1069,1069,,37.512363,0.027332509283221174,0.18019538687305653,3.5728523163688592,3.577497885128148,0.015233935718574008,3.9324032831762685,1.057408175251287,0.11387372250439953,0.06648090357025849,0.9820900160488382,0.9675237117645024,-11.28701032263856,14.70707180377734,-0.6618292969459916,-0.019489760970676073,0.7072971471868686,-0.7065844214334248,0.009452522743431599
3199,310,OK,1310,1310,,35.867275,0.5401227174105856,0.06829080561569639,4.723059534072192,4.754333554388551,0.008445452599813344,1.291318824387389,1.7078613865449492,0.21804643168188087,0.09909167469577862,1.4666414061394573,1.1868045837587027,68.65336979448017,2.5208505084328596,-0.5095545250535007,-0.5991165020654023,0.36555892306820026,-0.3639528722685748,0.6123433656745119
3310,9040,OK,760,760,,42.002728,0.10916790719590364,0.01752346691315601,0.3700065950559708,0.38617299781199493,0.00876125658615497,8.410196843585718,0.6233704750897808,0.2072635243681793,0.11574538620660668,0.45094821133872287,1.0900933860944921,68.42350490481994,22.378621155019545,-0.9313674685627444,-0.705180181308374,-0.028505091945523395,0.015472433543387858,0.7082859418506845
3059,180,OK,1416,1416,,49.55916,0.23223045013002433,0.08836525535667854,0.6345681778053383,0.6814808673800257,0.013284892112601535,2.0277411160188605,1.3809126088876085,0.23696302799289715,0.17853267958808283,1.34172547018885,1.1233009765036959,27.057742138644528,-0.6686736408872638,-0.7285317011275538,-0.5000411411284248,0.5010246855775561,-0.4949351558884677,0.5039566579444625
9500,4730,OK,975,975,,38.14726,0.23605758626562623,0.007218279758917416,1.8134715244386594,1.8287849128714144,0.021264775384332576,4.9196351291690785,1.2550683569909151,0.16558515373420657,0.1323538260807633,1.185662696100882,1.1674035253759212,98.79545851510062,113.29297158579311,0.19714746110843456,0.5151024864329775,-0.4934270396245165,0.5020420983452718,-0.48903263339681774
7200,2740,OK,1586,1586,,17.269402,0.03807208520664701,0.0694451054717408,0.9353281670362614,0.93867506965796,0.014328373800361336,5.310940439902947,1.1035361716557346,0.2836236899752156,0.18941299468024875,1.0194182572813695,1.0533460603914528,-10.62554051279128,53.47178950561845,0.16107621156354712,-0.014582918846738875,0.722686359154671,-0.6909860145487549,-0.00707760324566296
9580,4820,OK,1968,1968,,28.4026,0.4006376702395893,0.08582717464148643,1.928817424611769,1.9718553456600014,0.009332452676289777,0.42017115573353386,1.1599746463977416,0.18259508718348139,0.11518131076759719,0.9775855846198702,1.242217686185974,118.76708488775168,112.99936893130996,0.12191265211511129,0.4852046165421505,-0.5030011355089924,0.5284279680630479,-0.482006452582958
1620,4750,OK,947,947,,43.967148,0.1408483963682015,0.01613353030520634,0.4742303632584921,0.4949676746979386,0.01563698085980737,4.770126616480338,0.8940284550085508,0.24781161907279303,0.18347807446005415,0.7977082414316641,1.167781846064974,101.72835887241804,113.11446097445854,0.18747926406894466,0.5097271563836149,-0.4952003014116929,0.5088006509250612,-0.4858773354922786
3139,1020,OK,1798,1798,,32.0353,0.06565066778017001,0.1898764419645474,0.29735099708194834,0.3588602636942787,0.01440687562972574,4.875462563984463,0.5559705580414249,0.12180808054709136,0.12486513776910524,0.4774356754338136,1.0716396699765496,52.21713589631854,-0.9733486085524241,-1.0101596224594946,-0.4958003052698273,0.49489994570214757,-0.49520494833676615,0.5138367057549882
11400,670,OK,1758,1758,,26.334688,0.10597910067698467,0.016539212929919236,0.8721352703525138,0.8787064613040557,0.007467941070384522,2.598417822235342,0.35236169385164523,0.11881129602695106,0.07135695346462412,0.27972113945612964,1.024303045834928,-2.3095606041434844,15.557977161417265,-0.81590729360151,-0.4821716579184229,-0.5121325653654446,0.5279079307363315,0.47596632702124286
9560,4820,OK,1825,1825,,28.745586,0.07848848460386859,0.13413006397307856,0.9606650248392907,0.9731539478552759,0.022090588388712393,4.271072438451567,0.9418177488783952,0.16953744404063986,0.12787331005862868,0.8606875557336391,1.1912728462758817,113.67808498601018,112.93669390603057,0.008323120914159515,0.5103281747435292,-0.48992228442784785,0.5065288635719626,-0.49291968884640086
1880,4140,OK,1158,1158,,22.382465,0.10077266582379388,0.0478818060506576,0.015094509838246672,0.1125861525906439,0.012698016856879945,1.70552746103214,1.0299426169153194,0.2315088204089073,0.16365052168216687,0.9754551929320838,0.9692304804219457,130.4266887335357,150.96340575768002,0.23297104872479985,-0.6980320690226834,-0.09778300049227838,0.1065638549896573,0.7013086768608969
1920,4200,OK,1034,1034,,22.593521,0.4983236897383352,0.1356058016695217,3.102706043244239,3.1453934927104403,0.060345931164513776,2.694797063096738,1.01576895141271,0.37803731416538944,0.2516460473184501,0.7691978848429146,0.8981837339731412,120.46875465719327,157.15699405439045,0.24126447132200657,-0.578302582765428,-0.4092406401177006,0.3754691867854028,0.5975877433629294
3039,880,OK,1431,1431,,48.19828,0.08240952108277291,0.010259201114035946,0.0832148688619132,0.1175640028762871,0.009807377641198618,1.707394218281905,1.4298715315567474,0.33455190492629905,0.2830911121973865,1.3326466827295076,1.1424684851788829,19.6804008111705,-0.2810380032808522,-0.7902942869035059,-0.4991653847200051,0.5007089357281567,-0.4955097412778217,0.5045736583275946
11640,870,OK,1603,1603,,44.859814,0.017225268658819404,0.0454573291156787,0.3402166749536044,0.3436720305279238,0.00924042575554188,3.4875593027805536,1.7368993988840737,0.38078251467316315,0.29448281994495895,1.6443291433106229,1.1441784521821632,11.183561862911354,-0.0770138349971749,-0.7608370288976954,-0.5019612515147261,0.5022164289162592,-0.49254164942588724,0.5032060056132042
1660,4790,OK,1129,1129,,36.38176,0.2572666337451432,0.10550202271626165,0.5280227405448521,0.5967619392758526,0.010779084164684725,4.335628173500106,0.9060068613265573,0.22078539310050838,0.18360826567845523,0.8454263726763069,1.1352582424631088,112.9008687843521,112.9063938507302,0.20357051999903963,0.5079673552927382,-0.49578795887034655,0.5140946775998616,-0.48152894851667133
1680,4850,OK,1435,1435,,23.23282,0.18512838365125833,0.4731775436016789,5.945589471610539,5.967260985672432,0.04357202095083964,5.599695597106708,1.7919804553736685,0.41458495614362123,0.20980836497659794,1.314128108985276,1.1689303663942794,123.69257287545304,112.79969719939653,-0.1861090110288069,-0.5092185492339951,0.47172207730705273,-0.5010061992670408,0.5168825197210084
11280,540,OK,1146,1146,,47.318474,0.6079283806438485,0.4241681176893733,4.690319128690787,4.748535462331422,0.017167404600769584,2.5437819704099933,0.603888554351276,0.24245806206721088,0.2072468822275111,0.41748298911998294,1.0753021875157243,35.35901802410148,12.388959451657636,-0.5150775741627432,0.4985769085693107,0.5022312555905297,-0.50219215167177,-0.4969787469788895
2959,810,OK,1350,1350,,17.014208,0.08025642577202802,0.021488730949289422,0.08631267982667223,0.11980291371403963,0.026103719000662235,2.9322234701058165,2.5518741114916526,0.5235283521856227,0.42016090537308237,2.4312044068480887,1.1331222142858166,-3.513376828189951,1.0085287994483998,-0.6144302525572648,-0.42262052069299677,0.5726407520671426,-0.566155042099279,0.41586407979858137
11620,840,OK,1061,1061,,71.86206,0.05441194732525767,0.008981802887610968,0.3996732112530843,0.4034600458387312,0.011187585055475352,4.009729352542224,1.9940780586010742,0.5341335166084646,0.3787949192071256,1.8644966292521898,1.1403680394790203,10.844874584320998,0.08180149763867545,-0.7386414549664216,0.5066327425523179,-0.49909909290813687,0.494912868790872,-0.4992840994237457
3039,870,OK,1009,1009,,67.98565,0.15504527850507252,0.16340450779995558,1.20137467864779,1.2223097766328066,0.013545916447213353,4.5862766672822115,1.8437984016076072,0.2658207251125275,0.22207232355136375,1.7860115954878246,1.1202580808535596,20.800092984508854,-0.31356858108748925,-0.6616244426008312,-0.5021308811766623,0.5007975047841822,-0.4946562198775683,0.5023760160548277
7360,2900,OK,1473,1473,,21.662552,0.009165188869737606,0.015097188277902279,0.6756889027790671,0.6759196839267932,0.01661964266533983,1.349162952887593,0.6583042664930209,0.10814793812445297,0.08234651555631833,0.6158609877282055,1.0179644246481163,-10.946252308640021,7.99659673819431,-0.6405788387260419,0.0383177993423676,-0.7007894951315856,0.7118339036285154,-0.026801556144463813
3210,9000,OK,1225,1225,,21.943098,1.101015184801984,0.4378761113907645,4.304458179859081,4.464563825083811,0.024226691188303832,3.2838734428457856,1.3791091482788578,0.3818147325821535,0.20803281038571142,1.1504505306665296,1.2639338315999031,68.36727979208747,5.765779026074335,-1.004974335812506,-0.6355323768003274,0.28959655282476005,-0.2921216461056009,0.6533738428396844
2919,770,OK,1412,1412,,13.781031,0.13200224956948287,0.14022386945095627,0.7271290320703323,0.7521994128784874,0.017264197192495372,4.445460639803869,1.589420422711819,0.1785677401625667,0.18872294939436673,1.534490775821416,1.0062048886438408,-9.987512841831315,5.365765571880171,-0.6915138434066037,0.16130257787553243,-0.6826819947917083,0.6942162804785418,-0.1612157817226971
11660,850,OK,1146,1146,,69.79488,0.13262233688486108,0.020917239845635826,0.7891872827071054,0.8005265656742354,0.011450696722039496,2.7447465872238497,2.7138256470283553,0.5313412466699565,0.4187099414325104,2.5726024751850307,1.1558235601640143,12.616314947912272,0.09982704749964805,-0.7438263432690171,0.5045793867398646,-0.5014739589447945,0.4959600248878206,-0.4979429331667728
3470,9220,OK,1730,1730,,16.525408,0.11953723551396694,0.1438664966290336,0.016477510920083205,0.18777174412769032,0.008322729633921578,7.132880309675167,0.8057212129397429,0.15738938602151076,0.09846424781598784,0.762935539659571,1.1004030453269227,68.54282986577357,53.39632973237687,-0.13067204409229055,-0.6854431700559477,-0.01181460858295401,-0.0047517291125380185,0.7280147640797718
3179,280,OK,1052,1052,,51.83228,1.577552947964077,0.3426593075150852,5.51725489086069,5.74858158465052,0.018359483047936016,4.5536384878492155,1.561970055498461,0.12822153216758458,0.10313653067477846,1.3296805446646403,1.1151064027549666,66.59525432988733,-1.1704314318336693,-0.8706192387526878,-0.5400600204645734,0.4457628762295264,-0.4604702087596462,0.5455252691821273
9420,4680,OK,1035,1035,,27.053665,0.9639364723356203,0.5682355217697477,3.2656109650185323,3.45199653906968,0.04729565763422033,2.3004846359847204,2.422878241185553,0.26345461436059536,0.10734678707975198,2.109322509446635,1.0977526323206928,81.41651869268492,113.40079163260027,0.03727634494294923,-0.5781920528295915,0.40210987622972316,-0.40890662488032037,0.5803421142845009
11340,610,OK,1812,1812,,24.313759,0.09058382745591236,0.2333266408738782,0.3476922885299829,0.42841180964262304,0.0340788082676591,3.3788615871370564,0.9305197415306612,0.15576219481648312,0.10030966971196609,0.756843103551704,1.0555584069746853,10.966876995749386,14.295781290999528,-1.2126749960495555,0.5244090763576781,0.45808626812951087,-0.4950153196188092,-0.5197229309233459
9500,4770,OK,1800,1800,,17.355026,0.04424888356157179,0.17459973118310346,1.1407754530894278,1.1549076431459993,0.006418412361133138,6.279268670823157,0.9133942575754237,0.23950812838793312,0.11667279472060188,0.78234533617408,1.1573963699865624,98.11577729352518,113.43801773985257,0.05303070763525758,0.5145475160820097,-0.4905678904356043,0.5092445796974608,-0.48502985126294174
7200,2730,OK,1798,1798,,16.21453,0.019550194344665824,0.050114148708506036,0.5668284967637933,0.5693752565252499,0.009248578736302486,1.7186784750940545,1.3773894727023919,0.38245871392674236,0.24246766621687232,1.274628866367931,1.0460929752868522,-10.557021729340466,53.102655371614674,0.14050013143278703,-0.015175730604417481,0.7214616977270814,-0.6922218835080788,-0.009569739072059281
7160,2680,OK,1174,1174,,24.992981,0.06560173387475027,0.06645342979254192,1.9538108453753649,1.9560410183135126,0.01093662350268672,1.8240887785584192,0.8144570739906524,0.35435797737326014,0.22153168216925845,0.5452735782798119,1.0101037596592832,-9.911446948898117,69.8230850725567,0.824424746520515,-0.012349585392716,0.7175416417514052,-0.6961292908551492,-0.019633912163219584
11500,750,OK,1010,1010,,23.120445,0.33078612472335633,0.35674161230152707,2.5321706726716697,2.578482568061201,0.029248880251667008,2.5025721865455606,1.3956939784616724,0.20744832321644457,0.08158505712825681,1.2363891509142668,0.9512873717593073,-7.388374649293656,1.30133446932334,-0.33931648729758873,-0.18496158405177612,0.6897243070244439,-0.6764976545476428,0.18005698019306685
11140,420,OK,1689,1689,,15.28098,0.22607924254888667,0.15470151847228555,0.6294960265903984,0.6865199423339491,0.023846803274269274,3.980450908519501,2.3015665042900117,0.5529850083851628,0.2753752358489421,2.1891151312532955,1.3557815798924164,67.02616990768207,9.388303805687398,-0.815701216194062,0.6345776994252037,0.3221022205234183,-0.3397399898806713,-0.6149292985392552
11480,720,OK,710,710,,26.396568,0.2699896971024939,0.2279715229094632,1.3496644630763845,1.395155767178139,0.04661064086791126,3.4852687562186064,1.294946229325945,0.1316913252858356,0.06335710785059279,1.2184980217081254,0.9895845544182952,-9.94405012018381,5.626905747416324,-0.40403524038545197,-0.011300155092516825,-0.7036443278460217,0.7103908547111057,0.01008959502804054
1660,4770,OK,705,705,,42.71518,0.5692003281900313,0.7181716132605807,1.6004912954452841,1.844270009109585,0.025691519273859532,10.181261927127018,1.0188850763715276,0.22942858639454955,0.17313815466325316,0.9399308461008236,1.2593951239364787,111.84290231373421,113.20581132895371,0.6831278396422791,0.5044932221283724,-0.50456956366564,0.5060729647658665,-0.48454751942599467
1980,4290,OK,1801,1801,,16.708685,0.023596983516376874,0.03746706189795269,0.05743861333415645,0.07252442802316965,0.003871656881904953,0.8313635040427919,1.671881172070694,0.30687033101613537,0.20690864440981188,1.6086756838340608,1.036784882541077,107.09145321148107,157.66974643515144,0.10977778584473896,0.4881636621886005,0.5050781666849078,-0.5047437448963833,-0.5018227141578998
7020,2550,OK,1178,1178,,29.05085,0.0030007774051000746,0.005489626064819189,0.1031952280181474,0.10338469782846944,0.00710792684213118,2.34315282041063,1.0692069082080984,0.1875542762359803,0.10290618781226346,1.0002372191894189,1.1214478460369626,-8.856532846319968,113.36515639212175,1.2188419966434947,0.0026340756189085312,-0.7027214002033871,0.7110770114999864,-0.0233490697474837
3610,9330,OK,1656,1656,,24.03566,0.09638421877528158,0.14694803159988276,2.064298048659495,2.0717649662351665,0.00849548739555798,5.866006669088737,1.2179736347867727,0.4177612007582888,0.30658785807179423,1.081804543221609,1.1216553060602221,69.0669009088758,88.23669657385676,0.7185979390238673,-0.6995693044108876,-0.016280588118576522,0.021862825830069467,0.7140446397973338
1860,4120,OK,1497,1497,,24.187033,0.1491858948002886,0.07155761032621426,2.273655692395505,2.2796682062013858,0.006394354657287414,0.366954119748418,0.7886148259756252,0.19977539986122572,0.09764033895709545,0.6262896980830135,0.9461839640734973,130.8599643516055,143.78522947763145,0.14073475658324824,-0.7018484691946298,-0.003827818162200202,-0.006410928772643333,0.7122871430045217
3350,9130,OK,1673,1673,,21.657688,0.00813737003129883,0.17868799878674174,1.2028156245811195,1.2160431918471915,0.009191563247181338,6.502769172698135,0.7204926228061264,0.19711257728579046,0.09623302068305217,0.5942381259893841,1.098906248352368,68.32092357564082,29.470142277064124,-1.0441567154391096,-0.7032504972976688,-0.0281278793457651,0.005850254063656611,0.7103614115233754
7020,2560,OK,1937,1937,,20.668951,0.030292608795454423,0.05807123122762709,0.353764437833763,0.35977658000454305,0.017349699366418628,1.328102032169536,0.7776280901216829,0.17696422414817858,0.09780883278586838,0.6568899985836687,1.092393036808593,-8.82761680672866,113.11461328034336,1.1647428362532488,0.0002090196915028525,-0.7032357015651216,0.7104059721716112,-0.027979618615837275
7320,2900,OK,1651,1651,,21.640089,0.059583201709496714,0.13569694760440976,0.7051947355901049,0.720599357909169,0.01758083710036464,8.519704778546885,1.0350819390056512,0.14061289740255134,0.15485246034350197,0.9995042071361446,1.052282592900695,-11.391817155475637,17.586099850616485,-0.8631496027847475,0.02792827747744047,-0.7066139292202466,0.7068520300295983,-0.016642535627219717
11380,640,OK,1731,1731,,21.364038,0.22455237337103018,0.22714690476427452,0.44439794778592967,0.5472741732686632,0.0620058641872591,1.0096999666450697,0.7815728535115722,0.1507731230994227,0.10102147813385337,0.6933426333946509,1.0950464908499886,0.9634218573846411,15.700465348450603,-1.13083356807947,-0.48280955887916177,-0.49904967834580743,0.5112652781620503,0.5064110620274176
3310,9050,OK,854,854,,33.232723,0.2515228233613798,0.10830248884058255,0.47618791080732414,0.5493160166605271,0.015474801352894762,6.078494482041575,0.6661979620548268,0.17188984634409654,0.09912927549873429,0.5590860543858849,1.07892506868495,68.55551382299083,22.495822876307145,-1.012807896628961,-0.7044087474404597,-0.0258805157225799,0.02053637637746239,0.7090252271115458
11560,80,OK,1575,1575,,33.937344,0.10452419004092849,0.021086530966865254,0.42575582562597386,0.4389054239199869,0.007516203082592812,0.43645563430353657,3.5483654983358144,0.7860133735142172,0.587182918509114,3.3884005744195127,1.3113437153740044,2.419831120681468,0.39549922975408286,-0.6910029745266874,-0.4825477646227502,0.5198291475360739,-0.5180736313380848,0.4780429109836017
3059,920,OK,1802,1802,,31.405788,0.030295610191512,0.0024499983437803186,0.40749001683316743,0.4086220017417756,0.0057219194040950385,3.30634207281359,1.0031388386540678,0.10681448783399417,0.08031763983781781,0.9689672769268141,1.0883452776637401,26.8275978823661,-0.4394787630612497,-0.7837366794347083,-0.49917428302366873,0.5007937612837599,-0.49868441645215755,0.5013426937882333
7260,2790,OK,1905,1905,,24.674475,0.001624414776508716,0.015734437468675627,0.6343844118694815,0.6345815891347697,0.006408980980529168,0.24330294786526394,0.7057029894722204,0.09993962823934843,0.050285763970014,0.65400930165102,0.9899397657444017,-11.15358667585527,31.54187733700854,-0.6569277001904898,-0.01590943714745903,0.7200434147976157,-0.6936038820808693,-0.014072149039414743
11220,520,OK,1603,1603,,23.361528,0.21237003999012224,0.13499791902084812,0.36365086418440207,0.44223005669835247,0.016052116547663312,7.883754311645492,0.8625125224686472,0.1523278666448198,0.12270175361565006,0.7682115316327875,1.1520944317409196,48.517273383066296,12.701349502148245,-1.0380787179360385,-0.4954860068432872,-0.5007921449884039,0.512619620696755,0.49083802727287007
3590,9280,OK,861,861,,45.40342,0.15354312480370397,0.04346990006647787,1.1621496251783832,1.173054506273486,0.008408155961638856,4.792486643781017,1.083835382706251,0.11737953841310467,0.12065251836064522,1.0293279417999806,1.0013447953180459,69.10767628849482,85.76106040180098,0.9245370819318393,-0.7046090145605963,-0.020169979385864185,0.007287217054093281,0.7092716017148338
3570,9270,OK,1084,1084,,36.737667,0.012143901251728276,0.04434343392807921,0.6845173911269291,0.6860596717672326,0.00748235885994182,2.4228463170052987,0.41436262505093724,0.21588184557052692,0.18428631036478782,0.2866814336526584,1.0396516163424419,69.04036762999425,78.19099252978776,0.803352844638864,-0.7002938807296455,-0.01410221541183736,0.006587805158497132,0.7136849507704957
1840,4120,OK,1718,1718,,23.639515,0.20744618925445102,0.11532082318816952,3.914089487074352,3.921279042165063,0.010463966063905683,5.508498605142713,0.9255668233327486,0.3326731914231196,0.17864011443959216,0.60151266882181,1.0037815277947475,130.3685165933599,136.418883593989,0.3448859584681414,-0.7052884750609474,-0.002832443392810219,-0.018226173516521924,0.70868042925537
1860,4960,OK,802,802,,45.945755,0.02773919033585559,0.37454542748382214,5.5862450005839275,5.598855860484216,0.014075530398039852,8.980121041380354,0.8958173602126864,0.272878897530225,0.17639087399853226,0.7039548728378424,0.9651062258937692,130.96565087535572,140.48214747158926,-0.1341809823217646,-0.6993871790455614,-0.005026062666870137,-0.003778770112950738,0.7147153512953208
7160,2670,OK,807,807,,34.38683,0.12300919185214833,0.22936221554337857,2.446778660027258,2.4605820649520855,0.01569478548655394,5.53033606251357,0.9804883241600364,0.3214319933986367,0.2517358582650178,0.7008874202918833,1.0493658803911008,-9.878358456520312,70.31952071091207,0.7074497574108628,-0.016463466051627344,0.7174098432664232,-0.6960846367846811,-0.022765093945585187
7180,2720,OK,1473,1473,,18.73044,0.021148859408009063,0.013452119019378664,0.6964003157051932,0.6968512276481,0.012472192420750459,5.727304075186645,0.9282034203400653,0.25557704659153035,0.11851608875939201,0.8571859361983956,1.000006724009129,-10.287112828843613,60.906698451923035,0.5420996092502949,-0.009893219613667018,0.7217499295384551,-0.6920469261920712,-0.007086280054927273
9520,4750,OK,939,939,,42.70023,0.08419903473261431,0.10337605829834104,0.08142885615146511,0.15622658382407903,0.011138686793583458,5.047042300011128,0.9594754836991267,0.20371674775868787,0.178078116820096,0.8873744165196022,1.2249421769175635,102.56078621218413,113.23839249256572,0.06153701405636398,0.5162253560069848,-0.487889467424211,0.5036835474801306,-0.49170939933034885
2040,4390,OK,1680,1680,,17.517223,0.11104129629780307,0.11767609743340054,0.13904573996888292,0.21333436477545262,0.019246035792495945,7.393808386224496,2.0501405078264794,0.43498949213409266,0.19811055636209346,1.9783532412988811,1.3233855264949923,88.0646201551974,157.99890981939333,0.18184340975240393,-0.49716763330497127,-0.5028015423970785,0.5110676745650196,0.4886970282002497
3079,220,OK,1789,1789,,25.603964,0.11338311182460309,0.009896187744246162,0.9120858757410648,0.9191595668355114,0.0053551368366972765,4.13859547297132,1.4069744080955917,0.34447422685734375,0.19182287462035508,1.3074535423386102,1.1220980469631558,32.43929916427815,-0.8364721062530964,-0.8508032702555409,-0.4974485601011433,0.4993600494385745,-0.4955245884720287,0.5075823610978125
3650,9340,OK,1364,1364,,27.261171,0.07204099872566044,0.3374925290651874,2.2321923161174677,2.2587106164371904,0.022718681858375382,1.7669575408508347,1.9361455573912267,0.21813627174469508,0.20605885902383902,1.8705092672748833,1.1263855171502741,69.19038170908713,103.07769000393006,0.6494629250772702,-0.7065466924886702,0.00034224588133152553,0.008557367129796708,0.7076146024983395
1660,4810,OK,1977,1977,,28.43481,0.009232813265195622,0.0617019980462301,0.5671684232388193,0.5705895212172193,0.009306437909631753,1.148811669684266,0.9775831038001002,0.21624214794230134,0.12845048193576347,0.884493815875036,1.1890356987781512,113.98976881147615,112.65439191531428,0.07479366322398888,0.5078380591582327,-0.4942500451664726,0.5092127454748986,-0.4883848670559474
1800,4910,OK,841,841,,50.0038,0.5763699050371329,0.5929892485129307,4.033176999650763,4.117080910887759,0.017363138535277423,6.353123407520425,2.084135041723011,0.28306133507066034,0.16465032920049688,1.8954916257677707,1.1621966226403804,130.92437253862204,132.57368637918736,-0.17879297846476494,-0.7029433373366686,-0.01217184199533925,-0.014746670508912842,0.7109887808294366
7300,2850,OK,1725,1725,,30.200912,0.06625442372358098,0.04536226383571255,0.8646300393757935,0.868350441143569,0.008478714208831714,2.6231329297383184,1.1213721021301497,0.05971361029122524,0.10080726964391196,1.0874486685305218,1.009748380062964,-11.459515583295008,22.044387063873003,-0.8491635858413243,-0.018266975050891483,0.7102958496126148,-0.7036661957604486,-9.268010521273356e-05
3179,1030,OK,1296,1296,,46.10695,0.4963619805246733,0.4012483496759104,5.83263756187319,5.867455699193821,0.013415442102177957,1.8120302125358354,1.6566024277758817,0.126985669997433,0.11740394308001179,1.5905411233627067,1.1395200252625297,66.7207626627283,-0.11926656436244465,-0.9513929229369222,-0.5342618838367433,0.45152790769103346,-0.45973268812935447,0.5471130079981005
3670,9380,OK,1316,1316,,16.069466,0.9768278500028201,0.252624305095248,3.1363232486939814,3.2946221647351854,0.032609480313682,4.120842955604033,3.1732647546519135,0.22070587808987385,0.07862965467226368,3.054050496806891,1.1499089249797245,70.6713582456016,107.92747894751918,0.6014186379804685,-0.7045571757966557,0.04670203927253848,-0.02463361765941363,0.7076802176422883
9560,4770,OK,781,781,,42.764324,0.03296847290503341,0.5676875134554212,0.9796997725665229,1.1327699137537974,0.021608436412820106,9.467282287315829,0.7968178878123193,0.22396357766809638,0.1390430045061637,0.7085616876813337,1.1694155630879577,111.75697814767646,113.15701539155606,0.5835985069641265,0.5113374710593447,-0.49484185951088594,0.505281338805691,-0.48821746529714716
3450,9190,OK,1653,1653,,21.921524,0.025507031726314522,0.097252699425184,0.09619458656161628,0.13914774413095127,0.011437826010236886,2.7065473533632938,0.695643036805564,0.19973519860854694,0.11469845341828255,0.6099712326934714,1.089678152965183,68.52215123543337,48.590324821539454,-0.2664787827665733,-0.6899047824696294,-0.013907272760860047,-0.003669045374081307,0.7237572224136567
11520,780,OK,1386,1386,,22.506971,0.01139932807496602,0.009934542588388679,0.02645557782861896,0.03047191190666139,0.008276732485312726,1.2078900586988843,0.6640032255247108,0.13156411751573738,0.12485065986586641,0.6098727665356467,0.9123144646210547,-5.347326787731523,1.7768569712973294,-0.6372175882302532,-0.35597348777500737,0.6125665912847641,-0.6079635846398525,0.3583647959760029
2020,4370,OK,1500,1500,,16.265163,0.15230459033573507,0.24060258391617076,0.20739714602125225,0.35227811144355065,0.011428866525811841,9.16000172522865,1.4378073553922184,0.21562569294834955,0.1904128930870117,1.409158606695824,1.260902304885164,93.73098785154751,157.7957481865983,-0.01794118375845761,-0.4925957654714398,-0.4986541715602262,0.5050759185913752,0.5035789366963922
9520,4780,OK,1693,1693,,16.472668,0.010672806070112728,0.08116233596771914,1.4682022278518998,1.4704825791006262,0.005896695498056328,3.7060144621666997,1.0707976597394615,0.27391413909892115,0.1354395383468583,0.8759159853912046,1.1442960451840043,103.94352687733121,113.30341780102937,0.07596291181834286,0.5178628750426544,-0.48628585042285755,0.5055431883914232,-0.4896633527252254
3370,9130,OK,1797,1797,,20.166765,0.03952347359305877,0.09702309471604326,0.6897285387210856,0.6976396225842277,0.006894271507501598,3.700126889391222,0.6668089462159527,0.22437071435402456,0.11053369214554376,0.5100587231074121,1.0895106879290999,68.25554136593783,31.778616658332254,-0.8563748285421078,-0.6945026159603792,-0.027048148099495073,0.0035813108698671955,0.7189726617341102
11360,620,OK,1835,1835,,26.24369,0.2195669102951725,0.1087969227045894,0.7379017901160361,0.7775252088151272,0.031145835879557413,0.6237065779610744,0.7059816578184783,0.4082883776346482,0.20356636105170933,0.46551816319248074,1.0734245562865747,6.149479092664161,14.739524805024946,-1.0272055104637228,0.5241205147655221,0.4640013198892965,-0.4860635296697884,-0.5232042682049348
2000,4330,OK,1480,1480,,21.04264,0.026807217517581194,0.03557295749698236,1.7653105889917091,1.7658724579715184,0.01484026649178372,5.0305780818329815,2.0206431838425227,0.10883773078284276,0.07202198018399031,1.964341709311297,1.0214101154537956,98.72132636718942,157.83838922918528,0.2123463998203617,0.4886934863250504,0.5082307081638229,-0.5020634681904278,-0.5008118385295678
11160,450,OK,1187,1187,,18.677643,0.3017961723495276,0.15798159885616456,1.47125739931153,1.510177953173368,0.03588717629006832,3.923256322699909,2.27969409095875,0.17781649598990767,0.08361845169278515,2.1826505763349644,1.284793070937432,61.28065295915677,12.053496541447796,-0.5607158067630207,0.590347828793804,0.40710997351359746,-0.4125714465592048,-0.5617256554477861
2979,820,OK,1642,1642,,23.720173,0.14308265828229916,0.012938918260425604,0.1426957406771058,0.20248984447193147,0.006593511287021787,0.5615857252800782,2.7711270618064683,0.7265141427499238,0.5003603220931239,2.6238481607196924,1.2431783458535197,1.3668818249677406,0.5028537898026032,-0.6418243997198407,-0.48073790763300855,0.5184403066251261,-0.5134991712460171,0.48623997548611325
9580,4850,OK,1411,1411,,23.417732,0.7238833046795728,0.43288409085590834,5.66834582581643,5.730753883736459,0.0391735181214577,6.527420911778374,1.6209125602357175,0.3527189497937373,0.21451551666772017,1.1696704900051902,1.165457125771492,122.51600524219006,113.0901347114284,-0.15414865851961077,0.49186637120903687,-0.49245744395822477,0.517919898141368,-0.4973048540613906
11640,150,OK,1697,1697,,28.583065,0.005284009906925832,0.11951294550704404,0.186327180167706,0.2214251182086507,0.00636584801127163,4.714739237333892,1.7516249355150686,0.2363694663341317,0.2135749058712033,1.7032855124969046,1.247737581796005,11.711268564564982,-0.05825504561292889,-0.8655383849548964,-0.5010704822820692,0.5000200440985373,-0.4958560367176941,0.5030259616917722
7260,2770,OK,1026,1026,,49.757675,0.04427446892508974,0.17487912061173272,1.027541679039306,1.0432568416202443,0.011911210267216525,5.169046135904922,0.9528432600622387,0.06660484961007596,0.10210654013016979,0.9004002226626886,0.9744283762832868,-11.181746577631632,31.142544108699603,-0.5480542341669824,-0.013679182994571965,0.7225856086190422,-0.6910465922379281,-0.011727127764128256
2979,80,OK,1570,1570,,34.966072,0.04142412442934217,0.037071771414534216,0.10712824838355561,0.12069273351067115,0.011365730308249578,0.9145326294553628,2.7791391919810806,0.670342065192225,0.4981532815599625,2.641753506703734,1.2697830431825405,1.3923226034349616,0.31387900715673067,-0.6877751820253564,-0.4801793735928955,0.5208349428816462,-0.5115969968376499,0.4862378474328221
9460,4680,OK,912,912,,34.439915,0.05336766691127076,0.1956080387336417,0.4844321431855816,0.5251524674227,0.015027132991723917,6.134493086723649,1.1266644443876292,0.2668899420095332,0.18919547336085157,1.0393146198027123,1.0533048309630297,85.94892263228301,113.71657307425234,0.24876978862356208,0.5205325950833822,-0.48108844653452904,0.49571937082531287,-0.5018585751537071
3390,9140,OK,1788,1788,,21.377436,0.07540609325699976,0.12141555623653136,1.2584797826313225,1.2665698478521785,0.010100579608918825,2.8297996231400844,0.7851842250237293,0.20538943691997036,0.11927430694260299,0.5559513358617343,1.100799878616567,68.33043264276347,35.893327146982436,-0.7652505198722446,-0.6916665807683832,-0.026880507058193358,0.005893370139743937,0.7216924882364123
3570,9280,OK,1470,1470,,14.693644,0.021724240898764013,0.02686936751199846,0.22704218504248075,0.22965639408034438,0.005295017280765221,0.9532433090963548,1.0972397319660485,0.16179291776198557,0.13660487947355177,1.0512502833962936,1.02387214561078,69.0337316654589,79.10203947701892,0.8345468951195146,-0.702275200469483,-0.014692092118150868,0.0051428571527442415,0.7117353695405658
1980,4260,OK,702,702,,39.71206,0.14201205934016486,0.16490369792341325,0.04885337146822444,0.2230410421663761,0.017603432421594498,7.006196679811883,1.1983049619897914,0.1945880797003734,0.15097588191537625,1.1482521644484418,0.9784363724535887,107.08070052791197,157.8030207590956,0.2730624499828507,-0.4934382446081156,-0.5017680487877704,0.5084497465725992,0.49621203047088114
7260,2830,OK,1781,1781,,30.235403,0.029545123559390707,0.05108580066261875,0.9409399628833448,0.9427887818097916,0.006902321989963496,8.101201213747458,0.331029689149102,0.13164752540806557,0.04690320183398855,0.20800543510239944,0.991950137715954,-11.13351985655565,31.236155115638734,-0.6607498057327928,-0.012556265356343412,0.7204628559172738,-0.6932867169735215,-0.011364044698205494
11420,690,OK,1638,1638,,28.181446,0.00835401688407944,0.09381777274440843,0.9457139858930805,0.950392817310084,0.01177568906722738,2.5129897287300795,0.8034683290486021,0.26606050338706155,0.1199801818440176,0.6739627079945212,0.9064315352558314,-6.906710830579144,14.410965738256554,-0.8532414421848539,-0.42144565820370505,-0.5626298834326448,0.5805895200219473,0.4107882431259431
2979,60,OK,1497,1497,,39.291267,0.03459292839814429,0.00586263681936665,0.33187192496425144,0.3337214643757765,0.007734396038748359,0.7721109658672621,3.3725164274141433,0.822760423060052,0.5311709824710098,3.2291276145209347,1.300852187098331,1.8356178829257777,0.36554824082661996,-0.6695980524640519,-0.48271353620507157,0.5176427355738047,-0.5151479790888722,0.48337997467077
11300,580,OK,1524,1524,,22.62211,0.29500380012271515,0.12071641260756133,0.5502707381598837,0.6359226207917951,0.021282237378695626,5.723714580780396,0.7035876628658839,0.2249043207941942,0.17279503316179445,0.6123733553313073,1.121312741044387,24.747152338543398,12.77584486546725,-1.068937851089767,0.511400306782959,0.48399689690912295,-0.4937523041767191,-0.5103189121763133
3670,9330,OK,843,843,,52.926964,0.1474834947622495,0.2887860586577992,3.556584335171163,3.5713360108070615,0.023970723092784103,8.687784281663788,1.931478613618752,0.1484796774714887,0.16689540320243862,1.8052636507124866,1.1857670725460352,69.66934960353589,108.40736786422966,1.075520824990191,0.7129320823345827,-0.03128544434894767,0.006126684749655301,-0.7005080518337693
9440,4670,OK,930,930,,31.52145,0.9117973928896657,0.12941614668315754,3.068836364169277,3.2040411443597936,0.020267271568865,3.8745361961884948,1.853575038188468,0.22788852531923265,0.12813593606202328,1.6438117928217917,1.1062500964694935,85.23942010314133,113.27900276285342,0.3477962785239505,0.5474453382425344,-0.45718417909920517,0.46426155097324595,-0.5251165968676094
1700,4800,OK,711,711,,35.733025,2.624192526663016,1.781747783033702,1.5219933762939934,3.51816364270088,0.09607484919409136,9.530208004929026,1.2318168043859017,0.19120093651903475,0.13252266929215795,1.141340346000809,1.2071907747233739,122.86680336292848,114.6567636885675,1.3734030280511673,0.5228779622302104,-0.49361185320554507,0.4897664302466329,-0.49302618469249687
9580,4840,OK,1700,1700,,24.497286,0.47202529612754174,0.3553356651165235,5.154794852929731,5.188543272526398,0.05256251048458461,4.5182991719344345,1.5549041666969798,0.2873909967735617,0.16291713239532912,1.2338948010767385,1.2108263042421008,121.96469752892256,111.98733266306847,-0.05102365697439558,0.49418771511833365,-0.4910668029409031,0.5130037354066903,-0.5014569420541544
7280,2820,OK,1887,1887,,19.578697,0.039990288960061654,1.6640764132540287e-05,0.13228837361492118,0.13820071375251733,0.009154345052057391,1.5337711901647135,0.2252885036610618,0.06951486954209424,0.04745033723243802,0.19481846989575535,1.009161406924529,-11.364695906257207,27.32103321371239,-0.743492850595905,-0.012694384978906105,0.7234464795691418,-0.6902491666015972,-0.004486846868697642
3250,9010,OK,1149,1149,,28.840385,0.05379756539895203,0.26844989212207854,3.3335697379332556,3.3447939727713583,0.02803967413168436,2.683713732782052,1.3984439686520833,0.38626965739899743,0.23654035168473309,1.1508073021110583,1.1973350409013248,69.11702956760176,12.711390666948201,-0.51845255536761,0.7137046397152013,-0.050528048846808254,0.05122080923173039,-0.6967417256274926
3450,9160,OK,853,853,,30.633097,0.06593320202358896,0.12221990398322058,0.8392215897157227,0.8506337453356384,0.008713856110735647,5.546674111680777,0.6952868914651924,0.23990897411252793,0.1517145951418153,0.5191303386775221,1.1071790038919178,68.5570093024022,47.85188750610924,-0.3048053449569923,-0.689538319760509,-0.013790263868261451,-0.00525374529983461,0.7240988415711093
3370,9090,OK,796,796,,44.360115,0.09773630276529632,0.13294328340367118,0.06284795086259631,0.17656773886530297,0.014274622406734404,5.806932949022155,1.065036142160531,0.31904985096736266,0.17680697441060506,0.9233248238691498,1.1893146873149774,68.3530801910257,31.03631427413741,-0.8655628480288267,-0.691190376283644,-0.024245922405643473,0.007888355947317908,0.7222227999862803
7300,2800,OK,936,936,,45.626675,0.15645360003194064,0.08338221306655479,1.1605697781381616,1.1740325942436576,0.008121090752103348,6.840676234498482,0.3075489422781871,0.09703209681002312,0.08007369291495747,0.25531492621943386,1.0214144713615194,-11.227143114631629,21.75037279620578,-0.7887094342468371,-0.014920705716646382,0.7110486792578883,-0.7029807421651182,-0.0022856971605264495
3690,9370,OK,1321,1321,,21.32025,0.03615118681674501,0.11035488405547336,3.031496689422499,3.0337200409271,0.010366406526396366,1.1015578090232032,2.4523929396764674,0.1680402093660538,0.07171539846389541,2.3693681408181657,1.0563048009027671,71.01939284097656,110.70245715364942,0.748180968392891,0.7033644632259719,-0.08931891341248781,0.08285648851884723,-0.7003109065893369
3079,960,OK,1708,1708,,29.074306,0.051630686733324105,0.05189299205657685,0.5697045331379389,0.5743882532878397,0.007811963349576891,8.484968999089643,0.8188215695852479,0.14745831715899094,0.09965661611227639,0.7662413646314135,1.0114892248618208,32.781320474997564,-0.6876716360516988,-0.8706395138501702,-0.5008107591981114,0.4971991034452688,-0.497441781216689,0.5045129426532087
11120,410,OK,1666,1666,,15.042534,0.2716168085314212,0.08389598688203556,1.5652831030509908,1.5908882487430236,0.020830042735559978,6.588995782077606,1.9135822252647032,0.14081312806599033,0.10605707638173878,1.82813184024182,1.153085728400182,68.70710348849178,8.6171862408317,-0.7091528754645176,0.6394466646208414,0.3056817385514192,-0.30444252538065414,-0.6363814788012868
3630,9330,OK,1690,1690,,24.200615,0.03446149020019035,0.12187331734853925,0.20802593402104314,0.2435477140391241,0.004946955969794748,0.1979895801459977,1.4095208877521335,0.37201168137855734,0.28922667233534605,1.3151397286500437,1.096980235837219,69.0644581492452,95.76260543067444,0.8597117464895564,-0.7024021326773472,-0.0031724421198284494,0.020668470975440455,0.7114731153942839
3490,9210,OK,1576,1576,,19.87907,0.027866971066435486,0.022889728445576664,0.5053447516710448,0.5066298706020004,0.018236756908620023,0.6441307340772072,0.7067704407288325,0.24901125018886772,0.1631119077200358,0.5687674255457864,1.125002440087698,68.77361988551333,57.484956799347245,0.21458959026145555,-0.6867195916603609,-0.012442404094061995,0.0026201936436840924,0.726811202167012
1920,4210,OK,1589,1589,,19.079884,0.01814965728506268,0.042708362709173886,2.256126675356184,2.256603861903682,0.009845732417539728,0.9991301300663893,0.8911586060455148,0.28480625418701777,0.18360892039781884,0.6402448842482018,0.9287265655205822,121.39489633050069,157.11405816838064,0.21911423801806093,-0.575413389389827,-0.410755630802659,0.39721878744292227,0.5851465440188427
1840,4100,OK,1775,1775,,27.004524,0.1191425602264278,0.028637050400387845,0.8611546419104026,0.8698289185792665,0.018676456851713125,0.9052297949839357,0.9678725965482895,0.45307538922062296,0.2484698658075286,0.6116467298574819,1.0046995732934547,130.5560911220003,139.46964120741234,0.19620271079937796,-0.7044008451847176,0.000841403180465082,-0.02086731845429937,0.7094950996055367
3139,1030,OK,1797,1797,,30.847778,0.010118545816278496,0.20357578767951887,1.1105025964324646,1.1290533658698414,0.008777284301701799,6.60564518265964,0.9460829443443619,0.11738042218616229,0.11200117056873193,0.9085484684671279,1.13978108377055,53.626007807586895,-1.0419584411650495,-0.9890724161614091,-0.500829473101073,0.4927026419566176,-0.49344524925035843,0.5127628413550678
2959,800,OK,1447,1447,,21.697824,0.06257848598416693,0.03836990640509347,0.27205606539622873,0.2817850587672868,0.00959142863460687,1.121308792854939,1.1816637038516529,0.19242341262355644,0.21847589948179091,1.137216981306759,1.0044493897115745,-3.1101023057159694,1.086218058987791,-0.6711642884200334,-0.41593447809647033,0.5741736104587986,-0.570998331969168,0.41386480868968856
3490,9230,OK,1759,1759,,19.23352,0.06696081718594321,0.12757576815981683,0.0019336414274837566,0.14409395070212602,0.012280654287995482,5.723586469087905,0.677332927515152,0.19116300083301319,0.09502626396915304,0.5975597469659686,1.0735726686666962,68.71422648284414,57.99668044244388,0.1256113160212881,-0.6853666576139194,-0.01227868460297439,-0.0005099857565096622,0.7280944433588775
3079,920,OK,1028,1028,,50.46498,0.0960450378078459,0.021881491800445275,1.5073829394369551,1.510598151420992,0.010732636709719839,3.6782775904137575,1.2298357598277434,0.16558570146593943,0.13726380805171123,1.1878066363577808,1.0696925378224644,34.863062801233156,-0.7357358700493899,-0.8521687757035578,-0.5019684241312556,0.4969112494808269,-0.4948279658496248,0.5062135868659687
3179,290,OK,1340,1340,,45.793556,0.7461124397951586,0.4702232561190493,5.129376702217679,5.20464206614305,0.01213116394887588,2.0207244908717388,1.3180743264014414,0.10702531975420593,0.10594224925712092,1.185725078120008,1.1296096433845508,66.06915264468658,-0.42465114507807933,-1.0229462570891077,-0.5359312026084948,0.4486768809226605,-0.45793635911689246,0.5493278561978173
11640,130,OK,1907,1907,,25.611828,0.07746871751232169,0.08884931152241574,0.3955191384769805,0.412711753228066,0.011748805933437785,0.14823741368854698,2.1775953813421873,0.6557506711567126,0.4814008534427232,2.0144376389580474,1.1849899218532896,11.130603179882971,-0.11359632874059222,-0.8157840742964879,-0.5007961909435326,0.5016157308773755,-0.4924001193978871,0.5051009365362057
7060,2570,OK,734,734,,28.676147,0.10849614299815535,0.11990851693493276,0.1508579579675411,0.2211506024435557,0.010022818272171836,5.839610394912485,0.7326350608803013,0.17523203281527433,0.13413350517142553,0.6562698527810671,1.080902111280922,-9.0226207916214,102.76302760083355,1.1572555734514518,0.0021135794318000306,-0.7025172563486579,0.7114838138300295,-0.015994373142310937
2060,4400,OK,1669,1669,,16.29946,0.10565133286987821,0.09294460168487748,1.1061779622499115,1.1150921877974524,0.024423547234110388,4.057755410196987,3.4500971697165106,0.35883478662551704,0.1899092473800188,3.38914582300286,1.4008186015766975,81.64866948942408,157.8966766012247,0.19463740608662627,-0.48883832242419,-0.5129066246810834,0.5198711159490024,0.47717702343019525
7260,2800,OK,1874,1874,,29.769882,0.01570423722329256,0.048841224756327115,0.02323072574798024,0.056318335568812584,0.00810061791132592,2.4219981007160767,0.27605323756230976,0.07046497106510685,0.07762669670364986,0.24147781279008917,1.0688200036394422,-11.192095776998848,32.20116696609722,-0.6610638054858999,-0.016830183182444815,0.7191629667363101,-0.6945544890639386,-0.010744018345371593
11180,450,OK,1335,1335,,22.274637,0.1816434349102949,0.036193327179884646,1.3953909654234593,1.407629298062446,0.021344398872626458,1.6463539634611308,2.155221069898804,0.16584399089013468,0.10723593018112698,2.061589339739628,1.264345615954569,56.68320226497262,12.75112083339359,-0.8320612825131247,0.5447847498847506,0.4530320759938505,-0.479472629795923,-0.5177620222556822
3310,9070,OK,1548,1548,,19.781761,0.1326515594080886,0.18952271038438456,0.23922609772002668,0.3327828417980601,0.010712203168996405,1.379151532717419,0.5096427095215887,0.1699469061253578,0.1256596957494911,0.43226498474219976,1.0233218375330257,68.51848643776758,22.253037834639176,-1.1038458098680948,-0.7032337515656372,-0.026473992940938152,0.016919459616242274,0.7102641411777574
11220,490,OK,1273,1273,,28.872501,0.07503124902977865,0.06970506252617044,0.537731119270336,0.5473967854349113,0.014372451422191321,1.6392196368393799,2.480510129013372,0.5568425455780484,0.37007192562715024,2.3558500024717266,1.2978965474388058,47.609560119041575,13.030582636828807,-0.9491979837952105,-0.4917615956677662,-0.5062061665384385,0.5206192957213033,0.48050119553171267
3610,9340,OK,1319,1319,,21.894905,0.10095811963242607,0.22696326065836792,0.8539226409507741,0.8893192566996051,0.01227649327026225,8.78199029443019,1.5727324257997124,0.38651578987342283,0.2564747188616219,1.4861421092458396,1.1542781933095738,69.02134524265419,89.44523495143018,0.6723158504313771,-0.700627573403542,-0.019720721492826748,0.018762431755420757,0.7130077613077503
3159,1020,OK,1752,1752,,33.994118,0.09154566802469093,0.11058067559395536,0.7586935047498469,0.7721557675097094,0.019784063683517348,0.31501144936066683,1.1298724196321763,0.41591638530398267,0.28621822962041454,0.9407335338892011,1.1174826585837563,56.34573799921678,-1.1573589224461434,-0.8468254587378476,-0.5133078743096502,0.4794961428028505,-0.48538017969702535,0.5205809796431098
3330,9090,OK,1907,1907,,21.161722,0.0024838221744941658,0.15729289198267654,0.5333441245981546,0.5560604090242717,0.01194847478028326,0.27462797305567005,0.9804827936948912,0.29303147143827446,0.14799764692500095,0.8096724866992684,1.1542855120300575,68.31985286518365,25.88513215517302,-0.9720404240590373,-0.685646659175748,-0.028085251265012514,0.007694568143521189,0.7273518206780001
7080,2590,OK,780,780,,27.017868,0.0380816626419741,0.06092105652317248,0.1543429818820634,0.17024495356316338,0.018049007143389292,4.980239386103398,0.7695053327938509,0.20684146196478448,0.1312094591379921,0.7154973352827483,1.0193108448671326,-9.073865481506049,96.92254116998399,1.20052562408629,0.0021265626026647235,-0.7036530383346671,0.710466079438821,-0.010287338855072926
3570,9260,OK,802,802,,44.261276,0.10684592816775451,0.030326128382489156,0.3576259516222242,0.3744756970784641,0.0059033918336178865,5.720433950331569,0.607507697172929,0.3017800344230328,0.23022335450346354,0.3940098753713901,1.0763116358778488,68.91080056227777,78.51360682200392,0.8683256746019339,-0.7015398062418469,-0.017559412354844914,0.001652455620594522,0.7124119852208597
1580,4720,OK,1617,1617,,22.989525,0.35409304351630766,0.02693744010859317,1.7267834644157616,1.7629204866147383,0.02775606959781292,1.1397633021200553,1.7411543587429046,0.16348031113333739,0.10614706534681606,1.6133825396051051,1.075440986384584,92.36233450115076,113.52013002208002,0.30513073386149403,0.5172754609942684,-0.4911988782509354,0.5011777630773919,-0.489867950834642
11240,490,OK,788,788,,70.010376,0.46240464640425677,0.3941049188453777,4.320069777213722,4.3625840535249045,0.013101131380095622,7.112789851865197,1.0764116358503737,0.28255137536840386,0.24112786691503474,0.9442751034365582,1.2115797179144805,47.005189670284835,12.660191193798859,-0.5334015649594626,-0.49631511459250255,-0.5035123378425115,0.5186832426452944,0.48074351422183775
11380,670,OK,1498,1498,,28.268787,0.07890018984616087,0.06118115895457192,0.2653072909446941,0.28347192594187764,0.00446203556801222,6.324035300175616,0.400863811036112,0.06534805235112306,0.0541700631050781,0.36884455944725936,1.0390831349383005,0.26761665107345145,15.365667051076015,-0.9060526939664274,0.508768200737339,0.4886462164162884,-0.5004530790305244,-0.5019228115850128
9540,4760,OK,799,799,,44.08005,0.14644435268722156,0.1681566576267724,0.745783385617842,0.778405722102425,0.022002298603139334,7.521024690543502,0.8120922497854418,0.2142731389021123,0.15869615007411375,0.724852146328506,1.1392223953489158,107.10291011019736,113.15392068431845,0.27122944743180916,0.5170735336331598,-0.48515085281534587,0.4991658958144834,-0.49809338410019505
7240,2770,OK,1682,1682,,26.23408,0.0007613604958050732,0.008458784729869587,0.7522112559504713,0.7522592002012979,0.011220479405676687,0.7128990341247003,1.1763414204815672,0.0868846082100534,0.09115932120080461,1.110237471572887,0.9942909964276517,-10.963858157945827,37.304794233347295,-0.4801257453931237,-0.017843350693732964,0.7242881842741719,-0.6891291102779902,-0.013759008841827848
3230,9000,OK,1553,1553,,23.76319,0.01230146586263614,0.25744200960419766,3.404198502385076,3.4139412938731404,0.03183742904394801,0.7715144884859229,1.50126130970658,0.47662947772793907,0.2706409296871142,1.0531560628753711,1.198850209034877,69.26556105983249,8.488476144121464,-0.8304436460952515,-0.6855104393357996,0.1481659966116237,-0.1702754922958288,0.6921911092560612
7040,2580,OK,1959,1959,,19.52123,0.007257795281960397,0.0729441620672681,0.8422209617840126,0.8454050359682262,0.010023101336808563,3.192460184347272,0.8540429821899378,0.23625874399102909,0.1442435069224839,0.7759016218833246,1.0745074163908723,-8.89625829428078,107.5921650245423,1.1979577133527561,0.004113225646458916,-0.7030533179927405,0.7107914655906723,-0.021785451054401363
11320,600,OK,1691,1691,,24.88574,0.12363616399415517,0.1940057257014254,0.11734765671916669,0.25825296743620535,0.019106464551043607,6.402634276843884,0.767727892552066,0.1400897898293305,0.1143913765561047,0.6470384443351342,1.131705970003045,17.587374818772613,13.53736261530597,-1.1887763421938864,0.5189825492625059,0.46992407964441424,-0.4942768264684505,-0.5152852527946228
3670,9360,OK,1592,1592,,21.25216,0.4049879648533946,0.334298330588467,3.7338702762384677,3.7706177034124613,0.044755141773592834,0.4733119920513839,2.6408593355478245,0.16064095314348859,0.10248344949240562,2.508924905573915,1.1600018850955092,69.51361882416774,108.61935431354382,1.1189818345579279,0.7176542377952725,-0.040312151344438954,0.03548293942309811,-0.6943257783190584
11340,630,OK,1602,1602,,25.19276,0.09046012601679329,0.04601809331222881,1.8038278384060646,1.8066808157280474,0.007698210351803641,9.402332032523793,0.7624207283486553,0.16869875664685297,0.115470338938084,0.6449222683425488,1.145256766953649,13.142805709613146,14.398622695619164,-1.037882750721568,0.5216569819279427,0.47086467941582055,-0.49216294072203043,-0.5137471038013838
7280,2790,OK,1087,1087,,44.6077,0.1710838991721665,0.2316358808555838,1.466553737665902,1.494558378691686,0.02075760885052059,4.498891840133809,0.4963763211418181,0.09099764209563976,0.060429250931900935,0.4540817734458402,0.9690190340540137,-11.455988575919974,25.975084821188418,-0.6418046954981248,-0.006223256044690965,0.7265128526390054,-0.68712359698978,-0.0012282077851034827
2959,60,OK,1183,1183,,22.064445,0.07184610894634424,0.045416156694649025,0.9795281642777267,0.9832089886046282,0.013792866279138751,4.284067768883441,3.1549306786903872,0.7361726250481386,0.542841822120558,3.001068966485528,1.2793318174276622,-4.330159676341834,1.3732079738846252,-0.621586345046164,-0.4160641737133286,0.575797869020185,-0.5730724989748044,0.40857719993023583
1840,4110,OK,1608,1608,,26.491621,0.39307671496768504,0.1996650322704528,2.7762749400769686,2.8110634948113007,0.017996558799005205,3.3432829295511928,0.9236722638857515,0.24842854202595444,0.16630574109175456,0.6576356522738598,0.960634726501277,130.19533832165106,137.56325334138145,0.45693331122195996,0.7073432971338439,7.052624267278987e-05,0.019043981352066336,-0.7066136014825455
3270,9040,OK,1829,1829,,18.678429,0.056031882991960213,0.16705540601604968,0.10474617752580684,0.2049849806621933,0.011979923864667199,0.24398648534643697,0.5110028464943891,0.15724394322444457,0.11252066231034741,0.42739259689595777,1.1131887112901178,68.64551291168443,13.814709054034521,-0.958381843919118,0.7105849189289433,0.014260866754632087,-0.007188108946703231,-0.7034301896847505
3330,9080,OK,1209,1209,,27.391882,0.18808982817059133,0.3486344856188005,1.154954491038822,1.221001091070222,0.021855466445008655,2.3272893357228375,0.6180620131679352,0.1807602837106428,0.09968452241013726,0.4916640273907191,1.088214133398174,68.09016392291906,26.50593296338958,-1.1044931497636485,-0.6852951912370412,-0.02211146375506027,0.013993979535272618,0.7277951309089408
9580,4790,OK,867,867,,36.966484,0.8553353991381714,0.199432610170849,1.4912501216553418,1.7306643049290307,0.02054299901848151,7.693420613603305,1.1172868211528955,0.31618901920208087,0.22345941868205177,1.0172449476017982,1.187303633702731,115.38223924308002,113.55321848964213,0.27217224344827096,0.48383103212241757,-0.507464996808404,0.5291939379182536,-0.47784996122232126
1880,4160,OK,1716,1716,,18.621807,0.046038732819937866,0.048016315269327946,1.1733767981328524,1.1752609250069594,0.005426195873281081,1.1211729683921987,0.861956862076971,0.24881620486287148,0.15531294656945072,0.5590679570535713,0.9094516183810598,130.02399584028748,152.05240247970158,0.23292158898582688,-0.6971285413127776,-0.10623989743916025,0.10493044011748591,0.7012235619372658
11160,430,OK,1345,1345,,18.010523,0.44150854424911246,0.1322886237163532,1.117182247018286,1.2085223405723884,0.022754373945098987,1.7912585382678483,1.6218790984777829,0.5033159140194168,0.3091292822982319,1.5049433776727086,1.4040584682253676,63.62141635500106,10.957239159664221,-0.5531054047145172,0.5952694378195496,0.3927197089298028,-0.41367754975309023,-0.5659473574868674
2080,4400,OK,1560,1560,,18.772137,0.6562688054177985,0.10081625009037669,2.9912786449240203,3.064082341064821,0.011842962947522118,0.2943324850801868,3.6402189780232623,0.3667461723827774,0.2025657096705631,3.5996617222040044,1.343228101230963,75.50159019531266,156.89506188157367,0.343170366555674,0.480402707359026,0.5284991815079979,-0.5143271613838404,-0.47473089742540975
9480,4700,OK,813,813,,42.070377,0.1585267424897186,0.09013807716820163,0.6432085386852853,0.668560263011228,0.00654256826548465,6.9222711907641825,1.2530032751355225,0.37882026963414717,0.27117393614918583,1.0970543997924835,1.188708539200683,90.87060073678792,113.81313326768313,0.2779710891094276,0.5153031460954199,-0.4885930026133938,0.5062163185336709,-0.4893716218494974
1840,4130,OK,1776,1776,,21.758476,0.28575526750989344,0.09223236997089522,4.184906774196932,4.1956653336150955,0.02177610316915869,7.389939730639054,0.9184139215272855,0.4136811828741167,0.24422437139577458,0.5762297132700738,1.0423602616901242,131.1773909631176,136.1475164681643,0.0372141005785399,-0.7015750830558084,-0.01027987900553932,-0.005312398739843289,0.7125015826947306
1860,4150,OK,1835,1835,,18.696507,0.06313477936205592,0.0012858865113688552,1.2111227885675273,1.2127679344609994,0.012390552669152089,4.733421386482708,0.7006289353683539,0.14002417461459182,0.0940070037691002,0.6261304784648232,0.8978471494447879,131.07203281716443,144.84572681817616,0.2654117798830803,-0.7059887731657676,-0.0005738143664785331,-0.002722686072777653,0.7082175582979544
3039,170,OK,1799,1799,,24.510044,0.21585953671576005,0.11675439655051018,0.33100818041124414,0.4120598793915504,0.01731706635101207,1.9043350721408498,1.9415384254142396,0.2953653069477884,0.2531164829760102,1.8937919955044453,1.3217789689701778,19.93148346523018,-0.4410347605807257,-0.9017339537755088,-0.4948155028682807,0.5011288250561552,-0.49478052373971687,0.5091362805250667
9580,4780,OK,764,764,,40.53095,0.5950600589891095,0.5553255699570236,0.9354818492709711,1.2400037309490852,0.020258515870319776,10.605109917035252,1.2245963906973252,0.2768317569848602,0.20383283572629712,1.1465761832856423,1.2595651313193985,115.90922515175956,113.26987544234849,0.5564117822997487,0.48666851330575295,-0.5082691739301117,0.5253331629051122,-0.4783735704878362
2939,760,OK,943,943,,21.95058,0.4500396271985614,0.013228908390762177,1.3859898617226456,1.4572846553999632,0.008790814538648148,1.984167970723739,1.6383301013053189,0.08765559099888609,0.07480472684874795,1.5933326355584363,0.9470332951287241,-6.694393432327621,1.6569730918777776,-0.6262325444661616,0.29445499895841354,-0.6426145336370795,0.643582862360896,-0.2935028347770349
7340,2840,OK,789,789,,38.419987,0.23733250011410034,0.3046622218613923,0.3594751605355899,0.5276060804066021,0.01133878217704779,8.74142810922092,0.5560127597508886,0.10520891924939518,0.08351072514632274,0.5092326538005736,1.0300850734894673,-10.95363819405819,13.127875482405496,-0.46575171246592884,0.029659338421764804,-0.6977345248577846,0.7154460842573218,-0.020585358552379005
11520,800,OK,1235,1235,,24.985764,0.12535067079582035,0.08075064582665888,0.2895065054075179,0.32564931159708876,0.013554998371795954,3.056636319528868,1.251949654406583,0.22126400221176357,0.2606190498335601,1.1915117798838786,1.0016049425898952,-5.059236744158206,1.7483921224671422,-0.6723048369541372,-0.35745928350758055,0.6148897804863009,-0.6068639684858894,0.3547527903220962
1940,4230,OK,1266,1266,,22.155396,0.07551014648889376,0.015295031405330634,0.5435539793641126,0.5489869294355071,0.009488914130565615,2.076890167638274,1.2188598836438223,0.13100404222150686,0.08492758880994566,1.1876342771723882,0.9352620379153216,118.09009116426449,157.3402403667602,0.16320288155515253,0.5267532540341466,0.4807030384798974,-0.46633518881427327,-0.5234377611848308
11320,580,OK,1361,1361,,36.095833,0.16759114738341385,0.17635315971803103,0.9719486646257134,1.0019338482612163,0.019099138521875718,0.7908073935776773,1.2928662720912016,0.505441695643933,0.35239433376827467,1.119496738128725,1.1744006839879357,18.684658611951516,13.521927276211793,-1.1196190932062722,0.5183928067791134,0.4702569442049709,-0.4989074073676962,-0.5110955910397973
7100,2620,OK,1422,1422,,17.595013,0.224634406810465,0.055605424519421076,0.7115628059077108,0.7482474234571937,0.011960221930596766,1.2001041688500345,0.783002305881108,0.23683914007591444,0.14942931619981303,0.6188011514660055,1.042455505627356,-9.04648487325401,90.70925525219042,1.2910646890037905,0.0047656502110888475,-0.7055235574997066,0.7085638321219123,0.012292038062670882
2979,30,OK,1421,1421,,47.39811,0.06902104028551553,0.02854308872718159,0.12049135736825001,0.14176310915264895,0.0065882604103634015,1.4031577011496257,2.8876874171895617,0.7392598262642018,0.47746623303395275,2.716234236831779,1.2571458519216403,1.6176714160257057,0.2826458186361378,-0.6910717930354111,-0.48140912761278104,0.5175732493280418,-0.5138385176605592,0.4861410918648133
3470,9170,OK,730,730,,32.824097,0.1693756539021002,0.06023903780887114,1.0756692953343334,1.090587587833258,0.006826062902463678,7.594098669052488,0.7079841361064085,0.20132988360778903,0.14155886879141721,0.6283962449715865,1.1180574172814255,68.4634025696445,52.32449039814107,0.06894861768907284,-0.6853744768904845,-0.012109040208338558,-0.005689587379211848,0.7280678719513599
1820,4940,OK,1035,1035,,44.542084,0.5243276994341999,0.815742130298895,2.119804283018845,2.3310780677282303,0.02125240249265705,3.7982515808804895,1.437848029147536,0.28269284717683796,0.20598507254769327,1.363234194161727,1.116440629176506,130.00384684339303,132.1441861679642,-0.5940247553811772,-0.6999044607041223,-0.014238066757869112,-0.016696925029686876,0.713899317856533
1560,4670,OK,774,774,,44.28237,0.35662074443927866,0.3243383678278111,2.1673196311534806,2.220281089365239,0.022620692218767224,7.365614552422604,1.2276707936536846,0.1669824383749574,0.11782676917280566,1.1478083802709795,1.0668981373965991,87.78798595962452,113.8284485576006,0.22787694414073673,0.5148883491941663,-0.47987428554171463,0.5041937928585619,-0.5003991178877444
2979,0,OK,1413,1413,,46.59558,0.0027848923696918992,0.014694714507257699,0.0756657695382199,0.07712975392007669,0.0041468831699457784,1.4154844935315822,2.946340131526574,0.7452816640797155,0.47103304444874716,2.7592414962031455,1.2611277760698727,1.4266586098705503,0.3563750266005843,-0.6775316722781017,-0.4812072840868755,0.51779175476683,-0.5153445060821396,0.48451139149474654
1820,4960,OK,1786,1786,,31.685955,0.09492865324467206,0.13706690523792392,0.6755124947100186,0.6957843891808023,0.018062466510518158,2.8539790191995418,1.139540744023568,0.33342238266848767,0.1901518197954356,0.8784793817546852,1.0702592055583604,130.35475058608316,133.57285411863475,0.033281614915741,-0.7011118498141169,-0.005478678727910771,-0.010964482444680686,0.7129459574570458
1800,4930,OK,1379,1379,,33.143375,0.0664491032044301,0.005201170204672662,0.008118949172576162,0.06714501339517218,0.01279305098752935,1.0735847185464975,2.483508140883775,0.6318650719478285,0.4098477782037322,2.333603681398401,1.2557731397543364,130.3850700633594,128.54381792081543,0.24974212884849398,0.7101754257280909,0.008252325535828291,0.006359417790165396,-0.7039476696605691
1880,4990,OK,917,917,,25.96252,0.013733283768189719,0.24994068843005085,0.36314210849675765,0.4410568464261906,0.024740063781064612,2.9881158657864635,0.9407424321640641,0.2418787781721582,0.20761106061477097,0.8710817781868823,0.9873302051853315,130.23992302472345,151.26552666425795,0.055807122763018475,-0.6954174369076986,-0.0928335866382678,0.10772635302503744,0.7043944537689996
3550,9240,OK,729,729,,40.247894,0.05555084447924773,0.08490641079472333,1.0172829657294526,1.0223304882863031,0.00864016620164461,6.376099211879857,0.8251590653767185,0.32679169066218217,0.24042043899247223,0.667585182171822,1.0522705519217188,68.91292896373554,72.24082905247104,0.8001021204408666,-0.6950945044666397,-0.016344209593788392,0.0013187652666642802,0.7187313528232941
7140,2660,OK,1181,1181,,24.34048,0.2424821764176161,0.01964703529675131,1.1898412384365102,1.2144569916470094,0.029312703253868873,1.5816715196596742,1.1600369309714877,0.48904071068507304,0.28130537989741194,0.9147857468790295,1.1453215719359926,-9.955263403655616,76.61924332881753,1.1163430931006155,-0.024570708365795394,0.7151699624982593,-0.6985051899742425,-0.00432488262140846
2979,70,OK,1530,1530,,22.68127,0.08350583655640853,0.03695133762950431,0.10703359228861346,0.14069405093961995,0.009536219158193948,0.17823756833847004,3.977309876799754,0.9795412020789245,0.6636156907725437,3.776929585024301,1.348674627989435,1.6153422239205053,0.4266048009755944,-0.6967849613247848,0.482461017084612,-0.5169422469949925,0.5175737450388161,-0.48178781503058427
3119,230,OK,874,874,,63.6633,0.05068813219934115,0.005140769858759192,0.7847502769215069,0.7864023851623165,0.006290267693747231,5.952650411061204,0.45955957247041945,0.14976018258463508,0.11778531307345541,0.4052905735636596,1.00315204956468,46.032022191750904,-1.0040592446264642,-0.7715499979339016,-0.5023684550156908,0.4962329732073836,-0.4925407245081876,0.508706601498209
2080,4390,OK,1124,1124,,21.128296,0.03423946944323844,0.051047310381853825,0.440062740861743,0.4443347668815995,0.0208758377753435,2.1613677883007516,1.7707362762649406,0.5912043696942845,0.3552757865596179,1.5655846023259596,1.2794771010465606,78.86754752980947,157.85240169874854,0.25550097592442944,0.4716361682712505,0.5338109192348133,-0.5209865260620711,-0.47029593549792786
1680,4810,OK,1333,1333,,32.822647,0.9063666279702629,0.4498838219330227,2.6721296402252785,2.857301652207153,0.03467627147897498,3.169281768643871,1.053502961138395,0.18166139485926092,0.09499609739081594,0.913309778608987,1.191684912974132,120.43275950015752,113.27229817029324,-0.16482676455189318,0.49416453201721217,-0.48820253950483533,0.5200997298129785,-0.49694664378150943
7220,2770,OK,1541,1541,,28.257502,0.013362864672063685,0.043974416667127036,1.3253755441051842,1.3261721790120509,0.015823389676752193,7.69930344039948,0.7974379741628308,0.12236153016696227,0.04421875602933034,0.7581920893692464,0.9753987149572558,-10.793363488671133,43.71140877357663,-0.16254533979769603,-0.010916251327757441,0.7265715306496849,-0.6869649962253044,-0.007330775367642217
11660,130,OK,1649,1649,,32.151756,0.13248623369607324,0.09120749165181355,0.012513115760099364,0.1613319147546815,0.018892269153117484,0.1551124619587977,2.249853340665613,0.6246591715465479,0.4732174297325036,2.097951923377475,1.1947231456991116,11.842537135118425,-0.17488292751506504,-0.8260599304950569,-0.49916128508271673,0.5029722826155222,-0.49028759389749027,0.5074199145336256
3290,9030,OK,824,824,,36.7827,0.027263025766724236,0.1136621851239166,1.064517891944745,1.0709158263708611,0.004660302058932471,6.800973854837691,0.9325711741618584,0.2294880350510038,0.09847777302712934,0.7283766778923706,1.0946852858207765,68.3910441581894,19.13506121135705,-0.7953950743491396,0.712391366497054,0.026128777118335885,-0.015769092765833156,-0.7011185089983739
3550,9260,OK,1476,1476,,18.803812,0.29250912827988307,0.06539792841846291,1.4557293572354228,1.4862659387490318,0.01601121858959134,0.23210606563466107,0.8712971207781127,0.4415108349030392,0.24415715543465133,0.6298315462794513,1.0791877447234108,68.67711110831434,71.80541959913427,0.7919667230478147,-0.693452136941353,-0.012383625151674956,-0.007621037000110749,0.7203559532582602
2080,4370,OK,825,825,,32.888725,0.09845396587060128,0.028318434069861204,0.4795532492887675,0.4903737717366554,0.0036846574155925027,6.432995760066058,1.1161705160414943,0.18692509739602414,0.15337065485350854,1.0780320065941185,1.215086545812622,77.95740006815053,157.66602830181782,0.34926657765880487,0.47710031617122733,0.5255433461516495,-0.5200174641096436,-0.4751434695394836
7140,2650,OK,776,776,,32.08793,0.6929049516384634,0.16076318276336735,5.534244087276689,5.5797687846804465,0.013637724272411314,5.170448310700346,0.9793367238558062,0.5402365460774079,0.30116754465541096,0.5057636816776956,1.0871506772389945,-9.036523250664311,80.96554539109121,0.9718655715612,-0.014233338689101151,0.7104871461980674,-0.7032493336089899,-0.021114022250601938
2899,740,OK,1729,1729,,20.241726,0.14504442836067216,0.16273062044329942,1.0081867478063065,1.0314842022448003,0.008353452705433962,3.1774977392235915,1.6174525821565569,0.1671197983305739,0.18233806376807782,1.5419913733792034,1.0751752566620183,-11.818611653317374,8.967697594907474,-0.7800550206196466,0.05689873992709583,-0.6986692607473414,0.7111962373427798,-0.053138587400728444
2000,4290,OK,706,706,,40.571594,0.2432016635430207,0.1672015999512923,2.6539319793843568,2.670291814647855,0.01590710360850382,5.7275026881921605,2.0975420861020195,0.2352932675432443,0.15126114690271053,2.0477638647862513,1.0627259693694597,97.82764326577379,157.9836554310718,0.35832888498704474,-0.4943633297944289,-0.5005134109751064,0.5079814216220515,0.4970373214110473
9500,4750,OK,1984,1984,,17.510113,0.02825804509110763,0.08182849268882204,0.7209236408253443,0.7261028268977926,0.008647945734896217,0.48327093681263944,1.3160440154175266,0.20097497746367887,0.09067129832214293,1.2341769000918266,1.15175076764768,97.69861566577916,113.40588217042294,0.16395524008910495,0.5147859402792915,-0.49175558914421114,0.5073550719559395,-0.48555402088416383
9500,4760,OK,1916,1916,,17.07943,0.03319091968743343,0.08772780192526199,0.8187415335008934,0.8240967801537209,0.006886603994052941,3.344905267684577,0.7798690166541694,0.22934840730081651,0.11539781056003573,0.6390522742287761,1.0813491218720173,97.79548288757947,113.44777215154288,0.15927005241610565,0.5155271696838573,-0.4914835964970713,0.5080351029286722,-0.4843304098281552
11580,850,OK,1732,1732,,26.180428,0.005975008999888898,0.07100749879837032,0.7162428905357174,0.7197788853954449,0.010766993804820508,3.6315910879472977,1.977325092579471,0.5495695724238021,0.4213499653458843,1.8326932290744438,1.1932529442817694,4.755341831479448,0.14723654433767785,-0.7281955300210468,-0.5040393271552219,0.505532495487159,-0.49525683331531295,0.4950776926321011
1760,4880,OK,904,904,,29.62637,0.06343322045098394,0.23775667660465433,3.238935728951506,3.248269795907584,0.04375686736538614,3.295298327303233,2.631503833276472,0.1675452996047575,0.20270852935427314,2.50406061942007,1.1184656685322054,130.9305297776654,121.90867643610316,0.5232125003627803,0.6919554244010854,-0.15505029689523517,0.16906533053927897,-0.6845246599533559
3470,9180,OK,921,921,,28.162767,0.1847416602995658,0.1453857173303607,0.2238302105573471,0.3246019886138254,0.018511017850838165,4.851615588283637,0.7557900691735688,0.21955603598699902,0.14954794377523561,0.6450385560024765,1.0767413473061718,68.76195000335235,53.19120722421556,-0.08372350492489969,-0.6849673536350497,-0.01452320030251767,0.0006297390855942055,0.7284287230305061
7120,2650,OK,1782,1782,,19.818703,0.22240209236199737,0.12070066159727139,1.7082457757017244,1.7268859170772688,0.03994212776707151,2.2559117278723333,0.9907112523036253,0.45630785046482725,0.24242914512676572,0.5279714360843766,1.0344234150004046,-9.890131168552537,84.55051783247565,1.0567422301397054,0.022755025472749643,-0.7053019943495288,0.7085366846102743,-0.0026593502575929942
9520,4760,OK,1231,1231,,30.544525,0.07916967492104385,0.013431859659335056,0.060784028626763575,0.10071221582862253,0.012673152328245412,2.1632453223314925,0.801526637733081,0.1625102792861126,0.14346525645763641,0.72365922849926,1.1300318720621485,102.54076605652396,113.235472990716,0.1455950334128263,0.5184622344997314,-0.48762218607095503,0.5023391895173402,-0.49099577770484965
1580,4700,OK,832,832,,34.5132,0.020229131646509052,0.13818667848017047,0.41269160869284427,0.4356823840391547,0.013839507201247063,6.03754443103528,1.2986128271165738,0.3691954658986578,0.26089875216229963,1.1115515560630342,1.1088532722887097,90.22066781393764,113.84766431726923,0.26058284530821846,0.5109201179972086,-0.4914443150487462,0.5091011241361357,-0.488117981266118
3119,970,OK,1431,1431,,47.03031,0.10884015452099227,0.061698627394504456,0.30389867196622244,0.32864464499114093,0.008309719445207666,2.1043765009875774,0.5135925076236983,0.10034587546302232,0.08225729341315358,0.48472671755857144,0.9854337050785009,47.12277491113063,-1.0594114902431242,-0.8395043118732699,-0.5029024927775904,0.4953721344513514,-0.493770341370001,0.5078251482061031
1760,4910,OK,1323,1323,,25.896936,0.29886700360196733,0.13478416911216454,2.2695914637602166,2.2931492909225333,0.02753904960892562,3.265978229932244,2.547819184292062,0.1630964141972493,0.11669274762975124,2.19107270298234,1.1380182694853989,129.98251320876935,121.29375984051515,0.44653840740164125,0.7002469456570517,-0.14029953214564875,0.14047549284843147,-0.6857382097321634
3310,9060,OK,1001,1001,,28.887594,0.23274991567763198,0.144516106738091,0.3432867919044922,0.43920752481117425,0.012010898092180108,3.734339549266003,0.6027075645938892,0.1712033035545386,0.11160517546891091,0.48931519440369087,1.0588693982513966,68.58505866433534,22.362321189738566,-1.0545114084525526,-0.704285625673585,-0.02601793034690121,0.01864422987064628,0.7091947669452737
1640,4810,OK,1818,1818,,29.163193,0.05446302474449488,0.12724305026290958,0.04806580282624484,0.14651735837729346,0.009597279749055167,6.50888271276473,0.8701776170335824,0.22470271292084565,0.16576443739074076,0.7810023128945831,1.1534885678022255,108.10874876916971,112.92778981124778,0.01064518890901631,0.5087674052323945,-0.4920708609751052,0.5123810958172312,-0.48629991548575063
11400,640,OK,1305,1305,,36.649998,0.13919797051560037,0.11105722651840572,1.1372744191274096,1.1511311336938157,0.006120311268999359,2.717638553923085,0.339066922980103,0.09451981091379547,0.06174204883760037,0.24539327281391898,1.0359753255311823,-2.023511978653823,15.308796099899,-0.7263600480902792,-0.4813531457629094,-0.5127125327271337,0.5247101544508491,0.47969184031505585
3610,9300,OK,871,871,,42.283127,0.24766505059498928,0.0280989656467912,0.33793858949787303,0.4199166815315273,0.0181394919558483,3.6700461299590397,1.2331693471570768,0.2427924523495486,0.1821747179080746,1.160845952932073,1.0055860842607798,69.18141634657746,90.64969050707954,0.9796866636286197,-0.7007747815994874,-0.01741612524806892,0.028169145617256454,0.7126134178435937
3139,1000,OK,1774,1774,,32.19931,0.04521079374464815,0.07647262215321539,0.16865154978440489,0.19061852757455444,0.012355817674188972,0.6496800054834383,1.1553102864096334,0.29978042352278544,0.23634009525270328,1.0343921709934483,1.0496051242833853,52.34790563769424,-1.1072456644358455,-0.8291737780053798,-0.5054817688992245,0.49262413187086374,-0.490309128790137,0.5112793798248132
7280,2850,OK,1604,1604,,30.701809,0.04613102764100463,0.055454500813564955,0.05202611175809757,0.08893812273914302,0.009048782261555565,7.1308111368718805,0.8114136538315787,0.10224173200075182,0.13648713334624407,0.766742457887398,1.060751862497888,-11.311118517510668,27.405771085569093,-0.7790111283069385,-0.011026320965828324,0.7236236800516884,-0.6900933023098487,-0.004292321224918838
3330,9070,OK,915,915,,34.7903,0.17015335511472546,0.16121512330040927,1.059174570136297,1.084801018740752,0.017140885946225377,4.670073433092402,0.5808084530483453,0.1946745428879365,0.09443600478040781,0.4470425532661535,1.0434736670235447,68.0960257130813,26.39960276889209,-0.9204609760502317,-0.6869432468818257,-0.02336438577879723,0.01305189662572245,0.7262181001841705
3119,260,OK,1788,1788,,24.574783,0.012004221406658286,0.04917695721122655,0.194427742897751,0.20090948623807897,0.007826122498378343,3.859129237363229,0.5894775801552014,0.12498153517343757,0.09007700104632477,0.5357892873948913,1.0228172628508778,46.61981455425955,-1.011184572820103,-0.847359634045382,-0.5020521710331789,0.49635441345559467,-0.49124931139276556,0.5101470649333951
2999,20,OK,973,973,,80.24428,0.35474435252521774,0.1605985335819618,2.2407826693496045,2.2743663767948097,0.008877200805664644,6.925310340402897,1.7782867643899471,0.5382750462355488,0.3670675487086279,1.6519891992341176,1.1827071334949548,4.771960799329372,-0.20871404813415792,-0.5656489627073795,-0.5038367442692563,0.498858409984329,-0.4924268247676528,0.5047817787532654
11480,750,OK,1446,1446,,19.042986,0.17521369135443687,0.11687466922682939,1.4463623345185468,1.4616167516345964,0.026295695133494355,1.8766003834861331,1.3969703625767642,0.0831640847163595,0.09024967664077765,1.3290479696371484,1.0130805261946731,-9.826580419336203,5.576487764160313,-0.6901424069644149,-0.00033089320045165914,-0.7035487896657057,0.7103492283689942,-0.020566108654409575
1780,4940,OK,1393,1393,,39.206367,0.08003940581113433,0.08016858477525773,0.9190316742864164,0.9259873254041661,0.002263771548847829,7.051261067846786,2.2451109406844947,0.2679701519001727,0.12754291790772987,2.193799473060743,1.15318533660573,130.108374903077,124.35283400918169,0.21939836615245817,-0.7038176214119792,0.03237982598983823,-0.0403828153766553,0.708492435302669
1920,4240,OK,1515,1515,,14.838665,0.40329822457999803,0.016291555961419645,1.378336492968463,1.4362194681153797,0.01717611691976105,5.123719142653617,1.7085151398418827,0.1157910465071248,0.06324761470794821,1.6534618517902695,0.9687236377130257,122.0573233186312,156.34705924455164,0.18888863569380138,-0.579462223819697,-0.4091048270198608,0.3944847121589609,0.5841563006146924
3199,1030,OK,806,806,,52.1047,1.2508719740533267,0.668020782728639,8.506861118279616,8.624245969783502,0.05162765840011687,5.460360992866884,1.8341541660138678,0.09101051536541416,0.11726912422496483,1.6585242736606727,1.2039297622766394,72.54277288881545,3.0407350021682147,-0.9221324855263212,-0.5829696584001129,0.37713906477508374,-0.38160680151310716,0.6101546953391139
1720,4870,OK,1362,1362,,23.019213,1.0034860830930026,0.904905842978181,6.851102530641585,6.9830827568475025,0.039329718776746056,2.2872335570119473,2.8576104564109888,0.31496532803871613,0.17790183027044337,2.5619963866847772,1.1694878001862639,130.8159664644981,116.99254938325446,-0.40063539831621886,-0.5689101437035274,0.3878460364900257,-0.4113753265814417,0.5972328198033172
11260,520,OK,1000,1000,,55.078224,0.8856335208370236,0.5723025746908804,4.925278371111501,5.036888325461143,0.025340693900282454,3.438446547501819,0.7279576148102255,0.28934914202069706,0.271495706113992,0.5169415423115211,1.1566927469955421,41.75298879008834,12.164338920399409,-1.53416479139419,-0.4943726564583984,-0.4936918802976027,0.515790530890932,0.4958065470702605
7300,2840,OK,1711,1711,,30.222132,0.06105091775749705,0.020371908338491288,0.84954059343413,0.8519750284490728,0.01118058261548002,0.7678567839228142,0.8297190910823828,0.1073237336522919,0.06245914916954276,0.7849174812925535,0.9768192057659338,-11.32189243948467,22.056724913571397,-0.8396038504921638,-0.01621778096176929,0.7110439935721116,-0.7029153914986116,-0.007960852972691402
1540,4690,OK,1443,1443,,19.148096,0.36750998558593434,0.14742877387627729,2.2784235449477714,2.312577065320074,0.016910907468177448,1.154312332828256,2.185756324690331,0.19891931207886904,0.10892095409359015,2.041145028382063,1.111407647360202,83.50106291076082,114.07633692446277,0.283960808570745,0.5606165455036374,-0.4498826990607079,0.4562626691257146,-0.5245369603333011
1600,4740,OK,1441,1441,,25.883835,0.09243685832898968,0.022639236676415965,1.2305794604836304,1.2342539918425248,0.009703627296095434,1.6281955661050265,1.5359186530914473,0.2584698363214022,0.1749185233885464,1.440711732596724,1.1902376489090425,97.54279524527904,113.59026752772071,0.19944143005461404,0.5125392238745068,-0.4968732047277056,0.5117452680213678,-0.4780557949355663
11300,550,OK,765,765,,53.236534,0.23949113561108568,0.20923140321762596,2.1684435791053223,2.1916389620308823,0.023598774939277107,5.314412592971593,0.7825564099813261,0.2629605991791074,0.2246875241838624,0.6265530538536632,1.0942899465267768,26.381226075028746,12.9411033600178,-1.107284380425319,0.5101197487923127,0.47883091626272345,-0.5057039409325161,-0.504739853437779
9540,4780,OK,1457,1457,,32.192596,0.06115499844510844,0.02027150566415021,0.3783391740535105,0.38378561515539555,0.008454611879062403,1.6609264625352185,0.9626735466678853,0.2007616287402414,0.13126038497527165,0.9070897563116782,1.0952761806871378,108.22005460891512,113.18229662235517,0.10823324161907585,0.5178453835815439,-0.48292256990918003,0.5043902368265981,-0.49417854988820065
3530,9240,OK,1331,1331,,19.218601,0.023789701352554093,0.11754998525832687,0.8251140351245587,0.8337848162950726,0.005886146152076096,1.013980178737798,0.8404396149935269,0.13418498215861985,0.08341968757552554,0.7365921842496941,1.02240655928456,68.91201513380555,68.73456655123586,0.6506338341481878,-0.6834370302029088,-0.014594809524900549,0.001281009879680558,0.7298624365564024
1660,4780,OK,838,838,,40.35444,0.3380722249042864,0.4318480945092028,1.1775653303191023,1.299017210491262,0.017766018313884805,7.250184494936712,0.9585127849212804,0.22533483753664596,0.18526706895587308,0.8837591138338841,1.2066259438004758,112.25647851978351,113.01495666828176,0.4818874809496884,0.505525709346952,-0.5007445697694546,0.5072357187059633,-0.48622068930117507
1600,4720,OK,738,738,,53.328415,1.324559695075664,0.10319931519021597,7.922028607719974,8.032661187054284,0.03624720232073322,6.811422746868639,1.8698120710210733,0.1992819269660755,0.1422234339517866,1.6746718269686864,1.1392075260223693,104.2440375846227,112.48027601836392,0.051782930743474925,0.5154345546955426,-0.4924371004606767,0.5030426920720867,-0.4886521992875473
9560,4800,OK,1445,1445,,33.019894,0.03258584612479948,0.05336622920675699,0.06012873526458129,0.08674823682320773,0.01022451659834244,0.9298425012418883,1.004225872008001,0.2181441520759031,0.16418516161125418,0.8930313404808636,1.1277768308154341,112.78618222029644,113.11885573932459,0.0733425704183886,0.509653378936697,-0.49085460797234165,0.5105490178172745,-0.48852316994851225
11420,640,OK,946,946,,57.467323,0.3814555193914104,0.1742736901199006,0.3891448566519706,0.5721130585827076,0.013025718418644033,5.647059224576721,0.4749422974760847,0.13574719930789225,0.11923499334987131,0.412380972249514,1.0722592330094207,-5.520344714714654,14.464877614041795,-0.6291460923222213,-0.4241387462713005,-0.5616237141744657,0.5737815616421774,0.41887927509934364
3079,930,OK,1562,1562,,38.74716,0.09350814421874121,0.05432009621818927,0.5663805952670157,0.576612022579659,0.011759863392589767,0.8859948796367958,1.295523057009829,0.17497607278570582,0.14294525359726484,1.2584655230360076,1.062791150775945,33.92164371333747,-0.7808720897389596,-0.7735755077392266,-0.5030348585301678,0.497911910015576,-0.4949421113266623,0.5040555201599133
3570,9300,OK,1506,1506,,19.967995,0.14253570668487764,0.028053538713020715,0.0771604353390627,0.16449061218256228,0.01540265490362881,7.763856396246865,1.4013067600041433,0.15942737877281754,0.14776930652321152,1.368790665537059,1.006421900421032,68.87790487815745,78.94794146916368,0.9163828906064714,-0.7054013199601039,-0.018699652272105138,0.000213795507429895,0.7085613982534799
3199,330,OK,1285,1285,,26.512539,0.6130127257143548,0.01838614140783921,5.469672664975061,5.503947829881657,0.06245927530830146,2.56394931635282,1.5346571227697674,0.4806775107288126,0.1832101604392382,1.1468903627871603,1.1909677858900791,68.71876020371452,4.000430125569811,-0.6280175659398539,-0.6061936182467673,0.3641157749275448,-0.33846310717790934,0.6207992628259807
3310,9080,OK,1879,1879,,13.22323,0.03809747300714156,0.10496993067907823,0.3424299892766347,0.3601782910619358,0.013226928069995368,1.0362588935848829,0.673422795132311,0.1982605369863979,0.10236673986350064,0.49056956529743,1.0749674838934666,68.43556675221775,22.34976959648721,-1.0328715572859144,-0.7054209043944608,-0.02508060870467871,0.019643368949559262,0.7080723471274777
11240,530,OK,1645,1645,,20.620512,0.25451156912098155,0.12863041193383906,0.9381668606827,0.9805503455580066,0.01836408955241859,5.874499054635195,0.729679152093574,0.19059002589250462,0.11994698514683622,0.6308276630061265,1.1128791390518646,43.61185847150793,12.640741389554004,-1.0835672700069754,-0.49693631420755646,-0.496710099681145,0.5183486892634273,0.4874915515528884
11460,720,OK,1845,1845,,22.520128,0.7640870721186296,0.44204599082272045,4.793433737611951,4.874037413547186,0.05124739116812248,0.9883757701096559,1.831719449841158,0.32815082660071404,0.11424634666144229,1.7361111023551548,1.0725289356792969,-12.49057012802551,6.34416508799111,-0.19149466333871729,-0.14946008450982962,-0.6885371298857067,0.6949807424635837,0.1434575599675184
11580,840,OK,1686,1686,,18.125462,0.0025863119943032586,0.01391179957775942,0.04259077893455532,0.04487985770338165,0.012030145277830633,1.0471795649919042,2.2497578959626368,0.524416824142834,0.3715027916602365,2.1461188408180263,1.1592490524656487,5.514930703490423,0.16957434171410377,-0.7037974776266452,-0.502485964414536,0.5061942744430576,-0.4945774327595639,0.49665720078583286
1860,4980,OK,1359,1359,,27.99056,0.24890377623373083,0.10700176499118479,2.1329581632185315,2.1500960428723204,0.010661102935251703,1.8469402438293816,0.8023158981011118,0.2693655909338797,0.15936978743515895,0.652095565438314,0.9606012607079457,130.75744480231882,143.92151835730718,0.3312707222138262,-0.7052157351214295,0.00010423780261011708,-0.007882354813019502,0.7089489576508481
3179,1050,OK,1498,1498,,34.91596,0.07924076814051466,0.14087699466953102,6.49920339003163,6.501212973896582,0.010170831315584782,1.3209697886567513,1.8988826908686,0.12914195725375288,0.08219278783895523,1.538677962558629,1.20342537766601,67.25446536123464,0.6788225340115885,-0.7462701917188178,-0.5400354631748068,0.4489074134516669,-0.4524676014945326,0.5496516189910576
1960,4250,OK,1050,1050,,26.101759,0.05410602714343163,0.003484784631523054,0.25346698351063157,0.2592009213470366,0.007109394604786281,3.259651363694341,1.506845617893264,0.3498897869277773,0.2140404272959473,1.4005538899997951,1.0124632407281586,112.85902226194138,157.52775117752142,0.15762905925954132,-0.49932428343950747,-0.49589947798647765,0.4983521359732158,0.506363620604102
1940,4260,OK,1573,1573,,16.11869,0.0218312735633725,0.028705746630291844,0.4345705506913644,0.43606443093102315,0.015107159318733401,4.6091753721253585,1.4870130522754355,0.1492911318204846,0.11169954728710207,1.4570567976528288,0.9633876716008406,118.18758493105878,157.23014123563095,0.19298232990963576,0.5302949893561146,0.479443372766257,-0.46441057093058924,-0.5227275563639614
1780,4920,OK,1638,1638,,19.651226,0.06130124976263244,0.012000446651264755,0.994400187348166,0.9963601690856365,0.01460100962559968,1.3014584322537937,2.5560741541714065,0.26412237033282593,0.15679815373270278,2.4651673317099103,1.1956240770964808,130.26233976037224,124.41285422946038,0.3060765788661447,-0.7033758162739462,0.029364027372617653,-0.03391926828554515,0.7094009432023567
7260,2760,OK,852,852,,54.441963,0.18197927643450737,0.28855620657064107,0.4182089885799556,0.5397035292928283,0.009885647021250851,8.28019892236435,0.7431432969221984,0.1255869135543224,0.13188493780660449,0.7129083859030567,1.027233533765729,-10.995765187574111,31.74840982752955,-0.4209525866295166,-0.013859801931145773,0.7213745161214112,-0.6922223534770929,-0.015966425012004383
3390,9150,OK,1685,1685,,21.119125,0.02826253233558068,0.13322640567835167,1.0162232911758515,1.0253086478871969,0.012645067261690623,5.70982222784761,0.7359924891006374,0.23561362604634972,0.0923377310864466,0.5854671244132845,1.136050379180549,68.32293300999343,35.64957652359016,-0.7999068668738493,-0.6912145962990847,-0.025098757371554644,0.00783685916709252,0.7221710447531753
1680,4800,OK,1036,1036,,35.606903,1.476318743366112,0.24772077498619144,1.732779238118038,2.2898485763095304,0.0411429767796864,5.825951503684746,1.1210967763204631,0.176714647874343,0.1316306592452816,1.0286330174565488,1.1893213517301098,119.53632955325185,111.36386549487683,0.4201271520266849,0.5133564205204911,-0.47956823942366983,0.49399808407366835,-0.5122942339886476
11620,880,OK,1644,1644,,44.99121,0.03027385611735156,0.012555695520199646,1.4862215691428595,1.4865828952465698,0.010756855365378046,7.4461106376828665,1.4000661598562685,0.33635826066981356,0.2443818023839115,1.3210129864402438,1.1172245052232848,8.957575999272764,-0.06502668147331458,-0.6914228132043491,0.5050793612868213,-0.5002236012246961,0.49099350399546066,-0.5035837235397432
7160,2700,OK,1680,1680,,19.456015,0.015092006584365741,0.06627397958515102,2.374483025496307,2.3754556715297577,0.012204473592319505,5.768555841939057,0.8536280763677772,0.3726153214833656,0.19829256798863026,0.5296269214910261,1.0319018069978327,-10.07834750914837,70.24588449487351,0.7992612341981877,-0.01819296240383635,0.7184676113657756,-0.6951955316150538,-0.013284591066045393
1720,4830,OK,739,739,,29.07189,0.47229124345376283,0.6254975730228455,4.4378236000597235,4.506504691859049,0.08038600633223143,5.690113663111949,1.7823120693006218,0.2777236458138276,0.16389861099085853,1.528785811590307,1.2212312340119624,128.98435510803503,114.79830143749135,-0.135306529520833,-0.5537200463213818,0.415537215841197,-0.4439147998827176,0.5689135109995893
1680,4840,OK,1697,1697,,24.831926,0.8814610350446443,0.44937628599324736,4.136170034788897,4.252859644921361,0.027788050055901143,3.574131790614564,1.4243965711319064,0.2733248636561525,0.18097362120478744,1.073991923150949,1.2089987610527582,121.88512468495911,113.44659033503234,-0.20064531129051782,0.49399479672284613,-0.4869373224263171,0.5137897781431396,-0.50485765193237
3270,9030,OK,1365,1365,,25.187733,0.00037283256012199395,0.10843779679783738,2.905741159283004,2.907763845213332,0.007752240321755411,2.4391622737367813,1.193596023979429,0.30786300254915133,0.13908973747258857,0.8266239308063845,1.081006735918859,68.54529384042466,16.613948895176993,-0.7533231786199807,0.7145373792831309,0.013567922294164075,0.0006105645131363382,-0.6994654189470627
11360,610,OK,1217,1217,,30.77683,0.13910110152768598,0.3526701751840253,3.8345184174302673,3.853213835556297,0.03319907706210015,2.5534965923502884,0.6695319598869524,0.2901136262830005,0.18448796102924714,0.442560371784781,1.0341458175013412,9.259294684493064,14.912224879990353,-1.3193537112425575,-0.5156642014331898,-0.4655029351356957,0.5006058717683363,0.5165183538765948
3119,960,OK,1041,1041,,55.288,0.12042101701705887,0.0070820638233939845,0.05596576375913642,0.1329794859388653,0.006788474096243067,5.057946533380584,0.521375928452803,0.12481265930078433,0.09737522594145864,0.47115170218894153,0.9802603792728498,46.764424678716146,-1.0606325883326024,-0.765041982236454,-0.5021447540840004,0.49600148031346547,-0.4925869291809014,0.5091083329438826
3530,9220,OK,743,743,,27.352829,0.1302927773025297,0.11236975077504385,1.0903696665576055,1.103861032220721,0.008654640836752443,7.384514869923143,1.0362101154596237,0.38958799334149186,0.23794709049611296,0.8962796277586476,1.12039107140632,68.76913953910305,66.82034480180195,0.537106219577832,-0.6821941049103962,-0.013603740446547411,0.0027260310317138224,0.7310394724132071
3270,9020,OK,1043,1043,,30.249134,0.15341364104429844,0.15203225771770196,1.1311630699947814,1.1515986469101245,0.010469382170004624,4.749702612701879,0.8267839377995209,0.4150025242236772,0.2181861522227373,0.5161208854738808,1.0401588829282287,68.72698671014265,14.844034041627124,-0.6795760947818061,0.7148057547740736,0.01547698528244588,0.0011712660443588322,-0.6991507877448808
11200,460,OK,980,980,,38.191193,0.21004900206690058,0.08694085177110103,0.07246736307438084,0.2386017889432925,0.013690595555046002,4.167563448967294,1.4483748587931884,0.3890905988553206,0.30734946334695645,1.3178562758507226,1.2328103947180111,53.309665083434844,12.829409399765227,-0.8931105386639075,-0.50837447636925,-0.4869146643600954,0.511887084536746,0.4923830968786975
11660,110,OK,1044,1044,,76.54143,0.3599781622029168,0.029193529835712106,2.496134040922936,2.5221264222281805,0.010774606886275856,4.564333195340172,2.368704640159769,0.36435336004620167,0.3046327284616921,2.27705721179031,1.1570636343249863,14.3286688020378,-0.33737200993152605,-0.7928388812559723,0.5040990240288479,-0.4994479830228237,0.495126360755417,-0.5012841241378914
3250,9040,OK,1660,1660,,19.789555,0.3175313895481949,0.08800646349402455,2.6388267051395555,2.6593190295116558,0.006456864280068146,4.187436328363129,1.154645766695874,0.39205353187252623,0.2067570763763098,0.7631787949382307,1.1143667705820608,68.50722288899648,12.090887721878149,-0.8116737002416419,0.7130523208377721,-0.041900132613245725,0.0438055655949899,-0.6984853892944092
3510,9250,OK,1494,1494,,15.1954,0.04005066911833277,0.2008667497117001,0.10459443579322603,0.22998152803099692,0.009750733848396751,7.23251131764656,0.5079504866501164,0.14694066752970453,0.11293760015877569,0.42994403152330474,1.0764859675458875,68.81899914569115,62.939977993534754,0.31552623876120456,-0.6872918952374294,-0.013794801001033804,-0.0007161157961267691,0.7262499854626167
3179,310,OK,1578,1578,,31.574112,0.2485616495561671,0.4635903615140182,8.119639681033211,8.136660707361951,0.04639271133977427,2.447302400810563,1.5464784884787695,0.1354179924705743,0.06312247427605733,1.3373654478147357,1.2274799531448504,68.89046248798681,0.8114860355639453,-0.20244956997637714,-0.545322356109508,0.4490988440325193,-0.4355179002703994,0.5579049334428692
2000,4300,OK,947,947,,28.700296,0.014572172371052447,0.10561059307860234,1.5556603324037974,1.5593091468316087,0.009954990463631084,3.093329997568319,1.9576309916985581,0.20409994908879048,0.1496598153218816,1.9240525797264123,1.062496022056606,98.92851010570077,157.80255353488064,0.284580918283569,0.49127651514765,0.5052396133353066,-0.5010930772884136,-0.5022808444235143
3330,9110,OK,1947,1947,,19.560547,0.0754245557938705,0.19688997705169695,1.715904512792437,1.7288096551389256,0.01588675101368473,4.600285562256504,0.9003684304384649,0.33575684965359454,0.17211344845052579,0.6688332270829549,1.0865229057401184,68.37261975210274,27.072228644088543,-0.9937839700258961,-0.6854046497987328,-0.02765046036699535,0.01130003150601043,0.7275494672967144
3119,980,OK,1848,1848,,25.696136,0.12174061416798337,0.0507833869867952,0.14336913968432352,0.19481899226120503,0.011046371790543384,1.0505396039667017,1.2146450939997007,0.24807139014794777,0.1817221695382698,1.1255886395763075,1.0741656027068616,46.96549862462698,-1.093579685677262,-0.8413059141640762,-0.5030714836580098,0.4964707732160066,-0.4893791033898536,0.5108267287816608
3570,9290,OK,1669,1669,,16.67861,0.012939571815204776,0.021043622742801835,0.7035546252669302,0.7039881940142128,0.012500680911969009,4.383227369229769,0.9169350396619409,0.0707734800962514,0.0648202102027749,0.8768944529395508,0.9344951490556327,68.99792498513636,79.57695237792254,0.8859417377140408,-0.7051071979763941,-0.01763366304286579,0.003171440473123268,0.70887434376968
11540,810,OK,1509,1509,,28.069324,0.1742425635580669,0.009936956361840147,0.31929185646318214,0.3638770447015439,0.008545873776837649,1.398212076271086,2.581922047960172,0.5244800853339942,0.34613711817682846,2.4714354016407505,1.1292329057870878,-1.4374455632722896,0.9228504389503778,-0.6600580597327261,-0.44955013662334026,0.5492332574843045,-0.5476454258363115,0.44309365950742396
9560,4840,OK,1655,1655,,25.692974,0.2530557425753739,0.17289200825503748,4.050439846975794,4.062018194117074,0.016196782984282294,8.59139535525185,1.265482495959778,0.263102983714548,0.16345532531086038,0.9301795449547825,1.1021889953651232,116.77309287056286,113.23251719373422,-0.07690175903725487,0.5090932271139866,-0.48784155105633015,0.5106691805687821,-0.49198749494964766
1960,4280,OK,1615,1615,,16.348747,0.007082354065678739,0.013995914167969387,0.28656711229684273,0.286996089176595,0.012033467335201845,4.208066821831999,1.5925243763002193,0.2224897752543007,0.1529711058817984,1.5459472729781165,1.027792468414786,112.82636062360015,157.57650395290057,0.15360472458004182,-0.503031381531714,-0.4970406079990162,0.49676207865219774,0.5031277177888446
2919,750,OK,1671,1671,,20.982946,0.07476889458752392,0.14086498783217885,1.68055200740679,1.6881020058023126,0.016620605911816636,0.7507215817080785,1.8625076420320348,0.14992476651187392,0.15884185922312222,1.7121197594886706,1.0191648442344117,-9.728412117160882,4.439623639822064,-0.6955707118446257,0.15028384626934357,-0.6846114132825117,0.6972486027906737,-0.15022105132193533
1900,4190,OK,1749,1749,,15.657508,0.560604780285274,0.22668977620390224,4.094773762973301,4.139183270193361,0.0296638587253379,0.8107348670337957,1.7100814453797706,0.44248130258608853,0.24305891928985046,1.1438865570416095,0.9598579914199097,124.31279245829792,156.9335381633197,-0.0004772749947009672,0.6564508368514929,0.26486167801716926,-0.2619912721224345,-0.6559582026673443
3650,9370,OK,1611,1611,,16.5173,0.2518874179625008,0.15950055056190077,1.4068169562617276,1.438061766887249,0.015437022002595476,5.868374468994047,1.717262893916517,0.12095345535487212,0.06039079300939454,1.5607186729508324,1.053500443165629,69.34776481789974,102.2631287378651,0.777920312988185,0.7074977286778761,-0.015903524110269712,-0.005802795400224412,-0.7065128232396519
7220,2740,OK,1153,1153,,29.2302,0.0697214005548074,0.029305572842975254,0.2625040500876037,0.2731817464754444,0.008574154104336328,2.1998363958264053,1.2106729173778141,0.2372669802747196,0.1911441328570298,1.1291352941536683,1.0286319942223896,-10.814132479899328,44.77417954128373,-0.17607212339375605,-0.012955506442198155,0.722583069877205,-0.6911174956933548,-0.007903741279054641
3650,9320,OK,806,806,,49.922318,0.12800313705779975,0.05958079159933655,0.5666517250095762,0.5839767557707839,0.01427018067260609,7.721159678143374,0.7248503332516556,0.10081280732146758,0.11161341665803798,0.6711642129958619,1.0211045550484292,69.20523019955436,101.41220553989366,0.9073033881499523,0.7089670431612596,-0.0036955378397304822,-0.011685906304444795,-0.7051351035830649
2060,4350,OK,733,733,,38.972004,0.029816594111127987,0.04577759250645908,1.2562254622843714,1.2574128317110724,0.013840658207960144,7.261842304371727,1.5429599766051232,0.21862798852263654,0.17181342788319648,1.4949973443727855,1.2034815192936636,81.49469972185585,157.91047216352544,0.2540592456315556,-0.48962698869095755,-0.5091722904019061,0.5167972205415079,0.48366271664546745
7040,2560,OK,960,960,,26.684788,0.010793403211778463,0.059922052545975366,0.42635748841933063,0.4306830132074567,0.01053457545017688,3.823586551973851,0.6135633992930611,0.15468945029994952,0.12319013283938918,0.5314000076787968,1.0715813017774194,-8.896352180287055,108.85921971837413,1.1861629030328573,0.0008462954463773888,-0.701910476973787,0.7119145513854374,-0.02233019534441438
7060,2580,OK,1171,1171,,23.278593,0.1316705672161714,0.17680120515817105,0.5374568242640017,0.5809093237023795,0.014055868326740087,2.3471457930875244,0.7433273699138341,0.14508043321018915,0.1183792587553989,0.6571369848833069,1.071159941204838,-8.814720935890534,102.38361414965163,1.1063343052437515,-0.0027435659666427904,-0.7021008110038097,0.7118945696845771,-0.015907409820272323
3079,940,OK,1645,1645,,16.936735,0.12155435170413298,0.018176014673439406,0.6091919118311031,0.6214665022091341,0.005183690609595249,2.4768306774854434,1.2335448282647454,0.3551829914337197,0.1864866212092342,1.166533760577856,1.1151176103807887,32.74140860815787,-0.827699885081508,-0.8077179134197993,-0.4976083911681682,0.5012778189679359,-0.4950305901718921,0.5060149721538333
1860,4130,OK,1757,1757,,21.572115,0.12332166044088153,0.022582032604037537,1.3771175383036667,1.3828126751060597,0.01686390014151971,1.6781163076347625,0.7702841622135456,0.2648034585350334,0.1635159308795613,0.5606947932138926,0.9740501467480155,130.8394866914867,144.6792182340276,0.20260930903106444,-0.7031310690589309,0.001695118672801962,-0.011719740152600246,0.7109616543720805
3099,980,OK,1710,1710,,32.96644,0.04271474982359938,0.05795692845563621,0.10566466131617513,0.12786155035649463,0.0108722476266801,7.477349021866519,0.923701315566765,0.1435348078848666,0.10691943016129368,0.8870911845871836,1.0369201501086485,40.1846907726511,-0.9394565557598924,-0.8337227042083141,-0.504208509957626,0.49535651400332226,-0.4914232106943685,0.5088211183821141
7260,2850,OK,1737,1737,,31.592323,0.09680238283896225,0.0914677073784213,1.7405973991231587,1.7456850657122178,0.007111173396339222,11.864884616486593,1.0795219609871025,0.07089413173355541,0.06592783584725082,1.0330983190310938,1.0279121664983268,-11.020327749620536,30.435177031223212,-0.7117662701301404,-0.012293015196022723,0.7206156226619876,-0.6930726018344525,-0.014573082696832001
7240,2800,OK,1624,1624,,35.655724,0.052688733043713964,0.08816261785961538,1.4835969295494742,1.4871478067583732,0.009908305469568925,8.301588238398228,0.34139211571273465,0.12355198285969204,0.0406598444919406,0.2869519019907898,1.0383294879696918,-11.063032937027327,36.57803898909837,-0.5423474539982137,-0.015868759661984554,0.7230528070129367,-0.6905386395729413,-0.0099603209915479
3139,270,OK,1759,1759,,36.331738,0.005255516114725967,0.062325015296817374,0.1853422056921863,0.19561125016784017,0.010046081951283158,1.1175200856797867,0.3661103838349972,0.142362353441003,0.09576465036934856,0.27004035453986575,1.0340954585274895,52.32690923896742,-1.0712353945426778,-0.8200990434379797,-0.5035140514943971,0.49245732345728394,-0.49149638043781857,0.5122408540301223
3199,320,OK,1647,1647,,27.99574,0.20902234666949568,0.45815171910825775,5.9280438132097295,5.94939465748098,0.03636905614972822,0.7183921732922065,1.821580376134455,0.33847516930235333,0.13562839479905842,1.203190815620105,1.2070255719756684,69.51370378489963,3.4908258153841043,-0.2041367848835982,-0.6092885768091665,0.36212129279798666,-0.35168069600688523,0.6115196542452974
7020,2570,OK,1779,1779,,19.813456,0.045678566046310376,0.06559365089153904,0.4024257538121514,0.4102871503771554,0.01804114990221154,4.732378738429895,0.628464439754008,0.1748467299207439,0.08623933797400782,0.5524893073432491,1.0786726113458156,-8.953386306019429,113.06163614093843,1.1754162169539686,0.004003701988757452,-0.7044452012330567,0.7091666850844316,-0.02869741445604567
1540,4700,OK,1612,1612,,17.126474,0.3772649190407944,0.008813964359713634,1.6023465363052907,1.646183746583641,0.020585277438814397,3.3585677671007086,1.5376538037930587,0.18230697273517538,0.12218622594331796,1.4425235800839893,1.0941929268608521,82.83845580595008,113.91721879482431,0.456199410944206,0.5704121630095127,-0.4441195220030412,0.4534810325494508,-0.5212895237624512
1640,4800,OK,1754,1754,,30.059666,0.03496094063552896,0.09680460376043688,0.19460716987226023,0.22014847091230708,0.013287556428525667,3.845451216924874,0.8281321626035949,0.27413663330192684,0.1546277619391705,0.7197226389444777,1.1114733872522766,108.25553543151776,112.91463140534032,0.04459371510505163,0.50954744361727,-0.49205771914736945,0.5107856907984052,-0.4871740775186928
3410,9130,OK,1066,1066,,35.480423,0.018066294968754948,0.09482880249954734,0.279741543618897,0.29592942405864187,0.006899252261044083,4.037701297705579,0.6625250218283147,0.20834174998453603,0.10809655870107004,0.543421629876728,1.1088544060096104,68.27766244123175,39.11779343991252,-0.60969794844559,-0.6873071249718236,-0.022736310376507134,-0.0012614665615207903,0.7260099068577116
7180,2700,OK,1188,1188,,25.081318,0.08532400799073805,0.007185678643307812,0.5024487940224731,0.5096926632116712,0.0074876800673673435,1.904140252028354,0.8198369979863047,0.31135381337228996,0.18885622570818095,0.7268421076118399,0.9922529755900815,-10.195076654563668,60.7136934753593,0.5065741649611932,-0.009312880589780416,0.7200885867724902,-0.6936394385637704,-0.015812233367109584
9480,4730,OK,2010,2010,,17.911833,0.0026895245331564344,0.09516263922044906,0.5140491721953027,0.5227903144476681,0.005092711556694686,0.5486277985995021,1.338481868116698,0.22343990834525962,0.17847758341994036,1.2814318702602958,1.2421290378060552,92.02841946271903,113.63936973317526,0.2455953137954068,0.5174499760777231,-0.48880375475927124,0.5052709208553251,-0.48787058543061784
2000,4320,OK,1780,1780,,15.203694,0.09305747346398319,0.08495907252792889,1.613570915267606,1.618483498825319,0.019958480131140675,2.269824857899188,1.6711760258424688,0.1749551291815421,0.06830145937288368,1.6018386946191931,0.9872889870860413,98.86104633214003,157.68336988640476,0.1306735634826528,-0.4942283150247547,-0.497392706981327,0.49920952074884895,0.5090468760961844
3230,9020,OK,1526,1526,,18.18443,0.8409757064689198,0.22627514576250224,4.100660147635966,4.192118107457203,0.012925589289769234,3.682816202327101,1.5368109108331363,0.7140106172154073,0.33990441820241024,0.6188292811035208,1.1384089263378594,68.73907684329446,9.51328010535357,-0.8503399484191712,-0.6893756695952662,0.14653065790999828,-0.15152455717632685,0.6930586274155018
3270,9070,OK,1778,1778,,14.870214,0.032739157968236315,0.12362984439524216,1.8583043649584772,1.8627000036810517,0.009807232341890315,6.944524887369079,0.6238704298030192,0.2982484544604167,0.1424170889593508,0.42418760685219326,1.0122946782056974,68.55539370287822,15.565565673127804,-0.9694790637414447,0.7115930580492926,0.013199222862903124,-0.006974544300974939,-0.7024332395207854
11440,670,OK,802,802,,43.70545,0.2000662947957712,0.06742334660154248,0.9877539917812981,1.010064541630954,0.020759324828447088,3.4303039108961344,1.0286704881295199,0.11997130602661965,0.16386063216582025,0.962512894801077,1.1645701107741537,-9.236446768539103,12.67670238231832,-0.7573558182911703,-0.3174549346478563,-0.620422340348951,0.6418834690952347,0.31981884898473767
2959,40,OK,1263,1263,,21.26331,0.001787642198153916,0.06058695845762117,0.7604700685120322,0.7628818390173338,0.017891895530732754,3.7045503719669672,3.190577245003372,0.7220788570004619,0.550490428390106,3.001637103363069,1.26199780493635,-4.099122044357911,1.3716947838731923,-0.6480034195411694,0.41790213240133267,-0.5741857711952855,0.5747497499807664,-0.4066094351934551
11340,590,OK,1047,1047,,38.448555,0.13831021486823514,0.18170717740621098,1.779488528973758,1.794081001127602,0.03284742414967604,3.562630579622449,1.0793599456830272,0.2598409320780606,0.2410782296417578,0.9349882383422514,1.2014976695520463,13.096424400881443,14.138663143302168,-1.077982646704289,0.525183386241569,0.46182439097523736,-0.5002495540757996,-0.5105399361099517
1880,4180,OK,1407,1407,,17.159458,0.2715926757521286,0.3576245329710372,3.0801049375986453,3.1126683592577784,0.037937274899286624,3.7509134181500796,1.2171435636455936,0.34731609044719747,0.16199262188014707,0.9308030954274891,0.9719946962574949,129.1708409309788,153.79862067150214,-0.07798689029436427,-0.6938223429578764,-0.11001598968012556,0.12280800518929415,0.701017283872924
2020,4350,OK,1661,1661,,18.870275,0.0022192197349765186,0.10157402450060685,0.703709684527011,0.7110059968007213,0.011839456528642335,3.982197176527129,1.4464867536043888,0.16802934520872037,0.11991355913493251,1.412900856123752,1.1876287474516953,93.2406879123894,157.9803475267428,0.16947310115067996,-0.49045146224503017,-0.5035826245865775,0.5051986340956472,0.5006358392125939
3350,9090,OK,1065,1065,,30.646503,0.11787100859962657,0.28832231588319635,1.6077385650771858,1.6376344604767548,0.01648896482522781,3.009803788800246,1.206291047834239,0.34657784371532263,0.2154976514354427,0.9139015567588551,1.1334513539353668,68.33333996193781,29.8835685908465,-1.0594359627691354,-0.7003281548951729,-0.02871774240362509,0.0067275120736650365,0.7132114043631528
3270,9010,OK,746,746,,48.246082,0.1155424747480217,0.4621015582853056,4.070521856723563,4.098296731534314,0.028900804959960613,6.930960590821461,1.5732014304998583,0.3956845257360113,0.17706769017819157,1.1864832326951635,1.2502108662502656,68.90180707298724,17.76346785430474,-0.5108495928068569,0.7166375671487931,0.0012702585940463837,0.004576604970111528,-0.6974295939240828
11580,80,OK,1223,1223,,65.57616,0.15038691678519478,0.0012162199228683331,0.1904448349375767,0.24266631221794818,0.011476429986465793,3.09826774756759,1.8744312140213386,0.4384907585693081,0.35573832056536325,1.789261647933606,1.192240483870013,5.665905677108389,0.06381658764975785,-0.706618919811977,0.5043639305338886,-0.5031299179796582,0.4959524366372546,-0.4964962152965108
1920,4230,OK,1515,1515,,17.173563,0.04738428439447638,0.037309047352951666,1.5473563595959288,1.5485312198996593,0.03412933201627434,3.025029202349829,1.5919418651141835,0.19742576695386616,0.08976407927819818,1.491864205800102,0.9400460628795282,122.07728856771578,156.91952901857462,0.24565518552594637,0.5735493267204801,0.42298038072954125,-0.4060627693458444,-0.5720505176009895
9540,4820,OK,1635,1635,,28.813856,0.21359939072891665,0.12188568225481133,0.5049947040982161,0.5616942855555236,0.012737156447810668,9.128282558924846,0.9146891861267625,0.23155754337321843,0.17745418756220932,0.8418516760421646,1.2264920188653698,107.32524268605104,113.3671263388406,0.03656860813200638,0.5170860213923012,-0.48474692957262006,0.5026630113849908,-0.49494682313958793
11360,600,OK,793,793,,44.8983,0.19242203095411697,0.7067828734033055,3.1404154206213573,3.2247135194012437,0.03626394397003413,5.95419105383587,0.6001250190294953,0.19467722282135558,0.18864428953318407,0.4705376123758489,1.10131200085499,8.555330218125883,14.980998068797415,-1.5485810334096908,-0.5148269405300003,-0.4651631969028009,0.5021492793796887,0.5161613340518107
3099,230,OK,1721,1721,,29.37408,0.024863151723355403,0.07008001320483412,0.784419900785597,0.7879365236571371,0.005760135729129698,0.6444828483815721,1.4340995366001006,0.4693683119856915,0.35211410015445366,1.3100357714836708,1.133669517525622,39.50490196622329,-0.886737889313644,-0.8988925899365644,-0.501101914334339,0.4958471215782968,-0.49172844689136036,0.511112157936777
3139,260,OK,1313,1313,,45.4521,0.015932716003190267,0.08804403710654707,0.23047376883130122,0.24723220265281268,0.005790130517879771,1.838681271969252,0.6244286010842904,0.1339133908036998,0.10199004030427128,0.5886058479694256,1.0185113202066316,52.74255362224458,-1.0286031584938726,-0.8346722396141503,-0.5018434933961493,0.493950358755611,-0.4950389123073689,0.509021243685064
3159,280,OK,1586,1586,,36.657204,0.10876740465819888,0.09265806473110068,1.0742972367988677,1.0837575458881363,0.01589221846374422,0.7199297267517544,1.1932834696157733,0.15746327815844285,0.11038521347381325,1.0599550518369796,1.0830192959120486,58.17107590856239,-1.048171573934522,-0.7947338481219436,-0.5075457478169237,0.484389389682465,-0.4861507964697916,0.5209814162979292
3250,9000,OK,738,738,,33.501022,0.6295913138207342,0.2533877234335131,3.628702457297581,3.691621877227249,0.04539720624451601,4.725883054867386,1.567190694386713,0.37993501809802765,0.2389805605006592,1.3740910284281957,1.2551139056623997,69.86144617562687,12.87385153251132,-0.5166856995985281,0.7141909617755026,-0.04461553851786966,0.06497602974921182,-0.6954989859079399
11460,700,OK,724,724,,35.105766,1.0789572726869077,0.09639905798559167,6.2040226498201205,6.297883661528335,0.06602447688159528,2.8496491616048116,1.5050728465049787,0.5660609586747432,0.2702936568176755,0.9788114616171555,1.0072165722328885,-14.054760528553317,5.570401164797402,-0.4316377132933359,-0.17731775914852493,-0.675906189335434,0.6894837849327428,0.19058159885838247
7220,2730,OK,769,769,,51.223717,0.21573325569854895,0.019581442855419372,0.7221348768925591,0.7539250963744523,0.017394608313966824,5.792127330689512,1.0514106880631062,0.16268899742705223,0.15048815710716967,1.0079619828407695,0.9918099391178924,-10.901206861202146,44.310950370064205,-0.18297337555239357,-0.012334156379142468,0.7223946039275048,-0.6913619747947184,-0.0035390126851348085
3199,1060,OK,1636,1636,,30.978941,1.1907289872983475,0.025454182554163107,5.544052801733773,5.670538325857092,0.021916821620707475,0.8460764288766262,2.0712691274711093,0.16564513884679788,0.10929528787887421,1.7689562520514084,1.1964350771186718,69.65398479538716,2.4287739723379604,-0.5543203833605991,-0.6016823161082597,0.3615181872989405,-0.35825023806897205,0.6155808295083705
1580,4690,OK,706,706,,44.991074,0.1519571547912753,0.07872935404949073,0.5945045599696774,0.618647686414529,0.01031761122957908,8.26142384187893,1.1675942136074724,0.3260073962625927,0.23904583866877094,1.0254858473737585,1.0769396470612143,90.04004482524178,113.74396429245715,0.4868925351285677,0.5126681011770301,-0.490380577557743,0.5100815090305425,-0.4863282444345561
7220,2750,OK,1804,1804,,18.414667,0.017827631616463543,0.01164957054126467,0.7638643172896136,0.7641611297175326,0.00868134262302032,1.2945996988159294,1.1892067811822216,0.07415417802596247,0.08799248545877103,1.1600593985044276,1.0078626974827405,-10.740929498164506,44.27342932197593,-0.1787755057679105,-0.015135846944009657,0.7252371872636234,-0.6882275214472896,-0.012033580919922682
11520,770,OK,885,885,,26.419071,0.07256740468708212,0.01106822443748788,0.5868927120256751,0.591465628117196,0.00530222718612499,2.711117090603443,1.098970054810188,0.11473607749145226,0.14295973589845673,1.0371876104540556,0.957475428540886,-4.90076191394305,1.4230122385638708,-0.6544435315449757,-0.35757122867428703,0.6112067239909339,-0.6103429566472391,0.35503609991624463
1900,4180,OK,1121,1121,,17.907684,0.5176795635726754,0.2658450979683734,3.7912480466983567,3.835652160747728,0.08705625914473371,1.2281815298937828,1.4526722802047265,0.5520208579067902,0.3081240646017105,0.9812475013382844,0.9345474716216944,124.72750780051744,157.00671891008238,-0.02589340914203912,-0.6570621974458795,-0.25538460118938,0.2358109761029441,0.6689104257763594
3139,280,OK,1942,1942,,33.982327,0.05945732968673226,0.2005065023921704,0.05138999641268427,0.2153577565037162,0.015473860529815713,3.883420112948649,0.6965041518530393,0.16749341091369452,0.16343913593770676,0.6320845426863082,1.1454560126665072,52.56747819383626,-1.1432259479821167,-0.9880023099994784,-0.4996687680928005,0.49287309911107235,-0.4907363111386544,0.516318800059901
3670,9340,OK,856,856,,43.035084,0.04082262101873157,0.2632334195789889,5.614589976844639,5.620905525594107,0.017818714070651023,5.77399260187561,2.5304519204401164,0.1473835473451508,0.15785678821508425,2.395414761469574,1.1569205280385464,69.74150323496093,110.4662637975054,1.0120825200239871,0.7136120856641317,-0.03373487137372001,0.009599365783860263,-0.6996624913656827
7100,2630,OK,1596,1596,,14.107498,0.2577132781577958,0.03714524225407308,0.47619097304026514,0.5427280585762871,0.010349534675768829,2.3189475380374858,0.6002497309627239,0.19224401046387185,0.11197272228119515,0.47207945949101937,1.0637257276565755,-8.98803757223808,90.47190654464671,1.1873000141663719,0.005608522753851281,-0.7024443391073388,0.7116236148064417,0.011503294240643953
1700,4860,OK,1408,1408,,21.708769,0.07246971914202538,0.551194436813576,6.134604401647518,6.159743365764507,0.07322966622008394,3.8008240686325587,1.7672914036308145,0.3623363172861511,0.20610042100342163,1.408264553111242,1.1630174067588421,127.52318387267992,113.67867621887255,-0.262197241417504,-0.5370643375053593,0.4396919426891023,-0.46389924986429426,0.5504819514657658
2959,820,OK,1235,1235,,23.566862,0.22615111064821314,0.006137460160411799,1.301233380093719,1.3207536873826118,0.02160803513594552,5.107564984871453,2.8568997295641303,0.7139555877636865,0.5632087546355411,2.672246484383818,1.2473583758742415,-4.707923496448323,1.2250180785425253,-0.5433514723112692,-0.42101009927034283,0.5741108658779991,-0.5675435125042594,0.41357172462284914
1880,4130,OK,1039,1039,,24.13907,0.09189908521301304,0.31748124339887496,0.7087394212567557,0.7820174863878975,0.029562266660928902,3.303969537724675,0.9278029981156302,0.18001849589096852,0.17842992097270605,0.8700364967691989,1.0284696722714233,130.25116196654218,151.6325701220416,0.011587009902893984,-0.6943787515498357,-0.09101683592825163,0.1085385403027799,0.7055306302653649
11360,630,OK,1496,1496,,23.508999,0.22317687474083964,0.002119625487494832,1.4708787020300855,1.4877152168062961,0.02575320986757616,3.4723886718434698,0.5809877385675384,0.21124639886243357,0.098165218821328,0.4809322844740227,1.0481968835228976,6.879874152528009,14.635445650661248,-0.9656643493411358,0.5239504722754764,0.464528712993073,-0.49048542066840156,-0.5187610524307366
3290,9050,OK,1360,1360,,21.340202,0.03071422518119743,0.17009988987275537,0.42836812971449545,0.46192704047100297,0.005495500064441829,2.1693468099340047,0.6540558044298125,0.15090817216675034,0.10326312268314908,0.5298496607301271,1.0790790258383167,68.45316174400794,18.49655654018239,-1.0464826111137804,0.710203346903549,0.025735579537052765,-0.013273125351536012,-0.7034008175544664
1620,4800,OK,1649,1649,,32.536644,0.08683337972247213,0.17394571368595035,0.09591499325561692,0.21678752979580418,0.014825348647475405,9.711174272543122,0.8720157604112877,0.2430462590431971,0.15789458647952537,0.7685582863634384,1.1483797550895345,102.09978283387613,113.20555007997028,0.014721400999929454,0.5090535021394159,-0.49481210554296284,0.509569684716099,-0.4861730644390648
3159,1040,OK,1788,1788,,29.362,0.18603369257494753,0.1385389209068786,1.5100621531019298,1.5277726511526342,0.0028199739577160587,3.6229743267462253,1.294705239665363,0.13731268577834177,0.10870125550984944,1.165875015818166,1.2142460929688519,58.592728274999416,-0.7499429312891362,-0.8564330190675628,-0.5101516227036922,0.48445850139073166,-0.4894569582641883,0.5152447654171797
1640,4790,OK,1928,1928,,25.279701,0.012749706050160233,0.01208268988017892,0.20859962961835343,0.20933788925089578,0.014638834153919922,1.032574377128347,0.9972277962250574,0.3308853547797732,0.1481186707375738,0.8681470536221179,1.0726122036721704,107.85483489602916,112.92651696018915,0.1483588231368885,0.5096887521052056,-0.4922205075990406,0.5101918700850777,-0.48748395212096163
7300,2820,OK,1230,1230,,38.41736,0.047872159038580935,0.08704026347264794,2.7134372033017917,2.715254906512214,0.015962247413733092,3.0034699742989903,0.9381552309591281,0.10870810564041544,0.038260898230647156,0.8869575586662499,0.9742465481877253,-11.33598384469858,20.193706241422156,-0.7977555304387822,-0.011192241673447869,0.7125539236978272,-0.7015234278337578,-0.0025533800203831974
3610,9320,OK,1615,1615,,12.99867,0.020625711187828993,0.02182568710422708,0.5136177150379231,0.5144948374671533,0.009429765015599171,2.826567079185698,1.6201898627601454,0.34806809926946825,0.22049421585790524,1.562478913267789,1.044738162344355,69.03887948192344,89.78556208255647,0.9204082694229705,-0.7025864107970641,-0.018325072733899602,0.01924945686505035,0.7111019515392972
1640,4820,OK,1739,1739,,28.736132,0.08119813678857307,0.07194328617319767,0.4353637614023391,0.44867647429492813,0.013089715130768068,8.889075759911572,0.823854377858172,0.21142005314402734,0.15853686280848933,0.7504015915600366,1.18815821428427,107.62224525347595,112.7646638059077,0.1151702089485013,0.5099452513785195,-0.49300783841343027,0.5104187208412257,-0.48618087300327084
3079,200,OK,1139,1139,,53.409306,0.6388605983816706,0.020544272699819233,0.6639337308672155,0.9216143066861598,0.01845183710366094,2.638877070116726,0.9689918933441228,0.22794943213206453,0.16603824082950958,0.9042000670086949,1.084777260770724,32.707509446781756,-1.3077931160695728,-0.8149737418996569,-0.5013574873712646,0.4954770266827391,-0.49197167230678374,0.5109863594403191
7140,2680,OK,1599,1599,,22.247395,0.1499140463072215,0.011970922930137233,2.2915125146200825,2.296442276421608,0.007717304958063496,5.769787299944557,0.8944660396838795,0.3078549640171113,0.19525179258766645,0.6062866294137894,1.093422682177605,-9.56201342780285,77.72872645000774,1.0643314847626062,-0.018139954735586803,0.7123667419578942,-0.7013101821266701,-0.019198839546779436
1620,4760,OK,1252,1252,,33.402115,0.023281272766487976,0.08420499442742513,0.39259290178311956,0.40219607814925357,0.009127314146725999,1.8910665000912632,0.7117329292343711,0.2043448392639835,0.187380736806241,0.6167229380348642,1.0920893134337055,101.8086197366715,113.19596890676375,0.09594544324760439,0.5099324883826059,-0.49388672949180146,0.5114629793794546,-0.4842007604786542
11200,490,OK,1696,1696,,18.697243,0.19749596597820707,0.07938585325219893,0.8689804754532626,0.894669680381102,0.005082709819231018,3.4781229561596434,2.8173053004354527,0.3258995554775592,0.19066898507600288,2.6810055185274866,1.2373930482890538,52.37058567700732,12.821164758355206,-0.9173046546192216,-0.5059263715571028,-0.4930192626746758,0.5064254562009937,0.4944732252674545
7140,2670,OK,1717,1717,,20.069944,0.12381047769202289,0.08445581576587743,0.4658958652788203,0.48940859870552683,0.009567419857363424,2.059936999407958,1.0187914299160896,0.3289024148293952,0.1900682723118876,0.8927529202161182,1.1048328058238852,-9.589797247603432,75.90352655929154,0.9839238782864764,-0.016537798688437095,0.7134197517136047,-0.7002285061001431,-0.020947513556533535
11240,500,OK,973,973,,57.69306,0.15732463966528767,0.16880634612759626,0.7519132089051115,0.7865240609572883,0.01885003986330206,4.1162378949251615,0.7575114453362649,0.2428903419487698,0.20919352751265619,0.6293156466429988,1.185195014512337,43.42151719665568,12.839325090929387,-1.0474390538711746,-0.49683814421317074,-0.49656517846710646,0.5193447682077702,0.486678429482919
1700,4850,OK,1752,1752,,22.095709,0.4068358270043444,0.4591251556261167,4.344978719956453,4.3880692081526504,0.04192255310239563,1.8887779761906025,1.502958565352119,0.3036207278124161,0.21087726857458344,1.1002148728826384,1.1875574965947575,125.78822164123105,112.9173909087469,-0.1924706718365085,-0.5323550738241204,0.4481404148390983,-0.47243692443896285,0.5408988781539578
3199,1050,OK,1139,1139,,47.905487,2.692596569022345,0.45938947955091536,8.53825501162725,8.964536442059389,0.008687908605668022,2.38154583235713,2.3114309767910584,0.1015901950905998,0.09976688970174274,1.9625591533146256,1.2159659917566668,73.0159129314541,2.4554020978117137,-0.10932498270994029,-0.6023269157144083,0.36279284799012756,-0.36385707078602575,0.6108941545735997
7340,2900,OK,1837,1837,,22.17544,0.023161667413175158,0.12313152700741341,0.6640096844764951,0.6757267915800812,0.01557460293573275,3.7453668116072825,0.7944357634987108,0.10721583752507202,0.13164370453521546,0.7657086214676552,1.041758889151241,-11.176640822649484,12.806891258435641,-0.8125697737819754,0.034944782798310065,-0.6961253192598568,0.7166226596284798,-0.025305448969448963
9580,4810,OK,1464,1464,,31.764967,0.05988325251152282,0.004900163478530053,0.2138484099631417,0.22212869687917192,0.014613466703394295,2.247936790182136,1.0027667936638591,0.23334244555606398,0.2206799365988822,0.9240410942895281,1.2566731035218466,117.02789035447373,112.78200062479384,0.16816947379006206,0.4880827094844331,-0.503489061118555,0.5224174428728321,-0.48513302239540584
2999,850,OK,1636,1636,,42.224037,0.08838857103928532,0.026902301430601606,0.3031260110125218,0.3168937548532524,0.014146647022880139,2.1118198521754747,2.2066755033982313,0.4982915262205476,0.4048851526665782,2.1080061898140787,1.1883884480216838,6.700911442671128,0.026094215827112355,-0.7057760447553201,-0.5030051558354898,0.5015635440427154,-0.48870970113153944,0.506539882447717
3159,300,OK,1785,1785,,31.967327,0.27377912661630177,0.029335025534395834,1.6877127718188274,1.7100263021527704,0.011872839330226282,4.182661858153412,1.5895793965715024,0.10304764546615397,0.08637964667310766,1.4172872680864161,1.1937570014194638,58.763972245293864,-0.6564060141712327,-0.7251597800017697,-0.5100611582490712,0.48877101291499847,-0.4845572463191783,0.5158922240344757
7320,2820,OK,819,819,,43.06979,0.1525609784484073,0.2818546802120928,4.399090652417898,4.410749990771764,0.02335487166843582,7.626833646829979,1.013117960239062,0.18977404270027376,0.06543424481577825,0.9506219145867014,0.959119037304146,-11.374858270639608,13.878051277685936,-0.6755398437228807,-0.017786942503962313,0.7095389286010407,-0.7043191851461044,0.01313845162778251
2020,4340,OK,1734,1734,,18.383362,0.0015249904461884234,0.14678649260837873,0.7238217459997237,0.7385570526304784,0.011403182928598857,1.302327651283586,1.604572242308394,0.19281130611435515,0.14478040312313212,1.5222733236706532,1.1611398770309034,93.21925559667935,157.95114279796073,0.11614516833495081,-0.4874950823729969,-0.5039005973767067,0.5052347740966217,0.5031605664885502
7180,2690,OK,800,800,,34.75764,0.026922675391122863,0.01650806243109966,1.3692304499116563,1.3695946011651483,0.004366913736932832,5.729110458304869,0.6276680423836007,0.24122213644904744,0.17623261107617672,0.4212508036520912,0.9850829701827839,-10.29053353209182,61.578837882256565,0.5449623204929366,-0.01057963608959493,0.7190462510493211,-0.6947906052799415,-0.011250554069068011
7360,2890,OK,1121,1121,,27.069801,0.45701407057716437,0.06619077419383675,1.3121586851775553,1.391044030353022,0.006163002521432449,3.4129757482776863,0.9885301284526891,0.40068834195169467,0.2815744279235166,0.7957044715843722,1.0723075537682827,-10.660574511394007,10.002807802087478,-0.6017727271563437,0.03248919655475695,-0.7006728827196453,0.7124114165976013,-0.021724111718713784
3139,990,OK,1240,1240,,47.798904,0.05617300756038213,0.00223249587374937,0.05598859002678558,0.07934174833839074,0.0055554046748462005,2.0102728835631827,0.5580682644324677,0.10719484749600372,0.0739321410119107,0.5232649844438866,0.9964380725484874,52.571404407799754,-1.0937596690251015,-0.7588001939544725,-0.5026763735908877,0.49490155770363325,-0.4912330072612398,0.5109589457022068
7000,2520,OK,772,772,,40.91661,0.150841456145132,0.09459388376793815,0.7192019487410173,0.7409133490572044,0.010220909590465618,7.795129801624592,0.9730020985651363,0.2436769393732987,0.21292788021576087,0.8402363547892095,1.1963896943805021,-8.69575727654034,119.22676234827095,1.0780535086156562,-0.0020903173279223928,-0.6990862391268179,0.7147847782048984,-0.018888665478648335
9540,4770,OK,1001,1001,,41.40896,0.016892112521259356,0.21296919322628885,0.22018319515791518,0.3067928619750398,0.01467738667527505,4.584608775353843,0.7008258341297398,0.19763176532759302,0.15855867235306342,0.626899551441638,1.1555497317935415,108.06293653746998,113.23404145464973,-0.06330757447909294,0.5148163761206862,-0.4831744234107008,0.5041961330544729,-0.4972854661586413
3470,9190,OK,1221,1221,,24.082518,0.1308168129824116,0.08208181128617242,0.14045106439296062,0.20875096117625339,0.018178150483083744,2.0342054724139813,0.8373487949568404,0.22301677300517886,0.13753374192741008,0.7407015319134267,1.08460870827938,68.74590100754651,53.26929042456374,-0.035086802846059126,-0.6857895899707664,-0.014107112268909192,0.000795150524969511,0.7276626934279392
1540,4680,OK,1219,1219,,24.768509,0.8527993496115229,0.06923623642102363,2.558491491320239,2.697765575117609,0.027225069028732445,0.979811225629848,2.2355994481125445,0.18876926742532207,0.10841974247842662,2.0789137949093868,1.0429936142601985,83.8646527835671,113.71678887519276,0.31599227794707463,0.5692997477186558,-0.44840691733758514,0.4487305626447625,-0.5229435111747672
11420,660,OK,1125,1125,,43.320305,0.06798856822031216,0.044952070540579314,0.3599798955857858,0.3690916678556785,0.005700642531978811,1.9546599531632871,0.8470857003368595,0.23398039025876471,0.16841860766374506,0.7569299349361618,1.057723335536265,-5.631127110990885,14.707244612514929,-0.7444390055839433,-0.42166259028896913,-0.5621089622290243,0.5784084994320563,0.4143401770494426
2040,4340,OK,923,923,,27.926933,0.10079174607704788,0.02078354949663406,0.6382346110430719,0.6464784224861959,0.019316712699202335,4.786285382114786,1.6778935540250113,0.32048763590160934,0.24122404367315853,1.6172260912452727,1.2393535597073055,87.2821276777254,158.14409916879904,0.27460260164189976,-0.495977692225781,-0.5014537451510066,0.5122872944627923,0.49001224292910306
9480,4720,OK,1356,1356,,24.722473,0.07018196550254481,0.02010436081061657,0.8093771693409626,0.8126629657218255,0.013434890832908244,2.019580813425084,1.1515018739122032,0.21254186119336038,0.1369127930817794,1.0708448855561077,1.144910577747963,92.32600797660781,113.6098103380195,0.3067310492458333,0.5190690049313996,-0.4886438227532635,0.5019220979658422,-0.4897640147848463
11400,680,OK,1651,1651,,20.258194,0.02002709894367749,0.08327428880301878,0.46545462502305446,0.47326916212986103,0.014450421433150064,4.06729022007239,0.41725136116351513,0.11646967701786781,0.061889670790848506,0.3697849473813575,0.968104908521342,-3.6391324401009553,15.354465816969139,-0.8867469935884599,-0.4808915563155296,-0.5147855546577408,0.5284936066485993,0.4737442891599914
2999,840,OK,1610,1610,,31.502026,0.02323011119269691,0.018360946705319178,0.22078577563419188,0.2227624769846402,0.015149780494057567,0.6584603282315401,2.6919238659926363,0.7354740862656426,0.5029762523717012,2.506837107842413,1.229380835851617,6.780823939306459,0.11738721161069901,-0.7193229102045128,-0.5028984784182662,0.5002284920417562,-0.4884923435561211,0.508173008375368
7160,2690,OK,1757,1757,,18.20408,0.2599389814252059,0.09637332973524225,0.7650252110424498,0.8137073591157794,0.03087837072677243,1.9436592115877296,0.9416238788334275,0.38567291802152115,0.21394581092049747,0.64495687457228,1.0372719149546668,-9.649403177244507,68.62832441590297,0.7186816026190066,-0.007838794255344474,0.7180579272948087,-0.6952744405565745,-0.030410831334379124
9440,4720,OK,1588,1588,,19.8894,0.32639784374194203,0.2156229696481864,2.9556456132990725,2.9814207701787656,0.016996764146852816,7.393746463678225,1.2564283508323726,0.28376098598009614,0.14579848515006927,1.1040974012324716,1.0916551700143915,85.03441126260327,113.72562714805112,0.20451796192402572,0.5485643777100464,-0.4586124914000578,0.46380512508719607,-0.52310277401508
11400,690,OK,1245,1245,,16.721926,0.06327105800135391,0.11504888097360165,0.5863913228648547,0.6009111875519401,0.020026127213843337,5.478621688763513,0.5866514650671376,0.14339035051131765,0.05545549817978501,0.5111145702124524,0.9799821557831662,-3.768610521265127,15.332379397754401,-0.8972155512720005,-0.48221173185110533,-0.5154162040118143,0.529439087455719,0.47065086314726423
2040,4380,OK,1721,1721,,16.408321,0.16265128330277479,0.09270738929954125,0.09745207144068946,0.2110616171141912,0.004905138016903949,5.4163328688661245,2.1573796829913823,0.4058979449389697,0.21501235572366184,2.0985075474006187,1.3867446826097918,88.02273761254799,157.9135275768992,0.18141341611734457,-0.49412168459385086,-0.5043121602784565,0.5072064783016951,0.49422119964465683
3039,150,OK,1153,1153,,61.357086,0.07643698797609003,0.00496888214747419,1.3320621627863818,1.3342626834502214,0.008006039153334654,3.3526538199619202,1.8859570567847759,0.19623936800711972,0.17329773157150363,1.81628391262774,1.2634904758119085,20.93062444602495,-0.26323661740160004,-0.7660096842344853,-0.500257788698,0.49821530057842905,-0.49917856065809635,0.5023389529947324
11640,860,OK,1843,1843,,22.319613,0.0654481784077825,0.03481775113505413,0.10973261583454974,0.1324272888376575,0.010316542462952523,0.6560049795157537,1.918770960255469,0.5319829051037548,0.4143344483321427,1.7743157006034949,1.179404282166724,11.414622532545833,-0.10362506946379922,-0.7606055062347551,-0.502419100603165,0.5012118223989409,-0.49253173383419957,0.5037601091818568
1580,4730,OK,1988,1988,,18.556581,0.176490306448122,0.11907660083887682,1.5668093174386533,1.5812082412984292,0.016746228239027362,1.4389502630874882,1.3242538265860397,0.1387009331628941,0.07580005376361787,1.2678575371756962,1.1515231767281418,92.19879602533621,113.62707857597468,0.225918592658531,0.5146489432455745,-0.49063798424639543,0.5063352034209592,-0.4878888145956036
1680,4830,OK,1764,1764,,24.35941,0.062185856097258435,0.11875594376835653,1.5295565532413176,1.5354195857948152,0.0031417523645408006,1.524880300529425,0.9784049908097758,0.19065372855980578,0.10291694863490064,0.8086389775104603,1.1708032215484416,119.26128625170425,112.60394355713993,0.0788982333435465,0.5065914283314765,-0.48336492815942905,0.5078423894394825,-0.5018162795833765
7340,2860,OK,1008,1008,,33.923187,0.13584748188493712,0.09419664906941869,0.5400703068603452,0.5648039335757258,0.012678030843540184,4.89012284579867,1.0398837731008213,0.20072502502499545,0.16767813899027617,0.9577218094004465,1.038032695369849,-11.027811186655565,12.937914706545087,-0.6091856189308472,0.029277705755447775,-0.6956204526440867,0.7174587730105044,-0.022536877316853655
3670,9350,OK,1249,1249,,30.05966,0.2100268310121293,0.6758618406837256,8.428528169718309,8.45819056330445,0.02157255447740227,3.0248304172477023,2.8858398028134205,0.13373326458455037,0.1158748326248919,2.749885163491358,1.1515556693745372,69.88815145930835,113.29005274978387,1.2765893743225514,0.7171572190942505,-0.03621607972910844,0.013315561846828215,-0.6958423776134647
1760,4920,OK,1062,1062,,32.302013,0.8255551275144131,0.08129447473068024,5.119826391631355,5.186595447943864,0.03862432957738444,5.763293318951579,2.6844394694703393,0.14319767544899542,0.10428446940512165,2.4724466658514412,1.1753866287941404,130.66294205917404,124.12366393462585,0.36220683026324785,0.7004786054151304,-0.13884095474989297,0.13419675435722697,-0.6870546876048502
3059,150,OK,883,883,,75.73638,0.19114207970146652,0.04203484017562743,2.4438121036687406,2.4516361517278673,0.0105908304469366,10.177464735752316,1.2851194901726097,0.15061053072811115,0.15508889755054933,1.2462790223555271,1.1630213412963553,28.863951932232254,-0.6197868768510877,-0.7954499562946605,0.5012452906084924,-0.49847453784128454,0.5009647819248482,-0.49931010508271806
11600,110,OK,1382,1382,,46.11586,0.23369183568692434,0.03630582309548683,0.23831006790499698,0.3357404880592293,0.012070107274839193,1.1453311772209835,2.386478598811766,0.5534688439437673,0.43920123614838147,2.2559202439654014,1.2218959088787973,8.658619784061356,-0.1666858426162329,-0.7554218807014063,-0.49724782991610395,0.49946848832277374,-0.49468798319192153,0.5084875850026209
9460,4710,OK,1803,1803,,20.806921,0.028400760213156635,0.05646882842800824,0.5005667384628038,0.5045417638015767,0.0077366506937320365,0.5324628710733793,1.1097903167017582,0.2314921332598452,0.10914231387395246,1.0351954332269528,1.1123562603170494,86.9291760874293,113.7703150233361,0.3773862667495401,0.5215498428786599,-0.4805491268542043,0.4982911185330769,-0.4987627284230068
2899,750,OK,1687,1687,,19.150967,0.34238430711942697,0.1275591079988591,1.6100733185601137,1.6510101244190758,0.00945019304379598,5.053531185193709,1.478629597154037,0.1057842694709965,0.07620837068790243,1.3973818500878679,1.025985195107214,-11.222387022594544,8.45603132426098,-0.7147674597812593,0.05397482762402691,-0.7007207503726965,0.7097135880976001,-0.04882387581615969
11260,510,OK,716,716,,64.12474,0.15646852307181316,0.16112163074783137,10.655904744167605,10.65827136525341,0.01034151990210465,6.763046595377063,0.5460348073099638,0.1667634352428704,0.18684598144314712,0.42817710431458433,1.1083713571210312,47.46354428006132,13.494055889450458,-0.8427598412828871,-0.4914902593970299,-0.5040233717044809,0.5186174779630519,0.4852150834884776
1960,4270,OK,1876,1876,,14.804958,0.01520120423380967,0.009234974355690586,0.2751117180460938,0.2756860873671025,0.008246329791164766,1.5617777494527734,1.2632665163258596,0.17696800855676598,0.12081263878156734,1.187151842509076,0.9914436445550721,112.83825521615753,157.6017144156118,0.15849644373225183,-0.5012739345566425,-0.4982896125652803,0.49647934911362257,0.5039247567319547
11600,90,OK,1119,1119,,76.30846,0.1900063498457807,0.0018399349339860704,0.5843243097174033,0.614443404447471,0.009896383775589278,4.695671461880585,2.037112892896399,0.507271385700635,0.37243489691806864,1.9334699287701556,1.2040089004008172,9.004448838992055,-0.08653938482868828,-0.7228441592588033,-0.4999292133669167,0.4975114563364287,-0.4967850306195314,0.5057249902750434
11420,680,OK,1636,1636,,33.08415,0.06499161433340944,0.06515334654643587,0.3842082820856697,0.3950757807346385,0.006957022781460714,1.153875512184449,0.7791688754061883,0.25221578154223545,0.11748194995928585,0.697364990680887,0.9153145868820628,-6.38366120648163,14.620416580608232,-0.8401587586072501,-0.4221394244474164,-0.5599264728658883,0.5811640834209758,0.4129515219158619
7380,2890,OK,801,801,,30.591503,0.48445774701941247,0.07666918071944555,0.1535007380715525,0.5139454723098817,0.013892689167321743,7.487779324172762,1.0421260085903543,0.33315260701683314,0.2318344007357087,0.9403987494672945,1.0879632167845485,-10.403145234512781,4.394774390521227,-0.5081960121508154,0.02605034069577638,-0.7032704119994644,0.7102654880559761,-0.015970091807615563
11540,0,OK,1444,1444,,18.468254,0.1428940223188603,0.03205983186084416,0.16292987749516996,0.2190723154896566,0.01220489631109328,1.9963273725845292,3.056934719597368,0.6733811736059494,0.4733870957381183,2.9030555249670256,1.2503098728844522,-1.9098716517058372,0.9991357671365471,-0.6756351927234366,0.45116089345118987,-0.5484700118549702,0.5512336566659548,-0.43792231054698877
3059,930,OK,1803,1803,,31.68745,0.07218368142565162,0.018823640504411425,0.5471404651987699,0.5522024103206411,0.00686567185077751,6.314235442717195,1.0997999380458008,0.20463333297358433,0.12411776354251747,1.0599903071357883,1.0723090794612549,25.87453816121239,-0.567715544211272,-0.7932616000865624,-0.4989264941339064,0.5005709922251264,-0.4977228071972951,0.5027653949802492
1860,4140,OK,1819,1819,,19.879961,0.04160150127994178,0.021532095047075102,1.223173582321301,1.2240702302215285,0.011274288797144684,3.284848093084437,0.6340949593378966,0.21532654917087513,0.14498715354176772,0.4720907942496364,0.9406032575586442,131.0452079706338,144.83349432609722,0.22959469071479877,-0.7054382449953597,-0.0003327484259913607,-0.003483470638291294,0.7087627510025227
3290,9040,OK,1026,1026,,27.352995,0.12030227606152338,0.05027527487180934,0.5910639217021334,0.6052741531132192,0.008605874062985143,4.49422744294628,0.6604225959932133,0.1708745558994318,0.08707923730733969,0.5428367015559239,1.0812882015696426,68.54635777957341,18.670208023943697,-0.9317743376359492,0.7113390128299435,0.029169568047445128,-0.016754440254745803,-0.7020436125040932
3510,9210,OK,871,871,,27.107016,0.21190458419969094,0.050585059264656666,1.2202089924869943,1.239504895662691,0.007920747032394653,5.4677771338314045,0.8005213546965583,0.20874278184234735,0.14919249771848156,0.6906767257397335,1.1518915329018449,68.6276674344215,61.60370323472037,0.4549203974294228,-0.6879712432012962,-0.013342893518020683,-0.002372912007477749,0.7256114008263888
1700,4810,OK,812,812,,33.496574,1.0481847802978612,0.5933488622070691,2.168482945282501,2.480538749931468,0.04870942617137712,6.8796053051934205,1.1746543513413634,0.19718690569290453,0.12243847209713232,1.0244245286793205,1.2208926256237163,123.50617964155552,113.63008943427272,0.6015125019650849,0.5236118614416444,-0.47715335845305984,0.48716073816379984,-0.5107148972433478
1840,4980,OK,1780,1780,,25.936474,0.030654345401995686,0.10202808122784773,4.936372690634933,4.9375221274539545,0.01612424751882075,3.995411751749427,0.941666743218117,0.3599487132315491,0.19667923763175388,0.6320438748934052,0.9933521349891599,130.66814764572723,135.39243746716662,0.3033036898620899,-0.7045952779025032,-0.002608565965036517,-0.00782114224301469,0.7095614980219225
1680,4790,OK,806,806,,37.844276,0.4407076439026839,0.7222517353015034,0.5225745927869383,0.9944621669861162,0.021519887063211382,8.637086921766006,1.067499390218091,0.1753258725243303,0.1482144569677275,1.0147516821177742,1.1650999112831133,118.24501140308479,112.86934981877975,0.7348832592876711,0.5070149604087469,-0.4913821098870265,0.5080437739662967,-0.4933264393267131
7080,2610,OK,1820,1820,,19.628592,0.039085560404141476,0.0837296820712507,0.17641724877086307,0.19915166671594567,0.014159113957631687,2.07089189019581,0.6089820450899992,0.17424213576874537,0.12026582215876624,0.4881694028922019,1.0269140573348123,-9.13918074640835,96.59417879519091,1.1919347015452129,0.007641277310753198,-0.7057096101228881,0.7084205546255022,-0.007474947849798354
3550,9270,OK,1686,1686,,14.692152,0.1975185749829209,0.008654069351559823,0.9917125772536113,1.0112281227609452,0.011101911135564179,3.2225318033534607,0.5081389697309142,0.17247263311964733,0.07666846857287934,0.45920449279445563,1.0581954920741288,68.73926049398315,72.27045692586177,0.7482378341813375,-0.6923797374137923,-0.014252673699635393,-0.0059719068877627296,0.721367795815244
9540,4790,OK,1825,1825,,27.57361,0.06559369363672507,0.056936592359259276,0.4202471418578628,0.4291293143495276,0.0116380949378202,1.2878084075339058,1.0433946715355606,0.22413574210313386,0.1163381750720931,0.962826242783736,1.0787841401734917,108.25980594228179,113.1568031545234,0.07651845410886661,0.518546597470848,-0.4824926889879828,0.5031824392700733,-0.495093591288325
3330,9120,OK,1684,1684,,21.413097,0.06185799589642334,0.2195851162456403,2.08505184784671,2.097494992399723,0.011758687673398155,6.9677642115502465,0.8533821258140848,0.3385414004319409,0.1527882427816749,0.6060217487272954,1.0747419450921543,68.35552820174881,27.43998967384832,-1.0037100880633796,-0.6867391340325777,-0.028133992035240637,0.010014254632738081,0.7262902690966588
3630,9340,OK,1847,1847,,21.64546,0.009570757056606871,0.1541310950134535,0.10413441399889445,0.18625780525813132,0.017233940622825124,3.1140747845824888,1.3248856640884317,0.247962206716135,0.1709213312045874,1.267487301988365,1.103541439611291,69.0527008699685,95.86541090208868,0.809176063143238,-0.7012584118116425,-0.009285677851464613,0.020603789471442174,0.7125488754532338
11580,830,OK,1408,1408,,47.445923,0.06746220381214063,0.012607248217548477,0.29687350819129055,0.30470308747469876,0.010631404579212644,1.6482483950685272,2.345922116560714,0.6418259310702832,0.4917723505252616,2.1858935234025947,1.21519082427481,5.174498047317767,0.26227652671617674,-0.7110172802105774,0.5043890404862515,-0.5039784639920287,0.4958574125653046,-0.4957043777027143
1840,4970,OK,1691,1691,,28.2267,0.08487521595555775,0.05352459130106607,0.401299401795776,0.4136543170802118,0.016290482584054168,0.4628260937313251,0.7786422779924244,0.3001828409964511,0.11925559615789671,0.5596496057911065,0.9691637850312365,130.62000495756456,139.92535082796562,0.16678319267859806,-0.7014505289490973,0.0010149303789652388,-0.016212869808080135,0.712532994468287
2939,780,OK,1741,1741,,17.037384,0.08844719045545912,0.03512078773068019,0.4814872143875222,0.49080170420338143,0.00790707893066374,1.8476937872021246,0.8152043564423522,0.14637745165280514,0.11941141837621327,0.7628320122633685,0.9263650380003513,-7.0176143211409885,2.6730383308153582,-0.6437563126609832,-0.29897837717179243,0.6437267817512866,-0.6405961647662884,0.29302613215645945
3530,9230,OK,1024,1024,,22.961548,0.026904426628553156,0.04797375348873523,0.4437588503569456,0.4471546113662781,0.00995129604220453,4.206555313520222,0.9546358207781344,0.2681279520284834,0.1630598023898796,0.8723427914714659,1.075724831183832,68.91542702973246,67.4637430443242,0.6488231509534622,-0.6816933050044769,-0.01520516024957499,0.0031539245607464465,0.7314732351724997
9440,4680,OK,1248,1248,,25.133045,1.1156812737490196,0.21392601603729056,2.607444538836584,2.844165267357111,0.04271450904629864,1.8114182369919516,1.933803465428853,0.19840707727526796,0.13300120573632945,1.785693334719328,1.0546298593716368,84.82097677142258,113.06203413955627,0.19909020887334483,0.5496513931475355,-0.45964417515118755,0.45287105598789296,-0.53058306127219
3059,190,OK,1877,1877,,33.368332,0.13029832611736147,0.04305501399565315,0.2164011809736337,0.25624374947681267,0.011409279292834697,1.0855425425162961,1.3624092820072873,0.3581959651645392,0.2631282912626254,1.2712764543290005,1.1888159827652842,26.204595871567378,-0.5979405411037328,-0.8433121226227664,-0.49665442482435423,0.5016124357188086,-0.4962063513219536,0.5054686968966405
7120,2640,OK,1344,1344,,21.807663,0.6891610439017722,0.10317510551950972,2.5445209274530676,2.6382143197771786,0.029436168181883667,1.3094547360116549,1.079343716333044,0.45768855446240586,0.1873617622345396,0.4251982146226698,0.9993737911496653,-8.79209364662311,85.36677743772522,1.0899633937622204,-0.001564303380593211,-0.705935908626519,0.7080110738612087,0.019296765440939553
1940,4240,OK,1682,1682,,16.523973,0.04353344208252685,0.007778242945925026,0.49870045634174376,0.5006573746569024,0.007115481153963832,0.23673261707127577,1.432365774630171,0.23878730372433332,0.15541508214426258,1.3866023474595437,0.9906673827575042,118.12259947362365,157.22600080612912,0.15622669255159477,0.5265487480952907,0.48036297128616806,-0.4651245531055556,-0.5250304579686434
9520,4800,OK,1561,1561,,33.213707,0.10699538350928961,0.16546435434048667,0.4898986212753176,0.5280408353310103,0.01551892945924114,9.433675576319338,1.067420065996051,0.2715034136278873,0.16240018335828316,0.9536656914803738,1.192920604475467,102.95970816856362,113.33817921037509,0.011126923529061056,0.5153667711210362,-0.4889073781058889,0.5022973524916886,-0.493015249802421
2999,100,OK,1450,1450,,49.91327,0.03827592747031062,0.004931319387085119,0.7949429274430743,0.7958791506418388,0.00427132239400535,1.6444234539132523,1.9285645570656003,0.573823705069803,0.40399558533413504,1.7734081871902134,1.1843702859840082,6.209804452265338,0.16973286691037634,-0.7085125788292356,-0.501919454231773,0.5001174220834704,-0.49389497306031704,0.5040110923164406
9560,4830,OK,1568,1568,,23.887468,0.04649240693386836,0.18362867630354832,1.4403972515826604,1.45279911792043,0.013407804144802644,6.552455378854124,0.846637002959678,0.13962817973586422,0.09412295993853181,0.7286008169242759,1.1066354207870635,114.16143075745131,113.05205961505891,-0.05605707048435794,0.5102836177207474,-0.4892287085797061,0.5099749423679596,-0.4900933159552941
3119,270,OK,1596,1596,,36.13548,0.05035623973605802,0.08914036049122931,0.8253673286651821,0.8316928411239094,0.011681418142462877,6.813958438868392,0.6087409706195618,0.09166970350154457,0.07754064835987995,0.5659255931380862,1.0093762687442227,45.98743337466195,-0.9931377066834038,-0.9239476842949149,-0.5028566296354989,0.4937929522163875,-0.49337947047501124,0.5097846883605357
3039,180,OK,1883,1883,,33.082863,0.09109519995878476,0.04839950821161855,0.34392399456561407,0.35906066602821596,0.011258438422582229,4.804614659603545,1.2870801934888423,0.2470124642730771,0.14573569650460128,1.2457314646299489,1.1931518366699072,19.25442653271419,-0.3438536153760379,-0.8261905564356313,-0.4971831675798286,0.5009599449901365,-0.4954896218729123,0.5062983962121606
7280,2810,OK,1747,1747,,23.343134,0.10213507634660925,0.04671571504327263,0.044203951021348054,0.12069764346593385,0.0132612839347881,0.34945194914183003,0.21737159486577382,0.04702306841655901,0.0538850550785559,0.2005268212273945,1.0030951047420096,-11.413447876028911,27.409683464554135,-0.7877578006541003,-0.01015323112874293,0.7223967590052449,-0.6914011360980302,-0.002074482759036105
9480,4740,OK,1887,1887,,16.858246,0.06990685907339489,0.1220362766694319,0.05797460557019951,0.15212125643665264,0.005221025704000621,3.167152852218684,0.9214364653877077,0.22580023361807733,0.19791346947530242,0.8503993953533069,1.229098530710526,91.57126508396047,113.69172686827324,0.21866043938373092,0.5178965128809072,-0.48725721371839176,0.5064640967416285,-0.48770660066978017
3270,9050,OK,1845,1845,,16.324324,0.04706984434297387,0.14357238517251478,1.466620234333384,1.4743824170773019,0.008928412352989737,2.2312320889755646,0.7391875235412468,0.300130064194433,0.13685795478422547,0.5299140545763232,1.061248323852769,68.5177845787316,15.17187491562033,-0.9632211469545563,0.7123751780988176,0.011670121819797605,-0.0067595553109836065,-0.701669239953831
11400,650,OK,1539,1539,,27.299911,0.06441782404304514,0.03191925167520619,0.8732544602978075,0.8762087919622589,0.004605705150384023,0.6619886151629276,0.3631546132152349,0.11528668718256019,0.06521553180351591,0.2961158829952524,1.0633564645279892,-2.2930114605652903,15.365126435816789,-0.8031172023683731,-0.4810076111109065,-0.5114820255275792,0.5261963099251736,0.4797241488988381
1740,4880,OK,1646,1646,,20.29795,0.09033592063497327,5.799523980880295e-07,1.2946232476250257,1.2977711400121645,0.02510663146730318,0.6852857447941879,1.9978998587910812,0.20229762169843235,0.12673683250134715,1.961827071258913,1.1849401188905653,128.47130118416536,116.53763323820453,0.324982547372198,-0.6358410528580017,0.2838592448621736,-0.27701906599702464,0.6621106566736715
11400,620,OK,744,744,,55.924072,0.3380840793597889,0.11077558295106195,1.503751151386421,1.5452636020403414,0.008938604886634059,8.023664483733857,0.5298856431514999,0.24312608429897775,0.1691074089039315,0.4116472394014803,1.0293037121557906,-1.6431948699565835,15.139030627290786,-0.7256860529646729,-0.4808183009835193,-0.5130587867422124,0.5237662144242852,0.48088813191176216
1700,4820,OK,957,957,,30.308773,0.4249038937017805,0.12305102764546627,2.8529040489707924,2.886996083634594,0.030335588558799854,4.513961482260748,1.589167634615036,0.22448217660793723,0.13889372488929963,1.4073427835837684,1.2764045498723786,124.22736993283718,113.27387894318808,0.11447704977266246,-0.5192951975013055,0.46927276885382807,-0.4863470322975343,0.5230507914531085
1740,4860,OK,1019,1019,,25.914356,0.27251354546845047,0.09960696255905989,3.1582164153890937,3.1715163732648715,0.039140743173258205,3.231915436285013,1.792880958043961,0.29477417866381206,0.1895203521412947,1.4351840119428338,1.0811170630572633,130.12464613665878,117.44959185971318,0.4642774112757617,-0.632705318677577,0.2950600409800738,-0.30213280680815047,0.6491065544147369
1560,4700,OK,1627,1627,,24.839502,0.018738660537698487,0.11709785416842602,0.3607365693456255,0.3797287417523834,0.012507820426091568,1.043234063622707,1.590726760955846,0.4189964522772094,0.31168126066363255,1.4231669399575289,1.1203544721009089,85.24497451377654,114.02067566090159,0.31803095096465017,0.5160264936580364,-0.48238441046554587,0.5049645082289079,-0.49601691887670274
11600,830,OK,1066,1066,,70.29491,0.16914707532800688,0.06279005553261324,0.7454182609529445,0.7669430930179365,0.010872578701209645,4.540321154228297,2.090748653963492,0.539143308777712,0.39152477693051857,1.9550087774802476,1.1791214992094832,9.161529807471902,-0.06249924070860163,-0.6715266392814784,-0.5000307147611316,0.49872326208448253,-0.4952653748166322,0.5059215360696019
3019,880,OK,1563,1563,,16.722605,0.030356513580995226,0.004118037745695878,0.7197573951027358,0.7204090393358095,0.007844122142161784,4.855816631151791,1.2903539375150503,0.2881054300289454,0.1846132959704021,1.235760695647202,1.1175644168506753,12.32578158958364,-0.06774334288786943,-0.7697481223372602,-0.5000294855717141,0.4964353972066374,-0.49534513499805366,0.5080901565597736
7360,2850,OK,724,724,,37.21251,0.2624798864966472,0.19643667115777147,0.7529972411647385,0.8212721240810178,0.012524823452831877,11.67951701945458,0.8912609830026026,0.10823557363575342,0.11807105436776588,0.8414713427513059,1.0564762669200818,-10.752352914786949,7.926325301485379,-0.45101658045407056,0.028657592608551028,-0.7004289393167688,0.7127977995076032,-0.022301129356767202
1600,4750,OK,1864,1864,,17.097586,0.08561983519708123,0.014720083867839205,1.0263066072902016,1.029977033343839,0.017833862713570132,1.135040263420852,1.1601857051154485,0.16471876200010493,0.07932758164053366,1.075992693488983,1.1672010258578251,97.33737001536355,113.39774681371125,0.26667838532646987,0.512965407112005,-0.4980198686947579,0.5078047610862496,-0.480600692997636
3290,9070,OK,1853,1853,,14.691127,0.013279730811834117,0.1608863131701888,0.4047365937877907,0.4357435798343723,0.007210343501582128,2.5815738579616023,0.5025254696782652,0.15279000480569266,0.08844845069843044,0.4040964574725172,1.0448669932803016,68.49741639056752,18.475953532682325,-1.0634153816348377,0.7099662398100443,0.02557166956162725,-0.015398104813963418,-0.7036028186512302
11620,860,OK,1646,1646,,19.882936,0.1510007887812371,0.05318899870105411,1.2577295083954951,1.267877684985484,0.004732441183146005,1.7191231802271076,2.076568551995402,0.7426179847393137,0.5216158048842914,1.8554187993942,1.207321176306634,9.18863387100215,0.1548995351865513,-0.7553288374252969,-0.5018766938768697,0.5033560394997117,-0.49424498960560204,0.5004741470766951
3019,870,OK,1688,1688,,35.728424,0.022004583184277227,0.011286833622321572,0.5064294556755669,0.5070329258245293,0.003511382201577645,1.9813234361485887,1.7154954515067173,0.4081336446649759,0.3046068085871876,1.6203667691999257,1.1687086541293135,12.539749995528563,0.016491837602002124,-0.7579506651533133,-0.49961311537254727,0.49788497713109947,-0.49594326102170505,0.5064953764271295
3059,170,OK,986,986,,64.49263,0.34115788839354916,0.10289783475754775,1.273179674235382,1.3221055752461868,0.013508269575565694,4.923112228815974,1.26651446782136,0.1368053668701288,0.10723366286974179,1.2392458081258226,1.1645800126821337,27.69887611674273,-0.7247232285415701,-0.713727610965458,-0.5009738615540096,0.498383063822619,-0.4960485753576576,0.5045545784353574
1880,4980,OK,793,793,,29.627249,3.209782261648364e-05,0.033289366675203685,0.3365167152285009,0.33815925625670273,0.019448494003068018,6.684059214129186,0.9994400213531681,0.3156032129625437,0.2302328563079794,0.9000194954061946,0.9761416411340876,130.32105811626553,151.24118490282683,0.23967861259496645,-0.6986112343688197,-0.09428778150207935,0.10534584618532039,0.7013946180037235
7000,2540,OK,1510,1510,,28.574272,0.1336778616937262,0.02304230908550598,0.3168285127164809,0.34464623193230515,0.009228047463715116,0.9888651631521601,0.7388583434754775,0.2053781271843591,0.12753907611498205,0.6289442259431084,1.0915845800553503,-8.71255233287489,118.82774214115636,1.1562013162401554,0.0034472595026625737,-0.7005179321327539,0.7135389893014685,-0.011173804589775833
7280,2830,OK,1898,1898,,29.906982,0.013037526319840731,0.03266202621243684,0.27046211643939566,0.2727389621556107,0.009117035769294976,3.368006338016908,0.352484270393567,0.08013229418938395,0.0762527760228271,0.32862576133609833,1.0342512763013167,-11.355875546385281,27.725618436112523,-0.7519085691509465,-0.01217891700600505,0.7235617903551872,-0.6901382585697164,-0.004381047467913277
3650,9360,OK,1714,1714,,18.748343,0.2529443903847478,0.19646655612228017,1.6670240034382084,1.6975125921008105,0.006999936253977025,3.5481329795080767,1.5863429360659773,0.12756931530565452,0.0524311363395793,1.4679277672502042,1.126376600523672,69.41759108723568,102.51018942231374,0.7445708131012937,-0.7067273926471911,0.009299274052434829,0.011240452899438138,0.7073355414531468
11140,400,OK,904,904,,17.697182,0.6567597833187455,0.07188943806079766,1.7840423674529164,1.9024480737083442,0.021911669028711177,1.622467791892706,2.9960005794173474,0.2104836941736593,0.1270123836843371,2.869535500659497,1.2946445409111405,65.49205925643555,11.465703717627528,-0.8138786816339656,0.634854053407491,0.31987728224087325,-0.320069770006726,-0.62625409979186
11320,590,OK,1684,1684,,15.78454,0.016341852390288764,0.11472353606060237,0.29380179098592496,0.31582912825186255,0.014295975301512056,2.863200027197196,0.7943316480539587,0.14753231775883613,0.12851523273552168,0.7284638008617037,1.1306277360923922,17.434110560254382,13.776650640038108,-1.0603362356892072,0.5187244517780297,0.473150714460117,-0.49797640840069635,-0.5089919854082243
3199,1070,OK,1546,1546,,31.186451,0.30497097524157435,0.27737526043426575,5.347742210807872,5.363608028565943,0.03709245517258671,0.8207297385487232,1.7734159446614757,0.2518369813591228,0.10887794924533306,1.3196604246079282,1.2426735446790191,69.05461633207142,3.132177181698293,-0.3556610811278435,-0.6066837517135653,0.36177531215994235,-0.35068868949531573,0.6148746961604351
2959,30,OK,1329,1329,,21.122015,0.0482547190054326,0.06817761015169368,0.897839942914572,0.9017168444279676,0.013682673563775912,3.6618749426985375,3.0897253326135465,0.7194506053172011,0.5399432709022767,2.894816361717509,1.2615656586617205,-4.244678746970346,1.3706649691574886,-0.6583243611552976,-0.41592490634294016,0.5754126049170131,-0.5737883870228346,0.40825689621115724
11540,60,OK,1515,1515,,21.811872,0.08719299182985901,0.04513474912466417,0.2922220435590219,0.3082750170620369,0.011108610551403648,2.6305253673390663,3.069234079990884,0.6522900903555633,0.4985789126285267,2.9301783580767466,1.2690243077012782,-2.0490888968113508,0.9692478226546697,-0.6765118131241146,0.4510333364150744,-0.5491075938881314,0.5499639209563723,-0.4388501628380312
11380,620,OK,985,985,,39.314823,0.6914888696948629,0.8274118568885676,4.426875225391002,4.55631336707785,0.03471391594624905,4.306292482496805,0.6404270347874064,0.20845300401895128,0.10329395514617157,0.4925176537155922,1.026313174956083,4.913432616688775,14.616931848620531,-1.723418705014044,-0.4984209300550019,-0.48477280925981386,0.49928942768901047,0.5169931984885638
3590,9320,OK,1465,1465,,27.753124,0.12519357322411218,0.061669102848069514,0.8291028512200604,0.8407663450233606,0.017992795046897447,8.53177284405216,1.5700890312406521,0.28056995274829877,0.21908727467383238,1.5164818694419928,1.0390260794144437,68.94612842536517,83.76235648455075,0.9145285486175403,0.7072225355050058,0.022440721103303588,-0.00025372955687210443,-0.7066347252517007
7300,2860,OK,1711,1711,,29.2766,0.05644841286918689,0.042856765499403496,0.583556486186044,0.5878446208262211,0.00612990726203716,4.618692081955103,1.107549081949792,0.0811228018344794,0.12292977279890938,1.0690062321895244,1.0110836056316526,-11.31438790737682,22.32320356005613,-0.8394486102409117,-0.015553483196901918,0.7103769916881756,-0.7036326306587392,-0.00487236213388169
11340,580,OK,748,748,,50.47977,0.026908177542623535,0.5133424421648336,3.658922113763559,3.694855281000111,0.01564922830068951,7.207907572880919,1.0699434303325066,0.3496484413350912,0.25479814661735434,0.9382310494757369,1.1889606980783918,14.971572805538571,14.090839038759869,-1.4147033823917974,-0.5158423732636663,-0.4741785456269336,0.49094049802833717,0.5177246181209878
2040,4330,OK,775,775,,35.00496,0.015438027947875686,0.12636053536344166,2.7577680773233118,2.760704635760184,0.0025481932546826493,7.563415673514886,2.373489036713672,0.22661275724452068,0.21795695799133252,2.318240842414422,1.2068615260205076,85.16503681951039,158.0212293266795,0.40011224508371057,0.4936877085222415,0.5056479464083707,-0.5051235277554437,-0.4954218631176375
7340,2850,OK,787,787,,36.858627,0.44978860219945915,0.1919468486659628,0.7640059277820184,0.9071154485882158,0.01379036280615817,6.865162390519717,1.0549026856181494,0.15553995894352501,0.15203967372120197,0.9906710166116799,1.0576237175280028,-10.770503225366395,12.728667568549792,-0.5482922744536944,0.027021530454551034,-0.6973784157302517,0.7159736927306799,-0.017744111221809158
7120,2630,OK,858,858,,34.162514,0.26415020840803605,0.1841997875736392,4.30164269882013,4.31367996062025,0.014178757069161326,4.850522562911449,0.8382543176010122,0.3490098265971273,0.186939813052382,0.5265961669066792,0.968588955551471,-9.25126164073027,87.14480940029108,1.0534109437621566,0.006346389104659812,-0.7050160936634433,0.7090758119195183,0.01111413386401158
1920,4220,OK,1584,1584,,15.841335,0.3233112752158149,0.001199411926530897,1.4279113927806966,1.464056885815423,0.044096170422732776,1.100973707300209,1.1940016022000475,0.34055369187597284,0.11753719851846745,0.8371805990749586,0.953038166386427,122.26926665228368,157.08128282632185,0.18503009267731474,-0.5692236284356377,-0.4243629855849504,0.4124478903062566,0.5707777633001414
1900,4170,OK,830,830,,19.635418,0.32481481276638546,0.25080235068839374,3.6649537737648252,3.68785746003507,0.07617074800234118,2.448583658907068,1.3094150195098704,0.4337774181514922,0.26922308781561977,0.9649565884226625,0.9179486505302898,125.50037685370063,157.49217342357602,0.427147210120745,0.6649410552481778,0.25433538272217104,-0.24147040804382552,-0.6594383581352808
7300,2790,OK,757,757,,48.13776,0.3123928589809126,0.6414390383100168,4.48740639414244,4.543770404014798,0.024602069931065774,9.021499809712914,0.6409425511198894,0.12111580958589224,0.05351053998137484,0.5847879570835142,0.974803985025114,-11.516401432977446,18.40366554601146,-0.4534313988455941,-0.014883717753825833,0.715579117841456,-0.6983630659153507,0.0037455600888784686
1740,4870,OK,1355,1355,,24.378267,0.309500874414229,0.03247949124849684,2.3845536256336644,2.40477477160286,0.022771311984973803,1.268725940943191,1.8883052121516604,0.11539442241354436,0.10508122661661945,1.756344412572334,1.07561269756688,129.07202955525736,117.50430812179012,0.328623077074759,-0.6325318531129152,0.2937490695749902,-0.2922143548562236,0.6543895703152137
7180,2710,OK,1731,1731,,20.038511,0.02581656287964155,0.0586323327159205,0.3159629192475639,0.3223923257431409,0.00474645238853027,1.9233710167609974,1.1720383339997642,0.3101931514151337,0.1793900221176407,1.1089120253402092,1.0337420799213533,-10.304373822990772,60.52859699464394,0.45471223596149707,-0.011067502767312663,0.7205118108396255,-0.693276401400583,-0.010395772417534595
1800,4950,OK,1663,1663,,35.359493,0.044876909715457554,0.11673408892794111,0.4153974745321385,0.43381545199672683,0.007765928648987495,5.146361180380979,1.4403980207290636,0.3276421923533539,0.18386405132501693,1.3217480391350573,1.1105751502093746,130.32086276033175,128.12006902296093,0.14334380125898488,0.7074767146291159,0.011092598550211379,0.01059891422293506,-0.7065701065940247
11560,60,OK,1462,1462,,44.860134,0.05986213124980605,0.024623761800918034,0.5730869357849688,0.5767308214153309,0.009279284197099507,1.251066662230932,3.2443830384415038,0.7417076232465007,0.514586505875132,3.1057294208017225,1.282168164873145,2.563254974037555,0.3436452634184108,-0.6569886665878616,-0.4836676572110486,0.519195768450825,-0.5176192330632323,0.47809170768144865
11380,650,OK,1881,1881,,19.652763,0.008585929915020628,0.01632671156403913,0.9827953980329687,0.982968501071007,0.019624867088448777,3.0691121522415163,0.5724837453858037,0.10657452897610231,0.08991692520720629,0.49880761197336465,1.0527079188883066,1.516419455423819,15.33608286177055,-0.8969981879728856,0.5120551069064794,0.478484347190258,-0.5027587850152947,-0.5060493069601532
3039,910,OK,1702,1702,,32.28032,0.011513701728249164,0.04557093693019438,0.28853331403979343,0.2923367047275605,0.010577149233744875,7.125650661336585,1.9927082531160814,0.3410479832726607,0.23874019367884514,1.929615676794442,1.2032009279489118,19.30886059268557,-0.254358522819635,-0.7683738819314692,-0.5000309326222874,0.5017605744021222,-0.49504111812049134,0.5031298875703489
1700,4830,OK,1098,1098,,27.468956,0.7639537264080594,0.3770494915897715,2.984836920623764,3.104036574836002,0.03565808464691764,2.2274544531061244,1.3411003214260813,0.18278207891149778,0.17716366556219199,1.199284034476186,1.2283193947393216,124.34409009371257,113.65422934907588,-0.15170708521547635,-0.5182294590504974,0.46986329910528724,-0.48875626802188826,0.5213290883841416
3039,140,OK,963,963,,73.48922,0.08832454545909685,0.0582150132810027,0.9671468283993008,0.9729147962615688,0.0106423626334587,5.688445383854254,1.477728390406011,0.2543037861810976,0.1959366690895099,1.4303707049989605,1.2045860457801851,20.565416097259632,-0.27590868868776025,-0.7142760357951322,0.5009311396241236,-0.49759437450691385,0.5007519421499989,-0.5007148132889161
3179,1060,OK,1384,1384,,28.650795,0.682688510886226,0.0006437896646063587,2.121952377767053,2.229068395288138,0.017297189846173747,2.8512544914409204,1.6842179254553398,0.23128404491437293,0.11806713056190654,1.4863604112227256,1.2114436612677024,62.846735713534386,0.45255321011627725,-0.6606021069732085,-0.5377094121676275,0.4570173526628616,-0.4579675988788984,0.5406194648812328
3370,9120,OK,1794,1794,,19.25053,0.03441638266858836,0.06805118603345463,0.374046875408387,0.3817414259932081,0.00694831474868494,1.2226779293338743,0.9429964364679646,0.3139454895750482,0.10670763452278842,0.7944344774426217,1.0837237795924584,68.2582726162288,31.46314293584293,-0.8373183700205709,-0.6949566290747797,-0.026396099230074615,0.004626101274234449,0.7185521058611238
11220,500,OK,1696,1696,,18.833292,0.03146423529620267,0.055624465952119985,0.047579982651657415,0.07967392336495914,0.0030100024926557668,1.36637086818888,1.2483660945393766,0.26117337401906804,0.14963287968709915,1.1900120303670123,1.1599626489743935,48.101432297497745,12.9779572680236,-0.935822494946948,-0.49443322247627497,-0.5023333216880557,0.5184359412323941,0.48417062826244706
1580,4750,OK,1704,1704,,16.743044,0.032046626330408695,0.15316958623796254,0.5050919860167431,0.5287776685392522,0.010923321625507567,6.811762312801806,0.835282019683231,0.17960333405645557,0.11104424494422105,0.7738123243746049,1.163302917127164,91.135969338356,113.78607094749465,0.17289266201926728,0.5126857097035643,-0.49114072021127203,0.509069463242589,-0.48660295684470306
7200,2720,OK,1294,1294,,22.389034,0.12721048291987067,0.055292872844861896,1.2419952811700292,1.2497168028000443,0.007459919951552851,1.9641087774847128,1.0307790032437651,0.4377390273336532,0.24478021396053518,0.8431346736171506,1.009646802758077,-10.391178633781767,53.7726159431058,0.26827957033426314,-0.0101737637857647,0.7209244220361762,-0.6927794793902238,-0.014868260760675501
3250,9020,OK,1467,1467,,23.137026,0.17259351006237122,0.06960234210574728,1.6175520941113606,1.628222276873248,0.017492327700433123,0.5526282049673525,0.9071930344517086,0.36474118884963946,0.14058614789768642,0.44243026058684265,1.097245293536904,68.55767585471517,11.056854149745273,-0.7831774755267171,0.7122738641662886,-0.03771328591573942,0.05195172639357687,-0.698959704572294
9560,4810,OK,1918,1918,,28.006754,0.022161798328417248,0.1446020663704204,0.5989254450638111,0.6165327174194644,0.006700538797364694,1.932043873949496,0.9244610971637518,0.16558080460190627,0.1305994302279574,0.8316134208193411,1.1332544475020176,113.32416541535709,113.08582827678266,-0.016106329518269683,0.5103297597730821,-0.4898764653532929,0.5119553236002017,-0.4873256935770214
1520,4680,OK,894,894,,16.286976,0.47748833421949316,0.1855907058636946,1.1072079796676055,1.2199789054152992,0.007197105064352337,2.9319687316677925,1.5707997198458514,0.18165607098866754,0.07822476985481247,1.417733205878553,1.0296680451024876,78.51057541392109,113.40523697049187,0.42913125090843557,0.6160106571023166,-0.36268795417941924,0.38289553015216027,-0.5851318921568159
7300,2810,OK,922,922,,40.073902,0.1742517769734081,0.1214191718781277,0.6621569589749186,0.6953834448682774,0.017121135433717925,4.852397411562067,0.41875658125498855,0.05809359643622014,0.08601685069678511,0.3973872525659079,0.9785550343568513,-11.52382389437632,22.2409044491448,-0.7493396556512385,-0.014930435587683859,0.7125712940726169,-0.7014352809546041,0.0027891914552304587
7320,2830,OK,946,946,,40.884544,0.06351276086904926,0.11105520987976125,2.6210328165976398,2.62415322649353,0.01763023002863238,5.796063207084831,0.7310451037033142,0.1699807630366541,0.06253371255621354,0.6598720424790061,0.9574349947773781,-11.269630949145549,15.66201534409103,-0.7612953728325933,-0.0185045123180988,0.7077892165171539,-0.7061249099684301,0.008922977528782586
2040,4360,OK,1672,1672,,17.245495,0.017059868548217116,0.030563647475490795,0.3341884505465381,0.3360165117082559,0.01568076693853169,0.6717435742931291,1.6142463508349452,0.32403580664639386,0.2397574671896961,1.5461786825551256,1.341431699439975,87.59124313339044,158.09059990340546,0.2514449048721323,-0.49335769445495575,-0.5071780053661898,0.510471740513297,0.48865863169720913
3410,9140,OK,1540,1540,,24.055119,0.013743669647124389,0.20103930543501736,1.0456133319079304,1.0648534784883632,0.01103474361830542,1.3720477587372035,0.761442737806415,0.16685947825597192,0.12335959520275175,0.6686290146059228,1.0865266993077627,68.24041025277349,39.88773803092135,-0.6785907320224929,-0.6855635154199434,-0.022857469060190032,-0.0025590188395041586,0.7276494031164943
11280,560,OK,1522,1522,,20.978079,0.20776176655497802,0.15789537952368496,0.5900506407867727,0.6451787823617999,0.017743456515829734,4.807479249131301,0.7604869274832998,0.17664108893269415,0.10082517405235514,0.646176884381866,1.031406858107047,31.24851349043571,12.6698388408393,-1.1502936789339437,-0.49780532044810655,-0.4921764472337617,0.5111210170945579,0.49870583875280083
11620,140,OK,1556,1556,,45.649174,0.04741010569837627,0.007647681020573017,1.8806811127890328,1.8812941431761059,0.005381301561543266,3.4562097780423033,1.8472028303039454,0.659979697826193,0.4757222709103124,1.6315292603676932,1.224166912004705,8.56588747752031,0.02061995045746394,-0.6794115737693317,0.5037194823731213,-0.5018429971269959,0.49274689208527706,-0.5016181711746985
11440,690,OK,1376,1376,,30.507751,1.6294950848201357,0.1803504534330977,6.16902808986167,6.383156593019541,0.02525728964563839,1.0968285970402558,1.1180649859422163,0.5355103594231654,0.2671594114903091,0.680959814687558,1.02771771360348,-14.131586471147806,10.528740109796633,-0.7099504913834235,-0.3153234826920731,-0.617784105810473,0.6533949179374242,0.303296853073755
11540,820,OK,1651,1651,,20.699345,0.18216321375002226,0.008340618534591917,0.2847171846825467,0.33810778993514967,0.010052202094064995,3.4610583417908938,2.7867160314820905,0.6064484843637832,0.442604656421024,2.673570837635305,1.220427297534325,-2.0229196171292685,1.05669771688238,-0.6293383165222126,-0.4493341311315698,0.5506773474297799,-0.547791512067843,0.44133633085705143
3159,1000,OK,1079,1079,,50.28351,0.08314851361754239,0.04140384949455553,1.0163314109449715,1.020567239795189,0.006452981381038409,3.9876985260426148,0.5746978819911485,0.1061662256606195,0.06958140641417865,0.5365006494811881,0.974325313992246,58.10314692968641,-0.8964334217944139,-0.7475059134972807,-0.5099214777764604,0.48500441845789005,-0.4918857294339191,0.5126394734683002
11180,460,OK,1485,1485,,19.327684,0.24843402022347993,0.0618796761106377,1.6597678255109924,1.6793980443365553,0.01031815231260833,1.1797548853043436,2.857275426501932,0.16986932053915793,0.10743652973297046,2.6583200065256696,1.2899521836646368,56.40979109464804,12.731971052751328,-0.8711514471866392,0.5414479521594017,0.45467396673762717,-0.4768447207101081,-0.5222306113244995
1860,4990,OK,1821,1821,,21.719736,0.08584738617978005,0.0276694888615452,3.2250474140881207,3.226308447350351,0.016813128559533225,2.029531892008642,1.016667258362785,0.2740203089845066,0.162352079145194,0.7174802792472388,0.9725799498358088,131.12288898164397,142.83571468993253,0.2319084285770532,-0.7036260956692355,-0.001117627386015103,0.001160485844657474,0.7105685904083421
7260,2810,OK,1750,1750,,23.364826,0.024819731024047137,0.07000832486334181,0.06857812704913524,0.1010947283880054,0.011316281844238456,4.411479447086872,0.24865562879987574,0.05907348276624724,0.061192516165536004,0.22617344080490254,1.0184748301924822,-11.221382127915817,32.11065745132641,-0.6667382391275191,-0.015207798269158053,0.7202577959783356,-0.6934902967433313,-0.008284837178908967
2080,4380,OK,966,966,,27.607145,0.06926729065760345,0.103195126333571,0.02339413306249849,0.1264692734058059,0.010927770507829613,4.144789254292889,1.8625136784285465,0.5329776841271974,0.317810211118394,1.7646316274482992,1.3357335546989835,78.45826620632998,157.71495362313752,0.40273120948447444,0.47783775625474867,0.5274041718427558,-0.5213720438644829,-0.4708366065811536
7240,2750,OK,937,937,,51.100243,0.24011090452261977,0.23492108475669052,1.9555722362355406,1.984213681453992,0.01879776281683442,5.692589218350639,1.1577414424755257,0.08879999056451027,0.10632873394798878,1.1221919201327424,0.998857807079133,-11.139974587245502,36.09085466144724,-0.37218145811249104,-0.01327751418329441,0.7251389715930041,-0.6884408755942129,-0.006807371388894421
11340,600,OK,1819,1819,,30.127127,0.07015201151839622,0.010674015123061554,0.8647403551188746,0.8676468873280431,0.008790121609578396,0.04864725891438536,1.5705945177346536,0.526673836502414,0.4069256257193934,1.394236670108845,1.259304844621818,12.19477779431206,14.290829423662778,-0.9283165046894098,0.5226889814277575,0.4747037078847443,-0.4907104127303791,-0.5105447181711604
1540,4670,OK,1050,1050,,30.26996,0.5742756110852534,0.015044024722982545,1.7762087444710875,1.8667984101404105,0.012343206065611257,3.0134769647980124,1.7955386383080199,0.26336308655250407,0.11124907253372718,1.565938498847558,1.0754958247788216,83.04812625051625,113.8289649763919,0.4250507311649866,0.5647255843445879,-0.4476717407191378,0.455717516941314,-0.5224907383877768
11620,120,OK,1452,1452,,37.975693,0.14266048377547713,0.020142778162095077,0.05908076033453458,0.15571859678550684,0.013495543443654617,1.0040813083442013,2.127706719166672,0.5395958406866557,0.4330915100927568,1.9757727035552208,1.1478280613621175,10.39031775937496,-0.13045989566809982,-0.71321018504361,0.5067675885324954,-0.5019799373360521,0.49004366457455123,-0.5010588393945341
2020,4320,OK,863,863,,32.741287,0.4734437924112549,0.3347753833998556,5.980846051172092,6.008888671769854,0.016881466665630517,4.304209759950313,1.8870430071476574,0.17363522571344267,0.07183629135514469,1.8236161747574133,1.032838893795209,87.9572741658082,158.33449507783004,0.5712797455674383,-0.4957207891235046,-0.5026401703704539,0.5033296864578423,0.49826999216386797
3630,9300,OK,707,707,,59.71944,1.0009298797360688,0.8180010529929626,3.1518044740817714,3.4065903466204928,0.012325473256241453,9.337296029787062,0.9394138145784902,0.21905131447615078,0.17938170241987417,0.867554148015854,1.0201577979663803,68.16366374462879,92.79183590210758,1.7277090954557663,0.7073995681287304,0.0015044049648953108,-0.017690771896540745,-0.7065908465064432
11540,50,OK,1566,1566,,21.57276,0.15548126969948706,0.046990510630075075,0.02930103381401894,0.16504873189216,0.012273546003722989,2.2354887956048057,3.039326354018235,0.627795853944966,0.4729438489932214,2.908553554404411,1.2392763302594285,-1.776198134119595,0.9852408935213967,-0.6887534471284982,0.4509272531756832,-0.548814408308404,0.5511899584099437,-0.4377864631582094
11660,880,OK,1644,1644,,30.805403,0.008783805779076392,0.0427547205746276,0.22495586192752093,0.22915117540814162,0.006711388610624288,6.067074106170294,1.3034408694219235,0.2495881522800023,0.16506044345605475,1.2496294417823952,1.0921996103595406,11.601562294740546,-0.07701904911001539,-0.7627033428883206,0.5022821365457615,-0.5006072768721305,0.49545231088911545,-0.5016293624622971
11600,850,OK,1739,1739,,22.105871,0.014422165921822605,0.04160721143931894,0.32069613565167165,0.3237053758212059,0.00995147161132554,0.7257653795727379,2.731464293162189,0.6104131266654589,0.4857917172961925,2.611618595315587,1.208023071744835,8.736323642067674,0.06554756380915319,-0.7530556919853416,-0.49851081785320694,0.5013005006177242,-0.49461139258469355,0.5055139393618893
11460,710,OK,1324,1324,,24.755257,0.07377396652966928,0.0982049307356461,6.85159110201787,6.85269198460056,0.04193700855618338,1.547297586367264,1.9121955760577294,0.5379460933385294,0.2695631314362117,1.2097375618164135,0.9840933070691892,-13.274234338671992,4.388245325560227,-0.42853805471360906,-0.17337724182518613,-0.6771974800053612,0.6921641354896463,0.17959040796587644
11560,40,OK,1312,1312,,56.19353,0.011966734179682997,0.019354429498128718,0.6724249755206746,0.6728098872431238,0.008170057476792992,1.8419598792749148,3.217316392335838,0.7472801866536214,0.5105065247583482,3.0448432118322692,1.2647807110940137,2.65853392778947,0.2947922369418098,-0.6669135247079894,-0.483249507571451,0.5198720581403958,-0.515960066521584,0.47957081474153673
1880,4150,OK,1296,1296,,21.14223,0.16972696035428955,0.044483383594846965,0.3262467798071188,0.3704361939952244,0.0068310990204792765,0.31868188659673663,0.8694176727524909,0.15592101349061793,0.07533659263199954,0.8463621721162333,0.941633589576159,130.3895814977929,151.2788860681349,0.23565675950273668,-0.6976477684861356,-0.10182614772418457,0.10795310647033543,0.7009030985588325
1560,4680,OK,876,876,,36.052193,0.25026256093759475,0.19138750679914374,0.09728723427424324,0.32973524700669643,0.021819392679987844,5.309340355690324,1.0590347295654543,0.2167047229828365,0.16784738393587018,0.9849594268602622,1.0045434002037246,85.70923051549651,113.84461745711666,0.25281747809932337,0.516991897658245,-0.4834934671340254,0.5002200761335239,-0.49873171187264337
7360,2870,OK,824,824,,32.840073,0.13002688649694832,0.1330343438467785,0.9639591982647291,0.9817446021109627,0.011416898212546812,7.652966424826605,1.3934616714406955,0.2339253404519802,0.18618061580732093,1.312849635470959,1.041970533982317,-10.827151807137813,7.708028363585353,-0.48529484487404007,0.029729499327355385,-0.6999571997622129,0.7131873160291606,-0.02323634278255595
3079,210,OK,1931,1931,,26.75206,0.1593245631914294,0.009534689322722334,0.9092730447862527,0.9231753336779982,0.007876870359577905,0.7973377689857961,1.566414814842846,0.5307799842930361,0.3469635346475133,1.3966821151014304,1.156225703134583,32.44454271603143,-0.8771724315594106,-0.8395175274383213,-0.49960473353179796,0.49895906842447746,-0.49401450293241805,0.5073308872541022
7300,2870,OK,1610,1610,,28.826588,0.09626998748519588,0.1028943076577663,0.26748043707642566,0.30232587262317884,0.003793127274776645,6.686351996672031,1.2665225450022355,0.15683362032079118,0.17897405951084755,1.2125328884009434,1.0222809353475093,-11.29497482497386,22.64230717081636,-0.899703001384362,-0.015853700557013066,0.7096107612749671,-0.7044104577054887,-0.0026710927640581747
7080,2620,OK,1677,1677,,18.177694,0.18811806677828546,0.10571053980329828,1.0176209924507997,1.0402478596711722,0.004801489380534755,5.572701181008827,1.129091577483989,0.4392424609950185,0.18631138454040763,0.9529757349903267,1.0728380570939893,-8.921763115137786,97.7908682727306,1.138356900301394,0.006899169490278387,-0.7034207043508743,0.7107381561347716,-0.001728457407379745
11260,550,OK,1475,1475,,22.720804,0.10480056840620733,0.1656097136469585,0.39323892462448384,0.43937067293153764,0.01976708901660438,7.2743973781391835,0.575480226158795,0.1264353390123894,0.077489405267541,0.5141139150137963,1.0530837058188098,37.21617068217735,12.760205684078201,-1.1800879965739366,-0.49495439282369624,-0.4953781223527995,0.5196319125849107,0.4894929420758674
3430,9150,OK,1087,1087,,31.81113,0.07243720862515572,0.07000484219134795,0.36130751957045604,0.3750879241215256,0.00887066815247454,3.228142689732077,0.6943243646981586,0.20831904844108617,0.144313862365136,0.5698422606263378,1.127432135926719,68.4302041457413,43.2110022151901,-0.45442759796704757,-0.6886149280847945,-0.016769379182386617,-0.005038514976570432,0.7249157758715432
3450,9170,OK,1198,1198,,27.159496,0.07558932450507871,0.0959515813171133,0.3923415032291939,0.4109164234884416,0.013414547798390419,2.8785707317751195,0.6922686925052454,0.1963107802102435,0.13378538833679943,0.5494060574798532,1.0718117131239078,68.57636748412712,48.29669034280766,-0.2548462059031831,-0.6882027468906188,-0.01277560385094926,-0.0033301864407894225,0.7253982857552946
1720,4850,OK,1411,1411,,25.063515,0.9767294014224758,0.4290709238563103,4.920400689271269,5.03472393724653,0.06556713468470132,1.6433601969019254,2.023400075948706,0.375456776483845,0.23430324024508709,1.5740238310283878,1.1571545127321448,129.23116274789535,115.83298183850475,0.022700569811179516,-0.5533009664072275,0.41578368919576836,-0.43464839845404063,0.5762488473679773
9540,4810,OK,1839,1839,,29.602938,0.03364503198726876,0.07726576151346204,0.5290033217440433,0.5356738751291791,0.01589798477190181,6.751057458616074,1.0011277699804941,0.21247082167930653,0.1004414805800743,0.9339002663983242,1.1523837756659683,108.36172938251065,113.1225260048584,0.07320088272638862,0.5186575099447287,-0.4827495393533925,0.5015023057555557,-0.4964299617809969
11600,120,OK,1744,1744,,29.155165,0.1342060865209121,0.07336104694221665,0.4554875842190984,0.48048106752032066,0.015640609668586446,1.0364058059994588,2.4372522653350024,0.6285779103455865,0.484269088239913,2.2686762206151263,1.19390723035543,7.9633198673270424,-0.09567606614255889,-0.7904184237947353,-0.4970180612321196,0.5015441255508238,-0.4926099963214799,0.5086864736344735
11600,840,OK,1260,1260,,61.471313,0.17642100560559915,0.010694670543223768,0.3987703056092875,0.4361840251919406,0.017870467869752053,1.9816368767122525,2.3085413441035314,0.5926410936269435,0.4180765448616738,2.151042536417255,1.1805826320473232,8.814906966759064,-0.08872913792668542,-0.7117742647247711,-0.4985697211442408,0.49973953124688814,-0.49197679485964046,0.5095561474331654
11180,470,OK,1533,1533,,16.485834,0.21473769624341416,0.13074929279212752,1.7930576609795195,1.8105975343380196,0.021796799218910846,3.150016871375693,2.9400752111071533,0.19497677547161973,0.12580023290228093,2.810843754365739,1.2958095822858031,56.29296828690025,12.809544964595293,-0.9654273578512498,0.5341332677857323,0.4613458946556234,-0.47913531890411354,-0.5218150667694362
2000,4340,OK,1577,1577,,19.409565,0.020269497469673436,0.12791097298922205,1.4433230612879493,1.4491216404375238,0.007113759322573007,7.808626214422007,1.5494357427745413,0.09356354490155994,0.06926251785403958,1.474539442353568,1.1111501689789196,99.04180778795518,157.84968928241796,0.1126604283317786,-0.49001386209724507,-0.5041777542560834,0.5052544354808213,0.5004089952157046
1860,4100,OK,1000,1000,,36.796032,0.3256769453496206,0.20669992783077495,3.6791405353204283,3.6993060716214594,0.014020197574462823,4.843730127836885,0.7259452246155056,0.26394444911789505,0.18327764163768046,0.5278701456029316,0.9762359152829538,130.68357137300734,142.38267444694955,0.012021821648718203,-0.7012898095267434,-0.00024500778055659385,-0.0026665287708784405,0.7128712595198697
1660,4840,OK,1655,1655,,25.56047,0.01289739309650946,0.14752932481395686,4.3285941773351615,4.331126735214362,0.024351368932880042,7.875873032024748,1.2887702509842207,0.3013227452083518,0.19808453048266017,0.9810859898592561,1.1500895020402662,117.75125316526115,112.53571847719874,-0.025527858982253772,0.5071651826339914,-0.49178552070036236,0.5054432180108656,-0.4954368098154643
1820,4100,OK,1809,1809,,28.450571,0.09242475232119204,0.04529370673818642,4.241259567600864,4.242508288085904,0.008933300256187455,6.979971851825899,0.9137671967870844,0.3266017081487871,0.21647646129162212,0.6688926675296494,1.0518888690955048,130.48077182896694,130.00273969451692,0.22077684220406613,-0.70476990434399,-0.013166260354198522,-0.006324102278509521,0.7092855822936341
7220,2760,OK,1791,1791,,21.168482,0.008613160631587735,0.00509359603684054,0.6417694746879081,0.6418474818037737,0.011810509576662753,4.588170318300868,0.7694317617419356,0.07786136933909749,0.058890822400964216,0.7468227909049032,1.023805566865544,-10.758011696475018,44.39300782772222,-0.12243860765471953,-0.011730669339705794,0.725768417758602,-0.687781866075917,-0.008871295178683599
7260,2820,OK,1527,1527,,16.707638,0.0328981163119465,0.06388998297509292,1.2653984859897038,1.2674373926653997,0.007309437968475434,6.264443938444517,0.494447287535254,0.1414722465045991,0.03982718126130136,0.4330690732265885,0.9876035538474477,-11.104553789063562,30.91070954579461,-0.7012332517069021,-0.01085007630839759,0.7201648464912361,-0.6935946908662008,-0.013087189330623713
1940,4270,OK,1674,1674,,17.042007,0.04335657472447413,0.002709863007168793,0.28770962962794755,0.2909707320505059,0.01980347313581165,7.094235220806416,1.2779233594147772,0.1614243843557901,0.09550884092489142,1.2423085087888994,0.9834235820887749,118.34072133422724,157.30401453003444,0.28190388571156766,0.5308333451405821,0.4810430908533264,-0.4652601515150791,-0.5199485511483838
11400,630,OK,962,962,,51.055603,0.08692625660631981,0.0719009227478903,2.641210022059557,2.643618031676935,0.014181520723464886,5.175916983810628,0.6359644969475193,0.32813747155799056,0.19372233868201683,0.37977897308917363,1.0428675206426685,-0.5317696574419719,15.452280884579155,-0.9110914596853134,-0.47695899450653056,-0.5140491315625084,0.5267573406416454,0.4804064029332789
11560,90,OK,1663,1663,,28.265905,0.014555756578477047,0.04738125303174659,0.23045092714717197,0.23572119762851504,0.00934947677601235,1.7581435370484035,3.0407431789230173,0.6850617943312938,0.5249283847712987,2.8865894872299025,1.2649889286184335,1.7558962357152341,0.3235295621834039,-0.703345907423814,-0.4802345902586481,0.5224782428378859,-0.5142950463774218,0.4815514815175935
3490,9190,OK,781,781,,28.578423,0.5356491410389639,0.19849618856791923,1.2124158531870401,1.34025107357951,0.02068244961936759,6.616801121610111,0.7036772495324308,0.2537441154554595,0.16741655289071744,0.5523875220268373,1.1541473402944282,68.26501830285726,56.78955053190553,0.030334833448578014,-0.6836280525142281,-0.004385560783904525,-0.0029912612176427604,0.72981128042018
9500,4720,OK,788,788,,47.970917,0.32575100856118766,0.01504031035726303,1.2940564723384123,1.3345119273034654,0.021631325877290615,7.484361192467099,0.9146197892925924,0.17004491518642206,0.12140820374020111,0.8365802405644556,1.1243907897311303,98.27850793882604,113.26207960371777,0.2228451713354365,0.5163648595833851,-0.49198414558000314,0.5020846890783226,-0.48911133423635705
3610,9290,OK,767,767,,51.600163,0.1656715552634059,0.01696549956520859,0.5643053177716064,0.5883667088340456,0.011271563253019713,7.0527656119441025,0.6238157762820726,0.13112947388928586,0.12798341119649903,0.5743685145184272,0.9566268361414253,69.08041681474695,90.86996180095825,0.9768422603243488,-0.7010231380315652,-0.01551691286376537,0.025221372681499547,0.7125234506453919
9500,4780,OK,1742,1742,,19.367098,0.018551314535420638,0.22968100004505507,0.230587549300445,0.3259879306739344,0.017038457386770914,9.208188948355316,1.0624950256449295,0.2897441398675833,0.15350393029381837,0.9776237424469141,1.1748267505694745,97.20305309870619,113.34782416284949,-0.014932337174625537,0.5125328015592212,-0.49147690488214113,0.5058746225973829,-0.489746307291114
3099,950,OK,1269,1269,,43.421654,0.1550443548631668,0.0347777833857055,0.252496629221699,0.2983333604551774,0.007947300726079378,1.680122046106036,0.748435194961915,0.17178994822985505,0.14221371328944477,0.6940732760000135,1.0395589020055918,40.043276193374645,-0.9907904578638385,-0.8681031482823144,-0.5021672910231916,0.496151795722443,-0.49077476397810427,0.5106873196683668
7320,2890,OK,1736,1736,,24.379396,0.11872995645802764,0.14030704511621606,0.3184666297973653,0.3677007802062176,0.01099702059928562,6.400472981097744,1.5546047941462233,0.3654454866905946,0.2891984871137845,1.4715139536026332,1.0592057575579068,-11.32218962312557,18.60967139332123,-0.9059719142750486,0.025546283091729873,-0.7056038218847017,0.7080043292674939,-0.014159932923057053
11620,110,OK,1150,1150,,68.36986,0.27455200249689066,0.04253158278623863,0.9585884910082276,0.9980378914163461,0.013162913120257328,3.1854066386331406,2.064476617128019,0.43469868512832766,0.34888104213868276,1.9696092117751247,1.1613854226432234,11.410377224771905,-0.21862713049407112,-0.7728532494779241,-0.5024629222506961,0.500569060525244,-0.4904184071086277,0.5064103211598294
3059,200,OK,1785,1785,,30.022612,0.18932285842725163,0.0030991909082573946,0.5412741944887385,0.5734374449988278,0.0137024046426257,4.319905960125362,0.9412749562626969,0.20851023480867248,0.13906271423787597,0.9041209346082724,1.103746818045648,25.881487917115635,-0.704877845432657,-0.7873262076090753,-0.4988887954022757,0.4999647485738305,-0.4952023590883446,0.5058852078870373
11660,140,OK,1769,1769,,35.894844,0.0774063406453543,0.04353875553504614,0.7507024498430681,0.7559375192474768,0.01234752314432951,2.0775164341317365,1.8049816729661075,0.5154682523484619,0.367600253278517,1.6746087221760684,1.2324841625508611,11.07840708723664,-0.14499349234764142,-0.7858135585694612,-0.49836849103585923,0.5013958506276703,-0.4940863529376694,0.5060728445162304
3099,240,OK,1810,1810,,22.535313,0.04322010379277678,0.053477735547187176,0.2410725186620004,0.2506866666281911,0.007972585330987637,3.9714006440661844,0.9789162692934473,0.20689265477397023,0.14227846546791323,0.9293842207709755,1.0335948611146957,40.0477534893252,-0.9149683993019285,-0.8617491926974429,-0.5026480086513084,0.49587702070030243,-0.49125169702827415,0.5100222837358254
1960,4240,OK,768,768,,32.85987,0.03132993347968377,0.1453649240660786,0.7036833042827606,0.719223691633474,0.00811900095698935,5.473105436837977,1.20271394178101,0.1959817043855525,0.13348315228356133,1.162280242302005,0.9820527153168078,112.40949369926858,157.54744395675067,0.2727843210646642,-0.500973475376114,-0.4973783741180714,0.49739161230042417,0.5042240711652177
7020,2540,OK,786,786,,33.644997,0.11011782659184222,0.025242274091853055,0.7648139906071538,0.773112894966239,0.01360537612375179,5.793804946148119,0.7790382668074632,0.21504356886590692,0.1488109133426746,0.6387365964964928,1.1148060544329472,-8.957803783891908,114.22417275113582,1.2226754574106238,0.0029083494967854207,-0.7035541571634407,0.7101349533927085,-0.02667278409129634
11240,510,OK,1394,1394,,22.884102,0.1435154560302042,0.09363155194362367,0.4101945928346812,0.4445482624302325,0.005016832497069088,0.9220985498354141,1.267946735292366,0.39069877407229514,0.3235224438299573,1.138479098049892,1.2133325487510507,43.08279114009872,12.812638502912804,-1.0001353703745517,-0.49409212527152924,-0.5031779525216161,0.515134171223412,0.48715675657716817
3490,9220,OK,1519,1519,,18.929544,0.15066168090085752,0.19907484022702338,0.14022709547349477,0.2863448487544683,0.013373118098757167,2.546127848118393,0.7061618206160101,0.17848498240970434,0.08462679520307326,0.6388043629537581,1.1033492075041649,68.59761398827551,58.14040404482123,0.06047671002697855,-0.6841821845540721,-0.010061181098955685,-0.0013990062653387778,0.7292403950380019
7240,2790,OK,1846,1846,,28.566994,0.08636727703311423,0.013418978260149983,1.1869381357999274,1.190151886834562,0.01780380688496103,6.119120413337899,0.6423107443638087,0.1321427085195448,0.04102169200015493,0.5853166689153682,0.9865374001461372,-11.112182887882682,36.86982088053455,-0.43656969936667284,-0.018571574415129563,0.7251293990235231,-0.6883122471073543,-0.00828865354276152
11280,570,OK,1433,1433,,17.783634,0.17569579845104777,0.13996646253195125,0.617928444334586,0.6574915866722714,0.009024255965920266,8.48603300157982,0.6265436090619645,0.21960805007545037,0.12617215606878412,0.5510229253189651,1.1056062823289132,31.28372669191218,12.764268712304585,-1.110929465084996,-0.4973767827251679,-0.4962706011914789,0.5126904364252431,0.4934372734168984
2999,110,OK,1810,1810,,33.79342,0.12494713856497851,0.06215673211299941,0.15925074658941862,0.2117452409661911,0.006721142579069272,0.2705254053394472,2.7459282791837714,0.7090157180897023,0.5492943456521238,2.5859742163282777,1.2796649310702928,6.847213930370163,0.01042578639278758,-0.7625444786648798,-0.5023702971772631,0.49993503983253557,-0.49223576578183614,0.5053642165278808
3199,300,OK,1009,1009,,52.543995,1.6420426457860535,0.0687416192655122,7.242044615420615,7.426186078502345,0.014283017336914465,3.4029273021651987,1.9177101121754423,0.10300916928955361,0.11463715538122665,1.7456825280764803,1.224081784810565,71.4378404877359,2.591025471914926,-0.44888100559878735,-0.595282883317447,0.36934420249598554,-0.36844320786444756,0.6111241702718252
9460,4720,OK,1721,1721,,18.093204,0.04284574084332693,0.08948802172322798,0.9075703346475685,0.9129774235284518,0.010210659429810108,3.0658600467211854,0.9673612007435107,0.1946285346629859,0.11628722742310726,0.896186842846729,1.1179389300192497,87.33480008079866,113.77705553753295,0.345702211827227,0.5239992510458278,-0.47895165272849105,0.4987907050303861,-0.49723026036972906
2979,40,OK,1213,1213,,50.24344,0.014271078668860765,0.003616785504716927,0.33209257805279124,0.3324187498043833,0.0076671578631719575,1.358596321595333,3.0960866937446014,0.7510358631201983,0.4925514393274648,2.939668182876707,1.2618906782466037,1.834595904917539,0.34577379665281865,-0.6635526561244298,-0.48261950604321424,0.5176520593247856,-0.5154684193998507,0.483122206553199
1720,4840,OK,1052,1052,,27.549603,0.15372400934430136,0.2856516455824531,4.428814207461584,4.440678238499884,0.05630879101990371,3.6647383572162733,2.0329048338367866,0.300520278207448,0.17319698132936878,1.7596850422751942,1.233329039403059,128.98326141090186,114.84165283061513,0.1559822774264678,-0.5571707595471674,0.41224218682325686,-0.43362748661807105,0.5758335931135888
3099,210,OK,971,971,,61.45998,0.23258473154164327,0.019030516083730346,0.6448213591512992,0.6857495192170683,0.010429533124892467,6.212937765140838,0.8128914312713819,0.24011387512608362,0.18393908147509985,0.7137628334863808,1.0513249064797299,39.65146236288787,-1.0409843845748146,-0.8212214651596422,-0.49999424210580606,0.4966585815210546,-0.48971083781722213,0.5133413158775444
3510,9220,OK,1337,1337,,22.897701,0.01728844684055819,0.0858967195837628,0.1526662942769783,0.17602310711288824,0.01156512925283307,2.313221350393977,1.0228498721055264,0.2552492149996709,0.17853517941938524,0.9476554043580823,1.1145321094741394,68.79798536757255,62.67806676727965,0.4044080628360654,-0.6859042383186397,-0.014897741448934814,0.00043604203784826395,0.7275391694084854
3199,1080,OK,1348,1348,,25.845768,0.5023385656778404,0.12092419671057039,5.9177100555585,5.940223817128068,0.05784724484007933,2.5667911653810638,1.7191095594071029,0.42399606645288124,0.19115714073007084,1.3078637456279685,1.2066144354266253,69.16682424881235,4.130219181192682,-0.4978495527101063,-0.6080586697337267,0.3616358821567183,-0.3409726385058354,0.619049111693694
11640,120,OK,1232,1232,,58.545937,0.10016734398768341,0.018356968903490214,0.9218298647138181,0.9274377470144111,0.011024969172488599,2.0815029049886054,2.0206345466111193,0.42193817604063233,0.32633707362176345,1.9378446002535,1.117870078329716,12.448281213860755,-0.10545151839186112,-0.7696806403075349,-0.5027040463698764,0.5030777425979834,-0.4915220253302357,0.5026007613216812
3019,160,OK,1748,1748,,39.6103,0.054800032485526645,0.03677192296948107,1.2086326183928913,1.2104329903478939,0.012595703154321545,5.738509482484092,1.330000065824153,0.3405602469674669,0.17633548749928218,1.2649012699664395,1.1721388217577047,11.839372084688247,0.0714773564327319,-0.8601016699280702,-0.4953354457703748,0.497412551807045,-0.4992006526812585,0.5079589135263534
1700,4840,OK,1653,1653,,22.98563,0.16794084186806088,0.09550102475996855,0.2900394422502989,0.34849311350214884,0.012339022616226129,0.28354195456067044,1.1226437526618338,0.2223856277033882,0.22073786400680362,1.0338803392371219,1.3400182165408463,121.68280866859273,112.93011219606318,0.06570610866181571,-0.525393547139605,0.4652555709597096,-0.47769787526755064,0.528491829908359
3250,9030,OK,1777,1777,,19.392405,0.03209976506104906,0.12058935978726837,2.0695048970817678,2.0732637814943606,0.005989306984330001,1.8849319792725572,0.9832675799938391,0.4212382248189628,0.2221164683702468,0.5900772966477987,1.0739113259886237,68.72888370565032,11.493345496217863,-0.8406183617160179,0.7111938141923244,-0.04041915842668166,0.04072623041782473,-0.7006504295599958
11380,610,OK,847,847,,49.251034,0.4625452344322626,0.3852828225185765,4.2550296074033085,4.297402460452434,0.024145822052440456,7.480685205783046,0.7238993191053125,0.2133917582186946,0.09802519055861658,0.5563161784550594,1.0192717857623443,4.769054573823672,14.852844985253952,-1.217602384212174,-0.500963694325323,-0.4867520982484371,0.4995187440432876,0.5124341871578093
2999,90,OK,1053,1053,,76.3342,0.2779445669963861,0.08780231569822744,1.3739506346187929,1.4045293785941835,0.010988032147844209,3.2889161582724507,1.8645475702479881,0.5536550192150643,0.43063652092684546,1.7029201481930842,1.2092318962181017,5.637182976845778,-0.13831270377583157,-0.627979540596155,-0.5044306844939632,0.49912846080833345,-0.491334961367037,0.504985564041694
9420,4670,OK,960,960,,23.669827,1.2337882936980973,0.28570592499365854,3.1897083820425447,3.4319238033084902,0.02611538380730265,0.8021628325762836,2.5730383495973435,0.33366422796965023,0.1324366360437248,2.1132360191057025,1.1662198429012653,81.43266670232288,113.07823311530156,0.3679487660161487,0.5846449285471306,-0.3948221088732659,0.41735444283121753,-0.5728185392583165
11400,660,OK,1819,1819,,18.574707,0.26872819630951844,0.09067083083294944,1.541867138004748,1.5677341338105313,0.018229701432834988,1.069859455299818,0.4855439127733574,0.231317073473301,0.12151032372018467,0.3373145474499921,1.0579184677908589,-1.6142134935204484,15.16552526285226,-0.7561435368478135,-0.48699588546782624,-0.5050934497690585,0.5230342792491098,0.4838912659556523
11220,510,OK,1565,1565,,20.775307,0.06700241915138458,0.12899574777776332,0.7671614018146702,0.7808110165405787,0.021950224914352848,4.558619249485413,0.8443890734780265,0.21940595806022611,0.1499080172229159,0.763015056892602,1.1573466450957388,48.915664383649954,12.956578306859134,-1.0518163696506688,-0.4985270984890787,-0.49492111413695483,0.5236735377782263,0.481964572021982
3099,930,OK,884,884,,60.122704,0.3606322440598333,0.10089655446561115,1.0321515020212155,1.0979856343701928,0.013653057082835787,7.606970092258355,0.9646074594499324,0.14994742521484405,0.12860258330058394,0.9238004658575187,1.0222645244332247,41.337819655116725,-1.0782114202406994,-0.7750399454379961,-0.5041832958550007,0.4953387940677957,-0.4889753627795214,0.5112159796669956
3430,9160,OK,1552,1552,,23.20888,0.10293447924198185,0.14949502632500178,0.6494039680734788,0.6742920610998699,0.01082048123879549,0.46726325045017963,0.7926788256362203,0.2410976960577511,0.13311668185247372,0.6582761474215779,1.0807441105046025,68.28243679995701,42.926269585733415,-0.5656388004343398,-0.6867205595775994,-0.015132757111513242,-0.005834986001713163,0.7267405490641021
7060,2590,OK,1864,1864,,16.84196,0.04464822716242681,0.0702205300919751,0.5790990991662155,0.5850471380070736,0.004752656861571214,1.1836252614919078,0.9131889985293071,0.23037729078634261,0.13011513628752214,0.786617065542333,1.0255947571045954,-8.905160710799144,102.34211443770893,1.207726657528208,0.0036067730653800137,-0.7042954654965576,0.7098281386739344,-0.009944949257795523
2040,4370,OK,1454,1454,,17.301239,0.0429725334105594,0.16579327148764422,0.5749839174107754,0.5999504586041573,0.01145009623487215,3.1355733265021706,1.2612192091458758,0.1693676444069976,0.14119916183040782,1.22665953066649,1.2661994221851207,87.3479578767965,158.02496367696006,0.10684003517329631,-0.49414982653292855,-0.5026900583617009,0.5100701993699258,0.49289658740603043
11660,870,OK,1644,1644,,28.860428,0.09823924787098395,0.002869782446970374,0.010616374110576476,0.09885288499990924,0.0153830945134615,3.186045299245091,1.876945477406654,0.3394069310865939,0.273022920206508,1.797211324749914,1.1231303570421798,11.816863539327546,-0.1784942227787863,-0.7225756181897437,-0.500733718032444,0.5030010299574027,-0.490849400639816,0.5052945412120837
7320,2860,OK,1500,1500,,29.230131,0.048904674624467515,0.12182818590592291,0.9845638685260356,0.9932772952646234,0.011494319241924109,0.5185022145779448,1.244240798733353,0.05942373708998325,0.1224108026235724,1.1998119522443282,0.9899577100196363,-11.380610741945182,17.29244008671208,-0.9086861042667338,0.020537764324816563,-0.70367402920038,0.7101171098863891,-0.012439900001325941
2060,4360,OK,940,940,,27.069065,0.05972904954448906,0.03874190081992869,0.48080861441299927,0.48605083883517514,0.01812015531590485,4.614326962809091,1.4829341427752933,0.3157394510011793,0.2256805747171795,1.425089529689353,1.2521006117995765,82.26653278842798,158.01595507919552,0.32300378385716466,-0.48932897687767796,-0.5102037562256025,0.5185605907574912,0.480982529032368
11500,760,OK,1485,1485,,17.393147,0.038715426606066305,0.02395809050526115,3.293368875308466,3.2936835645229334,0.016940765788171646,0.8944791295961538,1.972076259611423,0.28112740235178,0.1275982739857433,1.7308681923443583,0.8608834441396902,-6.626113693951453,0.8815634197887832,-0.6731667652551506,-0.1883722255669089,0.6855696319456649,-0.6788059617687559,0.18366450570551035
9580,4830,OK,1839,1839,,23.380243,0.1149675370886736,0.08890579005391279,1.8671176978180717,1.8727654075176638,0.015544490105685075,2.4823705342409665,1.2441592481488655,0.20372892803846,0.10809590848854,1.057890446880263,1.1646734679364825,118.68240891379297,112.7292448325961,0.13337688399080141,0.4900324647331098,-0.5040877230577606,0.5219388445280986,-0.48305651174858344
1760,4890,OK,1460,1460,,26.169785,0.27541533201760776,0.21448985978391394,3.4101156519231566,3.427936444065407,0.025814857797450377,1.1865075987533287,2.257472822860567,0.18596272530610491,0.15220775481340842,2.167507055961849,1.0773113210344512,130.54894522011034,122.29129252979043,0.4697692721892083,0.6946711913180063,-0.15393850031613598,0.15666007051505623,-0.6849762743186499
11260,530,OK,1850,1850,,19.015038,0.21674468972980504,0.042935406952370414,0.9729741497685607,0.9977476664037298,0.012993231085702495,0.03426294124126276,1.9378187394010329,0.6698279598273564,0.4240203862386238,1.6851289219481558,1.2090900358072574,37.802323997311646,12.712067771669057,-0.9708198062408503,-0.4953801244909415,-0.5001933170179432,0.5118938492640747,0.49231074023987687
11380,660,OK,1553,1553,,21.003204,0.0038534727317394435,0.02902059988301899,0.47368983186153546,0.4745936169805429,0.0041145664847071295,4.795961459978352,0.5048919608971912,0.09826108382502907,0.06096563318331816,0.42398161402655,1.0385566724932638,1.009267408659409,15.420414957126445,-0.8488186275510683,0.5072643768307782,0.48783292352426183,-0.5005023614128689,-0.5041817895803021
11620,130,OK,1820,1820,,21.138458,0.06053682566222583,0.053420841799461535,0.8816816252847739,0.8853705337115203,0.008362671492240226,1.2251845048248688,2.288986995048659,0.7609779446745422,0.5485158096995302,2.0902210584928267,1.2150861673500966,9.56526072279628,-0.06445900118739913,-0.7642265781388012,-0.5012811923083172,0.5037309446080654,-0.49181195399739924,0.5030837938032572
3099,970,OK,1596,1596,,17.840176,0.034237256794597604,0.05609666302766021,0.05745351705968371,0.0872922217507691,0.008446535443659609,4.556663901693509,0.7661457382573216,0.13483665269903555,0.10571864541132792,0.7351354199745725,1.0338328304283688,40.23310344349121,-0.9014939907073876,-0.8639319680993741,-0.5031177045976857,0.49486326807967623,-0.4926791788931606,0.5091661299723493
11340,620,OK,1550,1550,,28.006725,0.12074107831733744,0.05948753620432243,3.0327602402410516,3.0357456826525926,0.02720748968948569,6.553036553349677,0.7841248110391726,0.15711861634103053,0.11280625947576944,0.6683510736304283,1.0823209887453555,14.356249360716593,14.116178968200963,-0.9629669003132062,0.524702504468923,0.4651084335930696,-0.4988447887814767,-0.5094264456329343
2979,20,OK,1336,1336,,49.6186,0.022777010955557703,0.0023523040276442774,0.1473370860714549,0.14910580972697,0.005758965416656217,1.4065470778137754,3.0549897292562247,0.769573389672547,0.48955101357084674,2.8658299145500354,1.2708733033250326,1.6475947939883218,0.3237104881400409,-0.6667549069146318,-0.4817817048431624,0.5177769535170517,-0.5146196502547112,0.4847267589650233
3330,9060,OK,721,721,,41.407055,0.15377014925864846,0.27236487099277884,1.0766573743438839,1.121168579421938,0.015505151349772603,7.039421855973628,0.59194768599378,0.18866881690102488,0.10171323446958658,0.47747532799762027,1.0900184665348935,68.38500825153119,26.440089446799263,-0.996324986277065,-0.6864866537396281,-0.025905189205296893,0.01240375553187228,0.7265749391895587
3390,9110,OK,934,934,,36.76615,0.03173815854962758,0.1261560205367878,0.5411742105320894,0.5565897756614201,0.016106202179443162,4.702498886890554,0.791776844383778,0.26168915490143707,0.13565867838988988,0.6656196750346233,1.1418577399731658,68.31508090803217,34.09627781007626,-0.7938605094887174,-0.6884403560388621,-0.022492756311953962,0.007264332243184325,0.7249077055512906
2040,4350,OK,1127,1127,,24.26705,0.05184585381677931,0.05824608528351349,0.8086065041524053,0.8123577275846023,0.014931170541564832,2.0893874051625767,1.7036018853476955,0.28913394781121327,0.19975435764194083,1.650783370052351,1.2661216132143172,87.11340797345244,158.09858675464537,0.32583790079242403,-0.49632259936416223,-0.5049986615346989,0.5092229298489013,0.4892159409960646
3370,9100,OK,1003,1003,,30.399952,0.07616643748840163,0.21882704734763042,0.18339574332941888,0.2955005947911218,0.007116320832701351,3.3886085687326855,0.7782461117964841,0.18893705160278063,0.11401228162880772,0.691255142566888,1.0338092121209752,68.3523975352095,31.282726884880937,-1.0054058546247424,-0.6957207931995206,-0.025821495059591172,0.004775536872860101,0.7178321687903749
11200,450,OK,807,807,,53.51084,0.12452978016430649,0.056222203137829746,0.2856681971605628,0.3166621561576439,0.02115630163294457,6.234529451422825,1.296820570058256,0.2083024986551738,0.1839191837920584,1.2636560198978088,1.2048027995624262,52.959994489151974,12.860482593657416,-0.8310319169274236,-0.5071480755917576,-0.4871958043233614,0.5164383787136695,0.4886025774234991
7000,2530,OK,1058,1058,,36.944122,0.2223900766135315,0.020060140300449725,0.4634831220944804,0.5144670639326614,0.02519703694061401,4.30758611969898,0.8815890425036624,0.2263605493752021,0.17107971069444927,0.7594891477176313,1.1360194172700229,-9.012555296295982,118.94953567985519,1.1665341306654768,-0.000366040357889819,-0.6994931104902499,0.7141064735158088,-0.0275898328002734
11580,0,OK,1032,1032,,76.55201,0.18343680287398315,0.10874560613077502,0.41073691780323784,0.4627952929188908,0.009558967886109071,5.40892528647401,1.7779577310794044,0.5265351813817094,0.3775965418567093,1.6512010223802709,1.1836585890861815,5.88774033072321,0.037235762632843145,-0.6247846018857803,0.5049060761193921,-0.5040138938461332,0.49677018153226576,-0.4942258955661644
11580,110,OK,1764,1764,,32.384995,0.24089250435218157,0.02967321146997743,0.577057341410963,0.6260230614029298,0.018402179059433595,1.7912839948287358,2.2830122671002213,0.5945633277646479,0.4660331678590046,2.125817163822255,1.2402815195470025,4.8975624900048995,-0.08825092641875143,-0.7101458839927302,-0.5029511086508438,0.5054015401093992,-0.49230884282942206,0.4992408925898297
1840,4950,OK,779,779,,49.65515,0.19995621641339226,0.5367745784836635,4.370803421497947,4.408177853259421,0.01492592772878201,6.646920277377983,0.7227174061727644,0.28866580268967534,0.1577782041270322,0.6135812089683288,0.9839758669305033,130.4811248252604,135.97260078584478,-0.315534634860591,-0.6986506780364546,-0.0077817458272140035,-0.015997283457222743,0.7152417503425483
11620,150,OK,1836,1836,,32.597206,0.03506754619095226,0.044938785793168755,0.7855426463215593,0.7876080728727312,0.005067753950015706,5.792149822762562,1.5944028971969753,0.35739341408878,0.24085601742953133,1.5031353195519648,1.1640363930444952,9.660231034693918,0.0035448667957624913,-0.7573754487120241,0.5039096652656165,-0.4999565809842012,0.49393951835101507,-0.5021376490501879
1780,4900,OK,902,902,,50.04533,0.1688133498301586,0.1676759325190518,3.6814172011518145,3.689098233222243,0.015177286968640121,3.511598400512845,2.200689363191149,0.1343597072965892,0.09642449491348382,2.121410633906997,1.0793512665994405,130.74334864245938,127.05832952009287,0.46835834216547806,-0.7040482144045598,0.036516061662485666,-0.04644096937247244,0.7076905576579059
3139,980,OK,1021,1021,,57.662167,0.076201088830814,0.11943140366852767,0.2954428982484494,0.32765373833771533,0.010589612273843934,4.790051878245262,0.802503868473068,0.15410757570498967,0.13186083741743593,0.7625159665753256,1.0340227301649365,52.81114732865482,-1.1082764043814055,-0.8459303876118548,-0.5031690029296072,0.4919031858888417,-0.49589572878803057,0.5088611169789068
3019,850,OK,1082,1082,,71.69998,0.08369369880634699,0.021036506021876056,0.5599934242162328,0.5666037459908976,0.008098934564240205,3.9617476678194548,2.1896501414105662,0.5655288869549406,0.40424369572303664,2.043920050029052,1.1640280392850015,13.606928921548018,-0.04871118521388074,-0.7362060415842475,-0.5034319041583658,0.49705372805361947,-0.49522211367666125,0.5042310655137192
11300,590,OK,1533,1533,,24.619488,0.11539773760685679,0.20143551064975723,1.5716554477783369,1.5887082014412948,0.017298086933332776,9.369014748031377,0.6579083821088519,0.15856887066790848,0.1293030588171602,0.5691039811975074,1.1500849318764181,25.790464354700646,13.085595125541355,-1.2844073444696895,-0.5062736159100052,-0.4832817007293884,0.5062931468038909,0.5037787937904218
1660,4830,OK,1691,1691,,24.912792,0.1038429723418823,0.15039748419516524,2.0403282769819717,2.0484975577259674,0.003727002517308932,5.822249917900168,0.8742219668154485,0.18251631153124348,0.0804106146927126,0.719679125661604,1.1318201347762118,115.46425459572434,112.71911604294316,-0.010701863943154137,0.5076174552917494,-0.494150133498063,0.5117354288790192,-0.48607305569943055
1740,4890,OK,1336,1336,,20.035885,0.3164248406746474,0.011083241786118761,2.174246147301999,2.1971786060996616,0.028047294515349378,2.8068592284659024,2.1732201144686316,0.2371745466235211,0.1456466032067626,2.0793963101188195,1.0989794435510991,128.86502684299563,117.41795908941415,0.36920705925094777,-0.6441182332379642,0.2846067129881318,-0.27634943991199207,0.6540196538276377
11440,710,OK,1578,1578,,30.849768,0.9890213390153981,0.40956942524085665,8.451203907328907,8.518729823534217,0.10192432573092908,2.439958638690713,2.231365063873273,0.4529198384639188,0.2124603570632877,2.032539991017032,1.0468909772091475,-15.25662225311465,8.176560678566785,-0.8890360610349309,-0.28976799405993925,-0.630560583315861,0.6664455224447184,0.2725403199532622
2939,790,OK,1465,1465,,17.692268,0.15112423166477432,0.04988876717835891,0.3810695336271088,0.4129665990678025,0.012990670450430591,3.5674944362558563,0.7041801350081323,0.11719823363184889,0.13672525768825694,0.6616279305927715,0.947284635282659,-7.044184389037348,2.7964419257183195,-0.632325241874249,-0.2990359434281481,0.645289682069479,-0.6401468790265861,0.2905007814537325
9480,4760,OK,1693,1693,,19.456049,0.009659695001069696,0.2057707135032574,0.9491318931878396,0.9712292452914945,0.015708529646889895,8.807486307884322,0.7594205542694192,0.21783646400037981,0.12498027545677692,0.664504824555685,1.134329229921405,92.46135439460735,113.55982258617259,0.10070973832444373,0.5147638845495475,-0.4888000010618784,0.503071005060131,-0.4929627430071744
3370,9110,OK,1506,1506,,24.026829,0.008596701831746045,0.2869367894253278,0.027603919888626427,0.2883896683331713,0.01545826731929507,1.178940799046131,0.8037618366030799,0.21312250563641066,0.11695209935227063,0.5887889475958659,1.1287635874095863,68.31713606034822,31.07430751998951,-1.052502106826018,-0.6889574810945369,-0.02318397162334846,0.002599003594249227,0.7244262128636398
11140,410,OK,1369,1369,,15.342824,0.30259559406773073,0.05856563329451689,0.7749953579515008,0.8340334716297455,0.017415434402493674,2.7324197405256596,1.9268316867661512,0.1229194794304398,0.09429777842258846,1.854049451977235,1.1836309052700842,66.13326754450733,10.592520699571173,-0.631527326309269,0.6373699915968738,0.3206684573893139,-0.33569889863617264,-0.6150101492673269
11180,440,OK,1023,1023,,30.291088,0.102642012734534,0.0390127104836876,0.8665178681886436,0.8734475314795227,0.014847612076639923,3.308667280996453,2.003024804097104,0.3220243384484069,0.17789882448505295,1.9630308888438508,1.2947689278342185,57.22038296287268,12.74014211273324,-0.8268475948696612,0.5408244456375739,0.4550726174962191,-0.47890172500809547,-0.5206447633369813
3159,1030,OK,1804,1804,,27.525549,0.11595027214665937,0.19471344656019748,0.2890046891891196,0.3672621710107575,0.0157793982433021,2.025356914884951,0.7728465326922149,0.19087798213246243,0.16604215842327985,0.7204653889401307,1.1690905843780084,57.392482303961785,-1.1205547201331465,-0.9349727382787313,-0.5073933842522264,0.4838762820251711,-0.4867914164768782,0.5210084588132946
7360,2880,OK,974,974,,30.115616,0.25149667370708884,0.02065091828324046,0.3525121237743445,0.4335225884767364,0.011813205199884142,5.539606684976887,1.2270226438395437,0.2877567893195232,0.23809384550241353,1.1485181898722878,1.0494455608381674,-10.737699284678259,8.327215590709194,-0.6028748689152823,0.030220749155620102,-0.69979349444008,0.7132979353410358,-0.024121088243074892
1780,4930,OK,1854,1854,,21.75433,0.08001948614225908,0.03685332221135858,0.9954006724298692,0.9992916412110736,0.007288511651586223,4.0671326860259,2.3540890486486576,0.24209392731919044,0.11516135187675114,2.213470149349586,1.155895418275973,130.1172450827729,124.42846836586372,0.26307816869386347,-0.7041854075654352,0.03415594755608176,-0.03855945407875554,0.7081450780169248
3410,9170,OK,1841,1841,,22.296247,0.13364499922981488,0.12726288517572587,0.20894448592109605,0.2787734312290508,0.009343198173720119,6.989945537098342,0.6859709421817988,0.22068106759533568,0.0969103385127088,0.575427008638913,1.098081075283452,68.19225793538848,39.04440866880271,-0.7155942420481428,-0.6870116251589682,-0.022747613587605964,0.0006632856698474984,0.7262899786067701
1900,4200,OK,1424,1424,,15.904791,0.06535303314295234,0.11264253902012394,3.379235083300741,3.3817435013241983,0.061254527022209786,2.1771854527185073,1.29603382748452,0.47391669692792915,0.2807712140631109,0.7858171244056802,0.9264668054462295,125.16279149189432,156.7225236510708,0.0933318243544238,0.6471149809821407,0.295169484602266,-0.28995019948867806,-0.640348388429761
7320,2880,OK,1708,1708,,27.615688,0.019156983463751165,0.12772574162603834,0.6548117352174359,0.6674273471081488,0.0077713573045673015,4.246464001055851,1.6503036645841904,0.18737143406153212,0.2308254255164932,1.5975392772288606,1.0234910958775105,-11.381998382388167,17.628547459716504,-0.9064102586489495,0.025323099564582376,-0.7051054618923122,0.7085359289509489,-0.01272264216611505
7040,2570,OK,1800,1800,,21.633232,0.09724371196995651,0.008860945513838956,0.6542092456630146,0.6614564180534238,0.003243818795991103,0.4669329285400276,0.7075832968016125,0.23215124079856875,0.16824523449441164,0.5728650671343178,1.0311382530054733,-8.778855279123377,107.78586265416403,1.2538429502472421,0.0014691611170878688,-0.7032308469243435,0.7107539862220734,-0.01711690886566281
11540,40,OK,1488,1488,,21.526104,0.17149653092128403,0.02982739310291324,0.04072043689448979,0.17877048827541073,0.01497551271542881,2.0563409204967047,3.1937349353471856,0.6694035607244828,0.49473713770627237,3.054170478186876,1.2503322056941117,-1.7844053337249692,1.0014922681219935,-0.673130165326363,0.45218889147248476,-0.5481466298253936,0.5515042074493663,-0.4369251512623124
1660,4820,OK,1947,1947,,28.72834,0.025410172050104207,0.13378931255881682,0.9751897836170396,0.984652411295288,0.009877715620415516,3.5235332062619173,0.8664032934090681,0.1560662962266246,0.11138160249788998,0.7963819341057565,1.2356730422086037,114.39798282895082,112.65542399098665,0.00310898586479115,0.505427132887112,-0.49525575182937764,0.5096004391493673,-0.48946148575776977
3099,220,OK,1212,1212,,49.78517,0.13740997605351218,0.013464140504242203,0.27608671693984865,0.30868537359124887,0.00769921663556261,2.826878388418035,1.1151432889417996,0.30748964639767706,0.22399227628643859,1.0247389036370453,1.0921401234611339,40.015567724430596,-0.9709717714522728,-0.840450056544918,-0.4987701839953011,0.4967551375084653,-0.49132578698202894,0.5128953187178933
9560,4780,OK,820,820,,41.00158,0.10476124139877291,0.17908562788953133,0.6196616681610445,0.6534731538511189,0.012875246734340928,6.539398127329087,0.7847212122549545,0.21004226551860716,0.1741662569522242,0.7023820793061071,1.132560252173871,112.11030715004266,113.24066979436506,0.2760979913120256,0.5097291337295564,-0.4921621978095116,0.5092201859493362,-0.48851548951527707
3310,9090,OK,1777,1777,,20.155315,0.019319538273308567,0.10191867066728091,1.346920108317066,1.3509087453186972,0.007332663931496583,3.2768448552586076,1.0871930159906746,0.30483695101315766,0.18623894834391447,0.8446435899124101,1.139452729259303,68.3279386776348,23.34882221661142,-1.0355956113867069,-0.7036317790426861,-0.027063706437950072,0.013987324177917817,0.7099114241068436
3350,9120,OK,1852,1852,,19.691772,0.015111314221656324,0.13914678690396615,1.1811657063473455,1.1894295296377282,0.006736903586583469,4.019049133835251,0.7557047252894293,0.26211469591225245,0.12405333431019083,0.6104283578668777,1.0755167199120919,68.27215753209127,29.446505179108208,-0.9868576713890651,-0.7039504953238334,-0.027865588055420474,0.004370147350808132,0.7096887423003042
1840,4960,OK,1135,1135,,37.242706,0.18860952706103556,0.1608290798893477,4.192454069610992,4.199775074028848,0.010333062011822202,3.2427514508024413,0.6092442803367936,0.29510789810658866,0.1502785769290904,0.45006094949186615,0.9740189688849284,130.4899882616645,136.1416450255661,0.021880644205376,-0.7013362052058826,-0.008484597435556912,-0.011837223264208137,0.7126818497893446
3430,9170,OK,1860,1860,,21.327477,0.09183417405336308,0.08589834996821011,0.14608611593806708,0.1927516415525296,0.006235227077796145,2.2618509813642516,0.6830642554823985,0.19839694546563247,0.10710106190355351,0.5877144989566734,1.0744460322473037,68.2984875192997,43.42462176135455,-0.48564147071849945,-0.6887885663604713,-0.016865326529903336,-0.006829651419070209,0.7247339011482907
1820,4930,OK,754,754,,53.819313,0.27732907423324404,1.5643103389429442,1.7062520966381864,2.331367510544201,0.029315140216225874,6.783893329400375,1.5937265444789372,0.39645744212239764,0.2751739074394113,1.47786522186626,1.191226813426183,130.7437643116296,132.59217247027976,-1.205324571394699,-0.6961944126022634,-0.013260792434570772,-0.004581968684402928,0.7177161673031839
11660,860,OK,1749,1749,,27.170874,0.04683305255092124,0.061756234330751295,0.3805248994760545,0.38833795386391656,0.01599766957619619,0.37124314995046503,2.314821502028985,0.6686312781304204,0.503224232914782,2.1165115966480226,1.216040358170757,11.446071369905924,-0.1011726473984642,-0.78896440996548,-0.5008867068725331,0.5023992207734277,-0.4907987504188399,0.5057905855509243
3290,9060,OK,1869,1869,,15.872264,0.0311325155949429,0.1072122760337579,0.5129280818163945,0.5249370655378166,0.0058341847490773,0.3300568139816712,0.6080236159288458,0.1444556505778678,0.08696295895422912,0.5284644268335086,1.0963991651026685,68.50438243778841,18.585365354576815,-0.9979099475375491,0.7111939987353083,0.02557118363555089,-0.016031857678596096,-0.7023476277953337
2999,120,OK,1833,1833,,28.56071,0.06178172912613447,0.07147930600047106,0.7611166863660848,0.7669582019282493,0.010693565453680335,2.4443201444523233,2.077057027481628,0.5052815856851088,0.399000125765298,1.9372951670902574,1.1681030081332873,6.2441423848765405,0.05165201988703158,-0.7467880390763387,-0.5025916169112845,0.5015803288043986,-0.49032052566578105,0.5053757240685429
2020,4330,OK,1298,1298,,23.980186,0.022191144949751773,0.0680939462943395,1.7843813871012737,1.7858180666208925,0.01796955397271349,1.5601399057025767,1.7513711249147499,0.12215050479538103,0.07431763485287357,1.6948701029001754,1.0623660605825511,92.15662075199826,157.91803621034842,0.19867411319503916,-0.4870447674230836,-0.5072111552860086,0.4963252483586029,0.509102628475829
11600,130,OK,1707,1707,,38.759403,0.0726399256444912,0.07359323016221675,0.9706211109905292,0.9761136529235903,0.013550975353634148,3.265471434947428,2.047230723171377,0.5533311204050193,0.3875551637010377,1.923377631752202,1.1770532637127977,7.447522953526099,-0.055828026831340645,-0.8005042445257616,-0.495834717076874,0.500593586892478,-0.4942901649616408,0.5091475492680027
3290,9080,OK,1811,1811,,14.960462,0.002680500258172,0.1462609414562221,0.34495687124794916,0.37469279563192653,0.008996339371433638,4.926058758362508,0.6319997013285688,0.18273092728096563,0.09419186700388493,0.5254791134587613,1.0823735691040348,68.510621129836,18.417022000347277,-1.0514149676292808,0.710797443631328,0.026040362635884797,-0.017660266521960236,-0.7026926843416929
11640,140,OK,1579,1579,,16.152584,0.046985863892068325,0.07661926316264862,0.8106352412319011,0.8156026466487059,0.011988672353820813,2.3788224329473064,1.7876491336030491,0.527481972366409,0.35732193100337456,1.6590509089030068,1.2515820659692207,10.71514235853136,-0.09234994199821248,-0.8186019793640481,-0.49795609819095116,0.5020767265872615,-0.49431010323507585,0.5055850143483218
11420,650,OK,1100,1100,,52.794857,0.48433205836113163,0.2491334286989197,1.2233275384437872,1.3390949459864845,0.00819824444259225,3.623975704962453,0.597214205557026,0.1661648251510165,0.10984282426802316,0.4962681412457588,1.0700634760984264,-4.6861732811584895,14.577463443369968,-0.5534013384484312,-0.422841511679001,-0.5625782769849623,0.5758820296107565,0.41601757924040206
2020,4310,OK,780,780,,41.934105,0.018532216535424202,0.41212017557537745,5.054769095678309,5.071575405413046,0.016006584391836658,6.991074607054168,2.3866122818625835,0.11611619454159872,0.08059785260506347,2.356715175270722,1.1023736767037673,88.8884663030552,157.97481056236137,0.6454658787396106,-0.497706539831099,-0.4994971630700481,0.5009772045655907,0.5018093510487569
1540,4720,OK,1506,1506,,19.308363,0.13618389859010693,0.14432430266101665,1.0349187639817439,1.0537705664020465,0.024518189203746068,8.254742241555967,1.1353841631726937,0.21384243374593148,0.11180668879952482,1.0023534982348963,1.1082237769471315,82.23093733172628,113.91873862182597,0.3875169174392441,0.5711613611604022,-0.44402398181889063,0.45167420003543063,-0.5221185881669491
3119,1000,OK,1799,1799,,34.078712,0.010695188473020964,0.039325598715646545,0.48354224770286436,0.48525662806844355,0.010026616892848113,6.300935581673467,0.46889464655898105,0.11783962578950558,0.07205023819165146,0.43501267000858235,0.9888542020078429,46.332136670539356,-1.0437160894348718,-0.8274734896613319,-0.5042863075780314,0.495327714570405,-0.49169802833801063,0.5085064641637189
9520,4790,OK,1794,1794,,26.745476,0.08926644065685618,0.07561469119475207,0.5700898577228557,0.5819695222522289,0.017730699252500738,6.6198926040283785,1.0141697278439166,0.331599834539106,0.13713079357358504,0.8937206078982403,1.151381624588221,103.04420404463148,113.13153978802714,0.10442118065593234,0.5172400684103089,-0.4872221841294527,0.5011046682596161,-0.49393457701546367
3690,9380,OK,1457,1457,,17.087515,0.34442045221442397,0.235723290531886,3.250286574403952,3.2769732579551736,0.0287351889677409,1.329825802754754,3.0865211350200363,0.19701248453052855,0.08685011279925581,2.9478845668515383,1.1063428347588755,71.40464169044073,110.8448168151889,0.6148211338824029,0.7010647300505145,-0.09647006863396798,0.09036965270942109,-0.7007389642414181
2999,70,OK,1010,1010,,81.07674,0.16916778791796733,0.06812890710674176,1.4654126973616721,1.4767171909480261,0.008741464790224245,5.613688698205899,1.9762754135607064,0.5838871949283941,0.41931554400705506,1.845976872392841,1.2066991233786515,5.543564333516418,-0.014670277990271957,-0.6509207340034996,-0.5030031536001657,0.4991758729807638,-0.4916765848654968,0.5060290616132461
3590,9290,OK,1348,1348,,23.342602,0.07408955711361787,0.015621127517487515,0.8186090453906905,0.822103431019277,0.00864303829018278,1.3529506210090116,1.0599254559130382,0.10002313928690265,0.0756897932643743,1.0076316153361526,0.9115947031057078,69.07659887665325,85.41554913259306,0.8980742362542815,-0.7058576149631489,-0.01707934320003707,0.007641289525597937,0.7081065838761679
11640,110,OK,1002,1002,,72.907486,0.15182449153696018,0.0516781067794838,1.4744211961301765,1.4831180554995307,0.008963081222622833,4.262864974825472,1.9962847886519106,0.36729382947448386,0.3070850946038909,1.8931377844959574,1.144796476123614,13.002165170722026,-0.14026718405137933,-0.7082206884819914,0.5046181964482145,-0.5004357699780767,0.49462202463308064,-0.5002734938887657
11420,630,OK,794,794,,60.018265,0.006711245146998168,0.11501999013165118,0.19986395374168264,0.23069512120234728,0.009817082041712269,8.080530383946297,0.9003146868839551,0.34337857627581325,0.22351099412034148,0.7762878922361227,1.0840181419212604,-5.800002422444346,14.657475613636349,-0.6885094710212775,-0.42031536243243783,-0.5632800354584597,0.5791386756608626,0.4130968313979024
11260,540,OK,1695,1695,,17.037268,0.3039387832068461,0.009006504181587322,0.8547911963027741,0.9072639584660899,0.02191417789988078,3.612309530629454,0.4884772895945906,0.13549971693036322,0.06444736441327259,0.42183287597197117,0.9868100310542449,37.68164706157037,12.537135256961518,-0.9463685803628505,-0.4980585448194289,-0.49706562497683476,0.5105960769229204,0.4941205284438855
11500,770,OK,1648,1648,,15.954243,0.1305812222027174,0.05477902695137764,1.027958592585463,1.037666162817301,0.034938152331803536,1.4435592838545872,1.3632421592767425,0.08631007574812388,0.10550744575786619,1.3200094662125066,0.9432931051086062,-7.923266280110314,2.7673455572454095,-0.6586688585291507,-0.20075745186888128,0.6827609259795206,-0.6725353296263721,0.20305219496239943
2959,0,OK,1295,1295,,25.560415,0.11457925998659613,0.0070621813875904604,0.8434036275204244,0.8511803335014491,0.018620073325035083,3.644398705442969,3.111289722336282,0.7270851830264824,0.537764487020878,2.9255873348553507,1.2683344857743457,-4.221473179204846,1.2576572873869047,-0.5783333675728518,-0.4199220863514235,0.5742568545439418,-0.5717346292516894,0.4086734883962977
9440,4700,OK,1820,1820,,19.612282,0.24492968995462078,0.004859968450072243,1.7864871797819628,1.8032056499023936,0.008539456570914416,2.4915419820795712,1.4620098919285751,0.23601067139198584,0.1425600534558451,1.3353687603972517,1.0898342476879523,83.87047603237265,113.68268124225405,0.4575939882790606,0.5535617721953003,-0.4558291013026638,0.466761728562703,-0.5176124839286259
1600,4780,OK,1651,1651,,28.71322,0.1046979743630786,0.12474368931901918,0.10773992915122754,0.19527044372910965,0.009948770987584486,9.881317799719993,1.1099768038621114,0.2355394987706394,0.14626034775493668,1.031900072927506,1.2074901431484226,96.41663118517157,113.54490044221086,0.15804941352796414,0.5097016460503506,-0.49782810003626154,0.5113320736281238,-0.48053191913442345
9560,4790,OK,1170,1170,,35.889328,0.13207132033077026,0.020737673001189016,0.2408365534386867,0.27545440676751315,0.01438082885292427,3.6377551013291844,0.8230870424058965,0.24906835180801018,0.21041324193904987,0.7366062917004816,1.0849112923411388,112.48584726043495,112.99276061141583,0.10950584158338461,0.5106121698984297,-0.4895269212440375,0.5093190748548697,-0.4901353744813062
7260,2780,OK,1428,1428,,42.750786,0.0782296992259939,0.0023612608844187036,1.2881645511578865,1.2905399537611197,0.008429405239596389,2.3232760799778776,1.0783386301301945,0.08802291304513099,0.11090961007242311,1.0482340831246058,1.022000530791087,-11.220618277392916,30.887675091117504,-0.674598496402953,-0.012580680052859682,0.7198966932830863,-0.6939010823434919,-0.009579426497233237
3039,890,OK,1644,1644,,33.943382,0.029949618265044747,0.05510144786004365,0.09506341014534403,0.11388679088883359,0.012989275513489931,1.2280917653141061,1.871701668721708,0.36780952287121815,0.2520448101818269,1.7950822392712658,1.192494457516136,19.50252620705944,-0.2450850533634611,-0.8306828842242129,-0.49413337019666426,0.5031226220899013,-0.4962408567750202,0.5064038424683034
2999,130,OK,1822,1822,,33.375755,0.029198914166715162,0.03982937846072276,0.9090994097590919,0.9104398348059095,0.007508219862695341,4.672943580299226,1.973112704271098,0.42283772270925235,0.2926177391610969,1.8824233574068678,1.1576000611079575,6.096104435315926,0.07964673621539653,-0.7075889311232837,-0.5019096741372321,0.5011891675670297,-0.49169655178992355,0.505104541930504
1820,4110,OK,1712,1712,,26.536488,0.3186658272824203,0.01646498804765635,5.188238808632862,5.198042029525458,0.008866791942469882,9.420571184287832,0.7972645815204935,0.2800639716695692,0.1938341825741674,0.5328291761905004,0.9912896123986394,130.12121960132984,129.059135243034,0.1582006708096034,-0.704545986391359,-0.013117925642240978,-0.014159655353753766,0.7093957832176159
1620,4780,OK,1859,1859,,19.043446,0.09200503065242056,0.10027567829114375,0.34564086142419104,0.3714670138897378,0.008894954977383013,3.986616816112234,0.9680326187388875,0.2986020425875162,0.1457472301969589,0.8529329010362208,1.112217705550316,102.54624914920026,113.26953202663309,0.0679868729403008,0.5089197340525755,-0.4939489233508755,0.5121114781780369,-0.4845172848626483
1620,4790,OK,1661,1661,,30.112082,0.015542443055784477,0.10599220110559611,0.549948865911241,0.5602853463623795,0.018838138420806744,6.898441153026225,0.8816732618061989,0.2988974651677201,0.14555979227880345,0.75208248632156,1.109117002503919,101.6464374635539,113.10019116497003,0.07338623283741243,0.5093680888997406,-0.4936439242760583,0.5085322276402885,-0.488113510863165
3590,9310,OK,1572,1572,,22.14022,0.07579634824248233,0.03517794971848229,0.10132430953257465,0.13133617268500222,0.014644301795290228,5.347258001506932,1.9204685097902825,0.2915582050359049,0.20148663594283078,1.861715492285506,1.0309759794952102,68.98091856688613,84.49127629572627,0.9059173709276267,0.7070983406368887,0.021613115237728162,-0.002656085081979006,-0.7067798491258198
9520,4740,OK,778,778,,48.06447,0.10904885197065911,0.0866538598432658,0.45420872414651026,0.47508536983647026,0.010424462558287809,7.802346961069484,0.8625744381782185,0.20262670760542167,0.17898181001035807,0.792826529591018,1.2790469373353923,102.02812213382165,113.24370308686885,0.2279987404209066,0.5187639465544601,-0.4872436466275216,0.5032717995539503,-0.4900970234046361
1820,4950,OK,1603,1603,,30.98018,0.004448582833884371,0.015314374840383135,0.012349523230475334,0.020170044372825276,0.0153590381051715,0.5749820219023755,1.7923091100315665,0.3940414278728517,0.21465043631647368,1.6463390253358252,1.0765078579756726,130.4681532310115,134.23470457573103,0.23805249811330928,-0.706118182547164,-0.019278488576147376,-0.010974354131516375,0.7077464346119346
7340,2870,OK,1228,1228,,31.57993,0.05861324842169069,0.10092273351159367,1.0416683812621708,1.0481860176282385,0.011325742464526549,2.887619091631314,1.581614594313635,0.295729288395977,0.25770333884436103,1.4795419315495808,1.0292482917853276,-11.082266795086197,12.42369201197426,-0.7789882479817551,0.02885020178119753,-0.6950011812157969,0.7181223393105515,-0.02100784969892326
11560,830,OK,1684,1684,,21.075748,0.09513924641701482,0.0017548092081677187,0.005096354248735446,0.09529180652492186,0.010000981890691834,1.9852554343372517,2.9112451261613073,0.5980388245170413,0.44891700235283616,2.8058469217092847,1.2127519887940668,1.99817850900776,0.4130972593241093,-0.6525196870808041,-0.48103565260882125,0.5224714769943005,-0.513964691060336,0.48111178845446373
11360,640,OK,1722,1722,,21.723152,0.05866257417963376,0.061429517471979875,0.807357675703134,0.8118135868184199,0.02418398019180847,5.9329429508577585,0.41329287803867076,0.12204662510575132,0.11083612247459329,0.3094508531213962,1.0547313083381789,6.24362840659434,15.009816663552408,-1.070465007996056,0.5218568721124887,0.4659606966211804,-0.4953881044819556,-0.5149142260328888
1840,4140,OK,1552,1552,,20.07588,0.14104646999936787,0.06412441758517673,4.405360350429886,4.408084149011864,0.009994646144933643,9.00331030436085,0.852841652572921,0.3807192086775719,0.2142643787545762,0.4035161207123119,0.9888919398767074,130.8435595564137,135.9216541517366,0.15384989191373183,-0.7044529713311485,-0.003946951858887205,-0.010587568156551572,0.7096607190441571
11560,70,OK,1359,1359,,31.86514,0.05156232553471157,0.003467952651162762,0.6058287987514931,0.6080289742329845,0.007590959420878021,0.5900988604348361,3.7951392234240307,0.8709824027013771,0.6003354517552122,3.6273036900038162,1.322056365417784,2.5947599822786653,0.334356776401564,-0.6790428225482132,-0.48321746511830727,0.5191060930248482,-0.5165332095579239,0.4798157865399021
1960,4260,OK,1522,1522,,17.7626,0.012008688872098026,0.013602720527656965,0.17518813394076438,0.1761253101851849,0.0026493851998342834,0.9249323396735788,1.1108749672757472,0.30928198394055517,0.20465617113347934,1.0067764764491383,0.9818726433714815,113.28802769998353,157.56596556500475,0.12640013513335105,-0.4977704308921787,-0.498924543468611,0.49584710229649287,0.507380083564801
3019,130,OK,1456,1456,,55.623463,0.04347138288059402,0.0036290716537384707,0.7000130751942345,0.7013709694117003,0.005070566665314715,1.369640112812699,2.021933956129886,0.5546049298870074,0.42671750652258345,1.8796217802376036,1.1669020643300567,12.347594397073323,-0.04199810423476583,-0.7456401714448974,-0.5010255842487815,0.49697656159669684,-0.4955444602502773,0.5063826113394424
3059,900,OK,1194,1194,,55.771034,0.26874552010093095,0.04443029426833615,1.0107557087190755,1.0468167501197578,0.015461711594796325,2.6599641644374405,1.7392256784932294,0.25495666112936166,0.19769853266341886,1.6970171209876943,1.1322982282192138,27.433982498977745,-0.6816759116453642,-0.7742594930187039,-0.5011810878363087,0.4995129570184059,-0.4945889813459667,0.504664306739739
3119,990,OK,1862,1862,,26.769922,0.042401796357861704,0.03430565572194472,0.11908837154399032,0.13098408523895436,0.009295628545274185,3.734967026153536,0.6751331573621367,0.15171539260467082,0.09905313221733092,0.6362638069496489,1.0215012337535592,46.69840975447129,-1.0440119670321963,-0.8220295867574482,-0.5038447063117097,0.49576683339024746,-0.49121244506962763,0.5089853560178246
11560,0,OK,1279,1279,,56.494766,0.014208881956153385,0.007902502255848999,0.47312202682089355,0.473401303474608,0.006477244918713942,1.8995079285097898,3.098248328774547,0.7489808568051608,0.5058801687509689,2.9173444478164745,1.263703410626934,2.4577566781192375,0.28479426660041474,-0.6855664447183122,-0.48147982177481136,0.5202246915943582,-0.5153588625344513,0.48161052136186466
1600,4770,OK,1757,1757,,19.541756,0.0410911845133865,0.15013626947859254,0.8017974617237442,0.8167671360212168,0.009720616482477067,6.951735572241377,1.0110386425554436,0.2506386276525512,0.12310151280527393,0.9093337800888635,1.201006035823081,97.1098807753317,113.48232452879303,0.11632053344232876,0.5100314563818668,-0.49751686436721454,0.5113980265239775,-0.48043411789608353
1860,4970,OK,833,833,,43.060776,0.4171839877951785,0.20851334808834712,3.656217328827677,3.685843926650109,0.010449363434373537,5.449202194445557,0.82692693280186,0.2920797060735647,0.17734364658537416,0.5759698804819005,0.962089249166586,130.6043463931848,142.40413163200876,0.01059317009419699,-0.7017687075829276,-0.0006495317576780113,-0.00710480007428589,0.7123691325301706
11220,480,OK,905,905,,58.08091,0.06819424971531135,0.06632545003690732,0.331614651142087,0.3449895619709683,0.01049860778285612,4.397270153609234,1.3505218009636204,0.38840009046138657,0.3087958722046735,1.2058074971474024,1.211458600842279,48.480761909146075,12.95904148578762,-0.9210033154965194,-0.4963733815670672,-0.49872420297389136,0.5203360139002486,0.48387815416500446
1500,4680,FAILED,107,107,,,,,,,,,,,,,,,,,,,,
1500,4730,FAILED,183,183,,,,,,,,,,,,,,,,,,,,
1500,4720,FAILED,113,113,,,,,,,,,,,,,,,,,,,,
1500,4670,FAILED,147,147,,,,,,,,,,,,,,,,,,,,
1500,4710,FAILED,127,127,,,,,,,,,,,,,,,,,,,,
1500,4660,FAILED,75,75,,,,,,,,,,,,,,,,,,,,
1500,4690,FAILED,105,105,,,,,,,,,,,,,,,,,,,,
1500,4740,FAILED,108,108,,,,,,,,,,,,,,,,,,,,
1500,4240,FAILED,74,74,,,,,,,,,,,,,,,,,,,,
1500,4220,FAILED,50,50,,,,,,,,,,,,,,,,,,,,
1520,4670,OK,882,882,,25.07016,0.7919688497477086,0.2026056645547885,1.7192011776143077,1.9036586887861013,0.015754174106212795,1.0181103778712404,1.9047106236170814,0.33519217917035304,0.15160800191638524,1.578517315424624,1.0785554389308258,79.19419807924338,113.38571343574066,0.4179487415900268,0.6112718529490668,-0.36231994660168404,0.390942702896559,-0.5850083598878737
1520,4690,OK,996,996,,16.06877,0.36291535392108565,0.13649015398172196,0.7150661229505957,0.8134228152917875,0.019288166252032963,4.985491656462997,1.3224378565511872,0.16828665226812478,0.07197766487195656,1.22006764967497,1.06549690833048,78.1136755923213,113.28621237289185,0.4469546484525047,0.6139296205683905,-0.358067131155287,0.38103280200505846,-0.5913479131367156
1520,4700,OK,1003,1003,,20.68167,0.3934049805513542,0.1612292080286208,0.7307495108123732,0.8454331338412698,0.019640149309907956,7.202889655688983,1.2288561758551373,0.17093065039094935,0.08161474369638233,1.1390765514669887,1.1136060800609717,78.14360532648244,113.21151479116855,0.40868775578009586,0.6158875542825709,-0.3556738209113366,0.38102461541557187,-0.5907612851614257
1520,4660,OK,472,472,,31.58879,1.591626790174344,0.3317642290004418,2.7180074534185668,3.1671608515646668,0.014244441787774566,1.2856905524099906,2.3491618525677875,0.24100984420181704,0.13022283299847148,2.2652779294721084,1.1662656915069176,80.44027533518104,113.07060344516086,0.34517106825646204,0.6139862925770645,-0.36070135132810727,0.3920175885112252,-0.5824410510733189
1520,4710,OK,1056,1056,,17.757877,0.6724545434493301,0.24937704620163406,1.4487509957159581,1.6165591457679114,0.023411636882577976,9.569442272044226,1.1631559612195754,0.2462411946755494,0.10075655480547363,0.9694858681596008,1.0861861317082766,78.90840955823991,113.28961172365217,0.3055332837791331,0.6118301785404615,-0.35918266804983345,0.3806570514760983,-0.5930867160553113
1520,4720,OK,954,954,,18.807571,0.9245512486244092,0.24944599090370245,2.1905497550375106,2.3907167425284372,0.015830513426055296,12.100737371172347,1.2234810879333575,0.3192996780977777,0.12869516066882486,1.0539115245401218,1.0597486622429915,79.6812923704939,113.44063208829918,0.3221250984226797,0.6124243532126126,-0.3612655828919067,0.3827932693447583,-0.5898244680871042
1520,4730,OK,912,912,,19.289852,0.35857187199877494,0.3485001643317056,0.9804124341303933,1.1005610809607136,0.026373239731871004,14.664988986904143,1.5175015101860656,0.17920455089196374,0.10518691415597359,1.4001858686085757,1.2394413932353163,78.34890813153582,113.32180335143676,0.13497462395747326,0.6099732409226668,-0.35986365586975605,0.3812262426161173,-0.5942199479007325
1520,4750,OK,645,645,,21.335693,0.1186416752699273,0.22783312427827576,0.018616920511057344,0.25754682944771456,0.016198266106586107,20.038335976132878,1.7549852123135248,0.19112328015691205,0.1284383428558291,1.6542811372437694,1.2934726083332493,77.23982843172602,113.21019507501262,0.3000484371389879,0.6148528417500241,-0.3584003651872852,0.38134058884403377,-0.5899868782656321
1520,4740,OK,692,692,,18.592949,0.20932102962452426,0.2549713625388308,0.6479894198269989,0.7271285837908653,0.017839698523965844,17.283634222408594,1.7678058561211705,0.1929846056526715,0.12847713902190455,1.6842741427573218,1.2900419560329341,77.98280949868544,113.28544910286769,0.3043118718796498,0.6134718762652334,-0.3601304883799241,0.3809179739244053,-0.5906435350633896
1540,4660,OK,698,698,,46.65795,0.5966382917852077,0.00835176392468135,1.9492648027440689,2.038548570528036,0.006934868378007403,4.847282056206846,2.4243938364558115,0.3418536130538803,0.1727228650110772,2.357161813693934,1.1177172218279774,83.22336566800661,113.82617064882696,0.4369527244160976,0.5671201223290583,-0.44608639279101076,0.4594120652624838,-0.5179983120700656
1540,4730,OK,1540,1540,,19.277523,0.27881155066097296,0.20680069618669977,0.2611683856189124,0.43440917850808464,0.018332522010207897,10.819767755254851,1.213015258966744,0.2748766250764012,0.1508696836280526,1.1233850542185007,1.2018369631959098,80.87945533797092,114.07039870864085,0.3542146885947874,0.56968033648891,-0.444371288356387,0.45431183896934485,-0.5211518255505385
1540,4740,OK,1311,1311,,22.660686,0.6176198090287088,0.2759403861066459,1.6028938710023741,1.7397890926449444,0.018984591343410708,13.43950766633183,1.537509631629093,0.3870902927725134,0.23614744778652952,1.4458928443894354,1.2805720120921464,79.4961221563984,114.09557340401724,0.35918072824869723,0.5693991971131294,-0.4450316910978949,0.45353352022130683,-0.5215732875456152
1540,4750,OK,1226,1226,,22.345139,0.5769857938914331,0.33610569634240134,1.9801035359233499,2.089662570474595,0.02574800205506616,16.195871677037097,1.5644763821286034,0.30226028189178455,0.19943690497482702,1.4924769639046218,1.2705854194211936,79.1305660004473,113.84811837232739,0.3690813184055247,0.5686119028637077,-0.4459598552872157,0.45009773991314617,-0.5246068393749715
1560,4740,OK,1562,1562,,19.141434,0.1106787373219949,0.18082663555134584,0.309440506493905,0.37510196224388753,0.012904677297561416,9.086656490366972,1.185610368010425,0.28223882555032015,0.18662492259110658,1.1136570263957104,1.2232386619933044,85.29215953684785,113.99533719146079,0.2379286766571037,0.5173408861834078,-0.48290036560857347,0.503649674117098,-0.4954822399842536
1560,4660,OK,635,635,,56.173496,0.2752908142728176,0.1703611990397369,2.4138991370881158,2.4355116535537245,0.015224464362137558,9.201067133435288,1.8397671929801933,0.3436828350588961,0.17882701654099087,1.7393582038632722,1.100239661026249,88.03181170573679,113.87807475954419,0.36981703812050176,0.5182077971037496,-0.47808731499237855,0.5088776118014946,-0.493899559092195
1560,4750,OK,1391,1391,,23.139044,0.07031332006100222,0.2331603219920233,0.3344913641374898,0.4137537569762766,0.020824561951691994,11.842754165796272,1.2306619056495574,0.2675266088169943,0.16851086092575063,1.1386476780798533,1.2190674354910749,85.26647346658694,113.87601512808224,0.17391524755709328,0.515877336404164,-0.48376695100297457,0.5010130985107093,-0.4988246044678718
1580,4680,OK,683,683,,42.54424,0.08805277004895733,0.03364819371210867,1.7769440590929442,1.7794425195546753,0.014506941596404508,10.33355621770051,0.9153754554475249,0.24174046290817763,0.17613005544944565,0.7666657175792246,1.00957626338233,88.85622833920118,114.01556597237885,0.3294667587651744,0.513061497275263,-0.4931642060704866,0.5063068038940072,-0.4870424891066153
1580,4760,OK,1657,1657,,19.503904,0.05394123954376567,0.14156383409788897,0.0843211352405362,0.1733782866920346,0.011953529808910877,9.696773536298517,0.6595283277173738,0.17822786852282935,0.10801484750913515,0.5873252170602612,1.1173065933247182,90.71393212189032,113.7721263910905,0.20196842275210075,0.5133363460938883,-0.49175991974450045,0.5078493316732177,-0.48656657656576097
1580,4670,OK,576,576,,54.669285,0.01640132398662372,0.2325503274207929,1.7448785964281477,1.7603834737025608,0.02360742005612993,12.393447508459687,1.3761692421081895,0.27341204072551584,0.1609308486874612,1.2992693937928133,1.0906003769957127,92.3815856275532,114.0209816738938,0.2732302330219233,0.5097944798717751,-0.48976757670870524,0.5077309037110543,-0.4923887067286425
1600,4710,OK,660,660,,55.893967,0.31806937156517856,0.31831997377123294,1.1479153055157738,1.2329660496002954,0.024509311096651883,9.344490260025177,1.1477503844063863,0.20959161035878315,0.1418640274120171,1.038692572298305,1.1611035845470181,97.46314409832583,113.34428705506954,0.4752850581063507,0.5116907737708021,-0.49923328787077653,0.5050745802825102,-0.4835683453990951
1600,4790,OK,1481,1481,,34.448532,0.045423244661967455,0.17105796923170896,1.9763382328758397,1.9842471899236984,0.016283636755805464,12.79431913604014,1.0217623989820108,0.3084084543352674,0.2364757760450591,0.9316576437575268,1.210045811807446,94.3281912241418,113.45844551012817,0.1737340435164307,0.5094436586177896,-0.49866391738225097,0.5089379819465514,-0.48247651417170584
1600,4690,OK,550,550,,63.01139,0.14316064926064903,0.2689917193088913,2.627653862546394,2.6452629997617376,0.024132788731329704,13.938243245674439,1.5914293098002918,0.22681455448447752,0.14311116391730494,1.515309232598522,1.187522137623934,98.9416333908677,113.49593870738416,0.4697047528385444,0.5072460705752174,-0.4999802596972799,0.5069029806801906,-0.4855620783963473
1620,4730,OK,651,651,,49.931248,0.20752998346386387,0.10006282665135571,0.017017413512643742,0.23102133164846744,0.020484109648538022,10.142002936980782,0.9472468957353606,0.2043564230284285,0.19320642745316663,0.8573093442279216,1.2191584943063507,102.22289023127887,113.14860447739034,0.22473153932725964,0.5113510362608554,-0.4949001124635443,0.5065449886536052,-0.48683279559663956
1620,4720,OK,619,619,,53.57957,0.19870968159035834,0.2664508846110536,0.09703472653459144,0.34626196675551524,0.016972431353155803,12.706615924081996,0.9368381570437252,0.19522472958705084,0.13357496230019827,0.8524265489922156,1.1846461340872358,102.10926059348962,113.16458732714216,0.34855525776808605,0.5122173720595781,-0.4952507786583556,0.5075716315276253,-0.48449052505395496
1620,4820,OK,1652,1652,,28.894833,0.06042835470005148,0.25336135107596475,0.21738716543372938,0.3392649996184474,0.008496263431551788,14.754446546305342,1.010609778156811,0.23621560631066374,0.19670159688848354,0.915863071834667,1.2448300426758296,101.97845357559609,113.19839202980127,-0.06322864100720377,0.5090982557428554,-0.49462231568207593,0.5118487269882529,-0.48392004660830884
1640,4750,OK,678,678,,48.501778,0.04172378700328555,0.5288052223148447,1.8142219523829795,1.8901791264474532,0.01783817250490749,10.635130116242468,0.7369235412723416,0.21449023376242327,0.17331895793394025,0.641854307943797,1.1993154629076341,106.25843985693987,112.99680609519355,0.560768107803243,0.5102430215861629,-0.4958122187312154,0.5083327998690397,-0.48520105858989515
1640,4830,OK,1450,1450,,26.746128,0.1376016026105183,0.3068006381870141,1.0881029978268888,1.138871795468131,0.0042209649487358475,11.18972832680848,0.8942468822875038,0.15559748516808658,0.1445043392328904,0.8100028323004551,1.136124342298808,109.1520122932566,113.00095167560386,-0.20345309555469523,0.5081056711769706,-0.49121053284087013,0.5152362524499321,-0.48484269975460975
1640,4740,OK,555,555,,50.24251,0.11334331380722446,0.4484678686306457,2.4921663151589044,2.534731362174625,0.02538798185466738,13.389735442877752,0.8808628564163663,0.2337440209327304,0.19790079939335214,0.7649594090056011,1.2488988354660842,105.57979119537008,112.97504220655681,0.4856786125864382,0.5077076205078985,-0.496976444584844,0.5059840173596379,-0.4891089446970037
1660,4850,OK,1366,1366,,24.14876,0.8651854378769295,0.23202329081883571,6.451236967660135,6.513128208649161,0.03623791395515185,9.89089053725201,1.6929891108865358,0.44066326372531295,0.30229565452417617,1.1477992126832568,1.0957200712803623,119.87528411776972,113.3352161388234,-0.14130624066966957,0.506194132662047,-0.4917417447789085,0.501742105534224,-0.5002123709329831
1660,4760,OK,526,526,,46.645622,0.8210820286406081,1.1670616910154903,1.5729488918158854,2.123764795041422,0.04218503430622432,13.118115497047395,0.9860449178365169,0.18783684158541059,0.1865763687083839,0.931985475847112,1.234975704616963,111.90185291634049,112.16001063980457,0.9821375401006144,0.5139849503228061,-0.5001545013679776,0.49489528257830273,-0.4906563001580171
1680,4780,OK,686,686,,41.10344,0.6874597489530835,0.7785577945454916,0.4540468273381304,1.133539442319498,0.030274625110852663,11.550781167356348,1.3762080447955198,0.1991308621789254,0.15112434795100588,1.3235857462637544,1.2404075607835787,118.21216107924825,112.06946844180807,0.7587016367509218,0.5099934769869973,-0.4879176047595099,0.49578988337080493,-0.5059994623945953
1680,4860,OK,1286,1286,,22.430756,1.1476341383675481,0.4579487135537472,7.549580052002628,7.650028764742532,0.06890060009401482,7.473701645503882,2.0637687034552963,0.4824851802324299,0.24456115018371705,1.6507807970639696,1.1571756410180218,125.27379249305082,113.78835200550677,-0.16925482336330497,-0.5132699852396873,0.4672982980449502,-0.4923575281946469,0.5251383506528559
1680,4770,OK,549,549,,43.947014,0.026350705037115896,1.4355046558803828,0.20581322706454763,1.450423062814754,0.030855706176300127,14.481709161337873,1.3900684988389551,0.2006026236656565,0.19497527357166328,1.336129859515709,1.2965882589209634,117.5334574671232,112.51481789003734,1.1647092609402963,0.5118427021916285,-0.4931880252589361,0.4999255188565273,-0.4948303704810315
1700,4870,OK,868,868,,21.531536,1.1111353275583056,0.45317269846776265,4.407158433258447,4.567606886174171,0.043780628223307076,5.689616092246281,1.616713069716848,0.13652395778516857,0.10354746298183859,1.477690464471328,1.1907120440778902,125.69221012744129,114.30919049379241,-0.280771847845015,-0.5313508353037579,0.45268044498809207,-0.46732551272362777,0.5425436108784066
1700,4790,OK,544,544,,38.873955,2.4935831655180043,1.3896758388180532,0.28523901247684336,2.8688878044615502,0.07581887745111285,12.335837563993596,1.2239528091276104,0.18486885810916914,0.11113301919019913,1.176688877274009,1.1709097714665404,121.55571459441417,114.42603812739688,1.0913675522638002,0.5223044908733965,-0.4864172991438434,0.4895924873193248,-0.5008946259120454
1700,4780,OK,504,504,,41.534782,0.6744728229728711,2.252471460820483,0.23232960674170577,2.362735346353567,0.05315415259250882,15.246087405072192,1.51410212832319,0.20570161905499273,0.14241717229395606,1.455533947993119,1.2546932311758017,121.62388026002895,113.16633269812792,1.6442374232068462,0.5375330102213892,-0.4784504906342317,0.47250117022064575,-0.5088084463472625
1720,4880,OK,985,985,,22.847525,1.594539792373993,0.41673320709896494,4.822966953216066,5.096786629551737,0.030367414539002848,4.210621534921608,2.6632374685522975,0.16480843569989378,0.1529030182244453,2.5741166188317206,1.2306409252930302,128.72741672815718,116.76883119045372,-0.08590215091200493,-0.5714709793855662,0.3911637466937297,-0.4099220512869931,0.5936124618480387
1720,4820,OK,570,570,,31.640915,0.4291170622055397,0.7533697538628839,5.035679726516118,5.109772768642142,0.08914739247751022,7.952312162860858,2.2488223524289968,0.3496879481371682,0.17312467818778687,1.7824821666364237,1.3019275496347404,129.5862815035996,114.66989700107514,-0.02452857548797202,-0.5481578112509189,0.41469367490795,-0.44765598916053406,0.571975773372129
1720,4800,OK,526,526,,37.136497,2.3683190758885018,0.012436838053690558,3.7955315559789273,4.473829423725268,0.10624056501561174,12.917410583277263,1.3971774131848163,0.24115271985176123,0.14643078928638764,1.1953979817056357,1.1956926731784268,127.88059679874361,115.45256228868395,0.3358984148953261,-0.5515302269123643,0.42687483316492364,-0.448141024458582,0.5592512027788828
1720,4810,OK,518,518,,34.1846,0.5223349928992398,0.1541938390672013,4.2511027714023015,4.2858469825505505,0.0745620410151617,10.291727814206011,1.7785556955278765,0.30215827845856014,0.1729192252581977,1.4104362449263732,1.230876022859924,128.7380276574027,114.49992270157253,0.2704022914494033,-0.557551320796372,0.4163146425827055,-0.44069549677945513,0.5671032729298647
1720,4790,OK,445,445,,39.498055,4.336768196532195,3.393366711497632,2.879962637420716,6.21423211845942,0.15757681321403727,15.703355177369568,1.1882365444827898,0.2028633296104636,0.1411362534706455,1.044842163564816,1.1325927727783427,126.73021967937898,116.37092618884319,2.223570812669008,0.5642021993042488,-0.45653719771508533,0.4348501477060242,-0.5330619236474827
1740,4900,OK,896,896,,12.589296,0.6353126679462366,0.016752429279812672,2.0626574115351635,2.1583462250761998,0.03594374056574069,4.930180545146374,2.678301264934027,0.2989497890460111,0.11585351888045547,2.595596715348064,1.1472053784927196,128.6143133794098,117.55687860877453,0.3736556806263353,-0.6451847421559834,0.2853010414183656,-0.2723497388506414,0.6543436283809148
1740,4850,OK,625,625,,26.9509,0.6436420177304932,0.23113022209576264,2.8147148075055206,2.8966041624883885,0.04121219349482192,5.163751975937915,1.6310111542734145,0.2173258911839011,0.21462625949747993,1.333415904457274,1.1214194674807227,130.1333603411195,116.86641930553586,0.5692969707993651,-0.6338469612845065,0.29487730563502074,-0.3031522567897515,0.6475987287627336
1740,4910,OK,557,557,,29.687965,1.5315977431116004,0.29527149282473153,3.6535716433591268,3.9726014970466648,0.028837125666749824,7.159497115265692,2.23372813115304,0.23515033842566502,0.10950337266721705,2.154736798721804,1.1918581630004181,129.2092512298182,119.29796579142715,0.11468854332447481,-0.642025433718979,0.2802877999819441,-0.2754032710404595,0.6583275248229059
1740,4840,OK,382,382,,27.58313,0.3726512810008793,3.048322350037881,1.7296447806960167,3.5246005723146894,0.11437399616285979,7.107634197095922,1.4932789323529896,0.1872949653504179,0.14512876489663817,1.3672356784878907,1.2149215577856858,128.96150173671248,116.73893916697918,2.5619388588831433,0.650845012014722,-0.328592504116255,0.28196565272679247,-0.6236369995891194
1740,4830,OK,349,349,,29.090237,0.08288427095890638,2.9564780130788373,1.2573376196489292,3.2138030328530425,0.10071938497094758,9.041981988618925,1.1781776184952624,0.14797791589725912,0.1741373499273442,1.1117205034182636,1.2165368413783981,128.76629474938034,116.20728844349362,2.3151884028660836,0.6542578198653606,-0.3195734632164427,0.27444587173981977,-0.628091530143374
1740,4820,OK,274,274,,31.04308,1.5214098187817116,3.959484970485099,1.8526751803749058,4.628673070347481,0.14889981905348687,11.211083620011248,1.3694677260951902,0.152464299626899,0.12245614563324247,1.2496418146430486,1.2596223324068798,128.60843105538754,117.05957101642524,2.9051151865982443,0.6497775254635696,-0.3431675219475981,0.2906791879087435,-0.6128057024861129
1760,4870,OK,656,656,,30.492533,0.33470251477616053,0.17881735901219487,4.316059446374186,4.33270937935115,0.08197122193683223,5.189968098433766,2.02006773053015,0.17609632262712394,0.16508821055276102,1.8365213046010673,1.0796478834982255,131.96102278538118,122.52491265232521,0.48965113118978354,0.6912386935360828,-0.15828769201291934,0.1881633466983772,-0.6795061663259715
1760,4930,OK,1044,1044,,21.688576,0.3649775709279446,0.08437491419242876,1.5620697207609568,1.6063591024250015,0.02153830885987498,8.513840208682414,2.46557908625263,0.18017589297201164,0.08144287127296845,2.3274820288334066,1.1786738769530347,129.69012346535507,120.66913023385919,0.5067779959727723,0.7007701633604192,-0.1401357598271141,0.14670003787964536,-0.6839314628291342
1760,4940,OK,951,951,,32.154667,0.11322956833332354,0.07167070500401108,0.7175550444149046,0.729960866667521,0.02242305377262644,11.485475062271524,2.6153092832041573,0.25134007158913696,0.10548393984549687,2.557795085334254,1.2018018926974146,129.5286907267207,119.79657980886441,0.31256245112699066,0.6972721500605235,-0.14918396939907655,0.1435650228819045,-0.6862541629959185
1760,4950,OK,707,707,,43.805557,0.5140865644094825,0.24173388971339133,0.6774962002146712,0.8841500836665848,0.014031482719479307,14.707982596903898,2.4249306513261404,0.3525760262848725,0.2302434741991748,2.378324266728953,1.1879721157023815,129.51697782694575,118.26666190403299,0.16096769849267095,0.6962309884580203,-0.14701113555327594,0.14704624397565877,-0.6870426033855218
1760,4970,OK,629,629,,46.636223,2.867221727230903,0.762452019571362,9.49177070393135,9.944647033015443,0.018081128512742836,21.65461402781584,1.9326133705154265,0.33447991031925817,0.20818970594779662,1.8760641582336426,1.1915800761094972,130.49651083110393,128.9399411065235,-0.7003024997806047,-0.6871991370186231,0.14445730880423957,-0.15483070846502925,0.6949222141578966
1780,4890,OK,678,678,,46.124374,0.5975052016637477,0.3621194092810555,3.1440737789407267,3.2207674333947054,0.025646069160984136,5.642956725623751,2.2725630751517536,0.18426012361773036,0.13385672020344785,2.164918829553315,1.088773474009443,131.21421443764595,126.44363620601197,0.613512717114922,-0.7054915860993853,0.04148479272248277,-0.04808872595440092,0.7058669197177531
1780,4950,OK,1448,1448,,36.455402,0.010337912991822074,0.1864244130205907,0.08893338219805536,0.20680928577867014,0.005956804140669824,10.28360467886907,1.4363094461264208,0.2682031258208838,0.16421069707501568,1.3889172592559795,1.0956787794210152,130.1259920445315,123.52011939933271,0.08940201910118253,-0.7031292795061873,0.032374607818081005,-0.03802992463437652,0.709305876122593
1780,4960,OK,1311,1311,,35.417347,0.17287337537489678,0.14877177972861422,3.113875730607802,3.122217210897634,0.011521337136692377,13.696847863936823,1.321273709818917,0.363956707970297,0.2547974112402569,1.0954442924388665,1.1122971597358537,129.8532031603506,120.3191509794504,0.031865605835218774,-0.7014818820455713,0.030640272835556835,-0.045978085984389426,0.7105422988475619
1780,4100,OK,1245,1245,,31.9572,0.42211185535385787,0.13832552084778235,3.8193024657095904,3.8450466437643436,0.009627684967180866,17.829065085659888,1.3143584596731595,0.4070379527150594,0.2513061493146689,1.0493582973859525,1.0801242213537605,130.21542941762743,119.58659759974165,0.10399642483297139,-0.7032850819344616,0.03320087262941921,-0.03634267550646518,0.7092016677378266
1780,4970,OK,1267,1267,,32.431168,0.24017209044335086,0.12521472808570044,2.6370194655976427,2.650892872806893,0.003058128283431158,17.240937108747026,1.3162461164766928,0.339081945996089,0.22772006122961663,1.1735010140445077,1.0854443869011599,130.08344760316191,120.78307998526235,0.08898125737134177,-0.7024881496633818,0.031799512417537014,-0.04005303900990396,0.7098555801419019
1800,4900,OK,667,667,,62.398724,0.13066920177000985,0.4300064039332493,3.4704991543953376,3.4994777222285,0.01938683513544568,8.642921389144707,2.2287293464598217,0.25505997511513456,0.11976675683765414,2.131450027971006,1.136475721260543,130.62055252644086,131.99473700674665,0.69002581093707,0.7078758530378874,0.007667647580677217,0.02119841776476617,-0.7059770612071842
1800,4970,OK,1547,1547,,30.156296,0.20349741362838847,0.15252388925931976,2.357427263529308,2.371104813579424,0.006602977675394399,12.104664963503355,0.9653229778419741,0.2927348190214687,0.19358714282272693,0.7865957711345439,1.1056017660140134,130.17386349948856,126.17887098736593,0.05416958485194445,-0.7062647249029333,-0.010071699808289758,-0.011433503929933373,0.7077838470950294
1800,4100,OK,1448,1448,,29.588055,0.06592656584087969,0.18537455801285244,3.2527872817239345,3.258732136734625,0.012308398580079209,12.690520125074071,0.8281658034960653,0.27336351470208187,0.21221053478781648,0.6469808411246767,1.108864109285376,130.5548623385819,125.28100193710766,0.019822414678212524,-0.7061338129692313,-0.009924906774408961,-0.006346897682953352,0.7079804031870205
1800,4110,OK,1433,1433,,27.79329,0.2584243093110127,0.19641439979913228,5.212827698511623,5.222923927692352,0.007588511688954461,15.131085337199439,0.694315564655485,0.3075391174001818,0.24842214003417973,0.43353979881776983,1.0612959846305166,130.04555944007768,123.32554492615242,-0.056366311267891524,-0.7054732855553802,-0.0090113011423022,-0.013245711199208355,0.7085554254638425
1820,4920,OK,681,681,,64.8295,0.3025294563953629,1.081550081196411,1.8035614901014565,2.1246431932679477,0.02188528800453999,9.552897861084265,2.6401768198574325,0.6023825284511606,0.3679986242431938,2.5131563287059793,1.2779875386567563,130.18477152626238,136.075167456535,-0.6162698962263061,-0.6980534126917983,-0.010985246684283636,-0.008730193179493858,0.7159081932145126
1820,4980,OK,1644,1644,,26.277584,0.03807685620545798,0.012826795367761715,5.927598812716404,5.927734985487697,0.016647714572907726,10.05991112367045,0.853647901685562,0.3477754542549325,0.22968997826204074,0.5486462785967259,1.0439772359009756,130.71169866499233,128.32105987726854,0.1342063058863979,-0.7045308888728005,-0.011597358424533676,-0.0021596434359858635,0.709575270032647
1820,4120,OK,1582,1582,,24.559765,0.3257991460444125,0.16539234176904397,3.7375506767360367,3.7553674615740498,0.012882978442143563,11.586162370609262,0.7084256656766261,0.28125008233121873,0.19334693166406547,0.48919179369712307,1.0998996308982927,130.10363861314505,130.51304543540653,-0.09015842461351313,-0.702967642449676,-0.013472507671141574,-0.015158571079345763,0.7109326289660841
1880,4110,OK,614,614,,27.610668,0.12214728303253541,0.08772071176410044,0.15483412147531173,0.2158436637885446,0.009171984977429147,7.333233416835959,0.7125657203459981,0.20305328569351394,0.1937913521127126,0.6322007303127588,0.944000303798768,130.3115959242561,150.7368675427488,0.349748409973998,-0.6993281963166236,-0.09985990280870859,0.1036555615768603,0.700159694785239
1900,4160,OK,592,592,,19.650724,0.5217225608946233,0.12379832804078297,3.2248286038723646,3.269103849822688,0.08487438626522051,3.6304863881872254,1.1988906617172586,0.39155370215784435,0.18910274398276172,0.9844637909195288,0.991440809845795,126.07612660385237,157.36793971931462,0.37538034991902847,0.6634143783190956,0.2476711348879589,-0.24219948271089925,-0.6632343342721119
1900,4220,OK,986,986,,16.370544,0.7518967407993039,0.1580895827532444,3.1008385122318223,3.1946111663142625,0.0539973652996326,5.672221801642427,1.3829835199080638,0.3418115500893735,0.21495470335958178,1.0840206925774698,0.9695513094797754,124.88514052612912,156.11672584964234,0.04653100574562021,0.6501186727479894,0.28960008310541074,-0.2897415406138377,-0.6399432340860021
1900,4150,OK,426,426,,20.202187,0.06001189929953549,0.4563907447919166,1.7041507812030474,1.7652262815469904,0.07070459427252213,4.8423662645971985,1.1777221489156995,0.16224670275594288,0.08323424252915079,1.1308111350175096,0.9884580917639851,126.7219664754074,155.87032382917988,0.5931610336824323,0.6657024147614661,0.26181664632962265,-0.23967522990990317,-0.6563902214788833
1900,4230,OK,695,695,,13.680637,1.0036202349732477,0.18917456982266556,2.9924527774818923,3.161932039018935,0.04574088853892028,7.605016661683515,1.8101844636656694,0.21730498017182054,0.09041007784073679,1.705104417305515,1.0106258728323105,124.79239567896778,155.90192664468282,0.01064371632644999,0.6547274424025321,0.28293723592838754,-0.2877198734269836,-0.6391367389889301
1900,4140,OK,302,302,,22.666058,1.0852282623425928,0.24565642602777174,1.8378705013357983,2.148449543442005,0.032876676863745034,6.108913092400107,1.2050765311500096,0.16183102827811013,0.09120311296592454,1.173591175477946,1.0264649216791726,127.16746622258883,156.500503845795,0.16980147393080888,-0.6481773382324632,-0.27412773319602074,0.2586083321122225,0.6616961951355204
1920,4190,OK,663,663,,23.926054,0.06339096014902934,0.11433443432545339,4.167434647988962,4.169484659038815,0.08980381742433767,4.317631500887246,1.4690640347800796,0.45157470134725064,0.26124484976198387,1.0578778409411385,1.009504580716161,119.80370947231779,158.33171973836787,0.22589992123661584,-0.5880609588158996,-0.3963175633204369,0.3661534821072293,0.602534916217332
1920,4250,OK,1443,1443,,17.68633,0.45138454165877284,0.0004244528132155076,1.62641802798184,1.6878932982724437,0.014302124697465324,7.306977325105337,2.1614932877596904,0.12642433588286783,0.07310816256986019,2.1348649062740606,0.9985370090020947,121.81402582532444,156.39415237970283,0.23976234775113325,-0.5788289240649397,-0.41186547736507695,0.39567980392721397,0.5820321279661311
1920,4260,OK,1207,1207,,15.386663,0.28448046043059283,0.022337541312348816,1.1857730923396819,1.2196253214145296,0.015918788339014354,9.621255348221021,1.7051801413047958,0.10763949111539439,0.06302348785691114,1.634419432074548,0.9709148302262343,122.29228215255206,156.43338924607974,0.2620506170613054,-0.5758454871343427,-0.4157877386779031,0.39556115967981165,0.5822833504960362
1920,4270,OK,990,990,,16.63848,0.2861479909571121,0.1101786154611551,1.6506670615872565,1.6789049253137702,0.03319261776717577,12.097397077252493,1.4771689344989456,0.10966933219613972,0.0697162412451443,1.4201755292002174,0.9846767787909513,121.85085212991869,156.61648613624544,0.5566499184516589,0.5861687047356882,0.41313712202222547,-0.39967109006964086,-0.5709527018573636
1920,4180,OK,408,408,,24.512257,1.5854338157158083,0.3054394154326415,3.101390883919401,3.4965009703092296,0.05251645701391706,5.771635839988581,1.026183688425993,0.4519593699894311,0.25196324771567014,0.679951218282433,1.0108277487713726,121.34382809147537,159.20349700184374,0.059708125921187356,-0.5753324421426385,-0.40229385009537977,0.3835473733494257,0.6000363752226859
1940,4280,OK,1447,1447,,19.593258,0.04137307879703045,0.05043709945316749,0.26558881027281167,0.27348317826243274,0.019066939149717396,9.739770167825872,1.513009999207895,0.20657793957327408,0.11879275171135995,1.4843502962078556,1.0131935429015047,118.36504704440667,157.34189302041938,0.27766232354555037,0.5290799901846456,0.4828031332920597,-0.46553012033524743,-0.5198626794935708
1940,4290,OK,1202,1202,,22.949715,0.09472930483503317,0.13203667921616866,0.5082635569001326,0.5336095661864921,0.014831833591758057,12.437381896237573,1.95270799814939,0.332831245966134,0.2049631743979219,1.8767510392977527,1.0541871926412945,119.14015871322634,157.2641028179106,0.22182073440320346,0.5293009954186226,0.48092516357926257,-0.4645974449611809,-0.5222074850293292
1940,4200,OK,478,478,,39.427277,0.20707617825854802,0.06785851468448005,3.759656703207158,3.76596652236685,0.0571731369067764,7.720751310903109,0.8629761665218283,0.21760152767696128,0.15105136379306372,0.654118283174526,0.8579578320859637,114.9927317554847,158.2777581122274,0.14306934141214422,-0.5271383838828394,-0.48031737512230965,0.4429783219983587,0.5433144113977846
1960,4290,OK,1717,1717,,17.04013,0.039104888601851226,0.0216786836895774,0.4603710204928637,0.4625371705589905,0.013109874522198571,6.905885652180788,1.8445217634987623,0.3570398643936883,0.2227169027899225,1.7758964052701538,1.0713429104568197,113.5748437784621,157.65429966801184,0.16721708412026826,-0.501649523098261,-0.49868836990963833,0.49795837256935044,0.5016922611324984
1960,4230,OK,657,657,,37.145855,0.06117355316096898,0.03825542829118598,1.0892182419784255,1.0916052675114079,0.010449449974350211,7.60452564631813,1.2990337485755494,0.1383064272847172,0.10620233612571506,1.2645782361815048,0.9429112493575995,112.0246589075885,157.646138871993,0.14821907230556192,-0.501991478126241,-0.49701965237765827,0.4974310934368128,0.5035258963760258
1960,4300,OK,1460,1460,,19.729877,0.07558544767403083,0.0978012918393872,1.719819864879513,1.7242559613409267,0.010547914593501267,9.545158935242362,1.795926597141504,0.4275051586099351,0.2931170180088436,1.6872122524914004,1.10901573865373,114.83156526599713,157.47868644169074,0.08984108408541375,-0.5025230860532562,-0.4968988910080396,0.4967737694488817,0.5037636966733923
1960,4220,OK,568,568,,44.715096,0.27971984172614517,0.24423022241058379,1.866007588609616,1.902597149199666,0.018200410754633328,9.624612095162217,0.9775652650775122,0.1750092391686877,0.08742863426000758,0.8811083188846851,0.9343564948888027,111.25753916740912,157.95972891349143,0.332315258067272,0.5057289457716472,0.4935752316832543,-0.49699555693446773,-0.503604150563633
1960,4310,OK,1316,1316,,20.732098,0.03619335124535622,0.07151337940816423,0.26892466066991005,0.28061467393059125,0.011857614291104188,12.190713742100325,2.166820406872647,0.23261999323874738,0.19423224217005286,2.118998302494914,1.0739368685443222,112.84358413720828,157.5406516355893,0.181084869390956,0.503165935071545,0.4983374377193472,-0.4952944429941728,-0.5031572862336244
1980,4310,OK,1611,1611,,16.367222,0.012955625263656623,0.03301614014474958,1.0707915922521831,1.071378806853111,0.007536403887871703,6.1120485671041775,2.364513210116697,0.13433401892421193,0.10762811856082699,2.3416893408923336,1.0534878271730792,105.96245437446107,157.64996303782794,0.1664727292650301,0.49126005885767376,0.5051059361149693,-0.5022424724018348,-0.5012824022327809
1980,4320,OK,1346,1346,,19.712845,0.24784457622491374,0.05463035499376179,1.8031458948401449,1.8209191436551262,0.022845684198024116,8.804720813424261,1.7257213146479309,0.1291773944028336,0.055035234426145774,1.689044939591703,1.0005389057348717,105.23010527643696,158.0514371812517,0.18973595909651836,0.4868619400117776,0.510446376907262,-0.5079264749234662,-0.49438916224168883
1980,4330,OK,1268,1268,,22.786644,0.0454334582376662,0.05154494771600772,1.5609475583121242,1.562459074844222,0.014995707577705764,11.573968419102771,2.124592432514389,0.08059397863318951,0.0885623486929985,2.059146837870861,1.0236127987284445,105.47504464425448,157.63819613409638,0.24849937682038498,0.4903880679158235,0.5090165347103461,-0.5001787663413685,-0.500242852960923
1980,4250,OK,608,608,,42.473007,0.020614431211459394,0.08072705416284512,1.5885631664789202,1.5907466001665747,0.009864095694672607,9.340959727084483,1.4938415373252436,0.2431925137771307,0.15919152246324542,1.442928782380779,1.019363616434305,105.44618962496766,157.68492721941502,0.23302809996155388,-0.49197271871116244,-0.5014489369642022,0.5066211995951706,0.4998467442948578
1980,4240,OK,532,532,,50.651047,0.13816070536434422,0.26092420829602286,1.1900876561659963,1.226164121290602,0.016842366136708045,11.554288098840773,0.9325196266658575,0.1350886403014353,0.08983690893053214,0.9071520663565753,0.9697349096605002,105.84320573265484,157.75482546172697,0.3797300876105088,-0.4928885401073333,-0.5013702434938816,0.5088317089556599,0.49676861608903
2000,4280,OK,634,634,,45.493744,0.19759977984789748,0.4701802923028864,3.0447485525268085,3.0871684321364876,0.02530047091150854,8.423931193535468,1.8038351876953023,0.2538599626464202,0.18979725163019978,1.7171114899536981,1.0544003925245677,97.4434946168945,157.62289014904468,0.5948031875144553,-0.49974320364325586,-0.4976500054704455,0.5068028945640112,0.49573382830827756
2000,4270,OK,531,531,,53.695915,0.17151273783762927,0.4328185167221225,1.0589981049876602,1.1568169578743013,0.024151910015414613,11.069755769360402,1.5285106666914534,0.2542119872714308,0.19191265347311348,1.4762353214162935,1.090656462138341,99.43035211506424,157.6526720527287,0.5542085333970642,-0.49853579874034876,-0.49735101738357756,0.5080668635571608,0.49595572890836953
2000,4350,OK,1271,1271,,17.726112,0.1449416603435013,0.30457286338443335,2.969080249673288,2.9881784155256392,0.0029729481291137783,10.517360643980602,1.3433617959664463,0.10233914362203622,0.07467213566205078,1.2662232715292627,1.1515930633861096,97.51038675532082,157.6124083930519,-0.07501288750559523,-0.49111908399828,-0.500572672564709,0.5048387502522066,0.5033556208665055
2000,4360,OK,1139,1139,,17.502527,0.18334089009041266,0.3033480849115968,0.7723175504633506,0.8497695813291908,0.006349926609157302,13.172532241860553,1.5578395178619062,0.221153360311945,0.17090449926313545,1.521782974847195,1.2875027457815067,99.70794309975125,157.60516818704667,-0.11054277873696755,-0.4919274296480733,-0.4997356510036025,0.5062278935989043,0.5020009988219765
2020,4300,OK,641,641,,45.77206,0.11795169409244671,0.07576342628380028,2.888774226264969,2.8921737895974213,0.006381134008576963,9.63332791175629,2.3197618829315636,0.4128941814376976,0.29956432799186516,2.241144055618732,1.2035722319742759,91.05501527178171,157.84952833806926,0.38254330836798234,-0.49286077580473314,-0.5000287208213781,0.5022520227615102,0.5047795951292648
2020,4380,OK,1442,1442,,17.481682,0.20310667733856225,0.1450843579990743,0.9509785826464352,0.983189736504474,0.009697329102593669,11.447629246602265,2.1192178115513554,0.4044301488601567,0.2493791263817946,2.066098709408843,1.3867361656271135,94.89303663557362,157.77817691396638,0.08768887408585602,-0.4926745246113884,-0.5002850834408358,0.5044886519620515,0.5024717386351698
2020,4390,OK,1224,1224,,16.608273,0.1924128799787559,0.19066674969165526,0.5071564475872261,0.5749645103386767,0.012940668565490886,13.425956934018314,2.3850751640559356,0.4224702930300166,0.2819280616758921,2.321320086692744,1.354495935703998,94.45077127255037,157.8544970996541,0.0919058406692026,-0.4926774255057544,-0.5019424102400692,0.5052163867676011,0.5000791674734131
2040,4320,OK,663,663,,46.882008,0.1929802929724609,0.34940408687420704,4.622534015905332,4.639735481425855,0.017212189894691872,10.330018872460203,2.7456188713886545,0.12173572444159564,0.10235021650488374,2.6906879106285944,1.1682112097902266,83.29508810211766,158.2003268880207,0.5612825150912151,-0.49880366658558684,-0.5024683606132677,0.5083169475398945,0.490239053551544
2040,4400,OK,1530,1530,,17.179752,0.1607091790511455,0.16469800871053789,0.12356565316387425,0.2611921609587938,0.022203901634782933,9.241054969960517,3.2204852709583767,0.42837328811737974,0.23435401364582553,3.1673191660871525,1.4380881710149693,88.04873849647335,158.0351644516644,0.15106274541631104,-0.49525062387748914,-0.505569635531942,0.5125054931997444,0.486275932590894
2040,4410,OK,1462,1462,,20.919422,0.07085563664614514,0.007946892965073851,1.296584298380095,1.2985432288368888,0.050097606584695704,10.76055538386203,2.7832917316739616,0.22326463523160855,0.15591713294264942,2.731085127533431,1.39339572872135,86.58953904809604,158.42544460407746,0.36686853593891394,0.48594037017417047,0.5177524169382323,-0.5175128724425249,-0.4774670860341015
2060,4340,OK,637,637,,52.397476,1.175781123269305,0.45132313008719877,1.9993498842580149,2.3629544594153042,0.022941187603046982,9.968394216548111,1.4401238368646478,0.2197681818989347,0.17792326907313316,1.3634327764303276,1.1859461397121984,84.66558435949959,159.14826234426326,0.7113842263677259,0.4802174843269189,0.5217508713921475,-0.511916341886617,-0.4848802479558066
2060,4420,OK,1149,1149,,16.66716,0.19997920596215457,0.13819675618381153,0.3397274151508336,0.4177376483416937,0.057747540829610436,6.989342673148935,3.051018224891654,0.41906756663652267,0.299542225788224,2.9820455103224184,1.4101521363744423,82.30456431801437,158.564665183874,0.1545352031499428,-0.47469589873708007,-0.5262444596009194,0.5266032279962879,0.46948867156239404
2060,4330,OK,498,498,,50.358,1.2008779136115375,0.4085404536167398,3.002003744731109,3.258993640530919,0.020081047893705604,12.746977567553891,1.0497276869310121,0.141326447084821,0.15693290685730743,1.0062181147796094,1.0650195046017263,85.66186949090087,159.2040207526477,0.5990005751054117,0.4864680294932184,0.5174801647662256,-0.5161796647904745,-0.4786665739440126
2080,4360,OK,647,647,,45.867767,0.983106535358064,0.4365216049016829,3.3547560092252517,3.522987007191854,0.0221770599302752,8.954941701636006,1.229930556229434,0.23466971731605946,0.20792918705601648,1.1846293986473477,1.302911680612187,81.65419501703477,158.99084084979484,0.7398104408151921,0.47544732655331945,0.531151245584395,-0.5235439451736607,-0.4666153999381566
2080,4350,OK,613,613,,52.127457,0.20966814249156385,0.3526175529895861,4.999761193232206,5.016563750018827,0.025390125204111158,11.603938807551836,1.0586291672696082,0.14453235326801378,0.12091830629240441,1.017789939768762,1.2501339990102838,83.41696358021697,158.04744365779464,0.6547791612455384,0.4838151450996978,0.5239613619336041,-0.5233731704089148,-0.4663345591621559
2080,4430,OK,781,781,,24.035425,0.43043022090901895,0.05789292852483338,1.6725087845273672,1.727977835669827,0.04171391013204073,4.1162456308097255,5.598045369678303,0.6474702377438823,0.39642032762346435,5.440583799528609,1.5005228202525325,76.75509319949396,157.29134826481356,0.393368562705696,0.4742947109269907,0.540016483534581,-0.5215341539017491,-0.4598139308585754
2080,4340,OK,511,511,,58.13293,1.7550683938839446,0.06083105622124221,3.7878944180884417,4.175177793483402,0.028554198497954215,14.309923766750162,0.9314697684966825,0.1679848726903438,0.13059348153935746,0.8651693636824258,1.233028843307351,81.99653373974738,159.63459118615,0.31873251458389307,0.46704999002173486,0.5360079446888169,-0.5215502296616427,-0.4717469109501992
2899,760,OK,1436,1436,,15.621864,0.906946071135127,0.25081449177005005,2.5022015472798937,2.6732885494160943,0.0047185354987130945,6.956235606558724,1.0580299278311167,0.1978631928580672,0.09364010380955556,0.9134453752602711,0.9317917066850353,-10.545788910399738,7.650444787383134,-0.840508958543271,0.05713412176907507,-0.6982051191120011,0.7119781645252027,-0.04829489636386239
2899,770,OK,808,808,,16.21594,0.27092534979521465,0.2472589705795107,0.47429349010834,0.5995763991793279,0.0056360755079664215,8.695124992694005,1.0676591068872847,0.2005874802436829,0.16163116349473272,1.019328205735233,1.0304067969442932,-11.506359692977773,9.54595150310218,-0.8637967257189955,0.058145279666031224,-0.6979818234645692,0.7119827633282477,-0.05021001184132889
2899,710,OK,414,414,,19.996729,0.3245827491898914,0.04220495402209148,0.5688642385754241,0.656309181061542,0.022906861844073305,2.5569266638399473,0.9360191330899509,0.20846475403519116,0.05931097202270197,0.763379777653336,0.9674066363508758,-12.098622329591247,9.42154935956008,-0.67605705117627,0.04551861894222093,-0.6964097997105756,0.7148079010811554,-0.044621864020027824
2899,780,OK,434,434,,16.50119,0.4244127180412969,0.3005220094276878,1.2107188787003587,1.3176797170128673,0.022279011948200023,10.335817818062903,0.8822972947503868,0.27766963040987447,0.158957459139919,0.8038379934394051,1.0026899727734864,-11.364050393351446,8.759513040130367,-0.8699573371304802,0.061626807842038764,-0.699964084940094,0.7091513399509378,-0.05793784078619507
2899,1030,FAILED,99,99,,,,,,,,,,,,,,,,,,,,
2899,840,FAILED,66,66,,,,,,,,,,,,,,,,,,,,
2919,730,OK,558,558,,31.402437,0.970621053608645,0.2597659893674987,2.0428738060556193,2.2766020702811907,0.049311188479613965,2.888838425962318,2.0550181926554805,0.13691732427756742,0.1579120632598583,1.9780943125026518,1.0531738542253344,-10.489090185556151,3.7179088865483516,-0.7608153683747884,0.13092279907876145,-0.679793732886932,0.7031422230815866,-0.16226741980113274
2919,780,OK,1027,1027,,15.428824,0.544071339977267,0.2500950575816689,1.4764807023841575,1.5932847910289774,0.01294653154875903,6.1785944504270915,1.2129024629756204,0.21345324846527536,0.15561306198542413,1.1476053213840487,0.9781871968020325,-9.277238020596325,4.870393936542685,-0.787065830717941,0.16047715945453978,-0.6818804281799322,0.6960965186165707,-0.15727618932452786
2919,790,OK,611,611,,11.809303,0.6903146689765491,0.13655815258868928,1.7196212798303234,1.8580311669312541,0.062215251038339595,7.916381572808012,1.4568888560482516,0.19781080238337712,0.14731355064383234,1.3361788911965347,0.9821629115002718,-9.133992093081,4.608332742091159,-0.5611435187223301,0.18355462267558847,-0.6763135073775935,0.697524495646264,-0.1495570734083326
2919,720,OK,230,230,,55.534325,0.2261484163374079,0.6097141832127125,0.9977975311365714,1.1910056274278893,0.07907187633919537,4.540511446390924,2.1265835361204584,0.21630991077800799,0.07390220387008073,2.022700039152239,0.9953863413109527,-10.567628697133511,4.970424625256028,-0.010557471677071106,0.11993286047889147,-0.6903506767719475,0.6997507103572133,-0.13921564356220986
2919,800,OK,216,216,,46.502052,0.7862966867466454,0.15285337009087396,3.9028704713634905,3.9842219502153697,0.08445667794879909,9.72851273961948,2.1732608299169893,0.5996397643607185,0.4309164473428928,2.026667526938221,1.140769531624154,-8.106297503610293,2.563770888625919,-0.27632781688777763,-0.15696170916196792,0.7010180310680666,-0.6707020312854602,0.18464974195476813
2919,150,FAILED,76,76,,,,,,,,,,,,,,,,,,,,
2939,800,OK,962,962,,18.318727,0.13248275936684017,0.05666555887357089,0.6383300394369806,0.6543912486727825,0.021747123504449285,5.4558405811826685,1.5754581344012086,0.4529992611696345,0.36343047341693335,1.4479097954788518,1.079852528557179,-8.01686790485624,3.226117885867551,-0.5757856602619805,-0.3060829310968786,0.6427575470382626,-0.640863274280969,0.28717631987051884
2939,750,OK,518,518,,23.643547,0.6311752872616131,0.05922073481168377,1.9302596239746794,2.031696718171363,0.037753977262442964,3.7619602672350507,1.6172930730160167,0.11407887670469741,0.13307186110983027,1.474951814177981,1.0363601180285924,-6.497335921500065,1.0779592440713959,-0.6554323154021118,0.29775813427978615,-0.6410461167782747,0.6508308680973288,-0.2771626792434232
2939,810,OK,729,729,,15.207766,0.7070797706585452,0.10132172523145193,1.914596985501806,2.0435042233797858,0.026737006048303324,7.458563608350316,3.0702287804382697,0.8677942583704681,0.6061884043445125,2.848311952059767,1.2436381751020837,-9.346060257025218,3.649205682800172,-0.5682493619445552,0.3066591050141123,-0.6405177030777751,0.6442766935519372,-0.28390985805656355
2939,10,OK,553,553,,19.284777,1.0797022931924474,0.1752099082952751,1.7511228135978278,2.064675921831957,0.035538448499769504,8.15791490666879,3.4592079559273694,0.9990512999133185,0.6698083318664743,3.153836746263499,1.360090823594043,-9.481818277939784,3.2157095917357847,-0.6223944286020616,0.31059089588563593,-0.6362654082440183,0.6470138989554536,-0.2829710943250088
2939,0,OK,552,552,,15.219023,0.9091125143273722,0.20632661439463007,1.8188881370733538,2.0438713977890983,0.047270668511035334,8.140755295512335,3.3805859295744423,0.9754974065528736,0.6535109860007839,3.0978911857488285,1.35344891454484,-9.386742175316959,3.4984078122404982,-0.687843915903309,0.3091374411709624,-0.6341339170885107,0.6524529199493171,-0.27679126596383347
2939,820,OK,533,533,,13.354965,1.2334868036482618,0.211776349731107,2.2148247339826295,2.5439708173131748,0.02440389580823687,9.604413767496883,3.158798282464736,0.9719068727556732,0.6950084400420002,2.8804723634848592,1.3604052507699076,-9.928411034388448,3.420350121838783,-0.6474922185468655,0.30665027144854906,-0.6393774126365203,0.6446495620932474,-0.2856380179943567
3190,9000,OK,481,481,,25.818579,1.4672171349754202,0.44088669281877674,3.8027526501293565,4.099760348500386,0.05956234250043017,6.819324462799849,1.4626331074534082,0.20593423237479813,0.14973764526072197,1.2857570125991113,1.336847089185101,66.05711642914866,2.5465521438917613,-1.0302669495796304,-0.5788643736675629,0.39726988567385296,-0.3943990128181133,0.5929098527796965
3190,9010,FAILED,33,33,,,,,,,,,,,,,,,,,,,,
3190,9280,FAILED,48,48,,,,,,,,,,,,,,,,,,,,
3190,9310,FAILED,21,21,,,,,,,,,,,,,,,,,,,,
3190,9370,FAILED,20,20,,,,,,,,,,,,,,,,,,,,
3190,9380,FAILED,18,18,,,,,,,,,,,,,,,,,,,,
3190,9190,FAILED,17,17,,,,,,,,,,,,,,,,,,,,
3190,9140,FAILED,16,16,,,,,,,,,,,,,,,,,,,,
3190,9290,FAILED,16,16,,,,,,,,,,,,,,,,,,,,
3190,9300,FAILED,16,16,,,,,,,,,,,,,,,,,,,,
3210,9010,OK,830,830,,19.460175,1.7082526525996349,0.6379831566801064,5.128104352867045,5.442665145607907,0.04835290819285032,5.3211473425713605,1.3272049757268078,0.42277346293556306,0.2115258041262834,0.9074896303636955,1.2364918065437125,68.62036519735561,6.784648267402931,-1.2168784365398873,-0.634681067922432,0.28836356751587844,-0.2798648708161587,0.6600773053464357
3210,9020,OK,502,502,,15.394579,2.068446935115165,0.3815604609794788,3.9988102223272457,4.518245710777477,0.03647447131033221,7.473122392462176,1.4707433107702457,0.4993951001443735,0.22648216333518212,0.7273102505286655,1.1290073818597042,67.61198822936568,6.259769825880328,-0.9935527314390509,-0.6396891506307446,0.28973522974344684,-0.2824268649208798,0.6535184413479023
3210,9030,OK,216,216,,17.646318,1.8714256628062222,0.3147660627810963,3.696932413939967,4.155553026845935,0.046866697905107925,9.727007865914242,1.397628057911491,0.23452811720997602,0.09084104510310098,1.0407241903947462,1.2019066911935143,67.66503416426184,5.892105724316671,-0.8704677170519796,-0.6465475027548251,0.28287185337632426,-0.2815174876474124,0.6501597845127242
3210,9070,FAILED,60,60,,,,,,,,,,,,,,,,,,,,
3210,9180,FAILED,46,46,,,,,,,,,,,,,,,,,,,,
3210,9050,FAILED,36,36,,,,,,,,,,,,,,,,,,,,
3210,9100,FAILED,36,36,,,,,,,,,,,,,,,,,,,,
3210,9160,FAILED,58,58,,,,,,,,,,,,,,,,,,,,
3210,9280,FAILED,34,34,,,,,,,,,,,,,,,,,,,,
3230,9030,OK,1151,1151,,21.711388,1.4517014408590645,0.291183097193737,5.276132342083779,5.479944996135097,0.02882272599813338,5.992440209156586,1.9465650330053939,0.4683011683852918,0.2544671031746515,1.2729708038966017,1.1409851316515671,68.69985488998546,10.832051732106283,-0.8994219152028293,0.6916776771975522,-0.13840268281207932,0.1594742285334983,-0.6906479991215954
3230,9040,OK,854,854,,22.695225,0.893190219641872,0.259406640642989,2.786630623345319,2.93775267928386,0.036098059795342155,8.291536097213125,1.895577142939049,0.19081579030718565,0.10891543731495323,1.4194106800532857,1.1872277235307924,68.19966968332938,8.334696516127995,-0.823319144073644,0.6919024335120576,-0.13606434868793751,0.163219727123039,-0.6900122000327971
3230,9060,OK,662,662,,28.923096,1.4251494812874719,0.29672505340536237,5.237932353626797,5.436454004450209,0.022187671445553208,12.955486208913156,1.9652821852464726,0.18605765948286557,0.13014346796560883,1.653545644700806,1.1807440319229834,68.83208907787085,10.793561937490894,-0.847926922098183,0.6922458207673239,-0.14152892104012968,0.15282779185277057,-0.6909478664680838
3230,9050,OK,683,683,,29.698202,1.6675375323087573,0.6004756035272965,6.372702177232009,6.614573713534942,0.043105435736062625,10.613709894311643,2.1328154383482056,0.19759192979591694,0.1259073896841003,1.7601149493160033,1.1939652441493018,69.07992420514408,11.933140097043493,-1.1705368340720197,-0.6899164730112567,0.13050678287999767,-0.15748395841800308,0.6943932911045568
3230,9070,OK,615,615,,33.90504,2.4025840324025722,0.5250634430584489,7.723257078588509,8.10535634959745,0.033641450749712636,15.324258442015292,2.0735183600582126,0.16371569889384918,0.10613154790673823,1.7489152551208624,1.1854550262982257,68.96040019314579,13.458633803362092,-1.0943962776111231,-0.6879775438940171,0.13649291039181535,-0.16177331766075476,0.6941800762074348
3230,9080,OK,564,564,,37.139847,3.176686106553807,0.5740603758464142,9.537820102482407,10.069304456714297,0.03280198828462235,17.67288487909532,1.9692771329704568,0.2474153344294816,0.10473862083993923,1.6178451320399914,1.2313268674262217,69.00532629267298,15.429406783395386,-1.1653284180809116,-0.6861114736630517,0.13802117243759832,-0.1629290924323453,0.6954533143971914
3230,9090,OK,480,480,,42.377728,1.9666659981112904,0.29705172611477976,7.145652196388793,7.4173014087247955,0.02514026449985627,19.935086209671912,1.7125866471636417,0.49486975047714277,0.15001823221309707,1.3942891328777858,1.3467323250904604,69.19427014799268,12.756322568945382,-0.9518754215513575,-0.6863834551157237,0.14026447266506445,-0.1567613152713226,0.6961533741107614
3250,9060,OK,1679,1679,,17.295982,0.14947649134743424,0.17774620122020096,1.2885841779714262,1.3093456828630277,0.011789189010135306,8.870135594624532,0.9627564466199928,0.15756573229091342,0.09276977701702416,0.85913328273557,1.0981402549186345,68.5466954028965,10.730581435772493,-0.8687592351635407,0.7128037292696207,-0.04217247413204143,0.038477557467190594,-0.6990363392101032
3250,9070,OK,1514,1514,,20.38985,0.3159984390571233,0.10824457928845296,1.9167854455087046,1.9456716954681426,0.006162811316470858,11.243117124809485,0.8307726070445481,0.1708154492634213,0.08782895754952041,0.6730052674192217,1.0729389090167558,68.42196487799649,11.374147679971674,-0.796257714920589,0.7128904051515541,-0.04155248387471384,0.042080685107460415,-0.6987774161115838
3250,9090,OK,1384,1384,,28.14455,0.654332418728738,0.1191268824081656,3.8216712533480077,3.879112436753828,0.009470875321849785,15.8581551863848,1.1553801986921148,0.3733348460947479,0.21741511755849946,0.8718282030044016,1.1928330201259614,68.27237551994622,13.304562947512514,-0.9459259902405154,0.7094846840729243,-0.04309783088416455,0.04251807949243788,-0.7021155695149465
3250,9080,OK,1306,1306,,21.211372,0.29351128595905385,0.09939027332338245,1.8908153790699167,1.9160402133420757,0.005052528931661115,13.59430970550333,0.8951972114973038,0.16206072404380034,0.09266768735597963,0.7985106511774891,1.1153154088090271,68.45605623215346,11.346465345932607,-0.7688483223944037,0.7131584836134446,-0.04020054366603729,0.042397953800901424,-0.6985637458762256
3270,9080,OK,1664,1664,,17.834177,0.03281063797180639,0.15787617925798483,1.478482275598565,1.4872495638595182,0.008289515554799053,9.2945804449691,0.6661657046771183,0.23233195773726023,0.13906830626575095,0.519312862679012,1.0713294833277671,68.56987883411196,15.185248369395111,-1.0153416288640222,0.7112741790000258,0.013206651281606226,-0.005800867352123669,-0.7027666587052409
3270,9090,OK,1481,1481,,24.25106,0.011551769429972603,0.1725529126575257,1.991816559578968,1.9993101705479708,0.015283708571189195,11.558061865351862,0.980734197540839,0.2942381463638497,0.17796365050015406,0.7677432261604427,1.1719168650485374,68.61891143853236,15.702501494558758,-1.1071565407838,0.7091103196383645,0.013530361295397295,-0.007702509681875263,-0.704925638099646
3270,9000,OK,539,539,,43.6495,0.9019854707729036,1.1302727975252918,5.426787145558537,5.616147532740788,0.06419458420677074,8.937145590532708,1.801653982413855,0.18430603607056284,0.16420889609220302,1.626668941448743,1.290844793228449,70.17676820372034,19.032696857384813,0.006016692469062529,0.7203747151284787,-0.002913108805045595,0.02332412157096031,-0.6931866768436883
3290,9090,OK,1544,1544,,22.815289,0.05752523218269846,0.16093709752870228,0.9796183618744072,0.9944154245686927,0.011861220637292698,7.188513914118953,0.9686349270240227,0.2743455897332525,0.1587148574662714,0.8312934431153307,1.1631544671575471,68.43151412674517,19.048628053024785,-1.1093284527954494,0.7092350184293565,0.026657466464384934,-0.017975956955676654,-0.7042385484242808
3290,9020,OK,630,630,,40.02596,0.050338833383956505,0.2548189037936802,2.676241542992239,2.6888167413036075,0.009255618704728134,9.107938078989479,1.6660149431293465,0.31357398089927435,0.12630572671616003,1.2233949554650323,1.1087343168040618,68.47094587139624,20.74858849100793,-0.7338550178777602,0.7141300105503051,0.02540913837135782,-0.010087906070012165,-0.6994790474844611
3290,9100,OK,1415,1415,,21.685957,0.04557840490110808,0.2901739222449083,0.5288910921946233,0.6049827134283631,0.008025968697074866,9.607323145286385,0.8024405215264554,0.1753988939405864,0.11188147506572532,0.735957951991411,1.02924326628659,68.47202129864262,18.59377855694204,-1.1418632204535006,0.7135534493574044,0.026432555958410462,-0.016873716681534482,-0.6998986159301981
3290,9010,OK,507,507,,62.54019,0.15851634241256907,0.7324684730718171,4.723022205700817,4.782110020733424,0.03142713036682052,11.276473198061254,1.5245131828965932,0.35201251510468756,0.13615651532775352,1.1872676661331525,1.300120941942964,68.83708959886577,22.786679828295593,-0.40321879907312147,0.7164716243642232,0.01749756147641641,-0.0021276015950406663,-0.697393518850529
3310,9030,OK,661,661,,47.46329,0.02573966279720974,0.23361293368186578,0.8188774484621444,0.8519376788382081,0.006674608900058987,10.717075664395255,0.9025056831636883,0.209027475492233,0.09476945813328097,0.6882555972829785,1.1159378031999139,68.3457079812053,22.820660205540698,-0.748351281443208,0.7074274593523776,0.027031123282487583,-0.013464038205930859,-0.7061405156224335
3310,9020,OK,594,594,,51.44806,0.18208190434136862,0.424557658595749,2.5242822776748497,2.5662042090886317,0.023887882078066938,13.021385425417453,1.2337807225719946,0.3477315622950732,0.18170850346469392,0.8639284247700942,1.0939321766940204,68.25093152344796,24.51259871397502,-0.6154096935533381,0.7085699017548995,0.028043630513282083,-0.002265431139705743,-0.7050795110740616
3310,9110,OK,1578,1578,,23.149841,0.04052290242178226,0.2400442550040774,0.6460887053167834,0.6904302753494123,0.012885339417726079,7.909133327175418,0.8307062136673525,0.2678332724830892,0.12886773766417398,0.7170399957000484,1.1205999040893067,68.38448614933962,22.65153419187161,-1.2339508525568068,-0.7022861080283664,-0.025204855189422816,0.01743623760101119,0.7112347821666
3330,9050,OK,624,624,,53.981503,0.08559007949090847,0.07629315505415679,1.6728956589888497,1.6768202626039308,0.013435447639695204,9.385694010938217,0.7172022035942935,0.20624168127214992,0.11028695779918385,0.5571546181601588,1.1198576675120189,68.11395538779168,27.01083562816926,-0.8069374841958052,-0.6883228726827334,-0.024576438767256445,0.012186613549575249,0.7248855827297865
3330,9130,OK,1588,1588,,23.34526,0.06064184973706721,0.23309739732449558,2.6068471617753355,2.617950334791535,0.0101248971971372,9.452249839001997,0.9060385409127363,0.3005881397555976,0.13587909723345404,0.6368590817284279,1.1076492324479768,68.33745571755975,27.96057945991953,-1.0054843820838406,-0.6868643109431991,-0.02867472609040672,0.008527407920212502,0.7261697196594792
3330,9040,OK,580,580,,56.392365,0.10331232111129113,0.02945046594601497,0.5999750769088354,0.6095169058767795,0.010289844080435626,11.717884827302418,0.7419356744930904,0.2771749087797595,0.14502567452416848,0.5840568033635956,1.1079935819557656,68.3280949523608,25.947671513775543,-0.7792567377268064,-0.6876745005648599,-0.030745966654019425,0.0071269609156014374,0.7253328017093174
3350,9140,OK,1711,1711,,22.433044,0.05254852101793889,0.2480515441826518,0.4032851453202859,0.4763715189519362,0.01154308408480458,9.170265494665486,0.6936409330679699,0.169824519704452,0.08848832103232435,0.5781564914589259,1.1060216203313549,68.3240689803797,28.67072160202985,-1.1632225804721588,-0.7021931234709198,-0.028652250014104114,0.005490011182653573,0.7113885897992019
3350,9070,OK,654,654,,45.604725,0.008853399627020864,0.1541748426603821,0.7918307552401718,0.8067491615976617,0.010667507217131613,7.6177748250569355,0.809259081512955,0.22686218851488604,0.10761008670911432,0.7262395475678582,1.033258730334507,68.3286243558783,27.47618942274244,-0.9416742796176187,-0.7020691905373279,-0.025360067402028445,0.006773360624399249,0.7116247889621872
3350,9060,OK,563,563,,51.771923,0.6227194480805388,0.09000439137063003,0.46091758898501034,0.7799521301461285,0.012851407624061641,9.988571578659887,0.5690396898453282,0.19909106342019367,0.10810483586244812,0.4650404290297381,1.0932301988002504,67.7790910626587,27.782953766373367,-0.9076533716253826,-0.70373023986036,-0.019092798349766436,0.004912146843329128,0.7101936956708677
3350,9150,OK,1467,1467,,19.796425,0.1356705946059077,0.2252807632383511,0.2542593210431434,0.36579466215801293,0.009320695305355398,12.049107177708219,0.6823082811934947,0.19406177852861362,0.1113492998052239,0.565671144303658,1.1831811143134485,68.24228916826485,28.51548802073385,-1.1163319808656134,-0.7038451810212516,-0.029264925688674188,0.003127079930412156,0.7097434372001666
3370,9080,OK,679,679,,47.08527,0.28840676130847454,0.07112454256369477,1.1324775077529,1.1707871139065196,0.018945698707097388,8.07017411749774,0.5857259177696594,0.15993572059786842,0.10773291343213742,0.4826834430938476,1.1321936704367381,68.05015424589774,29.94849057495526,-0.8609447369450329,-0.692431664853544,-0.017617997000313534,0.008949100944476178,0.7212128044357865
3370,9150,OK,1888,1888,,21.238693,0.022414513685267146,0.1915188348610016,0.0833819670116629,0.21008195294455131,0.018286079042454183,9.24713024199274,0.7546915866407696,0.26544116889705194,0.10708881635158951,0.6108153728845869,1.147446378688132,68.4639641204593,31.18005597422541,-1.0168841338630346,-0.6924270023154735,-0.026455104226866925,0.0107185348422767,0.7209230797634293
3370,9070,OK,606,606,,51.40722,0.7921119622815047,0.2661991503042139,1.8338264888275813,2.0152476124630034,0.021555841009971648,10.419765377708483,0.6929672910454898,0.18179630297235305,0.1104022567892134,0.60200903355467,1.0894497637345721,67.6514633288728,29.24307475743629,-1.030900987659989,-0.6905581630048351,-0.015031146767514075,0.005151670855220948,0.7231023084056919
3370,9160,OK,1567,1567,,24.92412,0.20989721612004386,0.17002617934016645,1.0617054152665482,1.0955291560712896,0.008317458684250448,12.049609936040058,0.7577456013908452,0.24694728991440562,0.11046592536419236,0.5811034099111931,1.1314628678189855,68.2408245414306,30.02369566258492,-1.0154007281883657,-0.693840071705522,-0.02644676613585656,0.0055152418500042395,0.7196221964086208
3390,9090,OK,584,584,,48.872257,0.4548234017979773,0.059576591446506816,0.005237200756365468,0.45873862421125033,0.015953190257137637,9.343556737295797,0.9942987556369177,0.3183822013720974,0.1740705501995632,0.8597547378303529,1.2020856762981245,67.85001663094646,34.61472578802142,-0.5902512404639989,-0.6905464946836242,-0.01801331723810284,0.0061678570837065145,0.7230373549279688
3390,9160,OK,1749,1749,,23.77943,0.13528132767157997,0.1449449273184309,0.4573383736634451,0.4984661047624558,0.00697340941633116,8.5126167586715,0.8357894713349752,0.23563561971396396,0.09630540004829014,0.7422454991673639,1.1089809821348413,68.18430919892201,35.08570508720051,-0.8492157502529757,-0.6913787220932959,-0.025849721925083603,0.004371740423217104,0.7220167189191045
3390,9170,OK,1601,1601,,24.976116,0.050291594102216286,0.23601852646773522,0.5285944504861995,0.5810732160047908,0.013210479772943142,11.184499477913894,0.7034907089129068,0.22206157190076103,0.10668499155258981,0.6031867956809052,1.128272519544566,68.31209015073799,35.16687204927574,-0.9954140973354382,-0.6895048952161309,-0.025313391975418553,0.006779168605252491,0.7238067936491842
3390,9080,OK,573,573,,49.81344,0.08776767233758032,0.04846505202488602,0.9518033494027041,0.9570692981751833,0.01624445145445899,11.608102575657984,0.5976379512464217,0.18492284570421402,0.11047522252838415,0.4689655501487806,1.1511302388448392,68.17802468799573,33.6734398786533,-0.6614525022242072,-0.6917113459682569,-0.02036390672593269,0.009015321586659486,0.7218306235803029
3410,9110,OK,597,597,,41.244057,0.43346997493521777,0.031586244390054447,1.9959686124578013,2.042739487042273,0.01906730640153756,8.898722149005133,1.140238360268714,0.3712424490730015,0.1723864156218951,0.9547086211724456,1.1712879545351313,68.65851230635563,36.85811420912558,-0.5485142622813202,-0.6860373361062474,-0.024343207771535397,0.005457374044095897,0.7271385004056506
3410,9180,OK,1761,1761,,23.025967,0.12225924323609316,0.13512870974557736,0.33295366346532695,0.37955926120850864,0.008171636981490139,9.73391845408011,0.7963371671325999,0.22999264672879288,0.1076710960749605,0.68566815089167,1.1069793838309778,68.24697335458642,38.50182755083655,-0.7248562587830967,-0.6886028942016165,-0.022537424393481578,0.001379437893437756,0.7247870140599677
3410,9100,OK,583,583,,42.99124,0.048663003591259246,0.1348226940157254,1.4794173925921665,1.4863448685430933,0.010125601034419927,11.119908165401068,0.7572580650385735,0.2374395232526365,0.12278494700263454,0.6260738787625257,1.066071311320533,68.23324220520078,37.35151963712121,-0.5618668686053684,-0.6918614268278702,-0.02006020635954814,0.001341519473340659,0.7217503408478715
3410,9090,OK,490,490,,48.505135,0.08750494009184295,0.10741618253073143,0.812881963256757,0.8246044124294462,0.009787782716131907,13.540672516239173,1.166810603771646,0.3601784333932675,0.18390067492907125,1.0304052866041715,1.2284865109755647,68.3179419195264,38.018956016182926,-0.4356142516651996,-0.6878876093909962,-0.020346825174376627,0.0021876796454615905,0.7255286745604425
3430,9130,OK,658,658,,38.53385,0.17075390236206092,0.026113209777944554,1.1723784786834353,1.1850359033281925,0.003944463682120436,8.773760842136907,0.6649966325435288,0.2021306719322813,0.12045557431604692,0.5385867785222871,1.1463217141508035,68.19809229414854,42.393588366773244,-0.3906867023549794,-0.6888705896231994,-0.015766418481400982,-0.007914121499694815,0.7246696471367785
3430,9190,OK,1726,1726,,22.514935,0.1380949511866063,0.12469676593053955,0.9025273951713295,0.9215070254813645,0.0062121020040932,7.824106658214913,0.771284477558063,0.2673584917076086,0.1276850345960483,0.6194638518453335,1.112552777494527,68.29385067370539,42.67030957594626,-0.5770899541745547,-0.689032458496359,-0.01622410156186509,-0.006108269503723505,0.7245231112329293
3430,9200,OK,1716,1716,,21.07109,0.1843403904991816,0.24311980405896172,0.9714645717793609,1.0182494944351879,0.004787664558293606,10.753829569673465,0.6533501682147893,0.25612085084618585,0.17888459362909126,0.514405073793391,1.1756097378862687,68.21567885688386,42.61096520562897,-0.726697273808207,-0.6885035762673221,-0.014667752438856702,-0.007705343900264073,0.7250436608790389
3430,9120,OK,517,517,,41.344685,0.4830896917566806,0.08545466013734841,2.1350925165993573,2.1907300617965992,0.009723433476727834,11.262098875893093,0.9440659985914269,0.28828560807960335,0.14185293769331997,0.7994929199662852,1.1313510055737293,67.9523366573351,41.42697610560592,-0.37091380246235356,-0.6885672673685166,-0.010738902802342748,-0.007607753689829631,0.7250530438244159
3430,9110,OK,484,484,,42.89206,0.7986656525010032,0.26591790885820993,2.390845364377233,2.5347032794985056,0.026579361584707105,13.63480936447407,1.2000825416183245,0.3780798223295476,0.17140774277688497,1.0141601712419925,1.184594804824109,67.69192646322591,41.16125832924497,-0.18368377704024402,-0.6882648485666792,-0.003301447955539543,-0.002794130018296158,0.7254466152008182
3450,9210,OK,1429,1429,,17.863323,0.0685518885226748,0.10773825706087689,0.6074957670916366,0.6207721002822185,0.010348161665709746,8.69398501393349,0.7371799853227878,0.23676615565956283,0.1195531126211078,0.6383806117955335,1.1154778352574057,68.52193195870188,48.07843785831152,-0.2814493330513384,-0.6911501076368501,-0.012523706128089455,-0.00396567594794528,0.7225918342416165
3450,9150,OK,629,629,,35.29379,0.002900098388557343,0.04839043006715495,1.1155194226362593,1.11657226661398,0.010928098101278769,8.347743736155104,0.6745484501425999,0.19580334505100616,0.13117806894785167,0.5155028506293835,1.1684091378927552,68.46936312690632,47.56788551538341,-0.15757126956952805,-0.6903416606309911,-0.012038191836820115,-0.003667229471485561,0.7233740560474565
3450,9140,OK,512,512,,36.13954,0.10940377417007364,0.018487749070776466,1.061127176417811,1.0669123053001106,0.006920716212680988,11.226874647079274,0.6900141792613753,0.20630643860809195,0.09782340634965475,0.5506295937930714,1.1552550472409533,68.38081013774725,47.62262246172317,-0.17015564736217925,-0.6884722954851746,-0.013238381312418569,-0.007587497616424772,0.7251021124569434
3450,9220,OK,1485,1485,,16.844072,0.1552929370994227,0.19482212620422107,0.24712809792618806,0.3509185859374141,0.008005691744612017,11.85217387898835,0.8104840938446489,0.20009568670466127,0.10692059996349412,0.7647843257371782,1.1122204672014768,68.38366424712889,48.44762144405984,-0.40716126088536286,-0.689457220086408,-0.010413426904922583,-0.0060875864631294765,0.7242259616320531
3450,9230,OK,1185,1185,,20.785795,0.2616078888854332,0.26807847237105575,0.42289510562515176,0.5649292214407043,0.008563727135334674,15.032462963671346,0.7056409590064997,0.1820528502488692,0.14244968750997167,0.647864643974895,1.1059069527067824,68.22145351214057,48.28043024285777,-0.5271265106210646,-0.6888866148715485,-0.00920330164644129,-0.007787738457864676,0.7247688474398822
3470,9230,OK,1588,1588,,19.87089,0.13052357400557973,0.19532544100441873,0.3239409206627606,0.40015765812314236,0.0073641053050149214,10.3128493961575,0.744746143452983,0.14656756128351756,0.09886275195773475,0.7006808870447507,1.08174909336379,68.52458431548725,53.741777702926626,-0.19568959327535523,-0.6847315330830896,-0.012262101223015727,-0.00627904474657775,0.7286651783036903
3470,9160,OK,607,607,,35.811718,0.23727075996103286,0.08296520818323402,0.9733034681106894,1.0052364300689014,0.006865347491835694,10.26511447227842,0.718877092047413,0.23314965890138595,0.1401576492923245,0.5169160347746535,1.1455772948662406,68.40691936885449,52.434468665574556,-0.05341962704687059,-0.6851992253232253,-0.011579454570964886,-0.006238372973060707,0.7282369261105481
3470,9150,OK,451,451,,39.238434,0.16257567346069973,0.053716683773416124,1.2792930062288672,1.290700169482791,0.009327816411048802,13.06707681083802,0.7685785622655812,0.21711939424855675,0.13124153756106083,0.59508621351576,1.2121494935441135,68.45771830700562,52.12180975864582,0.05775130259447103,-0.685870551461773,-0.01095060364069925,-0.00424969760514791,0.7276287590438495
3470,9140,OK,427,427,,39.820557,0.05070494776333462,0.4382803474696805,1.853131756454049,1.9049299098613302,0.006934278805706527,15.946558507321107,0.8623971168805253,0.19054644273280008,0.11466556280005719,0.680620666583529,1.144776010198132,68.51100104682787,51.533798495893066,0.33208361706358425,-0.688092477007967,-0.016021894141226622,-0.0071106545144444,0.7254112492824631
3490,9180,OK,653,653,,32.552048,0.08164206270758079,0.010552893459143481,1.200631980286131,1.203450847375706,0.014179375973733031,9.440035970597318,0.7933715896379419,0.2595180393689737,0.1418772558817567,0.6824379664658569,1.1459383066659556,68.63685078796108,56.78967088530537,0.1999080651829681,-0.685454370050436,-0.01035908889955929,-0.00012796783967700343,0.7280418803064581
3490,9240,OK,1357,1357,,19.280548,0.09455048872549338,0.19200306856104432,0.21257561184263984,0.3016510633254248,0.014634957025432485,8.92869052382415,0.5643880236187793,0.1911897244142694,0.10204642070413122,0.46139545737258736,1.0626652769588312,68.69408102441436,58.20985840588444,0.08170508935327969,-0.6859441208270391,-0.01062541192968793,0.00032320761892854253,0.727576565909719
3490,9250,OK,1337,1337,,15.448003,0.166470423778462,0.21245355753872533,0.037290788519376505,0.2724692992104579,0.008040105091376452,12.076850499795713,0.4662253426032889,0.15261624682642894,0.1136760296365611,0.4101155710191726,1.0413437311341223,68.57333247885907,57.96174393090669,0.07384579460150875,-0.6869629203796431,-0.010541026403260535,-0.0038088439779372265,0.7266060318311358
3490,9170,OK,512,512,,36.746883,0.15825670508589834,0.13867758441723427,1.5246679126821832,1.5391195213780797,0.019276837062842018,12.18366734486394,0.7743439484224953,0.2169672918038552,0.12828813325378252,0.6139361108570327,1.1700338239952053,68.56194353332546,56.470612984374206,0.12761140024484302,-0.6830200434655402,-0.008906186863851648,0.0008303201817865626,0.7303448573299283
3490,9160,OK,446,446,,38.82566,0.3445333281507116,0.10634853644071818,1.9639989567290552,1.9968237597350713,0.013795665263930973,14.855098010591373,0.9727235254580551,0.2487856439448004,0.1428377635204927,0.8116791844130047,1.2026259707674356,68.95423397179265,56.042537580167775,0.0887156263110464,-0.6850897881781766,-0.015592255658479822,-5.038934511098372e-05,0.7282917417892197
3510,9200,OK,646,646,,31.054848,0.3686695810120271,0.04351435762594408,1.4757601956714046,1.5217354942338976,0.017588914960873926,8.530262492733176,0.7247431036854525,0.21647669438315464,0.1166685279727977,0.6085890140150809,1.2175968314528074,68.49292712638665,61.35135927589521,0.3723856500577955,-0.6861015943418504,-0.008644226213394432,0.0004284191754036906,0.7274542570167232
3510,9260,OK,1293,1293,,19.17735,0.18625832864728686,0.19470749227249518,2.1179570997962376,2.135028208037265,0.012560954185728349,10.369268724086172,0.9520586291831352,0.3489555034153251,0.22742884265748708,0.8115299310914388,1.236837052561688,68.71738148311647,60.72671195951554,0.05156563078853116,-0.6828914212429378,-0.01409116302652498,-0.001791805635848781,0.7303817736977858
3510,9190,OK,520,520,,34.555145,0.28289636446124833,0.055647722103642466,1.2577667784577056,1.2903892013623606,0.01913304074786603,11.461295523705072,0.8553905325579361,0.2291756039095092,0.10788913231318675,0.742388923094488,1.2086011667792778,68.55983774084663,61.5683343156476,0.41666220274284876,-0.6846904533025371,-0.00906030961083671,0.0014691460606473035,0.7287761903053466
3510,9270,OK,1395,1395,,24.4645,0.2625941556740068,0.16608792464355143,2.352504304030612,2.372934341651513,0.013240461475765911,13.670106421630306,1.0166029031889934,0.3518702415129993,0.23700240724006783,0.9055449315208115,1.2567037397352538,68.642124527541,60.48577632649598,0.12876143098603204,-0.6850912772512077,-0.011830804144998153,-3.343160940528646e-05,0.7283611554647318
3510,9280,OK,934,934,,43.299362,0.4123576180909465,0.12388943995717983,4.8270461173391475,4.846211057872891,0.010881445844303861,17.021916976650108,1.2892445127530219,0.39763518489101424,0.30340388598827617,1.167848046556252,1.2951846142243932,68.51097800294713,58.01175878951212,0.018398153008129914,-0.6853709523197766,-0.01201864995745497,-0.001281590642323988,0.7280937901774113
3530,9270,OK,1650,1650,,18.126984,0.15935687836989104,0.11490890085277067,1.6541491529349734,1.6657755221921344,0.005751473585321977,8.595511324517217,0.5341699966154508,0.21171440000732922,0.1698857085455625,0.4259926620814092,1.1619746927728045,68.7840975914401,66.2608996762387,0.42969551485969637,-0.6808103831950117,-0.014900762999283074,-0.0022342371271262063,0.7323047163444738
3530,9280,OK,1222,1222,,22.3973,0.2960347136501233,0.013901846708437415,5.072620282638477,5.081270150746079,0.005093117391595555,11.947357693039208,1.10251241707297,0.4506247622171411,0.36890154659336355,0.8794372754484394,1.163170812315837,68.7479740175662,62.83861369192404,0.3131097690212449,-0.681321638470223,-0.015786856455411807,-0.001467933304886218,0.731812438598388
3530,9210,OK,498,498,,36.05185,0.5164380658827495,0.05162955452592763,1.7674391812123655,1.8420681708552205,0.005082148104166104,10.542647052973392,0.8125168758336355,0.3114977719037013,0.17136033877872459,0.5530948706526715,1.151020419629887,68.4686958393167,66.13113924079673,0.625720199414266,-0.6832329311930919,-0.01245239595596927,-0.0032556868552459286,0.730087049653226
3530,9300,OK,982,982,,38.657867,0.2982505286389413,0.166233711407633,3.261339792601838,3.279165178433371,0.009097165117791033,18.771394533191213,1.1045865020657346,0.38727216703633305,0.3084628765202493,0.9467222644170228,1.096366939482419,68.57965440860175,64.65810006498606,0.3499735736100936,-0.6833105697612131,-0.015434561253994273,-0.00579100301010365,0.7299417126426193
3530,9290,OK,1135,1135,,34.955605,0.24163911786508097,0.02246105052676961,3.133410027865816,3.1427937197346303,0.008337573696795463,15.389859659202433,0.5300808270854083,0.1903289023699159,0.1678850445503688,0.4564150913586156,1.0035071716278545,68.74213412348719,64.77375393611297,0.5447596004446648,-0.6841797997629976,-0.017088506217251595,-0.0037261819127084985,0.7291036278334383
3550,9230,OK,660,660,,39.89117,0.7547749739723465,0.01562626658735608,10.54209017149114,10.56908674509735,0.011861346292683364,9.58111669012916,0.8942610153292846,0.36109533126001647,0.22759363158224577,0.6634739541299641,1.0607462559991,68.45352477367375,62.70921021291437,0.34857303732261574,-0.6945688794603053,-0.016519478577716205,0.003910297870395046,0.7192258950311375
3550,9300,OK,1142,1142,,36.22455,0.2878114407503719,0.057866681745785964,4.632480892148385,4.6417737121065015,0.003915246148385715,13.394223188844682,0.9967631609004427,0.43435826597478666,0.3202305016830995,0.7930781851871371,1.0774311747382368,68.80755301855734,68.62790542083223,0.594649726604922,-0.6938417420832902,-0.01864318419362305,-0.0015874842802679164,0.7198843994139668
3550,9290,OK,1402,1402,,18.203007,0.2193794217406173,0.0670591703863607,2.0770412117110055,2.089670897094104,0.008152307164395346,10.01291585846182,0.45097908998059066,0.1992280677621593,0.16329652759510987,0.36038503459335347,0.9776771365130741,68.77882861687598,71.18331576851122,0.6928574885552784,-0.6945726432411049,-0.019324688696207248,-0.003965510636885314,0.71915205234585
3550,9220,OK,551,551,,50.262802,0.14252151944624705,0.11493092913912996,13.959487952023702,13.960688571294503,0.015259852309226543,12.760069717701427,0.9994828674332614,0.3898458029848414,0.25094914136451846,0.805439395175513,1.1452327980363937,69.14781423744158,59.30990246676505,0.35631176704751333,-0.6937987684585235,-0.024811159768087773,-0.0020758927233540587,0.7197384010220657
3550,9310,OK,1112,1112,,33.29236,0.3994522185008641,0.08610649315081431,8.337998393820978,8.348005367654551,0.005939284642232686,16.70428257955502,1.4666246393300355,0.609346528890484,0.4217136511908895,1.1915812769349725,1.1495737173254468,68.66486749969292,64.92690442290278,0.40170364070700404,-0.693375371418083,-0.017672763429823265,-0.004257217807940222,0.7203472383789117
3570,9320,OK,1231,1231,,34.192257,0.20416463540442814,0.17319646721593973,3.070646791271461,3.0822965352722997,0.010884029126894885,14.258496488283514,1.7314595364928873,0.4230454583229153,0.3495257469371831,1.6140602020838286,1.1110922405357673,68.90053124747084,75.80059189168952,0.7889457159728792,-0.70441587335405,-0.01714561738110892,0.0013963244608815905,0.7095789987376118
3570,9250,OK,616,616,,56.4645,0.03687258658868542,0.02228967648173874,0.9117043876350301,0.9127219224672791,0.017939745251202222,8.85847893380511,0.7728890801335067,0.1566719030850814,0.08481235460314229,0.7518682402013668,0.8938294918469772,69.00891011221493,77.9634783435622,0.7684095235371203,-0.705152642539762,-0.021867515831155176,0.0024842269536351565,0.7087138993183411
3570,9310,OK,1399,1399,,31.076023,0.15776255856418464,0.19480583324984302,2.4728846183844997,2.4855576182007,0.007506737324428731,11.073926154986259,1.8715672411462705,0.4912123097744425,0.3434723943573028,1.7352162626978545,1.1110807213769114,68.96414634748179,76.40008739533867,0.6961243412146559,-0.7031730339756743,-0.017369635217777728,0.0029060310999185967,0.7108006296037538
3570,9330,OK,1045,1045,,36.567875,0.2711262674974205,0.2579263641769387,4.59614021849783,4.611349083550051,0.009793095569838237,17.297959633102042,1.0802266359457988,0.4184999132369517,0.33670330304958473,0.8973852723855797,1.1284891659302356,68.81816104573437,74.27695548965289,0.589292488991277,-0.702316263775353,-0.01738625377396663,-0.0008012025252504465,0.7116522619164851
3570,9240,OK,539,539,,69.96301,0.2747252856629021,0.13813510699476542,2.5094836049342515,2.5282530043096605,0.012357019563896857,12.0048834695267,0.638364677157,0.24102785269967886,0.10372586359205221,0.5291109755737469,0.9602050897112292,69.11772532521695,81.39078935230987,0.9216008954798041,-0.7038989496131784,-0.01974738520536617,0.0036460443626636168,0.7100162081752222
3590,9270,OK,690,690,,57.247307,2.2093622113504505,0.43894534268702873,4.5730914572854715,5.097756356624681,0.017401919805918358,8.144649608987908,0.4541856783986715,0.1541655558808923,0.13650529515788845,0.4041460072278191,1.0480081054344184,67.01032716190609,79.97934759342964,1.2531901277363837,-0.7052050047839798,-0.008716626668219011,0.00505037317498011,0.7089318834542196
3590,9330,OK,1219,1219,,28.064075,0.16128145552773554,0.13937749907566666,2.404589906999325,2.4140195558422377,0.014026046030875344,11.571240533340337,1.054773044215941,0.3110963482723812,0.24953426161423287,0.9735684991084415,1.103149161232751,68.99532264655888,82.18753634805432,0.7729359185604571,-0.7047288388467409,-0.022766952924179993,0.0013855333144760828,0.709110012515482
3590,9340,OK,1088,1088,,28.32618,0.13185420646698093,0.2500867381342501,0.16188304004690046,0.32578371200612927,0.017361815555479162,14.48708100569841,1.3667751187562427,0.21485647350206072,0.19087914428549863,1.3000367338550927,1.1264685240954877,68.8938913211771,84.75463681420206,0.6904824871415356,-0.7048557770810576,-0.022695943609750795,-0.0012653232991390584,0.7089863373973226
3590,9260,OK,553,553,,73.85942,2.262498284416209,0.07241803753123402,6.520272330459154,6.9020355057401295,0.011343024700405166,11.44586495486318,0.6472658809964276,0.30774930598121486,0.24017619646018185,0.477346370015324,1.079393352833458,67.02843369072936,78.02992150997122,0.8511933832057812,-0.7045619918665762,-0.012142706597157073,0.002672601129204619,0.7095335168240484
3590,9250,OK,480,480,,71.89385,0.8626622662993949,0.21692982854485454,3.9052033061069995,4.005228782259304,0.016221932233071182,14.584642353418134,0.5864874231740059,0.1309859793100856,0.08746215563915927,0.5629768982184311,0.8952930987599973,68.28966563470682,80.66604186579092,0.8821834554072414,0.7091237404888778,0.016466958797160734,-0.005961825722543484,-0.7048665239441358
3610,9280,OK,665,665,,66.41598,2.3262135359203584,0.2544899677327129,3.6703158375369007,4.352844231723655,0.01848423566604905,10.496353406756821,0.6105218426136099,0.1654253093592044,0.16249988884076472,0.5363682785711408,1.0351735527365558,66.96509553803234,86.56104516370957,0.7012330366590487,-0.7002115005167993,-0.005060792540444808,0.01804286650075737,0.7136894968341001
3610,9350,OK,1429,1429,,22.596855,0.09009828759369287,0.1548090197266202,1.2517573323652282,1.2645077908602007,0.028680714225862814,11.530467905157938,1.5551566725911583,0.1093435144706042,0.110775196579042,1.5063600852132843,1.082204057021145,68.78616429363326,91.54959404451176,0.8928254871248782,-0.7052715871801244,-0.020151500165529718,0.008024774809221232,0.7086053262195876
3610,9270,OK,541,541,,69.80807,0.19477370882551082,0.03944398880046396,13.001929026568419,13.00344765967182,0.022174499703618247,13.849288957731822,0.5413715005066753,0.21668934052805966,0.15748432501951937,0.4738986343537821,1.108414053056777,69.81874010814724,77.33219795640223,0.7975293163862179,-0.700727945340874,-0.02487963200929109,0.01981839586165857,0.712719146448943
3610,9360,OK,1443,1443,,22.234186,0.08226581492323515,0.11149413142250597,0.1835036180357008,0.22993952135036594,0.017142513716478572,14.08337437608862,1.4790914034012739,0.1448453487687713,0.13673830173834656,1.425648331627765,1.1142692676472572,68.80416311056727,90.48628225976182,0.9399564847018753,-0.7047829343898081,-0.015060242380315995,0.01256444774139385,0.7091518449142549
3630,9360,OK,1558,1558,,19.837374,0.1790353019639338,0.186222564929187,1.492409566661359,1.514601861117458,0.009658269602735154,8.42162429780196,1.336195806759157,0.07690672216820937,0.06871752968601808,1.2708376515099715,1.1085179041654685,69.13791723456396,97.46764603440089,0.8115430491655939,-0.7039073798733014,-0.0037310740230401176,0.01649609257933822,0.7100903876100226
3630,9290,OK,616,616,,64.34603,0.13641126374269213,0.6331146432503769,6.4359944902119555,6.468498068517341,0.018454157653185765,12.720116485238293,0.5163681343385265,0.12853172500750026,0.10079484391995602,0.4972272150749819,0.9435592924857394,69.05742859850633,89.53188589205838,1.483185982527217,0.7077423654804769,0.007928007938347775,-0.01830381329980726,-0.7061889699031799
3630,9370,OK,1520,1520,,18.783375,0.27162964523767896,0.13776500911468675,1.823880639924674,1.8491355955149302,0.024276379439257943,10.717563793740666,1.928516935267583,0.10483899691147913,0.05998077301732607,1.8459329616178621,1.0213846840769836,69.02243135303985,97.82804886620127,0.8650777599536665,-0.7037898774142185,0.006861332145547517,0.011601902587934889,0.7102803153873883
3630,9280,OK,544,544,,69.67472,2.8157362968853845,0.3250690035476873,7.421474402919021,7.944326470119889,0.023417974821004134,16.163890452535103,0.4880116874673659,0.1719664417750224,0.1726334868863646,0.4026815623091884,1.0419817363388666,66.62604758067593,88.51444494930531,1.2963366061558204,-0.7052596745755626,0.009792451268583949,0.01762182173371441,0.7086623813315541
3650,9310,OK,599,599,,66.7699,0.580243381932166,0.2307516842753713,1.487048726652219,1.6128368291646815,0.006639235247523034,10.905000499731294,1.2206322574200137,0.16681675492691372,0.17070142490530138,1.1716568471699,1.0638740491682293,68.5607462993498,99.35691180241936,1.1771901286963116,0.7108396282579053,-0.009888592791694255,-0.012931988683800003,-0.703165700457186
3650,9290,OK,525,525,,67.070335,0.31030086457124434,0.6403474936073583,3.9400800924458554,4.003818511622502,0.020030618867940178,17.59767154622163,0.5040884936460606,0.1743038029580568,0.07413709025616588,0.4372134252980304,0.9502695122589682,68.76981585321845,96.9129340278343,1.4562017470964106,0.713769227731403,-0.011920001683210443,-0.01833304741321647,-0.7000395006541655
3650,9300,OK,496,496,,63.381905,1.2568655627791128,0.6212777675602155,2.4832036965596362,2.8516657773961,0.012361842331111513,14.215237712647847,0.7931988778190918,0.11113607068929099,0.09015108136532346,0.736576443514454,1.0155782745086712,67.99865286025765,98.37649387259155,1.5233625080727358,0.7126167774723207,-0.013977685546456361,-0.010456003916388885,-0.7013363135855935
3650,9280,OK,490,490,,75.07765,0.4621973490806817,0.5661873667347331,5.341683453676087,5.391454037921877,0.014008524400546394,21.041371155751726,0.5429531829940828,0.12966488995194303,0.08215379127790229,0.4857324182904117,1.056575205473448,68.68411551298446,95.50948728518122,1.4280394291861473,0.7123962193309908,-0.01306517727691391,-0.015607640919981257,-0.7014822373877663
3670,9320,OK,668,668,,62.53933,0.15301105287261613,0.42368660439794775,2.9329155607492403,2.967307939451597,0.01694788917725779,11.723576696768655,1.1719651944091174,0.19859451613532342,0.06690149703461601,1.1051579515124663,1.066404745862427,69.36803564692684,107.80092046733877,1.1822746579930545,0.7135923224898707,-0.030844518669111705,0.010896299438635234,-0.699797030295304
3670,9310,OK,563,563,,64.75893,0.01850917873213398,0.6372276197835754,2.5299240455103664,2.6090069576687442,0.024183237449517184,14.90497143976595,1.3028096988683044,0.16297519565724217,0.06898561203836628,1.1896986851835871,1.0309438412114726,69.38715635911606,107.39429996064625,1.3422311020213875,0.7142430785490571,-0.031073483686164697,0.006861756169785897,-0.6991739266152861
3670,9300,OK,457,457,,66.41234,0.26162647177122067,1.0377779404228418,1.7455875099833627,2.047561285864149,0.03560162829624064,18.21357740192718,1.2309799124447252,0.17064424077156692,0.0661115325645607,1.1562541553988641,1.0232668803709288,69.07146002449242,106.63833781691349,1.6089246816981626,0.7164788808440921,-0.03735611593266425,0.0020434467904406027,-0.6966048795637578
3670,9280,OK,431,431,,77.59492,0.14249075618270135,3.791715858888468,0.7788849896134167,3.8735093387248885,0.044815230730149605,25.037764349056363,1.0273616250802937,0.18565177721001191,0.09958941920344433,0.949345206235888,1.0649666108844376,69.39156995009756,104.24814762414215,3.666245535158545,0.7254165346515448,-0.030746310534600297,0.01241346416065817,-0.6875110337661398
3690,9340,OK,698,698,,47.030067,0.9757995592894152,1.1542971364307242,7.337590744461869,7.49165032501478,0.03775671313354982,8.712280866322434,2.1869779487087158,0.13525938116232405,0.08030772965832561,2.0040791449616453,1.130636803614789,70.67374815265462,115.19652584658732,1.607200968686441,0.7135800795067178,-0.08773250957380305,0.06331879855483039,-0.6921684814007653
3690,9330,OK,677,677,,42.15771,0.25028114994155315,0.39565908423756213,2.9033752197837845,2.940879873747024,0.030347378943373263,11.615160849700592,1.3657524714954459,0.1804197046382734,0.06503320596047746,1.2321664157773258,1.1157904099003986,70.32276173815718,110.69241570263844,1.085724414150768,0.7095698651261588,-0.08508959796775831,0.06495777280539272,-0.6964559243589598
3690,9320,OK,556,556,,55.861946,0.1654753803989668,1.1217107935367379,3.8220436484094993,3.986682186505766,0.04770102294992325,14.641172301256985,1.0448444245137318,0.29793010464970693,0.07925360075002735,0.9654478894887868,0.9517651064125087,70.47445457508532,111.597205007143,1.4978168107872785,0.7147337203871634,-0.08897054931074275,0.05807382715840827,-0.6912795244299111
3690,9310,OK,406,406,,65.72229,0.3870279697012262,0.7445871371580759,4.559058281595423,4.635645917144247,0.027449520983858517,17.814332752904356,1.146718674108707,0.1916276240948771,0.06477216634608496,1.0735513296330952,0.9511244149690143,70.45218241406495,112.33930883298322,1.2374897039467618,0.7109233284289168,-0.08173744950007647,0.07059791673794938,-0.6949265749682008
3690,9300,OK,373,373,,67.17604,0.9471394980306327,0.7819381783592425,5.07631502676529,5.222784199492506,0.025100330661782022,21.117053989375393,1.1040028964884434,0.2029371329461087,0.07134500102328634,1.0374563191923638,0.9408012526239933,70.08333487678365,112.95865368101255,1.219272927228432,0.7109177070469498,-0.08697984856997262,0.0689827694277188,-0.6944579881259444
3690,9290,OK,346,346,,71.499664,0.9933134678371554,3.314925890879356,2.9318982933111,4.5355741543634265,0.07212415127198377,24.493552301779005,0.7357211435260425,0.29293391193831597,0.11333233492531569,0.617897214127686,0.9017345991918448,68.74809683702246,105.31707148328475,3.100257933657863,0.7244495537088188,-0.10483381827975166,0.0622255989463657,-0.6784620029977709
7000,2560,OK,1859,1859,,20.427486,0.03750917551346844,0.12700816371404447,0.00716792526831167,0.1326250016036411,0.0149233404402177,6.301144284600566,0.6654873428642487,0.1527417746830234,0.09282620744006453,0.5464440045943779,1.092762333800278,-8.936734969226482,118.49052238648036,1.0298783995544212,0.0012058045666924141,-0.6988307308271873,0.7149340231349096,-0.022438766700044084
7000,2570,OK,1662,1662,,20.862309,0.001710823007073023,0.14156003104721132,0.3576456141782032,0.3846460121284934,0.016808504677084342,9.770929683284887,0.6707513684911521,0.13833506719326083,0.08961722338759559,0.5914197629051143,1.0930104590740861,-8.944156240769122,118.1425722163893,1.0496803033555222,0.0015605632549079837,-0.7000754348613022,0.7136813069204869,-0.02347216006999722
7000,2510,OK,591,591,,44.736637,0.18500942460950198,0.20956930869198703,1.4673380506538471,1.4937298073067327,0.013106989274404951,11.264696107419617,0.8829864763508138,0.22746482815859004,0.14090478231084802,0.7850406685109252,1.116730464751416,-8.694451630055688,119.98131532285889,1.318225993849527,-0.0033877767572881097,-0.7009344204420789,0.7129507085326486,-0.01951277558329403
7000,2580,OK,1481,1481,,20.176083,0.00750340040812314,0.13954024753669805,0.2010406134566587,0.2448369048148527,0.02236356762604367,13.262111210583765,0.6774187488444507,0.16447299201886212,0.10273834294228212,0.5901051269816335,1.1601566207340959,-9.032853908917463,118.70141900995733,1.0368368856476944,-9.955319418534104e-05,-0.6998362024504202,0.7138228472736778,-0.026195849652870282
7000,2500,OK,486,486,,49.207405,0.23277718327801789,0.059698274671436735,1.170714682462581,1.1951242482633577,0.006249299331408478,14.606991639642171,1.0499946160539535,0.25018357035716665,0.16003650583204654,0.9038763792815061,1.2053871824173128,-8.712399252679216,119.68916373964416,1.2053235733354495,-0.0015673503210240935,-0.700157197408071,0.7138564015533218,-0.013655778703149511
7000,2590,OK,1285,1285,,20.113493,0.18769718533142693,0.23811927916286463,0.6102325191025919,0.6814064512907678,0.007792552465231107,16.765787156814472,0.6506522394315741,0.19031672764957097,0.10184499435878258,0.605047307780815,1.1218596505840668,-8.704208150637996,119.11631807695844,0.9038670036176202,-0.00040367599472158043,-0.6991944493758225,0.7146908568443999,-0.018545569571981505
7020,2580,OK,1811,1811,,19.49469,0.03403076699623189,0.11543393788911525,0.046068141135004126,0.12886178931931142,0.014391907548584826,8.218138636866515,0.6760777778850425,0.1617071197357851,0.09520645456482502,0.606321918917466,1.1442717273395877,-8.9357433276308,113.51432091496712,1.122039197052739,0.005663216274133135,-0.7036673460045585,0.7100049123948569,-0.026706151416951797
7020,2530,OK,569,569,,38.07528,0.8168902201050872,0.040347703847881174,0.5919476247962141,1.0096234740788337,0.034223896121551155,9.312997559231931,0.8862115938036035,0.21538259362917778,0.15899629795356995,0.7492474404515477,1.1782260910051672,-8.148218502879287,114.08978463051375,1.2108259855102257,-0.011459059468749273,-0.7020393640504358,0.7114843911770472,-0.028273351254812708
7020,2520,OK,532,532,,41.60559,0.7074956087084263,0.4363419129492113,0.9691669772485536,1.2768041866813338,0.020990210631848055,12.820922180985676,0.9569549752427613,0.2358557707522133,0.19720621651318493,0.8204956131416319,1.2497116124767087,-8.323317617230797,114.45971756973364,0.911780875582024,-0.00559002121018161,-0.6993203362657104,0.7145007936054821,-0.0202097720229552
7020,2590,OK,1623,1623,,17.338333,0.10613751128076127,0.1777705623992605,0.22835594322899944,0.3082433794335721,0.014242416693468268,11.720708776891373,0.7418630518087028,0.22967862401977968,0.09861885118028102,0.6616741283790155,1.1264929202046623,-8.845644006334467,113.70059492059625,1.0425407248421288,0.0015443941707457879,-0.7028877607608277,0.7107943431247389,-0.026792021221733527
7020,2510,OK,430,430,,45.886406,0.21783271815220306,0.2961399779545417,1.4763832617933836,1.521465581386633,0.010714030159670467,16.297151502293815,0.8146682587639141,0.24992547351478667,0.1401662589739665,0.72250225125517,1.1620139351676586,-8.725428668399779,114.95158872901003,1.0358656233095482,0.00045339631674326276,-0.7001039657182858,0.713725861994185,-0.021204375443928426
7020,2600,OK,1248,1248,,20.702507,0.15947760693332547,0.2990555100505019,0.7905432907407768,0.860131385161594,0.012338807223355267,15.237762807529409,0.6392023536662654,0.20433105751605063,0.10608091779970952,0.5172147528305633,1.0926884844606257,-8.830289069530254,114.26267742528015,0.8585877046884024,0.002442470555266291,-0.7016385361804438,0.712066167700185,-0.02567433934734215
7040,2550,OK,681,681,,32.152447,0.3548420998947189,0.16166597969672233,0.08766685159273635,0.3996677141290969,0.019581713099685538,7.321822374938563,0.9821789886883372,0.2011698243527249,0.1359832484787602,0.877283377447025,1.1776045041149605,-8.555714396128591,108.35700593028986,1.1625344684126728,-0.004900701397460324,-0.6988899865892549,0.7148718815291889,-0.022067232948454956
7040,2590,OK,1614,1614,,16.938007,0.01701784385106281,0.06325759635159792,0.9474859332457628,0.9497477160826,0.013076825219081524,6.690277531705913,0.9481577395387073,0.2083780738409775,0.13535984444302418,0.8734719564758482,1.05437800216704,-8.94541373788571,107.48760069078357,1.225287363785019,0.004008597777473146,-0.7035202624519832,0.7102821558938879,-0.023290137012942837
7040,2540,OK,558,558,,35.45914,0.15857012015091576,0.13203174360314146,0.6996294006454136,0.7294231711229238,0.008790529266184843,10.805129517040498,0.8184026174663548,0.21077746179521872,0.12452020702462896,0.7410878628356947,1.1361702204514232,-8.752949459199815,109.13875829908207,1.141809825959115,-0.0007012625995985293,-0.7010874383879798,0.7127920851662205,-0.020083707071611986
7040,2600,OK,1485,1485,,19.73246,0.022968898986912345,0.0998503288636308,0.18651566724309276,0.21280449389517672,0.014625327300822537,10.206880590050293,0.731992004059596,0.1763775322940333,0.0933211366131621,0.6650036952395029,1.0430115033644902,-8.968694692410292,108.25036789222865,1.1806534572552554,0.0025514371245801194,-0.7029246882309419,0.7108375114255062,-0.024503167028481213
7040,2530,OK,449,449,,40.928677,0.6167953634721168,0.0804237060813249,0.38354376544700663,0.7307600925843067,0.024059725308960132,14.33170226015315,0.86778448956221,0.25833260053012186,0.13378698194017347,0.7458482616545208,1.2085240684617196,-8.373896450020212,108.840180478864,1.335185445762718,-0.008054610110383586,-0.7020049635765532,0.7117417745897339,-0.023405142035643617
7040,2520,OK,426,426,,45.542217,0.5797630235929805,0.4924293641982258,0.5080703046216897,0.9147389117604653,0.017640596833621073,17.843040500575892,0.9414431938732408,0.26906783866463624,0.14725297337714444,0.7659285089629391,1.2712705437454868,-8.522410521846226,108.95764783069765,0.9529539151215622,-0.004288071697280569,-0.6982805577260844,0.7156446749023391,-0.01544585467990743
7040,2610,OK,1291,1291,,21.199957,0.14650470874630295,0.17245276828564085,1.7255862257279535,1.740359563250153,0.015162025659476535,13.735529883946327,1.129465543277395,0.3826766033747542,0.21444906325834068,0.9957799152960094,1.1115404945415557,-8.967043770141244,110.16642483704445,1.0998070633320778,0.0029239771079177246,-0.7029555942117584,0.7107971346930928,-0.02474502447675948
7060,2560,OK,605,605,,32.755085,0.6132543597518796,0.3075553177304672,1.1433654473730712,1.3334000635464212,0.033459513482589034,9.323149145943358,0.7015508243177846,0.19131909402168423,0.11260462496776102,0.6258341439519932,1.1307714130821727,-8.434203310424774,104.06932451247378,1.053745338396399,-0.011706540642565775,-0.6987570557743039,0.7150310331247692,-0.01822513594833627
7060,2610,OK,1626,1626,,20.425735,0.07609701338908731,0.14794089267015106,1.2627559689413683,1.2736678924538507,0.012288457498233577,8.219763157919518,1.1029912775893613,0.4012992695540114,0.2073930841160112,0.9657814919638499,1.0815191048968724,-9.009673102792915,104.18512764489431,1.1330234996017012,0.004199535407853549,-0.7040934467751895,0.7098981642399886,-0.016714619926452467
7060,2620,OK,1357,1357,,19.7508,0.16077786389886495,0.1642870025186778,2.518446996055136,2.528915778086647,0.012712326302171732,11.721362404290776,1.6240528339822342,0.5769034390966206,0.2762523176972391,1.4062159124561546,1.1381289460950132,-9.019421472793386,105.44420761635342,1.1057606622847371,0.005445835724306938,-0.7038403079318531,0.7101477027985421,-0.016413531418057785
7060,2550,OK,447,447,,39.508286,0.5421813526191057,0.031173293817567373,0.8487942914513908,1.0076627127048952,0.02114268241324691,12.82882392050141,0.982008351450849,0.21780709796599762,0.13441851173736552,0.9100777382980212,1.2287738564794983,-8.526898544229574,103.78191714156065,1.3407458106109706,-0.007389353987307219,-0.7017035971942875,0.7122686796005986,-0.015191681680029392
7060,2630,OK,1347,1347,,16.85506,0.21510251759903698,0.21237246034808976,2.3387742193108174,2.358227301153277,0.009640858599234112,15.239004394741091,1.4626792699088487,0.5282883366932838,0.29214751700539787,1.277283534254769,1.1844232317208248,-8.934733224458473,105.26518035510068,1.0138776460591878,0.0035447130174933584,-0.7027511125493884,0.7112550759093272,-0.015637321172040475
7060,2540,OK,410,410,,42.507576,0.8828246959262638,0.31499738822878215,2.5505581557511228,2.717342397306019,0.033189143241760165,16.314707728302242,0.9850283797679551,0.23043974926593225,0.11982244404868325,0.9176234863627979,1.1767330042150825,-8.251387794097255,105.48272428665419,1.0545218430817693,-0.012141826022353187,-0.6999253196186042,0.7138790022164038,-0.01827274506333741
7080,2630,OK,1652,1652,,16.08051,0.1671386426739228,0.15730804291020467,1.5221267706140456,1.5393346134155053,0.008289332140392272,9.090642957268537,1.349907968241803,0.5532183929527998,0.23320930350305852,1.1745151768868678,1.1264164332547835,-8.989038257588073,98.29572677383739,1.054892458233047,0.005293243266176078,-0.7025758190040081,0.7115698771463294,-0.005245003768334436
7080,2580,OK,559,559,,33.41442,0.29736204840533814,0.019856908476586083,1.2693029657970962,1.3038207329335467,0.02541448813329179,8.487184262998987,0.8526053701127102,0.2269651193646558,0.1327651256905864,0.8118126512678341,1.0888256895690833,-8.780473217551114,98.04300476834926,1.2467814986369339,-0.0038532453996588216,-0.7029699051248369,0.7111238905386663,-0.011012597051497815
7080,2640,OK,1281,1281,,24.580658,0.13752554013146756,0.1945553278424761,2.1534621218688006,2.1666019846995486,0.011691743483940942,12.637862394557411,1.1193921734838617,0.4041452109903525,0.23998208188523784,0.9587451514356697,1.1395628764643166,-9.118004551858505,98.92970517368954,1.0002583908817841,0.007287072837034464,-0.7026512091574958,0.7114674049158018,-0.006504504696838573
7080,2650,OK,1188,1188,,26.490738,0.2398265848525497,0.23509833792472143,2.500852410121741,2.523301566699614,0.008617591737389787,16.193602517198592,1.1562445823407559,0.45083978124310065,0.2731285699246304,0.962112763095373,1.1839594078938724,-8.994037828831233,99.27758984593635,0.9781482554936051,0.0055376872091949855,-0.7033047123327174,0.7108438079564446,-0.005735531444255718
7080,2570,OK,404,404,,35.949333,0.04934578220092689,0.06766902666216346,1.931090759050452,1.9329060047194424,0.026075955880134175,11.984257044898717,0.9228674568327035,0.1902583153263009,0.12624965756331868,0.8693860149716119,1.1096588390562045,-9.034138884555945,98.69546604389495,1.1849899237582115,-7.124720020254531e-06,-0.7031695919961976,0.7108887815208514,-0.013771897071165927
7080,2560,OK,398,398,,44.10494,0.7818908472694078,0.37533356046471467,4.102727318887187,4.193399579314859,0.032432888229476375,15.468585401544955,0.9503284798075858,0.2097662317773355,0.10713383995348758,0.8684197172478143,1.153240634971801,-8.431326220612934,100.87457221112615,0.9393355053217645,-0.009389450325448575,-0.7010095683956841,0.713036316639283,-0.008754107251269162
7100,2640,OK,1662,1662,,20.290867,0.45028524519560814,0.009890862455748259,1.6501167955701082,1.7104794854728744,0.015697230029646743,5.866691698845552,0.7741895765585476,0.21530702451938533,0.1306500311028973,0.6340751483937188,1.05941090537265,-8.801136575588927,91.64747843427051,1.1449607710232121,0.01085255303909211,-0.7012076926014087,0.7127635017729156,0.012577140754286016
7100,2650,OK,1435,1435,,21.31319,0.2492153810531823,0.10742804901044586,2.812181860129602,2.8252461673825278,0.006818264438824551,9.421893862439324,1.110953315939099,0.43617253079214224,0.27686268784698287,0.872874198463812,1.1297354894705591,-8.999696664752447,92.80922203238286,1.0543203767603768,0.008040173910626513,-0.7025164394352834,0.7115599635735376,0.00940351880333222
7100,2600,OK,648,648,,31.939285,0.8670529044328001,0.2652538546578597,2.590155576593401,2.744275178886786,0.03013905151185173,8.23235658599417,0.8513763776496759,0.24542467160347137,0.12471948260877785,0.7978518214685675,0.9824688652753496,-8.489103094912897,92.5762666186424,1.0145568920901369,-0.007026426069318844,-0.7005563321701946,0.7135478755223094,0.0045699158127105325
7100,2590,OK,464,464,,35.503616,0.35551579841263986,0.149864787414061,9.645120985782716,9.652834286768513,0.011938924503868418,11.751956259495229,0.9184257280689674,0.2506521126859642,0.14438766072997344,0.8804680837792409,1.0408639377799416,-9.599180502223403,99.63858886839961,1.3291404621261445,0.008088761443056586,-0.7026975119586703,0.7114409447614529,0.001600231965433003
7100,2660,OK,1492,1492,,21.778759,0.16264549375620524,0.08497634842311971,1.8253576326086787,1.83455853636598,0.005976596407687791,13.007399863572342,0.8928824843350703,0.30854125346229455,0.15401999592558746,0.7269033392236057,1.1651201310554158,-9.165973349639192,91.82663252594837,1.1315485309795392,0.006841418619192407,-0.7037471786090048,0.7104053750608323,0.004160129303389903
7100,2580,OK,371,371,,40.69646,0.9174516565286375,0.1036298758705761,6.120391586926056,6.189640528379281,0.04886954013175599,15.259093571021499,0.7344087619941624,0.1789142495564131,0.12978625109609876,0.6833892193195021,1.1560351337003372,-8.383230727397581,96.11638960427864,1.1512066894629687,-0.011717569795827535,-0.7017799406469871,0.7122486453574887,-0.008335505384410405
7100,2670,OK,1158,1158,,26.570808,0.1145686644651513,0.17262958108492268,0.3702700637442504,0.42429573559965883,0.00670186327309374,16.648195079612055,0.7891834374652331,0.2241970951088459,0.0971304263607935,0.7304046281108536,1.1163405446370052,-9.192988088776536,90.36985415058601,1.0259881281607193,0.005680037046364472,-0.7031430476072675,0.7110125092836496,0.004336291374391515
7120,2670,OK,1645,1645,,22.03124,0.1356564591768512,0.09652020165812523,3.104896737234407,3.109357260453258,0.00715639712244436,9.48038214092495,0.9717675770926864,0.3309475191676972,0.21845570889771082,0.6714326548016905,1.0570000954451992,-9.36534183709364,85.95121461449419,1.046674308077713,-0.009142793643833733,0.7074602704583511,-0.7066032319860878,-0.011324645433662978
7120,2620,OK,577,577,,38.791393,0.0029557230370745313,0.18810332768787197,7.842818291663947,7.84507427334149,0.02276830018413381,8.368087788493863,1.1892275175702989,0.36191144366087924,0.2117491606004911,0.7964477328238182,1.01528530535498,-9.49369456638037,90.68596166487451,1.4553178873721933,-0.016743248126240878,0.7109344107745939,-0.7028441010660755,-0.017380932523439124
7120,2680,OK,1282,1282,,23.25896,0.16810327558040866,0.03612699966353175,3.652945768022775,3.6569901087480474,0.007216500809938504,13.189894107299363,0.8129296025811094,0.2738059259463186,0.17672770067101318,0.5870510346349507,1.0206340452491303,-9.34212676374873,86.50036108089016,1.071723568888291,-0.008058180926093004,0.7071996889331051,-0.7069030525255522,-0.00957810122822576
7120,2610,OK,476,476,,46.584095,0.1579320990516825,0.27237410037214915,9.023061582838666,9.028553069355212,0.022860930886393373,11.870382958509026,0.9635423145950823,0.43322334457943257,0.24661179216524975,0.5862404462310025,1.0651723421018744,-9.330583542872528,91.8654385309435,1.5343845426078357,-0.01592161383810506,0.7110058825619459,-0.702769175468702,-0.018237960032288576
7120,2600,OK,382,382,,46.68258,0.15854826151817591,1.2126254929724265,10.415579987918225,10.487130428394588,0.02676058590035628,15.40064491085132,0.885963868862182,0.22909109208372047,0.11931418503682711,0.8447922866700561,1.0280764588621958,-9.585259858369737,93.23054240783132,2.4294395300430356,-0.016693937160908258,0.7154393729790922,-0.6982860375489985,-0.01626117515647626
7120,2690,OK,1165,1165,,26.092978,0.3042945393299345,0.015142693493555792,3.9508917463059525,3.9626216143937785,0.0028762171242618095,16.95160579435037,0.8683538261893148,0.2622826801200757,0.17359230352157096,0.6597498938441646,1.0316792699715267,-9.245188526530109,86.79823417110579,1.1828312788053883,-0.009696945008339468,0.709242758334149,-0.7048300221410096,-0.009763139698735355
7140,2640,OK,602,602,,38.1331,0.6509796121438699,0.3788707444127291,7.349641173929303,7.388135277721689,0.01352876172369895,8.725360592097903,1.2092343172079925,0.5650667175819812,0.24138778323103072,0.46181962316564906,1.0725393447138807,-9.097877322523107,82.78572892595236,0.8105881005411467,-0.01608515973232059,0.7091750291245693,-0.7045902717657327,-0.019094361357288595
7140,2690,OK,1456,1456,,23.815395,0.0766920135807917,0.11846688638569142,1.9280226282983701,1.9331806235702735,0.009030769861667304,9.531736234659645,0.9245941509844692,0.2758808360143046,0.1482532483943897,0.7653112910682984,1.1031663132344822,-9.743680115958403,77.37005841852105,0.9314999233765016,-0.01940789638989954,0.7119048071028397,-0.7018722593821161,-0.013791689216014442
7140,2630,OK,535,535,,40.234047,0.010184266109446949,0.029786572051482767,16.646479009086228,16.64650877388707,0.021339551160880647,12.270914547034092,0.7093435047674427,0.2470320361666733,0.15514166892065484,0.4348764695904297,1.0728501465724132,-9.74434637839253,92.07732417701884,1.4154669967943427,-0.026195162295011763,0.7133959488791238,-0.6999818349170569,-0.020136146139283967
7140,2700,OK,1406,1406,,23.11956,0.2340984138768198,0.16596703632477022,2.0773162208945433,2.0970431102191625,0.007758420468723185,13.357961649575051,0.8650783900345443,0.23882579322283926,0.1621030796750933,0.7721050778758958,1.1290183835365593,-9.521633995548946,77.52049423360965,0.8136140395323657,-0.017338730202699076,0.71085806742111,-0.7029334616506014,-0.016270369054971576
7140,2620,OK,375,375,,41.934605,0.5868676850718433,0.24246276231968755,20.598474059161852,20.60825891328176,0.006402667301234847,15.788171293779719,0.9118462763562556,0.21696340595386898,0.13105682053517426,0.7205236502116827,0.9997635369811962,-9.151457922691016,96.03704038362103,1.1834254714386692,-0.018934775511701963,0.7135467158061811,-0.700121074521569,-0.017973303794745574
7140,2710,OK,1196,1196,,24.72992,0.4161990108270279,0.17876937096492773,4.074657805723518,4.0997580829058915,0.009888591763509768,17.180992471732957,1.0272192250577536,0.2933594836938509,0.21453919033413116,0.9118803319584989,1.1626979906866783,-9.257220045341775,79.51548127440185,0.7775002136510896,-0.017257913803238593,0.7107833922219263,-0.7029371577291122,-0.01919599011170284
7160,2710,OK,1418,1418,,20.127943,0.10142249192392108,0.05505932285926545,3.0218261790315726,3.024029018905462,0.004979259414952689,9.591365263076549,0.7875406918984784,0.34040047057891665,0.21352723272578603,0.604276690870118,1.0609942184649803,-9.931363246822889,70.89161532037055,0.8740251887150443,-0.015230261226277584,0.7204186744221133,-0.6932209367763092,-0.014481212029409603
7160,2660,OK,547,547,,40.018276,0.8731657326702842,0.6013737042607797,14.641880111636608,14.68021532309474,0.01795738641559552,9.17090985105598,0.8619583711191093,0.32145122746009314,0.24248815995508832,0.643520807026146,1.1067536085295004,-9.028679532582096,82.5124325525593,0.7109866407323964,-0.006583862189580585,0.7177572608057361,-0.6961235999082225,-0.01389607750885857
7160,2720,OK,1290,1290,,21.757818,0.09541067037649542,0.07760834660382739,3.2370005434675893,3.239336161915546,0.011403010364815053,13.396335168131774,0.7290317757182644,0.3435706019872571,0.18758462354506467,0.5212396082067858,1.0147496311935433,-10.062687728431014,71.11011467507183,0.8773434367100703,-0.017170312057252717,0.7207414299442897,-0.6928891195842296,-0.011901239746694122
7160,2650,OK,434,434,,48.810043,1.3696948829995428,0.4863688592862703,14.227703841377725,14.301754274834714,0.022846593772974464,12.75830591430394,0.9555058264194874,0.4398901083345894,0.22214575737144715,0.5731423258857831,1.0174289270904637,-8.552371073193209,82.08987866851749,0.8452672826054606,-0.0037306300632736094,0.7198358124929688,-0.69403144138625,-0.011951728713579586
7160,2640,OK,398,398,,56.29029,0.04489303837570385,0.5182817779100961,20.040932550699765,20.047683379580434,0.014255713707397593,16.31381463640971,1.1979217333944503,0.45549164498216976,0.22215933907272722,0.519269392090326,1.0231995492075956,-9.919494231195673,87.91052675490852,1.0815110266202625,-0.020835418888427257,0.7207468478880396,-0.6927337971049192,-0.01448284943646058
7160,2730,OK,1199,1199,,21.868286,0.17004373603674006,0.09361801168499682,1.710030433119556,1.7210122853925944,0.00476220478297349,17.07868246096778,0.8847415908407723,0.2150346515256265,0.13247852989308884,0.8151864885603439,1.0095872385514082,-9.867197745125672,69.58023790609711,0.8432055064675269,-0.014411711649162943,0.7215807816607352,-0.6920208340184417,-0.01485406980070296
7180,2680,OK,615,615,,43.04051,0.2743048220182818,0.04265287628025191,1.5284879852451096,1.5534921706516946,0.008712508997300463,9.4914155777532,0.67961225316246,0.2114921186696923,0.1349318977653966,0.5016250954803891,0.986346747732265,-10.05786054971867,61.73810184792665,0.5845951346688849,-0.009375832736676483,0.7202485037053765,-0.6934555380549239,-0.016540961629125665
7180,2730,OK,1435,1435,,18.336248,0.016263930534665016,0.04293320233262757,0.1160947972236741,0.12484301038254707,0.01362608828862908,9.409402266456382,1.1298315172763966,0.19157867454223654,0.11846371778745812,1.0958775807008827,1.0127507694940532,-10.337481303892499,60.326524025445366,0.5542159016907615,-0.012991189309460603,0.7234551647625458,-0.6902002125652063,-0.008217064784179677
7180,2760,OK,1138,1138,,45.964134,0.005861630205487023,0.23230550242198178,1.3755809039641242,1.395070976156752,0.014739265048791434,19.789595451102684,0.8696503812461566,0.10626260319180547,0.07875476141207693,0.8479392955711287,1.0639035692535272,-10.405509661264137,58.843563274467655,0.36667290649782475,-0.010148992583918862,0.7228192936027982,-0.6909315946930108,-0.006542033327369743
7180,2740,OK,1395,1395,,18.81772,0.031140382164417446,0.11522503185845,1.4107173204055048,1.4157577085999618,0.014399746044992816,13.00168019946855,1.0373151547372446,0.20449010214089958,0.13742393820187493,0.9826097686005255,1.0483380066427928,-10.38244037294996,61.62431773804016,0.5470849235976559,-0.012216823038877245,0.7226771229948763,-0.6910465046560367,-0.0065767421539489595
7180,2670,OK,418,418,,61.568573,0.0588177818939839,0.7237665388528957,12.737178378213475,12.757860736528633,0.02403925398849951,13.199649939263981,0.7676942641237133,0.25275384790678224,0.16435029156622122,0.6530432322803899,1.0268105301829151,-10.143964720580259,72.90045789208719,1.6911793738515655,-0.017687360053805976,0.7257263803603735,-0.6875082794287674,-0.018459248637289875
7180,2780,OK,1046,1046,,45.18899,0.07840683614232324,0.3068163946019581,3.318424217505193,3.333500145384029,0.00764184669650114,25.74635791506372,0.6705771143079253,0.11417861668008289,0.07075613103684547,0.6269613466593054,1.0781756279199801,-10.230031803035232,56.90173279283849,0.22739791664533487,-0.012412291785601532,0.7225668963961562,-0.6910664401865164,-0.01304570783787683
7200,2710,OK,671,671,,48.68113,0.7573648165503396,0.3488033906277819,6.290589585357857,6.345611286714188,0.014014355567427318,5.768992818387922,0.9207740858374174,0.340621468217313,0.21618743891907033,0.7690131449459283,1.024837845438886,-9.74181780278258,58.80141293134453,0.7528053303412461,-0.008149484671740197,0.7234255000142222,-0.6902701262578471,-0.010783534890446669
7200,2750,OK,1531,1531,,19.056578,0.03453593657404913,0.05095008874136389,0.2048401881139501,0.21388816031832633,0.013463009167126394,8.805086695469173,0.5506435947933246,0.08851193650295998,0.054038129032740745,0.5315094529953135,1.0032944666246832,-10.545521606901755,52.33013363382939,0.19120617616400815,-0.014096487887773531,0.7247799500274287,-0.6887734251353289,-0.009299564227176482
7200,2700,OK,583,583,,51.511333,0.5647742158520972,0.2888067292574859,10.572341638110599,10.59135434940607,0.0217370455760439,9.592316373202136,0.7221436208870845,0.3102301868166275,0.20249971805127842,0.5578348990177675,1.0049989322957413,-9.922489771777402,63.08323416030909,0.8715954221541743,-0.020473581236572457,0.7239175487981282,-0.6892467589920844,-0.021520228445971207
7200,2760,OK,1245,1245,,36.039177,0.0669639585143163,0.101252414682076,0.08281582216190664,0.1469512967592008,0.012673058175702806,12.09884831466087,0.6162649343084232,0.12905594864914427,0.08058326457444265,0.5967430830968148,1.0412297098804335,-10.542643404592875,52.62057283134151,0.156809251368353,-0.013619829991085148,0.7239000657652932,-0.6897153433964817,-0.008714361680090396
7200,2770,OK,1194,1194,,35.864334,0.04735126667105338,0.1992542409468361,1.8789922670188979,1.8901207195593275,0.01795769650425318,15.210019947937862,0.6485670758487803,0.09836743001284898,0.0474024782962727,0.6078114980101468,0.990770968873058,-10.726093326866613,50.66484854619476,0.020533857700188007,-0.014114982800739842,0.7246316391134056,-0.6889633978446472,-0.006260294458927238
7200,2780,OK,1134,1134,,44.699535,0.02904440202288361,0.20358975692706582,1.0332187542143636,1.05348628869804,0.00947669660560079,18.055642318693717,0.648022888705919,0.15446160453772562,0.08935703505723014,0.588410333062896,1.069102030064008,-10.61817830065752,51.510943201445215,0.018703899541597957,-0.015377538491400815,0.7233664556050265,-0.6902126406015078,-0.010536269228745976
7200,2690,OK,462,462,,61.7705,0.4535985850930277,0.11417550499091643,13.773412661862407,13.781352766557063,0.022357175455211663,13.418904983096462,0.7963009949423969,0.3654926531061722,0.2347780420982663,0.542905782715768,1.0041824729669264,-10.041568322336516,66.29050857518706,0.8341759893135089,-0.02086515846048578,0.7239541874692753,-0.6891946939824114,-0.021579003559258146
7220,2790,OK,1495,1495,,40.25198,0.053215438209928134,0.04828035179405646,2.1925508215070284,2.193727872851229,0.013502707650618636,13.105360193703401,0.4889141481268502,0.1609316775918379,0.06161827605362902,0.408585665671092,0.9854594578066138,-10.658557898593687,42.84049406031555,-0.1472698639940878,-0.010733117267120958,0.7268498259880255,-0.6866000113456738,-0.012432018139772004
7220,2780,OK,1539,1539,,40.995403,0.11649653878655558,0.13983007688002494,2.0376546006167935,2.0457664004876768,0.016240382432128886,10.54492152229769,0.7726492076563205,0.10535128435039742,0.056876152713940975,0.7235735020811882,1.0472851505927985,-10.98420409783442,43.00714604995578,-0.3125513032857946,-0.014727345789795506,0.7244513739087606,-0.6891528275344813,-0.004657513169760168
7220,2810,OK,1399,1399,,36.720276,0.025408087634425147,0.15409426282310884,1.3975260063158537,1.4062252846117422,0.014658328803749381,17.277516791454865,0.31079727586350403,0.08299033881652859,0.03469939290304569,0.2809584964851526,1.0193858484604656,-10.946849297723757,43.6485060276182,-0.21662552492448828,-0.014489988231246722,0.7253458029733527,-0.6882045269783887,-0.006167284366130323
7220,2720,OK,581,581,,59.576145,0.2515287474915956,0.010455702638295185,2.1113803561081195,2.1263355898567844,0.02913084749912079,9.474446329465964,0.46342300138664877,0.16903529774206483,0.1334135183490215,0.35216716445313434,0.9732137410973489,-10.920710330098421,47.13793648190034,-0.034901741492300686,-0.008124637956611445,0.7214303026607465,-0.6924381305108213,0.0013206345355463237
7220,2800,OK,1559,1559,,39.497364,0.005713156423626908,0.16236773730361914,1.4305021539805374,1.4396986958445073,0.008808486663672748,15.28723484423097,0.34213746013233737,0.13570087787103402,0.0449374011579029,0.26426769105295467,1.0552382837946215,-10.840179701662722,43.61571339789671,-0.29278799398782973,-0.013986828103675433,0.7241930655086283,-0.6894027400602458,-0.008522588001255828
7240,2820,OK,1508,1508,,36.028683,0.359469261842545,0.058790292728485655,3.033260362260055,3.0550520247594357,0.030844653058453707,12.144967952010857,0.8589414293743824,0.19604580894181378,0.0821634117245047,0.7662697095083537,0.9886887291700234,-11.569661654839358,35.02626091971581,-0.5213817551279011,-0.020581632215015,0.7239143200456524,-0.6895828101605337,-3.974050650539627e-05
7240,2830,OK,1361,1361,,34.78924,0.04899326034504792,0.04351494959977187,2.10629268493312,2.1073117389225255,0.008553681134949741,13.981688985802634,0.6455892096084083,0.16440634576608548,0.07122052685468483,0.5736313052207453,1.005585130118233,-10.907084871740796,35.950210821478976,-0.4730664354526123,-0.013927901588684424,0.7237304202067161,-0.6898196242998791,-0.013006858018738
7340,2830,OK,694,694,,40.780342,0.2884001336685995,0.31497740338464186,0.32963942408554026,0.5394882312473962,0.00910140429900532,10.607286484916107,0.3241421865795292,0.11319094540812197,0.05653137008785514,0.2766293417619403,1.040201874442845,-10.924774101260388,13.160253297594018,-0.48097523684397303,0.03069204757635663,-0.6980567346085643,0.7151490532094673,-0.01834734795009098
7340,2820,OK,648,648,,42.74735,0.20385870654103394,0.12688556159222258,1.869838467400923,1.885193415049339,0.006879798673023275,12.43733108383182,0.4790396506568928,0.08908647048760487,0.03950746799787108,0.4462639345963155,1.0309718751220347,-10.952515485175635,11.613190321347696,-0.5877785819818508,0.030924243127898435,-0.6966475971701551,0.7165675268046748,-0.01602485797277545
7340,2810,OK,632,632,,44.791702,0.34327462377699847,0.05346262368182164,0.6521668749201908,0.738929869611015,0.003851824594040501,14.285814604893567,0.2787967081735524,0.08304950330919225,0.05441337145698655,0.2384406865859816,1.0344937310219093,-10.840251550102572,12.837995761821535,-0.6968975302304935,0.032076764260718135,-0.6964227646216874,0.716687872919249,-0.01802517466573274
7360,2860,OK,685,685,,36.049084,0.1624876920545798,0.2631237793316357,0.416403528434083,0.5186793535618528,0.01587140104010742,9.695076028342374,0.829719327361972,0.13710898715103603,0.11526878985132649,0.7817104148805551,1.0346258829069028,-10.808725307827387,8.262216515402642,-0.369136725671698,0.029219461200883937,-0.699987248962442,0.7130862431802825,-0.025924586094157858
7360,2830,OK,541,541,,40.66934,0.2843750011202713,0.3694824175720808,0.2016585897762031,0.50798876462732,0.012039277043973392,15.424326722584,0.32315649345651354,0.135530243710703,0.054126024498857506,0.27056376792072445,1.0205098146767029,-10.76744199821514,8.481196890893381,-0.3487163041655539,0.029505440887732718,-0.7015020214391374,0.7117084783986842,-0.022257238154233895
7360,2840,OK,539,539,,41.061752,0.38982618074817244,0.3317861177256589,0.33033490625522965,0.6092352824671459,0.024873182595086512,13.55817427432549,0.3654160426116725,0.10895209136502215,0.05465605856553335,0.3275127456067044,1.0257914833006554,-10.641399174480874,8.360815470097933,-0.35063260364128407,0.024757596800869964,-0.7011035457878232,0.712097249126118,-0.02753883206315752
7360,2820,OK,516,516,,44.813576,0.11709410217726779,0.48293234686118836,1.6590432194480158,1.7318657812907998,0.013039726958650204,17.253757584726618,0.45111137121277256,0.09573106933228664,0.03730758023435854,0.42895635109673425,1.0275758754782773,-10.856995804260704,7.01492242248565,-0.30324676078898527,0.030016380100821576,-0.7029925085464581,0.710259169395575,-0.020795724144855584
7360,2800,OK,462,462,,54.829487,0.6166158035354259,0.28490207100723014,0.8046305505494011,1.0530026410751685,0.011297077127806254,21.086237746672055,0.3584884452316527,0.12579058766034312,0.09743572110750343,0.2739908378450977,1.0989811235751277,-10.507073456714425,9.51071018105727,-0.46290811012128763,0.029861667221700437,-0.7010627737655204,0.7121147457836939,-0.0226242548686157
7380,2880,OK,695,695,,33.464928,0.00691592744822267,0.1439406947717732,0.8924316461034287,0.9039917016381983,0.008543883811142003,9.651942348421725,1.3817857130750382,0.20629871762933805,0.17138701658397326,1.336424804751286,1.0651882658086622,-10.7803662215256,3.6365518805197414,-0.44112393455594845,0.030071534346414495,-0.7033584627977246,0.7100179176655805,-0.016035343049254473
7380,2870,OK,586,586,,37.493164,0.06184591062293476,0.1888409768209744,1.8544374660805616,1.865053389796328,0.017009729590541974,11.783106102716186,1.5582280888869198,0.16737791907301297,0.14818681495378505,1.4889021205192652,1.0432466598231527,-10.800244054513588,2.6704915777143867,-0.39102868029493043,0.026466368301197404,-0.7035641631768885,0.7098917053383212,-0.018728756872794197
7380,2860,OK,506,506,,39.062096,0.26826574026839,0.3008625311990735,2.025316925211211,2.065040778684105,0.01376770133096741,13.8326691571313,1.1924211161245313,0.056036301637731434,0.07736399552549766,1.127483443893416,1.0307375227307676,-10.973252116246295,2.488401626338499,-0.2918508445953649,0.02808574896539776,-0.7037040925891866,0.7097134674036876,-0.017847547846048403
7380,2840,OK,501,501,,43.38848,0.34171751360180175,0.4530302640276031,0.25287506234485946,0.6212512184157338,0.011281069620496324,17.699740903911195,0.7654382131306214,0.10183705666016785,0.05344617788231232,0.7215469825995102,1.0230912160506562,-11.16798571198489,4.754220135524314,-0.295563890085396,0.03145440645794329,-0.7061779960198388,0.7071777405016111,-0.014929889176375876
7380,2850,OK,496,496,,42.689575,0.12706008077252973,0.4086763655252962,0.6086938752949447,0.7440892887862752,0.013038912191793107,15.820015575008979,1.4055281579432986,0.062307270400025816,0.09802246053418906,1.3347402288829748,1.0544149583707576,-10.975443103584087,3.905371781571098,-0.30965111929103056,0.028243862269074983,-0.7059662222025985,0.7075197692181221,-0.015157622460405034
7380,2830,OK,467,467,,47.207764,0.5145865859935038,0.5927075492334305,0.8847859422292252,1.1827712192005717,0.012744145797466074,19.566176168180792,0.4119713984095924,0.19255315860166322,0.08952634001800841,0.22254856161268766,1.0042068317629298,-11.226415980932972,3.607253261054307,-0.20982207143790121,-0.03372435668323358,0.7068395088558918,-0.7064382357989173,0.013623343494781056
7380,2820,OK,394,394,,48.954994,0.4720598361713042,0.6095910228990983,0.4012153483934462,0.86914639728398,0.015603452490044327,21.39546250699434,0.6647270853150261,0.10995078500931543,0.049774831542152675,0.6131429163478006,1.0247560353518175,-11.264188269680975,4.090456335671448,-0.28148829496967853,-0.031124022791417832,0.7079354850089674,-0.7054416315677733,0.014517187103407984
7380,2800,OK,360,360,,62.792747,0.13240047317856063,0.33974374441834954,0.11906745267412333,0.3835788777495604,0.006298678342176752,25.22702869318067,0.3208382799147207,0.07537636008539206,0.0700953009872074,0.2791941868813659,1.10104988079008,-10.763928709200513,4.651100000154308,-0.37200613366060675,0.030261882138461215,-0.7044656678330304,0.7089677150750948,-0.013308655649597639
9400,4680,OK,552,552,,14.903154,0.8576682093017429,0.41603455475027595,1.9424187872376661,2.163716768203954,0.029434559722537643,6.2102945288983475,1.3757237149931683,0.2222492773794822,0.1065442118704858,1.286277976309023,1.1621015328484439,76.31020754265202,112.33181710581886,0.18975003186304734,0.6470205300697657,-0.29789025895485005,0.30210477556859267,-0.6335286353959875
9400,4670,OK,437,437,,21.389389,1.1645517304866067,0.36657866382126375,2.345837214382886,2.6445250776145026,0.04057549617950085,4.412983261544027,2.143891052988105,0.21668707823898037,0.10733465751139781,1.9652642444108945,1.180955342237373,76.80116504777492,112.31734337955078,0.23937386944948824,0.6429745036724616,-0.30033190258003667,0.305146210399528,-0.635035688917256
9400,4690,OK,576,576,,15.894503,0.41034300950572344,0.300443726259113,0.7858000033211496,0.9360178755334717,0.02142569155841852,8.167650785957134,1.4509571895109983,0.2313398090481611,0.11715070354550344,1.371762124316489,1.2368806269621984,75.1787662225967,111.8370711837708,0.23969829455656114,0.6478450884974792,-0.2893812592425427,0.2967650536064586,-0.6391288845505648
9400,4700,OK,504,504,,14.557175,0.02223334026890189,0.19962106475174066,0.13907142053725607,0.24430258067073654,0.02587373491585807,10.323173962752943,1.1299399983766965,0.22854070299910756,0.11335930578698905,1.0787288336442309,1.2662303703429933,74.24647181299139,111.33875235906356,0.4086556698140069,0.6508545955127887,-0.28665282334326064,0.2851384245441541,-0.6425842615701847
9400,4710,OK,345,345,,15.256775,0.10493878493754139,0.1533005369614508,0.15336139465746612,0.24090022953106494,0.03673828822475901,12.648427508946911,1.0462270360838406,0.2161963001265894,0.10099155359467549,0.9925102238985168,1.279832510059733,74.5343867129737,111.48171449336105,0.5677770507660416,0.6467113321070035,-0.2952695140050621,0.28071129845339443,-0.6448112390027091
9400,4660,FAILED,119,119,,,,,,,,,,,,,,,,,,,,
9400,4730,FAILED,142,142,,,,,,,,,,,,,,,,,,,,
9400,4720,FAILED,145,145,,,,,,,,,,,,,,,,,,,,
9400,4740,FAILED,105,105,,,,,,,,,,,,,,,,,,,,
9400,4650,FAILED,79,79,,,,,,,,,,,,,,,,,,,,
9420,4690,OK,1274,1274,,20.774147,0.8651033091692814,0.32141972495395466,2.6395896464320563,2.796273927331946,0.020472079749737575,4.319035723993345,2.1563719295772774,0.23673661928501533,0.08027331491753786,1.948513535558888,1.1402054322521598,80.80202563522437,113.28129232713894,0.2759257305647734,0.5876387211672772,-0.38997863719178694,0.41157532514451206,-0.577237514071212
9420,4700,OK,1354,1354,,19.780025,1.0283473238438083,0.2149036139745963,2.5284997656213446,2.7380637038796705,0.023468049089200138,6.525338308556419,1.9369993287790088,0.23639867832053474,0.0953234977172438,1.7968471456119612,1.1785120737323058,80.76700698599515,113.01995405488529,0.39613757540121985,0.5939074026924788,-0.385771520989007,0.40477621272000175,-0.578455312221224
9420,4710,OK,1400,1400,,18.194412,1.06146321570949,0.27345315003541015,2.9510968470905024,3.1480872580784864,0.016736355976883797,8.886829793072886,1.7653048929149768,0.3113255030181321,0.12412942176351871,1.5379956196670772,1.1343056152919775,81.16776367951637,113.13941609464689,0.33224376704783815,0.593356410445439,-0.3871889176259541,0.4072370641546786,-0.5763426809022771
9420,4660,OK,540,540,,36.469467,2.029449538340803,0.2611387147223367,4.0519774862098386,4.539314970978544,0.015347353740569853,1.9758837454988378,2.4556854879185614,0.20270889304619488,0.11182811131181647,2.2918150383988714,1.158878280723267,82.51273770527405,112.60817430907689,0.41527364962131774,0.5910376316466783,-0.3931083674512857,0.41699734135813377,-0.567673803092514
9420,4720,OK,1258,1258,,18.627941,1.3209715355400657,0.2814984377842467,3.960749655852542,4.184703693753965,0.01044559823133522,11.415014200906487,1.7025494871338767,0.42622100050704237,0.13954049682509767,1.533127147116776,1.124460547909099,82.19922857623952,113.28050909939233,0.3311142706764163,0.5933689781523601,-0.38847967031445585,0.4092202767022004,-0.5740518849847723
9420,4730,OK,1148,1148,,19.106947,0.9170303042797681,0.2794785395564905,2.5289358357347425,2.704546042185907,0.022342255568181656,13.977180544659383,1.9915590266047338,0.2214251807951022,0.11416814467715936,1.8704124270176061,1.2482284303891977,80.7231346876466,113.02977314745411,0.34386048675447667,0.5928008611660863,-0.38868990815895027,0.4044364291299456,-0.5778740944952904
9420,4740,OK,1034,1034,,19.981018,1.0222889252528846,0.21201177003193358,2.643933281807474,2.8426056420080523,0.02201992852975188,16.594252917458167,2.0095366918619826,0.19757969055732072,0.11987603291556498,1.8875756535112158,1.318982544681161,80.87315103358074,112.8599164735298,0.47508019821336733,0.5973670613681606,-0.3861765734747944,0.40344248337373834,-0.5755470534203663
9420,4750,OK,920,920,,22.548931,0.5873028863168184,0.18601832847906247,1.7827226690715072,1.8861674405067141,0.017024377310796895,19.347548977038404,2.034199240814115,0.16342224809675354,0.12572808870784158,1.9775169902407868,1.3462435679214657,79.9073917881874,112.96994717880752,0.475414496678228,0.5962188855418429,-0.38697221435488843,0.4055274662395721,-0.5747373486783592
9440,4660,OK,673,673,,52.09831,0.828942263611635,0.26796378273002536,3.2836966239007257,3.3972950097207617,0.014490051037767996,5.721245660300711,2.3508696520460655,0.3307683019771087,0.16271635351984948,2.2108828271604484,1.1426445996670413,85.43666221126638,113.35068266523999,0.25083298015203376,0.5468623245410215,-0.4563001785193159,0.46845171524174484,-0.5227664254405577
9440,4750,OK,1276,1276,,23.727192,0.07542728883448246,0.2053645850311862,1.1582564784696068,1.178737442606608,0.018207273273492332,15.335330141306978,1.4607135543987477,0.22764527948347935,0.13506293823636106,1.4026602126744399,1.2396955687342215,83.21922923013206,113.52698917330649,0.2661847753271157,0.5524703202114822,-0.4554275025421641,0.46277677902895975,-0.5226853623406826
9440,4730,OK,1621,1621,,18.949358,0.11957859788015934,0.1256605123686646,1.4182038631734741,1.4287728311246357,0.016436604219909844,9.959418310524633,1.4950186562962091,0.22163101408587993,0.10959974276714296,1.421386590957626,1.1845177057005143,83.48525344978266,113.6173692034459,0.3566051361105419,0.5546615718529017,-0.45458941969452143,0.46366886447686406,-0.5202981686746572
9440,4740,OK,1373,1373,,19.40919,0.15094386414792016,0.13083286879738432,0.29211222009269555,0.3538796953897507,0.014750851197425297,12.57931486761252,1.3875892554891083,0.2910418749326271,0.15823319130449598,1.3021775304803365,1.2365916056109574,82.33085029105193,113.70179654610502,0.3863460901707455,0.5559466122662219,-0.4538649068044378,0.46584725331169796,-0.5176063632366367
9460,4740,OK,1570,1570,,18.38099,0.1854328212328662,0.11760456938747431,0.16649991071745696,0.27556920401255747,0.0070934355248530355,8.25185592679271,0.8032031061738849,0.22835449494354954,0.1562665105206249,0.7220705390782811,1.2072257609180828,86.58840806014527,113.86168035921689,0.3073042910871424,0.520951238375908,-0.4807173749388862,0.49862391114490523,-0.49889358374410064
9460,4750,OK,1605,1605,,18.262058,0.019299445267509374,0.17884061139344537,0.3658645997165362,0.40769270069128805,0.015564042994451441,11.00815514254283,0.8043103913905476,0.20673499006292317,0.13106650810905673,0.7383261100087841,1.1844275420874366,86.79330397833365,113.59185254552074,0.25996196524501014,0.522973535526959,-0.4789625994894892,0.49596944910286944,-0.5011065904428915
9460,4660,OK,547,547,,56.774185,0.25126923905151344,0.3447383014652736,2.6705781205335413,2.704434917845713,0.02048299627799726,10.037404135643776,1.8951193358826375,0.41562585385859707,0.20684563361282216,1.8006418892307465,1.150897307844202,89.12040660455428,113.73619564434725,0.27100430383113344,0.5205820103235268,-0.47402302938429164,0.501227177556851,-0.5030585001958
9480,4690,OK,687,687,,51.95347,0.08808638329179336,0.15918367830276148,0.6203278420623395,0.646455942812149,0.019220970312178082,9.146677333432732,1.356186713136033,0.31465432633117274,0.21370542732516506,1.2622794400930886,1.1494916158504493,92.13572933190267,113.79274212925347,0.2649332882021735,0.5119167587835884,-0.4891402909064135,0.5042194612327844,-0.49441454550065106
9480,4770,OK,1532,1532,,18.701641,0.15399828836505497,0.1665513001923597,0.16436813071277534,0.2801279900494489,0.004071910123005832,11.74358966224836,0.7270020034231601,0.22292269089625033,0.16419946975339594,0.6367418380146144,1.2248172835667157,91.34651444594878,113.74560985774957,0.19409930786495933,0.5175119648160517,-0.4887895433503703,0.5056776379325312,-0.48739745083303626
9480,4680,OK,592,592,,55.894035,0.1141551535917347,0.1867462190952334,0.8309036619556132,0.8592476039472937,0.019262578648042504,11.219419045348843,1.3331285428746378,0.2643436967582934,0.18240794554658252,1.2418190682992805,1.1148493318722406,90.68545071135028,113.65575653847884,0.14823497481863357,0.5169253904256046,-0.4897064899166578,0.5000344029249416,-0.49289074890724
9500,4710,OK,682,682,,53.020523,0.1385012834087487,0.057595564767344766,0.8132785410466461,0.8269956710368569,0.01214921210253276,10.017096079829253,0.8716733076603355,0.21674775208485952,0.1448009292944381,0.7779202187071803,1.1489482306770313,97.7941096592096,113.4009461539112,0.27890992267895326,0.5149438781932065,-0.492442404333882,0.5057217369128431,-0.48639367341595074
9500,4790,OK,1459,1459,,35.33661,0.10953675172346561,0.1810652094194412,0.653760846819722,0.6871580275851212,0.013691031453063685,12.120740870908621,1.0111166343260223,0.32573718421662523,0.20350262784109718,0.9202735226289529,1.169158025033683,96.31668413971113,113.42048984440137,0.06993419200243604,0.5137166014753316,-0.4919851858971174,0.5059671620937625,-0.48789656804408704
9500,4800,OK,1421,1421,,33.56242,0.04013206423054794,0.25857453842262157,0.7005719001753832,0.7478451456118597,0.022112814125107474,14.933178995604514,0.9446156929130468,0.2572093863528051,0.1651157050537264,0.8613464354504856,1.2123129132386283,97.66640656088606,113.19088392220577,-0.028822686274492283,0.5125138795624027,-0.49268808105321565,0.5033776613992903,-0.4911200546181925
9520,4730,OK,681,681,,50.828285,0.2664471236212075,0.04937686580314007,0.4500147453837098,0.5253050691030132,0.02427601017472698,10.421566316840522,0.856460525536881,0.19651834297106585,0.14109015916644047,0.769141424937481,1.2785327442949677,102.93825616235432,113.19816840271895,0.17389315412863898,0.5168050272983497,-0.48882167760693335,0.4983700071198878,-0.49557367491021787
9520,4810,OK,1618,1618,,31.266565,0.1251894412519543,0.1840789779334911,0.29105089513732096,0.36642610425330097,0.009191311231611177,12.097017032237037,1.101889618828917,0.2168857326275817,0.19756361499727493,1.0171526893203353,1.2422723008446441,102.76124577232042,113.36617077225594,0.021387664107512284,0.5168470011909381,-0.48861594379601875,0.5039152585372425,-0.490094938804314
9520,4820,OK,1569,1569,,29.23223,0.07414005194292961,0.23869786648444796,0.2972168896405343,0.38834430374851797,0.014471839441524,14.477179904362519,1.1072770540387147,0.22356565104750992,0.2023506584335646,1.0071355555150916,1.2955377601689804,102.76423041715798,113.25452389403324,-0.05423106321595478,0.5158954305834106,-0.4882722422997178,0.5025510497710246,-0.4928332014757166
9540,4750,OK,677,677,,48.117676,0.041873386182916805,0.38309955870457635,1.684685944847324,1.7282029351659443,0.021238429479982418,10.405968335444356,0.7580199356215256,0.21170201578839887,0.17995343330262148,0.6617228504366217,1.2219455284597809,106.16285344605208,113.24663289543992,0.4473634839369042,0.5171589066514705,-0.48666767804558464,0.499127665529339,-0.49656098308264923
9540,4830,OK,1460,1460,,26.24355,0.21140584549245434,0.24892403259141793,0.8863861114249456,0.9446353497710049,0.015814639924711434,11.42431861657634,0.9004101720499982,0.2688435221821046,0.2599808267113326,0.7907006387520465,1.2088409398385596,106.94120720056011,113.30144937531772,-0.10329956117435221,0.5167700140311695,-0.4840559136734734,0.501905205072799,-0.4967190253622215
9540,4740,OK,514,514,,50.03424,0.09368030397728755,0.23868461732003815,3.350496325376648,3.360293435439963,0.020541306568374263,13.162180150026892,0.8712032478504943,0.2365945364807187,0.212262548241271,0.7596772742396114,1.2697690302215556,104.49253897544358,113.34816607431772,0.31862766292145167,0.5161427455000581,-0.48636463854414963,0.4999307875812155,-0.49710694248813947
9560,4760,OK,603,603,,46.66574,0.29635453862356037,0.011131548393057134,0.46139803993849604,0.5484870784179845,0.0243842369181361,12.403676540304275,0.8423680572503469,0.180382192178425,0.1504170701882862,0.7751020770174861,1.152506745899103,112.27357186599448,112.97852267404815,0.13337378104665204,0.5088584304282417,-0.4912383650298169,0.5058468642959368,-0.493828833085824
9560,4850,OK,1451,1451,,24.75645,0.7878718833434284,0.20560169054081484,6.485772184334919,6.5366853210789415,0.028085446654670932,10.586525121873938,1.7431198567612052,0.4557911933996084,0.2932353651986519,1.1486763288779933,1.0430404054829878,119.20359860272545,113.70018546703152,-0.13859449189511136,0.5106978425417469,-0.48497872506403633,0.5076305867786935,-0.49628070406291847
9580,4770,OK,641,641,,42.752735,0.10976335472221806,0.9317042400547684,1.7096237763387272,1.9501113408209798,0.02907451923339919,13.535432060803968,1.294876801454464,0.28002165587625516,0.22770543867790316,1.2251929037142895,1.3091786414082058,115.09971179684597,112.79168471708462,0.7874979903102166,0.49146831483187503,-0.5084152118981333,0.5169067595170203,-0.4824730767540365
9580,4860,OK,1153,1153,,21.881409,1.8338223019986901,0.575920900387314,7.010552733800886,7.269280483804005,0.054480379452649726,8.374191164063168,1.9718944657289694,0.45488295480955765,0.2807823739078086,1.5594388388107383,1.1149846153327905,123.91497503772823,114.09113186824386,-0.31182430362225955,0.4931648192352277,-0.48688420612841876,0.5163853313391294,-0.5030690016977414
11000,460,OK,793,793,,56.149517,1.5775179969176545,0.2760576560837143,3.9431084065233826,4.255922316687288,0.0043986835534437566,30.42973700082211,1.4013775707717957,0.4267707422436853,0.2796500215835971,1.283062676923476,1.1680183034727596,89.84107868770622,1.522559889452074,-0.7303731358875463,0.5036348429667816,0.5033798101725516,-0.49061129358198075,-0.502256179922444
11000,450,OK,791,791,,45.79469,1.3853590887809712,0.24558494007459536,3.897837794850272,4.143992186602517,0.006799427596835975,28.518023748503655,1.2207371981878703,0.3509301464601333,0.23934858178812973,1.1133320878626956,1.1515387007690265,89.91153180092402,2.01475023570066,-0.8039427757168496,0.49958202902457366,0.5065965903621236,-0.4921823321203908,-0.5015318961518739
11000,470,OK,765,765,,73.00927,0.031998937384686954,0.23156897024373566,0.5941069229056168,0.6384443247597035,0.002674576428601558,32.556377442436144,1.4844715419168069,0.43814979804232035,0.30524503350785137,1.3682202124429086,1.1682264282720562,85.34725725435175,3.1847036994543885,-0.698937953253151,0.5027473037327571,0.5053907146125085,-0.48977762712626005,-0.5019394885237372
11000,490,OK,689,689,,75.1341,1.2063978883678814,0.4243127416220852,4.013763374120806,4.212568526587428,0.004473760805090853,37.53058969825684,1.6962340794835633,0.5270131523646209,0.4400251362254286,1.520483026591931,1.2215716367302565,89.92135906146586,1.8702233507765147,-0.8133178314904268,0.5040489204856408,0.5037397154851203,-0.49031706116135493,-0.5017670418972556
11000,430,OK,834,834,,24.278774,2.5626143607893415,0.1734024476642781,5.7709889171045425,6.316753426588946,0.020827545116290116,25.20438352829631,1.3779807854374553,0.37036872185887515,0.3371436632654692,1.2423255243677516,1.4534167575859556,91.96442056999668,1.2403416513346865,-0.7245420613665061,0.49577230190114563,0.510274516027006,-0.4958559360107875,-0.49795244118681664
11000,440,OK,943,943,,27.472942,1.610451710635603,0.2223868336417476,4.017253353662834,4.333743776872558,0.01886934443200012,26.816102327485208,0.8543633955924622,0.2572244022354996,0.19362993730598022,0.7686442520546328,1.1774863410812009,90.110978757636,1.975867370130489,-0.9956865497935374,0.49450049739098134,0.509898314228121,-0.4922000347554322,-0.5032018412269011
11000,480,OK,727,727,,75.513725,1.6185745041142763,0.2254028520956634,4.330991811929799,4.629047412384604,0.020946108497543556,34.92316744972337,1.5298414192240237,0.49998515742793004,0.36239535979649085,1.3863354121968747,1.1833223847125542,90.17378821069352,1.2930236553235694,-0.3685875464978686,0.5097271228900975,0.49873057045529456,-0.49305471673326295,-0.4983403702195936
11000,500,OK,741,741,,71.435814,2.3079447223757654,0.36587721038166743,7.997952392166624,8.332329652743143,0.015556956216693528,40.387744487841914,0.9560860893011984,0.3689187182686551,0.348008688061598,0.7812180977010534,1.1711416129311505,93.80177211172575,0.3796058543319809,-0.41622799182308046,0.5087556616143666,0.5010522566162613,-0.4894809194164974,-0.5005224694679159
11000,510,OK,675,675,,66.681305,2.416560716276283,0.7804025272361383,8.370859213159875,8.747575536484945,0.016155385514409683,43.462235882155774,0.8751855960886943,0.43674121449529646,0.3715527907951087,0.6203647752187624,1.17275641287813,94.13113377833903,0.03642150926587995,-1.2846395095050414,0.506627117007027,0.4989942919216414,-0.48958911010181644,-0.5046148672130851
11000,520,OK,686,686,,64.15396,2.5185079927654854,0.6032103634738818,8.802402527952587,9.175458327317063,0.017402378020181127,46.696989314463956,1.4473077702423256,0.5882988865798229,0.4805337663502596,1.1609283893263198,1.237830907566157,94.53558847050994,-0.22202058947545034,-1.0512527238280422,0.5072486673238842,0.4990114202849984,-0.4886662835722511,-0.5048679582058823
11020,450,OK,890,890,,45.909653,0.3504356756198739,0.22738875061565503,0.8638293272498778,0.95953734334349,0.006653674531891439,25.167740006889826,1.243445840693647,0.3302074108798506,0.21667083200399384,1.1594571184558564,1.1394887797391706,83.29001411145121,3.155836878778615,-0.8208195324100913,0.4983150909221059,0.5065299646817153,-0.4942123209249989,-0.500862902284407
11020,440,OK,1030,1030,,23.801113,1.5512321487506568,0.16290404645569556,3.301148304413239,3.651087377124741,0.014857562609177718,23.503853111270434,0.8516060926551121,0.23743154028441538,0.1683591854137909,0.7751900219720769,1.2145217307177376,85.77941720340093,2.054384147870561,-0.9148740658711687,0.49382773313384964,0.5104553531376709,-0.4923485189382839,-0.5031525000834811
11020,470,OK,682,682,,77.78186,0.9994668918956471,0.17275580129474685,1.5229238646985515,1.82977477645335,0.00941304231784801,29.133185547116526,1.4696298601165394,0.4266690085590321,0.28422936617103245,1.3474546907011273,1.157948712668368,83.80022394371503,2.150846564631644,-0.5960101467377149,0.5036498170493104,0.5040174099992488,-0.49013976137510495,-0.5020620743722838
11020,460,OK,814,814,,57.1606,0.20516203359079022,0.296860900302164,0.26772297021193836,0.44932554226798893,0.00817839618511671,27.041620430705127,1.373102387805508,0.41547094034555954,0.2848229457284859,1.2505028327300622,1.157734794808147,82.17619389956381,3.767421546979101,-0.911053882464059,0.49766682667925305,0.5070559256712969,-0.49460773101773003,-0.5005848682112949
11020,480,OK,737,737,,74.65101,0.28631940912967835,0.22479270406217425,0.12512139276235246,0.3849232738751234,0.009026576575871595,31.469012217698733,1.6369338297122866,0.5164861334284552,0.35897484204542596,1.4925813480953818,1.1735463446450427,82.41520731832794,2.8662641774488744,-0.7069015922783868,0.5031844325454778,0.5036445758911906,-0.49060840806810924,-0.5024449800248222
11020,430,OK,761,761,,31.583586,2.6090217235519226,0.08105518744346318,5.225865441423643,5.841509557404085,0.016411093305469485,21.92080859830395,1.680239848748865,0.3769132201642277,0.32004784993090674,1.5752895411772454,1.464005162382897,87.78844565841716,1.1541314565071819,-0.5764756162929239,0.4964566930343435,0.5096141924817613,-0.49654454894054834,-0.4972601307967424
11020,490,OK,712,712,,74.71523,1.1588738116505581,0.385333175036622,3.0390970258604284,3.2752985970300474,0.007215047746284877,34.051240138543825,1.6560489974721162,0.4422696316247714,0.37807058270965066,1.5228836381829645,1.206929294013565,85.37798706698847,2.1188600704401424,-0.8278787076501527,0.5023550604413194,0.5042983256068264,-0.49247744328705984,-0.5007879390446522
11020,500,OK,682,682,,72.01161,0.6836542696337311,0.3227161131840032,0.01998947635235737,0.7562594986258765,0.014085370395912128,36.88745883255433,1.07395280527677,0.38646960313353773,0.3576386795613149,0.9160217393519474,1.1609785431184618,82.24141229771338,2.2031364362192587,-0.8431773379458095,-0.5037441311259893,-0.5032694949616555,0.487780329556021,0.5050069463832968
11020,310,OK,371,371,,9.559833,0.6095211211860856,0.0642107493562028,2.135377344516005,2.2215929917464754,0.020997289211489873,19.606811949528254,1.3686410004153204,0.37529922230775936,0.23036727778084587,1.2713207962015476,1.1317055487055971,84.49185889588213,4.064627734162478,-0.7396225670863854,0.5029204273258144,0.501454987141073,-0.49865966231309217,-0.4969431364165916
11020,1060,OK,339,339,,9.452829,0.46690217650690524,0.09691341189113378,2.8990692830759706,2.9380252823803077,0.018868458285562925,19.244167137872562,1.2658943565364074,0.4239840892410175,0.25885316720448626,1.1157553430731975,1.1374661860404476,85.22990186715055,4.084853076196363,-0.4714510243550358,0.5022618961142647,0.5080419195379052,-0.4957648369282074,-0.49380524720732993
11040,460,OK,794,794,,67.26082,0.995610523091468,0.1927025272887319,1.9538036049556347,2.201300321276396,0.004658016794262992,24.525766456800415,1.081063498253298,0.31697073545140064,0.20979020467431342,0.9885623383698103,1.1288987948010911,81.56273944744107,2.370660099358197,-0.8057448809552012,-0.4990437846496026,-0.5047747595122997,0.4887474433842749,0.5072313867922963
11040,440,OK,896,896,,34.86529,1.1865482253132758,0.14523110378820353,2.044435262137892,2.3682703193627317,0.020765070474113613,21.06732765879458,0.9964973452995171,0.224697384965721,0.17208769059240026,0.9377845992064842,1.2448091677208588,81.76630116889038,2.402065453904031,-1.007555512601457,0.49145332660049584,0.5110060151259654,-0.48742168404449504,-0.5096730149827596
11040,480,OK,680,680,,77.46689,0.24858646558570108,0.29982776838370656,0.05399599726092319,0.3932015886114223,0.0033671895087981486,28.88737675962084,1.2757655546554536,0.3887012593180772,0.29875410677834413,1.167135140938666,1.1517795859042153,79.58088846826962,3.1633850665090097,-0.8272327435398128,-0.5000334615130512,-0.5046954331471052,0.4895593881174171,0.505549861669284
11040,450,OK,907,907,,47.079514,1.2705085287672944,0.13375410108269983,2.8743095752054515,3.1454312288372512,0.0034829535458175552,22.690874486365693,0.964820999393815,0.2950474030616038,0.20673262861399455,0.8827225770736296,1.1279663818905092,82.56316356205808,2.2595105210003137,-0.7447223325528158,0.49734047274861914,0.5062328194949097,-0.49095553023656974,-0.5053152025840333
11040,490,OK,660,660,,75.988556,1.7179885133291855,0.2734460787131504,3.8659183202133782,4.239290241120092,0.012310187118105208,31.445194746796194,1.387748171668706,0.38133002435792207,0.33748185957984544,1.267069040906268,1.1954791534063127,83.39365169503934,1.3822730979892643,-0.7111842358398563,-0.5033452774873893,-0.5017880126200882,0.488612381587808,0.5060733766767577
11040,470,OK,705,705,,77.35318,0.5134724512548754,0.21054397703447858,0.5819991790852335,0.8041801843611114,0.008780976828095024,26.582047270788685,1.178320748104721,0.3361724412802014,0.24731044541492642,1.0742811958052503,1.1411302623406978,80.27988789853968,3.0584203488871253,-0.6652114958192304,0.5001006943594748,0.5048197776696686,-0.4926903647705647,-0.5023071690081333
11040,430,OK,686,686,,35.492386,2.3059855151793087,0.10507592658781945,4.189504061863037,4.78336225169409,0.013061770896353164,19.51707430600278,1.8053257603022277,0.34870692552427596,0.2703736221423623,1.7188766734163923,1.447887398791991,83.95846252348079,1.3585463028225515,-0.3203892657517214,0.49863058933739335,0.5073206108563041,-0.49361034526583103,-0.5003420432304058
11040,500,OK,764,764,,70.81215,2.1265523330619747,0.35238297310666256,6.588906030089298,6.932537865625685,0.015996138473504787,34.2614943788253,0.8976928611826694,0.3194937881184643,0.31118441342463043,0.7481201905987751,1.152941376109646,86.20119408345398,1.1922457914081797,-0.5917249536299922,0.5041300005823127,0.5018514205555558,-0.49242038381641295,-0.5015179556121041
11040,510,OK,750,750,,67.96414,2.470231793718277,0.5032942711203601,7.150181375676979,7.581585846187929,0.019637863194599814,37.30360750587263,0.8996486784131263,0.4137389463095156,0.36902828201000704,0.6851145347682852,1.1718117057687032,86.59749539683985,0.26583690467301757,-0.9618317053673833,-0.5053711815498196,-0.4984287630398615,0.4891715566107344,0.506833232174572
11040,310,OK,340,340,,8.086475,0.5899065358522178,0.08648435636196994,1.530544500125746,1.642569855988377,0.019187905180339287,16.984888747538875,1.1050362459500418,0.39848476757669005,0.23963658901054186,0.9344769059923097,1.1480554170257615,81.22075901535406,3.9545023211017725,-0.6141467866445145,0.5057363468778054,0.5008624077567415,-0.4919810387187393,-0.5013205097380737
11060,460,OK,830,830,,54.976196,1.3042027000638772,0.05406111850115458,2.929117843879954,3.2068050503146357,0.010290854533259945,22.554486991771018,1.2486934756587498,0.36799005371944005,0.27168067714807,1.1391929838936306,1.154551642996439,80.42519494718974,2.2660303313428933,-0.5115689339111298,-0.49345389256926775,-0.4930278159138286,0.5003316312739644,0.5129279553604105
11060,450,OK,856,856,,47.577637,0.464807384424466,0.023397005100845414,1.3234823366805806,1.4029250942116231,0.010412659478603706,20.75877460346206,1.0615379068336797,0.33050939890510855,0.2520510628705832,0.9508138873556806,1.1532370360559907,78.90539955375942,3.2614387700601277,-0.6500953251716975,-0.4894686386595731,-0.49548726951244987,0.5014464981723663,0.5132876649506709
11060,440,OK,710,710,,45.687675,1.7528814622196371,0.10220803506496434,3.4001080039416394,3.826718482132321,0.01692359655647219,19.176854588594292,0.7442137281722182,0.27170155750629854,0.19060228696189285,0.6446093017633148,1.1520178385742528,80.94396655465738,1.8868974726351855,-0.8294249671480873,-0.48514107962566233,-0.4998083275411566,0.49573673711705096,0.5187242582072854
11060,480,OK,775,775,,73.5157,0.8238985220110813,0.33102479557239195,3.027838732301287,3.155343654608742,0.006552094331718446,26.85217258165051,1.3695709441450503,0.3921769636578647,0.30261457024104427,1.2697386213042674,1.148907816853784,74.47711542253488,4.452850154143951,-0.8496554821941075,-0.48969114541722125,-0.49708884253991575,0.4956781004113023,0.5171155436601568
11060,470,OK,787,787,,69.141624,0.8270023697990023,0.022432500947169753,1.6663617717916956,1.8604294373183492,0.012098833701089273,24.576136364827303,1.377935086925159,0.4048479349796017,0.29615379914754003,1.2587200632889397,1.1585278773378724,79.172550626142,2.777480810744983,-0.49448726443487584,-0.4941886710441773,-0.4931181798000465,0.5005315031260197,0.5119377233030264
11060,500,OK,630,630,,71.01214,1.770840767151883,0.053161715725643655,6.011951448016568,6.267556414100671,0.014904701683477751,32.18495691036318,1.0123673218885667,0.32717597688773026,0.30946101709112916,0.873707452018575,1.1525715748842857,83.48439359569886,1.731099259100489,-0.4071744637216187,-0.49601246566328083,-0.49275466650595573,0.5000182353144188,0.5110246930396725
11060,430,OK,609,609,,35.315483,3.0283900259927794,0.3620664582147618,5.893611175772962,6.636029758891433,0.03585779772727788,17.66252539474894,1.0992742445856725,0.3755488356061951,0.23285394355520905,0.9408206455206924,1.319140957454061,83.67681047256025,0.9716149488559367,-0.743069508407483,-0.47847916175744304,-0.5078829471196048,0.4972978818094805,0.5155651467436523
11060,490,OK,644,644,,76.68483,2.066096288503598,0.11022696496807516,4.130718308908783,4.619928311643878,0.016406882162748705,29.38701806542916,1.6097020695772235,0.48645083964878055,0.4010403658470991,1.4465752850598115,1.1977852722952338,81.41597841630453,0.9832148365936426,-0.6966743981872092,-0.4971625199701433,-0.49050013287325656,0.4946612993551545,0.5172516286185332
11060,510,OK,692,692,,67.65104,3.1008732896825055,0.1530535228890646,8.537780065021515,9.08474154713352,0.026637198693874403,35.21292278098312,0.8309117851247498,0.4061209469231619,0.3352717676261867,0.6084326135526421,1.1495312846431787,85.68259255305296,-0.6147561730297149,-0.9133210300144256,-0.4999852045439653,-0.48602884491294573,0.4949330774496099,0.5184901214063538
11060,530,OK,721,721,,62.999535,1.2001998892557157,0.1667830772314427,5.824924570438604,5.94962541848809,0.007063802010879732,41.795040818769806,1.919363186479376,0.777224863926238,0.5344597829669864,1.6136194629907257,1.2357914349516317,83.29617013958664,2.285879524055419,-1.1594074766319997,-0.4907090225371038,-0.49313408295552225,0.4993529744124376,0.5164010441253463
11080,460,OK,770,770,,65.525894,1.0201679651088824,0.06401276398366842,1.8616575434271923,2.123819465017353,0.009054896709845722,20.32935261261736,1.3547209473860864,0.3451942785678769,0.20408684723903292,1.2771419013294136,1.1300683087898786,76.98989819180743,2.790536373213744,-0.5080004329088526,0.5205293038953906,0.49690969780493127,-0.4714291263787175,-0.5097887550891947
11080,450,OK,946,946,,36.475548,0.205993114860485,0.12792372371262592,0.3214225923585552,0.4026290170081177,0.011734001868472154,18.58544364731182,1.17183696995489,0.3333346267058488,0.2257250181088808,1.0844423629732924,1.140351384019443,75.54294306247408,3.7417761808403487,-0.803355391380556,0.5157881966804325,0.4988276431144867,-0.4712150144012987,-0.5129229267958078
11080,440,OK,825,825,,30.064127,1.8506526220140245,0.12106190049658208,3.5394100230938648,3.9958721729675664,0.024076039543577975,17.060638862681905,0.8850167089020983,0.31390325986128764,0.21617950248176787,0.7731101731913745,1.1732427682338902,78.61807043275395,1.834200186970616,-0.9862219480637078,-0.5114495131037622,-0.5017385818776194,0.4662846074114359,0.5188992733590239
11080,470,OK,752,752,,58.636826,0.0523523937875332,0.11967967447499911,0.40475947199955087,0.4253166206381805,0.016554227244471826,22.30688914210409,1.6093567830125752,0.4314844834008933,0.29264228610374876,1.5167132444649951,1.1435459049922336,74.87971627297244,4.098970531522442,-0.6396215518006116,0.5177788618720458,0.49989754760773475,-0.473261695746314,-0.5079673802849791
11080,490,OK,738,738,,73.38381,0.2259489977407947,0.3402416512215255,0.04723485267878402,0.4111550341581704,0.011723108829181378,27.054790454132174,1.5489471113753996,0.3729651215057307,0.3351093064197279,1.4320560579599295,1.1706062205205736,75.28070631177701,3.8705004230029605,-0.9651384716961634,0.5173668072916534,0.49832521037610017,-0.47241807696325183,-0.5107100272902418
11080,480,OK,752,752,,74.21826,0.6306623463806922,0.2003865943513259,0.0637508376080369,0.6647961729987991,0.006308692401282028,24.54703942779331,1.6260636386409133,0.3977585059802291,0.29075380337811546,1.540423324519935,1.142264515190297,75.19181416140685,3.2524841908977074,-0.7268198003915073,0.5209093529593359,0.49610915758918106,-0.4705899893534531,-0.5109542168100348
11080,500,OK,690,690,,71.31995,1.5238346273274148,0.3171078913102494,2.9179798555960588,3.3071491989079824,0.01065852000156234,29.831998400811663,1.0796004724005344,0.3250741696940168,0.2988572038967815,0.9604493514513859,1.135206565761317,77.90256528619835,1.9677479321887184,-0.6548163313803005,0.524275656960889,0.49364054390544737,-0.4693078215772436,-0.511081419675363
11080,510,OK,737,737,,67.04748,2.032777450666643,0.6366653701760726,5.631884692054548,6.0212666559552535,0.01569509444486584,32.84470903579845,1.1772147686160495,0.48687595706573283,0.4051518326255992,0.9576795695656912,1.1642588539652325,80.47543503731069,0.9188225737835811,-1.0771795653784197,0.5249316466514743,0.4903722953542949,-0.4678798228543751,-0.5148497350280863
11080,430,OK,624,624,,38.34436,2.5445507825310454,0.03738602527173216,4.247889349332709,4.951838075294793,0.02581673298482506,15.598880021695566,1.5461910298536012,0.3647125263175597,0.2901134467505564,1.4344300968751003,1.4154070526325093,79.36858763139892,1.2043213612213837,-0.6708690126639839,-0.5117953933557876,-0.5057457951729245,0.4661782129643892,0.5147470638692652
11080,520,OK,722,722,,64.22095,0.7454617503922849,0.5483232549012949,2.1006493601506975,2.2954518830646427,0.010558304127095089,36.03480980969677,1.5247190211135935,0.5538898126404996,0.4483246619990058,1.3030920215937982,1.1958294873146273,77.1502263669677,2.7779195299424195,-1.3584167570572814,0.5180290320713881,0.4956655389054938,-0.4670005594984988,-0.5175635930982745
11100,440,OK,1081,1081,,21.301647,0.31446985709496955,0.01497260558522906,2.253263658068004,2.2751511120603274,0.045199447683821725,14.294792026201039,1.6120777081763147,0.14335405272372248,0.07497432757226075,1.564346927889495,1.2769237591330271,70.52894107100424,5.891570846218791,-0.42495792810979893,0.5838133991932526,0.4073440695218461,-0.4001960180036929,-0.5771272573027454
11100,420,OK,1328,1328,,17.766354,1.6736746360281236,0.12131283384698482,3.634468447582643,4.003156815241397,0.04744697991544966,11.508772009587144,2.4323055942366896,0.5747477633783085,0.29858052601990676,2.318310953181811,1.4478276103481185,75.49626832211814,2.3918937966233536,-0.2755809576958565,0.5855905074244068,0.4008062569826087,-0.4034122395837662,-0.5776648396189843
11100,450,OK,838,838,,21.28426,0.39035315752392297,0.12866708482884973,3.6354517232160664,3.65861176378991,0.04118614665459143,15.780945686039686,1.6269049866141896,0.137143564010768,0.08979094668576032,1.5863471345627609,1.3072978901065058,69.22609562040311,6.39178240872507,-0.7510067637460889,-0.5763179495853055,-0.4139793948893818,0.3949272241249962,0.5835333488651149
11100,460,OK,741,741,,26.593952,0.7157327834320162,0.0605991449592011,2.2195593780222946,2.3328929478687708,0.036723214470010715,17.498173612992282,1.8900760503948293,0.207170624764191,0.17512853649225635,1.8520750163018982,1.321714013961778,70.39352631294807,5.612320027577507,-0.6013280696009456,-0.580236915391676,-0.41024624774818935,0.3956434246062926,0.581798434847576
11100,410,OK,960,960,,17.02887,0.17331335161172134,0.024560530659847896,0.03061025574038112,0.17770122472755503,0.03403904857099268,10.133744320017327,1.9929981259797915,0.18606834897744184,0.15372854993726098,1.9376983456517127,1.2703848295527345,72.36919217315285,4.849955156844179,-0.596126624834677,-0.5870794395870619,-0.39070937268381184,0.39721670636879824,0.587284263276897
11100,480,OK,525,525,,79.43687,1.2336260855098848,0.17218146388835542,12.468180341672399,12.530243445672683,0.040262677202233636,21.696926514521557,2.3541948108647675,0.2107029739576035,0.2018211165614534,2.323574230468346,1.3648702922917697,60.61893468884345,8.924610484075277,-0.9468422817442957,-0.573819974349526,-0.4110900734334014,0.39690345030684426,0.586688366764292
11100,470,OK,606,606,,49.66449,1.4561849385293628,0.16428561842227907,5.341033973343178,5.538421096668812,0.014977516617955487,19.461100684776117,2.336910484494867,0.22050448762635444,0.18236452914902768,2.289543387815714,1.3402491971604042,67.03833072404565,5.8280198537608445,-0.8002533379221497,-0.58357178695596,-0.40302227227507453,0.3898705818315608,0.5873822834760881
11100,490,OK,482,482,,76.8488,1.4259508959540212,0.0773470767220969,11.178575593310836,11.269421938294538,0.03163461149409778,24.207856724705678,2.351795624849892,0.3234308794826817,0.29829169607464623,2.2551833412136295,1.4141974479836332,61.71260908560416,8.304496382133298,-0.6432739638084739,-0.5772907107980018,-0.41000546392671666,0.39342023810115434,0.5863884983771481
11100,500,OK,469,469,,74.74951,1.5153420066626655,0.164482415519241,9.616625358851405,9.736672899644692,0.031383980955823364,26.993082762472017,1.6625749040711522,0.180735133573392,0.18780950940009244,1.6090669890924545,1.3308037631932417,63.1112707445873,7.68510311036157,-0.9540093582022741,-0.5741070232840374,-0.41157991597084587,0.38874963514355265,0.591503862845483
11120,430,OK,1396,1396,,16.29488,0.1490140213376449,0.12596780998699103,2.718820068004235,2.7258128383824682,0.05273208856549715,9.299967615272719,2.0732511536551406,0.1732357508943323,0.11531175262498544,2.006405481808142,1.2475297322711012,67.7065119154972,9.217109726967124,-0.721060083895245,0.6363846712147324,0.31570009683448824,-0.3148293107298484,-0.6294684298731592
11120,400,OK,1294,1294,,16.897385,0.6246788404517937,0.31291725191170605,2.613764863254369,2.705532779442027,0.02543555167935574,5.337269184053518,2.7993826034428295,0.14432845873334982,0.10515263518814066,2.637919457435923,1.2184883527362058,68.00804265188152,9.463252933733566,-0.9914611000292018,-0.6399353230473638,-0.2924701104155546,0.29081041909839894,0.6483620261656238
11120,390,OK,948,948,,16.256016,0.7092750298082312,0.28522469573183706,2.2556383665997695,2.381665097330366,0.04389710876570037,4.186551785193488,1.624505602905347,0.2919364055646405,0.13776917304522684,1.4835263427553622,1.1645207587595279,68.33004260401093,9.277818412055556,-0.9582628642632401,-0.6415354217837478,-0.28794516678472387,0.28308166986366295,0.652215188192721
11120,380,OK,732,732,,17.552803,0.8698921666315367,0.45331944093754,2.2123476737235546,2.420060562574593,0.05712418790605873,3.1143230358260925,2.0049242670211584,0.18428819485127024,0.08734588202869586,1.7534674755520783,1.2982300489974472,68.51077332195521,9.379793052470268,-1.1233777233785174,-0.6379802449643257,-0.283802579075047,0.2815669971201026,0.6581468903507626
11120,440,OK,990,990,,18.185062,0.802956080839088,0.2528188825892413,3.515555665577696,3.6149394867584683,0.061597455920964744,10.72145986980556,2.6395113510167176,0.13691875995882596,0.07324761299349869,2.573322390133413,1.2905264899695463,66.731914975543,9.313289676983366,-0.866726510015028,0.6328194750746878,0.321373113253973,-0.3157047366175416,-0.6297534067560845
11120,370,OK,451,451,,17.05829,0.6807092457072964,0.27440572550725134,1.7176527159388095,1.8678850157208624,0.06834254465219318,2.237810108703224,1.4404483353983863,0.3126199031367287,0.1472967945852175,1.0116122371475944,1.2006516639072882,68.81986701882835,8.902724004680927,-0.8811476051341983,-0.642369249283874,-0.2939742542937233,0.26635346215252464,0.6557413503709256
11120,450,OK,759,759,,18.367903,0.9630451878459366,0.26359038075971364,2.95156956391836,3.1158784978415777,0.0632141674908267,12.234200436137433,2.2715512786194916,0.10851396716278505,0.09620296185230992,2.197276096978662,1.3263334669132576,67.08940571904648,8.964499923400815,-0.8512127229851859,0.6345929171319661,0.31975223919788465,-0.3177183299450996,-0.6277781438301091
11120,460,OK,634,634,,18.446915,0.6331453432307113,0.0010751627235347783,0.6489955083987589,0.9066804020995385,0.04526480507636235,13.998010724046695,2.5009199998329956,0.2358053028383127,0.2112924423376712,2.4368637933711472,1.3342096503483893,68.98521904809274,7.7191879641308905,-0.3648319832663517,0.6421326948896618,0.3161778103014448,-0.30634121057568936,-0.6275764950424332
11140,440,OK,1196,1196,,16.94373,0.3845962585300866,0.15034339650100959,2.2267266630260725,2.2646918224734307,0.04376238711289762,6.696659723414374,2.3641522143913893,0.23251006198965496,0.10685428389391172,2.3085134160529366,1.234512828572781,64.65239491993395,11.001131514455928,-0.8404471257422095,0.6297200691818471,0.3357645445271084,-0.34089388749396676,-0.6119690862922439
11140,390,OK,580,580,,17.1475,0.7569005336120689,0.03167530951741767,1.619250759090257,1.7877009715916228,0.046171560049384636,0.7185875447737989,2.0251324815579785,0.10119889959181483,0.0842626923085234,1.8906179433736563,1.2127085929105479,65.71780377693042,11.487715278342955,-0.7139882086694059,0.6398756943843487,0.316563733181845,-0.3086261639791269,-0.6285669331723157
11140,450,OK,815,815,,18.16337,0.7613415673934918,0.03205074149226626,2.729666691237603,2.8340339584280616,0.0504816822655426,8.256908798065117,2.501809625175924,0.20484477536845813,0.08588133101188039,2.425016933824754,1.2575699193508239,64.0344773862038,11.061327888174926,-0.6635938587881237,0.6323706522439677,0.33769308972205814,-0.34182275640313525,-0.6076412910093189
11140,380,OK,351,351,,17.705105,1.0475942292841876,0.3693867553027833,1.6864602142780847,2.019417811787727,0.03794346976759342,0.922536236727735,2.145992614572073,0.2556270215317116,0.154599401828301,2.029513692031702,1.3418380480137884,65.84346827796693,11.751417226245124,-1.0330909444693375,-0.6280955601718556,-0.3150958434869165,0.32073448538267024,0.6350905184270862
11140,460,OK,743,743,,19.613607,0.8758866370546132,0.032535418523833945,2.157999025110998,2.329204960240592,0.03729940083476376,10.09944652226198,2.690916110554933,0.31012215056425363,0.17899350242791234,2.616394015946666,1.3185769636186693,64.40447592380747,10.651442690940964,-0.6271595218603676,0.6320605184809355,0.3361371855053445,-0.3343466788766663,-0.6129629612156839
11140,470,OK,613,613,,20.097284,0.7458617122842259,0.025426893903887998,1.6634477754537134,1.8231880655727934,0.04130554112331637,12.214136341155685,2.792053689623142,0.3113873073532287,0.18175482234928286,2.70680630330783,1.344330356770543,64.88155266596198,10.57493222841806,-0.4431631610928712,0.6368683039996575,0.3350321670658356,-0.33565796649717405,-0.6078535513746317
11160,460,OK,1119,1119,,18.115032,0.2909173027489506,0.024507295190529233,1.5845254171976917,1.611196537453392,0.046395378831023355,5.774024626092148,2.5880573798036055,0.19689543642677076,0.12031403236899202,2.4725984008655617,1.3185542857141863,61.20100956736595,12.214250851518182,-0.7527797243115036,0.5831710062633919,0.4109654221248325,-0.41796010705063535,-0.5624307496801029
11160,470,OK,1078,1078,,17.358072,0.320310663928306,0.08471008298610577,1.316490167415865,1.3575422941803168,0.032088461066625405,7.944886189570841,2.567792112516589,0.22262462946784434,0.11864204249124,2.4898898250578982,1.3068412575980963,61.42032297857413,12.118769871195202,-0.8201177085130695,0.5851609034366692,0.40490861397714795,-0.41632233807616265,-0.5659606366480653
11160,480,OK,957,957,,19.76766,0.34843058244140246,0.026949924030521273,1.3911956110401302,1.4344181389549657,0.029335701106694114,10.403594393987534,2.498457005464502,0.2085629438876776,0.10713014361344175,2.4316275066035935,1.3144155658499794,61.32633279025517,12.151924227399865,-0.6797719196880678,0.588222488014557,0.40541516565907787,-0.4126545825711294,-0.565109762374208
11160,410,OK,461,461,,21.300207,0.518457025585122,0.4954779510258016,2.1217563686291685,2.239675462014471,0.0831529835864996,2.863465155403149,2.216726335920375,0.1520496089445289,0.11307275293986829,2.1519407450649126,1.2536593675977543,60.51894729123764,12.387473069817046,-0.45184172066649925,0.6063810436458006,0.38672350912728004,-0.3728225132200886,-0.5863022522825314
11160,510,OK,617,617,,57.391026,0.8810890547724473,0.26671206060758146,3.0463448647687112,3.1824000818275575,0.009987503533734421,19.25417513076484,1.7291344570396656,0.2011952448573613,0.10992744448052705,1.6933833106388807,1.2757054735596416,59.55942449508669,12.050733117721316,-0.8981631855838795,0.5924868512574706,0.3969688531909399,-0.40759470213841553,-0.570299587473088
11160,490,OK,903,903,,24.790022,0.5442840660540278,0.07521824902684948,1.144596220285992,1.2696469733906153,0.01326204214911789,13.115338197691765,2.6686364050078275,0.24411567220710984,0.1133166842850119,2.581987918246731,1.3087596835377373,61.45820708278316,11.69084481250555,-0.6840117755018654,0.5919306685591539,0.3995132788632596,-0.4054141890095656,-0.5706545005349181
11180,490,OK,1508,1508,,18.515404,0.1662275418842657,0.02851049838763968,0.8162035663741927,0.8334462825888349,0.012086253286077516,8.360535241548028,2.714016483228929,0.2266652341129014,0.12945258641453705,2.651129724130927,1.2740342588902882,57.25813714270161,12.782671552152046,-0.806105173715773,0.5406739298272075,0.461072196856484,-0.4741237579657696,-0.5198949826874233
11180,500,OK,1052,1052,,35.55754,0.10287622872290392,0.10808549378429458,1.5359296419531656,1.5431609953058112,0.019835429324144525,11.345559190752427,1.6716280859943133,0.1067386536761954,0.0723561816242051,1.6257113040042608,1.213797273143022,56.550517808562645,12.955715458709442,-0.9111792569633063,0.5441357295022881,0.45612985313061016,-0.47851098725007046,-0.5166131047921875
11180,520,OK,817,817,,66.073906,1.1429837595784254,0.461500958050083,3.681314029197404,3.882198860247476,0.014390696389150817,17.85877854765177,2.195658524145539,0.2779719144187176,0.211269932194036,2.143127766031588,1.2769651120998404,54.26932230338451,11.917915925003054,-1.3028615424663221,0.5446305281066555,0.4517083163407702,-0.4706535701842397,-0.5270886089413063
11180,530,OK,763,763,,63.79703,0.3976061104334523,0.4695632247336378,4.741939856937925,4.781691525798453,0.009888427544772246,21.330629738335748,2.4174711724636673,0.3689406164525537,0.188375873747475,2.339747371157449,1.2531938625982246,53.33053931572916,12.900498860653034,-1.3822029911014808,0.5398362393489687,0.45563654787494134,-0.47107145882589274,-0.5282649445172509
11200,520,OK,1261,1261,,45.648823,0.12453574335004763,0.18455862428389994,1.4288365895607562,1.4460791945246039,0.003100547738795396,12.984811183379882,1.2991326269933963,0.22939815398273344,0.18433337774246938,1.2464862711094788,1.2050626595183977,54.66854119221641,12.87674598697226,-1.0661359732564712,-0.5057228548285971,-0.49156860145593373,0.5082583350268584,0.4942450495881538
11200,440,OK,647,647,,73.03197,0.08139660614814659,0.12244354984237588,3.4927223764177127,3.4958157029682546,0.023391903420294916,8.06468406471577,2.388608739817901,0.23358098179817577,0.08424618243661935,2.3377326358853026,1.226067386939749,49.74956296371982,13.088774000159537,-0.6688216342820709,-0.5106346542156416,-0.4861812332265161,0.5152011124491874,0.48728623221217293
11200,510,OK,1381,1381,,29.825443,0.07771545589077082,0.16566841311710262,0.37239496637614344,0.41492616954265293,0.0051460768627810145,9.659738614038284,0.9487960637348545,0.17841612247909291,0.13137152062094137,0.9089768363895061,1.1691161495679914,53.61243414275537,12.916491204174742,-1.0085796364575121,-0.5080153282408001,-0.4905522233955856,0.5085785943549258,0.4925715742488672
11200,530,OK,1068,1068,,56.418182,0.08210740733217142,0.3275733238468811,1.394815240020801,1.4351151391540642,0.008177741108907559,16.456180861901725,1.706371926548125,0.29016892336742206,0.2070000338146416,1.6502642336081248,1.1705839895687944,54.632906314356006,12.975197206239386,-1.2570889955150006,-0.5060899667652242,-0.49008952542757717,0.5115886946385297,0.4918965441267012
11220,460,OK,693,693,,79.17489,0.27279477640731487,0.634121412956418,11.829476010524967,11.849600400013102,0.013728775405029935,9.24388189545785,0.7283131911082683,0.32634374661902044,0.27664239483592606,0.5564201477610302,1.1656539874200276,59.946707717793736,13.763505770672914,-1.5966417927938679,-0.4892104663452087,-0.5036690184272711,0.519360756831416,0.48708833260334955
11220,530,OK,1295,1295,,38.938232,0.020902329097704564,0.04731540366034439,3.9881457538251475,3.988481190696379,0.01261385240824438,11.354902825559417,0.9029734260229196,0.2152598383286528,0.15962833921723396,0.8299396326157495,1.125553174772155,52.13098135779735,13.249676873375448,-1.041707655180374,-0.49390967188084145,-0.5005293839240265,0.5225054377198143,0.48219460739873404
11220,450,OK,564,564,,81.268814,0.29228985082830344,0.25255409820018293,2.326523704660275,2.3583743294399024,0.014743627174124564,11.318972784348519,1.0285858666850287,0.23023832315768777,0.1617659673121421,0.9778233795757112,1.2005171869251885,50.4940368123567,12.74212832723952,-0.5979697925273781,-0.495096171052579,-0.5012761756595108,0.5227660974430388,0.47991414283122164
11220,540,OK,1091,1091,,49.960876,0.21632049872172954,0.05887468773122303,4.520740453798144,4.52629595117572,0.009373544880603978,14.93259536777598,0.614484631901727,0.15383335905169382,0.12379135987487655,0.5469070525133901,1.0472052014917683,52.67273955797358,13.125181594550325,-0.993596106480964,-0.4914205033717537,-0.5053024146048711,0.5183544687855445,0.48423548336568123
11240,540,OK,1427,1427,,24.426838,0.08844706404143338,0.2513873611807469,0.8665757432761936,0.9066267188505179,0.02589282300246395,9.45264482526592,0.6154767503410141,0.1430386026154446,0.07604126598551902,0.523015352489987,1.0351575258838273,43.531684847048766,12.838062421680032,-1.3059444889632448,-0.4953470004567887,-0.4946449626675181,0.5242140616121173,0.48493022967664035
11240,480,OK,649,649,,75.88005,0.5530661922309181,0.2612360579810593,5.093709610978132,5.130302534154227,0.014389632329596348,9.872848534771379,0.8042817855462583,0.22894358217393074,0.20228492167645468,0.6862939169239404,1.1913169661766256,47.731065541377234,13.660001694630852,-0.692137536614952,-0.4930350363941649,-0.5050292642839597,0.5208256971727109,0.4802108789575331
11240,560,OK,1161,1161,,46.98975,0.15517918642176176,0.11878248959457584,5.247319736592566,5.250957462955369,0.014041324098288968,16.795412112446066,0.6755959990191436,0.23149970025755806,0.1308701723174961,0.5303230955762679,1.0620671328784608,47.91752967886141,13.297499828010816,-1.1293053231130712,-0.4881873710392264,-0.5074272942739607,0.5198960230919168,0.4836308064596641
11240,470,OK,530,530,,83.324814,1.926686958838525,0.5306911751444192,7.948040796790436,8.195432158719866,0.019717857547749216,12.415569320343796,0.8001359180474086,0.2762091964764015,0.23083988859064464,0.6710667385127871,1.2141188370936047,50.64440220014325,11.418255457204275,-1.4089136934388393,-0.4961485880664326,-0.49808166197598197,0.5135674855948811,0.49193462401286664
11240,460,OK,522,522,,86.958206,1.8576015610565246,0.45854508360416524,9.83640870241985,10.020772590692705,0.02213221324487892,14.718979031097065,0.6221972336136754,0.22528443076268934,0.20911119712112236,0.5159890974469774,1.1857819511994172,52.55845035587544,11.550049804880203,-0.42464043441256816,-0.5003170544476733,-0.49760178397064314,0.5191617268040789,0.48223066165461154
11260,500,OK,641,641,,69.372604,0.7190442635708405,0.08856232807936565,7.7059562701952675,7.739937336767704,0.0070663588211843245,9.956552721941895,0.6013042251763793,0.14267928905393013,0.15770341017396072,0.5096826395293981,1.0993339104248878,44.54969941081897,12.476323315345327,-1.0420924129761422,-0.4950851136838774,-0.5010366888505556,0.5159443339165197,0.48749811377453806
11260,490,OK,576,576,,76.280594,0.4258718696039424,0.19126244062916564,6.0120033052566235,6.030102147802469,0.00651403842626426,12.95214323122771,0.8105766540129566,0.22266151366166487,0.213688720495939,0.6862546735073924,1.17932850273056,42.81317361816136,13.516815909703647,-1.138815344531351,-0.491954795261473,-0.5032387759703945,0.517414155628183,0.4868406364865568
11260,560,OK,1375,1375,,27.723064,0.19616338354109142,0.21215129459427842,1.6929598178522447,1.7174403016415514,0.020319602539412864,10.957040494260031,0.6879727786419872,0.1595979327721988,0.08725424313204,0.5915975739096275,0.9787656253809411,38.515094465424674,12.69970769289507,-1.3374221892619929,-0.49314807311882364,-0.495469616248655,0.5202096985595517,0.49060850673238676
11260,480,OK,518,518,,89.00726,1.3987043080966357,0.039727529207050194,13.725798355815918,13.796937795126277,0.019417069739856595,15.711437423109386,0.7717893160996938,0.28051818251154226,0.23330136388016576,0.6430186252660244,1.1524766816868506,50.567517454798775,12.05253049438402,-1.0217670212884638,-0.4988555600042292,-0.49791293729462527,0.5110075347769222,0.4920336741816743
11260,570,OK,1294,1294,,43.47991,0.18250012202285792,0.1858173751839693,2.7571074186819793,2.769381828063769,0.019542634342164522,14.634200224653348,0.6274301639307642,0.2239950505765066,0.13883359416700114,0.5433501079029064,1.1221248982673981,39.59254271359013,13.101338008749734,-1.234227337489308,-0.48948722651304155,-0.503686605717734,0.5224638536598706,0.48346000860463695
11280,520,OK,656,656,,64.91437,0.9464658713910219,1.461730073561171,10.425867750412133,10.570296627944973,0.01958967407944271,9.593458609396304,0.6823027661778576,0.24890602731971834,0.2049165957393253,0.5449948870114696,1.1663955178710088,41.064435341630166,12.144537232672192,-2.461581408759643,-0.49384291881377096,-0.49299364058952266,0.514801801799566,0.4980517510657944
11280,580,OK,1473,1473,,34.376225,0.4105411883524659,0.18300995699257855,1.7767205340654701,1.8326954378352585,0.011114969128915594,12.155365083520158,0.8634769925209986,0.2378524984117889,0.15160826902747004,0.7844295276467541,1.1676534955718525,32.442015386212375,12.514798365897445,-1.2248928280317575,-0.4970949127511706,-0.4950008465448766,0.5127238451754507,0.49495966323051216
11280,510,OK,575,575,,68.47605,0.1824563878725055,0.8069021434393464,15.419647588353842,15.44182350474156,0.014093719687553454,12.917979766960604,0.5027701921279668,0.20694794034896402,0.17613159662246014,0.39081065664990433,1.1799644844164119,46.08200655771414,13.391958619000842,-0.2192969693137716,-0.49423721148351,-0.503465117871461,0.505362821006389,0.4968509565414405
11280,600,OK,1213,1213,,34.40962,0.265750739061678,0.3491233031889661,2.711961430848703,2.7472250251030306,0.014952397078972354,19.339519167441164,0.9967549121331901,0.1783785520565236,0.14171733980572082,0.9565052202028186,1.2339658084147564,33.39260447887721,12.962830760518472,-1.4916378109414485,-0.49088712344024565,-0.5010606163354808,0.5135677369616509,0.4941824261850653
11280,590,OK,1272,1272,,37.672047,0.29947305652274747,0.21412349303288797,1.9172944674891053,1.9523194044305388,0.014053961404626022,15.79993688524543,0.7892150534210568,0.17710788188591198,0.13080417615456597,0.738544529042751,1.2035529417724198,32.59143073681129,12.770658524690901,-1.2941114253862813,-0.4910329615475522,-0.5017258625955392,0.5101999473894394,0.49684384182599617
11300,540,OK,644,644,,60.93959,1.8864609963130854,1.9775064582913329,13.190733100416352,13.470883661052607,0.03342595334488703,8.976563706285102,0.7848433422475605,0.1615107705416165,0.1551122237248097,0.6536971365555191,1.0141081272955348,37.264255735599555,10.952676954500408,-3.109643351192881,-0.5018110196130439,-0.4804092353113885,0.5001088723993524,0.516994954491717
11300,600,OK,1387,1387,,34.266586,0.19055277097430723,0.26711442210019876,1.390221592250045,1.4284174979949524,0.017182256411333023,12.90927286499212,0.6309420169535891,0.1694882194443832,0.13191444110844164,0.5289617978901018,1.1724370169629976,25.600951315805993,12.97118399018495,-1.4031754030154437,0.5066253171986502,0.4824501752302541,-0.5053335916310967,-0.5051837067472387
11300,610,OK,1370,1370,,29.977089,0.12245142106847329,0.21408119535493544,5.078211338311718,5.084196643058171,0.021976441198013265,16.31012735027451,0.6644345985589967,0.20293991837936276,0.16214368169282212,0.5084290624094185,1.0776065643431887,29.320595516746906,13.354930836622605,-1.4524304592726016,-0.5000751286306663,-0.49010707542306836,0.5072671954141509,0.5023941807007035
11300,530,OK,511,511,,73.377525,1.199033503410275,1.4231597852011086,11.195847705953476,11.349452452493807,0.02668995074377826,12.555461298463822,0.5696056166233139,0.22256864342718652,0.1836024321577412,0.4524896711909685,1.1170816748623589,35.337053048670334,11.76818237794644,-2.402669263603522,-0.501298244196588,-0.48435281546143866,0.4993060304622543,0.5145832376438451
11300,510,OK,470,470,,77.32959,0.6490419218119123,1.1782154279927943,18.95052492940107,18.998206286670353,0.024504375837626442,19.35005984456149,0.5310302794301053,0.18721066724981505,0.16515088847187875,0.423611480576195,1.1783828003041825,43.18941593723267,13.420614374179937,0.11172130652034287,-0.505243411829787,-0.49431301225433366,0.49077710277038394,0.5094326021319712
11320,560,OK,643,643,,49.946636,1.8047070787435677,0.43557449181748653,5.18125200318579,5.503822771356829,0.047750487919003534,8.134454555939737,0.714471585469454,0.27720061607232616,0.20003750845101687,0.5401828222014693,1.0337586148045967,22.915794978155986,15.142583847276844,-0.6218641752126658,0.5087983707159957,0.4873179662430117,-0.507743482706933,-0.4958245390278272
11320,620,OK,1438,1438,,28.024843,0.36097336375568945,0.08028118270534569,6.016314954035973,6.027668907943977,0.012684365638094391,12.97714575899068,0.7041593816390499,0.196113800871222,0.16454429052303127,0.5217588029039897,1.0864199406320054,23.725282611434796,13.187174171827916,-1.2696141000408596,0.5119797136809581,0.4772729838168356,-0.4981084848990955,-0.5118351384667393
11320,630,OK,1290,1290,,28.59682,0.03120077582720482,0.09886396441455568,5.1069556395227504,5.108007779548227,0.013430095875047973,15.826070662964044,0.6892351469796887,0.18722805522664043,0.13108247480979407,0.5315565200002395,1.1399714342760867,22.84560402476313,13.702137081944333,-1.1592294346672058,0.512638292014214,0.4802394635434863,-0.49811565097044763,-0.5083825699947835
11320,550,OK,554,554,,56.32489,0.11977803475689094,1.621564123772307,4.110046233296692,4.419988351223564,0.02770008657171708,11.817307066331106,0.7936498444935973,0.2738142685554848,0.18107072888026304,0.6711755405000535,1.1268999341583745,21.780122745493614,13.550798414831826,-2.417982833398889,-0.5053173431753227,-0.47748734328556447,0.49928382812304456,0.5170840150914787
11320,540,OK,516,516,,63.30443,0.46313314196097677,1.0492628984147443,12.280952189551588,12.334392227395085,0.026013643472605954,15.478546660467762,0.696850926854907,0.17039025957569254,0.11148379541702313,0.5813339149013306,1.0483981475669972,29.931060676105467,12.62889344136852,-2.04967954049322,-0.5094367307246525,-0.4762650721783074,0.49153527680508147,0.5215734560612928
11340,640,OK,1636,1636,,24.334232,0.1068360268244015,0.11250113682637125,1.5917818396134216,1.5993248160826927,0.004831515937421765,11.861758848431881,0.5198942602574198,0.1716643694708524,0.08357539703844141,0.39389054693131476,1.1730149707619764,12.912466344031145,14.175001273291286,-1.0968467350861926,0.5211653855099376,0.47195080395110584,-0.4893001998330535,-0.5159790635670376
11340,570,OK,637,637,,55.59682,0.8005874896998059,1.5791091570169926,3.9175557904858804,4.299042850450342,0.028082674798967425,10.877392968098306,1.0150185526061708,0.36693080618187335,0.2543066838156689,0.8875310168988468,1.1895082031156305,15.134489561834508,13.350663819216038,-2.3429866378937656,-0.5140925545616966,-0.4691700141487461,0.49008890876746564,0.5247868183091198
11340,650,OK,1332,1332,,31.964115,0.07740718632788171,0.352894472173004,1.9564939104270316,1.9895715122919104,0.01744389410057751,13.920049851950541,0.6267586518538693,0.13771639482361187,0.0736811630217249,0.5164854826986573,1.1307644446754068,13.267962679356359,14.157913521460816,-1.5137298204136187,-0.5168737336074803,-0.47124108044946444,0.48956810580397986,0.5206692399047478
11340,670,OK,1309,1309,,39.67796,0.308433767735203,0.2505192324556331,0.3344082050889803,0.5193458602322023,0.007020698799954202,17.15325667580656,0.7635099342195064,0.11042465837435023,0.08758521106064476,0.728198437573778,1.1583182204509457,10.974046829731881,14.094001035338659,-1.217781667773113,0.5233221777230395,0.4699965148723277,-0.4907650281667783,-0.5141856293592255
11360,660,OK,1523,1523,,24.680365,0.04834490408882647,0.0326835353746428,1.201654628018801,1.203070774424741,0.0013415287102933931,9.716813726858257,0.5999070834527602,0.11217814554386685,0.06517287249684411,0.5055815393970207,1.0349745132577821,6.635268055147676,14.926296570149137,-0.8684684596666543,0.5198402305307734,0.4763567855362033,-0.48842623927159456,-0.5140915836563902
11360,590,OK,672,672,,57.985886,1.1990727689359941,1.240624522531221,7.415369614132647,7.613450677932537,0.037581173560251105,9.494471175508753,0.49406997080903925,0.16112645858554786,0.1794392960409743,0.3943640766762053,1.0973506168437566,12.703779417742641,13.371253328199625,-2.1312911000170334,-0.5107002274039977,-0.47231295743811497,0.4852963930976171,0.5297104480865082
11360,580,OK,626,626,,59.825066,0.9097959009485823,1.558148866289235,5.565854147632037,5.85100750842229,0.03767203789413021,13.139792189851535,0.575639557130097,0.17983151086280008,0.1883147682435684,0.4760031217608489,1.1571384770066515,10.87543146064415,13.824562893539163,-2.257407027659388,-0.5093179440235155,-0.4715991584396058,0.4881912441533536,0.5290168000987451
11360,670,OK,1443,1443,,30.619587,0.026778092366937956,0.11898349328958294,0.8098781540473592,0.819009622842957,0.007527844994221153,11.236615710343614,0.4021299947371366,0.12617144962780047,0.07899012522420445,0.3519580330431138,1.0410362974017442,6.24972652514856,15.087463326678423,-0.9891236615383106,0.5203588643465202,0.4771869865574724,-0.49020688387823574,-0.511093380073141
11380,600,OK,699,699,,54.133495,0.7601949109828643,0.8516403102327016,5.203679925021711,5.327426422088949,0.03285726508516149,10.881557849195728,0.7727804163981908,0.1915930485358448,0.17431065889354458,0.6841328325840887,1.1259911895386552,5.694734452662055,14.56892168319029,-1.6062726809665346,-0.49941364323192533,-0.484786788664123,0.4987692033102942,0.5165240210481565
11380,690,OK,986,986,,17.536432,0.03702482632114057,0.17347315732888047,0.5617928675594577,0.5891307156467396,0.02493644209704053,9.1561311056333,0.6605645840896694,0.12496458226166024,0.06969985574898985,0.6116290640594229,0.999519115562936,-0.04914291837754803,15.535895339488658,-0.9580432060692478,0.5108623833856434,0.49090207666228863,-0.5051254313176766,-0.4928316903429847
11400,610,OK,609,609,,59.293564,0.7068171010695772,0.2534755796577601,2.402479353574,2.5170910448763237,0.011478972392550382,11.195526955896517,0.5842168023465846,0.26240537858937873,0.16736030773998012,0.4717353961141466,1.0285614683266184,-0.7237099198066295,14.867994560463089,-1.0471873046441855,-0.4802644715971101,-0.5109785134017416,0.523998858663179,0.483396516622721
11400,600,OK,555,555,,61.65702,1.2631137300853497,0.2776605110183658,3.818395659501025,4.031463390259842,0.015354062257711512,14.594579759188989,0.5582994895228103,0.2823616789306762,0.1656042861096384,0.4052803206032367,1.0548069799659014,0.728783664937275,14.480742823885045,-1.050247450772406,-0.48089123007706713,-0.5095667971614065,0.5229559851721395,0.48538885611256927
11420,620,OK,621,621,,67.29377,0.7623602944463639,0.3013836374605654,0.4909414180693048,0.9555358661260225,0.01657319311834786,10.909458789463518,0.7386423259875112,0.24273808726750912,0.21840243814404225,0.6655163870951388,1.0649273448775773,-5.312698837813216,14.200765501464875,-0.5413490331932852,-0.4254021467120686,-0.5620446221864647,0.5722477214966619,0.41913172331131976
11420,610,OK,543,543,,68.34136,0.8854267736044239,0.2272375741007114,0.5471646592275246,1.0653669090066058,0.016699707718064644,14.06606180347918,1.1028888093493179,0.3367065214090472,0.2720875993624272,0.9828209939002956,1.0749072308350784,-6.271300971725387,13.863514976843954,-0.5947623664973302,-0.4263424840181611,-0.5601905214236885,0.5727616741416232,0.41995562939763637
11440,660,OK,609,609,,52.91519,0.10190078116404278,0.15984959101646187,0.5951996868521627,0.6246585692831603,0.01487546665659065,4.7999300349288365,0.9131922572689357,0.23886411843641664,0.18899463606965305,0.8327504124515279,1.127425550869032,-8.82836008355753,12.787467239511473,-0.807952509427105,-0.31541001239576916,-0.6176035390464055,0.6492282728940934,0.3123860469240079
11440,720,OK,1037,1037,,28.397936,0.849433978620166,0.7756964354054623,6.413202825250884,6.515551666723328,0.07357738411825665,3.857341066640319,1.9470759522854542,0.22652254929905924,0.08751822904720719,1.867320090981993,1.0809378644996617,-12.73491929879583,8.30940393680525,-1.2611879128492147,-0.2896597867744066,-0.6258650633138677,0.6631003632622094,0.2910120937185593
11440,650,OK,488,488,,53.460804,0.42626968550612143,0.13890698158563533,1.6758012460568725,1.7347365248361164,0.016045230705589986,6.375846992090205,0.5776509330765162,0.12202350497542125,0.1197853497733633,0.5307839799902783,1.1587027570688255,-9.907504602226524,12.456886835032106,-0.7488934024839072,-0.3166390456286138,-0.6179530052212687,0.6464979479206339,0.3160920774961194
11440,640,OK,441,441,,58.37694,0.9905131088321588,0.03763373181145917,2.9352438103688865,3.0980943728116586,0.02466833474021518,8.304793827092428,0.8015773352278868,0.0947357675955054,0.1180562223093573,0.6218218668869757,1.2343864782672929,-11.283633640152544,12.293256185564536,-0.6217392795386888,-0.31776738082432554,-0.6198068392150362,0.6414303236665658,0.32160614674990096
11440,630,OK,353,353,,61.52292,1.5194732151785821,0.23946968352172207,3.3345343369835376,3.672228727284477,0.01774744114902911,10.6573724453936,0.9955244032874561,0.25011284132095524,0.19154527060932347,0.8750100688156341,1.2261089145923836,-11.875115177779586,12.324243969145714,-0.7248072646253249,-0.3111000722898797,-0.6219559653733884,0.6440636944680199,0.31869966994945736
11460,740,OK,870,870,,19.280313,1.1086469804895582,0.2525015401631153,2.161614690556015,2.4424236376109976,0.03249730126910741,3.7030795430267545,2.473441783445872,0.21723591814079146,0.19804476644699642,2.4048749134757337,1.0907909331190544,-9.838776326873887,7.939496562789137,-0.8741917786329337,-0.15202985315743625,-0.6809901406154708,0.6960832943088864,0.16913722097024644
11460,690,OK,419,419,,31.102356,1.7739020065992055,0.37689641659677875,2.910281655805761,3.429069633877344,0.05058588328222903,4.15717173012145,1.3193945561662446,0.5760394696117166,0.3023535177225818,0.9530719073409388,0.9649932965676487,-12.970848593457912,8.737914577465972,-0.8779195235972601,-0.17000711430888488,-0.6734283908875379,0.6952603245744888,0.1849455717327765
11460,750,OK,548,548,,23.923113,1.1195891215642573,0.20567068985756584,2.603748710881303,2.8417050485945157,0.09070998082387108,5.339256051014357,2.435496081658538,0.16941301826967706,0.16864436587796572,2.333892225493601,1.0933282844362253,-10.14549932667097,7.544852625902154,-0.7461968495592857,-0.12169146249710097,-0.6866584505330934,0.6967020273451862,0.16821903982580444
11460,680,OK,204,204,,34.575775,0.9296073845068981,1.1331650280923675,3.3799625471532107,3.6840710756416946,0.0713607839211084,5.366642471403359,0.7025393757346643,0.2949818008552161,0.15698382884611806,0.4964547220416975,1.0736450929005366,-12.680380956709257,8.144748508533304,0.40309820175543076,-0.1908325805719791,-0.6780606232741296,0.6856716564317633,0.18349685807517208
11460,530,FAILED,151,151,,,,,,,,,,,,,,,,,,,,
11460,500,FAILED,127,127,,,,,,,,,,,,,,,,,,,,
11480,760,OK,1092,1092,,14.754808,0.3710924782690084,0.16183829131041144,1.426512335735258,1.4828481729317298,0.034934070313962756,3.596803799202172,1.127999902259479,0.15402729688467293,0.06638037566314536,1.0342640079025402,0.9451272220083395,-9.693032943692149,5.577624872231769,-0.73993347585067,0.011690003158885822,-0.7021799636999094,0.7115345879768611,-0.022916642798142917
11480,710,OK,394,394,,20.525597,0.14852855176248597,0.1597726290055494,0.3336701612566335,0.3986524804651718,0.02685042254307558,4.947292725255245,0.7188866645052794,0.23765911464268363,0.08027507616023599,0.5613674150432049,0.9530823339593117,-10.30347501355051,6.680351485019294,-0.44507955400057286,-0.00880194771804354,-0.7005062063292512,0.7135915267304898,-0.000844741983228209
11480,770,OK,552,552,,13.827486,0.3328186719639996,0.19617442422269213,0.5183868968784386,0.6465119086159529,0.012305807829525608,5.26601629344744,1.1252758778620924,0.2792570824794737,0.20128101962423428,1.018377099645845,1.0303598200496564,-9.65813120269479,6.507183242932905,-0.7971095426583453,0.003929596025769577,-0.6992655918566819,0.7148456543290163,-0.0028072775636375194
11480,700,FAILED,93,93,,,,,,,,,,,,,,,,,,,,
11480,960,FAILED,93,93,,,,,,,,,,,,,,,,,,,,
11480,570,FAILED,70,70,,,,,,,,,,,,,,,,,,,,
11500,740,OK,551,551,,24.787504,0.5718550509271632,0.028991060180712718,2.063247127044269,2.1412256742570923,0.035077296063015004,4.213538159441505,2.138358346611956,0.11175044723610772,0.1258416535243656,2.0537507779929998,1.0364022117008498,-7.927671701504527,1.5499022547476384,-0.6500871320912402,-0.1822693261446739,0.6849841002270446,-0.6830435599662785,0.17614247179912454
11500,790,OK,826,826,,18.10934,0.25460758400795513,0.05091316515793779,0.8863167795361355,0.9235662433783913,0.032534555313720855,4.828077258986954,1.0248464001395123,0.18023752404426974,0.1443838435647548,0.9256348580727911,0.9638652804369704,-7.700552470923428,3.0303514317192137,-0.5744977010828572,-0.20489612022925174,0.6840464963378429,-0.673986789459174,0.18931396778219114
11500,730,OK,297,297,,26.531212,0.9092697302682538,0.1850382303136674,2.026223631435916,2.2285853794838255,0.04029029908173193,5.801153880265821,1.9807268728668819,0.15893886408125324,0.14318300778801918,1.9298397228072162,1.0394417806794793,-8.328374247785638,1.4013799680010193,-0.3877504881304962,-0.1717409335269128,0.6844254992729805,-0.6842312328664776,0.18410433907503693
11500,800,OK,301,301,,33.8194,0.2829541667523312,0.19599226909944326,0.5298021008874461,0.6317960874633572,0.04266353083394775,6.697175073423522,1.6079459114241004,0.45907198009458217,0.3537900711698039,1.4810800374321555,1.1241265012717516,-8.342516925680318,3.0027339946638483,-0.1894761766409776,-0.20859257171451334,0.6859587495647561,-0.6719242315784076,0.18565440996337337
11500,810,FAILED,104,104,,,,,,,,,,,,,,,,,,,,
11500,240,FAILED,90,90,,,,,,,,,,,,,,,,,,,,
11520,30,OK,924,924,,18.01957,0.4599714641100374,0.0712004034539016,1.4475570833029128,1.5205475180565604,0.023025318792354497,5.801356333265317,3.374293800815482,0.8561073194226021,0.6082766490822133,3.141881584641128,1.2870622578600235,-6.854950910943708,2.112504804177817,-0.593732910187215,0.36319796479346445,-0.6103170770649788,0.6120449643485693,-0.3478523615390655
11520,50,OK,988,988,,21.810762,0.38573919165836856,0.07552237996020227,1.2865311815729719,1.3452363491281567,0.023636649921239542,6.023781515574695,3.257336887135521,0.8269640038120283,0.581482745535453,3.0862404603383755,1.273579108803775,-6.676321126014862,2.1056930382752,-0.5968537883287427,0.36301308173211,-0.6103481565957012,0.612391884171354,-0.3473799223222967
11520,10,OK,937,937,,20.846083,0.46449825186721116,0.06087612422267487,1.5076485396350616,1.5787554109334996,0.023429670581425765,5.799945089601189,3.4422494739705507,0.8787112399337148,0.6216727840962859,3.1999640516413175,1.2971703724210872,-6.9082605161596335,2.141835856696903,-0.5793823951305677,0.36317073439359765,-0.6105194901566438,0.6120139811528829,-0.3475800004204577
11520,0,OK,873,873,,29.429073,0.4600897318408004,0.03496385275911193,1.434555484980553,1.5069354570892843,0.023488578637050027,5.783549860110664,3.3934684124382963,0.8711664425699763,0.6117228071833214,3.1487663260581065,1.2933085028876485,-6.846039921308769,2.0946883983678517,-0.543049381485323,0.3639516929245334,-0.6107877776820924,0.6109685423226653,-0.34813057341126274
11520,40,OK,934,934,,25.60323,0.38123900732917804,0.05644334654606386,1.3408297593783471,1.3951177282628346,0.02295412287881664,5.843657733210846,3.481773384245989,0.8636112108323302,0.6080093603593144,3.256929227572323,1.288148557264367,-6.718697934515451,2.1435977974729292,-0.5732380706539104,0.36234975374346023,-0.6114012404638165,0.6117478098753119,-0.34735543213561415
