query_idx,anchor_idx,status,n_matches,n_inliers,n_overlapping,median_depth,x_error,y_error,z_error,pos_error,rot_error,distance_anchor_query,pointmap_error,pointmap_error_x,pointmap_error_y,pointmap_error_z,scale,pose_x,pose_y,pose_z,pose_qx,pose_qy,pose_qz,pose_qw
8740,8030,OK,1108,1659,,14.997396,0.06945360088433708,0.15698335875970967,1.758298060086757,1.7666577613414924,0.02261484200998767,0.2519187935071259,4.463671132061123,1.576784250651396,1.055257016927278,3.9237057206918493,1.762754464364082,209.1011675399147,3.453197186064819,0.17314237157527482,0.4187267097961622,0.5881302485021823,-0.5676287914932111,-0.39568713444841586
7960,10880,OK,913,1370,,17.642418,1.2581336986975589,0.23770386327375043,2.953796653183108,3.219366117540749,0.10025562312147636,1.8998076293060275,2.7962874716603734,1.3589716180810854,0.8818483584233243,2.2436346228187594,1.5317447189816793,225.999950159651,10.540406292308598,0.6212660200088223,0.3890564095275705,0.6191246876335896,-0.5798642038585354,-0.3592732058637719
7860,10750,OK,1197,1774,,13.234197,0.14642158834706775,0.03554297882985816,2.0926061050332505,2.0980235689097033,0.03017703268934071,2.35638227041184,2.0637985755440535,0.8329747289068987,0.4798283387420763,1.8013575115812568,1.3624770893826,255.15491704560316,16.368042996458925,1.8620914241666147,0.4324116221874814,0.5716863719989581,-0.5420685101201421,-0.438584782458294
5180,4170,OK,1004,1584,,12.983975,0.18421117702248124,0.11806242259225269,1.2151289199591149,1.234670314492644,0.05136718146513768,0.11641379900540337,1.3656494651122615,0.734828978538551,0.266384914090515,1.2167916685660392,1.1998148898144432,134.72288596870038,-180.63529701721671,-0.5055004974270506,0.14299483358582646,-0.68561090608544,0.7003587150225067,-0.13779634725379017
9020,8200,OK,534,979,,42.034847,0.22005661575242813,0.20531777096810483,5.36832523504731,5.376755167427421,0.04850574122634002,3.9458999457601913,2.232322129613693,0.8333801227330122,0.5841194082758512,1.8885419372580716,1.520139938850999,155.18851804541404,-15.202688690437263,-1.4340599712934046,0.35063582996584375,0.6161142474558611,-0.6132584785672845,-0.3483845393977772
7840,10700,OK,1197,1780,,14.44857,0.856523164157089,0.22056723904894393,4.115401965299503,4.209372301622934,0.12024168634082422,1.9318898654449779,1.5969004000933247,1.2260473493335744,0.6822768008315356,0.748661615324715,1.5856821485916799,263.8500512493944,19.484403752785905,2.6238273613051617,0.41805285160282496,0.5988935213990021,-0.5628831247904752,-0.38693791636276703
9380,8570,OK,588,1245,,19.8772,0.16454345197707082,0.5697244621306752,2.4834128668449336,2.553233239942953,0.053628275919730996,2.854900811644469,1.535921092803214,0.6534777017966035,0.3946312879854794,1.0312229334615726,1.5693470715606852,214.9046720817467,-10.180742172717911,0.5198264486411509,-0.6040082167649429,0.35343576272235344,-0.35404407310934655,0.6204111781757692
9080,8300,OK,967,1549,,13.340221,0.3210097981029547,0.066205006130009,0.24520843211811916,0.40933796366401265,0.012873493663560184,1.7282583305704906,0.8008081370430096,0.4649061114978974,0.15105299873641043,0.622437696691378,2.861594789750426,146.2459491142996,-25.317498906769963,-1.8059353510442837,0.0011329666658166236,-0.7052601184152717,0.7083831060558773,-0.02828881075687942
8820,8090,OK,1027,1678,,14.442266,0.22455029146784786,0.31060558327611165,2.432042677321867,2.462058132147879,0.02620165023502128,0.32822053467796136,3.3807602626258637,1.4976778688094838,0.9459306420101734,2.8874642157918555,1.7508311294990275,189.9921148140472,-3.477572832052111,-0.3340346330320157,0.4146104377742707,0.5953071610414811,-0.5659932605293821,-0.39161102887518195
8960,8190,OK,898,1567,,18.8932,0.7263091735969666,0.3152462436174057,3.2422240327965546,3.337502342862031,0.041590075055731514,3.5246097428748286,1.3984376198789399,0.8477376223550852,0.510479638216807,0.7885671429756398,1.7044700099620607,162.75551723614797,-13.579331528962328,-1.9638352786460946,-0.4117640179934657,-0.5690103287940916,0.583735933968498,0.40734506085804206
5060,4050,OK,535,923,,15.2925625,0.2379792232981673,0.08949540549187583,0.30326309548910124,0.39574239526665067,0.017184798777101697,1.0634375795591107,3.1754883719077327,1.0028200556621312,0.6138334641162033,2.951603298036023,3.443616100176348,124.92486785232643,-153.5849561772785,-0.8168227948128708,-0.04965495845231524,0.7082536722860365,-0.702068152860822,0.05487649344697613
8900,8170,OK,774,1372,,12.605387,0.6783355025377753,0.2728288672335505,5.3290909149706085,5.379013350496669,0.0220579309129711,9.178002992525192,1.6956126640256464,0.8131879634295758,0.5477468342653804,1.3234098105397587,1.6805170014286033,175.31342925710229,-8.654837872599861,-1.6787219371521784,-0.3976602473644066,-0.5860786086530115,0.5885030830775987,0.3899260357472812
7940,10830,OK,532,977,,27.470999,2.1614212677617313,0.627913541532208,4.898994761965558,5.391304757675847,0.1364559829241951,6.680832013727611,1.4359256776530773,0.9044926955586381,0.5656294761237599,0.8504482237239053,1.2953110366910865,231.77701296712712,12.98209715642579,0.4369361508952584,0.3715313121917018,0.6056373686794629,-0.5988551057627536,-0.3695137670263583
7940,10900,OK,1176,1701,,13.269215,0.11607654972069036,0.0717008903871568,6.929939961780817,6.931282901235822,0.030589451767448685,6.326940178307952,2.1557580964534844,1.3213967414630794,0.8253899992360445,1.45233518754792,1.5836765485553572,234.49956833342802,12.150910785636647,1.3659679047821915,0.41095170382448126,0.5984246410283715,-0.5642964048983896,-0.39316181599002376
7900,10800,OK,819,1244,,16.876554,0.26810268486881744,0.02555734191550805,0.7475189108893804,0.7945544345712885,0.01248237381943172,1.7612717417557564,0.692059045630845,0.42790634744068257,0.22368406235716987,0.5576415995156814,1.1062928672646737,239.91545836412575,12.722354354292614,1.2770510540322209,0.43279962746742456,0.5747120244984992,-0.5537378871656227,-0.41924327505429015
8780,8080,OK,886,1553,,13.65615,0.08221575740377894,0.06817305801631969,6.187735243486705,6.188656917303805,0.058945574125701526,7.166671254015085,3.1893359744127094,1.2794772918977968,0.8097212993292273,2.7970452380200506,1.6512509977216934,203.61448490540423,2.392097232784798,-0.4736615127575871,0.38961116236164206,0.594760671219838,-0.5940946953933174,-0.3761839696728971
8840,8140,OK,589,1238,,20.477715,0.26229624777185445,0.26437496470714905,6.889096480737578,6.899155293546448,0.036339310493684523,12.599034271383804,2.650792200086446,0.9780338132231956,0.6388055130402666,2.353228452441613,1.6251985619704885,188.96009122647985,-2.956854216707961,-1.1529675167562394,0.3951233279297796,0.5942789423805389,-0.5828488109500244,-0.3885837849716669
9000,8230,OK,1030,1761,,16.408442,0.09760072484110571,0.24880571474281132,5.414884683920971,5.421476397194781,0.05165011457467485,5.013187746951526,1.2942109677821463,0.9735956733197473,0.48769096016349334,0.46086649304275085,1.8108590877721353,158.0808949220837,-13.664583369157754,-1.2062400833476037,0.37851766644514784,0.6060423292740985,-0.5974653180137205,-0.3639673956382752
9360,8610,OK,623,1226,,11.155883,0.5232451092683983,0.06707480163629313,1.9466898152927534,2.0169000248778772,0.03070512282996104,5.256237380763177,0.9854231655341297,0.6538357469669901,0.28196768174883213,0.7774040555810067,1.3411310618877934,213.25425563404252,-11.69047974483811,-0.1623413028747595,-0.5774611555648526,0.3871689128284866,-0.392393476875309,0.6022177397408841
9400,8590,OK,562,1108,,17.4891,0.4699932891867462,0.04522622459413638,0.7587305063745136,0.8936504263832371,0.08568296171885753,2.4657735299758823,1.8753970566645237,0.8669574566722626,0.4600310993658816,1.5217165760354758,1.543699741531209,218.72872383286636,-8.403663628385441,0.16406801361288964,-0.6379818201940897,0.26049609207995467,-0.25968841780487323,0.6765226594659707
9320,8550,OK,1041,1640,,13.200241,0.5609820291360788,0.08884636859012052,7.3069689807854825,7.329010178761284,0.0464515287037531,4.978365377051645,1.527094267168934,1.1055452522759301,0.5655300953966478,0.6159578392708251,1.7301941094099191,199.09449756502642,-14.082391071755403,-0.9610826571244966,-0.539122005607069,0.4258239076194507,-0.43357397712888973,0.5831252602370695
7920,10820,OK,646,1180,,21.373451,1.921999345299464,0.33961058776422054,4.9465069469383005,5.317644949671047,0.032143869843247984,3.6034335777341298,1.0250999478013825,0.74377485416454,0.4365106792959559,0.47422594487767045,1.1912037867691136,238.3232644016511,10.785740447207006,1.5471830045139134,0.43201439236033345,0.5819764544122558,-0.545760297882879,-0.4204909851091492
9360,8550,OK,410,987,,20.3721,2.4837854188423396,0.590325673747702,8.517901540442661,8.892261864149917,0.0813563118530817,3.853211494443876,1.7642983203276286,1.0757012448276198,0.5476895629018481,1.2372866279395485,1.8145688923607959,206.00122859660263,-10.70649417501521,-1.0877194470444422,-0.5438121305889871,0.4084695528608933,-0.4299192966495628,0.5937932210611987
5160,4130,OK,490,1073,,24.878426,1.4525363528613127,0.7009223726118756,8.750021333554146,8.897416892922585,0.022847083760594366,3.548973967256343,1.3872164739183246,1.1300891275107356,0.6408651325818338,0.5434253977374137,1.3861049157871301,132.05370978925413,-167.30693323149916,-0.12037753277521435,0.12867969377225633,-0.6947021397071522,0.6993556410226405,-0.10831509990206492
9000,8210,OK,957,1618,,12.6720495,0.06803705316672148,0.12248145588417736,2.4640929974571395,2.468073144733849,0.07449449352515658,1.6417921410876992,1.27378585523855,0.826446271184492,0.4718967101511975,0.6864457345117234,1.836093682121653,155.47691930502813,-15.027153507570446,-1.4499945832472863,0.3720938935672921,0.6083456646993952,-0.6037664119055947,-0.35626928925466966
9300,8510,OK,1130,1790,,11.716721,0.8873617107859714,0.44513167116742264,4.298919265130943,4.412058460464828,0.16091244652712158,0.2031839249611515,2.4256498171235035,1.5910719896496488,1.117292893655217,1.4116983608707931,2.7052222368730177,196.94923890100057,-17.223156245627003,-0.11563138810248394,-0.5924628854573574,0.39363436388622147,-0.3611959253489901,0.6029736482092055
5080,4050,OK,413,1003,,19.728308,0.30631572432567133,0.3775258301102232,2.5079713847689877,2.5546576174097475,0.035411079180399666,4.544230504506352,1.9591991269198157,1.1959335116184122,0.7444745409617837,1.381409019904872,3.621278604610217,125.66002957283898,-154.72949600660516,-0.5731497098323003,0.12305410725878566,-0.695251970223481,0.6966882220174274,-0.12691692514911806
9420,8610,OK,673,932,,27.990442,0.14518051282507471,0.05556864657554163,0.4022159098659879,0.4312109622165392,0.02129875966572307,2.450476927380617,0.4411428685821006,0.306491141345842,0.05781309021911296,0.2692033679754786,2.2970305625135268,220.30557803220862,-4.982099343149187,0.32377493338888585,-0.6804635383501751,0.12506520130322632,-0.14097040862536647,0.7081351652692729
9380,8560,OK,417,1064,,21.526783,1.44743460957858,0.3339973095992934,2.91264907416578,3.2695788384842834,0.016774117417094996,4.580432680878198,1.159293530704125,0.6201489806500412,0.3360158803670652,0.8266478200204919,1.4159733332341793,213.95068411012497,-9.2554659888251,0.26499805354027195,-0.5908196435977701,0.3636905243175642,-0.37890603191230027,0.6124471979208443
5120,4080,OK,326,849,,25.631145,2.504673281732048,1.7559854184261012,18.40063094851937,18.653152343278503,0.04301986122789625,5.874568237550366,2.028780785867071,1.4362189452583902,1.0413063583825282,1.0663891280608908,3.135130635976378,124.91666611034245,-147.73724013072135,1.179153773353074,-0.1509846079601915,0.7011001652672957,-0.6839873189656145,0.13350488348936418
8940,8140,OK,231,793,,54.32692,1.1817906534633467,1.0143401393803029,9.465133948588472,9.592407191716445,0.03780030559418798,8.125330315149421,1.9703872058821448,0.9083473660061897,0.6030703070462753,1.5681749923470356,1.8779321170116494,172.33626622665426,-10.345066061583493,-0.24792140615497535,0.40497559310021053,0.5932034392583324,-0.581483917657199,-0.38207447199630384
7840,10680,OK,1033,1624,,13.948552,1.4251025705059224,0.11188975851687287,3.4595591671156742,3.743258778831307,0.0862754314895034,0.7863719970022445,1.3595023188333226,1.1251405479168322,0.6143255471138089,0.45269280155841685,1.5982718137641438,264.05456442181395,16.264460080487513,1.9937846356305513,0.4531433587848508,0.5517273075497973,-0.5255832343290316,-0.46262332224529024
8780,8030,OK,300,784,,72.11165,2.1680996457479575,0.9276140451260068,9.517289779802361,9.805097074651425,0.08735621600233626,9.91318838568566,3.5266815687197566,1.4757769106047505,0.9768144754978367,2.936455498321708,1.7239860114401415,206.0671268736839,4.70582435249753,-1.1095436695254064,-0.3777192139438201,-0.5980697619865838,0.601194820963291,0.37176006033716136
8980,8190,OK,949,1502,,12.595908,0.5070910474496951,0.059139201604024,1.0697356903452535,1.185315663765744,0.008991467682855952,0.46608717126990273,1.3482215191017066,0.6254340208993885,0.4152095653511463,1.1104062068428262,1.4411406312914532,157.42052176987445,-15.108531094746567,-1.634509523488256,-0.3940930531691203,-0.5875018319076454,0.5894403201457015,0.38999022030755415
8980,8240,OK,633,1275,,30.48034,0.26584927071018616,0.12899186083115716,5.393840237934892,5.401928104599631,0.022079964633378926,9.698157025656146,1.558265694235007,0.845107505547434,0.4364912566863255,1.211951517044489,1.6690691535111795,161.20527939474403,-12.906915755321991,-1.7200748625167226,0.3871973617581068,0.5939566342454538,-0.5918833730243327,-0.38336378600581555
7980,10870,OK,392,800,,64.06003,3.025373713801119,1.2566989181167108,11.571333637368088,12.026135722926158,0.09557190655760192,7.755964673687668,1.7531446765532932,1.0673430798638246,0.6967191275874587,1.2404506017893517,1.5114148649912278,229.2045905352367,14.12466089811322,-0.4855000640611165,0.370174122377208,0.6057505606438964,-0.5960519316806046,-0.375179253346569
9340,8550,OK,1080,1689,,14.778463,1.5641806300747974,0.6379976185130856,8.064436888482511,8.239468692400441,0.060982647264380505,0.16100475683116164,2.089409336073323,1.0828417329966395,0.7965764532291812,0.9963280296537409,1.8088705332054031,203.09409015758152,-12.16765521285409,-1.3597293813679732,-0.5381884898707777,0.41773294375777464,-0.4348329146264985,0.588874072639898
7800,10640,OK,1058,1645,,11.811264,0.37479234877799494,0.0814518296978254,3.9629564499149925,3.9814730350947363,0.019875640529929586,7.105319078361033,1.0894475662840954,0.6827491065554608,0.3994667172627133,0.7315255327117698,1.3361887296632886,278.3042922838301,21.834711864063383,2.597323548950702,0.4047209886508108,0.5884065455244566,-0.5693883908672746,-0.40715539892657904
8880,8140,OK,931,1612,,14.35006,0.31254824957045496,0.10737067525560537,3.820054942278196,3.8343232300157575,0.07448466268642677,3.4233002818827303,2.725286591875471,1.123754042925169,0.7352793919006018,2.2793345508717673,1.6635168199362875,177.21395079803085,-6.650458726802642,-1.281569570189776,0.3839477349176948,0.59895736091831,-0.5985177902143964,-0.3682535423457876
9380,8600,OK,949,1540,,12.75705,0.4534965363603424,0.02427432786401432,1.19758430147566,1.2808030725388744,0.06722081248190058,1.2502269211107326,1.1738012763889474,0.66429446141199,0.3229951412898977,0.8959089340942832,1.3700287099335238,216.46219455045016,-10.26206788614327,-0.02815008105470425,-0.5981922072016728,0.3454782308503954,-0.3506739097738014,0.6323279878794134
7880,10730,OK,229,780,,36.311226,0.4647603403746067,0.061396380311963684,0.22755633564266553,0.5211080266045122,0.007418470465286114,8.447436998223772,2.3989695486705918,0.8488543417423071,0.4606389330135672,2.1758692345825352,1.3483222725431192,245.87607400292103,13.783086945618239,1.6109435766975992,0.43852432721657975,0.569830765476165,-0.539373500350646,-0.43825282688829925
5140,4090,OK,266,774,,37.830452,4.046136430843451,0.31537309403233704,16.2642690973984,16.76296899352936,0.055822548266059105,8.53377112326867,1.83821378636687,1.3497475949457582,0.9292315292452473,0.6974396400888967,2.842618785311464,129.93259759789345,-154.0476064885172,-1.6213856054620144,0.12281723853510279,-0.6837580824396337,0.7110388577915353,-0.10869477139032817
7920,10840,OK,1203,1792,,13.854866,0.14485945520418264,0.19623456411215612,3.01894867217108,3.0287857882520957,0.0701004756550293,0.739941741250422,1.643531074955854,1.1224325413394245,0.6501599658344999,0.9989477754529723,1.3878370285038355,235.82772674000873,12.471205849275616,1.4286410267247898,0.4123864028403094,0.6006487597937981,-0.566199041954675,-0.3854570884031197
9140,8350,OK,892,1491,,12.681454,1.0564154943381483,0.1575351114325095,4.319898726896602,4.44998382229134,0.03473473099111475,1.0856805239799114,1.4443953869898989,0.960672184820268,0.6840819329207688,0.8228561469015974,3.7250780626455295,150.28543249290632,-29.098058136641242,-1.994690260769123,-0.4937721056937285,0.48681167915588924,-0.4833254983977653,0.5344155305328961
9440,8670,OK,784,1250,,16.28168,0.15330125750762716,0.08352271380563817,0.4487833965985697,0.4815432029812356,0.02974393153851108,2.7109381260907988,0.8565971705733034,0.4577282824799853,0.09418426303690897,0.7397968292428745,1.130154275067856,219.9751268604843,-1.7943604483494342,0.23990462916442618,-0.6964099654227573,-0.030344150922079993,0.014457751143743817,0.7168565867707134
8980,8160,OK,242,779,,53.616756,0.09483940509558553,0.008950314066409268,8.250576418797545,8.251126339070254,0.04896033450802432,8.721029584314055,1.7828799835200662,0.9014337753083284,0.5841165191057636,1.390366888727561,1.5022918602849196,163.88367084292366,-11.976684117521776,-1.4905361377757194,0.3800913577705022,0.5991147437126143,-0.5971017816240272,-0.3742479739367431
9080,8310,OK,411,958,,9.2322035,0.05022921306822736,0.04816404016345077,0.04909275966546334,0.08516365223433543,0.029623068132747052,2.7025183277406044,0.7541756677816573,0.4342804125099331,0.117227080328413,0.5372269560698335,3.243657456257018,145.91689611018984,-25.52947949920343,-1.794686985377108,-0.009330597557892055,0.7078879459259375,-0.7054324966113761,0.03424308231761072
8780,8070,OK,1161,1848,,13.04197,0.1302556494472683,0.09407878381380974,5.004046138418459,5.006625121496266,0.029357098113310512,3.5523636491290755,3.658590532053059,1.5161387723197766,1.061248239975073,3.148567351442101,1.8147993450300626,202.78525315956003,1.2789466883578118,-0.11792590947165243,0.4020234101037587,0.5944267513736808,-0.5827354577227223,-0.381383535686278
8960,8200,OK,858,1484,,20.317253,0.8630893838119507,0.16112565804090498,4.525787731187468,4.610166954666069,0.02029718710970889,6.0031295871143975,1.405864337237916,0.837400006701126,0.48733866567081696,0.8778743454426157,1.4443312791794187,164.01059856537137,-13.216868511915374,-1.743200819178081,0.407080146029915,0.5796592802759948,-0.5781141271047936,-0.4050492927287261
9280,8520,OK,936,1550,,9.214862,1.4406463736328405,0.3451775196836552,10.444156952999498,10.548697737296493,0.07024876296936589,9.919433535961577,1.7437648907927858,1.2828095200391645,0.806908463614318,0.33778363780817067,2.6555801157614907,183.50142862352996,-16.778249226163727,-2.201275354698301,-0.5360485242031604,0.42107954778655915,-0.4472763428593937,0.5790404711708903
7820,10630,OK,547,1032,,17.0526,3.5945539601461958,0.29087804441456516,9.754212005177363,10.399523068442674,0.08218324928158159,2.2082766831354035,1.2724761641549855,0.9892673359368458,0.5847528107365543,0.3336649708547679,1.9017573086111594,277.79665721685836,17.509132021820182,3.0374102918512147,0.44469906720232416,0.5723030281223775,-0.5312350139524042,-0.4387497505211019
5140,4130,OK,1189,1806,,9.92509,0.20010610873828122,0.09290184169465453,2.5653231191384487,2.5747924018318167,0.0521098996689208,2.1991354045414293,1.3548091428746412,0.852585040164962,0.4854355243955326,0.8459742889370343,1.381315842520919,130.8013971627246,-168.20339201892196,-0.674146315721202,0.15807883204506315,-0.6873625473911964,0.6938226402577368,-0.14544399323773122
9300,8490,OK,325,818,,28.859884,2.416868905297618,1.3128535047408927,15.880381072420686,16.116803114625498,0.05422649415004333,6.340109092856778,1.625422107927568,1.3442469238094419,0.8454670228110226,0.23933031396534687,3.2663116004019406,184.6308428776079,-16.4207872523113,-2.792118701511705,-0.5314098676336309,0.422004118465305,-0.43732177683853735,0.5901404409822397
8980,8170,OK,340,931,,48.580566,1.4161010920047827,0.193394906954461,9.270636389745276,9.38016220348467,0.0767695390971082,5.5906694410492745,1.7310276033192689,1.0170965929223628,0.6090614793606628,1.255492805336659,1.570112164279535,164.02085497070516,-9.9549652550028,-1.3111976663602836,0.3702984408324083,0.6049988103775977,-0.6015712390297028,-0.3673792979075535
9060,8280,OK,1203,1774,,13.66717,0.08994126729845098,0.00521953996469639,0.23197592805351364,0.2488563970585916,0.032778536150018175,2.5322374561428007,0.5398519085630636,0.36832034966241567,0.04068604835461098,0.39636970032201546,3.592970035439986,146.07970126860093,-22.49197830214757,-1.7298410184726318,0.16123389075017636,0.6905547073554064,-0.6903783399502621,-0.14323259527904117
7840,10720,OK,1184,1784,,12.970343,0.841011067288022,0.3727686357832152,7.713850219386846,7.768509591823847,0.08518790062739655,4.755696574239009,1.79576460602648,1.4454862067460619,0.7770838187307016,0.661369939536609,1.6090565887952482,267.28807141990427,20.61789192317511,3.1133854297702577,0.42552707988940014,0.5933112814437467,-0.5539487846641784,-0.400061459730201
9040,8230,OK,550,1136,,19.672394,0.44455109498845347,0.11968739660830723,0.24348450589405024,0.5208027011957379,0.02709781827224224,2.1408133967814913,1.8353772931865744,0.6819265717195339,0.33554460146069576,1.6411160003841685,1.5601515453325874,148.34688265326838,-19.7071886230138,-1.5801671804620272,-0.289221175595623,-0.6439505074424521,0.651574490351335,0.2777220536347311
9240,8450,OK,1234,1856,,9.68412,0.5317142027691264,0.36922584201008724,4.242440060069605,4.291543472821621,0.05710856657991964,0.24435057363017604,2.46738074049773,1.7669821407309043,1.157962558237089,1.370722164264457,2.4117320032199028,177.17054071502702,-21.067149754433125,-0.7022924601862646,0.579988235590918,-0.4133837469438439,0.40156167325841907,-0.5757393046411723
9220,8410,OK,277,808,,23.43778,3.6200825646375705,0.5225738126644793,7.25682032877578,8.126470479156929,0.1582200484780183,6.501256978863015,1.723751361843331,1.3526327186183456,0.9835651658831748,0.35196625628480227,2.7191566999188823,167.58625724044325,-21.489939300816424,-1.0511748431991417,-0.5544532534229432,0.43092507656253437,-0.4443210151065416,0.556294889148714
8940,8210,OK,540,1230,,31.262028,0.9199894464044848,0.3064083805548671,7.670882769763866,7.731927906067804,0.016346755926260472,12.012575575567126,1.0096729746364275,0.7227330784211523,0.36309515371496603,0.24418183022256734,1.8928828641155673,170.60148110063201,-10.822168436216707,-1.951642065764035,-0.40354303047582185,-0.5804279733247616,0.5816494480582851,0.4024180785079022
5180,4180,OK,873,1587,,12.123674,0.29514279186269216,0.018535412111206136,1.6034685322936943,1.6305103995825145,0.04579401941871844,2.235398573318595,1.259304036714498,0.6329243526110984,0.21891796539081754,1.090855865599269,1.653840166751875,134.3924290899575,-180.36945620968473,-0.6159156372072362,0.14199689143276803,-0.6841162332533811,0.7025143822148459,-0.13526050792426303
8920,8180,OK,775,1371,,13.694911,0.6713418088061174,0.193028966202379,4.603562734825184,4.656259213093206,0.015396306177407842,8.3673064617455,1.473832301330872,0.7389785442955175,0.5140836914457307,1.1329541525595976,1.454232548301239,171.12342536544745,-10.294885159134619,-1.6361697073980945,0.4001224977646408,0.5860403042142841,-0.5835241779598979,-0.3949155382550043
9000,8240,OK,1031,1738,,17.901413,0.20549059638990463,0.1170765648262529,5.152210056565974,5.157635288988138,0.029118665359775975,6.5051937769084045,1.3964838492824017,0.8292041038362875,0.4012524300039766,1.0376532125479976,2.2031165312519874,157.95265606360545,-14.034040845050207,-1.4758837306507762,0.37934630379146117,0.6004610006356031,-0.5955311718091628,-0.3753472950735784
8720,8000,OK,343,844,,19.578297,0.7826503510888134,0.06021191213725281,1.6008853668374097,1.7829753234907135,0.018585106839887816,3.9602998026725804,4.208748816900599,1.1236811342912425,0.6878193473215382,3.9773760477082165,1.3962645231820061,210.1822711703201,3.016733778540106,0.1196665527524442,0.49980923431667523,0.5163580338045721,-0.5054759110356074,-0.47755545602576643
7860,10680,OK,324,853,,24.541801,0.706717838999943,0.40024750295614775,2.217828247695591,2.3618658522151246,0.024155249573212155,8.120081249887404,1.2154180864693833,0.7111800791726903,0.3789650726145357,0.8216758457249078,1.4398219398409902,255.49925533045877,15.46249994421986,1.6121187349305162,0.43821019550532603,0.5575397576514712,-0.5417437483292753,-0.4512592983410638
7800,10630,OK,835,1418,,15.7397375,0.26119508698545374,0.1712351992549206,3.920518275238342,3.932938839266005,0.026229748483861188,5.057261851817195,1.1024034989566172,0.7207578860083651,0.4346965819189369,0.6903664012853268,1.3775623232301706,278.25338702896505,21.839428968135255,2.4567208529327975,0.4073506466650051,0.5828669367733393,-0.5721099515206706,-0.40868299212113324
7840,10640,OK,289,822,,26.53804,1.5521277052230933,0.22737880316512846,6.0352788672715025,6.235815306692775,0.02562775009482962,7.4561267086691805,1.175975414754238,0.904021306581769,0.5101658479278477,0.5195839678480985,1.4110517995073206,266.59212341798093,17.029538378401796,2.4677336102150664,0.4434664437640506,0.5654164542614231,-0.5384945087967283,-0.44007432383800404
9340,8580,OK,1046,1587,,12.562668,0.1638739869488396,0.20353527334403032,3.8675763702881527,3.876393719825815,0.03897620335602276,5.075788251452625,0.9962638396756197,0.7175120723314221,0.3034763125372688,0.3606375557007784,1.6336167609260814,207.72205540878025,-13.183213088442713,0.02841170555849104,-0.5742124985559405,0.40106991940729086,-0.4049490966685318,0.5877407211995044
5140,4140,OK,993,1611,,10.534066,0.05258669967344509,0.12858651271552723,3.6232931473339116,3.6259554718379774,0.10291873355426759,4.726259579338586,1.0412710469841446,0.7375809089540366,0.439739772352836,0.3278916689893192,1.2951627164664272,129.60443393981274,-167.5569056672496,-1.0675200894118033,0.1745144834468456,-0.6743574005555083,0.6983560447364671,-0.1645771131212846
8940,8150,OK,393,985,,27.640877,0.82850702796,0.25996746310701413,1.6860365972446298,1.8965037264665892,0.024555540639989108,4.717657890848243,1.882938731251392,0.9348101893111197,0.5866070167868858,1.4164978828213113,1.5464133975329033,164.93520263357033,-12.784169545689611,-1.6120097672272835,-0.40564668951222044,-0.5764448955120334,0.5823841150383019,0.40495776110225523
9400,8630,OK,818,1238,,14.120176,0.1091540060169518,0.06827341190323258,0.3160412220156057,0.34125929996935556,0.02937402222309547,3.078038514008727,0.6171254853618636,0.3254323547239022,0.061069493075726955,0.4881829788829153,2.4935747170509166,219.2653477809936,-7.421650134174085,0.11517230461348134,-0.6349082701603892,0.27296926818943357,-0.28280971305868813,0.6651300123327242
8760,8050,OK,1191,1860,,13.991453,0.19145865578264415,0.0350869818893045,2.490709230142829,2.498303420781968,0.052318295592449,1.7242692753793607,4.322385120597506,1.3751805301791968,0.9149035053910057,3.834562705691843,1.668563586765362,205.13008800533134,2.4416367047060312,-0.19584755689419367,0.383362175096976,0.6030763042303297,-0.5954807996886776,-0.36706270742604075
9140,8370,OK,902,1262,,13.557353,0.20759125690438762,0.01736620347446425,1.3486964767827714,1.3646896722158195,0.01648680080537325,3.829832466867811,2.859569310327714,0.8127276496854974,0.43609756019499146,2.6399152805317385,3.473097017749339,153.34365378299495,-30.28093830027085,-1.7876611435384315,-0.5113774426782595,0.4782443828096998,-0.46919312030564725,0.5381758423495646
9120,8320,OK,561,794,,16.580276,0.8369835004133612,0.13349840311667494,0.5630430391728858,1.0175365681684099,0.015572131897316824,3.557143945127993,1.1590752145858576,0.5380471034417412,0.2900069241294547,0.9892282744739145,3.76557669158432,150.4678052797447,-28.83734068968696,-1.6086932583448355,-0.39318434004144015,0.5855729852597956,-0.5733090963620013,0.41692569327002843
9300,8520,OK,1105,1678,,9.3264475,0.20008031527200654,0.276826375126715,6.539275366413531,6.548189619452689,0.05621486454122013,3.3168622665866545,1.8800471495512259,1.408648503747986,0.8700839548262449,0.4008357315368065,2.3858785244990517,194.23340911165343,-16.652162838125424,-0.19361148548658524,-0.5712889386384066,0.4158487961413139,-0.4019055127538015,0.5823836245597284
5080,4090,OK,907,1564,,11.311679,0.5495835776854434,0.11371933189280758,7.358828651971108,7.380198732038223,0.05958288159404726,6.005597810009481,2.0410894966764968,1.274279486013249,0.9127114767559581,1.3252795490607125,3.6429346873953925,122.42613333985098,-150.91598422346274,-0.6989918496146925,0.1549364431347761,-0.688516083462142,0.6909712270351177,-0.15652177104888884
7820,10700,OK,919,1489,,14.764376,0.6305631002979469,0.1017333395953431,9.859740558579622,9.88040704517494,0.042759314770008064,9.229049749229125,1.6126434661461524,1.2937198097365123,0.7039912381679407,0.44473084222137693,2.0667829855404105,276.91617553082676,21.72535961348376,3.2701346624370657,0.41544040583593017,0.5986593910247562,-0.555329945707061,-0.4007803065742359
7940,10840,OK,569,1051,,22.55749,2.0860360937349074,0.5613295283882078,5.326922099924626,5.748281176357912,0.12958197824421835,4.565527666795558,1.6969792664779808,1.0710348280573325,0.6308464436865795,1.0969744105322743,1.3753531376889923,232.11613235747544,13.371943239431895,0.43911039575975763,0.3754409787558314,0.6039634140781617,-0.5979422565173038,-0.36978010194831895
9000,8170,OK,318,829,,47.097168,1.1009091236420383,0.21493501427807196,10.57328535070393,10.632617789909093,0.08225884081982582,8.789219479765183,1.3288815472238673,0.9185473346217603,0.5653653018508851,0.8232555211953061,1.7844826938765221,162.3368855648777,-10.882682820591922,-1.3338930129374726,0.36256985072737796,0.6091551868232149,-0.6064392484250305,-0.3601451091984801
8900,8150,OK,1012,1627,,11.827785,0.4524441433314375,0.0017854034145313776,3.0201672918309277,3.0538695717311883,0.011450833909782484,2.7714936115863678,2.547084809550337,1.0480119359204623,0.6784496980402004,2.1094562012574665,1.5679441758635124,173.12249985712228,-9.433820257627685,-1.1973976377182494,0.4027624730891198,0.5911186856030436,-0.5817768888908923,-0.38716500533299847
7820,10690,OK,1072,1602,,13.099291,0.8433565321982328,0.28612783051286883,7.476531889388716,7.529385663441728,0.02837030719469088,7.922683931221876,1.3069365900969032,1.029560630486185,0.549909333804016,0.2784766045449327,1.8854174522986702,274.9420508131837,20.08887956812372,1.9722563549453747,0.4180702673716385,0.5765804564017921,-0.560716265454294,-0.42233813288678734
9000,8220,OK,937,1602,,14.45582,0.2087850697501864,0.18193661649461945,3.4955420127458168,3.506494845375247,0.0530513203841103,3.4401869815720447,1.1890877199954124,0.807356204944213,0.4423100189764382,0.6100413943483805,1.6555848637884614,156.44831581599138,-14.689207994550848,-1.3304778982441625,0.3788352079305117,0.605783420329286,-0.5981066611553746,-0.3630134360708532
7880,10790,OK,1131,1650,,12.507754,0.021789495312510374,0.0611837427066639,1.1953012982548752,1.1970645037287504,0.03323780367855962,3.065816299337231,1.2445276130946767,0.48571217545783957,0.2885390983443725,1.126353693302372,1.1994981125959332,247.1243581305407,14.703798015195174,1.5197363905573402,0.43234313820396575,0.5735901013854265,-0.548631030941942,-0.4278759146390278
5080,4070,OK,884,1526,,12.897821,0.2715080412586002,0.3111884491883799,3.651603569004996,3.674882786232287,0.03234136897127474,0.9738501565236731,1.7756113256706596,1.2021461212441555,0.7951885164464667,1.2091811834598465,3.233366484918357,124.71961686226688,-153.90819876462322,-0.4994589327502478,-0.13999680223078653,0.6972851156929611,-0.6890498957260341,0.13930040918155748
7980,10860,OK,379,819,,42.730522,1.9499868834153262,0.41368074889723794,6.0704177145293405,6.389331094596024,0.1039411469090944,9.420080363747582,1.503614225467476,0.8840136933257199,0.5222780770512094,1.0883682626678741,1.3785420031054538,224.80820570005426,10.523928729885407,0.3345072946103193,0.3681641341873705,0.6069450620982706,-0.5980767133656172,-0.3719907348609258
9280,8510,OK,1049,1675,,10.409435,0.31625076433730454,0.14612122711058065,7.918480524701708,7.926140282573635,0.060716432233159895,6.802352507766697,1.559240454431384,1.2606249313366742,0.77178289801789,0.1921277394831593,2.96648180643484,186.6397076833706,-19.1136478274953,-0.588059041683235,-0.5746387793773536,0.40365825061176425,-0.3988740828778287,0.5897031083156392
7900,10830,OK,1105,1681,,13.452622,0.009892403219020823,0.04220820187106122,4.017520765846149,4.017754658506623,0.04424526362750719,4.860654448594125,1.3178039256700411,0.8597951822688035,0.49881992599234337,0.7878355396518,1.2875316383972752,242.89024279190969,14.203963686728933,1.571292350704624,0.4284414166176504,0.5850082784916584,-0.5565097983011611,-0.4055861326742918
9300,8530,OK,1072,1653,,7.9935627,0.24851542894862752,0.08193754378065739,6.4299100593992415,6.4352324784322965,0.027359430527561183,6.232872101143114,1.5163284671628945,1.11273981278004,0.6748773647780424,0.2729952050432338,1.8592268602325166,194.26475900171172,-16.38286452622184,-0.4823078428130316,-0.5611645525040577,0.42027832268279636,-0.4118167253641022,0.5821232354117498
7840,10730,OK,1096,1569,,12.738445,0.12822019848115201,0.2060932716582229,7.968548018126749,7.97224387315849,0.03649133409413613,6.294407624956936,1.9421297111622207,1.3738694531908682,0.7966839273886488,0.9534335503715416,1.6197621857891131,267.96322805565023,19.487111111678978,2.8510548248803302,0.43444097751911637,0.5818269043888837,-0.5453193653235466,-0.4187663790045799
8840,8070,OK,234,751,,58.819836,1.8285195910146341,0.1805442004917944,2.6846422584462992,3.2532113609311017,0.08402135014124053,12.806993753587458,4.188924472626623,1.3524910700245654,0.9481346244207822,3.7527186739825,1.8418874278411848,184.656314722251,-3.9927487587390242,-0.6935445153797428,0.38620373166773075,0.6026411890980671,-0.5927122799663372,-0.3692728368367937
9000,8190,OK,704,1282,,28.154083,2.139738000000626,0.9164049132754398,7.784762348073301,8.125318546967975,0.09616827066735797,3.167352104852092,1.3106032537872077,0.764205837808924,0.48261542128801116,0.9242009085154841,1.5515107114988487,159.16340825352756,-10.83701091560468,-0.5734663166092455,0.36160230819960043,0.6179398387495388,-0.6020850475365582,-0.353394569742965
5160,4160,OK,1060,1566,,13.228922,0.2383966356900941,0.15078610502481013,3.502113274009467,3.513455107066293,0.0831584780612765,3.7786506780132387,1.1666182656448405,0.8854271351948194,0.4094451664163714,0.48494662174035064,1.247359221774083,131.6183162414516,-173.04078318918238,-1.0204426308474073,0.1505921706288809,-0.6784439823677006,0.704530402355849,-0.14377994676116237
8980,8180,OK,576,1185,,43.516197,0.39358983526596164,0.7133997557972465,7.275055415612777,7.320538468598677,0.054592489045858,2.6626895491156573,2.041084014984533,0.8381493914844584,0.5828219840994069,1.6892471540492724,1.4586134970253095,162.6725086631362,-11.66083807850757,-0.7502456961567204,0.3801825051405819,0.6045243549719678,-0.5933920404053228,-0.3713454637051132
7960,10910,OK,1169,1611,,12.674453,0.09757933425132183,0.03615747174173713,5.636404221243593,5.637364777490302,0.0379927261071624,3.859145684464646,2.763197370468124,1.4432015985270805,0.8929184694433165,2.184159732016022,1.6593757586580256,229.01014781719516,10.43382352477688,1.195080315105739,0.40981891888574895,0.6130973363143161,-0.5598072795954065,-0.37785700951497064
9260,8470,OK,1065,1644,,10.441075,0.5217432677062692,0.24196506909703092,3.9423278259639964,3.9840572058430532,0.11500637452194096,0.2913449827968258,2.2008099965968917,1.5244157885524605,1.0043362279118515,1.404128850169573,2.805706488650686,184.33820271454266,-20.283648815632844,-0.7548170321962153,-0.5937261218849965,0.38066371276921873,-0.3710970849574866,0.6040458455350981
9020,8220,OK,849,1463,,18.619986,0.1404047220512905,0.24686844384489415,1.5874444583908724,1.612649194033405,0.045181231194231765,0.8459909069435201,1.3083532474148245,0.5930810902916515,0.3053727483233468,0.9947556538670028,1.7471545301906803,151.8219089287,-16.896396771679537,-1.3964574091042736,0.35879163492789207,0.6170317496032554,-0.6106464030076899,-0.34300343027597513
8800,8080,OK,1147,1832,,12.6882,0.2188376312110594,0.08882460512472518,3.3924778928912707,3.4006890438653206,0.01750388209907856,1.6951850711296184,3.5790217175665027,1.6015900511856582,1.0098087114373517,3.0650648626538057,1.7152744706552205,196.20741314665221,-1.3607278057471766,-0.31511628834786287,0.41416108298082666,0.5916271968703135,-0.5703440352564751,-0.39135091505563724
7960,10850,OK,395,824,,32.458435,2.0797620724949715,0.42066670310412235,3.1379366797248758,3.788009683099008,0.1244309724938373,7.0908326216462,1.7079121851325698,0.9908373617305797,0.577446676095015,1.2737165696785744,1.406483562827844,225.9967399483547,10.777569650800151,0.4984290826599471,0.3806112727662517,0.6170916841618748,-0.5905331656411189,-0.354405830453442
7880,10810,OK,1128,1759,,13.070611,0.12490893636459982,0.1034799492747849,2.929515907555543,2.934003032531941,0.029054130248228567,7.509700906383704,1.120058311427822,0.5760662973343593,0.3405324860438177,0.9026989097927567,1.2061885325701949,248.80998563732234,15.152412106751525,1.4947224980488645,0.43326831389291925,0.5719510211976684,-0.5483042085129093,-0.42954987190588645
7880,10760,OK,610,1143,,20.018673,0.6847321590501093,0.00854087247590552,0.7675035900482174,1.028587787637485,0.07931115475314526,3.243344148610169,1.3018844672134204,0.6732422386675365,0.3741819996136482,1.0763629656077511,1.2710853292237165,246.5291485689266,14.947500561149296,1.5880323473395292,0.4226116756334501,0.5814725038508162,-0.5599792356234374,-0.4119615935428215
8780,8060,OK,1120,1782,,14.600024,0.46523581777002454,0.22759740257569094,2.653888462441403,2.7039543107964934,0.021183964586331913,0.07883417926578593,4.854793654434232,1.8783514055103436,1.367273493513451,4.1344004900808535,1.8059865883528676,200.79574493676444,-0.1217751108340841,-0.04351817953441762,0.4127563362741596,0.5925066827688525,-0.5708122844453761,-0.39082140891465295
9240,8440,OK,555,1116,,14.171622,1.01598863563266,0.8360320678931685,6.611159117719334,6.740816523692358,0.12139777232076782,3.1942648177919004,2.093437131557281,1.6561678157532962,1.1240963400893844,0.4861141763320651,2.5881471355202015,175.86562269071993,-23.789755821741625,-0.385593535848276,0.6045680180603691,-0.3811793794461526,0.35305474747502896,-0.603781531275135
8800,8090,OK,1064,1784,,11.7686615,0.5214448687581168,0.17786002204469753,5.781258690413764,5.807451332906766,0.08331568061675419,5.353713559225165,2.660222977847564,1.3221023948301993,0.8298090929680142,2.2291320247165425,1.7198339604579171,197.8223996259488,0.9591480051991104,-0.7492776074337002,0.38865415638622497,0.5968121777767348,-0.595386830960271,-0.3718570863923246
8740,8000,OK,352,862,,52.33805,2.403281094546306,0.1418819128746556,10.08867931871575,10.371949715096363,0.015012708896351616,8.410803962280047,3.0876559466357354,1.138098155024768,0.7068050893949787,2.7043526170988343,1.5447513073288714,217.8026810604684,3.767704971131505,0.4069953087062967,0.4226220532489896,0.5785648461309246,-0.5717596143870876,-0.3996802000162587
7900,10790,OK,522,1013,,23.905573,0.6464254212435867,0.02491564224101854,1.2675471881467932,1.4230820386179683,0.005855579615727826,3.9919419735979083,0.8408314679840253,0.5312098323529,0.32646372979660576,0.5525992868148473,1.1719719101547832,240.506943312794,12.513500162460103,1.3025794121412773,0.43634973417963496,0.572502240873597,-0.5496249880116656,-0.4239722470035604
8760,8010,OK,340,786,,76.998505,0.04179766759993142,0.6523823319455779,6.753548130567582,6.785113271268537,0.05379173757724025,10.589262032852812,3.8876337199753417,1.3368060080862323,0.858678725960965,3.5130493386275976,1.6763753424198797,209.2693030584104,3.501344440309487,0.5654974256400854,0.3846398844261629,0.6056092780841816,-0.5932849321841419,-0.36510621858610226
8900,8160,OK,805,1450,,13.934575,0.6227886949166895,0.2354314920829603,4.4665220480476115,4.515873442832059,0.01726870942996485,6.040274984233848,2.002436873770937,0.8900203974611451,0.6179485255306445,1.6046105190268314,1.6163456378342753,174.51905671417276,-9.011056532357328,-1.560964921846185,0.3988136291047322,0.5867061366839971,-0.5864463143775174,-0.3909019298630773
8960,8230,OK,747,1462,,20.659008,0.10837436748506118,0.10095629775546101,7.109441983831333,7.110984636395151,0.037024335466216224,11.610329685113703,1.0966107016945115,0.7951309632614822,0.32347718408962,0.3862630598267973,1.9113419413791652,165.8060760463903,-10.598797811152089,-1.5991311320262414,0.3961024701146392,0.590481209553575,-0.587781685469752,-0.3859371251377173
7980,10890,OK,490,1031,,18.751297,1.377053890800519,0.4350676515169918,2.405985003841375,2.806122791018764,0.12125866844209444,4.129772787910093,1.4903420378922096,0.9432191928868048,0.5337265564527065,1.0047620461008764,1.397229764863049,221.5887271297579,8.812877355101802,0.15925337476749832,-0.36646270484848,-0.6008573147059566,0.6085676548416327,0.36649827121016293
9180,8420,OK,895,1473,,9.147596,0.23142200943796548,0.052953604925978864,8.881460420797675,8.884632768827453,0.04945372996941752,8.728556430843138,1.683475460196329,1.3178753537864702,0.8711005109770542,0.679642195370719,3.2137453343830975,156.16335411449106,-30.880929991323608,-1.547797883184429,-0.5934195333218321,0.37334395394131364,-0.3686253513577536,0.6103956912232735
5080,4060,OK,732,1358,,15.102272,0.05025085068479462,0.38745361826601027,2.74465337497536,2.7723216990575974,0.027358595272581773,2.0985076271583085,2.1529573772484785,1.2864639561176188,0.8112807629997694,1.6319378948270975,3.1966251348707355,125.40176002359586,-154.59345482983662,-0.513183520396716,-0.13509460461774986,0.6970896304029672,-0.6914005247968097,0.13334470105153942
8860,8090,OK,290,863,,48.073784,1.2660633435093676,0.10527566802577207,5.055840989953085,5.213015199646572,0.08461476887713328,10.274783480847328,4.1260281723774295,1.5393719336622302,0.9970125377092574,3.6981640691492066,1.7880553179336809,182.4537977395194,-4.8071149149599774,-0.821887693664921,0.3809513166096605,0.6044415870446952,-0.5951095794490052,-0.3679280509451334
8740,8020,OK,698,1163,,21.598198,0.25894478222669826,0.2992873038507653,0.777176529968318,0.8721402692355676,0.01714634008467654,2.974465309898557,4.182176893560616,1.532409336815912,1.0405806125517651,3.728609456043788,1.9961169967936316,208.28780382533185,2.80243020786087,0.22929019841927853,0.42426255918248756,0.5846197582509531,-0.5642776205923724,-0.3997646633172245
9280,8490,OK,1217,1849,,9.786075,0.5228194247518507,0.13861803476626908,3.446694652571013,3.488876486567264,0.13297993963142135,0.26424554147177304,1.8464801401280222,1.4151946814862577,0.9438337061333741,0.9624164135082713,3.124214202313916,191.1647085447181,-18.19162161278407,-0.6999678405350896,-0.588925348272314,0.382158911090423,-0.37628930897042234,0.6045889982385372
8960,8170,OK,677,1287,,14.490624,0.13271522751416762,0.5353249701736915,2.1608249818513556,2.230101064413564,0.05621348497703028,2.178663643858139,1.9633368520257202,1.139904625230666,0.6955174758379474,1.295831973832458,1.8401425701992107,161.4855355808209,-13.21683804752426,-0.9468480830689916,0.40505809782963687,0.6024303887399806,-0.5768690690984404,-0.3744698135000081
8760,8040,OK,702,1172,,19.047482,0.9665014354244946,0.2684713397942255,1.8924602788937124,2.141870162301857,0.10037545449231343,1.617848370852596,3.9018112432997603,1.488002028997236,1.0191352847485278,3.355957069136492,1.7484006999539854,204.25681179065603,2.7033515645213018,-0.44722773044691044,-0.36358290550535033,-0.6076271725509085,0.6084335774933958,0.358336813320462
9340,8600,OK,788,1437,,14.262233,0.5408869314665158,0.13853899384018573,3.3833519504435907,3.4291139009977436,0.03813802233229731,7.626574951562482,1.1983738201551242,0.6986440598601558,0.33553710856109786,0.8177121621662913,1.3581530916972484,208.3825205367303,-13.462269832274616,-0.49129752204146776,-0.5667729230869505,0.3993811239195165,-0.4045239511122834,0.5963418017284756
8940,8160,OK,800,1444,,15.647335,0.6980381358136154,0.007085612498128925,1.4638471770722394,1.6217755710260853,0.013865168590588745,1.4600920173772336,2.5319609078321568,1.0629705964139777,0.7357783693488429,2.076964045582379,1.654947951871391,164.6911407309611,-12.767621577095158,-1.42959155942717,0.4104551877474785,0.5815504831967755,-0.5760234457773267,-0.40189869900211705
8840,8090,OK,423,1010,,28.957537,1.3274805417778313,0.03842244273362158,0.08485695061491949,1.3307447444840974,0.08790792963197562,5.533017049881106,3.2572734471624654,1.1642304844717062,0.6999211165112498,2.942818902121881,1.676628301418747,182.156802560722,-5.086928675101658,-0.9440078155258211,0.38505995672380017,0.6001763989434287,-0.5962820041618202,-0.36873417442912254
8940,8130,OK,183,710,,41.07393,1.4851434573062943,0.31406505723993666,1.5123594361127992,2.142783006503048,0.02524560581730732,11.627803166869107,1.9659584817841236,0.8742742185751641,0.5646578377026574,1.636789565810576,1.9390308874290263,164.96176499632207,-13.369661826020842,-1.51906008691287,-0.4048491636102367,-0.5770926503956145,0.5806619608030191,0.4072995394790546
7900,10810,OK,1179,1752,,12.701207,0.02656405171598536,0.0004230697978913544,0.6643985850451285,0.6649295508861012,0.03899356957916055,0.462405279430714,1.3486170493295906,0.5286830566104352,0.2945222085379515,1.205734756540334,1.1342354234710421,239.74285458037025,13.037322981285879,1.2960462635931296,0.4268667274462426,0.5816926963543336,-0.5584112288206623,-0.40938405383497567
8840,8130,OK,888,1591,,15.098966,0.11930004721763249,0.19389336328652576,6.67679823540859,6.68067824505476,0.0596717081618244,9.096967704899262,2.2870704566532694,1.0356501595962346,0.6442353962586538,1.8687594551329823,1.6538060050984429,188.51382322199953,-2.4751857232096457,-1.1165835322384203,0.38972445661525124,0.596334069524602,-0.5896689145757363,-0.38051425285164686
5080,4040,OK,348,725,,36.26481,2.208295061495185,0.3310117365053767,3.751277370903198,4.365571871104488,0.1085808822970348,7.1036467421334395,1.8706079275822025,1.1633659324276908,0.8415271249340259,1.2050623530483477,3.418451718952027,126.73773047838597,-153.14163788588243,-1.2286844151926413,0.0968681565103096,-0.6890588106563775,0.7112743123406242,-0.09951566869335303
8800,8110,OK,489,1192,,35.88631,0.3207972703185741,0.46044933595603776,7.096595130771078,7.118748972235921,0.06020415408088767,12.693981910323373,2.8943278085280597,1.1820320008779128,0.7582776892863081,2.4641217151943042,1.633226753503109,199.08973556888964,1.4552313549083644,-1.2081817194836355,0.38956006830072565,0.5937839553696888,-0.5891512104042492,-0.3854405515903452
9240,8470,OK,799,1388,,12.236203,0.1648022083911781,0.11417623173736005,8.704569774372727,8.706878369238176,0.07503368629977623,6.903190917365122,1.6604251020172538,1.2702779828200483,0.8353712106163234,0.6901999584856879,2.8832385895219814,173.6050586165006,-24.235211233525103,-1.12134202028826,-0.5888127155415954,0.3780491139473415,-0.37535830405239584,0.6078524467657189
7840,10670,OK,693,1176,,19.675562,1.7159133151423172,0.9720565683963592,6.69210891696542,6.976644912404048,0.06171813126462425,2.2357581383612164,1.5427640704128478,1.2061984297257666,0.6508294248129673,0.684925854059701,1.5073850758220884,267.27559204808813,16.87036573588409,1.0546989853614483,-0.4342213266065046,-0.5491910216252444,0.5515214559179136,0.45350319177321397
9220,8420,OK,508,1053,,16.390934,1.110012378469688,0.5234439796861481,3.9386323869218325,4.1254025451506156,0.13832695986327695,3.315463083988585,1.9536224063428673,1.5998665527425557,1.0635963359547431,0.6547900714504395,2.6068636273664043,172.2396147193143,-24.870968861011946,-0.9241270776649871,-0.6104458257582224,0.3651318076481265,-0.3440965492987071,0.6128884250976651
9480,8680,OK,519,1028,,17.71315,0.03714802931436534,0.03964578371573383,0.7878858253227676,0.7897568220616485,0.04373183402466173,3.8075524809751715,1.823588776951227,0.5388068826912217,0.26690227741612915,1.7031275809569095,1.1305781081834654,216.91715872957573,5.99849051420893,0.3726084103602661,-0.6836571069262085,-0.18227187060842504,0.14439160227248873,0.6917665722824251
8800,8050,OK,290,845,,44.990746,1.3201933151296792,0.05073574740159423,10.52859926564914,10.611168031937158,0.053463555466681606,8.900333942571422,3.4943280602460396,1.3029519851770712,0.8145690109631865,3.037160988239873,1.6057884225230215,202.26703835272957,2.578623580890371,-0.24713579866483593,0.3946318557618661,0.5985023238612949,-0.5827733577678104,-0.382669413758935
7920,10880,OK,1073,1512,,16.6443,0.8732541150144859,0.32172790657935985,8.839017312695045,8.887874248063167,0.08465201690146466,7.854843925157356,2.098218021298091,1.4219914200306722,0.916411143165156,1.143428712419868,1.5818283172685772,240.7189580178947,15.990972474933532,0.9710173248779376,0.4001882049508615,0.5976353512235457,-0.5769038588176488,-0.38712184808845757
5100,4110,OK,866,1519,,11.086977,0.37942503106543946,0.05606532127916203,6.375740704034358,6.387266723687816,0.04678363918694991,7.118890402804984,1.9980225173739419,1.0882032342041468,0.7296077429750552,1.457412522827946,2.7052510461511736,125.15963088459918,-155.34580150124106,-0.9904070836459683,0.1668793176387731,-0.6815999803152125,0.6929094699114104,-0.16567808148879434
9240,8430,OK,311,807,,25.95047,11.927888916203504,2.6023430202260447,23.833380993757494,26.77828920573177,0.1892481741496582,6.5248420501852396,1.8370739091190496,1.441256673272286,1.0346261631255902,0.37659007268420286,2.934480866603281,156.20344069826749,-14.023199780352162,-5.232339861580817,-0.5200384699310205,0.4345541405354764,-0.46494811328917995,0.5696893369935129
7940,10850,OK,661,1221,,20.515633,1.6459266457360102,0.5798440145911238,5.46000570345911,5.732098733117475,0.1165251466245317,2.6177008710076,1.7885707872402683,1.1322703228871662,0.6549056828897228,1.1894030147119583,1.4159543267850985,232.37688101828184,13.245498784556748,0.37880421808697473,0.3758203239183119,0.6023280724859856,-0.5943887229937218,-0.3777062657716244
8880,8120,OK,578,1182,,21.931507,1.5435949034797614,0.2974008251916327,2.313693195293968,2.797196574934084,0.11905747832637548,3.6978887483897886,2.9388147841663135,1.3056477031716185,0.8202085350637125,2.3654023198443075,1.6570070769040088,175.4555218859861,-6.780400326848122,-1.4324923008071806,-0.3687039062265209,-0.6013372796930463,0.6117897551926954,0.3580002807623671
9080,8290,OK,897,1502,,17.71633,1.2867055491316255,0.5042017774735366,6.632880534575161,6.775318058107653,0.027928527075078376,2.0466971443917337,1.342174082485791,0.515792685049258,0.27485437581351624,0.9387191306537188,3.744275476428933,146.89793767387226,-18.883722004914983,-1.0704403163389573,0.0014292243025055044,0.7117140173363349,-0.7016265318637549,0.03437040339750967
8820,8100,OK,925,1629,,14.32584,0.7309904579792719,0.17299852728042717,4.53748022241022,4.5992393185027725,0.08416867624214099,3.4286373892218367,2.7202611647735666,1.2369289227073879,0.7783403024412223,2.3478065475614933,1.5996096180513286,191.34036192798476,-1.2719197181784105,-0.9160530030469746,0.38726885020237456,0.5983290147413243,-0.5944905465722995,-0.3722985600533199
9300,8500,OK,458,958,,15.450001,2.2672596615598417,0.527292911848119,6.361414120707203,6.773927502044491,0.1055888921099556,3.0435881698210263,1.7089129114786017,1.3723407213715786,0.8268414010530172,0.5221713604575262,3.2379421196000004,193.85876967646107,-13.84003361750386,-1.4822132887632289,-0.5247243081321337,0.4287004983466527,-0.4647017280851132,0.5700285844475652
9460,8670,OK,948,1581,,16.16885,0.19127967545768815,0.21067991518731652,1.721407390462038,1.744768564837141,0.03417183127616232,1.082544444074873,0.7520449205010085,0.49178773304513257,0.2727904813480517,0.40466897815410263,1.1689929660379814,219.42602245309624,-0.4443846420421176,0.5331906545583057,-0.6884175311211441,-0.13908861500598976,0.11177571359416183,0.703023363673854
9180,8400,OK,1111,1696,,8.850187,0.016326925571794992,0.1730204870653282,4.948930242982438,4.951980735761112,0.05380750968337807,2.4473354773602165,1.9223517013650635,1.2659607510510675,0.9421759054340888,1.2325849337278942,2.909626560873614,159.67112308897515,-29.055632825186482,-1.3502910461178181,-0.5975638296868546,0.3755020151212739,-0.3669645129167956,0.6060138219129835
9180,8380,OK,529,1053,,14.238061,0.4864599422852364,0.2774339538314087,2.082527247760872,2.1565093581649855,0.02516833710049393,3.4359832259787293,2.0922652548113554,1.4108318286665233,0.8537745294614085,1.3032004323631217,2.742930300711384,161.9371200470321,-27.134874891260175,-1.3745933666013341,-0.5849658248552196,0.39297803168852047,-0.38312615062871364,0.597157938125328
9340,8590,OK,1020,1629,,14.175434,0.2930296143570701,0.11691795594345349,3.724286484902457,3.737625714934462,0.03849441048147271,6.3775386680094615,1.1341414948067732,0.7367354017276906,0.3139503728283817,0.7147482405821854,1.6061940256808134,207.93014854664497,-13.307059982775682,-0.08641203910442097,-0.5729734784491399,0.3995798924545978,-0.4054892004831815,0.5895895274098544
8940,8170,OK,1138,1849,,11.297945,0.6343991958210913,0.11755524371402061,2.4891877124593424,2.5714464884266373,0.013695428510188252,1.7119289642415711,2.3475381311654426,0.9622824124710724,0.6472591092428748,1.9886705995554337,1.7896446905198053,165.6390475113832,-12.341366178580111,-1.5860405753488647,0.40226648236657947,0.5825621029524812,-0.5804068138540202,-0.4024065156030973
5120,4130,OK,962,1514,,10.184164,0.08870889526291037,0.20312375406038832,5.569344673547374,5.573753548582218,0.10586023464438794,7.53212769943475,1.1508012219326933,0.763753680181243,0.46458878524948855,0.271586787114539,1.6813766998094786,126.45109442879381,-161.0014868635691,-1.3180607373900415,0.18297478098522643,-0.6717647186755555,0.6948354352717737,-0.18015579412509883
8820,8060,OK,257,716,,62.71182,1.4210178848531225,0.438767695839265,6.822611487730288,6.982824387917388,0.05648750257455705,11.075676021016012,4.271255796208868,1.3931352349015376,0.9656802373390669,3.7599867671492517,1.6147667173665243,193.5561838870225,-0.6662725170725612,-0.9907889099025763,0.3907563847254745,0.5980517294203526,-0.5844193494467106,-0.38483451083015635
7900,10850,OK,1046,1519,,15.567911,0.3726281730837372,0.1838695564779367,7.231368696917492,7.24329710835703,0.05899463301390442,8.921551942019493,1.4924565671823766,0.9847515317033406,0.5616775928934876,0.9134139616517558,1.4129256578054001,245.71442411516117,15.952957978733505,1.2337270032746357,0.41919165190137625,0.5832259202995218,-0.5650514250601122,-0.4060083396982229
9020,8180,OK,358,761,,46.741493,0.1734308614328845,0.02816617010309241,7.26682380232851,7.268947638477238,0.06157959411908065,9.089025706661733,2.403833049574887,0.982738239699458,0.6778698449382334,1.9967127758309937,1.629193355071679,156.8898306839294,-14.446100793158998,-1.5642786325817122,0.344625946383909,0.6179218061351452,-0.6156441474750861,-0.3469695696474684
5120,4120,OK,1103,1786,,11.176716,0.3608440806589591,0.03293773461190869,5.065389952886389,5.078333261977826,0.050868572425485314,4.907435350667723,2.474951191056994,1.2018432419292706,0.7309708191765696,1.9851032919393816,2.149838112061705,127.69206911495662,-160.9830133250549,-0.7723392739145905,0.16578645466768435,-0.6854641351315438,0.6906604823477318,-0.16013078723431984
9440,8650,OK,1052,1583,,16.282951,0.12121001135926307,0.026046068042477482,0.33190260489623985,0.3543015716181563,0.027037441992138495,0.4427478972393283,0.5656130690706161,0.3354123346694511,0.09197852282982044,0.38856629463456294,2.6360798036036552,219.97299641911928,-2.5999780320620816,0.327173997570646,-0.6956916094417934,-0.03015495185489938,0.012655896203971131,0.7175957718118119
9380,8550,OK,296,952,,23.736496,0.6723324883635267,0.5936977256898012,1.895986510260042,2.0974443524171,0.09590613801867585,6.555409517095927,1.5072947171242668,0.7296696333779435,0.44312685346221503,1.0239545087360389,1.5966282635113258,215.7235348369096,-10.241341283427717,0.4568228115306857,-0.6098250014369592,0.34233245363954995,-0.3378327991213334,0.6299134532976598
7900,10870,OK,839,1264,,23.14167,0.7573537423935677,0.49102274158914394,10.923869657885193,10.961095580567667,0.056780123544256315,12.363204991289557,1.9136100021904645,1.3088425963896304,0.8742604190073104,1.0461238785661093,1.655439367167741,249.0510180748115,17.63048317029648,0.9518173797983026,0.41838132497468405,0.5826514886985716,-0.5645675633182246,-0.4083353720640526
9100,8300,OK,470,997,,17.27919,0.21523973439712973,0.14867178846861537,0.48612422729423166,0.5520400423087237,0.047859353734174805,3.4987358782003057,0.738832880905563,0.4843847255466316,0.13490407426044992,0.5178120011104941,3.426055862435433,147.49971293955647,-27.75956265319463,-1.6098936399094796,-0.21429258279220417,0.67689485501577,-0.6614080778750198,0.24172587518736577
7880,10800,OK,1086,1696,,12.145712,0.02154738655347045,0.08812242817271934,1.1388663304409103,1.1424737943717946,0.034788157131025045,5.294296207078641,1.2763765119800643,0.448803704406171,0.23660090982152981,1.1913098789167362,1.1683987095127673,247.05504646735977,14.772085611107013,1.4817814280392678,0.43169201319397144,0.573923167932576,-0.5489692111567513,-0.4276529062881556
9360,8570,OK,1092,1797,,14.433702,2.2999421922363013,0.7455268559762404,7.575288744693398,7.951763574584509,0.11771535420165243,0.2019909434646477,1.8959754257291082,1.3023728932416243,0.8249452233385055,0.246870086585826,1.8167959549985644,206.90675937212103,-10.06247198431654,-1.3830334961743518,-0.5341418940701372,0.41552609020203746,-0.44299606069424124,0.5880348591452369
8740,8050,OK,1103,1787,,13.130998,0.31065733084262065,0.00929487294719969,7.2323219336740845,7.238996817527455,0.03405222055022237,6.522713402360552,3.4107492492946525,1.5967039884323013,0.9819368384803495,2.7071754355815836,1.7105801569915202,214.0557798076063,5.822082280364503,0.2794675185106392,0.4136820079477405,0.5894432528979952,-0.5727476794055784,-0.3916426223598251
9380,8610,OK,690,1318,,12.564392,0.4055513052937645,0.006470573879038688,1.1628991097956929,1.2316038604662682,0.042000807216689896,2.6102942301658523,0.9911506834057815,0.5420173868933369,0.1983131102045852,0.8904459066659434,1.4569908397137825,216.46144010950653,-10.200577783079275,0.007335111275059786,-0.5959620140145226,0.35276307422523756,-0.3587508308936048,0.6258476912540796
5180,4190,OK,623,1120,,10.931667,0.4101020753720066,0.07309447930747204,1.264234869417452,1.3310959094598025,0.04094939459575492,4.2840503226355935,0.865458753508012,0.5261687597959875,0.1707802328075354,0.6068488139655521,1.589776624193901,134.3767989553841,-180.77051245535552,-0.7019804079216608,0.13664479549455946,-0.6857495474978983,0.7018048555038804,-0.1361826081474993
7900,10770,OK,307,749,,42.89727,0.12108731244181836,0.05056737769120629,4.367527499753342,4.369498330246005,0.055145595398094605,8.267621640104585,2.3580618003782923,0.887345845165012,0.550973464376169,2.079651970231692,1.3268962737747811,243.30649281483514,13.842613408997488,1.4852020719430536,0.4227792816640112,0.5850186918896738,-0.5617740118374216,-0.40425334724581574
8760,8060,OK,1114,1663,,13.660431,0.06807467291535638,0.13038335232847983,4.735832780990159,4.738116303886802,0.058699437477670736,5.144452612177593,3.764007096118762,1.3523856633319673,0.9326315176524771,3.3696201662637035,1.6638379066321047,207.1156256885832,3.536935263527785,-0.2962031279753662,0.3790605500814619,0.6036521606032789,-0.5975248551376388,-0.36726178110943736
7820,10610,OK,391,849,,27.570011,1.551842134687457,0.20636979276714734,4.299579203475798,4.575716755801177,0.03473164986834471,6.273618552386117,1.5458826833143637,0.8238278708826521,0.547002980215961,1.1773631391932282,1.4937413716094032,272.0463634373921,18.578068682381904,2.325833899866648,0.4282082157333402,0.5775214259900362,-0.5469621653951616,-0.4288812377886682
8900,8120,OK,328,906,,45.194588,4.60175884021823,0.6315378853694552,9.20416034982235,10.309781388052098,0.11270207612135831,7.7595504073638395,2.3677613560857846,1.068247749032786,0.6827158867355791,1.9301736565025607,1.6777985373596531,176.47136104957804,-2.6106554991083435,-1.7369386900505335,0.36448334939189225,0.6063539125449386,-0.6044329572098026,-0.36626168376739304
8720,8010,OK,497,1066,,19.524088,0.3374991428401122,0.01413132714835484,0.75962771196098,0.8313480778854654,0.024817311464570363,1.3467681970059844,5.2695244922635744,1.361914353698342,0.8762817089454984,5.016935169987034,1.526897205347893,210.99531326802958,3.526183909898663,0.1019487564166833,0.4981483929374191,0.5179332886624408,-0.5071730577228144,-0.47578227859943056
8700,8690,OK,518,893,,15.550861,0.08548671488411284,0.055204558232950715,0.36615566398526544,0.38003354054591476,0.03278542343134483,1.9144709447102377,1.199709529924949,0.384381882776198,0.15361302445741742,1.130939933377224,1.0842946561958309,215.35014415924172,3.882539351036029,0.2979753043995971,0.6080664807142477,0.3828409452623852,-0.3644900284175125,-0.592313248920361
9420,8620,OK,781,1177,,19.381279,0.06543749683665065,0.020685728999409115,0.15653421173811077,0.1709178891191772,0.033118009885787426,1.0189130917300746,1.0270715492371663,0.3822575887984495,0.12113089575842162,0.84613311786195,3.0109856146437535,220.1547002378497,-5.192017284226681,0.27917955909394354,-0.68041804751359,0.12054500999645053,-0.13736807584411237,0.7096690728231264
9160,8370,OK,759,1252,,15.79444,1.2169756415188004,0.2395490748279926,4.671035947003476,4.8329070226417254,0.05775343906456254,0.8860912312962482,2.830598408228693,1.6626640601472933,1.0213918080651463,2.0458612027040877,3.248989692324388,154.3070851338158,-28.796662759584272,-2.0723990631584597,-0.5448560415865429,0.424985288571259,-0.42903011047576345,0.5817667597498172
8880,8150,OK,985,1687,,13.305396,0.5245235835209094,0.2438520576935919,4.985643168860739,5.019086233859583,0.021019773260961213,6.833181377250159,2.3687117111227085,1.043345088269389,0.663974507402121,1.9117980444646614,1.5163445097472417,178.77431584724334,-7.308400531827893,-1.485048278884768,0.39705865921330813,0.5882579748361001,-0.5870409016710305,-0.38946110967685066
9160,8400,OK,1026,1535,,9.481577,0.4705951671689378,0.04227628935278617,5.354688394846256,5.375493921669466,0.035953910455410514,7.744865143873501,2.0676272925904806,0.9337231783912525,0.6876335915858298,1.780141963682166,2.847109148589956,154.39791909870044,-31.260431336330406,-1.8224395242804592,-0.5691562570109349,0.40562071359815566,-0.39690233388007135,0.5949802762831538
9140,8360,OK,990,1478,,12.668767,0.017335224933000437,0.0015313407301578742,0.22725786680926707,0.22792321745405433,0.026983502872542565,1.2920417914362412,2.6867638004592234,0.6418382821692985,0.3896391113224129,2.513450128574915,3.354217941340273,154.43068750428753,-29.956174681000906,-1.743405698529041,-0.5135408107110789,0.4767338928561326,-0.46485657885416876,0.5412106726889662
7820,10620,OK,529,1012,,22.514011,1.4181054896103118,0.37135053115263317,3.2098555825877595,3.5287529323714417,0.0711675905598198,4.280181769494343,1.2455997504809488,0.890092490510747,0.5771187149390125,0.7280382972298467,1.5076742458066983,270.9368275156276,18.37956364891356,2.1364434972907778,0.43422140829945355,0.564351092689981,-0.5464533510952166,-0.4408495750603276
7960,10860,OK,486,919,,25.647652,1.020897845160849,0.4922919946232326,1.5334731575450942,1.9068622769186836,0.10259099338486924,5.306931794391139,1.654604162763931,0.9308752458498393,0.5549803195340408,1.234301794277017,1.377791601841503,224.9610464001571,9.397157112202295,0.3812352725250281,0.37978548872440576,0.6143938211138705,-0.5848861243001198,-0.3690412398806485
8980,8210,OK,869,1492,,18.639172,1.0548821070453656,0.08967460905207637,4.266254105493201,4.395650337311955,0.022155266127906862,4.754229577637388,1.2952786740511302,0.8299474673135184,0.4753423119294531,0.6798884060392725,1.553943198312153,160.6130130969268,-14.538685800972939,-1.7412148304422292,-0.3966386540208233,-0.5842052523182927,0.5861150279110214,0.3973048896718138
7860,10770,OK,1116,1661,,11.830963,0.10661977411972445,0.08135957655837173,1.9012579921228552,1.9059824525798053,0.03771353554936241,6.137110489117122,2.64189670445218,0.6872545990676544,0.4352693377251775,2.483680273438962,1.3379043823778367,254.94586423324668,16.459221010063146,1.8180761181847305,0.430119372498504,0.5739213201607543,-0.543157516260526,-0.43656792850154097
5080,4080,OK,1160,1820,,10.274778,0.6031666458635933,0.34394086587953193,6.8537308982712,6.888812128939332,0.05153847463407393,3.3656591314870226,1.900272153252797,1.3688250770101675,0.9698456869550856,1.0451300717211556,3.254134757575905,122.88964161292195,-151.249784955099,-0.35504445690392183,-0.14766489019323967,0.6958364647814274,-0.6862875389608158,0.15171060724883587
8920,8130,OK,324,924,,30.6707,6.946014864001303,0.06981487365041968,9.496589441838896,11.765934201513957,0.15192393293091713,7.908061859458691,1.9912322161667493,1.0484380489050817,0.6558840839289317,1.5409545152780182,1.7124188457820266,171.86989433866586,-1.7767302625858878,-1.05145674079873,0.35398324805477466,0.6168102614111902,-0.6065936731396863,-0.35536611715434346
8820,8080,OK,474,1020,,25.005322,1.2393617168737152,0.0850594315473331,1.191807323517231,1.721527597378742,0.08791824154237667,3.9141152248727296,3.259749781476266,1.2550654398854293,0.7889563348452,2.864535823836437,1.6314696895807275,188.31222702692514,-2.8021342585738203,-0.8253727467085481,0.3885400985159079,0.5978470902291048,-0.5959951450423615,-0.3693307943237007
9400,8560,OK,187,761,,20.581871,0.41360618011359085,0.3623302649231743,0.2516101805016966,0.604699078914091,0.06974343119420498,6.938974772814592,1.4874207668923618,0.6523220135934784,0.3844235738625861,1.1741520743230431,1.4398027402142552,218.91911429398206,-7.752551838836846,0.45134007545568366,-0.6407399173310748,0.2636414113892425,-0.2663518963651572,0.6700762880761715
9160,8390,OK,1139,1647,,9.587642,0.010179486041627273,0.30514485929543056,3.1173974060872167,3.132312818760254,0.031174230080763733,4.743224943215478,1.9228251601522242,0.8981128014020998,0.5557626133338274,1.6538267962877198,2.5886838860169927,156.1697207990647,-29.602534107582013,-2.282259904161378,-0.5493547773146188,0.413331214022427,-0.4122539784917593,0.5978405250349529
5100,4060,OK,341,851,,22.53766,1.8630586624289311,2.145698060237758,6.213011947916876,6.832022044045043,0.17154545676227306,6.252514764382081,1.818972316312844,1.4300732142428152,0.9965283136763436,0.7627712475394937,2.6977528387738023,123.91986549965262,-156.77561790782278,-2.8664856746385308,0.20559501246027326,-0.6317628823622394,0.7253468085211028,-0.18021753158076967
9020,8210,OK,673,1214,,24.680155,0.08403684745302531,0.22845550276407603,1.945827800052596,1.960994629245719,0.06393156980383911,1.8969969685028585,1.3623971350687163,0.6931259561054648,0.3936945762570674,1.0886491723610536,1.9926291286105926,152.05708308149948,-16.586422105134652,-1.4310695279050218,0.35163175401365626,0.6181751778453783,-0.6164378573221304,-0.3379629079133021
9060,8290,OK,957,1153,,19.690199,0.21287292182707063,0.04763597711075829,0.6351937995395454,0.6716064548051746,0.042315730264767856,3.511446012468773,0.6630502377909558,0.41504883994004116,0.04861308632053252,0.5021349942210209,3.457199980826598,145.94922675889674,-22.897134560552836,-1.7776844904577336,0.157998421077534,0.6918126507621564,-0.6905458892011311,-0.13992187137779402
9220,8450,OK,1136,1766,,9.838753,0.214816340486452,0.036165618606993064,7.305759416919295,7.309006407851492,0.051179931706315816,6.663331165449405,1.6805112840292593,1.2597937751619364,0.8204037328763119,0.7511324732400895,1.8808698896663951,168.67210063743198,-25.57300464961522,-1.361614876521542,-0.588102551059608,0.3781529047500477,-0.37916788151820513,0.6061084784848987
9040,8250,OK,1029,1454,,17.660229,0.4070510309474906,0.04747224213581186,0.8527982412408421,0.9461548477032128,0.029009895155250116,1.950503619133712,1.2821228206982949,0.5813130902698503,0.22762966519257577,1.148757103787403,2.285125883435096,148.7256567038269,-19.19404149495822,-1.6603587579682682,-0.28874439419708914,-0.6445307134744966,0.6515583439618854,0.27690893561143465
7980,10930,OK,1190,1774,,12.098381,0.163470395308076,0.043576718880272494,3.971938185479459,3.975539516825409,0.03145755732711514,4.1240193828964316,3.1369712260115605,1.2207168167891058,0.7579415569609653,2.6908805819660233,1.588311275381794,223.5977460007958,8.42837172878221,0.6654025192196774,0.39640392443015515,0.6007441311347772,-0.577296554067155,-0.3856152308528308
9020,8190,OK,474,893,,42.7735,1.2472416142134186,0.09506187409005622,7.2534131655491025,7.36047898946069,0.08755698542800655,6.395683489603271,1.6616373300038652,0.807119899498403,0.5427749003174234,1.2224678747006479,1.8550302329782034,156.03942455667828,-13.086009904527117,-1.5234329023546285,0.3383666883937778,0.6225459665450431,-0.6203055907324351,-0.3364007696632262
9040,8240,OK,744,1296,,16.001171,0.4403492376181761,0.05546598617094428,0.4961402761268884,0.6656869386491591,0.03053497962182145,1.4686157879654134,1.6856149581230724,0.6510152517165162,0.31123165213882364,1.526326090081767,1.6464463927348811,148.51485145883296,-19.493416526096137,-1.64683850536291,-0.2885108995881119,-0.644558029266751,0.6519336607659798,0.276204470794535
7880,10780,OK,960,1461,,10.6809025,0.012115491354590807,0.018327072661324516,0.8842856638900302,0.8845585351374594,0.027999237858869853,0.9242529365491875,2.06880815801485,0.6126705892031241,0.4439915811491866,1.907052645011575,1.3060272773100636,246.83512271037483,14.551849209090083,1.5640024236852939,0.43434305560472036,0.5732048441890721,-0.5468007406103207,-0.4287088367577008
9180,8370,OK,306,812,,19.386902,1.2713373881093726,0.49665741574525357,0.9655314894120552,1.6718906663014113,0.05531479700571679,6.152933517024783,2.268672198212049,1.3707474950743508,0.8202838237916366,1.6692182057986251,3.115767007802509,162.76262634011394,-26.111903464572023,-1.8787512043742345,-0.5602486302985287,0.3913721722337369,-0.40282718502470216,0.608834586776033
9020,8260,OK,785,1436,,13.249728,0.1857431461610533,0.08817945672184396,1.0741251364646462,1.093627423631449,0.027244447750102454,6.183603888739388,1.571099005826087,0.6417846064721182,0.25010426059114454,1.4189064071173334,2.391333455871111,151.3153996265896,-17.095350898106787,-1.7362201156362072,0.36302279891598205,0.6119861680798169,-0.6094891385515946,-0.34958599447607125
9320,8580,OK,846,1488,,16.578262,0.17779631293645115,0.3121738989127141,5.989436402638505,6.000201037740939,0.039109757841758616,10.16851568605769,1.1420719982737495,0.7644518799256005,0.3274174899094182,0.5336589182505609,1.6411538399948162,200.50244475560703,-14.183310599112055,-1.342359278798257,-0.5404390900996275,0.4203072746578702,-0.4287828202710928,0.589417235752678
5140,4110,OK,548,1119,,20.178875,1.2581556443909483,0.14638013915928866,4.90942682894725,5.070192753677137,0.14591325818650788,3.1272731118857906,1.7630935546501574,1.288545412522383,0.7634547044734892,1.2405948404245049,1.9655470102908266,128.66121341369617,-166.8113188804583,-1.031039152788675,0.186547745654489,-0.6672616504067225,0.6979751572982791,-0.18108701853575132
7920,10790,OK,279,734,,32.30842,1.9964927785055249,0.4731057240654866,5.766884959754742,6.121010911590804,0.12524159309620828,10.236905724163341,0.7928593813645809,0.5843823803535205,0.3638413618619323,0.3314442193793825,1.1512133923199417,237.87329329832426,14.208393033759142,0.8672788229007102,0.38532944446714756,0.6024513105841139,-0.5875972900146719,-0.3785539094627561
7960,10840,OK,416,840,,31.759537,2.4009594652536776,0.14267162536341182,5.228558890684523,5.755240187848917,0.12002860606237852,9.039633604801454,1.6163009531648203,0.9382696377772318,0.5515803749811539,1.1504909876405813,1.3691804636920155,227.77586737822674,11.810506356034097,0.8759097892850376,0.38260263755349355,0.6205809869657203,-0.5857850425936774,-0.3540485054724649
9100,8310,OK,933,1532,,16.658482,0.06732576338135421,0.025396949658962043,1.2642808674047363,1.266326922699085,0.056070596506480413,1.875393215579461,0.6930792637574369,0.5305024683949799,0.2106014080027908,0.20590444949440556,3.759418193001145,146.83297499102994,-27.274023897032897,-1.739486431890305,-0.2179915893215988,0.6731133102996457,-0.6635035984485244,0.24323057646676677
8980,8230,OK,762,1457,,21.394234,0.030814789680887245,0.09037594866373486,6.1159325551609385,6.116677887762061,0.03710983384729102,8.196109518212246,1.148186301627953,0.7986966582099075,0.38690184416154727,0.5790405436244717,1.5298348768708159,161.67808266863693,-12.16713606032592,-1.4675086317046588,0.38407618882958583,0.5966066792773557,-0.5950840852959339,-0.3773869139799212
9340,8540,OK,721,1225,,19.05401,3.1863581932009755,1.8837013950741623,12.320999780423584,12.865000780038116,0.11668685061269214,2.3968161906522942,1.8913076656766512,1.400671851233092,0.802601548932433,0.7085674277220217,1.9351280112613303,198.80400160779752,-11.402291310306314,-3.2015240539941443,-0.5179669001674146,0.4177918188230312,-0.4545419419890555,0.5920742431725275
8800,8070,OK,685,1273,,19.70536,0.06773394817888925,0.3801575291558681,1.721718703625258,1.7644894244859712,0.039564387952374276,1.9312961279097707,3.6372185391245946,1.3983101043968926,0.9754167400435318,3.220283148604896,1.764651973495783,194.53203937503926,-1.7028257938764535,-0.16175883190797707,0.4101402726734712,0.5977165490377336,-0.5740259390878409,-0.38080717560476146
7900,10840,OK,1059,1609,,12.32582,0.37482745225654346,0.2424627131101696,5.411443697524312,5.429825658130238,0.07624279415036306,6.975669064244989,1.4257372928086745,0.9482597615958521,0.5407188963070526,0.8400884060910041,1.356361146789458,243.95868716419017,15.461534244827874,1.0685339669847038,0.4134351479402573,0.5850264481627186,-0.5700957793872803,-0.40225145832245374
9360,8580,OK,1051,1735,,14.412586,1.0755932999856654,0.2923070035085789,5.708243852822628,5.816046098043029,0.055888944699781715,1.3567943447722512,1.3216113116026185,1.0023514944012235,0.5337472987558698,0.2175475440539385,1.7039770886191978,208.99349627181917,-11.039613260888757,-0.7191451545642432,-0.5513988769035354,0.4047822491559143,-0.4203628328827631,0.5961591214169059
8820,8110,OK,961,1541,,12.63325,0.3085463986820011,0.22284090232944925,5.000430393832616,5.014894123653623,0.06583950620187402,7.098215320674393,2.0888471503214068,0.9374585840585907,0.6223301009400948,1.7187406456190892,1.5546042710666825,191.9282726729674,-1.3726971665214585,-0.9930136316543383,0.39143558849500915,0.5954582863960057,-0.5904001420172951,-0.3789924557664125
9280,8500,OK,1141,1778,,8.97439,0.5580662732915289,0.19539658011427052,5.2283968294549545,5.261725115887419,0.03180378777816906,3.5592149276180405,1.5691105882862342,1.2379026657744814,0.7518824878829142,0.4112396007222978,3.219985512964671,188.89147269356585,-17.254946007303847,-0.4931214302219107,-0.5656189162621106,0.4216058337355082,-0.4147216357605585,0.5747431838297427
9340,8570,OK,1108,1727,,13.044567,0.6819269098195473,0.0722991768056251,5.194680541129422,5.239747837987194,0.04345231695476254,3.5838674109173323,1.3041211108711912,0.8778507202941597,0.43805431931713823,0.5754749686873382,1.7107495002755906,206.0085747184173,-12.158146545512674,-0.5517728206284542,-0.5472605838590622,0.419377781143055,-0.42955309091561683,0.5831914540891406
9260,8460,OK,477,999,,17.78208,0.5938955846307201,0.7690069966502222,5.6986802796180065,5.780920398660409,0.09563983696765527,3.078775518630216,1.8472887931775848,1.4339470989979852,0.9467901299951123,0.5833765846056789,2.752953628605917,182.62221311966863,-20.711217197505505,-0.2925984781633656,-0.5921410607737081,0.3952878389723037,-0.37417640354769965,0.5942293391734397
9440,8660,OK,1018,1559,,13.75663,0.012968119885813145,0.05904040056657377,0.19798821663889565,0.20701032573348746,0.03456331795163178,1.22978449471131,1.1246580142997487,0.4084046838970764,0.14010275728297716,1.024046574164812,1.9441404951972328,220.0926922962258,-2.05311147070738,0.259048230381328,-0.695444035886199,-0.02963838278858673,0.017972067768470795,0.7177438010851213
8980,8220,OK,741,1472,,18.706285,0.20892158365405922,0.022882770314766418,3.9670998814235245,3.9726632525906775,0.03149729415449713,6.606997953139949,1.0315696844301476,0.6370244367217145,0.3320676158854554,0.6458858303081891,1.4153664928201803,159.8748132010542,-13.400442102591386,-1.5545137599734027,0.38610775414474,0.5948064518286574,-0.5946183605523736,-0.3788866484138962
9160,8360,OK,547,1054,,15.983848,1.5606097780923747,0.019985125019242687,2.432002137929456,2.889729517375806,0.0414750374383396,3.400764489098997,1.752258051540448,1.0911737377907909,0.6064403522059005,1.1745235602344444,3.2563954165929676,156.37447644040705,-27.996003642022696,-1.6879017952677606,-0.5549529401445779,0.4198103195808489,-0.4252769956941823,0.5787279211612693
9160,8380,OK,1177,1676,,11.322377,0.15987341239092975,0.12220763233177716,1.9714225393432425,1.9816662287126503,0.013331090573610758,1.8909092133113152,2.4172196413545306,1.0320169466666185,0.5600497136791178,2.146691748364744,2.604766593359731,157.21067433724812,-29.155706192580055,-1.8904741458419847,-0.5587342037734468,0.4097494538444055,-0.41199867878615737,0.5917588725877495
9000,8200,OK,921,1569,,20.690619,0.08280798967648012,0.015262766172746734,0.9999143619428515,1.0034534600095233,0.06971204336795919,0.8569325489827475,1.2313188226635132,0.6378001408077026,0.39988698047676796,0.9191338236643634,1.3694355454310816,154.17492081771277,-15.730092835199306,-1.6420055686781154,-0.36874914041973705,-0.604543543473399,0.6062724351412316,0.36191837459882137
9040,8220,OK,442,951,,23.852154,0.32850019576201195,0.09314640597870968,0.3895137838154432,0.5179861188725569,0.02721621215377617,3.422117404743544,2.373115686501856,0.7999216646594045,0.4012914407890471,2.1469302454051356,1.4739519073566214,147.81938165930106,-20.089870828233828,-1.5987252143996464,-0.29033884564580614,-0.64325045205809,0.6521285675617137,0.2768764020389448
7840,10690,OK,1094,1656,,11.880997,0.6298494613491958,0.2561471842973644,2.916544579541279,2.994754415379825,0.054641674722807794,0.6436230047746831,1.1999312891624254,0.9394035421262481,0.5039114521763155,0.3847765091503135,1.4667098675369286,263.38827999337224,16.96686633203978,2.506390595740737,0.45232276344171957,0.5707351322526334,-0.5237117104557728,-0.44203118760615107
5160,4180,OK,823,1477,,16.188389,0.3150045577061895,0.12487956629283957,3.751656257079766,3.7669281183397856,0.03040581909987558,8.134778620324761,1.1549151770943136,0.683191595558378,0.28613943040059375,0.778775482605484,1.46732454343435,131.6868996587053,-172.7567674175772,-0.8999982433206757,0.13262393083605253,-0.6873168142657182,0.7029215321656772,-0.12612616467281854
9460,8660,OK,517,1150,,18.942842,0.0378836139123917,0.03528320291366764,0.4205508463149088,0.4237252493622445,0.03673431540515964,2.606552544969749,1.2859366806680361,0.5048333076251115,0.18507464079178848,1.1322235868503623,1.1575249408388015,218.77117665162487,1.5962773120524074,0.4114593779235187,-0.6841127904408663,-0.14054313398338922,0.11287987895554558,0.7067499206737273
7940,10890,OK,1080,1585,,12.28597,0.11973811271822525,0.116674253377956,5.008075099285427,5.010864825269323,0.02321985811389055,4.457802456537444,1.643148830349051,1.0445231299065187,0.5790265949078972,1.0977704961699657,1.45808408355063,232.73905058201225,11.392995803191692,1.1719663937226077,0.41018476668875353,0.5942556800931998,-0.5671162925863217,-0.3962168024410461
8780,8040,OK,290,793,,66.64206,3.078938495764115,0.26949559208182416,9.700178715713216,10.180665855022717,0.10177988089638353,6.755497296926475,2.9465494365942084,1.3056311049135085,0.8936091901460586,2.4002281025630996,1.6322776384275401,205.65156226119015,5.881274221602308,0.040983278700649994,0.3776319662872654,0.605443321472933,-0.6000384584978126,-0.36164392825734715
8920,8150,OK,824,1451,,15.249962,0.8641611099380533,0.07444615424444723,1.889004999098359,2.078618902163104,0.10032192110669387,1.0065615986110346,2.965239439561894,1.1941423637585724,0.7610477324762774,2.510901999809042,1.491721495097839,167.95923424089813,-9.890290539960088,-1.4307819872205136,-0.3800075557321695,-0.6007519493104159,0.6034616845468295,0.3612829199811422
9320,8500,OK,245,716,,36.779083,3.210924116737712,2.1093336168758254,14.981186491984804,15.465939050001403,0.06987247954862144,9.164705504335531,1.6455365636973254,1.318892605296747,0.8421242375755402,0.21619976621352865,2.6509540138201326,191.31712887568776,-13.96731726720724,-3.266788213390969,-0.5307352332479989,0.4143987342779288,-0.4435553497987838,0.5914832650911785
8860,8100,OK,332,939,,46.138725,0.75217142385003,0.20042627137667274,3.9981185592002615,4.073190954833337,0.07429122790266217,6.608277332357785,3.349765608432932,1.276650923291913,0.8071005945200649,3.0469972183559646,1.6326973104803335,181.62066324257012,-5.411078750172372,-1.1269036353123927,0.3795425398687265,0.6014896497487195,-0.5938633079024472,-0.3761436337389246
9040,8260,OK,945,1653,,16.241068,0.21298618320049334,0.012670410867454518,0.60300925781908,0.6396435089652532,0.028868703972984754,3.063027537558211,0.7929955718336286,0.47651387715194105,0.1298786700727259,0.5903771940415936,2.202908396459854,148.3776141672232,-19.19331462401599,-1.700458021411633,-0.2882264040820753,-0.6453190975120497,0.6507887034195,0.277421819397314
9200,8390,OK,242,732,,26.897598,3.1608210152565483,0.29761132623591957,6.081690641687228,6.860490000953091,0.11890737128045165,6.3786479379618495,1.7116065617500011,1.3556481007162993,0.9170522682277507,0.6219630375124341,3.2617416522540923,162.89451173195403,-23.99289933479144,-1.3427806284870236,-0.5625416444843546,0.41777247757511726,-0.42662812211788764,0.5718404503178758
5100,4100,OK,1063,1702,,10.1706915,0.10021001453837894,0.024408393638209527,4.675655993672758,4.676793430103768,0.046331574632190786,4.4396939753950555,2.7870913645180533,1.294982185083728,0.8515434839345857,2.2576589585878963,2.9162976640327454,125.80986408020159,-156.9435878268354,-0.7824566783116447,0.17084952353187166,-0.6846805008372416,0.6899009744729501,-0.1614301629295782
8900,8130,OK,481,1085,,24.584492,1.650957979896739,0.25924411446779205,2.465558797049228,2.9785650813735374,0.13019977176497843,4.143265711692009,2.3013042929588514,1.242083774610607,0.7442459548924951,1.7468229872974574,1.8372020353838037,171.73117418621746,-8.040490495415463,-1.5009340964429627,-0.36760070981537485,-0.6026188003241822,0.6143048060118973,0.3526328188778821
7940,10910,OK,1002,1561,,14.100517,0.5142439296325546,0.3402151483678271,8.536761820926557,8.559000850191113,0.08423846858383802,8.33296537559363,2.310730899140983,1.3369437841833764,0.83392747417607,1.7049088830706118,1.622743307619793,235.41158008791638,14.226192530767864,0.46816140491999536,0.38793974427694733,0.5987330013276386,-0.586192650255142,-0.3839267179011993
8840,8120,OK,1083,1807,,12.795305,0.299647122307685,0.16210502641921762,4.559411426431117,4.572121935487754,0.06647540260535781,5.483659411528744,2.753398075690284,1.0985002172814355,0.7048904296736587,2.311701650463647,1.604961650757232,186.546308144951,-3.310200572646437,-1.0742357353396437,0.3886254033195038,0.5973028879190199,-0.5912859017304408,-0.37759838240274735
5100,4120,OK,808,1457,,11.54196,0.2209213846432927,0.22318257795778637,7.9131560433164,7.919384779588087,0.10241400981045512,9.789871841524114,1.9388443375293756,1.1722483893407896,0.7191152815415633,1.4608936509497221,1.7039967885852123,123.3296134011577,-154.52188520547617,-1.4582812005343768,0.1841087183279188,-0.6712901823427463,0.6934769437647459,-0.1859118054148282
5100,4050,OK,228,753,,28.81874,2.28739815573973,2.2301197933696404,7.783891233063908,8.413951945657269,0.14599189573415952,8.76208838229728,1.6118878100139324,1.2797288081247924,0.8112153898815004,0.6934559544718883,3.2487617086737326,123.00712746066905,-155.44259706659017,-2.9409646992097946,0.1916684785090552,-0.6395084230111273,0.7218463022930313,-0.18229121511944107
7980,10850,OK,347,779,,52.79534,10.404652754883118,1.046528060553912,18.115971518424907,20.917467437230684,0.1729431384937739,11.203941294704208,1.684445835171197,0.9545083152034808,0.5603606116679511,1.262139318553439,1.4021632703581572,230.90954328497335,23.431816151169357,0.2911050451997261,0.34048718708265296,0.6268003205377441,-0.6026705783088047,-0.3577401398323296
8940,8200,OK,607,1186,,34.436543,0.8216114954243178,0.03335338803556615,7.652798456425643,7.696848843038139,0.020789400514804136,9.85405926231408,1.223065298873037,0.734265694880488,0.41992623111279537,0.8248415464101884,1.4413217151463338,170.43335644917363,-10.350693176268923,-1.3059954854420828,0.4002787346237353,0.5892655785692091,-0.5818387778263886,-0.39243680910308454
5100,4080,OK,866,1533,,13.633803,0.2592515962056984,0.2562258191062704,2.9324833083228126,2.9550501542450665,0.0396843484508874,1.1478798121363567,2.55010267760985,1.475849046171862,1.011878863492715,1.7575609745503558,2.591349528376508,127.10252236299824,-158.24902176057444,-0.5694992909446434,-0.14521354709024345,0.6965440731417983,-0.6893836852523877,0.1359761538665501
7820,10670,OK,1157,1771,,13.057943,0.9229087404320409,0.14073173938733013,5.350097430189516,5.430939925846842,0.030649014274520707,5.079722417128319,1.378890819821232,1.0566458415095,0.5739071871602142,0.4956514139867183,1.865620293424493,272.96782532892263,19.172129837198728,2.2590495132700408,0.4240542878170116,0.576649526650794,-0.5514090071569506,-0.4284873291284216
9060,8260,OK,704,996,,25.036,0.5043235851502064,0.10034479784801141,0.1805303405720764,0.5449794132451111,0.018295553437926684,2.4126613675211006,1.1307928661659843,0.4932104542202379,0.16399707776320738,0.9645799902826275,3.276512726218625,146.69549928754088,-22.35102958945816,-1.6433843108998478,0.16392147382712322,0.6894765273361756,-0.6892031724227166,-0.15083386819032035
8900,8140,OK,988,1652,,15.543476,0.5670605582619082,0.10160413403358476,1.14048025637388,1.277723088923282,0.08654116720391347,0.6420823610134931,3.684975710647426,1.2918970219996573,0.8421755563494506,3.2243932713379753,1.8112062198089685,170.9601962396968,-9.215256486545895,-1.3802732528851867,-0.38346063003387565,-0.5986356259267195,0.6025478765706949,0.3626698071600317
8900,8110,OK,184,747,,62.573265,0.9509277024474454,0.6775344242017326,7.042561067208324,7.138696153823806,0.03374760111854171,11.425976973941422,2.3198162906223896,0.913840728924113,0.6043668357008114,2.0367244852874684,1.6619252763738042,177.10932733950105,-8.61118254844523,-0.47571810065368136,0.39840602612471065,0.5946326789665286,-0.5868102495680976,-0.3786005103726523
8940,8190,OK,771,1479,,23.646835,0.48858048896782025,0.15316436739991132,5.1547070449368375,5.180074800305737,0.019776806346716195,7.369528039947532,1.238684154091999,0.712294199159702,0.4460086234875784,0.7850861106933582,1.6339048828241216,168.03142001457536,-11.085456640641524,-1.6603879076713175,-0.40083482729662634,-0.5842759989459363,0.5846266585584982,0.3951767558758196
7880,10740,OK,328,830,,32.69055,1.8059171822570033,0.3599912010729524,4.175317165990045,4.563354464714764,0.08279243807992949,6.831493021040599,1.3394685216568378,0.6781725826023579,0.36299912198069983,1.0605445716600754,1.2782230295411785,249.46928517886005,16.75780405064133,2.0304479166329767,0.4248453810332921,0.5819390381385369,-0.5604019111044658,-0.40841529860612935
9400,8620,OK,1029,1597,,13.040123,0.06059602817876597,0.024747577358191622,0.1354626040401996,0.15044746029592318,0.03422252659702523,1.675333636760559,0.5893701478189387,0.3809149014980161,0.08088714831741317,0.41247607148139487,2.4094830382870445,219.02589807352783,-7.846462510766427,0.1286597258038456,-0.6342932064769864,0.2716382936535078,-0.28096478823778825,0.6670408933556087
5060,4080,OK,743,1249,,12.600291,2.016172465737761,0.08908407184760882,5.006641371204957,5.398087180040452,0.0441005304041039,6.875130554519288,2.9907174229110165,1.0401400695783671,0.6834900653969522,2.2891845483266193,3.3254532155825447,122.08395334115232,-149.4020495142775,-0.9992587726657276,-0.054540247802654665,0.7061954989298863,-0.7024360477466848,0.0699776927799947
9320,8530,OK,1161,1856,,8.986084,0.6644067545244573,0.38867976806000504,3.876205579765986,3.951895493831519,0.06590655807456264,0.11788340630937513,2.2022689999863623,1.4827309995026667,1.022588268775046,1.0034857291252748,1.8152243065774811,202.42484916133407,-13.289056921563583,0.10688387872892165,0.5657629659046218,-0.435961443819599,0.42300299739973124,-0.5576005291464304
7860,10700,OK,399,886,,24.240738,0.9853563516748725,0.11715360433374955,1.244645607266543,1.5917898085118856,0.01891365627720709,5.442326036642889,1.8224887249691004,0.8206815230237332,0.4788408835710034,1.4767497799619846,1.387133240837503,254.59251298445045,15.029769697164149,1.754556662537053,0.44183556232794985,0.5609718039416649,-0.5321315647194846,-0.4548933598921528
8740,8040,OK,1121,1730,,13.295085,1.1262691238072216,0.12446613543943498,5.40464101582538,5.52214799403771,0.0889204824983496,3.195864108528672,4.044271807126492,1.593166999764731,1.0993819685453061,3.47847731189969,1.7494200072217798,211.8589138537563,6.246830892363094,-0.1449335890921286,0.3979668545391606,0.5923069837361392,-0.5914481575671096,-0.37547822389064744
5060,4060,OK,680,1105,,14.602953,0.3926973024865077,0.0012942736635928858,1.2525514645540943,1.3126682817380417,0.00946768156991918,1.6859361286932784,2.38291015680967,0.8883109467349776,0.545600671193079,2.13071311955035,3.172145936684672,124.61616429257353,-152.67140190284437,-0.8840058674504201,-0.04885778880714301,0.7061183107425032,-0.7045040253452862,0.051806620998852033
9320,8570,OK,952,1623,,16.486807,0.3544811716313041,0.28164399452856936,6.875217718440082,6.890108773934383,0.047409893611291165,8.679033597911788,1.4417119239408194,0.8902729159517653,0.4421632311096704,0.8945286218037332,1.713608716781514,199.56118641366086,-14.09994210317459,-1.3206629425803498,-0.5374494056558404,0.4239994720230957,-0.4321842557823247,0.5870173363182711
9140,8340,OK,404,1005,,15.305042,0.5322351545545085,0.16690412716325717,0.7476898008645612,0.9328297195762351,0.03574649469424052,3.3808089813793902,1.3590308473025143,0.4893232492586388,0.30263405962351264,0.988968895590669,3.9324723188672643,153.81732676146294,-29.33531592394572,-1.5810621970762435,-0.5180296736413276,0.47315631566461114,-0.4646429110764602,0.5402548688907329
9220,8430,OK,1161,1769,,9.960375,0.7587729801174976,0.41706746994320265,4.309684821715719,4.395800834019674,0.07342016181073466,0.21944828011126355,2.507161817894296,1.701059237200169,1.206676005482461,1.5561089314909955,2.3172872253382435,170.9257905155008,-23.066824748358925,-0.8099963754601585,0.5816389694361213,-0.4134448440109576,0.4035225314809912,-0.572650885602401
8880,8130,OK,1090,1693,,14.115347,0.6011988764128722,0.16168195349563777,1.412119476709545,1.5432636066429821,0.08976699516436357,0.10525603239838456,4.059998963508394,1.3755852922139176,0.9219965820147502,3.5640050402092536,1.7241056419441276,174.99112803725166,-7.668789241980107,-1.3547057606718058,-0.3811212112863666,-0.5981760888907726,0.6043110574056871,0.36296023870965755
9200,8430,OK,1006,1617,,9.644836,0.5634430636843438,0.1178652161641976,7.645749202898406,7.6673881582203105,0.030198735579884697,6.194011120640107,1.541882277400906,1.2006185843603778,0.8425328435615493,0.4138389225110135,3.0892551507112023,162.2495500028337,-27.260687884440387,-1.2132256007399282,-0.5906109857113181,0.3855819845946698,-0.3829174438381762,0.5965563074158032
5160,4110,OK,230,713,,31.253387,2.1189654558791027,0.6359150790158672,11.428171259202601,11.64033938167582,0.03250666583414802,8.849958696618062,1.3257343311056475,1.0285920393710848,0.6381349576900797,0.25274037467942856,1.732595006039838,131.81914316122413,-164.62281597420102,-1.6655590138637315,0.11688641343849357,-0.6800887678783938,0.7154006064202778,-0.10963031739729903
9040,8210,OK,435,906,,30.08886,0.0504980562742547,0.0747584848546694,0.04437820093525868,0.10054008883770604,0.055104534059059,5.119874976444563,2.486712567331488,0.8511116020005529,0.514596670026545,2.181073195924986,1.6892727060404198,148.0641397248654,-19.736805668577926,-1.5901287102185993,-0.28032049107529605,-0.6451522021151865,0.6579282858793755,0.26894131149575584
7880,10820,OK,818,1405,,16.743725,0.1847202908483217,0.04017826818834966,5.16789425906928,5.171350592640856,0.026461650971180403,9.7129505374872,0.9801150960271239,0.6300258700527138,0.37066443336358645,0.557400138447735,1.2338829230482324,250.97893069993026,15.692849829048027,1.6529097122699774,0.43434708370913166,0.5723536691314532,-0.5469472820638454,-0.42965399910638286
5160,4170,OK,1018,1681,,17.10284,0.16885720448563252,0.0718315410359184,4.152925689979593,4.156977785878436,0.04415342212869054,5.998372751719557,1.148492046435208,0.8441197695984969,0.37333888331651965,0.6705171064640263,1.2552879894773195,131.60544360615143,-172.34585260941054,-0.8668276602316538,0.13730729948159595,-0.6859612916273974,0.7024581537217723,-0.13098226661553417
7800,10610,OK,1072,1656,,10.244317,0.1687106734476504,0.010445324861846898,1.0603756228973629,1.0737638743139013,0.03543310141299889,1.024454344043542,1.7605611478105918,0.6649317420421298,0.44127201849704223,1.5596613345863144,1.3427189141717075,275.3876038566531,21.30131264916784,2.747368203019493,0.40357778142621226,0.5963998740959715,-0.5691429254734235,-0.3968733990845933
8740,8010,OK,421,892,,53.47743,1.2483666965886828,0.38789458541380584,11.458371380537203,11.532699437376278,0.019186179686584873,5.79561041091908,4.0867282868474595,1.4197585579913352,0.940652379675393,3.628487093216407,1.6762213214931903,218.69992181375073,5.392724239943225,0.6887851600401677,0.417194681075648,0.5850976752748727,-0.5711714377944519,-0.3967020256035336
7960,10870,OK,705,1122,,23.982027,1.3676618651699597,0.28764370729935507,2.2790216907333667,2.6734206078771563,0.1006523787599414,3.6426235079574583,2.003320760002381,1.0811361396063934,0.7217085158436825,1.5869790508865798,1.5100841340173585,225.41382092727812,10.183121823172765,0.5340094649711199,0.3874845812369163,0.6163892364731108,-0.5827643156446237,-0.36097889256160154
8760,8080,OK,730,1382,,20.58552,0.4621403687674305,0.1699277398664756,7.2594553818062035,7.276135072801747,0.03585018409361992,12.308873274871152,3.5679662125540488,1.1935202751118967,0.749786772646335,3.296517737665736,1.6763047618678584,209.63452640687723,4.15925364114638,-0.32935293000023197,0.3834543575372029,0.601199863145179,-0.5915223000372956,-0.3763281132184208
8920,8140,OK,479,1062,,22.680662,1.316708381560324,0.2738430244339919,1.8111986218941234,2.255914761699461,0.11457171538327973,4.405972675167179,2.448859320947586,1.2108955043976906,0.741448009369249,1.8731020955785418,1.6936014092148082,167.8012728292724,-9.878279863306274,-1.563879462936605,-0.3698856222323809,-0.6019088369166842,0.6075936643441145,0.36293293809774313
7860,10740,OK,1049,1639,,13.981419,0.3214166945169672,0.15638400808703526,1.7406567385309657,1.7769779207668388,0.04510591358300892,0.8585807086198075,1.3716004401251967,0.7361693684580773,0.398323502403815,1.097196813590032,1.2720637032805238,254.75472034611985,16.416792711516496,2.08311938051337,0.43407771257313954,0.577594004587562,-0.5411169698054331,-0.4302953988835583
8760,8030,OK,417,937,,50.23618,1.7526799791787298,0.6006976422227672,11.634674145487956,11.781271885432059,0.08479441040585824,4.772188822387613,3.5491342223513342,1.5277064272491918,1.022286714331041,3.0111862259342352,1.7921875890525933,212.6009480703807,7.697954283711818,0.679477027128123,0.3746082915033485,0.6120310202173301,-0.598660448044965,-0.35593865507314326
9020,8250,OK,1089,1794,,15.251438,0.2621462479305269,0.045256273597818364,1.0581045417572232,1.0910334581905714,0.030921401757518396,4.759491116858579,1.9637305073463949,0.7148793827084657,0.3144289818058128,1.8199975200575151,2.6108656852638017,151.35834522168855,-17.167612852715425,-1.7132944362248872,0.3591636800528518,0.6131715856329105,-0.6101415244547435,-0.3503560726451827
7800,10590,OK,411,893,,14.446242,0.0832236246039316,0.0015560642526941428,0.6827303252537438,0.6877857879087481,0.031409778372289074,2.68586452648619,1.9466994470794146,0.46926890393914855,0.2929548203184309,1.8770504009585762,1.2164394715619333,273.8359235198359,20.493115072673362,2.66714516779767,0.40452125165170405,0.5944020724964592,-0.5694485062594246,-0.3984684829355553
7880,10750,OK,293,851,,36.821526,1.552339411385009,0.6295523087736865,4.69085868789464,4.980988756001971,0.08136774096353964,5.102432269003832,1.8439784662820613,0.8791689170840749,0.5015905886952208,1.5257546823434112,1.3498115394950037,250.00024624469683,16.810738308231663,2.322931869625038,0.42737618769215413,0.5834241278484498,-0.5578518820437132,-0.407145132524366
9000,8260,OK,787,1242,,15.901558,0.07486869791520537,0.08982258967347509,2.6674523069279896,2.6700140878427256,0.021264817703636786,9.418951878084771,1.9820455884697041,0.8383464626111914,0.3577065035901561,1.8282893576042323,2.3071892885452363,155.65114224403806,-15.035996846671196,-1.6255534683100339,0.38656308997278366,0.5986859036614802,-0.5932060210622643,-0.37450071135207075
9120,8330,OK,756,1353,,11.444585,0.1965786131783811,0.004921106180919246,5.937895547864909,5.941150638201247,0.07427117466702006,1.5387926275653059,1.6435675574532231,1.1462670279623586,0.7096683295699378,0.3177256977381724,4.17846376070007,145.052822987589,-27.852774422254203,-1.8322768472586308,-0.4042636848383836,0.5727718822902006,-0.5619837463903652,0.4389504673327986
5060,4040,OK,600,929,,25.92043,0.6680995535522215,0.10270570965533622,0.23667239387975414,0.7161838439096887,0.03159486280192856,3.543571604923933,4.323968179924196,1.3165361064875207,0.9385192382410557,3.914098339579162,3.4952505446114284,125.7332745443199,-153.56537120755482,-0.996365799993082,0.04063349003740875,-0.7033534235734888,0.7087843829873095,-0.03560308228413679
9260,8490,OK,1087,1607,,9.907709,0.6383468626489721,0.10489849047798602,7.901529474072592,7.9279668541181625,0.039117866736989144,6.926345105183941,1.5822043311044083,1.2629761845296517,0.8372025687250702,0.643406312740419,3.2237924856656313,180.10956845173598,-20.55632723479312,-0.8122191026952115,-0.5785565948479618,0.398926404288314,-0.39934715861979564,0.5887714645104871
7860,10710,OK,562,1047,,21.106483,0.6633626811675178,0.1540285294500749,1.2767397010993493,1.44701040045107,0.013836268020711405,4.082427882649669,1.54687946742262,0.7479204812515805,0.4012777375601324,1.2543499781794818,1.3239294991346886,254.5731498436288,15.308738406417076,1.7257171656965666,0.4390887739685624,0.5622144650170497,-0.5345879301174332,-0.45313539794760654
8940,8180,OK,831,1446,,13.765825,0.6284184625097644,0.18285403271934794,3.2456566697895504,3.310986647429171,0.01387805367529112,4.653032556716315,1.6192258019449115,0.7459957430222639,0.5316214884897961,1.2667245618434624,1.5231838811039338,166.34195296164063,-12.053148268063806,-1.6898332724328653,0.40203060199473056,0.5826101033362168,-0.5811461641657553,-0.4015046679999454
9320,8520,OK,594,1173,,16.056581,2.902000348171862,0.8864232755352498,15.32125741576232,15.618843780646893,0.06067606617835156,2.8059419103380843,1.8773245160586471,1.4929490903081288,0.9165047484024549,0.21656151824954328,1.9601170973805666,190.8909793322653,-14.03531446570479,-2.1808786266571096,-0.5354143631835538,0.4221235577946712,-0.4428988240752357,0.5822231473278022
9480,8670,OK,485,886,,19.485458,0.09680483673502449,0.03074678946052048,0.17102422514226756,0.1989116061544357,0.04080106490347457,5.498229403909483,0.712111414480841,0.4106530821695178,0.15795286157213928,0.5281983605345615,1.0971597533056423,217.18185809854089,5.048979490961412,0.37647825349575437,-0.6821999889074634,-0.1818744135501891,0.14281983538008072,0.6936334532391284
9360,8600,OK,916,1559,,12.343137,0.36322390024065754,0.029918978716016703,1.8661673522382705,1.9014224500498151,0.044944465719202686,3.930082141868152,1.1915959536607477,0.6355532206799006,0.29260676335067193,0.8609437854817945,1.3427332446948101,213.28325171548232,-11.556216994478275,-0.1524853166672713,-0.5793222041135675,0.38087260203295614,-0.3899534383621739,0.6060182841723193
9320,8540,OK,1054,1652,,8.06213,0.0031140546648356637,0.2088604526908713,4.781665941545397,4.786226233951955,0.049208529159947875,2.705687722418184,1.62510258224065,1.2577528952449357,0.669611847549991,0.4798966971590639,1.8385672347539912,201.83605023651157,-14.564338232301095,-0.04707870836530775,-0.5728071131754005,0.4164005917998316,-0.4038711188006403,0.5791292408807668
7820,10660,OK,1190,1744,,11.246129,1.0706592143856013,0.10333147095262256,4.218776276656401,4.35374112904257,0.051115989231515155,3.5288772615200124,1.2493664080899687,0.9952006541812413,0.521958125099045,0.4535434485255685,2.4274802180446766,271.9314229430193,18.58201656153767,2.297841743167973,0.4289580097270294,0.5738576836698277,-0.5443594953664335,-0.4362970600273711
5060,4030,OK,399,751,,33.069744,0.7285872858123006,0.1932734989828757,4.133548973127692,4.2017164577945305,0.034741433291044566,6.027723262071844,3.9150560136056427,1.4748245432878508,0.9761267153938054,3.486452734552973,3.767778683854509,125.30556163356901,-149.72330599903685,-1.070085718962698,0.029464297275504488,-0.7045657721224029,0.7077120594085474,-0.04315748958565168
7960,10900,OK,1131,1637,,13.529421,0.3132360266465398,0.10923207183436628,4.05772687285666,4.071264647331296,0.030162794201581786,1.8532174586059273,2.5181269654471965,1.3610807697535316,0.8509504284678817,1.94010706057073,1.6198797656907207,227.67892509779278,9.46822334953286,1.2041266504040935,0.4154977309301023,0.6122521458153836,-0.5532649654592606,-0.3826314460832486
9040,8270,OK,816,1453,,14.350641,0.19546941065011536,0.04785274009733159,0.046132490256330705,0.20646157485589575,0.02789952792489312,4.326461627402113,0.7842701196630726,0.39188818802448333,0.07601840285248684,0.6098418813185313,2.6916761009098558,147.9193127231135,-19.54403070156038,-1.7576189767794506,-0.2893069560897651,-0.6450150488883799,0.6507771772520275,0.27703093226836434
8980,8200,OK,914,1604,,15.073114,0.8305162996435631,0.012713373112383703,2.466685517893377,2.6027785918157638,0.01332446463284661,2.612600319450425,1.4703996523367213,0.6866102838480408,0.4550393807109394,1.1374468844202354,1.4136813815325706,158.8401489258547,-14.913306229253253,-1.6088350622385785,0.39422763685456413,0.5882411353978791,-0.5855374430362374,-0.39459199151587565
8860,8130,OK,1057,1786,,13.021056,0.2365815089053013,0.0740326776789708,3.6941438019295108,3.7024519007077523,0.02444353326877143,4.352721293310727,2.3393259562367614,0.9796164280895256,0.6213347005676435,1.9960020566953247,1.6127575821631874,181.6405035319367,-6.053252627471235,-1.0864566443608665,0.39729980462608266,0.5940544595108227,-0.5824010390568457,-0.3873773277889236
8860,8140,OK,958,1677,,14.975498,0.20777362901743868,0.20529989990832964,5.044144742595108,5.052594790210998,0.04020909345504782,7.854385795098874,2.273581478321187,0.8849732945219821,0.5786935841248777,1.9630936703005881,1.5748147711810696,182.7827812083707,-5.244638348216202,-1.2703564889255556,0.39073003354478547,0.5963405617684814,-0.5860442843529943,-0.3850455454266797
5140,4150,OK,1007,1689,,13.700616,0.14671116002269602,0.19423362797664034,5.150962788371065,5.156711017101462,0.10085274564926293,7.165233279398984,1.1783128651760524,0.7919189185270801,0.4291863116547454,0.49939402238283304,1.2982747767623553,128.87822152865982,-166.1877119437183,-1.3462219606657537,0.17520623998513102,-0.6703295767086653,0.7028524916576117,-0.1611192323422036
9360,8590,OK,1125,1620,,13.882251,0.19262339280523966,0.19144319433240606,2.824133756768747,2.837161564703842,0.03943373541195493,2.6627489547157848,1.3025482758976925,0.7558924728262162,0.38877015886119226,0.805760652157983,1.5967991596690079,212.275197177328,-11.705762953845202,0.12316658258660163,-0.5831124284944187,0.38561318611336826,-0.3906101091301237,0.5989207869795395
9380,8620,OK,563,1160,,11.260739,0.7620808962802805,0.06747284912082635,1.9121554837924184,2.059528701436631,0.029157913230704453,4.046976823885631,0.9760582290184292,0.6467822076186877,0.2686369150791672,0.7465514903290256,2.1586897379218315,215.97317740474512,-10.854979835191928,-0.10386823624324734,-0.592375089062828,0.3580914421319158,-0.3619092110875146,0.624406915288183
7860,10730,OK,651,1188,,17.825226,0.36623192684234895,0.009109442925902319,0.5586521259069535,0.6680576352152848,0.03931076743510055,1.2490893361969513,2.7275248267255736,0.9013791806155209,0.5295443885558475,2.449348881632896,1.387279825823094,253.62493974198406,16.104457727557595,1.8687578352174912,0.43142324005024996,0.5738124151124248,-0.5437670164118327,-0.43466162939689573
7820,10640,OK,1067,1603,,11.734349,0.3861291034518051,0.1770462866613397,2.165029332723407,2.2063075677941697,0.08671709969390913,0.2407397572577508,1.2970672903606937,0.8924738036743347,0.536668822788368,0.6642211395678603,1.7306120609604276,269.3692952107508,19.868685117767065,2.6909083811139087,0.406422710823111,0.6060297430538779,-0.5658139558169547,-0.3839311110915781
5120,4090,OK,576,1170,,17.621529,1.4794638394389334,0.4697531804993146,2.727899484563207,3.1386170363197903,0.14379042564831745,3.1987174934911886,2.5890438506215734,1.3648334156895134,0.9275194810213852,1.8369482979729987,3.412124655913335,127.60367868012267,-163.9417220468886,-1.2662049396881245,0.19560472252727693,-0.6598380306062943,0.7000858431318553,-0.1903480447417133
5180,4150,OK,528,1068,,21.051224,0.8215778451755229,0.7007617538056218,4.237842083719286,4.373255391332893,0.12920155588636123,4.50756322543602,1.2954947582193412,0.9536757207791675,0.5040896363720726,0.3880369513169919,1.291093018295569,133.20333112733962,-178.09732496902237,-1.3682055163707991,0.17028166184449725,-0.6589910367180973,0.7157567892600026,-0.1562919952937313
9000,8180,OK,452,1000,,44.211975,1.6140438194138076,0.21522739229406718,8.687399414677692,8.838685924475648,0.08717737099196578,5.853396900496309,1.567529830293215,0.9081408087341862,0.5785224684592694,1.146779126454045,1.511668473158427,160.3393691626229,-11.097074769992805,-1.3433341726594445,0.36044915988088555,0.6114326892472993,-0.605917704624075,-0.35929125355910313
9020,8240,OK,1003,1604,,16.629393,0.051194873579603395,0.033380895940054944,3.3522220491827626,3.3527791257882873,0.06549204264992378,3.31805452733528,1.0593052014370574,0.7743044102586409,0.41873145487742813,0.3888664294167756,2.3477970219053326,153.18723098486757,-15.671518149214174,-1.597249101528373,0.3501288551313112,0.6191184844238194,-0.6161742704474518,-0.33827703955151994
7840,10710,OK,1112,1639,,12.887014,0.6769996015223168,0.21386411635201497,4.81094441863463,4.863049713905473,0.09605828181575321,3.312911301299613,1.50098181143109,1.1778943956573786,0.6125981020707147,0.6864976066684125,1.5385862468595675,264.5962682435294,19.5398110906933,2.6621913743658565,0.42176139981299454,0.5935037535779679,-0.559214051898948,-0.3964218211393096
9200,8420,OK,1142,1731,,8.862736,0.48035626307548607,0.2446391749210508,5.794807842189506,5.819827178987611,0.0381261419719822,2.9279004727558076,1.8755794734234927,1.4516564435642638,0.9622014144930531,0.6804934857415654,3.341024775803461,163.8898097114771,-26.354436061267,-1.0531564834341434,-0.5886368466603873,0.39617464211073616,-0.3855281368123905,0.5898477527532952
9300,8540,OK,927,1345,,13.050784,0.8473126279860443,0.24170668714676408,7.717905323125933,7.768038580548612,0.06809214847137432,8.826620180786497,1.5191495647623028,1.0771607005176231,0.6096614382399044,0.7245851216177712,2.0746920893731358,192.62501876134434,-14.899859338100471,-1.481744831751262,-0.5316260968831046,0.4326791203456983,-0.4452764805658764,0.5761001022257984
8880,8100,OK,257,798,,49.085785,1.6853843497346168,0.2318951936254398,3.0907196978677494,3.528008508768746,0.10073331949394708,11.03713882956364,3.253712153276492,1.2925488892469617,0.8132802561414456,2.921134440772181,1.643096596038297,176.3608070146013,-6.938833333748354,-1.2339699947126723,-0.3730737807802935,-0.6021095214763935,0.604978654500797,0.36370442097968936
8920,8120,OK,172,766,,55.96471,6.057161836518307,2.2942351197495556,7.928509772074964,10.237870457490379,0.13830511645636898,11.523999917477617,2.283487682002028,0.9921610270106762,0.650386646459479,1.9793363658590053,1.5838683737286963,171.1790313190085,-3.698391482730665,-3.2551191851466608,-0.3530102095874266,-0.6024878637332763,0.6131899802764993,0.3693104575687782
7960,10920,OK,1109,1642,,13.10471,0.36111647276655756,0.5081768191899607,6.740007935380225,6.76877801050188,0.08275161456658704,5.975006917262659,2.8146828163791273,1.421386495165203,0.8987140852677504,2.2735433352959795,1.6578168273608735,229.61590055797635,11.921840418807282,0.4400404851015894,0.3897439774217102,0.6126796016547369,-0.5797009320714379,-0.36968928458261335
9060,8270,OK,952,1525,,15.361083,0.18419413377317406,0.07678360786119234,0.7652456518730169,0.7908375996771966,0.03534737317935233,2.062918194328825,0.5135125218314847,0.4043405462324339,0.08440813397075209,0.3270016190805993,3.606322723571425,146.63533725755963,-21.62918587873368,-1.6615097976952633,-0.1590839880851479,-0.6901987572736219,0.6911765079291333,0.14350259607324564
9400,8610,OK,1146,1813,,12.8812065,0.2660456177003908,0.03090699494705197,0.9027736035481949,0.9416664442878026,0.05745029348489083,0.2453997338718747,0.6088376328733146,0.3596792390714161,0.10667752606833192,0.43637981702995177,1.7830280535575247,218.59866994325833,-8.512883767257785,0.14694664199093516,-0.6369350139359983,0.2668468507104659,-0.27103982751342437,0.670554962840295
7960,10890,OK,1173,1881,,13.249434,0.41108353275727444,0.14218422484038104,1.7726129930030954,1.8252021388495723,0.08225100359977557,0.02104757762876017,2.2794527117299914,1.133513507503408,0.6512389282882349,1.8710371074146521,1.4361407655684229,225.25729076813397,9.40493437017446,0.6259038572263134,0.3899989130458387,0.6140615273560925,-0.5783093264979418,-0.36930693376873425
9440,8630,OK,448,776,,28.754406,0.019731439018813884,0.07346734169763838,0.19320787835787057,0.20764408067994725,0.031245766956457196,2.8561478804635305,0.47032822306947786,0.33479356899005897,0.05916273549416662,0.2568678175548076,2.938225999883533,220.0233974048096,-2.4524841484512625,0.3876660741176434,-0.6955649063462729,-0.03277810224744627,0.012771817796365829,0.7176015173776692
9340,8560,OK,1213,1876,,12.290955,1.08678731010138,0.058793243935640165,4.683217693965515,4.808023634717444,0.05801353686413399,1.8586637427410428,1.3614219155259386,0.8680090748578968,0.48963857115628806,0.33746672489818463,1.5813013738869275,206.38559749998285,-11.591950767735076,-0.283243168665793,-0.5501259192640533,0.4239299321908215,-0.43455658867187963,0.573415605637329
7840,10650,OK,380,954,,24.112053,1.5109594204310568,0.08255514224180255,6.039094272555069,6.225790982237306,0.024090839222581966,5.533012166936327,1.340050164929146,1.0229825347805752,0.5478561896048908,0.6051285846491865,1.4696143610005998,266.60454649500997,17.028602445904294,2.323497525443878,0.4419150568398232,0.5637446277682018,-0.5414102778750798,-0.440202212865833
8960,8210,OK,741,1472,,20.89369,0.9371196674621919,0.23599644824690116,6.067287101049963,6.143765975466259,0.02992132113746957,8.159906461729532,1.0946841013759814,0.7969177826811615,0.41389306615210586,0.28348575335649784,2.029075589155923,165.52109402673972,-12.899112927265412,-1.9285862621955818,-0.40975056267815524,-0.5747768623439387,0.5799084846704308,0.40674584731283564
8880,8110,OK,379,942,,48.288597,1.81565547190675,0.07585505969021558,6.918203464413955,7.152894376249015,0.06860029445632994,7.363650695887892,2.737135615250275,1.046440598915722,0.6674422784903449,2.3834500768534372,1.5861718923077202,179.62968329896592,-4.687060688430018,-0.9547511246421067,0.38083443074987555,0.6023714366534093,-0.5930078127263193,-0.3747739621492833
9000,8250,OK,897,1443,,19.273218,0.2119373720830834,0.0846532444317323,2.601902372708884,2.61189195385001,0.02705675066096299,7.984369137664631,1.9535798073803385,0.766942711877548,0.35778118045145035,1.7760305698222227,2.516733132059114,155.63720642059226,-15.122669244619082,-1.7089992984097206,0.3805036172557812,0.599337739754491,-0.5958551562005244,-0.3754569266780048
9380,8590,OK,1157,1870,,13.209104,0.8656071273650114,0.33155808470995146,3.2883829937839226,3.4165288197656043,0.15110797046087152,0.13327542824664426,1.586885001060688,1.0954040381261496,0.7272345257425461,0.1985661901048026,1.7745490478359287,215.03007868528329,-11.799377162624614,0.3579943247732103,-0.6217082298675445,0.33744714626094774,-0.3126828448477663,0.633906727313423
9180,8410,OK,945,1539,,10.127519,0.31426262185933035,0.15591246132453487,7.100503394828444,7.1091643778340385,0.08546236463121648,5.540728332133242,1.5816013809695315,1.1997697687725266,0.8669714382661702,0.6690296703415544,3.1928682557713546,158.15409626593257,-30.81012841374411,-1.3697701100878552,-0.6002862604653815,0.3676066919936158,-0.3535956228167163,0.6160291072854088
9120,8350,OK,748,1012,,10.995489,0.317484211614979,0.06288677774466436,1.4415349426081892,1.4774213895163042,0.00489579417960036,3.0108200851915323,1.298227921556651,0.6241430655641489,0.3616567298906186,0.9376037288569528,3.704250879642941,149.2476474960131,-29.63360425467401,-1.8675183500143013,-0.3865142380048679,0.5880645239010015,-0.5777360669369243,0.41353101033520906
7920,10850,OK,1182,1727,,15.142555,0.27124453826806055,0.13753743912525068,4.195567818853219,4.206575741538257,0.07601765975213479,2.671879390457905,1.7748600016019598,1.1723067164676975,0.6887385044131793,1.0942423241239432,1.4338027618562075,236.8185522035522,13.184143182303089,1.4533254433605314,0.40957504469465617,0.6007220904799401,-0.569117143193862,-0.3840402714503238
5140,4100,OK,308,831,,32.856186,2.6718164499347976,1.7024170460892725,15.043910645392689,15.373876363738487,0.04323567975791995,5.829003548798497,1.8626766332552132,1.5267806429136146,0.9626017862762577,0.9351354461476804,2.4790636740079086,128.87705506819782,-155.62670555591413,0.8947174489692821,-0.14505180220558106,0.6991410123447932,-0.6907962047959914,0.11385263709666751
7980,10920,OK,1156,1601,,13.63999,0.4548706561967869,0.1973469273407233,3.0236081914917214,3.0639940631886935,0.08476216090145082,1.86177547913295,3.2342959169880174,1.3104144883280737,0.8559781638734814,2.7127297937297703,1.6026620086293888,222.39214970002004,8.790800912807487,0.27581232267178607,0.3783464176745195,0.6034736616262114,-0.5945872005184247,-0.3730141940140798
8880,8160,OK,759,1251,,14.478421,0.6600240474394375,0.25332397695575604,6.572523179020498,6.610436121713963,0.023482228235458053,10.102370015226391,2.278828743032122,0.9339642246317708,0.6538839471523157,1.8597131221559273,1.5695016718928747,180.2541137898791,-6.708092774871497,-1.4936996869425723,0.3957075058079741,0.590085440055343,-0.586976884716062,-0.38816604706098523
8760,8070,OK,928,1579,,14.262148,0.25290568601575547,0.15518730752563736,6.837945960319965,6.8443808589741915,0.04934418567318742,8.694323532872021,3.5528124889636468,1.2624782540558952,0.8667080555046696,3.163109415892279,1.8268118844630021,209.1286136898769,4.238042665185443,-0.32465993817982647,0.3810782220117733,0.6019288389142635,-0.5957274011036188,-0.3709041994450861
9420,8630,OK,1166,1862,,13.657835,0.014298038290371795,0.014313828336348578,0.1078068920509076,0.10968885793129327,0.0327202454690893,0.41177613299085886,0.585861270537264,0.41556579111623204,0.07238724410161712,0.4075707668834987,3.0899288406174383,220.05518514485252,-5.434940040069362,0.22822990133809587,-0.6800846828816194,0.12163096631553612,-0.13655415713101549,0.7099603470005871
7940,10870,OK,1177,1538,,17.100431,0.7138795051063487,0.1709991513227755,2.6977629559818475,2.7958522178813223,0.09293675907508606,0.8370366331715968,2.2010505073417646,1.2819480279571227,0.8226928206331121,1.7218127363231126,1.477650885826669,230.19050930919468,11.506458867979624,0.7295259309675934,0.39095346035740697,0.6027157288364561,-0.5859414231318333,-0.3749157114685257
5140,4120,OK,883,1482,,14.135763,0.807445483861753,0.03401748072278771,2.538202041496044,2.6637558074752556,0.1116409267580571,0.47253924630258054,2.8711808462738198,1.1849652655925365,0.6954038459365619,2.527972863598082,1.4979375448025884,129.92814556608343,-168.70642433562847,-0.8657578765133606,0.17413878605789418,-0.6757076519724433,0.6956855575908827,-0.17063545122755974
8780,8050,OK,509,1066,,22.29543,0.8463778587849718,0.4398309230688695,1.7616630744422777,2.003313132933158,0.03249408246337802,3.4232129638892306,3.196147868821493,1.5028456337724632,0.9443832269106749,2.566384476793305,1.6404455584966797,200.06529127493505,-0.7549384564580952,0.05378526857754419,0.4161093633296934,0.5921245491421165,-0.5655750376279809,-0.3954319067357999
9380,8580,OK,715,1296,,15.50386,0.26603502568197135,0.2853854930055259,1.7101532697374904,1.7540934184077666,0.07747414455217334,1.3628979993287451,1.4295519152187597,0.6988183527082439,0.4245042648755437,0.8973532504484778,1.6073147420161458,215.83432347056376,-10.23333350537031,0.2770921944180077,-0.6064997364989265,0.34569421354707613,-0.3454086728633497,0.6271733644356882
9100,8320,OK,883,1393,,12.593093,0.07875750993534636,0.01077107702956685,0.1757746874095223,0.19291319862961248,0.0354128769364172,1.0459794940248448,0.7423903581736743,0.3667903373612629,0.07220180638403484,0.6015778137800449,3.4213658985464175,147.68295004260463,-28.49611965566758,-1.775924333299881,-0.20873241086915406,0.6778331845786593,-0.6632650304757602,0.23885655503815012
7980,10900,OK,754,1262,,18.885468,1.1681204152017315,0.3334907049027679,2.177172672714653,2.4931510586972214,0.11038047339893382,2.2603261091978246,2.7763865316811547,1.3288926665715066,0.8326112291048109,2.2248898795446395,1.5542271360152293,221.41767366528202,8.728423366548762,0.18248997712347895,0.3729018197251512,0.6041647848056527,-0.6027141498422649,-0.3642317932667684
9280,8480,OK,587,1085,,15.510905,0.9458831520543658,0.21603592100619726,3.323206273797768,3.4619454638561455,0.13354317986765035,3.051706407333655,1.7354862731949066,1.4294999863950926,0.9042217862141526,0.6251026872441123,3.280443313350682,191.31778627845628,-18.112086753906006,-0.7040588754854512,-0.5872793735414452,0.38041991974383993,-0.3770767061539913,0.606792204754572
8960,8150,OK,248,791,,50.04676,0.707867169506637,0.0061535309722555095,11.280191725213632,11.302382012354158,0.03956327283199599,8.57033664078704,1.702454572240804,0.9531373462510728,0.6122893192503782,1.1490683576318714,1.6028962775674362,170.21410277384524,-10.417769215842634,-1.3348103392771469,0.39768692525422994,0.5915811886837664,-0.5875392183074252,-0.3829810355984201
9480,8690,OK,488,864,,15.542261,0.03561416728456002,0.05087769496466514,1.057870343140804,1.0596917342572474,0.05344563277511009,2.31438929259403,1.8412405069317397,0.4003274655031006,0.22666696901815353,1.7700450231604528,1.1387939095938875,216.75365817038,6.26592683502661,0.27578294929503094,-0.6830942798825892,-0.18396544696490347,0.14909186270049765,0.6908766428177943
9460,8680,OK,888,1401,,14.30121,0.02382711783712585,0.056595770829771776,0.4084147120249768,0.41300531451627237,0.04395087614992901,0.6294374518455311,1.3456893676613462,0.5031141570976037,0.18544957345940905,1.2697528307689527,1.086567961928863,218.89419226875142,1.6481684164018,0.3137980257561669,-0.6850580183207662,-0.14149016780218115,0.11675999066043909,0.705012871180881
9040,8200,OK,361,747,,32.624737,0.5261579836573343,0.14572310864319113,1.0900415108557757,1.219125893231593,0.0625104015554625,7.18306770589174,2.7099605422600224,0.6890076961049936,0.5103640299545971,2.473120573331089,1.3964296182931957,146.9219666736613,-20.271890360829822,-1.7316436190865907,-0.2749579277789498,-0.6448967218664742,0.659931365847514,0.27017947451280605
7880,10770,OK,776,1313,,16.327972,0.23802043779780818,0.007881583079703419,0.2279236381217451,0.32964379711433184,0.04067093068681491,1.2753679897638677,2.614548517626826,0.7626218153458715,0.48447761941445977,2.4073376538817346,1.3220024368294945,246.1398211223743,14.554622956943867,1.5695128956229591,0.43193682703457115,0.5753139797340263,-0.55001284478916,-0.4241818863893635
9200,8400,OK,420,876,,16.753582,2.5090984527414824,0.005445597021118711,4.729506661105095,5.353861966610092,0.13875031355042822,3.3793657522591043,1.8590471838989908,1.3583349434621539,0.9939961569226625,0.9324438775266568,3.263944084411247,164.30536674593756,-23.85822568254053,-1.5975393909098736,-0.5555809264145098,0.41981886891938863,-0.43584782340497025,0.5701917452373283
5160,4140,OK,755,1297,,13.213238,1.1680492942616696,0.5492165530081025,6.873121572481098,6.993266627694695,0.01929598624955295,1.0661149445609044,1.400708173911575,1.061873694999698,0.5722936788308042,0.8198490513870968,1.330286519696016,132.3626135608597,-169.1753977704544,-0.2346922100275445,0.12987160621940957,-0.6932220296839644,0.7000728272327037,-0.11168983852277894
7980,10910,OK,1068,1667,,14.879143,0.44385760319106443,0.43658621296243044,2.89465817065781,2.960855116045939,0.028924885323226197,0.2543469856327334,3.3230143931474103,1.5108798596951876,0.9224399929028995,2.718110292723506,1.6125773318369734,222.7559734018412,7.527330398598236,1.0556807344036354,0.4087388321838563,0.6024671545829138,-0.5625987823940668,-0.3917250371912144
7920,10830,OK,771,1230,,17.405453,0.6868715136760184,0.41318714380850324,2.8598010579534074,2.9700131621222896,0.10783919350842004,1.4069541036029147,1.2618414859577012,0.8842185471962595,0.49749033194113434,0.6797077079368465,1.2456064162565608,235.47155513647238,12.825797402279726,1.5935801684035875,0.40567969344834165,0.6084675944053833,-0.5724160456965055,-0.37085178105458977
8820,8070,OK,345,955,,41.51627,0.4400074647976577,0.2653209939358513,6.392867400849561,6.413482314916429,0.04463592181307555,7.526461806099701,4.0237793977758125,1.308268885135445,0.9084037160351874,3.6124130329853443,1.8240434749140635,193.4727704005199,-1.544178151288481,-0.33694188303812245,0.3983082066296725,0.5963760483435677,-0.5816570327572389,-0.3838766439074004
8840,8080,OK,249,811,,54.00221,0.819209187708825,0.1448438865209467,2.5913008152682604,2.721566343100788,0.0717249637782574,9.1929206640163,4.046637607877374,1.3820152879663756,0.8942960970528677,3.750364135127575,1.71197339776362,184.87911474679873,-4.579790514189029,-0.9139451133920459,0.38330770394013125,0.5996123658865048,-0.5910435291435762,-0.37974697027578724
7860,10690,OK,393,885,,22.620237,0.842603916869344,0.12502862350165803,2.105770741795274,2.271537790665015,0.014246538371366406,6.741821979368362,1.0978550465202295,0.6476769506542471,0.3671072811310132,0.7483620209873134,1.3489630843102056,255.41459124373438,15.319659306140307,1.7975263563513542,0.43975245206149266,0.5611310844447547,-0.5358456884824631,-0.4523484111948591
8840,8100,OK,718,1272,,17.564262,0.2742847189828538,0.2694897109230649,1.6856804574493365,1.7289810340161353,0.017365796289006447,1.8760134678635785,2.8469630287108574,1.2505998289485558,0.7991289613709662,2.3719547143706303,1.607316355083868,184.31500477460298,-5.461727505664107,-0.6143137713255081,0.4109034966901091,0.5935653559317445,-0.5704932391216002,-0.3916324153616594
9260,8480,OK,1127,1630,,9.030599,0.6076717929541977,0.1881055916089804,5.552806599413401,5.589124247324956,0.029087971149216258,3.6134904170856292,1.6020335984576375,1.2921094395921484,0.7959689331226754,0.6548065867777799,3.169705590042448,182.20445034470865,-19.359635872489612,-0.7103918755119065,-0.5746364873194827,0.4086995096589788,-0.4073335831106773,0.5803765762984006
8960,8160,OK,432,1012,,33.66258,0.3286013498851243,0.21461740773226537,10.833258928470347,10.840366160334739,0.0455177960140292,5.303679414735986,1.8601496787104517,1.0081690988613017,0.679136525292044,1.3379745418052402,1.6794387804971427,169.60546632166293,-10.093463612397985,-1.5891788890425707,0.39420258245268286,0.5912939171422754,-0.5901661979325754,-0.38298784100280236
9360,8560,OK,604,1199,,17.86089,2.5325258785629723,0.9514621162738781,8.216539711654672,8.650461971333888,0.09147565466542379,1.879327504855206,1.7461345867585727,0.9987291855183844,0.5091424700387717,1.2026667707743677,1.6809105632389114,206.2791672744802,-10.383624013678656,-1.5730627141504787,-0.5388396587832248,0.40722951384304706,-0.4332548444251371,0.5967463321711193
9340,8530,OK,377,936,,25.390156,2.9029481293857504,1.705794145849095,11.266910099564305,11.759256128751572,0.09173798372903327,4.99151723268869,1.5761856208282783,1.1467081191987847,0.7075083986309039,0.4516936204429811,1.7740833304727166,199.8608875114211,-11.841771063982772,-2.6556950626829345,-0.5264098480832228,0.41257289176928863,-0.44511571011992707,0.5954395732755409
7800,10600,OK,666,1201,,13.0787,0.08893429881446435,0.059195407929908135,0.6432982364336265,0.6521089071805588,0.021255597343509545,0.9423155002104335,2.7958503025728785,0.846358851131966,0.5971242845888864,2.622752761386968,1.442360343548986,275.05193022437703,21.020477386442312,2.7717576239161494,0.40673038665100963,0.5948174082895664,-0.5650166958712182,-0.4018939869631974
9400,8580,OK,383,1043,,16.891762,0.21208128469707171,0.473620957411633,1.383924430073713,1.4780196584528649,0.058777928255800097,3.7600722634727353,1.5313907542901626,0.7439896298106117,0.40710818217894085,1.119928875952608,1.5900751498133754,217.7870622440626,-8.363287695186514,0.5339168750987942,-0.6408656021754909,0.27082990446243166,-0.26815070975227207,0.6663614932275638
9320,8560,OK,1022,1704,,13.445173,0.5234262613654416,0.31452568113324775,5.591457982803673,5.624704777020591,0.058300303239912823,6.953543403435722,1.4661334767953869,0.8871861817498298,0.41481840456557495,0.9571033594679808,1.5678521820874565,200.74530886155767,-13.517341170297462,-1.2905355888397916,-0.5337175837649004,0.42527100428363357,-0.4369259746667478,0.5859913022880617
8720,8020,OK,623,1118,,14.664367,0.37854388319941845,0.006822758181252192,1.400230188992237,1.4505125313840384,0.019917550739203843,1.4888443467470838,5.094466206370848,1.3930348810342492,0.9553753706625574,4.8036205411138315,1.737780199593734,213.09525653812145,4.403026867670263,0.16634323171415166,0.4978047899743375,0.5182949384632657,-0.5048749348812014,-0.47818620637850684
7940,10860,OK,988,1480,,16.263577,0.8375235188939985,0.2238213727012962,2.3781599405856486,2.5312420576833055,0.10800112845739043,0.8385709051003327,1.510119457974285,0.9373647002301602,0.5638490193346914,1.0234684918147448,1.3506196578484844,229.88546906839875,11.361546037050632,0.6655803027020094,0.3819879621048806,0.6040122075450858,-0.5904034958865544,-0.3750708759533429
5120,4110,OK,1017,1663,,11.169667,0.20672763759899945,0.013116622100380212,2.661325848619165,2.669375139325888,0.028992183436860035,2.234974284290182,2.857609933722056,1.1112885736979021,0.6918930848275773,2.497028058730631,2.90400144063826,128.85461753627078,-163.12018885819464,-0.828166863263153,0.16023219858745574,-0.6848584845253464,0.6945596221113778,-0.1512660901920065
5160,4150,OK,1090,1748,,11.769505,0.4404580683210391,0.07671616861960893,3.786762368371895,3.8130641110521992,0.11320449330566633,1.48711100520096,1.182181542122276,0.8517192037160192,0.4554315812249101,0.3906114159856955,1.280117994854319,131.34763687919914,-172.84830265279345,-0.6948169898226131,0.15807741937420458,-0.6817077988348521,0.6967202784784604,-0.1576922954637587
7900,10820,OK,1101,1654,,14.089055,0.4477265547853337,0.0459891744798712,2.4815249434766504,2.5220111254960944,0.005476914019163036,2.658395940576861,1.1653584137037212,0.6289911017010135,0.3965656448455115,0.8699509524446905,1.214558668721177,241.62862828428482,13.030935475468164,1.2969012095426857,0.4343090037090406,0.5740545637688583,-0.5509794395898228,-0.4222069448300102
9140,8380,OK,875,1231,,12.6584015,0.5276679275600349,0.08196356411516345,2.4904845098492885,2.5470894294109923,0.009824244959492953,6.5463257869189375,2.203213777856331,0.7788985697501791,0.38284676775828896,1.9830347406259268,3.2110467804062868,152.23529828163532,-30.685188874681348,-1.9331070307521079,-0.5065801482382154,0.4814231527170355,-0.46995199091909934,0.5392155669768006
8840,8110,OK,1202,1942,,13.564865,0.11013823576447151,0.054891444718375364,2.4892661647147687,2.4923060687793455,0.03781227538141695,1.828318973332346,3.097774549662983,1.166349011123818,0.7541180573492405,2.729587545165325,1.5773502209834518,184.87188054811418,-4.674480829167638,-0.7711196465140262,0.4005484124759241,0.59721881936178,-0.579977373053162,-0.3827752575722361
9220,8440,OK,1171,1798,,9.780078,0.07479150325207544,0.12399630276019752,5.439156909216954,5.441084150712928,0.0757921154623387,3.304374747327614,1.8736912288074115,1.4402452196997275,0.9387713293475706,0.8786518197414801,1.9886163325359456,170.51053260052436,-25.05240163047165,-1.1532430158040645,-0.5961671326673161,0.3745127288289512,-0.3698939679303033,0.6062206020592661
9240,8460,OK,1149,1729,,8.607844,0.2410020624436007,0.09144048842422124,5.2196693621027475,5.226030195731692,0.10344362244534147,3.5515225656946416,1.6619124402339256,1.2304219464513442,0.7819998699638901,0.5006494268894883,2.6962848994294557,176.95920157549767,-23.083024507540536,-1.0962500850485708,-0.5957389262950652,0.3690653308175302,-0.36720947207953203,0.611590644876474
8720,8030,OK,614,1146,,15.171211,0.9432291214761186,0.07227754956313823,2.8540293184994416,3.006723893314092,0.02328243183355167,4.477660232772952,5.000364232080563,1.4049148644733807,0.9216671041092954,4.681765302003637,1.5733027227572005,214.49377373037444,5.114616507065174,0.13010737753775223,0.49686772638546844,0.5185446212786419,-0.5063737758277518,-0.47730444935436206
9080,8280,OK,601,963,,21.989817,0.326530646559982,0.17627398090344823,0.5002887467910642,0.6228833033981587,0.02711189832835183,3.152486647810257,0.73108915396786,0.37818722046635755,0.0793668789268549,0.3478094602570798,3.5268747569846717,146.2950552288829,-25.011937887016174,-1.5746683431564505,-0.010470149173010633,0.707634072166945,-0.705794389952963,0.03160181949898825
5160,4120,OK,259,819,,26.504196,1.6458953002778436,0.06516355677699998,9.772327279855697,9.9101764915273,0.011216776591588193,6.1684989572072055,1.3547661380004639,1.0693996230991223,0.6623094983371547,0.43703909865839474,1.4188351313850358,131.88909827659194,-166.2885860874167,-0.8849151662955612,0.12401873490709905,-0.6867243655358983,0.7076205732294584,-0.1109149381903691
8860,8120,OK,1199,1912,,13.577033,0.2006224740931957,0.15028775315703868,2.249515150813213,2.2634385787112623,0.04948689059276191,0.7553241213431939,3.8812047135017407,1.320592612097585,0.9125345970129022,3.3657281435705597,1.6656908089699505,180.122780083533,-6.226809974723196,-0.8309876962125692,0.39551380802916053,0.6020654432449505,-0.5833395285499957,-0.3752346254539985
7820,10680,OK,1083,1690,,14.068544,1.1844631729261443,0.05262317669630279,7.459360830358054,7.552998490945425,0.01258536078600765,6.5387527202555225,1.2515266195440742,1.0273324714896352,0.5273612064679356,0.316116926142759,2.3473304097517125,275.02659148168027,19.71272081422572,2.4661588596733774,0.4209909731440785,0.5817788741111534,-0.5541285457160855,-0.42100059025105513
9040,8190,OK,363,711,,43.610966,0.9641420976329509,0.24529858442123337,1.242901867781491,1.5920258895136872,0.07822762336374647,9.610025270148395,2.4158424665974483,0.7843385945596756,0.5152603378005312,2.164645209550905,1.498457163541127,148.3892721877619,-18.585601995779506,-1.8308246863123847,-0.2694511827678156,-0.6470225027006162,0.6621390776436037,0.2651976300070083
8960,8220,OK,661,1360,,22.957867,0.8007588300044671,0.1608309617618795,6.221453149841128,6.274835503641468,0.007456982252718093,10.017983719952475,1.0269780757441798,0.7743757340479458,0.3336617646355724,0.32412746705476714,1.694692479911975,165.53868718412474,-12.398977795190625,-1.6878093961824339,0.4044417852224079,0.5840908776810231,-0.5798105666563752,-0.39885385264472106
5120,4100,OK,916,1521,,13.189202,0.11282354994157079,0.15303386934638105,0.8396368060986585,0.860894003199058,0.03417308806762676,0.5642623851538725,3.8943377036086986,1.4094148611215975,0.7984072916460052,3.462045679016475,3.080182575651991,129.4253501170122,-164.8793557682585,-0.6655558050722056,0.16281870071497134,-0.6880570091578474,0.6909150956575562,-0.15067831110931942
7960,10940,OK,915,1536,,12.563998,0.11448340817971106,0.6449238060765898,10.020435400764878,10.041820491688483,0.06960284859361016,10.615015269836706,2.847233714956031,1.3968682865617903,0.8713055183975991,2.225124398256483,1.7473057964188836,232.66993610693066,13.200710243085654,0.4830145622847038,0.3936594788823502,0.6114716416674567,-0.5759947584859505,-0.3733157970395753
9200,8410,OK,989,1549,,10.997991,0.6512841715736081,0.41110698447606026,4.471460589231236,4.537305348538433,0.055532937391568345,0.35445786935750717,2.4260917997731437,1.5954805340004237,1.1338641125353952,1.4495343236381721,3.4960419482541427,165.02246673257198,-25.594299483283617,-0.9907965784335246,0.5850780760273345,-0.40464798127157947,0.3932162703731904,-0.5825157688155628
8800,8040,OK,276,741,,68.47831,2.311255971064305,0.6153936505059879,7.132304085335519,7.522657447641572,0.08746971150725838,12.232791008956307,3.004586125016323,1.1936399690119024,0.8193972064399955,2.599826450490223,1.615840851413122,198.81565393827245,1.785923057319703,-0.9572950701510822,0.38425524312024534,0.5988207950552011,-0.5952161519844157,-0.3734692704372383
8820,8120,OK,686,1370,,16.930527,0.19526910168966094,0.28927448676137013,7.234760292560532,7.243173768561424,0.060233648301690264,10.762836475050449,2.698513956259875,1.1377975203572086,0.7522366817579804,2.3376692869913622,1.6549479172505783,193.9772730175098,-0.4384039239313777,-1.0934089725566127,0.391224990485074,0.5948682136935014,-0.5888273361185363,-0.3825665738098463
5180,4130,OK,268,756,,26.825893,1.6316201022231407,0.8606720622660415,7.592201824606072,7.813095999813115,0.03901433766635601,9.462763284414988,1.3468322257712095,1.0526406334634482,0.617233728182728,0.3922927770675564,1.3803380019228841,134.30857636494977,-174.0639529937573,-1.600358620198008,0.1217156015895342,-0.6733634886282606,0.7192302991323409,-0.12031085288567972
8860,8110,OK,631,1277,,21.886122,1.0383917517628825,0.14084697555329548,0.9882740664233811,1.4404099871275204,0.0927455867104529,2.9378824036173596,2.6096566484388997,1.052372328381559,0.6701198865369911,2.291953041122216,1.5490652233419924,178.67984307210773,-6.237008162633103,-1.1789041741216733,0.3792579550625249,0.6016666042591539,-0.6002961134661283,-0.3657940363080182
9400,8570,OK,293,866,,20.243916,0.060567845109580354,0.5093647039125899,1.0638067761829957,1.18101893401674,0.063126862960491,5.232672293848009,1.7030826185019237,0.7386685680440568,0.44839689563913554,1.3416642244291364,1.5661306110716144,218.0759184318695,-8.150839868130582,0.5592663969674487,-0.6410093586653534,0.26856558372186196,-0.26696281554492446,0.6676154465408172
9440,8640,OK,615,934,,17.59108,0.0838777405198376,0.059260183103838064,0.006713467808540763,0.10291897447132833,0.03367698892202624,1.5819604064617294,0.6703308020738389,0.44523085885953606,0.12487095508019386,0.4222269700275527,2.203317289820833,220.1109961715938,-2.2556621424794767,0.3756157699413108,-0.696077508565979,-0.03326271152047532,0.01420327810727284,0.7170550613320379
8800,8060,OK,427,992,,41.115314,1.7965252084963526,0.07457696810634666,6.7913238482988065,7.025321641135508,0.08011970622772407,5.47780373768012,3.7410367134684637,1.4631402250175853,0.9941235550531762,3.2834495715451837,1.6525534439699308,198.52292417450414,1.7183577435489799,-0.5038811744882598,0.38906909209364215,0.5999838854249037,-0.5915136760952258,-0.3724998655035695
7920,10860,OK,1161,1558,,13.992736,0.25297717491420285,0.19137566955453897,5.51176816946728,5.5208885563718555,0.024077250698378537,4.452799022080635,1.433617886604262,1.0043044341363419,0.5997741986747298,0.7282996393729264,1.39610513183407,238.35402688491342,12.771880109167032,1.6059810729534485,0.4222523383222049,0.5917383621556062,-0.5555825156393381,-0.4035799076399811
7860,10720,OK,645,1122,,19.154291,0.06894058453326168,0.038763672882598105,0.7904191876440934,0.7943663630385449,0.023031427572919736,2.6707091844701965,2.365485870784557,0.947317036365492,0.492601484253151,2.048302837879394,1.3751701335932527,253.94214494413396,15.84631239778428,1.8976123345544968,0.43442382207410324,0.571311755127648,-0.5393358545065823,-0.4404493810997457
9360,8530,OK,208,779,,26.476723,2.6239391668688192,1.2833798515427564,7.461918518016545,8.013260794725975,0.07045039987311408,8.721329890846002,1.347574740884284,0.9617508581105167,0.609096816958922,0.47163154158088894,1.6590139375611859,207.0414697680227,-10.546007488304687,-1.4868631180454948,-0.543636230896181,0.3960010897613623,-0.4233625321038515,0.6069653629124342
8800,8100,OK,702,1383,,15.82896,0.2649398513018337,0.23177205338759965,8.285143637473448,8.292618193496317,0.06754169558144688,9.020818612386039,2.5202220004061635,1.2730284208614873,0.77949808543632,2.0419386092599368,1.6703568869146852,200.20723657700538,1.8207662016992296,-0.8181149455932291,0.3906957781785538,0.5951376024300168,-0.5912130904433103,-0.3789922489652995
9420,8640,OK,1117,1645,,12.988636,0.05468161738352184,0.006036111809742853,0.4192300729120346,0.4228242755084995,0.031410242250668505,1.7292503444964407,0.6235757420065786,0.3790293936345571,0.09090621871340171,0.30029732113597696,2.326162356963759,220.22020285604034,-4.925185765217417,0.261716373126868,-0.6817094695776469,0.12206666691731781,-0.13695599311384252,0.7082478265876014
9340,8520,OK,269,790,,29.215553,2.5343782120411067,1.6462611574715935,10.90155761508039,11.312701143192356,0.07102153787601373,7.908270032999952,1.5054967105660533,1.1099670855303658,0.7076445165468703,0.29672421230452173,1.8616627303131965,200.28195214391963,-12.37053031117988,-2.3464330794312014,-0.5342203575089641,0.4067581402524975,-0.43603426246579846,0.5991915778089937
7860,10760,OK,1118,1712,,11.489092,0.09921511334706051,0.08583116625661735,2.147393299627918,2.1513968976235693,0.03630910950851849,4.1688728215128865,1.7058767258075425,0.6756694613874568,0.38183477040590597,1.499820944335971,1.3094392086226023,255.20128699303098,16.427993877062402,1.784054329772848,0.4299363543630877,0.5716868817912925,-0.5445926744286331,-0.43789000827079316
5060,4070,OK,667,1170,,12.919657,0.8491294569179944,0.078555256671903,2.3155929264006394,2.467622816346395,0.013993676629800072,4.240075575091242,2.2998413373132753,0.8652808185585183,0.5286972875104587,1.882640685245657,3.29418501281157,123.96936379881156,-151.70701648031172,-0.9801565599554123,-0.047226903566439084,0.7055445124177866,-0.7047980947921979,0.05688766258128387
7980,10940,OK,1044,1645,,12.054851,0.07491996751898955,0.13855847127768708,5.553912902280617,5.556146144371561,0.06258917811310426,6.501879606642318,3.084520345948419,1.236865119416323,0.7905591604371227,2.66039916461747,1.6507565508282964,224.80393280181661,9.676610350552066,0.3789663846496936,0.3853411805674717,0.6018794183603616,-0.5881177547696602,-0.37864342967725406
9160,8350,OK,240,782,,18.219398,0.7459120943442323,0.105614550656326,0.330313497542587,0.8225851277880929,0.027447434320577148,5.7783758112782575,1.2306761668567592,0.6233314664781623,0.308377994129567,1.0160874007661742,3.4119269991576813,158.51358146414248,-27.955603209785355,-1.5455592772281705,-0.5683304160916546,0.40275621188410676,-0.40667152526363665,0.5911059486027854
8960,8180,OK,1119,1833,,11.343439,0.23927797722860975,0.08944167039202879,2.035604710047053,2.0515702031261025,0.08257429119487608,0.8511125901710523,2.106351770568067,0.9531840962301665,0.646418686208136,1.6712956682761946,1.6047340056467927,161.17437228097234,-12.700993541338889,-1.6013761879125117,-0.3842235841422072,-0.5967156660765167,0.5988028428655922,0.3711304442158585
7920,10810,OK,450,961,,24.135227,1.5783957394354593,0.1746803655402834,6.102180628651583,6.30543057729319,0.1176815273590059,5.801581115969697,0.9621002748952447,0.7002431531069178,0.423475111490599,0.4214791735642347,1.1600739082353717,238.23208490757446,14.501447957307592,1.0882568656335165,0.39039184037989527,0.6008453652457779,-0.5862862870366066,-0.3779516472517295
8920,8160,OK,1146,1874,,12.773945,0.5548993318624532,0.1375370740267681,2.5543441058495833,2.617537683839862,0.014176320437949514,2.2819369643225436,2.5430766607443136,0.9888959114772233,0.6554951805466369,2.1884194899916576,1.5530903943495642,169.19115898389714,-11.001193869027887,-1.5149663373043907,0.4011930002549525,0.5852355801898519,-0.583030754975737,-0.39575071822891117
9420,8650,OK,992,1350,,19.292393,0.176902960647619,0.084158694292958,0.9773108684602843,0.9967516626129016,0.041032313371165426,3.059069180501892,0.7323544307470434,0.34198210145064767,0.05062305491533703,0.5841132703138241,2.679316930154107,220.36937441009948,-4.357451858753731,0.20904064177198733,-0.6826413157281805,0.11885351740861608,-0.1335058918729544,0.7085554687501222
9340,8510,OK,232,702,,32.98829,2.3267123128228717,1.6342072706225304,10.242992807344146,10.630292810703805,0.06983651359609988,11.024569166625454,1.4635963643667156,1.1699096980052872,0.743405030266884,0.1644686390359653,2.0578059867352168,200.96321516150383,-12.470036292781984,-2.0664078876477876,-0.5339672750652974,0.4066511807934936,-0.43202665703918564,0.6023842078990319
9280,8470,OK,344,815,,26.850685,0.20171248876423947,0.03455394301390742,17.856103229752165,17.8572759528061,0.024889405649104065,6.387189567779041,1.7225060189051902,1.341747297030014,0.8897904926876512,0.5359372935937179,3.0404108000793757,177.1853522957217,-21.99972014834994,-1.6703277215581909,-0.5554735504130376,0.40574172598011093,-0.4185577312044025,0.5929858448894361
9360,8540,OK,391,937,,22.468027,2.630447041827285,1.4795771774203041,9.190265861682246,9.673127047248116,0.08367305261616798,6.1263958736357775,1.5985860543106447,1.0719362004776214,0.5941840320743352,0.6472183583161293,1.7958721937858815,205.4336681841965,-10.943596373712356,-2.01146398237365,-0.538319143219437,0.39767436146109286,-0.4270585261457016,0.6080202443391701
7900,10780,OK,409,892,,29.6372,0.8846751798944831,0.015467788871357524,5.7659107372108584,5.833405185301066,0.08426614795019056,6.1710962946265235,1.434519365851988,0.7448824341428093,0.4786207332820229,1.1022334439272754,1.3244688200406824,244.3387528411118,15.099353385068069,1.5059691528403076,0.41493739478308844,0.5886550241842242,-0.569938602045415,-0.3955783244969472
9120,8340,OK,1076,1462,,10.577666,0.19581636500489302,0.021498586506078464,0.8253199278994053,0.8485041080710031,0.01106132477346846,0.8919822323784146,1.316264486449502,0.4430922339384161,0.30729265661773697,1.1099011712859035,3.924786327251065,149.9935202881204,-29.40065657721113,-1.7414522631740703,-0.3922500073252238,0.5867614952144631,-0.5742549720377926,0.4148278035244547
5080,4020,OK,244,702,,42.37346,5.395802988000304,2.7053119045629344,10.935250191509464,12.490520370952954,0.11037477587570813,12.120639801259383,2.3023096662281413,1.5065802056292723,0.8705944836761439,1.431176544280337,3.985776384118511,117.61784527611887,-149.70391478564872,-3.5522562757058225,0.1700503823294427,-0.658460034446078,0.7144205113630978,-0.16467113727235227
9180,8360,OK,199,726,,22.66791,1.3062039901023685,0.5585167395336293,0.34508256385281655,1.461913741632473,0.03887512295848464,8.692162217974007,2.011464220591984,1.0685418234269526,0.6103815635768548,1.5405477462836235,3.234042734249093,163.89969253756857,-25.49464143337147,-1.7752173861694518,-0.5659608586209333,0.38373708291814396,-0.3957858762988603,0.6130152508909322
9020,8230,OK,874,1575,,18.659737,0.22381344725479257,0.03969861889302418,2.337048273080955,2.348076461750077,0.0628211843662431,1.915526016321246,1.3060093396958132,0.7732950514623911,0.41467349109341023,0.8409595617129346,1.914972163205441,152.4678873427358,-16.44790680811934,-1.6408740336885388,0.3472407172298251,0.6179759433481945,-0.6164808211845019,-0.34275503621727876
7940,10880,OK,1202,1699,,15.830427,0.9126074551071508,0.28493792602878115,4.737880675670727,4.833379282210412,0.09566171314702832,2.5753352162031433,2.2306179378920095,1.3882365653041318,0.868036654707657,1.503835102691669,1.5090031408126077,231.89711177389918,12.698639270193866,0.6565184962574245,0.3886924022549788,0.6032987544881375,-0.5865457500501262,-0.3753836868597919
7920,10870,OK,1104,1507,,17.943787,0.7260999103263285,0.42989165381747174,7.697041928497158,7.743157131483325,0.08821292639777105,6.114152104250396,1.9958213496993873,1.3871703404296047,0.901533119750392,1.0675740492096892,1.6063013689736059,239.7638851917213,15.3115179498786,0.647911351456868,0.3949530340532475,0.5953757730262835,-0.5799817691795887,-0.3913578122445034
5180,4140,OK,368,846,,24.92037,1.5891916515182958,0.7074091237445981,5.155608402485811,5.441163090130165,0.13905358165149886,6.9376275224233375,1.2964902414085762,1.0378589356972756,0.5720466254179837,0.316591534591776,1.3257601480638705,132.42041525138458,-177.51861580709655,-1.3458157478007187,0.17055547499305798,-0.6641180752837094,0.7083327314224585,-0.16769840078829917
5100,4090,OK,1071,1751,,11.1289,0.0778364165984321,0.20420351274115148,3.3986117757964616,3.4056305708263612,0.039031585818176645,1.8081367444830156,2.842414831896158,1.1691993078935892,0.8456539200082762,2.376303651102198,3.058872266840087,126.40289651419448,-158.08884598866098,-0.5826795560954782,-0.165385967701476,0.6890685688366557,-0.6874344814957156,0.15895226572643223
5100,4070,OK,500,1070,,17.872643,1.7858405190731244,1.51482467082675,6.028123823317392,6.467008347926839,0.1689623986092889,3.66956450946918,1.843247340779385,1.4180438410778635,0.9646860941016846,0.7949953779837577,2.9767230152063404,123.78306009317163,-156.98478111906022,-2.491887277247795,0.20804240916082742,-0.6390169742625177,0.7159500509642873,-0.189185589089576
8920,8170,OK,1016,1730,,11.431739,0.6060471118307823,0.18283304011168378,3.6273751326751587,3.6821965422102387,0.017810714898954024,5.416938867490229,1.6114330042370302,0.810108285906059,0.5168365590580604,1.2357015299993321,1.5512441849821845,170.20021273370733,-10.625297764438987,-1.6230162868068634,0.39984452622035244,0.584844744749939,-0.5842762191448333,-0.3958563870039477
9180,8390,OK,962,1463,,11.372245,0.4751592740580486,0.25721390467219885,3.0396673695487504,3.087314860194779,0.04284560602361928,0.6192673120741877,2.5996110690009804,1.5967510321228873,1.060263009477344,1.7630998137571443,2.900921976926637,161.0398096931098,-27.454215274436574,-1.3137866501820055,-0.5848646201564272,0.3988248160222417,-0.38842617601088913,0.5899129156101441
5180,4160,OK,593,1180,,16.742199,0.6944300679695738,0.7030825304060729,5.202738606150766,5.295757468747417,0.02997738925366686,2.1774596241240745,1.20845401676207,0.7440281275071439,0.3745911893940703,0.4848678831161539,1.2326604402361567,134.24433391167082,-176.561665161048,0.049419316321826154,-0.12968829971142337,0.6968861537351295,-0.6954255496294971,0.11795735912917639
9060,8250,OK,589,741,,31.096003,0.8159850165032425,0.06493514259785915,0.0664578167513934,0.821258035765473,0.01310975828456622,3.253459121069451,1.7939325446180123,0.5839715919514443,0.2856022903649391,1.5960235999922592,3.3460297678654354,146.86476347837925,-22.733583220300623,-1.6673802175304755,-0.16519758550679803,-0.6876021178808608,0.6899715967597478,0.15444183660291927
9460,8690,OK,630,985,,13.7945385,0.17109157406844833,0.12174322392672322,0.4993028588828572,0.5416614110105001,0.04592151837942546,2.4902533229065975,1.4732122114738582,0.38513853875090154,0.1775301083400389,1.3983996080297745,1.1325760214791918,218.77556113626102,1.744805699439812,0.23671302380758558,-0.6861029692573298,-0.1389786641352721,0.11944938682844103,0.7040450912248166
9320,8510,OK,249,773,,32.62583,2.9106373181316507,0.6398712824301325,14.320267680496187,14.627074598047383,0.05062112780838176,5.922142259474486,1.733408617637175,1.4358687989648322,0.8738604999963928,0.21628407880541456,2.108904862894091,191.85633004572696,-13.998850893399698,-1.6841645853134957,-0.5386199662630242,0.4224777261520424,-0.4386327038789607,0.5822391724506784
7800,10620,OK,947,1475,,10.366668,0.4509619156565169,0.052813595312115325,2.4413556914306733,2.4832183829263443,0.01938032345867209,2.99017336076512,0.9966218777431939,0.661382563451276,0.38147434726861196,0.629124703609218,1.274974132530188,276.9606050294727,21.019930702807958,2.662508125660578,0.41199761824699377,0.5850667725346913,-0.5596819082300313,-0.41798444448882927
9380,8540,OK,160,820,,25.986143,2.2917896192129996,0.26024037730079025,5.263354451308789,5.746557647219957,0.028876259762711624,8.828225009134178,1.6591424086547608,0.8617563811963098,0.5776022216953915,1.1448829425984952,1.6310709408147759,211.53616777146087,-9.609020473475113,-0.3369886689341153,-0.5793174309417757,0.36467609040366167,-0.3843844635922423,0.6193958729631847
7840,10660,OK,529,1087,,20.596918,1.5270574552951768,0.5568168306692377,8.289026542840034,8.44688762104692,0.025868684715793018,3.7863969577449996,1.5860204877780164,1.2804655603865083,0.6962157107444233,0.5691851769683272,1.706815543346932,268.7873600434087,17.461916642609335,2.933190174202365,0.44545465650842553,0.5698970852494859,-0.5355779481299695,-0.4358253350781625
7920,10800,OK,337,761,,28.409946,1.7348745558890342,0.14601896071266882,5.509375805510033,5.777917706916403,0.11717619130206408,8.010921308735014,0.8990520127946839,0.6303569799355959,0.3707761019589124,0.44134525567315075,1.1535674660471256,237.6902745791759,14.152806792755229,1.1149071008863825,0.39186974456392193,0.6007427364873216,-0.5861341703539636,-0.3768195883929095
7940,10820,OK,376,800,,34.35681,1.7242632202025443,0.512474426424976,4.9365988918343575,5.254114797864914,0.12254071527916137,8.882886502626452,1.2108785870121683,0.7652339860019386,0.48133487325286883,0.733395912274657,1.2312826842030737,232.10135538844347,12.389699379050862,0.595333598335361,0.37577118007797966,0.605418761027968,-0.5942320585459521,-0.3730313721584325
7980,10880,OK,523,956,,39.015255,1.8563004464445791,0.2938584698184525,6.353122118479972,6.625282243050015,0.09833411098367191,6.0131410906385785,2.268044053463492,1.2275406593353573,0.7973087442865678,1.7560887936998641,1.5109408315287356,224.98616361087304,10.888045306065735,0.3586781038957999,0.3744523794023035,0.6075539130364022,-0.5959390729913323,-0.36813079142655397
9400,8600,OK,825,1384,,18.212782,0.14876686390130345,0.04270368137671635,0.40284046658855877,0.43155025862515806,0.04867758915410926,1.1904690314445732,1.7661273706600185,0.6581467575645314,0.35215044271451834,1.5922718384908796,1.3272717624198822,218.8143491227573,-8.030896178084097,0.1855417559939584,-0.6357052844254388,0.2680202779396917,-0.2753030357618324,0.669516363106251
5080,4030,OK,291,714,,37.358692,3.3376699683017197,0.2793952562818911,6.822845031022407,7.600612925539833,0.11499878497555367,9.593092977799731,1.7600223200554537,1.3251337252996838,0.8043221948495831,0.8158729844310493,3.531580861519114,126.71383609366241,-149.99970063913634,-1.2472825338968112,0.0950263085719039,-0.6895861839974811,0.7113893373392957,-0.09677864557301458
7820,10650,OK,1088,1590,,10.345995,0.9815963986577476,0.09491573081177805,3.424083347908986,3.5632691814176773,0.04794476266213289,1.7870904737479645,1.3431987426093448,0.9983592334102789,0.5438609532710612,0.6949874840460133,1.7667159843181537,271.1210505743345,18.563902408566797,2.3280007085809724,0.42964315944187265,0.5741253984500301,-0.5451458432482327,-0.4342842294955839
9260,8450,OK,336,861,,23.456743,1.890027538316491,0.2027141744394709,23.18972002762458,23.26749690215357,0.04830357416926422,6.451695867984745,1.838059447427278,1.403866531550808,0.9636856147670034,0.48953938523251495,2.599222033767915,166.78012363921624,-28.251413360156178,-1.6721413398966067,-0.5743905929600606,0.3867972471843756,-0.4029379699672349,0.5984181887679072
5000,4000,OK,246,250,,11.001318,0.9263489564284821,0.1710174127876679,1.2520830442682533,1.5668699034370346,0.019197870318495923,8.97488018361167,1.1951954666771474,0.6004626095959977,0.29614794996774263,0.6852156658260302,3.6738970821564623,128.8042374943152,-146.3760665437776,-0.8265396798359598,0.3092084680990537,0.6370785457543833,-0.6344920351778112,-0.3097432922457499
5000,4010,OK,237,241,,9.942802,0.8942169779674511,0.1592239822500916,1.1775431193804047,1.4871395624516726,0.026636355826466826,6.901883935856161,1.6783633369185296,0.7109439051737743,0.36852992208926044,1.4055652878923395,2.834792850225422,128.73252148532768,-146.33942268451838,-0.8121920783188117,0.3063277390335598,0.6396192299915814,-0.6346049948813675,-0.30712710299676127
5000,4020,FAILED,134,134,,,,,,,,,,,,,,,,,,,,
5000,4160,FAILED,27,35,,,,,,,,,,,,,,,,,,,,
5000,4080,FAILED,28,29,,,,,,,,,,,,,,,,,,,,
5000,4070,FAILED,23,23,,,,,,,,,,,,,,,,,,,,
5000,4140,FAILED,19,23,,,,,,,,,,,,,,,,,,,,
5000,4030,FAILED,28,36,,,,,,,,,,,,,,,,,,,,
5000,4170,FAILED,21,21,,,,,,,,,,,,,,,,,,,,
5000,4150,FAILED,11,22,,,,,,,,,,,,,,,,,,,,
5020,4000,FAILED,180,184,,,,,,,,,,,,,,,,,,,,
5020,4010,FAILED,176,179,,,,,,,,,,,,,,,,,,,,
5020,4020,FAILED,169,171,,,,,,,,,,,,,,,,,,,,
5020,4030,FAILED,133,134,,,,,,,,,,,,,,,,,,,,
5020,4120,FAILED,23,23,,,,,,,,,,,,,,,,,,,,
5020,4070,FAILED,17,21,,,,,,,,,,,,,,,,,,,,
5020,4110,FAILED,24,24,,,,,,,,,,,,,,,,,,,,
5020,4130,FAILED,17,17,,,,,,,,,,,,,,,,,,,,
5020,4150,FAILED,17,17,,,,,,,,,,,,,,,,,,,,
5020,4160,FAILED,14,17,,,,,,,,,,,,,,,,,,,,
5040,4040,OK,287,497,,13.770765,0.21491071623573177,0.035608349493486235,1.5463005287965577,1.5615696897234908,0.07721588416681344,0.7563663157396668,2.343234068006093,1.0024087868964566,0.7256595643081187,1.907608094494794,3.327722628011527,125.55361133820413,-149.5916106381163,-0.9489186882849657,-0.1092650419863024,-0.6871429452831266,0.7060189427613157,0.13203399490114545
5040,4050,OK,262,501,,11.074269,0.6699246228530045,0.004328229145908233,1.6829695622794514,1.8114094737058677,0.05041747908195741,2.005629183733549,1.8199646230428566,0.849643630388917,0.5341454171341311,1.4343236503564545,3.401209055060605,124.84497984082303,-149.11129265292504,-0.9285556007022283,-0.10682207447061204,-0.6892859440137724,0.7066295327211802,0.11894803603710338
5040,4030,OK,231,445,,15.499775,1.1863244442734313,0.05740830116797037,1.218642649635329,1.701690720323136,0.10008588055950358,3.164798214960647,2.3505209355639014,1.1004154220369813,0.7159432080940351,1.8329781679423394,3.538076146441002,126.1453020908367,-150.37066385922304,-0.9760146481806713,-0.11937822682049501,-0.6846046746952482,0.7052438291335512,0.14034393401801917
5040,4020,OK,227,419,,16.080671,2.1139027246076836,0.04810111091340913,0.7520314110346944,2.2442035756939975,0.10467879487759124,5.689872678685848,2.461684858110324,1.1365868606920124,0.6700808203177677,2.0838608354134207,3.757807469078085,126.59129402567049,-151.25651760549385,-1.0513758078938515,-0.12265067185873846,-0.6802076671645877,0.708849213499436,0.14073782272133015
5040,4010,OK,193,343,,26.386042,0.7181553145187269,0.46347368408920414,3.549288174942692,3.650753546927365,0.08426498393135272,8.256668252130266,1.5645391890381752,0.8175959498033964,0.40053079110857626,1.3322513311056188,3.2928335846435663,126.27464386370201,-148.05685900259274,-1.098437144329763,-0.1414696007919214,-0.6872510973451378,0.7060352245449879,0.0958464550799191
5040,4000,OK,211,331,,28.702145,2.2955827617038773,0.7126931821181499,7.145558087123193,7.539007372600279,0.14581062433263528,10.81413070428289,1.7623558817028773,0.7267857856520443,0.35235238747824615,1.4049783068387822,3.858817091111612,128.53628508602475,-145.5079057816437,0.5058914689401389,0.16822379947560337,0.70092638244008,-0.6871946963820336,-0.09036818551824309
5040,4060,OK,191,419,,12.234471,2.1018900901717856,0.021199597471194265,3.6809517838027053,4.238843876433244,0.05305519607918865,4.506001126343444,2.0034448697234923,1.140322428472536,0.7555916886923004,1.5911819472388453,3.525508065692343,124.28252609746353,-146.7069930259554,-0.9872154038010011,-0.11402290605199461,-0.6891137933202934,0.7060039014571706,0.11695917184397192
5040,4070,OK,165,386,,13.695972,3.752055084499122,0.1422716131021565,6.326650506816394,7.356946731111388,0.06528827006785161,7.111585861825447,2.1476655979231998,1.140930133521172,0.8540338148417108,1.5985363551731648,3.7970903977620907,123.88037701472736,-143.5819990461422,-1.26012602567903,-0.12053411700504145,-0.6863567909620478,0.7071728681456652,0.11955089584243313
5040,4080,OK,144,362,,13.258049,5.172732903361697,0.21170781212408898,7.1666802384170225,8.841000595348481,0.04776751059806116,9.763879317477981,3.0880481279734835,1.2552883171627318,0.9320891504451438,2.0864748133435143,3.9154294947394197,122.66578605775466,-142.3629069929542,-1.4946803349996367,-0.119387628039635,-0.6872561073060784,0.708371087686832,0.10787047497318421
5040,4110,OK,23,230,,9.216648,4.4368008312628575,0.4628087010016345,7.987350729528419,9.148615479214097,0.0756983613368258,17.85410835317996,1.8716400942814562,1.266367613037478,0.7814841028873238,1.2237033326066564,3.8509947583959763,124.237464521979,-141.62206749612935,-0.9309778875599524,-0.1366960600743287,-0.6918616168715312,0.7021885837074003,0.09784111186541836
5060,4010,OK,231,611,,34.64951,1.4261117078724812,0.9747917168813707,5.551619569699596,5.814163167757077,0.056941809006183765,11.118317631093987,2.2917974366877107,1.0909469615324967,0.5984848343654896,1.8483372111989675,3.2661927303802134,125.64047651191692,-148.4015205362597,-1.6920115831052502,0.019876844557047038,-0.6990993178691737,0.7135807904470338,-0.0408351602212807
5060,4100,OK,645,1198,,10.729355,2.744618374554768,0.46247927467810235,8.217219467134626,8.675800416820728,0.07182176819451583,12.238251829637717,1.894318584955264,1.109073522156871,0.7039589534826243,1.2409386071336104,3.700051631117169,120.08759726445177,-146.73069847706861,-1.8187403624926566,0.06597595462500928,-0.6962269434293107,0.7104777425274565,-0.0783364157176437
5060,4090,OK,785,1294,,11.144841,2.314925817963452,0.28160955291457695,6.064972720174868,6.497851920398913,0.057529613394571785,9.548235826900491,2.7693606415474625,1.0054174816505699,0.6974212416263161,2.1791065889089776,3.6883296449273346,121.32330504910279,-148.55824063759448,-1.3938382557959352,0.05766046201947805,-0.7014443451844539,0.7062826962378012,-0.07626175137980278
5060,4000,OK,158,559,,34.57962,6.384127353060526,1.148601621869568,4.904350614415831,8.131975325526875,0.16099138749222017,13.676160947104975,2.0333113402971743,0.9987956673345828,0.514747685453528,1.3307437324185374,4.127951877393745,129.64527839715842,-149.77285351607432,-1.6028917733344938,-0.01806939962847003,-0.6973416752996359,0.7165074803122299,-0.002261712621778098
5080,4100,OK,685,1265,,10.0835085,0.25075721526618283,0.07220006160313941,7.860977730268383,7.8653075531525785,0.06020306227144507,8.682940044563239,1.5266352858453411,1.1416144091522114,0.7526276526498181,0.7020332239979341,3.4704300352887554,122.32115707446228,-150.39261719217328,-0.7182438435545103,0.15475302422717538,-0.6882066658448043,0.6911545987383741,-0.1572526858979473
5080,4110,OK,821,1437,,10.568691,0.6215700039827275,0.19691623046684006,9.058174567776252,9.08161063754557,0.12345030455968246,11.365845059526759,1.2056801242933028,0.9008194083391425,0.5703883091757171,0.24388150553062315,3.1854868520226365,120.24695040931384,-150.1504418813677,-1.759798569434471,0.16833971853660423,-0.6706493085617232,0.6981579052703567,-0.18565231858828812
5100,4130,OK,550,1218,,26.927282,1.4828921780313984,0.17212164035568733,11.58914004021471,11.684894605534671,0.048357705730188466,12.410191303275605,1.2642300700008031,0.9652679138014824,0.5619497152492343,0.5143079837646596,1.4680582261674648,123.47307386345075,-150.29314798878414,-0.7137879697056393,0.17176350046051964,-0.6827726480726423,0.6913250109646996,-0.16244549906993042
5100,4040,OK,261,650,,35.82445,3.615990713137021,1.5770868604086505,19.259343478308438,19.65921928811591,0.060043057638666505,11.337737587666627,1.8259042429325156,1.291922134079328,0.972507922279497,0.7527345116240785,2.573732154802914,123.75390466395697,-142.01584705986554,0.6594678457227261,-0.1450784555430187,0.6994073396620754,-0.6888871117340446,0.12335380922694181
5120,4140,OK,874,1434,,14.0917225,0.39215367672799606,0.2074747436549785,6.928986694647444,6.9431755623797455,0.0948292524970115,10.061963186713879,1.096107180831585,0.8402361641715346,0.47734201022998635,0.29350030522700976,1.4260669671994173,125.9539002632471,-159.6824726181249,-1.386472202850531,0.1821833905836409,-0.6727478623805077,0.6957607792715068,-0.17359857109265509
5120,4070,OK,189,660,,42.8611,1.835424155213635,1.574725526865788,17.18944370636268,17.358730289071143,0.08275266993274125,8.519188974301251,1.6680298655541943,1.2404958476794874,0.9011662118821961,0.6842879980100549,3.4399774464782795,120.75308059851736,-151.16498879596614,-2.831525145893206,0.17763875212685606,-0.6674311461149909,0.7040605705212917,-0.16516310718703578
5120,4050,OK,148,654,,48.848385,0.2802069455283732,1.27411071972786,16.684048273367196,16.734973583680816,0.021679523276542868,13.639471993474066,1.4124649569315872,1.121528978263341,0.7049513467107527,0.5843212385580299,3.5710344695000154,123.3765148256772,-150.22980464602654,0.28430755465440893,0.1576446831538532,-0.6899841542047706,0.6914295751681007,-0.14489707865415513
5120,4150,OK,829,1487,,21.534979,1.2729439317687512,0.08961099105678591,10.767341632572359,10.842696261339754,0.0461735296576768,12.502110383930193,1.273337775875385,0.8796861372230824,0.4728664358108525,0.5894488812668577,1.461687021707594,125.67618750378126,-155.55950300110587,-0.8572928036397192,0.16838740285776033,-0.6827340374825156,0.6939480817514498,-0.15477718325103457
5140,4080,OK,207,667,,42.10788,2.911674289078406,0.15968410736189398,16.215247387475824,16.475363243851888,0.0356116489954614,11.21995023517863,1.8041912540127327,1.2700187248934536,0.9551462105633939,0.8265086713389023,2.084624112831091,128.63510794530703,-154.48590415336122,-1.355032849823965,0.13106067007844535,-0.6852764705084878,0.7073114520704724,-0.11370914429358091
5140,4160,OK,891,1572,,18.446714,0.3615319778367493,0.2105438604854468,7.641741230238647,7.653185161624926,0.07744837119507733,9.49385645596428,1.5192338606493827,1.0117437517523487,0.4907027951438412,0.9781207446858602,1.3320956933205088,128.0794794060793,-163.8171439275672,-1.4693483223151063,0.16929758635201592,-0.6731050544059131,0.7039541916229959,-0.1507196373569447
5140,4170,OK,742,1369,,17.095285,0.3288150524024053,0.2108186968358297,8.75135118457659,8.760063436837203,0.03652581016772934,11.721299847811945,1.6031618585754819,1.0002788753786949,0.47682710037794784,1.0212197364033546,1.366067484986186,128.18081009427704,-162.5992318629865,-1.3963213639572565,0.15517822423060262,-0.6792089787246737,0.7041560469029188,-0.13696402284715878
5160,4090,OK,166,648,,40.213413,6.831713478258269,2.133464819475013,12.740550042058215,14.613199395038132,0.17594815135088673,14.256899324702061,1.5068680654139657,1.1149242405894997,0.7536203775903347,0.43322373250558543,2.6466525790473985,123.59116287321454,-167.44780606395906,-2.659722454966023,0.18590587103884285,-0.6561986054528776,0.7122825650341618,-0.16581901236994254
5160,4100,OK,187,645,,36.133335,5.903588170863902,2.6606182275523835,12.51521933414896,14.091201425918378,0.17955222828047598,11.5521565369163,1.3906348565594437,1.171164485135363,0.7379819703312414,0.3532228636491581,2.064257433647678,124.11605821497588,-167.44703624900987,-3.377040435191138,0.1834821706386229,-0.6512592039963593,0.7170412003342354,-0.16747435412924114
5180,4120,OK,197,623,,32.920227,6.801966358056812,1.498981128888342,9.627099205736187,11.882538864989517,0.2347284908366753,12.087174809672419,1.386559156985069,1.0893338690883665,0.6642544168275557,0.461910934260767,1.4446989830786345,126.89515412070469,-176.27722514034338,-1.8611289962683428,0.2115844964043398,-0.6485000093758924,0.7060659110680042,-0.1901332899533864
5180,4110,OK,161,604,,35.654694,2.6841297001388145,1.1226734087341947,6.867341563037987,7.45823893243406,0.15181112350491982,14.769582134440395,1.2858982275309832,0.9584854982654987,0.584445145633006,0.29698322253563436,2.1957361938704434,131.74888338877645,-176.1714799461997,-1.505151412565359,0.17240664024035127,-0.6603026248903829,0.7101384260510695,-0.1731467868879294
5180,4100,OK,102,485,,40.131813,6.383446592462192,3.1242110228410893,10.753414476625851,12.889724893114103,0.19571981171180358,17.471858168785044,1.439534962839922,1.217864457187032,0.7495343669201704,0.4419681338183894,2.6058668040983446,127.29436755970752,-174.7084139348156,-3.0876535841248,0.1920485962341128,-0.6419652347020641,0.7216088038632386,-0.17400778231302377
7800,10660,OK,991,1583,,12.102177,0.7764929090365169,0.05514065349636095,8.110101113550417,8.147375147951868,0.025820907761562907,10.767822401754701,1.4046065119895081,1.0498054553997282,0.5754964282172934,0.6861762565808025,1.6340651201064165,282.298312245865,23.02991649074416,2.6052272961364875,0.40219818639560717,0.5890106624125242,-0.5711981550340164,-0.40624589365331404
7800,10650,OK,933,1505,,11.971083,0.4139166259916907,0.03735593822503014,5.507071367476083,5.522730980761955,0.029248394404965794,9.024033294139766,1.172479098637266,0.778497294253925,0.44122693842560334,0.6893027574952053,1.3856300127100751,279.7114347784852,22.514278626171183,2.6736215674317334,0.40202205327129875,0.5909346707441352,-0.5716304115492877,-0.4030051565278557
7800,10580,OK,176,648,,16.583027,0.1914882550566745,0.12940343499127463,0.29136757216195885,0.37189792002610794,0.015087520567181325,4.314754925878767,1.9046126390137474,0.5168300050249969,0.428638481392944,1.7960252225186681,1.3669626136642417,274.15791546660915,20.76332651619188,2.775889220853013,0.40823018151835244,0.594984200803952,-0.5617518128345206,-0.40469348953041656
7800,10680,OK,742,1340,,18.947933,0.7806110377078261,0.04066129288901771,7.7496580895310725,7.7889798714315015,0.033267297710290265,13.776460929311973,1.3310159172665497,0.9070404965149828,0.49541119474718576,0.7814919382298582,1.4930998862669795,281.8764329992931,23.19374319725583,2.7331947322909125,0.4009894728768297,0.5929726690251759,-0.5717567047465354,-0.40085549392331465
8700,8680,OK,387,543,,17.517262,0.08719053259448012,0.14029047600484917,0.36423158019884383,0.39993530807609756,0.024563554806773018,3.777856107805328,1.2455870841324317,0.4802387809182398,0.15279727173255164,1.179988011022413,1.0516988332903652,215.32968299435967,3.865685951420167,0.3775207958477172,0.6103066102070352,0.3801152897050384,-0.36221260273895617,-0.5931612246995953
8700,8000,OK,286,439,,11.806828,0.6468092680530646,0.06140212290661619,1.0273229384984934,1.2155348081819624,0.018419730786139697,1.7500787028565998,3.9380546346380143,1.2268650766310545,0.738529739124909,3.537759418117039,1.5044427646833574,216.22286988331516,2.6318913212475192,0.21948962911824993,0.6180284729965962,0.3693186326187267,-0.3473959404556055,-0.6007999789622958
8700,8670,OK,179,263,,17.070559,0.27540543221507385,0.1929457018356521,0.6748270490463648,0.7539679980443791,0.06391619996674877,5.371673871785522,0.6192717759004064,0.44582850786242645,0.18540360144973933,0.31355332134481095,1.1074870237502823,215.9580184135444,2.914730463867788,0.45828670939957605,0.6040009836991569,0.3891483823305139,-0.3763575342752223,-0.5848943106359216
8700,8010,OK,181,348,,14.534572,0.5461092430511539,0.12605168957635043,2.263292291942358,2.331655277384856,0.028337970107227113,2.947769649380186,4.607896013672736,1.4069714887914282,0.9421783996223545,4.145596464407601,1.6528351534597803,217.8862700177975,2.989965268157736,0.25181011441447543,0.6228671726115073,0.3653499779290314,-0.34640704833526104,-0.5987971574530521
8700,8020,OK,103,241,,17.046036,2.553807028215209,0.2500034864929761,4.263445691101868,4.976082921495092,0.04118191320815438,5.489461524945776,4.148662958745309,1.5132573537825393,1.0475668243161012,3.6677018288283145,1.8435235649144714,220.64383876508145,3.5295177293405953,0.19063713790803755,0.6195849865974679,0.3625165083388897,-0.3402839221392307,-0.6073739193432143
8700,8030,FAILED,0,148,,,,,,,,,,,,,,,,,,,,
8700,8050,FAILED,0,150,,,,,,,,,,,,,,,,,,,,
8700,8040,FAILED,0,154,,,,,,,,,,,,,,,,,,,,
8700,8060,FAILED,0,112,,,,,,,,,,,,,,,,,,,,
8720,8040,OK,628,1103,,13.205769,1.6557893649175544,0.11659747020787362,4.886728780019428,5.16094483215071,0.022278068711079752,7.635059136356797,4.434114833680362,1.2866761470185462,0.8679673068200238,4.090894266987897,1.5530648463789138,216.46786916021773,5.986336781354855,0.12597188363366316,0.49682269847524807,0.5177013843729292,-0.5067819397240797,-0.47783318058463103
8720,8050,OK,724,1260,,14.438908,2.476847277187492,0.18689394857425823,7.243297584542381,7.657353438412142,0.02421923177743534,10.967734364997648,4.567219099288125,1.4267131622400595,0.8972247597443985,4.071299012172146,1.5704310557743608,218.74622696318826,7.021342208408741,0.11119532672440091,0.49684234154234125,0.5177289216533257,-0.5075550410543617,-0.4769615620096794
8720,8070,OK,262,781,,21.645615,4.040054430536376,0.31760030796384653,12.12060740380242,12.780142158615662,0.02457800006211667,17.941178788726674,4.699131033158903,1.4514976619759337,1.0650056813627073,4.219649201151543,1.7237444029211373,223.4737188948701,9.01443929186772,0.06370451028986535,0.4947700102014062,0.5183023903561976,-0.5074727621197257,-0.4785777521604284
8720,8090,OK,151,715,,38.91782,2.9043321381762928,0.37355646133483567,8.722318592730652,9.200735363640424,0.021878845967203478,25.218461949343318,4.3050131481667755,1.427861161675954,0.9601937955015085,3.9011204929823338,1.6657557016346425,220.13169499608247,7.746704686016368,-0.2643647413528084,0.49412233776029296,0.5161736695626974,-0.5077808304044712,-0.4812135559709721
8720,8060,OK,630,1191,,14.825631,3.1179122854717045,0.20942458552716714,9.33022832627566,9.839633951390434,0.022105510140818015,14.390871210785772,4.566382755627774,1.4299191989979247,0.9967646355294493,4.094152834552052,1.5986279545582982,220.78231323447753,7.80924585795747,0.18877349662306075,0.49568740392063054,0.5188449911199229,-0.5056979639098235,-0.4789190349961584
8720,8080,OK,225,808,,25.941969,3.4291054446358054,0.3137209875904439,10.410413716215515,10.965121921403965,0.02242644038219061,21.556089603218393,4.624889548702716,1.4181900758306165,0.9900125408488893,4.252042184979231,1.671428560582469,221.79817863547433,8.323696366901032,-0.05461703856917621,0.49525566368993346,0.5168812993561304,-0.5077082393787627,-0.47936196514312523
8740,8060,OK,908,1473,,16.018951,0.9045254730596011,0.25514813171940537,10.87538589629823,10.915918893704553,0.07488888345460587,9.944083425398055,3.266420597146638,1.5333180284087922,1.0550029171592734,2.5372446663685277,1.7025259046375374,216.86696102444748,8.546076790595002,-0.25778558904615895,0.39838135982609924,0.5912072704100861,-0.5876216280061938,-0.3827101747493965
8740,8080,OK,645,1128,,24.31952,0.6797839069686646,0.3260975831501022,7.946396345626553,7.982083730185807,0.06338880496446976,17.107884574549214,4.305072551565019,1.7895763811075445,1.1500492939281768,3.7425026461263347,1.7929329301426797,214.2022759895338,7.408624222899117,-0.5750424017134299,0.39953465448331527,0.5882435297075059,-0.5857789284415496,-0.38885042962304
8740,8070,OK,542,1192,,32.150574,0.6212868229027131,0.11273809089994938,12.845122593087638,12.860633018047858,0.051669211541950685,13.493663376058379,4.307351685027987,1.811495439253024,1.2284872416916466,3.5579213375670897,1.8945441062874673,218.9402430763486,8.753379628216544,-0.04778851042819998,0.40343007674417924,0.5887808589188847,-0.5811345153497881,-0.39097819430000574
8740,8090,OK,454,1078,,46.49459,0.7320295424016845,0.40415756631350114,10.442123609099635,10.47555039399235,0.05294044879974154,20.76999814929577,4.349804177943485,1.8640719369256145,1.1765028613625594,3.740247958757016,1.8323498974599068,216.56933769491425,8.264000717907681,-0.7675240141216104,0.39957143929290717,0.5869254571110377,-0.5822914670830712,-0.39597704486325785
8760,8020,OK,266,697,,73.35112,2.3860437976112605,0.3514259263561667,10.527364396131734,10.800097514132755,0.08743829099655102,7.763040058174131,3.6168962918070897,1.5004826276827445,0.9815396614525311,3.1137305430817506,2.06492723169455,211.41923040411075,7.513416834543111,0.3484430921647071,0.37191472502518813,0.6104836240418828,-0.601394932036875,-0.3568099183129444
8760,8000,OK,237,668,,72.99348,1.0380522229072928,0.6015310419647557,8.023595168276895,8.112796770308394,0.04218590330978652,13.205907069772692,3.1512775130952555,1.1669924569073467,0.7184805305868225,2.7237052282703447,1.5973675820561481,210.87012365292517,3.090788629205652,0.5599843448154062,0.3882164670157063,0.6023133278307717,-0.5919931206957165,-0.36885061326262036
8760,8090,OK,409,1064,,48.911873,0.3418857577145614,0.2946608626135865,6.394186278211528,6.4100958694666055,0.041505082781016875,15.971177288079614,4.477746508188025,1.5106713118569373,1.034548994400157,4.034474991383778,1.800497241236653,208.73161864941093,4.094227593699323,-0.6628979464061308,0.3791366971722026,0.6008998222222741,-0.593100608332377,-0.3786904235736062
8780,8090,OK,868,1459,,15.181273,0.14414392186807423,0.11968528439216151,8.805495297367749,8.807488261103563,0.05209971951954284,10.828972599700112,2.9705983264497817,1.307910250773168,0.8054993480877175,2.5683170550198717,1.6818377366190176,206.07811653476983,3.3263736897523435,-0.6218830983313216,0.38898464443906583,0.5933865511174973,-0.5925892423708529,-0.38134149678448825
8780,8020,OK,232,682,,77.07286,2.15880783597384,2.390164661132949,9.240531570226898,9.785742796556162,0.09034373175626015,12.904568421215298,3.4481476323938702,1.4434208382831486,0.9456635055552209,2.9482119220748064,1.9534708689019091,205.8714990667225,4.345453645048688,-2.410739325705565,-0.3731811008622258,-0.5922928688637394,0.6050443692246356,0.3792707933943519
8780,8100,OK,425,1052,,44.89708,0.011187930552554237,0.15017598023229492,7.906543603835482,7.9079776020282555,0.046592881955820085,14.496856582973736,3.515583731276248,1.3528884158303014,0.8730206638292004,3.1094871325650395,1.6087990038346869,205.18281945851817,3.151743632633077,-0.7007933170192303,0.388673116705843,0.5939989061637051,-0.5897221097533135,-0.3851315893231673
8780,8010,OK,211,590,,77.51313,1.6976695818038867,2.052452077534963,6.428181763798667,6.958172341067265,0.08016182485852438,15.731028197688653,3.895650107550794,1.4018853110320637,0.8890840682257046,3.467169679919958,1.6298010669235372,203.6283368780423,2.576081991740674,-1.9745894936798203,-0.3774997418913434,-0.59295523153468,0.6016861536533172,0.37930437747210344
8800,8030,OK,238,663,,72.25514,2.9337267262075257,0.5642019805526036,13.915405246428929,14.232483253152472,0.06787387004371033,15.390437577624956,3.8793088334859913,1.514120832088786,0.9992689254033702,3.286587522067366,1.742275853182305,204.81137474837647,5.034071426655852,0.3565376044737508,0.3905797315926353,0.6044479958638873,-0.581859107657706,-0.37885362925664745
8800,8120,OK,576,1265,,24.215578,0.5085819100571394,0.1914353227228404,6.40900234323863,6.431999228673897,0.07419784457861445,16.359724889801917,4.1996400067616575,1.6738001063165853,1.0530085001100686,3.533638010506893,1.7596726694182108,198.16388476079337,1.8710660162318344,-0.871655673945414,0.390412209270257,0.5958741251837824,-0.5929779214852177,-0.37535252552800324
8820,8140,OK,509,1168,,24.863338,0.22296382173392704,0.3509123148241086,8.939146122300809,8.948809178563538,0.03894475460002188,17.880177254023383,2.937878579349523,1.2003531509267376,0.801000174093164,2.515449947314891,1.6822407600630969,195.7830166508139,-0.28051369626840383,-1.1777084004747844,0.39626270369863464,0.5922307441616897,-0.5830211743221868,-0.3902882596480675
8820,8130,OK,469,1120,,26.682606,0.0922783382227757,0.33974965110358685,10.070843014038354,10.076994796591656,0.044647361835868184,14.377688296949652,2.4937898563206016,1.1529028889209498,0.7511131091312562,2.1140639640668377,1.7197845036987947,196.77340025955831,0.2655359528127086,-1.173445518049201,0.39422369814860647,0.592490650500775,-0.5848050245675037,-0.38928856665436024
8820,8050,OK,141,623,,60.505714,0.7047225821067378,0.5366466454147286,5.8980867394134044,5.964230941656293,0.0672045455484372,14.498424539734641,4.439804169654492,1.4972273734400643,1.010528292161365,3.8814496906917135,1.676692764259092,193.07324991525354,-1.939208108621071,-0.9928077449636018,0.3847803041880103,0.5975051877354453,-0.5882201016582657,-0.38591291782389475
8840,8060,OK,213,638,,57.570076,2.139780067597123,0.0254442472813603,6.1093865160541885,6.473322929527802,0.08679978613150374,16.356683424202853,4.604108802380028,1.573952844830437,1.1281037037238608,3.961902659930857,1.6854286771967488,187.7331729458237,-2.5512274028232014,-0.7479729005000069,0.3836428362084014,0.6041606382724314,-0.5924842770083885,-0.3698249300494345
8840,8150,OK,562,1233,,23.762222,0.23345237723709322,0.38752726073564225,7.362349679434196,7.376236858487919,0.03716395829776771,16.008431301095076,2.556749717562293,0.9733510722684269,0.6175653240209105,2.1801131844439343,1.483079481499321,189.3464260084728,-2.624923983618702,-1.3388439730615989,0.394106768959584,0.5941393638090164,-0.5831126746857507,-0.3894327665383131
8860,8070,OK,201,693,,56.713852,2.184051214676243,0.33558308926113445,4.472977100457333,4.989009907721423,0.09598373282854543,17.550878632433935,4.479650475081944,1.5594343487216342,1.0969406717051544,3.9336366708302997,1.8789201429790423,181.78708648247772,-4.949905762819606,-1.1337867148868743,0.37569566586298553,0.6043289207462887,-0.5992709433417502,-0.36676103755399453
8860,8080,OK,199,669,,55.04037,1.4610958556650548,0.09764360740522826,3.651285243592728,3.933982626243628,0.0849428126780627,13.936315334314077,4.198659409087214,1.4292181297299016,0.9786012190528175,3.8541046888120603,1.728245835572515,181.219939024859,-5.533204909797641,-0.943919427547838,0.3767302065538209,0.6042062031065913,-0.5953597367608731,-0.37223111025471267
8860,8150,OK,742,1372,,14.905378,0.2865893360339106,0.2569378466145928,5.892514457620475,5.9050721534810755,0.03934690489823473,11.26390155144834,2.1570474526330674,0.8320430103026806,0.544884965217117,1.8097335748955405,1.449196380437932,183.55449010182045,-4.863178335594133,-1.3219439960059187,0.3909844859623462,0.5966585822820707,-0.5854719112239978,-0.38516530099897167
8860,8160,OK,583,1214,,25.419842,0.5000212963691979,0.28089379184097446,7.265194238228744,7.2877959588828825,0.03426338505263224,14.532903403004605,2.2164651097626673,0.814425951420235,0.5775144995509298,1.8998751978462138,1.5192394065936374,184.89567352055056,-4.495331020573664,-1.3229675095226825,0.39280897167886614,0.5959750594860318,-0.5842376372101116,-0.38623985230211366
8880,8090,OK,152,696,,59.093586,7.0213532368291425,1.9683035716122221,10.047490919402627,12.414736968692923,0.1458174846444958,14.70464066192551,3.4017352765103817,1.4295098758680567,0.874737867915186,2.9540711272953644,1.7928076279326803,180.00998278397665,0.3407901395678774,-2.6716733388239002,-0.34990908098346046,-0.6084215472990562,0.6133535856313495,0.36219364271160204
8880,8170,OK,684,1304,,15.360356,0.6937340602260949,0.28152584522344903,7.171856078355427,7.210828201842715,0.027238793658451957,13.239960919289734,1.69786279579754,0.7980110728928012,0.5524547443962491,1.3619283240214828,1.5831138578443396,180.78825787905726,-6.41075985904749,-1.6336913293255528,-0.3949926362096249,-0.5888322331095629,0.5890080069443154,0.38772024237439773
8880,8080,OK,139,606,,59.520473,1.6001478682585588,0.6050887069187121,5.82014203335323,6.066354657612597,0.08924633286659783,18.366636855631015,4.27336626765406,1.5820901073957563,1.0451929149026906,3.8646392120946587,1.7638688476336988,179.04308504449676,-6.266716509914998,-1.3532507470798472,-0.3714825103067698,-0.6007034734446094,0.6012976784140517,0.37362706468032214
8900,8180,OK,548,1180,,30.648243,1.1995940764097848,0.02998958361456552,9.03200818991474,9.111371865200638,0.025946354125387556,12.129057408000026,1.5356602146606995,0.7563850764724017,0.5297694338420937,1.1553483643949694,1.5241368599208394,178.8525400423087,-7.471160206683116,-1.1603714481892164,0.39855010903483357,0.5914420754474243,-0.5872302203026348,-0.38277245243366786
8900,8100,OK,170,678,,56.379574,2.861803506519036,0.03133480162120808,8.73103048611062,9.188133353903302,0.08470843872800354,15.099814479185193,2.7739489569712483,1.1692560656675024,0.7295643860129641,2.4571323861265455,1.70398142352341,177.17144757582,-4.9291564400691,-1.0831014268090045,0.3756817232936288,0.603800230590499,-0.5971594480449556,-0.37106484329916445
8900,8200,OK,458,1064,,33.64521,1.1505367740651609,0.09868242052806046,9.7023649775583,9.7708422997379,0.021242273730427207,17.335388282850477,1.649045153797751,0.823848510685852,0.5441587720511334,1.2235231939807125,1.4989917114143767,179.44517457549745,-7.1545834502250685,-1.2172462685066403,0.3993588263867146,0.5911546722278255,-0.5857923087403073,-0.3845725579275501
8920,8110,OK,177,699,,46.524956,2.0361760678073497,0.38732046871850645,3.466064502484622,4.038518696252835,0.10361677447736935,15.190405387723985,2.824330497673105,1.1120395877551377,0.7317415576695623,2.4800610191729815,1.6273773295881087,169.33426725123718,-9.470797147666445,-1.4156166635001526,-0.3706389202633032,-0.6008056771738759,0.6045287621663074,0.3690586738926013
8920,8190,OK,612,1265,,36.486366,0.6064267385909089,0.02896043505724492,8.490078695557859,8.511758240977134,0.032829692956034946,11.086053381328819,1.1547295546140817,0.6919356542364787,0.434109366598856,0.731295416582463,1.4595915441351304,174.55054718900166,-8.321335606852017,-1.211542959557197,0.39616214818463497,0.5931655545046507,-0.5861395980487649,-0.3842532353724011
8920,8090,OK,124,606,,65.0325,3.575445633949325,0.12920348419180652,10.07244709767791,10.688998809859358,0.0922751684585072,22.532157672547438,3.2234170219596128,1.3694220677611195,0.8480007964775447,2.8163922562957495,1.8680415529694048,174.7858976038842,-5.672767692515206,-0.9454122524001523,0.3750020365339626,0.6052819730542838,-0.5966480149500023,-0.37015990051208364
8940,8220,OK,386,1088,,30.705433,0.6999227322552986,0.1917190104224331,6.751594313907537,6.790484061513853,0.01976420488613278,13.871503326377855,0.8469979456371132,0.6325837610791502,0.28129302808252454,0.33376456848330527,1.599428490707357,169.53494328195,-10.523011918227082,-1.6235636394658117,0.3998140889412288,0.5880399067936473,-0.5824978793591681,-0.3937689460131231
8960,8240,OK,662,1173,,22.197952,0.06624374583420034,0.17018219381844382,6.276861164898321,6.2795172024896715,0.02571232474748643,13.114908911412671,1.071364347019089,0.7158207025349198,0.30869597042466435,0.6120372163305428,2.3547145449024534,165.15964788161435,-11.235945879636821,-1.664222182859135,0.3983959349632244,0.5894032825075775,-0.5844872598784312,-0.3902039115819762
8980,8150,OK,188,698,,55.941902,1.954406928596986,0.8012037909418325,8.167416378440832,8.436132067244502,0.025035081170237092,11.98754839526397,2.0382129605672583,0.89361444080191,0.5668488416246449,1.6403582642648802,1.438750490398859,164.5630100629718,-13.755975985281644,-0.7281965311967211,0.3938459297962071,0.5966078554900449,-0.5884697368274475,-0.3776874623134392
9020,8170,OK,313,698,,52.086994,1.2327820518220283,0.5383463727457841,7.600688410462183,7.71881031748269,0.08891374337394892,12.022462165020242,2.579807209426085,1.1985777634138837,0.7415673725827552,2.1632910947131223,2.0368222041014294,156.5023900921879,-13.367740003946977,-2.0439378934437675,-0.3346762059831167,-0.6187477596502181,0.6236787489278665,0.34083407284535566
9040,8180,OK,300,627,,48.584316,0.8041218445540164,0.005900503897421194,1.974158850471328,2.131654269277613,0.0664725697388929,12.278557423618874,2.9144288104141047,0.7711692644307581,0.5628993925850285,2.6687717534408697,1.440173189242084,149.0357107440003,-18.25477419492303,-1.612271533264214,-0.2714456360268999,-0.6496362322279265,0.6564911342714108,0.2707571293275425
9060,8240,OK,423,522,,44.53513,1.2261224145161629,0.015212553033407933,0.5696494767056999,1.3520754873378251,0.02364081975021769,4.301551320853846,1.7646433811902003,0.7202442156698541,0.3444535041600272,1.522610521148433,3.222364302811411,147.56452129609357,-22.351612019926314,-1.6823788478133497,-0.16118221813633066,-0.6865311432975995,0.6926260432432169,0.15154024567879235
9060,8230,OK,343,438,,44.82344,1.210798151001377,0.06227702510803106,0.8137977296555938,1.4601977041199794,0.024602043247487115,5.4554983480247525,1.6396587272539866,0.6980614100886995,0.3127213407839595,1.4463742685514678,3.0896112639521047,147.67590444389597,-22.151953617973074,-1.602289283661087,-0.16254679730655333,-0.6854385960042693,0.6938781184438628,0.14928371156252526
9060,8300,OK,531,643,,16.759113,0.1830014573871177,0.08873943292810194,0.701082872631904,0.7299872702040856,0.016364570838823932,4.749468168474847,0.6565002620912033,0.47120689984595465,0.1710897078564555,0.3454853761007026,3.123170252012894,146.23573618801,-21.594411635400306,-1.8083319624433052,0.17278621358720972,0.6894245298961503,-0.6877709621601068,-0.14768156818312833
9060,8220,OK,292,359,,44.937157,1.1401558148803919,0.023965172862734422,1.0355313781367972,1.5404073639209226,0.02733774745440706,6.758399858991888,1.6324144126625502,0.659226516670699,0.29587288047915417,1.370260092134476,2.8422437185690654,147.73957344119088,-21.961411886985783,-1.6359315099697378,-0.16083911213916366,-0.6863092440673421,0.6935498224505963,0.14865747641052343
9060,8200,OK,257,325,,43.402493,0.9345306367346047,0.2089900932687891,1.9842147227116333,2.203209576028955,0.04415972663239062,10.338140992015282,1.9573364283848218,0.6875585925250378,0.4018492896195882,1.730748269531821,1.8674862069611793,148.09178621790713,-21.20695521186921,-1.4318436131105479,-0.15301577071352848,-0.6893686407152015,0.6931633756892134,0.14450462177575754
9080,8270,OK,412,478,,21.878803,0.9449259606093687,0.16842620778400824,0.5335019635699867,1.0981242204937798,0.013201189657615442,4.375261517352094,1.0549020783975864,0.4541483619524067,0.1471598285304061,0.7315601997204251,3.300789244001497,146.88174335934443,-25.011666916209656,-1.5921064795684081,-0.006583044849155221,0.7072676768702714,-0.7066431160848363,0.019611304519486724
9080,8320,OK,174,394,,8.701651,0.2924269002296669,0.07665668144541721,0.8494290184282787,0.9016204279718737,0.017528185817803136,4.215859737946874,0.9317826119856752,0.517654233394057,0.305383661530819,0.6323474300611416,3.4509529120766542,145.6669059308324,-24.733495619944502,-1.8017820520064765,0.006009235770300358,0.711173062078351,-0.7026301804530969,0.022529855214964468
9080,8260,FAILED,156,168,,,,,,,,,,,,,,,,,,,,
9080,8040,FAILED,66,116,,,,,,,,,,,,,,,,,,,,
9080,8010,FAILED,68,114,,,,,,,,,,,,,,,,,,,,
9080,8050,FAILED,59,108,,,,,,,,,,,,,,,,,,,,
9100,8330,OK,812,999,,13.907391,0.09470896932371475,0.062189176487014414,0.22912194612188408,0.25560545521794503,0.02310572748190399,2.528619658155445,1.233595481835005,0.4815757097028134,0.21962768332994553,1.0724847436903686,3.591633963643455,147.45425400940988,-28.206460933670634,-1.8268790911063597,-0.2027757072363025,0.6803076356882284,-0.6637116182134015,0.23569136858964143
9100,8290,OK,67,527,,18.980642,0.5973012734940446,0.48167080620473596,0.6691128047353061,1.0180803123173907,0.03815228801995807,5.075043284389629,0.879144544786773,0.5142519791880513,0.13384358391488727,0.7793869728281084,3.9143052541326138,147.7349226059937,-27.410446426254094,-1.3197565901868034,-0.21341310793318005,0.6815452940728834,-0.6596439327876488,0.23413829124227284
9100,8340,OK,236,270,,7.6345615,0.7036742808821053,0.13683758917478464,1.6864669884568633,1.832499092098241,0.03814470259475859,4.482418959140611,1.1355824945230437,0.5614890394391944,0.41103365875600106,0.766981259685279,4.247195346340337,146.12689061518876,-27.228470991236637,-1.9542992157142145,-0.1834436405887205,0.6843266303021268,-0.672197127862993,0.21493374579073357
9100,8280,FAILED,0,113,,,,,,,,,,,,,,,,,,,,
9100,8060,FAILED,36,45,,,,,,,,,,,,,,,,,,,,
9100,8520,FAILED,33,38,,,,,,,,,,,,,,,,,,,,
9100,8680,FAILED,34,34,,,,,,,,,,,,,,,,,,,,
9120,8360,OK,551,666,,12.063587,0.9182215522677746,0.10393095462524457,2.1845267568085918,2.371937944717572,0.01754852476031746,5.295359896660437,1.6970884684344254,0.7662065388593557,0.4449070209247745,1.3747509146450856,3.8062581938018494,148.33381609197056,-29.813093221330366,-1.9498391056718294,-0.38065380075414273,0.593088190133322,-0.5782388235095346,0.4110826506702939
9120,8310,OK,344,364,,17.438564,1.6529099797619027,0.4881406247471861,1.7422638380819815,2.4506888729933105,0.04578368881922432,5.430135745238097,1.1032874683230225,0.740708040429126,0.3333922629119137,0.38857947869777965,3.8526394892059663,149.64761196997125,-27.555724158483525,-1.2904093072849796,-0.4037465630840569,0.5865371368030461,-0.5617065049287311,0.42124660505391137
9120,8370,OK,375,428,,16.634045,2.799364339548832,0.07255522674183393,5.12148091497738,5.837060195761456,0.049888893236242585,7.769600896266025,2.2711670771978976,1.153324537738614,0.7181858866196618,1.6860758466131944,4.055876746900372,144.84966693656713,-30.02330307262053,-2.0242413040021545,-0.3697369667500176,0.6033101801132521,-0.579510676380869,0.4043250894401672
9120,8380,OK,231,304,,19.185192,5.322514050842162,0.06103669628322314,8.581727811451959,10.098461938807981,0.08108460838340728,10.441503176625424,2.5276625978721654,1.5101377560731186,0.9126265323143579,1.6169840335446097,4.327037894291939,140.5741509203043,-30.463273075585025,-2.07717824631429,-0.3590967468076509,0.6160105146490493,-0.5731955366063548,0.4037665774782854
9120,8390,FAILED,89,136,,,,,,,,,,,,,,,,,,,,
9120,8420,FAILED,26,70,,,,,,,,,,,,,,,,,,,,
9140,8390,OK,809,1196,,11.682284,0.8702022336405437,0.2141974913910604,3.2129338883083562,3.3355774107928404,0.01462066628572773,9.40231922160853,2.0099504487332407,0.727843101882054,0.3899091983609948,1.8343691463159786,3.224600606282449,151.56258081670052,-31.103046432114425,-2.201322119845268,-0.5042243839062905,0.48034285828761003,-0.4710919729706555,0.5413879036042697
9140,8330,OK,129,549,,12.202471,0.8416128427096259,0.1368529511668027,0.6035751797951416,1.0446740663582965,0.036166014142780756,5.561501484928707,1.15241792134706,0.6449285015853432,0.2784211844898761,0.781359666238135,3.82509429792808,153.92986416376672,-28.934429344271397,-1.5925330466120176,-0.5177189493052338,0.4723280949406913,-0.4652453886383184,0.5407587157048533
9140,8400,OK,743,996,,13.42751,1.3823500010309355,0.19833748453739813,4.9689186181999485,5.161432118842302,0.016547020700648778,12.404540541074747,2.131134792709588,0.6787036785551543,0.39847419358287306,2.0174896712668895,3.3877198468734036,149.85844937976503,-31.755716659030057,-2.3370173165346295,-0.5022995226305248,0.4817628369431127,-0.4708860436434873,0.5420941730063649
9140,8410,OK,401,720,,21.93669,2.700327221858421,0.2423801498727614,9.056293186345554,9.453410047131715,0.024227535386791847,15.505260314627582,2.1084460643709155,0.8190512816318608,0.5261654213255258,1.8721748857975031,3.7354102704765415,145.93897056146966,-33.486262908787445,-2.7122381735338474,-0.5002233915360061,0.4832035775045659,-0.4683147447583475,0.5449515217787068
9140,8430,OK,268,624,,31.321339,2.143700186468773,0.49114802127767804,7.325640056280157,7.6486390359623835,0.024289940073151037,21.96812048511176,3.0574047287149444,1.027356912075721,0.6608473103892074,2.6438263195528218,3.638768016262213,147.58920676187765,-32.658220281908385,-3.1149451934333108,-0.49847650216473394,0.4821551804586594,-0.4720105368822747,0.544291844343268
9160,8410,OK,597,1182,,13.901661,0.22577488895751308,0.29305269975413045,9.375647551278346,9.38294309857566,0.03574495006825068,10.844677484321272,1.5160315081224447,0.9426853617986883,0.6749748301716245,1.0679061872698439,3.2693694372902793,150.24185020194716,-31.58934816631854,-2.821947330461959,-0.5466667424627291,0.4161317384403836,-0.41488177305755003,0.5965425075653837
9160,8420,OK,648,1182,,14.773062,0.4829688779782255,0.02014049742101537,12.732075271993832,12.74124818486983,0.010346989697687043,14.034130031851697,1.6853949899927563,1.0864604896431902,0.7189080198029352,1.118449545056599,3.2844932577953516,147.2426770253506,-33.24883325861673,-2.251514570724229,-0.5579453176807758,0.4142087418326626,-0.40801910938940206,0.5921558469191874
9160,8340,OK,98,518,,17.61818,0.04303806314344483,0.30648047140413576,0.011886588078912297,0.3097157490464412,0.09090078837271125,8.060400539012138,1.2506959974757192,0.5178091271941907,0.31218435879070694,0.8176483744112271,3.8407949786234927,158.93845777782744,-28.032427885980756,-1.4030753041416393,-0.5789819542534609,0.39125771228877043,-0.3790293131176168,0.6066581236750964
9160,8430,OK,387,971,,24.026852,0.024083882768515363,0.5434261975171941,12.59018778942875,12.601933210370463,0.034554918502960816,17.30470722817993,1.7664824858085584,0.9903145952412666,0.7198406800183497,1.2437442703425958,2.8848756916623643,147.16157723365887,-32.401531482471526,-3.5104001485013177,-0.5480492539988048,0.4126144916425951,-0.41492801667498175,0.5976838942585305
9180,8430,OK,664,1261,,14.610774,1.3801317508227136,0.526238624786151,12.591581606578082,12.677918523754649,0.06227377009691026,11.99840888691771,1.606977277389109,1.1353706859660946,0.8176868948741816,0.7000047782110492,2.9650594237463843,151.7500190564172,-29.627393267002528,-3.6117156505278047,-0.5564146949054327,0.3889925875775839,-0.4027681710342788,0.6138935204941425
9180,8350,OK,57,495,,21.519062,0.07284029153097715,0.3800362598136446,0.21169937995492027,0.4410781045537847,0.0898598531445495,11.065342482531925,1.2705171035406126,0.7611153980694554,0.3973307844394358,0.7714552649796635,3.4759885012784784,163.9030260561751,-25.776347638090527,-1.2670795813662132,-0.6027557698122779,0.35548146631715005,-0.36204637156403646,0.6158253274268063
9180,8440,OK,392,943,,19.823406,0.9199636770793496,0.1914264050220088,16.679647323250524,16.706095057304786,0.03035505204152609,15.331149490624542,1.9292698285272825,1.2609361957896001,0.8612971015647748,1.0091628403319586,2.776209588377356,148.7524856323596,-33.491077025282806,-1.5117420614214785,-0.5898024871904943,0.37771998733567846,-0.37597750468023017,0.606713732534108
9200,8440,OK,929,1473,,9.504263,0.5248844910847021,0.024861746468611876,9.15679692348212,9.171861955639669,0.03538204295064862,9.526234546242893,1.6550253968568436,1.1829588489790366,0.7872378098612844,0.3796599152634581,2.9925307253053828,161.02731594446817,-28.260539115784006,-1.4116037580717635,-0.5899524968376058,0.3801567696455779,-0.3778855093809925,0.6038538099305011
9200,8380,OK,181,664,,26.875767,3.494341305980612,0.2540253356451513,4.691760440842159,5.855558561579188,0.11462144061409961,9.236081108518484,1.6853274325601815,1.348281138041554,0.8244105246021336,0.5158088840374524,3.222435578357492,164.20783949731072,-23.562675336487075,-1.4278319076359378,-0.5662620420387807,0.41214295324695327,-0.42820563686387497,0.5710739167506715
9200,8370,OK,104,584,,31.940996,3.8555052968682566,0.6292510391442803,7.444010174554582,8.406792815534082,0.04316743130444161,11.95441079282889,2.0221080894502883,1.4148113986665911,0.8480530785369966,1.2259828357100675,3.6712151629920546,161.24090323798615,-24.095270602663412,-1.0805224702976741,-0.5769248356228334,0.3992126002244857,-0.40091910431683364,0.5891102661279632
9200,8450,OK,626,1248,,12.687537,1.199102978709357,0.6854927237963947,11.863023813350711,11.94316047887047,0.07837235407038605,12.887835584287219,1.5866554057796716,1.1790029897690004,0.7883406567551101,0.4478162312295435,2.9868543427746874,157.98499558628257,-27.396392997469558,-4.181720206062309,-0.5479472660800909,0.38657381217163433,-0.4051714026049323,0.6214101832522508
9200,8360,OK,35,519,,37.429085,4.407492335755502,0.13747723740779172,3.4031881941433344,5.570150677073766,0.039632051920922035,14.49283608645504,1.3752374712268591,0.9949530475411497,0.5815038638499717,0.6702211678977088,3.5595883510241886,164.83859761052412,-22.207556347107857,-1.4119025480216774,-0.573651901308841,0.39674543085890446,-0.40270826843227847,0.5927416045408067
9220,8400,OK,201,696,,31.766407,3.400272907864358,1.4398990178173245,17.91073754234029,18.28741874459229,0.06647303862675222,9.600349553712716,1.6132770002643615,1.2362443699592935,0.9540376605227636,0.6137020308130996,2.243290714931401,157.5030640156613,-25.511730701051018,-3.654556838174159,-0.5510477685984055,0.39651312261194244,-0.417946040528965,0.6036926432593043
9220,8390,OK,140,572,,33.308006,11.760088093997574,2.958621441145355,20.091285268006438,23.467272030020897,0.15349886764057305,12.602439608389169,1.4770944700206603,1.2090743336649274,0.8045633926694755,0.2773013937150015,2.152448480227793,153.66480005184007,-17.57284706568481,-5.414674757826762,-0.538919823106718,0.4133918737083948,-0.4551646309888942,0.5757584056800473
9220,8460,OK,948,1561,,9.365387,1.1394641029456551,0.17842441265086803,9.064888927104608,9.137966128941127,0.04211817931395525,10.034232164704138,1.4812716395946472,1.0361585276339356,0.7056531914769364,0.4041537098088437,2.0622774586103727,166.25345754641418,-24.05861181468817,-2.1736391080425976,-0.5621728304398366,0.39624589358314316,-0.41167141076610736,0.597894263303807
9220,8470,OK,673,1144,,13.646713,1.4214658282102843,0.3495518826917914,13.966177281183848,14.042679924747938,0.03876807199429237,13.385793970470337,1.5568258334561575,1.1361625176440622,0.789063438002541,0.472144380758603,2.3259450321260786,161.7867357654186,-26.084786061221692,-3.0989777709403974,-0.5607844009304228,0.38785760237887706,-0.4033061762838802,0.6102716314243121
9220,8370,OK,49,505,,37.17627,0.30840865560540026,0.014993480600527131,19.284135559317473,19.286607399266607,0.04615537040456335,18.17881924782353,1.9570857288614016,1.4286190040121145,0.8700726854352241,1.0345431240237488,2.6302406247918775,157.33785195984817,-29.431796679591475,-1.9758287369192151,-0.5799574170646249,0.37359284276634447,-0.3874209926586126,0.6115412959669244
9240,8420,OK,131,614,,58.100636,12.224131502806774,2.5839485867112226,21.058682284417618,24.48620593012981,0.19455629578117997,9.795163905509547,1.6874192903169056,1.3682802762963333,0.912712596426092,0.22397093009979052,3.2551867660585647,159.06043504709623,-13.714803142769156,-4.808724448487825,-0.5158404773490023,0.43607681249688446,-0.4653506206452312,0.5720091042946857
9240,8410,OK,149,596,,31.940132,11.549005442902892,2.657422202119323,22.095686419955847,25.073108659468986,0.17108096687368712,12.983799819400659,1.5091519743344195,1.1884877336923427,0.8470977771678467,0.2919755895406899,3.3924138578922394,158.11444705661847,-15.440457968620233,-4.924125466727343,-0.526887337675267,0.427654566300857,-0.4617356008828209,0.5712280982207331
9240,8480,OK,859,1416,,11.854731,1.4441929656292039,0.21098097471044822,10.010951018966793,10.116785388541903,0.03585316042758358,10.236175658975261,1.4499428269621533,1.0965378653195943,0.7386441872138061,0.6088427625497941,3.3006278974122294,171.3764201521135,-21.865716367156445,-2.0890829192738036,-0.5613966568373961,0.3977182581664751,-0.4158870338303487,0.5947200651605883
9240,8490,OK,768,1374,,11.572508,1.6842165982390616,0.2510751905362118,12.815734228166093,12.928366799718932,0.023590426802185562,13.547226573613736,1.5294502026431085,1.1953437875394717,0.8110493006447186,0.669028188853221,3.3850568769182234,168.74988132942119,-22.924090785610048,-2.321358903486296,-0.5652988636346435,0.3927931306230049,-0.4110164401434024,0.597675695708471
9240,8500,OK,639,1229,,16.512255,1.6952821013310666,0.3603095688977196,14.454638717321128,14.55817244151242,0.0313384734317802,16.840265860305287,1.387000522489684,1.0795918664459743,0.7241639566874163,0.511776778392325,3.5390934045601887,167.37233674956295,-23.946940712738897,-2.896798551005225,-0.5625139609647627,0.3894831650655524,-0.40408491873330143,0.6071213110265148
9260,8500,OK,735,1332,,11.597872,1.1025588341181223,0.43740883318891455,8.450233186136499,8.533077016535488,0.03474960709034837,10.221613312781198,1.4518660714963625,1.129095894539772,0.7429523306815824,0.533093644293265,3.3388362167382564,179.28431490826623,-19.50496998742199,-2.2488499532542416,-0.552388780300458,0.40339905604477333,-0.42278820964938346,0.5944627547305442
9260,8440,OK,208,692,,30.10997,9.203585480740243,1.9550576283223402,16.053088416669908,18.607253525030917,0.16073303169965578,9.81520917427288,1.8159239853748863,1.2979521686770137,0.8692152205961623,0.5636558110101362,2.6375644890407495,170.654924059277,-13.356091888112118,-3.448237716450103,-0.5140753809888954,0.44189312005374454,-0.4595711715168594,0.5738042448613556
9260,8510,OK,732,1364,,12.660671,2.055475691633306,0.3672124183195336,13.59412658354836,13.753548736547948,0.047055578937958135,13.464099690441303,1.4549121548826924,1.1735596376647077,0.7502023414453918,0.22702820004453095,2.981154208493986,173.99789905184093,-19.696324800304982,-2.528922259889617,-0.5532952089949302,0.4048072504205217,-0.4321177293535362,0.5858922850563725
9260,8430,OK,155,571,,34.142963,0.8718211420403159,0.6823467447345636,16.320486584453338,16.357993505839268,0.04088529819711853,13.147721475355377,1.6374942295374852,1.1284356361373997,0.8316643077092034,0.4804662434177125,2.9311837555017806,171.99955047495766,-22.55538662922196,-2.289833031067923,-0.5514858617647187,0.4060349189220143,-0.4273243945108381,0.5902481264227482
9260,8420,OK,96,507,,59.62869,0.01881543011423467,0.3721217576362055,17.434446744971087,17.43842773664385,0.030852744177680875,16.417932968041036,1.5303830589126355,1.1675874585346326,0.7970416269895795,0.3080780586478973,3.269387954670053,171.22832153968392,-23.864781677462318,-1.9497791018349682,-0.5610636358393665,0.39958889146546483,-0.42564682535411696,0.5868228816449422
9280,8460,OK,209,672,,46.88634,0.513764117454492,0.1499525041135986,16.984863981735053,16.993294083252795,0.02641832633691927,9.7416149401324,1.6696830097359074,1.291050715141771,0.8147957307568996,0.4736544666785516,3.00617570721126,178.10003961377416,-21.966606377157827,-1.6904660853762117,-0.5554124819623696,0.40548724515905815,-0.4178986617088245,0.5936815454734058
9280,8450,OK,186,616,,48.946045,0.25193124013001744,0.007113246643639132,17.432071143154857,17.433892975696608,0.014186741947601134,13.114502977483669,1.643751102661467,1.1954279284501097,0.8201857331510358,0.3639153463270208,2.8282511201706515,177.53641482959256,-21.75440559460198,-1.4711744204925297,-0.5541701978411089,0.4102967180380316,-0.42079768994938616,0.5894754440392124
9280,8530,OK,826,1445,,10.274872,0.83748344751543,0.5311502307236502,11.561168427224226,11.603625058364578,0.07440095669561458,12.835626388647944,1.559081066738662,1.102971685143138,0.6909424684514858,0.5577162883874909,1.9740869414068987,182.72803432026072,-18.08809458951115,-3.1148657507205715,-0.5258730433817358,0.4191593789262065,-0.4317402637087594,0.6011350114535989
9280,8540,OK,704,1318,,21.34513,0.9079069161491844,0.06012308619968601,16.187779116996737,16.213331011687924,0.018420004465263762,15.429067091413597,1.6780243751506483,1.1538585243658463,0.6619869966995533,0.9133689084857544,2.454364926857551,178.34296129342286,-20.131929649266674,-1.7941434095752629,-0.5496139297404501,0.41652319337852434,-0.41991699438149255,0.5900022673199058
9300,8550,OK,694,1377,,20.105673,1.003497763585225,0.05288581613812922,11.077309070451399,11.122795552979206,0.03296203158244271,11.098040195026499,1.5333934732759034,1.0151137980270164,0.4911154093215686,0.9664734214849107,2.0829537208514184,189.40446443402166,-16.112110523644432,-1.2602838654243909,-0.5413565360182365,0.42793663310611985,-0.43146247534133686,0.5810709692700714
9300,8480,OK,224,656,,42.210743,1.6134280165641766,0.8553610842073851,15.184823937776232,15.294236514787938,0.042825186249220125,9.65444207218587,1.5445335163030665,1.2614378404929911,0.8222516306188208,0.48369082269661146,3.3674643742358263,185.4881962769903,-17.241273546464985,-2.106508484685931,-0.5354680861663397,0.4217933794223493,-0.426976696855426,0.5941844613546041
9300,8560,OK,607,1227,,19.26953,0.7411265817585827,0.19590070618544078,9.735425409362417,9.765559564005152,0.02701396372966995,13.07200158870865,1.5103526244617427,0.8415928410761975,0.38921633994691796,1.0384378959660339,1.627146835936649,190.79756650159197,-16.11741854027419,-1.4313306990699592,-0.5429772360378731,0.4243937348670225,-0.43087443207512555,0.5825915402185561
9300,8570,OK,684,1306,,19.093105,0.4075915462061825,0.020491203235444188,13.031608542700466,13.037997237617923,0.03820494452503257,14.796239608589762,1.51033655018841,0.7896749996348753,0.3647762283002436,1.0311784238955752,1.8959865992061598,188.40830695876346,-19.61652973707791,-1.2835760401697753,-0.5559860107931279,0.41150442135361043,-0.41058108797114107,0.5941101221231702
9320,8600,OK,590,1213,,16.494682,0.6455547830231805,0.2216501541361035,5.922081674967627,5.961285191441527,0.027702201178523067,12.697589157496656,1.2039018556787946,0.768858374723647,0.39724366563485525,0.6803016673329463,1.3985975432805862,201.07280617949064,-15.743701326075726,-0.9026240266384437,-0.5599833488026097,0.40841824743571087,-0.4142330234212998,0.5899357478002214
9360,8520,OK,145,581,,29.904367,2.596295951683609,0.2863848158487722,7.765173602234998,8.192721770225369,0.03334310237365105,11.637458596029292,1.4031420166597082,0.9532104366926628,0.6304136322339304,0.5354941916102565,1.7092045295082252,206.66023322243234,-10.792131380216343,-0.5136440647787979,-0.5593197122847059,0.39633622043522904,-0.4150466216711204,0.5981766976907922
9380,8530,OK,50,676,,28.472929,4.486789388709111,0.4093202888530073,3.2389162373267535,5.548819740261733,0.09253176743655728,11.421206335882,1.6693677588365758,0.7758956214615114,0.5739100870014759,1.3272951262619337,1.5165217748493425,212.81167430401067,-7.216664053704754,-0.2752759863814265,-0.5666220223158619,0.3810357066373035,-0.40804044987132676,0.6060150702440484
9400,8550,OK,63,658,,23.716223,1.1697636374777152,0.3722099889176071,0.17587397469442223,1.2400882623385945,0.10484683652373177,8.898952539681922,2.012457151220059,0.8225291138534992,0.5291436006019961,1.6027550327652271,1.6228387673815154,219.57401793982459,-7.53425175030954,0.4806171152886071,-0.6475815228606826,0.24832773330432206,-0.2582674584762888,0.6725097977082379
9400,8540,OK,46,602,,22.338793,0.8850910735422985,0.5653728600171262,0.22644963677681318,1.0743891833523613,0.09831647245650839,11.159834227371476,2.002920307009279,0.7946962389743666,0.576148898742439,1.6237119516008076,1.6222923295276026,219.04695273227443,-7.503843886280944,0.5443569309007641,-0.646789190497558,0.25520483388760234,-0.25633425126509346,0.6714365103598993
9420,8600,OK,447,606,,30.14169,0.18842434601631253,0.1316667559120523,0.18786529564821164,0.2968724273034951,0.031554996044426464,3.7677116849215637,1.3411406433010966,0.4642040948626279,0.21448898200602962,1.200773975716361,1.6631493137879618,219.7260282399581,-5.374473672217642,0.37912334099753375,-0.6808655581565151,0.11943878819824141,-0.14013475087793362,0.7088855473109411
9420,8660,OK,606,770,,18.492847,0.09456816770159793,0.22758623254227967,0.5335018136044041,0.587675775155327,0.03457434569705413,4.398769066400583,1.4903312343107036,0.5628549358821915,0.21431288160274464,1.375788040482405,1.481019073119874,220.3242999469044,-4.782080061406896,0.03675599932226886,-0.6808588545211247,0.12186805884627921,-0.13502401569077738,0.709470162614298
9420,8590,OK,178,441,,36.346703,0.2767529885969331,0.03353890199183539,1.020521189146002,1.057913310314282,0.05421879817896202,4.9762555701413484,1.346474428604052,0.6085210731614832,0.28241653590320537,1.101341328503124,2.1858712545608157,219.25849174140316,-6.03424204125502,0.20776282119785877,-0.6800425650939478,0.11068207990890624,-0.133454758806281,0.7123772976446117
9420,8580,OK,134,400,,18.642437,0.18202535949275966,0.3897789978930771,0.2817067627219343,0.514217462617006,0.05880583969266505,6.186311289850083,1.195788786002657,0.6018795401312036,0.265698590927387,0.8772960869224793,2.162258942067592,219.54302921291517,-5.308324045962062,0.5683238357277027,-0.6889491091479272,0.10971387115374036,-0.1329559658389915,0.7040132829915633
9420,8560,OK,49,304,,18.723671,0.2449386854417721,0.5441446295353112,0.41267916304172036,0.7255290683955256,0.08055486808590034,9.194097560564655,1.218136367544917,0.5800717869146329,0.3325989743849176,0.878891194379317,1.5452647866750817,219.70247119406403,-5.2510498727001185,0.6884823352808118,-0.689518936554103,0.1049089646170803,-0.12089278953607226,0.7063587464698501
9440,8680,OK,575,1028,,13.698793,0.08460038032312855,0.16835987219262027,0.35159080782880237,0.39889643651610035,0.04149883305393422,4.34288758308301,1.7710469327073504,0.5300894342289897,0.24505715307153153,1.666389606228778,1.139162930081136,220.13559503484728,-1.8414908626647775,0.15319705097665215,-0.6961152810607627,-0.03469035920200883,0.01842697422450873,0.7168546164133006
9440,8620,OK,231,418,,28.299797,0.3217736171057336,0.16505341232574103,0.8327533927269481,0.9078871640704703,0.03757124396900387,4.161344237894109,0.6656475337665211,0.299979484566707,0.04817612449313646,0.4238367202484783,2.955894347442629,219.66595537856745,-3.0999630070762487,0.4428127828496699,-0.6968244282919667,-0.03702262253134352,0.011956581153413285,0.7161857871555377
9440,8690,OK,198,499,,12.871294,0.3837421237731986,0.2941464306169843,0.9037147476941811,1.0249295026501262,0.0546033381297137,6.041158105672168,1.8539968543922534,0.387590214486444,0.21937440268318076,1.7601761382892533,1.335658259837718,219.89332084609637,-1.220510877467881,0.019698909264488224,-0.6965963042947628,-0.035301012919337835,0.026305657223371647,0.7161113319364479
9440,8610,FAILED,164,184,,,,,,,,,,,,,,,,,,,,
9440,8440,FAILED,36,95,,,,,,,,,,,,,,,,,,,,
9460,8650,OK,241,693,,18.439766,0.019627577858773088,0.03097545361480414,0.6773654750096147,0.6783573595637082,0.031045048298667135,3.998398218577188,1.1240526056914477,0.4634742100968301,0.12284844251756954,0.9038749568168916,1.2177079485957105,218.71156489397563,1.8542800298648996,0.43327727353081646,-0.6833121058587243,-0.13860320322726546,0.11055229310907748,0.7082738937235944
9460,8640,OK,87,398,,17.488684,0.33317542801259503,0.23248674507508818,0.30263791095767356,0.5066020702837778,0.025104639765129867,5.305487651625331,0.6979558094817763,0.46005923440200114,0.08438721864381149,0.4663745978061282,1.1615455411604072,218.4940984499506,1.3853251536058941,0.5629987475610266,-0.6866683840481432,-0.1387199698141832,0.10622079437192262,0.7056631230030812
9460,8630,FAILED,33,194,,,,,,,,,,,,,,,,,,,,
9460,8490,FAILED,19,48,,,,,,,,,,,,,,,,,,,,
9460,8150,FAILED,12,46,,,,,,,,,,,,,,,,,,,,
9460,8500,FAILED,5,67,,,,,,,,,,,,,,,,,,,,
9480,8660,OK,188,645,,22.010887,0.007849845397883262,0.0880292231631818,0.6842705086912035,0.6899542689686051,0.044552583362175116,7.0370368680490065,1.0748747129676055,0.5199309158319039,0.18303754268930517,0.9275794541230482,1.1591594293006422,216.7942017411513,5.816787233292659,0.44249313642460425,-0.6814417794418701,-0.18498642782889063,0.14215180977817307,0.6936930053899883
9480,8650,OK,61,432,,20.681545,0.10298987124768666,0.18260411776992064,0.8026086420624292,0.8295371056917482,0.03412525924291828,8.432002775358432,1.0548720476971554,0.4407036783103693,0.12201257098124385,0.8475826568381635,1.1910652834581894,216.8636323414945,5.992179525384758,0.5347648934806469,-0.6828287407341933,-0.18170448442386283,0.13820866007708288,0.6939933410684221
9480,8640,OK,24,241,,17.929256,0.02281050041798449,0.19331494690707807,0.30442569471098935,0.361339163705339,0.058397780949515934,9.727085754562426,0.7505630778147825,0.49426569703118123,0.12408052181985635,0.46647089358162264,1.1626265452263191,216.77419299223095,5.427030394880257,0.47465771091931036,-0.6818993529750187,-0.19633131058537193,0.13456423649564597,0.6916355652743899
9480,8630,FAILED,0,58,,,,,,,,,,,,,,,,,,,,
9480,8150,FAILED,20,54,,,,,,,,,,,,,,,,,,,,
9480,8190,FAILED,8,50,,,,,,,,,,,,,,,,,,,,
9480,8170,FAILED,7,45,,,,,,,,,,,,,,,,,,,,
11300,810,OK,520,520,,10.197008,1.0577356798388062,0.527515843431935,10.188763414874405,10.25709401622891,0.13756708459373393,18.132992711269758,3.454717834583712,1.8529077156998306,1.1496465305120287,2.217251573773254,2.8771526043231637,135.1900200892582,-21.243241674261853,-1.1368115736327344,0.3526401668797184,0.6319299587356582,-0.6059867964728649,-0.330286909301517
11300,820,OK,568,572,,9.1248255,0.6691395131826922,0.5663669095268364,8.467563318640622,8.512822547163633,0.13257373602275457,14.854438177588165,3.4144374323333375,1.8315339785741727,1.1797501637616143,2.360942137294569,3.1570705156371175,133.8149182094853,-22.49239465614083,-1.108098266490467,0.3572405375183255,0.6350838520123001,-0.5981284609171857,-0.3336016239583907
11300,800,OK,416,418,,10.262337,1.3917989631199907,0.4575003876012761,11.839163067098571,11.929467426827907,0.12109191407552078,21.44051253240303,3.1016191782934133,1.6277907657148973,1.019178174229908,2.404808958870685,2.428740680574408,136.8323488839222,-20.678242781366126,-1.0764783185851263,0.3560796546684744,0.6267447226219356,-0.6063134050520111,-0.33583089055500676
11300,790,OK,437,437,,10.686709,1.1503041017398363,0.6354646641475483,10.981547636837771,11.059900694219495,0.0903063095710268,24.731296971240702,2.3231576958797935,1.3748969363100514,0.837650519784328,1.4986220447883198,2.671454340490754,136.5294604937837,-22.07527729245136,-0.6254548067265684,0.36949988810430384,0.6252013130163123,-0.5913445742949449,-0.350577730818026
11300,730,OK,311,404,,15.974999,0.9163421112440302,0.7470687067228078,5.342936709599002,5.472181210466651,0.07026892683566129,43.92306544560684,0.9544011879795414,0.6699203130442379,0.41869479763849693,0.48564746161278904,1.615986796904227,131.22314684065057,-23.800972962982936,-1.174959527383051,0.36455991430977697,0.6181283466746597,-0.5954210364698175,-0.36123012782007546
11300,760,OK,275,305,,16.139042,1.1380041914504577,0.6303467545907999,11.7642607086199,11.835971467993659,0.05492918366809797,34.54508415646787,1.366096705701377,0.9928308805511383,0.669737712686298,0.6811423847658666,2.187469680014347,137.56843943933484,-22.449452949125316,-0.7529199677804334,0.3796492527240929,0.6119931741072593,-0.5929667490795094,-0.3601683415268998
11300,770,OK,273,291,,14.989584,1.354952469406986,0.6752585960296378,14.23383431434625,14.314115748243927,0.06534495091259354,31.298827522549097,1.7638068167589203,1.2174612441816959,0.8320221025107386,0.9821641706274451,2.8516480611483153,139.85466425768834,-21.535612647160683,-0.38668965427123575,0.3786204236450665,0.6170153116596783,-0.5887132827073406,-0.3596600488520896
11300,780,OK,272,284,,14.227307,1.5780909669172551,0.7797772457650711,16.187858099942424,16.283278954705356,0.08294355698725914,28.02524346598282,2.89171288786213,1.381587222892827,1.0424690266938308,2.0876103442324663,3.2061613620844023,141.40200214729617,-20.16717146101049,-0.24061614379465324,0.3745610165930629,0.6224271020434894,-0.5902960781060045,-0.3519077828965778
11300,740,OK,209,289,,16.046066,1.4170822719763376,0.7645228634739039,11.880570280974666,11.989185442535387,0.06267876980649044,40.86604033668584,1.3196180044594372,0.9159858134600638,0.5573377863070776,0.7792004640586256,3.1131123733982973,137.57102726677533,-22.066405564701554,-0.4864230573371144,0.37531532480847785,0.615921087038687,-0.5919206940776061,-0.35973533803016083
11300,720,OK,199,296,,22.208973,1.3273296464046345,0.85695859712497,10.270283735165933,10.391097633466108,0.06916732955922321,46.86056087954401,1.2971498019118424,0.8140122560034275,0.5031419461205977,0.7216982309560733,2.708887029428238,135.8012067168561,-21.929385634715793,-0.8702736255058744,0.3658074767285902,0.6187306532276177,-0.5930458616638765,-0.36284139054046455
11320,800,OK,482,482,,8.42201,0.5048383074054329,0.8723218962981342,8.880602694689877,8.93761217710403,0.12036648709001087,15.929014457656,2.9390873064734757,1.7577225703752144,1.087684846784596,1.9812569103351247,2.9827775687258966,129.67145593601364,-25.598978420484997,-0.346129296852311,0.39270187876756063,0.6323251454434035,-0.5702538572989089,-0.34750637848552146
11320,790,OK,466,469,,9.0205555,0.5752471960748138,0.8133087717330051,8.591835849287676,8.64939441555735,0.09523175618804029,19.220178555268184,2.2925454292349032,1.4991403148151414,0.9111867753169256,1.3116235755867418,3.1608203070618166,129.5721991934016,-26.017207758646425,-0.5738730259934237,0.39083699213339657,0.6250068360660027,-0.5724771691540552,-0.35900249476604384
11320,780,OK,457,463,,10.467961,0.7135170974346519,0.9587571241232619,10.209312562615185,10.279026455485019,0.08513954445100691,22.514841575608433,2.3419021115152727,1.3207562630772527,0.9468890207940412,1.5173947743250178,3.3982699022456284,131.11965413310816,-25.46951996428561,-0.5771217986535212,0.39129087888795194,0.6212575970246069,-0.5745140688508552,-0.3617513385334466
11320,730,OK,334,381,,15.166811,0.4959011099115247,0.811992486216555,7.030083314250568,7.0941751538701014,0.05396760675155271,38.41448342925285,0.9706894297358952,0.7022652208704785,0.43863262148397664,0.3427730104186284,2.341912261801007,128.19091966277955,-26.645499777312985,-1.0090221466349147,0.3853496577110481,0.6114521174786457,-0.5805974880883517,-0.3748846571391722
11320,760,OK,354,369,,11.462429,0.567952661095597,0.8917529192485095,8.181556362564564,8.249585323399868,0.06687835950112102,29.03583703225614,1.3702696930198957,1.0511011215524877,0.6574146037376618,0.5412767376728196,2.862917083285585,129.34544403472495,-26.484067790297658,-0.6844617142298091,0.39394044265193523,0.6138352610459316,-0.5770943106415954,-0.3673953681866066
11320,750,OK,332,334,,14.854685,0.778750506044485,0.8692785118268406,12.7708606600158,12.82407811420874,0.055443287648137295,32.238369072125586,1.7495880707119138,1.2702398145394662,0.822779717855509,0.9903339943463223,3.438662885703447,133.86623542707,-25.4608540162167,-0.7622232509700184,0.39335140287060516,0.6091706454601679,-0.5749974003106291,-0.37889812378182586
11320,770,OK,345,348,,11.314208,0.4393650583978441,0.7597950347567016,11.243451502126028,11.277656309271086,0.06606485586461627,25.789133611488786,1.6893837384198964,1.2474171028463568,0.8178369548443809,0.8734283904269318,3.218534920567698,132.53812124455877,-26.38952138977013,-0.5969637554573658,0.40413967207643325,0.6068314099188219,-0.5702146537579146,-0.37852610746107
11320,740,OK,300,324,,12.788944,0.8466280311876311,0.9110623179860787,9.420605459103598,9.502348172243497,0.06636760529869859,35.35735154138035,1.2269782775055864,0.9128052805856913,0.5529843836986466,0.5184647334399357,3.2628324032529332,130.35282151282092,-25.591893183004288,-0.5117287245331451,0.3879695497143716,0.6151369026703365,-0.5805972136638755,-0.36605067265792124
11320,720,OK,298,327,,19.383629,0.842927271048604,0.7065930830874543,9.716295072712441,9.778353138916621,0.06052420002022352,41.35225310284889,1.182322965568839,0.9024964009791061,0.5551490496995282,0.45354856969879975,3.171067503716445,130.24763055473773,-24.447116613977407,-1.3676423435146625,0.37499012595598075,0.6121445830538927,-0.5904992672863029,-0.36874385446761376
11320,700,OK,211,278,,24.890713,2.2137129502506334,1.2029685464714386,17.3605697308521,17.542435399045512,0.08953642284669687,46.925602723149844,2.4890719502232113,1.1424867572042332,0.6918730302162781,2.107352760715921,3.118529871464567,136.87856544385363,-20.170659712241005,-0.7391113871412842,0.3708995772226535,0.618925139490548,-0.5949041528819546,-0.35419517812424683
11340,760,OK,505,510,,10.200896,0.09398780538079055,0.7919139034784703,5.725603085609038,5.7808729472302485,0.075093602635169,22.82805860221005,1.3488412918510047,1.033446946287048,0.6295550790548248,0.6269669554346069,2.6889708705600177,121.46955923404425,-30.30687731972232,-1.0626863732709522,0.4079148979178939,0.6035506726736767,-0.5637307672140994,-0.3892809315494266
11340,750,OK,415,435,,11.074283,0.5698168503818826,0.6534187477727822,8.85431045904911,8.89665448402637,0.0630480512166722,26.030722474450563,1.4933685863705448,1.1338870280263837,0.738342912339875,0.6626146133681252,3.2226557562502105,124.1209949288137,-28.33756540649307,-1.0339346111408385,0.39332788802379265,0.6068734602389578,-0.5785942012479249,-0.3771293227032509
11340,770,OK,429,430,,9.395975,0.39157025219189223,0.8493772520645009,7.9111338637868265,7.966229220244729,0.09744922507224921,19.581176099881265,1.7301307832539887,1.202838613590748,0.8120029363825234,1.0167212349683226,3.160552290517202,123.29287705995313,-28.924795948904457,-0.5212816776307272,0.4055544524854724,0.6151662436556979,-0.5666518937886297,-0.36878409673073864
11340,780,OK,425,425,,8.481676,0.30471863856606607,0.6382502135120338,8.928906659318052,8.956873947675716,0.08479595673972903,16.306700696167308,2.7694348908958126,1.4216094734946818,1.0959325244862606,1.7998977217743262,3.4925264061621473,124.33120224058176,-28.797109342685566,-0.8226634499228027,0.40547257427147027,0.6106567931887168,-0.5665537182054953,-0.3764401105536814
11340,740,OK,393,413,,11.012796,0.5345038435863614,0.6562524929649125,7.861952766146668,7.9073802861916604,0.06709616701957975,29.149814223143522,1.175313884539763,0.8791753603037931,0.5204115057141934,0.4328003423855229,3.1678734036230463,123.18725475220691,-28.699335704810544,-0.7468521819624655,0.3937569911267954,0.6085244391171856,-0.5761167969557979,-0.3778132808693727
11340,730,OK,346,408,,12.292662,0.5540805581702652,0.7020397350643128,7.503071039583688,7.556185550897416,0.06427171012106668,32.20700019142073,1.109632565758515,0.7900083713669841,0.5088850406925056,0.4801434419941053,2.419656576283729,122.72257705783406,-28.447334786147078,-0.9715036267758562,0.38910955086683174,0.6079913780217884,-0.5802457713492963,-0.3771671864129214
11340,720,OK,300,361,,16.665943,1.519133421493664,0.9059979399630085,13.343814373180827,13.46053418870973,0.10048847010555495,35.1449262699666,1.910561554543241,1.1076006969582544,0.7364119792600103,1.1509453458035646,3.4661066736727277,127.58171105388996,-24.745589671092944,-0.5123853560842122,0.37629225055040605,0.6182900496717871,-0.5872262543734359,-0.3623353182165854
11340,710,OK,293,355,,18.842716,1.3781720192881033,0.8616146832972356,14.941728893690602,15.029870269226233,0.08988532780577776,37.99293304535768,2.0389570473651655,0.9929662956961347,0.7598880173107083,1.4158165677505146,3.2754097745512527,128.98515992870443,-23.941727948762043,-0.7177465603996152,0.3780285502409139,0.6133373326496864,-0.5902458914111454,-0.36403505223148963
11340,700,OK,283,345,,18.536373,1.9166481279968464,0.9532691911678605,18.262040882921276,18.387071528845254,0.10030068015818897,40.719209534967405,2.7949614588695364,1.1578453744177932,0.8517939156231713,2.324082653078892,3.4245095979204705,131.8166004735631,-21.971777928304906,-0.83607826493835,0.37193286532027325,0.6152303619751848,-0.5935735670486705,-0.36170148727873913
11340,790,OK,289,289,,6.8849936,0.34132757453427404,0.5411855081265631,5.259489256258551,5.298265140972353,0.10632719541179905,13.012337948925884,2.314079791047371,1.5225705337666302,0.9364704709680134,1.2651392020100491,3.133502173262604,121.1330496726984,-30.789349273381003,-1.3029134723208595,0.41876389579045425,0.6011044941704621,-0.5492251751615511,-0.40207200056611503
11360,730,OK,519,555,,11.5245,0.7004734577017928,0.7273636610219841,6.534148529527112,6.611718231007831,0.08977637940291336,25.373864972674987,1.3633082976201174,0.8844506848825093,0.5524231017352996,0.8875962839282763,1.5880617680723847,115.22516041519592,-30.66133577120821,-1.1661007920822382,0.38508505041459845,0.6144504600134348,-0.5802733099068119,-0.3707330872019082
11360,740,OK,567,578,,9.699869,0.5163190694741333,0.8383039913213985,6.749494775663688,6.820925061168715,0.10025405528302886,22.316644286738597,1.3344117594871037,0.9421371455382317,0.5471921595896656,0.7480146139312231,2.5949094134745123,115.68470792662113,-31.352494941814037,-0.5594863800235361,0.39660982729838723,0.619677379090403,-0.5638551004430974,-0.3751906401261857
11360,750,OK,547,559,,8.509012,0.49954098779173906,0.8108205073386682,5.678196127941682,5.757506609720634,0.10507450624994484,19.197574538087355,1.3442502678831738,0.9708179324609045,0.6121772930141514,0.6417064603756253,2.272553156961023,114.68181428075974,-31.70482871432349,-0.8121694450001401,0.39640230302417845,0.6210541147147458,-0.5652870229671846,-0.3709549600934168
11360,760,OK,423,424,,8.167799,0.13528911666982213,0.7895578647068678,4.394714069827691,4.46712620398744,0.0951550012291962,15.995008729274916,1.3645307909501139,0.9340776993117093,0.5883249953221754,0.894122795681298,1.6306698724191837,113.62179222208394,-32.545259023854335,-1.178179795530965,0.40701180848804097,0.614222792396119,-0.561560085500653,-0.37645985101323604
11360,720,OK,436,470,,13.054647,0.9979679966490447,0.7612779545478536,12.37931101112504,12.442782058550167,0.08664767395943014,28.31182004391011,2.275992362438366,1.240324894614965,0.7429876375858138,1.6392804661266869,2.7854241931122625,120.54772754524492,-28.203544330876383,-0.9928865075724046,0.3834315158134429,0.6128701696349695,-0.5823491995747171,-0.3718061828524309
11360,710,OK,352,404,,13.376591,0.827465041606215,0.8592350681646678,13.535961360197035,13.588422765067016,0.07596837793934882,31.159872309318448,2.384716063905972,1.1521942990114848,0.7879397349160586,1.900417941068815,2.163687453359103,121.6562593378107,-27.857729740303274,-0.9424656492113419,0.388392386476821,0.6091714831984604,-0.5815845083700288,-0.37392635345562264
11360,690,OK,299,374,,17.44293,1.5674838619808256,1.146227300848715,23.895899868884463,23.97467149361037,0.07593181660111528,36.46324701629109,4.143431526046322,1.5731583680683325,1.1042402735189625,3.6005876890941537,2.319522010474416,131.23216815248972,-23.74962518440673,-0.7172694425658891,0.38696486543894515,0.6087169061427894,-0.5831496789705775,-0.37370894156854517
11360,700,OK,351,405,,16.898964,1.4011533929474578,1.053922485012408,17.99504510328382,18.08025529975177,0.09354391820308113,33.886324997691005,3.384447747699263,1.3374790274606374,0.9522910627198511,2.921499047153106,2.1558712649727916,125.4148629247712,-25.14407067342953,-1.0058402313938275,0.3828306867335772,0.610879620492062,-0.5895112705297678,-0.36433942482381854
11360,680,OK,258,325,,18.36852,1.7832837109869852,0.8979019480386303,20.322190741286818,20.420033428655465,0.07806624600095713,38.912502265978176,3.208633893107394,1.3523185016287886,0.922856915738264,2.740062497478356,2.04669972125915,127.79938167549776,-24.649212659259888,-1.3671651104911873,0.38124220484954996,0.6062523513906485,-0.5902703822156279,-0.3724155522447741
11360,670,OK,216,279,,20.052235,1.7701028879064875,1.0325568329946482,18.154085996397747,18.26938083821517,0.07551445232170238,41.217328182796365,2.932393806402562,1.1648859817567998,0.7576798699727654,2.629349906523145,2.6505147302402157,125.96378305653198,-25.864915546273654,-0.9108673648638519,0.38613288232514625,0.6070951578621244,-0.5862848086055535,-0.37229959667717416
11380,720,OK,489,490,,10.3992815,0.13961324531155606,0.5492892001197759,8.128239133702209,8.14797409779159,0.06237839276706386,21.025017062585416,2.3364309308045703,1.0177234647480113,0.6279434070748295,1.9064803794723382,2.9203997180970074,110.29613250745894,-33.83008038212554,-1.253590177539251,0.3947892582006716,0.6038307420792257,-0.5641605449179549,-0.40156289182056054
11380,700,OK,470,482,,12.898242,0.5166758639015241,0.47014975192445474,12.170914638585959,12.190945733507265,0.05321777518816605,26.599359547681843,3.342236588819493,0.9695754482589036,0.7119857505396197,3.06622831409425,2.2355177803061794,113.80240141033897,-31.571728609892645,-1.4626328464804326,0.3873841123547994,0.6002105535495499,-0.5798398884280056,-0.39174806277839425
11380,710,OK,454,464,,11.807255,0.685820474807768,0.4274417476770702,9.337336447915309,9.372241360149154,0.07968899738128558,23.87289000142874,2.4224831848902753,1.0533102293573675,0.7113881547639203,2.0127419893171314,2.4697234734424285,110.92124230455768,-31.97629443054207,-1.5146592499838676,0.3772251904183953,0.607585151560169,-0.5844395810152477,-0.38336903299579833
11380,690,OK,397,424,,16.027952,1.0875641541214534,0.7277203306173532,18.62457571814037,18.67048990652542,0.06981921586229836,29.176713215804497,4.540493491569403,1.6143958354673607,1.105914547212132,4.031645862600481,2.807013005621543,119.64423612022262,-28.685193182237242,-1.240625825502854,0.3836468420433871,0.604851404397543,-0.5819448710676439,-0.3851104338063555
11380,730,OK,311,315,,9.565638,0.2013892148659202,0.5925329026996149,2.939243525449168,3.005129840546128,0.0722805813789847,18.087146029424595,1.046151981305084,0.6132001011105643,0.38243393850183116,0.7279962148672947,1.6627091464128263,105.28852504144491,-35.208563556154644,-1.6081058522104823,0.3895595358615229,0.6084398265973795,-0.5713780006225235,-0.3893218794700769
11380,680,OK,321,346,,18.031166,1.2182699889835673,0.4194344714208423,17.3334424312848,17.38126386545404,0.06098005247026401,31.626879340636727,3.633223389627937,1.2409628549515512,0.863414689684787,3.2891043016245605,2.3808971985616845,118.60339244370823,-29.5115542081671,-1.5083140286976047,0.37760362392488284,0.6037079220008642,-0.5804079880990555,-0.3950681149662686
11380,670,OK,211,234,,18.391651,1.1137233067328434,0.46822684770226236,15.346946886479259,15.39442739179618,0.051561199099582684,33.932783950933505,3.5130244982466508,1.0509144525893381,0.671128460721425,3.3088588215433496,3.143005369614208,116.97013717608502,-30.83325668099447,-1.4418741894727258,0.38199061831704695,0.6016370589301632,-0.5763678910400807,-0.39989507501047483
11380,640,OK,172,230,,21.650232,0.9516988975000524,0.425642803694599,11.285131762770064,11.333185849130048,0.04605621852238116,40.2595377085713,2.285719221631431,0.5052479058700265,0.2677663826034744,2.118474489986118,2.1732160164289898,113.13020274975656,-32.09915867159625,-1.5852676332976712,0.38178481659082913,0.5991360706757707,-0.5785748397965678,-0.40065880420911876
11380,660,OK,155,205,,18.252144,1.8007292476705814,0.7492082337866766,17.339677412767436,17.44902150780459,0.0867407721152786,36.145573498040925,3.8891710794951013,1.0676863868088073,0.7078972230814033,3.6124568319390558,1.874762381621908,118.43740766279113,-28.872691883427542,-0.8508562385162547,0.3733135959157437,0.6133416419540958,-0.5779729211155524,-0.38780960767709977
11380,630,OK,143,218,,23.550793,1.4082515476409125,0.5997778564516273,14.057752912229276,14.140838830840744,0.07854617744917473,42.20714196775793,1.931776295975057,0.6625811703367885,0.37678313793271434,1.7659355988673768,3.3381926576520256,115.14219977729265,-29.26386363282573,-1.2822660937298354,0.3768922012270195,0.6046538858045978,-0.5885461930028408,-0.3820462350783152
11400,700,OK,436,437,,10.739947,0.2683794245046408,0.7247713138053977,10.04016869264446,10.069871317428571,0.07841796412737394,19.046422707692283,3.364973922034963,1.2541831802629386,0.9063129175968836,2.918339488574537,2.975155273505839,104.72328529382789,-34.989860944267754,-1.0607344966219294,0.3985586885687125,0.6060261683484216,-0.5726488452704441,-0.38204260895055364
11400,690,OK,382,383,,14.122335,0.8045636892032937,0.8423032942975655,14.747363230689299,14.793293069072067,0.07874124597209409,21.623539447479473,4.742812099032493,1.6828033881523454,1.1605144669683503,4.1830472813738915,3.2812828208434146,109.09336073602071,-33.13688536522915,-1.031578624797021,0.3893919933516338,0.6091273541485867,-0.5744560687771655,-0.3838462804127039
11400,710,OK,359,359,,9.452239,0.6809359370263532,0.466663751356912,6.811481820509957,6.861321548965775,0.10169959043124205,16.320816320528177,2.8621534101610644,1.230236965352342,0.8345679278888456,2.3599309797761334,3.0420623149991792,101.50505349147787,-35.56092606811758,-1.5977780540404443,0.37615484070577493,0.6128000482572368,-0.5866132354112406,-0.3726507060370313
11400,680,OK,314,329,,14.271838,0.9877420508643606,0.40975175154283705,14.15345479159863,14.193794890541584,0.059681340438071176,24.0742577040648,3.617605109078003,1.4882416619179026,0.9869771733902468,3.1649586527572744,3.015587708530511,108.60280474857706,-33.433494295511096,-1.5412378134846518,0.38244884694639397,0.6021694786434549,-0.5815964583586397,-0.3909863911753589
11400,640,FAILED,178,196,,,,,,,,,,,,,,,,,,,,
11400,630,OK,198,207,,18.721682,1.7945817545573703,0.8877489990000351,9.591227867366015,9.797972951725995,0.13681163237784275,34.662469306350175,1.8327174913583724,0.6649287650792228,0.4255320215603859,1.6152806637834383,3.496635174959785,103.45322270104316,-32.08353199130481,-1.235444023792371,0.3668371102907185,0.6154690975118078,-0.5991834375841835,-0.35722196551493995
11400,670,FAILED,124,140,,,,,,,,,,,,,,,,,,,,
11400,620,FAILED,115,134,,,,,,,,,,,,,,,,,,,,
11400,650,FAILED,125,134,,,,,,,,,,,,,,,,,,,,
11400,660,FAILED,108,121,,,,,,,,,,,,,,,,,,,,
11420,690,OK,406,410,,10.1077385,0.6751196139660429,0.5637396910754452,9.977170178993493,10.015863103749599,0.060357542829370656,14.048600641077513,4.989536578596084,1.7216231994893787,1.2057232121763848,4.526315360126216,2.0674157607208055,97.77398881428918,-38.081962927382456,-1.6664345124539621,0.3906582728561701,0.6054823711630976,-0.5745915606304902,-0.38810018102542104
11420,680,OK,342,346,,11.4256115,1.0349821053630857,0.5516624628529334,10.078104510843534,10.146117975010322,0.0667531179018763,16.50150265316072,4.472450008208915,1.4531432474540806,0.9629547035162724,4.114591206828748,1.8623950466826322,97.94224049932049,-38.15488883170627,-1.562527604348798,0.38503864063635895,0.6091714811499502,-0.5731090814490686,-0.39012989187075303
11420,640,OK,338,347,,14.181711,1.3121197837062457,0.551465809750056,8.71488027654263,8.830340372861533,0.0667194082533193,25.146419312885385,2.9903191462333267,0.7944253693839973,0.4413874832516522,2.7663421393651038,1.593444353721467,96.55851382353981,-38.08399680071281,-1.5844915982219163,0.3807513668209496,0.6066357891442004,-0.582680032135953,-0.38406431250952866
11420,650,OK,222,224,,14.976905,1.347588196861437,0.48870694539118226,9.320273202112624,9.429863253982665,0.09371370536424532,23.136469964488352,2.956525775563757,1.3396576518439738,0.6696435956245691,2.5952129410086933,2.023788447592892,96.82336410231754,-37.019893265597574,-1.4587669766469564,0.3745664176137294,0.6115689914343116,-0.5894784433713615,-0.37175063189255353
11420,710,FAILED,169,171,,,,,,,,,,,,,,,,,,,,
11420,620,FAILED,130,148,,,,,,,,,,,,,,,,,,,,
11420,630,OK,214,219,,15.344079,1.0848754631089221,0.459879744027924,9.353484777713174,9.427413305691813,0.0679634562089616,27.105113759838968,2.223569370607511,0.7882572525911606,0.4598616564770923,1.9909020939510036,2.7445116671219894,96.960026975983,-37.26153356574866,-1.7350285900166735,0.37676693526298066,0.6053535885249224,-0.5867209675541235,-0.38386484025616735
11420,670,FAILED,103,103,,,,,,,,,,,,,,,,,,,,
11420,700,FAILED,86,86,,,,,,,,,,,,,,,,,,,,
11420,610,FAILED,83,93,,,,,,,,,,,,,,,,,,,,
11440,610,OK,428,450,,12.712189,1.6631941689845684,0.2947975413969111,6.64666863488905,6.857938784808144,0.11644744820834377,23.675921238431467,2.042790229449182,0.7402256571963804,0.4354560274409107,1.817528395931535,3.0560342790632,87.67466126006896,-40.06504426665498,-1.6606264332388114,0.3627061076908612,0.6104486336348539,-0.5970151261331403,-0.37332249370392345
11440,630,OK,223,225,,9.864113,1.0396941085665055,0.347921111610124,7.676311935096198,7.754210331438802,0.11585278604615086,19.77509214206933,2.4832407222054256,0.886707680892209,0.6516441994255295,2.15335928599516,2.5392477760398613,88.24550063787,-39.560031166760076,-1.843064702699632,0.3675672427183018,0.6060534779606159,-0.6006393236020019,-0.3698998606045098
11440,620,FAILED,143,146,,,,,,,,,,,,,,,,,,,,
11440,690,FAILED,77,84,,,,,,,,,,,,,,,,,,,,
11440,700,FAILED,80,82,,,,,,,,,,,,,,,,,,,,
11440,990,FAILED,55,83,,,,,,,,,,,,,,,,,,,,
11440,680,FAILED,106,108,,,,,,,,,,,,,,,,,,,,
11440,640,FAILED,107,107,,,,,,,,,,,,,,,,,,,,
11440,650,FAILED,71,71,,,,,,,,,,,,,,,,,,,,
11440,660,FAILED,57,57,,,,,,,,,,,,,,,,,,,,
11460,610,OK,366,367,,9.204293,0.7218293894020995,0.49627190316860986,3.503579596098124,3.6114254049439114,0.2003012397624212,16.87991524964957,1.6866822500889147,0.9882947544004065,0.6390539408087723,0.8435972571837627,3.5183194834012688,77.80787877250242,-42.013980501749046,-1.8696096976662835,0.3463705834648903,0.6271279780020781,-0.6020557928870502,-0.3525148796410752
11460,620,FAILED,137,139,,,,,,,,,,,,,,,,,,,,
11460,710,FAILED,128,132,,,,,,,,,,,,,,,,,,,,
11460,700,FAILED,74,74,,,,,,,,,,,,,,,,,,,,
11460,630,FAILED,57,57,,,,,,,,,,,,,,,,,,,,
11460,690,FAILED,45,47,,,,,,,,,,,,,,,,,,,,
11460,680,FAILED,44,44,,,,,,,,,,,,,,,,,,,,
11460,670,FAILED,41,41,,,,,,,,,,,,,,,,,,,,
11460,720,FAILED,38,40,,,,,,,,,,,,,,,,,,,,
11460,820,FAILED,40,40,,,,,,,,,,,,,,,,,,,,
11480,630,FAILED,56,56,,,,,,,,,,,,,,,,,,,,
11480,620,FAILED,79,82,,,,,,,,,,,,,,,,,,,,
11480,690,FAILED,53,54,,,,,,,,,,,,,,,,,,,,
11480,670,FAILED,49,49,,,,,,,,,,,,,,,,,,,,
11480,610,FAILED,66,66,,,,,,,,,,,,,,,,,,,,
11480,640,FAILED,37,37,,,,,,,,,,,,,,,,,,,,
11480,660,FAILED,31,36,,,,,,,,,,,,,,,,,,,,
11480,680,FAILED,74,75,,,,,,,,,,,,,,,,,,,,
11480,920,FAILED,79,79,,,,,,,,,,,,,,,,,,,,
11480,800,FAILED,27,27,,,,,,,,,,,,,,,,,,,,
